diagnostic_label,sentence_index,phase,step,selection,selected_event_count,distinct_creation_transitions,maximum_same_origin_events,provenance_coherent_fraction,branch_entropy,source_coherence,minimum_source_jaccard,matches_historical_winner_set,raw_predicted_columns,burst_columns,burst_cells,active_cells_after_observe,winners_after_observe,beam_width,lambda_coherence,lambda_support,decoded_correct,expected_word_present,propagated_columns
nonpaper diagnostic,1,cue,1,raw,3,1,3,0.3,0.0,0.24591953073014017,0.16129032258064516,False,82,7,63,73,10,,,,,,
nonpaper diagnostic,1,cue,2,raw,0,0,0,0.0,0.0,0.0,0.0,False,94,10,91,100,10,,,,,,
nonpaper diagnostic,1,cue,3,raw,5,1,5,0.5,0.0,0.8105263157894737,0.5263157894736842,False,32,5,48,55,10,,,,,,
nonpaper diagnostic,1,cue,4,raw,5,1,5,0.5,0.0,1.0,1.0,False,55,5,46,55,10,,,,,,
nonpaper diagnostic,1,cue,5,raw,3,2,2,0.2,0.9182958340544894,0.33879781420765026,0.00819672131147541,False,48,7,66,73,10,,,,,,
nonpaper diagnostic,1,suffix,1,raw,10,8,2,0.2,0.9739760316291209,0.10699500947248632,0.0,False,86,,,,,1,0.0,0.0,False,True,86
nonpaper diagnostic,1,suffix,2,raw,10,5,4,0.4,0.9138646883853215,0.18598795860761383,0.0,False,51,,,,,1,0.0,0.0,False,False,51
nonpaper diagnostic,1,suffix,3,raw,9,7,2,0.2,0.9708357627258161,0.4444444444444444,0.0,False,58,,,,,1,0.0,0.0,False,False,58
nonpaper diagnostic,1,suffix,4,raw,9,6,4,0.4,0.8824252235446577,0.23585060887207077,0.0,False,30,,,,,1,0.0,0.0,False,False,30
nonpaper diagnostic,2,cue,1,raw,1,1,1,0.1,0.0,0.0,0.0,False,84,9,82,91,10,,,,,,
nonpaper diagnostic,2,cue,2,raw,5,1,5,0.5,0.0,1.0,1.0,False,77,5,45,55,10,,,,,,
nonpaper diagnostic,2,cue,3,raw,7,1,7,0.7,0.0,1.0,1.0,False,42,3,27,37,10,,,,,,
nonpaper diagnostic,2,cue,4,raw,3,1,3,0.3,0.0,1.0,1.0,False,40,7,65,73,10,,,,,,
nonpaper diagnostic,2,cue,5,raw,5,2,4,0.4,0.7219280948873623,0.6177777777777778,0.044444444444444446,False,60,5,45,55,10,,,,,,
nonpaper diagnostic,2,suffix,1,raw,10,6,4,0.4,0.8982444017039272,0.22708112213139592,0.0,False,77,,,,,1,0.0,0.0,False,False,77
nonpaper diagnostic,2,suffix,2,raw,10,5,6,0.6,0.7627069065377661,0.3352733187806145,0.0,False,58,,,,,1,0.0,0.0,False,True,58
nonpaper diagnostic,2,suffix,3,raw,10,2,9,0.9,0.46899559358928117,0.8,0.0,False,39,,,,,1,0.0,0.0,False,False,39
nonpaper diagnostic,2,suffix,4,raw,9,2,7,0.7,0.7642045065086203,0.5987654320987654,0.0,False,32,,,,,1,0.0,0.0,False,False,32
nonpaper diagnostic,3,cue,1,raw,6,1,6,0.6,0.0,1.0,1.0,False,56,4,36,46,10,,,,,,
nonpaper diagnostic,3,cue,2,raw,9,1,9,0.9,0.0,1.0,1.0,False,12,1,10,19,10,,,,,,
nonpaper diagnostic,3,cue,3,raw,8,1,8,0.8,0.0,1.0,1.0,False,8,2,20,28,10,,,,,,
nonpaper diagnostic,3,cue,4,raw,8,1,8,0.8,0.0,0.6071428571428571,0.3333333333333333,False,17,2,20,28,10,,,,,,
nonpaper diagnostic,3,cue,5,raw,6,2,5,0.5,0.6500224216483541,0.6666666666666666,0.0,False,33,4,39,46,10,,,,,,
nonpaper diagnostic,3,suffix,1,raw,10,5,3,0.3,0.9674887648835618,0.14236551656579605,0.0,False,27,,,,,1,0.0,0.0,True,True,27
nonpaper diagnostic,3,suffix,2,raw,8,3,4,0.4,0.946394630357186,0.2736613876319759,0.0,False,12,,,,,1,0.0,0.0,True,True,12
nonpaper diagnostic,3,suffix,3,raw,1,1,1,0.1,0.0,0.0,0.0,False,1,,,,,1,0.0,0.0,False,False,1
nonpaper diagnostic,4,cue,1,raw,6,3,4,0.4,0.7896900821428474,0.45168542402584955,0.017857142857142856,False,37,4,37,46,10,,,,,,
nonpaper diagnostic,4,cue,2,raw,3,1,3,0.3,0.0,0.6842105263157894,0.5263157894736842,False,86,7,63,73,10,,,,,,
nonpaper diagnostic,4,cue,3,raw,7,1,7,0.7,0.0,1.0,1.0,False,25,3,28,37,10,,,,,,
nonpaper diagnostic,4,cue,4,raw,9,1,9,0.9,0.0,1.0,1.0,False,49,1,10,19,10,,,,,,
nonpaper diagnostic,4,cue,5,raw,7,1,7,0.7,0.0,1.0,1.0,False,12,3,29,37,10,,,,,,
nonpaper diagnostic,4,suffix,1,raw,9,6,3,0.3,0.935944697445866,0.14498770137084674,0.0,False,23,,,,,1,0.0,0.0,False,True,23
nonpaper diagnostic,4,suffix,2,raw,6,1,6,0.6,0.0,1.0,1.0,False,6,,,,,1,0.0,0.0,False,False,6
nonpaper diagnostic,4,suffix,3,raw,9,1,9,0.9,0.0,1.0,1.0,False,9,,,,,1,0.0,0.0,False,False,9
nonpaper diagnostic,4,suffix,4,raw,9,1,9,0.9,0.0,0.736842105263158,0.5263157894736842,False,9,,,,,1,0.0,0.0,False,False,9
nonpaper diagnostic,5,cue,1,raw,10,1,10,1.0,0.0,0.9,0.5,True,43,0,0,10,10,,,,,,
nonpaper diagnostic,5,cue,2,raw,10,1,10,1.0,0.0,1.0,1.0,True,10,0,0,10,10,,,,,,
nonpaper diagnostic,5,cue,3,raw,10,1,10,1.0,0.0,0.3414618519787825,0.06896551724137931,True,31,0,0,10,10,,,,,,
nonpaper diagnostic,5,cue,4,raw,3,1,3,0.3,0.0,0.5145969498910675,0.4,False,58,7,63,73,10,,,,,,
nonpaper diagnostic,5,cue,5,raw,5,1,5,0.5,0.0,1.0,1.0,False,70,5,46,55,10,,,,,,
nonpaper diagnostic,5,suffix,1,raw,9,2,8,0.8,0.5032583347756457,0.782716049382716,0.022222222222222223,False,13,,,,,1,0.0,0.0,True,True,13
nonpaper diagnostic,5,suffix,2,raw,9,1,9,0.9,0.0,1.0,1.0,False,9,,,,,1,0.0,0.0,True,True,9
nonpaper diagnostic,5,suffix,3,raw,9,1,9,0.9,0.0,1.0,1.0,False,9,,,,,1,0.0,0.0,False,False,9
nonpaper diagnostic,5,suffix,4,raw,9,1,9,0.9,0.0,1.0,1.0,False,9,,,,,1,0.0,0.0,False,False,9
nonpaper diagnostic,6,cue,1,raw,2,1,2,0.2,0.0,1.0,1.0,False,84,8,72,82,10,,,,,,
nonpaper diagnostic,6,cue,2,raw,7,2,6,0.6,0.5916727785823274,0.7186813186813187,0.015384615384615385,False,55,3,27,37,10,,,,,,
nonpaper diagnostic,6,cue,3,raw,8,2,7,0.7,0.5435644431995964,0.75,0.0,False,32,2,20,28,10,,,,,,
nonpaper diagnostic,6,cue,4,raw,9,1,9,0.9,0.0,1.0,1.0,False,11,1,10,19,10,,,,,,
nonpaper diagnostic,6,cue,5,raw,7,1,7,0.7,0.0,1.0,1.0,False,12,3,30,37,10,,,,,,
nonpaper diagnostic,6,suffix,1,raw,10,4,5,0.5,0.8804820237218407,0.32894947899841537,0.0,False,41,,,,,1,0.0,0.0,True,True,41
nonpaper diagnostic,6,suffix,2,raw,9,4,5,0.5,0.8288713632524444,0.2833429418557551,0.0,False,57,,,,,1,0.0,0.0,True,True,57
nonpaper diagnostic,6,suffix,3,raw,8,4,2,0.2,1.0,0.15037593984962405,0.0,False,29,,,,,1,0.0,0.0,False,True,29
nonpaper diagnostic,6,suffix,4,raw,8,4,3,0.3,0.9056390622295664,0.6057700509670952,0.3333333333333333,False,23,,,,,1,0.0,0.0,False,False,23
nonpaper diagnostic,7,cue,1,raw,3,1,3,0.3,0.0,1.0,1.0,False,88,7,63,73,10,,,,,,
nonpaper diagnostic,7,cue,2,raw,7,1,7,0.7,0.0,1.0,1.0,False,35,3,29,37,10,,,,,,
nonpaper diagnostic,7,cue,3,raw,8,1,8,0.8,0.0,0.8392857142857143,0.35714285714285715,False,8,2,20,28,10,,,,,,
nonpaper diagnostic,7,cue,4,raw,7,1,7,0.7,0.0,0.7894736842105262,0.2631578947368421,False,48,3,29,37,10,,,,,,
nonpaper diagnostic,7,cue,5,raw,7,2,6,0.6,0.5916727785823274,0.7293233082706767,0.05263157894736842,False,32,3,28,37,10,,,,,,
nonpaper diagnostic,7,suffix,1,raw,10,4,5,0.5,0.8427376486136672,0.3083618710457828,0.0,False,43,,,,,1,0.0,0.0,True,True,43
nonpaper diagnostic,7,suffix,2,raw,10,8,2,0.2,0.9739760316291209,0.4202017455750152,0.0,False,72,,,,,1,0.0,0.0,False,False,72
nonpaper diagnostic,7,suffix,3,raw,9,6,3,0.3,0.935944697445866,0.0970823763732233,0.0,False,50,,,,,1,0.0,0.0,False,True,50
nonpaper diagnostic,7,suffix,4,raw,9,3,6,0.6,0.7725068857142601,0.45436507936507936,0.0,False,43,,,,,1,0.0,0.0,False,False,43
nonpaper diagnostic,8,cue,1,raw,3,1,3,0.3,0.0,0.24591953073014017,0.16129032258064516,False,82,7,63,73,10,,,,,,
nonpaper diagnostic,8,cue,2,raw,2,2,1,0.1,1.0,0.0,0.0,False,94,8,72,82,10,,,,,,
nonpaper diagnostic,8,cue,3,raw,4,1,4,0.4,0.0,1.0,1.0,False,56,6,55,64,10,,,,,,
nonpaper diagnostic,8,cue,4,raw,7,1,7,0.7,0.0,1.0,1.0,False,44,3,28,37,10,,,,,,
nonpaper diagnostic,8,cue,5,raw,3,1,3,0.3,0.0,1.0,1.0,False,34,7,66,73,10,,,,,,
nonpaper diagnostic,8,suffix,1,raw,10,9,2,0.2,0.9848586617875463,0.11366922346647902,0.0,False,97,,,,,1,0.0,0.0,False,False,97
nonpaper diagnostic,8,suffix,2,raw,10,7,4,0.4,0.8983289127685206,0.20489586735279183,0.0,False,74,,,,,1,0.0,0.0,False,True,74
nonpaper diagnostic,8,suffix,3,raw,10,4,4,0.4,0.8609640474436813,0.2719015017046575,0.0,False,58,,,,,1,0.0,0.0,False,True,58
nonpaper diagnostic,8,suffix,4,raw,9,7,3,0.3,0.9409583900892994,0.17734611998967326,0.0,False,73,,,,,1,0.0,0.0,False,False,73
nonpaper diagnostic,9,cue,1,raw,3,1,3,0.3,0.0,0.7619047619047619,0.6428571428571429,False,82,7,63,73,10,,,,,,
nonpaper diagnostic,9,cue,2,raw,7,1,7,0.7,0.0,1.0,1.0,False,19,3,29,37,10,,,,,,
nonpaper diagnostic,9,cue,3,raw,1,1,1,0.1,0.0,0.0,0.0,False,89,9,82,91,10,,,,,,
nonpaper diagnostic,9,cue,4,raw,4,2,3,0.3,0.8112781244591328,0.5045045045045046,0.009009009009009009,False,41,6,58,64,10,,,,,,
nonpaper diagnostic,9,cue,5,raw,1,1,1,0.1,0.0,0.0,0.0,False,97,9,81,91,10,,,,,,
nonpaper diagnostic,9,suffix,1,raw,10,4,6,0.6,0.7854752972273344,0.4550890492346961,0.037037037037037035,False,60,,,,,1,0.0,0.0,False,True,60
nonpaper diagnostic,9,suffix,2,raw,10,7,3,0.3,0.94268071481726,0.11481927491125021,0.0,False,44,,,,,1,0.0,0.0,False,True,44
nonpaper diagnostic,9,suffix,3,raw,10,5,5,0.5,0.8445412464587144,0.2570524744545497,0.0,False,51,,,,,1,0.0,0.0,False,False,51
nonpaper diagnostic,9,suffix,4,raw,9,5,5,0.5,0.809656833416415,0.2923976608187135,0.0,False,31,,,,,1,0.0,0.0,False,False,31
nonpaper diagnostic,10,cue,1,raw,7,1,7,0.7,0.0,0.6031960676991103,0.2777777777777778,False,62,3,27,37,10,,,,,,
nonpaper diagnostic,10,cue,2,raw,8,1,8,0.8,0.0,1.0,1.0,False,39,2,20,28,10,,,,,,
nonpaper diagnostic,10,cue,3,raw,5,2,4,0.4,0.7219280948873623,0.45,0.0,False,48,5,47,55,10,,,,,,
nonpaper diagnostic,10,cue,4,raw,6,1,6,0.6,0.0,1.0,1.0,False,32,4,36,46,10,,,,,,
nonpaper diagnostic,10,cue,5,raw,5,1,5,0.5,0.0,1.0,1.0,False,82,5,45,55,10,,,,,,
nonpaper diagnostic,10,suffix,1,raw,10,5,5,0.5,0.8445412464587144,0.19315985808038572,0.0,False,75,,,,,1,0.0,0.0,False,True,75
nonpaper diagnostic,10,suffix,2,raw,10,5,6,0.6,0.7627069065377661,0.5539094650205761,0.0,False,65,,,,,1,0.0,0.0,False,False,65
nonpaper diagnostic,10,suffix,3,raw,10,5,4,0.4,0.9138646883853215,0.19955207166853303,0.0,False,38,,,,,1,0.0,0.0,False,False,38
nonpaper diagnostic,10,suffix,4,raw,9,3,4,0.4,0.965633607142825,0.2777777777777778,0.0,False,17,,,,,1,0.0,0.0,False,False,17
nonpaper diagnostic,11,cue,1,raw,2,1,2,0.2,0.0,1.0,1.0,False,46,8,74,82,10,,,,,,
nonpaper diagnostic,11,cue,2,raw,4,1,4,0.4,0.0,0.5588235294117647,0.11764705882352941,False,89,6,54,64,10,,,,,,
nonpaper diagnostic,11,cue,3,raw,5,1,5,0.5,0.0,0.8105263157894737,0.5263157894736842,False,82,5,45,55,10,,,,,,
nonpaper diagnostic,11,cue,4,raw,6,1,6,0.6,0.0,1.0,1.0,False,47,4,36,46,10,,,,,,
nonpaper diagnostic,11,cue,5,raw,6,1,6,0.6,0.0,0.762962962962963,0.5555555555555556,False,50,4,39,46,10,,,,,,
nonpaper diagnostic,11,suffix,1,raw,10,6,4,0.4,0.8982444017039272,0.2765736478151291,0.0,False,77,,,,,1,0.0,0.0,False,True,77
nonpaper diagnostic,11,suffix,2,raw,10,5,3,0.3,0.9349775297671233,0.14513650243191933,0.0,False,58,,,,,1,0.0,0.0,False,False,58
nonpaper diagnostic,11,suffix,3,raw,10,6,4,0.4,0.8982444017039272,0.16722014978697872,0.0,False,44,,,,,1,0.0,0.0,False,False,44
nonpaper diagnostic,11,suffix,4,raw,10,6,3,0.3,0.9464119282150146,0.1501844649939024,0.0,False,43,,,,,1,0.0,0.0,False,False,43
nonpaper diagnostic,12,cue,1,raw,6,1,6,0.6,0.0,1.0,1.0,False,55,4,39,46,10,,,,,,
nonpaper diagnostic,12,cue,2,raw,4,1,4,0.4,0.0,1.0,1.0,False,11,6,60,64,10,,,,,,
nonpaper diagnostic,12,cue,3,raw,1,1,1,0.1,0.0,0.0,0.0,False,97,9,81,91,10,,,,,,
nonpaper diagnostic,12,cue,4,raw,8,1,8,0.8,0.0,1.0,1.0,False,57,2,18,28,10,,,,,,
nonpaper diagnostic,12,cue,5,raw,6,1,6,0.6,0.0,1.0,1.0,False,17,4,40,46,10,,,,,,
nonpaper diagnostic,12,suffix,1,raw,10,7,4,0.4,0.8983289127685206,0.2031039448795452,0.0,False,77,,,,,1,0.0,0.0,True,True,77
nonpaper diagnostic,12,suffix,2,raw,10,6,4,0.4,0.8982444017039272,0.19459413872669235,0.0,False,65,,,,,1,0.0,0.0,False,False,65
nonpaper diagnostic,12,suffix,3,raw,10,4,5,0.5,0.8804820237218407,0.33505319048209636,0.13986013986013987,False,72,,,,,1,0.0,0.0,False,False,72
nonpaper diagnostic,12,suffix,4,raw,10,5,4,0.4,0.9138646883853215,0.18142509916230898,0.0,False,84,,,,,1,0.0,0.0,False,False,84
nonpaper diagnostic,13,cue,1,raw,5,1,5,0.5,0.0,0.7333333333333333,0.3333333333333333,False,88,5,46,55,10,,,,,,
nonpaper diagnostic,13,cue,2,raw,10,1,10,1.0,0.0,1.0,1.0,True,25,0,0,10,10,,,,,,
nonpaper diagnostic,13,cue,3,raw,8,1,8,0.8,0.0,1.0,1.0,False,8,2,20,28,10,,,,,,
nonpaper diagnostic,13,cue,4,raw,7,1,7,0.7,0.0,0.7619047619047619,0.5,False,18,3,28,37,10,,,,,,
nonpaper diagnostic,13,cue,5,raw,8,3,6,0.6,0.6695919455357792,0.5510582010582011,0.012345679012345678,False,43,2,20,28,10,,,,,,
nonpaper diagnostic,13,suffix,1,raw,8,2,7,0.7,0.5435644431995964,0.7777777777777778,0.1111111111111111,False,15,,,,,1,0.0,0.0,True,True,15
nonpaper diagnostic,13,suffix,2,raw,2,1,2,0.2,0.0,1.0,1.0,False,3,,,,,1,0.0,0.0,True,True,3
nonpaper diagnostic,13,suffix,3,raw,4,1,4,0.4,0.0,0.5499769369773378,0.48936170212765956,False,5,,,,,1,0.0,0.0,False,False,5
nonpaper diagnostic,13,suffix,4,raw,9,9,1,0.1,1.0,0.5569264428154174,0.07368421052631578,False,30,,,,,1,0.0,0.0,False,False,30
nonpaper diagnostic,14,cue,1,raw,4,1,4,0.4,0.0,1.0,1.0,False,37,6,56,64,10,,,,,,
nonpaper diagnostic,14,cue,2,raw,6,3,3,0.3,0.920619835714305,0.25756895534149177,0.0,False,41,4,36,46,10,,,,,,
nonpaper diagnostic,14,cue,3,raw,4,1,4,0.4,0.0,0.75,0.5,False,92,6,54,64,10,,,,,,
nonpaper diagnostic,14,cue,4,raw,2,1,2,0.2,0.0,1.0,1.0,False,68,8,74,82,10,,,,,,
nonpaper diagnostic,14,cue,5,raw,9,1,9,0.9,0.0,1.0,1.0,False,72,1,9,19,10,,,,,,
nonpaper diagnostic,14,suffix,1,raw,9,2,8,0.8,0.5032583347756457,0.7807407407407407,0.013333333333333334,False,14,,,,,1,0.0,0.0,True,True,14
nonpaper diagnostic,14,suffix,2,raw,10,1,10,1.0,0.0,1.0,1.0,True,10,,,,,1,0.0,0.0,True,True,10
nonpaper diagnostic,14,suffix,3,raw,9,1,9,0.9,0.0,1.0,1.0,False,8,,,,,1,0.0,0.0,False,True,8
nonpaper diagnostic,14,suffix,4,raw,8,1,8,0.8,0.0,1.0,1.0,False,8,,,,,1,0.0,0.0,False,False,8
nonpaper diagnostic,15,cue,1,raw,10,1,10,1.0,0.0,1.0,1.0,True,39,0,0,10,10,,,,,,
nonpaper diagnostic,15,cue,2,raw,7,1,7,0.7,0.0,1.0,1.0,False,7,3,30,37,10,,,,,,
nonpaper diagnostic,15,cue,3,raw,3,2,2,0.2,0.9182958340544894,0.3475177304964539,0.02127659574468085,False,38,7,66,73,10,,,,,,
nonpaper diagnostic,15,cue,4,raw,3,1,3,0.3,0.0,0.48408057179987,0.37037037037037035,False,91,7,63,73,10,,,,,,
nonpaper diagnostic,15,cue,5,raw,3,1,3,0.3,0.0,1.0,1.0,False,76,7,63,73,10,,,,,,
nonpaper diagnostic,15,suffix,1,raw,10,5,6,0.6,0.7627069065377661,0.358942266875988,0.0,False,28,,,,,1,0.0,0.0,True,True,28
nonpaper diagnostic,15,suffix,2,raw,9,4,5,0.5,0.8288713632524444,0.33298711784754687,0.0,False,17,,,,,1,0.0,0.0,True,True,17
nonpaper diagnostic,15,suffix,3,raw,10,3,8,0.8,0.5816718657178868,0.6222222222222222,0.0,False,23,,,,,1,0.0,0.0,False,False,23
nonpaper diagnostic,15,suffix,4,raw,9,2,8,0.8,0.5032583347756457,0.7777777777777778,0.0,False,21,,,,,1,0.0,0.0,False,False,21
nonpaper diagnostic,16,cue,1,raw,0,0,0,0.0,0.0,0.0,0.0,False,82,10,91,100,10,,,,,,
nonpaper diagnostic,16,cue,2,raw,2,1,2,0.2,0.0,1.0,1.0,False,83,8,72,82,10,,,,,,
nonpaper diagnostic,16,cue,3,raw,2,1,2,0.2,0.0,1.0,1.0,False,94,8,72,82,10,,,,,,
nonpaper diagnostic,16,cue,4,raw,5,1,5,0.5,0.0,0.45434196648306574,0.21739130434782608,False,95,5,45,55,10,,,,,,
nonpaper diagnostic,16,cue,5,raw,8,1,8,0.8,0.0,1.0,1.0,False,63,2,18,28,10,,,,,,
nonpaper diagnostic,16,suffix,1,raw,8,1,8,0.8,0.0,1.0,1.0,False,8,,,,,1,0.0,0.0,True,True,8
nonpaper diagnostic,16,suffix,2,raw,6,1,6,0.6,0.0,1.0,1.0,False,4,,,,,1,0.0,0.0,True,True,4
nonpaper diagnostic,16,suffix,3,raw,3,2,2,0.2,0.9182958340544894,0.3116331689381486,0.2,False,4,,,,,1,0.0,0.0,False,False,4
nonpaper diagnostic,17,cue,1,raw,5,1,5,0.5,0.0,1.0,1.0,False,41,5,46,55,10,,,,,,
nonpaper diagnostic,17,cue,2,raw,6,1,6,0.6,0.0,0.7122507122507122,0.46153846153846156,False,87,4,36,46,10,,,,,,
nonpaper diagnostic,17,cue,3,raw,8,1,8,0.8,0.0,1.0,1.0,False,18,2,19,28,10,,,,,,
nonpaper diagnostic,17,cue,4,raw,2,1,2,0.2,0.0,1.0,1.0,False,54,8,76,82,10,,,,,,
nonpaper diagnostic,17,cue,5,raw,9,2,8,0.8,0.5032583347756457,0.7804878048780488,0.012195121951219513,False,24,1,9,19,10,,,,,,
nonpaper diagnostic,17,suffix,1,raw,10,6,4,0.4,0.8982444017039272,0.18174922650800113,0.0,False,51,,,,,1,0.0,0.0,False,True,51
nonpaper diagnostic,17,suffix,2,raw,10,4,4,0.4,0.9609640474436812,0.21100281568117826,0.0,False,79,,,,,1,0.0,0.0,False,False,79
nonpaper diagnostic,17,suffix,3,raw,9,6,3,0.3,0.935944697445866,0.09401544617493125,0.0,False,56,,,,,1,0.0,0.0,False,False,56
nonpaper diagnostic,17,suffix,4,raw,9,6,4,0.4,0.8824252235446577,0.19964809033642159,0.0,False,35,,,,,1,0.0,0.0,False,False,35
nonpaper diagnostic,18,cue,1,raw,2,1,2,0.2,0.0,1.0,1.0,False,88,8,72,82,10,,,,,,
nonpaper diagnostic,18,cue,2,raw,5,1,5,0.5,0.0,1.0,1.0,False,23,5,47,55,10,,,,,,
nonpaper diagnostic,18,cue,3,raw,1,1,1,0.1,0.0,0.0,0.0,False,86,9,82,91,10,,,,,,
nonpaper diagnostic,18,cue,4,raw,7,1,7,0.7,0.0,1.0,1.0,False,66,3,28,37,10,,,,,,
nonpaper diagnostic,18,cue,5,raw,8,3,6,0.6,0.6695919455357792,0.48095652986120513,0.017543859649122806,False,34,2,20,28,10,,,,,,
nonpaper diagnostic,18,suffix,1,raw,9,7,2,0.2,0.9708357627258161,0.17319388287251178,0.0,False,29,,,,,1,0.0,0.0,False,True,29
nonpaper diagnostic,18,suffix,2,raw,8,6,3,0.3,0.9306282244165778,0.31806052855924977,0.0,False,40,,,,,1,0.0,0.0,False,False,40
nonpaper diagnostic,18,suffix,3,raw,7,3,3,0.3,0.914100892018565,0.2857142857142857,0.0,False,19,,,,,1,0.0,0.0,False,False,19
nonpaper diagnostic,18,suffix,4,raw,7,4,3,0.3,0.9211854965885543,0.5646507296753602,0.3333333333333333,False,12,,,,,1,0.0,0.0,False,False,12
nonpaper diagnostic,19,cue,1,raw,0,0,0,0.0,0.0,0.0,0.0,False,82,10,91,100,10,,,,,,
nonpaper diagnostic,19,cue,2,raw,7,1,7,0.7,0.0,1.0,1.0,False,46,3,27,37,10,,,,,,
nonpaper diagnostic,19,cue,3,raw,8,1,8,0.8,0.0,1.0,1.0,False,40,2,19,28,10,,,,,,
nonpaper diagnostic,19,cue,4,raw,8,1,8,0.8,0.0,1.0,1.0,False,25,2,19,28,10,,,,,,
nonpaper diagnostic,19,cue,5,raw,7,1,7,0.7,0.0,1.0,1.0,False,8,3,30,37,10,,,,,,
nonpaper diagnostic,19,suffix,1,raw,10,5,6,0.6,0.7627069065377661,0.3468206486391109,0.0,False,29,,,,,1,0.0,0.0,True,True,29
nonpaper diagnostic,19,suffix,2,raw,10,8,2,0.2,0.9739760316291209,0.3767444497269412,0.07874015748031496,False,26,,,,,1,0.0,0.0,False,False,26
nonpaper diagnostic,19,suffix,3,raw,6,2,5,0.5,0.6500224216483541,0.6810035842293907,0.043010752688172046,False,8,,,,,1,0.0,0.0,False,False,8
nonpaper diagnostic,19,suffix,4,raw,7,4,3,0.3,0.9211854965885543,0.32730008378211484,0.16483516483516483,False,12,,,,,1,0.0,0.0,False,False,12
nonpaper diagnostic,20,cue,1,raw,5,2,4,0.4,0.7219280948873623,0.6,0.0,False,70,5,45,55,10,,,,,,
nonpaper diagnostic,20,cue,2,raw,8,2,7,0.7,0.5435644431995964,0.6465413533834586,0.16,False,26,2,18,28,10,,,,,,
nonpaper diagnostic,20,cue,3,raw,8,1,8,0.8,0.0,1.0,1.0,False,40,2,18,28,10,,,,,,
nonpaper diagnostic,20,cue,4,raw,7,2,6,0.6,0.5916727785823274,0.7193877551020409,0.017857142857142856,False,14,3,28,37,10,,,,,,
nonpaper diagnostic,20,cue,5,raw,6,1,6,0.6,0.0,1.0,1.0,False,31,4,38,46,10,,,,,,
nonpaper diagnostic,20,suffix,1,raw,10,5,3,0.3,0.9349775297671233,0.17366176614921386,0.0,False,53,,,,,1,0.0,0.0,True,True,53
nonpaper diagnostic,20,suffix,2,raw,10,5,5,0.5,0.8445412464587144,0.2741570237650865,0.0,False,27,,,,,1,0.0,0.0,True,True,27
nonpaper diagnostic,20,suffix,3,raw,9,4,6,0.6,0.7233083338141042,0.4388888888888889,0.0,False,18,,,,,1,0.0,0.0,False,False,18
nonpaper diagnostic,20,suffix,4,raw,9,5,4,0.4,0.886682880001534,0.360025696888442,0.0,False,47,,,,,1,0.0,0.0,False,False,47
nonpaper diagnostic,21,cue,1,raw,6,1,6,0.6,0.0,1.0,1.0,False,62,4,37,46,10,,,,,,
nonpaper diagnostic,21,cue,2,raw,7,1,7,0.7,0.0,1.0,1.0,False,32,3,27,37,10,,,,,,
nonpaper diagnostic,21,cue,3,raw,9,1,9,0.9,0.0,1.0,1.0,False,15,1,9,19,10,,,,,,
nonpaper diagnostic,21,cue,4,raw,9,1,9,0.9,0.0,1.0,1.0,False,18,1,10,19,10,,,,,,
nonpaper diagnostic,21,cue,5,raw,6,1,6,0.6,0.0,1.0,1.0,False,32,4,37,46,10,,,,,,
nonpaper diagnostic,21,suffix,1,raw,10,9,2,0.2,0.9848586617875463,0.16686384591450812,0.02702702702702703,False,91,,,,,1,0.0,0.0,False,True,91
nonpaper diagnostic,21,suffix,2,raw,10,7,3,0.3,0.94268071481726,0.1544841952591843,0.0,False,95,,,,,1,0.0,0.0,False,False,95
nonpaper diagnostic,21,suffix,3,raw,10,6,3,0.3,0.9464119282150146,0.12290716730924607,0.0,False,57,,,,,1,0.0,0.0,False,False,57
nonpaper diagnostic,21,suffix,4,raw,9,2,6,0.6,0.9182958340544894,0.5,0.0,False,49,,,,,1,0.0,0.0,False,False,49
nonpaper diagnostic,22,cue,1,raw,4,1,4,0.4,0.0,1.0,1.0,False,84,6,54,64,10,,,,,,
nonpaper diagnostic,22,cue,2,raw,2,1,2,0.2,0.0,1.0,1.0,False,33,8,77,82,10,,,,,,
nonpaper diagnostic,22,cue,3,raw,5,3,3,0.3,0.8649735207179272,0.3968831168831169,0.08571428571428572,False,98,5,45,55,10,,,,,,
nonpaper diagnostic,22,cue,4,raw,9,1,9,0.9,0.0,1.0,1.0,False,12,1,10,19,10,,,,,,
nonpaper diagnostic,22,cue,5,raw,1,1,1,0.1,0.0,0.0,0.0,False,65,9,82,91,10,,,,,,
nonpaper diagnostic,22,suffix,1,raw,10,6,3,0.3,0.9172088932791937,0.2090951137015808,0.0,False,57,,,,,1,0.0,0.0,True,True,57
nonpaper diagnostic,22,suffix,2,raw,10,3,6,0.6,0.8173454221465101,0.4035087719298246,0.0,False,31,,,,,1,0.0,0.0,False,True,31
nonpaper diagnostic,22,suffix,3,raw,9,2,6,0.6,0.9182958340544894,0.5,0.0,False,15,,,,,1,0.0,0.0,False,False,15
nonpaper diagnostic,22,suffix,4,raw,8,4,3,0.3,0.9056390622295664,0.2509704968944099,0.0,False,13,,,,,1,0.0,0.0,False,False,13
nonpaper diagnostic,23,cue,1,raw,2,1,2,0.2,0.0,1.0,1.0,False,84,8,72,82,10,,,,,,
nonpaper diagnostic,23,cue,2,raw,9,1,9,0.9,0.0,1.0,1.0,False,14,1,9,19,10,,,,,,
nonpaper diagnostic,23,cue,3,raw,6,1,6,0.6,0.0,1.0,1.0,False,10,4,39,46,10,,,,,,
nonpaper diagnostic,23,cue,4,raw,7,1,7,0.7,0.0,1.0,1.0,False,38,3,29,37,10,,,,,,
nonpaper diagnostic,23,cue,5,raw,8,2,7,0.7,0.5435644431995964,0.753968253968254,0.015873015873015872,False,32,2,19,28,10,,,,,,
nonpaper diagnostic,23,suffix,1,raw,10,4,5,0.5,0.8427376486136672,0.28176005689525724,0.0,False,18,,,,,1,0.0,0.0,True,True,18
nonpaper diagnostic,23,suffix,2,raw,9,3,4,0.4,0.8783471047618534,0.33023683023683026,0.0,False,27,,,,,1,0.0,0.0,True,True,27
nonpaper diagnostic,23,suffix,3,raw,10,3,6,0.6,0.8173454221465101,0.2427914648280781,0.0,False,34,,,,,1,0.0,0.0,True,True,34
nonpaper diagnostic,23,suffix,4,raw,10,2,9,0.9,0.46899559358928117,0.8,0.0,False,37,,,,,1,0.0,0.0,False,False,37
nonpaper diagnostic,24,cue,1,raw,2,1,2,0.2,0.0,0.17857142857142858,0.17857142857142858,False,82,8,73,82,10,,,,,,
nonpaper diagnostic,24,cue,2,raw,9,1,9,0.9,0.0,1.0,1.0,False,55,1,9,19,10,,,,,,
nonpaper diagnostic,24,cue,3,raw,9,1,9,0.9,0.0,1.0,1.0,False,15,1,10,19,10,,,,,,
nonpaper diagnostic,24,cue,4,raw,8,1,8,0.8,0.0,1.0,1.0,False,8,2,20,28,10,,,,,,
nonpaper diagnostic,24,cue,5,raw,10,2,9,0.9,0.46899559358928117,0.6755490301327187,0.017391304347826087,False,37,0,0,10,10,,,,,,
nonpaper diagnostic,24,suffix,1,raw,8,2,6,0.6,0.8112781244591328,1.0,1.0,False,10,,,,,1,0.0,0.0,False,True,10
nonpaper diagnostic,24,suffix,2,raw,6,2,5,0.5,0.6500224216483541,0.7391304347826088,0.21739130434782608,False,7,,,,,1,0.0,0.0,False,False,7
nonpaper diagnostic,24,suffix,3,raw,7,1,7,0.7,0.0,1.0,1.0,False,7,,,,,1,0.0,0.0,False,False,7
nonpaper diagnostic,25,cue,1,raw,5,1,5,0.5,0.0,0.4571150097465887,0.20833333333333334,False,66,5,45,55,10,,,,,,
nonpaper diagnostic,25,cue,2,raw,2,2,1,0.1,1.0,0.08264462809917356,0.08264462809917356,False,95,8,72,82,10,,,,,,
nonpaper diagnostic,25,cue,3,raw,6,2,5,0.5,0.6500224216483541,0.4634676173499703,0.015151515151515152,False,27,4,39,46,10,,,,,,
nonpaper diagnostic,25,cue,4,raw,1,1,1,0.1,0.0,0.0,0.0,False,94,9,82,91,10,,,,,,
nonpaper diagnostic,25,cue,5,raw,3,1,3,0.3,0.0,1.0,1.0,False,90,7,64,73,10,,,,,,
nonpaper diagnostic,25,suffix,1,raw,10,4,4,0.4,0.9232196723355078,0.22642799706997568,0.0,False,30,,,,,1,0.0,0.0,False,True,30
nonpaper diagnostic,25,suffix,2,raw,10,5,5,0.5,0.8445412464587144,0.25333657926865644,0.0,False,40,,,,,1,0.0,0.0,False,False,40
nonpaper diagnostic,25,suffix,3,raw,10,4,5,0.5,0.8427376486136672,0.3473684210526316,0.0,False,36,,,,,1,0.0,0.0,False,False,36
nonpaper diagnostic,25,suffix,4,raw,10,5,5,0.5,0.8445412464587144,0.257755499860763,0.0,False,33,,,,,1,0.0,0.0,False,False,33
nonpaper diagnostic,26,cue,1,raw,2,1,2,0.2,0.0,1.0,1.0,False,84,8,73,82,10,,,,,,
nonpaper diagnostic,26,cue,2,raw,7,1,7,0.7,0.0,1.0,1.0,False,71,3,28,37,10,,,,,,
nonpaper diagnostic,26,cue,3,raw,6,1,6,0.6,0.0,1.0,1.0,False,39,4,36,46,10,,,,,,
nonpaper diagnostic,26,cue,4,raw,8,1,8,0.8,0.0,1.0,1.0,False,21,2,19,28,10,,,,,,
nonpaper diagnostic,26,cue,5,raw,5,2,4,0.4,0.7219280948873623,0.6,0.0,False,26,5,46,55,10,,,,,,
nonpaper diagnostic,26,suffix,1,raw,10,6,3,0.3,0.9464119282150146,0.13257866873323082,0.0,False,59,,,,,1,0.0,0.0,True,True,59
nonpaper diagnostic,26,suffix,2,raw,10,3,8,0.8,0.5816718657178868,0.6222222222222222,0.0,False,51,,,,,1,0.0,0.0,False,False,51
nonpaper diagnostic,26,suffix,3,raw,7,2,5,0.5,0.8631205685666311,0.4001670843776107,0.0,False,16,,,,,1,0.0,0.0,False,False,16
nonpaper diagnostic,26,suffix,4,raw,8,6,2,0.2,0.9671320180863539,0.13198125888471177,0.0,False,25,,,,,1,0.0,0.0,False,False,25
nonpaper diagnostic,27,cue,1,raw,6,1,6,0.6,0.0,1.0,1.0,False,62,4,36,46,10,,,,,,
nonpaper diagnostic,27,cue,2,raw,3,1,3,0.3,0.0,1.0,1.0,False,43,7,65,73,10,,,,,,
nonpaper diagnostic,27,cue,3,raw,4,3,2,0.2,0.946394630357186,0.11222519310754604,0.0,False,97,6,54,64,10,,,,,,
nonpaper diagnostic,27,cue,4,raw,2,1,2,0.2,0.0,1.0,1.0,False,86,8,72,82,10,,,,,,
nonpaper diagnostic,27,cue,5,raw,4,1,4,0.4,0.0,1.0,1.0,False,42,6,57,64,10,,,,,,
nonpaper diagnostic,27,suffix,1,raw,10,9,2,0.2,0.9848586617875463,0.08643367583099265,0.0,False,87,,,,,1,0.0,0.0,False,True,87
nonpaper diagnostic,27,suffix,2,raw,10,6,4,0.4,0.8982444017039272,0.21175160122528544,0.0,False,71,,,,,1,0.0,0.0,False,False,71
nonpaper diagnostic,27,suffix,3,raw,10,6,4,0.4,0.8982444017039272,0.16420161514898357,0.0,False,59,,,,,1,0.0,0.0,False,False,59
nonpaper diagnostic,27,suffix,4,raw,9,5,3,0.3,0.946265187221801,0.3340155945419103,0.0,False,41,,,,,1,0.0,0.0,False,False,41
nonpaper diagnostic,28,cue,1,raw,4,1,4,0.4,0.0,1.0,1.0,False,82,6,54,64,10,,,,,,
nonpaper diagnostic,28,cue,2,raw,7,1,7,0.7,0.0,1.0,1.0,False,26,3,28,37,10,,,,,,
nonpaper diagnostic,28,cue,3,raw,9,3,7,0.7,0.6223659728744494,0.680921052631579,0.0,False,32,1,9,19,10,,,,,,
nonpaper diagnostic,28,cue,4,raw,7,1,7,0.7,0.0,0.8163265306122449,0.35714285714285715,False,7,3,30,37,10,,,,,,
nonpaper diagnostic,28,cue,5,raw,7,1,7,0.7,0.0,1.0,1.0,False,42,3,28,37,10,,,,,,
nonpaper diagnostic,28,suffix,1,raw,7,5,3,0.3,0.9165164431996023,0.1959429036359013,0.007042253521126761,False,18,,,,,1,0.0,0.0,True,True,18
nonpaper diagnostic,28,suffix,2,raw,4,3,2,0.2,0.946394630357186,0.31299388636461206,0.21568627450980393,False,6,,,,,1,0.0,0.0,False,False,6
nonpaper diagnostic,29,cue,1,raw,8,2,7,0.7,0.5435644431995964,0.75,0.0,False,28,2,18,28,10,,,,,,
nonpaper diagnostic,29,cue,2,raw,5,1,5,0.5,0.0,0.6333333333333333,0.3333333333333333,False,52,5,47,55,10,,,,,,
nonpaper diagnostic,29,cue,3,raw,6,1,6,0.6,0.0,1.0,1.0,False,18,4,38,46,10,,,,,,
nonpaper diagnostic,29,cue,4,raw,9,1,9,0.9,0.0,1.0,1.0,False,47,1,9,19,10,,,,,,
nonpaper diagnostic,29,cue,5,raw,4,1,4,0.4,0.0,1.0,1.0,False,18,6,59,64,10,,,,,,
nonpaper diagnostic,29,suffix,1,raw,7,3,5,0.5,0.7248340915057598,0.4798534798534798,0.0,False,10,,,,,1,0.0,0.0,True,True,10
nonpaper diagnostic,29,suffix,2,raw,4,2,3,0.3,0.8112781244591328,0.43301526287852926,0.272,False,8,,,,,1,0.0,0.0,False,False,8
nonpaper diagnostic,29,suffix,3,raw,9,7,2,0.2,0.9708357627258161,0.7095580553478689,0.09900990099009901,False,27,,,,,1,0.0,0.0,False,False,27
nonpaper diagnostic,29,suffix,4,raw,5,3,3,0.3,0.8649735207179272,0.17567384130468705,0.0,False,7,,,,,1,0.0,0.0,False,False,7
nonpaper diagnostic,30,cue,1,raw,7,1,7,0.7,0.0,1.0,1.0,False,62,3,28,37,10,,,,,,
nonpaper diagnostic,30,cue,2,raw,9,1,9,0.9,0.0,1.0,1.0,False,32,1,10,19,10,,,,,,
nonpaper diagnostic,30,cue,3,raw,10,1,10,1.0,0.0,0.9,0.5,True,10,0,0,10,10,,,,,,
nonpaper diagnostic,30,cue,4,raw,7,1,7,0.7,0.0,0.8823529411764707,0.5882352941176471,False,18,3,29,37,10,,,,,,
nonpaper diagnostic,30,cue,5,raw,4,2,3,0.3,0.8112781244591328,0.5555555555555556,0.1111111111111111,False,44,6,55,64,10,,,,,,
nonpaper diagnostic,30,suffix,1,raw,10,9,2,0.2,0.9848586617875463,0.09137286844783578,0.0,False,54,,,,,1,0.0,0.0,False,True,54
nonpaper diagnostic,30,suffix,2,raw,10,5,6,0.6,0.7627069065377661,0.45225446104625305,0.01,False,54,,,,,1,0.0,0.0,False,False,54
nonpaper diagnostic,30,suffix,3,raw,10,3,8,0.8,0.5816718657178868,0.6828776486671224,0.022727272727272728,False,20,,,,,1,0.0,0.0,False,False,20
nonpaper diagnostic,30,suffix,4,raw,7,3,5,0.5,0.7248340915057598,0.5091575091575091,0.0,False,11,,,,,1,0.0,0.0,False,False,11
nonpaper diagnostic,31,cue,1,raw,7,2,6,0.6,0.5916727785823274,0.8112244897959183,0.3392857142857143,False,82,3,27,37,10,,,,,,
nonpaper diagnostic,31,cue,2,raw,6,1,6,0.6,0.0,1.0,1.0,False,6,4,40,46,10,,,,,,
nonpaper diagnostic,31,cue,3,raw,4,2,3,0.3,0.8112781244591328,0.31996597750908096,0.05454545454545454,False,96,6,54,64,10,,,,,,
nonpaper diagnostic,31,cue,4,raw,4,1,4,0.4,0.0,1.0,1.0,False,69,6,56,64,10,,,,,,
nonpaper diagnostic,31,cue,5,raw,3,1,3,0.3,0.0,1.0,1.0,False,25,7,70,73,10,,,,,,
nonpaper diagnostic,31,suffix,1,raw,10,10,1,0.1,0.9999999999999998,0.08456630199025783,0.0,False,96,,,,,1,0.0,0.0,False,True,96
nonpaper diagnostic,31,suffix,2,raw,10,6,3,0.3,0.9464119282150146,0.10802063236140316,0.0,False,82,,,,,1,0.0,0.0,True,True,82
nonpaper diagnostic,31,suffix,3,raw,9,7,2,0.2,0.9708357627258161,0.08004569815800505,0.0,False,66,,,,,1,0.0,0.0,False,False,66
nonpaper diagnostic,31,suffix,4,raw,9,7,3,0.3,0.9409583900892994,0.2159899101759567,0.0,False,80,,,,,1,0.0,0.0,False,False,80
nonpaper diagnostic,32,cue,1,raw,8,1,8,0.8,0.0,1.0,1.0,False,46,2,19,28,10,,,,,,
nonpaper diagnostic,32,cue,2,raw,8,2,7,0.7,0.5435644431995964,0.7658227848101266,0.06329113924050633,False,21,2,20,28,10,,,,,,
nonpaper diagnostic,32,cue,3,raw,9,1,9,0.9,0.0,1.0,1.0,False,17,1,9,19,10,,,,,,
nonpaper diagnostic,32,cue,4,raw,9,1,9,0.9,0.0,1.0,1.0,False,11,1,10,19,10,,,,,,
nonpaper diagnostic,32,cue,5,raw,5,1,5,0.5,0.0,1.0,1.0,False,9,5,50,55,10,,,,,,
nonpaper diagnostic,32,suffix,1,raw,10,9,2,0.2,0.9848586617875463,0.14535116000521833,0.02857142857142857,False,95,,,,,1,0.0,0.0,False,False,95
nonpaper diagnostic,32,suffix,2,raw,10,7,3,0.3,0.94268071481726,0.1888014436726643,0.0,False,91,,,,,1,0.0,0.0,False,False,91
nonpaper diagnostic,32,suffix,3,raw,10,2,9,0.9,0.46899559358928117,0.802247191011236,0.011235955056179775,False,60,,,,,1,0.0,0.0,False,False,60
nonpaper diagnostic,32,suffix,4,raw,9,3,4,0.4,0.8783471047618534,0.34844390670161995,0.0,False,48,,,,,1,0.0,0.0,False,False,48
nonpaper diagnostic,33,cue,1,raw,5,2,4,0.4,0.7219280948873623,0.6705882352941177,0.17647058823529413,False,94,5,45,55,10,,,,,,
nonpaper diagnostic,33,cue,2,raw,9,1,9,0.9,0.0,0.7530864197530864,0.5555555555555556,False,49,1,9,19,10,,,,,,
nonpaper diagnostic,33,cue,3,raw,9,1,9,0.9,0.0,0.763157894736842,0.5263157894736842,False,25,1,10,19,10,,,,,,
nonpaper diagnostic,33,cue,4,raw,6,1,6,0.6,0.0,1.0,1.0,False,17,4,39,46,10,,,,,,
nonpaper diagnostic,33,cue,5,raw,4,1,4,0.4,0.0,0.8653846153846154,0.7307692307692307,False,92,6,54,64,10,,,,,,
nonpaper diagnostic,33,suffix,1,raw,10,2,8,0.8,0.7219280948873623,1.0,1.0,False,28,,,,,1,0.0,0.0,False,True,28
nonpaper diagnostic,33,suffix,2,raw,10,3,8,0.8,0.5816718657178868,0.29093980262318314,0.0,False,21,,,,,1,0.0,0.0,False,True,21
nonpaper diagnostic,33,suffix,3,raw,10,8,2,0.2,0.9739760316291209,0.47980160859521964,0.11688311688311688,False,49,,,,,1,0.0,0.0,False,False,49
nonpaper diagnostic,33,suffix,4,raw,10,5,6,0.6,0.7627069065377661,0.4666666666666667,0.0,False,39,,,,,1,0.0,0.0,False,False,39
nonpaper diagnostic,34,cue,1,raw,7,1,7,0.7,0.0,0.8646616541353384,0.5263157894736842,False,36,3,27,37,10,,,,,,
nonpaper diagnostic,34,cue,2,raw,0,0,0,0.0,0.0,0.0,0.0,False,88,10,91,100,10,,,,,,
nonpaper diagnostic,34,cue,3,raw,8,1,8,0.8,0.0,1.0,1.0,False,57,2,18,28,10,,,,,,
nonpaper diagnostic,34,cue,4,raw,3,1,3,0.3,0.0,1.0,1.0,False,3,7,70,73,10,,,,,,
nonpaper diagnostic,34,cue,5,raw,4,1,4,0.4,0.0,0.2089778679619867,0.06896551724137931,False,98,6,54,64,10,,,,,,
nonpaper diagnostic,34,suffix,1,raw,10,8,2,0.2,0.9739760316291209,0.6612575414781297,0.11538461538461539,False,94,,,,,1,0.0,0.0,False,False,94
nonpaper diagnostic,34,suffix,2,raw,10,6,4,0.4,0.8982444017039272,0.16097235540855165,0.0,False,51,,,,,1,0.0,0.0,False,False,51
nonpaper diagnostic,34,suffix,3,raw,10,5,4,0.4,0.9138646883853215,0.19062234401683942,0.0,False,52,,,,,1,0.0,0.0,False,False,52
nonpaper diagnostic,34,suffix,4,raw,9,4,4,0.4,0.9182958340544894,0.2631578947368421,0.0,False,43,,,,,1,0.0,0.0,False,False,43
nonpaper diagnostic,35,cue,1,raw,1,1,1,0.1,0.0,0.0,0.0,False,88,9,82,91,10,,,,,,
nonpaper diagnostic,35,cue,2,raw,5,1,5,0.5,0.0,1.0,1.0,False,36,5,47,55,10,,,,,,
nonpaper diagnostic,35,cue,3,raw,3,1,3,0.3,0.0,1.0,1.0,False,88,7,63,73,10,,,,,,
nonpaper diagnostic,35,cue,4,raw,7,1,7,0.7,0.0,1.0,1.0,False,55,3,28,37,10,,,,,,
nonpaper diagnostic,35,cue,5,raw,9,2,8,0.8,0.5032583347756457,0.7800925925925926,0.010416666666666666,False,41,1,10,19,10,,,,,,
nonpaper diagnostic,35,suffix,1,raw,9,1,9,0.9,0.0,1.0,1.0,False,10,,,,,1,0.0,0.0,True,True,10
nonpaper diagnostic,35,suffix,2,raw,6,1,6,0.6,0.0,0.7803921568627452,0.5882352941176471,False,6,,,,,1,0.0,0.0,True,True,6
nonpaper diagnostic,35,suffix,3,raw,8,3,4,0.4,0.946394630357186,0.3931009027234467,0.2268041237113402,False,14,,,,,1,0.0,0.0,False,True,14
nonpaper diagnostic,35,suffix,4,raw,9,7,2,0.2,0.9708357627258161,0.3887264457439896,0.0,False,63,,,,,1,0.0,0.0,False,False,63
nonpaper diagnostic,36,cue,1,raw,2,1,2,0.2,0.0,0.35714285714285715,0.35714285714285715,False,94,8,72,82,10,,,,,,
nonpaper diagnostic,36,cue,2,raw,4,3,2,0.2,0.946394630357186,0.18095238095238095,0.0,False,52,6,56,64,10,,,,,,
nonpaper diagnostic,36,cue,3,raw,7,1,7,0.7,0.0,1.0,1.0,False,43,3,27,37,10,,,,,,
nonpaper diagnostic,36,cue,4,raw,9,1,9,0.9,0.0,0.763157894736842,0.5263157894736842,False,29,1,10,19,10,,,,,,
nonpaper diagnostic,36,cue,5,raw,6,5,2,0.2,0.9697238998682473,0.211264875066302,0.05128205128205128,False,62,4,37,46,10,,,,,,
nonpaper diagnostic,36,suffix,1,raw,10,5,5,0.5,0.8445412464587144,0.7619879031643737,0.5384615384615384,False,48,,,,,1,0.0,0.0,False,True,48
nonpaper diagnostic,36,suffix,2,raw,10,4,4,0.4,0.8609640474436813,0.2746050398224311,0.0,False,48,,,,,1,0.0,0.0,False,False,48
nonpaper diagnostic,36,suffix,3,raw,9,5,3,0.3,0.946265187221801,0.34730238896905563,0.0,False,34,,,,,1,0.0,0.0,False,False,34
nonpaper diagnostic,36,suffix,4,raw,9,2,8,0.8,0.5032583347756457,0.8666666666666667,0.4,False,29,,,,,1,0.0,0.0,False,False,29
nonpaper diagnostic,37,cue,1,raw,5,1,5,0.5,0.0,1.0,1.0,False,62,5,46,55,10,,,,,,
nonpaper diagnostic,37,cue,2,raw,7,1,7,0.7,0.0,0.35001628197835816,0.1,False,49,3,27,37,10,,,,,,
nonpaper diagnostic,37,cue,3,raw,8,1,8,0.8,0.0,1.0,1.0,False,48,2,19,28,10,,,,,,
nonpaper diagnostic,37,cue,4,raw,9,1,9,0.9,0.0,1.0,1.0,False,9,1,10,19,10,,,,,,
nonpaper diagnostic,37,cue,5,raw,5,3,3,0.3,0.8649735207179272,0.19349075845019834,0.006493506493506494,False,33,5,48,55,10,,,,,,
nonpaper diagnostic,37,suffix,1,raw,10,8,2,0.2,0.9739760316291209,0.12594404810502408,0.02702702702702703,False,97,,,,,1,0.0,0.0,False,False,97
nonpaper diagnostic,37,suffix,2,raw,10,6,3,0.3,0.9464119282150146,0.19047148065496688,0.0,False,84,,,,,1,0.0,0.0,False,False,84
nonpaper diagnostic,37,suffix,3,raw,9,4,4,0.4,0.8763576394898523,0.1882259902549119,0.0,False,48,,,,,1,0.0,0.0,False,False,48
nonpaper diagnostic,37,suffix,4,raw,9,4,6,0.6,0.7233083338141042,0.4444444444444444,0.0,False,66,,,,,1,0.0,0.0,False,False,66
nonpaper diagnostic,38,cue,1,raw,2,1,2,0.2,0.0,1.0,1.0,False,56,8,75,82,10,,,,,,
nonpaper diagnostic,38,cue,2,raw,7,1,7,0.7,0.0,1.0,1.0,False,42,3,28,37,10,,,,,,
nonpaper diagnostic,38,cue,3,raw,9,1,9,0.9,0.0,1.0,1.0,False,44,1,9,19,10,,,,,,
nonpaper diagnostic,38,cue,4,raw,9,1,9,0.9,0.0,1.0,1.0,False,9,1,10,19,10,,,,,,
nonpaper diagnostic,38,cue,5,raw,6,1,6,0.6,0.0,1.0,1.0,False,12,4,38,46,10,,,,,,
nonpaper diagnostic,38,suffix,1,raw,9,8,2,0.2,0.9825675930733636,0.15125800387920038,0.0,False,39,,,,,1,0.0,0.0,False,True,39
nonpaper diagnostic,38,suffix,2,raw,9,4,3,0.3,0.9455305560363264,0.4078172071593124,0.0,False,38,,,,,1,0.0,0.0,False,True,38
nonpaper diagnostic,38,suffix,3,raw,9,5,5,0.5,0.809656833416415,0.2887815942240537,0.0,False,29,,,,,1,0.0,0.0,False,False,29
nonpaper diagnostic,38,suffix,4,raw,9,5,3,0.3,0.9101415926479804,0.17318166582872466,0.0,False,25,,,,,1,0.0,0.0,False,False,25
nonpaper diagnostic,39,cue,1,raw,6,2,5,0.5,0.6500224216483541,0.6732026143790849,0.0196078431372549,False,43,4,38,46,10,,,,,,
nonpaper diagnostic,39,cue,2,raw,8,1,8,0.8,0.0,1.0,1.0,False,9,2,20,28,10,,,,,,
nonpaper diagnostic,39,cue,3,raw,5,1,5,0.5,0.0,1.0,1.0,False,8,5,50,55,10,,,,,,
nonpaper diagnostic,39,cue,4,raw,2,1,2,0.2,0.0,1.0,1.0,False,50,8,74,82,10,,,,,,
nonpaper diagnostic,39,cue,5,raw,3,1,3,0.3,0.0,0.5632183908045977,0.3448275862068966,False,98,7,63,73,10,,,,,,
nonpaper diagnostic,39,suffix,1,raw,10,5,5,0.5,0.8445412464587144,0.406390977443609,0.008771929824561403,False,67,,,,,1,0.0,0.0,False,False,67
nonpaper diagnostic,39,suffix,2,raw,10,4,7,0.7,0.6783898247235197,0.4888888888888889,0.0,False,51,,,,,1,0.0,0.0,False,False,51
nonpaper diagnostic,39,suffix,3,raw,10,3,7,0.7,0.7298466991620975,0.49921855921855923,0.0,False,24,,,,,1,0.0,0.0,False,False,24
nonpaper diagnostic,39,suffix,4,raw,8,2,7,0.7,0.5435644431995964,0.8043478260869564,0.21739130434782608,False,8,,,,,1,0.0,0.0,False,True,8
nonpaper diagnostic,40,cue,1,raw,6,1,6,0.6,0.0,1.0,1.0,False,57,4,36,46,10,,,,,,
nonpaper diagnostic,40,cue,2,raw,4,1,4,0.4,0.0,1.0,1.0,False,27,6,58,64,10,,,,,,
nonpaper diagnostic,40,cue,3,raw,5,1,5,0.5,0.0,1.0,1.0,False,39,5,46,55,10,,,,,,
nonpaper diagnostic,40,cue,4,raw,3,1,3,0.3,0.0,1.0,1.0,False,94,7,63,73,10,,,,,,
nonpaper diagnostic,40,cue,5,raw,9,1,9,0.9,0.0,1.0,1.0,False,35,1,9,19,10,,,,,,
nonpaper diagnostic,40,suffix,1,raw,10,1,10,1.0,0.0,1.0,1.0,True,18,,,,,1,0.0,0.0,True,True,18
nonpaper diagnostic,40,suffix,2,raw,10,3,8,0.8,0.5816718657178868,0.2528740969824282,0.0,False,26,,,,,1,0.0,0.0,True,True,26
nonpaper diagnostic,40,suffix,3,raw,10,5,4,0.4,0.9138646883853215,0.4761100349386309,0.09876543209876543,False,59,,,,,1,0.0,0.0,False,False,59
nonpaper diagnostic,40,suffix,4,raw,10,3,6,0.6,0.8173454221465101,0.4144927536231884,0.0,False,48,,,,,1,0.0,0.0,False,False,48
nonpaper diagnostic,41,cue,1,raw,2,1,2,0.2,0.0,1.0,1.0,False,94,8,72,82,10,,,,,,
nonpaper diagnostic,41,cue,2,raw,8,1,8,0.8,0.0,1.0,1.0,False,22,2,20,28,10,,,,,,
nonpaper diagnostic,41,cue,3,raw,8,1,8,0.8,0.0,1.0,1.0,False,8,2,20,28,10,,,,,,
nonpaper diagnostic,41,cue,4,raw,8,1,8,0.8,0.0,1.0,1.0,False,39,2,18,28,10,,,,,,
nonpaper diagnostic,41,cue,5,raw,8,1,8,0.8,0.0,1.0,1.0,False,26,2,19,28,10,,,,,,
nonpaper diagnostic,41,suffix,1,raw,10,2,9,0.9,0.46899559358928117,0.8075471698113208,0.03773584905660377,False,10,,,,,1,0.0,0.0,True,True,10
nonpaper diagnostic,41,suffix,2,raw,7,1,7,0.7,0.0,0.8646616541353384,0.5263157894736842,False,9,,,,,1,0.0,0.0,True,True,9
nonpaper diagnostic,41,suffix,3,raw,9,2,8,0.8,0.5032583347756457,0.39492358580076303,0.11363636363636363,False,10,,,,,1,0.0,0.0,True,True,10
nonpaper diagnostic,41,suffix,4,raw,9,6,2,0.2,0.9683925140412225,0.2944424687838205,0.08,False,30,,,,,1,0.0,0.0,False,False,30
nonpaper diagnostic,42,cue,1,raw,4,1,4,0.4,0.0,0.6206896551724138,0.3448275862068966,False,82,6,54,64,10,,,,,,
nonpaper diagnostic,42,cue,2,raw,9,1,9,0.9,0.0,1.0,1.0,False,27,1,10,19,10,,,,,,
nonpaper diagnostic,42,cue,3,raw,9,1,9,0.9,0.0,1.0,1.0,False,18,1,10,19,10,,,,,,
nonpaper diagnostic,42,cue,4,raw,7,1,7,0.7,0.0,1.0,1.0,False,40,3,28,37,10,,,,,,
nonpaper diagnostic,42,cue,5,raw,1,1,1,0.1,0.0,0.0,0.0,False,12,9,89,91,10,,,,,,
nonpaper diagnostic,42,suffix,1,raw,10,3,7,0.7,0.7298466991620975,0.8,0.0,False,41,,,,,1,0.0,0.0,False,True,41
nonpaper diagnostic,42,suffix,2,raw,8,3,4,0.4,0.946394630357186,0.37544529591965875,0.15934065934065933,False,37,,,,,1,0.0,0.0,False,False,37
nonpaper diagnostic,42,suffix,3,raw,9,8,2,0.2,0.9825675930733636,0.361065793638893,0.0,False,63,,,,,1,0.0,0.0,False,False,63
nonpaper diagnostic,42,suffix,4,raw,9,5,5,0.5,0.809656833416415,0.29631370091896403,0.0,False,56,,,,,1,0.0,0.0,False,False,56
nonpaper diagnostic,43,cue,1,raw,2,1,2,0.2,0.0,1.0,1.0,False,94,8,73,82,10,,,,,,
nonpaper diagnostic,43,cue,2,raw,4,2,3,0.3,0.8112781244591328,0.5081967213114754,0.01639344262295082,False,50,6,55,64,10,,,,,,
nonpaper diagnostic,43,cue,3,raw,4,2,3,0.3,0.8112781244591328,0.5,0.0,False,90,6,54,64,10,,,,,,
nonpaper diagnostic,43,cue,4,raw,9,1,9,0.9,0.0,1.0,1.0,False,32,1,9,19,10,,,,,,
nonpaper diagnostic,43,cue,5,raw,5,1,5,0.5,0.0,1.0,1.0,False,10,5,50,55,10,,,,,,
nonpaper diagnostic,43,suffix,1,raw,10,9,2,0.2,0.9848586617875463,0.2258411479986435,0.018518518518518517,False,87,,,,,1,0.0,0.0,False,False,87
nonpaper diagnostic,43,suffix,2,raw,10,5,5,0.5,0.8445412464587144,0.27345000678334014,0.0,False,39,,,,,1,0.0,0.0,False,False,39
nonpaper diagnostic,43,suffix,3,raw,10,2,9,0.9,0.46899559358928117,0.8298507462686567,0.14925373134328357,False,29,,,,,1,0.0,0.0,False,False,29
nonpaper diagnostic,43,suffix,4,raw,9,4,4,0.4,0.8763576394898523,0.2866136404968792,0.0,False,27,,,,,1,0.0,0.0,False,True,27
nonpaper diagnostic,44,cue,1,raw,5,1,5,0.5,0.0,0.7157894736842105,0.5263157894736842,False,82,5,45,55,10,,,,,,
nonpaper diagnostic,44,cue,2,raw,8,2,7,0.7,0.5435644431995964,0.7546296296296297,0.018518518518518517,False,51,2,19,28,10,,,,,,
nonpaper diagnostic,44,cue,3,raw,8,2,7,0.7,0.5435644431995964,0.7522522522522522,0.009009009009009009,False,20,2,19,28,10,,,,,,
nonpaper diagnostic,44,cue,4,raw,9,1,9,0.9,0.0,1.0,1.0,False,15,1,9,19,10,,,,,,
nonpaper diagnostic,44,cue,5,raw,10,1,10,1.0,0.0,1.0,1.0,True,10,0,0,10,10,,,,,,
nonpaper diagnostic,44,suffix,1,raw,8,2,7,0.7,0.5435644431995964,0.696583850931677,0.2,False,13,,,,,1,0.0,0.0,True,True,13
nonpaper diagnostic,44,suffix,2,raw,8,1,8,0.8,0.0,1.0,1.0,False,8,,,,,1,0.0,0.0,True,True,8
nonpaper diagnostic,44,suffix,3,raw,7,1,7,0.7,0.0,1.0,1.0,False,7,,,,,1,0.0,0.0,False,False,7
nonpaper diagnostic,44,suffix,4,raw,4,1,4,0.4,0.0,1.0,1.0,False,4,,,,,1,0.0,0.0,False,False,4
nonpaper diagnostic,45,cue,1,raw,3,3,1,0.1,0.9999999999999998,0.032155443114347225,0.013513513513513514,False,82,7,63,73,10,,,,,,
nonpaper diagnostic,45,cue,2,raw,10,2,9,0.9,0.46899559358928117,0.8057142857142858,0.02857142857142857,False,19,0,0,10,10,,,,,,
nonpaper diagnostic,45,cue,3,raw,7,1,7,0.7,0.0,1.0,1.0,False,7,3,30,37,10,,,,,,
nonpaper diagnostic,45,cue,4,raw,7,1,7,0.7,0.0,0.7744360902255639,0.5263157894736842,False,71,3,27,37,10,,,,,,
nonpaper diagnostic,45,cue,5,raw,9,1,9,0.9,0.0,1.0,1.0,False,49,1,9,19,10,,,,,,
nonpaper diagnostic,45,suffix,1,raw,9,1,9,0.9,0.0,1.0,1.0,False,9,,,,,1,0.0,0.0,True,True,9
nonpaper diagnostic,45,suffix,2,raw,8,1,8,0.8,0.0,1.0,1.0,False,8,,,,,1,0.0,0.0,True,True,8
nonpaper diagnostic,45,suffix,3,raw,2,1,2,0.2,0.0,1.0,1.0,False,2,,,,,1,0.0,0.0,False,True,2
nonpaper diagnostic,45,suffix,4,raw,1,1,1,0.1,0.0,0.0,0.0,False,1,,,,,1,0.0,0.0,False,False,1
nonpaper diagnostic,46,cue,1,raw,8,1,8,0.8,0.0,0.8055555555555556,0.2222222222222222,False,62,2,18,28,10,,,,,,
nonpaper diagnostic,46,cue,2,raw,6,2,5,0.5,0.6500224216483541,0.6806156806156807,0.2727272727272727,False,37,4,39,46,10,,,,,,
nonpaper diagnostic,46,cue,3,raw,6,2,5,0.5,0.6500224216483541,0.6666666666666666,0.0,False,52,4,37,46,10,,,,,,
nonpaper diagnostic,46,cue,4,raw,6,1,6,0.6,0.0,1.0,1.0,False,46,4,36,46,10,,,,,,
nonpaper diagnostic,46,cue,5,raw,4,1,4,0.4,0.0,1.0,1.0,False,73,6,54,64,10,,,,,,
nonpaper diagnostic,46,suffix,1,raw,10,2,8,0.8,0.7219280948873623,0.6331129853354608,0.0,False,26,,,,,1,0.0,0.0,True,True,26
nonpaper diagnostic,46,suffix,2,raw,10,3,5,0.5,0.8586727110732549,0.32649172982506314,0.0,False,39,,,,,1,0.0,0.0,True,True,39
nonpaper diagnostic,46,suffix,3,raw,10,4,5,0.5,0.8427376486136672,0.29239766081871343,0.0,False,36,,,,,1,0.0,0.0,True,True,36
nonpaper diagnostic,46,suffix,4,raw,10,4,4,0.4,0.9232196723355078,0.8,0.0,False,55,,,,,1,0.0,0.0,False,True,55
nonpaper diagnostic,47,cue,1,raw,0,0,0,0.0,0.0,0.0,0.0,False,82,10,90,100,10,,,,,,
nonpaper diagnostic,47,cue,2,raw,5,1,5,0.5,0.0,0.8222222222222222,0.5555555555555556,False,49,5,45,55,10,,,,,,
nonpaper diagnostic,47,cue,3,raw,0,0,0,0.0,0.0,0.0,0.0,False,96,10,90,100,10,,,,,,
nonpaper diagnostic,47,cue,4,raw,7,1,7,0.7,0.0,1.0,1.0,False,69,3,27,37,10,,,,,,
nonpaper diagnostic,47,cue,5,raw,4,1,4,0.4,0.0,1.0,1.0,False,36,6,57,64,10,,,,,,
nonpaper diagnostic,47,suffix,1,raw,10,9,2,0.2,0.9848586617875463,0.10573164000282836,0.0,False,97,,,,,1,0.0,0.0,False,False,97
nonpaper diagnostic,47,suffix,2,raw,10,6,3,0.3,0.9464119282150146,0.11716867927394242,0.0,False,81,,,,,1,0.0,0.0,False,False,81
nonpaper diagnostic,47,suffix,3,raw,9,5,3,0.3,0.946265187221801,0.20719382644388257,0.0,False,53,,,,,1,0.0,0.0,False,False,53
nonpaper diagnostic,47,suffix,4,raw,9,2,6,0.6,0.9182958340544894,0.5,0.0,False,76,,,,,1,0.0,0.0,False,False,76
nonpaper diagnostic,48,cue,1,raw,5,1,5,0.5,0.0,1.0,1.0,False,62,5,47,55,10,,,,,,
nonpaper diagnostic,48,cue,2,raw,9,1,9,0.9,0.0,1.0,1.0,False,21,1,10,19,10,,,,,,
nonpaper diagnostic,48,cue,3,raw,8,1,8,0.8,0.0,1.0,1.0,False,17,2,19,28,10,,,,,,
nonpaper diagnostic,48,cue,4,raw,7,2,6,0.6,0.5916727785823274,0.7142857142857143,0.0,False,41,3,28,37,10,,,,,,
nonpaper diagnostic,48,cue,5,raw,7,2,6,0.6,0.5916727785823274,0.7647058823529411,0.17647058823529413,False,63,3,28,37,10,,,,,,
nonpaper diagnostic,48,suffix,1,raw,10,7,3,0.3,0.94268071481726,0.17036203471533434,0.0,False,53,,,,,1,0.0,0.0,True,True,53
nonpaper diagnostic,48,suffix,2,raw,10,3,5,0.5,0.8586727110732549,0.35555555555555557,0.0,False,55,,,,,1,0.0,0.0,False,False,55
nonpaper diagnostic,48,suffix,3,raw,9,3,5,0.5,0.8527924884900404,0.36549707602339176,0.0,False,45,,,,,1,0.0,0.0,False,False,45
nonpaper diagnostic,48,suffix,4,raw,9,4,4,0.4,0.8763576394898523,0.2502596053997923,0.0,False,38,,,,,1,0.0,0.0,False,False,38
nonpaper diagnostic,49,cue,1,raw,2,2,1,0.1,1.0,0.0,0.0,False,94,8,72,82,10,,,,,,
nonpaper diagnostic,49,cue,2,raw,5,2,4,0.4,0.7219280948873623,0.6076923076923076,0.019230769230769232,False,23,5,49,55,10,,,,,,
nonpaper diagnostic,49,cue,3,raw,3,2,2,0.2,0.9182958340544894,0.40740740740740744,0.1111111111111111,False,75,7,65,73,10,,,,,,
nonpaper diagnostic,49,cue,4,raw,4,2,3,0.3,0.8112781244591328,0.21059189574819093,0.1464968152866242,False,97,6,54,64,10,,,,,,
nonpaper diagnostic,49,cue,5,raw,5,1,5,0.5,0.0,1.0,1.0,False,70,5,46,55,10,,,,,,
nonpaper diagnostic,49,suffix,1,raw,10,6,3,0.3,0.9172088932791937,0.15413131281380335,0.0,False,71,,,,,1,0.0,0.0,True,True,71
nonpaper diagnostic,49,suffix,2,raw,10,4,3,0.3,0.9854752972273345,0.1847953216374269,0.0,False,59,,,,,1,0.0,0.0,False,False,59
nonpaper diagnostic,49,suffix,3,raw,9,4,6,0.6,0.7233083338141042,0.4166666666666667,0.0,False,33,,,,,1,0.0,0.0,False,False,33
nonpaper diagnostic,49,suffix,4,raw,9,4,5,0.5,0.8288713632524444,0.30438718847832924,0.0,False,18,,,,,1,0.0,0.0,False,False,18
nonpaper diagnostic,50,cue,1,raw,5,1,5,0.5,0.0,1.0,1.0,False,62,5,48,55,10,,,,,,
nonpaper diagnostic,50,cue,2,raw,10,2,9,0.9,0.46899559358928117,0.9,0.5,True,14,0,0,10,10,,,,,,
nonpaper diagnostic,50,cue,3,raw,8,1,8,0.8,0.0,1.0,1.0,False,8,2,20,28,10,,,,,,
nonpaper diagnostic,50,cue,4,raw,8,1,8,0.8,0.0,1.0,1.0,False,11,2,20,28,10,,,,,,
nonpaper diagnostic,50,cue,5,raw,9,1,9,0.9,0.0,1.0,1.0,False,26,1,10,19,10,,,,,,
nonpaper diagnostic,50,suffix,1,raw,10,3,6,0.6,0.8173454221465101,0.4652121212121212,0.0,False,32,,,,,1,0.0,0.0,True,True,32
nonpaper diagnostic,50,suffix,2,raw,10,5,6,0.6,0.7627069065377661,0.4339869281045752,0.0,False,36,,,,,1,0.0,0.0,True,True,36
nonpaper diagnostic,50,suffix,3,raw,9,3,4,0.4,0.965633607142825,0.28654970760233917,0.0,False,13,,,,,1,0.0,0.0,False,False,13
nonpaper diagnostic,50,suffix,4,raw,6,3,4,0.4,0.7896900821428474,0.3968384117010451,0.25471698113207547,False,11,,,,,1,0.0,0.0,False,False,11
nonpaper diagnostic,51,cue,1,raw,0,0,0,0.0,0.0,0.0,0.0,False,82,10,91,100,10,,,,,,
nonpaper diagnostic,51,cue,2,raw,4,2,3,0.3,0.8112781244591328,0.5263157894736842,0.05263157894736842,False,46,6,56,64,10,,,,,,
nonpaper diagnostic,51,cue,3,raw,5,1,5,0.5,0.0,1.0,1.0,False,28,5,47,55,10,,,,,,
nonpaper diagnostic,51,cue,4,raw,4,3,2,0.2,0.946394630357186,0.35852167957431114,0.02702702702702703,False,64,6,55,64,10,,,,,,
nonpaper diagnostic,51,cue,5,raw,5,1,5,0.5,0.0,1.0,1.0,False,34,5,47,55,10,,,,,,
nonpaper diagnostic,51,suffix,1,raw,9,3,4,0.4,0.965633607142825,0.2895583335105472,0.0,False,39,,,,,1,0.0,0.0,True,True,39
nonpaper diagnostic,51,suffix,2,raw,10,9,2,0.2,0.9848586617875463,0.33592177572039206,0.0,False,64,,,,,1,0.0,0.0,False,False,64
nonpaper diagnostic,51,suffix,3,raw,10,5,5,0.5,0.8445412464587144,0.24444444444444444,0.0,False,31,,,,,1,0.0,0.0,False,False,31
nonpaper diagnostic,51,suffix,4,raw,10,4,5,0.5,0.8427376486136672,0.4122210520925499,0.0625,False,36,,,,,1,0.0,0.0,False,False,36
nonpaper diagnostic,52,cue,1,raw,10,1,10,1.0,0.0,1.0,1.0,True,41,0,0,10,10,,,,,,
nonpaper diagnostic,52,cue,2,raw,5,1,5,0.5,0.0,1.0,1.0,False,5,5,50,55,10,,,,,,
nonpaper diagnostic,52,cue,3,raw,0,0,0,0.0,0.0,0.0,0.0,False,96,10,91,100,10,,,,,,
nonpaper diagnostic,52,cue,4,raw,1,1,1,0.1,0.0,0.0,0.0,False,59,9,83,91,10,,,,,,
nonpaper diagnostic,52,cue,5,raw,4,2,3,0.3,0.8112781244591328,0.22396914231279555,0.03571428571428571,False,99,6,54,64,10,,,,,,
nonpaper diagnostic,52,suffix,1,raw,10,4,7,0.7,0.6783898247235197,0.4846508693236439,0.013071895424836602,False,43,,,,,1,0.0,0.0,True,True,43
nonpaper diagnostic,52,suffix,2,raw,10,6,5,0.5,0.8359750080865052,0.26184206555393674,0.0,False,33,,,,,1,0.0,0.0,True,True,33
nonpaper diagnostic,52,suffix,3,raw,9,3,7,0.7,0.6223659728744494,0.5946502057613169,0.0,False,20,,,,,1,0.0,0.0,False,False,20
nonpaper diagnostic,52,suffix,4,raw,9,2,7,0.7,0.7642045065086203,0.6111111111111112,0.0,False,17,,,,,1,0.0,0.0,False,False,17
nonpaper diagnostic,53,cue,1,raw,9,1,9,0.9,0.0,1.0,1.0,False,50,1,9,19,10,,,,,,
nonpaper diagnostic,53,cue,2,raw,7,1,7,0.7,0.0,1.0,1.0,False,14,3,30,37,10,,,,,,
nonpaper diagnostic,53,cue,3,raw,4,1,4,0.4,0.0,1.0,1.0,False,11,6,60,64,10,,,,,,
nonpaper diagnostic,53,cue,4,raw,3,1,3,0.3,0.0,0.25294040414891206,0.18888888888888888,False,96,7,63,73,10,,,,,,
nonpaper diagnostic,53,cue,5,raw,4,3,2,0.2,0.946394630357186,0.3503145773979108,0.11538461538461539,False,98,6,54,64,10,,,,,,
nonpaper diagnostic,53,suffix,1,raw,10,6,4,0.4,0.8982444017039272,0.19659711143059175,0.0,False,44,,,,,1,0.0,0.0,True,True,44
nonpaper diagnostic,53,suffix,2,raw,9,5,3,0.3,0.946265187221801,0.39225589225589225,0.0,False,48,,,,,1,0.0,0.0,False,False,48
nonpaper diagnostic,53,suffix,3,raw,10,5,5,0.5,0.8445412464587144,0.26190905666130465,0.0,False,25,,,,,1,0.0,0.0,False,False,25
nonpaper diagnostic,53,suffix,4,raw,9,2,8,0.8,0.5032583347756457,0.7777777777777778,0.0,False,12,,,,,1,0.0,0.0,False,True,12
nonpaper diagnostic,54,cue,1,raw,5,1,5,0.5,0.0,0.7157894736842105,0.5263157894736842,False,82,5,45,55,10,,,,,,
nonpaper diagnostic,54,cue,2,raw,8,2,7,0.7,0.5435644431995964,0.8137254901960784,0.2549019607843137,False,51,2,18,28,10,,,,,,
nonpaper diagnostic,54,cue,3,raw,3,1,3,0.3,0.0,1.0,1.0,False,35,7,65,73,10,,,,,,
nonpaper diagnostic,54,cue,4,raw,1,1,1,0.1,0.0,0.0,0.0,False,97,9,81,91,10,,,,,,
nonpaper diagnostic,54,cue,5,raw,8,1,8,0.8,0.0,1.0,1.0,False,43,2,18,28,10,,,,,,
nonpaper diagnostic,54,suffix,1,raw,8,5,3,0.3,0.9283832117695864,0.2382602970455525,0.013245033112582781,False,30,,,,,1,0.0,0.0,False,True,30
nonpaper diagnostic,54,suffix,2,raw,10,6,3,0.3,0.9172088932791937,0.5521093285799168,0.0,False,73,,,,,1,0.0,0.0,False,False,73
nonpaper diagnostic,54,suffix,3,raw,9,6,4,0.4,0.8824252235446577,0.3012856214610601,0.0,False,55,,,,,1,0.0,0.0,False,False,55
nonpaper diagnostic,54,suffix,4,raw,9,3,5,0.5,0.8527924884900404,0.3926484789956543,0.009174311926605505,False,15,,,,,1,0.0,0.0,False,False,15
nonpaper diagnostic,55,cue,1,raw,3,2,2,0.2,0.9182958340544894,0.45098039215686275,0.17647058823529413,False,88,7,64,73,10,,,,,,
nonpaper diagnostic,55,cue,2,raw,10,1,10,1.0,0.0,1.0,1.0,True,20,0,0,10,10,,,,,,
nonpaper diagnostic,55,cue,3,raw,6,2,5,0.5,0.6500224216483541,0.7777777777777778,0.3333333333333333,False,6,4,40,46,10,,,,,,
nonpaper diagnostic,55,cue,4,raw,3,2,2,0.2,0.9182958340544894,0.34188034188034183,0.01282051282051282,False,61,7,66,73,10,,,,,,
nonpaper diagnostic,55,cue,5,raw,8,2,7,0.7,0.5435644431995964,0.7635467980295567,0.3793103448275862,False,41,2,19,28,10,,,,,,
nonpaper diagnostic,55,suffix,1,raw,8,1,8,0.8,0.0,1.0,1.0,False,10,,,,,1,0.0,0.0,True,True,10
nonpaper diagnostic,55,suffix,2,raw,7,2,6,0.6,0.5916727785823274,0.6203703703703705,0.1111111111111111,False,10,,,,,1,0.0,0.0,True,True,10
nonpaper diagnostic,55,suffix,3,raw,8,2,7,0.7,0.5435644431995964,0.75,0.0,False,10,,,,,1,0.0,0.0,False,False,10
nonpaper diagnostic,55,suffix,4,raw,3,1,3,0.3,0.0,1.0,1.0,False,3,,,,,1,0.0,0.0,False,False,3
nonpaper diagnostic,56,cue,1,raw,9,1,9,0.9,0.0,1.0,1.0,False,38,1,9,19,10,,,,,,
nonpaper diagnostic,56,cue,2,raw,7,2,6,0.6,0.5916727785823274,0.41449562937039985,0.14084507042253522,False,14,3,29,37,10,,,,,,
nonpaper diagnostic,56,cue,3,raw,6,2,5,0.5,0.6500224216483541,0.35907893572047134,0.12658227848101267,False,82,4,36,46,10,,,,,,
nonpaper diagnostic,56,cue,4,raw,8,1,8,0.8,0.0,0.875,0.5,False,21,2,19,28,10,,,,,,
nonpaper diagnostic,56,cue,5,raw,7,1,7,0.7,0.0,1.0,1.0,False,14,3,29,37,10,,,,,,
nonpaper diagnostic,56,suffix,1,raw,9,5,4,0.4,0.886682880001534,0.20845776217087295,0.0,False,49,,,,,1,0.0,0.0,False,False,49
nonpaper diagnostic,56,suffix,2,raw,8,5,3,0.3,0.9283832117695864,0.3618933697881066,0.0,False,43,,,,,1,0.0,0.0,False,False,43
nonpaper diagnostic,56,suffix,3,raw,9,5,3,0.3,0.946265187221801,0.16039171860523457,0.0,False,17,,,,,1,0.0,0.0,False,False,17
nonpaper diagnostic,56,suffix,4,raw,8,2,6,0.6,0.8112781244591328,0.42445054945054944,0.0,False,15,,,,,1,0.0,0.0,False,False,15
nonpaper diagnostic,57,cue,1,raw,2,1,2,0.2,0.0,0.5,0.5,False,84,8,72,82,10,,,,,,
nonpaper diagnostic,57,cue,2,raw,6,1,6,0.6,0.0,1.0,1.0,False,29,4,38,46,10,,,,,,
nonpaper diagnostic,57,cue,3,raw,7,1,7,0.7,0.0,0.8571428571428571,0.5,False,47,3,27,37,10,,,,,,
nonpaper diagnostic,57,cue,4,raw,7,1,7,0.7,0.0,0.8730158730158729,0.5555555555555556,False,62,3,28,37,10,,,,,,
nonpaper diagnostic,57,cue,5,raw,7,1,7,0.7,0.0,1.0,1.0,False,25,3,28,37,10,,,,,,
nonpaper diagnostic,57,suffix,1,raw,10,5,5,0.5,0.8445412464587144,0.15642374492246217,0.008928571428571428,False,63,,,,,1,0.0,0.0,False,True,63
nonpaper diagnostic,57,suffix,2,raw,10,8,3,0.3,0.9488131148903386,0.24944178628389158,0.0,False,83,,,,,1,0.0,0.0,False,False,83
nonpaper diagnostic,57,suffix,3,raw,10,8,3,0.3,0.9488131148903386,0.08728607243240775,0.0,False,45,,,,,1,0.0,0.0,False,False,45
nonpaper diagnostic,57,suffix,4,raw,10,6,4,0.4,0.8982444017039272,0.20170940170940171,0.0,False,40,,,,,1,0.0,0.0,False,False,40
nonpaper diagnostic,58,cue,1,raw,3,1,3,0.3,0.0,0.7619047619047619,0.6428571428571429,False,82,7,63,73,10,,,,,,
nonpaper diagnostic,58,cue,2,raw,7,1,7,0.7,0.0,1.0,1.0,False,19,3,29,37,10,,,,,,
nonpaper diagnostic,58,cue,3,raw,2,1,2,0.2,0.0,0.5,0.5,False,89,8,72,82,10,,,,,,
nonpaper diagnostic,58,cue,4,raw,7,1,7,0.7,0.0,1.0,1.0,False,42,3,29,37,10,,,,,,
nonpaper diagnostic,58,cue,5,raw,2,2,1,0.1,1.0,0.024390243902439025,0.024390243902439025,False,57,8,78,82,10,,,,,,
nonpaper diagnostic,58,suffix,1,raw,10,5,4,0.4,0.9138646883853215,0.18067491503570732,0.0,False,53,,,,,1,0.0,0.0,False,True,53
nonpaper diagnostic,58,suffix,2,raw,10,6,3,0.3,0.9464119282150146,0.11373809707143041,0.0,False,56,,,,,1,0.0,0.0,False,True,56
nonpaper diagnostic,58,suffix,3,raw,10,7,3,0.3,0.94268071481726,0.13754436809592202,0.0,False,35,,,,,1,0.0,0.0,False,False,35
nonpaper diagnostic,58,suffix,4,raw,4,3,2,0.2,0.946394630357186,0.21443954881221697,0.018518518518518517,False,9,,,,,1,0.0,0.0,False,False,9
nonpaper diagnostic,59,cue,1,raw,7,2,6,0.6,0.5916727785823274,0.7142857142857143,0.0,False,88,3,27,37,10,,,,,,
nonpaper diagnostic,59,cue,2,raw,8,2,7,0.7,0.5435644431995964,0.7777777777777778,0.1111111111111111,False,48,2,19,28,10,,,,,,
nonpaper diagnostic,59,cue,3,raw,7,2,6,0.6,0.5916727785823274,0.6015037593984962,0.0,False,33,3,28,37,10,,,,,,
nonpaper diagnostic,59,cue,4,raw,9,1,9,0.9,0.0,1.0,1.0,False,15,1,10,19,10,,,,,,
nonpaper diagnostic,59,cue,5,raw,10,2,9,0.9,0.46899559358928117,0.6277889938521517,0.08547008547008547,True,19,0,0,10,10,,,,,,
nonpaper diagnostic,59,suffix,1,raw,10,3,7,0.7,0.7298466991620975,0.9052631578947369,0.5263157894736842,False,14,,,,,1,0.0,0.0,False,True,14
nonpaper diagnostic,59,suffix,2,raw,4,1,4,0.4,0.0,1.0,1.0,False,2,,,,,1,0.0,0.0,True,True,2
nonpaper diagnostic,60,cue,1,raw,7,1,7,0.7,0.0,1.0,1.0,False,41,3,28,37,10,,,,,,
nonpaper diagnostic,60,cue,2,raw,7,2,6,0.6,0.5916727785823274,0.8730158730158729,0.5555555555555556,False,31,3,29,37,10,,,,,,
nonpaper diagnostic,60,cue,3,raw,5,2,4,0.4,0.7219280948873623,0.3202981380047486,0.16666666666666666,False,87,5,45,55,10,,,,,,
nonpaper diagnostic,60,cue,4,raw,4,1,4,0.4,0.0,1.0,1.0,False,48,6,55,64,10,,,,,,
nonpaper diagnostic,60,cue,5,raw,4,1,4,0.4,0.0,0.5588235294117647,0.11764705882352941,False,90,6,54,64,10,,,,,,
nonpaper diagnostic,60,suffix,1,raw,10,7,3,0.3,0.94268071481726,0.33214695148233486,0.009259259259259259,False,82,,,,,1,0.0,0.0,False,True,82
nonpaper diagnostic,60,suffix,2,raw,10,6,4,0.4,0.8982444017039272,0.17777777777777778,0.0,False,81,,,,,1,0.0,0.0,False,True,81
nonpaper diagnostic,60,suffix,3,raw,10,3,6,0.6,0.8173454221465101,0.31009646655141204,0.0,False,38,,,,,1,0.0,0.0,True,True,38
nonpaper diagnostic,60,suffix,4,raw,9,4,4,0.4,0.8763576394898523,0.5084502531956953,0.01282051282051282,False,57,,,,,1,0.0,0.0,False,False,57
nonpaper diagnostic,61,cue,1,raw,2,1,2,0.2,0.0,0.2898550724637681,0.2898550724637681,False,94,8,72,82,10,,,,,,
nonpaper diagnostic,61,cue,2,raw,7,2,6,0.6,0.5916727785823274,0.39256655726973966,0.10416666666666667,False,61,3,27,37,10,,,,,,
nonpaper diagnostic,61,cue,3,raw,3,1,3,0.3,0.0,1.0,1.0,False,38,7,70,73,10,,,,,,
nonpaper diagnostic,61,cue,4,raw,7,2,6,0.6,0.5916727785823274,0.7142857142857143,0.0,False,31,3,29,37,10,,,,,,
nonpaper diagnostic,61,cue,5,raw,5,1,5,0.5,0.0,1.0,1.0,False,55,5,46,55,10,,,,,,
nonpaper diagnostic,61,suffix,1,raw,10,2,9,0.9,0.46899559358928117,0.8,0.0,False,21,,,,,1,0.0,0.0,True,True,21
nonpaper diagnostic,61,suffix,2,raw,7,2,6,0.6,0.5916727785823274,0.72,0.02,False,8,,,,,1,0.0,0.0,True,True,8
nonpaper diagnostic,61,suffix,3,raw,4,1,4,0.4,0.0,1.0,1.0,False,3,,,,,1,0.0,0.0,True,True,3
nonpaper diagnostic,61,suffix,4,raw,4,1,4,0.4,0.0,0.5499769369773378,0.48936170212765956,False,6,,,,,1,0.0,0.0,False,False,6
nonpaper diagnostic,62,cue,1,raw,3,1,3,0.3,0.0,0.24591953073014017,0.16129032258064516,False,82,7,63,73,10,,,,,,
nonpaper diagnostic,62,cue,2,raw,4,3,2,0.2,0.946394630357186,0.19434863974511654,0.012048192771084338,False,94,6,54,64,10,,,,,,
nonpaper diagnostic,62,cue,3,raw,8,1,8,0.8,0.0,1.0,1.0,False,19,2,19,28,10,,,,,,
nonpaper diagnostic,62,cue,4,raw,8,2,7,0.7,0.5435644431995964,0.75625,0.025,False,37,2,18,28,10,,,,,,
nonpaper diagnostic,62,cue,5,raw,7,1,7,0.7,0.0,1.0,1.0,False,11,3,29,37,10,,,,,,
nonpaper diagnostic,62,suffix,1,raw,10,3,7,0.7,0.7298466991620975,0.5074236517218973,0.0,False,18,,,,,1,0.0,0.0,True,True,18
nonpaper diagnostic,62,suffix,2,raw,8,2,5,0.5,0.954434002924965,0.4642857142857143,0.0,False,8,,,,,1,0.0,0.0,True,True,8
nonpaper diagnostic,62,suffix,3,raw,7,1,7,0.7,0.0,1.0,1.0,False,7,,,,,1,0.0,0.0,False,False,7
nonpaper diagnostic,62,suffix,4,raw,7,4,4,0.4,0.8322488896002307,0.46889033941919,0.09836065573770492,False,8,,,,,1,0.0,0.0,False,False,8
nonpaper diagnostic,63,cue,1,raw,6,1,6,0.6,0.0,1.0,1.0,False,50,4,36,46,10,,,,,,
nonpaper diagnostic,63,cue,2,raw,2,2,1,0.1,1.0,0.19166666666666668,0.19166666666666668,False,92,8,73,82,10,,,,,,
nonpaper diagnostic,63,cue,3,raw,8,1,8,0.8,0.0,1.0,1.0,False,48,2,19,28,10,,,,,,
nonpaper diagnostic,63,cue,4,raw,7,1,7,0.7,0.0,1.0,1.0,False,38,3,30,37,10,,,,,,
nonpaper diagnostic,63,cue,5,raw,7,2,6,0.6,0.5916727785823274,0.7495590828924162,0.12345679012345678,False,31,3,27,37,10,,,,,,
nonpaper diagnostic,63,suffix,1,raw,10,7,3,0.3,0.94268071481726,0.12089222458657889,0.0,False,61,,,,,1,0.0,0.0,False,True,61
nonpaper diagnostic,63,suffix,2,raw,10,5,5,0.5,0.8445412464587144,0.33367003367003367,0.0,False,64,,,,,1,0.0,0.0,False,True,64
nonpaper diagnostic,63,suffix,3,raw,10,6,3,0.3,0.9464119282150146,0.13027074358348356,0.0,False,34,,,,,1,0.0,0.0,False,False,34
nonpaper diagnostic,63,suffix,4,raw,7,3,5,0.5,0.7248340915057598,0.5388471177944862,0.0,False,9,,,,,1,0.0,0.0,False,False,9
nonpaper diagnostic,64,cue,1,raw,4,1,4,0.4,0.0,1.0,1.0,False,84,6,54,64,10,,,,,,
nonpaper diagnostic,64,cue,2,raw,5,1,5,0.5,0.0,1.0,1.0,False,14,5,50,55,10,,,,,,
nonpaper diagnostic,64,cue,3,raw,3,1,3,0.3,0.0,1.0,1.0,False,94,7,63,73,10,,,,,,
nonpaper diagnostic,64,cue,4,raw,10,1,10,1.0,0.0,1.0,1.0,True,69,0,0,10,10,,,,,,
nonpaper diagnostic,64,cue,5,raw,9,1,9,0.9,0.0,1.0,1.0,False,9,1,10,19,10,,,,,,
nonpaper diagnostic,64,suffix,1,raw,10,1,10,1.0,0.0,1.0,1.0,True,11,,,,,1,0.0,0.0,True,True,11
nonpaper diagnostic,64,suffix,2,raw,6,1,6,0.6,0.0,1.0,1.0,False,6,,,,,1,0.0,0.0,True,True,6
nonpaper diagnostic,64,suffix,3,raw,7,1,7,0.7,0.0,1.0,1.0,False,7,,,,,1,0.0,0.0,False,False,7
nonpaper diagnostic,64,suffix,4,raw,7,2,6,0.6,0.5916727785823274,0.6266666666666667,0.1,False,12,,,,,1,0.0,0.0,False,False,12
nonpaper diagnostic,65,cue,1,raw,7,1,7,0.7,0.0,1.0,1.0,False,49,3,27,37,10,,,,,,
nonpaper diagnostic,65,cue,2,raw,8,1,8,0.8,0.0,0.5994897959183673,0.17857142857142858,False,44,2,20,28,10,,,,,,
nonpaper diagnostic,65,cue,3,raw,4,1,4,0.4,0.0,1.0,1.0,False,31,6,56,64,10,,,,,,
nonpaper diagnostic,65,cue,4,raw,1,1,1,0.1,0.0,0.0,0.0,False,97,9,81,91,10,,,,,,
nonpaper diagnostic,65,cue,5,raw,8,1,8,0.8,0.0,1.0,1.0,False,35,2,18,28,10,,,,,,
nonpaper diagnostic,65,suffix,1,raw,7,1,7,0.7,0.0,1.0,1.0,False,10,,,,,1,0.0,0.0,True,True,10
nonpaper diagnostic,65,suffix,2,raw,8,1,8,0.8,0.0,1.0,1.0,False,8,,,,,1,0.0,0.0,True,True,8
nonpaper diagnostic,65,suffix,3,raw,4,1,4,0.4,0.0,1.0,1.0,False,2,,,,,1,0.0,0.0,True,True,2
nonpaper diagnostic,66,cue,1,raw,6,1,6,0.6,0.0,1.0,1.0,False,84,4,36,46,10,,,,,,
nonpaper diagnostic,66,cue,2,raw,10,1,10,1.0,0.0,1.0,1.0,True,15,0,0,10,10,,,,,,
nonpaper diagnostic,66,cue,3,raw,9,1,9,0.9,0.0,1.0,1.0,False,9,1,10,19,10,,,,,,
nonpaper diagnostic,66,cue,4,raw,9,2,8,0.8,0.5032583347756457,0.7857142857142857,0.03571428571428571,False,24,1,10,19,10,,,,,,
nonpaper diagnostic,66,cue,5,raw,7,1,7,0.7,0.0,1.0,1.0,False,8,3,29,37,10,,,,,,
nonpaper diagnostic,66,suffix,1,raw,10,3,6,0.6,0.8173454221465101,0.4779956427015251,0.0,False,30,,,,,1,0.0,0.0,False,True,30
nonpaper diagnostic,66,suffix,2,raw,6,4,3,0.3,0.8962406251802889,0.22058922738548822,0.0,False,10,,,,,1,0.0,0.0,False,False,10
nonpaper diagnostic,66,suffix,3,raw,8,1,8,0.8,0.0,1.0,1.0,False,9,,,,,1,0.0,0.0,False,False,9
nonpaper diagnostic,66,suffix,4,raw,4,1,4,0.4,0.0,1.0,1.0,False,2,,,,,1,0.0,0.0,False,False,2
nonpaper diagnostic,67,cue,1,raw,8,1,8,0.8,0.0,1.0,1.0,False,62,2,18,28,10,,,,,,
nonpaper diagnostic,67,cue,2,raw,8,1,8,0.8,0.0,1.0,1.0,False,11,2,20,28,10,,,,,,
nonpaper diagnostic,67,cue,3,raw,9,1,9,0.9,0.0,1.0,1.0,False,21,1,10,19,10,,,,,,
nonpaper diagnostic,67,cue,4,raw,9,1,9,0.9,0.0,1.0,1.0,False,17,1,10,19,10,,,,,,
nonpaper diagnostic,67,cue,5,raw,6,1,6,0.6,0.0,1.0,1.0,False,11,4,39,46,10,,,,,,
nonpaper diagnostic,67,suffix,1,raw,10,4,6,0.6,0.7854752972273344,0.3882701923891855,0.0,False,43,,,,,1,0.0,0.0,True,True,43
nonpaper diagnostic,67,suffix,2,raw,10,2,9,0.9,0.46899559358928117,0.8,0.0,False,20,,,,,1,0.0,0.0,False,False,20
nonpaper diagnostic,67,suffix,3,raw,7,1,7,0.7,0.0,1.0,1.0,False,7,,,,,1,0.0,0.0,False,True,7
nonpaper diagnostic,67,suffix,4,raw,4,1,4,0.4,0.0,1.0,1.0,False,6,,,,,1,0.0,0.0,False,False,6
nonpaper diagnostic,68,cue,1,raw,7,1,7,0.7,0.0,1.0,1.0,False,21,3,27,37,10,,,,,,
nonpaper diagnostic,68,cue,2,raw,7,1,7,0.7,0.0,1.0,1.0,False,18,3,30,37,10,,,,,,
nonpaper diagnostic,68,cue,3,raw,5,5,1,0.1,1.0000000000000002,0.3612595294658083,0.11578947368421053,False,88,5,45,55,10,,,,,,
nonpaper diagnostic,68,cue,4,raw,6,3,4,0.4,0.7896900821428474,0.4205637429896545,0.01020408163265306,False,49,4,38,46,10,,,,,,
nonpaper diagnostic,68,cue,5,raw,7,2,6,0.6,0.5916727785823274,0.718070009460738,0.013245033112582781,False,51,3,27,37,10,,,,,,
nonpaper diagnostic,68,suffix,1,raw,10,6,3,0.3,0.9464119282150146,0.20346527076107246,0.0,False,58,,,,,1,0.0,0.0,False,True,58
nonpaper diagnostic,68,suffix,2,raw,10,4,5,0.5,0.8804820237218407,0.2865497076023392,0.0,False,43,,,,,1,0.0,0.0,False,False,43
nonpaper diagnostic,68,suffix,3,raw,9,6,4,0.4,0.8824252235446577,0.17880774662689555,0.0,False,43,,,,,1,0.0,0.0,False,False,43
nonpaper diagnostic,68,suffix,4,raw,9,4,4,0.4,0.8763576394898523,0.2091226541334103,0.0,False,37,,,,,1,0.0,0.0,False,False,37
nonpaper diagnostic,69,cue,1,raw,4,1,4,0.4,0.0,1.0,1.0,False,56,6,55,64,10,,,,,,
nonpaper diagnostic,69,cue,2,raw,7,1,7,0.7,0.0,1.0,1.0,False,59,3,28,37,10,,,,,,
nonpaper diagnostic,69,cue,3,raw,6,1,6,0.6,0.0,1.0,1.0,False,10,4,40,46,10,,,,,,
nonpaper diagnostic,69,cue,4,raw,3,2,2,0.2,0.9182958340544894,0.17766955266955267,0.015151515151515152,False,92,7,63,73,10,,,,,,
nonpaper diagnostic,69,cue,5,raw,8,1,8,0.8,0.0,1.0,1.0,False,25,2,20,28,10,,,,,,
nonpaper diagnostic,69,suffix,1,raw,9,5,3,0.3,0.9101415926479804,0.19905288598555154,0.0,False,41,,,,,1,0.0,0.0,True,True,41
nonpaper diagnostic,69,suffix,2,raw,9,6,3,0.3,0.935944697445866,0.15792638161059214,0.0,False,64,,,,,1,0.0,0.0,False,True,64
nonpaper diagnostic,69,suffix,3,raw,9,6,3,0.3,0.935944697445866,0.12358448592073988,0.0,False,45,,,,,1,0.0,0.0,False,False,45
nonpaper diagnostic,69,suffix,4,raw,10,6,5,0.5,0.8359750080865052,0.19403147185076391,0.0,False,31,,,,,1,0.0,0.0,False,False,31
nonpaper diagnostic,70,cue,1,raw,8,1,8,0.8,0.0,0.8055555555555556,0.2222222222222222,False,62,2,18,28,10,,,,,,
nonpaper diagnostic,70,cue,2,raw,6,1,6,0.6,0.0,0.4943672839506173,0.15625,False,37,4,38,46,10,,,,,,
nonpaper diagnostic,70,cue,3,raw,6,2,5,0.5,0.6500224216483541,0.8421052631578948,0.5263157894736842,False,69,4,36,46,10,,,,,,
nonpaper diagnostic,70,cue,4,raw,9,2,8,0.8,0.5032583347756457,0.8130511463844797,0.15873015873015872,False,27,1,10,19,10,,,,,,
nonpaper diagnostic,70,cue,5,raw,5,1,5,0.5,0.0,0.8222222222222222,0.5555555555555556,False,16,5,47,55,10,,,,,,
nonpaper diagnostic,70,suffix,1,raw,9,4,5,0.5,0.8288713632524444,0.3117535191985603,0.012195121951219513,False,50,,,,,1,0.0,0.0,True,True,50
nonpaper diagnostic,70,suffix,2,raw,9,3,6,0.6,0.7725068857142601,0.44721094721094723,0.0,False,32,,,,,1,0.0,0.0,True,True,32
nonpaper diagnostic,70,suffix,3,raw,9,3,6,0.6,0.7725068857142601,0.6111111111111112,0.0,False,24,,,,,1,0.0,0.0,False,False,24
nonpaper diagnostic,70,suffix,4,raw,9,4,4,0.4,0.8763576394898523,0.2620744612208027,0.0,False,19,,,,,1,0.0,0.0,False,False,19
nonpaper diagnostic,71,cue,1,raw,6,1,6,0.6,0.0,0.7157894736842105,0.5263157894736842,False,88,4,36,46,10,,,,,,
nonpaper diagnostic,71,cue,2,raw,9,1,9,0.9,0.0,0.7530864197530864,0.5555555555555556,False,11,1,10,19,10,,,,,,
nonpaper diagnostic,71,cue,3,raw,8,3,5,0.5,0.8194483718728035,0.3021337883878376,0.0603448275862069,False,71,2,18,28,10,,,,,,
nonpaper diagnostic,71,cue,4,raw,6,1,6,0.6,0.0,0.8261437908496733,0.5882352941176471,False,37,4,37,46,10,,,,,,
nonpaper diagnostic,71,cue,5,raw,6,1,6,0.6,0.0,1.0,1.0,False,42,4,38,46,10,,,,,,
nonpaper diagnostic,71,suffix,1,raw,10,5,3,0.3,0.9674887648835618,0.13367450295198907,0.0,False,62,,,,,1,0.0,0.0,False,True,62
nonpaper diagnostic,71,suffix,2,raw,10,10,1,0.1,0.9999999999999998,0.1868765456000547,0.0,False,71,,,,,1,0.0,0.0,False,True,71
nonpaper diagnostic,71,suffix,3,raw,10,6,4,0.4,0.8982444017039272,0.20279602424979698,0.0,False,35,,,,,1,0.0,0.0,False,False,35
nonpaper diagnostic,71,suffix,4,raw,10,5,5,0.5,0.8445412464587144,0.21086066249687907,0.0,False,36,,,,,1,0.0,0.0,False,False,36
nonpaper diagnostic,72,cue,1,raw,5,1,5,0.5,0.0,1.0,1.0,False,70,5,45,55,10,,,,,,
nonpaper diagnostic,72,cue,2,raw,8,1,8,0.8,0.0,1.0,1.0,False,9,2,20,28,10,,,,,,
nonpaper diagnostic,72,cue,3,raw,7,1,7,0.7,0.0,1.0,1.0,False,33,3,28,37,10,,,,,,
nonpaper diagnostic,72,cue,4,raw,7,1,7,0.7,0.0,1.0,1.0,False,16,3,28,37,10,,,,,,
nonpaper diagnostic,72,cue,5,raw,4,2,3,0.3,0.8112781244591328,0.7037037037037037,0.5555555555555556,False,40,6,55,64,10,,,,,,
nonpaper diagnostic,72,suffix,1,raw,10,4,7,0.7,0.6783898247235197,0.48125553226182155,0.0,False,46,,,,,1,0.0,0.0,True,True,46
nonpaper diagnostic,72,suffix,2,raw,9,5,3,0.3,0.946265187221801,0.30818014831172724,0.0,False,75,,,,,1,0.0,0.0,False,True,75
nonpaper diagnostic,72,suffix,3,raw,9,5,4,0.4,0.886682880001534,0.19662309368191722,0.0,False,42,,,,,1,0.0,0.0,False,False,42
nonpaper diagnostic,72,suffix,4,raw,9,3,4,0.4,0.8783471047618534,0.6608900899836573,0.35714285714285715,False,18,,,,,1,0.0,0.0,False,False,18
nonpaper diagnostic,73,cue,1,raw,6,1,6,0.6,0.0,1.0,1.0,False,58,4,38,46,10,,,,,,
nonpaper diagnostic,73,cue,2,raw,9,1,9,0.9,0.0,1.0,1.0,False,22,1,10,19,10,,,,,,
nonpaper diagnostic,73,cue,3,raw,5,1,5,0.5,0.0,1.0,1.0,False,38,5,49,55,10,,,,,,
nonpaper diagnostic,73,cue,4,raw,2,1,2,0.2,0.0,0.3010752688172043,0.3010752688172043,False,95,8,72,82,10,,,,,,
nonpaper diagnostic,73,cue,5,raw,2,1,2,0.2,0.0,1.0,1.0,False,94,8,72,82,10,,,,,,
nonpaper diagnostic,73,suffix,1,raw,10,5,3,0.3,0.9674887648835618,0.20780491533845505,0.0,False,65,,,,,1,0.0,0.0,False,True,65
nonpaper diagnostic,73,suffix,2,raw,10,4,5,0.5,0.8427376486136672,0.28935185185185186,0.0,False,29,,,,,1,0.0,0.0,False,False,29
nonpaper diagnostic,73,suffix,3,raw,6,5,2,0.2,0.9697238998682473,0.08380611260452372,0.0,False,6,,,,,1,0.0,0.0,False,False,6
nonpaper diagnostic,73,suffix,4,raw,1,1,1,0.1,0.0,0.0,0.0,False,1,,,,,1,0.0,0.0,False,False,1
nonpaper diagnostic,74,cue,1,raw,9,1,9,0.9,0.0,1.0,1.0,False,35,1,10,19,10,,,,,,
nonpaper diagnostic,74,cue,2,raw,4,1,4,0.4,0.0,0.4940704251049079,0.27586206896551724,False,6,6,60,64,10,,,,,,
nonpaper diagnostic,74,cue,3,raw,4,1,4,0.4,0.0,0.2089778679619867,0.06896551724137931,False,97,6,54,64,10,,,,,,
nonpaper diagnostic,74,cue,4,raw,2,1,2,0.2,0.0,1.0,1.0,False,94,8,72,82,10,,,,,,
nonpaper diagnostic,74,cue,5,raw,4,1,4,0.4,0.0,0.75,0.5,False,59,6,58,64,10,,,,,,
nonpaper diagnostic,74,suffix,1,raw,10,9,2,0.2,0.9848586617875463,0.14820244512960612,0.0,False,85,,,,,1,0.0,0.0,False,True,85
nonpaper diagnostic,74,suffix,2,raw,10,3,5,0.5,0.8586727110732549,0.37894736842105264,0.0,False,71,,,,,1,0.0,0.0,False,False,71
nonpaper diagnostic,74,suffix,3,raw,10,5,4,0.4,0.881353453268883,0.23211202631993896,0.0,False,48,,,,,1,0.0,0.0,False,False,48
nonpaper diagnostic,74,suffix,4,raw,10,6,4,0.4,0.8982444017039272,0.1645798562591551,0.0,False,44,,,,,1,0.0,0.0,False,False,44
nonpaper diagnostic,75,cue,1,raw,8,2,7,0.7,0.5435644431995964,0.75,0.0,False,28,2,18,28,10,,,,,,
nonpaper diagnostic,75,cue,2,raw,7,1,7,0.7,0.0,0.6267696267696268,0.2702702702702703,False,52,3,29,37,10,,,,,,
nonpaper diagnostic,75,cue,3,raw,5,1,5,0.5,0.0,1.0,1.0,False,22,5,47,55,10,,,,,,
nonpaper diagnostic,75,cue,4,raw,3,2,2,0.2,0.9182958340544894,0.3376623376623376,0.006493506493506494,False,43,7,65,73,10,,,,,,
nonpaper diagnostic,75,cue,5,raw,4,2,3,0.3,0.8112781244591328,0.39469715496861496,0.11494252873563218,False,47,6,56,64,10,,,,,,
nonpaper diagnostic,75,suffix,1,raw,10,9,2,0.2,0.9848586617875463,0.0811007671249646,0.0,False,93,,,,,1,0.0,0.0,False,False,93
nonpaper diagnostic,75,suffix,2,raw,10,6,3,0.3,0.9172088932791937,0.24561403508771928,0.0,False,79,,,,,1,0.0,0.0,False,False,79
nonpaper diagnostic,75,suffix,3,raw,9,5,3,0.3,0.946265187221801,0.148151294931298,0.0,False,42,,,,,1,0.0,0.0,False,False,42
nonpaper diagnostic,75,suffix,4,raw,9,5,4,0.4,0.886682880001534,0.2541754895316113,0.007692307692307693,False,31,,,,,1,0.0,0.0,False,False,31
nonpaper diagnostic,76,cue,1,raw,3,1,3,0.3,0.0,1.0,1.0,False,88,7,63,73,10,,,,,,
nonpaper diagnostic,76,cue,2,raw,9,1,9,0.9,0.0,1.0,1.0,False,15,1,10,19,10,,,,,,
nonpaper diagnostic,76,cue,3,raw,6,2,5,0.5,0.6500224216483541,0.7857142857142858,0.35714285714285715,False,29,4,38,46,10,,,,,,
nonpaper diagnostic,76,cue,4,raw,8,1,8,0.8,0.0,1.0,1.0,False,30,2,19,28,10,,,,,,
nonpaper diagnostic,76,cue,5,raw,9,1,9,0.9,0.0,1.0,1.0,False,11,1,9,19,10,,,,,,
nonpaper diagnostic,76,suffix,1,raw,9,2,8,0.8,0.5032583347756457,0.7777777777777778,0.0,False,9,,,,,1,0.0,0.0,True,True,9
nonpaper diagnostic,76,suffix,2,raw,8,4,4,0.4,0.875,0.3738501891763049,0.18309859154929578,False,23,,,,,1,0.0,0.0,True,True,23
nonpaper diagnostic,76,suffix,3,raw,9,4,6,0.6,0.7233083338141042,0.409041394335512,0.0,False,57,,,,,1,0.0,0.0,False,False,57
nonpaper diagnostic,76,suffix,4,raw,9,2,5,0.5,0.9910760598382222,0.4444444444444444,0.0,False,36,,,,,1,0.0,0.0,False,False,36
nonpaper diagnostic,77,cue,1,raw,7,1,7,0.7,0.0,0.8646616541353384,0.5263157894736842,False,36,3,27,37,10,,,,,,
nonpaper diagnostic,77,cue,2,raw,3,1,3,0.3,0.0,0.5206766917293233,0.35714285714285715,False,88,7,64,73,10,,,,,,
nonpaper diagnostic,77,cue,3,raw,8,2,7,0.7,0.5435644431995964,0.6719818468456483,0.01694915254237288,False,49,2,18,28,10,,,,,,
nonpaper diagnostic,77,cue,4,raw,9,1,9,0.9,0.0,0.5613197390018364,0.23255813953488372,False,32,1,9,19,10,,,,,,
nonpaper diagnostic,77,cue,5,raw,8,1,8,0.8,0.0,1.0,1.0,False,36,2,19,28,10,,,,,,
nonpaper diagnostic,77,suffix,1,raw,8,5,3,0.3,0.9283832117695864,0.19700605279116476,0.012987012987012988,False,35,,,,,1,0.0,0.0,False,True,35
nonpaper diagnostic,77,suffix,2,raw,10,8,3,0.3,0.9488131148903386,0.12936600558900022,0.0,False,55,,,,,1,0.0,0.0,False,True,55
nonpaper diagnostic,77,suffix,3,raw,7,5,3,0.3,0.9165164431996023,0.15527594077283857,0.0,False,26,,,,,1,0.0,0.0,False,False,26
nonpaper diagnostic,77,suffix,4,raw,9,3,6,0.6,0.7725068857142601,0.4444444444444444,0.0,False,23,,,,,1,0.0,0.0,False,False,23
nonpaper diagnostic,78,cue,1,raw,2,1,2,0.2,0.0,1.0,1.0,False,82,8,73,82,10,,,,,,
nonpaper diagnostic,78,cue,2,raw,4,1,4,0.4,0.0,1.0,1.0,False,63,6,55,64,10,,,,,,
nonpaper diagnostic,78,cue,3,raw,2,1,2,0.2,0.0,1.0,1.0,False,45,8,72,82,10,,,,,,
nonpaper diagnostic,78,cue,4,raw,4,3,2,0.2,0.946394630357186,0.13140850209815727,0.0,False,95,6,55,64,10,,,,,,
nonpaper diagnostic,78,cue,5,raw,2,2,1,0.1,1.0,0.12658227848101267,0.12658227848101267,False,97,8,72,82,10,,,,,,
nonpaper diagnostic,78,suffix,1,raw,10,3,8,0.8,0.5816718657178868,0.6237606837606838,0.0,False,38,,,,,1,0.0,0.0,True,True,38
nonpaper diagnostic,78,suffix,2,raw,10,5,3,0.3,0.9349775297671233,0.1937711241189632,0.0,False,24,,,,,1,0.0,0.0,True,True,24
nonpaper diagnostic,78,suffix,3,raw,9,6,3,0.3,0.935944697445866,0.27247231218285733,0.0,False,36,,,,,1,0.0,0.0,False,False,36
nonpaper diagnostic,78,suffix,4,raw,9,1,9,0.9,0.0,1.0,1.0,False,30,,,,,1,0.0,0.0,False,False,30
nonpaper diagnostic,79,cue,1,raw,5,1,5,0.5,0.0,0.7,0.5,False,82,5,45,55,10,,,,,,
nonpaper diagnostic,79,cue,2,raw,7,1,7,0.7,0.0,1.0,1.0,False,43,3,28,37,10,,,,,,
nonpaper diagnostic,79,cue,3,raw,6,1,6,0.6,0.0,0.8421052631578948,0.5263157894736842,False,6,4,40,46,10,,,,,,
nonpaper diagnostic,79,cue,4,raw,6,1,6,0.6,0.0,0.318648684836301,0.1308411214953271,False,92,4,36,46,10,,,,,,
nonpaper diagnostic,79,cue,5,raw,7,1,7,0.7,0.0,0.9567099567099566,0.9090909090909091,False,49,3,28,37,10,,,,,,
nonpaper diagnostic,79,suffix,1,raw,10,4,4,0.4,0.9232196723355078,0.7573606724277518,0.47368421052631576,False,34,,,,,1,0.0,0.0,False,True,34
nonpaper diagnostic,79,suffix,2,raw,10,6,3,0.3,0.9464119282150146,0.14369508577841913,0.0,False,38,,,,,1,0.0,0.0,False,True,38
nonpaper diagnostic,79,suffix,3,raw,9,6,3,0.3,0.935944697445866,0.2862304523252551,0.021739130434782608,False,66,,,,,1,0.0,0.0,False,False,66
nonpaper diagnostic,79,suffix,4,raw,9,5,4,0.4,0.886682880001534,0.48333914805954276,0.0,False,66,,,,,1,0.0,0.0,False,False,66
nonpaper diagnostic,80,cue,1,raw,2,1,2,0.2,0.0,0.35714285714285715,0.35714285714285715,False,94,8,72,82,10,,,,,,
nonpaper diagnostic,80,cue,2,raw,9,1,9,0.9,0.0,1.0,1.0,False,52,1,9,19,10,,,,,,
nonpaper diagnostic,80,cue,3,raw,8,1,8,0.8,0.0,0.881578947368421,0.5263157894736842,False,8,2,20,28,10,,,,,,
nonpaper diagnostic,80,cue,4,raw,8,1,8,0.8,0.0,1.0,1.0,False,12,2,20,28,10,,,,,,
nonpaper diagnostic,80,cue,5,raw,8,2,7,0.7,0.5435644431995964,0.78125,0.125,False,15,2,20,28,10,,,,,,
nonpaper diagnostic,80,suffix,1,raw,10,8,2,0.2,0.9739760316291209,0.11420563260885223,0.0,False,58,,,,,1,0.0,0.0,False,True,58
nonpaper diagnostic,80,suffix,2,raw,10,9,2,0.2,0.9848586617875463,0.18907875749981015,0.0,False,64,,,,,1,0.0,0.0,False,True,64
nonpaper diagnostic,80,suffix,3,raw,9,5,3,0.3,0.9101415926479804,0.18864598535840554,0.0,False,31,,,,,1,0.0,0.0,False,False,31
nonpaper diagnostic,80,suffix,4,raw,9,8,2,0.2,0.9825675930733636,0.18496707808490964,0.06504065040650407,False,29,,,,,1,0.0,0.0,False,False,29
nonpaper diagnostic,81,cue,1,raw,7,1,7,0.7,0.0,1.0,1.0,False,45,3,28,37,10,,,,,,
nonpaper diagnostic,81,cue,2,raw,7,1,7,0.7,0.0,1.0,1.0,False,8,3,29,37,10,,,,,,
nonpaper diagnostic,81,cue,3,raw,6,1,6,0.6,0.0,1.0,1.0,False,23,4,38,46,10,,,,,,
nonpaper diagnostic,81,cue,4,raw,10,1,10,1.0,0.0,1.0,1.0,True,13,0,0,10,10,,,,,,
nonpaper diagnostic,81,cue,5,raw,10,2,9,0.9,0.46899559358928117,0.9111111111111111,0.5555555555555556,True,10,0,0,10,10,,,,,,
nonpaper diagnostic,81,suffix,1,raw,7,1,7,0.7,0.0,1.0,1.0,False,7,,,,,1,0.0,0.0,True,True,7
nonpaper diagnostic,81,suffix,2,raw,6,1,6,0.6,0.0,1.0,1.0,False,8,,,,,1,0.0,0.0,True,True,8
nonpaper diagnostic,81,suffix,3,raw,6,1,6,0.6,0.0,1.0,1.0,False,6,,,,,1,0.0,0.0,False,False,6
nonpaper diagnostic,81,suffix,4,raw,9,3,6,0.6,0.7725068857142601,0.6771479982006298,0.15384615384615385,False,12,,,,,1,0.0,0.0,False,False,12
nonpaper diagnostic,82,cue,1,raw,4,2,3,0.3,0.8112781244591328,0.5,0.0,False,88,6,54,64,10,,,,,,
nonpaper diagnostic,82,cue,2,raw,9,1,9,0.9,0.0,0.8947368421052632,0.5263157894736842,False,27,1,9,19,10,,,,,,
nonpaper diagnostic,82,cue,3,raw,6,4,3,0.3,0.8962406251802889,0.2623808944209432,0.11864406779661017,False,59,4,39,46,10,,,,,,
nonpaper diagnostic,82,cue,4,raw,7,1,7,0.7,0.0,0.9523809523809523,0.8333333333333334,False,50,3,28,37,10,,,,,,
nonpaper diagnostic,82,cue,5,raw,4,2,3,0.3,0.8112781244591328,0.5,0.0,False,20,6,57,64,10,,,,,,
nonpaper diagnostic,82,suffix,1,raw,9,9,1,0.1,1.0,0.09756412840525899,0.0,False,98,,,,,1,0.0,0.0,False,True,98
nonpaper diagnostic,82,suffix,2,raw,10,6,3,0.3,0.9464119282150146,0.1399709561218442,0.0,False,58,,,,,1,0.0,0.0,False,True,58
nonpaper diagnostic,82,suffix,3,raw,9,3,4,0.4,0.965633607142825,0.2953216374269006,0.0,False,59,,,,,1,0.0,0.0,False,False,59
nonpaper diagnostic,82,suffix,4,raw,9,3,4,0.4,0.965633607142825,0.22157535237477669,0.0,False,37,,,,,1,0.0,0.0,False,False,37
nonpaper diagnostic,83,cue,1,raw,6,1,6,0.6,0.0,0.8421052631578948,0.5263157894736842,False,70,4,37,46,10,,,,,,
nonpaper diagnostic,83,cue,2,raw,8,1,8,0.8,0.0,1.0,1.0,False,31,2,18,28,10,,,,,,
nonpaper diagnostic,83,cue,3,raw,8,1,8,0.8,0.0,1.0,1.0,False,11,2,20,28,10,,,,,,
nonpaper diagnostic,83,cue,4,raw,8,2,7,0.7,0.5435644431995964,0.751923076923077,0.007692307692307693,False,46,2,18,28,10,,,,,,
nonpaper diagnostic,83,cue,5,raw,9,1,9,0.9,0.0,1.0,1.0,False,37,1,10,19,10,,,,,,
nonpaper diagnostic,83,suffix,1,raw,10,1,10,1.0,0.0,1.0,1.0,True,10,,,,,1,0.0,0.0,True,True,10
nonpaper diagnostic,83,suffix,2,raw,9,1,9,0.9,0.0,1.0,1.0,False,9,,,,,1,0.0,0.0,True,True,9
nonpaper diagnostic,83,suffix,3,raw,7,2,5,0.5,0.8631205685666311,0.6428571428571429,0.25,False,11,,,,,1,0.0,0.0,True,True,11
nonpaper diagnostic,83,suffix,4,raw,5,1,5,0.5,0.0,1.0,1.0,False,5,,,,,1,0.0,0.0,False,False,5
nonpaper diagnostic,84,cue,1,raw,9,1,9,0.9,0.0,1.0,1.0,False,33,1,10,19,10,,,,,,
nonpaper diagnostic,84,cue,2,raw,8,1,8,0.8,0.0,1.0,1.0,False,8,2,20,28,10,,,,,,
nonpaper diagnostic,84,cue,3,raw,9,1,9,0.9,0.0,1.0,1.0,False,12,1,10,19,10,,,,,,
nonpaper diagnostic,84,cue,4,raw,9,1,9,0.9,0.0,1.0,1.0,False,11,1,10,19,10,,,,,,
nonpaper diagnostic,84,cue,5,raw,6,1,6,0.6,0.0,1.0,1.0,False,6,4,40,46,10,,,,,,
nonpaper diagnostic,84,suffix,1,raw,10,2,9,0.9,0.46899559358928117,0.8076923076923077,0.038461538461538464,False,40,,,,,1,0.0,0.0,True,True,40
nonpaper diagnostic,84,suffix,2,raw,9,3,5,0.5,0.9057125980138371,0.3333333333333333,0.0,False,32,,,,,1,0.0,0.0,True,True,32
nonpaper diagnostic,84,suffix,3,raw,9,2,8,0.8,0.5032583347756457,0.7777777777777778,0.0,False,28,,,,,1,0.0,0.0,True,True,28
nonpaper diagnostic,84,suffix,4,raw,9,2,6,0.6,0.9182958340544894,0.5,0.0,False,15,,,,,1,0.0,0.0,False,False,15
nonpaper diagnostic,85,cue,1,raw,4,1,4,0.4,0.0,1.0,1.0,False,37,6,55,64,10,,,,,,
nonpaper diagnostic,85,cue,2,raw,6,1,6,0.6,0.0,1.0,1.0,False,39,4,38,46,10,,,,,,
nonpaper diagnostic,85,cue,3,raw,5,2,4,0.4,0.7219280948873623,0.6444444444444445,0.1111111111111111,False,44,5,46,55,10,,,,,,
nonpaper diagnostic,85,cue,4,raw,6,1,6,0.6,0.0,1.0,1.0,False,77,4,36,46,10,,,,,,
nonpaper diagnostic,85,cue,5,raw,9,1,9,0.9,0.0,1.0,1.0,False,17,1,10,19,10,,,,,,
nonpaper diagnostic,85,suffix,1,raw,9,2,8,0.8,0.5032583347756457,0.8024691358024691,0.1111111111111111,False,12,,,,,1,0.0,0.0,True,True,12
nonpaper diagnostic,85,suffix,2,raw,8,1,8,0.8,0.0,1.0,1.0,False,14,,,,,1,0.0,0.0,True,True,14
nonpaper diagnostic,85,suffix,3,raw,8,1,8,0.8,0.0,1.0,1.0,False,11,,,,,1,0.0,0.0,False,True,11
nonpaper diagnostic,85,suffix,4,raw,6,1,6,0.6,0.0,1.0,1.0,False,7,,,,,1,0.0,0.0,False,False,7
nonpaper diagnostic,86,cue,1,raw,7,1,7,0.7,0.0,1.0,1.0,False,14,3,29,37,10,,,,,,
nonpaper diagnostic,86,cue,2,raw,2,1,2,0.2,0.0,1.0,1.0,False,88,8,72,82,10,,,,,,
nonpaper diagnostic,86,cue,3,raw,10,2,9,0.9,0.46899559358928117,0.8,0.0,True,67,0,0,10,10,,,,,,
nonpaper diagnostic,86,cue,4,raw,10,1,10,1.0,0.0,1.0,1.0,True,10,0,0,10,10,,,,,,
nonpaper diagnostic,86,cue,5,raw,7,1,7,0.7,0.0,1.0,1.0,False,7,3,30,37,10,,,,,,
nonpaper diagnostic,86,suffix,1,raw,10,8,2,0.2,0.9739760316291209,0.07760547441135718,0.0,False,53,,,,,1,0.0,0.0,False,False,53
nonpaper diagnostic,86,suffix,2,raw,10,4,6,0.6,0.7854752972273344,0.44430623976900735,0.041666666666666664,False,39,,,,,1,0.0,0.0,False,True,39
nonpaper diagnostic,86,suffix,3,raw,9,3,4,0.4,0.8783471047618534,0.34991708126036486,0.0,False,29,,,,,1,0.0,0.0,False,False,29
nonpaper diagnostic,86,suffix,4,raw,9,3,7,0.7,0.6223659728744494,0.5948227821890923,0.011764705882352941,False,45,,,,,1,0.0,0.0,False,True,45
nonpaper diagnostic,87,cue,1,raw,9,3,7,0.7,0.6223659728744494,0.5956633346933224,0.021052631578947368,False,50,1,9,19,10,,,,,,
nonpaper diagnostic,87,cue,2,raw,10,1,10,1.0,0.0,1.0,1.0,True,10,0,0,10,10,,,,,,
nonpaper diagnostic,87,cue,3,raw,10,1,10,1.0,0.0,1.0,1.0,True,10,0,0,10,10,,,,,,
nonpaper diagnostic,87,cue,4,raw,7,1,7,0.7,0.0,1.0,1.0,False,7,3,30,37,10,,,,,,
nonpaper diagnostic,87,cue,5,raw,10,1,10,1.0,0.0,1.0,1.0,True,28,0,0,10,10,,,,,,
nonpaper diagnostic,88,cue,1,raw,7,1,7,0.7,0.0,1.0,1.0,False,26,3,27,37,10,,,,,,
nonpaper diagnostic,88,cue,2,raw,5,2,4,0.4,0.7219280948873623,0.531350114416476,0.05263157894736842,False,53,5,47,55,10,,,,,,
nonpaper diagnostic,88,cue,3,raw,2,2,1,0.1,1.0,0.11538461538461539,0.11538461538461539,False,95,8,72,82,10,,,,,,
nonpaper diagnostic,88,cue,4,raw,8,1,8,0.8,0.0,1.0,1.0,False,30,2,19,28,10,,,,,,
nonpaper diagnostic,88,cue,5,raw,8,1,8,0.8,0.0,1.0,1.0,False,12,2,20,28,10,,,,,,
nonpaper diagnostic,88,suffix,1,raw,9,8,2,0.2,0.9825675930733636,0.1286383930105657,0.0,False,38,,,,,1,0.0,0.0,True,True,38
nonpaper diagnostic,88,suffix,2,raw,9,4,4,0.4,0.9182958340544894,0.4497089062306453,0.0,False,61,,,,,1,0.0,0.0,False,False,61
nonpaper diagnostic,88,suffix,3,raw,8,4,5,0.5,0.7743974703476992,0.3696675090756088,0.0,False,35,,,,,1,0.0,0.0,False,False,35
nonpaper diagnostic,88,suffix,4,raw,10,4,5,0.5,0.8427376486136672,0.5149777574863278,0.0,False,21,,,,,1,0.0,0.0,False,False,21
nonpaper diagnostic,89,cue,1,raw,5,2,4,0.4,0.7219280948873623,0.6210526315789473,0.05263157894736842,False,46,5,47,55,10,,,,,,
nonpaper diagnostic,89,cue,2,raw,7,3,5,0.5,0.7248340915057598,0.4883420003489077,0.012345679012345678,False,58,3,27,37,10,,,,,,
nonpaper diagnostic,89,cue,3,raw,9,3,7,0.7,0.6223659728744494,0.6180800210779887,0.025,False,44,1,9,19,10,,,,,,
nonpaper diagnostic,89,cue,4,raw,8,1,8,0.8,0.0,1.0,1.0,False,9,2,20,28,10,,,,,,
nonpaper diagnostic,89,cue,5,raw,8,3,6,0.6,0.6695919455357792,0.5447674715836471,0.0,False,46,2,19,28,10,,,,,,
nonpaper diagnostic,89,suffix,1,raw,10,2,9,0.9,0.46899559358928117,0.8,0.0,False,13,,,,,1,0.0,0.0,True,True,13
nonpaper diagnostic,89,suffix,2,raw,10,2,6,0.6,0.9709505944546688,0.3408483496529859,0.0625,False,13,,,,,1,0.0,0.0,False,True,13
nonpaper diagnostic,89,suffix,3,raw,10,5,4,0.4,0.9138646883853215,0.4451110451110451,0.0,False,40,,,,,1,0.0,0.0,False,True,40
nonpaper diagnostic,89,suffix,4,raw,9,3,6,0.6,0.7725068857142601,0.7777777777777778,0.0,False,33,,,,,1,0.0,0.0,False,False,33
nonpaper diagnostic,90,cue,1,raw,5,4,2,0.2,0.9609640474436812,0.12538190434679714,0.0,False,84,5,45,55,10,,,,,,
nonpaper diagnostic,90,cue,2,raw,9,1,9,0.9,0.0,1.0,1.0,False,38,1,10,19,10,,,,,,
nonpaper diagnostic,90,cue,3,raw,7,1,7,0.7,0.0,1.0,1.0,False,8,3,29,37,10,,,,,,
nonpaper diagnostic,90,cue,4,raw,7,2,6,0.6,0.5916727785823274,0.75,0.125,False,21,3,29,37,10,,,,,,
nonpaper diagnostic,90,cue,5,raw,5,2,4,0.4,0.7219280948873623,0.6615384615384615,0.15384615384615385,False,71,5,46,55,10,,,,,,
nonpaper diagnostic,90,suffix,1,raw,10,1,10,1.0,0.0,1.0,1.0,True,23,,,,,1,0.0,0.0,True,True,23
nonpaper diagnostic,90,suffix,2,raw,8,3,6,0.6,0.6695919455357792,0.5616944146079484,0.0,False,8,,,,,1,0.0,0.0,True,True,8
nonpaper diagnostic,90,suffix,3,raw,9,2,8,0.8,0.5032583347756457,0.8167641325536062,0.17543859649122806,False,9,,,,,1,0.0,0.0,True,True,9
nonpaper diagnostic,90,suffix,4,raw,7,4,4,0.4,0.8322488896002307,0.554862392846889,0.15,False,8,,,,,1,0.0,0.0,False,False,8
nonpaper diagnostic,91,cue,1,raw,5,1,5,0.5,0.0,1.0,1.0,False,44,5,45,55,10,,,,,,
nonpaper diagnostic,91,cue,2,raw,9,1,9,0.9,0.0,1.0,1.0,False,21,1,9,19,10,,,,,,
nonpaper diagnostic,91,cue,3,raw,6,1,6,0.6,0.0,1.0,1.0,False,33,4,36,46,10,,,,,,
nonpaper diagnostic,91,cue,4,raw,9,1,9,0.9,0.0,1.0,1.0,False,40,1,9,19,10,,,,,,
nonpaper diagnostic,91,cue,5,raw,7,1,7,0.7,0.0,1.0,1.0,False,15,3,30,37,10,,,,,,
nonpaper diagnostic,91,suffix,1,raw,10,7,3,0.3,0.94268071481726,0.17848154728671198,0.0,False,58,,,,,1,0.0,0.0,True,True,58
nonpaper diagnostic,91,suffix,2,raw,10,8,2,0.2,0.9739760316291209,0.12938881394716514,0.0,False,68,,,,,1,0.0,0.0,False,False,68
nonpaper diagnostic,91,suffix,3,raw,9,4,6,0.6,0.7233083338141042,0.42628584363435096,0.0,False,41,,,,,1,0.0,0.0,False,False,41
nonpaper diagnostic,91,suffix,4,raw,10,2,7,0.7,0.8812908992306927,0.5333333333333333,0.0,False,15,,,,,1,0.0,0.0,False,False,15
nonpaper diagnostic,92,cue,1,raw,3,1,3,0.3,0.0,1.0,1.0,False,88,7,63,73,10,,,,,,
nonpaper diagnostic,92,cue,2,raw,8,2,7,0.7,0.5435644431995964,0.6510832456665874,0.00819672131147541,False,33,2,18,28,10,,,,,,
nonpaper diagnostic,92,cue,3,raw,6,4,2,0.2,0.9591479170272448,0.22522733287133206,0.08849557522123894,False,85,4,36,46,10,,,,,,
nonpaper diagnostic,92,cue,4,raw,5,1,5,0.5,0.0,0.8352941176470589,0.5882352941176471,False,47,5,46,55,10,,,,,,
nonpaper diagnostic,92,cue,5,raw,7,2,5,0.5,0.8631205685666311,1.0,1.0,False,45,3,27,37,10,,,,,,
nonpaper diagnostic,92,suffix,1,raw,10,3,7,0.7,0.7298466991620975,0.49918096713802196,0.017699115044247787,False,42,,,,,1,0.0,0.0,True,True,42
nonpaper diagnostic,92,suffix,2,raw,9,7,2,0.2,0.9708357627258161,0.19374961573888005,0.0,False,54,,,,,1,0.0,0.0,False,True,54
nonpaper diagnostic,92,suffix,3,raw,10,7,3,0.3,0.94268071481726,0.146645905812568,0.0,False,25,,,,,1,0.0,0.0,False,False,25
nonpaper diagnostic,92,suffix,4,raw,7,4,4,0.4,0.8322488896002307,0.487012987012987,0.0,False,15,,,,,1,0.0,0.0,False,False,15
nonpaper diagnostic,93,cue,1,raw,1,1,1,0.1,0.0,0.0,0.0,False,82,9,82,91,10,,,,,,
nonpaper diagnostic,93,cue,2,raw,9,2,8,0.8,0.5032583347756457,0.8888888888888888,0.5,False,58,1,9,19,10,,,,,,
nonpaper diagnostic,93,cue,3,raw,9,1,9,0.9,0.0,1.0,1.0,False,12,1,10,19,10,,,,,,
nonpaper diagnostic,93,cue,4,raw,9,1,9,0.9,0.0,1.0,1.0,False,9,1,10,19,10,,,,,,
nonpaper diagnostic,93,cue,5,raw,8,1,8,0.8,0.0,1.0,1.0,False,11,2,20,28,10,,,,,,
nonpaper diagnostic,93,suffix,1,raw,10,7,3,0.3,0.94268071481726,0.16748413262287334,0.027777777777777776,False,82,,,,,1,0.0,0.0,False,False,82
nonpaper diagnostic,93,suffix,2,raw,10,7,3,0.3,0.94268071481726,0.29027846660825385,0.0,False,87,,,,,1,0.0,0.0,False,False,87
nonpaper diagnostic,93,suffix,3,raw,10,6,4,0.4,0.8982444017039272,0.15820741382028444,0.0,False,47,,,,,1,0.0,0.0,False,False,47
nonpaper diagnostic,93,suffix,4,raw,9,4,6,0.6,0.7233083338141042,0.4166666666666667,0.0,False,46,,,,,1,0.0,0.0,False,False,46
nonpaper diagnostic,94,cue,1,raw,3,2,2,0.2,0.9182958340544894,0.5632183908045977,0.3448275862068966,False,82,7,65,73,10,,,,,,
nonpaper diagnostic,94,cue,2,raw,7,1,7,0.7,0.0,1.0,1.0,False,32,3,29,37,10,,,,,,
nonpaper diagnostic,94,cue,3,raw,6,1,6,0.6,0.0,1.0,1.0,False,13,4,39,46,10,,,,,,
nonpaper diagnostic,94,cue,4,raw,4,1,4,0.4,0.0,1.0,1.0,False,90,6,54,64,10,,,,,,
nonpaper diagnostic,94,cue,5,raw,9,2,8,0.8,0.5032583347756457,0.8059071729957805,0.12658227848101267,False,18,1,10,19,10,,,,,,
nonpaper diagnostic,94,suffix,1,raw,9,2,8,0.8,0.5032583347756457,0.7814814814814814,0.016666666666666666,False,16,,,,,1,0.0,0.0,True,True,16
nonpaper diagnostic,94,suffix,2,raw,10,4,6,0.6,0.7854752972273344,0.32606131810955014,0.0,False,37,,,,,1,0.0,0.0,False,True,37
nonpaper diagnostic,94,suffix,3,raw,9,5,4,0.4,0.886682880001534,0.23036126994195272,0.0,False,42,,,,,1,0.0,0.0,True,True,42
nonpaper diagnostic,94,suffix,4,raw,9,7,2,0.2,0.9708357627258161,0.261482097975906,0.0,False,70,,,,,1,0.0,0.0,False,False,70
nonpaper diagnostic,95,cue,1,raw,7,1,7,0.7,0.0,1.0,1.0,False,41,3,28,37,10,,,,,,
nonpaper diagnostic,95,cue,2,raw,8,1,8,0.8,0.0,1.0,1.0,False,31,2,18,28,10,,,,,,
nonpaper diagnostic,95,cue,3,raw,5,1,5,0.5,0.0,1.0,1.0,False,20,5,48,55,10,,,,,,
nonpaper diagnostic,95,cue,4,raw,5,2,4,0.4,0.7219280948873623,0.6210526315789473,0.05263157894736842,False,80,5,46,55,10,,,,,,
nonpaper diagnostic,95,cue,5,raw,8,1,8,0.8,0.0,1.0,1.0,False,22,2,19,28,10,,,,,,
nonpaper diagnostic,95,suffix,1,raw,10,5,6,0.6,0.7627069065377661,0.3755799033886543,0.007692307692307693,False,44,,,,,1,0.0,0.0,True,True,44
nonpaper diagnostic,95,suffix,2,raw,10,5,4,0.4,0.9138646883853215,0.35555555555555557,0.0,False,55,,,,,1,0.0,0.0,False,True,55
nonpaper diagnostic,95,suffix,3,raw,10,7,3,0.3,0.94268071481726,0.26509303226913417,0.0,False,50,,,,,1,0.0,0.0,False,True,50
nonpaper diagnostic,95,suffix,4,raw,9,2,5,0.5,0.9910760598382222,0.4736842105263158,0.05263157894736842,False,15,,,,,1,0.0,0.0,False,False,15
nonpaper diagnostic,96,cue,1,raw,6,1,6,0.6,0.0,1.0,1.0,False,37,4,37,46,10,,,,,,
nonpaper diagnostic,96,cue,2,raw,3,3,1,0.1,0.9999999999999998,0.11017154369540468,0.013245033112582781,False,57,7,63,73,10,,,,,,
nonpaper diagnostic,96,cue,3,raw,4,1,4,0.4,0.0,1.0,1.0,False,73,6,56,64,10,,,,,,
nonpaper diagnostic,96,cue,4,raw,2,1,2,0.2,0.0,0.5555555555555556,0.5555555555555556,False,91,8,73,82,10,,,,,,
nonpaper diagnostic,96,cue,5,raw,8,1,8,0.8,0.0,1.0,1.0,False,42,2,18,28,10,,,,,,
nonpaper diagnostic,96,suffix,1,raw,10,7,4,0.4,0.8983289127685206,0.15168397541902554,0.0,False,47,,,,,1,0.0,0.0,False,True,47
nonpaper diagnostic,96,suffix,2,raw,10,6,3,0.3,0.9464119282150146,0.6407407407407407,0.0,False,57,,,,,1,0.0,0.0,False,False,57
nonpaper diagnostic,96,suffix,3,raw,10,2,9,0.9,0.46899559358928117,0.8,0.0,False,35,,,,,1,0.0,0.0,False,False,35
nonpaper diagnostic,96,suffix,4,raw,9,5,4,0.4,0.886682880001534,0.23492014069514744,0.0,False,28,,,,,1,0.0,0.0,False,False,28
nonpaper diagnostic,97,cue,1,raw,2,1,2,0.2,0.0,1.0,1.0,False,82,8,73,82,10,,,,,,
nonpaper diagnostic,97,cue,2,raw,6,2,5,0.5,0.6500224216483541,0.8421052631578948,0.5263157894736842,False,63,4,36,46,10,,,,,,
nonpaper diagnostic,97,cue,3,raw,9,1,9,0.9,0.0,1.0,1.0,False,46,1,9,19,10,,,,,,
nonpaper diagnostic,97,cue,4,raw,9,1,9,0.9,0.0,1.0,1.0,False,11,1,10,19,10,,,,,,
nonpaper diagnostic,97,cue,5,raw,5,2,4,0.4,0.7219280948873623,0.4368920411533558,0.14049586776859505,False,63,5,47,55,10,,,,,,
nonpaper diagnostic,97,suffix,1,raw,10,6,4,0.4,0.8982444017039272,0.17458510173447178,0.014705882352941176,False,59,,,,,1,0.0,0.0,False,False,59
nonpaper diagnostic,97,suffix,2,raw,10,4,5,0.5,0.8427376486136672,0.3475850119124973,0.0,False,62,,,,,1,0.0,0.0,False,False,62
nonpaper diagnostic,97,suffix,3,raw,10,5,4,0.4,0.9138646883853215,0.18631356346993755,0.0,False,36,,,,,1,0.0,0.0,False,False,36
nonpaper diagnostic,97,suffix,4,raw,9,4,5,0.5,0.8288713632524444,0.3201754385964912,0.0,False,40,,,,,1,0.0,0.0,False,False,40
nonpaper diagnostic,98,cue,1,raw,4,1,4,0.4,0.0,1.0,1.0,False,84,6,55,64,10,,,,,,
nonpaper diagnostic,98,cue,2,raw,7,1,7,0.7,0.0,1.0,1.0,False,26,3,28,37,10,,,,,,
nonpaper diagnostic,98,cue,3,raw,10,1,10,1.0,0.0,1.0,1.0,True,16,0,0,10,10,,,,,,
nonpaper diagnostic,98,cue,4,raw,8,1,8,0.8,0.0,1.0,1.0,False,9,2,19,28,10,,,,,,
nonpaper diagnostic,98,cue,5,raw,4,1,4,0.4,0.0,0.75,0.5,False,63,6,56,64,10,,,,,,
nonpaper diagnostic,98,suffix,1,raw,9,7,3,0.3,0.9409583900892994,0.11526886061744973,0.0,False,31,,,,,1,0.0,0.0,True,True,31
nonpaper diagnostic,98,suffix,2,raw,4,2,3,0.3,0.8112781244591328,0.26179623421896725,0.017543859649122806,False,7,,,,,1,0.0,0.0,False,True,7
nonpaper diagnostic,98,suffix,3,raw,6,1,6,0.6,0.0,1.0,1.0,False,6,,,,,1,0.0,0.0,False,False,6
nonpaper diagnostic,98,suffix,4,raw,6,1,6,0.6,0.0,1.0,1.0,False,5,,,,,1,0.0,0.0,False,False,5
nonpaper diagnostic,99,cue,1,raw,5,1,5,0.5,0.0,0.4571150097465887,0.20833333333333334,False,66,5,45,55,10,,,,,,
nonpaper diagnostic,99,cue,2,raw,4,3,2,0.2,0.946394630357186,0.5780022446689114,0.37037037037037035,False,95,6,54,64,10,,,,,,
nonpaper diagnostic,99,cue,3,raw,7,1,7,0.7,0.0,1.0,1.0,False,33,3,28,37,10,,,,,,
nonpaper diagnostic,99,cue,4,raw,5,1,5,0.5,0.0,0.41200928892576494,0.2898550724637681,False,55,5,45,55,10,,,,,,
nonpaper diagnostic,99,cue,5,raw,3,2,2,0.2,0.9182958340544894,0.19979279979279982,0.01818181818181818,False,51,7,68,73,10,,,,,,
nonpaper diagnostic,99,suffix,1,raw,9,7,2,0.2,0.9708357627258161,0.10942399344435488,0.0,False,95,,,,,1,0.0,0.0,False,False,95
nonpaper diagnostic,99,suffix,2,raw,10,8,3,0.3,0.9488131148903386,0.1338687066217178,0.0,False,77,,,,,1,0.0,0.0,False,False,77
nonpaper diagnostic,99,suffix,3,raw,10,6,4,0.4,0.8982444017039272,0.17606940052504733,0.0,False,41,,,,,1,0.0,0.0,False,False,41
nonpaper diagnostic,99,suffix,4,raw,9,5,3,0.3,0.9101415926479804,0.17422235795858323,0.0,False,43,,,,,1,0.0,0.0,False,False,43
nonpaper diagnostic,100,cue,1,raw,8,2,7,0.7,0.5435644431995964,0.7931034482758621,0.1724137931034483,False,54,2,18,28,10,,,,,,
nonpaper diagnostic,100,cue,2,raw,8,2,7,0.7,0.5435644431995964,0.7290823211875843,0.2564102564102564,False,43,2,19,28,10,,,,,,
nonpaper diagnostic,100,cue,3,raw,10,1,10,1.0,0.0,1.0,1.0,True,11,0,0,10,10,,,,,,
nonpaper diagnostic,100,cue,4,raw,9,1,9,0.9,0.0,1.0,1.0,False,9,1,10,19,10,,,,,,
nonpaper diagnostic,100,cue,5,raw,6,2,5,0.5,0.6500224216483541,0.7857142857142858,0.35714285714285715,False,40,4,38,46,10,,,,,,
nonpaper diagnostic,100,suffix,1,raw,10,7,3,0.3,0.94268071481726,0.1504797510500816,0.016,False,73,,,,,1,0.0,0.0,True,True,73
nonpaper diagnostic,100,suffix,2,raw,10,4,4,0.4,0.8609640474436813,0.37894736842105264,0.0,False,53,,,,,1,0.0,0.0,False,False,53
nonpaper diagnostic,100,suffix,3,raw,9,4,3,0.3,0.9455305560363264,0.14661518762860057,0.0,False,35,,,,,1,0.0,0.0,False,False,35
nonpaper diagnostic,100,suffix,4,raw,9,8,2,0.2,0.9825675930733636,0.15131745754236484,0.0,False,59,,,,,1,0.0,0.0,False,True,59
nonpaper diagnostic,101,cue,1,raw,10,1,10,1.0,0.0,1.0,1.0,True,46,0,0,10,10,,,,,,
nonpaper diagnostic,101,cue,2,raw,7,1,7,0.7,0.0,0.7777777777777777,0.2222222222222222,False,14,3,30,37,10,,,,,,
nonpaper diagnostic,101,cue,3,raw,9,4,4,0.4,0.8763576394898523,0.23470054101193105,0.0,False,16,1,9,19,10,,,,,,
nonpaper diagnostic,101,cue,4,raw,4,3,2,0.2,0.946394630357186,0.38970288970288974,0.35714285714285715,False,51,6,57,64,10,,,,,,
nonpaper diagnostic,101,cue,5,raw,8,1,8,0.8,0.0,1.0,1.0,False,48,2,18,28,10,,,,,,
nonpaper diagnostic,101,suffix,1,raw,7,3,4,0.4,0.8699155297736259,0.335568985888924,0.0,False,21,,,,,1,0.0,0.0,True,True,21
nonpaper diagnostic,101,suffix,2,raw,8,2,7,0.7,0.5435644431995964,1.0,1.0,False,15,,,,,1,0.0,0.0,False,True,15
nonpaper diagnostic,101,suffix,3,raw,7,2,5,0.5,0.8631205685666311,0.5302445302445302,0.013513513513513514,False,8,,,,,1,0.0,0.0,False,False,8
nonpaper diagnostic,101,suffix,4,raw,6,2,5,0.5,0.6500224216483541,0.5403508771929825,0.0,False,7,,,,,1,0.0,0.0,False,False,7
nonpaper diagnostic,102,cue,1,raw,7,1,7,0.7,0.0,1.0,1.0,False,60,3,27,37,10,,,,,,
nonpaper diagnostic,102,cue,2,raw,9,2,8,0.8,0.5032583347756457,0.6883817052920367,0.011111111111111112,False,44,1,9,19,10,,,,,,
nonpaper diagnostic,102,cue,3,raw,8,1,8,0.8,0.0,0.90625,0.625,False,22,2,19,28,10,,,,,,
nonpaper diagnostic,102,cue,4,raw,10,1,10,1.0,0.0,1.0,1.0,True,45,0,0,10,10,,,,,,
nonpaper diagnostic,102,cue,5,raw,6,1,6,0.6,0.0,1.0,1.0,False,6,4,40,46,10,,,,,,
nonpaper diagnostic,102,suffix,1,raw,10,5,5,0.5,0.8445412464587144,0.25452925330871745,0.0,False,78,,,,,1,0.0,0.0,True,True,78
nonpaper diagnostic,102,suffix,2,raw,10,7,4,0.4,0.8983289127685206,0.14233402766802733,0.0,False,53,,,,,1,0.0,0.0,True,True,53
nonpaper diagnostic,102,suffix,3,raw,10,2,8,0.8,0.7219280948873623,0.6975124378109453,0.14925373134328357,False,39,,,,,1,0.0,0.0,False,False,39
nonpaper diagnostic,102,suffix,4,raw,10,6,3,0.3,0.9464119282150146,0.11137469204781626,0.0,False,29,,,,,1,0.0,0.0,False,False,29
nonpaper diagnostic,103,cue,1,raw,8,1,8,0.8,0.0,1.0,1.0,False,30,2,19,28,10,,,,,,
nonpaper diagnostic,103,cue,2,raw,8,1,8,0.8,0.0,1.0,1.0,False,22,2,19,28,10,,,,,,
nonpaper diagnostic,103,cue,3,raw,8,1,8,0.8,0.0,1.0,1.0,False,9,2,20,28,10,,,,,,
nonpaper diagnostic,103,cue,4,raw,10,1,10,1.0,0.0,1.0,1.0,True,28,0,0,10,10,,,,,,
nonpaper diagnostic,103,cue,5,raw,2,1,2,0.2,0.0,1.0,1.0,False,2,8,80,82,10,,,,,,
nonpaper diagnostic,103,suffix,1,raw,10,7,2,0.2,0.969570350190125,0.24593463002271948,0.0,False,96,,,,,1,0.0,0.0,False,False,96
nonpaper diagnostic,103,suffix,2,raw,10,6,3,0.3,0.9172088932791937,0.16571422135301134,0.0,False,62,,,,,1,0.0,0.0,False,False,62
nonpaper diagnostic,103,suffix,3,raw,10,2,9,0.9,0.46899559358928117,0.8298507462686567,0.14925373134328357,False,56,,,,,1,0.0,0.0,False,True,56
nonpaper diagnostic,103,suffix,4,raw,9,3,5,0.5,0.8527924884900404,0.3611111111111111,0.0,False,59,,,,,1,0.0,0.0,False,False,59
nonpaper diagnostic,104,cue,1,raw,6,1,6,0.6,0.0,1.0,1.0,False,46,4,36,46,10,,,,,,
nonpaper diagnostic,104,cue,2,raw,6,1,6,0.6,0.0,1.0,1.0,False,36,4,38,46,10,,,,,,
nonpaper diagnostic,104,cue,3,raw,10,3,8,0.8,0.5816718657178868,0.6367201426024955,0.0,False,34,0,0,10,10,,,,,,
nonpaper diagnostic,104,cue,4,raw,9,1,9,0.9,0.0,1.0,1.0,False,9,1,10,19,10,,,,,,
nonpaper diagnostic,104,cue,5,raw,6,1,6,0.6,0.0,1.0,1.0,False,13,4,38,46,10,,,,,,
nonpaper diagnostic,104,suffix,1,raw,10,6,4,0.4,0.8982444017039272,0.22024693440166046,0.0,False,72,,,,,1,0.0,0.0,True,True,72
nonpaper diagnostic,104,suffix,2,raw,10,4,7,0.7,0.6783898247235197,0.4666666666666667,0.0,False,48,,,,,1,0.0,0.0,False,True,48
nonpaper diagnostic,104,suffix,3,raw,9,3,6,0.6,0.7725068857142601,0.4444444444444444,0.0,False,39,,,,,1,0.0,0.0,False,False,39
nonpaper diagnostic,104,suffix,4,raw,9,7,2,0.2,0.9708357627258161,0.1278823871399638,0.0,False,25,,,,,1,0.0,0.0,False,False,25
nonpaper diagnostic,105,cue,1,raw,4,1,4,0.4,0.0,1.0,1.0,False,84,6,54,64,10,,,,,,
nonpaper diagnostic,105,cue,2,raw,7,3,5,0.5,0.7248340915057598,0.5227765144781652,0.013245033112582781,False,48,3,29,37,10,,,,,,
nonpaper diagnostic,105,cue,3,raw,7,1,7,0.7,0.0,0.7293233082706767,0.5263157894736842,False,49,3,27,37,10,,,,,,
nonpaper diagnostic,105,cue,4,raw,9,1,9,0.9,0.0,1.0,1.0,False,37,1,9,19,10,,,,,,
nonpaper diagnostic,105,cue,5,raw,6,2,5,0.5,0.6500224216483541,0.6742424242424242,0.022727272727272728,False,14,4,40,46,10,,,,,,
nonpaper diagnostic,105,suffix,1,raw,10,7,3,0.3,0.94268071481726,0.12891904156313239,0.0,False,67,,,,,1,0.0,0.0,True,True,67
nonpaper diagnostic,105,suffix,2,raw,9,7,2,0.2,0.9708357627258161,0.11165228837758878,0.0,False,46,,,,,1,0.0,0.0,True,True,46
nonpaper diagnostic,105,suffix,3,raw,9,5,3,0.3,0.946265187221801,0.18435584109862801,0.0,False,16,,,,,1,0.0,0.0,False,False,16
nonpaper diagnostic,105,suffix,4,raw,9,1,9,0.9,0.0,1.0,1.0,False,18,,,,,1,0.0,0.0,False,False,18
nonpaper diagnostic,106,cue,1,raw,7,3,5,0.5,0.7248340915057598,0.47619047619047616,0.0,False,41,3,29,37,10,,,,,,
nonpaper diagnostic,106,cue,2,raw,7,1,7,0.7,0.0,1.0,1.0,False,10,3,30,37,10,,,,,,
nonpaper diagnostic,106,cue,3,raw,6,2,5,0.5,0.6500224216483541,0.8421052631578948,0.5263157894736842,False,70,4,36,46,10,,,,,,
nonpaper diagnostic,106,cue,4,raw,5,1,5,0.5,0.0,1.0,1.0,False,32,5,50,55,10,,,,,,
nonpaper diagnostic,106,cue,5,raw,5,1,5,0.5,0.0,1.0,1.0,False,54,5,45,55,10,,,,,,
nonpaper diagnostic,106,suffix,1,raw,10,7,3,0.3,0.94268071481726,0.18042506642713627,0.02702702702702703,False,83,,,,,1,0.0,0.0,True,True,83
nonpaper diagnostic,106,suffix,2,raw,10,4,4,0.4,0.8609640474436813,0.27944727452484136,0.0,False,45,,,,,1,0.0,0.0,False,False,45
nonpaper diagnostic,106,suffix,3,raw,10,4,4,0.4,0.9232196723355078,0.3111111111111111,0.0,False,34,,,,,1,0.0,0.0,False,False,34
nonpaper diagnostic,106,suffix,4,raw,9,3,6,0.6,0.7725068857142601,0.4473684210526316,0.0,False,23,,,,,1,0.0,0.0,False,False,23
nonpaper diagnostic,107,cue,1,raw,5,1,5,0.5,0.0,1.0,1.0,False,61,5,45,55,10,,,,,,
nonpaper diagnostic,107,cue,2,raw,5,2,4,0.4,0.7219280948873623,0.6051282051282051,0.01282051282051282,False,36,5,48,55,10,,,,,,
nonpaper diagnostic,107,cue,3,raw,8,2,7,0.7,0.5435644431995964,0.6547619047619048,0.0,False,50,2,18,28,10,,,,,,
nonpaper diagnostic,107,cue,4,raw,6,1,6,0.6,0.0,1.0,1.0,False,41,4,38,46,10,,,,,,
nonpaper diagnostic,107,cue,5,raw,7,1,7,0.7,0.0,1.0,1.0,False,46,3,30,37,10,,,,,,
nonpaper diagnostic,107,suffix,1,raw,10,8,2,0.2,0.9739760316291209,0.19262059342472537,0.0625,False,89,,,,,1,0.0,0.0,False,False,89
nonpaper diagnostic,107,suffix,2,raw,10,6,4,0.4,0.8982444017039272,0.1763620167289892,0.0,False,92,,,,,1,0.0,0.0,False,False,92
nonpaper diagnostic,107,suffix,3,raw,10,7,3,0.3,0.94268071481726,0.1465675119555097,0.0,False,55,,,,,1,0.0,0.0,False,False,55
nonpaper diagnostic,107,suffix,4,raw,9,6,3,0.3,0.935944697445866,0.13144790118167926,0.0,False,38,,,,,1,0.0,0.0,False,False,38
nonpaper diagnostic,108,cue,1,raw,3,1,3,0.3,0.0,0.24591953073014017,0.16129032258064516,False,82,7,63,73,10,,,,,,
nonpaper diagnostic,108,cue,2,raw,3,2,2,0.2,0.9182958340544894,0.12283272283272283,0.046153846153846156,False,94,7,63,73,10,,,,,,
nonpaper diagnostic,108,cue,3,raw,8,1,8,0.8,0.0,1.0,1.0,False,18,2,19,28,10,,,,,,
nonpaper diagnostic,108,cue,4,raw,6,1,6,0.6,0.0,1.0,1.0,False,57,4,37,46,10,,,,,,
nonpaper diagnostic,108,cue,5,raw,8,2,7,0.7,0.5435644431995964,0.75,0.0,False,50,2,19,28,10,,,,,,
nonpaper diagnostic,108,suffix,1,raw,10,5,6,0.6,0.7627069065377661,0.370566226466441,0.009174311926605505,False,32,,,,,1,0.0,0.0,True,True,32
nonpaper diagnostic,108,suffix,2,raw,10,3,6,0.6,0.8173454221465101,0.41666135034556084,0.0,False,20,,,,,1,0.0,0.0,True,True,20
nonpaper diagnostic,108,suffix,3,raw,8,3,5,0.5,0.8194483718728035,0.2520079639641966,0.0,False,22,,,,,1,0.0,0.0,True,True,22
nonpaper diagnostic,108,suffix,4,raw,9,5,3,0.3,0.946265187221801,0.24431769077867083,0.0,False,33,,,,,1,0.0,0.0,False,False,33
nonpaper diagnostic,109,cue,1,raw,5,1,5,0.5,0.0,1.0,1.0,False,70,5,45,55,10,,,,,,
nonpaper diagnostic,109,cue,2,raw,7,1,7,0.7,0.0,1.0,1.0,False,49,3,27,37,10,,,,,,
nonpaper diagnostic,109,cue,3,raw,8,1,8,0.8,0.0,1.0,1.0,False,30,2,19,28,10,,,,,,
nonpaper diagnostic,109,cue,4,raw,7,1,7,0.7,0.0,1.0,1.0,False,22,3,30,37,10,,,,,,
nonpaper diagnostic,109,cue,5,raw,0,0,0,0.0,0.0,0.0,0.0,False,43,10,92,100,10,,,,,,
nonpaper diagnostic,109,suffix,1,raw,10,9,2,0.2,0.9848586617875463,0.20573560029029364,0.0,False,96,,,,,1,0.0,0.0,False,True,96
nonpaper diagnostic,109,suffix,2,raw,10,4,4,0.4,0.8609640474436813,0.2326880863413371,0.0,False,64,,,,,1,0.0,0.0,False,False,64
nonpaper diagnostic,109,suffix,3,raw,10,6,3,0.3,0.9464119282150146,0.1936853163865442,0.0,False,50,,,,,1,0.0,0.0,False,False,50
nonpaper diagnostic,109,suffix,4,raw,9,6,3,0.3,0.935944697445866,0.24863012656687358,0.0,False,57,,,,,1,0.0,0.0,False,False,57
nonpaper diagnostic,110,cue,1,raw,8,3,6,0.6,0.6695919455357792,0.5438702606432168,0.010309278350515464,False,39,2,19,28,10,,,,,,
nonpaper diagnostic,110,cue,2,raw,7,2,6,0.6,0.5916727785823274,0.8571428571428571,0.5,False,48,3,27,37,10,,,,,,
nonpaper diagnostic,110,cue,3,raw,8,1,8,0.8,0.0,1.0,1.0,False,28,2,20,28,10,,,,,,
nonpaper diagnostic,110,cue,4,raw,8,1,8,0.8,0.0,1.0,1.0,False,17,2,20,28,10,,,,,,
nonpaper diagnostic,110,cue,5,raw,8,1,8,0.8,0.0,1.0,1.0,False,16,2,19,28,10,,,,,,
nonpaper diagnostic,110,suffix,1,raw,10,6,3,0.3,0.9464119282150146,0.20353778236858944,0.05660377358490566,False,76,,,,,1,0.0,0.0,True,True,76
nonpaper diagnostic,110,suffix,2,raw,10,7,3,0.3,0.94268071481726,0.22281761998074054,0.0,False,83,,,,,1,0.0,0.0,False,True,83
nonpaper diagnostic,110,suffix,3,raw,9,7,2,0.2,0.9708357627258161,0.12895799035258682,0.0,False,46,,,,,1,0.0,0.0,False,False,46
nonpaper diagnostic,110,suffix,4,raw,9,4,4,0.4,0.8763576394898523,0.2572864152718962,0.0,False,43,,,,,1,0.0,0.0,False,False,43
nonpaper diagnostic,111,cue,1,raw,9,1,9,0.9,0.0,1.0,1.0,False,37,1,10,19,10,,,,,,
nonpaper diagnostic,111,cue,2,raw,10,1,10,1.0,0.0,1.0,1.0,True,11,0,0,10,10,,,,,,
nonpaper diagnostic,111,cue,3,raw,10,2,9,0.9,0.46899559358928117,0.8229885057471265,0.11494252873563218,True,10,0,0,10,10,,,,,,
nonpaper diagnostic,111,cue,4,raw,9,1,9,0.9,0.0,1.0,1.0,False,9,1,10,19,10,,,,,,
nonpaper diagnostic,111,cue,5,raw,8,2,7,0.7,0.5435644431995964,0.45201947719486674,0.25,False,11,2,20,28,10,,,,,,
nonpaper diagnostic,111,suffix,1,raw,10,8,2,0.2,0.9739760316291209,0.4447859851455334,0.1111111111111111,False,70,,,,,1,0.0,0.0,False,True,70
nonpaper diagnostic,111,suffix,2,raw,10,3,6,0.6,0.8173454221465101,0.4070175438596491,0.0,False,42,,,,,1,0.0,0.0,False,False,42
nonpaper diagnostic,111,suffix,3,raw,9,4,6,0.6,0.7233083338141042,0.4286133184307797,0.0,False,35,,,,,1,0.0,0.0,False,False,35
nonpaper diagnostic,111,suffix,4,raw,9,2,7,0.7,0.7642045065086203,0.6111111111111112,0.0,False,23,,,,,1,0.0,0.0,False,False,23
nonpaper diagnostic,112,cue,1,raw,3,1,3,0.3,0.0,0.24591953073014017,0.16129032258064516,False,82,7,63,73,10,,,,,,
nonpaper diagnostic,112,cue,2,raw,4,3,2,0.2,0.946394630357186,0.13505918144282925,0.0,False,94,6,54,64,10,,,,,,
nonpaper diagnostic,112,cue,3,raw,7,2,6,0.6,0.5916727785823274,0.39256655726973966,0.10416666666666667,False,57,3,27,37,10,,,,,,
nonpaper diagnostic,112,cue,4,raw,8,1,8,0.8,0.0,1.0,1.0,False,38,2,18,28,10,,,,,,
nonpaper diagnostic,112,cue,5,raw,9,1,9,0.9,0.0,1.0,1.0,False,10,1,10,19,10,,,,,,
nonpaper diagnostic,112,suffix,1,raw,7,3,5,0.5,0.7248340915057598,0.3835134338573376,0.019230769230769232,False,9,,,,,1,0.0,0.0,True,True,9
nonpaper diagnostic,112,suffix,2,raw,10,2,8,0.8,0.7219280948873623,1.0,1.0,False,11,,,,,1,0.0,0.0,True,True,11
nonpaper diagnostic,112,suffix,3,raw,5,2,4,0.4,0.7219280948873623,0.6869565217391305,0.21739130434782608,False,5,,,,,1,0.0,0.0,False,False,5
nonpaper diagnostic,112,suffix,4,raw,5,1,5,0.5,0.0,1.0,1.0,False,5,,,,,1,0.0,0.0,False,False,5
nonpaper diagnostic,113,cue,1,raw,6,1,6,0.6,0.0,1.0,1.0,False,61,4,36,46,10,,,,,,
nonpaper diagnostic,113,cue,2,raw,6,1,6,0.6,0.0,1.0,1.0,False,27,4,39,46,10,,,,,,
nonpaper diagnostic,113,cue,3,raw,2,1,2,0.2,0.0,1.0,1.0,False,95,8,72,82,10,,,,,,
nonpaper diagnostic,113,cue,4,raw,6,1,6,0.6,0.0,1.0,1.0,False,72,4,36,46,10,,,,,,
nonpaper diagnostic,113,cue,5,raw,9,1,9,0.9,0.0,1.0,1.0,False,32,1,9,19,10,,,,,,
nonpaper diagnostic,113,suffix,1,raw,10,4,6,0.6,0.7854752972273344,0.5095969049283252,0.11764705882352941,False,20,,,,,1,0.0,0.0,True,True,20
nonpaper diagnostic,113,suffix,2,raw,10,3,5,0.5,0.8586727110732549,0.3637564455746274,0.0,False,17,,,,,1,0.0,0.0,True,True,17
nonpaper diagnostic,113,suffix,3,raw,8,4,5,0.5,0.7743974703476992,0.41803893971381656,0.0,False,9,,,,,1,0.0,0.0,False,False,9
nonpaper diagnostic,113,suffix,4,raw,9,5,3,0.3,0.9101415926479804,0.2814376752632929,0.06504065040650407,False,27,,,,,1,0.0,0.0,False,False,27
nonpaper diagnostic,114,cue,1,raw,0,0,0,0.0,0.0,0.0,0.0,False,82,10,91,100,10,,,,,,
nonpaper diagnostic,114,cue,2,raw,7,1,7,0.7,0.0,1.0,1.0,False,84,3,27,37,10,,,,,,
nonpaper diagnostic,114,cue,3,raw,10,1,10,1.0,0.0,1.0,1.0,True,13,0,0,10,10,,,,,,
nonpaper diagnostic,114,cue,4,raw,7,1,7,0.7,0.0,0.5517615797389159,0.20652173913043478,False,9,3,29,37,10,,,,,,
nonpaper diagnostic,114,cue,5,raw,3,1,3,0.3,0.0,1.0,1.0,False,91,7,64,73,10,,,,,,
nonpaper diagnostic,114,suffix,1,raw,10,1,10,1.0,0.0,1.0,1.0,True,20,,,,,1,0.0,0.0,True,True,20
nonpaper diagnostic,114,suffix,2,raw,10,1,10,1.0,0.0,1.0,1.0,True,10,,,,,1,0.0,0.0,True,True,10
nonpaper diagnostic,114,suffix,3,raw,7,1,7,0.7,0.0,1.0,1.0,False,8,,,,,1,0.0,0.0,True,True,8
nonpaper diagnostic,114,suffix,4,raw,8,6,2,0.2,0.9671320180863539,0.23732178531367046,0.13821138211382114,False,25,,,,,1,0.0,0.0,False,False,25
nonpaper diagnostic,115,cue,1,raw,5,1,5,0.5,0.0,1.0,1.0,False,66,5,46,55,10,,,,,,
nonpaper diagnostic,115,cue,2,raw,7,2,6,0.6,0.5916727785823274,0.7142857142857143,0.0,False,65,3,28,37,10,,,,,,
nonpaper diagnostic,115,cue,3,raw,7,2,5,0.5,0.8631205685666311,0.5671022795082946,0.1388888888888889,False,21,3,30,37,10,,,,,,
nonpaper diagnostic,115,cue,4,raw,8,2,7,0.7,0.5435644431995964,0.8157894736842105,0.2631578947368421,False,34,2,19,28,10,,,,,,
nonpaper diagnostic,115,cue,5,raw,8,1,8,0.8,0.0,1.0,1.0,False,28,2,19,28,10,,,,,,
nonpaper diagnostic,115,suffix,1,raw,10,1,10,1.0,0.0,1.0,1.0,True,17,,,,,1,0.0,0.0,True,True,17
nonpaper diagnostic,115,suffix,2,raw,4,2,3,0.3,0.8112781244591328,0.5625,0.125,False,5,,,,,1,0.0,0.0,True,True,5
nonpaper diagnostic,115,suffix,3,raw,1,1,1,0.1,0.0,0.0,0.0,False,1,,,,,1,0.0,0.0,False,False,1
nonpaper diagnostic,116,cue,1,raw,8,1,8,0.8,0.0,0.8055555555555556,0.2222222222222222,False,62,2,18,28,10,,,,,,
nonpaper diagnostic,116,cue,2,raw,5,1,5,0.5,0.0,1.0,1.0,False,37,5,48,55,10,,,,,,
nonpaper diagnostic,116,cue,3,raw,9,2,8,0.8,0.5032583347756457,0.7777777777777778,0.0,False,61,1,9,19,10,,,,,,
nonpaper diagnostic,116,cue,4,raw,9,1,9,0.9,0.0,1.0,1.0,False,10,1,10,19,10,,,,,,
nonpaper diagnostic,116,cue,5,raw,4,1,4,0.4,0.0,1.0,1.0,False,15,6,56,64,10,,,,,,
nonpaper diagnostic,116,suffix,1,raw,10,6,3,0.3,0.9464119282150146,0.12469393263372075,0.0,False,64,,,,,1,0.0,0.0,False,True,64
nonpaper diagnostic,116,suffix,2,raw,10,3,8,0.8,0.5816718657178868,0.6240549828178694,0.0,False,28,,,,,1,0.0,0.0,False,False,28
nonpaper diagnostic,116,suffix,3,raw,10,3,8,0.8,0.5816718657178868,0.671604938271605,0.0,False,21,,,,,1,0.0,0.0,False,False,21
nonpaper diagnostic,116,suffix,4,raw,7,2,6,0.6,0.5916727785823274,0.7763975155279503,0.21739130434782608,False,7,,,,,1,0.0,0.0,False,False,7
nonpaper diagnostic,117,cue,1,raw,8,2,7,0.7,0.5435644431995964,0.75,0.0,False,29,2,18,28,10,,,,,,
nonpaper diagnostic,117,cue,2,raw,9,2,8,0.8,0.5032583347756457,0.7777777777777778,0.0,False,13,1,10,19,10,,,,,,
nonpaper diagnostic,117,cue,3,raw,8,2,7,0.7,0.5435644431995964,0.7923728813559322,0.1694915254237288,False,40,2,19,28,10,,,,,,
nonpaper diagnostic,117,cue,4,raw,6,1,6,0.6,0.0,1.0,1.0,False,37,4,36,46,10,,,,,,
nonpaper diagnostic,117,cue,5,raw,7,2,6,0.6,0.5916727785823274,0.5610988831825222,0.11494252873563218,False,38,3,29,37,10,,,,,,
nonpaper diagnostic,117,suffix,1,raw,10,5,3,0.3,0.9349775297671233,0.3026635498041149,0.013245033112582781,False,68,,,,,1,0.0,0.0,False,True,68
nonpaper diagnostic,117,suffix,2,raw,10,8,3,0.3,0.9488131148903386,0.30123456790123454,0.0,False,70,,,,,1,0.0,0.0,False,True,70
nonpaper diagnostic,117,suffix,3,raw,8,4,4,0.4,0.875,0.2648279398332983,0.0,False,27,,,,,1,0.0,0.0,False,False,27
nonpaper diagnostic,117,suffix,4,raw,5,2,4,0.4,0.7219280948873623,0.5636363636363637,0.0,False,7,,,,,1,0.0,0.0,False,False,7
nonpaper diagnostic,118,cue,1,raw,4,1,4,0.4,0.0,1.0,1.0,False,49,6,56,64,10,,,,,,
nonpaper diagnostic,118,cue,2,raw,7,2,6,0.6,0.5916727785823274,0.8095238095238095,0.3333333333333333,False,42,3,28,37,10,,,,,,
nonpaper diagnostic,118,cue,3,raw,7,1,7,0.7,0.0,1.0,1.0,False,8,3,30,37,10,,,,,,
nonpaper diagnostic,118,cue,4,raw,1,1,1,0.1,0.0,0.0,0.0,False,87,9,81,91,10,,,,,,
nonpaper diagnostic,118,cue,5,raw,8,2,7,0.7,0.5435644431995964,0.7808641975308641,0.12345679012345678,False,55,2,18,28,10,,,,,,
nonpaper diagnostic,118,suffix,1,raw,10,1,10,1.0,0.0,1.0,1.0,True,11,,,,,1,0.0,0.0,True,True,11
nonpaper diagnostic,118,suffix,2,raw,10,3,5,0.5,0.8586727110732549,0.4049993706756776,0.05154639175257732,False,19,,,,,1,0.0,0.0,True,True,19
nonpaper diagnostic,118,suffix,3,raw,10,5,5,0.5,0.8445412464587144,0.3041080296666594,0.0,False,51,,,,,1,0.0,0.0,False,True,51
nonpaper diagnostic,118,suffix,4,raw,9,4,6,0.6,0.7233083338141042,0.4444444444444444,0.0,False,29,,,,,1,0.0,0.0,False,False,29
nonpaper diagnostic,119,cue,1,raw,6,2,5,0.5,0.6500224216483541,0.6703703703703704,0.011111111111111112,False,88,4,36,46,10,,,,,,
nonpaper diagnostic,119,cue,2,raw,6,2,5,0.5,0.6500224216483541,0.6666666666666666,0.0,False,34,4,36,46,10,,,,,,
nonpaper diagnostic,119,cue,3,raw,6,2,5,0.5,0.6500224216483541,0.4634676173499703,0.015151515151515152,False,10,4,40,46,10,,,,,,
nonpaper diagnostic,119,cue,4,raw,2,2,1,0.1,1.0,0.18032786885245902,0.18032786885245902,False,94,8,72,82,10,,,,,,
nonpaper diagnostic,119,cue,5,raw,9,1,9,0.9,0.0,1.0,1.0,False,24,1,9,19,10,,,,,,
nonpaper diagnostic,119,suffix,1,raw,10,2,9,0.9,0.46899559358928117,1.0,1.0,False,33,,,,,1,0.0,0.0,False,True,33
nonpaper diagnostic,119,suffix,2,raw,10,4,6,0.6,0.7854752972273344,0.3784720967106631,0.0,False,24,,,,,1,0.0,0.0,True,True,24
nonpaper diagnostic,119,suffix,3,raw,10,8,2,0.2,0.9739760316291209,0.31949825700226825,0.0,False,68,,,,,1,0.0,0.0,False,False,68
nonpaper diagnostic,119,suffix,4,raw,9,4,3,0.3,0.9455305560363264,0.20567458469181804,0.0,False,42,,,,,1,0.0,0.0,False,False,42
nonpaper diagnostic,120,cue,1,raw,5,1,5,0.5,0.0,0.7157894736842105,0.5263157894736842,False,82,5,45,55,10,,,,,,
nonpaper diagnostic,120,cue,2,raw,9,1,9,0.9,0.0,0.5338088172689255,0.2222222222222222,False,51,1,9,19,10,,,,,,
nonpaper diagnostic,120,cue,3,raw,8,4,5,0.5,0.7743974703476992,0.658771967818432,0.06329113924050633,False,34,2,19,28,10,,,,,,
nonpaper diagnostic,120,cue,4,raw,8,2,7,0.7,0.5435644431995964,0.7764550264550264,0.4074074074074074,False,14,2,19,28,10,,,,,,
nonpaper diagnostic,120,cue,5,raw,9,2,8,0.8,0.5032583347756457,0.8070175438596492,0.13157894736842105,False,18,1,9,19,10,,,,,,
nonpaper diagnostic,120,suffix,1,raw,8,3,6,0.6,0.6695919455357792,0.5527288047705471,0.0,False,8,,,,,1,0.0,0.0,True,True,8
nonpaper diagnostic,120,suffix,2,raw,8,2,7,0.7,0.5435644431995964,0.7896825396825397,0.15873015873015872,False,9,,,,,1,0.0,0.0,True,True,9
nonpaper diagnostic,120,suffix,3,raw,9,1,9,0.9,0.0,1.0,1.0,False,10,,,,,1,0.0,0.0,True,True,10
nonpaper diagnostic,120,suffix,4,raw,3,1,3,0.3,0.0,0.4089445765502104,0.3181818181818182,False,4,,,,,1,0.0,0.0,False,False,4
nonpaper diagnostic,121,cue,1,raw,6,1,6,0.6,0.0,1.0,1.0,False,83,4,36,46,10,,,,,,
nonpaper diagnostic,121,cue,2,raw,10,1,10,1.0,0.0,1.0,1.0,True,16,0,0,10,10,,,,,,
nonpaper diagnostic,121,cue,3,raw,6,1,6,0.6,0.0,0.8333333333333334,0.5,False,8,4,40,46,10,,,,,,
nonpaper diagnostic,121,cue,4,raw,10,2,9,0.9,0.46899559358928117,0.8196078431372549,0.09803921568627451,True,49,0,0,10,10,,,,,,
nonpaper diagnostic,121,cue,5,raw,8,1,8,0.8,0.0,1.0,1.0,False,8,2,20,28,10,,,,,,
nonpaper diagnostic,121,suffix,1,raw,9,5,3,0.3,0.946265187221801,0.1395171705420831,0.0,False,21,,,,,1,0.0,0.0,False,True,21
nonpaper diagnostic,121,suffix,2,raw,10,8,2,0.2,0.9739760316291209,0.1397228342374178,0.0,False,44,,,,,1,0.0,0.0,False,True,44
nonpaper diagnostic,121,suffix,3,raw,9,9,1,0.1,1.0,0.1824366110266216,0.0,False,86,,,,,1,0.0,0.0,False,False,86
nonpaper diagnostic,121,suffix,4,raw,9,4,4,0.4,0.8763576394898523,0.22235244661157008,0.0,False,44,,,,,1,0.0,0.0,False,False,44
nonpaper diagnostic,122,cue,1,raw,1,1,1,0.1,0.0,0.0,0.0,False,82,9,83,91,10,,,,,,
nonpaper diagnostic,122,cue,2,raw,5,1,5,0.5,0.0,1.0,1.0,False,47,5,47,55,10,,,,,,
nonpaper diagnostic,122,cue,3,raw,8,2,7,0.7,0.5435644431995964,0.32010922290185523,0.06451612903225806,False,45,2,18,28,10,,,,,,
nonpaper diagnostic,122,cue,4,raw,5,1,5,0.5,0.0,1.0,1.0,False,62,5,45,55,10,,,,,,
nonpaper diagnostic,122,cue,5,raw,7,1,7,0.7,0.0,1.0,1.0,False,35,3,28,37,10,,,,,,
nonpaper diagnostic,122,suffix,1,raw,10,1,10,1.0,0.0,1.0,1.0,True,20,,,,,1,0.0,0.0,True,True,20
nonpaper diagnostic,122,suffix,2,raw,8,2,7,0.7,0.5435644431995964,0.7787356321839081,0.11494252873563218,False,8,,,,,1,0.0,0.0,True,True,8
nonpaper diagnostic,122,suffix,3,raw,5,1,5,0.5,0.0,1.0,1.0,False,5,,,,,1,0.0,0.0,True,True,5
nonpaper diagnostic,122,suffix,4,raw,6,1,6,0.6,0.0,1.0,1.0,False,6,,,,,1,0.0,0.0,False,False,6
nonpaper diagnostic,123,cue,1,raw,5,2,4,0.4,0.7219280948873623,0.6,0.0,False,84,5,45,55,10,,,,,,
nonpaper diagnostic,123,cue,2,raw,10,1,10,1.0,0.0,1.0,1.0,True,15,0,0,10,10,,,,,,
nonpaper diagnostic,123,cue,3,raw,9,2,8,0.8,0.5032583347756457,0.8130511463844797,0.15873015873015872,False,9,1,10,19,10,,,,,,
nonpaper diagnostic,123,cue,4,raw,10,1,10,1.0,0.0,1.0,1.0,True,10,0,0,10,10,,,,,,
nonpaper diagnostic,123,cue,5,raw,10,1,10,1.0,0.0,1.0,1.0,True,10,0,0,10,10,,,,,,
nonpaper diagnostic,123,suffix,1,raw,9,6,3,0.3,0.935944697445866,0.26337364416029824,0.0990990990990991,False,31,,,,,1,0.0,0.0,True,True,31
nonpaper diagnostic,123,suffix,2,raw,10,7,3,0.3,0.94268071481726,0.6430416202155332,0.0,False,71,,,,,1,0.0,0.0,False,False,71
nonpaper diagnostic,123,suffix,3,raw,9,6,3,0.3,0.935944697445866,0.11980801619246388,0.0,False,39,,,,,1,0.0,0.0,False,False,39
nonpaper diagnostic,123,suffix,4,raw,7,2,6,0.6,0.5916727785823274,0.7167919799498746,0.008771929824561403,False,11,,,,,1,0.0,0.0,False,False,11
nonpaper diagnostic,124,cue,1,raw,7,1,7,0.7,0.0,1.0,1.0,False,56,3,27,37,10,,,,,,
nonpaper diagnostic,124,cue,2,raw,9,1,9,0.9,0.0,1.0,1.0,False,26,1,10,19,10,,,,,,
nonpaper diagnostic,124,cue,3,raw,10,1,10,1.0,0.0,1.0,1.0,True,10,0,0,10,10,,,,,,
nonpaper diagnostic,124,cue,4,raw,10,2,9,0.9,0.46899559358928117,0.8246913580246914,0.12345679012345678,True,10,0,0,10,10,,,,,,
nonpaper diagnostic,124,cue,5,raw,9,2,8,0.8,0.5032583347756457,0.8888888888888888,0.5,False,17,1,10,19,10,,,,,,
nonpaper diagnostic,124,suffix,1,raw,9,3,7,0.7,0.6223659728744494,0.6365337491988216,0.06993006993006994,False,11,,,,,1,0.0,0.0,True,True,11
nonpaper diagnostic,124,suffix,2,raw,9,1,9,0.9,0.0,1.0,1.0,False,9,,,,,1,0.0,0.0,True,True,9
nonpaper diagnostic,124,suffix,3,raw,8,1,8,0.8,0.0,1.0,1.0,False,8,,,,,1,0.0,0.0,True,True,8
nonpaper diagnostic,124,suffix,4,raw,7,2,5,0.5,0.8631205685666311,0.5970695970695971,0.15384615384615385,False,7,,,,,1,0.0,0.0,False,True,7
nonpaper diagnostic,125,cue,1,raw,4,1,4,0.4,0.0,1.0,1.0,False,70,6,54,64,10,,,,,,
nonpaper diagnostic,125,cue,2,raw,9,1,9,0.9,0.0,1.0,1.0,False,28,1,9,19,10,,,,,,
nonpaper diagnostic,125,cue,3,raw,10,1,10,1.0,0.0,0.7368421052631579,0.5263157894736842,True,22,0,0,10,10,,,,,,
nonpaper diagnostic,125,cue,4,raw,6,1,6,0.6,0.0,0.5897869441347703,0.2826086956521739,False,6,4,40,46,10,,,,,,
nonpaper diagnostic,125,cue,5,raw,6,3,4,0.4,0.7896900821428474,0.42119658119658115,0.0,False,80,4,36,46,10,,,,,,
nonpaper diagnostic,125,suffix,1,raw,7,3,4,0.4,0.8699155297736259,0.3488552755050588,0.006578947368421052,False,32,,,,,1,0.0,0.0,True,True,32
nonpaper diagnostic,125,suffix,2,raw,8,5,3,0.3,0.9283832117695864,0.3301711136247699,0.0,False,29,,,,,1,0.0,0.0,False,True,29
nonpaper diagnostic,126,cue,1,raw,4,1,4,0.4,0.0,0.6206896551724138,0.3448275862068966,False,82,6,54,64,10,,,,,,
nonpaper diagnostic,126,cue,2,raw,9,2,8,0.8,0.5032583347756457,1.0,1.0,False,27,1,9,19,10,,,,,,
nonpaper diagnostic,126,cue,3,raw,3,2,2,0.2,0.9182958340544894,0.3346909543436773,0.287292817679558,False,59,7,64,73,10,,,,,,
nonpaper diagnostic,126,cue,4,raw,1,1,1,0.1,0.0,0.0,0.0,False,91,9,83,91,10,,,,,,
nonpaper diagnostic,126,cue,5,raw,6,3,4,0.4,0.7896900821428474,0.4503373015873016,0.022222222222222223,False,44,4,39,46,10,,,,,,
nonpaper diagnostic,126,suffix,1,raw,10,5,4,0.4,0.881353453268883,0.25124761698120845,0.014925373134328358,False,41,,,,,1,0.0,0.0,True,True,41
nonpaper diagnostic,126,suffix,2,raw,10,7,3,0.3,0.94268071481726,0.2000293019427349,0.0,False,59,,,,,1,0.0,0.0,True,True,59
nonpaper diagnostic,126,suffix,3,raw,10,5,3,0.3,0.9349775297671233,0.4,0.0,False,36,,,,,1,0.0,0.0,False,False,36
nonpaper diagnostic,126,suffix,4,raw,10,5,4,0.4,0.9138646883853215,0.23346466438452795,0.0,False,26,,,,,1,0.0,0.0,False,False,26
nonpaper diagnostic,127,cue,1,raw,7,1,7,0.7,0.0,1.0,1.0,False,54,3,27,37,10,,,,,,
nonpaper diagnostic,127,cue,2,raw,3,2,2,0.2,0.9182958340544894,0.25422647527910686,0.03636363636363636,False,93,7,63,73,10,,,,,,
nonpaper diagnostic,127,cue,3,raw,8,2,7,0.7,0.5435644431995964,0.75,0.0,False,25,2,19,28,10,,,,,,
nonpaper diagnostic,127,cue,4,raw,10,2,9,0.9,0.46899559358928117,0.8408163265306123,0.20408163265306123,True,15,0,0,10,10,,,,,,
nonpaper diagnostic,127,cue,5,raw,9,2,8,0.8,0.5032583347756457,0.8271604938271605,0.2222222222222222,False,10,1,10,19,10,,,,,,
nonpaper diagnostic,127,suffix,1,raw,9,3,7,0.7,0.6223659728744494,0.5908311535184194,0.011235955056179775,False,13,,,,,1,0.0,0.0,True,True,13
nonpaper diagnostic,127,suffix,2,raw,9,4,5,0.5,0.8288713632524444,0.35299381629436943,0.10810810810810811,False,21,,,,,1,0.0,0.0,False,True,21
nonpaper diagnostic,127,suffix,3,raw,9,8,2,0.2,0.9825675930733636,0.354834923615693,0.0,False,67,,,,,1,0.0,0.0,False,False,67
nonpaper diagnostic,127,suffix,4,raw,9,4,4,0.4,0.9182958340544894,0.23709463051568314,0.0,False,42,,,,,1,0.0,0.0,False,True,42
nonpaper diagnostic,128,cue,1,raw,5,1,5,0.5,0.0,1.0,1.0,False,82,5,45,55,10,,,,,,
nonpaper diagnostic,128,cue,2,raw,8,1,8,0.8,0.0,1.0,1.0,False,22,2,18,28,10,,,,,,
nonpaper diagnostic,128,cue,3,raw,5,1,5,0.5,0.0,0.5829885921427095,0.32941176470588235,False,40,5,49,55,10,,,,,,
nonpaper diagnostic,128,cue,4,raw,8,1,8,0.8,0.0,1.0,1.0,False,28,2,18,28,10,,,,,,
nonpaper diagnostic,128,cue,5,raw,10,1,10,1.0,0.0,1.0,1.0,True,16,0,0,10,10,,,,,,
nonpaper diagnostic,128,suffix,1,raw,8,1,8,0.8,0.0,1.0,1.0,False,8,,,,,1,0.0,0.0,True,True,8
nonpaper diagnostic,128,suffix,2,raw,10,1,10,1.0,0.0,1.0,1.0,True,10,,,,,1,0.0,0.0,True,True,10
nonpaper diagnostic,128,suffix,3,raw,5,2,4,0.4,0.7219280948873623,0.6606060606060606,0.15151515151515152,False,8,,,,,1,0.0,0.0,True,True,8
nonpaper diagnostic,128,suffix,4,raw,4,2,3,0.3,0.8112781244591328,1.0,1.0,False,5,,,,,1,0.0,0.0,False,False,5
nonpaper diagnostic,129,cue,1,raw,4,1,4,0.4,0.0,1.0,1.0,False,45,6,55,64,10,,,,,,
nonpaper diagnostic,129,cue,2,raw,2,1,2,0.2,0.0,0.5882352941176471,0.5882352941176471,False,97,8,72,82,10,,,,,,
nonpaper diagnostic,129,cue,3,raw,8,3,6,0.6,0.6695919455357792,0.5857025952770634,0.0,False,42,2,18,28,10,,,,,,
nonpaper diagnostic,129,cue,4,raw,9,1,9,0.9,0.0,1.0,1.0,False,10,1,10,19,10,,,,,,
nonpaper diagnostic,129,cue,5,raw,9,1,9,0.9,0.0,1.0,1.0,False,17,1,10,19,10,,,,,,
nonpaper diagnostic,129,suffix,1,raw,10,7,2,0.2,0.969570350190125,0.1928464803736211,0.045454545454545456,False,73,,,,,1,0.0,0.0,False,True,73
nonpaper diagnostic,129,suffix,2,raw,10,5,3,0.3,0.9349775297671233,0.3219952537422417,0.0,False,88,,,,,1,0.0,0.0,False,False,88
nonpaper diagnostic,129,suffix,3,raw,10,4,6,0.6,0.7854752972273344,0.3566216963663036,0.0,False,60,,,,,1,0.0,0.0,False,False,60
nonpaper diagnostic,129,suffix,4,raw,9,5,5,0.5,0.809656833416415,0.3123191109302221,0.0,False,43,,,,,1,0.0,0.0,False,False,43
nonpaper diagnostic,130,cue,1,raw,4,2,3,0.3,0.8112781244591328,0.5178571428571429,0.03571428571428571,False,70,6,54,64,10,,,,,,
nonpaper diagnostic,130,cue,2,raw,9,3,7,0.7,0.6223659728744494,0.7126532887402452,0.14102564102564102,False,45,1,9,19,10,,,,,,
nonpaper diagnostic,130,cue,3,raw,10,1,10,1.0,0.0,1.0,1.0,True,10,0,0,10,10,,,,,,
nonpaper diagnostic,130,cue,4,raw,5,2,4,0.4,0.7219280948873623,0.387052579225322,0.1554054054054054,False,42,5,48,55,10,,,,,,
nonpaper diagnostic,130,cue,5,raw,6,3,4,0.4,0.7896900821428474,0.43943943943943947,0.0,False,60,4,37,46,10,,,,,,
nonpaper diagnostic,130,suffix,1,raw,10,4,4,0.4,0.9232196723355078,0.20516628068065093,0.0,False,59,,,,,1,0.0,0.0,True,True,59
nonpaper diagnostic,130,suffix,2,raw,10,5,6,0.6,0.7627069065377661,0.34805218173639224,0.0,False,58,,,,,1,0.0,0.0,False,True,58
nonpaper diagnostic,130,suffix,3,raw,10,8,2,0.2,0.9739760316291209,0.08541136191197854,0.0,False,70,,,,,1,0.0,0.0,False,False,70
nonpaper diagnostic,130,suffix,4,raw,10,5,4,0.4,0.9138646883853215,0.15240519806645622,0.0,False,41,,,,,1,0.0,0.0,False,False,41
nonpaper diagnostic,131,cue,1,raw,2,2,1,0.1,1.0,0.05263157894736842,0.05263157894736842,False,83,8,73,82,10,,,,,,
nonpaper diagnostic,131,cue,2,raw,3,1,3,0.3,0.0,1.0,1.0,False,89,7,63,73,10,,,,,,
nonpaper diagnostic,131,cue,3,raw,8,2,7,0.7,0.5435644431995964,0.7532051282051283,0.01282051282051282,False,47,2,18,28,10,,,,,,
nonpaper diagnostic,131,cue,4,raw,8,2,7,0.7,0.5435644431995964,0.875,0.5,False,8,2,20,28,10,,,,,,
nonpaper diagnostic,131,cue,5,raw,5,2,4,0.4,0.7219280948873623,0.575,0.25,False,63,5,49,55,10,,,,,,
nonpaper diagnostic,131,suffix,1,raw,10,6,4,0.4,0.8982444017039272,0.18123265297744667,0.0,False,29,,,,,1,0.0,0.0,True,True,29
nonpaper diagnostic,131,suffix,2,raw,10,2,8,0.8,0.7219280948873623,1.0,1.0,False,19,,,,,1,0.0,0.0,True,True,19
nonpaper diagnostic,131,suffix,3,raw,7,2,5,0.5,0.8631205685666311,0.5302445302445302,0.013513513513513514,False,8,,,,,1,0.0,0.0,False,True,8
nonpaper diagnostic,131,suffix,4,raw,7,2,6,0.6,0.5916727785823274,0.6015037593984962,0.0,False,8,,,,,1,0.0,0.0,False,False,8
nonpaper diagnostic,132,cue,1,raw,5,2,4,0.4,0.7219280948873623,0.6,0.0,False,45,5,47,55,10,,,,,,
nonpaper diagnostic,132,cue,2,raw,6,1,6,0.6,0.0,0.8333333333333334,0.5,False,47,4,36,46,10,,,,,,
nonpaper diagnostic,132,cue,3,raw,7,1,7,0.7,0.0,0.8571428571428571,0.5,False,75,3,28,37,10,,,,,,
nonpaper diagnostic,132,cue,4,raw,10,2,9,0.9,0.46899559358928117,0.8194174757281554,0.0970873786407767,True,18,0,0,10,10,,,,,,
nonpaper diagnostic,132,cue,5,raw,9,1,9,0.9,0.0,1.0,1.0,False,9,1,10,19,10,,,,,,
nonpaper diagnostic,132,suffix,1,raw,9,2,7,0.7,0.7642045065086203,0.7083333333333334,0.25,False,10,,,,,1,0.0,0.0,True,True,10
nonpaper diagnostic,132,suffix,2,raw,10,2,9,0.9,0.46899559358928117,0.8224719101123595,0.11235955056179775,True,10,,,,,1,0.0,0.0,True,True,10
nonpaper diagnostic,132,suffix,3,raw,8,3,5,0.5,0.8194483718728035,0.48242256018356106,0.13157894736842105,False,10,,,,,1,0.0,0.0,True,True,10
nonpaper diagnostic,132,suffix,4,raw,9,2,8,0.8,0.5032583347756457,0.8888888888888888,0.5,False,9,,,,,1,0.0,0.0,False,False,9
nonpaper diagnostic,133,cue,1,raw,6,3,4,0.4,0.7896900821428474,0.5239239239239238,0.08108108108108109,False,88,4,36,46,10,,,,,,
nonpaper diagnostic,133,cue,2,raw,4,1,4,0.4,0.0,1.0,1.0,False,42,6,54,64,10,,,,,,
nonpaper diagnostic,133,cue,3,raw,5,1,5,0.5,0.0,1.0,1.0,False,87,5,45,55,10,,,,,,
nonpaper diagnostic,133,cue,4,raw,3,1,3,0.3,0.0,0.411764705882353,0.11764705882352941,False,87,7,63,73,10,,,,,,
nonpaper diagnostic,133,cue,5,raw,4,3,2,0.2,0.946394630357186,0.3977805505142165,0.10416666666666667,False,85,6,55,64,10,,,,,,
nonpaper diagnostic,133,suffix,1,raw,10,5,4,0.4,0.881353453268883,0.22767967720962118,0.0,False,36,,,,,1,0.0,0.0,True,True,36
nonpaper diagnostic,133,suffix,2,raw,10,7,4,0.4,0.8983289127685206,0.1876724837638153,0.0,False,56,,,,,1,0.0,0.0,False,False,56
nonpaper diagnostic,133,suffix,3,raw,10,6,3,0.3,0.9172088932791937,0.3420479302832244,0.0,False,55,,,,,1,0.0,0.0,False,False,55
nonpaper diagnostic,133,suffix,4,raw,9,4,3,0.3,0.9455305560363264,0.19444444444444445,0.0,False,38,,,,,1,0.0,0.0,False,False,38
nonpaper diagnostic,134,cue,1,raw,9,2,8,0.8,0.5032583347756457,0.7777777777777778,0.0,False,41,1,9,19,10,,,,,,
nonpaper diagnostic,134,cue,2,raw,9,1,9,0.9,0.0,0.784170751633987,0.3125,False,28,1,9,19,10,,,,,,
nonpaper diagnostic,134,cue,3,raw,9,1,9,0.9,0.0,1.0,1.0,False,9,1,10,19,10,,,,,,
nonpaper diagnostic,134,cue,4,raw,9,1,9,0.9,0.0,1.0,1.0,False,11,1,10,19,10,,,,,,
nonpaper diagnostic,134,cue,5,raw,9,4,6,0.6,0.7233083338141042,0.4547960215759701,0.1111111111111111,False,34,1,9,19,10,,,,,,
nonpaper diagnostic,134,suffix,1,raw,9,1,9,0.9,0.0,1.0,1.0,False,12,,,,,1,0.0,0.0,True,True,12
nonpaper diagnostic,134,suffix,2,raw,8,1,8,0.8,0.0,1.0,1.0,False,8,,,,,1,0.0,0.0,True,True,8
nonpaper diagnostic,134,suffix,3,raw,10,2,9,0.9,0.46899559358928117,0.8263157894736841,0.13157894736842105,False,10,,,,,1,0.0,0.0,True,True,10
nonpaper diagnostic,134,suffix,4,raw,8,1,8,0.8,0.0,1.0,1.0,False,8,,,,,1,0.0,0.0,False,False,8
nonpaper diagnostic,135,cue,1,raw,4,1,4,0.4,0.0,1.0,1.0,False,88,6,55,64,10,,,,,,
nonpaper diagnostic,135,cue,2,raw,9,1,9,0.9,0.0,1.0,1.0,False,15,1,9,19,10,,,,,,
nonpaper diagnostic,135,cue,3,raw,2,2,1,0.1,1.0,0.1111111111111111,0.1111111111111111,False,71,8,73,82,10,,,,,,
nonpaper diagnostic,135,cue,4,raw,6,3,4,0.4,0.7896900821428474,0.47005686116601997,0.1,False,65,4,36,46,10,,,,,,
nonpaper diagnostic,135,cue,5,raw,9,1,9,0.9,0.0,1.0,1.0,False,29,1,9,19,10,,,,,,
nonpaper diagnostic,135,suffix,1,raw,10,7,4,0.4,0.8983289127685206,0.22363526326908081,0.08860759493670886,False,66,,,,,1,0.0,0.0,False,True,66
nonpaper diagnostic,135,suffix,2,raw,10,8,2,0.2,0.9739760316291209,0.11982146721872751,0.0,False,89,,,,,1,0.0,0.0,True,True,89
nonpaper diagnostic,135,suffix,3,raw,9,4,6,0.6,0.7233083338141042,0.43729167658368107,0.0,False,43,,,,,1,0.0,0.0,False,False,43
nonpaper diagnostic,135,suffix,4,raw,9,3,7,0.7,0.6223659728744494,0.5833333333333334,0.0,False,39,,,,,1,0.0,0.0,False,False,39
nonpaper diagnostic,136,cue,1,raw,6,3,4,0.4,0.7896900821428474,0.31498594303874833,0.0,False,61,4,36,46,10,,,,,,
nonpaper diagnostic,136,cue,2,raw,5,2,4,0.4,0.7219280948873623,0.6574074074074074,0.4074074074074074,False,91,5,45,55,10,,,,,,
nonpaper diagnostic,136,cue,3,raw,8,1,8,0.8,0.0,1.0,1.0,False,10,2,19,28,10,,,,,,
nonpaper diagnostic,136,cue,4,raw,9,1,9,0.9,0.0,1.0,1.0,False,17,1,9,19,10,,,,,,
nonpaper diagnostic,136,cue,5,raw,7,1,7,0.7,0.0,0.45725757821184226,0.16666666666666666,False,14,3,28,37,10,,,,,,
nonpaper diagnostic,136,suffix,1,raw,10,7,3,0.3,0.94268071481726,0.4201564645210255,0.08888888888888889,False,81,,,,,1,0.0,0.0,False,True,81
nonpaper diagnostic,136,suffix,2,raw,10,4,7,0.7,0.6783898247235197,0.6444444444444445,0.0,False,53,,,,,1,0.0,0.0,False,True,53
nonpaper diagnostic,136,suffix,3,raw,9,4,4,0.4,0.8763576394898523,0.2586135563109247,0.0,False,55,,,,,1,0.0,0.0,False,False,55
nonpaper diagnostic,136,suffix,4,raw,9,6,4,0.4,0.8824252235446577,0.22265298957520763,0.0,False,67,,,,,1,0.0,0.0,False,False,67
nonpaper diagnostic,137,cue,1,raw,9,2,8,0.8,0.5032583347756457,0.7809298660362489,0.014184397163120567,False,61,1,9,19,10,,,,,,
nonpaper diagnostic,137,cue,2,raw,2,1,2,0.2,0.0,0.6304347826086957,0.6304347826086957,False,4,8,79,82,10,,,,,,
nonpaper diagnostic,137,cue,3,raw,4,2,3,0.3,0.8112781244591328,0.7777777777777778,0.5555555555555556,False,92,6,54,64,10,,,,,,
nonpaper diagnostic,137,cue,4,raw,10,1,10,1.0,0.0,1.0,1.0,True,29,0,0,10,10,,,,,,
nonpaper diagnostic,137,cue,5,raw,9,1,9,0.9,0.0,1.0,1.0,False,9,1,10,19,10,,,,,,
nonpaper diagnostic,137,suffix,1,raw,10,7,2,0.2,0.969570350190125,0.2248442038873425,0.0989010989010989,False,60,,,,,1,0.0,0.0,False,True,60
nonpaper diagnostic,137,suffix,2,raw,10,5,4,0.4,0.881353453268883,0.41718132681494746,0.0,False,75,,,,,1,0.0,0.0,False,False,75
nonpaper diagnostic,137,suffix,3,raw,10,6,3,0.3,0.9464119282150146,0.17278812218571254,0.0,False,55,,,,,1,0.0,0.0,False,False,55
nonpaper diagnostic,137,suffix,4,raw,9,2,8,0.8,0.5032583347756457,0.7777777777777778,0.0,False,44,,,,,1,0.0,0.0,False,False,44
nonpaper diagnostic,138,cue,1,raw,3,1,3,0.3,0.0,1.0,1.0,False,55,7,64,73,10,,,,,,
nonpaper diagnostic,138,cue,2,raw,4,2,2,0.2,1.0,0.3684210526315789,0.05263157894736842,False,97,6,54,64,10,,,,,,
nonpaper diagnostic,138,cue,3,raw,9,2,8,0.8,0.5032583347756457,0.7806267806267806,0.01282051282051282,False,41,1,10,19,10,,,,,,
nonpaper diagnostic,138,cue,4,raw,8,1,8,0.8,0.0,1.0,1.0,False,20,2,20,28,10,,,,,,
nonpaper diagnostic,138,cue,5,raw,3,1,3,0.3,0.0,1.0,1.0,False,8,7,70,73,10,,,,,,
nonpaper diagnostic,138,suffix,1,raw,10,3,6,0.6,0.8173454221465101,0.41992778548520204,0.01818181818181818,False,38,,,,,1,0.0,0.0,True,True,38
nonpaper diagnostic,138,suffix,2,raw,10,7,3,0.3,0.94268071481726,0.15567677868891835,0.010638297872340425,False,46,,,,,1,0.0,0.0,False,True,46
nonpaper diagnostic,138,suffix,3,raw,9,7,2,0.2,0.9708357627258161,0.1433709459874576,0.0,False,43,,,,,1,0.0,0.0,False,False,43
nonpaper diagnostic,138,suffix,4,raw,9,4,4,0.4,0.8763576394898523,0.27020202020202017,0.0,False,48,,,,,1,0.0,0.0,False,False,48
nonpaper diagnostic,139,cue,1,raw,10,2,8,0.8,0.7219280948873623,0.6321349963316214,0.0,False,31,0,0,10,10,,,,,,
nonpaper diagnostic,139,cue,2,raw,6,4,3,0.3,0.8962406251802889,0.4440829986613119,0.13333333333333333,False,36,4,39,46,10,,,,,,
nonpaper diagnostic,139,cue,3,raw,9,2,8,0.8,0.5032583347756457,0.7894736842105263,0.05263157894736842,False,29,1,9,19,10,,,,,,
nonpaper diagnostic,139,cue,4,raw,9,2,8,0.8,0.5032583347756457,0.7467836257309942,0.15384615384615385,False,22,1,10,19,10,,,,,,
nonpaper diagnostic,139,cue,5,raw,9,2,8,0.8,0.5032583347756457,0.7993527508090614,0.0970873786407767,False,20,1,9,19,10,,,,,,
nonpaper diagnostic,139,suffix,1,raw,10,2,7,0.7,0.8812908992306927,0.5191162947900317,0.009900990099009901,False,14,,,,,1,0.0,0.0,True,True,14
nonpaper diagnostic,139,suffix,2,raw,9,4,4,0.4,0.9182958340544894,0.3030856626961691,0.16568047337278108,False,42,,,,,1,0.0,0.0,False,True,42
nonpaper diagnostic,139,suffix,3,raw,10,7,2,0.2,0.969570350190125,0.3201214192133856,0.0,False,80,,,,,1,0.0,0.0,False,False,80
nonpaper diagnostic,139,suffix,4,raw,9,5,5,0.5,0.809656833416415,0.42035920502759433,0.0,False,40,,,,,1,0.0,0.0,False,False,40
nonpaper diagnostic,140,cue,1,raw,7,1,7,0.7,0.0,1.0,1.0,False,37,3,27,37,10,,,,,,
nonpaper diagnostic,140,cue,2,raw,8,1,8,0.8,0.0,1.0,1.0,False,36,2,19,28,10,,,,,,
nonpaper diagnostic,140,cue,3,raw,8,1,8,0.8,0.0,1.0,1.0,False,12,2,20,28,10,,,,,,
nonpaper diagnostic,140,cue,4,raw,9,1,9,0.9,0.0,1.0,1.0,False,13,1,10,19,10,,,,,,
nonpaper diagnostic,140,cue,5,raw,10,1,10,1.0,0.0,1.0,1.0,True,10,0,0,10,10,,,,,,
nonpaper diagnostic,140,suffix,1,raw,8,6,3,0.3,0.9306282244165778,0.2411841138311324,0.05517241379310345,False,39,,,,,1,0.0,0.0,False,True,39
nonpaper diagnostic,140,suffix,2,raw,10,7,2,0.2,0.969570350190125,0.8589743589743589,0.5,False,81,,,,,1,0.0,0.0,False,False,81
nonpaper diagnostic,140,suffix,3,raw,9,4,4,0.4,0.8763576394898523,0.25584795321637427,0.0,False,46,,,,,1,0.0,0.0,False,False,46
nonpaper diagnostic,140,suffix,4,raw,9,2,8,0.8,0.5032583347756457,0.7777777777777778,0.0,False,30,,,,,1,0.0,0.0,False,False,30
nonpaper diagnostic,141,cue,1,raw,6,4,3,0.3,0.8962406251802889,0.31606403276094747,0.0,False,84,4,37,46,10,,,,,,
nonpaper diagnostic,141,cue,2,raw,9,2,5,0.5,0.9910760598382222,0.5735632183908046,0.2222222222222222,False,23,1,9,19,10,,,,,,
nonpaper diagnostic,141,cue,3,raw,10,1,10,1.0,0.0,1.0,1.0,True,31,0,0,10,10,,,,,,
nonpaper diagnostic,141,cue,4,raw,10,1,10,1.0,0.0,1.0,1.0,True,10,0,0,10,10,,,,,,
nonpaper diagnostic,141,cue,5,raw,5,1,5,0.5,0.0,0.7403508771929824,0.3508771929824561,False,5,5,50,55,10,,,,,,
nonpaper diagnostic,141,suffix,1,raw,10,10,1,0.1,0.9999999999999998,0.0984115800710842,0.0,False,95,,,,,1,0.0,0.0,False,False,95
nonpaper diagnostic,141,suffix,2,raw,10,7,2,0.2,0.969570350190125,0.1545884935703289,0.0,False,95,,,,,1,0.0,0.0,False,False,95
nonpaper diagnostic,141,suffix,3,raw,10,5,6,0.6,0.7627069065377661,0.34436148376131703,0.0,False,62,,,,,1,0.0,0.0,False,True,62
nonpaper diagnostic,141,suffix,4,raw,9,3,7,0.7,0.6223659728744494,0.5833333333333334,0.0,False,49,,,,,1,0.0,0.0,False,False,49
nonpaper diagnostic,142,cue,1,raw,9,1,9,0.9,0.0,1.0,1.0,False,56,1,9,19,10,,,,,,
nonpaper diagnostic,142,cue,2,raw,10,1,10,1.0,0.0,1.0,1.0,True,14,0,0,10,10,,,,,,
nonpaper diagnostic,142,cue,3,raw,9,1,9,0.9,0.0,1.0,1.0,False,9,1,10,19,10,,,,,,
nonpaper diagnostic,142,cue,4,raw,10,1,10,1.0,0.0,1.0,1.0,True,10,0,0,10,10,,,,,,
nonpaper diagnostic,142,cue,5,raw,9,2,8,0.8,0.5032583347756457,0.8888888888888888,0.5,False,9,1,10,19,10,,,,,,
nonpaper diagnostic,142,suffix,1,raw,9,1,9,0.9,0.0,1.0,1.0,False,10,,,,,1,0.0,0.0,True,True,10
nonpaper diagnostic,142,suffix,2,raw,7,1,7,0.7,0.0,1.0,1.0,False,7,,,,,1,0.0,0.0,True,True,7
nonpaper diagnostic,142,suffix,3,raw,4,1,4,0.4,0.0,0.5558761401152705,0.41304347826086957,False,3,,,,,1,0.0,0.0,True,True,3
nonpaper diagnostic,143,cue,1,raw,5,1,5,0.5,0.0,1.0,1.0,False,39,5,45,55,10,,,,,,
nonpaper diagnostic,143,cue,2,raw,8,1,8,0.8,0.0,1.0,1.0,False,19,2,19,28,10,,,,,,
nonpaper diagnostic,143,cue,3,raw,3,2,2,0.2,0.9182958340544894,0.5952380952380952,0.39285714285714285,False,32,7,66,73,10,,,,,,
nonpaper diagnostic,143,cue,4,raw,8,2,7,0.7,0.5435644431995964,0.47171220461868957,0.03125,False,67,2,18,28,10,,,,,,
nonpaper diagnostic,143,cue,5,raw,5,1,5,0.5,0.0,1.0,1.0,False,14,5,50,55,10,,,,,,
nonpaper diagnostic,143,suffix,1,raw,10,8,2,0.2,0.9739760316291209,0.1612241340043006,0.03571428571428571,False,97,,,,,1,0.0,0.0,False,True,97
nonpaper diagnostic,143,suffix,2,raw,10,5,4,0.4,0.881353453268883,0.28248803827751195,0.0,False,90,,,,,1,0.0,0.0,True,True,90
nonpaper diagnostic,143,suffix,3,raw,10,6,3,0.3,0.9464119282150146,0.16245535550427595,0.0,False,60,,,,,1,0.0,0.0,False,False,60
nonpaper diagnostic,143,suffix,4,raw,9,3,5,0.5,0.8527924884900404,0.368421052631579,0.0,False,55,,,,,1,0.0,0.0,False,False,55
nonpaper diagnostic,144,cue,1,raw,5,2,4,0.4,0.7219280948873623,0.6597014925373135,0.14925373134328357,False,82,5,45,55,10,,,,,,
nonpaper diagnostic,144,cue,2,raw,8,1,8,0.8,0.0,0.881578947368421,0.5263157894736842,False,24,2,19,28,10,,,,,,
nonpaper diagnostic,144,cue,3,raw,7,2,6,0.6,0.5916727785823274,0.28771594173187887,0.014084507042253521,False,73,3,27,37,10,,,,,,
nonpaper diagnostic,144,cue,4,raw,10,1,10,1.0,0.0,0.9515151515151515,0.9090909090909091,True,40,0,0,10,10,,,,,,
nonpaper diagnostic,144,cue,5,raw,7,1,7,0.7,0.0,0.9567099567099566,0.9090909090909091,False,24,3,28,37,10,,,,,,
nonpaper diagnostic,144,suffix,1,raw,10,9,2,0.2,0.9848586617875463,0.19398399556399862,0.0,False,80,,,,,1,0.0,0.0,False,True,80
nonpaper diagnostic,144,suffix,2,raw,10,4,6,0.6,0.7854752972273344,0.6315789473684211,0.0,False,60,,,,,1,0.0,0.0,False,False,60
nonpaper diagnostic,144,suffix,3,raw,10,6,5,0.5,0.8359750080865052,0.24664562341316407,0.0,False,56,,,,,1,0.0,0.0,False,True,56
nonpaper diagnostic,144,suffix,4,raw,9,5,4,0.4,0.886682880001534,0.25506072874493924,0.0,False,47,,,,,1,0.0,0.0,False,False,47
nonpaper diagnostic,145,cue,1,raw,4,1,4,0.4,0.0,0.75,0.5,False,70,6,55,64,10,,,,,,
nonpaper diagnostic,145,cue,2,raw,4,2,3,0.3,0.8112781244591328,0.557471264367816,0.11494252873563218,False,79,6,54,64,10,,,,,,
nonpaper diagnostic,145,cue,3,raw,6,2,5,0.5,0.6500224216483541,0.6666666666666666,0.0,False,49,4,36,46,10,,,,,,
nonpaper diagnostic,145,cue,4,raw,4,1,4,0.4,0.0,1.0,1.0,False,79,6,55,64,10,,,,,,
nonpaper diagnostic,145,cue,5,raw,10,1,10,1.0,0.0,1.0,1.0,True,17,0,0,10,10,,,,,,
nonpaper diagnostic,145,suffix,1,raw,7,3,4,0.4,0.8699155297736259,0.4339247930885439,0.1,False,9,,,,,1,0.0,0.0,True,True,9
nonpaper diagnostic,145,suffix,2,raw,4,2,3,0.3,0.8112781244591328,0.7600000000000001,0.52,False,4,,,,,1,0.0,0.0,True,True,4
nonpaper diagnostic,145,suffix,3,raw,5,1,5,0.5,0.0,1.0,1.0,False,5,,,,,1,0.0,0.0,False,False,5
nonpaper diagnostic,145,suffix,4,raw,5,1,5,0.5,0.0,1.0,1.0,False,5,,,,,1,0.0,0.0,False,False,5
nonpaper diagnostic,146,cue,1,raw,8,1,8,0.8,0.0,1.0,1.0,False,53,2,18,28,10,,,,,,
nonpaper diagnostic,146,cue,2,raw,8,2,7,0.7,0.5435644431995964,0.7884615384615384,0.15384615384615385,False,9,2,20,28,10,,,,,,
nonpaper diagnostic,146,cue,3,raw,9,2,8,0.8,0.5032583347756457,0.7894736842105263,0.05263157894736842,False,19,1,9,19,10,,,,,,
nonpaper diagnostic,146,cue,4,raw,9,5,5,0.5,0.809656833416415,0.6113023296933761,0.25,False,17,1,10,19,10,,,,,,
nonpaper diagnostic,146,cue,5,raw,10,2,9,0.9,0.46899559358928117,0.8571428571428571,0.2857142857142857,True,12,0,0,10,10,,,,,,
nonpaper diagnostic,146,suffix,1,raw,8,1,8,0.8,0.0,1.0,1.0,False,8,,,,,1,0.0,0.0,True,True,8
nonpaper diagnostic,146,suffix,2,raw,9,5,5,0.5,0.809656833416415,0.44021471543472296,0.09523809523809523,False,9,,,,,1,0.0,0.0,True,True,9
nonpaper diagnostic,146,suffix,3,raw,9,2,7,0.7,0.7642045065086203,0.6585365853658537,0.12195121951219512,False,13,,,,,1,0.0,0.0,True,True,13
nonpaper diagnostic,146,suffix,4,raw,9,1,9,0.9,0.0,1.0,1.0,False,9,,,,,1,0.0,0.0,False,False,9
nonpaper diagnostic,147,cue,1,raw,3,1,3,0.3,0.0,0.24591953073014017,0.16129032258064516,False,82,7,63,73,10,,,,,,
nonpaper diagnostic,147,cue,2,raw,3,1,3,0.3,0.0,1.0,1.0,False,94,7,63,73,10,,,,,,
nonpaper diagnostic,147,cue,3,raw,9,1,9,0.9,0.0,1.0,1.0,False,36,1,9,19,10,,,,,,
nonpaper diagnostic,147,cue,4,raw,8,1,8,0.8,0.0,1.0,1.0,False,20,2,20,28,10,,,,,,
nonpaper diagnostic,147,cue,5,raw,7,2,6,0.6,0.5916727785823274,0.6019010857720536,0.1111111111111111,False,36,3,28,37,10,,,,,,
nonpaper diagnostic,147,suffix,1,raw,10,3,8,0.8,0.5816718657178868,0.6488200401650548,0.02531645569620253,False,17,,,,,1,0.0,0.0,True,True,17
nonpaper diagnostic,147,suffix,2,raw,10,5,6,0.6,0.7627069065377661,0.398408176185954,0.0,False,29,,,,,1,0.0,0.0,True,True,29
nonpaper diagnostic,147,suffix,3,raw,8,4,5,0.5,0.7743974703476992,0.4801616422824838,0.0,False,8,,,,,1,0.0,0.0,True,True,8
nonpaper diagnostic,147,suffix,4,raw,8,2,5,0.5,0.954434002924965,0.4897084783937962,0.17543859649122806,False,8,,,,,1,0.0,0.0,False,False,8
nonpaper diagnostic,148,cue,1,raw,6,1,6,0.6,0.0,1.0,1.0,False,39,4,36,46,10,,,,,,
nonpaper diagnostic,148,cue,2,raw,7,2,6,0.6,0.5916727785823274,0.7357679914070892,0.07518796992481203,False,24,3,27,37,10,,,,,,
nonpaper diagnostic,148,cue,3,raw,7,4,4,0.4,0.8322488896002307,0.6455680167113924,0.3448275862068966,False,84,3,27,37,10,,,,,,
nonpaper diagnostic,148,cue,4,raw,10,3,8,0.8,0.5816718657178868,0.7461429040376409,0.13513513513513514,True,11,0,0,10,10,,,,,,
nonpaper diagnostic,148,cue,5,raw,8,1,8,0.8,0.0,1.0,1.0,False,8,2,20,28,10,,,,,,
nonpaper diagnostic,148,suffix,1,raw,10,2,8,0.8,0.7219280948873623,0.63716154953243,0.006578947368421052,False,38,,,,,1,0.0,0.0,True,True,38
nonpaper diagnostic,148,suffix,2,raw,10,6,3,0.3,0.9464119282150146,0.2921427084239295,0.0,False,69,,,,,1,0.0,0.0,False,True,69
nonpaper diagnostic,148,suffix,3,raw,10,8,3,0.3,0.9488131148903386,0.08781878610669729,0.0,False,49,,,,,1,0.0,0.0,False,True,49
nonpaper diagnostic,148,suffix,4,raw,9,2,7,0.7,0.7642045065086203,0.6111111111111112,0.0,False,18,,,,,1,0.0,0.0,False,False,18
nonpaper diagnostic,149,cue,1,raw,2,2,1,0.1,1.0,0.14084507042253522,0.14084507042253522,False,66,8,72,82,10,,,,,,
nonpaper diagnostic,149,cue,2,raw,2,2,1,0.1,1.0,0.07407407407407407,0.07407407407407407,False,94,8,72,82,10,,,,,,
nonpaper diagnostic,149,cue,3,raw,8,1,8,0.8,0.0,1.0,1.0,False,47,2,18,28,10,,,,,,
nonpaper diagnostic,149,cue,4,raw,7,1,7,0.7,0.0,0.4125547912386317,0.24528301886792453,False,29,3,28,37,10,,,,,,
nonpaper diagnostic,149,cue,5,raw,7,2,6,0.6,0.5916727785823274,0.7563025210084033,0.14705882352941177,False,30,3,30,37,10,,,,,,
nonpaper diagnostic,149,suffix,1,raw,10,2,9,0.9,0.46899559358928117,0.807142857142857,0.03571428571428571,False,22,,,,,1,0.0,0.0,True,True,22
nonpaper diagnostic,149,suffix,2,raw,10,3,8,0.8,0.5816718657178868,0.6301587301587301,0.0,False,26,,,,,1,0.0,0.0,True,True,26
nonpaper diagnostic,149,suffix,3,raw,9,6,3,0.3,0.935944697445866,0.17763475740886983,0.0,False,23,,,,,1,0.0,0.0,True,True,23
nonpaper diagnostic,149,suffix,4,raw,9,2,6,0.6,0.9182958340544894,0.4636295915832444,0.0,False,18,,,,,1,0.0,0.0,False,False,18
nonpaper diagnostic,150,cue,1,raw,8,2,7,0.7,0.5435644431995964,0.7745098039215687,0.09803921568627451,False,29,2,18,28,10,,,,,,
nonpaper diagnostic,150,cue,2,raw,6,1,6,0.6,0.0,0.8421052631578948,0.5263157894736842,False,18,4,39,46,10,,,,,,
nonpaper diagnostic,150,cue,3,raw,10,1,10,1.0,0.0,1.0,1.0,True,11,0,0,10,10,,,,,,
nonpaper diagnostic,150,cue,4,raw,5,2,4,0.4,0.7219280948873623,0.6869565217391305,0.21739130434782608,False,12,5,48,55,10,,,,,,
nonpaper diagnostic,150,cue,5,raw,4,1,4,0.4,0.0,1.0,1.0,False,51,6,56,64,10,,,,,,
nonpaper diagnostic,150,suffix,1,raw,10,8,2,0.2,0.9739760316291209,0.12049604516345484,0.0,False,96,,,,,1,0.0,0.0,False,True,96
nonpaper diagnostic,150,suffix,2,raw,10,8,3,0.3,0.9488131148903386,0.07534314589736552,0.0,False,81,,,,,1,0.0,0.0,False,False,81
nonpaper diagnostic,150,suffix,3,raw,9,6,2,0.2,0.9683925140412225,0.15347149221605388,0.0,False,55,,,,,1,0.0,0.0,False,False,55
nonpaper diagnostic,150,suffix,4,raw,9,6,3,0.3,0.935944697445866,0.2028924534266124,0.0,False,49,,,,,1,0.0,0.0,False,False,49
nonpaper diagnostic,151,cue,1,raw,8,2,7,0.7,0.5435644431995964,0.7745098039215687,0.09803921568627451,False,62,2,18,28,10,,,,,,
nonpaper diagnostic,151,cue,2,raw,10,1,10,1.0,0.0,1.0,1.0,True,19,0,0,10,10,,,,,,
nonpaper diagnostic,151,cue,3,raw,8,2,7,0.7,0.5435644431995964,0.7946428571428571,0.17857142857142858,False,8,2,20,28,10,,,,,,
nonpaper diagnostic,151,cue,4,raw,9,2,8,0.8,0.5032583347756457,0.8095238095238095,0.14285714285714285,False,22,1,9,19,10,,,,,,
nonpaper diagnostic,151,cue,5,raw,10,2,9,0.9,0.46899559358928117,0.8408163265306123,0.20408163265306123,True,16,0,0,10,10,,,,,,
nonpaper diagnostic,151,suffix,1,raw,10,1,10,1.0,0.0,0.7473684210526315,0.5263157894736842,True,11,,,,,1,0.0,0.0,True,True,11
nonpaper diagnostic,151,suffix,2,raw,9,2,5,0.5,0.9910760598382222,1.0,1.0,False,17,,,,,1,0.0,0.0,False,True,17
nonpaper diagnostic,151,suffix,3,raw,10,3,5,0.5,0.8586727110732549,0.3753968253968254,0.0,False,10,,,,,1,0.0,0.0,True,True,10
nonpaper diagnostic,151,suffix,4,raw,9,4,4,0.4,0.8763576394898523,0.3064151415711578,0.11711711711711711,False,33,,,,,1,0.0,0.0,False,True,33
nonpaper diagnostic,152,cue,1,raw,5,2,4,0.4,0.7219280948873623,0.8105263157894737,0.5263157894736842,False,55,5,47,55,10,,,,,,
nonpaper diagnostic,152,cue,2,raw,9,2,8,0.8,0.5032583347756457,0.8189300411522633,0.18518518518518517,False,47,1,9,19,10,,,,,,
nonpaper diagnostic,152,cue,3,raw,7,1,7,0.7,0.0,1.0,1.0,False,8,3,30,37,10,,,,,,
nonpaper diagnostic,152,cue,4,raw,7,1,7,0.7,0.0,1.0,1.0,False,54,3,27,37,10,,,,,,
nonpaper diagnostic,152,cue,5,raw,10,1,10,1.0,0.0,1.0,1.0,True,12,0,0,10,10,,,,,,
nonpaper diagnostic,152,suffix,1,raw,4,1,4,0.4,0.0,0.5558761401152705,0.41304347826086957,False,4,,,,,1,0.0,0.0,True,True,4
nonpaper diagnostic,152,suffix,2,raw,6,6,1,0.1,1.0,0.4302848805873609,0.3333333333333333,False,9,,,,,1,0.0,0.0,False,True,9
nonpaper diagnostic,153,cue,1,raw,2,2,1,0.1,1.0,0.028985507246376812,0.028985507246376812,False,94,8,72,82,10,,,,,,
nonpaper diagnostic,153,cue,2,raw,10,1,10,1.0,0.0,1.0,1.0,True,32,0,0,10,10,,,,,,
nonpaper diagnostic,153,cue,3,raw,10,1,10,1.0,0.0,1.0,1.0,True,10,0,0,10,10,,,,,,
nonpaper diagnostic,153,cue,4,raw,8,1,8,0.8,0.0,1.0,1.0,False,8,2,20,28,10,,,,,,
nonpaper diagnostic,153,cue,5,raw,9,1,9,0.9,0.0,1.0,1.0,False,15,1,10,19,10,,,,,,
nonpaper diagnostic,153,suffix,1,raw,9,5,5,0.5,0.809656833416415,0.42754748563536005,0.039603960396039604,False,10,,,,,1,0.0,0.0,True,True,10
nonpaper diagnostic,153,suffix,2,raw,3,2,2,0.2,0.9182958340544894,0.40740740740740744,0.1111111111111111,False,3,,,,,1,0.0,0.0,True,True,3
nonpaper diagnostic,153,suffix,3,raw,5,2,4,0.4,0.7219280948873623,0.378133260313804,0.10759493670886076,False,6,,,,,1,0.0,0.0,False,False,6
nonpaper diagnostic,153,suffix,4,raw,9,9,1,0.1,1.0,0.5569264428154174,0.07368421052631578,False,30,,,,,1,0.0,0.0,False,False,30
nonpaper diagnostic,154,cue,1,raw,5,3,3,0.3,0.8649735207179272,0.3038961038961039,0.0,False,66,5,45,55,10,,,,,,
nonpaper diagnostic,154,cue,2,raw,10,1,10,1.0,0.0,1.0,1.0,True,21,0,0,10,10,,,,,,
nonpaper diagnostic,154,cue,3,raw,9,1,9,0.9,0.0,1.0,1.0,False,16,1,10,19,10,,,,,,
nonpaper diagnostic,154,cue,4,raw,10,1,10,1.0,0.0,1.0,1.0,True,21,0,0,10,10,,,,,,
nonpaper diagnostic,154,cue,5,raw,10,1,10,1.0,0.0,1.0,1.0,True,10,0,0,10,10,,,,,,
nonpaper diagnostic,154,suffix,1,raw,9,2,8,0.8,0.5032583347756457,0.8205128205128206,0.19230769230769232,False,9,,,,,1,0.0,0.0,True,True,9
nonpaper diagnostic,154,suffix,2,raw,10,1,10,1.0,0.0,1.0,1.0,True,10,,,,,1,0.0,0.0,True,True,10
nonpaper diagnostic,154,suffix,3,raw,10,3,8,0.8,0.5816718657178868,0.6969133639047229,0.11578947368421053,True,10,,,,,1,0.0,0.0,True,True,10
nonpaper diagnostic,154,suffix,4,raw,9,1,9,0.9,0.0,0.7712418300653595,0.5882352941176471,False,12,,,,,1,0.0,0.0,True,True,12
nonpaper diagnostic,155,cue,1,raw,8,1,8,0.8,0.0,1.0,1.0,False,51,2,18,28,10,,,,,,
nonpaper diagnostic,155,cue,2,raw,10,1,10,1.0,0.0,1.0,1.0,True,12,0,0,10,10,,,,,,
nonpaper diagnostic,155,cue,3,raw,9,2,8,0.8,0.5032583347756457,0.8160919540229885,0.1724137931034483,False,9,1,10,19,10,,,,,,
nonpaper diagnostic,155,cue,4,raw,5,1,5,0.5,0.0,0.3828771822491651,0.28402366863905326,False,66,5,45,55,10,,,,,,
nonpaper diagnostic,155,cue,5,raw,6,2,5,0.5,0.6500224216483541,0.6785714285714286,0.03571428571428571,False,90,4,36,46,10,,,,,,
nonpaper diagnostic,155,suffix,1,raw,9,4,5,0.5,0.8288713632524444,0.30522727477488654,0.0,False,22,,,,,1,0.0,0.0,True,True,22
nonpaper diagnostic,155,suffix,2,raw,9,4,6,0.6,0.7233083338141042,0.44174028467506726,0.0,False,22,,,,,1,0.0,0.0,True,True,22
nonpaper diagnostic,155,suffix,3,raw,10,1,10,1.0,0.0,1.0,1.0,False,9,,,,,1,0.0,0.0,True,True,9
nonpaper diagnostic,155,suffix,4,raw,8,2,7,0.7,0.5435644431995964,0.875,0.5,False,8,,,,,1,0.0,0.0,False,False,8
nonpaper diagnostic,156,cue,1,raw,3,2,2,0.2,0.9182958340544894,0.3703703703703704,0.05555555555555555,False,94,7,63,73,10,,,,,,
nonpaper diagnostic,156,cue,2,raw,8,1,8,0.8,0.0,1.0,1.0,False,45,2,18,28,10,,,,,,
nonpaper diagnostic,156,cue,3,raw,7,1,7,0.7,0.0,1.0,1.0,False,41,3,27,37,10,,,,,,
nonpaper diagnostic,156,cue,4,raw,7,1,7,0.7,0.0,1.0,1.0,False,64,3,27,37,10,,,,,,
nonpaper diagnostic,156,cue,5,raw,10,2,9,0.9,0.46899559358928117,0.40326486236770176,0.09615384615384616,True,15,0,0,10,10,,,,,,
nonpaper diagnostic,156,suffix,1,raw,10,2,8,0.8,0.7219280948873623,1.0,1.0,False,21,,,,,1,0.0,0.0,True,True,21
nonpaper diagnostic,156,suffix,2,raw,10,2,8,0.8,0.7219280948873623,0.6444444444444445,0.0,False,19,,,,,1,0.0,0.0,True,True,19
nonpaper diagnostic,156,suffix,3,raw,9,1,9,0.9,0.0,1.0,1.0,False,12,,,,,1,0.0,0.0,True,True,12
nonpaper diagnostic,156,suffix,4,raw,10,1,10,1.0,0.0,1.0,1.0,False,10,,,,,1,0.0,0.0,True,True,10
nonpaper diagnostic,157,cue,1,raw,7,1,7,0.7,0.0,1.0,1.0,False,41,3,27,37,10,,,,,,
nonpaper diagnostic,157,cue,2,raw,10,2,9,0.9,0.46899559358928117,0.832258064516129,0.16129032258064516,True,17,0,0,10,10,,,,,,
nonpaper diagnostic,157,cue,3,raw,10,1,10,1.0,0.0,1.0,1.0,True,10,0,0,10,10,,,,,,
nonpaper diagnostic,157,cue,4,raw,5,1,5,0.5,0.0,0.48036904179362583,0.3380281690140845,False,31,5,48,55,10,,,,,,
nonpaper diagnostic,157,cue,5,raw,3,2,2,0.2,0.9182958340544894,0.4222222222222222,0.13333333333333333,False,94,7,63,73,10,,,,,,
nonpaper diagnostic,157,suffix,1,raw,10,4,7,0.7,0.6783898247235197,0.4751574776563026,0.0,False,36,,,,,1,0.0,0.0,True,True,36
nonpaper diagnostic,157,suffix,2,raw,9,2,8,0.8,0.5032583347756457,0.7823596792668958,0.020618556701030927,False,24,,,,,1,0.0,0.0,True,True,24
nonpaper diagnostic,157,suffix,3,raw,10,4,7,0.7,0.6783898247235197,0.5920661592127275,0.061068702290076333,False,13,,,,,1,0.0,0.0,True,True,13
nonpaper diagnostic,157,suffix,4,raw,8,2,6,0.6,0.8112781244591328,0.6842105263157895,0.2631578947368421,False,7,,,,,1,0.0,0.0,True,True,7
nonpaper diagnostic,158,cue,1,raw,7,2,6,0.6,0.5916727785823274,0.746031746031746,0.1111111111111111,False,55,3,27,37,10,,,,,,
nonpaper diagnostic,158,cue,2,raw,9,1,9,0.9,0.0,1.0,1.0,False,10,1,10,19,10,,,,,,
nonpaper diagnostic,158,cue,3,raw,6,2,5,0.5,0.6500224216483541,0.4450764161343468,0.12037037037037036,False,59,4,36,46,10,,,,,,
nonpaper diagnostic,158,cue,4,raw,5,1,5,0.5,0.0,0.6176691729323308,0.35714285714285715,False,51,5,47,55,10,,,,,,
nonpaper diagnostic,158,cue,5,raw,8,2,7,0.7,0.5435644431995964,0.7946428571428571,0.17857142857142858,False,43,2,18,28,10,,,,,,
nonpaper diagnostic,158,suffix,1,raw,9,4,6,0.6,0.7233083338141042,0.4748677055516866,0.0,False,10,,,,,1,0.0,0.0,True,True,10
nonpaper diagnostic,158,suffix,2,raw,10,1,10,1.0,0.0,1.0,1.0,True,10,,,,,1,0.0,0.0,True,True,10
nonpaper diagnostic,158,suffix,3,raw,9,5,4,0.4,0.886682880001534,0.2874568000540172,0.12371134020618557,False,38,,,,,1,0.0,0.0,True,True,38
nonpaper diagnostic,158,suffix,4,raw,9,8,2,0.2,0.9825675930733636,0.10322541631442633,0.0,False,81,,,,,1,0.0,0.0,False,False,81
nonpaper diagnostic,159,cue,1,raw,9,2,8,0.8,0.5032583347756457,0.7777777777777778,0.0,False,62,1,9,19,10,,,,,,
nonpaper diagnostic,159,cue,2,raw,10,1,10,1.0,0.0,1.0,1.0,True,10,0,0,10,10,,,,,,
nonpaper diagnostic,159,cue,3,raw,10,1,10,1.0,0.0,1.0,1.0,True,10,0,0,10,10,,,,,,
nonpaper diagnostic,159,cue,4,raw,9,1,9,0.9,0.0,1.0,1.0,False,9,1,10,19,10,,,,,,
nonpaper diagnostic,159,cue,5,raw,9,3,7,0.7,0.6223659728744494,0.2897076720242922,0.07518796992481203,False,26,1,9,19,10,,,,,,
nonpaper diagnostic,159,suffix,1,raw,10,6,3,0.3,0.9464119282150146,0.39021819040772565,0.015503875968992248,False,42,,,,,1,0.0,0.0,False,True,42
nonpaper diagnostic,159,suffix,2,raw,10,6,5,0.5,0.8359750080865052,0.5271660680605578,0.028169014084507043,False,47,,,,,1,0.0,0.0,True,True,47
nonpaper diagnostic,159,suffix,3,raw,10,5,6,0.6,0.7627069065377661,0.3410501949317739,0.0,False,29,,,,,1,0.0,0.0,True,True,29
nonpaper diagnostic,159,suffix,4,raw,8,4,5,0.5,0.7743974703476992,0.37097983625235154,0.0,False,15,,,,,1,0.0,0.0,False,False,15
nonpaper diagnostic,160,cue,1,raw,5,3,3,0.3,0.8649735207179272,0.32105263157894737,0.0,False,82,5,45,55,10,,,,,,
nonpaper diagnostic,160,cue,2,raw,9,1,9,0.9,0.0,1.0,1.0,False,13,1,10,19,10,,,,,,
nonpaper diagnostic,160,cue,3,raw,7,3,5,0.5,0.7248340915057598,0.4439379819076884,0.1,False,30,3,28,37,10,,,,,,
nonpaper diagnostic,160,cue,4,raw,3,3,1,0.1,0.9999999999999998,0.11469461246025298,0.05660377358490566,False,90,7,64,73,10,,,,,,
nonpaper diagnostic,160,cue,5,raw,4,2,3,0.3,0.8112781244591328,0.5704225352112676,0.14084507042253522,False,53,6,54,64,10,,,,,,
nonpaper diagnostic,160,suffix,1,raw,10,9,2,0.2,0.9848586617875463,0.08794757609336716,0.011764705882352941,False,90,,,,,1,0.0,0.0,False,False,90
nonpaper diagnostic,160,suffix,2,raw,10,6,2,0.2,0.9756149631508356,0.14153367201145065,0.0,False,60,,,,,1,0.0,0.0,False,False,60
nonpaper diagnostic,160,suffix,3,raw,10,3,8,0.8,0.5816718657178868,0.6258585858585859,0.0,False,37,,,,,1,0.0,0.0,False,False,37
nonpaper diagnostic,160,suffix,4,raw,9,2,7,0.7,0.7642045065086203,0.6111111111111112,0.0,False,25,,,,,1,0.0,0.0,False,False,25
nonpaper diagnostic,161,cue,1,raw,7,2,6,0.6,0.5916727785823274,0.8112244897959183,0.3392857142857143,False,82,3,27,37,10,,,,,,
nonpaper diagnostic,161,cue,2,raw,6,1,6,0.6,0.0,1.0,1.0,False,6,4,40,46,10,,,,,,
nonpaper diagnostic,161,cue,3,raw,3,1,3,0.3,0.0,0.6842105263157894,0.5263157894736842,False,96,7,63,73,10,,,,,,
nonpaper diagnostic,161,cue,4,raw,7,1,7,0.7,0.0,1.0,1.0,False,56,3,28,37,10,,,,,,
nonpaper diagnostic,161,cue,5,raw,3,1,3,0.3,0.0,1.0,1.0,False,90,7,63,73,10,,,,,,
nonpaper diagnostic,161,suffix,1,raw,10,2,8,0.8,0.7219280948873623,1.0,1.0,False,37,,,,,1,0.0,0.0,True,True,37
nonpaper diagnostic,161,suffix,2,raw,10,3,5,0.5,0.9372305632161295,0.3111111111111111,0.0,False,32,,,,,1,0.0,0.0,False,True,32
nonpaper diagnostic,161,suffix,3,raw,10,3,4,0.4,0.9602297178607612,0.4666666666666667,0.0,False,24,,,,,1,0.0,0.0,True,True,24
nonpaper diagnostic,161,suffix,4,raw,9,2,7,0.7,0.7642045065086203,0.6111111111111112,0.0,False,20,,,,,1,0.0,0.0,False,False,20
nonpaper diagnostic,162,cue,1,raw,6,1,6,0.6,0.0,1.0,1.0,False,45,4,37,46,10,,,,,,
nonpaper diagnostic,162,cue,2,raw,10,1,10,1.0,0.0,1.0,1.0,True,16,0,0,10,10,,,,,,
nonpaper diagnostic,162,cue,3,raw,10,2,9,0.9,0.46899559358928117,0.8434782608695652,0.21739130434782608,True,10,0,0,10,10,,,,,,
nonpaper diagnostic,162,cue,4,raw,10,2,9,0.9,0.46899559358928117,0.8416666666666667,0.20833333333333334,True,10,0,0,10,10,,,,,,
nonpaper diagnostic,162,cue,5,raw,9,2,8,0.8,0.5032583347756457,0.7600795239684128,0.2702702702702703,False,12,1,10,19,10,,,,,,
nonpaper diagnostic,162,suffix,1,raw,10,1,10,1.0,0.0,1.0,1.0,True,17,,,,,1,0.0,0.0,True,True,17
nonpaper diagnostic,162,suffix,2,raw,9,2,6,0.6,0.9182958340544894,0.27512136487413713,0.0,False,30,,,,,1,0.0,0.0,True,True,30
nonpaper diagnostic,162,suffix,3,raw,10,4,3,0.3,0.9477309221191609,0.24560854619409167,0.0,False,53,,,,,1,0.0,0.0,False,True,53
nonpaper diagnostic,162,suffix,4,raw,8,3,6,0.6,0.6695919455357792,0.75,0.0,False,42,,,,,1,0.0,0.0,False,False,42
nonpaper diagnostic,163,cue,1,raw,4,3,2,0.2,0.946394630357186,0.21052631578947367,0.05263157894736842,False,84,6,54,64,10,,,,,,
nonpaper diagnostic,163,cue,2,raw,10,1,10,1.0,0.0,1.0,1.0,True,43,0,0,10,10,,,,,,
nonpaper diagnostic,163,cue,3,raw,9,1,9,0.9,0.0,1.0,1.0,False,9,1,10,19,10,,,,,,
nonpaper diagnostic,163,cue,4,raw,10,4,7,0.7,0.6783898247235197,0.6695075539153501,0.19230769230769232,True,24,0,0,10,10,,,,,,
nonpaper diagnostic,163,cue,5,raw,10,1,10,1.0,0.0,1.0,1.0,True,10,0,0,10,10,,,,,,
nonpaper diagnostic,163,suffix,1,raw,4,1,4,0.4,0.0,1.0,1.0,False,4,,,,,1,0.0,0.0,True,True,4
nonpaper diagnostic,163,suffix,2,raw,7,2,4,0.4,0.9852281360342515,1.0,1.0,False,10,,,,,1,0.0,0.0,False,False,10
nonpaper diagnostic,163,suffix,3,raw,7,3,5,0.5,0.7248340915057598,0.5187074829931972,0.0,False,7,,,,,1,0.0,0.0,False,False,7
nonpaper diagnostic,163,suffix,4,raw,7,3,4,0.4,0.8699155297736259,0.33467081260874043,0.13636363636363635,False,13,,,,,1,0.0,0.0,False,False,13
nonpaper diagnostic,164,cue,1,raw,7,3,5,0.5,0.7248340915057598,0.4860426929392447,0.0,False,70,3,27,37,10,,,,,,
nonpaper diagnostic,164,cue,2,raw,7,2,6,0.6,0.5916727785823274,0.7653061224489797,0.17857142857142858,False,55,3,27,37,10,,,,,,
nonpaper diagnostic,164,cue,3,raw,6,3,4,0.4,0.7896900821428474,0.3718102420255974,0.07092198581560284,False,91,4,36,46,10,,,,,,
nonpaper diagnostic,164,cue,4,raw,6,1,6,0.6,0.0,1.0,1.0,False,8,4,40,46,10,,,,,,
nonpaper diagnostic,164,cue,5,raw,5,3,3,0.3,0.8649735207179272,0.37980246456378647,0.2702702702702703,False,93,5,45,55,10,,,,,,
nonpaper diagnostic,164,suffix,1,raw,10,4,7,0.7,0.6783898247235197,0.4919466725971753,0.0,False,27,,,,,1,0.0,0.0,True,True,27
nonpaper diagnostic,164,suffix,2,raw,9,5,4,0.4,0.886682880001534,0.29544695188683995,0.027777777777777776,False,15,,,,,1,0.0,0.0,True,True,15
nonpaper diagnostic,164,suffix,3,raw,10,2,9,0.9,0.46899559358928117,0.6820512820512821,0.0,False,22,,,,,1,0.0,0.0,True,True,22
nonpaper diagnostic,164,suffix,4,raw,9,2,8,0.8,0.5032583347756457,0.8125,0.15625,False,17,,,,,1,0.0,0.0,False,False,17
nonpaper diagnostic,165,cue,1,raw,9,2,8,0.8,0.5032583347756457,0.8240740740740741,0.20833333333333334,False,26,1,9,19,10,,,,,,
nonpaper diagnostic,165,cue,2,raw,8,2,7,0.7,0.5435644431995964,0.8095238095238095,0.23809523809523808,False,14,2,20,28,10,,,,,,
nonpaper diagnostic,165,cue,3,raw,5,1,5,0.5,0.0,1.0,1.0,False,44,5,46,55,10,,,,,,
nonpaper diagnostic,165,cue,4,raw,10,1,10,1.0,0.0,1.0,1.0,True,25,0,0,10,10,,,,,,
nonpaper diagnostic,165,cue,5,raw,10,1,10,1.0,0.0,1.0,1.0,True,10,0,0,10,10,,,,,,
nonpaper diagnostic,165,suffix,1,raw,10,1,10,1.0,0.0,1.0,1.0,True,10,,,,,1,0.0,0.0,True,True,10
nonpaper diagnostic,165,suffix,2,raw,9,1,9,0.9,0.0,1.0,1.0,False,9,,,,,1,0.0,0.0,True,True,9
nonpaper diagnostic,165,suffix,3,raw,9,3,7,0.7,0.6223659728744494,0.7998971193415638,0.4074074074074074,False,11,,,,,1,0.0,0.0,True,True,11
nonpaper diagnostic,165,suffix,4,raw,10,1,10,1.0,0.0,1.0,1.0,False,10,,,,,1,0.0,0.0,True,True,10
nonpaper diagnostic,166,cue,1,raw,5,1,5,0.5,0.0,1.0,1.0,False,66,5,45,55,10,,,,,,
nonpaper diagnostic,166,cue,2,raw,6,1,6,0.6,0.0,1.0,1.0,False,54,4,36,46,10,,,,,,
nonpaper diagnostic,166,cue,3,raw,7,2,6,0.6,0.5916727785823274,0.7582417582417582,0.15384615384615385,False,53,3,28,37,10,,,,,,
nonpaper diagnostic,166,cue,4,raw,10,2,9,0.9,0.46899559358928117,0.9052631578947369,0.5263157894736842,True,17,0,0,10,10,,,,,,
nonpaper diagnostic,166,cue,5,raw,8,1,8,0.8,0.0,0.5064434049422197,0.20652173913043478,False,9,2,20,28,10,,,,,,
nonpaper diagnostic,166,suffix,1,raw,10,7,3,0.3,0.94268071481726,0.2868103929258887,0.0,False,82,,,,,1,0.0,0.0,False,True,82
nonpaper diagnostic,166,suffix,2,raw,10,8,3,0.3,0.9488131148903386,0.2523152907486742,0.0,False,74,,,,,1,0.0,0.0,False,False,74
nonpaper diagnostic,166,suffix,3,raw,9,5,4,0.4,0.886682880001534,0.23377923490915004,0.0,False,46,,,,,1,0.0,0.0,False,True,46
nonpaper diagnostic,166,suffix,4,raw,9,3,6,0.6,0.7725068857142601,0.5321637426900585,0.0,False,20,,,,,1,0.0,0.0,False,False,20
nonpaper diagnostic,167,cue,1,raw,6,1,6,0.6,0.0,1.0,1.0,False,94,4,36,46,10,,,,,,
nonpaper diagnostic,167,cue,2,raw,10,1,10,1.0,0.0,1.0,1.0,True,13,0,0,10,10,,,,,,
nonpaper diagnostic,167,cue,3,raw,9,1,9,0.9,0.0,1.0,1.0,False,17,1,10,19,10,,,,,,
nonpaper diagnostic,167,cue,4,raw,8,1,8,0.8,0.0,1.0,1.0,False,8,2,20,28,10,,,,,,
nonpaper diagnostic,167,cue,5,raw,6,2,5,0.5,0.6500224216483541,0.6877637130801688,0.06329113924050633,False,37,4,38,46,10,,,,,,
nonpaper diagnostic,167,suffix,1,raw,10,5,4,0.4,0.881353453268883,0.15172362557240193,0.0,False,32,,,,,1,0.0,0.0,True,True,32
nonpaper diagnostic,167,suffix,2,raw,9,8,2,0.2,0.9825675930733636,0.16378399352951944,0.011904761904761904,False,60,,,,,1,0.0,0.0,True,True,60
nonpaper diagnostic,167,suffix,3,raw,9,3,4,0.4,0.965633607142825,0.827688651218063,0.5882352941176471,False,43,,,,,1,0.0,0.0,False,False,43
nonpaper diagnostic,167,suffix,4,raw,9,5,5,0.5,0.809656833416415,0.35417927001411575,0.0,False,34,,,,,1,0.0,0.0,False,False,34
nonpaper diagnostic,168,cue,1,raw,6,4,3,0.3,0.8962406251802889,0.2365079365079365,0.0,False,84,4,37,46,10,,,,,,
nonpaper diagnostic,168,cue,2,raw,7,2,6,0.6,0.5916727785823274,0.7750759878419453,0.2127659574468085,False,42,3,28,37,10,,,,,,
nonpaper diagnostic,168,cue,3,raw,9,1,9,0.9,0.0,1.0,1.0,False,30,1,9,19,10,,,,,,
nonpaper diagnostic,168,cue,4,raw,6,1,6,0.6,0.0,0.8421052631578948,0.5263157894736842,False,18,4,39,46,10,,,,,,
nonpaper diagnostic,168,cue,5,raw,8,2,7,0.7,0.5435644431995964,0.765625,0.0625,False,46,2,18,28,10,,,,,,
nonpaper diagnostic,168,suffix,1,raw,10,2,8,0.8,0.7219280948873623,0.7333333333333333,0.25,False,18,,,,,1,0.0,0.0,True,True,18
nonpaper diagnostic,168,suffix,2,raw,10,2,5,0.5,1.0,0.4444444444444444,0.0,False,17,,,,,1,0.0,0.0,False,True,17
nonpaper diagnostic,168,suffix,3,raw,10,3,6,0.6,0.8173454221465101,0.4089503280224929,0.0,False,17,,,,,1,0.0,0.0,False,True,17
nonpaper diagnostic,168,suffix,4,raw,7,2,5,0.5,0.8631205685666311,0.4964539007092198,0.0,False,10,,,,,1,0.0,0.0,False,False,10
nonpaper diagnostic,169,cue,1,raw,9,1,9,0.9,0.0,1.0,1.0,False,45,1,9,19,10,,,,,,
nonpaper diagnostic,169,cue,2,raw,10,1,10,1.0,0.0,1.0,1.0,True,10,0,0,10,10,,,,,,
nonpaper diagnostic,169,cue,3,raw,8,2,7,0.7,0.5435644431995964,0.7884615384615384,0.15384615384615385,False,8,2,20,28,10,,,,,,
nonpaper diagnostic,169,cue,4,raw,9,2,8,0.8,0.5032583347756457,0.8074074074074074,0.13333333333333333,False,21,1,9,19,10,,,,,,
nonpaper diagnostic,169,cue,5,raw,9,2,8,0.8,0.5032583347756457,0.8518518518518519,0.3333333333333333,False,12,1,10,19,10,,,,,,
nonpaper diagnostic,169,suffix,1,raw,9,2,8,0.8,0.5032583347756457,0.33708534645625376,0.05555555555555555,False,14,,,,,1,0.0,0.0,True,True,14
nonpaper diagnostic,169,suffix,2,raw,10,10,1,0.1,0.9999999999999998,0.3418510477907813,0.07874015748031496,False,47,,,,,1,0.0,0.0,False,True,47
nonpaper diagnostic,169,suffix,3,raw,9,3,6,0.6,0.7725068857142601,0.4444444444444444,0.0,False,27,,,,,1,0.0,0.0,False,False,27
nonpaper diagnostic,169,suffix,4,raw,9,2,7,0.7,0.7642045065086203,0.6111111111111112,0.0,False,32,,,,,1,0.0,0.0,False,False,32
nonpaper diagnostic,170,cue,1,raw,2,1,2,0.2,0.0,1.0,1.0,False,83,8,72,82,10,,,,,,
nonpaper diagnostic,170,cue,2,raw,8,2,7,0.7,0.5435644431995964,0.5826765188834154,0.06896551724137931,False,50,2,18,28,10,,,,,,
nonpaper diagnostic,170,cue,3,raw,5,3,3,0.3,0.8649735207179272,0.4672957920792079,0.03125,False,81,5,45,55,10,,,,,,
nonpaper diagnostic,170,cue,4,raw,9,2,8,0.8,0.5032583347756457,0.7810945273631841,0.014925373134328358,False,39,1,9,19,10,,,,,,
nonpaper diagnostic,170,cue,5,raw,10,2,9,0.9,0.46899559358928117,0.8028571428571428,0.014285714285714285,False,16,0,0,10,10,,,,,,
nonpaper diagnostic,170,suffix,1,raw,10,4,7,0.7,0.6783898247235197,0.5350688763810715,0.08547008547008547,True,14,,,,,1,0.0,0.0,True,True,14
nonpaper diagnostic,170,suffix,2,raw,10,2,9,0.9,0.46899559358928117,0.8165289256198348,0.08264462809917356,True,10,,,,,1,0.0,0.0,True,True,10
nonpaper diagnostic,170,suffix,3,raw,8,3,6,0.6,0.6695919455357792,0.6048358473824312,0.14285714285714285,False,8,,,,,1,0.0,0.0,True,True,8
nonpaper diagnostic,170,suffix,4,raw,10,7,3,0.3,0.94268071481726,0.22604755570426593,0.10317460317460317,False,31,,,,,1,0.0,0.0,False,True,31
nonpaper diagnostic,171,cue,1,raw,5,1,5,0.5,0.0,0.4571150097465887,0.20833333333333334,False,66,5,45,55,10,,,,,,
nonpaper diagnostic,171,cue,2,raw,4,2,3,0.3,0.8112781244591328,0.7941176470588235,0.5882352941176471,False,95,6,54,64,10,,,,,,
nonpaper diagnostic,171,cue,3,raw,8,2,7,0.7,0.5435644431995964,0.875,0.5,False,34,2,18,28,10,,,,,,
nonpaper diagnostic,171,cue,4,raw,7,2,6,0.6,0.5916727785823274,0.40272007498630624,0.07142857142857142,False,78,3,27,37,10,,,,,,
nonpaper diagnostic,171,cue,5,raw,8,1,8,0.8,0.0,1.0,1.0,False,32,2,18,28,10,,,,,,
nonpaper diagnostic,171,suffix,1,raw,10,3,5,0.5,0.9372305632161295,0.320434179590816,0.007692307692307693,False,45,,,,,1,0.0,0.0,True,True,45
nonpaper diagnostic,171,suffix,2,raw,10,4,5,0.5,0.8427376486136672,0.5852927589913891,0.0,False,76,,,,,1,0.0,0.0,False,False,76
nonpaper diagnostic,171,suffix,3,raw,10,5,3,0.3,0.9349775297671233,0.19873471557682085,0.0,False,54,,,,,1,0.0,0.0,True,True,54
nonpaper diagnostic,171,suffix,4,raw,9,7,2,0.2,0.9708357627258161,0.07941471742566059,0.0,False,46,,,,,1,0.0,0.0,False,False,46
nonpaper diagnostic,172,cue,1,raw,8,3,6,0.6,0.6695919455357792,0.5917058082254554,0.0,False,32,2,18,28,10,,,,,,
nonpaper diagnostic,172,cue,2,raw,9,1,9,0.9,0.0,1.0,1.0,False,19,1,9,19,10,,,,,,
nonpaper diagnostic,172,cue,3,raw,10,1,10,1.0,0.0,1.0,1.0,True,10,0,0,10,10,,,,,,
nonpaper diagnostic,172,cue,4,raw,10,1,10,1.0,0.0,1.0,1.0,True,10,0,0,10,10,,,,,,
nonpaper diagnostic,172,cue,5,raw,10,2,9,0.9,0.46899559358928117,0.8137931034482758,0.06896551724137931,True,10,0,0,10,10,,,,,,
nonpaper diagnostic,172,suffix,1,raw,10,4,6,0.6,0.7854752972273344,0.42389972256300873,0.06504065040650407,False,51,,,,,1,0.0,0.0,True,True,51
nonpaper diagnostic,172,suffix,2,raw,10,4,6,0.6,0.7854752972273344,0.3807492231615039,0.0,False,75,,,,,1,0.0,0.0,True,True,75
nonpaper diagnostic,172,suffix,3,raw,9,7,3,0.3,0.9409583900892994,0.16491921801088816,0.0,False,66,,,,,1,0.0,0.0,False,True,66
nonpaper diagnostic,172,suffix,4,raw,9,5,3,0.3,0.946265187221801,0.20035438918041462,0.0,False,76,,,,,1,0.0,0.0,False,False,76
nonpaper diagnostic,173,cue,1,raw,4,1,4,0.4,0.0,1.0,1.0,False,82,6,54,64,10,,,,,,
nonpaper diagnostic,173,cue,2,raw,10,2,9,0.9,0.46899559358928117,0.8425531914893617,0.2127659574468085,True,26,0,0,10,10,,,,,,
nonpaper diagnostic,173,cue,3,raw,10,2,9,0.9,0.46899559358928117,0.8454545454545455,0.22727272727272727,True,10,0,0,10,10,,,,,,
nonpaper diagnostic,173,cue,4,raw,10,2,9,0.9,0.46899559358928117,0.9111111111111111,0.5555555555555556,True,10,0,0,10,10,,,,,,
nonpaper diagnostic,173,cue,5,raw,3,1,3,0.3,0.0,0.4335922697991663,0.28846153846153844,False,18,7,67,73,10,,,,,,
nonpaper diagnostic,173,suffix,1,raw,9,5,2,0.2,0.9823887817956213,0.18147653776218245,0.03225806451612903,False,96,,,,,1,0.0,0.0,False,True,96
nonpaper diagnostic,173,suffix,2,raw,10,8,2,0.2,0.9739760316291209,0.09299857845971321,0.0,False,76,,,,,1,0.0,0.0,False,True,76
nonpaper diagnostic,173,suffix,3,raw,9,6,3,0.3,0.935944697445866,0.19277538146105808,0.0,False,46,,,,,1,0.0,0.0,False,False,46
nonpaper diagnostic,173,suffix,4,raw,9,4,4,0.4,0.8763576394898523,0.2501905850962455,0.0,False,65,,,,,1,0.0,0.0,False,False,65
nonpaper diagnostic,174,cue,1,raw,5,4,2,0.2,0.9609640474436812,0.18689887745114672,0.02,False,83,5,46,55,10,,,,,,
nonpaper diagnostic,174,cue,2,raw,9,1,9,0.9,0.0,1.0,1.0,False,38,1,9,19,10,,,,,,
nonpaper diagnostic,174,cue,3,raw,8,2,7,0.7,0.5435644431995964,0.8157894736842105,0.2631578947368421,False,9,2,20,28,10,,,,,,
nonpaper diagnostic,174,cue,4,raw,9,2,7,0.7,0.7642045065086203,0.6970029239766081,0.20833333333333334,False,23,1,9,19,10,,,,,,
nonpaper diagnostic,174,cue,5,raw,6,1,6,0.6,0.0,0.404310139662722,0.3170731707317073,False,67,4,37,46,10,,,,,,
nonpaper diagnostic,174,suffix,1,raw,9,4,4,0.4,0.9182958340544894,0.6843604312354312,0.12121212121212122,False,54,,,,,1,0.0,0.0,False,False,54
nonpaper diagnostic,174,suffix,2,raw,9,7,2,0.2,0.9708357627258161,0.1282774653800338,0.0,False,85,,,,,1,0.0,0.0,False,True,85
nonpaper diagnostic,174,suffix,3,raw,10,6,2,0.2,0.9756149631508356,0.11926454065183421,0.0,False,46,,,,,1,0.0,0.0,True,True,46
nonpaper diagnostic,174,suffix,4,raw,8,4,3,0.3,0.9056390622295664,0.3450272190494147,0.11688311688311688,False,35,,,,,1,0.0,0.0,False,False,35
nonpaper diagnostic,175,cue,1,raw,5,1,5,0.5,0.0,1.0,1.0,False,88,5,45,55,10,,,,,,
nonpaper diagnostic,175,cue,2,raw,9,1,9,0.9,0.0,0.5338088172689255,0.2222222222222222,False,55,1,9,19,10,,,,,,
nonpaper diagnostic,175,cue,3,raw,10,4,7,0.7,0.6783898247235197,0.6216728230195322,0.1411764705882353,True,34,0,0,10,10,,,,,,
nonpaper diagnostic,175,cue,4,raw,8,1,8,0.8,0.0,1.0,1.0,False,8,2,20,28,10,,,,,,
nonpaper diagnostic,175,cue,5,raw,9,1,9,0.9,0.0,1.0,1.0,False,40,1,9,19,10,,,,,,
nonpaper diagnostic,175,suffix,1,raw,2,1,2,0.2,0.0,1.0,1.0,False,2,,,,,1,0.0,0.0,True,True,2
nonpaper diagnostic,176,cue,1,raw,5,1,5,0.5,0.0,1.0,1.0,False,66,5,45,55,10,,,,,,
nonpaper diagnostic,176,cue,2,raw,8,2,7,0.7,0.5435644431995964,0.75,0.0,False,47,2,18,28,10,,,,,,
nonpaper diagnostic,176,cue,3,raw,5,1,5,0.5,0.0,0.6012181616832779,0.4666666666666667,False,38,5,48,55,10,,,,,,
nonpaper diagnostic,176,cue,4,raw,10,1,10,1.0,0.0,1.0,1.0,True,31,0,0,10,10,,,,,,
nonpaper diagnostic,176,cue,5,raw,10,3,8,0.8,0.5816718657178868,0.6744996305863843,0.1282051282051282,True,10,0,0,10,10,,,,,,
nonpaper diagnostic,176,suffix,1,raw,8,1,8,0.8,0.0,1.0,1.0,False,8,,,,,1,0.0,0.0,True,True,8
nonpaper diagnostic,176,suffix,2,raw,8,3,6,0.6,0.6695919455357792,0.5825396825396825,0.1,False,8,,,,,1,0.0,0.0,True,True,8
nonpaper diagnostic,176,suffix,3,raw,9,5,4,0.4,0.886682880001534,0.2965252944416055,0.1506849315068493,False,28,,,,,1,0.0,0.0,False,True,28
nonpaper diagnostic,176,suffix,4,raw,9,9,1,0.1,1.0,0.19067958938933796,0.0,False,76,,,,,1,0.0,0.0,False,False,76
nonpaper diagnostic,177,cue,1,raw,4,3,2,0.2,0.946394630357186,0.20885178559597165,0.007692307692307693,False,88,6,54,64,10,,,,,,
nonpaper diagnostic,177,cue,2,raw,6,2,5,0.5,0.6500224216483541,0.7,0.1,False,50,4,37,46,10,,,,,,
nonpaper diagnostic,177,cue,3,raw,9,3,5,0.5,0.8527924884900404,0.42513438696515693,0.14084507042253522,False,38,1,10,19,10,,,,,,
nonpaper diagnostic,177,cue,4,raw,10,2,9,0.9,0.46899559358928117,0.8435672514619883,0.4166666666666667,True,27,0,0,10,10,,,,,,
nonpaper diagnostic,177,cue,5,raw,10,1,10,1.0,0.0,1.0,1.0,True,10,0,0,10,10,,,,,,
nonpaper diagnostic,177,suffix,1,raw,6,5,2,0.2,0.9697238998682473,0.4148652343822328,0.2127659574468085,False,6,,,,,1,0.0,0.0,True,True,6
nonpaper diagnostic,177,suffix,2,raw,7,1,7,0.7,0.0,1.0,1.0,False,7,,,,,1,0.0,0.0,True,True,7
nonpaper diagnostic,177,suffix,3,raw,10,1,10,1.0,0.0,1.0,1.0,False,10,,,,,1,0.0,0.0,True,True,10
nonpaper diagnostic,177,suffix,4,raw,9,1,9,0.9,0.0,1.0,1.0,False,9,,,,,1,0.0,0.0,False,False,9
nonpaper diagnostic,178,cue,1,raw,6,1,6,0.6,0.0,0.7157894736842105,0.5263157894736842,False,88,4,36,46,10,,,,,,
nonpaper diagnostic,178,cue,2,raw,9,1,9,0.9,0.0,0.7530864197530864,0.5555555555555556,False,11,1,10,19,10,,,,,,
nonpaper diagnostic,178,cue,3,raw,5,1,5,0.5,0.0,1.0,1.0,False,71,5,45,55,10,,,,,,
nonpaper diagnostic,178,cue,4,raw,7,1,7,0.7,0.0,1.0,1.0,False,49,3,27,37,10,,,,,,
nonpaper diagnostic,178,cue,5,raw,8,1,8,0.8,0.0,1.0,1.0,False,50,2,18,28,10,,,,,,
nonpaper diagnostic,178,suffix,1,raw,10,4,7,0.7,0.6783898247235197,0.5379146881342957,0.03773584905660377,False,18,,,,,1,0.0,0.0,True,True,18
nonpaper diagnostic,178,suffix,2,raw,10,1,10,1.0,0.0,1.0,1.0,True,15,,,,,1,0.0,0.0,True,True,15
nonpaper diagnostic,178,suffix,3,raw,9,3,4,0.4,0.965633607142825,0.6111111111111112,0.0,False,17,,,,,1,0.0,0.0,False,True,17
nonpaper diagnostic,178,suffix,4,raw,9,2,8,0.8,0.5032583347756457,0.7777777777777778,0.0,False,18,,,,,1,0.0,0.0,False,False,18
nonpaper diagnostic,179,cue,1,raw,6,3,4,0.4,0.7896900821428474,0.5062962740984916,0.14084507042253522,False,73,4,36,46,10,,,,,,
nonpaper diagnostic,179,cue,2,raw,9,2,8,0.8,0.5032583347756457,0.6000514403292181,0.0,False,44,1,9,19,10,,,,,,
nonpaper diagnostic,179,cue,3,raw,9,2,8,0.8,0.5032583347756457,0.8090766823161188,0.14084507042253522,False,30,1,9,19,10,,,,,,
nonpaper diagnostic,179,cue,4,raw,9,2,8,0.8,0.5032583347756457,0.8174603174603174,0.17857142857142858,False,17,1,10,19,10,,,,,,
nonpaper diagnostic,179,cue,5,raw,9,1,9,0.9,0.0,1.0,1.0,False,9,1,10,19,10,,,,,,
nonpaper diagnostic,179,suffix,1,raw,10,1,10,1.0,0.0,1.0,1.0,True,12,,,,,1,0.0,0.0,True,True,12
nonpaper diagnostic,179,suffix,2,raw,10,6,5,0.5,0.8359750080865052,0.39706674735701686,0.07547169811320754,False,21,,,,,1,0.0,0.0,True,True,21
nonpaper diagnostic,179,suffix,3,raw,9,2,8,0.8,0.5032583347756457,0.7777777777777778,0.0,False,15,,,,,1,0.0,0.0,True,True,15
nonpaper diagnostic,179,suffix,4,raw,10,3,6,0.6,0.8173454221465101,0.3592592592592593,0.0,False,16,,,,,1,0.0,0.0,True,True,16
nonpaper diagnostic,180,cue,1,raw,5,1,5,0.5,0.0,0.7,0.5,False,82,5,45,55,10,,,,,,
nonpaper diagnostic,180,cue,2,raw,9,1,9,0.9,0.0,1.0,1.0,False,43,1,9,19,10,,,,,,
nonpaper diagnostic,180,cue,3,raw,5,3,3,0.3,0.8649735207179272,0.5815789473684211,0.3157894736842105,False,64,5,45,55,10,,,,,,
nonpaper diagnostic,180,cue,4,raw,10,1,10,1.0,0.0,1.0,1.0,True,44,0,0,10,10,,,,,,
nonpaper diagnostic,180,cue,5,raw,7,1,7,0.7,0.0,0.8823529411764707,0.5882352941176471,False,7,3,30,37,10,,,,,,
nonpaper diagnostic,180,suffix,1,raw,10,9,2,0.2,0.9848586617875463,0.18897801725548236,0.022727272727272728,False,87,,,,,1,0.0,0.0,False,True,87
nonpaper diagnostic,180,suffix,2,raw,10,8,2,0.2,0.9739760316291209,0.10350261690638535,0.0,False,92,,,,,1,0.0,0.0,False,False,92
nonpaper diagnostic,180,suffix,3,raw,10,6,5,0.5,0.8359750080865052,0.27313568210366473,0.0,False,52,,,,,1,0.0,0.0,False,False,52
nonpaper diagnostic,180,suffix,4,raw,9,6,3,0.3,0.935944697445866,0.1376293705552818,0.0,False,46,,,,,1,0.0,0.0,False,False,46
nonpaper diagnostic,181,cue,1,raw,10,3,8,0.8,0.5816718657178868,0.6424242424242425,0.0,True,27,0,0,10,10,,,,,,
nonpaper diagnostic,181,cue,2,raw,8,4,5,0.5,0.7743974703476992,0.5378901648928399,0.11320754716981132,False,9,2,20,28,10,,,,,,
nonpaper diagnostic,181,cue,3,raw,10,1,10,1.0,0.0,1.0,1.0,True,17,0,0,10,10,,,,,,
nonpaper diagnostic,181,cue,4,raw,10,2,9,0.9,0.46899559358928117,0.8408163265306123,0.20408163265306123,True,10,0,0,10,10,,,,,,
nonpaper diagnostic,181,cue,5,raw,8,5,4,0.4,0.8613531161467861,0.4094925717494794,0.07518796992481203,False,10,2,20,28,10,,,,,,
nonpaper diagnostic,181,suffix,1,raw,10,2,9,0.9,0.46899559358928117,0.8392156862745098,0.19607843137254902,True,14,,,,,1,0.0,0.0,True,True,14
nonpaper diagnostic,181,suffix,2,raw,9,5,3,0.3,0.9101415926479804,0.2781780442453553,0.0625,False,13,,,,,1,0.0,0.0,True,True,13
nonpaper diagnostic,181,suffix,3,raw,10,5,6,0.6,0.7627069065377661,0.40273784409446844,0.0,False,44,,,,,1,0.0,0.0,True,True,44
nonpaper diagnostic,181,suffix,4,raw,10,4,4,0.4,0.9232196723355078,0.35555555555555557,0.0,False,44,,,,,1,0.0,0.0,False,True,44
nonpaper diagnostic,182,cue,1,raw,8,4,5,0.5,0.7743974703476992,0.4412208050071717,0.039473684210526314,False,88,2,18,28,10,,,,,,
nonpaper diagnostic,182,cue,2,raw,10,2,9,0.9,0.46899559358928117,0.8416666666666667,0.20833333333333334,True,11,0,0,10,10,,,,,,
nonpaper diagnostic,182,cue,3,raw,7,1,7,0.7,0.0,1.0,1.0,False,7,3,30,37,10,,,,,,
nonpaper diagnostic,182,cue,4,raw,5,2,4,0.4,0.7219280948873623,0.6379310344827587,0.3793103448275862,False,61,5,45,55,10,,,,,,
nonpaper diagnostic,182,cue,5,raw,7,1,7,0.7,0.0,1.0,1.0,False,16,3,27,37,10,,,,,,
nonpaper diagnostic,182,suffix,1,raw,10,4,4,0.4,0.9232196723355078,0.2999951807747596,0.0,False,21,,,,,1,0.0,0.0,True,True,21
nonpaper diagnostic,182,suffix,2,raw,9,6,3,0.3,0.935944697445866,0.3417110105311431,0.14912280701754385,False,39,,,,,1,0.0,0.0,True,True,39
nonpaper diagnostic,182,suffix,3,raw,10,3,5,0.5,0.8586727110732549,0.898989898989899,0.8181818181818182,False,65,,,,,1,0.0,0.0,False,False,65
nonpaper diagnostic,182,suffix,4,raw,10,5,6,0.6,0.7627069065377661,0.34035087719298246,0.0,False,45,,,,,1,0.0,0.0,False,False,45
nonpaper diagnostic,183,cue,1,raw,8,1,8,0.8,0.0,0.875,0.5,False,46,2,18,28,10,,,,,,
nonpaper diagnostic,183,cue,2,raw,8,2,7,0.7,0.5435644431995964,0.875,0.5,False,33,2,20,28,10,,,,,,
nonpaper diagnostic,183,cue,3,raw,10,1,10,1.0,0.0,1.0,1.0,True,10,0,0,10,10,,,,,,
nonpaper diagnostic,183,cue,4,raw,9,1,9,0.9,0.0,1.0,1.0,False,9,1,10,19,10,,,,,,
nonpaper diagnostic,183,cue,5,raw,7,3,5,0.5,0.7248340915057598,0.5752123938030985,0.13043478260869565,False,15,3,29,37,10,,,,,,
nonpaper diagnostic,183,suffix,1,raw,10,4,5,0.5,0.8427376486136672,0.2941826729628587,0.027777777777777776,False,23,,,,,1,0.0,0.0,False,True,23
nonpaper diagnostic,183,suffix,2,raw,10,5,3,0.3,0.9349775297671233,0.33233392122281014,0.0,False,32,,,,,1,0.0,0.0,False,False,32
nonpaper diagnostic,183,suffix,3,raw,9,4,4,0.4,0.8763576394898523,0.25438596491228066,0.0,False,29,,,,,1,0.0,0.0,False,False,29
nonpaper diagnostic,183,suffix,4,raw,9,5,5,0.5,0.809656833416415,0.19308899049750028,0.0,False,31,,,,,1,0.0,0.0,False,False,31
nonpaper diagnostic,184,cue,1,raw,5,1,5,0.5,0.0,1.0,1.0,False,82,5,45,55,10,,,,,,
nonpaper diagnostic,184,cue,2,raw,9,3,7,0.7,0.6223659728744494,0.6057156617723628,0.0,False,32,1,10,19,10,,,,,,
nonpaper diagnostic,184,cue,3,raw,9,1,9,0.9,0.0,1.0,1.0,False,21,1,10,19,10,,,,,,
nonpaper diagnostic,184,cue,4,raw,10,2,9,0.9,0.46899559358928117,0.8126582278481013,0.06329113924050633,True,10,0,0,10,10,,,,,,
nonpaper diagnostic,184,cue,5,raw,10,2,9,0.9,0.46899559358928117,0.9,0.5,True,10,0,0,10,10,,,,,,
nonpaper diagnostic,184,suffix,1,raw,5,1,5,0.5,0.0,1.0,1.0,False,5,,,,,1,0.0,0.0,True,True,5
nonpaper diagnostic,184,suffix,2,raw,9,2,8,0.8,0.5032583347756457,1.0,1.0,False,12,,,,,1,0.0,0.0,True,True,12
nonpaper diagnostic,184,suffix,3,raw,10,1,10,1.0,0.0,1.0,1.0,False,17,,,,,1,0.0,0.0,True,True,17
nonpaper diagnostic,184,suffix,4,raw,9,3,7,0.7,0.6223659728744494,0.6459706749380518,0.11235955056179775,False,16,,,,,1,0.0,0.0,False,False,16
nonpaper diagnostic,185,cue,1,raw,8,3,6,0.6,0.6695919455357792,0.6236587711306812,0.11235955056179775,False,62,2,18,28,10,,,,,,
nonpaper diagnostic,185,cue,2,raw,9,2,8,0.8,0.5032583347756457,0.8412698412698413,0.2857142857142857,False,24,1,9,19,10,,,,,,
nonpaper diagnostic,185,cue,3,raw,7,1,7,0.7,0.0,1.0,1.0,False,35,3,27,37,10,,,,,,
nonpaper diagnostic,185,cue,4,raw,5,1,5,0.5,0.0,1.0,1.0,False,39,5,45,55,10,,,,,,
nonpaper diagnostic,185,cue,5,raw,10,2,9,0.9,0.46899559358928117,0.8338983050847457,0.1694915254237288,True,39,0,0,10,10,,,,,,
nonpaper diagnostic,185,suffix,1,raw,9,2,8,0.8,0.5032583347756457,0.8888888888888888,0.5,False,9,,,,,1,0.0,0.0,True,True,9
nonpaper diagnostic,185,suffix,2,raw,9,2,7,0.7,0.7642045065086203,0.4280912789589011,0.10869565217391304,False,9,,,,,1,0.0,0.0,True,True,9
nonpaper diagnostic,185,suffix,3,raw,10,4,7,0.7,0.6783898247235197,0.5971854041621484,0.20512820512820512,False,43,,,,,1,0.0,0.0,True,True,43
nonpaper diagnostic,185,suffix,4,raw,10,2,7,0.7,0.8812908992306927,1.0,1.0,False,40,,,,,1,0.0,0.0,True,True,40
nonpaper diagnostic,186,cue,1,raw,5,2,4,0.4,0.7219280948873623,0.6210526315789473,0.05263157894736842,False,66,5,45,55,10,,,,,,
nonpaper diagnostic,186,cue,2,raw,9,2,8,0.8,0.5032583347756457,0.8282828282828283,0.22727272727272727,False,31,1,9,19,10,,,,,,
nonpaper diagnostic,186,cue,3,raw,10,7,4,0.4,0.8983289127685206,0.4144775694980404,0.09090909090909091,True,26,0,0,10,10,,,,,,
nonpaper diagnostic,186,cue,4,raw,9,2,8,0.8,0.5032583347756457,0.803921568627451,0.11764705882352941,False,9,1,10,19,10,,,,,,
nonpaper diagnostic,186,cue,5,raw,10,1,10,1.0,0.0,1.0,1.0,True,13,0,0,10,10,,,,,,
nonpaper diagnostic,186,suffix,1,raw,9,2,8,0.8,0.5032583347756457,0.8888888888888888,0.5,False,9,,,,,1,0.0,0.0,True,True,9
nonpaper diagnostic,186,suffix,2,raw,10,1,10,1.0,0.0,1.0,1.0,True,10,,,,,1,0.0,0.0,True,True,10
nonpaper diagnostic,186,suffix,3,raw,8,3,6,0.6,0.6695919455357792,0.6441430422594807,0.1643835616438356,False,10,,,,,1,0.0,0.0,True,True,10
nonpaper diagnostic,186,suffix,4,raw,10,2,9,0.9,0.46899559358928117,0.8357142857142856,0.17857142857142858,False,9,,,,,1,0.0,0.0,True,True,9
nonpaper diagnostic,187,cue,1,raw,10,2,9,0.9,0.46899559358928117,0.828169014084507,0.14084507042253522,True,45,0,0,10,10,,,,,,
nonpaper diagnostic,187,cue,2,raw,10,1,10,1.0,0.0,1.0,1.0,True,10,0,0,10,10,,,,,,
nonpaper diagnostic,187,cue,3,raw,5,2,4,0.4,0.7219280948873623,0.5284914361059831,0.2,False,7,5,49,55,10,,,,,,
nonpaper diagnostic,187,cue,4,raw,4,1,4,0.4,0.0,1.0,1.0,False,62,6,55,64,10,,,,,,
nonpaper diagnostic,187,cue,5,raw,10,2,9,0.9,0.46899559358928117,0.8454545454545455,0.22727272727272727,True,20,0,0,10,10,,,,,,
nonpaper diagnostic,187,suffix,1,raw,10,3,7,0.7,0.7298466991620975,0.5911863708167258,0.11627906976744186,False,14,,,,,1,0.0,0.0,True,True,14
nonpaper diagnostic,187,suffix,2,raw,10,3,6,0.6,0.8173454221465101,0.5333333333333333,0.0,False,30,,,,,1,0.0,0.0,True,True,30
nonpaper diagnostic,187,suffix,3,raw,10,4,7,0.7,0.6783898247235197,0.4715590922487474,0.0,False,21,,,,,1,0.0,0.0,True,True,21
nonpaper diagnostic,187,suffix,4,raw,10,3,7,0.7,0.7298466991620975,0.5451282051282051,0.0,False,11,,,,,1,0.0,0.0,True,True,11
nonpaper diagnostic,188,cue,1,raw,5,1,5,0.5,0.0,0.7,0.5,False,94,5,45,55,10,,,,,,
nonpaper diagnostic,188,cue,2,raw,7,1,7,0.7,0.0,1.0,1.0,False,35,3,27,37,10,,,,,,
nonpaper diagnostic,188,cue,3,raw,10,3,8,0.8,0.5816718657178868,0.7142244126020894,0.21739130434782608,True,16,0,0,10,10,,,,,,
nonpaper diagnostic,188,cue,4,raw,10,1,10,1.0,0.0,1.0,1.0,True,10,0,0,10,10,,,,,,
nonpaper diagnostic,188,cue,5,raw,10,2,9,0.9,0.46899559358928117,0.8344827586206895,0.1724137931034483,True,10,0,0,10,10,,,,,,
nonpaper diagnostic,188,suffix,1,raw,5,2,4,0.4,0.7219280948873623,0.6541353383458647,0.13533834586466165,False,5,,,,,1,0.0,0.0,True,True,5
nonpaper diagnostic,188,suffix,2,raw,9,4,4,0.4,0.8763576394898523,0.6339770663601073,0.3333333333333333,False,13,,,,,1,0.0,0.0,True,True,13
nonpaper diagnostic,188,suffix,3,raw,9,1,9,0.9,0.0,1.0,1.0,False,9,,,,,1,0.0,0.0,True,True,9
nonpaper diagnostic,188,suffix,4,raw,3,1,3,0.3,0.0,1.0,1.0,False,3,,,,,1,0.0,0.0,False,False,3
nonpaper diagnostic,189,cue,1,raw,8,1,8,0.8,0.0,1.0,1.0,False,46,2,18,28,10,,,,,,
nonpaper diagnostic,189,cue,2,raw,6,3,4,0.4,0.7896900821428474,0.5362519869172544,0.1511627906976744,False,74,4,36,46,10,,,,,,
nonpaper diagnostic,189,cue,3,raw,10,3,8,0.8,0.5816718657178868,0.8666666666666667,0.3333333333333333,True,16,0,0,10,10,,,,,,
nonpaper diagnostic,189,cue,4,raw,10,3,8,0.8,0.5816718657178868,0.734673609310633,0.19642857142857142,True,10,0,0,10,10,,,,,,
nonpaper diagnostic,189,cue,5,raw,7,1,7,0.7,0.0,1.0,1.0,False,7,3,30,37,10,,,,,,
nonpaper diagnostic,189,suffix,1,raw,10,7,2,0.2,0.969570350190125,0.1453006662019403,0.006289308176100629,False,89,,,,,1,0.0,0.0,False,True,89
nonpaper diagnostic,189,suffix,2,raw,10,8,3,0.3,0.9488131148903386,0.17238450091977459,0.0,False,87,,,,,1,0.0,0.0,False,True,87
nonpaper diagnostic,189,suffix,3,raw,9,7,2,0.2,0.9708357627258161,0.0864601478941684,0.0,False,64,,,,,1,0.0,0.0,False,False,64
nonpaper diagnostic,189,suffix,4,raw,9,6,3,0.3,0.935944697445866,0.12687195044263044,0.0,False,66,,,,,1,0.0,0.0,False,False,66
nonpaper diagnostic,190,cue,1,raw,6,2,5,0.5,0.6500224216483541,0.6842105263157895,0.05263157894736842,False,84,4,36,46,10,,,,,,
nonpaper diagnostic,190,cue,2,raw,7,1,7,0.7,0.0,1.0,1.0,False,45,3,27,37,10,,,,,,
nonpaper diagnostic,190,cue,3,raw,10,1,10,1.0,0.0,1.0,1.0,True,22,0,0,10,10,,,,,,
nonpaper diagnostic,190,cue,4,raw,8,5,4,0.4,0.8613531161467861,0.3728424681361155,0.0970873786407767,False,8,2,20,28,10,,,,,,
nonpaper diagnostic,190,cue,5,raw,10,2,9,0.9,0.46899559358928117,0.8357142857142856,0.17857142857142858,True,11,0,0,10,10,,,,,,
nonpaper diagnostic,190,suffix,1,raw,9,3,7,0.7,0.6223659728744494,0.6465634706933115,0.1388888888888889,False,9,,,,,1,0.0,0.0,True,True,9
nonpaper diagnostic,190,suffix,2,raw,9,3,7,0.7,0.6223659728744494,0.7442637145154307,0.21739130434782608,False,9,,,,,1,0.0,0.0,True,True,9
nonpaper diagnostic,190,suffix,3,raw,8,2,7,0.7,0.5435644431995964,0.8214285714285714,0.2857142857142857,False,8,,,,,1,0.0,0.0,True,True,8
nonpaper diagnostic,190,suffix,4,raw,5,3,3,0.3,0.8649735207179272,0.5682461538461538,0.144,False,7,,,,,1,0.0,0.0,True,True,7
nonpaper diagnostic,191,cue,1,raw,9,2,8,0.8,0.5032583347756457,0.7798165137614679,0.009174311926605505,False,45,1,9,19,10,,,,,,
nonpaper diagnostic,191,cue,2,raw,8,2,7,0.7,0.5435644431995964,0.7884615384615384,0.15384615384615385,False,8,2,20,28,10,,,,,,
nonpaper diagnostic,191,cue,3,raw,9,4,6,0.6,0.7233083338141042,0.48530077023187246,0.010416666666666666,False,12,1,10,19,10,,,,,,
nonpaper diagnostic,191,cue,4,raw,10,2,9,0.9,0.46899559358928117,0.8425531914893617,0.2127659574468085,True,16,0,0,10,10,,,,,,
nonpaper diagnostic,191,cue,5,raw,10,2,9,0.9,0.46899559358928117,0.8357142857142856,0.17857142857142858,True,10,0,0,10,10,,,,,,
nonpaper diagnostic,191,suffix,1,raw,10,4,7,0.7,0.6783898247235197,0.5444515174963912,0.08849557522123894,True,10,,,,,1,0.0,0.0,True,True,10
nonpaper diagnostic,191,suffix,2,raw,9,6,4,0.4,0.8824252235446577,0.33780625767248673,0.0594059405940594,False,19,,,,,1,0.0,0.0,True,True,19
nonpaper diagnostic,191,suffix,3,raw,10,2,9,0.9,0.46899559358928117,0.82,0.1,True,13,,,,,1,0.0,0.0,True,True,13
nonpaper diagnostic,191,suffix,4,raw,10,2,9,0.9,0.46899559358928117,0.8,0.0,False,12,,,,,1,0.0,0.0,True,True,12
nonpaper diagnostic,192,cue,1,raw,5,2,4,0.4,0.7219280948873623,0.8,0.5,False,90,5,45,55,10,,,,,,
nonpaper diagnostic,192,cue,2,raw,9,3,7,0.7,0.6223659728744494,0.6643179351512685,0.10989010989010989,False,41,1,9,19,10,,,,,,
nonpaper diagnostic,192,cue,3,raw,6,5,2,0.2,0.9697238998682473,0.4356000370417155,0.11578947368421053,False,64,4,36,46,10,,,,,,
nonpaper diagnostic,192,cue,4,raw,4,1,4,0.4,0.0,0.7777777777777778,0.5555555555555556,False,48,6,54,64,10,,,,,,
nonpaper diagnostic,192,cue,5,raw,4,2,3,0.3,0.8112781244591328,0.5112359550561798,0.02247191011235955,False,87,6,54,64,10,,,,,,
nonpaper diagnostic,192,suffix,1,raw,10,6,3,0.3,0.9464119282150146,0.279786821982767,0.0,False,76,,,,,1,0.0,0.0,False,True,76
nonpaper diagnostic,192,suffix,2,raw,10,3,5,0.5,0.8586727110732549,0.37894736842105264,0.0,False,62,,,,,1,0.0,0.0,False,False,62
nonpaper diagnostic,192,suffix,3,raw,10,5,4,0.4,0.881353453268883,0.32222222222222224,0.0,False,57,,,,,1,0.0,0.0,False,False,57
nonpaper diagnostic,192,suffix,4,raw,10,4,6,0.6,0.7854752972273344,0.35555555555555557,0.0,False,31,,,,,1,0.0,0.0,False,False,31
nonpaper diagnostic,193,cue,1,raw,4,2,3,0.3,0.8112781244591328,0.763157894736842,0.5263157894736842,False,82,6,54,64,10,,,,,,
nonpaper diagnostic,193,cue,2,raw,9,1,9,0.9,0.0,1.0,1.0,False,34,1,9,19,10,,,,,,
nonpaper diagnostic,193,cue,3,raw,10,2,9,0.9,0.46899559358928117,0.8689655172413794,0.3448275862068966,True,17,0,0,10,10,,,,,,
nonpaper diagnostic,193,cue,4,raw,8,3,6,0.6,0.6695919455357792,0.7783882783882784,0.46153846153846156,False,10,2,20,28,10,,,,,,
nonpaper diagnostic,193,cue,5,raw,9,1,9,0.9,0.0,1.0,1.0,False,15,1,10,19,10,,,,,,
nonpaper diagnostic,193,suffix,1,raw,10,6,4,0.4,0.8982444017039272,0.24308662739536652,0.00819672131147541,False,47,,,,,1,0.0,0.0,True,True,47
nonpaper diagnostic,193,suffix,2,raw,9,4,6,0.6,0.7233083338141042,0.4506172839506173,0.0,False,70,,,,,1,0.0,0.0,True,True,70
nonpaper diagnostic,193,suffix,3,raw,10,4,6,0.6,0.7854752972273344,0.24624181328376096,0.0,False,37,,,,,1,0.0,0.0,True,True,37
nonpaper diagnostic,193,suffix,4,raw,10,8,2,0.2,0.9739760316291209,0.35311338851313495,0.016,False,53,,,,,1,0.0,0.0,True,True,53
nonpaper diagnostic,194,cue,1,raw,3,2,2,0.2,0.9182958340544894,0.3526570048309179,0.028985507246376812,False,37,7,63,73,10,,,,,,
nonpaper diagnostic,194,cue,2,raw,3,2,2,0.2,0.9182958340544894,0.4166666666666667,0.125,False,98,7,63,73,10,,,,,,
nonpaper diagnostic,194,cue,3,raw,10,2,9,0.9,0.46899559358928117,0.9,0.5,True,33,0,0,10,10,,,,,,
nonpaper diagnostic,194,cue,4,raw,9,5,5,0.5,0.809656833416415,0.5438717896693225,0.2702702702702703,False,42,1,9,19,10,,,,,,
nonpaper diagnostic,194,cue,5,raw,9,3,7,0.7,0.6223659728744494,0.787037037037037,0.3333333333333333,False,26,1,9,19,10,,,,,,
nonpaper diagnostic,194,suffix,1,raw,10,4,7,0.7,0.6783898247235197,0.480179311107884,0.0,False,23,,,,,1,0.0,0.0,True,True,23
nonpaper diagnostic,194,suffix,2,raw,10,3,8,0.8,0.5816718657178868,0.6495726495726496,0.0,False,23,,,,,1,0.0,0.0,True,True,23
nonpaper diagnostic,194,suffix,3,raw,10,3,8,0.8,0.5816718657178868,0.6694786611919871,0.0,False,17,,,,,1,0.0,0.0,True,True,17
nonpaper diagnostic,194,suffix,4,raw,10,6,3,0.3,0.9172088932791937,0.2680404909462422,0.06504065040650407,False,42,,,,,1,0.0,0.0,True,True,42
nonpaper diagnostic,195,cue,1,raw,4,2,3,0.3,0.8112781244591328,0.5263157894736842,0.05263157894736842,False,94,6,54,64,10,,,,,,
nonpaper diagnostic,195,cue,2,raw,10,3,8,0.8,0.5816718657178868,0.6814814814814815,0.0,True,39,0,0,10,10,,,,,,
nonpaper diagnostic,195,cue,3,raw,10,4,7,0.7,0.6783898247235197,0.7117537567385013,0.21739130434782608,True,12,0,0,10,10,,,,,,
nonpaper diagnostic,195,cue,4,raw,5,1,5,0.5,0.0,1.0,1.0,False,9,5,50,55,10,,,,,,
nonpaper diagnostic,195,cue,5,raw,4,4,1,0.1,1.0,0.45953054362007784,0.3448275862068966,False,98,6,54,64,10,,,,,,
nonpaper diagnostic,195,suffix,1,raw,10,1,10,1.0,0.0,1.0,1.0,True,15,,,,,1,0.0,0.0,True,True,15
nonpaper diagnostic,195,suffix,2,raw,9,3,7,0.7,0.6223659728744494,0.6891266266266266,0.16666666666666666,False,11,,,,,1,0.0,0.0,True,True,11
nonpaper diagnostic,195,suffix,3,raw,9,2,8,0.8,0.5032583347756457,0.8947368421052632,0.5263157894736842,False,10,,,,,1,0.0,0.0,True,True,10
nonpaper diagnostic,195,suffix,4,raw,10,2,9,0.9,0.46899559358928117,0.8425531914893617,0.2127659574468085,False,10,,,,,1,0.0,0.0,True,True,10
nonpaper diagnostic,196,cue,1,raw,8,1,8,0.8,0.0,0.875,0.5,False,46,2,18,28,10,,,,,,
nonpaper diagnostic,196,cue,2,raw,9,3,7,0.7,0.6223659728744494,0.7993285683344163,0.4074074074074074,False,33,1,10,19,10,,,,,,
nonpaper diagnostic,196,cue,3,raw,6,3,4,0.4,0.7896900821428474,0.442994708994709,0.0,False,21,4,36,46,10,,,,,,
nonpaper diagnostic,196,cue,4,raw,6,4,3,0.3,0.8962406251802889,0.6343537114950943,0.37037037037037035,False,82,4,36,46,10,,,,,,
nonpaper diagnostic,196,cue,5,raw,8,3,6,0.6,0.6695919455357792,0.6116195220000293,0.1308411214953271,False,39,2,19,28,10,,,,,,
nonpaper diagnostic,196,suffix,1,raw,10,3,8,0.8,0.5816718657178868,0.653129722111703,0.017699115044247787,False,33,,,,,1,0.0,0.0,True,True,33
nonpaper diagnostic,196,suffix,2,raw,10,4,6,0.6,0.7854752972273344,0.4245614035087719,0.0,False,48,,,,,1,0.0,0.0,True,True,48
nonpaper diagnostic,196,suffix,3,raw,10,2,9,0.9,0.46899559358928117,0.8,0.0,False,17,,,,,1,0.0,0.0,True,True,17
nonpaper diagnostic,196,suffix,4,raw,10,5,4,0.4,0.9138646883853215,0.4661102775415998,0.09523809523809523,False,10,,,,,1,0.0,0.0,True,True,10
nonpaper diagnostic,197,cue,1,raw,8,2,7,0.7,0.5435644431995964,0.7573529411764707,0.029411764705882353,False,50,2,18,28,10,,,,,,
nonpaper diagnostic,197,cue,2,raw,10,2,9,0.9,0.46899559358928117,0.8444444444444444,0.2222222222222222,True,15,0,0,10,10,,,,,,
nonpaper diagnostic,197,cue,3,raw,10,1,10,1.0,0.0,1.0,1.0,True,10,0,0,10,10,,,,,,
nonpaper diagnostic,197,cue,4,raw,5,1,5,0.5,0.0,1.0,1.0,False,9,5,50,55,10,,,,,,
nonpaper diagnostic,197,cue,5,raw,4,2,3,0.3,0.8112781244591328,0.5499999999999999,0.1,False,88,6,54,64,10,,,,,,
nonpaper diagnostic,197,suffix,1,raw,10,3,8,0.8,0.5816718657178868,0.6667383680149638,0.015384615384615385,False,24,,,,,1,0.0,0.0,True,True,24
nonpaper diagnostic,197,suffix,2,raw,10,4,4,0.4,0.9232196723355078,0.313015873015873,0.0,False,51,,,,,1,0.0,0.0,True,True,51
nonpaper diagnostic,197,suffix,3,raw,10,3,4,0.4,0.9602297178607612,0.28129073960672246,0.0,False,41,,,,,1,0.0,0.0,False,True,41
nonpaper diagnostic,197,suffix,4,raw,10,5,3,0.3,0.9674887648835618,0.13531271491215627,0.0,False,43,,,,,1,0.0,0.0,False,False,43
nonpaper diagnostic,198,cue,1,raw,8,2,7,0.7,0.5435644431995964,0.7522321428571429,0.008928571428571428,False,52,2,18,28,10,,,,,,
nonpaper diagnostic,198,cue,2,raw,9,2,8,0.8,0.5032583347756457,0.6000514403292181,0.0,False,25,1,9,19,10,,,,,,
nonpaper diagnostic,198,cue,3,raw,10,1,10,1.0,0.0,1.0,1.0,True,30,0,0,10,10,,,,,,
nonpaper diagnostic,198,cue,4,raw,9,1,9,0.9,0.0,1.0,1.0,False,9,1,10,19,10,,,,,,
nonpaper diagnostic,198,cue,5,raw,9,2,8,0.8,0.5032583347756457,0.8947368421052632,0.5263157894736842,False,9,1,10,19,10,,,,,,
nonpaper diagnostic,198,suffix,1,raw,10,1,10,1.0,0.0,1.0,1.0,True,11,,,,,1,0.0,0.0,True,True,11
nonpaper diagnostic,198,suffix,2,raw,4,1,4,0.4,0.0,0.7777777777777777,0.6666666666666666,False,4,,,,,1,0.0,0.0,True,True,4
nonpaper diagnostic,198,suffix,3,raw,8,1,8,0.8,0.0,1.0,1.0,False,8,,,,,1,0.0,0.0,False,False,8
nonpaper diagnostic,198,suffix,4,raw,9,3,7,0.7,0.6223659728744494,0.6653689674523008,0.14772727272727273,False,9,,,,,1,0.0,0.0,False,False,9
nonpaper diagnostic,199,cue,1,raw,5,2,4,0.4,0.7219280948873623,0.6930232558139535,0.23255813953488372,False,82,5,45,55,10,,,,,,
nonpaper diagnostic,199,cue,2,raw,10,5,6,0.6,0.7627069065377661,0.5127379535120148,0.09803921568627451,True,20,0,0,10,10,,,,,,
nonpaper diagnostic,199,cue,3,raw,8,5,4,0.4,0.8613531161467861,0.5340304662756123,0.1320754716981132,False,38,2,20,28,10,,,,,,
nonpaper diagnostic,199,cue,4,raw,10,3,8,0.8,0.5816718657178868,0.6897886884222288,0.13333333333333333,True,14,0,0,10,10,,,,,,
nonpaper diagnostic,199,cue,5,raw,6,2,5,0.5,0.6500224216483541,0.3168292780452224,0.06329113924050633,False,6,4,40,46,10,,,,,,
nonpaper diagnostic,199,suffix,1,raw,9,5,4,0.4,0.886682880001534,0.5378713046366193,0.019867549668874173,False,58,,,,,1,0.0,0.0,True,True,58
nonpaper diagnostic,199,suffix,2,raw,9,6,4,0.4,0.8824252235446577,0.19150436790184167,0.0,False,83,,,,,1,0.0,0.0,False,False,83
nonpaper diagnostic,199,suffix,3,raw,10,6,5,0.5,0.8359750080865052,0.1605435839077794,0.0,False,43,,,,,1,0.0,0.0,True,True,43
nonpaper diagnostic,199,suffix,4,raw,8,6,3,0.3,0.9306282244165778,0.28750866532342506,0.11688311688311688,False,35,,,,,1,0.0,0.0,False,False,35
nonpaper diagnostic,200,cue,1,raw,4,3,2,0.2,0.946394630357186,0.22721464154212692,0.011111111111111112,False,66,6,54,64,10,,,,,,
nonpaper diagnostic,200,cue,2,raw,8,2,7,0.7,0.5435644431995964,0.881578947368421,0.5263157894736842,False,81,2,18,28,10,,,,,,
nonpaper diagnostic,200,cue,3,raw,9,1,9,0.9,0.0,1.0,1.0,False,30,1,9,19,10,,,,,,
nonpaper diagnostic,200,cue,4,raw,10,2,9,0.9,0.46899559358928117,0.82,0.1,True,17,0,0,10,10,,,,,,
nonpaper diagnostic,200,cue,5,raw,10,2,9,0.9,0.46899559358928117,0.8526315789473685,0.2631578947368421,True,10,0,0,10,10,,,,,,
nonpaper diagnostic,200,suffix,1,raw,9,3,7,0.7,0.6223659728744494,0.6344575997988533,0.08849557522123894,False,9,,,,,1,0.0,0.0,True,True,9
nonpaper diagnostic,200,suffix,2,raw,10,7,4,0.4,0.8983289127685206,0.5286415150440918,0.22916666666666666,True,18,,,,,1,0.0,0.0,True,True,18
nonpaper diagnostic,200,suffix,3,raw,10,5,6,0.6,0.7627069065377661,0.4393650329471597,0.017241379310344827,False,40,,,,,1,0.0,0.0,True,True,40
nonpaper diagnostic,200,suffix,4,raw,10,4,7,0.7,0.6783898247235197,0.510626623734866,0.0,False,28,,,,,1,0.0,0.0,False,True,28
