diagnostic_label,sentence_index,phase,step,selection,selected_event_count,distinct_creation_transitions,maximum_same_origin_events,provenance_coherent_fraction,branch_entropy,source_coherence,minimum_source_jaccard,matches_historical_winner_set,raw_predicted_columns,burst_columns,burst_cells,active_cells_after_observe,winners_after_observe,beam_width,lambda_coherence,lambda_support,decoded_correct,expected_word_present,propagated_columns
nonpaper diagnostic,1,cue,1,coherent-beam,3,1,3,0.3,0.0,0.24591953073014017,0.16129032258064516,False,82,7,63,73,10,,,,,,
nonpaper diagnostic,1,cue,2,coherent-beam,0,0,0,0.0,0.0,0.0,0.0,False,94,10,91,100,10,,,,,,
nonpaper diagnostic,1,cue,3,coherent-beam,5,1,5,0.5,0.0,0.8105263157894737,0.5263157894736842,False,32,5,48,55,10,,,,,,
nonpaper diagnostic,1,cue,4,coherent-beam,5,1,5,0.5,0.0,1.0,1.0,False,55,5,46,55,10,,,,,,
nonpaper diagnostic,1,cue,5,coherent-beam,3,2,2,0.2,0.9182958340544894,0.33879781420765026,0.00819672131147541,False,48,7,66,73,10,,,,,,
nonpaper diagnostic,1,suffix,1,coherent-beam,10,7,3,0.3,0.94268071481726,0.15656849629903072,0.0,False,86,,,,,4,0.5,0.0,False,True,10
nonpaper diagnostic,1,suffix,2,coherent-beam,3,1,3,0.3,0.0,1.0,1.0,False,3,,,,,4,0.5,0.0,False,False,3
nonpaper diagnostic,2,cue,1,coherent-beam,1,1,1,0.1,0.0,0.0,0.0,False,84,9,82,91,10,,,,,,
nonpaper diagnostic,2,cue,2,coherent-beam,5,1,5,0.5,0.0,1.0,1.0,False,77,5,45,55,10,,,,,,
nonpaper diagnostic,2,cue,3,coherent-beam,7,1,7,0.7,0.0,1.0,1.0,False,42,3,27,37,10,,,,,,
nonpaper diagnostic,2,cue,4,coherent-beam,3,1,3,0.3,0.0,1.0,1.0,False,40,7,65,73,10,,,,,,
nonpaper diagnostic,2,cue,5,coherent-beam,5,2,4,0.4,0.7219280948873623,0.6177777777777778,0.044444444444444446,False,60,5,45,55,10,,,,,,
nonpaper diagnostic,2,suffix,1,coherent-beam,10,6,4,0.4,0.8982444017039272,0.2501851325019598,0.0,False,77,,,,,4,0.5,0.0,False,False,10
nonpaper diagnostic,2,suffix,2,coherent-beam,10,2,9,0.9,0.46899559358928117,0.8139860139860139,0.06993006993006994,True,10,,,,,4,0.5,0.0,False,False,10
nonpaper diagnostic,2,suffix,3,coherent-beam,9,2,8,0.8,0.5032583347756457,0.8,0.1,False,9,,,,,4,0.5,0.0,False,False,9
nonpaper diagnostic,2,suffix,4,coherent-beam,9,2,8,0.8,0.5032583347756457,0.8362573099415205,0.2631578947368421,False,9,,,,,4,0.5,0.0,False,False,9
nonpaper diagnostic,3,cue,1,coherent-beam,6,1,6,0.6,0.0,1.0,1.0,False,56,4,36,46,10,,,,,,
nonpaper diagnostic,3,cue,2,coherent-beam,9,1,9,0.9,0.0,1.0,1.0,False,12,1,10,19,10,,,,,,
nonpaper diagnostic,3,cue,3,coherent-beam,8,1,8,0.8,0.0,1.0,1.0,False,8,2,20,28,10,,,,,,
nonpaper diagnostic,3,cue,4,coherent-beam,8,1,8,0.8,0.0,0.6071428571428571,0.3333333333333333,False,17,2,20,28,10,,,,,,
nonpaper diagnostic,3,cue,5,coherent-beam,6,2,5,0.5,0.6500224216483541,0.6666666666666666,0.0,False,33,4,39,46,10,,,,,,
nonpaper diagnostic,3,suffix,1,coherent-beam,10,4,5,0.5,0.8804820237218407,0.27068101043298476,0.0,False,27,,,,,4,0.5,0.0,True,True,10
nonpaper diagnostic,3,suffix,2,coherent-beam,1,1,1,0.1,0.0,0.0,0.0,False,1,,,,,4,0.5,0.0,False,False,1
nonpaper diagnostic,4,cue,1,coherent-beam,6,3,4,0.4,0.7896900821428474,0.45168542402584955,0.017857142857142856,False,37,4,37,46,10,,,,,,
nonpaper diagnostic,4,cue,2,coherent-beam,3,1,3,0.3,0.0,0.6842105263157894,0.5263157894736842,False,86,7,63,73,10,,,,,,
nonpaper diagnostic,4,cue,3,coherent-beam,7,1,7,0.7,0.0,1.0,1.0,False,25,3,28,37,10,,,,,,
nonpaper diagnostic,4,cue,4,coherent-beam,9,1,9,0.9,0.0,1.0,1.0,False,49,1,10,19,10,,,,,,
nonpaper diagnostic,4,cue,5,coherent-beam,7,1,7,0.7,0.0,1.0,1.0,False,12,3,29,37,10,,,,,,
nonpaper diagnostic,4,suffix,1,coherent-beam,9,6,3,0.3,0.935944697445866,0.1448111225484346,0.0,False,23,,,,,4,0.5,0.0,False,True,9
nonpaper diagnostic,5,cue,1,coherent-beam,10,1,10,1.0,0.0,0.9,0.5,True,43,0,0,10,10,,,,,,
nonpaper diagnostic,5,cue,2,coherent-beam,10,1,10,1.0,0.0,1.0,1.0,True,10,0,0,10,10,,,,,,
nonpaper diagnostic,5,cue,3,coherent-beam,10,1,10,1.0,0.0,0.3414618519787825,0.06896551724137931,True,31,0,0,10,10,,,,,,
nonpaper diagnostic,5,cue,4,coherent-beam,3,1,3,0.3,0.0,0.5145969498910675,0.4,False,58,7,63,73,10,,,,,,
nonpaper diagnostic,5,cue,5,coherent-beam,5,1,5,0.5,0.0,1.0,1.0,False,70,5,46,55,10,,,,,,
nonpaper diagnostic,5,suffix,1,coherent-beam,9,2,8,0.8,0.5032583347756457,0.782716049382716,0.022222222222222223,False,13,,,,,4,0.5,0.0,True,True,9
nonpaper diagnostic,5,suffix,2,coherent-beam,8,1,8,0.8,0.0,1.0,1.0,False,9,,,,,4,0.5,0.0,True,True,8
nonpaper diagnostic,5,suffix,3,coherent-beam,9,1,9,0.9,0.0,1.0,1.0,False,9,,,,,4,0.5,0.0,False,False,9
nonpaper diagnostic,5,suffix,4,coherent-beam,9,1,9,0.9,0.0,1.0,1.0,False,9,,,,,4,0.5,0.0,False,False,9
nonpaper diagnostic,6,cue,1,coherent-beam,2,1,2,0.2,0.0,1.0,1.0,False,84,8,72,82,10,,,,,,
nonpaper diagnostic,6,cue,2,coherent-beam,7,2,6,0.6,0.5916727785823274,0.7186813186813187,0.015384615384615385,False,55,3,27,37,10,,,,,,
nonpaper diagnostic,6,cue,3,coherent-beam,8,2,7,0.7,0.5435644431995964,0.75,0.0,False,32,2,20,28,10,,,,,,
nonpaper diagnostic,6,cue,4,coherent-beam,9,1,9,0.9,0.0,1.0,1.0,False,11,1,10,19,10,,,,,,
nonpaper diagnostic,6,cue,5,coherent-beam,7,1,7,0.7,0.0,1.0,1.0,False,12,3,30,37,10,,,,,,
nonpaper diagnostic,6,suffix,1,coherent-beam,10,4,6,0.6,0.7854752972273344,0.39610858615752254,0.0,False,41,,,,,4,0.5,0.0,True,True,10
nonpaper diagnostic,6,suffix,2,coherent-beam,8,1,8,0.8,0.0,0.888888888888889,0.5555555555555556,False,8,,,,,4,0.5,0.0,True,True,8
nonpaper diagnostic,6,suffix,3,coherent-beam,4,1,4,0.4,0.0,1.0,1.0,False,4,,,,,4,0.5,0.0,False,False,4
nonpaper diagnostic,6,suffix,4,coherent-beam,5,2,4,0.4,0.7219280948873623,0.4394521152472149,0.3389830508474576,False,5,,,,,4,0.5,0.0,False,False,5
nonpaper diagnostic,7,cue,1,coherent-beam,3,1,3,0.3,0.0,1.0,1.0,False,88,7,63,73,10,,,,,,
nonpaper diagnostic,7,cue,2,coherent-beam,7,1,7,0.7,0.0,1.0,1.0,False,35,3,29,37,10,,,,,,
nonpaper diagnostic,7,cue,3,coherent-beam,8,1,8,0.8,0.0,0.8392857142857143,0.35714285714285715,False,8,2,20,28,10,,,,,,
nonpaper diagnostic,7,cue,4,coherent-beam,7,1,7,0.7,0.0,0.7894736842105262,0.2631578947368421,False,48,3,29,37,10,,,,,,
nonpaper diagnostic,7,cue,5,coherent-beam,7,2,6,0.6,0.5916727785823274,0.7293233082706767,0.05263157894736842,False,32,3,28,37,10,,,,,,
nonpaper diagnostic,7,suffix,1,coherent-beam,10,4,7,0.7,0.6783898247235197,0.48977213191978297,0.0,False,43,,,,,4,0.5,0.0,True,True,10
nonpaper diagnostic,7,suffix,2,coherent-beam,6,2,5,0.5,0.6500224216483541,0.8333333333333334,0.5,False,8,,,,,4,0.5,0.0,False,False,6
nonpaper diagnostic,8,cue,1,coherent-beam,3,1,3,0.3,0.0,0.24591953073014017,0.16129032258064516,False,82,7,63,73,10,,,,,,
nonpaper diagnostic,8,cue,2,coherent-beam,2,2,1,0.1,1.0,0.0,0.0,False,94,8,72,82,10,,,,,,
nonpaper diagnostic,8,cue,3,coherent-beam,4,1,4,0.4,0.0,1.0,1.0,False,56,6,55,64,10,,,,,,
nonpaper diagnostic,8,cue,4,coherent-beam,7,1,7,0.7,0.0,1.0,1.0,False,44,3,28,37,10,,,,,,
nonpaper diagnostic,8,cue,5,coherent-beam,3,1,3,0.3,0.0,1.0,1.0,False,34,7,66,73,10,,,,,,
nonpaper diagnostic,8,suffix,1,coherent-beam,10,9,2,0.2,0.9848586617875463,0.11366922346647902,0.0,False,97,,,,,4,0.5,0.0,False,False,10
nonpaper diagnostic,9,cue,1,coherent-beam,3,1,3,0.3,0.0,0.7619047619047619,0.6428571428571429,False,82,7,63,73,10,,,,,,
nonpaper diagnostic,9,cue,2,coherent-beam,7,1,7,0.7,0.0,1.0,1.0,False,19,3,29,37,10,,,,,,
nonpaper diagnostic,9,cue,3,coherent-beam,1,1,1,0.1,0.0,0.0,0.0,False,89,9,82,91,10,,,,,,
nonpaper diagnostic,9,cue,4,coherent-beam,4,2,3,0.3,0.8112781244591328,0.5045045045045046,0.009009009009009009,False,41,6,58,64,10,,,,,,
nonpaper diagnostic,9,cue,5,coherent-beam,1,1,1,0.1,0.0,0.0,0.0,False,97,9,81,91,10,,,,,,
nonpaper diagnostic,9,suffix,1,coherent-beam,10,4,6,0.6,0.7854752972273344,0.4550890492346961,0.037037037037037035,False,60,,,,,4,0.5,0.0,False,True,10
nonpaper diagnostic,9,suffix,2,coherent-beam,6,2,5,0.5,0.6500224216483541,0.3911684400088607,0.13953488372093023,False,10,,,,,4,0.5,0.0,False,False,6
nonpaper diagnostic,9,suffix,3,coherent-beam,8,3,5,0.5,0.8194483718728035,0.3110799521671623,0.12222222222222222,False,14,,,,,4,0.5,0.0,False,False,8
nonpaper diagnostic,9,suffix,4,coherent-beam,9,2,6,0.6,0.9182958340544894,0.9040404040404041,0.8181818181818182,False,24,,,,,4,0.5,0.0,False,False,9
nonpaper diagnostic,10,cue,1,coherent-beam,7,1,7,0.7,0.0,0.6031960676991103,0.2777777777777778,False,62,3,27,37,10,,,,,,
nonpaper diagnostic,10,cue,2,coherent-beam,8,1,8,0.8,0.0,1.0,1.0,False,39,2,20,28,10,,,,,,
nonpaper diagnostic,10,cue,3,coherent-beam,5,2,4,0.4,0.7219280948873623,0.45,0.0,False,48,5,47,55,10,,,,,,
nonpaper diagnostic,10,cue,4,coherent-beam,6,1,6,0.6,0.0,1.0,1.0,False,32,4,36,46,10,,,,,,
nonpaper diagnostic,10,cue,5,coherent-beam,5,1,5,0.5,0.0,1.0,1.0,False,82,5,45,55,10,,,,,,
nonpaper diagnostic,10,suffix,1,coherent-beam,10,6,3,0.3,0.9172088932791937,0.1399656046816783,0.0,False,75,,,,,4,0.5,0.0,False,True,10
nonpaper diagnostic,11,cue,1,coherent-beam,2,1,2,0.2,0.0,1.0,1.0,False,46,8,74,82,10,,,,,,
nonpaper diagnostic,11,cue,2,coherent-beam,4,1,4,0.4,0.0,0.5588235294117647,0.11764705882352941,False,89,6,54,64,10,,,,,,
nonpaper diagnostic,11,cue,3,coherent-beam,5,1,5,0.5,0.0,0.8105263157894737,0.5263157894736842,False,82,5,45,55,10,,,,,,
nonpaper diagnostic,11,cue,4,coherent-beam,6,1,6,0.6,0.0,1.0,1.0,False,47,4,36,46,10,,,,,,
nonpaper diagnostic,11,cue,5,coherent-beam,6,1,6,0.6,0.0,0.762962962962963,0.5555555555555556,False,50,4,39,46,10,,,,,,
nonpaper diagnostic,11,suffix,1,coherent-beam,10,5,5,0.5,0.8445412464587144,0.4809909209656113,0.008771929824561403,False,77,,,,,4,0.5,0.0,False,True,10
nonpaper diagnostic,12,cue,1,coherent-beam,6,1,6,0.6,0.0,1.0,1.0,False,55,4,39,46,10,,,,,,
nonpaper diagnostic,12,cue,2,coherent-beam,4,1,4,0.4,0.0,1.0,1.0,False,11,6,60,64,10,,,,,,
nonpaper diagnostic,12,cue,3,coherent-beam,1,1,1,0.1,0.0,0.0,0.0,False,97,9,81,91,10,,,,,,
nonpaper diagnostic,12,cue,4,coherent-beam,8,1,8,0.8,0.0,1.0,1.0,False,57,2,18,28,10,,,,,,
nonpaper diagnostic,12,cue,5,coherent-beam,6,1,6,0.6,0.0,1.0,1.0,False,17,4,40,46,10,,,,,,
nonpaper diagnostic,12,suffix,1,coherent-beam,10,7,4,0.4,0.8983289127685206,0.2031039448795452,0.0,False,77,,,,,4,0.5,0.0,True,True,10
nonpaper diagnostic,12,suffix,2,coherent-beam,1,1,1,0.1,0.0,0.0,0.0,False,1,,,,,4,0.5,0.0,False,True,1
nonpaper diagnostic,13,cue,1,coherent-beam,5,1,5,0.5,0.0,0.7333333333333333,0.3333333333333333,False,88,5,46,55,10,,,,,,
nonpaper diagnostic,13,cue,2,coherent-beam,10,1,10,1.0,0.0,1.0,1.0,True,25,0,0,10,10,,,,,,
nonpaper diagnostic,13,cue,3,coherent-beam,8,1,8,0.8,0.0,1.0,1.0,False,8,2,20,28,10,,,,,,
nonpaper diagnostic,13,cue,4,coherent-beam,7,1,7,0.7,0.0,0.7619047619047619,0.5,False,18,3,28,37,10,,,,,,
nonpaper diagnostic,13,cue,5,coherent-beam,8,3,6,0.6,0.6695919455357792,0.5510582010582011,0.012345679012345678,False,43,2,20,28,10,,,,,,
nonpaper diagnostic,13,suffix,1,coherent-beam,8,2,7,0.7,0.5435644431995964,0.7777777777777778,0.1111111111111111,False,15,,,,,4,0.5,0.0,True,True,8
nonpaper diagnostic,13,suffix,2,coherent-beam,2,1,2,0.2,0.0,1.0,1.0,False,3,,,,,4,0.5,0.0,True,True,2
nonpaper diagnostic,14,cue,1,coherent-beam,4,1,4,0.4,0.0,1.0,1.0,False,37,6,56,64,10,,,,,,
nonpaper diagnostic,14,cue,2,coherent-beam,6,3,3,0.3,0.920619835714305,0.25756895534149177,0.0,False,41,4,36,46,10,,,,,,
nonpaper diagnostic,14,cue,3,coherent-beam,4,1,4,0.4,0.0,0.75,0.5,False,92,6,54,64,10,,,,,,
nonpaper diagnostic,14,cue,4,coherent-beam,2,1,2,0.2,0.0,1.0,1.0,False,68,8,74,82,10,,,,,,
nonpaper diagnostic,14,cue,5,coherent-beam,9,1,9,0.9,0.0,1.0,1.0,False,72,1,9,19,10,,,,,,
nonpaper diagnostic,14,suffix,1,coherent-beam,9,2,8,0.8,0.5032583347756457,0.7807407407407407,0.013333333333333334,False,14,,,,,4,0.5,0.0,True,True,9
nonpaper diagnostic,14,suffix,2,coherent-beam,10,1,10,1.0,0.0,1.0,1.0,True,10,,,,,4,0.5,0.0,True,True,10
nonpaper diagnostic,14,suffix,3,coherent-beam,8,1,8,0.8,0.0,1.0,1.0,False,8,,,,,4,0.5,0.0,False,True,8
nonpaper diagnostic,14,suffix,4,coherent-beam,8,1,8,0.8,0.0,1.0,1.0,False,8,,,,,4,0.5,0.0,False,False,8
nonpaper diagnostic,15,cue,1,coherent-beam,10,1,10,1.0,0.0,1.0,1.0,True,39,0,0,10,10,,,,,,
nonpaper diagnostic,15,cue,2,coherent-beam,7,1,7,0.7,0.0,1.0,1.0,False,7,3,30,37,10,,,,,,
nonpaper diagnostic,15,cue,3,coherent-beam,3,2,2,0.2,0.9182958340544894,0.3475177304964539,0.02127659574468085,False,38,7,66,73,10,,,,,,
nonpaper diagnostic,15,cue,4,coherent-beam,3,1,3,0.3,0.0,0.48408057179987,0.37037037037037035,False,91,7,63,73,10,,,,,,
nonpaper diagnostic,15,cue,5,coherent-beam,3,1,3,0.3,0.0,1.0,1.0,False,76,7,63,73,10,,,,,,
nonpaper diagnostic,15,suffix,1,coherent-beam,10,3,8,0.8,0.5816718657178868,0.6247767173323907,0.0,False,28,,,,,4,0.5,0.0,True,True,10
nonpaper diagnostic,15,suffix,2,coherent-beam,7,2,6,0.6,0.5916727785823274,0.7792207792207793,0.22727272727272727,False,11,,,,,4,0.5,0.0,True,True,7
nonpaper diagnostic,15,suffix,3,coherent-beam,8,1,8,0.8,0.0,1.0,1.0,False,8,,,,,4,0.5,0.0,False,False,8
nonpaper diagnostic,15,suffix,4,coherent-beam,5,2,3,0.3,0.9709505944546688,0.40328254477412456,0.15,False,5,,,,,4,0.5,0.0,False,False,5
nonpaper diagnostic,16,cue,1,coherent-beam,0,0,0,0.0,0.0,0.0,0.0,False,82,10,91,100,10,,,,,,
nonpaper diagnostic,16,cue,2,coherent-beam,2,1,2,0.2,0.0,1.0,1.0,False,83,8,72,82,10,,,,,,
nonpaper diagnostic,16,cue,3,coherent-beam,2,1,2,0.2,0.0,1.0,1.0,False,94,8,72,82,10,,,,,,
nonpaper diagnostic,16,cue,4,coherent-beam,5,1,5,0.5,0.0,0.45434196648306574,0.21739130434782608,False,95,5,45,55,10,,,,,,
nonpaper diagnostic,16,cue,5,coherent-beam,8,1,8,0.8,0.0,1.0,1.0,False,63,2,18,28,10,,,,,,
nonpaper diagnostic,16,suffix,1,coherent-beam,8,1,8,0.8,0.0,1.0,1.0,False,8,,,,,4,0.5,0.0,True,True,8
nonpaper diagnostic,16,suffix,2,coherent-beam,4,1,4,0.4,0.0,1.0,1.0,False,4,,,,,4,0.5,0.0,True,True,4
nonpaper diagnostic,16,suffix,3,coherent-beam,3,2,2,0.2,0.9182958340544894,0.3116331689381486,0.2,False,4,,,,,4,0.5,0.0,False,False,3
nonpaper diagnostic,17,cue,1,coherent-beam,5,1,5,0.5,0.0,1.0,1.0,False,41,5,46,55,10,,,,,,
nonpaper diagnostic,17,cue,2,coherent-beam,6,1,6,0.6,0.0,0.7122507122507122,0.46153846153846156,False,87,4,36,46,10,,,,,,
nonpaper diagnostic,17,cue,3,coherent-beam,8,1,8,0.8,0.0,1.0,1.0,False,18,2,19,28,10,,,,,,
nonpaper diagnostic,17,cue,4,coherent-beam,2,1,2,0.2,0.0,1.0,1.0,False,54,8,76,82,10,,,,,,
nonpaper diagnostic,17,cue,5,coherent-beam,9,2,8,0.8,0.5032583347756457,0.7804878048780488,0.012195121951219513,False,24,1,9,19,10,,,,,,
nonpaper diagnostic,17,suffix,1,coherent-beam,10,6,4,0.4,0.8982444017039272,0.18174922650800113,0.0,False,51,,,,,4,0.5,0.0,False,True,10
nonpaper diagnostic,17,suffix,2,coherent-beam,9,6,3,0.3,0.935944697445866,1.0,1.0,False,25,,,,,4,0.5,0.0,False,False,9
nonpaper diagnostic,18,cue,1,coherent-beam,2,1,2,0.2,0.0,1.0,1.0,False,88,8,72,82,10,,,,,,
nonpaper diagnostic,18,cue,2,coherent-beam,5,1,5,0.5,0.0,1.0,1.0,False,23,5,47,55,10,,,,,,
nonpaper diagnostic,18,cue,3,coherent-beam,1,1,1,0.1,0.0,0.0,0.0,False,86,9,82,91,10,,,,,,
nonpaper diagnostic,18,cue,4,coherent-beam,7,1,7,0.7,0.0,1.0,1.0,False,66,3,28,37,10,,,,,,
nonpaper diagnostic,18,cue,5,coherent-beam,8,3,6,0.6,0.6695919455357792,0.48095652986120513,0.017543859649122806,False,34,2,20,28,10,,,,,,
nonpaper diagnostic,18,suffix,1,coherent-beam,9,7,2,0.2,0.9708357627258161,0.17319388287251178,0.0,False,29,,,,,4,0.5,0.0,True,True,9
nonpaper diagnostic,19,cue,1,coherent-beam,0,0,0,0.0,0.0,0.0,0.0,False,82,10,91,100,10,,,,,,
nonpaper diagnostic,19,cue,2,coherent-beam,7,1,7,0.7,0.0,1.0,1.0,False,46,3,27,37,10,,,,,,
nonpaper diagnostic,19,cue,3,coherent-beam,8,1,8,0.8,0.0,1.0,1.0,False,40,2,19,28,10,,,,,,
nonpaper diagnostic,19,cue,4,coherent-beam,8,1,8,0.8,0.0,1.0,1.0,False,25,2,19,28,10,,,,,,
nonpaper diagnostic,19,cue,5,coherent-beam,7,1,7,0.7,0.0,1.0,1.0,False,8,3,30,37,10,,,,,,
nonpaper diagnostic,19,suffix,1,coherent-beam,10,5,6,0.6,0.7627069065377661,0.3468206486391109,0.0,False,29,,,,,4,0.5,0.0,True,True,10
nonpaper diagnostic,19,suffix,2,coherent-beam,2,1,2,0.2,0.0,0.5,0.5,False,2,,,,,4,0.5,0.0,True,True,2
nonpaper diagnostic,19,suffix,3,coherent-beam,1,1,1,0.1,0.0,0.0,0.0,False,2,,,,,4,0.5,0.0,False,False,1
nonpaper diagnostic,20,cue,1,coherent-beam,5,2,4,0.4,0.7219280948873623,0.6,0.0,False,70,5,45,55,10,,,,,,
nonpaper diagnostic,20,cue,2,coherent-beam,8,2,7,0.7,0.5435644431995964,0.6465413533834586,0.16,False,26,2,18,28,10,,,,,,
nonpaper diagnostic,20,cue,3,coherent-beam,8,1,8,0.8,0.0,1.0,1.0,False,40,2,18,28,10,,,,,,
nonpaper diagnostic,20,cue,4,coherent-beam,7,2,6,0.6,0.5916727785823274,0.7193877551020409,0.017857142857142856,False,14,3,28,37,10,,,,,,
nonpaper diagnostic,20,cue,5,coherent-beam,6,1,6,0.6,0.0,1.0,1.0,False,31,4,38,46,10,,,,,,
nonpaper diagnostic,20,suffix,1,coherent-beam,10,5,3,0.3,0.9349775297671233,0.17366176614921386,0.0,False,53,,,,,4,0.5,0.0,True,True,10
nonpaper diagnostic,21,cue,1,coherent-beam,6,1,6,0.6,0.0,1.0,1.0,False,62,4,37,46,10,,,,,,
nonpaper diagnostic,21,cue,2,coherent-beam,7,1,7,0.7,0.0,1.0,1.0,False,32,3,27,37,10,,,,,,
nonpaper diagnostic,21,cue,3,coherent-beam,9,1,9,0.9,0.0,1.0,1.0,False,15,1,9,19,10,,,,,,
nonpaper diagnostic,21,cue,4,coherent-beam,9,1,9,0.9,0.0,1.0,1.0,False,18,1,10,19,10,,,,,,
nonpaper diagnostic,21,cue,5,coherent-beam,6,1,6,0.6,0.0,1.0,1.0,False,32,4,37,46,10,,,,,,
nonpaper diagnostic,21,suffix,1,coherent-beam,10,9,2,0.2,0.9848586617875463,0.16686384591450812,0.02702702702702703,False,91,,,,,4,0.5,0.0,False,True,10
nonpaper diagnostic,21,suffix,2,coherent-beam,3,1,3,0.3,0.0,0.9393939393939394,0.9090909090909091,False,3,,,,,4,0.5,0.0,False,False,3
nonpaper diagnostic,21,suffix,3,coherent-beam,2,1,2,0.2,0.0,0.9090909090909091,0.9090909090909091,False,2,,,,,4,0.5,0.0,False,False,2
nonpaper diagnostic,22,cue,1,coherent-beam,4,1,4,0.4,0.0,1.0,1.0,False,84,6,54,64,10,,,,,,
nonpaper diagnostic,22,cue,2,coherent-beam,2,1,2,0.2,0.0,1.0,1.0,False,33,8,77,82,10,,,,,,
nonpaper diagnostic,22,cue,3,coherent-beam,5,3,3,0.3,0.8649735207179272,0.3968831168831169,0.08571428571428572,False,98,5,45,55,10,,,,,,
nonpaper diagnostic,22,cue,4,coherent-beam,9,1,9,0.9,0.0,1.0,1.0,False,12,1,10,19,10,,,,,,
nonpaper diagnostic,22,cue,5,coherent-beam,1,1,1,0.1,0.0,0.0,0.0,False,65,9,82,91,10,,,,,,
nonpaper diagnostic,22,suffix,1,coherent-beam,10,4,4,0.4,0.8609640474436813,0.36023391812865496,0.0,False,57,,,,,4,0.5,0.0,True,True,10
nonpaper diagnostic,22,suffix,2,coherent-beam,3,1,3,0.3,0.0,0.6842105263157894,0.5263157894736842,False,5,,,,,4,0.5,0.0,False,False,3
nonpaper diagnostic,23,cue,1,coherent-beam,2,1,2,0.2,0.0,1.0,1.0,False,84,8,72,82,10,,,,,,
nonpaper diagnostic,23,cue,2,coherent-beam,9,1,9,0.9,0.0,1.0,1.0,False,14,1,9,19,10,,,,,,
nonpaper diagnostic,23,cue,3,coherent-beam,6,1,6,0.6,0.0,1.0,1.0,False,10,4,39,46,10,,,,,,
nonpaper diagnostic,23,cue,4,coherent-beam,7,1,7,0.7,0.0,1.0,1.0,False,38,3,29,37,10,,,,,,
nonpaper diagnostic,23,cue,5,coherent-beam,8,2,7,0.7,0.5435644431995964,0.753968253968254,0.015873015873015872,False,32,2,19,28,10,,,,,,
nonpaper diagnostic,23,suffix,1,coherent-beam,10,4,6,0.6,0.7854752972273344,0.36469544504450924,0.0,False,18,,,,,4,0.5,0.0,True,True,10
nonpaper diagnostic,23,suffix,2,coherent-beam,5,1,5,0.5,0.0,0.8,0.5,False,5,,,,,4,0.5,0.0,True,True,5
nonpaper diagnostic,23,suffix,3,coherent-beam,7,1,7,0.7,0.0,0.6145799280810722,0.21739130434782608,False,7,,,,,4,0.5,0.0,True,True,7
nonpaper diagnostic,23,suffix,4,coherent-beam,9,7,3,0.3,0.9409583900892994,0.5622683384706978,0.3448275862068966,False,16,,,,,4,0.5,0.0,False,False,9
nonpaper diagnostic,24,cue,1,coherent-beam,2,1,2,0.2,0.0,0.17857142857142858,0.17857142857142858,False,82,8,73,82,10,,,,,,
nonpaper diagnostic,24,cue,2,coherent-beam,9,1,9,0.9,0.0,1.0,1.0,False,55,1,9,19,10,,,,,,
nonpaper diagnostic,24,cue,3,coherent-beam,9,1,9,0.9,0.0,1.0,1.0,False,15,1,10,19,10,,,,,,
nonpaper diagnostic,24,cue,4,coherent-beam,8,1,8,0.8,0.0,1.0,1.0,False,8,2,20,28,10,,,,,,
nonpaper diagnostic,24,cue,5,coherent-beam,10,2,9,0.9,0.46899559358928117,0.6755490301327187,0.017391304347826087,False,37,0,0,10,10,,,,,,
nonpaper diagnostic,24,suffix,1,coherent-beam,8,2,6,0.6,0.8112781244591328,1.0,1.0,False,10,,,,,4,0.5,0.0,False,True,8
nonpaper diagnostic,24,suffix,2,coherent-beam,5,2,4,0.4,0.7219280948873623,0.6869565217391305,0.21739130434782608,False,5,,,,,4,0.5,0.0,False,False,5
nonpaper diagnostic,24,suffix,3,coherent-beam,4,1,4,0.4,0.0,1.0,1.0,False,4,,,,,4,0.5,0.0,False,False,4
nonpaper diagnostic,25,cue,1,coherent-beam,5,1,5,0.5,0.0,0.4571150097465887,0.20833333333333334,False,66,5,45,55,10,,,,,,
nonpaper diagnostic,25,cue,2,coherent-beam,2,2,1,0.1,1.0,0.08264462809917356,0.08264462809917356,False,95,8,72,82,10,,,,,,
nonpaper diagnostic,25,cue,3,coherent-beam,6,2,5,0.5,0.6500224216483541,0.4634676173499703,0.015151515151515152,False,27,4,39,46,10,,,,,,
nonpaper diagnostic,25,cue,4,coherent-beam,1,1,1,0.1,0.0,0.0,0.0,False,94,9,82,91,10,,,,,,
nonpaper diagnostic,25,cue,5,coherent-beam,3,1,3,0.3,0.0,1.0,1.0,False,90,7,64,73,10,,,,,,
nonpaper diagnostic,25,suffix,1,coherent-beam,10,3,5,0.5,0.9372305632161295,0.3080375467565365,0.0,False,30,,,,,4,0.5,0.0,False,True,10
nonpaper diagnostic,25,suffix,2,coherent-beam,7,1,7,0.7,0.0,1.0,1.0,False,9,,,,,4,0.5,0.0,False,False,7
nonpaper diagnostic,25,suffix,3,coherent-beam,6,1,6,0.6,0.0,1.0,1.0,False,6,,,,,4,0.5,0.0,False,False,6
nonpaper diagnostic,25,suffix,4,coherent-beam,7,1,7,0.7,0.0,1.0,1.0,False,7,,,,,4,0.5,0.0,False,False,7
nonpaper diagnostic,26,cue,1,coherent-beam,2,1,2,0.2,0.0,1.0,1.0,False,84,8,73,82,10,,,,,,
nonpaper diagnostic,26,cue,2,coherent-beam,7,1,7,0.7,0.0,1.0,1.0,False,71,3,28,37,10,,,,,,
nonpaper diagnostic,26,cue,3,coherent-beam,6,1,6,0.6,0.0,1.0,1.0,False,39,4,36,46,10,,,,,,
nonpaper diagnostic,26,cue,4,coherent-beam,8,1,8,0.8,0.0,1.0,1.0,False,21,2,19,28,10,,,,,,
nonpaper diagnostic,26,cue,5,coherent-beam,5,2,4,0.4,0.7219280948873623,0.6,0.0,False,26,5,46,55,10,,,,,,
nonpaper diagnostic,26,suffix,1,coherent-beam,10,5,3,0.3,0.9349775297671233,0.18498247740730467,0.0,False,59,,,,,4,0.5,0.0,False,True,10
nonpaper diagnostic,27,cue,1,coherent-beam,6,1,6,0.6,0.0,1.0,1.0,False,62,4,36,46,10,,,,,,
nonpaper diagnostic,27,cue,2,coherent-beam,3,1,3,0.3,0.0,1.0,1.0,False,43,7,65,73,10,,,,,,
nonpaper diagnostic,27,cue,3,coherent-beam,4,3,2,0.2,0.946394630357186,0.11222519310754604,0.0,False,97,6,54,64,10,,,,,,
nonpaper diagnostic,27,cue,4,coherent-beam,2,1,2,0.2,0.0,1.0,1.0,False,86,8,72,82,10,,,,,,
nonpaper diagnostic,27,cue,5,coherent-beam,4,1,4,0.4,0.0,1.0,1.0,False,42,6,57,64,10,,,,,,
nonpaper diagnostic,27,suffix,1,coherent-beam,10,9,2,0.2,0.9848586617875463,0.09331126167314678,0.0,False,87,,,,,4,0.5,0.0,False,True,10
nonpaper diagnostic,28,cue,1,coherent-beam,4,1,4,0.4,0.0,1.0,1.0,False,82,6,54,64,10,,,,,,
nonpaper diagnostic,28,cue,2,coherent-beam,7,1,7,0.7,0.0,1.0,1.0,False,26,3,28,37,10,,,,,,
nonpaper diagnostic,28,cue,3,coherent-beam,9,3,7,0.7,0.6223659728744494,0.680921052631579,0.0,False,32,1,9,19,10,,,,,,
nonpaper diagnostic,28,cue,4,coherent-beam,7,1,7,0.7,0.0,0.8163265306122449,0.35714285714285715,False,7,3,30,37,10,,,,,,
nonpaper diagnostic,28,cue,5,coherent-beam,7,1,7,0.7,0.0,1.0,1.0,False,42,3,28,37,10,,,,,,
nonpaper diagnostic,28,suffix,1,coherent-beam,7,4,4,0.4,0.8322488896002307,0.31280435176551974,0.007042253521126761,False,18,,,,,4,0.5,0.0,True,True,7
nonpaper diagnostic,28,suffix,2,coherent-beam,3,1,3,0.3,0.0,0.47392523112172674,0.453781512605042,False,3,,,,,4,0.5,0.0,False,False,3
nonpaper diagnostic,29,cue,1,coherent-beam,8,2,7,0.7,0.5435644431995964,0.75,0.0,False,28,2,18,28,10,,,,,,
nonpaper diagnostic,29,cue,2,coherent-beam,5,1,5,0.5,0.0,0.6333333333333333,0.3333333333333333,False,52,5,47,55,10,,,,,,
nonpaper diagnostic,29,cue,3,coherent-beam,6,1,6,0.6,0.0,1.0,1.0,False,18,4,38,46,10,,,,,,
nonpaper diagnostic,29,cue,4,coherent-beam,9,1,9,0.9,0.0,1.0,1.0,False,47,1,9,19,10,,,,,,
nonpaper diagnostic,29,cue,5,coherent-beam,4,1,4,0.4,0.0,1.0,1.0,False,18,6,59,64,10,,,,,,
nonpaper diagnostic,29,suffix,1,coherent-beam,7,3,5,0.5,0.7248340915057598,0.48583786285399183,0.015384615384615385,False,10,,,,,4,0.5,0.0,True,True,7
nonpaper diagnostic,29,suffix,2,coherent-beam,4,1,4,0.4,0.0,0.5297104746478566,0.45054945054945056,False,8,,,,,4,0.5,0.0,False,False,4
nonpaper diagnostic,29,suffix,3,coherent-beam,9,7,2,0.2,0.9708357627258161,0.8019323671497585,0.10869565217391304,False,27,,,,,4,0.5,0.0,False,False,9
nonpaper diagnostic,30,cue,1,coherent-beam,7,1,7,0.7,0.0,1.0,1.0,False,62,3,28,37,10,,,,,,
nonpaper diagnostic,30,cue,2,coherent-beam,9,1,9,0.9,0.0,1.0,1.0,False,32,1,10,19,10,,,,,,
nonpaper diagnostic,30,cue,3,coherent-beam,10,1,10,1.0,0.0,0.9,0.5,True,10,0,0,10,10,,,,,,
nonpaper diagnostic,30,cue,4,coherent-beam,7,1,7,0.7,0.0,0.8823529411764707,0.5882352941176471,False,18,3,29,37,10,,,,,,
nonpaper diagnostic,30,cue,5,coherent-beam,4,2,3,0.3,0.8112781244591328,0.5555555555555556,0.1111111111111111,False,44,6,55,64,10,,,,,,
nonpaper diagnostic,30,suffix,1,coherent-beam,10,8,2,0.2,0.9739760316291209,0.11398809982025776,0.0,False,54,,,,,4,0.5,0.0,False,True,10
nonpaper diagnostic,31,cue,1,coherent-beam,7,2,6,0.6,0.5916727785823274,0.8112244897959183,0.3392857142857143,False,82,3,27,37,10,,,,,,
nonpaper diagnostic,31,cue,2,coherent-beam,6,1,6,0.6,0.0,1.0,1.0,False,6,4,40,46,10,,,,,,
nonpaper diagnostic,31,cue,3,coherent-beam,4,2,3,0.3,0.8112781244591328,0.31996597750908096,0.05454545454545454,False,96,6,54,64,10,,,,,,
nonpaper diagnostic,31,cue,4,coherent-beam,4,1,4,0.4,0.0,1.0,1.0,False,69,6,56,64,10,,,,,,
nonpaper diagnostic,31,cue,5,coherent-beam,3,1,3,0.3,0.0,1.0,1.0,False,25,7,70,73,10,,,,,,
nonpaper diagnostic,31,suffix,1,coherent-beam,10,10,1,0.1,0.9999999999999998,0.08456630199025783,0.0,False,96,,,,,4,0.5,0.0,False,True,10
nonpaper diagnostic,32,cue,1,coherent-beam,8,1,8,0.8,0.0,1.0,1.0,False,46,2,19,28,10,,,,,,
nonpaper diagnostic,32,cue,2,coherent-beam,8,2,7,0.7,0.5435644431995964,0.7658227848101266,0.06329113924050633,False,21,2,20,28,10,,,,,,
nonpaper diagnostic,32,cue,3,coherent-beam,9,1,9,0.9,0.0,1.0,1.0,False,17,1,9,19,10,,,,,,
nonpaper diagnostic,32,cue,4,coherent-beam,9,1,9,0.9,0.0,1.0,1.0,False,11,1,10,19,10,,,,,,
nonpaper diagnostic,32,cue,5,coherent-beam,5,1,5,0.5,0.0,1.0,1.0,False,9,5,50,55,10,,,,,,
nonpaper diagnostic,32,suffix,1,coherent-beam,10,9,2,0.2,0.9848586617875463,0.14535116000521833,0.02857142857142857,False,95,,,,,4,0.5,0.0,False,False,10
nonpaper diagnostic,32,suffix,2,coherent-beam,6,1,6,0.6,0.0,0.811764705882353,0.5882352941176471,False,8,,,,,4,0.5,0.0,False,False,6
nonpaper diagnostic,32,suffix,3,coherent-beam,9,3,6,0.6,0.7725068857142601,0.9012345679012346,0.5555555555555556,False,16,,,,,4,0.5,0.0,True,True,9
nonpaper diagnostic,32,suffix,4,coherent-beam,9,3,5,0.5,0.8527924884900404,0.6488774069419231,0.2903225806451613,False,14,,,,,4,0.5,0.0,False,False,9
nonpaper diagnostic,33,cue,1,coherent-beam,5,2,4,0.4,0.7219280948873623,0.6705882352941177,0.17647058823529413,False,94,5,45,55,10,,,,,,
nonpaper diagnostic,33,cue,2,coherent-beam,9,1,9,0.9,0.0,0.7530864197530864,0.5555555555555556,False,49,1,9,19,10,,,,,,
nonpaper diagnostic,33,cue,3,coherent-beam,9,1,9,0.9,0.0,0.763157894736842,0.5263157894736842,False,25,1,10,19,10,,,,,,
nonpaper diagnostic,33,cue,4,coherent-beam,6,1,6,0.6,0.0,1.0,1.0,False,17,4,39,46,10,,,,,,
nonpaper diagnostic,33,cue,5,coherent-beam,4,1,4,0.4,0.0,0.8653846153846154,0.7307692307692307,False,92,6,54,64,10,,,,,,
nonpaper diagnostic,33,suffix,1,coherent-beam,10,2,8,0.8,0.7219280948873623,1.0,1.0,False,28,,,,,4,0.5,0.0,False,True,10
nonpaper diagnostic,33,suffix,2,coherent-beam,5,1,5,0.5,0.0,0.5242609886774646,0.20652173913043478,False,5,,,,,4,0.5,0.0,False,False,5
nonpaper diagnostic,33,suffix,3,coherent-beam,9,6,3,0.3,0.935944697445866,0.4951506343297388,0.10714285714285714,False,29,,,,,4,0.5,0.0,False,False,9
nonpaper diagnostic,33,suffix,4,coherent-beam,7,1,7,0.7,0.0,1.0,1.0,False,7,,,,,4,0.5,0.0,False,True,7
nonpaper diagnostic,34,cue,1,coherent-beam,7,1,7,0.7,0.0,0.8646616541353384,0.5263157894736842,False,36,3,27,37,10,,,,,,
nonpaper diagnostic,34,cue,2,coherent-beam,0,0,0,0.0,0.0,0.0,0.0,False,88,10,91,100,10,,,,,,
nonpaper diagnostic,34,cue,3,coherent-beam,8,1,8,0.8,0.0,1.0,1.0,False,57,2,18,28,10,,,,,,
nonpaper diagnostic,34,cue,4,coherent-beam,3,1,3,0.3,0.0,1.0,1.0,False,3,7,70,73,10,,,,,,
nonpaper diagnostic,34,cue,5,coherent-beam,4,1,4,0.4,0.0,0.2089778679619867,0.06896551724137931,False,98,6,54,64,10,,,,,,
nonpaper diagnostic,34,suffix,1,coherent-beam,10,7,2,0.2,0.969570350190125,0.7500879839115133,0.11538461538461539,False,94,,,,,4,0.5,0.0,False,False,10
nonpaper diagnostic,35,cue,1,coherent-beam,1,1,1,0.1,0.0,0.0,0.0,False,88,9,82,91,10,,,,,,
nonpaper diagnostic,35,cue,2,coherent-beam,5,1,5,0.5,0.0,1.0,1.0,False,36,5,47,55,10,,,,,,
nonpaper diagnostic,35,cue,3,coherent-beam,3,1,3,0.3,0.0,1.0,1.0,False,88,7,63,73,10,,,,,,
nonpaper diagnostic,35,cue,4,coherent-beam,7,1,7,0.7,0.0,1.0,1.0,False,55,3,28,37,10,,,,,,
nonpaper diagnostic,35,cue,5,coherent-beam,9,2,8,0.8,0.5032583347756457,0.7800925925925926,0.010416666666666666,False,41,1,10,19,10,,,,,,
nonpaper diagnostic,35,suffix,1,coherent-beam,9,1,9,0.9,0.0,1.0,1.0,False,10,,,,,4,0.5,0.0,True,True,9
nonpaper diagnostic,35,suffix,2,coherent-beam,6,1,6,0.6,0.0,0.7803921568627452,0.5882352941176471,False,6,,,,,4,0.5,0.0,True,True,6
nonpaper diagnostic,35,suffix,3,coherent-beam,8,3,3,0.3,0.9850568223215079,0.31212591587510774,0.18181818181818182,False,14,,,,,4,0.5,0.0,False,True,8
nonpaper diagnostic,35,suffix,4,coherent-beam,6,1,6,0.6,0.0,0.9696969696969696,0.9090909090909091,False,7,,,,,4,0.5,0.0,False,False,6
nonpaper diagnostic,36,cue,1,coherent-beam,2,1,2,0.2,0.0,0.35714285714285715,0.35714285714285715,False,94,8,72,82,10,,,,,,
nonpaper diagnostic,36,cue,2,coherent-beam,4,3,2,0.2,0.946394630357186,0.18095238095238095,0.0,False,52,6,56,64,10,,,,,,
nonpaper diagnostic,36,cue,3,coherent-beam,7,1,7,0.7,0.0,1.0,1.0,False,43,3,27,37,10,,,,,,
nonpaper diagnostic,36,cue,4,coherent-beam,9,1,9,0.9,0.0,0.763157894736842,0.5263157894736842,False,29,1,10,19,10,,,,,,
nonpaper diagnostic,36,cue,5,coherent-beam,6,5,2,0.2,0.9697238998682473,0.211264875066302,0.05128205128205128,False,62,4,37,46,10,,,,,,
nonpaper diagnostic,36,suffix,1,coherent-beam,10,5,5,0.5,0.8445412464587144,0.7619879031643737,0.5384615384615384,False,48,,,,,4,0.5,0.0,False,True,10
nonpaper diagnostic,36,suffix,2,coherent-beam,8,2,7,0.7,0.5435644431995964,1.0,1.0,False,10,,,,,4,0.5,0.0,False,True,8
nonpaper diagnostic,37,cue,1,coherent-beam,5,1,5,0.5,0.0,1.0,1.0,False,62,5,46,55,10,,,,,,
nonpaper diagnostic,37,cue,2,coherent-beam,7,1,7,0.7,0.0,0.35001628197835816,0.1,False,49,3,27,37,10,,,,,,
nonpaper diagnostic,37,cue,3,coherent-beam,8,1,8,0.8,0.0,1.0,1.0,False,48,2,19,28,10,,,,,,
nonpaper diagnostic,37,cue,4,coherent-beam,9,1,9,0.9,0.0,1.0,1.0,False,9,1,10,19,10,,,,,,
nonpaper diagnostic,37,cue,5,coherent-beam,5,3,3,0.3,0.8649735207179272,0.19349075845019834,0.006493506493506494,False,33,5,48,55,10,,,,,,
nonpaper diagnostic,37,suffix,1,coherent-beam,10,8,2,0.2,0.9739760316291209,0.12594404810502408,0.02702702702702703,False,97,,,,,4,0.5,0.0,False,False,10
nonpaper diagnostic,37,suffix,2,coherent-beam,3,1,3,0.3,0.0,0.9393939393939394,0.9090909090909091,False,3,,,,,4,0.5,0.0,False,False,3
nonpaper diagnostic,37,suffix,3,coherent-beam,2,1,2,0.2,0.0,0.9090909090909091,0.9090909090909091,False,2,,,,,4,0.5,0.0,False,False,2
nonpaper diagnostic,38,cue,1,coherent-beam,2,1,2,0.2,0.0,1.0,1.0,False,56,8,75,82,10,,,,,,
nonpaper diagnostic,38,cue,2,coherent-beam,7,1,7,0.7,0.0,1.0,1.0,False,42,3,28,37,10,,,,,,
nonpaper diagnostic,38,cue,3,coherent-beam,9,1,9,0.9,0.0,1.0,1.0,False,44,1,9,19,10,,,,,,
nonpaper diagnostic,38,cue,4,coherent-beam,9,1,9,0.9,0.0,1.0,1.0,False,9,1,10,19,10,,,,,,
nonpaper diagnostic,38,cue,5,coherent-beam,6,1,6,0.6,0.0,1.0,1.0,False,12,4,38,46,10,,,,,,
nonpaper diagnostic,38,suffix,1,coherent-beam,9,8,2,0.2,0.9825675930733636,0.15125800387920038,0.0,False,39,,,,,4,0.5,0.0,False,True,9
nonpaper diagnostic,39,cue,1,coherent-beam,6,2,5,0.5,0.6500224216483541,0.6732026143790849,0.0196078431372549,False,43,4,38,46,10,,,,,,
nonpaper diagnostic,39,cue,2,coherent-beam,8,1,8,0.8,0.0,1.0,1.0,False,9,2,20,28,10,,,,,,
nonpaper diagnostic,39,cue,3,coherent-beam,5,1,5,0.5,0.0,1.0,1.0,False,8,5,50,55,10,,,,,,
nonpaper diagnostic,39,cue,4,coherent-beam,2,1,2,0.2,0.0,1.0,1.0,False,50,8,74,82,10,,,,,,
nonpaper diagnostic,39,cue,5,coherent-beam,3,1,3,0.3,0.0,0.5632183908045977,0.3448275862068966,False,98,7,63,73,10,,,,,,
nonpaper diagnostic,39,suffix,1,coherent-beam,10,4,5,0.5,0.8804820237218407,0.5439153439153439,0.07142857142857142,False,67,,,,,4,0.5,0.0,False,False,10
nonpaper diagnostic,40,cue,1,coherent-beam,6,1,6,0.6,0.0,1.0,1.0,False,57,4,36,46,10,,,,,,
nonpaper diagnostic,40,cue,2,coherent-beam,4,1,4,0.4,0.0,1.0,1.0,False,27,6,58,64,10,,,,,,
nonpaper diagnostic,40,cue,3,coherent-beam,5,1,5,0.5,0.0,1.0,1.0,False,39,5,46,55,10,,,,,,
nonpaper diagnostic,40,cue,4,coherent-beam,3,1,3,0.3,0.0,1.0,1.0,False,94,7,63,73,10,,,,,,
nonpaper diagnostic,40,cue,5,coherent-beam,9,1,9,0.9,0.0,1.0,1.0,False,35,1,9,19,10,,,,,,
nonpaper diagnostic,40,suffix,1,coherent-beam,10,1,10,1.0,0.0,1.0,1.0,True,18,,,,,4,0.5,0.0,True,True,10
nonpaper diagnostic,40,suffix,2,coherent-beam,10,1,10,1.0,0.0,0.423911470688945,0.16666666666666666,True,10,,,,,4,0.5,0.0,True,True,10
nonpaper diagnostic,40,suffix,3,coherent-beam,10,9,2,0.2,0.9848586617875463,0.4616852819393392,0.11688311688311688,False,46,,,,,4,0.5,0.0,False,False,10
nonpaper diagnostic,41,cue,1,coherent-beam,2,1,2,0.2,0.0,1.0,1.0,False,94,8,72,82,10,,,,,,
nonpaper diagnostic,41,cue,2,coherent-beam,8,1,8,0.8,0.0,1.0,1.0,False,22,2,20,28,10,,,,,,
nonpaper diagnostic,41,cue,3,coherent-beam,8,1,8,0.8,0.0,1.0,1.0,False,8,2,20,28,10,,,,,,
nonpaper diagnostic,41,cue,4,coherent-beam,8,1,8,0.8,0.0,1.0,1.0,False,39,2,18,28,10,,,,,,
nonpaper diagnostic,41,cue,5,coherent-beam,8,1,8,0.8,0.0,1.0,1.0,False,26,2,19,28,10,,,,,,
nonpaper diagnostic,41,suffix,1,coherent-beam,10,2,9,0.9,0.46899559358928117,0.8075471698113208,0.03773584905660377,False,10,,,,,4,0.5,0.0,True,True,10
nonpaper diagnostic,41,suffix,2,coherent-beam,7,1,7,0.7,0.0,0.8646616541353384,0.5263157894736842,False,9,,,,,4,0.5,0.0,True,True,7
nonpaper diagnostic,41,suffix,3,coherent-beam,9,2,8,0.8,0.5032583347756457,0.39492358580076303,0.11363636363636363,False,10,,,,,4,0.5,0.0,True,True,9
nonpaper diagnostic,41,suffix,4,coherent-beam,9,9,1,0.1,1.0,0.4025102401313869,0.22727272727272727,False,29,,,,,4,0.5,0.0,False,False,9
nonpaper diagnostic,42,cue,1,coherent-beam,4,1,4,0.4,0.0,0.6206896551724138,0.3448275862068966,False,82,6,54,64,10,,,,,,
nonpaper diagnostic,42,cue,2,coherent-beam,9,1,9,0.9,0.0,1.0,1.0,False,27,1,10,19,10,,,,,,
nonpaper diagnostic,42,cue,3,coherent-beam,9,1,9,0.9,0.0,1.0,1.0,False,18,1,10,19,10,,,,,,
nonpaper diagnostic,42,cue,4,coherent-beam,7,1,7,0.7,0.0,1.0,1.0,False,40,3,28,37,10,,,,,,
nonpaper diagnostic,42,cue,5,coherent-beam,1,1,1,0.1,0.0,0.0,0.0,False,12,9,89,91,10,,,,,,
nonpaper diagnostic,42,suffix,1,coherent-beam,10,2,8,0.8,0.7219280948873623,1.0,1.0,False,41,,,,,4,0.5,0.0,False,True,10
nonpaper diagnostic,42,suffix,2,coherent-beam,5,2,4,0.4,0.7219280948873623,0.46133743976035835,0.30845771144278605,False,5,,,,,4,0.5,0.0,False,False,5
nonpaper diagnostic,42,suffix,3,coherent-beam,9,7,3,0.3,0.9409583900892994,0.7095580553478689,0.09900990099009901,False,24,,,,,4,0.5,0.0,False,False,9
nonpaper diagnostic,43,cue,1,coherent-beam,2,1,2,0.2,0.0,1.0,1.0,False,94,8,73,82,10,,,,,,
nonpaper diagnostic,43,cue,2,coherent-beam,4,2,3,0.3,0.8112781244591328,0.5081967213114754,0.01639344262295082,False,50,6,55,64,10,,,,,,
nonpaper diagnostic,43,cue,3,coherent-beam,4,2,3,0.3,0.8112781244591328,0.5,0.0,False,90,6,54,64,10,,,,,,
nonpaper diagnostic,43,cue,4,coherent-beam,9,1,9,0.9,0.0,1.0,1.0,False,32,1,9,19,10,,,,,,
nonpaper diagnostic,43,cue,5,coherent-beam,5,1,5,0.5,0.0,1.0,1.0,False,10,5,50,55,10,,,,,,
nonpaper diagnostic,43,suffix,1,coherent-beam,10,9,2,0.2,0.9848586617875463,0.2258411479986435,0.018518518518518517,False,87,,,,,4,0.5,0.0,False,False,10
nonpaper diagnostic,43,suffix,2,coherent-beam,8,3,6,0.6,0.6695919455357792,0.6116195220000293,0.1308411214953271,False,8,,,,,4,0.5,0.0,False,False,8
nonpaper diagnostic,43,suffix,3,coherent-beam,9,2,8,0.8,0.5032583347756457,0.8109452736318408,0.14925373134328357,False,9,,,,,4,0.5,0.0,False,False,9
nonpaper diagnostic,43,suffix,4,coherent-beam,8,1,8,0.8,0.0,1.0,1.0,False,8,,,,,4,0.5,0.0,False,False,8
nonpaper diagnostic,44,cue,1,coherent-beam,5,1,5,0.5,0.0,0.7157894736842105,0.5263157894736842,False,82,5,45,55,10,,,,,,
nonpaper diagnostic,44,cue,2,coherent-beam,8,2,7,0.7,0.5435644431995964,0.7546296296296297,0.018518518518518517,False,51,2,19,28,10,,,,,,
nonpaper diagnostic,44,cue,3,coherent-beam,8,2,7,0.7,0.5435644431995964,0.7522522522522522,0.009009009009009009,False,20,2,19,28,10,,,,,,
nonpaper diagnostic,44,cue,4,coherent-beam,9,1,9,0.9,0.0,1.0,1.0,False,15,1,9,19,10,,,,,,
nonpaper diagnostic,44,cue,5,coherent-beam,10,1,10,1.0,0.0,1.0,1.0,True,10,0,0,10,10,,,,,,
nonpaper diagnostic,44,suffix,1,coherent-beam,8,2,7,0.7,0.5435644431995964,0.696583850931677,0.2,False,13,,,,,4,0.5,0.0,True,True,8
nonpaper diagnostic,44,suffix,2,coherent-beam,8,1,8,0.8,0.0,1.0,1.0,False,8,,,,,4,0.5,0.0,True,True,8
nonpaper diagnostic,44,suffix,3,coherent-beam,7,1,7,0.7,0.0,1.0,1.0,False,7,,,,,4,0.5,0.0,False,False,7
nonpaper diagnostic,44,suffix,4,coherent-beam,4,1,4,0.4,0.0,1.0,1.0,False,4,,,,,4,0.5,0.0,False,False,4
nonpaper diagnostic,45,cue,1,coherent-beam,3,3,1,0.1,0.9999999999999998,0.032155443114347225,0.013513513513513514,False,82,7,63,73,10,,,,,,
nonpaper diagnostic,45,cue,2,coherent-beam,10,2,9,0.9,0.46899559358928117,0.8057142857142858,0.02857142857142857,False,19,0,0,10,10,,,,,,
nonpaper diagnostic,45,cue,3,coherent-beam,7,1,7,0.7,0.0,1.0,1.0,False,7,3,30,37,10,,,,,,
nonpaper diagnostic,45,cue,4,coherent-beam,7,1,7,0.7,0.0,0.7744360902255639,0.5263157894736842,False,71,3,27,37,10,,,,,,
nonpaper diagnostic,45,cue,5,coherent-beam,9,1,9,0.9,0.0,1.0,1.0,False,49,1,9,19,10,,,,,,
nonpaper diagnostic,45,suffix,1,coherent-beam,9,1,9,0.9,0.0,1.0,1.0,False,9,,,,,4,0.5,0.0,True,True,9
nonpaper diagnostic,45,suffix,2,coherent-beam,8,1,8,0.8,0.0,1.0,1.0,False,8,,,,,4,0.5,0.0,True,True,8
nonpaper diagnostic,45,suffix,3,coherent-beam,2,1,2,0.2,0.0,1.0,1.0,False,2,,,,,4,0.5,0.0,True,True,2
nonpaper diagnostic,45,suffix,4,coherent-beam,1,1,1,0.1,0.0,0.0,0.0,False,1,,,,,4,0.5,0.0,False,False,1
nonpaper diagnostic,46,cue,1,coherent-beam,8,1,8,0.8,0.0,0.8055555555555556,0.2222222222222222,False,62,2,18,28,10,,,,,,
nonpaper diagnostic,46,cue,2,coherent-beam,6,2,5,0.5,0.6500224216483541,0.6806156806156807,0.2727272727272727,False,37,4,39,46,10,,,,,,
nonpaper diagnostic,46,cue,3,coherent-beam,6,2,5,0.5,0.6500224216483541,0.6666666666666666,0.0,False,52,4,37,46,10,,,,,,
nonpaper diagnostic,46,cue,4,coherent-beam,6,1,6,0.6,0.0,1.0,1.0,False,46,4,36,46,10,,,,,,
nonpaper diagnostic,46,cue,5,coherent-beam,4,1,4,0.4,0.0,1.0,1.0,False,73,6,54,64,10,,,,,,
nonpaper diagnostic,46,suffix,1,coherent-beam,10,2,8,0.8,0.7219280948873623,0.6331129853354608,0.0,False,26,,,,,4,0.5,0.0,True,True,10
nonpaper diagnostic,46,suffix,2,coherent-beam,7,1,7,0.7,0.0,1.0,1.0,False,7,,,,,4,0.5,0.0,True,True,7
nonpaper diagnostic,46,suffix,3,coherent-beam,10,1,10,1.0,0.0,0.5622076838323978,0.2564102564102564,True,10,,,,,4,0.5,0.0,True,True,10
nonpaper diagnostic,46,suffix,4,coherent-beam,10,4,4,0.4,0.9232196723355078,1.0,1.0,False,29,,,,,4,0.5,0.0,False,False,10
nonpaper diagnostic,47,cue,1,coherent-beam,0,0,0,0.0,0.0,0.0,0.0,False,82,10,90,100,10,,,,,,
nonpaper diagnostic,47,cue,2,coherent-beam,5,1,5,0.5,0.0,0.8222222222222222,0.5555555555555556,False,49,5,45,55,10,,,,,,
nonpaper diagnostic,47,cue,3,coherent-beam,0,0,0,0.0,0.0,0.0,0.0,False,96,10,90,100,10,,,,,,
nonpaper diagnostic,47,cue,4,coherent-beam,7,1,7,0.7,0.0,1.0,1.0,False,69,3,27,37,10,,,,,,
nonpaper diagnostic,47,cue,5,coherent-beam,4,1,4,0.4,0.0,1.0,1.0,False,36,6,57,64,10,,,,,,
nonpaper diagnostic,47,suffix,1,coherent-beam,10,9,2,0.2,0.9848586617875463,0.10573164000282836,0.0,False,97,,,,,4,0.5,0.0,False,False,10
nonpaper diagnostic,48,cue,1,coherent-beam,5,1,5,0.5,0.0,1.0,1.0,False,62,5,47,55,10,,,,,,
nonpaper diagnostic,48,cue,2,coherent-beam,9,1,9,0.9,0.0,1.0,1.0,False,21,1,10,19,10,,,,,,
nonpaper diagnostic,48,cue,3,coherent-beam,8,1,8,0.8,0.0,1.0,1.0,False,17,2,19,28,10,,,,,,
nonpaper diagnostic,48,cue,4,coherent-beam,7,2,6,0.6,0.5916727785823274,0.7142857142857143,0.0,False,41,3,28,37,10,,,,,,
nonpaper diagnostic,48,cue,5,coherent-beam,7,2,6,0.6,0.5916727785823274,0.7647058823529411,0.17647058823529413,False,63,3,28,37,10,,,,,,
nonpaper diagnostic,48,suffix,1,coherent-beam,10,5,4,0.4,0.881353453268883,0.2740408138242201,0.0273972602739726,False,53,,,,,4,0.5,0.0,True,True,10
nonpaper diagnostic,48,suffix,2,coherent-beam,5,1,5,0.5,0.0,1.0,1.0,False,5,,,,,4,0.5,0.0,False,False,5
nonpaper diagnostic,48,suffix,3,coherent-beam,4,1,4,0.4,0.0,1.0,1.0,False,4,,,,,4,0.5,0.0,False,False,4
nonpaper diagnostic,48,suffix,4,coherent-beam,2,1,2,0.2,0.0,0.5555555555555556,0.5555555555555556,False,2,,,,,4,0.5,0.0,False,False,2
nonpaper diagnostic,49,cue,1,coherent-beam,2,2,1,0.1,1.0,0.0,0.0,False,94,8,72,82,10,,,,,,
nonpaper diagnostic,49,cue,2,coherent-beam,5,2,4,0.4,0.7219280948873623,0.6076923076923076,0.019230769230769232,False,23,5,49,55,10,,,,,,
nonpaper diagnostic,49,cue,3,coherent-beam,3,2,2,0.2,0.9182958340544894,0.40740740740740744,0.1111111111111111,False,75,7,65,73,10,,,,,,
nonpaper diagnostic,49,cue,4,coherent-beam,4,2,3,0.3,0.8112781244591328,0.21059189574819093,0.1464968152866242,False,97,6,54,64,10,,,,,,
nonpaper diagnostic,49,cue,5,coherent-beam,5,1,5,0.5,0.0,1.0,1.0,False,70,5,46,55,10,,,,,,
nonpaper diagnostic,49,suffix,1,coherent-beam,10,6,3,0.3,0.9172088932791937,0.15413131281380335,0.0,False,71,,,,,4,0.5,0.0,True,True,10
nonpaper diagnostic,49,suffix,2,coherent-beam,1,1,1,0.1,0.0,0.0,0.0,False,1,,,,,4,0.5,0.0,False,False,1
nonpaper diagnostic,50,cue,1,coherent-beam,5,1,5,0.5,0.0,1.0,1.0,False,62,5,48,55,10,,,,,,
nonpaper diagnostic,50,cue,2,coherent-beam,10,2,9,0.9,0.46899559358928117,0.9,0.5,True,14,0,0,10,10,,,,,,
nonpaper diagnostic,50,cue,3,coherent-beam,8,1,8,0.8,0.0,1.0,1.0,False,8,2,20,28,10,,,,,,
nonpaper diagnostic,50,cue,4,coherent-beam,8,1,8,0.8,0.0,1.0,1.0,False,11,2,20,28,10,,,,,,
nonpaper diagnostic,50,cue,5,coherent-beam,9,1,9,0.9,0.0,1.0,1.0,False,26,1,10,19,10,,,,,,
nonpaper diagnostic,50,suffix,1,coherent-beam,10,3,7,0.7,0.7298466991620975,0.5394747474747474,0.0,False,32,,,,,4,0.5,0.0,True,True,10
nonpaper diagnostic,50,suffix,2,coherent-beam,7,1,7,0.7,0.0,1.0,1.0,False,7,,,,,4,0.5,0.0,True,True,7
nonpaper diagnostic,50,suffix,3,coherent-beam,7,1,7,0.7,0.0,1.0,1.0,False,7,,,,,4,0.5,0.0,False,False,7
nonpaper diagnostic,50,suffix,4,coherent-beam,2,1,2,0.2,0.0,1.0,1.0,False,2,,,,,4,0.5,0.0,False,False,2
nonpaper diagnostic,51,cue,1,coherent-beam,0,0,0,0.0,0.0,0.0,0.0,False,82,10,91,100,10,,,,,,
nonpaper diagnostic,51,cue,2,coherent-beam,4,2,3,0.3,0.8112781244591328,0.5263157894736842,0.05263157894736842,False,46,6,56,64,10,,,,,,
nonpaper diagnostic,51,cue,3,coherent-beam,5,1,5,0.5,0.0,1.0,1.0,False,28,5,47,55,10,,,,,,
nonpaper diagnostic,51,cue,4,coherent-beam,4,3,2,0.2,0.946394630357186,0.35852167957431114,0.02702702702702703,False,64,6,55,64,10,,,,,,
nonpaper diagnostic,51,cue,5,coherent-beam,5,1,5,0.5,0.0,1.0,1.0,False,34,5,47,55,10,,,,,,
nonpaper diagnostic,51,suffix,1,coherent-beam,9,3,4,0.4,0.965633607142825,0.2895583335105472,0.0,False,39,,,,,4,0.5,0.0,True,True,9
nonpaper diagnostic,51,suffix,2,coherent-beam,3,1,3,0.3,0.0,1.0,1.0,False,3,,,,,4,0.5,0.0,False,False,3
nonpaper diagnostic,52,cue,1,coherent-beam,10,1,10,1.0,0.0,1.0,1.0,True,41,0,0,10,10,,,,,,
nonpaper diagnostic,52,cue,2,coherent-beam,5,1,5,0.5,0.0,1.0,1.0,False,5,5,50,55,10,,,,,,
nonpaper diagnostic,52,cue,3,coherent-beam,0,0,0,0.0,0.0,0.0,0.0,False,96,10,91,100,10,,,,,,
nonpaper diagnostic,52,cue,4,coherent-beam,1,1,1,0.1,0.0,0.0,0.0,False,59,9,83,91,10,,,,,,
nonpaper diagnostic,52,cue,5,coherent-beam,4,2,3,0.3,0.8112781244591328,0.22396914231279555,0.03571428571428571,False,99,6,54,64,10,,,,,,
nonpaper diagnostic,52,suffix,1,coherent-beam,10,4,7,0.7,0.6783898247235197,0.4846508693236439,0.013071895424836602,False,43,,,,,4,0.5,0.0,True,True,10
nonpaper diagnostic,52,suffix,2,coherent-beam,6,1,6,0.6,0.0,1.0,1.0,False,7,,,,,4,0.5,0.0,True,True,6
nonpaper diagnostic,52,suffix,3,coherent-beam,5,1,5,0.5,0.0,1.0,1.0,False,5,,,,,4,0.5,0.0,False,False,5
nonpaper diagnostic,52,suffix,4,coherent-beam,4,1,4,0.4,0.0,1.0,1.0,False,4,,,,,4,0.5,0.0,False,False,4
nonpaper diagnostic,53,cue,1,coherent-beam,9,1,9,0.9,0.0,1.0,1.0,False,50,1,9,19,10,,,,,,
nonpaper diagnostic,53,cue,2,coherent-beam,7,1,7,0.7,0.0,1.0,1.0,False,14,3,30,37,10,,,,,,
nonpaper diagnostic,53,cue,3,coherent-beam,4,1,4,0.4,0.0,1.0,1.0,False,11,6,60,64,10,,,,,,
nonpaper diagnostic,53,cue,4,coherent-beam,3,1,3,0.3,0.0,0.25294040414891206,0.18888888888888888,False,96,7,63,73,10,,,,,,
nonpaper diagnostic,53,cue,5,coherent-beam,4,3,2,0.2,0.946394630357186,0.3503145773979108,0.11538461538461539,False,98,6,54,64,10,,,,,,
nonpaper diagnostic,53,suffix,1,coherent-beam,10,6,4,0.4,0.8982444017039272,0.19659711143059175,0.0,False,44,,,,,4,0.5,0.0,True,True,10
nonpaper diagnostic,53,suffix,2,coherent-beam,1,1,1,0.1,0.0,0.0,0.0,False,1,,,,,4,0.5,0.0,False,False,1
nonpaper diagnostic,54,cue,1,coherent-beam,5,1,5,0.5,0.0,0.7157894736842105,0.5263157894736842,False,82,5,45,55,10,,,,,,
nonpaper diagnostic,54,cue,2,coherent-beam,8,2,7,0.7,0.5435644431995964,0.8137254901960784,0.2549019607843137,False,51,2,18,28,10,,,,,,
nonpaper diagnostic,54,cue,3,coherent-beam,3,1,3,0.3,0.0,1.0,1.0,False,35,7,65,73,10,,,,,,
nonpaper diagnostic,54,cue,4,coherent-beam,1,1,1,0.1,0.0,0.0,0.0,False,97,9,81,91,10,,,,,,
nonpaper diagnostic,54,cue,5,coherent-beam,8,1,8,0.8,0.0,1.0,1.0,False,43,2,18,28,10,,,,,,
nonpaper diagnostic,54,suffix,1,coherent-beam,8,5,3,0.3,0.9283832117695864,0.2382602970455525,0.013245033112582781,False,30,,,,,4,0.5,0.0,False,True,8
nonpaper diagnostic,54,suffix,2,coherent-beam,9,2,6,0.6,0.9182958340544894,0.5927605538578726,0.22641509433962265,False,15,,,,,4,0.5,0.0,False,False,9
nonpaper diagnostic,54,suffix,3,coherent-beam,9,2,5,0.5,0.9910760598382222,1.0,1.0,False,19,,,,,4,0.5,0.0,False,False,9
nonpaper diagnostic,54,suffix,4,coherent-beam,7,1,7,0.7,0.0,1.0,1.0,False,7,,,,,4,0.5,0.0,False,False,7
nonpaper diagnostic,55,cue,1,coherent-beam,3,2,2,0.2,0.9182958340544894,0.45098039215686275,0.17647058823529413,False,88,7,64,73,10,,,,,,
nonpaper diagnostic,55,cue,2,coherent-beam,10,1,10,1.0,0.0,1.0,1.0,True,20,0,0,10,10,,,,,,
nonpaper diagnostic,55,cue,3,coherent-beam,6,2,5,0.5,0.6500224216483541,0.7777777777777778,0.3333333333333333,False,6,4,40,46,10,,,,,,
nonpaper diagnostic,55,cue,4,coherent-beam,3,2,2,0.2,0.9182958340544894,0.34188034188034183,0.01282051282051282,False,61,7,66,73,10,,,,,,
nonpaper diagnostic,55,cue,5,coherent-beam,8,2,7,0.7,0.5435644431995964,0.7635467980295567,0.3793103448275862,False,41,2,19,28,10,,,,,,
nonpaper diagnostic,55,suffix,1,coherent-beam,8,1,8,0.8,0.0,1.0,1.0,False,10,,,,,4,0.5,0.0,True,True,8
nonpaper diagnostic,55,suffix,2,coherent-beam,7,2,6,0.6,0.5916727785823274,0.6203703703703705,0.1111111111111111,False,10,,,,,4,0.5,0.0,True,True,7
nonpaper diagnostic,55,suffix,3,coherent-beam,7,1,7,0.7,0.0,1.0,1.0,False,7,,,,,4,0.5,0.0,False,False,7
nonpaper diagnostic,55,suffix,4,coherent-beam,3,1,3,0.3,0.0,1.0,1.0,False,3,,,,,4,0.5,0.0,False,False,3
nonpaper diagnostic,56,cue,1,coherent-beam,9,1,9,0.9,0.0,1.0,1.0,False,38,1,9,19,10,,,,,,
nonpaper diagnostic,56,cue,2,coherent-beam,7,2,6,0.6,0.5916727785823274,0.41449562937039985,0.14084507042253522,False,14,3,29,37,10,,,,,,
nonpaper diagnostic,56,cue,3,coherent-beam,6,2,5,0.5,0.6500224216483541,0.35907893572047134,0.12658227848101267,False,82,4,36,46,10,,,,,,
nonpaper diagnostic,56,cue,4,coherent-beam,8,1,8,0.8,0.0,0.875,0.5,False,21,2,19,28,10,,,,,,
nonpaper diagnostic,56,cue,5,coherent-beam,7,1,7,0.7,0.0,1.0,1.0,False,14,3,29,37,10,,,,,,
nonpaper diagnostic,56,suffix,1,coherent-beam,9,5,4,0.4,0.886682880001534,0.20845776217087295,0.0,False,49,,,,,4,0.5,0.0,False,False,9
nonpaper diagnostic,56,suffix,2,coherent-beam,5,3,2,0.2,0.9602297178607612,1.0,1.0,False,13,,,,,4,0.5,0.0,False,False,5
nonpaper diagnostic,57,cue,1,coherent-beam,2,1,2,0.2,0.0,0.5,0.5,False,84,8,72,82,10,,,,,,
nonpaper diagnostic,57,cue,2,coherent-beam,6,1,6,0.6,0.0,1.0,1.0,False,29,4,38,46,10,,,,,,
nonpaper diagnostic,57,cue,3,coherent-beam,7,1,7,0.7,0.0,0.8571428571428571,0.5,False,47,3,27,37,10,,,,,,
nonpaper diagnostic,57,cue,4,coherent-beam,7,1,7,0.7,0.0,0.8730158730158729,0.5555555555555556,False,62,3,28,37,10,,,,,,
nonpaper diagnostic,57,cue,5,coherent-beam,7,1,7,0.7,0.0,1.0,1.0,False,25,3,28,37,10,,,,,,
nonpaper diagnostic,57,suffix,1,coherent-beam,10,6,4,0.4,0.8982444017039272,0.14184448090921778,0.015384615384615385,False,63,,,,,4,0.5,0.0,False,True,10
nonpaper diagnostic,57,suffix,2,coherent-beam,6,2,3,0.3,1.0,0.8909090909090909,0.8181818181818182,False,9,,,,,4,0.5,0.0,False,False,6
nonpaper diagnostic,58,cue,1,coherent-beam,3,1,3,0.3,0.0,0.7619047619047619,0.6428571428571429,False,82,7,63,73,10,,,,,,
nonpaper diagnostic,58,cue,2,coherent-beam,7,1,7,0.7,0.0,1.0,1.0,False,19,3,29,37,10,,,,,,
nonpaper diagnostic,58,cue,3,coherent-beam,2,1,2,0.2,0.0,0.5,0.5,False,89,8,72,82,10,,,,,,
nonpaper diagnostic,58,cue,4,coherent-beam,7,1,7,0.7,0.0,1.0,1.0,False,42,3,29,37,10,,,,,,
nonpaper diagnostic,58,cue,5,coherent-beam,2,2,1,0.1,1.0,0.024390243902439025,0.024390243902439025,False,57,8,78,82,10,,,,,,
nonpaper diagnostic,58,suffix,1,coherent-beam,10,5,4,0.4,0.9138646883853215,0.18067491503570732,0.0,False,53,,,,,4,0.5,0.0,False,True,10
nonpaper diagnostic,58,suffix,2,coherent-beam,8,1,8,0.8,0.0,0.6491500490356324,0.21739130434782608,False,8,,,,,4,0.5,0.0,False,False,8
nonpaper diagnostic,58,suffix,3,coherent-beam,9,6,3,0.3,0.935944697445866,0.5635783941137843,0.3333333333333333,False,17,,,,,4,0.5,0.0,False,False,9
nonpaper diagnostic,59,cue,1,coherent-beam,7,2,6,0.6,0.5916727785823274,0.7142857142857143,0.0,False,88,3,27,37,10,,,,,,
nonpaper diagnostic,59,cue,2,coherent-beam,8,2,7,0.7,0.5435644431995964,0.7777777777777778,0.1111111111111111,False,48,2,19,28,10,,,,,,
nonpaper diagnostic,59,cue,3,coherent-beam,7,2,6,0.6,0.5916727785823274,0.6015037593984962,0.0,False,33,3,28,37,10,,,,,,
nonpaper diagnostic,59,cue,4,coherent-beam,9,1,9,0.9,0.0,1.0,1.0,False,15,1,10,19,10,,,,,,
nonpaper diagnostic,59,cue,5,coherent-beam,10,2,9,0.9,0.46899559358928117,0.6277889938521517,0.08547008547008547,True,19,0,0,10,10,,,,,,
nonpaper diagnostic,59,suffix,1,coherent-beam,10,3,7,0.7,0.7298466991620975,0.9052631578947369,0.5263157894736842,False,14,,,,,4,0.5,0.0,False,True,10
nonpaper diagnostic,60,cue,1,coherent-beam,7,1,7,0.7,0.0,1.0,1.0,False,41,3,28,37,10,,,,,,
nonpaper diagnostic,60,cue,2,coherent-beam,7,2,6,0.6,0.5916727785823274,0.8730158730158729,0.5555555555555556,False,31,3,29,37,10,,,,,,
nonpaper diagnostic,60,cue,3,coherent-beam,5,2,4,0.4,0.7219280948873623,0.3202981380047486,0.16666666666666666,False,87,5,45,55,10,,,,,,
nonpaper diagnostic,60,cue,4,coherent-beam,4,1,4,0.4,0.0,1.0,1.0,False,48,6,55,64,10,,,,,,
nonpaper diagnostic,60,cue,5,coherent-beam,4,1,4,0.4,0.0,0.5588235294117647,0.11764705882352941,False,90,6,54,64,10,,,,,,
nonpaper diagnostic,60,suffix,1,coherent-beam,10,6,4,0.4,0.8982444017039272,0.4392264803899096,0.009259259259259259,False,82,,,,,4,0.5,0.0,False,True,10
nonpaper diagnostic,60,suffix,2,coherent-beam,8,2,7,0.7,0.5435644431995964,0.7896825396825397,0.15873015873015872,False,8,,,,,4,0.5,0.0,False,False,8
nonpaper diagnostic,60,suffix,3,coherent-beam,6,1,6,0.6,0.0,1.0,1.0,False,7,,,,,4,0.5,0.0,False,False,6
nonpaper diagnostic,60,suffix,4,coherent-beam,4,1,4,0.4,0.0,1.0,1.0,False,4,,,,,4,0.5,0.0,False,True,4
nonpaper diagnostic,61,cue,1,coherent-beam,2,1,2,0.2,0.0,0.2898550724637681,0.2898550724637681,False,94,8,72,82,10,,,,,,
nonpaper diagnostic,61,cue,2,coherent-beam,7,2,6,0.6,0.5916727785823274,0.39256655726973966,0.10416666666666667,False,61,3,27,37,10,,,,,,
nonpaper diagnostic,61,cue,3,coherent-beam,3,1,3,0.3,0.0,1.0,1.0,False,38,7,70,73,10,,,,,,
nonpaper diagnostic,61,cue,4,coherent-beam,7,2,6,0.6,0.5916727785823274,0.7142857142857143,0.0,False,31,3,29,37,10,,,,,,
nonpaper diagnostic,61,cue,5,coherent-beam,5,1,5,0.5,0.0,1.0,1.0,False,55,5,46,55,10,,,,,,
nonpaper diagnostic,61,suffix,1,coherent-beam,10,1,10,1.0,0.0,1.0,1.0,True,21,,,,,4,0.5,0.0,True,True,10
nonpaper diagnostic,61,suffix,2,coherent-beam,6,1,6,0.6,0.0,1.0,1.0,False,6,,,,,4,0.5,0.0,True,True,6
nonpaper diagnostic,61,suffix,3,coherent-beam,3,1,3,0.3,0.0,1.0,1.0,False,3,,,,,4,0.5,0.0,True,True,3
nonpaper diagnostic,61,suffix,4,coherent-beam,4,1,4,0.4,0.0,0.5499769369773378,0.48936170212765956,False,6,,,,,4,0.5,0.0,False,False,4
nonpaper diagnostic,62,cue,1,coherent-beam,3,1,3,0.3,0.0,0.24591953073014017,0.16129032258064516,False,82,7,63,73,10,,,,,,
nonpaper diagnostic,62,cue,2,coherent-beam,4,3,2,0.2,0.946394630357186,0.19434863974511654,0.012048192771084338,False,94,6,54,64,10,,,,,,
nonpaper diagnostic,62,cue,3,coherent-beam,8,1,8,0.8,0.0,1.0,1.0,False,19,2,19,28,10,,,,,,
nonpaper diagnostic,62,cue,4,coherent-beam,8,2,7,0.7,0.5435644431995964,0.75625,0.025,False,37,2,18,28,10,,,,,,
nonpaper diagnostic,62,cue,5,coherent-beam,7,1,7,0.7,0.0,1.0,1.0,False,11,3,29,37,10,,,,,,
nonpaper diagnostic,62,suffix,1,coherent-beam,10,2,7,0.7,0.8812908992306927,0.5578947368421052,0.05263157894736842,False,18,,,,,4,0.5,0.0,True,True,10
nonpaper diagnostic,62,suffix,2,coherent-beam,4,1,4,0.4,0.0,1.0,1.0,False,4,,,,,4,0.5,0.0,True,True,4
nonpaper diagnostic,62,suffix,3,coherent-beam,1,1,1,0.1,0.0,0.0,0.0,False,1,,,,,4,0.5,0.0,False,False,1
nonpaper diagnostic,63,cue,1,coherent-beam,6,1,6,0.6,0.0,1.0,1.0,False,50,4,36,46,10,,,,,,
nonpaper diagnostic,63,cue,2,coherent-beam,2,2,1,0.1,1.0,0.19166666666666668,0.19166666666666668,False,92,8,73,82,10,,,,,,
nonpaper diagnostic,63,cue,3,coherent-beam,8,1,8,0.8,0.0,1.0,1.0,False,48,2,19,28,10,,,,,,
nonpaper diagnostic,63,cue,4,coherent-beam,7,1,7,0.7,0.0,1.0,1.0,False,38,3,30,37,10,,,,,,
nonpaper diagnostic,63,cue,5,coherent-beam,7,2,6,0.6,0.5916727785823274,0.7495590828924162,0.12345679012345678,False,31,3,27,37,10,,,,,,
nonpaper diagnostic,63,suffix,1,coherent-beam,10,7,3,0.3,0.94268071481726,0.12089222458657889,0.0,False,61,,,,,4,0.5,0.0,False,True,10
nonpaper diagnostic,64,cue,1,coherent-beam,4,1,4,0.4,0.0,1.0,1.0,False,84,6,54,64,10,,,,,,
nonpaper diagnostic,64,cue,2,coherent-beam,5,1,5,0.5,0.0,1.0,1.0,False,14,5,50,55,10,,,,,,
nonpaper diagnostic,64,cue,3,coherent-beam,3,1,3,0.3,0.0,1.0,1.0,False,94,7,63,73,10,,,,,,
nonpaper diagnostic,64,cue,4,coherent-beam,10,1,10,1.0,0.0,1.0,1.0,True,69,0,0,10,10,,,,,,
nonpaper diagnostic,64,cue,5,coherent-beam,9,1,9,0.9,0.0,1.0,1.0,False,9,1,10,19,10,,,,,,
nonpaper diagnostic,64,suffix,1,coherent-beam,10,1,10,1.0,0.0,1.0,1.0,True,11,,,,,4,0.5,0.0,True,True,10
nonpaper diagnostic,64,suffix,2,coherent-beam,6,1,6,0.6,0.0,1.0,1.0,False,6,,,,,4,0.5,0.0,True,True,6
nonpaper diagnostic,64,suffix,3,coherent-beam,7,1,7,0.7,0.0,1.0,1.0,False,7,,,,,4,0.5,0.0,False,False,7
nonpaper diagnostic,64,suffix,4,coherent-beam,7,1,7,0.7,0.0,0.8571428571428571,0.5,False,12,,,,,4,0.5,0.0,False,False,7
nonpaper diagnostic,65,cue,1,coherent-beam,7,1,7,0.7,0.0,1.0,1.0,False,49,3,27,37,10,,,,,,
nonpaper diagnostic,65,cue,2,coherent-beam,8,1,8,0.8,0.0,0.5994897959183673,0.17857142857142858,False,44,2,20,28,10,,,,,,
nonpaper diagnostic,65,cue,3,coherent-beam,4,1,4,0.4,0.0,1.0,1.0,False,31,6,56,64,10,,,,,,
nonpaper diagnostic,65,cue,4,coherent-beam,1,1,1,0.1,0.0,0.0,0.0,False,97,9,81,91,10,,,,,,
nonpaper diagnostic,65,cue,5,coherent-beam,8,1,8,0.8,0.0,1.0,1.0,False,35,2,18,28,10,,,,,,
nonpaper diagnostic,65,suffix,1,coherent-beam,7,1,7,0.7,0.0,1.0,1.0,False,10,,,,,4,0.5,0.0,True,True,7
nonpaper diagnostic,65,suffix,2,coherent-beam,8,1,8,0.8,0.0,1.0,1.0,False,8,,,,,4,0.5,0.0,True,True,8
nonpaper diagnostic,65,suffix,3,coherent-beam,2,1,2,0.2,0.0,1.0,1.0,False,2,,,,,4,0.5,0.0,True,True,2
nonpaper diagnostic,66,cue,1,coherent-beam,6,1,6,0.6,0.0,1.0,1.0,False,84,4,36,46,10,,,,,,
nonpaper diagnostic,66,cue,2,coherent-beam,10,1,10,1.0,0.0,1.0,1.0,True,15,0,0,10,10,,,,,,
nonpaper diagnostic,66,cue,3,coherent-beam,9,1,9,0.9,0.0,1.0,1.0,False,9,1,10,19,10,,,,,,
nonpaper diagnostic,66,cue,4,coherent-beam,9,2,8,0.8,0.5032583347756457,0.7857142857142857,0.03571428571428571,False,24,1,10,19,10,,,,,,
nonpaper diagnostic,66,cue,5,coherent-beam,7,1,7,0.7,0.0,1.0,1.0,False,8,3,29,37,10,,,,,,
nonpaper diagnostic,66,suffix,1,coherent-beam,10,2,7,0.7,0.8812908992306927,0.615686274509804,0.17647058823529413,False,30,,,,,4,0.5,0.0,False,True,10
nonpaper diagnostic,67,cue,1,coherent-beam,8,1,8,0.8,0.0,1.0,1.0,False,62,2,18,28,10,,,,,,
nonpaper diagnostic,67,cue,2,coherent-beam,8,1,8,0.8,0.0,1.0,1.0,False,11,2,20,28,10,,,,,,
nonpaper diagnostic,67,cue,3,coherent-beam,9,1,9,0.9,0.0,1.0,1.0,False,21,1,10,19,10,,,,,,
nonpaper diagnostic,67,cue,4,coherent-beam,9,1,9,0.9,0.0,1.0,1.0,False,17,1,10,19,10,,,,,,
nonpaper diagnostic,67,cue,5,coherent-beam,6,1,6,0.6,0.0,1.0,1.0,False,11,4,39,46,10,,,,,,
nonpaper diagnostic,67,suffix,1,coherent-beam,10,4,6,0.6,0.7854752972273344,0.3882701923891855,0.0,False,43,,,,,4,0.5,0.0,True,True,10
nonpaper diagnostic,67,suffix,2,coherent-beam,2,2,1,0.1,1.0,0.01818181818181818,0.01818181818181818,False,2,,,,,4,0.5,0.0,True,True,2
nonpaper diagnostic,68,cue,1,coherent-beam,7,1,7,0.7,0.0,1.0,1.0,False,21,3,27,37,10,,,,,,
nonpaper diagnostic,68,cue,2,coherent-beam,7,1,7,0.7,0.0,1.0,1.0,False,18,3,30,37,10,,,,,,
nonpaper diagnostic,68,cue,3,coherent-beam,5,5,1,0.1,1.0000000000000002,0.3612595294658083,0.11578947368421053,False,88,5,45,55,10,,,,,,
nonpaper diagnostic,68,cue,4,coherent-beam,6,3,4,0.4,0.7896900821428474,0.4205637429896545,0.01020408163265306,False,49,4,38,46,10,,,,,,
nonpaper diagnostic,68,cue,5,coherent-beam,7,2,6,0.6,0.5916727785823274,0.718070009460738,0.013245033112582781,False,51,3,27,37,10,,,,,,
nonpaper diagnostic,68,suffix,1,coherent-beam,10,6,3,0.3,0.9464119282150146,0.25936471292267804,0.015384615384615385,False,58,,,,,4,0.5,0.0,False,True,10
nonpaper diagnostic,69,cue,1,coherent-beam,4,1,4,0.4,0.0,1.0,1.0,False,56,6,55,64,10,,,,,,
nonpaper diagnostic,69,cue,2,coherent-beam,7,1,7,0.7,0.0,1.0,1.0,False,59,3,28,37,10,,,,,,
nonpaper diagnostic,69,cue,3,coherent-beam,6,1,6,0.6,0.0,1.0,1.0,False,10,4,40,46,10,,,,,,
nonpaper diagnostic,69,cue,4,coherent-beam,3,2,2,0.2,0.9182958340544894,0.17766955266955267,0.015151515151515152,False,92,7,63,73,10,,,,,,
nonpaper diagnostic,69,cue,5,coherent-beam,8,1,8,0.8,0.0,1.0,1.0,False,25,2,20,28,10,,,,,,
nonpaper diagnostic,69,suffix,1,coherent-beam,9,4,4,0.4,0.8763576394898523,0.2542532329611526,0.0,False,41,,,,,4,0.5,0.0,True,True,9
nonpaper diagnostic,70,cue,1,coherent-beam,8,1,8,0.8,0.0,0.8055555555555556,0.2222222222222222,False,62,2,18,28,10,,,,,,
nonpaper diagnostic,70,cue,2,coherent-beam,6,1,6,0.6,0.0,0.4943672839506173,0.15625,False,37,4,38,46,10,,,,,,
nonpaper diagnostic,70,cue,3,coherent-beam,6,2,5,0.5,0.6500224216483541,0.8421052631578948,0.5263157894736842,False,69,4,36,46,10,,,,,,
nonpaper diagnostic,70,cue,4,coherent-beam,9,2,8,0.8,0.5032583347756457,0.8130511463844797,0.15873015873015872,False,27,1,10,19,10,,,,,,
nonpaper diagnostic,70,cue,5,coherent-beam,5,1,5,0.5,0.0,0.8222222222222222,0.5555555555555556,False,16,5,47,55,10,,,,,,
nonpaper diagnostic,70,suffix,1,coherent-beam,9,3,7,0.7,0.6223659728744494,0.5961506471606964,0.018867924528301886,False,50,,,,,4,0.5,0.0,True,True,9
nonpaper diagnostic,70,suffix,2,coherent-beam,8,1,8,0.8,0.0,1.0,1.0,False,8,,,,,4,0.5,0.0,True,True,8
nonpaper diagnostic,70,suffix,3,coherent-beam,8,1,8,0.8,0.0,1.0,1.0,False,9,,,,,4,0.5,0.0,True,True,8
nonpaper diagnostic,70,suffix,4,coherent-beam,6,1,6,0.6,0.0,1.0,1.0,False,6,,,,,4,0.5,0.0,False,False,6
nonpaper diagnostic,71,cue,1,coherent-beam,6,1,6,0.6,0.0,0.7157894736842105,0.5263157894736842,False,88,4,36,46,10,,,,,,
nonpaper diagnostic,71,cue,2,coherent-beam,9,1,9,0.9,0.0,0.7530864197530864,0.5555555555555556,False,11,1,10,19,10,,,,,,
nonpaper diagnostic,71,cue,3,coherent-beam,8,3,5,0.5,0.8194483718728035,0.3021337883878376,0.0603448275862069,False,71,2,18,28,10,,,,,,
nonpaper diagnostic,71,cue,4,coherent-beam,6,1,6,0.6,0.0,0.8261437908496733,0.5882352941176471,False,37,4,37,46,10,,,,,,
nonpaper diagnostic,71,cue,5,coherent-beam,6,1,6,0.6,0.0,1.0,1.0,False,42,4,38,46,10,,,,,,
nonpaper diagnostic,71,suffix,1,coherent-beam,10,5,3,0.3,0.9349775297671233,0.15319849429728627,0.0,False,62,,,,,4,0.5,0.0,False,True,10
nonpaper diagnostic,72,cue,1,coherent-beam,5,1,5,0.5,0.0,1.0,1.0,False,70,5,45,55,10,,,,,,
nonpaper diagnostic,72,cue,2,coherent-beam,8,1,8,0.8,0.0,1.0,1.0,False,9,2,20,28,10,,,,,,
nonpaper diagnostic,72,cue,3,coherent-beam,7,1,7,0.7,0.0,1.0,1.0,False,33,3,28,37,10,,,,,,
nonpaper diagnostic,72,cue,4,coherent-beam,7,1,7,0.7,0.0,1.0,1.0,False,16,3,28,37,10,,,,,,
nonpaper diagnostic,72,cue,5,coherent-beam,4,2,3,0.3,0.8112781244591328,0.7037037037037037,0.5555555555555556,False,40,6,55,64,10,,,,,,
nonpaper diagnostic,72,suffix,1,coherent-beam,10,4,7,0.7,0.6783898247235197,0.48125553226182155,0.0,False,46,,,,,4,0.5,0.0,True,True,10
nonpaper diagnostic,72,suffix,2,coherent-beam,8,1,8,0.8,0.0,0.7619047619047619,0.5555555555555556,False,8,,,,,4,0.5,0.0,True,True,8
nonpaper diagnostic,72,suffix,3,coherent-beam,9,3,4,0.4,0.8783471047618534,0.44461914327238944,0.06779661016949153,False,13,,,,,4,0.5,0.0,False,False,9
nonpaper diagnostic,72,suffix,4,coherent-beam,9,4,5,0.5,0.8288713632524444,0.7424242424242424,0.0,False,18,,,,,4,0.5,0.0,False,False,9
nonpaper diagnostic,73,cue,1,coherent-beam,6,1,6,0.6,0.0,1.0,1.0,False,58,4,38,46,10,,,,,,
nonpaper diagnostic,73,cue,2,coherent-beam,9,1,9,0.9,0.0,1.0,1.0,False,22,1,10,19,10,,,,,,
nonpaper diagnostic,73,cue,3,coherent-beam,5,1,5,0.5,0.0,1.0,1.0,False,38,5,49,55,10,,,,,,
nonpaper diagnostic,73,cue,4,coherent-beam,2,1,2,0.2,0.0,0.3010752688172043,0.3010752688172043,False,95,8,72,82,10,,,,,,
nonpaper diagnostic,73,cue,5,coherent-beam,2,1,2,0.2,0.0,1.0,1.0,False,94,8,72,82,10,,,,,,
nonpaper diagnostic,73,suffix,1,coherent-beam,10,4,3,0.3,0.9854752972273345,0.26661315598364105,0.05263157894736842,False,65,,,,,4,0.5,0.0,False,True,10
nonpaper diagnostic,74,cue,1,coherent-beam,9,1,9,0.9,0.0,1.0,1.0,False,35,1,10,19,10,,,,,,
nonpaper diagnostic,74,cue,2,coherent-beam,4,1,4,0.4,0.0,0.4940704251049079,0.27586206896551724,False,6,6,60,64,10,,,,,,
nonpaper diagnostic,74,cue,3,coherent-beam,4,1,4,0.4,0.0,0.2089778679619867,0.06896551724137931,False,97,6,54,64,10,,,,,,
nonpaper diagnostic,74,cue,4,coherent-beam,2,1,2,0.2,0.0,1.0,1.0,False,94,8,72,82,10,,,,,,
nonpaper diagnostic,74,cue,5,coherent-beam,4,1,4,0.4,0.0,0.75,0.5,False,59,6,58,64,10,,,,,,
nonpaper diagnostic,74,suffix,1,coherent-beam,10,8,3,0.3,0.9488131148903386,0.19508805389058112,0.0,False,85,,,,,4,0.5,0.0,False,True,10
nonpaper diagnostic,74,suffix,2,coherent-beam,8,2,5,0.5,0.954434002924965,1.0,1.0,False,11,,,,,4,0.5,0.0,False,False,8
nonpaper diagnostic,74,suffix,3,coherent-beam,9,1,9,0.9,0.0,1.0,1.0,False,9,,,,,4,0.5,0.0,False,False,9
nonpaper diagnostic,75,cue,1,coherent-beam,8,2,7,0.7,0.5435644431995964,0.75,0.0,False,28,2,18,28,10,,,,,,
nonpaper diagnostic,75,cue,2,coherent-beam,7,1,7,0.7,0.0,0.6267696267696268,0.2702702702702703,False,52,3,29,37,10,,,,,,
nonpaper diagnostic,75,cue,3,coherent-beam,5,1,5,0.5,0.0,1.0,1.0,False,22,5,47,55,10,,,,,,
nonpaper diagnostic,75,cue,4,coherent-beam,3,2,2,0.2,0.9182958340544894,0.3376623376623376,0.006493506493506494,False,43,7,65,73,10,,,,,,
nonpaper diagnostic,75,cue,5,coherent-beam,4,2,3,0.3,0.8112781244591328,0.39469715496861496,0.11494252873563218,False,47,6,56,64,10,,,,,,
nonpaper diagnostic,75,suffix,1,coherent-beam,10,9,2,0.2,0.9848586617875463,0.11588437302833902,0.00819672131147541,False,93,,,,,4,0.5,0.0,False,True,10
nonpaper diagnostic,76,cue,1,coherent-beam,3,1,3,0.3,0.0,1.0,1.0,False,88,7,63,73,10,,,,,,
nonpaper diagnostic,76,cue,2,coherent-beam,9,1,9,0.9,0.0,1.0,1.0,False,15,1,10,19,10,,,,,,
nonpaper diagnostic,76,cue,3,coherent-beam,6,2,5,0.5,0.6500224216483541,0.7857142857142858,0.35714285714285715,False,29,4,38,46,10,,,,,,
nonpaper diagnostic,76,cue,4,coherent-beam,8,1,8,0.8,0.0,1.0,1.0,False,30,2,19,28,10,,,,,,
nonpaper diagnostic,76,cue,5,coherent-beam,9,1,9,0.9,0.0,1.0,1.0,False,11,1,9,19,10,,,,,,
nonpaper diagnostic,76,suffix,1,coherent-beam,8,2,7,0.7,0.5435644431995964,0.75,0.0,False,9,,,,,4,0.5,0.0,True,True,8
nonpaper diagnostic,76,suffix,2,coherent-beam,8,4,3,0.3,0.9056390622295664,0.32814546969700126,0.10606060606060606,False,22,,,,,4,0.5,0.0,True,True,8
nonpaper diagnostic,76,suffix,3,coherent-beam,9,3,6,0.6,0.7725068857142601,0.8288522479698951,0.5882352941176471,False,27,,,,,4,0.5,0.0,False,False,9
nonpaper diagnostic,76,suffix,4,coherent-beam,8,3,6,0.6,0.6695919455357792,1.0,1.0,False,15,,,,,4,0.5,0.0,False,False,8
nonpaper diagnostic,77,cue,1,coherent-beam,7,1,7,0.7,0.0,0.8646616541353384,0.5263157894736842,False,36,3,27,37,10,,,,,,
nonpaper diagnostic,77,cue,2,coherent-beam,3,1,3,0.3,0.0,0.5206766917293233,0.35714285714285715,False,88,7,64,73,10,,,,,,
nonpaper diagnostic,77,cue,3,coherent-beam,8,2,7,0.7,0.5435644431995964,0.6719818468456483,0.01694915254237288,False,49,2,18,28,10,,,,,,
nonpaper diagnostic,77,cue,4,coherent-beam,9,1,9,0.9,0.0,0.5613197390018364,0.23255813953488372,False,32,1,9,19,10,,,,,,
nonpaper diagnostic,77,cue,5,coherent-beam,8,1,8,0.8,0.0,1.0,1.0,False,36,2,19,28,10,,,,,,
nonpaper diagnostic,77,suffix,1,coherent-beam,8,4,4,0.4,0.875,0.28896677844469076,0.013245033112582781,False,35,,,,,4,0.5,0.0,True,True,8
nonpaper diagnostic,77,suffix,2,coherent-beam,3,2,2,0.2,0.9182958340544894,1.0,1.0,False,4,,,,,4,0.5,0.0,False,False,3
nonpaper diagnostic,78,cue,1,coherent-beam,2,1,2,0.2,0.0,1.0,1.0,False,82,8,73,82,10,,,,,,
nonpaper diagnostic,78,cue,2,coherent-beam,4,1,4,0.4,0.0,1.0,1.0,False,63,6,55,64,10,,,,,,
nonpaper diagnostic,78,cue,3,coherent-beam,2,1,2,0.2,0.0,1.0,1.0,False,45,8,72,82,10,,,,,,
nonpaper diagnostic,78,cue,4,coherent-beam,4,3,2,0.2,0.946394630357186,0.13140850209815727,0.0,False,95,6,55,64,10,,,,,,
nonpaper diagnostic,78,cue,5,coherent-beam,2,2,1,0.1,1.0,0.12658227848101267,0.12658227848101267,False,97,8,72,82,10,,,,,,
nonpaper diagnostic,78,suffix,1,coherent-beam,10,1,10,1.0,0.0,1.0,1.0,True,38,,,,,4,0.5,0.0,True,True,10
nonpaper diagnostic,78,suffix,2,coherent-beam,9,3,5,0.5,0.8527924884900404,0.48522319513751583,0.11627906976744186,False,12,,,,,4,0.5,0.0,True,True,9
nonpaper diagnostic,78,suffix,3,coherent-beam,8,5,4,0.4,0.8613531161467861,0.40369161513578405,0.0,False,11,,,,,4,0.5,0.0,False,False,8
nonpaper diagnostic,78,suffix,4,coherent-beam,9,1,9,0.9,0.0,1.0,1.0,False,9,,,,,4,0.5,0.0,False,False,9
nonpaper diagnostic,79,cue,1,coherent-beam,5,1,5,0.5,0.0,0.7,0.5,False,82,5,45,55,10,,,,,,
nonpaper diagnostic,79,cue,2,coherent-beam,7,1,7,0.7,0.0,1.0,1.0,False,43,3,28,37,10,,,,,,
nonpaper diagnostic,79,cue,3,coherent-beam,6,1,6,0.6,0.0,0.8421052631578948,0.5263157894736842,False,6,4,40,46,10,,,,,,
nonpaper diagnostic,79,cue,4,coherent-beam,6,1,6,0.6,0.0,0.318648684836301,0.1308411214953271,False,92,4,36,46,10,,,,,,
nonpaper diagnostic,79,cue,5,coherent-beam,7,1,7,0.7,0.0,0.9567099567099566,0.9090909090909091,False,49,3,28,37,10,,,,,,
nonpaper diagnostic,79,suffix,1,coherent-beam,10,4,4,0.4,0.9232196723355078,0.7573606724277518,0.47368421052631576,False,34,,,,,4,0.5,0.0,False,True,10
nonpaper diagnostic,79,suffix,2,coherent-beam,6,2,5,0.5,0.6500224216483541,0.7592592592592593,0.2777777777777778,False,10,,,,,4,0.5,0.0,False,False,6
nonpaper diagnostic,79,suffix,3,coherent-beam,5,2,4,0.4,0.7219280948873623,0.4831952076179401,0.3558282208588957,False,9,,,,,4,0.5,0.0,False,False,5
nonpaper diagnostic,79,suffix,4,coherent-beam,9,6,3,0.3,0.935944697445866,0.8019323671497585,0.10869565217391304,False,27,,,,,4,0.5,0.0,False,False,9
nonpaper diagnostic,80,cue,1,coherent-beam,2,1,2,0.2,0.0,0.35714285714285715,0.35714285714285715,False,94,8,72,82,10,,,,,,
nonpaper diagnostic,80,cue,2,coherent-beam,9,1,9,0.9,0.0,1.0,1.0,False,52,1,9,19,10,,,,,,
nonpaper diagnostic,80,cue,3,coherent-beam,8,1,8,0.8,0.0,0.881578947368421,0.5263157894736842,False,8,2,20,28,10,,,,,,
nonpaper diagnostic,80,cue,4,coherent-beam,8,1,8,0.8,0.0,1.0,1.0,False,12,2,20,28,10,,,,,,
nonpaper diagnostic,80,cue,5,coherent-beam,8,2,7,0.7,0.5435644431995964,0.78125,0.125,False,15,2,20,28,10,,,,,,
nonpaper diagnostic,80,suffix,1,coherent-beam,10,8,2,0.2,0.9739760316291209,0.11420563260885223,0.0,False,58,,,,,4,0.5,0.0,False,True,10
nonpaper diagnostic,80,suffix,2,coherent-beam,1,1,1,0.1,0.0,0.0,0.0,False,1,,,,,4,0.5,0.0,False,False,1
nonpaper diagnostic,81,cue,1,coherent-beam,7,1,7,0.7,0.0,1.0,1.0,False,45,3,28,37,10,,,,,,
nonpaper diagnostic,81,cue,2,coherent-beam,7,1,7,0.7,0.0,1.0,1.0,False,8,3,29,37,10,,,,,,
nonpaper diagnostic,81,cue,3,coherent-beam,6,1,6,0.6,0.0,1.0,1.0,False,23,4,38,46,10,,,,,,
nonpaper diagnostic,81,cue,4,coherent-beam,10,1,10,1.0,0.0,1.0,1.0,True,13,0,0,10,10,,,,,,
nonpaper diagnostic,81,cue,5,coherent-beam,10,2,9,0.9,0.46899559358928117,0.9111111111111111,0.5555555555555556,True,10,0,0,10,10,,,,,,
nonpaper diagnostic,81,suffix,1,coherent-beam,7,1,7,0.7,0.0,1.0,1.0,False,7,,,,,4,0.5,0.0,True,True,7
nonpaper diagnostic,81,suffix,2,coherent-beam,6,1,6,0.6,0.0,1.0,1.0,False,8,,,,,4,0.5,0.0,True,True,6
nonpaper diagnostic,81,suffix,3,coherent-beam,7,1,7,0.7,0.0,0.8730158730158729,0.5555555555555556,False,7,,,,,4,0.5,0.0,False,False,7
nonpaper diagnostic,81,suffix,4,coherent-beam,9,2,8,0.8,0.5032583347756457,0.8427350427350427,0.2923076923076923,False,11,,,,,4,0.5,0.0,False,False,9
nonpaper diagnostic,82,cue,1,coherent-beam,4,2,3,0.3,0.8112781244591328,0.5,0.0,False,88,6,54,64,10,,,,,,
nonpaper diagnostic,82,cue,2,coherent-beam,9,1,9,0.9,0.0,0.8947368421052632,0.5263157894736842,False,27,1,9,19,10,,,,,,
nonpaper diagnostic,82,cue,3,coherent-beam,6,4,3,0.3,0.8962406251802889,0.2623808944209432,0.11864406779661017,False,59,4,39,46,10,,,,,,
nonpaper diagnostic,82,cue,4,coherent-beam,7,1,7,0.7,0.0,0.9523809523809523,0.8333333333333334,False,50,3,28,37,10,,,,,,
nonpaper diagnostic,82,cue,5,coherent-beam,4,2,3,0.3,0.8112781244591328,0.5,0.0,False,20,6,57,64,10,,,,,,
nonpaper diagnostic,82,suffix,1,coherent-beam,9,9,1,0.1,1.0,0.09756412840525899,0.0,False,98,,,,,4,0.5,0.0,False,True,9
nonpaper diagnostic,83,cue,1,coherent-beam,6,1,6,0.6,0.0,0.8421052631578948,0.5263157894736842,False,70,4,37,46,10,,,,,,
nonpaper diagnostic,83,cue,2,coherent-beam,8,1,8,0.8,0.0,1.0,1.0,False,31,2,18,28,10,,,,,,
nonpaper diagnostic,83,cue,3,coherent-beam,8,1,8,0.8,0.0,1.0,1.0,False,11,2,20,28,10,,,,,,
nonpaper diagnostic,83,cue,4,coherent-beam,8,2,7,0.7,0.5435644431995964,0.751923076923077,0.007692307692307693,False,46,2,18,28,10,,,,,,
nonpaper diagnostic,83,cue,5,coherent-beam,9,1,9,0.9,0.0,1.0,1.0,False,37,1,10,19,10,,,,,,
nonpaper diagnostic,83,suffix,1,coherent-beam,10,1,10,1.0,0.0,1.0,1.0,True,10,,,,,4,0.5,0.0,True,True,10
nonpaper diagnostic,83,suffix,2,coherent-beam,9,1,9,0.9,0.0,1.0,1.0,False,9,,,,,4,0.5,0.0,True,True,9
nonpaper diagnostic,83,suffix,3,coherent-beam,7,2,5,0.5,0.8631205685666311,0.6428571428571429,0.25,False,11,,,,,4,0.5,0.0,True,True,7
nonpaper diagnostic,83,suffix,4,coherent-beam,3,1,3,0.3,0.0,1.0,1.0,False,3,,,,,4,0.5,0.0,False,False,3
nonpaper diagnostic,84,cue,1,coherent-beam,9,1,9,0.9,0.0,1.0,1.0,False,33,1,10,19,10,,,,,,
nonpaper diagnostic,84,cue,2,coherent-beam,8,1,8,0.8,0.0,1.0,1.0,False,8,2,20,28,10,,,,,,
nonpaper diagnostic,84,cue,3,coherent-beam,9,1,9,0.9,0.0,1.0,1.0,False,12,1,10,19,10,,,,,,
nonpaper diagnostic,84,cue,4,coherent-beam,9,1,9,0.9,0.0,1.0,1.0,False,11,1,10,19,10,,,,,,
nonpaper diagnostic,84,cue,5,coherent-beam,6,1,6,0.6,0.0,1.0,1.0,False,6,4,40,46,10,,,,,,
nonpaper diagnostic,84,suffix,1,coherent-beam,10,2,9,0.9,0.46899559358928117,0.8076923076923077,0.038461538461538464,False,40,,,,,4,0.5,0.0,True,True,10
nonpaper diagnostic,84,suffix,2,coherent-beam,7,2,6,0.6,0.5916727785823274,0.7582417582417582,0.15384615384615385,False,9,,,,,4,0.5,0.0,True,True,7
nonpaper diagnostic,84,suffix,3,coherent-beam,8,1,8,0.8,0.0,1.0,1.0,False,8,,,,,4,0.5,0.0,False,True,8
nonpaper diagnostic,84,suffix,4,coherent-beam,6,1,6,0.6,0.0,1.0,1.0,False,6,,,,,4,0.5,0.0,False,False,6
nonpaper diagnostic,85,cue,1,coherent-beam,4,1,4,0.4,0.0,1.0,1.0,False,37,6,55,64,10,,,,,,
nonpaper diagnostic,85,cue,2,coherent-beam,6,1,6,0.6,0.0,1.0,1.0,False,39,4,38,46,10,,,,,,
nonpaper diagnostic,85,cue,3,coherent-beam,5,2,4,0.4,0.7219280948873623,0.6444444444444445,0.1111111111111111,False,44,5,46,55,10,,,,,,
nonpaper diagnostic,85,cue,4,coherent-beam,6,1,6,0.6,0.0,1.0,1.0,False,77,4,36,46,10,,,,,,
nonpaper diagnostic,85,cue,5,coherent-beam,9,1,9,0.9,0.0,1.0,1.0,False,17,1,10,19,10,,,,,,
nonpaper diagnostic,85,suffix,1,coherent-beam,9,2,8,0.8,0.5032583347756457,0.8024691358024691,0.1111111111111111,False,12,,,,,4,0.5,0.0,True,True,9
nonpaper diagnostic,85,suffix,2,coherent-beam,8,1,8,0.8,0.0,1.0,1.0,False,8,,,,,4,0.5,0.0,True,True,8
nonpaper diagnostic,85,suffix,3,coherent-beam,8,1,8,0.8,0.0,1.0,1.0,False,9,,,,,4,0.5,0.0,False,True,8
nonpaper diagnostic,85,suffix,4,coherent-beam,8,1,8,0.8,0.0,1.0,1.0,False,8,,,,,4,0.5,0.0,False,False,8
nonpaper diagnostic,86,cue,1,coherent-beam,7,1,7,0.7,0.0,1.0,1.0,False,14,3,29,37,10,,,,,,
nonpaper diagnostic,86,cue,2,coherent-beam,2,1,2,0.2,0.0,1.0,1.0,False,88,8,72,82,10,,,,,,
nonpaper diagnostic,86,cue,3,coherent-beam,10,2,9,0.9,0.46899559358928117,0.8,0.0,True,67,0,0,10,10,,,,,,
nonpaper diagnostic,86,cue,4,coherent-beam,10,1,10,1.0,0.0,1.0,1.0,True,10,0,0,10,10,,,,,,
nonpaper diagnostic,86,cue,5,coherent-beam,7,1,7,0.7,0.0,1.0,1.0,False,7,3,30,37,10,,,,,,
nonpaper diagnostic,86,suffix,1,coherent-beam,10,7,3,0.3,0.94268071481726,0.10754639969426694,0.0,False,53,,,,,4,0.5,0.0,False,False,10
nonpaper diagnostic,87,cue,1,coherent-beam,9,3,7,0.7,0.6223659728744494,0.5956633346933224,0.021052631578947368,False,50,1,9,19,10,,,,,,
nonpaper diagnostic,87,cue,2,coherent-beam,10,1,10,1.0,0.0,1.0,1.0,True,10,0,0,10,10,,,,,,
nonpaper diagnostic,87,cue,3,coherent-beam,10,1,10,1.0,0.0,1.0,1.0,True,10,0,0,10,10,,,,,,
nonpaper diagnostic,87,cue,4,coherent-beam,7,1,7,0.7,0.0,1.0,1.0,False,7,3,30,37,10,,,,,,
nonpaper diagnostic,87,cue,5,coherent-beam,10,1,10,1.0,0.0,1.0,1.0,True,28,0,0,10,10,,,,,,
nonpaper diagnostic,88,cue,1,coherent-beam,7,1,7,0.7,0.0,1.0,1.0,False,26,3,27,37,10,,,,,,
nonpaper diagnostic,88,cue,2,coherent-beam,5,2,4,0.4,0.7219280948873623,0.531350114416476,0.05263157894736842,False,53,5,47,55,10,,,,,,
nonpaper diagnostic,88,cue,3,coherent-beam,2,2,1,0.1,1.0,0.11538461538461539,0.11538461538461539,False,95,8,72,82,10,,,,,,
nonpaper diagnostic,88,cue,4,coherent-beam,8,1,8,0.8,0.0,1.0,1.0,False,30,2,19,28,10,,,,,,
nonpaper diagnostic,88,cue,5,coherent-beam,8,1,8,0.8,0.0,1.0,1.0,False,12,2,20,28,10,,,,,,
nonpaper diagnostic,88,suffix,1,coherent-beam,9,8,2,0.2,0.9825675930733636,0.1286383930105657,0.0,False,38,,,,,4,0.5,0.0,False,True,9
nonpaper diagnostic,89,cue,1,coherent-beam,5,2,4,0.4,0.7219280948873623,0.6210526315789473,0.05263157894736842,False,46,5,47,55,10,,,,,,
nonpaper diagnostic,89,cue,2,coherent-beam,7,3,5,0.5,0.7248340915057598,0.4883420003489077,0.012345679012345678,False,58,3,27,37,10,,,,,,
nonpaper diagnostic,89,cue,3,coherent-beam,9,3,7,0.7,0.6223659728744494,0.6180800210779887,0.025,False,44,1,9,19,10,,,,,,
nonpaper diagnostic,89,cue,4,coherent-beam,8,1,8,0.8,0.0,1.0,1.0,False,9,2,20,28,10,,,,,,
nonpaper diagnostic,89,cue,5,coherent-beam,8,3,6,0.6,0.6695919455357792,0.5447674715836471,0.0,False,46,2,19,28,10,,,,,,
nonpaper diagnostic,89,suffix,1,coherent-beam,10,2,9,0.9,0.46899559358928117,0.8,0.0,False,13,,,,,4,0.5,0.0,True,True,10
nonpaper diagnostic,89,suffix,2,coherent-beam,10,2,6,0.6,0.9709505944546688,0.3408483496529859,0.0625,False,13,,,,,4,0.5,0.0,False,True,10
nonpaper diagnostic,89,suffix,3,coherent-beam,9,4,4,0.4,0.8763576394898523,0.8233618233618234,0.20512820512820512,False,37,,,,,4,0.5,0.0,False,False,9
nonpaper diagnostic,89,suffix,4,coherent-beam,7,1,7,0.7,0.0,1.0,1.0,False,7,,,,,4,0.5,0.0,False,False,7
nonpaper diagnostic,90,cue,1,coherent-beam,5,4,2,0.2,0.9609640474436812,0.12538190434679714,0.0,False,84,5,45,55,10,,,,,,
nonpaper diagnostic,90,cue,2,coherent-beam,9,1,9,0.9,0.0,1.0,1.0,False,38,1,10,19,10,,,,,,
nonpaper diagnostic,90,cue,3,coherent-beam,7,1,7,0.7,0.0,1.0,1.0,False,8,3,29,37,10,,,,,,
nonpaper diagnostic,90,cue,4,coherent-beam,7,2,6,0.6,0.5916727785823274,0.75,0.125,False,21,3,29,37,10,,,,,,
nonpaper diagnostic,90,cue,5,coherent-beam,5,2,4,0.4,0.7219280948873623,0.6615384615384615,0.15384615384615385,False,71,5,46,55,10,,,,,,
nonpaper diagnostic,90,suffix,1,coherent-beam,10,1,10,1.0,0.0,1.0,1.0,True,23,,,,,4,0.5,0.0,True,True,10
nonpaper diagnostic,90,suffix,2,coherent-beam,7,2,6,0.6,0.5916727785823274,0.7482993197278911,0.11904761904761904,False,7,,,,,4,0.5,0.0,True,True,7
nonpaper diagnostic,90,suffix,3,coherent-beam,9,2,8,0.8,0.5032583347756457,0.8167641325536062,0.17543859649122806,False,9,,,,,4,0.5,0.0,True,True,9
nonpaper diagnostic,90,suffix,4,coherent-beam,7,3,5,0.5,0.7248340915057598,0.6684303350970018,0.4074074074074074,False,8,,,,,4,0.5,0.0,False,False,7
nonpaper diagnostic,91,cue,1,coherent-beam,5,1,5,0.5,0.0,1.0,1.0,False,44,5,45,55,10,,,,,,
nonpaper diagnostic,91,cue,2,coherent-beam,9,1,9,0.9,0.0,1.0,1.0,False,21,1,9,19,10,,,,,,
nonpaper diagnostic,91,cue,3,coherent-beam,6,1,6,0.6,0.0,1.0,1.0,False,33,4,36,46,10,,,,,,
nonpaper diagnostic,91,cue,4,coherent-beam,9,1,9,0.9,0.0,1.0,1.0,False,40,1,9,19,10,,,,,,
nonpaper diagnostic,91,cue,5,coherent-beam,7,1,7,0.7,0.0,1.0,1.0,False,15,3,30,37,10,,,,,,
nonpaper diagnostic,91,suffix,1,coherent-beam,10,7,3,0.3,0.94268071481726,0.17848154728671198,0.0,False,58,,,,,4,0.5,0.0,True,True,10
nonpaper diagnostic,91,suffix,2,coherent-beam,4,1,4,0.4,0.0,0.5499769369773378,0.48936170212765956,False,4,,,,,4,0.5,0.0,True,True,4
nonpaper diagnostic,91,suffix,3,coherent-beam,9,7,2,0.2,0.9708357627258161,0.8019323671497585,0.10869565217391304,False,27,,,,,4,0.5,0.0,False,False,9
nonpaper diagnostic,92,cue,1,coherent-beam,3,1,3,0.3,0.0,1.0,1.0,False,88,7,63,73,10,,,,,,
nonpaper diagnostic,92,cue,2,coherent-beam,8,2,7,0.7,0.5435644431995964,0.6510832456665874,0.00819672131147541,False,33,2,18,28,10,,,,,,
nonpaper diagnostic,92,cue,3,coherent-beam,6,4,2,0.2,0.9591479170272448,0.22522733287133206,0.08849557522123894,False,85,4,36,46,10,,,,,,
nonpaper diagnostic,92,cue,4,coherent-beam,5,1,5,0.5,0.0,0.8352941176470589,0.5882352941176471,False,47,5,46,55,10,,,,,,
nonpaper diagnostic,92,cue,5,coherent-beam,7,2,5,0.5,0.8631205685666311,1.0,1.0,False,45,3,27,37,10,,,,,,
nonpaper diagnostic,92,suffix,1,coherent-beam,10,3,7,0.7,0.7298466991620975,0.49918096713802196,0.017699115044247787,False,42,,,,,4,0.5,0.0,True,True,10
nonpaper diagnostic,92,suffix,2,coherent-beam,5,1,5,0.5,0.0,1.0,1.0,False,7,,,,,4,0.5,0.0,True,True,5
nonpaper diagnostic,92,suffix,3,coherent-beam,7,4,4,0.4,0.8322488896002307,0.32779087743586655,0.17355371900826447,False,13,,,,,4,0.5,0.0,False,False,7
nonpaper diagnostic,92,suffix,4,coherent-beam,8,7,2,0.2,0.9795697645470609,1.0,1.0,False,29,,,,,4,0.5,0.0,False,False,8
nonpaper diagnostic,93,cue,1,coherent-beam,1,1,1,0.1,0.0,0.0,0.0,False,82,9,82,91,10,,,,,,
nonpaper diagnostic,93,cue,2,coherent-beam,9,2,8,0.8,0.5032583347756457,0.8888888888888888,0.5,False,58,1,9,19,10,,,,,,
nonpaper diagnostic,93,cue,3,coherent-beam,9,1,9,0.9,0.0,1.0,1.0,False,12,1,10,19,10,,,,,,
nonpaper diagnostic,93,cue,4,coherent-beam,9,1,9,0.9,0.0,1.0,1.0,False,9,1,10,19,10,,,,,,
nonpaper diagnostic,93,cue,5,coherent-beam,8,1,8,0.8,0.0,1.0,1.0,False,11,2,20,28,10,,,,,,
nonpaper diagnostic,93,suffix,1,coherent-beam,10,7,3,0.3,0.94268071481726,0.16748413262287334,0.027777777777777776,False,82,,,,,4,0.5,0.0,False,False,10
nonpaper diagnostic,94,cue,1,coherent-beam,3,2,2,0.2,0.9182958340544894,0.5632183908045977,0.3448275862068966,False,82,7,65,73,10,,,,,,
nonpaper diagnostic,94,cue,2,coherent-beam,7,1,7,0.7,0.0,1.0,1.0,False,32,3,29,37,10,,,,,,
nonpaper diagnostic,94,cue,3,coherent-beam,6,1,6,0.6,0.0,1.0,1.0,False,13,4,39,46,10,,,,,,
nonpaper diagnostic,94,cue,4,coherent-beam,4,1,4,0.4,0.0,1.0,1.0,False,90,6,54,64,10,,,,,,
nonpaper diagnostic,94,cue,5,coherent-beam,9,2,8,0.8,0.5032583347756457,0.8059071729957805,0.12658227848101267,False,18,1,10,19,10,,,,,,
nonpaper diagnostic,94,suffix,1,coherent-beam,9,2,8,0.8,0.5032583347756457,0.7814814814814814,0.016666666666666666,False,16,,,,,4,0.5,0.0,True,True,9
nonpaper diagnostic,94,suffix,2,coherent-beam,8,1,8,0.8,0.0,1.0,1.0,False,8,,,,,4,0.5,0.0,True,True,8
nonpaper diagnostic,94,suffix,3,coherent-beam,8,3,6,0.6,0.6695919455357792,0.31522774686704796,0.039473684210526314,False,20,,,,,4,0.5,0.0,True,True,8
nonpaper diagnostic,94,suffix,4,coherent-beam,9,7,3,0.3,0.9409583900892994,1.0,1.0,False,52,,,,,4,0.5,0.0,False,False,9
nonpaper diagnostic,95,cue,1,coherent-beam,7,1,7,0.7,0.0,1.0,1.0,False,41,3,28,37,10,,,,,,
nonpaper diagnostic,95,cue,2,coherent-beam,8,1,8,0.8,0.0,1.0,1.0,False,31,2,18,28,10,,,,,,
nonpaper diagnostic,95,cue,3,coherent-beam,5,1,5,0.5,0.0,1.0,1.0,False,20,5,48,55,10,,,,,,
nonpaper diagnostic,95,cue,4,coherent-beam,5,2,4,0.4,0.7219280948873623,0.6210526315789473,0.05263157894736842,False,80,5,46,55,10,,,,,,
nonpaper diagnostic,95,cue,5,coherent-beam,8,1,8,0.8,0.0,1.0,1.0,False,22,2,19,28,10,,,,,,
nonpaper diagnostic,95,suffix,1,coherent-beam,10,5,6,0.6,0.7627069065377661,0.3755799033886543,0.007692307692307693,False,44,,,,,4,0.5,0.0,True,True,10
nonpaper diagnostic,95,suffix,2,coherent-beam,7,2,6,0.6,0.5916727785823274,0.6328121892031666,0.07518796992481203,False,8,,,,,4,0.5,0.0,True,True,7
nonpaper diagnostic,95,suffix,3,coherent-beam,10,4,5,0.5,0.8427376486136672,0.7411848710094324,0.35714285714285715,False,17,,,,,4,0.5,0.0,False,True,10
nonpaper diagnostic,95,suffix,4,coherent-beam,7,1,7,0.7,0.0,1.0,1.0,False,7,,,,,4,0.5,0.0,False,False,7
nonpaper diagnostic,96,cue,1,coherent-beam,6,1,6,0.6,0.0,1.0,1.0,False,37,4,37,46,10,,,,,,
nonpaper diagnostic,96,cue,2,coherent-beam,3,3,1,0.1,0.9999999999999998,0.11017154369540468,0.013245033112582781,False,57,7,63,73,10,,,,,,
nonpaper diagnostic,96,cue,3,coherent-beam,4,1,4,0.4,0.0,1.0,1.0,False,73,6,56,64,10,,,,,,
nonpaper diagnostic,96,cue,4,coherent-beam,2,1,2,0.2,0.0,0.5555555555555556,0.5555555555555556,False,91,8,73,82,10,,,,,,
nonpaper diagnostic,96,cue,5,coherent-beam,8,1,8,0.8,0.0,1.0,1.0,False,42,2,18,28,10,,,,,,
nonpaper diagnostic,96,suffix,1,coherent-beam,10,5,6,0.6,0.7627069065377661,0.2780615898939952,0.009009009009009009,False,47,,,,,4,0.5,0.0,False,True,10
nonpaper diagnostic,96,suffix,2,coherent-beam,10,5,4,0.4,0.9138646883853215,0.9111111111111111,0.5555555555555556,False,29,,,,,4,0.5,0.0,False,False,10
nonpaper diagnostic,96,suffix,3,coherent-beam,1,1,1,0.1,0.0,0.0,0.0,False,1,,,,,4,0.5,0.0,False,False,1
nonpaper diagnostic,97,cue,1,coherent-beam,2,1,2,0.2,0.0,1.0,1.0,False,82,8,73,82,10,,,,,,
nonpaper diagnostic,97,cue,2,coherent-beam,6,2,5,0.5,0.6500224216483541,0.8421052631578948,0.5263157894736842,False,63,4,36,46,10,,,,,,
nonpaper diagnostic,97,cue,3,coherent-beam,9,1,9,0.9,0.0,1.0,1.0,False,46,1,9,19,10,,,,,,
nonpaper diagnostic,97,cue,4,coherent-beam,9,1,9,0.9,0.0,1.0,1.0,False,11,1,10,19,10,,,,,,
nonpaper diagnostic,97,cue,5,coherent-beam,5,2,4,0.4,0.7219280948873623,0.4368920411533558,0.14049586776859505,False,63,5,47,55,10,,,,,,
nonpaper diagnostic,97,suffix,1,coherent-beam,10,5,5,0.5,0.8445412464587144,0.29058596858429525,0.014705882352941176,False,59,,,,,4,0.5,0.0,False,False,10
nonpaper diagnostic,97,suffix,2,coherent-beam,7,1,7,0.7,0.0,1.0,1.0,False,7,,,,,4,0.5,0.0,False,False,7
nonpaper diagnostic,97,suffix,3,coherent-beam,6,2,5,0.5,0.6500224216483541,0.7592592592592593,0.2777777777777778,False,6,,,,,4,0.5,0.0,False,False,6
nonpaper diagnostic,97,suffix,4,coherent-beam,2,2,1,0.1,1.0,0.375,0.375,False,2,,,,,4,0.5,0.0,False,False,2
nonpaper diagnostic,98,cue,1,coherent-beam,4,1,4,0.4,0.0,1.0,1.0,False,84,6,55,64,10,,,,,,
nonpaper diagnostic,98,cue,2,coherent-beam,7,1,7,0.7,0.0,1.0,1.0,False,26,3,28,37,10,,,,,,
nonpaper diagnostic,98,cue,3,coherent-beam,10,1,10,1.0,0.0,1.0,1.0,True,16,0,0,10,10,,,,,,
nonpaper diagnostic,98,cue,4,coherent-beam,8,1,8,0.8,0.0,1.0,1.0,False,9,2,19,28,10,,,,,,
nonpaper diagnostic,98,cue,5,coherent-beam,4,1,4,0.4,0.0,0.75,0.5,False,63,6,56,64,10,,,,,,
nonpaper diagnostic,98,suffix,1,coherent-beam,9,7,3,0.3,0.9409583900892994,0.11526886061744973,0.0,False,31,,,,,4,0.5,0.0,True,True,9
nonpaper diagnostic,98,suffix,2,coherent-beam,1,1,1,0.1,0.0,0.0,0.0,False,1,,,,,4,0.5,0.0,False,False,1
nonpaper diagnostic,99,cue,1,coherent-beam,5,1,5,0.5,0.0,0.4571150097465887,0.20833333333333334,False,66,5,45,55,10,,,,,,
nonpaper diagnostic,99,cue,2,coherent-beam,4,3,2,0.2,0.946394630357186,0.5780022446689114,0.37037037037037035,False,95,6,54,64,10,,,,,,
nonpaper diagnostic,99,cue,3,coherent-beam,7,1,7,0.7,0.0,1.0,1.0,False,33,3,28,37,10,,,,,,
nonpaper diagnostic,99,cue,4,coherent-beam,5,1,5,0.5,0.0,0.41200928892576494,0.2898550724637681,False,55,5,45,55,10,,,,,,
nonpaper diagnostic,99,cue,5,coherent-beam,3,2,2,0.2,0.9182958340544894,0.19979279979279982,0.01818181818181818,False,51,7,68,73,10,,,,,,
nonpaper diagnostic,99,suffix,1,coherent-beam,9,8,2,0.2,0.9825675930733636,0.12610673241590292,0.0,False,95,,,,,4,0.5,0.0,False,False,9
nonpaper diagnostic,100,cue,1,coherent-beam,8,2,7,0.7,0.5435644431995964,0.7931034482758621,0.1724137931034483,False,54,2,18,28,10,,,,,,
nonpaper diagnostic,100,cue,2,coherent-beam,8,2,7,0.7,0.5435644431995964,0.7290823211875843,0.2564102564102564,False,43,2,19,28,10,,,,,,
nonpaper diagnostic,100,cue,3,coherent-beam,10,1,10,1.0,0.0,1.0,1.0,True,11,0,0,10,10,,,,,,
nonpaper diagnostic,100,cue,4,coherent-beam,9,1,9,0.9,0.0,1.0,1.0,False,9,1,10,19,10,,,,,,
nonpaper diagnostic,100,cue,5,coherent-beam,6,2,5,0.5,0.6500224216483541,0.7857142857142858,0.35714285714285715,False,40,4,38,46,10,,,,,,
nonpaper diagnostic,100,suffix,1,coherent-beam,10,7,3,0.3,0.94268071481726,0.1504797510500816,0.016,False,73,,,,,4,0.5,0.0,True,True,10
nonpaper diagnostic,101,cue,1,coherent-beam,10,1,10,1.0,0.0,1.0,1.0,True,46,0,0,10,10,,,,,,
nonpaper diagnostic,101,cue,2,coherent-beam,7,1,7,0.7,0.0,0.7777777777777777,0.2222222222222222,False,14,3,30,37,10,,,,,,
nonpaper diagnostic,101,cue,3,coherent-beam,9,4,4,0.4,0.8763576394898523,0.23470054101193105,0.0,False,16,1,9,19,10,,,,,,
nonpaper diagnostic,101,cue,4,coherent-beam,4,3,2,0.2,0.946394630357186,0.38970288970288974,0.35714285714285715,False,51,6,57,64,10,,,,,,
nonpaper diagnostic,101,cue,5,coherent-beam,8,1,8,0.8,0.0,1.0,1.0,False,48,2,18,28,10,,,,,,
nonpaper diagnostic,101,suffix,1,coherent-beam,7,3,4,0.4,0.8699155297736259,0.335568985888924,0.0,False,21,,,,,4,0.5,0.0,True,True,7
nonpaper diagnostic,101,suffix,2,coherent-beam,4,2,2,0.2,1.0,1.0,1.0,False,5,,,,,4,0.5,0.0,False,False,4
nonpaper diagnostic,102,cue,1,coherent-beam,7,1,7,0.7,0.0,1.0,1.0,False,60,3,27,37,10,,,,,,
nonpaper diagnostic,102,cue,2,coherent-beam,9,2,8,0.8,0.5032583347756457,0.6883817052920367,0.011111111111111112,False,44,1,9,19,10,,,,,,
nonpaper diagnostic,102,cue,3,coherent-beam,8,1,8,0.8,0.0,0.90625,0.625,False,22,2,19,28,10,,,,,,
nonpaper diagnostic,102,cue,4,coherent-beam,10,1,10,1.0,0.0,1.0,1.0,True,45,0,0,10,10,,,,,,
nonpaper diagnostic,102,cue,5,coherent-beam,6,1,6,0.6,0.0,1.0,1.0,False,6,4,40,46,10,,,,,,
nonpaper diagnostic,102,suffix,1,coherent-beam,10,5,5,0.5,0.8445412464587144,0.25452925330871745,0.0,False,78,,,,,4,0.5,0.0,True,True,10
nonpaper diagnostic,102,suffix,2,coherent-beam,9,1,9,0.9,0.0,0.763157894736842,0.5263157894736842,False,10,,,,,4,0.5,0.0,True,True,9
nonpaper diagnostic,102,suffix,3,coherent-beam,10,2,7,0.7,0.8812908992306927,0.6123112507637252,0.17543859649122806,False,13,,,,,4,0.5,0.0,False,True,10
nonpaper diagnostic,102,suffix,4,coherent-beam,7,2,6,0.6,0.5916727785823274,0.7330827067669173,0.2631578947368421,False,15,,,,,4,0.5,0.0,False,False,7
nonpaper diagnostic,103,cue,1,coherent-beam,8,1,8,0.8,0.0,1.0,1.0,False,30,2,19,28,10,,,,,,
nonpaper diagnostic,103,cue,2,coherent-beam,8,1,8,0.8,0.0,1.0,1.0,False,22,2,19,28,10,,,,,,
nonpaper diagnostic,103,cue,3,coherent-beam,8,1,8,0.8,0.0,1.0,1.0,False,9,2,20,28,10,,,,,,
nonpaper diagnostic,103,cue,4,coherent-beam,10,1,10,1.0,0.0,1.0,1.0,True,28,0,0,10,10,,,,,,
nonpaper diagnostic,103,cue,5,coherent-beam,2,1,2,0.2,0.0,1.0,1.0,False,2,8,80,82,10,,,,,,
nonpaper diagnostic,103,suffix,1,coherent-beam,10,6,2,0.2,0.9756149631508356,0.6230351064133757,0.017241379310344827,False,96,,,,,4,0.5,0.0,False,True,10
nonpaper diagnostic,104,cue,1,coherent-beam,6,1,6,0.6,0.0,1.0,1.0,False,46,4,36,46,10,,,,,,
nonpaper diagnostic,104,cue,2,coherent-beam,6,1,6,0.6,0.0,1.0,1.0,False,36,4,38,46,10,,,,,,
nonpaper diagnostic,104,cue,3,coherent-beam,10,3,8,0.8,0.5816718657178868,0.6367201426024955,0.0,False,34,0,0,10,10,,,,,,
nonpaper diagnostic,104,cue,4,coherent-beam,9,1,9,0.9,0.0,1.0,1.0,False,9,1,10,19,10,,,,,,
nonpaper diagnostic,104,cue,5,coherent-beam,6,1,6,0.6,0.0,1.0,1.0,False,13,4,38,46,10,,,,,,
nonpaper diagnostic,104,suffix,1,coherent-beam,10,6,4,0.4,0.8982444017039272,0.22024693440166046,0.0,False,72,,,,,4,0.5,0.0,True,True,10
nonpaper diagnostic,104,suffix,2,coherent-beam,1,1,1,0.1,0.0,0.0,0.0,False,1,,,,,4,0.5,0.0,False,False,1
nonpaper diagnostic,105,cue,1,coherent-beam,4,1,4,0.4,0.0,1.0,1.0,False,84,6,54,64,10,,,,,,
nonpaper diagnostic,105,cue,2,coherent-beam,7,3,5,0.5,0.7248340915057598,0.5227765144781652,0.013245033112582781,False,48,3,29,37,10,,,,,,
nonpaper diagnostic,105,cue,3,coherent-beam,7,1,7,0.7,0.0,0.7293233082706767,0.5263157894736842,False,49,3,27,37,10,,,,,,
nonpaper diagnostic,105,cue,4,coherent-beam,9,1,9,0.9,0.0,1.0,1.0,False,37,1,9,19,10,,,,,,
nonpaper diagnostic,105,cue,5,coherent-beam,6,2,5,0.5,0.6500224216483541,0.6742424242424242,0.022727272727272728,False,14,4,40,46,10,,,,,,
nonpaper diagnostic,105,suffix,1,coherent-beam,10,7,3,0.3,0.94268071481726,0.12891904156313239,0.0,False,67,,,,,4,0.5,0.0,True,True,10
nonpaper diagnostic,106,cue,1,coherent-beam,7,3,5,0.5,0.7248340915057598,0.47619047619047616,0.0,False,41,3,29,37,10,,,,,,
nonpaper diagnostic,106,cue,2,coherent-beam,7,1,7,0.7,0.0,1.0,1.0,False,10,3,30,37,10,,,,,,
nonpaper diagnostic,106,cue,3,coherent-beam,6,2,5,0.5,0.6500224216483541,0.8421052631578948,0.5263157894736842,False,70,4,36,46,10,,,,,,
nonpaper diagnostic,106,cue,4,coherent-beam,5,1,5,0.5,0.0,1.0,1.0,False,32,5,50,55,10,,,,,,
nonpaper diagnostic,106,cue,5,coherent-beam,5,1,5,0.5,0.0,1.0,1.0,False,54,5,45,55,10,,,,,,
nonpaper diagnostic,106,suffix,1,coherent-beam,10,7,3,0.3,0.94268071481726,0.18042506642713627,0.02702702702702703,False,83,,,,,4,0.5,0.0,True,True,10
nonpaper diagnostic,107,cue,1,coherent-beam,5,1,5,0.5,0.0,1.0,1.0,False,61,5,45,55,10,,,,,,
nonpaper diagnostic,107,cue,2,coherent-beam,5,2,4,0.4,0.7219280948873623,0.6051282051282051,0.01282051282051282,False,36,5,48,55,10,,,,,,
nonpaper diagnostic,107,cue,3,coherent-beam,8,2,7,0.7,0.5435644431995964,0.6547619047619048,0.0,False,50,2,18,28,10,,,,,,
nonpaper diagnostic,107,cue,4,coherent-beam,6,1,6,0.6,0.0,1.0,1.0,False,41,4,38,46,10,,,,,,
nonpaper diagnostic,107,cue,5,coherent-beam,7,1,7,0.7,0.0,1.0,1.0,False,46,3,30,37,10,,,,,,
nonpaper diagnostic,107,suffix,1,coherent-beam,10,8,2,0.2,0.9739760316291209,0.20632005692006805,0.0625,False,89,,,,,4,0.5,0.0,False,False,10
nonpaper diagnostic,108,cue,1,coherent-beam,3,1,3,0.3,0.0,0.24591953073014017,0.16129032258064516,False,82,7,63,73,10,,,,,,
nonpaper diagnostic,108,cue,2,coherent-beam,3,2,2,0.2,0.9182958340544894,0.12283272283272283,0.046153846153846156,False,94,7,63,73,10,,,,,,
nonpaper diagnostic,108,cue,3,coherent-beam,8,1,8,0.8,0.0,1.0,1.0,False,18,2,19,28,10,,,,,,
nonpaper diagnostic,108,cue,4,coherent-beam,6,1,6,0.6,0.0,1.0,1.0,False,57,4,37,46,10,,,,,,
nonpaper diagnostic,108,cue,5,coherent-beam,8,2,7,0.7,0.5435644431995964,0.75,0.0,False,50,2,19,28,10,,,,,,
nonpaper diagnostic,108,suffix,1,coherent-beam,10,4,7,0.7,0.6783898247235197,0.48757910183026715,0.009174311926605505,False,32,,,,,4,0.5,0.0,True,True,10
nonpaper diagnostic,108,suffix,2,coherent-beam,9,1,9,0.9,0.0,1.0,1.0,False,9,,,,,4,0.5,0.0,True,True,9
nonpaper diagnostic,108,suffix,3,coherent-beam,5,1,5,0.5,0.0,0.44198593546338677,0.35714285714285715,False,6,,,,,4,0.5,0.0,True,True,5
nonpaper diagnostic,108,suffix,4,coherent-beam,8,3,5,0.5,0.8194483718728035,0.881578947368421,0.5263157894736842,False,14,,,,,4,0.5,0.0,False,False,8
nonpaper diagnostic,109,cue,1,coherent-beam,5,1,5,0.5,0.0,1.0,1.0,False,70,5,45,55,10,,,,,,
nonpaper diagnostic,109,cue,2,coherent-beam,7,1,7,0.7,0.0,1.0,1.0,False,49,3,27,37,10,,,,,,
nonpaper diagnostic,109,cue,3,coherent-beam,8,1,8,0.8,0.0,1.0,1.0,False,30,2,19,28,10,,,,,,
nonpaper diagnostic,109,cue,4,coherent-beam,7,1,7,0.7,0.0,1.0,1.0,False,22,3,30,37,10,,,,,,
nonpaper diagnostic,109,cue,5,coherent-beam,0,0,0,0.0,0.0,0.0,0.0,False,43,10,92,100,10,,,,,,
nonpaper diagnostic,109,suffix,1,coherent-beam,10,9,2,0.2,0.9848586617875463,0.20573560029029364,0.0,False,96,,,,,4,0.5,0.0,False,True,10
nonpaper diagnostic,110,cue,1,coherent-beam,8,3,6,0.6,0.6695919455357792,0.5438702606432168,0.010309278350515464,False,39,2,19,28,10,,,,,,
nonpaper diagnostic,110,cue,2,coherent-beam,7,2,6,0.6,0.5916727785823274,0.8571428571428571,0.5,False,48,3,27,37,10,,,,,,
nonpaper diagnostic,110,cue,3,coherent-beam,8,1,8,0.8,0.0,1.0,1.0,False,28,2,20,28,10,,,,,,
nonpaper diagnostic,110,cue,4,coherent-beam,8,1,8,0.8,0.0,1.0,1.0,False,17,2,20,28,10,,,,,,
nonpaper diagnostic,110,cue,5,coherent-beam,8,1,8,0.8,0.0,1.0,1.0,False,16,2,19,28,10,,,,,,
nonpaper diagnostic,110,suffix,1,coherent-beam,10,6,3,0.3,0.9464119282150146,0.20353778236858944,0.05660377358490566,False,76,,,,,4,0.5,0.0,True,True,10
nonpaper diagnostic,110,suffix,2,coherent-beam,2,1,2,0.2,0.0,0.9090909090909091,0.9090909090909091,False,2,,,,,4,0.5,0.0,False,False,2
nonpaper diagnostic,111,cue,1,coherent-beam,9,1,9,0.9,0.0,1.0,1.0,False,37,1,10,19,10,,,,,,
nonpaper diagnostic,111,cue,2,coherent-beam,10,1,10,1.0,0.0,1.0,1.0,True,11,0,0,10,10,,,,,,
nonpaper diagnostic,111,cue,3,coherent-beam,10,2,9,0.9,0.46899559358928117,0.8229885057471265,0.11494252873563218,True,10,0,0,10,10,,,,,,
nonpaper diagnostic,111,cue,4,coherent-beam,9,1,9,0.9,0.0,1.0,1.0,False,9,1,10,19,10,,,,,,
nonpaper diagnostic,111,cue,5,coherent-beam,8,2,7,0.7,0.5435644431995964,0.45201947719486674,0.25,False,11,2,20,28,10,,,,,,
nonpaper diagnostic,111,suffix,1,coherent-beam,10,8,2,0.2,0.9739760316291209,0.4447859851455334,0.1111111111111111,False,70,,,,,4,0.5,0.0,False,True,10
nonpaper diagnostic,112,cue,1,coherent-beam,3,1,3,0.3,0.0,0.24591953073014017,0.16129032258064516,False,82,7,63,73,10,,,,,,
nonpaper diagnostic,112,cue,2,coherent-beam,4,3,2,0.2,0.946394630357186,0.13505918144282925,0.0,False,94,6,54,64,10,,,,,,
nonpaper diagnostic,112,cue,3,coherent-beam,7,2,6,0.6,0.5916727785823274,0.39256655726973966,0.10416666666666667,False,57,3,27,37,10,,,,,,
nonpaper diagnostic,112,cue,4,coherent-beam,8,1,8,0.8,0.0,1.0,1.0,False,38,2,18,28,10,,,,,,
nonpaper diagnostic,112,cue,5,coherent-beam,9,1,9,0.9,0.0,1.0,1.0,False,10,1,10,19,10,,,,,,
nonpaper diagnostic,112,suffix,1,coherent-beam,7,2,6,0.6,0.5916727785823274,0.5480811757901541,0.019230769230769232,False,9,,,,,4,0.5,0.0,True,True,7
nonpaper diagnostic,112,suffix,2,coherent-beam,8,2,6,0.6,0.8112781244591328,1.0,1.0,False,10,,,,,4,0.5,0.0,True,True,8
nonpaper diagnostic,112,suffix,3,coherent-beam,5,2,4,0.4,0.7219280948873623,0.6869565217391305,0.21739130434782608,False,5,,,,,4,0.5,0.0,False,False,5
nonpaper diagnostic,112,suffix,4,coherent-beam,5,1,5,0.5,0.0,1.0,1.0,False,5,,,,,4,0.5,0.0,False,False,5
nonpaper diagnostic,113,cue,1,coherent-beam,6,1,6,0.6,0.0,1.0,1.0,False,61,4,36,46,10,,,,,,
nonpaper diagnostic,113,cue,2,coherent-beam,6,1,6,0.6,0.0,1.0,1.0,False,27,4,39,46,10,,,,,,
nonpaper diagnostic,113,cue,3,coherent-beam,2,1,2,0.2,0.0,1.0,1.0,False,95,8,72,82,10,,,,,,
nonpaper diagnostic,113,cue,4,coherent-beam,6,1,6,0.6,0.0,1.0,1.0,False,72,4,36,46,10,,,,,,
nonpaper diagnostic,113,cue,5,coherent-beam,9,1,9,0.9,0.0,1.0,1.0,False,32,1,9,19,10,,,,,,
nonpaper diagnostic,113,suffix,1,coherent-beam,10,4,6,0.6,0.7854752972273344,0.5095969049283252,0.11764705882352941,False,20,,,,,4,0.5,0.0,True,True,10
nonpaper diagnostic,113,suffix,2,coherent-beam,5,1,5,0.5,0.0,1.0,1.0,False,8,,,,,4,0.5,0.0,True,True,5
nonpaper diagnostic,114,cue,1,coherent-beam,0,0,0,0.0,0.0,0.0,0.0,False,82,10,91,100,10,,,,,,
nonpaper diagnostic,114,cue,2,coherent-beam,7,1,7,0.7,0.0,1.0,1.0,False,84,3,27,37,10,,,,,,
nonpaper diagnostic,114,cue,3,coherent-beam,10,1,10,1.0,0.0,1.0,1.0,True,13,0,0,10,10,,,,,,
nonpaper diagnostic,114,cue,4,coherent-beam,7,1,7,0.7,0.0,0.5517615797389159,0.20652173913043478,False,9,3,29,37,10,,,,,,
nonpaper diagnostic,114,cue,5,coherent-beam,3,1,3,0.3,0.0,1.0,1.0,False,91,7,64,73,10,,,,,,
nonpaper diagnostic,114,suffix,1,coherent-beam,10,1,10,1.0,0.0,1.0,1.0,True,20,,,,,4,0.5,0.0,True,True,10
nonpaper diagnostic,114,suffix,2,coherent-beam,10,1,10,1.0,0.0,1.0,1.0,True,10,,,,,4,0.5,0.0,True,True,10
nonpaper diagnostic,114,suffix,3,coherent-beam,6,1,6,0.6,0.0,1.0,1.0,False,8,,,,,4,0.5,0.0,True,True,6
nonpaper diagnostic,114,suffix,4,coherent-beam,6,4,3,0.3,0.8962406251802889,0.3017521813421847,0.13821138211382114,False,12,,,,,4,0.5,0.0,False,False,6
nonpaper diagnostic,115,cue,1,coherent-beam,5,1,5,0.5,0.0,1.0,1.0,False,66,5,46,55,10,,,,,,
nonpaper diagnostic,115,cue,2,coherent-beam,7,2,6,0.6,0.5916727785823274,0.7142857142857143,0.0,False,65,3,28,37,10,,,,,,
nonpaper diagnostic,115,cue,3,coherent-beam,7,2,5,0.5,0.8631205685666311,0.5671022795082946,0.1388888888888889,False,21,3,30,37,10,,,,,,
nonpaper diagnostic,115,cue,4,coherent-beam,8,2,7,0.7,0.5435644431995964,0.8157894736842105,0.2631578947368421,False,34,2,19,28,10,,,,,,
nonpaper diagnostic,115,cue,5,coherent-beam,8,1,8,0.8,0.0,1.0,1.0,False,28,2,19,28,10,,,,,,
nonpaper diagnostic,115,suffix,1,coherent-beam,10,1,10,1.0,0.0,1.0,1.0,True,17,,,,,4,0.5,0.0,True,True,10
nonpaper diagnostic,115,suffix,2,coherent-beam,4,2,3,0.3,0.8112781244591328,0.5625,0.125,False,5,,,,,4,0.5,0.0,True,True,4
nonpaper diagnostic,116,cue,1,coherent-beam,8,1,8,0.8,0.0,0.8055555555555556,0.2222222222222222,False,62,2,18,28,10,,,,,,
nonpaper diagnostic,116,cue,2,coherent-beam,5,1,5,0.5,0.0,1.0,1.0,False,37,5,48,55,10,,,,,,
nonpaper diagnostic,116,cue,3,coherent-beam,9,2,8,0.8,0.5032583347756457,0.7777777777777778,0.0,False,61,1,9,19,10,,,,,,
nonpaper diagnostic,116,cue,4,coherent-beam,9,1,9,0.9,0.0,1.0,1.0,False,10,1,10,19,10,,,,,,
nonpaper diagnostic,116,cue,5,coherent-beam,4,1,4,0.4,0.0,1.0,1.0,False,15,6,56,64,10,,,,,,
nonpaper diagnostic,116,suffix,1,coherent-beam,10,6,3,0.3,0.9172088932791937,0.13013612132613445,0.0,False,64,,,,,4,0.5,0.0,True,True,10
nonpaper diagnostic,116,suffix,2,coherent-beam,1,1,1,0.1,0.0,0.0,0.0,False,1,,,,,4,0.5,0.0,False,False,1
nonpaper diagnostic,117,cue,1,coherent-beam,8,2,7,0.7,0.5435644431995964,0.75,0.0,False,29,2,18,28,10,,,,,,
nonpaper diagnostic,117,cue,2,coherent-beam,9,2,8,0.8,0.5032583347756457,0.7777777777777778,0.0,False,13,1,10,19,10,,,,,,
nonpaper diagnostic,117,cue,3,coherent-beam,8,2,7,0.7,0.5435644431995964,0.7923728813559322,0.1694915254237288,False,40,2,19,28,10,,,,,,
nonpaper diagnostic,117,cue,4,coherent-beam,6,1,6,0.6,0.0,1.0,1.0,False,37,4,36,46,10,,,,,,
nonpaper diagnostic,117,cue,5,coherent-beam,7,2,6,0.6,0.5916727785823274,0.5610988831825222,0.11494252873563218,False,38,3,29,37,10,,,,,,
nonpaper diagnostic,117,suffix,1,coherent-beam,10,4,4,0.4,0.9232196723355078,0.35467244673851606,0.07142857142857142,False,68,,,,,4,0.5,0.0,False,True,10
nonpaper diagnostic,117,suffix,2,coherent-beam,6,2,3,0.3,1.0,0.8909090909090909,0.8181818181818182,False,9,,,,,4,0.5,0.0,False,False,6
nonpaper diagnostic,118,cue,1,coherent-beam,4,1,4,0.4,0.0,1.0,1.0,False,49,6,56,64,10,,,,,,
nonpaper diagnostic,118,cue,2,coherent-beam,7,2,6,0.6,0.5916727785823274,0.8095238095238095,0.3333333333333333,False,42,3,28,37,10,,,,,,
nonpaper diagnostic,118,cue,3,coherent-beam,7,1,7,0.7,0.0,1.0,1.0,False,8,3,30,37,10,,,,,,
nonpaper diagnostic,118,cue,4,coherent-beam,1,1,1,0.1,0.0,0.0,0.0,False,87,9,81,91,10,,,,,,
nonpaper diagnostic,118,cue,5,coherent-beam,8,2,7,0.7,0.5435644431995964,0.7808641975308641,0.12345679012345678,False,55,2,18,28,10,,,,,,
nonpaper diagnostic,118,suffix,1,coherent-beam,10,1,10,1.0,0.0,1.0,1.0,True,11,,,,,4,0.5,0.0,True,True,10
nonpaper diagnostic,118,suffix,2,coherent-beam,10,3,7,0.7,0.7298466991620975,0.594196666365437,0.06944444444444445,False,19,,,,,4,0.5,0.0,True,True,10
nonpaper diagnostic,118,suffix,3,coherent-beam,8,4,5,0.5,0.7743974703476992,0.546122129294855,0.12903225806451613,False,10,,,,,4,0.5,0.0,True,True,8
nonpaper diagnostic,118,suffix,4,coherent-beam,7,1,7,0.7,0.0,1.0,1.0,False,7,,,,,4,0.5,0.0,False,False,7
nonpaper diagnostic,119,cue,1,coherent-beam,6,2,5,0.5,0.6500224216483541,0.6703703703703704,0.011111111111111112,False,88,4,36,46,10,,,,,,
nonpaper diagnostic,119,cue,2,coherent-beam,6,2,5,0.5,0.6500224216483541,0.6666666666666666,0.0,False,34,4,36,46,10,,,,,,
nonpaper diagnostic,119,cue,3,coherent-beam,6,2,5,0.5,0.6500224216483541,0.4634676173499703,0.015151515151515152,False,10,4,40,46,10,,,,,,
nonpaper diagnostic,119,cue,4,coherent-beam,2,2,1,0.1,1.0,0.18032786885245902,0.18032786885245902,False,94,8,72,82,10,,,,,,
nonpaper diagnostic,119,cue,5,coherent-beam,9,1,9,0.9,0.0,1.0,1.0,False,24,1,9,19,10,,,,,,
nonpaper diagnostic,119,suffix,1,coherent-beam,10,2,9,0.9,0.46899559358928117,1.0,1.0,False,33,,,,,4,0.5,0.0,False,True,10
nonpaper diagnostic,119,suffix,2,coherent-beam,9,1,9,0.9,0.0,1.0,1.0,False,9,,,,,4,0.5,0.0,True,True,9
nonpaper diagnostic,119,suffix,3,coherent-beam,6,2,5,0.5,0.6500224216483541,0.6877637130801688,0.06329113924050633,False,6,,,,,4,0.5,0.0,False,False,6
nonpaper diagnostic,119,suffix,4,coherent-beam,2,1,2,0.2,0.0,1.0,1.0,False,2,,,,,4,0.5,0.0,False,False,2
nonpaper diagnostic,120,cue,1,coherent-beam,5,1,5,0.5,0.0,0.7157894736842105,0.5263157894736842,False,82,5,45,55,10,,,,,,
nonpaper diagnostic,120,cue,2,coherent-beam,9,1,9,0.9,0.0,0.5338088172689255,0.2222222222222222,False,51,1,9,19,10,,,,,,
nonpaper diagnostic,120,cue,3,coherent-beam,8,4,5,0.5,0.7743974703476992,0.658771967818432,0.06329113924050633,False,34,2,19,28,10,,,,,,
nonpaper diagnostic,120,cue,4,coherent-beam,8,2,7,0.7,0.5435644431995964,0.7764550264550264,0.4074074074074074,False,14,2,19,28,10,,,,,,
nonpaper diagnostic,120,cue,5,coherent-beam,9,2,8,0.8,0.5032583347756457,0.8070175438596492,0.13157894736842105,False,18,1,9,19,10,,,,,,
nonpaper diagnostic,120,suffix,1,coherent-beam,8,3,6,0.6,0.6695919455357792,0.5527288047705471,0.0,False,8,,,,,4,0.5,0.0,True,True,8
nonpaper diagnostic,120,suffix,2,coherent-beam,8,2,7,0.7,0.5435644431995964,0.7896825396825397,0.15873015873015872,False,9,,,,,4,0.5,0.0,True,True,8
nonpaper diagnostic,120,suffix,3,coherent-beam,9,1,9,0.9,0.0,1.0,1.0,False,10,,,,,4,0.5,0.0,True,True,9
nonpaper diagnostic,120,suffix,4,coherent-beam,2,1,2,0.2,0.0,0.5142857142857142,0.5142857142857142,False,3,,,,,4,0.5,0.0,False,False,2
nonpaper diagnostic,121,cue,1,coherent-beam,6,1,6,0.6,0.0,1.0,1.0,False,83,4,36,46,10,,,,,,
nonpaper diagnostic,121,cue,2,coherent-beam,10,1,10,1.0,0.0,1.0,1.0,True,16,0,0,10,10,,,,,,
nonpaper diagnostic,121,cue,3,coherent-beam,6,1,6,0.6,0.0,0.8333333333333334,0.5,False,8,4,40,46,10,,,,,,
nonpaper diagnostic,121,cue,4,coherent-beam,10,2,9,0.9,0.46899559358928117,0.8196078431372549,0.09803921568627451,True,49,0,0,10,10,,,,,,
nonpaper diagnostic,121,cue,5,coherent-beam,8,1,8,0.8,0.0,1.0,1.0,False,8,2,20,28,10,,,,,,
nonpaper diagnostic,121,suffix,1,coherent-beam,9,5,3,0.3,0.946265187221801,0.1395171705420831,0.0,False,21,,,,,4,0.5,0.0,False,True,9
nonpaper diagnostic,121,suffix,2,coherent-beam,1,1,1,0.1,0.0,0.0,0.0,False,1,,,,,4,0.5,0.0,False,False,1
nonpaper diagnostic,122,cue,1,coherent-beam,1,1,1,0.1,0.0,0.0,0.0,False,82,9,83,91,10,,,,,,
nonpaper diagnostic,122,cue,2,coherent-beam,5,1,5,0.5,0.0,1.0,1.0,False,47,5,47,55,10,,,,,,
nonpaper diagnostic,122,cue,3,coherent-beam,8,2,7,0.7,0.5435644431995964,0.32010922290185523,0.06451612903225806,False,45,2,18,28,10,,,,,,
nonpaper diagnostic,122,cue,4,coherent-beam,5,1,5,0.5,0.0,1.0,1.0,False,62,5,45,55,10,,,,,,
nonpaper diagnostic,122,cue,5,coherent-beam,7,1,7,0.7,0.0,1.0,1.0,False,35,3,28,37,10,,,,,,
nonpaper diagnostic,122,suffix,1,coherent-beam,10,1,10,1.0,0.0,1.0,1.0,True,20,,,,,4,0.5,0.0,True,True,10
nonpaper diagnostic,122,suffix,2,coherent-beam,8,2,7,0.7,0.5435644431995964,0.7787356321839081,0.11494252873563218,False,8,,,,,4,0.5,0.0,True,True,8
nonpaper diagnostic,122,suffix,3,coherent-beam,6,1,6,0.6,0.0,1.0,1.0,False,6,,,,,4,0.5,0.0,True,True,6
nonpaper diagnostic,122,suffix,4,coherent-beam,6,1,6,0.6,0.0,1.0,1.0,False,6,,,,,4,0.5,0.0,False,False,6
nonpaper diagnostic,123,cue,1,coherent-beam,5,2,4,0.4,0.7219280948873623,0.6,0.0,False,84,5,45,55,10,,,,,,
nonpaper diagnostic,123,cue,2,coherent-beam,10,1,10,1.0,0.0,1.0,1.0,True,15,0,0,10,10,,,,,,
nonpaper diagnostic,123,cue,3,coherent-beam,9,2,8,0.8,0.5032583347756457,0.8130511463844797,0.15873015873015872,False,9,1,10,19,10,,,,,,
nonpaper diagnostic,123,cue,4,coherent-beam,10,1,10,1.0,0.0,1.0,1.0,True,10,0,0,10,10,,,,,,
nonpaper diagnostic,123,cue,5,coherent-beam,10,1,10,1.0,0.0,1.0,1.0,True,10,0,0,10,10,,,,,,
nonpaper diagnostic,123,suffix,1,coherent-beam,9,6,3,0.3,0.935944697445866,0.26337364416029824,0.0990990990990991,False,31,,,,,4,0.5,0.0,True,True,9
nonpaper diagnostic,123,suffix,2,coherent-beam,4,1,4,0.4,0.0,1.0,1.0,False,4,,,,,4,0.5,0.0,True,True,4
nonpaper diagnostic,123,suffix,3,coherent-beam,5,2,3,0.3,0.9709505944546688,0.6,0.3333333333333333,False,6,,,,,4,0.5,0.0,False,False,5
nonpaper diagnostic,124,cue,1,coherent-beam,7,1,7,0.7,0.0,1.0,1.0,False,56,3,27,37,10,,,,,,
nonpaper diagnostic,124,cue,2,coherent-beam,9,1,9,0.9,0.0,1.0,1.0,False,26,1,10,19,10,,,,,,
nonpaper diagnostic,124,cue,3,coherent-beam,10,1,10,1.0,0.0,1.0,1.0,True,10,0,0,10,10,,,,,,
nonpaper diagnostic,124,cue,4,coherent-beam,10,2,9,0.9,0.46899559358928117,0.8246913580246914,0.12345679012345678,True,10,0,0,10,10,,,,,,
nonpaper diagnostic,124,cue,5,coherent-beam,9,2,8,0.8,0.5032583347756457,0.8888888888888888,0.5,False,17,1,10,19,10,,,,,,
nonpaper diagnostic,124,suffix,1,coherent-beam,9,3,7,0.7,0.6223659728744494,0.6365337491988216,0.06993006993006994,False,11,,,,,4,0.5,0.0,True,True,9
nonpaper diagnostic,124,suffix,2,coherent-beam,9,1,9,0.9,0.0,1.0,1.0,False,9,,,,,4,0.5,0.0,True,True,9
nonpaper diagnostic,124,suffix,3,coherent-beam,8,1,8,0.8,0.0,1.0,1.0,False,8,,,,,4,0.5,0.0,True,True,8
nonpaper diagnostic,124,suffix,4,coherent-beam,7,3,5,0.5,0.7248340915057598,0.5373624379340998,0.06329113924050633,False,7,,,,,4,0.5,0.0,False,True,7
nonpaper diagnostic,125,cue,1,coherent-beam,4,1,4,0.4,0.0,1.0,1.0,False,70,6,54,64,10,,,,,,
nonpaper diagnostic,125,cue,2,coherent-beam,9,1,9,0.9,0.0,1.0,1.0,False,28,1,9,19,10,,,,,,
nonpaper diagnostic,125,cue,3,coherent-beam,10,1,10,1.0,0.0,0.7368421052631579,0.5263157894736842,True,22,0,0,10,10,,,,,,
nonpaper diagnostic,125,cue,4,coherent-beam,6,1,6,0.6,0.0,0.5897869441347703,0.2826086956521739,False,6,4,40,46,10,,,,,,
nonpaper diagnostic,125,cue,5,coherent-beam,6,3,4,0.4,0.7896900821428474,0.42119658119658115,0.0,False,80,4,36,46,10,,,,,,
nonpaper diagnostic,125,suffix,1,coherent-beam,7,3,4,0.4,0.8699155297736259,0.3488552755050588,0.006578947368421052,False,32,,,,,4,0.5,0.0,True,True,7
nonpaper diagnostic,125,suffix,2,coherent-beam,1,1,1,0.1,0.0,0.0,0.0,False,1,,,,,4,0.5,0.0,False,False,1
nonpaper diagnostic,126,cue,1,coherent-beam,4,1,4,0.4,0.0,0.6206896551724138,0.3448275862068966,False,82,6,54,64,10,,,,,,
nonpaper diagnostic,126,cue,2,coherent-beam,9,2,8,0.8,0.5032583347756457,1.0,1.0,False,27,1,9,19,10,,,,,,
nonpaper diagnostic,126,cue,3,coherent-beam,3,2,2,0.2,0.9182958340544894,0.3346909543436773,0.287292817679558,False,59,7,64,73,10,,,,,,
nonpaper diagnostic,126,cue,4,coherent-beam,1,1,1,0.1,0.0,0.0,0.0,False,91,9,83,91,10,,,,,,
nonpaper diagnostic,126,cue,5,coherent-beam,6,3,4,0.4,0.7896900821428474,0.4503373015873016,0.022222222222222223,False,44,4,39,46,10,,,,,,
nonpaper diagnostic,126,suffix,1,coherent-beam,10,4,4,0.4,0.9232196723355078,0.26656425841817677,0.014925373134328358,False,41,,,,,4,0.5,0.0,True,True,10
nonpaper diagnostic,126,suffix,2,coherent-beam,10,6,4,0.4,0.8982444017039272,1.0,1.0,False,25,,,,,4,0.5,0.0,False,False,10
nonpaper diagnostic,127,cue,1,coherent-beam,7,1,7,0.7,0.0,1.0,1.0,False,54,3,27,37,10,,,,,,
nonpaper diagnostic,127,cue,2,coherent-beam,3,2,2,0.2,0.9182958340544894,0.25422647527910686,0.03636363636363636,False,93,7,63,73,10,,,,,,
nonpaper diagnostic,127,cue,3,coherent-beam,8,2,7,0.7,0.5435644431995964,0.75,0.0,False,25,2,19,28,10,,,,,,
nonpaper diagnostic,127,cue,4,coherent-beam,10,2,9,0.9,0.46899559358928117,0.8408163265306123,0.20408163265306123,True,15,0,0,10,10,,,,,,
nonpaper diagnostic,127,cue,5,coherent-beam,9,2,8,0.8,0.5032583347756457,0.8271604938271605,0.2222222222222222,False,10,1,10,19,10,,,,,,
nonpaper diagnostic,127,suffix,1,coherent-beam,9,3,7,0.7,0.6223659728744494,0.5908311535184194,0.011235955056179775,False,13,,,,,4,0.5,0.0,True,True,9
nonpaper diagnostic,127,suffix,2,coherent-beam,8,4,4,0.4,0.875,0.3280297239059126,0.10810810810810811,False,21,,,,,4,0.5,0.0,False,True,8
nonpaper diagnostic,127,suffix,3,coherent-beam,8,7,2,0.2,0.9795697645470609,0.7771739130434783,0.10869565217391304,False,24,,,,,4,0.5,0.0,False,False,8
nonpaper diagnostic,127,suffix,4,coherent-beam,1,1,1,0.1,0.0,0.0,0.0,False,1,,,,,4,0.5,0.0,False,False,1
nonpaper diagnostic,128,cue,1,coherent-beam,5,1,5,0.5,0.0,1.0,1.0,False,82,5,45,55,10,,,,,,
nonpaper diagnostic,128,cue,2,coherent-beam,8,1,8,0.8,0.0,1.0,1.0,False,22,2,18,28,10,,,,,,
nonpaper diagnostic,128,cue,3,coherent-beam,5,1,5,0.5,0.0,0.5829885921427095,0.32941176470588235,False,40,5,49,55,10,,,,,,
nonpaper diagnostic,128,cue,4,coherent-beam,8,1,8,0.8,0.0,1.0,1.0,False,28,2,18,28,10,,,,,,
nonpaper diagnostic,128,cue,5,coherent-beam,10,1,10,1.0,0.0,1.0,1.0,True,16,0,0,10,10,,,,,,
nonpaper diagnostic,128,suffix,1,coherent-beam,8,1,8,0.8,0.0,1.0,1.0,False,8,,,,,4,0.5,0.0,True,True,8
nonpaper diagnostic,128,suffix,2,coherent-beam,10,1,10,1.0,0.0,1.0,1.0,True,10,,,,,4,0.5,0.0,True,True,10
nonpaper diagnostic,128,suffix,3,coherent-beam,5,2,4,0.4,0.7219280948873623,0.6470588235294118,0.11764705882352941,False,8,,,,,4,0.5,0.0,True,True,5
nonpaper diagnostic,128,suffix,4,coherent-beam,4,2,3,0.3,0.8112781244591328,1.0,1.0,False,5,,,,,4,0.5,0.0,False,False,4
nonpaper diagnostic,129,cue,1,coherent-beam,4,1,4,0.4,0.0,1.0,1.0,False,45,6,55,64,10,,,,,,
nonpaper diagnostic,129,cue,2,coherent-beam,2,1,2,0.2,0.0,0.5882352941176471,0.5882352941176471,False,97,8,72,82,10,,,,,,
nonpaper diagnostic,129,cue,3,coherent-beam,8,3,6,0.6,0.6695919455357792,0.5857025952770634,0.0,False,42,2,18,28,10,,,,,,
nonpaper diagnostic,129,cue,4,coherent-beam,9,1,9,0.9,0.0,1.0,1.0,False,10,1,10,19,10,,,,,,
nonpaper diagnostic,129,cue,5,coherent-beam,9,1,9,0.9,0.0,1.0,1.0,False,17,1,10,19,10,,,,,,
nonpaper diagnostic,129,suffix,1,coherent-beam,10,7,2,0.2,0.969570350190125,0.1928464803736211,0.045454545454545456,False,73,,,,,4,0.5,0.0,True,True,10
nonpaper diagnostic,130,cue,1,coherent-beam,4,2,3,0.3,0.8112781244591328,0.5178571428571429,0.03571428571428571,False,70,6,54,64,10,,,,,,
nonpaper diagnostic,130,cue,2,coherent-beam,9,3,7,0.7,0.6223659728744494,0.7126532887402452,0.14102564102564102,False,45,1,9,19,10,,,,,,
nonpaper diagnostic,130,cue,3,coherent-beam,10,1,10,1.0,0.0,1.0,1.0,True,10,0,0,10,10,,,,,,
nonpaper diagnostic,130,cue,4,coherent-beam,5,2,4,0.4,0.7219280948873623,0.387052579225322,0.1554054054054054,False,42,5,48,55,10,,,,,,
nonpaper diagnostic,130,cue,5,coherent-beam,6,3,4,0.4,0.7896900821428474,0.43943943943943947,0.0,False,60,4,37,46,10,,,,,,
nonpaper diagnostic,130,suffix,1,coherent-beam,10,4,4,0.4,0.9232196723355078,0.20516628068065093,0.0,False,59,,,,,4,0.5,0.0,True,True,10
nonpaper diagnostic,130,suffix,2,coherent-beam,5,1,5,0.5,0.0,1.0,1.0,False,5,,,,,4,0.5,0.0,False,False,5
nonpaper diagnostic,130,suffix,3,coherent-beam,9,2,8,0.8,0.5032583347756457,0.8033205619412516,0.11494252873563218,False,9,,,,,4,0.5,0.0,False,False,9
nonpaper diagnostic,130,suffix,4,coherent-beam,7,1,7,0.7,0.0,1.0,1.0,False,7,,,,,4,0.5,0.0,False,False,7
nonpaper diagnostic,131,cue,1,coherent-beam,2,2,1,0.1,1.0,0.05263157894736842,0.05263157894736842,False,83,8,73,82,10,,,,,,
nonpaper diagnostic,131,cue,2,coherent-beam,3,1,3,0.3,0.0,1.0,1.0,False,89,7,63,73,10,,,,,,
nonpaper diagnostic,131,cue,3,coherent-beam,8,2,7,0.7,0.5435644431995964,0.7532051282051283,0.01282051282051282,False,47,2,18,28,10,,,,,,
nonpaper diagnostic,131,cue,4,coherent-beam,8,2,7,0.7,0.5435644431995964,0.875,0.5,False,8,2,20,28,10,,,,,,
nonpaper diagnostic,131,cue,5,coherent-beam,5,2,4,0.4,0.7219280948873623,0.575,0.25,False,63,5,49,55,10,,,,,,
nonpaper diagnostic,131,suffix,1,coherent-beam,10,6,4,0.4,0.8982444017039272,0.18123265297744667,0.0,False,29,,,,,4,0.5,0.0,True,True,10
nonpaper diagnostic,131,suffix,2,coherent-beam,5,2,4,0.4,0.7219280948873623,1.0,1.0,False,7,,,,,4,0.5,0.0,False,False,5
nonpaper diagnostic,132,cue,1,coherent-beam,5,2,4,0.4,0.7219280948873623,0.6,0.0,False,45,5,47,55,10,,,,,,
nonpaper diagnostic,132,cue,2,coherent-beam,6,1,6,0.6,0.0,0.8333333333333334,0.5,False,47,4,36,46,10,,,,,,
nonpaper diagnostic,132,cue,3,coherent-beam,7,1,7,0.7,0.0,0.8571428571428571,0.5,False,75,3,28,37,10,,,,,,
nonpaper diagnostic,132,cue,4,coherent-beam,10,2,9,0.9,0.46899559358928117,0.8194174757281554,0.0970873786407767,True,18,0,0,10,10,,,,,,
nonpaper diagnostic,132,cue,5,coherent-beam,9,1,9,0.9,0.0,1.0,1.0,False,9,1,10,19,10,,,,,,
nonpaper diagnostic,132,suffix,1,coherent-beam,9,2,7,0.7,0.7642045065086203,0.7083333333333334,0.25,False,10,,,,,4,0.5,0.0,True,True,9
nonpaper diagnostic,132,suffix,2,coherent-beam,10,2,9,0.9,0.46899559358928117,0.8224719101123595,0.11235955056179775,True,10,,,,,4,0.5,0.0,True,True,10
nonpaper diagnostic,132,suffix,3,coherent-beam,7,3,5,0.5,0.7248340915057598,0.5515649148090909,0.13157894736842105,False,10,,,,,4,0.5,0.0,True,True,7
nonpaper diagnostic,132,suffix,4,coherent-beam,8,1,8,0.8,0.0,1.0,1.0,False,8,,,,,4,0.5,0.0,False,False,8
nonpaper diagnostic,133,cue,1,coherent-beam,6,3,4,0.4,0.7896900821428474,0.5239239239239238,0.08108108108108109,False,88,4,36,46,10,,,,,,
nonpaper diagnostic,133,cue,2,coherent-beam,4,1,4,0.4,0.0,1.0,1.0,False,42,6,54,64,10,,,,,,
nonpaper diagnostic,133,cue,3,coherent-beam,5,1,5,0.5,0.0,1.0,1.0,False,87,5,45,55,10,,,,,,
nonpaper diagnostic,133,cue,4,coherent-beam,3,1,3,0.3,0.0,0.411764705882353,0.11764705882352941,False,87,7,63,73,10,,,,,,
nonpaper diagnostic,133,cue,5,coherent-beam,4,3,2,0.2,0.946394630357186,0.3977805505142165,0.10416666666666667,False,85,6,55,64,10,,,,,,
nonpaper diagnostic,133,suffix,1,coherent-beam,10,4,6,0.6,0.7854752972273344,0.37867334457527624,0.0,False,36,,,,,4,0.5,0.0,True,True,10
nonpaper diagnostic,133,suffix,2,coherent-beam,8,6,2,0.2,0.9671320180863539,0.2318942935375873,0.07894736842105263,False,19,,,,,4,0.5,0.0,False,True,8
nonpaper diagnostic,134,cue,1,coherent-beam,9,2,8,0.8,0.5032583347756457,0.7777777777777778,0.0,False,41,1,9,19,10,,,,,,
nonpaper diagnostic,134,cue,2,coherent-beam,9,1,9,0.9,0.0,0.784170751633987,0.3125,False,28,1,9,19,10,,,,,,
nonpaper diagnostic,134,cue,3,coherent-beam,9,1,9,0.9,0.0,1.0,1.0,False,9,1,10,19,10,,,,,,
nonpaper diagnostic,134,cue,4,coherent-beam,9,1,9,0.9,0.0,1.0,1.0,False,11,1,10,19,10,,,,,,
nonpaper diagnostic,134,cue,5,coherent-beam,9,4,6,0.6,0.7233083338141042,0.4547960215759701,0.1111111111111111,False,34,1,9,19,10,,,,,,
nonpaper diagnostic,134,suffix,1,coherent-beam,9,1,9,0.9,0.0,1.0,1.0,False,12,,,,,4,0.5,0.0,True,True,9
nonpaper diagnostic,134,suffix,2,coherent-beam,8,1,8,0.8,0.0,1.0,1.0,False,8,,,,,4,0.5,0.0,True,True,8
nonpaper diagnostic,134,suffix,3,coherent-beam,9,2,8,0.8,0.5032583347756457,0.8070175438596492,0.13157894736842105,False,10,,,,,4,0.5,0.0,True,True,9
nonpaper diagnostic,134,suffix,4,coherent-beam,8,1,8,0.8,0.0,1.0,1.0,False,8,,,,,4,0.5,0.0,False,False,8
nonpaper diagnostic,135,cue,1,coherent-beam,4,1,4,0.4,0.0,1.0,1.0,False,88,6,55,64,10,,,,,,
nonpaper diagnostic,135,cue,2,coherent-beam,9,1,9,0.9,0.0,1.0,1.0,False,15,1,9,19,10,,,,,,
nonpaper diagnostic,135,cue,3,coherent-beam,2,2,1,0.1,1.0,0.1111111111111111,0.1111111111111111,False,71,8,73,82,10,,,,,,
nonpaper diagnostic,135,cue,4,coherent-beam,6,3,4,0.4,0.7896900821428474,0.47005686116601997,0.1,False,65,4,36,46,10,,,,,,
nonpaper diagnostic,135,cue,5,coherent-beam,9,1,9,0.9,0.0,1.0,1.0,False,29,1,9,19,10,,,,,,
nonpaper diagnostic,135,suffix,1,coherent-beam,10,7,4,0.4,0.8983289127685206,0.22363526326908081,0.08860759493670886,False,66,,,,,4,0.5,0.0,False,True,10
nonpaper diagnostic,135,suffix,2,coherent-beam,10,8,2,0.2,0.9739760316291209,0.8217391304347826,0.10869565217391304,False,29,,,,,4,0.5,0.0,False,False,10
nonpaper diagnostic,135,suffix,3,coherent-beam,1,1,1,0.1,0.0,0.0,0.0,False,1,,,,,4,0.5,0.0,False,False,1
nonpaper diagnostic,136,cue,1,coherent-beam,6,3,4,0.4,0.7896900821428474,0.31498594303874833,0.0,False,61,4,36,46,10,,,,,,
nonpaper diagnostic,136,cue,2,coherent-beam,5,2,4,0.4,0.7219280948873623,0.6574074074074074,0.4074074074074074,False,91,5,45,55,10,,,,,,
nonpaper diagnostic,136,cue,3,coherent-beam,8,1,8,0.8,0.0,1.0,1.0,False,10,2,19,28,10,,,,,,
nonpaper diagnostic,136,cue,4,coherent-beam,9,1,9,0.9,0.0,1.0,1.0,False,17,1,9,19,10,,,,,,
nonpaper diagnostic,136,cue,5,coherent-beam,7,1,7,0.7,0.0,0.45725757821184226,0.16666666666666666,False,14,3,28,37,10,,,,,,
nonpaper diagnostic,136,suffix,1,coherent-beam,10,7,2,0.2,0.969570350190125,0.5038524797051929,0.08888888888888889,False,81,,,,,4,0.5,0.0,False,True,10
nonpaper diagnostic,137,cue,1,coherent-beam,9,2,8,0.8,0.5032583347756457,0.7809298660362489,0.014184397163120567,False,61,1,9,19,10,,,,,,
nonpaper diagnostic,137,cue,2,coherent-beam,2,1,2,0.2,0.0,0.6304347826086957,0.6304347826086957,False,4,8,79,82,10,,,,,,
nonpaper diagnostic,137,cue,3,coherent-beam,4,2,3,0.3,0.8112781244591328,0.7777777777777778,0.5555555555555556,False,92,6,54,64,10,,,,,,
nonpaper diagnostic,137,cue,4,coherent-beam,10,1,10,1.0,0.0,1.0,1.0,True,29,0,0,10,10,,,,,,
nonpaper diagnostic,137,cue,5,coherent-beam,9,1,9,0.9,0.0,1.0,1.0,False,9,1,10,19,10,,,,,,
nonpaper diagnostic,137,suffix,1,coherent-beam,10,7,2,0.2,0.969570350190125,0.2248442038873425,0.0989010989010989,False,60,,,,,4,0.5,0.0,False,True,10
nonpaper diagnostic,137,suffix,2,coherent-beam,2,1,2,0.2,0.0,0.9090909090909091,0.9090909090909091,False,2,,,,,4,0.5,0.0,False,False,2
nonpaper diagnostic,138,cue,1,coherent-beam,3,1,3,0.3,0.0,1.0,1.0,False,55,7,64,73,10,,,,,,
nonpaper diagnostic,138,cue,2,coherent-beam,4,2,2,0.2,1.0,0.3684210526315789,0.05263157894736842,False,97,6,54,64,10,,,,,,
nonpaper diagnostic,138,cue,3,coherent-beam,9,2,8,0.8,0.5032583347756457,0.7806267806267806,0.01282051282051282,False,41,1,10,19,10,,,,,,
nonpaper diagnostic,138,cue,4,coherent-beam,8,1,8,0.8,0.0,1.0,1.0,False,20,2,20,28,10,,,,,,
nonpaper diagnostic,138,cue,5,coherent-beam,3,1,3,0.3,0.0,1.0,1.0,False,8,7,70,73,10,,,,,,
nonpaper diagnostic,138,suffix,1,coherent-beam,10,3,8,0.8,0.5816718657178868,0.6575414968397425,0.01818181818181818,False,38,,,,,4,0.5,0.0,True,True,10
nonpaper diagnostic,138,suffix,2,coherent-beam,9,2,7,0.7,0.7642045065086203,0.6313483792828958,0.13953488372093023,False,12,,,,,4,0.5,0.0,True,True,9
nonpaper diagnostic,138,suffix,3,coherent-beam,9,4,3,0.3,0.9455305560363264,0.6769189718536124,0.37037037037037035,False,18,,,,,4,0.5,0.0,True,True,9
nonpaper diagnostic,138,suffix,4,coherent-beam,6,1,6,0.6,0.0,1.0,1.0,False,6,,,,,4,0.5,0.0,False,False,6
nonpaper diagnostic,139,cue,1,coherent-beam,10,2,8,0.8,0.7219280948873623,0.6321349963316214,0.0,False,31,0,0,10,10,,,,,,
nonpaper diagnostic,139,cue,2,coherent-beam,6,4,3,0.3,0.8962406251802889,0.4440829986613119,0.13333333333333333,False,36,4,39,46,10,,,,,,
nonpaper diagnostic,139,cue,3,coherent-beam,9,2,8,0.8,0.5032583347756457,0.7894736842105263,0.05263157894736842,False,29,1,9,19,10,,,,,,
nonpaper diagnostic,139,cue,4,coherent-beam,9,2,8,0.8,0.5032583347756457,0.7467836257309942,0.15384615384615385,False,22,1,10,19,10,,,,,,
nonpaper diagnostic,139,cue,5,coherent-beam,9,2,8,0.8,0.5032583347756457,0.7993527508090614,0.0970873786407767,False,20,1,9,19,10,,,,,,
nonpaper diagnostic,139,suffix,1,coherent-beam,10,2,8,0.8,0.7219280948873623,0.640153779072859,0.009900990099009901,False,14,,,,,4,0.5,0.0,True,True,10
nonpaper diagnostic,139,suffix,2,coherent-beam,9,5,4,0.4,0.886682880001534,0.356325692863492,0.17777777777777778,False,21,,,,,4,0.5,0.0,False,True,9
nonpaper diagnostic,139,suffix,3,coherent-beam,9,7,2,0.2,0.9708357627258161,0.8019323671497585,0.10869565217391304,False,32,,,,,4,0.5,0.0,False,False,9
nonpaper diagnostic,139,suffix,4,coherent-beam,1,1,1,0.1,0.0,0.0,0.0,False,1,,,,,4,0.5,0.0,False,False,1
nonpaper diagnostic,140,cue,1,coherent-beam,7,1,7,0.7,0.0,1.0,1.0,False,37,3,27,37,10,,,,,,
nonpaper diagnostic,140,cue,2,coherent-beam,8,1,8,0.8,0.0,1.0,1.0,False,36,2,19,28,10,,,,,,
nonpaper diagnostic,140,cue,3,coherent-beam,8,1,8,0.8,0.0,1.0,1.0,False,12,2,20,28,10,,,,,,
nonpaper diagnostic,140,cue,4,coherent-beam,9,1,9,0.9,0.0,1.0,1.0,False,13,1,10,19,10,,,,,,
nonpaper diagnostic,140,cue,5,coherent-beam,10,1,10,1.0,0.0,1.0,1.0,True,10,0,0,10,10,,,,,,
nonpaper diagnostic,140,suffix,1,coherent-beam,8,6,3,0.3,0.9306282244165778,0.2411841138311324,0.05517241379310345,False,39,,,,,4,0.5,0.0,False,True,8
nonpaper diagnostic,141,cue,1,coherent-beam,6,4,3,0.3,0.8962406251802889,0.31606403276094747,0.0,False,84,4,37,46,10,,,,,,
nonpaper diagnostic,141,cue,2,coherent-beam,9,2,5,0.5,0.9910760598382222,0.5735632183908046,0.2222222222222222,False,23,1,9,19,10,,,,,,
nonpaper diagnostic,141,cue,3,coherent-beam,10,1,10,1.0,0.0,1.0,1.0,True,31,0,0,10,10,,,,,,
nonpaper diagnostic,141,cue,4,coherent-beam,10,1,10,1.0,0.0,1.0,1.0,True,10,0,0,10,10,,,,,,
nonpaper diagnostic,141,cue,5,coherent-beam,5,1,5,0.5,0.0,0.7403508771929824,0.3508771929824561,False,5,5,50,55,10,,,,,,
nonpaper diagnostic,141,suffix,1,coherent-beam,10,10,1,0.1,0.9999999999999998,0.0984115800710842,0.0,False,95,,,,,4,0.5,0.0,False,False,10
nonpaper diagnostic,142,cue,1,coherent-beam,9,1,9,0.9,0.0,1.0,1.0,False,56,1,9,19,10,,,,,,
nonpaper diagnostic,142,cue,2,coherent-beam,10,1,10,1.0,0.0,1.0,1.0,True,14,0,0,10,10,,,,,,
nonpaper diagnostic,142,cue,3,coherent-beam,9,1,9,0.9,0.0,1.0,1.0,False,9,1,10,19,10,,,,,,
nonpaper diagnostic,142,cue,4,coherent-beam,10,1,10,1.0,0.0,1.0,1.0,True,10,0,0,10,10,,,,,,
nonpaper diagnostic,142,cue,5,coherent-beam,9,2,8,0.8,0.5032583347756457,0.8888888888888888,0.5,False,9,1,10,19,10,,,,,,
nonpaper diagnostic,142,suffix,1,coherent-beam,9,1,9,0.9,0.0,1.0,1.0,False,10,,,,,4,0.5,0.0,True,True,9
nonpaper diagnostic,142,suffix,2,coherent-beam,7,1,7,0.7,0.0,1.0,1.0,False,7,,,,,4,0.5,0.0,True,True,7
nonpaper diagnostic,142,suffix,3,coherent-beam,3,1,3,0.3,0.0,0.46956661630574675,0.41304347826086957,False,3,,,,,4,0.5,0.0,True,True,3
nonpaper diagnostic,143,cue,1,coherent-beam,5,1,5,0.5,0.0,1.0,1.0,False,39,5,45,55,10,,,,,,
nonpaper diagnostic,143,cue,2,coherent-beam,8,1,8,0.8,0.0,1.0,1.0,False,19,2,19,28,10,,,,,,
nonpaper diagnostic,143,cue,3,coherent-beam,3,2,2,0.2,0.9182958340544894,0.5952380952380952,0.39285714285714285,False,32,7,66,73,10,,,,,,
nonpaper diagnostic,143,cue,4,coherent-beam,8,2,7,0.7,0.5435644431995964,0.47171220461868957,0.03125,False,67,2,18,28,10,,,,,,
nonpaper diagnostic,143,cue,5,coherent-beam,5,1,5,0.5,0.0,1.0,1.0,False,14,5,50,55,10,,,,,,
nonpaper diagnostic,143,suffix,1,coherent-beam,10,8,2,0.2,0.9739760316291209,0.1612241340043006,0.03571428571428571,False,97,,,,,4,0.5,0.0,False,True,10
nonpaper diagnostic,143,suffix,2,coherent-beam,3,1,3,0.3,0.0,0.9393939393939394,0.9090909090909091,False,3,,,,,4,0.5,0.0,False,False,3
nonpaper diagnostic,143,suffix,3,coherent-beam,2,1,2,0.2,0.0,0.9090909090909091,0.9090909090909091,False,2,,,,,4,0.5,0.0,False,False,2
nonpaper diagnostic,144,cue,1,coherent-beam,5,2,4,0.4,0.7219280948873623,0.6597014925373135,0.14925373134328357,False,82,5,45,55,10,,,,,,
nonpaper diagnostic,144,cue,2,coherent-beam,8,1,8,0.8,0.0,0.881578947368421,0.5263157894736842,False,24,2,19,28,10,,,,,,
nonpaper diagnostic,144,cue,3,coherent-beam,7,2,6,0.6,0.5916727785823274,0.28771594173187887,0.014084507042253521,False,73,3,27,37,10,,,,,,
nonpaper diagnostic,144,cue,4,coherent-beam,10,1,10,1.0,0.0,0.9515151515151515,0.9090909090909091,True,40,0,0,10,10,,,,,,
nonpaper diagnostic,144,cue,5,coherent-beam,7,1,7,0.7,0.0,0.9567099567099566,0.9090909090909091,False,24,3,28,37,10,,,,,,
nonpaper diagnostic,144,suffix,1,coherent-beam,10,10,1,0.1,0.9999999999999998,0.1781322882718088,0.0,False,80,,,,,4,0.5,0.0,False,True,10
nonpaper diagnostic,145,cue,1,coherent-beam,4,1,4,0.4,0.0,0.75,0.5,False,70,6,55,64,10,,,,,,
nonpaper diagnostic,145,cue,2,coherent-beam,4,2,3,0.3,0.8112781244591328,0.557471264367816,0.11494252873563218,False,79,6,54,64,10,,,,,,
nonpaper diagnostic,145,cue,3,coherent-beam,6,2,5,0.5,0.6500224216483541,0.6666666666666666,0.0,False,49,4,36,46,10,,,,,,
nonpaper diagnostic,145,cue,4,coherent-beam,4,1,4,0.4,0.0,1.0,1.0,False,79,6,55,64,10,,,,,,
nonpaper diagnostic,145,cue,5,coherent-beam,10,1,10,1.0,0.0,1.0,1.0,True,17,0,0,10,10,,,,,,
nonpaper diagnostic,145,suffix,1,coherent-beam,7,3,4,0.4,0.8699155297736259,0.4339247930885439,0.1,False,9,,,,,4,0.5,0.0,True,True,7
nonpaper diagnostic,145,suffix,2,coherent-beam,4,2,3,0.3,0.8112781244591328,0.7600000000000001,0.52,False,4,,,,,4,0.5,0.0,True,True,4
nonpaper diagnostic,145,suffix,3,coherent-beam,5,1,5,0.5,0.0,1.0,1.0,False,5,,,,,4,0.5,0.0,False,False,5
nonpaper diagnostic,145,suffix,4,coherent-beam,5,1,5,0.5,0.0,1.0,1.0,False,5,,,,,4,0.5,0.0,False,False,5
nonpaper diagnostic,146,cue,1,coherent-beam,8,1,8,0.8,0.0,1.0,1.0,False,53,2,18,28,10,,,,,,
nonpaper diagnostic,146,cue,2,coherent-beam,8,2,7,0.7,0.5435644431995964,0.7884615384615384,0.15384615384615385,False,9,2,20,28,10,,,,,,
nonpaper diagnostic,146,cue,3,coherent-beam,9,2,8,0.8,0.5032583347756457,0.7894736842105263,0.05263157894736842,False,19,1,9,19,10,,,,,,
nonpaper diagnostic,146,cue,4,coherent-beam,9,5,5,0.5,0.809656833416415,0.6113023296933761,0.25,False,17,1,10,19,10,,,,,,
nonpaper diagnostic,146,cue,5,coherent-beam,10,2,9,0.9,0.46899559358928117,0.8571428571428571,0.2857142857142857,True,12,0,0,10,10,,,,,,
nonpaper diagnostic,146,suffix,1,coherent-beam,8,1,8,0.8,0.0,1.0,1.0,False,8,,,,,4,0.5,0.0,True,True,8
nonpaper diagnostic,146,suffix,2,coherent-beam,9,5,5,0.5,0.809656833416415,0.44021471543472296,0.09523809523809523,False,9,,,,,4,0.5,0.0,True,True,9
nonpaper diagnostic,146,suffix,3,coherent-beam,8,1,8,0.8,0.0,1.0,1.0,False,13,,,,,4,0.5,0.0,True,True,8
nonpaper diagnostic,146,suffix,4,coherent-beam,9,1,9,0.9,0.0,1.0,1.0,False,9,,,,,4,0.5,0.0,False,False,9
nonpaper diagnostic,147,cue,1,coherent-beam,3,1,3,0.3,0.0,0.24591953073014017,0.16129032258064516,False,82,7,63,73,10,,,,,,
nonpaper diagnostic,147,cue,2,coherent-beam,3,1,3,0.3,0.0,1.0,1.0,False,94,7,63,73,10,,,,,,
nonpaper diagnostic,147,cue,3,coherent-beam,9,1,9,0.9,0.0,1.0,1.0,False,36,1,9,19,10,,,,,,
nonpaper diagnostic,147,cue,4,coherent-beam,8,1,8,0.8,0.0,1.0,1.0,False,20,2,20,28,10,,,,,,
nonpaper diagnostic,147,cue,5,coherent-beam,7,2,6,0.6,0.5916727785823274,0.6019010857720536,0.1111111111111111,False,36,3,28,37,10,,,,,,
nonpaper diagnostic,147,suffix,1,coherent-beam,10,2,9,0.9,0.46899559358928117,0.8229885057471265,0.11494252873563218,True,17,,,,,4,0.5,0.0,True,True,10
nonpaper diagnostic,147,suffix,2,coherent-beam,10,1,10,1.0,0.0,1.0,1.0,True,10,,,,,4,0.5,0.0,True,True,10
nonpaper diagnostic,147,suffix,3,coherent-beam,6,3,4,0.4,0.7896900821428474,0.5847937957526999,0.136986301369863,False,6,,,,,4,0.5,0.0,True,True,6
nonpaper diagnostic,147,suffix,4,coherent-beam,8,2,5,0.5,0.954434002924965,0.4897084783937962,0.17543859649122806,False,8,,,,,4,0.5,0.0,False,False,8
nonpaper diagnostic,148,cue,1,coherent-beam,6,1,6,0.6,0.0,1.0,1.0,False,39,4,36,46,10,,,,,,
nonpaper diagnostic,148,cue,2,coherent-beam,7,2,6,0.6,0.5916727785823274,0.7357679914070892,0.07518796992481203,False,24,3,27,37,10,,,,,,
nonpaper diagnostic,148,cue,3,coherent-beam,7,4,4,0.4,0.8322488896002307,0.6455680167113924,0.3448275862068966,False,84,3,27,37,10,,,,,,
nonpaper diagnostic,148,cue,4,coherent-beam,10,3,8,0.8,0.5816718657178868,0.7461429040376409,0.13513513513513514,True,11,0,0,10,10,,,,,,
nonpaper diagnostic,148,cue,5,coherent-beam,8,1,8,0.8,0.0,1.0,1.0,False,8,2,20,28,10,,,,,,
nonpaper diagnostic,148,suffix,1,coherent-beam,10,2,8,0.8,0.7219280948873623,0.63716154953243,0.006578947368421052,False,38,,,,,4,0.5,0.0,True,True,10
nonpaper diagnostic,148,suffix,2,coherent-beam,10,2,9,0.9,0.46899559358928117,0.8229885057471265,0.11494252873563218,True,10,,,,,4,0.5,0.0,True,True,10
nonpaper diagnostic,148,suffix,3,coherent-beam,10,2,9,0.9,0.46899559358928117,0.8714285714285714,0.35714285714285715,True,10,,,,,4,0.5,0.0,True,True,10
nonpaper diagnostic,148,suffix,4,coherent-beam,9,1,9,0.9,0.0,1.0,1.0,False,10,,,,,4,0.5,0.0,True,True,9
nonpaper diagnostic,149,cue,1,coherent-beam,2,2,1,0.1,1.0,0.14084507042253522,0.14084507042253522,False,66,8,72,82,10,,,,,,
nonpaper diagnostic,149,cue,2,coherent-beam,2,2,1,0.1,1.0,0.07407407407407407,0.07407407407407407,False,94,8,72,82,10,,,,,,
nonpaper diagnostic,149,cue,3,coherent-beam,8,1,8,0.8,0.0,1.0,1.0,False,47,2,18,28,10,,,,,,
nonpaper diagnostic,149,cue,4,coherent-beam,7,1,7,0.7,0.0,0.4125547912386317,0.24528301886792453,False,29,3,28,37,10,,,,,,
nonpaper diagnostic,149,cue,5,coherent-beam,7,2,6,0.6,0.5916727785823274,0.7563025210084033,0.14705882352941177,False,30,3,30,37,10,,,,,,
nonpaper diagnostic,149,suffix,1,coherent-beam,10,2,9,0.9,0.46899559358928117,0.807142857142857,0.03571428571428571,False,22,,,,,4,0.5,0.0,True,True,10
nonpaper diagnostic,149,suffix,2,coherent-beam,10,1,10,1.0,0.0,1.0,1.0,True,10,,,,,4,0.5,0.0,True,True,10
nonpaper diagnostic,149,suffix,3,coherent-beam,9,3,4,0.4,0.8783471047618534,0.47269841269841273,0.11428571428571428,False,14,,,,,4,0.5,0.0,True,True,9
nonpaper diagnostic,149,suffix,4,coherent-beam,9,2,6,0.6,0.9182958340544894,0.5,0.0,False,15,,,,,4,0.5,0.0,False,False,9
nonpaper diagnostic,150,cue,1,coherent-beam,8,2,7,0.7,0.5435644431995964,0.7745098039215687,0.09803921568627451,False,29,2,18,28,10,,,,,,
nonpaper diagnostic,150,cue,2,coherent-beam,6,1,6,0.6,0.0,0.8421052631578948,0.5263157894736842,False,18,4,39,46,10,,,,,,
nonpaper diagnostic,150,cue,3,coherent-beam,10,1,10,1.0,0.0,1.0,1.0,True,11,0,0,10,10,,,,,,
nonpaper diagnostic,150,cue,4,coherent-beam,5,2,4,0.4,0.7219280948873623,0.6869565217391305,0.21739130434782608,False,12,5,48,55,10,,,,,,
nonpaper diagnostic,150,cue,5,coherent-beam,4,1,4,0.4,0.0,1.0,1.0,False,51,6,56,64,10,,,,,,
nonpaper diagnostic,150,suffix,1,coherent-beam,10,8,2,0.2,0.9739760316291209,0.12049604516345484,0.0,False,96,,,,,4,0.5,0.0,False,True,10
nonpaper diagnostic,150,suffix,2,coherent-beam,1,1,1,0.1,0.0,0.0,0.0,False,1,,,,,4,0.5,0.0,False,False,1
nonpaper diagnostic,151,cue,1,coherent-beam,8,2,7,0.7,0.5435644431995964,0.7745098039215687,0.09803921568627451,False,62,2,18,28,10,,,,,,
nonpaper diagnostic,151,cue,2,coherent-beam,10,1,10,1.0,0.0,1.0,1.0,True,19,0,0,10,10,,,,,,
nonpaper diagnostic,151,cue,3,coherent-beam,8,2,7,0.7,0.5435644431995964,0.7946428571428571,0.17857142857142858,False,8,2,20,28,10,,,,,,
nonpaper diagnostic,151,cue,4,coherent-beam,9,2,8,0.8,0.5032583347756457,0.8095238095238095,0.14285714285714285,False,22,1,9,19,10,,,,,,
nonpaper diagnostic,151,cue,5,coherent-beam,10,2,9,0.9,0.46899559358928117,0.8408163265306123,0.20408163265306123,True,16,0,0,10,10,,,,,,
nonpaper diagnostic,151,suffix,1,coherent-beam,10,1,10,1.0,0.0,0.7473684210526315,0.5263157894736842,True,11,,,,,4,0.5,0.0,True,True,10
nonpaper diagnostic,151,suffix,2,coherent-beam,9,2,5,0.5,0.9910760598382222,1.0,1.0,False,17,,,,,4,0.5,0.0,False,True,9
nonpaper diagnostic,151,suffix,3,coherent-beam,6,3,3,0.3,0.920619835714305,0.30238095238095236,0.0,False,6,,,,,4,0.5,0.0,True,True,6
nonpaper diagnostic,151,suffix,4,coherent-beam,7,1,7,0.7,0.0,0.43982050490148905,0.28402366863905326,False,15,,,,,4,0.5,0.0,False,False,7
nonpaper diagnostic,152,cue,1,coherent-beam,5,2,4,0.4,0.7219280948873623,0.8105263157894737,0.5263157894736842,False,55,5,47,55,10,,,,,,
nonpaper diagnostic,152,cue,2,coherent-beam,9,2,8,0.8,0.5032583347756457,0.8189300411522633,0.18518518518518517,False,47,1,9,19,10,,,,,,
nonpaper diagnostic,152,cue,3,coherent-beam,7,1,7,0.7,0.0,1.0,1.0,False,8,3,30,37,10,,,,,,
nonpaper diagnostic,152,cue,4,coherent-beam,7,1,7,0.7,0.0,1.0,1.0,False,54,3,27,37,10,,,,,,
nonpaper diagnostic,152,cue,5,coherent-beam,10,1,10,1.0,0.0,1.0,1.0,True,12,0,0,10,10,,,,,,
nonpaper diagnostic,152,suffix,1,coherent-beam,4,1,4,0.4,0.0,0.5558761401152705,0.41304347826086957,False,4,,,,,4,0.5,0.0,True,True,4
nonpaper diagnostic,152,suffix,2,coherent-beam,6,6,1,0.1,1.0,0.4302848805873609,0.3333333333333333,False,9,,,,,4,0.5,0.0,True,True,6
nonpaper diagnostic,153,cue,1,coherent-beam,2,2,1,0.1,1.0,0.028985507246376812,0.028985507246376812,False,94,8,72,82,10,,,,,,
nonpaper diagnostic,153,cue,2,coherent-beam,10,1,10,1.0,0.0,1.0,1.0,True,32,0,0,10,10,,,,,,
nonpaper diagnostic,153,cue,3,coherent-beam,10,1,10,1.0,0.0,1.0,1.0,True,10,0,0,10,10,,,,,,
nonpaper diagnostic,153,cue,4,coherent-beam,8,1,8,0.8,0.0,1.0,1.0,False,8,2,20,28,10,,,,,,
nonpaper diagnostic,153,cue,5,coherent-beam,9,1,9,0.9,0.0,1.0,1.0,False,15,1,10,19,10,,,,,,
nonpaper diagnostic,153,suffix,1,coherent-beam,9,4,6,0.6,0.7233083338141042,0.5712071654563396,0.09836065573770492,False,10,,,,,4,0.5,0.0,True,True,9
nonpaper diagnostic,153,suffix,2,coherent-beam,3,2,2,0.2,0.9182958340544894,0.40740740740740744,0.1111111111111111,False,3,,,,,4,0.5,0.0,True,True,3
nonpaper diagnostic,153,suffix,3,coherent-beam,5,2,4,0.4,0.7219280948873623,0.378133260313804,0.10759493670886076,False,6,,,,,4,0.5,0.0,False,False,5
nonpaper diagnostic,153,suffix,4,coherent-beam,9,7,2,0.2,0.9708357627258161,0.7095580553478689,0.09900990099009901,False,30,,,,,4,0.5,0.0,False,False,9
nonpaper diagnostic,154,cue,1,coherent-beam,5,3,3,0.3,0.8649735207179272,0.3038961038961039,0.0,False,66,5,45,55,10,,,,,,
nonpaper diagnostic,154,cue,2,coherent-beam,10,1,10,1.0,0.0,1.0,1.0,True,21,0,0,10,10,,,,,,
nonpaper diagnostic,154,cue,3,coherent-beam,9,1,9,0.9,0.0,1.0,1.0,False,16,1,10,19,10,,,,,,
nonpaper diagnostic,154,cue,4,coherent-beam,10,1,10,1.0,0.0,1.0,1.0,True,21,0,0,10,10,,,,,,
nonpaper diagnostic,154,cue,5,coherent-beam,10,1,10,1.0,0.0,1.0,1.0,True,10,0,0,10,10,,,,,,
nonpaper diagnostic,154,suffix,1,coherent-beam,9,2,8,0.8,0.5032583347756457,0.8205128205128206,0.19230769230769232,False,9,,,,,4,0.5,0.0,True,True,9
nonpaper diagnostic,154,suffix,2,coherent-beam,10,1,10,1.0,0.0,1.0,1.0,True,10,,,,,4,0.5,0.0,True,True,10
nonpaper diagnostic,154,suffix,3,coherent-beam,10,3,8,0.8,0.5816718657178868,0.6969133639047229,0.11578947368421053,True,10,,,,,4,0.5,0.0,True,True,10
nonpaper diagnostic,154,suffix,4,coherent-beam,9,1,9,0.9,0.0,0.7712418300653595,0.5882352941176471,False,12,,,,,4,0.5,0.0,True,True,9
nonpaper diagnostic,155,cue,1,coherent-beam,8,1,8,0.8,0.0,1.0,1.0,False,51,2,18,28,10,,,,,,
nonpaper diagnostic,155,cue,2,coherent-beam,10,1,10,1.0,0.0,1.0,1.0,True,12,0,0,10,10,,,,,,
nonpaper diagnostic,155,cue,3,coherent-beam,9,2,8,0.8,0.5032583347756457,0.8160919540229885,0.1724137931034483,False,9,1,10,19,10,,,,,,
nonpaper diagnostic,155,cue,4,coherent-beam,5,1,5,0.5,0.0,0.3828771822491651,0.28402366863905326,False,66,5,45,55,10,,,,,,
nonpaper diagnostic,155,cue,5,coherent-beam,6,2,5,0.5,0.6500224216483541,0.6785714285714286,0.03571428571428571,False,90,4,36,46,10,,,,,,
nonpaper diagnostic,155,suffix,1,coherent-beam,9,3,6,0.6,0.7725068857142601,0.44137003247899265,0.0,False,22,,,,,4,0.5,0.0,True,True,9
nonpaper diagnostic,155,suffix,2,coherent-beam,7,1,7,0.7,0.0,1.0,1.0,False,7,,,,,4,0.5,0.0,True,True,7
nonpaper diagnostic,155,suffix,3,coherent-beam,9,1,9,0.9,0.0,1.0,1.0,False,9,,,,,4,0.5,0.0,True,True,9
nonpaper diagnostic,155,suffix,4,coherent-beam,8,2,7,0.7,0.5435644431995964,0.875,0.5,False,8,,,,,4,0.5,0.0,False,False,8
nonpaper diagnostic,156,cue,1,coherent-beam,3,2,2,0.2,0.9182958340544894,0.3703703703703704,0.05555555555555555,False,94,7,63,73,10,,,,,,
nonpaper diagnostic,156,cue,2,coherent-beam,8,1,8,0.8,0.0,1.0,1.0,False,45,2,18,28,10,,,,,,
nonpaper diagnostic,156,cue,3,coherent-beam,7,1,7,0.7,0.0,1.0,1.0,False,41,3,27,37,10,,,,,,
nonpaper diagnostic,156,cue,4,coherent-beam,7,1,7,0.7,0.0,1.0,1.0,False,64,3,27,37,10,,,,,,
nonpaper diagnostic,156,cue,5,coherent-beam,10,2,9,0.9,0.46899559358928117,0.40326486236770176,0.09615384615384616,True,15,0,0,10,10,,,,,,
nonpaper diagnostic,156,suffix,1,coherent-beam,10,2,8,0.8,0.7219280948873623,1.0,1.0,False,21,,,,,4,0.5,0.0,True,True,10
nonpaper diagnostic,156,suffix,2,coherent-beam,9,1,9,0.9,0.0,1.0,1.0,False,9,,,,,4,0.5,0.0,True,True,9
nonpaper diagnostic,156,suffix,3,coherent-beam,8,1,8,0.8,0.0,1.0,1.0,False,8,,,,,4,0.5,0.0,True,True,8
nonpaper diagnostic,156,suffix,4,coherent-beam,9,2,8,0.8,0.5032583347756457,0.8033205619412516,0.11494252873563218,False,10,,,,,4,0.5,0.0,True,True,9
nonpaper diagnostic,157,cue,1,coherent-beam,7,1,7,0.7,0.0,1.0,1.0,False,41,3,27,37,10,,,,,,
nonpaper diagnostic,157,cue,2,coherent-beam,10,2,9,0.9,0.46899559358928117,0.832258064516129,0.16129032258064516,True,17,0,0,10,10,,,,,,
nonpaper diagnostic,157,cue,3,coherent-beam,10,1,10,1.0,0.0,1.0,1.0,True,10,0,0,10,10,,,,,,
nonpaper diagnostic,157,cue,4,coherent-beam,5,1,5,0.5,0.0,0.48036904179362583,0.3380281690140845,False,31,5,48,55,10,,,,,,
nonpaper diagnostic,157,cue,5,coherent-beam,3,2,2,0.2,0.9182958340544894,0.4222222222222222,0.13333333333333333,False,94,7,63,73,10,,,,,,
nonpaper diagnostic,157,suffix,1,coherent-beam,10,4,7,0.7,0.6783898247235197,0.4751574776563026,0.0,False,36,,,,,4,0.5,0.0,True,True,10
nonpaper diagnostic,157,suffix,2,coherent-beam,9,1,9,0.9,0.0,1.0,1.0,False,9,,,,,4,0.5,0.0,True,True,9
nonpaper diagnostic,157,suffix,3,coherent-beam,9,4,6,0.6,0.7233083338141042,0.6126012298001667,0.08849557522123894,False,14,,,,,4,0.5,0.0,True,True,9
nonpaper diagnostic,157,suffix,4,coherent-beam,9,2,8,0.8,0.5032583347756457,0.8362573099415205,0.2631578947368421,False,9,,,,,4,0.5,0.0,False,True,9
nonpaper diagnostic,158,cue,1,coherent-beam,7,2,6,0.6,0.5916727785823274,0.746031746031746,0.1111111111111111,False,55,3,27,37,10,,,,,,
nonpaper diagnostic,158,cue,2,coherent-beam,9,1,9,0.9,0.0,1.0,1.0,False,10,1,10,19,10,,,,,,
nonpaper diagnostic,158,cue,3,coherent-beam,6,2,5,0.5,0.6500224216483541,0.4450764161343468,0.12037037037037036,False,59,4,36,46,10,,,,,,
nonpaper diagnostic,158,cue,4,coherent-beam,5,1,5,0.5,0.0,0.6176691729323308,0.35714285714285715,False,51,5,47,55,10,,,,,,
nonpaper diagnostic,158,cue,5,coherent-beam,8,2,7,0.7,0.5435644431995964,0.7946428571428571,0.17857142857142858,False,43,2,18,28,10,,,,,,
nonpaper diagnostic,158,suffix,1,coherent-beam,9,4,6,0.6,0.7233083338141042,0.4748677055516866,0.0,False,10,,,,,4,0.5,0.0,True,True,9
nonpaper diagnostic,158,suffix,2,coherent-beam,10,1,10,1.0,0.0,1.0,1.0,True,10,,,,,4,0.5,0.0,True,True,10
nonpaper diagnostic,158,suffix,3,coherent-beam,9,5,5,0.5,0.809656833416415,0.30987525605977495,0.12371134020618557,False,38,,,,,4,0.5,0.0,True,True,9
nonpaper diagnostic,158,suffix,4,coherent-beam,9,7,2,0.2,0.9708357627258161,0.7979323308270677,0.35714285714285715,False,39,,,,,4,0.5,0.0,False,False,9
nonpaper diagnostic,159,cue,1,coherent-beam,9,2,8,0.8,0.5032583347756457,0.7777777777777778,0.0,False,62,1,9,19,10,,,,,,
nonpaper diagnostic,159,cue,2,coherent-beam,10,1,10,1.0,0.0,1.0,1.0,True,10,0,0,10,10,,,,,,
nonpaper diagnostic,159,cue,3,coherent-beam,10,1,10,1.0,0.0,1.0,1.0,True,10,0,0,10,10,,,,,,
nonpaper diagnostic,159,cue,4,coherent-beam,9,1,9,0.9,0.0,1.0,1.0,False,9,1,10,19,10,,,,,,
nonpaper diagnostic,159,cue,5,coherent-beam,9,3,7,0.7,0.6223659728744494,0.2897076720242922,0.07518796992481203,False,26,1,9,19,10,,,,,,
nonpaper diagnostic,159,suffix,1,coherent-beam,10,5,4,0.4,0.9138646883853215,0.4807052413684608,0.015503875968992248,False,42,,,,,4,0.5,0.0,True,True,10
nonpaper diagnostic,159,suffix,2,coherent-beam,8,2,5,0.5,0.954434002924965,1.0,1.0,False,13,,,,,4,0.5,0.0,False,True,8
nonpaper diagnostic,159,suffix,3,coherent-beam,8,3,4,0.4,0.8868595071429147,0.35600986410981583,0.009174311926605505,False,8,,,,,4,0.5,0.0,False,False,8
nonpaper diagnostic,159,suffix,4,coherent-beam,7,3,4,0.4,0.8699155297736259,0.4191252587991719,0.0,False,9,,,,,4,0.5,0.0,False,False,7
nonpaper diagnostic,160,cue,1,coherent-beam,5,3,3,0.3,0.8649735207179272,0.32105263157894737,0.0,False,82,5,45,55,10,,,,,,
nonpaper diagnostic,160,cue,2,coherent-beam,9,1,9,0.9,0.0,1.0,1.0,False,13,1,10,19,10,,,,,,
nonpaper diagnostic,160,cue,3,coherent-beam,7,3,5,0.5,0.7248340915057598,0.4439379819076884,0.1,False,30,3,28,37,10,,,,,,
nonpaper diagnostic,160,cue,4,coherent-beam,3,3,1,0.1,0.9999999999999998,0.11469461246025298,0.05660377358490566,False,90,7,64,73,10,,,,,,
nonpaper diagnostic,160,cue,5,coherent-beam,4,2,3,0.3,0.8112781244591328,0.5704225352112676,0.14084507042253522,False,53,6,54,64,10,,,,,,
nonpaper diagnostic,160,suffix,1,coherent-beam,10,8,3,0.3,0.9488131148903386,0.12616892152525525,0.011764705882352941,False,90,,,,,4,0.5,0.0,False,False,10
nonpaper diagnostic,161,cue,1,coherent-beam,7,2,6,0.6,0.5916727785823274,0.8112244897959183,0.3392857142857143,False,82,3,27,37,10,,,,,,
nonpaper diagnostic,161,cue,2,coherent-beam,6,1,6,0.6,0.0,1.0,1.0,False,6,4,40,46,10,,,,,,
nonpaper diagnostic,161,cue,3,coherent-beam,3,1,3,0.3,0.0,0.6842105263157894,0.5263157894736842,False,96,7,63,73,10,,,,,,
nonpaper diagnostic,161,cue,4,coherent-beam,7,1,7,0.7,0.0,1.0,1.0,False,56,3,28,37,10,,,,,,
nonpaper diagnostic,161,cue,5,coherent-beam,3,1,3,0.3,0.0,1.0,1.0,False,90,7,63,73,10,,,,,,
nonpaper diagnostic,161,suffix,1,coherent-beam,10,2,8,0.8,0.7219280948873623,1.0,1.0,False,37,,,,,4,0.5,0.0,True,True,10
nonpaper diagnostic,161,suffix,2,coherent-beam,9,1,9,0.9,0.0,1.0,1.0,False,9,,,,,4,0.5,0.0,True,True,9
nonpaper diagnostic,161,suffix,3,coherent-beam,6,2,5,0.5,0.6500224216483541,0.7261904761904762,0.17857142857142858,False,7,,,,,4,0.5,0.0,True,True,6
nonpaper diagnostic,161,suffix,4,coherent-beam,7,1,7,0.7,0.0,1.0,1.0,False,7,,,,,4,0.5,0.0,False,False,7
nonpaper diagnostic,162,cue,1,coherent-beam,6,1,6,0.6,0.0,1.0,1.0,False,45,4,37,46,10,,,,,,
nonpaper diagnostic,162,cue,2,coherent-beam,10,1,10,1.0,0.0,1.0,1.0,True,16,0,0,10,10,,,,,,
nonpaper diagnostic,162,cue,3,coherent-beam,10,2,9,0.9,0.46899559358928117,0.8434782608695652,0.21739130434782608,True,10,0,0,10,10,,,,,,
nonpaper diagnostic,162,cue,4,coherent-beam,10,2,9,0.9,0.46899559358928117,0.8416666666666667,0.20833333333333334,True,10,0,0,10,10,,,,,,
nonpaper diagnostic,162,cue,5,coherent-beam,9,2,8,0.8,0.5032583347756457,0.7600795239684128,0.2702702702702703,False,12,1,10,19,10,,,,,,
nonpaper diagnostic,162,suffix,1,coherent-beam,10,1,10,1.0,0.0,1.0,1.0,True,17,,,,,4,0.5,0.0,True,True,10
nonpaper diagnostic,162,suffix,2,coherent-beam,9,1,9,0.9,0.0,0.4551937057644389,0.16666666666666666,False,10,,,,,4,0.5,0.0,True,True,9
nonpaper diagnostic,162,suffix,3,coherent-beam,10,6,3,0.3,0.9464119282150146,0.703071855884923,0.3103448275862069,False,44,,,,,4,0.5,0.0,False,True,10
nonpaper diagnostic,163,cue,1,coherent-beam,4,3,2,0.2,0.946394630357186,0.21052631578947367,0.05263157894736842,False,84,6,54,64,10,,,,,,
nonpaper diagnostic,163,cue,2,coherent-beam,10,1,10,1.0,0.0,1.0,1.0,True,43,0,0,10,10,,,,,,
nonpaper diagnostic,163,cue,3,coherent-beam,9,1,9,0.9,0.0,1.0,1.0,False,9,1,10,19,10,,,,,,
nonpaper diagnostic,163,cue,4,coherent-beam,10,4,7,0.7,0.6783898247235197,0.6695075539153501,0.19230769230769232,True,24,0,0,10,10,,,,,,
nonpaper diagnostic,163,cue,5,coherent-beam,10,1,10,1.0,0.0,1.0,1.0,True,10,0,0,10,10,,,,,,
nonpaper diagnostic,163,suffix,1,coherent-beam,4,1,4,0.4,0.0,1.0,1.0,False,4,,,,,4,0.5,0.0,True,True,4
nonpaper diagnostic,163,suffix,2,coherent-beam,7,2,4,0.4,0.9852281360342515,1.0,1.0,False,10,,,,,4,0.5,0.0,False,False,7
nonpaper diagnostic,163,suffix,3,coherent-beam,4,2,3,0.3,0.8112781244591328,0.5892857142857143,0.17857142857142858,False,4,,,,,4,0.5,0.0,False,False,4
nonpaper diagnostic,163,suffix,4,coherent-beam,5,1,5,0.5,0.0,0.5274875848950604,0.453781512605042,False,9,,,,,4,0.5,0.0,False,False,5
nonpaper diagnostic,164,cue,1,coherent-beam,7,3,5,0.5,0.7248340915057598,0.4860426929392447,0.0,False,70,3,27,37,10,,,,,,
nonpaper diagnostic,164,cue,2,coherent-beam,7,2,6,0.6,0.5916727785823274,0.7653061224489797,0.17857142857142858,False,55,3,27,37,10,,,,,,
nonpaper diagnostic,164,cue,3,coherent-beam,6,3,4,0.4,0.7896900821428474,0.3718102420255974,0.07092198581560284,False,91,4,36,46,10,,,,,,
nonpaper diagnostic,164,cue,4,coherent-beam,6,1,6,0.6,0.0,1.0,1.0,False,8,4,40,46,10,,,,,,
nonpaper diagnostic,164,cue,5,coherent-beam,5,3,3,0.3,0.8649735207179272,0.37980246456378647,0.2702702702702703,False,93,5,45,55,10,,,,,,
nonpaper diagnostic,164,suffix,1,coherent-beam,10,4,7,0.7,0.6783898247235197,0.5141085587941492,0.008771929824561403,False,27,,,,,4,0.5,0.0,True,True,10
nonpaper diagnostic,164,suffix,2,coherent-beam,8,3,6,0.6,0.6695919455357792,0.7516339869281046,0.29411764705882354,False,8,,,,,4,0.5,0.0,True,True,8
nonpaper diagnostic,164,suffix,3,coherent-beam,10,2,9,0.9,0.46899559358928117,0.723495827843654,0.15151515151515152,True,10,,,,,4,0.5,0.0,True,True,10
nonpaper diagnostic,164,suffix,4,coherent-beam,9,2,8,0.8,0.5032583347756457,0.8125,0.15625,False,9,,,,,4,0.5,0.0,False,False,9
nonpaper diagnostic,165,cue,1,coherent-beam,9,2,8,0.8,0.5032583347756457,0.8240740740740741,0.20833333333333334,False,26,1,9,19,10,,,,,,
nonpaper diagnostic,165,cue,2,coherent-beam,8,2,7,0.7,0.5435644431995964,0.8095238095238095,0.23809523809523808,False,14,2,20,28,10,,,,,,
nonpaper diagnostic,165,cue,3,coherent-beam,5,1,5,0.5,0.0,1.0,1.0,False,44,5,46,55,10,,,,,,
nonpaper diagnostic,165,cue,4,coherent-beam,10,1,10,1.0,0.0,1.0,1.0,True,25,0,0,10,10,,,,,,
nonpaper diagnostic,165,cue,5,coherent-beam,10,1,10,1.0,0.0,1.0,1.0,True,10,0,0,10,10,,,,,,
nonpaper diagnostic,165,suffix,1,coherent-beam,10,1,10,1.0,0.0,1.0,1.0,True,10,,,,,4,0.5,0.0,True,True,10
nonpaper diagnostic,165,suffix,2,coherent-beam,9,1,9,0.9,0.0,1.0,1.0,False,9,,,,,4,0.5,0.0,True,True,9
nonpaper diagnostic,165,suffix,3,coherent-beam,9,3,7,0.7,0.6223659728744494,0.7998971193415638,0.4074074074074074,False,11,,,,,4,0.5,0.0,True,True,9
nonpaper diagnostic,165,suffix,4,coherent-beam,10,1,10,1.0,0.0,1.0,1.0,True,10,,,,,4,0.5,0.0,True,True,10
nonpaper diagnostic,166,cue,1,coherent-beam,5,1,5,0.5,0.0,1.0,1.0,False,66,5,45,55,10,,,,,,
nonpaper diagnostic,166,cue,2,coherent-beam,6,1,6,0.6,0.0,1.0,1.0,False,54,4,36,46,10,,,,,,
nonpaper diagnostic,166,cue,3,coherent-beam,7,2,6,0.6,0.5916727785823274,0.7582417582417582,0.15384615384615385,False,53,3,28,37,10,,,,,,
nonpaper diagnostic,166,cue,4,coherent-beam,10,2,9,0.9,0.46899559358928117,0.9052631578947369,0.5263157894736842,True,17,0,0,10,10,,,,,,
nonpaper diagnostic,166,cue,5,coherent-beam,8,1,8,0.8,0.0,0.5064434049422197,0.20652173913043478,False,9,2,20,28,10,,,,,,
nonpaper diagnostic,166,suffix,1,coherent-beam,10,8,2,0.2,0.9739760316291209,0.3064637247741757,0.0,False,82,,,,,4,0.5,0.0,False,True,10
nonpaper diagnostic,167,cue,1,coherent-beam,6,1,6,0.6,0.0,1.0,1.0,False,94,4,36,46,10,,,,,,
nonpaper diagnostic,167,cue,2,coherent-beam,10,1,10,1.0,0.0,1.0,1.0,True,13,0,0,10,10,,,,,,
nonpaper diagnostic,167,cue,3,coherent-beam,9,1,9,0.9,0.0,1.0,1.0,False,17,1,10,19,10,,,,,,
nonpaper diagnostic,167,cue,4,coherent-beam,8,1,8,0.8,0.0,1.0,1.0,False,8,2,20,28,10,,,,,,
nonpaper diagnostic,167,cue,5,coherent-beam,6,2,5,0.5,0.6500224216483541,0.6877637130801688,0.06329113924050633,False,37,4,38,46,10,,,,,,
nonpaper diagnostic,167,suffix,1,coherent-beam,10,5,4,0.4,0.881353453268883,0.15172362557240193,0.0,False,32,,,,,4,0.5,0.0,True,True,10
nonpaper diagnostic,167,suffix,2,coherent-beam,9,6,3,0.3,0.935944697445866,0.18434867242262698,0.0,False,34,,,,,4,0.5,0.0,True,True,9
nonpaper diagnostic,167,suffix,3,coherent-beam,9,3,6,0.6,0.7725068857142601,0.8190730837789661,0.5882352941176471,False,21,,,,,4,0.5,0.0,False,False,9
nonpaper diagnostic,167,suffix,4,coherent-beam,8,3,4,0.4,0.8868595071429147,1.0,1.0,False,13,,,,,4,0.5,0.0,False,False,8
nonpaper diagnostic,168,cue,1,coherent-beam,6,4,3,0.3,0.8962406251802889,0.2365079365079365,0.0,False,84,4,37,46,10,,,,,,
nonpaper diagnostic,168,cue,2,coherent-beam,7,2,6,0.6,0.5916727785823274,0.7750759878419453,0.2127659574468085,False,42,3,28,37,10,,,,,,
nonpaper diagnostic,168,cue,3,coherent-beam,9,1,9,0.9,0.0,1.0,1.0,False,30,1,9,19,10,,,,,,
nonpaper diagnostic,168,cue,4,coherent-beam,6,1,6,0.6,0.0,0.8421052631578948,0.5263157894736842,False,18,4,39,46,10,,,,,,
nonpaper diagnostic,168,cue,5,coherent-beam,8,2,7,0.7,0.5435644431995964,0.765625,0.0625,False,46,2,18,28,10,,,,,,
nonpaper diagnostic,168,suffix,1,coherent-beam,10,2,8,0.8,0.7219280948873623,0.7333333333333333,0.25,False,18,,,,,4,0.5,0.0,True,True,10
nonpaper diagnostic,168,suffix,2,coherent-beam,8,1,8,0.8,0.0,1.0,1.0,False,8,,,,,4,0.5,0.0,True,True,8
nonpaper diagnostic,168,suffix,3,coherent-beam,8,3,6,0.6,0.6695919455357792,0.643207486957487,0.10576923076923077,False,8,,,,,4,0.5,0.0,True,True,8
nonpaper diagnostic,168,suffix,4,coherent-beam,4,1,4,0.4,0.0,0.49875223899775323,0.425531914893617,False,4,,,,,4,0.5,0.0,False,False,4
nonpaper diagnostic,169,cue,1,coherent-beam,9,1,9,0.9,0.0,1.0,1.0,False,45,1,9,19,10,,,,,,
nonpaper diagnostic,169,cue,2,coherent-beam,10,1,10,1.0,0.0,1.0,1.0,True,10,0,0,10,10,,,,,,
nonpaper diagnostic,169,cue,3,coherent-beam,8,2,7,0.7,0.5435644431995964,0.7884615384615384,0.15384615384615385,False,8,2,20,28,10,,,,,,
nonpaper diagnostic,169,cue,4,coherent-beam,9,2,8,0.8,0.5032583347756457,0.8074074074074074,0.13333333333333333,False,21,1,9,19,10,,,,,,
nonpaper diagnostic,169,cue,5,coherent-beam,9,2,8,0.8,0.5032583347756457,0.8518518518518519,0.3333333333333333,False,12,1,10,19,10,,,,,,
nonpaper diagnostic,169,suffix,1,coherent-beam,9,2,8,0.8,0.5032583347756457,0.33708534645625376,0.05555555555555555,False,14,,,,,4,0.5,0.0,True,True,9
nonpaper diagnostic,169,suffix,2,coherent-beam,10,10,1,0.1,0.9999999999999998,0.3418510477907813,0.07874015748031496,False,31,,,,,4,0.5,0.0,False,True,10
nonpaper diagnostic,170,cue,1,coherent-beam,2,1,2,0.2,0.0,1.0,1.0,False,83,8,72,82,10,,,,,,
nonpaper diagnostic,170,cue,2,coherent-beam,8,2,7,0.7,0.5435644431995964,0.5826765188834154,0.06896551724137931,False,50,2,18,28,10,,,,,,
nonpaper diagnostic,170,cue,3,coherent-beam,5,3,3,0.3,0.8649735207179272,0.4672957920792079,0.03125,False,81,5,45,55,10,,,,,,
nonpaper diagnostic,170,cue,4,coherent-beam,9,2,8,0.8,0.5032583347756457,0.7810945273631841,0.014925373134328358,False,39,1,9,19,10,,,,,,
nonpaper diagnostic,170,cue,5,coherent-beam,10,2,9,0.9,0.46899559358928117,0.8028571428571428,0.014285714285714285,False,16,0,0,10,10,,,,,,
nonpaper diagnostic,170,suffix,1,coherent-beam,10,4,7,0.7,0.6783898247235197,0.5350688763810715,0.08547008547008547,True,14,,,,,4,0.5,0.0,True,True,10
nonpaper diagnostic,170,suffix,2,coherent-beam,10,2,9,0.9,0.46899559358928117,0.8165289256198348,0.08264462809917356,True,10,,,,,4,0.5,0.0,True,True,10
nonpaper diagnostic,170,suffix,3,coherent-beam,8,3,6,0.6,0.6695919455357792,0.6048358473824312,0.14285714285714285,False,8,,,,,4,0.5,0.0,True,True,8
nonpaper diagnostic,170,suffix,4,coherent-beam,10,7,4,0.4,0.8983289127685206,0.2319705765485185,0.0896551724137931,False,31,,,,,4,0.5,0.0,False,True,10
nonpaper diagnostic,171,cue,1,coherent-beam,5,1,5,0.5,0.0,0.4571150097465887,0.20833333333333334,False,66,5,45,55,10,,,,,,
nonpaper diagnostic,171,cue,2,coherent-beam,4,2,3,0.3,0.8112781244591328,0.7941176470588235,0.5882352941176471,False,95,6,54,64,10,,,,,,
nonpaper diagnostic,171,cue,3,coherent-beam,8,2,7,0.7,0.5435644431995964,0.875,0.5,False,34,2,18,28,10,,,,,,
nonpaper diagnostic,171,cue,4,coherent-beam,7,2,6,0.6,0.5916727785823274,0.40272007498630624,0.07142857142857142,False,78,3,27,37,10,,,,,,
nonpaper diagnostic,171,cue,5,coherent-beam,8,1,8,0.8,0.0,1.0,1.0,False,32,2,18,28,10,,,,,,
nonpaper diagnostic,171,suffix,1,coherent-beam,10,3,5,0.5,0.9372305632161295,0.320434179590816,0.007692307692307693,False,45,,,,,4,0.5,0.0,True,True,10
nonpaper diagnostic,171,suffix,2,coherent-beam,9,4,6,0.6,0.7233083338141042,0.48546550963936025,0.0,False,12,,,,,4,0.5,0.0,True,True,9
nonpaper diagnostic,171,suffix,3,coherent-beam,8,2,7,0.7,0.5435644431995964,0.8043478260869564,0.21739130434782608,False,9,,,,,4,0.5,0.0,True,True,8
nonpaper diagnostic,171,suffix,4,coherent-beam,9,2,8,0.8,0.5032583347756457,0.803921568627451,0.11764705882352941,False,9,,,,,4,0.5,0.0,False,False,9
nonpaper diagnostic,172,cue,1,coherent-beam,8,3,6,0.6,0.6695919455357792,0.5917058082254554,0.0,False,32,2,18,28,10,,,,,,
nonpaper diagnostic,172,cue,2,coherent-beam,9,1,9,0.9,0.0,1.0,1.0,False,19,1,9,19,10,,,,,,
nonpaper diagnostic,172,cue,3,coherent-beam,10,1,10,1.0,0.0,1.0,1.0,True,10,0,0,10,10,,,,,,
nonpaper diagnostic,172,cue,4,coherent-beam,10,1,10,1.0,0.0,1.0,1.0,True,10,0,0,10,10,,,,,,
nonpaper diagnostic,172,cue,5,coherent-beam,10,2,9,0.9,0.46899559358928117,0.8137931034482758,0.06896551724137931,True,10,0,0,10,10,,,,,,
nonpaper diagnostic,172,suffix,1,coherent-beam,10,3,7,0.7,0.7298466991620975,0.5408570018895755,0.06504065040650407,False,51,,,,,4,0.5,0.0,True,True,10
nonpaper diagnostic,172,suffix,2,coherent-beam,8,2,7,0.7,0.5435644431995964,0.7896825396825397,0.15873015873015872,False,8,,,,,4,0.5,0.0,True,True,8
nonpaper diagnostic,172,suffix,3,coherent-beam,8,4,3,0.3,0.9056390622295664,0.3340012921220497,0.1320754716981132,False,26,,,,,4,0.5,0.0,False,True,8
nonpaper diagnostic,173,cue,1,coherent-beam,4,1,4,0.4,0.0,1.0,1.0,False,82,6,54,64,10,,,,,,
nonpaper diagnostic,173,cue,2,coherent-beam,10,2,9,0.9,0.46899559358928117,0.8425531914893617,0.2127659574468085,True,26,0,0,10,10,,,,,,
nonpaper diagnostic,173,cue,3,coherent-beam,10,2,9,0.9,0.46899559358928117,0.8454545454545455,0.22727272727272727,True,10,0,0,10,10,,,,,,
nonpaper diagnostic,173,cue,4,coherent-beam,10,2,9,0.9,0.46899559358928117,0.9111111111111111,0.5555555555555556,True,10,0,0,10,10,,,,,,
nonpaper diagnostic,173,cue,5,coherent-beam,3,1,3,0.3,0.0,0.4335922697991663,0.28846153846153844,False,18,7,67,73,10,,,,,,
nonpaper diagnostic,173,suffix,1,coherent-beam,9,5,2,0.2,0.9823887817956213,0.18147653776218245,0.03225806451612903,False,96,,,,,4,0.5,0.0,False,True,9
nonpaper diagnostic,173,suffix,2,coherent-beam,4,1,4,0.4,0.0,0.9393939393939394,0.9090909090909091,False,4,,,,,4,0.5,0.0,True,True,4
nonpaper diagnostic,173,suffix,3,coherent-beam,9,2,7,0.7,0.7642045065086203,0.8876262626262625,0.75,False,11,,,,,4,0.5,0.0,False,False,9
nonpaper diagnostic,173,suffix,4,coherent-beam,8,5,2,0.2,0.9690222556651344,0.40936925181170747,0.17647058823529413,False,20,,,,,4,0.5,0.0,False,False,8
nonpaper diagnostic,174,cue,1,coherent-beam,5,4,2,0.2,0.9609640474436812,0.18689887745114672,0.02,False,83,5,46,55,10,,,,,,
nonpaper diagnostic,174,cue,2,coherent-beam,9,1,9,0.9,0.0,1.0,1.0,False,38,1,9,19,10,,,,,,
nonpaper diagnostic,174,cue,3,coherent-beam,8,2,7,0.7,0.5435644431995964,0.8157894736842105,0.2631578947368421,False,9,2,20,28,10,,,,,,
nonpaper diagnostic,174,cue,4,coherent-beam,9,2,7,0.7,0.7642045065086203,0.6970029239766081,0.20833333333333334,False,23,1,9,19,10,,,,,,
nonpaper diagnostic,174,cue,5,coherent-beam,6,1,6,0.6,0.0,0.404310139662722,0.3170731707317073,False,67,4,37,46,10,,,,,,
nonpaper diagnostic,174,suffix,1,coherent-beam,9,4,4,0.4,0.9182958340544894,0.6843604312354312,0.12121212121212122,False,54,,,,,4,0.5,0.0,False,False,9
nonpaper diagnostic,174,suffix,2,coherent-beam,9,2,5,0.5,0.9910760598382222,0.8686868686868687,0.75,False,11,,,,,4,0.5,0.0,False,False,9
nonpaper diagnostic,174,suffix,3,coherent-beam,8,5,3,0.3,0.9283832117695864,0.5169413543639788,0.3103448275862069,False,20,,,,,4,0.5,0.0,False,False,8
nonpaper diagnostic,175,cue,1,coherent-beam,5,1,5,0.5,0.0,1.0,1.0,False,88,5,45,55,10,,,,,,
nonpaper diagnostic,175,cue,2,coherent-beam,9,1,9,0.9,0.0,0.5338088172689255,0.2222222222222222,False,55,1,9,19,10,,,,,,
nonpaper diagnostic,175,cue,3,coherent-beam,10,4,7,0.7,0.6783898247235197,0.6216728230195322,0.1411764705882353,True,34,0,0,10,10,,,,,,
nonpaper diagnostic,175,cue,4,coherent-beam,8,1,8,0.8,0.0,1.0,1.0,False,8,2,20,28,10,,,,,,
nonpaper diagnostic,175,cue,5,coherent-beam,9,1,9,0.9,0.0,1.0,1.0,False,40,1,9,19,10,,,,,,
nonpaper diagnostic,175,suffix,1,coherent-beam,2,1,2,0.2,0.0,1.0,1.0,False,2,,,,,4,0.5,0.0,True,True,2
nonpaper diagnostic,176,cue,1,coherent-beam,5,1,5,0.5,0.0,1.0,1.0,False,66,5,45,55,10,,,,,,
nonpaper diagnostic,176,cue,2,coherent-beam,8,2,7,0.7,0.5435644431995964,0.75,0.0,False,47,2,18,28,10,,,,,,
nonpaper diagnostic,176,cue,3,coherent-beam,5,1,5,0.5,0.0,0.6012181616832779,0.4666666666666667,False,38,5,48,55,10,,,,,,
nonpaper diagnostic,176,cue,4,coherent-beam,10,1,10,1.0,0.0,1.0,1.0,True,31,0,0,10,10,,,,,,
nonpaper diagnostic,176,cue,5,coherent-beam,10,3,8,0.8,0.5816718657178868,0.6744996305863843,0.1282051282051282,True,10,0,0,10,10,,,,,,
nonpaper diagnostic,176,suffix,1,coherent-beam,8,1,8,0.8,0.0,1.0,1.0,False,8,,,,,4,0.5,0.0,True,True,8
nonpaper diagnostic,176,suffix,2,coherent-beam,8,3,6,0.6,0.6695919455357792,0.5825396825396825,0.1,False,8,,,,,4,0.5,0.0,True,True,8
nonpaper diagnostic,176,suffix,3,coherent-beam,9,5,4,0.4,0.886682880001534,0.3140784981508621,0.1111111111111111,False,28,,,,,4,0.5,0.0,False,True,9
nonpaper diagnostic,176,suffix,4,coherent-beam,9,6,3,0.3,0.935944697445866,0.8019323671497585,0.10869565217391304,False,30,,,,,4,0.5,0.0,False,False,9
nonpaper diagnostic,177,cue,1,coherent-beam,4,3,2,0.2,0.946394630357186,0.20885178559597165,0.007692307692307693,False,88,6,54,64,10,,,,,,
nonpaper diagnostic,177,cue,2,coherent-beam,6,2,5,0.5,0.6500224216483541,0.7,0.1,False,50,4,37,46,10,,,,,,
nonpaper diagnostic,177,cue,3,coherent-beam,9,3,5,0.5,0.8527924884900404,0.42513438696515693,0.14084507042253522,False,38,1,10,19,10,,,,,,
nonpaper diagnostic,177,cue,4,coherent-beam,10,2,9,0.9,0.46899559358928117,0.8435672514619883,0.4166666666666667,True,27,0,0,10,10,,,,,,
nonpaper diagnostic,177,cue,5,coherent-beam,10,1,10,1.0,0.0,1.0,1.0,True,10,0,0,10,10,,,,,,
nonpaper diagnostic,177,suffix,1,coherent-beam,6,5,2,0.2,0.9697238998682473,0.4148652343822328,0.2127659574468085,False,6,,,,,4,0.5,0.0,True,True,6
nonpaper diagnostic,177,suffix,2,coherent-beam,7,1,7,0.7,0.0,1.0,1.0,False,7,,,,,4,0.5,0.0,True,True,7
nonpaper diagnostic,177,suffix,3,coherent-beam,10,1,10,1.0,0.0,1.0,1.0,True,10,,,,,4,0.5,0.0,True,True,10
nonpaper diagnostic,177,suffix,4,coherent-beam,9,1,9,0.9,0.0,1.0,1.0,False,9,,,,,4,0.5,0.0,False,False,9
nonpaper diagnostic,178,cue,1,coherent-beam,6,1,6,0.6,0.0,0.7157894736842105,0.5263157894736842,False,88,4,36,46,10,,,,,,
nonpaper diagnostic,178,cue,2,coherent-beam,9,1,9,0.9,0.0,0.7530864197530864,0.5555555555555556,False,11,1,10,19,10,,,,,,
nonpaper diagnostic,178,cue,3,coherent-beam,5,1,5,0.5,0.0,1.0,1.0,False,71,5,45,55,10,,,,,,
nonpaper diagnostic,178,cue,4,coherent-beam,7,1,7,0.7,0.0,1.0,1.0,False,49,3,27,37,10,,,,,,
nonpaper diagnostic,178,cue,5,coherent-beam,8,1,8,0.8,0.0,1.0,1.0,False,50,2,18,28,10,,,,,,
nonpaper diagnostic,178,suffix,1,coherent-beam,10,4,7,0.7,0.6783898247235197,0.5379146881342957,0.03773584905660377,False,18,,,,,4,0.5,0.0,True,True,10
nonpaper diagnostic,178,suffix,2,coherent-beam,10,1,10,1.0,0.0,1.0,1.0,True,14,,,,,4,0.5,0.0,True,True,10
nonpaper diagnostic,178,suffix,3,coherent-beam,3,1,3,0.3,0.0,1.0,1.0,False,3,,,,,4,0.5,0.0,True,True,3
nonpaper diagnostic,179,cue,1,coherent-beam,6,3,4,0.4,0.7896900821428474,0.5062962740984916,0.14084507042253522,False,73,4,36,46,10,,,,,,
nonpaper diagnostic,179,cue,2,coherent-beam,9,2,8,0.8,0.5032583347756457,0.6000514403292181,0.0,False,44,1,9,19,10,,,,,,
nonpaper diagnostic,179,cue,3,coherent-beam,9,2,8,0.8,0.5032583347756457,0.8090766823161188,0.14084507042253522,False,30,1,9,19,10,,,,,,
nonpaper diagnostic,179,cue,4,coherent-beam,9,2,8,0.8,0.5032583347756457,0.8174603174603174,0.17857142857142858,False,17,1,10,19,10,,,,,,
nonpaper diagnostic,179,cue,5,coherent-beam,9,1,9,0.9,0.0,1.0,1.0,False,9,1,10,19,10,,,,,,
nonpaper diagnostic,179,suffix,1,coherent-beam,10,1,10,1.0,0.0,1.0,1.0,True,12,,,,,4,0.5,0.0,True,True,10
nonpaper diagnostic,179,suffix,2,coherent-beam,10,6,5,0.5,0.8359750080865052,0.39706674735701686,0.07547169811320754,False,21,,,,,4,0.5,0.0,True,True,10
nonpaper diagnostic,179,suffix,3,coherent-beam,10,1,10,1.0,0.0,1.0,1.0,True,10,,,,,4,0.5,0.0,True,True,10
nonpaper diagnostic,179,suffix,4,coherent-beam,5,2,4,0.4,0.7219280948873623,0.6888888888888889,0.2222222222222222,False,6,,,,,4,0.5,0.0,True,True,5
nonpaper diagnostic,180,cue,1,coherent-beam,5,1,5,0.5,0.0,0.7,0.5,False,82,5,45,55,10,,,,,,
nonpaper diagnostic,180,cue,2,coherent-beam,9,1,9,0.9,0.0,1.0,1.0,False,43,1,9,19,10,,,,,,
nonpaper diagnostic,180,cue,3,coherent-beam,5,3,3,0.3,0.8649735207179272,0.5815789473684211,0.3157894736842105,False,64,5,45,55,10,,,,,,
nonpaper diagnostic,180,cue,4,coherent-beam,10,1,10,1.0,0.0,1.0,1.0,True,44,0,0,10,10,,,,,,
nonpaper diagnostic,180,cue,5,coherent-beam,7,1,7,0.7,0.0,0.8823529411764707,0.5882352941176471,False,7,3,30,37,10,,,,,,
nonpaper diagnostic,180,suffix,1,coherent-beam,10,9,2,0.2,0.9848586617875463,0.18897801725548236,0.022727272727272728,False,87,,,,,4,0.5,0.0,False,True,10
nonpaper diagnostic,180,suffix,2,coherent-beam,3,1,3,0.3,0.0,0.9393939393939394,0.9090909090909091,False,3,,,,,4,0.5,0.0,False,False,3
nonpaper diagnostic,180,suffix,3,coherent-beam,2,1,2,0.2,0.0,0.9090909090909091,0.9090909090909091,False,2,,,,,4,0.5,0.0,False,False,2
nonpaper diagnostic,181,cue,1,coherent-beam,10,3,8,0.8,0.5816718657178868,0.6424242424242425,0.0,True,27,0,0,10,10,,,,,,
nonpaper diagnostic,181,cue,2,coherent-beam,8,4,5,0.5,0.7743974703476992,0.5378901648928399,0.11320754716981132,False,9,2,20,28,10,,,,,,
nonpaper diagnostic,181,cue,3,coherent-beam,10,1,10,1.0,0.0,1.0,1.0,True,17,0,0,10,10,,,,,,
nonpaper diagnostic,181,cue,4,coherent-beam,10,2,9,0.9,0.46899559358928117,0.8408163265306123,0.20408163265306123,True,10,0,0,10,10,,,,,,
nonpaper diagnostic,181,cue,5,coherent-beam,8,5,4,0.4,0.8613531161467861,0.4094925717494794,0.07518796992481203,False,10,2,20,28,10,,,,,,
nonpaper diagnostic,181,suffix,1,coherent-beam,10,2,9,0.9,0.46899559358928117,0.8392156862745098,0.19607843137254902,True,14,,,,,4,0.5,0.0,True,True,10
nonpaper diagnostic,181,suffix,2,coherent-beam,9,5,4,0.4,0.886682880001534,0.35991558755443953,0.06521739130434782,False,13,,,,,4,0.5,0.0,True,True,9
nonpaper diagnostic,181,suffix,3,coherent-beam,10,2,9,0.9,0.46899559358928117,0.8229885057471265,0.11494252873563218,True,10,,,,,4,0.5,0.0,True,True,10
nonpaper diagnostic,181,suffix,4,coherent-beam,9,1,9,0.9,0.0,1.0,1.0,False,9,,,,,4,0.5,0.0,True,True,9
nonpaper diagnostic,182,cue,1,coherent-beam,8,4,5,0.5,0.7743974703476992,0.4412208050071717,0.039473684210526314,False,88,2,18,28,10,,,,,,
nonpaper diagnostic,182,cue,2,coherent-beam,10,2,9,0.9,0.46899559358928117,0.8416666666666667,0.20833333333333334,True,11,0,0,10,10,,,,,,
nonpaper diagnostic,182,cue,3,coherent-beam,7,1,7,0.7,0.0,1.0,1.0,False,7,3,30,37,10,,,,,,
nonpaper diagnostic,182,cue,4,coherent-beam,5,2,4,0.4,0.7219280948873623,0.6379310344827587,0.3793103448275862,False,61,5,45,55,10,,,,,,
nonpaper diagnostic,182,cue,5,coherent-beam,7,1,7,0.7,0.0,1.0,1.0,False,16,3,27,37,10,,,,,,
nonpaper diagnostic,182,suffix,1,coherent-beam,10,2,5,0.5,1.0,0.5101676610781423,0.17543859649122806,True,21,,,,,4,0.5,0.0,True,True,10
nonpaper diagnostic,182,suffix,2,coherent-beam,9,7,3,0.3,0.9409583900892994,0.3159062310476025,0.1206896551724138,False,38,,,,,4,0.5,0.0,True,True,9
nonpaper diagnostic,182,suffix,3,coherent-beam,10,3,5,0.5,0.9372305632161295,0.8610814022578729,0.5882352941176471,False,34,,,,,4,0.5,0.0,False,True,10
nonpaper diagnostic,182,suffix,4,coherent-beam,8,3,6,0.6,0.6695919455357792,1.0,1.0,False,11,,,,,4,0.5,0.0,False,False,8
nonpaper diagnostic,183,cue,1,coherent-beam,8,1,8,0.8,0.0,0.875,0.5,False,46,2,18,28,10,,,,,,
nonpaper diagnostic,183,cue,2,coherent-beam,8,2,7,0.7,0.5435644431995964,0.875,0.5,False,33,2,20,28,10,,,,,,
nonpaper diagnostic,183,cue,3,coherent-beam,10,1,10,1.0,0.0,1.0,1.0,True,10,0,0,10,10,,,,,,
nonpaper diagnostic,183,cue,4,coherent-beam,9,1,9,0.9,0.0,1.0,1.0,False,9,1,10,19,10,,,,,,
nonpaper diagnostic,183,cue,5,coherent-beam,7,3,5,0.5,0.7248340915057598,0.5752123938030985,0.13043478260869565,False,15,3,29,37,10,,,,,,
nonpaper diagnostic,183,suffix,1,coherent-beam,10,4,5,0.5,0.8427376486136672,0.2941826729628587,0.027777777777777776,False,23,,,,,4,0.5,0.0,False,True,10
nonpaper diagnostic,183,suffix,2,coherent-beam,9,5,4,0.4,0.886682880001534,0.5501242607333547,0.10869565217391304,False,13,,,,,4,0.5,0.0,False,False,9
nonpaper diagnostic,183,suffix,3,coherent-beam,7,1,7,0.7,0.0,1.0,1.0,False,7,,,,,4,0.5,0.0,False,False,7
nonpaper diagnostic,183,suffix,4,coherent-beam,3,1,3,0.3,0.0,1.0,1.0,False,3,,,,,4,0.5,0.0,False,False,3
nonpaper diagnostic,184,cue,1,coherent-beam,5,1,5,0.5,0.0,1.0,1.0,False,82,5,45,55,10,,,,,,
nonpaper diagnostic,184,cue,2,coherent-beam,9,3,7,0.7,0.6223659728744494,0.6057156617723628,0.0,False,32,1,10,19,10,,,,,,
nonpaper diagnostic,184,cue,3,coherent-beam,9,1,9,0.9,0.0,1.0,1.0,False,21,1,10,19,10,,,,,,
nonpaper diagnostic,184,cue,4,coherent-beam,10,2,9,0.9,0.46899559358928117,0.8126582278481013,0.06329113924050633,True,10,0,0,10,10,,,,,,
nonpaper diagnostic,184,cue,5,coherent-beam,10,2,9,0.9,0.46899559358928117,0.9,0.5,True,10,0,0,10,10,,,,,,
nonpaper diagnostic,184,suffix,1,coherent-beam,5,1,5,0.5,0.0,1.0,1.0,False,5,,,,,4,0.5,0.0,True,True,5
nonpaper diagnostic,184,suffix,2,coherent-beam,9,2,8,0.8,0.5032583347756457,1.0,1.0,False,12,,,,,4,0.5,0.0,True,True,9
nonpaper diagnostic,184,suffix,3,coherent-beam,8,1,8,0.8,0.0,1.0,1.0,False,8,,,,,4,0.5,0.0,True,True,8
nonpaper diagnostic,184,suffix,4,coherent-beam,7,3,5,0.5,0.7248340915057598,0.5932566458882248,0.17543859649122806,False,7,,,,,4,0.5,0.0,False,False,7
nonpaper diagnostic,185,cue,1,coherent-beam,8,3,6,0.6,0.6695919455357792,0.6236587711306812,0.11235955056179775,False,62,2,18,28,10,,,,,,
nonpaper diagnostic,185,cue,2,coherent-beam,9,2,8,0.8,0.5032583347756457,0.8412698412698413,0.2857142857142857,False,24,1,9,19,10,,,,,,
nonpaper diagnostic,185,cue,3,coherent-beam,7,1,7,0.7,0.0,1.0,1.0,False,35,3,27,37,10,,,,,,
nonpaper diagnostic,185,cue,4,coherent-beam,5,1,5,0.5,0.0,1.0,1.0,False,39,5,45,55,10,,,,,,
nonpaper diagnostic,185,cue,5,coherent-beam,10,2,9,0.9,0.46899559358928117,0.8338983050847457,0.1694915254237288,True,39,0,0,10,10,,,,,,
nonpaper diagnostic,185,suffix,1,coherent-beam,9,2,8,0.8,0.5032583347756457,0.8888888888888888,0.5,False,9,,,,,4,0.5,0.0,True,True,9
nonpaper diagnostic,185,suffix,2,coherent-beam,9,2,7,0.7,0.7642045065086203,0.4280912789589011,0.10869565217391304,False,9,,,,,4,0.5,0.0,True,True,9
nonpaper diagnostic,185,suffix,3,coherent-beam,10,4,7,0.7,0.6783898247235197,0.5971854041621484,0.20512820512820512,False,43,,,,,4,0.5,0.0,True,True,10
nonpaper diagnostic,185,suffix,4,coherent-beam,10,2,9,0.9,0.46899559358928117,1.0,1.0,False,18,,,,,4,0.5,0.0,True,True,10
nonpaper diagnostic,186,cue,1,coherent-beam,5,2,4,0.4,0.7219280948873623,0.6210526315789473,0.05263157894736842,False,66,5,45,55,10,,,,,,
nonpaper diagnostic,186,cue,2,coherent-beam,9,2,8,0.8,0.5032583347756457,0.8282828282828283,0.22727272727272727,False,31,1,9,19,10,,,,,,
nonpaper diagnostic,186,cue,3,coherent-beam,10,7,4,0.4,0.8983289127685206,0.4144775694980404,0.09090909090909091,True,26,0,0,10,10,,,,,,
nonpaper diagnostic,186,cue,4,coherent-beam,9,2,8,0.8,0.5032583347756457,0.803921568627451,0.11764705882352941,False,9,1,10,19,10,,,,,,
nonpaper diagnostic,186,cue,5,coherent-beam,10,1,10,1.0,0.0,1.0,1.0,True,13,0,0,10,10,,,,,,
nonpaper diagnostic,186,suffix,1,coherent-beam,9,2,8,0.8,0.5032583347756457,0.8888888888888888,0.5,False,9,,,,,4,0.5,0.0,True,True,9
nonpaper diagnostic,186,suffix,2,coherent-beam,10,1,10,1.0,0.0,1.0,1.0,True,10,,,,,4,0.5,0.0,True,True,10
nonpaper diagnostic,186,suffix,3,coherent-beam,8,3,6,0.6,0.6695919455357792,0.6441430422594807,0.1643835616438356,False,10,,,,,4,0.5,0.0,True,True,8
nonpaper diagnostic,186,suffix,4,coherent-beam,9,2,8,0.8,0.5032583347756457,0.8174603174603174,0.17857142857142858,False,9,,,,,4,0.5,0.0,True,True,9
nonpaper diagnostic,187,cue,1,coherent-beam,10,2,9,0.9,0.46899559358928117,0.828169014084507,0.14084507042253522,True,45,0,0,10,10,,,,,,
nonpaper diagnostic,187,cue,2,coherent-beam,10,1,10,1.0,0.0,1.0,1.0,True,10,0,0,10,10,,,,,,
nonpaper diagnostic,187,cue,3,coherent-beam,5,2,4,0.4,0.7219280948873623,0.5284914361059831,0.2,False,7,5,49,55,10,,,,,,
nonpaper diagnostic,187,cue,4,coherent-beam,4,1,4,0.4,0.0,1.0,1.0,False,62,6,55,64,10,,,,,,
nonpaper diagnostic,187,cue,5,coherent-beam,10,2,9,0.9,0.46899559358928117,0.8454545454545455,0.22727272727272727,True,20,0,0,10,10,,,,,,
nonpaper diagnostic,187,suffix,1,coherent-beam,10,3,7,0.7,0.7298466991620975,0.5911863708167258,0.11627906976744186,False,14,,,,,4,0.5,0.0,True,True,10
nonpaper diagnostic,187,suffix,2,coherent-beam,9,1,9,0.9,0.0,1.0,1.0,False,9,,,,,4,0.5,0.0,True,True,9
nonpaper diagnostic,187,suffix,3,coherent-beam,10,2,9,0.9,0.46899559358928117,0.8416666666666667,0.20833333333333334,True,10,,,,,4,0.5,0.0,True,True,10
nonpaper diagnostic,187,suffix,4,coherent-beam,10,2,9,0.9,0.46899559358928117,0.8357142857142856,0.17857142857142858,True,10,,,,,4,0.5,0.0,True,True,10
nonpaper diagnostic,188,cue,1,coherent-beam,5,1,5,0.5,0.0,0.7,0.5,False,94,5,45,55,10,,,,,,
nonpaper diagnostic,188,cue,2,coherent-beam,7,1,7,0.7,0.0,1.0,1.0,False,35,3,27,37,10,,,,,,
nonpaper diagnostic,188,cue,3,coherent-beam,10,3,8,0.8,0.5816718657178868,0.7142244126020894,0.21739130434782608,True,16,0,0,10,10,,,,,,
nonpaper diagnostic,188,cue,4,coherent-beam,10,1,10,1.0,0.0,1.0,1.0,True,10,0,0,10,10,,,,,,
nonpaper diagnostic,188,cue,5,coherent-beam,10,2,9,0.9,0.46899559358928117,0.8344827586206895,0.1724137931034483,True,10,0,0,10,10,,,,,,
nonpaper diagnostic,188,suffix,1,coherent-beam,5,2,4,0.4,0.7219280948873623,0.6541353383458647,0.13533834586466165,False,5,,,,,4,0.5,0.0,True,True,5
nonpaper diagnostic,188,suffix,2,coherent-beam,9,4,4,0.4,0.8763576394898523,0.6339770663601073,0.3333333333333333,False,13,,,,,4,0.5,0.0,True,True,9
nonpaper diagnostic,188,suffix,3,coherent-beam,7,1,7,0.7,0.0,1.0,1.0,False,7,,,,,4,0.5,0.0,False,False,7
nonpaper diagnostic,188,suffix,4,coherent-beam,3,1,3,0.3,0.0,1.0,1.0,False,3,,,,,4,0.5,0.0,False,False,3
nonpaper diagnostic,189,cue,1,coherent-beam,8,1,8,0.8,0.0,1.0,1.0,False,46,2,18,28,10,,,,,,
nonpaper diagnostic,189,cue,2,coherent-beam,6,3,4,0.4,0.7896900821428474,0.5362519869172544,0.1511627906976744,False,74,4,36,46,10,,,,,,
nonpaper diagnostic,189,cue,3,coherent-beam,10,3,8,0.8,0.5816718657178868,0.8666666666666667,0.3333333333333333,True,16,0,0,10,10,,,,,,
nonpaper diagnostic,189,cue,4,coherent-beam,10,3,8,0.8,0.5816718657178868,0.734673609310633,0.19642857142857142,True,10,0,0,10,10,,,,,,
nonpaper diagnostic,189,cue,5,coherent-beam,7,1,7,0.7,0.0,1.0,1.0,False,7,3,30,37,10,,,,,,
nonpaper diagnostic,189,suffix,1,coherent-beam,10,7,2,0.2,0.969570350190125,0.1453006662019403,0.006289308176100629,False,89,,,,,4,0.5,0.0,False,True,10
nonpaper diagnostic,190,cue,1,coherent-beam,6,2,5,0.5,0.6500224216483541,0.6842105263157895,0.05263157894736842,False,84,4,36,46,10,,,,,,
nonpaper diagnostic,190,cue,2,coherent-beam,7,1,7,0.7,0.0,1.0,1.0,False,45,3,27,37,10,,,,,,
nonpaper diagnostic,190,cue,3,coherent-beam,10,1,10,1.0,0.0,1.0,1.0,True,22,0,0,10,10,,,,,,
nonpaper diagnostic,190,cue,4,coherent-beam,8,5,4,0.4,0.8613531161467861,0.3728424681361155,0.0970873786407767,False,8,2,20,28,10,,,,,,
nonpaper diagnostic,190,cue,5,coherent-beam,10,2,9,0.9,0.46899559358928117,0.8357142857142856,0.17857142857142858,True,11,0,0,10,10,,,,,,
nonpaper diagnostic,190,suffix,1,coherent-beam,9,3,7,0.7,0.6223659728744494,0.6465634706933115,0.1388888888888889,False,9,,,,,4,0.5,0.0,True,True,9
nonpaper diagnostic,190,suffix,2,coherent-beam,9,3,7,0.7,0.6223659728744494,0.7442637145154307,0.21739130434782608,False,9,,,,,4,0.5,0.0,True,True,9
nonpaper diagnostic,190,suffix,3,coherent-beam,8,2,7,0.7,0.5435644431995964,0.8214285714285714,0.2857142857142857,False,8,,,,,4,0.5,0.0,True,True,8
nonpaper diagnostic,190,suffix,4,coherent-beam,5,3,3,0.3,0.8649735207179272,0.5682461538461538,0.144,False,7,,,,,4,0.5,0.0,True,True,5
nonpaper diagnostic,191,cue,1,coherent-beam,9,2,8,0.8,0.5032583347756457,0.7798165137614679,0.009174311926605505,False,45,1,9,19,10,,,,,,
nonpaper diagnostic,191,cue,2,coherent-beam,8,2,7,0.7,0.5435644431995964,0.7884615384615384,0.15384615384615385,False,8,2,20,28,10,,,,,,
nonpaper diagnostic,191,cue,3,coherent-beam,9,4,6,0.6,0.7233083338141042,0.48530077023187246,0.010416666666666666,False,12,1,10,19,10,,,,,,
nonpaper diagnostic,191,cue,4,coherent-beam,10,2,9,0.9,0.46899559358928117,0.8425531914893617,0.2127659574468085,True,16,0,0,10,10,,,,,,
nonpaper diagnostic,191,cue,5,coherent-beam,10,2,9,0.9,0.46899559358928117,0.8357142857142856,0.17857142857142858,True,10,0,0,10,10,,,,,,
nonpaper diagnostic,191,suffix,1,coherent-beam,10,4,7,0.7,0.6783898247235197,0.5444515174963912,0.08849557522123894,True,10,,,,,4,0.5,0.0,True,True,10
nonpaper diagnostic,191,suffix,2,coherent-beam,9,5,5,0.5,0.809656833416415,0.43395795568681705,0.09696969696969697,False,19,,,,,4,0.5,0.0,True,True,9
nonpaper diagnostic,191,suffix,3,coherent-beam,10,2,9,0.9,0.46899559358928117,0.82,0.1,True,10,,,,,4,0.5,0.0,True,True,10
nonpaper diagnostic,191,suffix,4,coherent-beam,10,2,9,0.9,0.46899559358928117,0.8161290322580645,0.08064516129032258,True,10,,,,,4,0.5,0.0,True,True,10
nonpaper diagnostic,192,cue,1,coherent-beam,5,2,4,0.4,0.7219280948873623,0.8,0.5,False,90,5,45,55,10,,,,,,
nonpaper diagnostic,192,cue,2,coherent-beam,9,3,7,0.7,0.6223659728744494,0.6643179351512685,0.10989010989010989,False,41,1,9,19,10,,,,,,
nonpaper diagnostic,192,cue,3,coherent-beam,6,5,2,0.2,0.9697238998682473,0.4356000370417155,0.11578947368421053,False,64,4,36,46,10,,,,,,
nonpaper diagnostic,192,cue,4,coherent-beam,4,1,4,0.4,0.0,0.7777777777777778,0.5555555555555556,False,48,6,54,64,10,,,,,,
nonpaper diagnostic,192,cue,5,coherent-beam,4,2,3,0.3,0.8112781244591328,0.5112359550561798,0.02247191011235955,False,87,6,54,64,10,,,,,,
nonpaper diagnostic,192,suffix,1,coherent-beam,10,6,3,0.3,0.9464119282150146,0.37021801563976714,0.0,False,76,,,,,4,0.5,0.0,False,True,10
nonpaper diagnostic,193,cue,1,coherent-beam,4,2,3,0.3,0.8112781244591328,0.763157894736842,0.5263157894736842,False,82,6,54,64,10,,,,,,
nonpaper diagnostic,193,cue,2,coherent-beam,9,1,9,0.9,0.0,1.0,1.0,False,34,1,9,19,10,,,,,,
nonpaper diagnostic,193,cue,3,coherent-beam,10,2,9,0.9,0.46899559358928117,0.8689655172413794,0.3448275862068966,True,17,0,0,10,10,,,,,,
nonpaper diagnostic,193,cue,4,coherent-beam,8,3,6,0.6,0.6695919455357792,0.7783882783882784,0.46153846153846156,False,10,2,20,28,10,,,,,,
nonpaper diagnostic,193,cue,5,coherent-beam,9,1,9,0.9,0.0,1.0,1.0,False,15,1,10,19,10,,,,,,
nonpaper diagnostic,193,suffix,1,coherent-beam,10,6,4,0.4,0.8982444017039272,0.24308662739536652,0.00819672131147541,False,47,,,,,4,0.5,0.0,True,True,10
nonpaper diagnostic,193,suffix,2,coherent-beam,9,1,9,0.9,0.0,1.0,1.0,False,10,,,,,4,0.5,0.0,True,True,9
nonpaper diagnostic,193,suffix,3,coherent-beam,7,2,6,0.6,0.5916727785823274,0.4745050792898937,0.3068181818181818,False,7,,,,,4,0.5,0.0,True,True,7
nonpaper diagnostic,193,suffix,4,coherent-beam,9,9,1,0.1,1.0,0.2983654126018277,0.07874015748031496,False,26,,,,,4,0.5,0.0,False,False,9
nonpaper diagnostic,194,cue,1,coherent-beam,3,2,2,0.2,0.9182958340544894,0.3526570048309179,0.028985507246376812,False,37,7,63,73,10,,,,,,
nonpaper diagnostic,194,cue,2,coherent-beam,3,2,2,0.2,0.9182958340544894,0.4166666666666667,0.125,False,98,7,63,73,10,,,,,,
nonpaper diagnostic,194,cue,3,coherent-beam,10,2,9,0.9,0.46899559358928117,0.9,0.5,True,33,0,0,10,10,,,,,,
nonpaper diagnostic,194,cue,4,coherent-beam,9,5,5,0.5,0.809656833416415,0.5438717896693225,0.2702702702702703,False,42,1,9,19,10,,,,,,
nonpaper diagnostic,194,cue,5,coherent-beam,9,3,7,0.7,0.6223659728744494,0.787037037037037,0.3333333333333333,False,26,1,9,19,10,,,,,,
nonpaper diagnostic,194,suffix,1,coherent-beam,10,2,9,0.9,0.46899559358928117,0.8117647058823529,0.058823529411764705,False,23,,,,,4,0.5,0.0,True,True,10
nonpaper diagnostic,194,suffix,2,coherent-beam,10,2,9,0.9,0.46899559358928117,0.8307692307692308,0.15384615384615385,True,10,,,,,4,0.5,0.0,True,True,10
nonpaper diagnostic,194,suffix,3,coherent-beam,10,2,9,0.9,0.46899559358928117,0.8526315789473685,0.2631578947368421,True,10,,,,,4,0.5,0.0,True,True,10
nonpaper diagnostic,194,suffix,4,coherent-beam,10,6,4,0.4,0.8982444017039272,0.31327256988264335,0.08,False,38,,,,,4,0.5,0.0,True,True,10
nonpaper diagnostic,195,cue,1,coherent-beam,4,2,3,0.3,0.8112781244591328,0.5263157894736842,0.05263157894736842,False,94,6,54,64,10,,,,,,
nonpaper diagnostic,195,cue,2,coherent-beam,10,3,8,0.8,0.5816718657178868,0.6814814814814815,0.0,True,39,0,0,10,10,,,,,,
nonpaper diagnostic,195,cue,3,coherent-beam,10,4,7,0.7,0.6783898247235197,0.7117537567385013,0.21739130434782608,True,12,0,0,10,10,,,,,,
nonpaper diagnostic,195,cue,4,coherent-beam,5,1,5,0.5,0.0,1.0,1.0,False,9,5,50,55,10,,,,,,
nonpaper diagnostic,195,cue,5,coherent-beam,4,4,1,0.1,1.0,0.45953054362007784,0.3448275862068966,False,98,6,54,64,10,,,,,,
nonpaper diagnostic,195,suffix,1,coherent-beam,10,1,10,1.0,0.0,1.0,1.0,True,15,,,,,4,0.5,0.0,True,True,10
nonpaper diagnostic,195,suffix,2,coherent-beam,9,3,7,0.7,0.6223659728744494,0.6891266266266266,0.16666666666666666,False,11,,,,,4,0.5,0.0,True,True,9
nonpaper diagnostic,195,suffix,3,coherent-beam,9,2,8,0.8,0.5032583347756457,0.8947368421052632,0.5263157894736842,False,10,,,,,4,0.5,0.0,True,True,9
nonpaper diagnostic,195,suffix,4,coherent-beam,10,2,9,0.9,0.46899559358928117,0.8425531914893617,0.2127659574468085,True,10,,,,,4,0.5,0.0,True,True,10
nonpaper diagnostic,196,cue,1,coherent-beam,8,1,8,0.8,0.0,0.875,0.5,False,46,2,18,28,10,,,,,,
nonpaper diagnostic,196,cue,2,coherent-beam,9,3,7,0.7,0.6223659728744494,0.7993285683344163,0.4074074074074074,False,33,1,10,19,10,,,,,,
nonpaper diagnostic,196,cue,3,coherent-beam,6,3,4,0.4,0.7896900821428474,0.442994708994709,0.0,False,21,4,36,46,10,,,,,,
nonpaper diagnostic,196,cue,4,coherent-beam,6,4,3,0.3,0.8962406251802889,0.6343537114950943,0.37037037037037035,False,82,4,36,46,10,,,,,,
nonpaper diagnostic,196,cue,5,coherent-beam,8,3,6,0.6,0.6695919455357792,0.6116195220000293,0.1308411214953271,False,39,2,19,28,10,,,,,,
nonpaper diagnostic,196,suffix,1,coherent-beam,10,3,8,0.8,0.5816718657178868,0.653129722111703,0.017699115044247787,False,33,,,,,4,0.5,0.0,True,True,10
nonpaper diagnostic,196,suffix,2,coherent-beam,9,1,9,0.9,0.0,1.0,1.0,False,9,,,,,4,0.5,0.0,True,True,9
nonpaper diagnostic,196,suffix,3,coherent-beam,9,1,9,0.9,0.0,1.0,1.0,False,9,,,,,4,0.5,0.0,True,True,9
nonpaper diagnostic,196,suffix,4,coherent-beam,8,4,5,0.5,0.7743974703476992,0.6217060508413892,0.24444444444444444,False,9,,,,,4,0.5,0.0,True,True,8
nonpaper diagnostic,197,cue,1,coherent-beam,8,2,7,0.7,0.5435644431995964,0.7573529411764707,0.029411764705882353,False,50,2,18,28,10,,,,,,
nonpaper diagnostic,197,cue,2,coherent-beam,10,2,9,0.9,0.46899559358928117,0.8444444444444444,0.2222222222222222,True,15,0,0,10,10,,,,,,
nonpaper diagnostic,197,cue,3,coherent-beam,10,1,10,1.0,0.0,1.0,1.0,True,10,0,0,10,10,,,,,,
nonpaper diagnostic,197,cue,4,coherent-beam,5,1,5,0.5,0.0,1.0,1.0,False,9,5,50,55,10,,,,,,
nonpaper diagnostic,197,cue,5,coherent-beam,4,2,3,0.3,0.8112781244591328,0.5499999999999999,0.1,False,88,6,54,64,10,,,,,,
nonpaper diagnostic,197,suffix,1,coherent-beam,10,3,8,0.8,0.5816718657178868,0.6667383680149638,0.015384615384615385,False,24,,,,,4,0.5,0.0,True,True,10
nonpaper diagnostic,197,suffix,2,coherent-beam,9,1,9,0.9,0.0,1.0,1.0,False,9,,,,,4,0.5,0.0,True,True,9
nonpaper diagnostic,197,suffix,3,coherent-beam,6,2,5,0.5,0.6500224216483541,0.49637856838777356,0.3106796116504854,False,7,,,,,4,0.5,0.0,True,True,6
nonpaper diagnostic,197,suffix,4,coherent-beam,9,9,1,0.1,1.0,0.33964158551110063,0.07874015748031496,False,26,,,,,4,0.5,0.0,False,True,9
nonpaper diagnostic,198,cue,1,coherent-beam,8,2,7,0.7,0.5435644431995964,0.7522321428571429,0.008928571428571428,False,52,2,18,28,10,,,,,,
nonpaper diagnostic,198,cue,2,coherent-beam,9,2,8,0.8,0.5032583347756457,0.6000514403292181,0.0,False,25,1,9,19,10,,,,,,
nonpaper diagnostic,198,cue,3,coherent-beam,10,1,10,1.0,0.0,1.0,1.0,True,30,0,0,10,10,,,,,,
nonpaper diagnostic,198,cue,4,coherent-beam,9,1,9,0.9,0.0,1.0,1.0,False,9,1,10,19,10,,,,,,
nonpaper diagnostic,198,cue,5,coherent-beam,9,2,8,0.8,0.5032583347756457,0.8947368421052632,0.5263157894736842,False,9,1,10,19,10,,,,,,
nonpaper diagnostic,198,suffix,1,coherent-beam,10,1,10,1.0,0.0,1.0,1.0,True,11,,,,,4,0.5,0.0,True,True,10
nonpaper diagnostic,198,suffix,2,coherent-beam,4,1,4,0.4,0.0,0.7777777777777777,0.6666666666666666,False,4,,,,,4,0.5,0.0,True,True,4
nonpaper diagnostic,198,suffix,3,coherent-beam,8,1,8,0.8,0.0,1.0,1.0,False,8,,,,,4,0.5,0.0,False,False,8
nonpaper diagnostic,198,suffix,4,coherent-beam,9,3,7,0.7,0.6223659728744494,0.6653689674523008,0.14772727272727273,False,9,,,,,4,0.5,0.0,False,False,9
nonpaper diagnostic,199,cue,1,coherent-beam,5,2,4,0.4,0.7219280948873623,0.6930232558139535,0.23255813953488372,False,82,5,45,55,10,,,,,,
nonpaper diagnostic,199,cue,2,coherent-beam,10,5,6,0.6,0.7627069065377661,0.5127379535120148,0.09803921568627451,True,20,0,0,10,10,,,,,,
nonpaper diagnostic,199,cue,3,coherent-beam,8,5,4,0.4,0.8613531161467861,0.5340304662756123,0.1320754716981132,False,38,2,20,28,10,,,,,,
nonpaper diagnostic,199,cue,4,coherent-beam,10,3,8,0.8,0.5816718657178868,0.6897886884222288,0.13333333333333333,True,14,0,0,10,10,,,,,,
nonpaper diagnostic,199,cue,5,coherent-beam,6,2,5,0.5,0.6500224216483541,0.3168292780452224,0.06329113924050633,False,6,4,40,46,10,,,,,,
nonpaper diagnostic,199,suffix,1,coherent-beam,9,5,4,0.4,0.886682880001534,0.5378713046366193,0.019867549668874173,False,58,,,,,4,0.5,0.0,True,True,9
nonpaper diagnostic,199,suffix,2,coherent-beam,9,1,9,0.9,0.0,1.0,1.0,False,9,,,,,4,0.5,0.0,False,False,9
nonpaper diagnostic,199,suffix,3,coherent-beam,9,2,8,0.8,0.5032583347756457,0.8174603174603174,0.17857142857142858,False,9,,,,,4,0.5,0.0,False,False,9
nonpaper diagnostic,199,suffix,4,coherent-beam,8,5,2,0.2,0.9690222556651344,0.24529028428327776,0.037037037037037035,False,25,,,,,4,0.5,0.0,False,False,8
nonpaper diagnostic,200,cue,1,coherent-beam,4,3,2,0.2,0.946394630357186,0.22721464154212692,0.011111111111111112,False,66,6,54,64,10,,,,,,
nonpaper diagnostic,200,cue,2,coherent-beam,8,2,7,0.7,0.5435644431995964,0.881578947368421,0.5263157894736842,False,81,2,18,28,10,,,,,,
nonpaper diagnostic,200,cue,3,coherent-beam,9,1,9,0.9,0.0,1.0,1.0,False,30,1,9,19,10,,,,,,
nonpaper diagnostic,200,cue,4,coherent-beam,10,2,9,0.9,0.46899559358928117,0.82,0.1,True,17,0,0,10,10,,,,,,
nonpaper diagnostic,200,cue,5,coherent-beam,10,2,9,0.9,0.46899559358928117,0.8526315789473685,0.2631578947368421,True,10,0,0,10,10,,,,,,
nonpaper diagnostic,200,suffix,1,coherent-beam,9,3,7,0.7,0.6223659728744494,0.6344575997988533,0.08849557522123894,False,9,,,,,4,0.5,0.0,True,True,9
nonpaper diagnostic,200,suffix,2,coherent-beam,10,7,4,0.4,0.8983289127685206,0.5286415150440918,0.22916666666666666,True,18,,,,,4,0.5,0.0,True,True,10
nonpaper diagnostic,200,suffix,3,coherent-beam,10,4,7,0.7,0.6783898247235197,0.5757436250086445,0.0847457627118644,True,10,,,,,4,0.5,0.0,True,True,10
nonpaper diagnostic,200,suffix,4,coherent-beam,10,1,10,1.0,0.0,1.0,1.0,True,10,,,,,4,0.5,0.0,True,True,10
