diagnostic_only,offline_analysis_only,match_overlap_decomposition,uses_ground_truth_for_analysis_only,ground_truth_does_not_affect_matching,ground_truth_does_not_affect_prediction,ground_truth_does_not_affect_model,source_trace_does_not_affect_matching,source_trace_does_not_affect_learning,counterfactual_L_match_does_not_affect_model,context_variants_do_not_affect_model,uses_compensation,stream_label,actual_record_index,timestamp,field,encoded_column,encoded_value,observe_scenario,scenario_assignment_reason,previous_winner_count,previous_winner_unique_column_count,previous_winner_unique_neuron_count,predicted_cell_count,burst_cell_count,active_cell_count,winner_only_context_count,predicted_only_context_count,burst_only_context_count,predicted_and_burst_context_count,neuron_count,neurons_with_segments,existing_segment_count,existing_synapse_count,segment_age_mean,segment_age_max,segment_weight_sum_mean,segment_overlap_max,segment_overlap_mean,segment_overlap_median,segments_overlap_0,segments_overlap_1,segments_overlap_2,segments_overlap_3,segments_overlap_4_or_more,segments_meeting_L_match,eligible_matching_segments,best_matching_segment_id,best_matching_neuron,best_matching_overlap,L_match,gap_to_L_match,matching_ambiguity_count,multiple_segments_meet_L_match,multiple_neurons_meet_L_match,best_segment_source_count,best_segment_source_active_count,best_segment_source_retention,best_segment_creation_current_jaccard,best_segment_current_context_jaccard,selected_winner_neuron,selected_segment_id,reinforced_segment_id,created_segment_id,created_new_segment,selected_existing_segment,reference_applicability
True,True,True,True,True,True,True,True,True,True,True,False,original,0,2014-07-01 00:00:00,weekday,4,1.0,scenario3,NO_EXISTING_SEGMENT_IN_COLUMN,0,0,0,0,0,0,0,0,0,0,32,0,0,0,0.0,0,0.0,0,0.0,0.0,0,0,0,0,0,0,0,,,0,4,4,0,False,False,0,0,0.0,0.0,0.0,20,,,,False,False,PREEXISTING
True,True,True,True,True,True,True,True,True,True,True,False,original,0,2014-07-01 00:00:00,weekday,5,1.0,scenario3,NO_EXISTING_SEGMENT_IN_COLUMN,0,0,0,0,0,0,0,0,0,0,32,0,0,0,0.0,0,0.0,0,0.0,0.0,0,0,0,0,0,0,0,,,0,4,4,0,False,False,0,0,0.0,0.0,0.0,11,,,,False,False,PREEXISTING
True,True,True,True,True,True,True,True,True,True,True,False,original,0,2014-07-01 00:00:00,weekday,3,1.0,scenario3,NO_EXISTING_SEGMENT_IN_COLUMN,0,0,0,0,0,0,0,0,0,0,32,0,0,0,0.0,0,0.0,0,0.0,0.0,0,0,0,0,0,0,0,,,0,4,4,0,False,False,0,0,0.0,0.0,0.0,11,,,,False,False,PREEXISTING
True,True,True,True,True,True,True,True,True,True,True,False,original,0,2014-07-01 00:00:00,weekday,6,1.0,scenario3,NO_EXISTING_SEGMENT_IN_COLUMN,0,0,0,0,0,0,0,0,0,0,32,0,0,0,0.0,0,0.0,0,0.0,0.0,0,0,0,0,0,0,0,,,0,4,4,0,False,False,0,0,0.0,0.0,0.0,29,,,,False,False,PREEXISTING
True,True,True,True,True,True,True,True,True,True,True,False,original,0,2014-07-01 00:00:00,weekday,2,1.0,scenario3,NO_EXISTING_SEGMENT_IN_COLUMN,0,0,0,0,0,0,0,0,0,0,32,0,0,0,0.0,0,0.0,0,0.0,0.0,0,0,0,0,0,0,0,,,0,4,4,0,False,False,0,0,0.0,0.0,0.0,9,,,,False,False,PREEXISTING
True,True,True,True,True,True,True,True,True,True,True,False,original,0,2014-07-01 00:00:00,weekday,7,1.0,scenario3,NO_EXISTING_SEGMENT_IN_COLUMN,0,0,0,0,0,0,0,0,0,0,32,0,0,0,0.0,0,0.0,0,0.0,0.0,0,0,0,0,0,0,0,,,0,4,4,0,False,False,0,0,0.0,0.0,0.0,27,,,,False,False,PREEXISTING
True,True,True,True,True,True,True,True,True,True,True,False,original,0,2014-07-01 00:00:00,weekday,1,1.0,scenario3,NO_EXISTING_SEGMENT_IN_COLUMN,0,0,0,0,0,0,0,0,0,0,32,0,0,0,0.0,0,0.0,0,0.0,0.0,0,0,0,0,0,0,0,,,0,4,4,0,False,False,0,0,0.0,0.0,0.0,9,,,,False,False,PREEXISTING
True,True,True,True,True,True,True,True,True,True,True,False,original,0,2014-07-01 00:00:00,weekday,8,1.0,scenario3,NO_EXISTING_SEGMENT_IN_COLUMN,0,0,0,0,0,0,0,0,0,0,32,0,0,0,0.0,0,0.0,0,0.0,0.0,0,0,0,0,0,0,0,,,0,4,4,0,False,False,0,0,0.0,0.0,0.0,3,,,,False,False,PREEXISTING
True,True,True,True,True,True,True,True,True,True,True,False,original,0,2014-07-01 00:00:00,weekday,0,1.0,scenario3,NO_EXISTING_SEGMENT_IN_COLUMN,0,0,0,0,0,0,0,0,0,0,32,0,0,0,0.0,0,0.0,0,0.0,0.0,0,0,0,0,0,0,0,,,0,4,4,0,False,False,0,0,0.0,0.0,0.0,20,,,,False,False,PREEXISTING
True,True,True,True,True,True,True,True,True,True,True,False,original,0,2014-07-01 00:00:00,weekday,9,1.0,scenario3,NO_EXISTING_SEGMENT_IN_COLUMN,0,0,0,0,0,0,0,0,0,0,32,0,0,0,0.0,0,0.0,0,0.0,0.0,0,0,0,0,0,0,0,,,0,4,4,0,False,False,0,0,0.0,0.0,0.0,14,,,,False,False,PREEXISTING
True,True,True,True,True,True,True,True,True,True,True,False,original,0,2014-07-01 00:00:00,time,30,0.0,scenario3,NO_EXISTING_SEGMENT_IN_COLUMN,0,0,0,0,0,0,0,0,0,0,32,0,0,0,0.0,0,0.0,0,0.0,0.0,0,0,0,0,0,0,0,,,0,4,4,0,False,False,0,0,0.0,0.0,0.0,31,,,,False,False,PREEXISTING
True,True,True,True,True,True,True,True,True,True,True,False,original,0,2014-07-01 00:00:00,time,31,0.0,scenario3,NO_EXISTING_SEGMENT_IN_COLUMN,0,0,0,0,0,0,0,0,0,0,32,0,0,0,0.0,0,0.0,0,0.0,0.0,0,0,0,0,0,0,0,,,0,4,4,0,False,False,0,0,0.0,0.0,0.0,1,,,,False,False,PREEXISTING
True,True,True,True,True,True,True,True,True,True,True,False,original,0,2014-07-01 00:00:00,time,87,0.0,scenario3,NO_EXISTING_SEGMENT_IN_COLUMN,0,0,0,0,0,0,0,0,0,0,32,0,0,0,0.0,0,0.0,0,0.0,0.0,0,0,0,0,0,0,0,,,0,4,4,0,False,False,0,0,0.0,0.0,0.0,31,,,,False,False,PREEXISTING
True,True,True,True,True,True,True,True,True,True,True,False,original,0,2014-07-01 00:00:00,time,86,0.0,scenario3,NO_EXISTING_SEGMENT_IN_COLUMN,0,0,0,0,0,0,0,0,0,0,32,0,0,0,0.0,0,0.0,0,0.0,0.0,0,0,0,0,0,0,0,,,0,4,4,0,False,False,0,0,0.0,0.0,0.0,1,,,,False,False,PREEXISTING
True,True,True,True,True,True,True,True,True,True,True,False,original,0,2014-07-01 00:00:00,time,32,0.0,scenario3,NO_EXISTING_SEGMENT_IN_COLUMN,0,0,0,0,0,0,0,0,0,0,32,0,0,0,0.0,0,0.0,0,0.0,0.0,0,0,0,0,0,0,0,,,0,4,4,0,False,False,0,0,0.0,0.0,0.0,4,,,,False,False,PREEXISTING
True,True,True,True,True,True,True,True,True,True,True,False,original,0,2014-07-01 00:00:00,time,33,0.0,scenario3,NO_EXISTING_SEGMENT_IN_COLUMN,0,0,0,0,0,0,0,0,0,0,32,0,0,0,0.0,0,0.0,0,0.0,0.0,0,0,0,0,0,0,0,,,0,4,4,0,False,False,0,0,0.0,0.0,0.0,29,,,,False,False,PREEXISTING
True,True,True,True,True,True,True,True,True,True,True,False,original,0,2014-07-01 00:00:00,time,85,0.0,scenario3,NO_EXISTING_SEGMENT_IN_COLUMN,0,0,0,0,0,0,0,0,0,0,32,0,0,0,0.0,0,0.0,0,0.0,0.0,0,0,0,0,0,0,0,,,0,4,4,0,False,False,0,0,0.0,0.0,0.0,22,,,,False,False,PREEXISTING
True,True,True,True,True,True,True,True,True,True,True,False,original,0,2014-07-01 00:00:00,time,84,0.0,scenario3,NO_EXISTING_SEGMENT_IN_COLUMN,0,0,0,0,0,0,0,0,0,0,32,0,0,0,0.0,0,0.0,0,0.0,0.0,0,0,0,0,0,0,0,,,0,4,4,0,False,False,0,0,0.0,0.0,0.0,17,,,,False,False,PREEXISTING
True,True,True,True,True,True,True,True,True,True,True,False,original,0,2014-07-01 00:00:00,time,34,0.0,scenario3,NO_EXISTING_SEGMENT_IN_COLUMN,0,0,0,0,0,0,0,0,0,0,32,0,0,0,0.0,0,0.0,0,0.0,0.0,0,0,0,0,0,0,0,,,0,4,4,0,False,False,0,0,0.0,0.0,0.0,1,,,,False,False,PREEXISTING
True,True,True,True,True,True,True,True,True,True,True,False,original,0,2014-07-01 00:00:00,time,35,0.0,scenario3,NO_EXISTING_SEGMENT_IN_COLUMN,0,0,0,0,0,0,0,0,0,0,32,0,0,0,0.0,0,0.0,0,0.0,0.0,0,0,0,0,0,0,0,,,0,4,4,0,False,False,0,0,0.0,0.0,0.0,14,,,,False,False,PREEXISTING
True,True,True,True,True,True,True,True,True,True,True,False,original,0,2014-07-01 00:00:00,passenger,218,10844.0,scenario3,NO_EXISTING_SEGMENT_IN_COLUMN,0,0,0,0,0,0,0,0,0,0,32,0,0,0,0.0,0,0.0,0,0.0,0.0,0,0,0,0,0,0,0,,,0,4,4,0,False,False,0,0,0.0,0.0,0.0,20,,,,False,False,PREEXISTING
True,True,True,True,True,True,True,True,True,True,True,False,original,0,2014-07-01 00:00:00,passenger,219,10844.0,scenario3,NO_EXISTING_SEGMENT_IN_COLUMN,0,0,0,0,0,0,0,0,0,0,32,0,0,0,0.0,0,0.0,0,0.0,0.0,0,0,0,0,0,0,0,,,0,4,4,0,False,False,0,0,0.0,0.0,0.0,24,,,,False,False,PREEXISTING
True,True,True,True,True,True,True,True,True,True,True,False,original,0,2014-07-01 00:00:00,passenger,217,10844.0,scenario3,NO_EXISTING_SEGMENT_IN_COLUMN,0,0,0,0,0,0,0,0,0,0,32,0,0,0,0.0,0,0.0,0,0.0,0.0,0,0,0,0,0,0,0,,,0,4,4,0,False,False,0,0,0.0,0.0,0.0,17,,,,False,False,PREEXISTING
True,True,True,True,True,True,True,True,True,True,True,False,original,0,2014-07-01 00:00:00,passenger,220,10844.0,scenario3,NO_EXISTING_SEGMENT_IN_COLUMN,0,0,0,0,0,0,0,0,0,0,32,0,0,0,0.0,0,0.0,0,0.0,0.0,0,0,0,0,0,0,0,,,0,4,4,0,False,False,0,0,0.0,0.0,0.0,7,,,,False,False,PREEXISTING
True,True,True,True,True,True,True,True,True,True,True,False,original,0,2014-07-01 00:00:00,passenger,216,10844.0,scenario3,NO_EXISTING_SEGMENT_IN_COLUMN,0,0,0,0,0,0,0,0,0,0,32,0,0,0,0.0,0,0.0,0,0.0,0.0,0,0,0,0,0,0,0,,,0,4,4,0,False,False,0,0,0.0,0.0,0.0,31,,,,False,False,PREEXISTING
True,True,True,True,True,True,True,True,True,True,True,False,original,0,2014-07-01 00:00:00,passenger,221,10844.0,scenario3,NO_EXISTING_SEGMENT_IN_COLUMN,0,0,0,0,0,0,0,0,0,0,32,0,0,0,0.0,0,0.0,0,0.0,0.0,0,0,0,0,0,0,0,,,0,4,4,0,False,False,0,0,0.0,0.0,0.0,25,,,,False,False,PREEXISTING
True,True,True,True,True,True,True,True,True,True,True,False,original,0,2014-07-01 00:00:00,passenger,215,10844.0,scenario3,NO_EXISTING_SEGMENT_IN_COLUMN,0,0,0,0,0,0,0,0,0,0,32,0,0,0,0.0,0,0.0,0,0.0,0.0,0,0,0,0,0,0,0,,,0,4,4,0,False,False,0,0,0.0,0.0,0.0,6,,,,False,False,PREEXISTING
True,True,True,True,True,True,True,True,True,True,True,False,original,0,2014-07-01 00:00:00,passenger,222,10844.0,scenario3,NO_EXISTING_SEGMENT_IN_COLUMN,0,0,0,0,0,0,0,0,0,0,32,0,0,0,0.0,0,0.0,0,0.0,0.0,0,0,0,0,0,0,0,,,0,4,4,0,False,False,0,0,0.0,0.0,0.0,5,,,,False,False,PREEXISTING
True,True,True,True,True,True,True,True,True,True,True,False,original,0,2014-07-01 00:00:00,passenger,214,10844.0,scenario3,NO_EXISTING_SEGMENT_IN_COLUMN,0,0,0,0,0,0,0,0,0,0,32,0,0,0,0.0,0,0.0,0,0.0,0.0,0,0,0,0,0,0,0,,,0,4,4,0,False,False,0,0,0.0,0.0,0.0,31,,,,False,False,PREEXISTING
True,True,True,True,True,True,True,True,True,True,True,False,original,0,2014-07-01 00:00:00,passenger,223,10844.0,scenario3,NO_EXISTING_SEGMENT_IN_COLUMN,0,0,0,0,0,0,0,0,0,0,32,0,0,0,0.0,0,0.0,0,0.0,0.0,0,0,0,0,0,0,0,,,0,4,4,0,False,False,0,0,0.0,0.0,0.0,12,,,,False,False,PREEXISTING
True,True,True,True,True,True,True,True,True,True,True,False,original,1,2014-07-01 00:30:00,weekday,4,1.0,scenario3,NO_EXISTING_SEGMENT_IN_COLUMN,30,30,18,0,960,960,30,0,960,0,32,0,0,0,0.0,0,0.0,0,0.0,0.0,0,0,0,0,0,0,0,,,0,4,4,0,False,False,0,0,0.0,0.0,0.0,30,8aeed2abd0f847e0b8500715486ecfcc55670f2b3385c6aeb419a3a0678f1913,,8aeed2abd0f847e0b8500715486ecfcc55670f2b3385c6aeb419a3a0678f1913,True,False,POST_OBSERVATION_CREATED
True,True,True,True,True,True,True,True,True,True,True,False,original,1,2014-07-01 00:30:00,weekday,5,1.0,scenario3,NO_EXISTING_SEGMENT_IN_COLUMN,30,30,18,0,960,960,30,0,960,0,32,0,0,0,0.0,0,0.0,0,0.0,0.0,0,0,0,0,0,0,0,,,0,4,4,0,False,False,0,0,0.0,0.0,0.0,10,64080601c3be5fe7030e7eb69924a6cafe76e2b467b4a5630a9f7de522aa39db,,64080601c3be5fe7030e7eb69924a6cafe76e2b467b4a5630a9f7de522aa39db,True,False,POST_OBSERVATION_CREATED
True,True,True,True,True,True,True,True,True,True,True,False,original,1,2014-07-01 00:30:00,weekday,3,1.0,scenario3,NO_EXISTING_SEGMENT_IN_COLUMN,30,30,18,0,960,960,30,0,960,0,32,0,0,0,0.0,0,0.0,0,0.0,0.0,0,0,0,0,0,0,0,,,0,4,4,0,False,False,0,0,0.0,0.0,0.0,4,69f0cb4491a1fd577b6c1af78119fa843dac41862a4e9483fd3c8e414791a45f,,69f0cb4491a1fd577b6c1af78119fa843dac41862a4e9483fd3c8e414791a45f,True,False,POST_OBSERVATION_CREATED
True,True,True,True,True,True,True,True,True,True,True,False,original,1,2014-07-01 00:30:00,weekday,6,1.0,scenario3,NO_EXISTING_SEGMENT_IN_COLUMN,30,30,18,0,960,960,30,0,960,0,32,0,0,0,0.0,0,0.0,0,0.0,0.0,0,0,0,0,0,0,0,,,0,4,4,0,False,False,0,0,0.0,0.0,0.0,29,d0ca4df7b4ef8ef8330fc3c3fb6df6da237f2c8759fa1a08b551c3b0267a5cc1,,d0ca4df7b4ef8ef8330fc3c3fb6df6da237f2c8759fa1a08b551c3b0267a5cc1,True,False,POST_OBSERVATION_CREATED
True,True,True,True,True,True,True,True,True,True,True,False,original,1,2014-07-01 00:30:00,weekday,2,1.0,scenario3,NO_EXISTING_SEGMENT_IN_COLUMN,30,30,18,0,960,960,30,0,960,0,32,0,0,0,0.0,0,0.0,0,0.0,0.0,0,0,0,0,0,0,0,,,0,4,4,0,False,False,0,0,0.0,0.0,0.0,15,62de03d338e81fffb1fe886b83637755e48f7109d103cb5c35e3be82a6942085,,62de03d338e81fffb1fe886b83637755e48f7109d103cb5c35e3be82a6942085,True,False,POST_OBSERVATION_CREATED
True,True,True,True,True,True,True,True,True,True,True,False,original,1,2014-07-01 00:30:00,weekday,7,1.0,scenario3,NO_EXISTING_SEGMENT_IN_COLUMN,30,30,18,0,960,960,30,0,960,0,32,0,0,0,0.0,0,0.0,0,0.0,0.0,0,0,0,0,0,0,0,,,0,4,4,0,False,False,0,0,0.0,0.0,0.0,1,82cd778248b58abce2dd437ff3430d422a5f31f0857456cb0806c4bbf75c2f84,,82cd778248b58abce2dd437ff3430d422a5f31f0857456cb0806c4bbf75c2f84,True,False,POST_OBSERVATION_CREATED
True,True,True,True,True,True,True,True,True,True,True,False,original,1,2014-07-01 00:30:00,weekday,1,1.0,scenario3,NO_EXISTING_SEGMENT_IN_COLUMN,30,30,18,0,960,960,30,0,960,0,32,0,0,0,0.0,0,0.0,0,0.0,0.0,0,0,0,0,0,0,0,,,0,4,4,0,False,False,0,0,0.0,0.0,0.0,15,096eb71f46b469fc4f1cc7d4ed984088c225a66b3cfbaad900f9fc8fd6e6985c,,096eb71f46b469fc4f1cc7d4ed984088c225a66b3cfbaad900f9fc8fd6e6985c,True,False,POST_OBSERVATION_CREATED
True,True,True,True,True,True,True,True,True,True,True,False,original,1,2014-07-01 00:30:00,weekday,8,1.0,scenario3,NO_EXISTING_SEGMENT_IN_COLUMN,30,30,18,0,960,960,30,0,960,0,32,0,0,0,0.0,0,0.0,0,0.0,0.0,0,0,0,0,0,0,0,,,0,4,4,0,False,False,0,0,0.0,0.0,0.0,29,8707a46b07890e9f3d4b42af5e0aab7361dc144e7986f25d90e421a33089bd83,,8707a46b07890e9f3d4b42af5e0aab7361dc144e7986f25d90e421a33089bd83,True,False,POST_OBSERVATION_CREATED
True,True,True,True,True,True,True,True,True,True,True,False,original,1,2014-07-01 00:30:00,weekday,0,1.0,scenario3,NO_EXISTING_SEGMENT_IN_COLUMN,30,30,18,0,960,960,30,0,960,0,32,0,0,0,0.0,0,0.0,0,0.0,0.0,0,0,0,0,0,0,0,,,0,4,4,0,False,False,0,0,0.0,0.0,0.0,4,b8ff4e0cd1bf15ed47968cde6ad2530bfe3d56b991c289d66df5ed3a4ea01ca1,,b8ff4e0cd1bf15ed47968cde6ad2530bfe3d56b991c289d66df5ed3a4ea01ca1,True,False,POST_OBSERVATION_CREATED
True,True,True,True,True,True,True,True,True,True,True,False,original,1,2014-07-01 00:30:00,weekday,9,1.0,scenario3,NO_EXISTING_SEGMENT_IN_COLUMN,30,30,18,0,960,960,30,0,960,0,32,0,0,0,0.0,0,0.0,0,0.0,0.0,0,0,0,0,0,0,0,,,0,4,4,0,False,False,0,0,0.0,0.0,0.0,19,1928f40ce31bf6bd47fb15c046e5d7db5c6f2744acdbf86090d49adc6860aaca,,1928f40ce31bf6bd47fb15c046e5d7db5c6f2744acdbf86090d49adc6860aaca,True,False,POST_OBSERVATION_CREATED
True,True,True,True,True,True,True,True,True,True,True,False,original,1,2014-07-01 00:30:00,time,31,1.0,scenario3,NO_EXISTING_SEGMENT_IN_COLUMN,30,30,18,0,960,960,30,0,960,0,32,0,0,0,0.0,0,0.0,0,0.0,0.0,0,0,0,0,0,0,0,,,0,4,4,0,False,False,0,0,0.0,0.0,0.0,22,bffe621e78060b68c266493b0df908ba44e6951ea871984a68d563436e779dfe,,bffe621e78060b68c266493b0df908ba44e6951ea871984a68d563436e779dfe,True,False,POST_OBSERVATION_CREATED
True,True,True,True,True,True,True,True,True,True,True,False,original,1,2014-07-01 00:30:00,time,32,1.0,scenario3,NO_EXISTING_SEGMENT_IN_COLUMN,30,30,18,0,960,960,30,0,960,0,32,0,0,0,0.0,0,0.0,0,0.0,0.0,0,0,0,0,0,0,0,,,0,4,4,0,False,False,0,0,0.0,0.0,0.0,1,68ca06883ddb7152ee654d2c537af704603f82bb9a6d80b9a5ca06e77009b3af,,68ca06883ddb7152ee654d2c537af704603f82bb9a6d80b9a5ca06e77009b3af,True,False,POST_OBSERVATION_CREATED
True,True,True,True,True,True,True,True,True,True,True,False,original,1,2014-07-01 00:30:00,time,30,1.0,scenario3,NO_EXISTING_SEGMENT_IN_COLUMN,30,30,18,0,960,960,30,0,960,0,32,0,0,0,0.0,0,0.0,0,0.0,0.0,0,0,0,0,0,0,0,,,0,4,4,0,False,False,0,0,0.0,0.0,0.0,7,f92d99fc5f43733b1a1af5e3005110b6e6c724cd74bb3643ef6da6cc6507b5e3,,f92d99fc5f43733b1a1af5e3005110b6e6c724cd74bb3643ef6da6cc6507b5e3,True,False,POST_OBSERVATION_CREATED
True,True,True,True,True,True,True,True,True,True,True,False,original,1,2014-07-01 00:30:00,time,33,1.0,scenario3,NO_EXISTING_SEGMENT_IN_COLUMN,30,30,18,0,960,960,30,0,960,0,32,0,0,0,0.0,0,0.0,0,0.0,0.0,0,0,0,0,0,0,0,,,0,4,4,0,False,False,0,0,0.0,0.0,0.0,20,1621c94e3dd2ae5e2294249b8f0e3357af072c9ce07b4a7f76150b09d7184fc2,,1621c94e3dd2ae5e2294249b8f0e3357af072c9ce07b4a7f76150b09d7184fc2,True,False,POST_OBSERVATION_CREATED
True,True,True,True,True,True,True,True,True,True,True,False,original,1,2014-07-01 00:30:00,time,87,1.0,scenario3,NO_EXISTING_SEGMENT_IN_COLUMN,30,30,18,0,960,960,30,0,960,0,32,0,0,0,0.0,0,0.0,0,0.0,0.0,0,0,0,0,0,0,0,,,0,4,4,0,False,False,0,0,0.0,0.0,0.0,23,59ffd8d0e7f60ba0a611d2c795604a8f92933029950cfb22a632680fb8009068,,59ffd8d0e7f60ba0a611d2c795604a8f92933029950cfb22a632680fb8009068,True,False,POST_OBSERVATION_CREATED
True,True,True,True,True,True,True,True,True,True,True,False,original,1,2014-07-01 00:30:00,time,34,1.0,scenario3,NO_EXISTING_SEGMENT_IN_COLUMN,30,30,18,0,960,960,30,0,960,0,32,0,0,0,0.0,0,0.0,0,0.0,0.0,0,0,0,0,0,0,0,,,0,4,4,0,False,False,0,0,0.0,0.0,0.0,7,9853ed3dc78da9e89a0e506f54eaf3ab3d598e77b7b6599b037fdc8a5fe05899,,9853ed3dc78da9e89a0e506f54eaf3ab3d598e77b7b6599b037fdc8a5fe05899,True,False,POST_OBSERVATION_CREATED
True,True,True,True,True,True,True,True,True,True,True,False,original,1,2014-07-01 00:30:00,time,86,1.0,scenario3,NO_EXISTING_SEGMENT_IN_COLUMN,30,30,18,0,960,960,30,0,960,0,32,0,0,0,0.0,0,0.0,0,0.0,0.0,0,0,0,0,0,0,0,,,0,4,4,0,False,False,0,0,0.0,0.0,0.0,3,3fe49e88e74329726f4808a28d07837ab0c88a6310a00738512eba0c9b16a84e,,3fe49e88e74329726f4808a28d07837ab0c88a6310a00738512eba0c9b16a84e,True,False,POST_OBSERVATION_CREATED
True,True,True,True,True,True,True,True,True,True,True,False,original,1,2014-07-01 00:30:00,time,35,1.0,scenario3,NO_EXISTING_SEGMENT_IN_COLUMN,30,30,18,0,960,960,30,0,960,0,32,0,0,0,0.0,0,0.0,0,0.0,0.0,0,0,0,0,0,0,0,,,0,4,4,0,False,False,0,0,0.0,0.0,0.0,15,3ab23e994313cb9467254f7704918dde71159eafb10b365e9ce95d4737a51177,,3ab23e994313cb9467254f7704918dde71159eafb10b365e9ce95d4737a51177,True,False,POST_OBSERVATION_CREATED
True,True,True,True,True,True,True,True,True,True,True,False,original,1,2014-07-01 00:30:00,time,85,1.0,scenario3,NO_EXISTING_SEGMENT_IN_COLUMN,30,30,18,0,960,960,30,0,960,0,32,0,0,0,0.0,0,0.0,0,0.0,0.0,0,0,0,0,0,0,0,,,0,4,4,0,False,False,0,0,0.0,0.0,0.0,5,4566cb856d36b37232e8d491e8577751898a6ed51560b9ebe7fc1300e693376c,,4566cb856d36b37232e8d491e8577751898a6ed51560b9ebe7fc1300e693376c,True,False,POST_OBSERVATION_CREATED
True,True,True,True,True,True,True,True,True,True,True,False,original,1,2014-07-01 00:30:00,time,36,1.0,scenario3,NO_EXISTING_SEGMENT_IN_COLUMN,30,30,18,0,960,960,30,0,960,0,32,0,0,0,0.0,0,0.0,0,0.0,0.0,0,0,0,0,0,0,0,,,0,4,4,0,False,False,0,0,0.0,0.0,0.0,31,65aacf9bb4293a3c1e3d205812f6dad728c357e5c82db051471eed042016bee4,,65aacf9bb4293a3c1e3d205812f6dad728c357e5c82db051471eed042016bee4,True,False,POST_OBSERVATION_CREATED
True,True,True,True,True,True,True,True,True,True,True,False,original,1,2014-07-01 00:30:00,passenger,186,8127.0,scenario3,NO_EXISTING_SEGMENT_IN_COLUMN,30,30,18,0,960,960,30,0,960,0,32,0,0,0,0.0,0,0.0,0,0.0,0.0,0,0,0,0,0,0,0,,,0,4,4,0,False,False,0,0,0.0,0.0,0.0,10,1516c25b549a5dfde1c657dc589c223b96e970a93816747f7738da82e1166cd9,,1516c25b549a5dfde1c657dc589c223b96e970a93816747f7738da82e1166cd9,True,False,POST_OBSERVATION_CREATED
True,True,True,True,True,True,True,True,True,True,True,False,original,1,2014-07-01 00:30:00,passenger,185,8127.0,scenario3,NO_EXISTING_SEGMENT_IN_COLUMN,30,30,18,0,960,960,30,0,960,0,32,0,0,0,0.0,0,0.0,0,0.0,0.0,0,0,0,0,0,0,0,,,0,4,4,0,False,False,0,0,0.0,0.0,0.0,25,f5c0f33c9b8dcdb8312dbbef86076d86674f0bd0c7c2e4d9d8d524c62e6eea50,,f5c0f33c9b8dcdb8312dbbef86076d86674f0bd0c7c2e4d9d8d524c62e6eea50,True,False,POST_OBSERVATION_CREATED
True,True,True,True,True,True,True,True,True,True,True,False,original,1,2014-07-01 00:30:00,passenger,187,8127.0,scenario3,NO_EXISTING_SEGMENT_IN_COLUMN,30,30,18,0,960,960,30,0,960,0,32,0,0,0,0.0,0,0.0,0,0.0,0.0,0,0,0,0,0,0,0,,,0,4,4,0,False,False,0,0,0.0,0.0,0.0,1,8dd6fa53dfcd23e3c30b2f740c64d61217622864af3e21f57717eba16b38e19e,,8dd6fa53dfcd23e3c30b2f740c64d61217622864af3e21f57717eba16b38e19e,True,False,POST_OBSERVATION_CREATED
True,True,True,True,True,True,True,True,True,True,True,False,original,1,2014-07-01 00:30:00,passenger,184,8127.0,scenario3,NO_EXISTING_SEGMENT_IN_COLUMN,30,30,18,0,960,960,30,0,960,0,32,0,0,0,0.0,0,0.0,0,0.0,0.0,0,0,0,0,0,0,0,,,0,4,4,0,False,False,0,0,0.0,0.0,0.0,5,6b2d4c0b37ffe866651ad2e87106892ff86bfac595f356bf96c766a39c8fbe96,,6b2d4c0b37ffe866651ad2e87106892ff86bfac595f356bf96c766a39c8fbe96,True,False,POST_OBSERVATION_CREATED
True,True,True,True,True,True,True,True,True,True,True,False,original,1,2014-07-01 00:30:00,passenger,188,8127.0,scenario3,NO_EXISTING_SEGMENT_IN_COLUMN,30,30,18,0,960,960,30,0,960,0,32,0,0,0,0.0,0,0.0,0,0.0,0.0,0,0,0,0,0,0,0,,,0,4,4,0,False,False,0,0,0.0,0.0,0.0,7,e70c9267b01060345267d5035d70e1dfd2f4a08b76ec91e563859e6cc25b6a3b,,e70c9267b01060345267d5035d70e1dfd2f4a08b76ec91e563859e6cc25b6a3b,True,False,POST_OBSERVATION_CREATED
True,True,True,True,True,True,True,True,True,True,True,False,original,1,2014-07-01 00:30:00,passenger,183,8127.0,scenario3,NO_EXISTING_SEGMENT_IN_COLUMN,30,30,18,0,960,960,30,0,960,0,32,0,0,0,0.0,0,0.0,0,0.0,0.0,0,0,0,0,0,0,0,,,0,4,4,0,False,False,0,0,0.0,0.0,0.0,11,7c8a72aa81715c83b24e417b5d4456951889a52b78a77a7a7e3ba90bbf78b28d,,7c8a72aa81715c83b24e417b5d4456951889a52b78a77a7a7e3ba90bbf78b28d,True,False,POST_OBSERVATION_CREATED
True,True,True,True,True,True,True,True,True,True,True,False,original,1,2014-07-01 00:30:00,passenger,189,8127.0,scenario3,NO_EXISTING_SEGMENT_IN_COLUMN,30,30,18,0,960,960,30,0,960,0,32,0,0,0,0.0,0,0.0,0,0.0,0.0,0,0,0,0,0,0,0,,,0,4,4,0,False,False,0,0,0.0,0.0,0.0,1,8016333f1ec84208d04f42a5869c40f625ac37e788915f0b5ea75df61356a5f0,,8016333f1ec84208d04f42a5869c40f625ac37e788915f0b5ea75df61356a5f0,True,False,POST_OBSERVATION_CREATED
True,True,True,True,True,True,True,True,True,True,True,False,original,1,2014-07-01 00:30:00,passenger,182,8127.0,scenario3,NO_EXISTING_SEGMENT_IN_COLUMN,30,30,18,0,960,960,30,0,960,0,32,0,0,0,0.0,0,0.0,0,0.0,0.0,0,0,0,0,0,0,0,,,0,4,4,0,False,False,0,0,0.0,0.0,0.0,3,2aa200cdf147978ba77e57f1490a84039c7b47e8d192766f4a8fe96ade6b6ebc,,2aa200cdf147978ba77e57f1490a84039c7b47e8d192766f4a8fe96ade6b6ebc,True,False,POST_OBSERVATION_CREATED
True,True,True,True,True,True,True,True,True,True,True,False,original,1,2014-07-01 00:30:00,passenger,190,8127.0,scenario3,NO_EXISTING_SEGMENT_IN_COLUMN,30,30,18,0,960,960,30,0,960,0,32,0,0,0,0.0,0,0.0,0,0.0,0.0,0,0,0,0,0,0,0,,,0,4,4,0,False,False,0,0,0.0,0.0,0.0,20,f9397ada6e23bfa1a2c8d2fbf4e8c8458540cf075fa04bb949db066792979a40,,f9397ada6e23bfa1a2c8d2fbf4e8c8458540cf075fa04bb949db066792979a40,True,False,POST_OBSERVATION_CREATED
True,True,True,True,True,True,True,True,True,True,True,False,original,1,2014-07-01 00:30:00,passenger,181,8127.0,scenario3,NO_EXISTING_SEGMENT_IN_COLUMN,30,30,18,0,960,960,30,0,960,0,32,0,0,0,0.0,0,0.0,0,0.0,0.0,0,0,0,0,0,0,0,,,0,4,4,0,False,False,0,0,0.0,0.0,0.0,28,026ea629208e5dd4ea967e61e3b549315db42cb4b78f795770dfe5cf6d89498b,,026ea629208e5dd4ea967e61e3b549315db42cb4b78f795770dfe5cf6d89498b,True,False,POST_OBSERVATION_CREATED
True,True,True,True,True,True,True,True,True,True,True,False,original,2,2014-07-01 01:00:00,weekday,4,1.0,scenario2,MATCHING_SEGMENT_FOUND,30,30,17,0,960,960,30,0,960,0,32,1,1,30,0.0,0,15.0,10,10.0,10.0,0,0,0,0,1,1,1,8aeed2abd0f847e0b8500715486ecfcc55670f2b3385c6aeb419a3a0678f1913,30,10,4,0,1,False,False,30,19,0.6333333333333333,0.01956745623069001,0.01956745623069001,30,8aeed2abd0f847e0b8500715486ecfcc55670f2b3385c6aeb419a3a0678f1913,8aeed2abd0f847e0b8500715486ecfcc55670f2b3385c6aeb419a3a0678f1913,,False,True,PREEXISTING
True,True,True,True,True,True,True,True,True,True,True,False,original,2,2014-07-01 01:00:00,weekday,5,1.0,scenario2,MATCHING_SEGMENT_FOUND,30,30,17,0,960,960,30,0,960,0,32,1,1,30,0.0,0,15.0,10,10.0,10.0,0,0,0,0,1,1,1,64080601c3be5fe7030e7eb69924a6cafe76e2b467b4a5630a9f7de522aa39db,10,10,4,0,1,False,False,30,19,0.6333333333333333,0.01956745623069001,0.01956745623069001,10,64080601c3be5fe7030e7eb69924a6cafe76e2b467b4a5630a9f7de522aa39db,64080601c3be5fe7030e7eb69924a6cafe76e2b467b4a5630a9f7de522aa39db,,False,True,PREEXISTING
True,True,True,True,True,True,True,True,True,True,True,False,original,2,2014-07-01 01:00:00,weekday,3,1.0,scenario2,MATCHING_SEGMENT_FOUND,30,30,17,0,960,960,30,0,960,0,32,1,1,30,0.0,0,15.0,10,10.0,10.0,0,0,0,0,1,1,1,69f0cb4491a1fd577b6c1af78119fa843dac41862a4e9483fd3c8e414791a45f,4,10,4,0,1,False,False,30,19,0.6333333333333333,0.01956745623069001,0.01956745623069001,4,69f0cb4491a1fd577b6c1af78119fa843dac41862a4e9483fd3c8e414791a45f,69f0cb4491a1fd577b6c1af78119fa843dac41862a4e9483fd3c8e414791a45f,,False,True,PREEXISTING
True,True,True,True,True,True,True,True,True,True,True,False,original,2,2014-07-01 01:00:00,weekday,6,1.0,scenario2,MATCHING_SEGMENT_FOUND,30,30,17,0,960,960,30,0,960,0,32,1,1,30,0.0,0,15.0,10,10.0,10.0,0,0,0,0,1,1,1,d0ca4df7b4ef8ef8330fc3c3fb6df6da237f2c8759fa1a08b551c3b0267a5cc1,29,10,4,0,1,False,False,30,19,0.6333333333333333,0.01956745623069001,0.01956745623069001,29,d0ca4df7b4ef8ef8330fc3c3fb6df6da237f2c8759fa1a08b551c3b0267a5cc1,d0ca4df7b4ef8ef8330fc3c3fb6df6da237f2c8759fa1a08b551c3b0267a5cc1,,False,True,PREEXISTING
True,True,True,True,True,True,True,True,True,True,True,False,original,2,2014-07-01 01:00:00,weekday,2,1.0,scenario2,MATCHING_SEGMENT_FOUND,30,30,17,0,960,960,30,0,960,0,32,1,1,30,0.0,0,15.0,10,10.0,10.0,0,0,0,0,1,1,1,62de03d338e81fffb1fe886b83637755e48f7109d103cb5c35e3be82a6942085,15,10,4,0,1,False,False,30,19,0.6333333333333333,0.01956745623069001,0.01956745623069001,15,62de03d338e81fffb1fe886b83637755e48f7109d103cb5c35e3be82a6942085,62de03d338e81fffb1fe886b83637755e48f7109d103cb5c35e3be82a6942085,,False,True,PREEXISTING
True,True,True,True,True,True,True,True,True,True,True,False,original,2,2014-07-01 01:00:00,weekday,7,1.0,scenario2,MATCHING_SEGMENT_FOUND,30,30,17,0,960,960,30,0,960,0,32,1,1,30,0.0,0,15.0,10,10.0,10.0,0,0,0,0,1,1,1,82cd778248b58abce2dd437ff3430d422a5f31f0857456cb0806c4bbf75c2f84,1,10,4,0,1,False,False,30,19,0.6333333333333333,0.01956745623069001,0.01956745623069001,1,82cd778248b58abce2dd437ff3430d422a5f31f0857456cb0806c4bbf75c2f84,82cd778248b58abce2dd437ff3430d422a5f31f0857456cb0806c4bbf75c2f84,,False,True,PREEXISTING
True,True,True,True,True,True,True,True,True,True,True,False,original,2,2014-07-01 01:00:00,weekday,1,1.0,scenario2,MATCHING_SEGMENT_FOUND,30,30,17,0,960,960,30,0,960,0,32,1,1,30,0.0,0,15.0,10,10.0,10.0,0,0,0,0,1,1,1,096eb71f46b469fc4f1cc7d4ed984088c225a66b3cfbaad900f9fc8fd6e6985c,15,10,4,0,1,False,False,30,19,0.6333333333333333,0.01956745623069001,0.01956745623069001,15,096eb71f46b469fc4f1cc7d4ed984088c225a66b3cfbaad900f9fc8fd6e6985c,096eb71f46b469fc4f1cc7d4ed984088c225a66b3cfbaad900f9fc8fd6e6985c,,False,True,PREEXISTING
True,True,True,True,True,True,True,True,True,True,True,False,original,2,2014-07-01 01:00:00,weekday,8,1.0,scenario2,MATCHING_SEGMENT_FOUND,30,30,17,0,960,960,30,0,960,0,32,1,1,30,0.0,0,15.0,10,10.0,10.0,0,0,0,0,1,1,1,8707a46b07890e9f3d4b42af5e0aab7361dc144e7986f25d90e421a33089bd83,29,10,4,0,1,False,False,30,19,0.6333333333333333,0.01956745623069001,0.01956745623069001,29,8707a46b07890e9f3d4b42af5e0aab7361dc144e7986f25d90e421a33089bd83,8707a46b07890e9f3d4b42af5e0aab7361dc144e7986f25d90e421a33089bd83,,False,True,PREEXISTING
True,True,True,True,True,True,True,True,True,True,True,False,original,2,2014-07-01 01:00:00,weekday,0,1.0,scenario2,MATCHING_SEGMENT_FOUND,30,30,17,0,960,960,30,0,960,0,32,1,1,30,0.0,0,15.0,10,10.0,10.0,0,0,0,0,1,1,1,b8ff4e0cd1bf15ed47968cde6ad2530bfe3d56b991c289d66df5ed3a4ea01ca1,4,10,4,0,1,False,False,30,19,0.6333333333333333,0.01956745623069001,0.01956745623069001,4,b8ff4e0cd1bf15ed47968cde6ad2530bfe3d56b991c289d66df5ed3a4ea01ca1,b8ff4e0cd1bf15ed47968cde6ad2530bfe3d56b991c289d66df5ed3a4ea01ca1,,False,True,PREEXISTING
True,True,True,True,True,True,True,True,True,True,True,False,original,2,2014-07-01 01:00:00,weekday,9,1.0,scenario2,MATCHING_SEGMENT_FOUND,30,30,17,0,960,960,30,0,960,0,32,1,1,30,0.0,0,15.0,10,10.0,10.0,0,0,0,0,1,1,1,1928f40ce31bf6bd47fb15c046e5d7db5c6f2744acdbf86090d49adc6860aaca,19,10,4,0,1,False,False,30,19,0.6333333333333333,0.01956745623069001,0.01956745623069001,19,1928f40ce31bf6bd47fb15c046e5d7db5c6f2744acdbf86090d49adc6860aaca,1928f40ce31bf6bd47fb15c046e5d7db5c6f2744acdbf86090d49adc6860aaca,,False,True,PREEXISTING
True,True,True,True,True,True,True,True,True,True,True,False,original,2,2014-07-01 01:00:00,time,32,2.0,scenario3,EXISTING_SEGMENTS_BELOW_L_MATCH,30,30,17,0,960,960,30,0,960,0,32,1,1,30,0.0,0,15.0,1,1.0,1.0,0,1,0,0,0,0,0,68ca06883ddb7152ee654d2c537af704603f82bb9a6d80b9a5ca06e77009b3af,1,1,4,3,0,False,False,30,19,0.6333333333333333,0.01956745623069001,0.01956745623069001,13,30d69c4a54edb1a13b3e9fa7f6ea16840da2baa788a1f4b02ed298ba2408ec86,,30d69c4a54edb1a13b3e9fa7f6ea16840da2baa788a1f4b02ed298ba2408ec86,True,False,POST_OBSERVATION_CREATED
True,True,True,True,True,True,True,True,True,True,True,False,original,2,2014-07-01 01:00:00,time,33,2.0,scenario1,CORRECTLY_PREDICTED_CELL_AVAILABLE,30,30,17,0,960,960,30,0,960,0,32,1,1,30,0.0,0,15.0,2,2.0,2.0,0,0,1,0,0,0,0,1621c94e3dd2ae5e2294249b8f0e3357af072c9ce07b4a7f76150b09d7184fc2,20,2,4,2,0,False,False,30,19,0.6333333333333333,0.01956745623069001,0.01956745623069001,20,1621c94e3dd2ae5e2294249b8f0e3357af072c9ce07b4a7f76150b09d7184fc2,1621c94e3dd2ae5e2294249b8f0e3357af072c9ce07b4a7f76150b09d7184fc2,,False,True,PREEXISTING
True,True,True,True,True,True,True,True,True,True,True,False,original,2,2014-07-01 01:00:00,time,31,2.0,scenario3,EXISTING_SEGMENTS_BELOW_L_MATCH,30,30,17,0,960,960,30,0,960,0,32,1,1,30,0.0,0,15.0,3,3.0,3.0,0,0,0,1,0,0,0,bffe621e78060b68c266493b0df908ba44e6951ea871984a68d563436e779dfe,22,3,4,1,0,False,False,30,19,0.6333333333333333,0.01956745623069001,0.01956745623069001,15,f9522b418ccc7f67d940dd147b50b0e0020d2017756351f0e907c1395f990555,,f9522b418ccc7f67d940dd147b50b0e0020d2017756351f0e907c1395f990555,True,False,POST_OBSERVATION_CREATED
True,True,True,True,True,True,True,True,True,True,True,False,original,2,2014-07-01 01:00:00,time,34,2.0,scenario1,CORRECTLY_PREDICTED_CELL_AVAILABLE,30,30,17,0,960,960,30,0,960,0,32,1,1,30,0.0,0,15.0,2,2.0,2.0,0,0,1,0,0,0,0,9853ed3dc78da9e89a0e506f54eaf3ab3d598e77b7b6599b037fdc8a5fe05899,7,2,4,2,0,False,False,30,19,0.6333333333333333,0.01956745623069001,0.01956745623069001,7,9853ed3dc78da9e89a0e506f54eaf3ab3d598e77b7b6599b037fdc8a5fe05899,9853ed3dc78da9e89a0e506f54eaf3ab3d598e77b7b6599b037fdc8a5fe05899,,False,True,PREEXISTING
True,True,True,True,True,True,True,True,True,True,True,False,original,2,2014-07-01 01:00:00,time,30,2.0,scenario3,EXISTING_SEGMENTS_BELOW_L_MATCH,30,30,17,0,960,960,30,0,960,0,32,1,1,30,0.0,0,15.0,3,3.0,3.0,0,0,0,1,0,0,0,f92d99fc5f43733b1a1af5e3005110b6e6c724cd74bb3643ef6da6cc6507b5e3,7,3,4,1,0,False,False,30,19,0.6333333333333333,0.01956745623069001,0.01956745623069001,8,d0fb8f6180028cb57bd44109e4ef351a5ceb3dce235df6fed42246f0b6a75ceb,,d0fb8f6180028cb57bd44109e4ef351a5ceb3dce235df6fed42246f0b6a75ceb,True,False,POST_OBSERVATION_CREATED
True,True,True,True,True,True,True,True,True,True,True,False,original,2,2014-07-01 01:00:00,time,35,2.0,scenario1,CORRECTLY_PREDICTED_CELL_AVAILABLE,30,30,17,0,960,960,30,0,960,0,32,1,1,30,0.0,0,15.0,2,2.0,2.0,0,0,1,0,0,0,0,3ab23e994313cb9467254f7704918dde71159eafb10b365e9ce95d4737a51177,15,2,4,2,0,False,False,30,19,0.6333333333333333,0.01956745623069001,0.01956745623069001,15,3ab23e994313cb9467254f7704918dde71159eafb10b365e9ce95d4737a51177,3ab23e994313cb9467254f7704918dde71159eafb10b365e9ce95d4737a51177,,False,True,PREEXISTING
True,True,True,True,True,True,True,True,True,True,True,False,original,2,2014-07-01 01:00:00,time,87,2.0,scenario3,EXISTING_SEGMENTS_BELOW_L_MATCH,30,30,17,0,960,960,30,0,960,0,32,1,1,30,0.0,0,15.0,3,3.0,3.0,0,0,0,1,0,0,0,59ffd8d0e7f60ba0a611d2c795604a8f92933029950cfb22a632680fb8009068,23,3,4,1,0,False,False,30,19,0.6333333333333333,0.01956745623069001,0.01956745623069001,27,d196676fe646a801f142569b43a9e69e9b8f391592aa52b0563d077a5630cc53,,d196676fe646a801f142569b43a9e69e9b8f391592aa52b0563d077a5630cc53,True,False,POST_OBSERVATION_CREATED
True,True,True,True,True,True,True,True,True,True,True,False,original,2,2014-07-01 01:00:00,time,36,2.0,scenario1,CORRECTLY_PREDICTED_CELL_AVAILABLE,30,30,17,0,960,960,30,0,960,0,32,1,1,30,0.0,0,15.0,2,2.0,2.0,0,0,1,0,0,0,0,65aacf9bb4293a3c1e3d205812f6dad728c357e5c82db051471eed042016bee4,31,2,4,2,0,False,False,30,19,0.6333333333333333,0.01956745623069001,0.01956745623069001,31,65aacf9bb4293a3c1e3d205812f6dad728c357e5c82db051471eed042016bee4,65aacf9bb4293a3c1e3d205812f6dad728c357e5c82db051471eed042016bee4,,False,True,PREEXISTING
True,True,True,True,True,True,True,True,True,True,True,False,original,2,2014-07-01 01:00:00,time,86,2.0,scenario3,EXISTING_SEGMENTS_BELOW_L_MATCH,30,30,17,0,960,960,30,0,960,0,32,1,1,30,0.0,0,15.0,3,3.0,3.0,0,0,0,1,0,0,0,3fe49e88e74329726f4808a28d07837ab0c88a6310a00738512eba0c9b16a84e,3,3,4,1,0,False,False,30,19,0.6333333333333333,0.01956745623069001,0.01956745623069001,25,bd006f22a01368c75fb71c34b675432ece4a35a7d426a60b011ded4693391552,,bd006f22a01368c75fb71c34b675432ece4a35a7d426a60b011ded4693391552,True,False,POST_OBSERVATION_CREATED
True,True,True,True,True,True,True,True,True,True,True,False,original,2,2014-07-01 01:00:00,time,37,2.0,scenario3,NO_EXISTING_SEGMENT_IN_COLUMN,30,30,17,0,960,960,30,0,960,0,32,0,0,0,0.0,0,0.0,0,0.0,0.0,0,0,0,0,0,0,0,,,0,4,4,0,False,False,0,0,0.0,0.0,0.0,0,c71dade94bd2579da5c2e7dae36201324e0b17f1f760df4cf93d47f7aa291f9a,,c71dade94bd2579da5c2e7dae36201324e0b17f1f760df4cf93d47f7aa291f9a,True,False,POST_OBSERVATION_CREATED
True,True,True,True,True,True,True,True,True,True,True,False,original,2,2014-07-01 01:00:00,passenger,163,6210.0,scenario3,NO_EXISTING_SEGMENT_IN_COLUMN,30,30,17,0,960,960,30,0,960,0,32,0,0,0,0.0,0,0.0,0,0.0,0.0,0,0,0,0,0,0,0,,,0,4,4,0,False,False,0,0,0.0,0.0,0.0,28,3d2ef9e08d69834c064a53fa2e227c9356e86de1804fe56bdf86d3a3f4790598,,3d2ef9e08d69834c064a53fa2e227c9356e86de1804fe56bdf86d3a3f4790598,True,False,POST_OBSERVATION_CREATED
True,True,True,True,True,True,True,True,True,True,True,False,original,2,2014-07-01 01:00:00,passenger,162,6210.0,scenario3,NO_EXISTING_SEGMENT_IN_COLUMN,30,30,17,0,960,960,30,0,960,0,32,0,0,0,0.0,0,0.0,0,0.0,0.0,0,0,0,0,0,0,0,,,0,4,4,0,False,False,0,0,0.0,0.0,0.0,17,4dd7172c070778fbff164548db2dd5913db414a7554704430069dc46d845858f,,4dd7172c070778fbff164548db2dd5913db414a7554704430069dc46d845858f,True,False,POST_OBSERVATION_CREATED
True,True,True,True,True,True,True,True,True,True,True,False,original,2,2014-07-01 01:00:00,passenger,164,6210.0,scenario3,NO_EXISTING_SEGMENT_IN_COLUMN,30,30,17,0,960,960,30,0,960,0,32,0,0,0,0.0,0,0.0,0,0.0,0.0,0,0,0,0,0,0,0,,,0,4,4,0,False,False,0,0,0.0,0.0,0.0,15,1d51755289169f146f58e130dcec459b16d08b7287789a30fcf8a48946497db9,,1d51755289169f146f58e130dcec459b16d08b7287789a30fcf8a48946497db9,True,False,POST_OBSERVATION_CREATED
True,True,True,True,True,True,True,True,True,True,True,False,original,2,2014-07-01 01:00:00,passenger,161,6210.0,scenario3,NO_EXISTING_SEGMENT_IN_COLUMN,30,30,17,0,960,960,30,0,960,0,32,0,0,0,0.0,0,0.0,0,0.0,0.0,0,0,0,0,0,0,0,,,0,4,4,0,False,False,0,0,0.0,0.0,0.0,13,36ec651d9d9f2bcf64671a7b3f8d64b77ddee192e154f50c252a4885ba9aa1da,,36ec651d9d9f2bcf64671a7b3f8d64b77ddee192e154f50c252a4885ba9aa1da,True,False,POST_OBSERVATION_CREATED
True,True,True,True,True,True,True,True,True,True,True,False,original,2,2014-07-01 01:00:00,passenger,165,6210.0,scenario3,NO_EXISTING_SEGMENT_IN_COLUMN,30,30,17,0,960,960,30,0,960,0,32,0,0,0,0.0,0,0.0,0,0.0,0.0,0,0,0,0,0,0,0,,,0,4,4,0,False,False,0,0,0.0,0.0,0.0,24,bf8b9eb630a9ac90bf53ebb8b46ce6760b5120da9208619c3cadfe93fe6df737,,bf8b9eb630a9ac90bf53ebb8b46ce6760b5120da9208619c3cadfe93fe6df737,True,False,POST_OBSERVATION_CREATED
True,True,True,True,True,True,True,True,True,True,True,False,original,2,2014-07-01 01:00:00,passenger,160,6210.0,scenario3,NO_EXISTING_SEGMENT_IN_COLUMN,30,30,17,0,960,960,30,0,960,0,32,0,0,0,0.0,0,0.0,0,0.0,0.0,0,0,0,0,0,0,0,,,0,4,4,0,False,False,0,0,0.0,0.0,0.0,3,64b20ad3d3a3b5ba18fa9d0f55b958da33a6f45ac5e372a07067342cd4e1f727,,64b20ad3d3a3b5ba18fa9d0f55b958da33a6f45ac5e372a07067342cd4e1f727,True,False,POST_OBSERVATION_CREATED
True,True,True,True,True,True,True,True,True,True,True,False,original,2,2014-07-01 01:00:00,passenger,166,6210.0,scenario3,NO_EXISTING_SEGMENT_IN_COLUMN,30,30,17,0,960,960,30,0,960,0,32,0,0,0,0.0,0,0.0,0,0.0,0.0,0,0,0,0,0,0,0,,,0,4,4,0,False,False,0,0,0.0,0.0,0.0,24,7b64f0ef6084414eb863e94ecb40a64f24ef5a190bfae76122ba42eb5bf79646,,7b64f0ef6084414eb863e94ecb40a64f24ef5a190bfae76122ba42eb5bf79646,True,False,POST_OBSERVATION_CREATED
True,True,True,True,True,True,True,True,True,True,True,False,original,2,2014-07-01 01:00:00,passenger,159,6210.0,scenario3,NO_EXISTING_SEGMENT_IN_COLUMN,30,30,17,0,960,960,30,0,960,0,32,0,0,0,0.0,0,0.0,0,0.0,0.0,0,0,0,0,0,0,0,,,0,4,4,0,False,False,0,0,0.0,0.0,0.0,4,d30bd6f9d046f80d41d149c35bf6223e38172feb85f66fe5ebe04b24249de1dc,,d30bd6f9d046f80d41d149c35bf6223e38172feb85f66fe5ebe04b24249de1dc,True,False,POST_OBSERVATION_CREATED
True,True,True,True,True,True,True,True,True,True,True,False,original,2,2014-07-01 01:00:00,passenger,167,6210.0,scenario3,NO_EXISTING_SEGMENT_IN_COLUMN,30,30,17,0,960,960,30,0,960,0,32,0,0,0,0.0,0,0.0,0,0.0,0.0,0,0,0,0,0,0,0,,,0,4,4,0,False,False,0,0,0.0,0.0,0.0,3,dfac8af62abe694c22acd58999e714c68f08f3fbd24735926db2c9efcbad8886,,dfac8af62abe694c22acd58999e714c68f08f3fbd24735926db2c9efcbad8886,True,False,POST_OBSERVATION_CREATED
True,True,True,True,True,True,True,True,True,True,True,False,original,2,2014-07-01 01:00:00,passenger,158,6210.0,scenario3,NO_EXISTING_SEGMENT_IN_COLUMN,30,30,17,0,960,960,30,0,960,0,32,0,0,0,0.0,0,0.0,0,0.0,0.0,0,0,0,0,0,0,0,,,0,4,4,0,False,False,0,0,0.0,0.0,0.0,31,9443b81479add01b9f6d0f9b02152487df981a2b3c95424418523ad6eea47648,,9443b81479add01b9f6d0f9b02152487df981a2b3c95424418523ad6eea47648,True,False,POST_OBSERVATION_CREATED
True,True,True,True,True,True,True,True,True,True,True,False,original,3,2014-07-01 01:30:00,weekday,4,1.0,scenario2,MATCHING_SEGMENT_FOUND,30,30,19,4,832,836,30,4,832,0,32,1,1,59,0.0,0,33.4,19,19.0,19.0,0,0,0,0,1,1,1,8aeed2abd0f847e0b8500715486ecfcc55670f2b3385c6aeb419a3a0678f1913,30,19,4,0,1,False,False,59,33,0.559322033898305,0.01762632197414806,0.0382830626450116,30,8aeed2abd0f847e0b8500715486ecfcc55670f2b3385c6aeb419a3a0678f1913,8aeed2abd0f847e0b8500715486ecfcc55670f2b3385c6aeb419a3a0678f1913,,False,True,PREEXISTING
True,True,True,True,True,True,True,True,True,True,True,False,original,3,2014-07-01 01:30:00,weekday,5,1.0,scenario2,MATCHING_SEGMENT_FOUND,30,30,19,4,832,836,30,4,832,0,32,1,1,59,0.0,0,33.4,19,19.0,19.0,0,0,0,0,1,1,1,64080601c3be5fe7030e7eb69924a6cafe76e2b467b4a5630a9f7de522aa39db,10,19,4,0,1,False,False,59,33,0.559322033898305,0.01762632197414806,0.0382830626450116,10,64080601c3be5fe7030e7eb69924a6cafe76e2b467b4a5630a9f7de522aa39db,64080601c3be5fe7030e7eb69924a6cafe76e2b467b4a5630a9f7de522aa39db,,False,True,PREEXISTING
True,True,True,True,True,True,True,True,True,True,True,False,original,3,2014-07-01 01:30:00,weekday,3,1.0,scenario2,MATCHING_SEGMENT_FOUND,30,30,19,4,832,836,30,4,832,0,32,1,1,59,0.0,0,33.4,19,19.0,19.0,0,0,0,0,1,1,1,69f0cb4491a1fd577b6c1af78119fa843dac41862a4e9483fd3c8e414791a45f,4,19,4,0,1,False,False,59,33,0.559322033898305,0.01762632197414806,0.0382830626450116,4,69f0cb4491a1fd577b6c1af78119fa843dac41862a4e9483fd3c8e414791a45f,69f0cb4491a1fd577b6c1af78119fa843dac41862a4e9483fd3c8e414791a45f,,False,True,PREEXISTING
True,True,True,True,True,True,True,True,True,True,True,False,original,3,2014-07-01 01:30:00,weekday,6,1.0,scenario2,MATCHING_SEGMENT_FOUND,30,30,19,4,832,836,30,4,832,0,32,1,1,59,1.0,1,33.38,19,19.0,19.0,0,0,0,0,1,1,1,d0ca4df7b4ef8ef8330fc3c3fb6df6da237f2c8759fa1a08b551c3b0267a5cc1,29,19,4,0,1,False,False,59,33,0.559322033898305,0.01762632197414806,0.0382830626450116,29,d0ca4df7b4ef8ef8330fc3c3fb6df6da237f2c8759fa1a08b551c3b0267a5cc1,d0ca4df7b4ef8ef8330fc3c3fb6df6da237f2c8759fa1a08b551c3b0267a5cc1,,False,True,PREEXISTING
True,True,True,True,True,True,True,True,True,True,True,False,original,3,2014-07-01 01:30:00,weekday,2,1.0,scenario2,MATCHING_SEGMENT_FOUND,30,30,19,4,832,836,30,4,832,0,32,1,1,59,1.0,1,33.38,19,19.0,19.0,0,0,0,0,1,1,1,62de03d338e81fffb1fe886b83637755e48f7109d103cb5c35e3be82a6942085,15,19,4,0,1,False,False,59,33,0.559322033898305,0.01762632197414806,0.0382830626450116,15,62de03d338e81fffb1fe886b83637755e48f7109d103cb5c35e3be82a6942085,62de03d338e81fffb1fe886b83637755e48f7109d103cb5c35e3be82a6942085,,False,True,PREEXISTING
True,True,True,True,True,True,True,True,True,True,True,False,original,3,2014-07-01 01:30:00,weekday,7,1.0,scenario2,MATCHING_SEGMENT_FOUND,30,30,19,4,832,836,30,4,832,0,32,1,1,59,1.0,1,33.38,19,19.0,19.0,0,0,0,0,1,1,1,82cd778248b58abce2dd437ff3430d422a5f31f0857456cb0806c4bbf75c2f84,1,19,4,0,1,False,False,59,33,0.559322033898305,0.01762632197414806,0.0382830626450116,1,82cd778248b58abce2dd437ff3430d422a5f31f0857456cb0806c4bbf75c2f84,82cd778248b58abce2dd437ff3430d422a5f31f0857456cb0806c4bbf75c2f84,,False,True,PREEXISTING
True,True,True,True,True,True,True,True,True,True,True,False,original,3,2014-07-01 01:30:00,weekday,1,1.0,scenario2,MATCHING_SEGMENT_FOUND,30,30,19,4,832,836,30,4,832,0,32,1,1,59,1.0,1,33.38,19,19.0,19.0,0,0,0,0,1,1,1,096eb71f46b469fc4f1cc7d4ed984088c225a66b3cfbaad900f9fc8fd6e6985c,15,19,4,0,1,False,False,59,33,0.559322033898305,0.01762632197414806,0.0382830626450116,15,096eb71f46b469fc4f1cc7d4ed984088c225a66b3cfbaad900f9fc8fd6e6985c,096eb71f46b469fc4f1cc7d4ed984088c225a66b3cfbaad900f9fc8fd6e6985c,,False,True,PREEXISTING
True,True,True,True,True,True,True,True,True,True,True,False,original,3,2014-07-01 01:30:00,weekday,8,1.0,scenario2,MATCHING_SEGMENT_FOUND,30,30,19,4,832,836,30,4,832,0,32,1,1,59,1.0,1,33.38,19,19.0,19.0,0,0,0,0,1,1,1,8707a46b07890e9f3d4b42af5e0aab7361dc144e7986f25d90e421a33089bd83,29,19,4,0,1,False,False,59,33,0.559322033898305,0.01762632197414806,0.0382830626450116,29,8707a46b07890e9f3d4b42af5e0aab7361dc144e7986f25d90e421a33089bd83,8707a46b07890e9f3d4b42af5e0aab7361dc144e7986f25d90e421a33089bd83,,False,True,PREEXISTING
True,True,True,True,True,True,True,True,True,True,True,False,original,3,2014-07-01 01:30:00,weekday,0,1.0,scenario2,MATCHING_SEGMENT_FOUND,30,30,19,4,832,836,30,4,832,0,32,1,1,59,1.0,1,33.38,19,19.0,19.0,0,0,0,0,1,1,1,b8ff4e0cd1bf15ed47968cde6ad2530bfe3d56b991c289d66df5ed3a4ea01ca1,4,19,4,0,1,False,False,59,33,0.559322033898305,0.01762632197414806,0.0382830626450116,4,b8ff4e0cd1bf15ed47968cde6ad2530bfe3d56b991c289d66df5ed3a4ea01ca1,b8ff4e0cd1bf15ed47968cde6ad2530bfe3d56b991c289d66df5ed3a4ea01ca1,,False,True,PREEXISTING
True,True,True,True,True,True,True,True,True,True,True,False,original,3,2014-07-01 01:30:00,weekday,9,1.0,scenario2,MATCHING_SEGMENT_FOUND,30,30,19,4,832,836,30,4,832,0,32,1,1,59,1.0,1,33.38,19,19.0,19.0,0,0,0,0,1,1,1,1928f40ce31bf6bd47fb15c046e5d7db5c6f2744acdbf86090d49adc6860aaca,19,19,4,0,1,False,False,59,33,0.559322033898305,0.01762632197414806,0.0382830626450116,19,1928f40ce31bf6bd47fb15c046e5d7db5c6f2744acdbf86090d49adc6860aaca,1928f40ce31bf6bd47fb15c046e5d7db5c6f2744acdbf86090d49adc6860aaca,,False,True,PREEXISTING
True,True,True,True,True,True,True,True,True,True,True,False,original,3,2014-07-01 01:30:00,time,34,3.0,scenario3,PREDICTED_TIME_INVALID,30,30,19,4,832,836,30,4,832,0,32,1,1,30,1.0,1,12.4,0,0.0,0.0,1,0,0,0,0,0,0,9853ed3dc78da9e89a0e506f54eaf3ab3d598e77b7b6599b037fdc8a5fe05899,7,0,4,4,0,False,False,30,15,0.5,0.01762632197414806,0.01762632197414806,10,43bb5d7c0432e38e84491c509e0610c34b63b297b57a46ba32e877e77395938f,,43bb5d7c0432e38e84491c509e0610c34b63b297b57a46ba32e877e77395938f,True,False,POST_OBSERVATION_CREATED
True,True,True,True,True,True,True,True,True,True,True,False,original,3,2014-07-01 01:30:00,time,33,3.0,scenario3,EXISTING_SEGMENTS_BELOW_L_MATCH,30,30,19,4,832,836,30,4,832,0,32,1,1,30,1.0,1,12.4,0,0.0,0.0,1,0,0,0,0,0,0,1621c94e3dd2ae5e2294249b8f0e3357af072c9ce07b4a7f76150b09d7184fc2,20,0,4,4,0,False,False,30,15,0.5,0.01762632197414806,0.01762632197414806,0,03b848fa89b601ad41472b34fb9974aa3a70c35aeea52bc1fbc4033eb566617a,,03b848fa89b601ad41472b34fb9974aa3a70c35aeea52bc1fbc4033eb566617a,True,False,POST_OBSERVATION_CREATED
True,True,True,True,True,True,True,True,True,True,True,False,original,3,2014-07-01 01:30:00,time,35,3.0,scenario3,PREDICTED_TIME_INVALID,30,30,19,4,832,836,30,4,832,0,32,1,1,30,1.0,1,12.4,0,0.0,0.0,1,0,0,0,0,0,0,3ab23e994313cb9467254f7704918dde71159eafb10b365e9ce95d4737a51177,15,0,4,4,0,False,False,30,15,0.5,0.01762632197414806,0.01762632197414806,13,aeda3ddddb1fc17f2c0971c1de90895bdf69e0a55afa173ba94ec79de0122836,,aeda3ddddb1fc17f2c0971c1de90895bdf69e0a55afa173ba94ec79de0122836,True,False,POST_OBSERVATION_CREATED
True,True,True,True,True,True,True,True,True,True,True,False,original,3,2014-07-01 01:30:00,time,32,3.0,scenario3,EXISTING_SEGMENTS_BELOW_L_MATCH,30,30,19,4,832,836,30,4,832,0,32,2,2,60,0.0,0,15.0,0,0.0,0.0,2,0,0,0,0,0,0,30d69c4a54edb1a13b3e9fa7f6ea16840da2baa788a1f4b02ed298ba2408ec86,13,0,4,4,0,False,False,30,15,0.5,0.01762632197414806,0.01762632197414806,17,7acb89b2198bb9f6a16604cf7f9ff02b3ced58e7a2a6e06718a87c63bceb5c05,,7acb89b2198bb9f6a16604cf7f9ff02b3ced58e7a2a6e06718a87c63bceb5c05,True,False,POST_OBSERVATION_CREATED
True,True,True,True,True,True,True,True,True,True,True,False,original,3,2014-07-01 01:30:00,time,36,3.0,scenario3,PREDICTED_TIME_INVALID,30,30,19,4,832,836,30,4,832,0,32,1,1,30,1.0,1,12.4,0,0.0,0.0,1,0,0,0,0,0,0,65aacf9bb4293a3c1e3d205812f6dad728c357e5c82db051471eed042016bee4,31,0,4,4,0,False,False,30,15,0.5,0.01762632197414806,0.01762632197414806,27,07e4de0a1da10aa955d633b965218ce918566d1569c99f57fe91485459dce6d4,,07e4de0a1da10aa955d633b965218ce918566d1569c99f57fe91485459dce6d4,True,False,POST_OBSERVATION_CREATED
True,True,True,True,True,True,True,True,True,True,True,False,original,3,2014-07-01 01:30:00,time,31,3.0,scenario3,EXISTING_SEGMENTS_BELOW_L_MATCH,30,30,19,4,832,836,30,4,832,0,32,2,2,60,0.0,0,15.0,1,0.5,0.5,1,1,0,0,0,0,0,bffe621e78060b68c266493b0df908ba44e6951ea871984a68d563436e779dfe,22,1,4,3,0,False,False,30,15,0.5,0.01762632197414806,0.01762632197414806,7,da37c6aaaedb909b90357e3dcc009f6756c9b6071ed68650cbc161286d529f45,,da37c6aaaedb909b90357e3dcc009f6756c9b6071ed68650cbc161286d529f45,True,False,POST_OBSERVATION_CREATED
True,True,True,True,True,True,True,True,True,True,True,False,original,3,2014-07-01 01:30:00,time,37,3.0,scenario3,MATCHING_SEGMENT_NOT_ELIGIBLE,30,30,19,4,832,836,30,4,832,0,32,1,1,30,0.0,0,15.0,0,0.0,0.0,1,0,0,0,0,0,0,c71dade94bd2579da5c2e7dae36201324e0b17f1f760df4cf93d47f7aa291f9a,0,0,4,4,0,False,False,30,19,0.6333333333333333,0.02243211334120425,0.02243211334120425,13,3c845722599d0e546f4f774e91011983da26e20761296c81f66d7d33452644d9,,3c845722599d0e546f4f774e91011983da26e20761296c81f66d7d33452644d9,True,False,POST_OBSERVATION_CREATED
True,True,True,True,True,True,True,True,True,True,True,False,original,3,2014-07-01 01:30:00,time,30,3.0,scenario3,EXISTING_SEGMENTS_BELOW_L_MATCH,30,30,19,4,832,836,30,4,832,0,32,2,2,60,0.0,0,15.0,1,0.5,0.5,1,1,0,0,0,0,0,f92d99fc5f43733b1a1af5e3005110b6e6c724cd74bb3643ef6da6cc6507b5e3,7,1,4,3,0,False,False,30,15,0.5,0.01762632197414806,0.01762632197414806,27,fb9410a7e71eebb4a9f66067625a32abcd068a12b81935d18dff07be3aa34ada,,fb9410a7e71eebb4a9f66067625a32abcd068a12b81935d18dff07be3aa34ada,True,False,POST_OBSERVATION_CREATED
True,True,True,True,True,True,True,True,True,True,True,False,original,3,2014-07-01 01:30:00,time,38,3.0,scenario3,NO_EXISTING_SEGMENT_IN_COLUMN,30,30,19,4,832,836,30,4,832,0,32,0,0,0,0.0,0,0.0,0,0.0,0.0,0,0,0,0,0,0,0,,,0,4,4,0,False,False,0,0,0.0,0.0,0.0,26,c33608ee6ecddbab8a363d83d38983df0d38f03fb125d95a3217337c0483aee3,,c33608ee6ecddbab8a363d83d38983df0d38f03fb125d95a3217337c0483aee3,True,False,POST_OBSERVATION_CREATED
True,True,True,True,True,True,True,True,True,True,True,False,original,3,2014-07-01 01:30:00,time,87,3.0,scenario3,EXISTING_SEGMENTS_BELOW_L_MATCH,30,30,19,4,832,836,30,4,832,0,32,2,2,60,0.5,1,14.99,1,0.5,0.5,1,1,0,0,0,0,0,59ffd8d0e7f60ba0a611d2c795604a8f92933029950cfb22a632680fb8009068,23,1,4,3,0,False,False,30,15,0.5,0.01762632197414806,0.01762632197414806,30,ec5a060128159efe12de72614bd266ae16d6e87763b5779e1e92a1979e3bb611,,ec5a060128159efe12de72614bd266ae16d6e87763b5779e1e92a1979e3bb611,True,False,POST_OBSERVATION_CREATED
True,True,True,True,True,True,True,True,True,True,True,False,original,3,2014-07-01 01:30:00,passenger,144,4656.0,scenario3,NO_EXISTING_SEGMENT_IN_COLUMN,30,30,19,4,832,836,30,4,832,0,32,0,0,0,0.0,0,0.0,0,0.0,0.0,0,0,0,0,0,0,0,,,0,4,4,0,False,False,0,0,0.0,0.0,0.0,15,d95e78feeff21959143ee02408bba8af650c7972fe942e87204f50cd73e27fa5,,d95e78feeff21959143ee02408bba8af650c7972fe942e87204f50cd73e27fa5,True,False,POST_OBSERVATION_CREATED
True,True,True,True,True,True,True,True,True,True,True,False,original,3,2014-07-01 01:30:00,passenger,143,4656.0,scenario3,NO_EXISTING_SEGMENT_IN_COLUMN,30,30,19,4,832,836,30,4,832,0,32,0,0,0,0.0,0,0.0,0,0.0,0.0,0,0,0,0,0,0,0,,,0,4,4,0,False,False,0,0,0.0,0.0,0.0,20,08d1de2ced192cc99e97e7fe6f6c4ef79f86004edc99ed32e76f37f752e8fe56,,08d1de2ced192cc99e97e7fe6f6c4ef79f86004edc99ed32e76f37f752e8fe56,True,False,POST_OBSERVATION_CREATED
True,True,True,True,True,True,True,True,True,True,True,False,original,3,2014-07-01 01:30:00,passenger,145,4656.0,scenario3,NO_EXISTING_SEGMENT_IN_COLUMN,30,30,19,4,832,836,30,4,832,0,32,0,0,0,0.0,0,0.0,0,0.0,0.0,0,0,0,0,0,0,0,,,0,4,4,0,False,False,0,0,0.0,0.0,0.0,13,82ff3515befddfbe11965ece940ae68d87464919b7381021649ba52f3276557c,,82ff3515befddfbe11965ece940ae68d87464919b7381021649ba52f3276557c,True,False,POST_OBSERVATION_CREATED
True,True,True,True,True,True,True,True,True,True,True,False,original,3,2014-07-01 01:30:00,passenger,142,4656.0,scenario3,NO_EXISTING_SEGMENT_IN_COLUMN,30,30,19,4,832,836,30,4,832,0,32,0,0,0,0.0,0,0.0,0,0.0,0.0,0,0,0,0,0,0,0,,,0,4,4,0,False,False,0,0,0.0,0.0,0.0,4,f58c2cff0912f7331aef546dd54ba0e870fd6fad4071bcca206299aa2947da8b,,f58c2cff0912f7331aef546dd54ba0e870fd6fad4071bcca206299aa2947da8b,True,False,POST_OBSERVATION_CREATED
True,True,True,True,True,True,True,True,True,True,True,False,original,3,2014-07-01 01:30:00,passenger,146,4656.0,scenario3,NO_EXISTING_SEGMENT_IN_COLUMN,30,30,19,4,832,836,30,4,832,0,32,0,0,0,0.0,0,0.0,0,0.0,0.0,0,0,0,0,0,0,0,,,0,4,4,0,False,False,0,0,0.0,0.0,0.0,0,952619d7e8bd9b0d24e3a68dac8eb69bb0abeb8b61d178163803ca10dda5b383,,952619d7e8bd9b0d24e3a68dac8eb69bb0abeb8b61d178163803ca10dda5b383,True,False,POST_OBSERVATION_CREATED
True,True,True,True,True,True,True,True,True,True,True,False,original,3,2014-07-01 01:30:00,passenger,141,4656.0,scenario3,NO_EXISTING_SEGMENT_IN_COLUMN,30,30,19,4,832,836,30,4,832,0,32,0,0,0,0.0,0,0.0,0,0.0,0.0,0,0,0,0,0,0,0,,,0,4,4,0,False,False,0,0,0.0,0.0,0.0,17,3a0b4bd67acd2f81c83a94486efbf87c8a108f1ee8429c165a752213c7322595,,3a0b4bd67acd2f81c83a94486efbf87c8a108f1ee8429c165a752213c7322595,True,False,POST_OBSERVATION_CREATED
True,True,True,True,True,True,True,True,True,True,True,False,original,3,2014-07-01 01:30:00,passenger,147,4656.0,scenario3,NO_EXISTING_SEGMENT_IN_COLUMN,30,30,19,4,832,836,30,4,832,0,32,0,0,0,0.0,0,0.0,0,0.0,0.0,0,0,0,0,0,0,0,,,0,4,4,0,False,False,0,0,0.0,0.0,0.0,21,31907fef97510bb25809fe1992ce5ad2857713b33138f31d00cb210f7e52ff54,,31907fef97510bb25809fe1992ce5ad2857713b33138f31d00cb210f7e52ff54,True,False,POST_OBSERVATION_CREATED
True,True,True,True,True,True,True,True,True,True,True,False,original,3,2014-07-01 01:30:00,passenger,140,4656.0,scenario3,NO_EXISTING_SEGMENT_IN_COLUMN,30,30,19,4,832,836,30,4,832,0,32,0,0,0,0.0,0,0.0,0,0.0,0.0,0,0,0,0,0,0,0,,,0,4,4,0,False,False,0,0,0.0,0.0,0.0,20,b4b1756de21e0c71f9458ecf3508261d7e1acea6649b7cc47c199e697524473e,,b4b1756de21e0c71f9458ecf3508261d7e1acea6649b7cc47c199e697524473e,True,False,POST_OBSERVATION_CREATED
True,True,True,True,True,True,True,True,True,True,True,False,original,3,2014-07-01 01:30:00,passenger,148,4656.0,scenario3,NO_EXISTING_SEGMENT_IN_COLUMN,30,30,19,4,832,836,30,4,832,0,32,0,0,0,0.0,0,0.0,0,0.0,0.0,0,0,0,0,0,0,0,,,0,4,4,0,False,False,0,0,0.0,0.0,0.0,25,3d62054600db110c8611412615d76c798b75eebe10abe21f7849d71abc366339,,3d62054600db110c8611412615d76c798b75eebe10abe21f7849d71abc366339,True,False,POST_OBSERVATION_CREATED
True,True,True,True,True,True,True,True,True,True,True,False,original,3,2014-07-01 01:30:00,passenger,139,4656.0,scenario3,NO_EXISTING_SEGMENT_IN_COLUMN,30,30,19,4,832,836,30,4,832,0,32,0,0,0,0.0,0,0.0,0,0.0,0.0,0,0,0,0,0,0,0,,,0,4,4,0,False,False,0,0,0.0,0.0,0.0,7,044d92b6c9728375241b99ffadce9aec9c94a1e4949ed6d94036c84fe344c7c8,,044d92b6c9728375241b99ffadce9aec9c94a1e4949ed6d94036c84fe344c7c8,True,False,POST_OBSERVATION_CREATED
True,True,True,True,True,True,True,True,True,True,True,False,original,4,2014-07-01 02:00:00,weekday,4,1.0,scenario2,MATCHING_SEGMENT_FOUND,30,30,16,0,960,960,30,0,960,0,32,1,1,75,0.0,0,44.9,19,19.0,19.0,0,0,0,0,1,1,1,8aeed2abd0f847e0b8500715486ecfcc55670f2b3385c6aeb419a3a0678f1913,30,19,4,0,1,False,False,75,39,0.52,0.017471736896197326,0.0391566265060241,30,8aeed2abd0f847e0b8500715486ecfcc55670f2b3385c6aeb419a3a0678f1913,8aeed2abd0f847e0b8500715486ecfcc55670f2b3385c6aeb419a3a0678f1913,,False,True,PREEXISTING
True,True,True,True,True,True,True,True,True,True,True,False,original,4,2014-07-01 02:00:00,weekday,5,1.0,scenario2,MATCHING_SEGMENT_FOUND,30,30,16,0,960,960,30,0,960,0,32,1,1,75,0.0,0,44.9,19,19.0,19.0,0,0,0,0,1,1,1,64080601c3be5fe7030e7eb69924a6cafe76e2b467b4a5630a9f7de522aa39db,10,19,4,0,1,False,False,75,39,0.52,0.017471736896197326,0.0391566265060241,10,64080601c3be5fe7030e7eb69924a6cafe76e2b467b4a5630a9f7de522aa39db,64080601c3be5fe7030e7eb69924a6cafe76e2b467b4a5630a9f7de522aa39db,,False,True,PREEXISTING
True,True,True,True,True,True,True,True,True,True,True,False,original,4,2014-07-01 02:00:00,weekday,3,1.0,scenario2,MATCHING_SEGMENT_FOUND,30,30,16,0,960,960,30,0,960,0,32,1,1,75,1.0,1,44.86,19,19.0,19.0,0,0,0,0,1,1,1,69f0cb4491a1fd577b6c1af78119fa843dac41862a4e9483fd3c8e414791a45f,4,19,4,0,1,False,False,75,39,0.52,0.017471736896197326,0.0391566265060241,4,69f0cb4491a1fd577b6c1af78119fa843dac41862a4e9483fd3c8e414791a45f,69f0cb4491a1fd577b6c1af78119fa843dac41862a4e9483fd3c8e414791a45f,,False,True,PREEXISTING
True,True,True,True,True,True,True,True,True,True,True,False,original,4,2014-07-01 02:00:00,weekday,6,1.0,scenario2,MATCHING_SEGMENT_FOUND,30,30,16,0,960,960,30,0,960,0,32,1,1,75,1.0,1,44.839999999999996,19,19.0,19.0,0,0,0,0,1,1,1,d0ca4df7b4ef8ef8330fc3c3fb6df6da237f2c8759fa1a08b551c3b0267a5cc1,29,19,4,0,1,False,False,75,39,0.52,0.017471736896197326,0.0391566265060241,29,d0ca4df7b4ef8ef8330fc3c3fb6df6da237f2c8759fa1a08b551c3b0267a5cc1,d0ca4df7b4ef8ef8330fc3c3fb6df6da237f2c8759fa1a08b551c3b0267a5cc1,,False,True,PREEXISTING
True,True,True,True,True,True,True,True,True,True,True,False,original,4,2014-07-01 02:00:00,weekday,2,1.0,scenario2,MATCHING_SEGMENT_FOUND,30,30,16,0,960,960,30,0,960,0,32,1,1,75,1.0,1,44.839999999999996,19,19.0,19.0,0,0,0,0,1,1,1,62de03d338e81fffb1fe886b83637755e48f7109d103cb5c35e3be82a6942085,15,19,4,0,1,False,False,75,39,0.52,0.017471736896197326,0.0391566265060241,15,62de03d338e81fffb1fe886b83637755e48f7109d103cb5c35e3be82a6942085,62de03d338e81fffb1fe886b83637755e48f7109d103cb5c35e3be82a6942085,,False,True,PREEXISTING
True,True,True,True,True,True,True,True,True,True,True,False,original,4,2014-07-01 02:00:00,weekday,7,1.0,scenario2,MATCHING_SEGMENT_FOUND,30,30,16,0,960,960,30,0,960,0,32,1,1,75,1.0,1,44.839999999999996,19,19.0,19.0,0,0,0,0,1,1,1,82cd778248b58abce2dd437ff3430d422a5f31f0857456cb0806c4bbf75c2f84,1,19,4,0,1,False,False,75,39,0.52,0.017471736896197326,0.0391566265060241,1,82cd778248b58abce2dd437ff3430d422a5f31f0857456cb0806c4bbf75c2f84,82cd778248b58abce2dd437ff3430d422a5f31f0857456cb0806c4bbf75c2f84,,False,True,PREEXISTING
True,True,True,True,True,True,True,True,True,True,True,False,original,4,2014-07-01 02:00:00,weekday,1,1.0,scenario2,MATCHING_SEGMENT_FOUND,30,30,16,0,960,960,30,0,960,0,32,1,1,75,1.0,1,44.839999999999996,19,19.0,19.0,0,0,0,0,1,1,1,096eb71f46b469fc4f1cc7d4ed984088c225a66b3cfbaad900f9fc8fd6e6985c,15,19,4,0,1,False,False,75,39,0.52,0.017471736896197326,0.0391566265060241,15,096eb71f46b469fc4f1cc7d4ed984088c225a66b3cfbaad900f9fc8fd6e6985c,096eb71f46b469fc4f1cc7d4ed984088c225a66b3cfbaad900f9fc8fd6e6985c,,False,True,PREEXISTING
True,True,True,True,True,True,True,True,True,True,True,False,original,4,2014-07-01 02:00:00,weekday,8,1.0,scenario2,MATCHING_SEGMENT_FOUND,30,30,16,0,960,960,30,0,960,0,32,1,1,75,1.0,1,44.839999999999996,19,19.0,19.0,0,0,0,0,1,1,1,8707a46b07890e9f3d4b42af5e0aab7361dc144e7986f25d90e421a33089bd83,29,19,4,0,1,False,False,75,39,0.52,0.017471736896197326,0.0391566265060241,29,8707a46b07890e9f3d4b42af5e0aab7361dc144e7986f25d90e421a33089bd83,8707a46b07890e9f3d4b42af5e0aab7361dc144e7986f25d90e421a33089bd83,,False,True,PREEXISTING
True,True,True,True,True,True,True,True,True,True,True,False,original,4,2014-07-01 02:00:00,weekday,0,1.0,scenario2,MATCHING_SEGMENT_FOUND,30,30,16,0,960,960,30,0,960,0,32,1,1,75,1.0,1,44.839999999999996,19,19.0,19.0,0,0,0,0,1,1,1,b8ff4e0cd1bf15ed47968cde6ad2530bfe3d56b991c289d66df5ed3a4ea01ca1,4,19,4,0,1,False,False,75,39,0.52,0.017471736896197326,0.0391566265060241,4,b8ff4e0cd1bf15ed47968cde6ad2530bfe3d56b991c289d66df5ed3a4ea01ca1,b8ff4e0cd1bf15ed47968cde6ad2530bfe3d56b991c289d66df5ed3a4ea01ca1,,False,True,PREEXISTING
True,True,True,True,True,True,True,True,True,True,True,False,original,4,2014-07-01 02:00:00,weekday,9,1.0,scenario2,MATCHING_SEGMENT_FOUND,30,30,16,0,960,960,30,0,960,0,32,1,1,75,1.0,1,44.839999999999996,19,19.0,19.0,0,0,0,0,1,1,1,1928f40ce31bf6bd47fb15c046e5d7db5c6f2744acdbf86090d49adc6860aaca,19,19,4,0,1,False,False,75,39,0.52,0.017471736896197326,0.0391566265060241,19,1928f40ce31bf6bd47fb15c046e5d7db5c6f2744acdbf86090d49adc6860aaca,1928f40ce31bf6bd47fb15c046e5d7db5c6f2744acdbf86090d49adc6860aaca,,False,True,PREEXISTING
True,True,True,True,True,True,True,True,True,True,True,False,original,4,2014-07-01 02:00:00,time,35,4.0,scenario3,EXISTING_SEGMENTS_BELOW_L_MATCH,30,30,16,0,960,960,30,0,960,0,32,2,2,60,1.0,2,13.65,1,0.5,0.5,1,1,0,0,0,0,0,3ab23e994313cb9467254f7704918dde71159eafb10b365e9ce95d4737a51177,15,1,4,3,0,False,False,30,17,0.5666666666666667,0.017471736896197326,0.017471736896197326,18,0922f42b8b2d511940c587748f81d3837be66a641cc1a8487e6c16c4fa22ee4d,,0922f42b8b2d511940c587748f81d3837be66a641cc1a8487e6c16c4fa22ee4d,True,False,POST_OBSERVATION_CREATED
True,True,True,True,True,True,True,True,True,True,True,False,original,4,2014-07-01 02:00:00,time,34,4.0,scenario3,EXISTING_SEGMENTS_BELOW_L_MATCH,30,30,16,0,960,960,30,0,960,0,32,2,2,60,1.0,2,13.65,1,0.5,0.5,1,1,0,0,0,0,0,9853ed3dc78da9e89a0e506f54eaf3ab3d598e77b7b6599b037fdc8a5fe05899,7,1,4,3,0,False,False,30,17,0.5666666666666667,0.017471736896197326,0.017471736896197326,9,1f324eda784b88bd72ea070abf1053f5a584b5f94f030846d7cb4b8f26aa4064,,1f324eda784b88bd72ea070abf1053f5a584b5f94f030846d7cb4b8f26aa4064,True,False,POST_OBSERVATION_CREATED
True,True,True,True,True,True,True,True,True,True,True,False,original,4,2014-07-01 02:00:00,time,36,4.0,scenario3,EXISTING_SEGMENTS_BELOW_L_MATCH,30,30,16,0,960,960,30,0,960,0,32,2,2,60,1.0,2,13.65,1,0.5,0.5,1,1,0,0,0,0,0,65aacf9bb4293a3c1e3d205812f6dad728c357e5c82db051471eed042016bee4,31,1,4,3,0,False,False,30,17,0.5666666666666667,0.017471736896197326,0.017471736896197326,20,7398ad2a0eef460a9d7609211d5f6fefcfa64fd08455035876c5697d1b0f2951,,7398ad2a0eef460a9d7609211d5f6fefcfa64fd08455035876c5697d1b0f2951,True,False,POST_OBSERVATION_CREATED
True,True,True,True,True,True,True,True,True,True,True,False,original,4,2014-07-01 02:00:00,time,33,4.0,scenario1,CORRECTLY_PREDICTED_CELL_AVAILABLE,30,30,16,0,960,960,30,0,960,0,32,2,2,60,1.0,2,13.65,10,5.0,5.0,1,0,0,0,1,1,1,1621c94e3dd2ae5e2294249b8f0e3357af072c9ce07b4a7f76150b09d7184fc2,20,10,4,0,1,False,False,30,17,0.5666666666666667,0.017471736896197326,0.017471736896197326,20,1621c94e3dd2ae5e2294249b8f0e3357af072c9ce07b4a7f76150b09d7184fc2,1621c94e3dd2ae5e2294249b8f0e3357af072c9ce07b4a7f76150b09d7184fc2,,False,True,PREEXISTING
True,True,True,True,True,True,True,True,True,True,True,False,original,4,2014-07-01 02:00:00,time,37,4.0,scenario3,EXISTING_SEGMENTS_BELOW_L_MATCH,30,30,16,0,960,960,30,0,960,0,32,2,2,60,0.0,0,15.0,3,1.5,1.5,1,0,0,1,0,0,0,c71dade94bd2579da5c2e7dae36201324e0b17f1f760df4cf93d47f7aa291f9a,0,3,4,1,0,False,False,30,18,0.6,0.018518518518518517,0.018518518518518517,31,552864826f4f7eaa5ad91aada89d5058598deeed28a1f0ef31bd6f9031f82f28,,552864826f4f7eaa5ad91aada89d5058598deeed28a1f0ef31bd6f9031f82f28,True,False,POST_OBSERVATION_CREATED
True,True,True,True,True,True,True,True,True,True,True,False,original,4,2014-07-01 02:00:00,time,32,4.0,scenario3,EXISTING_SEGMENTS_BELOW_L_MATCH,30,30,16,0,960,960,30,0,960,0,32,3,3,90,0.3333333333333333,1,14.966666666666667,3,1.3333333333333333,1.0,1,1,0,1,0,0,0,30d69c4a54edb1a13b3e9fa7f6ea16840da2baa788a1f4b02ed298ba2408ec86,13,3,4,1,0,False,False,30,18,0.6,0.018518518518518517,0.018518518518518517,9,152d18374baf11741dc90a56448610904bcae4e61c8bb7727fe12ac26854b84e,,152d18374baf11741dc90a56448610904bcae4e61c8bb7727fe12ac26854b84e,True,False,POST_OBSERVATION_CREATED
True,True,True,True,True,True,True,True,True,True,True,False,original,4,2014-07-01 02:00:00,time,38,4.0,scenario3,EXISTING_SEGMENTS_BELOW_L_MATCH,30,30,16,0,960,960,30,0,960,0,32,1,1,30,0.0,0,15.0,0,0.0,0.0,1,0,0,0,0,0,0,c33608ee6ecddbab8a363d83d38983df0d38f03fb125d95a3217337c0483aee3,26,0,4,4,0,False,False,30,19,0.6333333333333333,0.01956745623069001,0.01956745623069001,6,37a2a60c14ef063b141a717d2ae7292f54a898125854a3aa5657eec66a6bba6d,,37a2a60c14ef063b141a717d2ae7292f54a898125854a3aa5657eec66a6bba6d,True,False,POST_OBSERVATION_CREATED
True,True,True,True,True,True,True,True,True,True,True,False,original,4,2014-07-01 02:00:00,time,31,4.0,scenario3,EXISTING_SEGMENTS_BELOW_L_MATCH,30,30,16,0,960,960,30,0,960,0,32,3,3,90,0.0,0,15.0,3,1.6666666666666667,2.0,1,0,1,1,0,0,0,f9522b418ccc7f67d940dd147b50b0e0020d2017756351f0e907c1395f990555,15,3,4,1,0,False,False,30,18,0.6,0.018518518518518517,0.018518518518518517,30,4f315ac2c67676839a348d972076c7037c50ba0aa82829931a0b897142d75bc2,,4f315ac2c67676839a348d972076c7037c50ba0aa82829931a0b897142d75bc2,True,False,POST_OBSERVATION_CREATED
True,True,True,True,True,True,True,True,True,True,True,False,original,4,2014-07-01 02:00:00,time,39,4.0,scenario3,NO_EXISTING_SEGMENT_IN_COLUMN,30,30,16,0,960,960,30,0,960,0,32,0,0,0,0.0,0,0.0,0,0.0,0.0,0,0,0,0,0,0,0,,,0,4,4,0,False,False,0,0,0.0,0.0,0.0,13,2a7c6b434eb79cfcc4583e053450a29ac154d4eb7c0d3c8e26bcda1b46d1dc4d,,2a7c6b434eb79cfcc4583e053450a29ac154d4eb7c0d3c8e26bcda1b46d1dc4d,True,False,POST_OBSERVATION_CREATED
True,True,True,True,True,True,True,True,True,True,True,False,original,4,2014-07-01 02:00:00,time,30,4.0,scenario3,EXISTING_SEGMENTS_BELOW_L_MATCH,30,30,16,0,960,960,30,0,960,0,32,3,3,90,0.3333333333333333,1,14.986666666666666,3,1.6666666666666667,2.0,1,0,1,1,0,0,0,d0fb8f6180028cb57bd44109e4ef351a5ceb3dce235df6fed42246f0b6a75ceb,8,3,4,1,0,False,False,30,18,0.6,0.018518518518518517,0.018518518518518517,18,a75a4b6b730ba11b6440aff398e56681ef51b57f84d6e91926ed59abf68f121e,,a75a4b6b730ba11b6440aff398e56681ef51b57f84d6e91926ed59abf68f121e,True,False,POST_OBSERVATION_CREATED
True,True,True,True,True,True,True,True,True,True,True,False,original,4,2014-07-01 02:00:00,passenger,134,3820.0,scenario3,NO_EXISTING_SEGMENT_IN_COLUMN,30,30,16,0,960,960,30,0,960,0,32,0,0,0,0.0,0,0.0,0,0.0,0.0,0,0,0,0,0,0,0,,,0,4,4,0,False,False,0,0,0.0,0.0,0.0,17,08e83537cd61ab3910b9968160f7b6711f2bbd3ab189aa38944e7fee48abdc31,,08e83537cd61ab3910b9968160f7b6711f2bbd3ab189aa38944e7fee48abdc31,True,False,POST_OBSERVATION_CREATED
True,True,True,True,True,True,True,True,True,True,True,False,original,4,2014-07-01 02:00:00,passenger,133,3820.0,scenario3,NO_EXISTING_SEGMENT_IN_COLUMN,30,30,16,0,960,960,30,0,960,0,32,0,0,0,0.0,0,0.0,0,0.0,0.0,0,0,0,0,0,0,0,,,0,4,4,0,False,False,0,0,0.0,0.0,0.0,8,f996e729fd12b2c8e3d438d43e0cb6e5f7f509671bb0a98fb5278215d654a878,,f996e729fd12b2c8e3d438d43e0cb6e5f7f509671bb0a98fb5278215d654a878,True,False,POST_OBSERVATION_CREATED
True,True,True,True,True,True,True,True,True,True,True,False,original,4,2014-07-01 02:00:00,passenger,135,3820.0,scenario3,NO_EXISTING_SEGMENT_IN_COLUMN,30,30,16,0,960,960,30,0,960,0,32,0,0,0,0.0,0,0.0,0,0.0,0.0,0,0,0,0,0,0,0,,,0,4,4,0,False,False,0,0,0.0,0.0,0.0,22,0dfa6a18b26082bb3fea13665168829ed8e20552d4e6ea817a0b09bca8031972,,0dfa6a18b26082bb3fea13665168829ed8e20552d4e6ea817a0b09bca8031972,True,False,POST_OBSERVATION_CREATED
True,True,True,True,True,True,True,True,True,True,True,False,original,4,2014-07-01 02:00:00,passenger,132,3820.0,scenario3,NO_EXISTING_SEGMENT_IN_COLUMN,30,30,16,0,960,960,30,0,960,0,32,0,0,0,0.0,0,0.0,0,0.0,0.0,0,0,0,0,0,0,0,,,0,4,4,0,False,False,0,0,0.0,0.0,0.0,16,c3ec60ecdb78a0b925ee68067762270dc25533e1e0e9f994bda334e4591d5923,,c3ec60ecdb78a0b925ee68067762270dc25533e1e0e9f994bda334e4591d5923,True,False,POST_OBSERVATION_CREATED
True,True,True,True,True,True,True,True,True,True,True,False,original,4,2014-07-01 02:00:00,passenger,136,3820.0,scenario3,NO_EXISTING_SEGMENT_IN_COLUMN,30,30,16,0,960,960,30,0,960,0,32,0,0,0,0.0,0,0.0,0,0.0,0.0,0,0,0,0,0,0,0,,,0,4,4,0,False,False,0,0,0.0,0.0,0.0,13,7089c196cb2d0a1c035b34ca93acc8a6fdb9d2ef0539299cfdd23b2e639c368b,,7089c196cb2d0a1c035b34ca93acc8a6fdb9d2ef0539299cfdd23b2e639c368b,True,False,POST_OBSERVATION_CREATED
True,True,True,True,True,True,True,True,True,True,True,False,original,4,2014-07-01 02:00:00,passenger,131,3820.0,scenario3,NO_EXISTING_SEGMENT_IN_COLUMN,30,30,16,0,960,960,30,0,960,0,32,0,0,0,0.0,0,0.0,0,0.0,0.0,0,0,0,0,0,0,0,,,0,4,4,0,False,False,0,0,0.0,0.0,0.0,19,514e53aed75d910f993ab13682687543359023e445e6fb39cabdbf60ea04ca90,,514e53aed75d910f993ab13682687543359023e445e6fb39cabdbf60ea04ca90,True,False,POST_OBSERVATION_CREATED
True,True,True,True,True,True,True,True,True,True,True,False,original,4,2014-07-01 02:00:00,passenger,137,3820.0,scenario3,NO_EXISTING_SEGMENT_IN_COLUMN,30,30,16,0,960,960,30,0,960,0,32,0,0,0,0.0,0,0.0,0,0.0,0.0,0,0,0,0,0,0,0,,,0,4,4,0,False,False,0,0,0.0,0.0,0.0,31,74a0cd9d98bb2e35b17302d2eb282867a6fac6acb63998dfeede10965abfb548,,74a0cd9d98bb2e35b17302d2eb282867a6fac6acb63998dfeede10965abfb548,True,False,POST_OBSERVATION_CREATED
True,True,True,True,True,True,True,True,True,True,True,False,original,4,2014-07-01 02:00:00,passenger,130,3820.0,scenario3,NO_EXISTING_SEGMENT_IN_COLUMN,30,30,16,0,960,960,30,0,960,0,32,0,0,0,0.0,0,0.0,0,0.0,0.0,0,0,0,0,0,0,0,,,0,4,4,0,False,False,0,0,0.0,0.0,0.0,17,89d7a0ad54f4badf38d442f23e5f06d4e2b2a77c64988f846bac9696695cf48a,,89d7a0ad54f4badf38d442f23e5f06d4e2b2a77c64988f846bac9696695cf48a,True,False,POST_OBSERVATION_CREATED
True,True,True,True,True,True,True,True,True,True,True,False,original,4,2014-07-01 02:00:00,passenger,138,3820.0,scenario3,NO_EXISTING_SEGMENT_IN_COLUMN,30,30,16,0,960,960,30,0,960,0,32,0,0,0,0.0,0,0.0,0,0.0,0.0,0,0,0,0,0,0,0,,,0,4,4,0,False,False,0,0,0.0,0.0,0.0,28,fe00289a7cd3fb7cb96cc3f2f05ba2bcf6100e08a28de8ba50a6b2d621a16401,,fe00289a7cd3fb7cb96cc3f2f05ba2bcf6100e08a28de8ba50a6b2d621a16401,True,False,POST_OBSERVATION_CREATED
True,True,True,True,True,True,True,True,True,True,True,False,original,4,2014-07-01 02:00:00,passenger,129,3820.0,scenario3,NO_EXISTING_SEGMENT_IN_COLUMN,30,30,16,0,960,960,30,0,960,0,32,0,0,0,0.0,0,0.0,0,0.0,0.0,0,0,0,0,0,0,0,,,0,4,4,0,False,False,0,0,0.0,0.0,0.0,13,035f466b3e822a26ec131f8973128fcb2e4907829794dfaa9e5b58b841f4a71a,,035f466b3e822a26ec131f8973128fcb2e4907829794dfaa9e5b58b841f4a71a,True,False,POST_OBSERVATION_CREATED
True,True,True,True,True,True,True,True,True,True,True,False,original,5,2014-07-01 02:30:00,weekday,4,1.0,scenario2,MATCHING_SEGMENT_FOUND,30,30,18,1,928,929,30,1,928,0,32,1,1,95,0.0,0,58.8,20,20.0,20.0,0,0,0,0,1,1,1,8aeed2abd0f847e0b8500715486ecfcc55670f2b3385c6aeb419a3a0678f1913,30,20,4,0,1,False,False,95,43,0.45263157894736844,0.015889830508474576,0.04383282364933741,30,8aeed2abd0f847e0b8500715486ecfcc55670f2b3385c6aeb419a3a0678f1913,8aeed2abd0f847e0b8500715486ecfcc55670f2b3385c6aeb419a3a0678f1913,,False,True,PREEXISTING
True,True,True,True,True,True,True,True,True,True,True,False,original,5,2014-07-01 02:30:00,weekday,5,1.0,scenario2,MATCHING_SEGMENT_FOUND,30,30,18,1,928,929,30,1,928,0,32,1,1,95,0.0,0,58.8,20,20.0,20.0,0,0,0,0,1,1,1,64080601c3be5fe7030e7eb69924a6cafe76e2b467b4a5630a9f7de522aa39db,10,20,4,0,1,False,False,95,43,0.45263157894736844,0.015889830508474576,0.04383282364933741,10,64080601c3be5fe7030e7eb69924a6cafe76e2b467b4a5630a9f7de522aa39db,64080601c3be5fe7030e7eb69924a6cafe76e2b467b4a5630a9f7de522aa39db,,False,True,PREEXISTING
True,True,True,True,True,True,True,True,True,True,True,False,original,5,2014-07-01 02:30:00,weekday,3,1.0,scenario2,MATCHING_SEGMENT_FOUND,30,30,18,1,928,929,30,1,928,0,32,1,1,95,1.0,1,58.76,20,20.0,20.0,0,0,0,0,1,1,1,69f0cb4491a1fd577b6c1af78119fa843dac41862a4e9483fd3c8e414791a45f,4,20,4,0,1,False,False,95,43,0.45263157894736844,0.015889830508474576,0.04383282364933741,4,69f0cb4491a1fd577b6c1af78119fa843dac41862a4e9483fd3c8e414791a45f,69f0cb4491a1fd577b6c1af78119fa843dac41862a4e9483fd3c8e414791a45f,,False,True,PREEXISTING
True,True,True,True,True,True,True,True,True,True,True,False,original,5,2014-07-01 02:30:00,weekday,6,1.0,scenario2,MATCHING_SEGMENT_FOUND,30,30,18,1,928,929,30,1,928,0,32,1,1,95,1.0,1,58.739999999999995,20,20.0,20.0,0,0,0,0,1,1,1,d0ca4df7b4ef8ef8330fc3c3fb6df6da237f2c8759fa1a08b551c3b0267a5cc1,29,20,4,0,1,False,False,95,43,0.45263157894736844,0.015889830508474576,0.04383282364933741,29,d0ca4df7b4ef8ef8330fc3c3fb6df6da237f2c8759fa1a08b551c3b0267a5cc1,d0ca4df7b4ef8ef8330fc3c3fb6df6da237f2c8759fa1a08b551c3b0267a5cc1,,False,True,PREEXISTING
True,True,True,True,True,True,True,True,True,True,True,False,original,5,2014-07-01 02:30:00,weekday,2,1.0,scenario2,MATCHING_SEGMENT_FOUND,30,30,18,1,928,929,30,1,928,0,32,1,1,95,1.0,1,58.739999999999995,20,20.0,20.0,0,0,0,0,1,1,1,62de03d338e81fffb1fe886b83637755e48f7109d103cb5c35e3be82a6942085,15,20,4,0,1,False,False,95,43,0.45263157894736844,0.015889830508474576,0.04383282364933741,15,62de03d338e81fffb1fe886b83637755e48f7109d103cb5c35e3be82a6942085,62de03d338e81fffb1fe886b83637755e48f7109d103cb5c35e3be82a6942085,,False,True,PREEXISTING
True,True,True,True,True,True,True,True,True,True,True,False,original,5,2014-07-01 02:30:00,weekday,7,1.0,scenario2,MATCHING_SEGMENT_FOUND,30,30,18,1,928,929,30,1,928,0,32,1,1,95,2.0,2,58.71,20,20.0,20.0,0,0,0,0,1,1,1,82cd778248b58abce2dd437ff3430d422a5f31f0857456cb0806c4bbf75c2f84,1,20,4,0,1,False,False,95,43,0.45263157894736844,0.015889830508474576,0.04383282364933741,1,82cd778248b58abce2dd437ff3430d422a5f31f0857456cb0806c4bbf75c2f84,82cd778248b58abce2dd437ff3430d422a5f31f0857456cb0806c4bbf75c2f84,,False,True,PREEXISTING
True,True,True,True,True,True,True,True,True,True,True,False,original,5,2014-07-01 02:30:00,weekday,1,1.0,scenario2,MATCHING_SEGMENT_FOUND,30,30,18,1,928,929,30,1,928,0,32,1,1,95,2.0,2,58.71,20,20.0,20.0,0,0,0,0,1,1,1,096eb71f46b469fc4f1cc7d4ed984088c225a66b3cfbaad900f9fc8fd6e6985c,15,20,4,0,1,False,False,95,43,0.45263157894736844,0.015889830508474576,0.04383282364933741,15,096eb71f46b469fc4f1cc7d4ed984088c225a66b3cfbaad900f9fc8fd6e6985c,096eb71f46b469fc4f1cc7d4ed984088c225a66b3cfbaad900f9fc8fd6e6985c,,False,True,PREEXISTING
True,True,True,True,True,True,True,True,True,True,True,False,original,5,2014-07-01 02:30:00,weekday,8,1.0,scenario2,MATCHING_SEGMENT_FOUND,30,30,18,1,928,929,30,1,928,0,32,1,1,95,2.0,2,58.71,20,20.0,20.0,0,0,0,0,1,1,1,8707a46b07890e9f3d4b42af5e0aab7361dc144e7986f25d90e421a33089bd83,29,20,4,0,1,False,False,95,43,0.45263157894736844,0.015889830508474576,0.04383282364933741,29,8707a46b07890e9f3d4b42af5e0aab7361dc144e7986f25d90e421a33089bd83,8707a46b07890e9f3d4b42af5e0aab7361dc144e7986f25d90e421a33089bd83,,False,True,PREEXISTING
True,True,True,True,True,True,True,True,True,True,True,False,original,5,2014-07-01 02:30:00,weekday,0,1.0,scenario2,MATCHING_SEGMENT_FOUND,30,30,18,1,928,929,30,1,928,0,32,1,1,95,2.0,2,58.71,20,20.0,20.0,0,0,0,0,1,1,1,b8ff4e0cd1bf15ed47968cde6ad2530bfe3d56b991c289d66df5ed3a4ea01ca1,4,20,4,0,1,False,False,95,43,0.45263157894736844,0.015889830508474576,0.04383282364933741,4,b8ff4e0cd1bf15ed47968cde6ad2530bfe3d56b991c289d66df5ed3a4ea01ca1,b8ff4e0cd1bf15ed47968cde6ad2530bfe3d56b991c289d66df5ed3a4ea01ca1,,False,True,PREEXISTING
True,True,True,True,True,True,True,True,True,True,True,False,original,5,2014-07-01 02:30:00,weekday,9,1.0,scenario2,MATCHING_SEGMENT_FOUND,30,30,18,1,928,929,30,1,928,0,32,1,1,95,2.0,2,58.71,20,20.0,20.0,0,0,0,0,1,1,1,1928f40ce31bf6bd47fb15c046e5d7db5c6f2744acdbf86090d49adc6860aaca,19,20,4,0,1,False,False,95,43,0.45263157894736844,0.015889830508474576,0.04383282364933741,19,1928f40ce31bf6bd47fb15c046e5d7db5c6f2744acdbf86090d49adc6860aaca,1928f40ce31bf6bd47fb15c046e5d7db5c6f2744acdbf86090d49adc6860aaca,,False,True,PREEXISTING
True,True,True,True,True,True,True,True,True,True,True,False,original,5,2014-07-01 02:30:00,time,36,5.0,scenario2,MATCHING_SEGMENT_FOUND,30,30,18,1,928,929,30,1,928,0,32,3,3,90,1.0,2,14.086666666666668,4,1.6666666666666667,1.0,1,1,0,0,1,1,1,7398ad2a0eef460a9d7609211d5f6fefcfa64fd08455035876c5697d1b0f2951,20,4,4,0,1,False,False,30,18,0.6,0.019128586609989374,0.019128586609989374,20,7398ad2a0eef460a9d7609211d5f6fefcfa64fd08455035876c5697d1b0f2951,7398ad2a0eef460a9d7609211d5f6fefcfa64fd08455035876c5697d1b0f2951,,False,True,PREEXISTING
True,True,True,True,True,True,True,True,True,True,True,False,original,5,2014-07-01 02:30:00,time,37,5.0,scenario1,CORRECTLY_PREDICTED_CELL_AVAILABLE,30,30,18,1,928,929,30,1,928,0,32,3,3,90,0.3333333333333333,1,14.986666666666666,3,1.0,0.0,2,0,0,1,0,0,0,3c845722599d0e546f4f774e91011983da26e20761296c81f66d7d33452644d9,13,3,4,1,0,False,False,30,18,0.6,0.019128586609989374,0.019128586609989374,13,3c845722599d0e546f4f774e91011983da26e20761296c81f66d7d33452644d9,3c845722599d0e546f4f774e91011983da26e20761296c81f66d7d33452644d9,,False,True,PREEXISTING
True,True,True,True,True,True,True,True,True,True,True,False,original,5,2014-07-01 02:30:00,time,35,5.0,scenario2,MATCHING_SEGMENT_FOUND,30,30,18,1,928,929,30,1,928,0,32,3,3,90,1.0,3,14.066666666666668,10,4.333333333333333,3.0,1,0,0,1,1,1,1,aeda3ddddb1fc17f2c0971c1de90895bdf69e0a55afa173ba94ec79de0122836,13,10,4,0,1,False,False,30,18,0.6,0.019128586609989374,0.019128586609989374,13,aeda3ddddb1fc17f2c0971c1de90895bdf69e0a55afa173ba94ec79de0122836,aeda3ddddb1fc17f2c0971c1de90895bdf69e0a55afa173ba94ec79de0122836,,False,True,PREEXISTING
True,True,True,True,True,True,True,True,True,True,True,False,original,5,2014-07-01 02:30:00,time,38,5.0,scenario1,CORRECTLY_PREDICTED_CELL_AVAILABLE,30,30,18,1,928,929,30,1,928,0,32,2,2,60,0.5,1,14.98,3,1.5,1.5,1,0,0,1,0,0,0,c33608ee6ecddbab8a363d83d38983df0d38f03fb125d95a3217337c0483aee3,26,3,4,1,0,False,False,30,18,0.6,0.019128586609989374,0.019128586609989374,26,c33608ee6ecddbab8a363d83d38983df0d38f03fb125d95a3217337c0483aee3,c33608ee6ecddbab8a363d83d38983df0d38f03fb125d95a3217337c0483aee3,,False,True,PREEXISTING
True,True,True,True,True,True,True,True,True,True,True,False,original,5,2014-07-01 02:30:00,time,34,5.0,scenario3,EXISTING_SEGMENTS_BELOW_L_MATCH,30,30,18,1,928,929,30,1,928,0,32,3,3,90,1.0,3,14.066666666666668,0,0.0,0.0,3,0,0,0,0,0,0,1f324eda784b88bd72ea070abf1053f5a584b5f94f030846d7cb4b8f26aa4064,9,0,4,4,0,False,False,30,15,0.5,0.015889830508474576,0.015889830508474576,14,114535d8eeaab4ba4080e1241e40e51d764a8e0dd1164fa13c2abcdd49282d3a,,114535d8eeaab4ba4080e1241e40e51d764a8e0dd1164fa13c2abcdd49282d3a,True,False,POST_OBSERVATION_CREATED
True,True,True,True,True,True,True,True,True,True,True,False,original,5,2014-07-01 02:30:00,time,39,5.0,scenario3,PREDICTED_TIME_INVALID,30,30,18,1,928,929,30,1,928,0,32,1,1,30,0.0,0,15.0,0,0.0,0.0,1,0,0,0,0,0,0,2a7c6b434eb79cfcc4583e053450a29ac154d4eb7c0d3c8e26bcda1b46d1dc4d,13,0,4,4,0,False,False,30,18,0.6,0.019128586609989374,0.019128586609989374,27,8088242bfd6457e03f4d1392ca43aafea63f9e8a229972cb32d516418f49394f,,8088242bfd6457e03f4d1392ca43aafea63f9e8a229972cb32d516418f49394f,True,False,POST_OBSERVATION_CREATED
True,True,True,True,True,True,True,True,True,True,True,False,original,5,2014-07-01 02:30:00,time,33,5.0,scenario3,EXISTING_SEGMENTS_BELOW_L_MATCH,30,30,18,1,928,929,30,1,928,0,32,2,2,60,1.0,2,13.15,3,1.5,1.5,1,0,0,1,0,0,0,03b848fa89b601ad41472b34fb9974aa3a70c35aeea52bc1fbc4033eb566617a,0,3,4,1,0,False,False,30,18,0.6,0.019128586609989374,0.019128586609989374,9,d9e7d65b017b33260ab8c5ff54a40e0cb0e324ff7f42141ad8474bd5a5befc10,,d9e7d65b017b33260ab8c5ff54a40e0cb0e324ff7f42141ad8474bd5a5befc10,True,False,POST_OBSERVATION_CREATED
True,True,True,True,True,True,True,True,True,True,True,False,original,5,2014-07-01 02:30:00,time,40,5.0,scenario3,NO_EXISTING_SEGMENT_IN_COLUMN,30,30,18,1,928,929,30,1,928,0,32,0,0,0,0.0,0,0.0,0,0.0,0.0,0,0,0,0,0,0,0,,,0,4,4,0,False,False,0,0,0.0,0.0,0.0,14,fcb9664627841f83910fad9b5455456c2b2b5072061b21258b9c8bb0126c1d0b,,fcb9664627841f83910fad9b5455456c2b2b5072061b21258b9c8bb0126c1d0b,True,False,POST_OBSERVATION_CREATED
True,True,True,True,True,True,True,True,True,True,True,False,original,5,2014-07-01 02:30:00,time,32,5.0,scenario3,EXISTING_SEGMENTS_BELOW_L_MATCH,30,30,18,1,928,929,30,1,928,0,32,4,4,120,0.5,1,14.965,3,0.75,0.0,3,0,0,1,0,0,0,7acb89b2198bb9f6a16604cf7f9ff02b3ced58e7a2a6e06718a87c63bceb5c05,17,3,4,1,0,False,False,30,18,0.6,0.019128586609989374,0.019128586609989374,8,e94ae5a91e0cffcc45c708d3b1e2d8295b2d82a49667a0337428064d2421a624,,e94ae5a91e0cffcc45c708d3b1e2d8295b2d82a49667a0337428064d2421a624,True,False,POST_OBSERVATION_CREATED
True,True,True,True,True,True,True,True,True,True,True,False,original,5,2014-07-01 02:30:00,time,41,5.0,scenario3,NO_EXISTING_SEGMENT_IN_COLUMN,30,30,18,1,928,929,30,1,928,0,32,0,0,0,0.0,0,0.0,0,0.0,0.0,0,0,0,0,0,0,0,,,0,4,4,0,False,False,0,0,0.0,0.0,0.0,15,e6d7768828ad3b1daa62bf998fc8cc897ccdfd5517506c2d36ae2f03d229883b,,e6d7768828ad3b1daa62bf998fc8cc897ccdfd5517506c2d36ae2f03d229883b,True,False,POST_OBSERVATION_CREATED
True,True,True,True,True,True,True,True,True,True,True,False,original,5,2014-07-01 02:30:00,passenger,123,2873.0,scenario3,NO_EXISTING_SEGMENT_IN_COLUMN,30,30,18,1,928,929,30,1,928,0,32,0,0,0,0.0,0,0.0,0,0.0,0.0,0,0,0,0,0,0,0,,,0,4,4,0,False,False,0,0,0.0,0.0,0.0,21,da847850f2a6185a9e2f25e2781dfb73a178bc159571aed79d67087531afb3f8,,da847850f2a6185a9e2f25e2781dfb73a178bc159571aed79d67087531afb3f8,True,False,POST_OBSERVATION_CREATED
True,True,True,True,True,True,True,True,True,True,True,False,original,5,2014-07-01 02:30:00,passenger,122,2873.0,scenario3,NO_EXISTING_SEGMENT_IN_COLUMN,30,30,18,1,928,929,30,1,928,0,32,0,0,0,0.0,0,0.0,0,0.0,0.0,0,0,0,0,0,0,0,,,0,4,4,0,False,False,0,0,0.0,0.0,0.0,0,f2efc28d6d87fefeb812d704fe3733794837bf6e55b96313b766033202f9cc4d,,f2efc28d6d87fefeb812d704fe3733794837bf6e55b96313b766033202f9cc4d,True,False,POST_OBSERVATION_CREATED
True,True,True,True,True,True,True,True,True,True,True,False,original,5,2014-07-01 02:30:00,passenger,124,2873.0,scenario3,NO_EXISTING_SEGMENT_IN_COLUMN,30,30,18,1,928,929,30,1,928,0,32,0,0,0,0.0,0,0.0,0,0.0,0.0,0,0,0,0,0,0,0,,,0,4,4,0,False,False,0,0,0.0,0.0,0.0,19,a3a34e9d02e946ba7b34e52761a0ed00fc9ced22774978b90e47b1503e949271,,a3a34e9d02e946ba7b34e52761a0ed00fc9ced22774978b90e47b1503e949271,True,False,POST_OBSERVATION_CREATED
True,True,True,True,True,True,True,True,True,True,True,False,original,5,2014-07-01 02:30:00,passenger,121,2873.0,scenario3,NO_EXISTING_SEGMENT_IN_COLUMN,30,30,18,1,928,929,30,1,928,0,32,0,0,0,0.0,0,0.0,0,0.0,0.0,0,0,0,0,0,0,0,,,0,4,4,0,False,False,0,0,0.0,0.0,0.0,17,55339272e62d225eec9d341e876a455ae0c8a0d6cb073184f7fd958958fbe54a,,55339272e62d225eec9d341e876a455ae0c8a0d6cb073184f7fd958958fbe54a,True,False,POST_OBSERVATION_CREATED
True,True,True,True,True,True,True,True,True,True,True,False,original,5,2014-07-01 02:30:00,passenger,125,2873.0,scenario3,NO_EXISTING_SEGMENT_IN_COLUMN,30,30,18,1,928,929,30,1,928,0,32,0,0,0,0.0,0,0.0,0,0.0,0.0,0,0,0,0,0,0,0,,,0,4,4,0,False,False,0,0,0.0,0.0,0.0,6,7c74370e12f8ef7c7b850a7c8a54a73c54957b90034d8a46bb810a0d208bb626,,7c74370e12f8ef7c7b850a7c8a54a73c54957b90034d8a46bb810a0d208bb626,True,False,POST_OBSERVATION_CREATED
True,True,True,True,True,True,True,True,True,True,True,False,original,5,2014-07-01 02:30:00,passenger,120,2873.0,scenario3,NO_EXISTING_SEGMENT_IN_COLUMN,30,30,18,1,928,929,30,1,928,0,32,0,0,0,0.0,0,0.0,0,0.0,0.0,0,0,0,0,0,0,0,,,0,4,4,0,False,False,0,0,0.0,0.0,0.0,16,4950b3310c8ef17ee9d60e7297e67c59f58c3b57455965ab030fb56c9b3f384b,,4950b3310c8ef17ee9d60e7297e67c59f58c3b57455965ab030fb56c9b3f384b,True,False,POST_OBSERVATION_CREATED
True,True,True,True,True,True,True,True,True,True,True,False,original,5,2014-07-01 02:30:00,passenger,126,2873.0,scenario3,NO_EXISTING_SEGMENT_IN_COLUMN,30,30,18,1,928,929,30,1,928,0,32,0,0,0,0.0,0,0.0,0,0.0,0.0,0,0,0,0,0,0,0,,,0,4,4,0,False,False,0,0,0.0,0.0,0.0,4,b46743fb544836962ae36e5866317c75da863cd1ee84110946832e7d2389f8ad,,b46743fb544836962ae36e5866317c75da863cd1ee84110946832e7d2389f8ad,True,False,POST_OBSERVATION_CREATED
True,True,True,True,True,True,True,True,True,True,True,False,original,5,2014-07-01 02:30:00,passenger,119,2873.0,scenario3,NO_EXISTING_SEGMENT_IN_COLUMN,30,30,18,1,928,929,30,1,928,0,32,0,0,0,0.0,0,0.0,0,0.0,0.0,0,0,0,0,0,0,0,,,0,4,4,0,False,False,0,0,0.0,0.0,0.0,3,2fe0e3f7b4e1bee44f6fb23c456d504a4ebdbae7f42585fe434451357c13e3ae,,2fe0e3f7b4e1bee44f6fb23c456d504a4ebdbae7f42585fe434451357c13e3ae,True,False,POST_OBSERVATION_CREATED
True,True,True,True,True,True,True,True,True,True,True,False,original,5,2014-07-01 02:30:00,passenger,127,2873.0,scenario3,NO_EXISTING_SEGMENT_IN_COLUMN,30,30,18,1,928,929,30,1,928,0,32,0,0,0,0.0,0,0.0,0,0.0,0.0,0,0,0,0,0,0,0,,,0,4,4,0,False,False,0,0,0.0,0.0,0.0,12,e33a80e9bc6414d2f3da74ffcc4cc5cb60ce2c1e73a92176cd90c1a36013e778,,e33a80e9bc6414d2f3da74ffcc4cc5cb60ce2c1e73a92176cd90c1a36013e778,True,False,POST_OBSERVATION_CREATED
True,True,True,True,True,True,True,True,True,True,True,False,original,5,2014-07-01 02:30:00,passenger,118,2873.0,scenario3,NO_EXISTING_SEGMENT_IN_COLUMN,30,30,18,1,928,929,30,1,928,0,32,0,0,0,0.0,0,0.0,0,0.0,0.0,0,0,0,0,0,0,0,,,0,4,4,0,False,False,0,0,0.0,0.0,0.0,23,a1dacdfa0187a2087e9101693ef00510e25793678fdb40ed02a2272c50b336f9,,a1dacdfa0187a2087e9101693ef00510e25793678fdb40ed02a2272c50b336f9,True,False,POST_OBSERVATION_CREATED
True,True,True,True,True,True,True,True,True,True,True,False,original,6,2014-07-01 03:00:00,weekday,4,1.0,scenario2,MATCHING_SEGMENT_FOUND,30,30,22,2,896,898,30,2,896,0,32,1,1,114,0.0,0,72.2,20,20.0,20.0,0,0,0,0,1,1,1,8aeed2abd0f847e0b8500715486ecfcc55670f2b3385c6aeb419a3a0678f1913,30,20,4,0,1,False,False,114,41,0.35964912280701755,0.015317286652078774,0.042224510813594233,30,8aeed2abd0f847e0b8500715486ecfcc55670f2b3385c6aeb419a3a0678f1913,8aeed2abd0f847e0b8500715486ecfcc55670f2b3385c6aeb419a3a0678f1913,,False,True,PREEXISTING
True,True,True,True,True,True,True,True,True,True,True,False,original,6,2014-07-01 03:00:00,weekday,5,1.0,scenario2,MATCHING_SEGMENT_FOUND,30,30,22,2,896,898,30,2,896,0,32,1,1,114,0.0,0,72.2,20,20.0,20.0,0,0,0,0,1,1,1,64080601c3be5fe7030e7eb69924a6cafe76e2b467b4a5630a9f7de522aa39db,10,20,4,0,1,False,False,114,41,0.35964912280701755,0.015317286652078774,0.042224510813594233,10,64080601c3be5fe7030e7eb69924a6cafe76e2b467b4a5630a9f7de522aa39db,64080601c3be5fe7030e7eb69924a6cafe76e2b467b4a5630a9f7de522aa39db,,False,True,PREEXISTING
True,True,True,True,True,True,True,True,True,True,True,False,original,6,2014-07-01 03:00:00,weekday,3,1.0,scenario2,MATCHING_SEGMENT_FOUND,30,30,22,2,896,898,30,2,896,0,32,1,1,114,1.0,1,72.16,20,20.0,20.0,0,0,0,0,1,1,1,69f0cb4491a1fd577b6c1af78119fa843dac41862a4e9483fd3c8e414791a45f,4,20,4,0,1,False,False,114,41,0.35964912280701755,0.015317286652078774,0.042224510813594233,4,69f0cb4491a1fd577b6c1af78119fa843dac41862a4e9483fd3c8e414791a45f,69f0cb4491a1fd577b6c1af78119fa843dac41862a4e9483fd3c8e414791a45f,,False,True,PREEXISTING
True,True,True,True,True,True,True,True,True,True,True,False,original,6,2014-07-01 03:00:00,weekday,6,1.0,scenario2,MATCHING_SEGMENT_FOUND,30,30,22,2,896,898,30,2,896,0,32,1,1,114,1.0,1,72.14,20,20.0,20.0,0,0,0,0,1,1,1,d0ca4df7b4ef8ef8330fc3c3fb6df6da237f2c8759fa1a08b551c3b0267a5cc1,29,20,4,0,1,False,False,114,41,0.35964912280701755,0.015317286652078774,0.042224510813594233,29,d0ca4df7b4ef8ef8330fc3c3fb6df6da237f2c8759fa1a08b551c3b0267a5cc1,d0ca4df7b4ef8ef8330fc3c3fb6df6da237f2c8759fa1a08b551c3b0267a5cc1,,False,True,PREEXISTING
True,True,True,True,True,True,True,True,True,True,True,False,original,6,2014-07-01 03:00:00,weekday,2,1.0,scenario2,MATCHING_SEGMENT_FOUND,30,30,22,2,896,898,30,2,896,0,32,1,1,114,1.0,1,72.14,20,20.0,20.0,0,0,0,0,1,1,1,62de03d338e81fffb1fe886b83637755e48f7109d103cb5c35e3be82a6942085,15,20,4,0,1,False,False,114,41,0.35964912280701755,0.015317286652078774,0.042224510813594233,15,62de03d338e81fffb1fe886b83637755e48f7109d103cb5c35e3be82a6942085,62de03d338e81fffb1fe886b83637755e48f7109d103cb5c35e3be82a6942085,,False,True,PREEXISTING
True,True,True,True,True,True,True,True,True,True,True,False,original,6,2014-07-01 03:00:00,weekday,7,1.0,scenario2,MATCHING_SEGMENT_FOUND,30,30,22,2,896,898,30,2,896,0,32,1,1,114,2.0,2,72.11,20,20.0,20.0,0,0,0,0,1,1,1,82cd778248b58abce2dd437ff3430d422a5f31f0857456cb0806c4bbf75c2f84,1,20,4,0,1,False,False,114,41,0.35964912280701755,0.015317286652078774,0.042224510813594233,1,82cd778248b58abce2dd437ff3430d422a5f31f0857456cb0806c4bbf75c2f84,82cd778248b58abce2dd437ff3430d422a5f31f0857456cb0806c4bbf75c2f84,,False,True,PREEXISTING
True,True,True,True,True,True,True,True,True,True,True,False,original,6,2014-07-01 03:00:00,weekday,1,1.0,scenario2,MATCHING_SEGMENT_FOUND,30,30,22,2,896,898,30,2,896,0,32,1,1,114,2.0,2,72.11,20,20.0,20.0,0,0,0,0,1,1,1,096eb71f46b469fc4f1cc7d4ed984088c225a66b3cfbaad900f9fc8fd6e6985c,15,20,4,0,1,False,False,114,41,0.35964912280701755,0.015317286652078774,0.042224510813594233,15,096eb71f46b469fc4f1cc7d4ed984088c225a66b3cfbaad900f9fc8fd6e6985c,096eb71f46b469fc4f1cc7d4ed984088c225a66b3cfbaad900f9fc8fd6e6985c,,False,True,PREEXISTING
True,True,True,True,True,True,True,True,True,True,True,False,original,6,2014-07-01 03:00:00,weekday,8,1.0,scenario2,MATCHING_SEGMENT_FOUND,30,30,22,2,896,898,30,2,896,0,32,1,1,114,3.0,3,72.08,20,20.0,20.0,0,0,0,0,1,1,1,8707a46b07890e9f3d4b42af5e0aab7361dc144e7986f25d90e421a33089bd83,29,20,4,0,1,False,False,114,41,0.35964912280701755,0.015317286652078774,0.042224510813594233,29,8707a46b07890e9f3d4b42af5e0aab7361dc144e7986f25d90e421a33089bd83,8707a46b07890e9f3d4b42af5e0aab7361dc144e7986f25d90e421a33089bd83,,False,True,PREEXISTING
True,True,True,True,True,True,True,True,True,True,True,False,original,6,2014-07-01 03:00:00,weekday,0,1.0,scenario2,MATCHING_SEGMENT_FOUND,30,30,22,2,896,898,30,2,896,0,32,1,1,114,3.0,3,72.08,20,20.0,20.0,0,0,0,0,1,1,1,b8ff4e0cd1bf15ed47968cde6ad2530bfe3d56b991c289d66df5ed3a4ea01ca1,4,20,4,0,1,False,False,114,41,0.35964912280701755,0.015317286652078774,0.042224510813594233,4,b8ff4e0cd1bf15ed47968cde6ad2530bfe3d56b991c289d66df5ed3a4ea01ca1,b8ff4e0cd1bf15ed47968cde6ad2530bfe3d56b991c289d66df5ed3a4ea01ca1,,False,True,PREEXISTING
True,True,True,True,True,True,True,True,True,True,True,False,original,6,2014-07-01 03:00:00,weekday,9,1.0,scenario2,MATCHING_SEGMENT_FOUND,30,30,22,2,896,898,30,2,896,0,32,1,1,114,3.0,3,72.08,20,20.0,20.0,0,0,0,0,1,1,1,1928f40ce31bf6bd47fb15c046e5d7db5c6f2744acdbf86090d49adc6860aaca,19,20,4,0,1,False,False,114,41,0.35964912280701755,0.015317286652078774,0.042224510813594233,19,1928f40ce31bf6bd47fb15c046e5d7db5c6f2744acdbf86090d49adc6860aaca,1928f40ce31bf6bd47fb15c046e5d7db5c6f2744acdbf86090d49adc6860aaca,,False,True,PREEXISTING
True,True,True,True,True,True,True,True,True,True,True,False,original,6,2014-07-01 03:00:00,time,37,6.0,scenario3,EXISTING_SEGMENTS_BELOW_L_MATCH,30,30,22,2,896,898,30,2,896,0,32,3,3,90,0.6666666666666666,2,14.186666666666667,1,0.6666666666666666,1.0,1,2,0,0,0,0,0,552864826f4f7eaa5ad91aada89d5058598deeed28a1f0ef31bd6f9031f82f28,31,1,4,3,0,False,False,30,15,0.5,0.01642935377875137,0.01642935377875137,23,6e175ab9f7e462b82d9fe15fb941183f479d4766f404e52eb91fec3f85381430,,6e175ab9f7e462b82d9fe15fb941183f479d4766f404e52eb91fec3f85381430,True,False,POST_OBSERVATION_CREATED
True,True,True,True,True,True,True,True,True,True,True,False,original,6,2014-07-01 03:00:00,time,38,6.0,scenario3,EXISTING_SEGMENTS_BELOW_L_MATCH,30,30,22,2,896,898,30,2,896,0,32,2,2,60,1.0,2,13.780000000000001,2,1.5,1.5,0,1,1,0,0,0,0,37a2a60c14ef063b141a717d2ae7292f54a898125854a3aa5657eec66a6bba6d,6,2,4,2,0,False,False,30,17,0.5666666666666667,0.018660812294182216,0.018660812294182216,11,7a00d278eff88c0a6e59f152564bb32d0b32a060dc436d03ccf0c14bf64965a1,,7a00d278eff88c0a6e59f152564bb32d0b32a060dc436d03ccf0c14bf64965a1,True,False,POST_OBSERVATION_CREATED
True,True,True,True,True,True,True,True,True,True,True,False,original,6,2014-07-01 03:00:00,time,36,6.0,scenario2,MATCHING_SEGMENT_FOUND,30,30,22,2,896,898,30,2,896,0,32,3,3,110,1.3333333333333333,3,18.186666666666667,12,4.333333333333333,1.0,1,1,0,0,1,1,1,7398ad2a0eef460a9d7609211d5f6fefcfa64fd08455035876c5697d1b0f2951,20,12,4,0,1,False,False,50,23,0.46,0.018660812294182216,0.024864864864864864,20,7398ad2a0eef460a9d7609211d5f6fefcfa64fd08455035876c5697d1b0f2951,7398ad2a0eef460a9d7609211d5f6fefcfa64fd08455035876c5697d1b0f2951,,False,True,PREEXISTING
True,True,True,True,True,True,True,True,True,True,True,False,original,6,2014-07-01 03:00:00,time,39,6.0,scenario3,EXISTING_SEGMENTS_BELOW_L_MATCH,30,30,22,2,896,898,30,2,896,0,32,2,2,60,0.5,1,14.98,2,1.5,1.5,0,1,1,0,0,0,0,2a7c6b434eb79cfcc4583e053450a29ac154d4eb7c0d3c8e26bcda1b46d1dc4d,13,2,4,2,0,False,False,30,17,0.5666666666666667,0.018660812294182216,0.018660812294182216,26,8bba82d8aae61e31a1071c629576bba1c5061f6183f2bccb8b143b2fd1911e6f,,8bba82d8aae61e31a1071c629576bba1c5061f6183f2bccb8b143b2fd1911e6f,True,False,POST_OBSERVATION_CREATED
True,True,True,True,True,True,True,True,True,True,True,False,original,6,2014-07-01 03:00:00,time,35,6.0,scenario3,EXISTING_SEGMENTS_BELOW_L_MATCH,30,30,22,2,896,898,30,2,896,0,32,3,3,109,1.3333333333333333,4,18.166666666666668,1,0.6666666666666666,1.0,1,2,0,0,0,0,0,aeda3ddddb1fc17f2c0971c1de90895bdf69e0a55afa173ba94ec79de0122836,13,1,4,3,0,False,False,49,20,0.40816326530612246,0.01642935377875137,0.021574973031283712,8,e8d14a120f611b7f0567da6f77c44506cc77386fc0f9dc5083ebedd1a268f689,,e8d14a120f611b7f0567da6f77c44506cc77386fc0f9dc5083ebedd1a268f689,True,False,POST_OBSERVATION_CREATED
True,True,True,True,True,True,True,True,True,True,True,False,original,6,2014-07-01 03:00:00,time,40,6.0,scenario3,EXISTING_SEGMENTS_BELOW_L_MATCH,30,30,22,2,896,898,30,2,896,0,32,1,1,30,0.0,0,15.0,1,1.0,1.0,0,1,0,0,0,0,0,fcb9664627841f83910fad9b5455456c2b2b5072061b21258b9c8bb0126c1d0b,14,1,4,3,0,False,False,30,16,0.5333333333333333,0.017543859649122806,0.017543859649122806,10,c5f40055e073dcc0297e70635feb20f6d22596aa629ce92839dfa9f6499d12f6,,c5f40055e073dcc0297e70635feb20f6d22596aa629ce92839dfa9f6499d12f6,True,False,POST_OBSERVATION_CREATED
True,True,True,True,True,True,True,True,True,True,True,False,original,6,2014-07-01 03:00:00,time,34,6.0,scenario3,EXISTING_SEGMENTS_BELOW_L_MATCH,30,30,22,2,896,898,30,2,896,0,32,4,4,120,1.0,4,14.275,2,1.0,1.0,1,2,1,0,0,0,0,1f324eda784b88bd72ea070abf1053f5a584b5f94f030846d7cb4b8f26aa4064,9,2,4,2,0,False,False,30,17,0.5666666666666667,0.018660812294182216,0.018660812294182216,6,ada12e519e156aedbc26f82e286ce3357467b11a357358d7bf4237f68c613261,,ada12e519e156aedbc26f82e286ce3357467b11a357358d7bf4237f68c613261,True,False,POST_OBSERVATION_CREATED
True,True,True,True,True,True,True,True,True,True,True,False,original,6,2014-07-01 03:00:00,time,41,6.0,scenario3,EXISTING_SEGMENTS_BELOW_L_MATCH,30,30,22,2,896,898,30,2,896,0,32,1,1,30,0.0,0,15.0,1,1.0,1.0,0,1,0,0,0,0,0,e6d7768828ad3b1daa62bf998fc8cc897ccdfd5517506c2d36ae2f03d229883b,15,1,4,3,0,False,False,30,16,0.5333333333333333,0.017543859649122806,0.017543859649122806,10,c3e0cd6bd222eada415f1b332303b1be945cf5818bf0d768b0cc8616f951a2f6,,c3e0cd6bd222eada415f1b332303b1be945cf5818bf0d768b0cc8616f951a2f6,True,False,POST_OBSERVATION_CREATED
True,True,True,True,True,True,True,True,True,True,True,False,original,6,2014-07-01 03:00:00,time,33,6.0,scenario3,EXISTING_SEGMENTS_BELOW_L_MATCH,30,30,22,2,896,898,30,2,896,0,32,3,3,90,0.6666666666666666,2,13.733333333333334,1,0.3333333333333333,0.0,2,1,0,0,0,0,0,d9e7d65b017b33260ab8c5ff54a40e0cb0e324ff7f42141ad8474bd5a5befc10,9,1,4,3,0,False,False,30,16,0.5333333333333333,0.017543859649122806,0.017543859649122806,18,6430cd1aacd42a4f77d178f42a8ea1b20f325a454bd9bbb02726198eeff056e0,,6430cd1aacd42a4f77d178f42a8ea1b20f325a454bd9bbb02726198eeff056e0,True,False,POST_OBSERVATION_CREATED
True,True,True,True,True,True,True,True,True,True,True,False,original,6,2014-07-01 03:00:00,time,42,6.0,scenario3,NO_EXISTING_SEGMENT_IN_COLUMN,30,30,22,2,896,898,30,2,896,0,32,0,0,0,0.0,0,0.0,0,0.0,0.0,0,0,0,0,0,0,0,,,0,4,4,0,False,False,0,0,0.0,0.0,0.0,17,1c80a46657132e6d45909c3745f5a1202a5410a9cab783cd8e7aeaedb3705c85,,1c80a46657132e6d45909c3745f5a1202a5410a9cab783cd8e7aeaedb3705c85,True,False,POST_OBSERVATION_CREATED
True,True,True,True,True,True,True,True,True,True,True,False,original,6,2014-07-01 03:00:00,passenger,116,2369.0,scenario3,NO_EXISTING_SEGMENT_IN_COLUMN,30,30,22,2,896,898,30,2,896,0,32,0,0,0,0.0,0,0.0,0,0.0,0.0,0,0,0,0,0,0,0,,,0,4,4,0,False,False,0,0,0.0,0.0,0.0,23,65e9e3e88accf6454f917cbc99b7db21c21d0099efade348d93652facdfd7ed4,,65e9e3e88accf6454f917cbc99b7db21c21d0099efade348d93652facdfd7ed4,True,False,POST_OBSERVATION_CREATED
True,True,True,True,True,True,True,True,True,True,True,False,original,6,2014-07-01 03:00:00,passenger,117,2369.0,scenario3,NO_EXISTING_SEGMENT_IN_COLUMN,30,30,22,2,896,898,30,2,896,0,32,0,0,0,0.0,0,0.0,0,0.0,0.0,0,0,0,0,0,0,0,,,0,4,4,0,False,False,0,0,0.0,0.0,0.0,7,e0af5a96d7a7a979595d7916cd23ccd88b2021ba71fd19770d8f52aedd6875d2,,e0af5a96d7a7a979595d7916cd23ccd88b2021ba71fd19770d8f52aedd6875d2,True,False,POST_OBSERVATION_CREATED
True,True,True,True,True,True,True,True,True,True,True,False,original,6,2014-07-01 03:00:00,passenger,115,2369.0,scenario3,NO_EXISTING_SEGMENT_IN_COLUMN,30,30,22,2,896,898,30,2,896,0,32,0,0,0,0.0,0,0.0,0,0.0,0.0,0,0,0,0,0,0,0,,,0,4,4,0,False,False,0,0,0.0,0.0,0.0,16,a5833244cb23d9ded6f1e57eacf409566e824829939562b29d68695a3c0bc538,,a5833244cb23d9ded6f1e57eacf409566e824829939562b29d68695a3c0bc538,True,False,POST_OBSERVATION_CREATED
True,True,True,True,True,True,True,True,True,True,True,False,original,6,2014-07-01 03:00:00,passenger,118,2369.0,scenario3,PREDICTED_TIME_INVALID,30,30,22,2,896,898,30,2,896,0,32,1,1,30,0.0,0,15.0,0,0.0,0.0,1,0,0,0,0,0,0,a1dacdfa0187a2087e9101693ef00510e25793678fdb40ed02a2272c50b336f9,23,0,4,4,0,False,False,30,16,0.5333333333333333,0.017543859649122806,0.017543859649122806,21,43da6c5693d6c875b8e14e8e4ac3591954614c6538dc94721d719f96786f5e4a,,43da6c5693d6c875b8e14e8e4ac3591954614c6538dc94721d719f96786f5e4a,True,False,POST_OBSERVATION_CREATED
True,True,True,True,True,True,True,True,True,True,True,False,original,6,2014-07-01 03:00:00,passenger,114,2369.0,scenario3,NO_EXISTING_SEGMENT_IN_COLUMN,30,30,22,2,896,898,30,2,896,0,32,0,0,0,0.0,0,0.0,0,0.0,0.0,0,0,0,0,0,0,0,,,0,4,4,0,False,False,0,0,0.0,0.0,0.0,3,e96fad2cc46ba3c533d2136f11585543bac68e9558f181cfcaff0d09b74573ad,,e96fad2cc46ba3c533d2136f11585543bac68e9558f181cfcaff0d09b74573ad,True,False,POST_OBSERVATION_CREATED
True,True,True,True,True,True,True,True,True,True,True,False,original,6,2014-07-01 03:00:00,passenger,119,2369.0,scenario3,EXISTING_SEGMENTS_BELOW_L_MATCH,30,30,22,2,896,898,30,2,896,0,32,1,1,30,0.0,0,15.0,1,1.0,1.0,0,1,0,0,0,0,0,2fe0e3f7b4e1bee44f6fb23c456d504a4ebdbae7f42585fe434451357c13e3ae,3,1,4,3,0,False,False,30,16,0.5333333333333333,0.017543859649122806,0.017543859649122806,16,f40ad89224f4f80cf115fbdf9f163f04e051660fce81ac34f92f953f353dc63c,,f40ad89224f4f80cf115fbdf9f163f04e051660fce81ac34f92f953f353dc63c,True,False,POST_OBSERVATION_CREATED
True,True,True,True,True,True,True,True,True,True,True,False,original,6,2014-07-01 03:00:00,passenger,113,2369.0,scenario3,NO_EXISTING_SEGMENT_IN_COLUMN,30,30,22,2,896,898,30,2,896,0,32,0,0,0,0.0,0,0.0,0,0.0,0.0,0,0,0,0,0,0,0,,,0,4,4,0,False,False,0,0,0.0,0.0,0.0,29,c8960bdd73138b701c99811b6cdcdec8899f77053d76c62624404144f999112e,,c8960bdd73138b701c99811b6cdcdec8899f77053d76c62624404144f999112e,True,False,POST_OBSERVATION_CREATED
True,True,True,True,True,True,True,True,True,True,True,False,original,6,2014-07-01 03:00:00,passenger,120,2369.0,scenario3,EXISTING_SEGMENTS_BELOW_L_MATCH,30,30,22,2,896,898,30,2,896,0,32,1,1,30,0.0,0,15.0,1,1.0,1.0,0,1,0,0,0,0,0,4950b3310c8ef17ee9d60e7297e67c59f58c3b57455965ab030fb56c9b3f384b,16,1,4,3,0,False,False,30,16,0.5333333333333333,0.017543859649122806,0.017543859649122806,0,0b2368e26795e5e6fce277f4f0a5f25037d2276824c0ae27a557c4499b86bb69,,0b2368e26795e5e6fce277f4f0a5f25037d2276824c0ae27a557c4499b86bb69,True,False,POST_OBSERVATION_CREATED
True,True,True,True,True,True,True,True,True,True,True,False,original,6,2014-07-01 03:00:00,passenger,112,2369.0,scenario3,NO_EXISTING_SEGMENT_IN_COLUMN,30,30,22,2,896,898,30,2,896,0,32,0,0,0,0.0,0,0.0,0,0.0,0.0,0,0,0,0,0,0,0,,,0,4,4,0,False,False,0,0,0.0,0.0,0.0,28,ccab6018c9e23e6ea03ee998c32efe673ed894f1df7634e5c41fbdcde73855dd,,ccab6018c9e23e6ea03ee998c32efe673ed894f1df7634e5c41fbdcde73855dd,True,False,POST_OBSERVATION_CREATED
True,True,True,True,True,True,True,True,True,True,True,False,original,6,2014-07-01 03:00:00,passenger,121,2369.0,scenario3,EXISTING_SEGMENTS_BELOW_L_MATCH,30,30,22,2,896,898,30,2,896,0,32,1,1,30,0.0,0,15.0,0,0.0,0.0,1,0,0,0,0,0,0,55339272e62d225eec9d341e876a455ae0c8a0d6cb073184f7fd958958fbe54a,17,0,4,4,0,False,False,30,16,0.5333333333333333,0.017543859649122806,0.017543859649122806,6,25e6bc6e90ab6aae64b2755f82014d2d51dd2a347ee8cd2e17fca9361295c020,,25e6bc6e90ab6aae64b2755f82014d2d51dd2a347ee8cd2e17fca9361295c020,True,False,POST_OBSERVATION_CREATED
True,True,True,True,True,True,True,True,True,True,True,False,original,7,2014-07-01 03:30:00,weekday,4,1.0,scenario2,MATCHING_SEGMENT_FOUND,30,30,21,0,960,960,30,0,960,0,32,1,1,130,0.0,0,83.8,20,20.0,20.0,0,0,0,0,1,1,1,8aeed2abd0f847e0b8500715486ecfcc55670f2b3385c6aeb419a3a0678f1913,30,20,4,0,1,False,False,130,48,0.36923076923076925,0.01330603889457523,0.046065259117082535,30,8aeed2abd0f847e0b8500715486ecfcc55670f2b3385c6aeb419a3a0678f1913,8aeed2abd0f847e0b8500715486ecfcc55670f2b3385c6aeb419a3a0678f1913,,False,True,PREEXISTING
True,True,True,True,True,True,True,True,True,True,True,False,original,7,2014-07-01 03:30:00,weekday,5,1.0,scenario2,MATCHING_SEGMENT_FOUND,30,30,21,0,960,960,30,0,960,0,32,1,1,130,0.0,0,83.8,20,20.0,20.0,0,0,0,0,1,1,1,64080601c3be5fe7030e7eb69924a6cafe76e2b467b4a5630a9f7de522aa39db,10,20,4,0,1,False,False,130,48,0.36923076923076925,0.01330603889457523,0.046065259117082535,10,64080601c3be5fe7030e7eb69924a6cafe76e2b467b4a5630a9f7de522aa39db,64080601c3be5fe7030e7eb69924a6cafe76e2b467b4a5630a9f7de522aa39db,,False,True,PREEXISTING
True,True,True,True,True,True,True,True,True,True,True,False,original,7,2014-07-01 03:30:00,weekday,3,1.0,scenario2,MATCHING_SEGMENT_FOUND,30,30,21,0,960,960,30,0,960,0,32,1,1,130,1.0,1,83.75999999999999,20,20.0,20.0,0,0,0,0,1,1,1,69f0cb4491a1fd577b6c1af78119fa843dac41862a4e9483fd3c8e414791a45f,4,20,4,0,1,False,False,130,48,0.36923076923076925,0.01330603889457523,0.046065259117082535,4,69f0cb4491a1fd577b6c1af78119fa843dac41862a4e9483fd3c8e414791a45f,69f0cb4491a1fd577b6c1af78119fa843dac41862a4e9483fd3c8e414791a45f,,False,True,PREEXISTING
True,True,True,True,True,True,True,True,True,True,True,False,original,7,2014-07-01 03:30:00,weekday,6,1.0,scenario2,MATCHING_SEGMENT_FOUND,30,30,21,0,960,960,30,0,960,0,32,1,1,130,1.0,1,83.74,20,20.0,20.0,0,0,0,0,1,1,1,d0ca4df7b4ef8ef8330fc3c3fb6df6da237f2c8759fa1a08b551c3b0267a5cc1,29,20,4,0,1,False,False,130,48,0.36923076923076925,0.01330603889457523,0.046065259117082535,29,d0ca4df7b4ef8ef8330fc3c3fb6df6da237f2c8759fa1a08b551c3b0267a5cc1,d0ca4df7b4ef8ef8330fc3c3fb6df6da237f2c8759fa1a08b551c3b0267a5cc1,,False,True,PREEXISTING
True,True,True,True,True,True,True,True,True,True,True,False,original,7,2014-07-01 03:30:00,weekday,2,1.0,scenario2,MATCHING_SEGMENT_FOUND,30,30,21,0,960,960,30,0,960,0,32,1,1,130,1.0,1,83.74,20,20.0,20.0,0,0,0,0,1,1,1,62de03d338e81fffb1fe886b83637755e48f7109d103cb5c35e3be82a6942085,15,20,4,0,1,False,False,130,48,0.36923076923076925,0.01330603889457523,0.046065259117082535,15,62de03d338e81fffb1fe886b83637755e48f7109d103cb5c35e3be82a6942085,62de03d338e81fffb1fe886b83637755e48f7109d103cb5c35e3be82a6942085,,False,True,PREEXISTING
True,True,True,True,True,True,True,True,True,True,True,False,original,7,2014-07-01 03:30:00,weekday,7,1.0,scenario2,MATCHING_SEGMENT_FOUND,30,30,21,0,960,960,30,0,960,0,32,1,1,130,3.0,3,83.67999999999999,20,20.0,20.0,0,0,0,0,1,1,1,82cd778248b58abce2dd437ff3430d422a5f31f0857456cb0806c4bbf75c2f84,1,20,4,0,1,False,False,130,48,0.36923076923076925,0.01330603889457523,0.046065259117082535,1,82cd778248b58abce2dd437ff3430d422a5f31f0857456cb0806c4bbf75c2f84,82cd778248b58abce2dd437ff3430d422a5f31f0857456cb0806c4bbf75c2f84,,False,True,PREEXISTING
True,True,True,True,True,True,True,True,True,True,True,False,original,7,2014-07-01 03:30:00,weekday,1,1.0,scenario2,MATCHING_SEGMENT_FOUND,30,30,21,0,960,960,30,0,960,0,32,1,1,130,3.0,3,83.67999999999999,20,20.0,20.0,0,0,0,0,1,1,1,096eb71f46b469fc4f1cc7d4ed984088c225a66b3cfbaad900f9fc8fd6e6985c,15,20,4,0,1,False,False,130,48,0.36923076923076925,0.01330603889457523,0.046065259117082535,15,096eb71f46b469fc4f1cc7d4ed984088c225a66b3cfbaad900f9fc8fd6e6985c,096eb71f46b469fc4f1cc7d4ed984088c225a66b3cfbaad900f9fc8fd6e6985c,,False,True,PREEXISTING
True,True,True,True,True,True,True,True,True,True,True,False,original,7,2014-07-01 03:30:00,weekday,8,1.0,scenario2,MATCHING_SEGMENT_FOUND,30,30,21,0,960,960,30,0,960,0,32,1,1,130,4.0,4,83.64999999999999,20,20.0,20.0,0,0,0,0,1,1,1,8707a46b07890e9f3d4b42af5e0aab7361dc144e7986f25d90e421a33089bd83,29,20,4,0,1,False,False,130,48,0.36923076923076925,0.01330603889457523,0.046065259117082535,29,8707a46b07890e9f3d4b42af5e0aab7361dc144e7986f25d90e421a33089bd83,8707a46b07890e9f3d4b42af5e0aab7361dc144e7986f25d90e421a33089bd83,,False,True,PREEXISTING
True,True,True,True,True,True,True,True,True,True,True,False,original,7,2014-07-01 03:30:00,weekday,0,1.0,scenario2,MATCHING_SEGMENT_FOUND,30,30,21,0,960,960,30,0,960,0,32,1,1,130,4.0,4,83.64999999999999,20,20.0,20.0,0,0,0,0,1,1,1,b8ff4e0cd1bf15ed47968cde6ad2530bfe3d56b991c289d66df5ed3a4ea01ca1,4,20,4,0,1,False,False,130,48,0.36923076923076925,0.01330603889457523,0.046065259117082535,4,b8ff4e0cd1bf15ed47968cde6ad2530bfe3d56b991c289d66df5ed3a4ea01ca1,b8ff4e0cd1bf15ed47968cde6ad2530bfe3d56b991c289d66df5ed3a4ea01ca1,,False,True,PREEXISTING
True,True,True,True,True,True,True,True,True,True,True,False,original,7,2014-07-01 03:30:00,weekday,9,1.0,scenario2,MATCHING_SEGMENT_FOUND,30,30,21,0,960,960,30,0,960,0,32,1,1,130,4.0,4,83.64999999999999,20,20.0,20.0,0,0,0,0,1,1,1,1928f40ce31bf6bd47fb15c046e5d7db5c6f2744acdbf86090d49adc6860aaca,19,20,4,0,1,False,False,130,48,0.36923076923076925,0.01330603889457523,0.046065259117082535,19,1928f40ce31bf6bd47fb15c046e5d7db5c6f2744acdbf86090d49adc6860aaca,1928f40ce31bf6bd47fb15c046e5d7db5c6f2744acdbf86090d49adc6860aaca,,False,True,PREEXISTING
True,True,True,True,True,True,True,True,True,True,True,False,original,7,2014-07-01 03:30:00,time,38,7.0,scenario3,EXISTING_SEGMENTS_BELOW_L_MATCH,30,30,21,0,960,960,30,0,960,0,32,3,3,90,1.0,2,14.183333333333332,1,0.6666666666666666,1.0,1,2,0,0,0,0,0,7a00d278eff88c0a6e59f152564bb32d0b32a060dc436d03ccf0c14bf64965a1,11,1,4,3,0,False,False,30,16,0.5333333333333333,0.01642710472279261,0.01642710472279261,2,998d2c2a8f8ea542f2a9d09cf1b82a345d38036e0a0405326fe32ed8c60b77de,,998d2c2a8f8ea542f2a9d09cf1b82a345d38036e0a0405326fe32ed8c60b77de,True,False,POST_OBSERVATION_CREATED
True,True,True,True,True,True,True,True,True,True,True,False,original,7,2014-07-01 03:30:00,time,39,7.0,scenario1,CORRECTLY_PREDICTED_CELL_AVAILABLE,30,30,21,0,960,960,30,0,960,0,32,3,3,90,0.6666666666666666,2,14.983333333333334,5,2.3333333333333335,1.0,0,2,0,0,1,1,1,8bba82d8aae61e31a1071c629576bba1c5061f6183f2bccb8b143b2fd1911e6f,26,5,4,0,1,False,False,30,23,0.7666666666666667,0.023784901758014478,0.023784901758014478,27,8088242bfd6457e03f4d1392ca43aafea63f9e8a229972cb32d516418f49394f,8088242bfd6457e03f4d1392ca43aafea63f9e8a229972cb32d516418f49394f,,False,True,PREEXISTING
True,True,True,True,True,True,True,True,True,True,True,False,original,7,2014-07-01 03:30:00,time,37,7.0,scenario2,MATCHING_SEGMENT_FOUND,30,30,21,0,960,960,30,0,960,0,32,4,4,120,0.5,2,14.365,5,1.75,1.0,1,2,0,0,1,1,1,6e175ab9f7e462b82d9fe15fb941183f479d4766f404e52eb91fec3f85381430,23,5,4,0,1,False,False,30,23,0.7666666666666667,0.023784901758014478,0.023784901758014478,23,6e175ab9f7e462b82d9fe15fb941183f479d4766f404e52eb91fec3f85381430,6e175ab9f7e462b82d9fe15fb941183f479d4766f404e52eb91fec3f85381430,,False,True,PREEXISTING
True,True,True,True,True,True,True,True,True,True,True,False,original,7,2014-07-01 03:30:00,time,40,7.0,scenario1,CORRECTLY_PREDICTED_CELL_AVAILABLE,30,30,21,0,960,960,30,0,960,0,32,2,2,60,0.5,1,14.95,5,3.0,3.0,0,1,0,0,1,1,1,c5f40055e073dcc0297e70635feb20f6d22596aa629ce92839dfa9f6499d12f6,10,5,4,0,1,False,False,30,23,0.7666666666666667,0.023784901758014478,0.023784901758014478,14,fcb9664627841f83910fad9b5455456c2b2b5072061b21258b9c8bb0126c1d0b,fcb9664627841f83910fad9b5455456c2b2b5072061b21258b9c8bb0126c1d0b,,False,True,PREEXISTING
True,True,True,True,True,True,True,True,True,True,True,False,original,7,2014-07-01 03:30:00,time,36,7.0,scenario2,MATCHING_SEGMENT_FOUND,30,30,21,0,960,960,30,0,960,0,32,3,3,126,1.3333333333333333,3,21.75333333333333,10,5.333333333333333,5.0,0,1,0,0,2,2,2,07e4de0a1da10aa955d633b965218ce918566d1569c99f57fe91485459dce6d4,27,10,4,0,2,True,True,30,15,0.5,0.015384615384615385,0.015384615384615385,27,07e4de0a1da10aa955d633b965218ce918566d1569c99f57fe91485459dce6d4,07e4de0a1da10aa955d633b965218ce918566d1569c99f57fe91485459dce6d4,,False,True,PREEXISTING
True,True,True,True,True,True,True,True,True,True,True,False,original,7,2014-07-01 03:30:00,time,41,7.0,scenario1,CORRECTLY_PREDICTED_CELL_AVAILABLE,30,30,21,0,960,960,30,0,960,0,32,2,2,60,0.5,1,14.95,5,3.0,3.0,0,1,0,0,1,1,1,c3e0cd6bd222eada415f1b332303b1be945cf5818bf0d768b0cc8616f951a2f6,10,5,4,0,1,False,False,30,23,0.7666666666666667,0.023784901758014478,0.023784901758014478,15,e6d7768828ad3b1daa62bf998fc8cc897ccdfd5517506c2d36ae2f03d229883b,e6d7768828ad3b1daa62bf998fc8cc897ccdfd5517506c2d36ae2f03d229883b,,False,True,PREEXISTING
True,True,True,True,True,True,True,True,True,True,True,False,original,7,2014-07-01 03:30:00,time,35,7.0,scenario2,MATCHING_SEGMENT_FOUND,30,30,21,0,960,960,30,0,960,0,32,4,4,139,1.25,5,17.35,5,1.75,1.0,1,2,0,0,1,1,1,e8d14a120f611b7f0567da6f77c44506cc77386fc0f9dc5083ebedd1a268f689,8,5,4,0,1,False,False,30,23,0.7666666666666667,0.023784901758014478,0.023784901758014478,8,e8d14a120f611b7f0567da6f77c44506cc77386fc0f9dc5083ebedd1a268f689,e8d14a120f611b7f0567da6f77c44506cc77386fc0f9dc5083ebedd1a268f689,,False,True,PREEXISTING
True,True,True,True,True,True,True,True,True,True,True,False,original,7,2014-07-01 03:30:00,time,42,7.0,scenario1,CORRECTLY_PREDICTED_CELL_AVAILABLE,30,30,21,0,960,960,30,0,960,0,32,1,1,30,0.0,0,15.0,5,5.0,5.0,0,0,0,0,1,1,1,1c80a46657132e6d45909c3745f5a1202a5410a9cab783cd8e7aeaedb3705c85,17,5,4,0,1,False,False,30,23,0.7666666666666667,0.023784901758014478,0.023784901758014478,17,1c80a46657132e6d45909c3745f5a1202a5410a9cab783cd8e7aeaedb3705c85,1c80a46657132e6d45909c3745f5a1202a5410a9cab783cd8e7aeaedb3705c85,,False,True,PREEXISTING
True,True,True,True,True,True,True,True,True,True,True,False,original,7,2014-07-01 03:30:00,time,34,7.0,scenario2,MATCHING_SEGMENT_FOUND,30,30,21,0,960,960,30,0,960,0,32,5,5,150,1.0,4,14.4,5,1.6,1.0,1,3,0,0,1,1,1,ada12e519e156aedbc26f82e286ce3357467b11a357358d7bf4237f68c613261,6,5,4,0,1,False,False,30,23,0.7666666666666667,0.023784901758014478,0.023784901758014478,6,ada12e519e156aedbc26f82e286ce3357467b11a357358d7bf4237f68c613261,ada12e519e156aedbc26f82e286ce3357467b11a357358d7bf4237f68c613261,,False,True,PREEXISTING
True,True,True,True,True,True,True,True,True,True,True,False,original,7,2014-07-01 03:30:00,time,43,7.0,scenario3,NO_EXISTING_SEGMENT_IN_COLUMN,30,30,21,0,960,960,30,0,960,0,32,0,0,0,0.0,0,0.0,0,0.0,0.0,0,0,0,0,0,0,0,,,0,4,4,0,False,False,0,0,0.0,0.0,0.0,4,3a2dffe7da107cfa04a4f56774b1351fa7568851595f48ff20f196e956e3d880,,3a2dffe7da107cfa04a4f56774b1351fa7568851595f48ff20f196e956e3d880,True,False,POST_OBSERVATION_CREATED
True,True,True,True,True,True,True,True,True,True,True,False,original,7,2014-07-01 03:30:00,passenger,113,2064.0,scenario3,EXISTING_SEGMENTS_BELOW_L_MATCH,30,30,21,0,960,960,30,0,960,0,32,1,1,30,0.0,0,15.0,1,1.0,1.0,0,1,0,0,0,0,0,c8960bdd73138b701c99811b6cdcdec8899f77053d76c62624404144f999112e,29,1,4,3,0,False,False,30,23,0.7666666666666667,0.023784901758014478,0.023784901758014478,8,d31e5bd5bc4bf60c4909db33806dc1fff4dec32cc242197e09c7e46bd80809d8,,d31e5bd5bc4bf60c4909db33806dc1fff4dec32cc242197e09c7e46bd80809d8,True,False,POST_OBSERVATION_CREATED
True,True,True,True,True,True,True,True,True,True,True,False,original,7,2014-07-01 03:30:00,passenger,112,2064.0,scenario3,PREDICTED_TIME_INVALID,30,30,21,0,960,960,30,0,960,0,32,1,1,30,0.0,0,15.0,0,0.0,0.0,1,0,0,0,0,0,0,ccab6018c9e23e6ea03ee998c32efe673ed894f1df7634e5c41fbdcde73855dd,28,0,4,4,0,False,False,30,23,0.7666666666666667,0.023784901758014478,0.023784901758014478,7,562e9665e0c6c8231551ee914502362f6502cbb7a4d5e9a62f7cf8eefe5cf4ed,,562e9665e0c6c8231551ee914502362f6502cbb7a4d5e9a62f7cf8eefe5cf4ed,True,False,POST_OBSERVATION_CREATED
True,True,True,True,True,True,True,True,True,True,True,False,original,7,2014-07-01 03:30:00,passenger,114,2064.0,scenario1,CORRECTLY_PREDICTED_CELL_AVAILABLE,30,30,21,0,960,960,30,0,960,0,32,1,1,30,0.0,0,15.0,5,5.0,5.0,0,0,0,0,1,1,1,e96fad2cc46ba3c533d2136f11585543bac68e9558f181cfcaff0d09b74573ad,3,5,4,0,1,False,False,30,23,0.7666666666666667,0.023784901758014478,0.023784901758014478,3,e96fad2cc46ba3c533d2136f11585543bac68e9558f181cfcaff0d09b74573ad,e96fad2cc46ba3c533d2136f11585543bac68e9558f181cfcaff0d09b74573ad,,False,True,PREEXISTING
True,True,True,True,True,True,True,True,True,True,True,False,original,7,2014-07-01 03:30:00,passenger,111,2064.0,scenario3,NO_EXISTING_SEGMENT_IN_COLUMN,30,30,21,0,960,960,30,0,960,0,32,0,0,0,0.0,0,0.0,0,0.0,0.0,0,0,0,0,0,0,0,,,0,4,4,0,False,False,0,0,0.0,0.0,0.0,14,4a4624181527a13fe2d5a09255c63f0ec403865bec6ea490aad2b72ec56fc45d,,4a4624181527a13fe2d5a09255c63f0ec403865bec6ea490aad2b72ec56fc45d,True,False,POST_OBSERVATION_CREATED
True,True,True,True,True,True,True,True,True,True,True,False,original,7,2014-07-01 03:30:00,passenger,115,2064.0,scenario2,MATCHING_SEGMENT_FOUND,30,30,21,0,960,960,30,0,960,0,32,1,1,30,0.0,0,15.0,5,5.0,5.0,0,0,0,0,1,1,1,a5833244cb23d9ded6f1e57eacf409566e824829939562b29d68695a3c0bc538,16,5,4,0,1,False,False,30,23,0.7666666666666667,0.023784901758014478,0.023784901758014478,16,a5833244cb23d9ded6f1e57eacf409566e824829939562b29d68695a3c0bc538,a5833244cb23d9ded6f1e57eacf409566e824829939562b29d68695a3c0bc538,,False,True,PREEXISTING
True,True,True,True,True,True,True,True,True,True,True,False,original,7,2014-07-01 03:30:00,passenger,110,2064.0,scenario3,NO_EXISTING_SEGMENT_IN_COLUMN,30,30,21,0,960,960,30,0,960,0,32,0,0,0,0.0,0,0.0,0,0.0,0.0,0,0,0,0,0,0,0,,,0,4,4,0,False,False,0,0,0.0,0.0,0.0,30,4a04c6ca420929aa85d8af471d32ca1af1b7cb86b50cb0dc25b48ad108a4b19e,,4a04c6ca420929aa85d8af471d32ca1af1b7cb86b50cb0dc25b48ad108a4b19e,True,False,POST_OBSERVATION_CREATED
True,True,True,True,True,True,True,True,True,True,True,False,original,7,2014-07-01 03:30:00,passenger,116,2064.0,scenario3,EXISTING_SEGMENTS_BELOW_L_MATCH,30,30,21,0,960,960,30,0,960,0,32,1,1,30,0.0,0,15.0,1,1.0,1.0,0,1,0,0,0,0,0,65e9e3e88accf6454f917cbc99b7db21c21d0099efade348d93652facdfd7ed4,23,1,4,3,0,False,False,30,23,0.7666666666666667,0.023784901758014478,0.023784901758014478,30,63be17c3dc43df9f58dad3d5bff8102b8fc9fad234d1e6885041f0b90ce2c62a,,63be17c3dc43df9f58dad3d5bff8102b8fc9fad234d1e6885041f0b90ce2c62a,True,False,POST_OBSERVATION_CREATED
True,True,True,True,True,True,True,True,True,True,True,False,original,7,2014-07-01 03:30:00,passenger,109,2064.0,scenario3,NO_EXISTING_SEGMENT_IN_COLUMN,30,30,21,0,960,960,30,0,960,0,32,0,0,0,0.0,0,0.0,0,0.0,0.0,0,0,0,0,0,0,0,,,0,4,4,0,False,False,0,0,0.0,0.0,0.0,18,5dab041f6e3d8c42bf3f414470c7cccc30dc9455873a1a457c43443f74b66163,,5dab041f6e3d8c42bf3f414470c7cccc30dc9455873a1a457c43443f74b66163,True,False,POST_OBSERVATION_CREATED
True,True,True,True,True,True,True,True,True,True,True,False,original,7,2014-07-01 03:30:00,passenger,117,2064.0,scenario3,EXISTING_SEGMENTS_BELOW_L_MATCH,30,30,21,0,960,960,30,0,960,0,32,1,1,30,0.0,0,15.0,0,0.0,0.0,1,0,0,0,0,0,0,e0af5a96d7a7a979595d7916cd23ccd88b2021ba71fd19770d8f52aedd6875d2,7,0,4,4,0,False,False,30,23,0.7666666666666667,0.023784901758014478,0.023784901758014478,9,f9392a4dcd247059a5f28413cd8a4ab09693fe16da8fe11e73fd58e5947f3757,,f9392a4dcd247059a5f28413cd8a4ab09693fe16da8fe11e73fd58e5947f3757,True,False,POST_OBSERVATION_CREATED
True,True,True,True,True,True,True,True,True,True,True,False,original,7,2014-07-01 03:30:00,passenger,108,2064.0,scenario3,NO_EXISTING_SEGMENT_IN_COLUMN,30,30,21,0,960,960,30,0,960,0,32,0,0,0,0.0,0,0.0,0,0.0,0.0,0,0,0,0,0,0,0,,,0,4,4,0,False,False,0,0,0.0,0.0,0.0,2,88a2d878834c697201f7f3b86c03bf8bc80834dad3eaa9f117f9f270513cc5c7,,88a2d878834c697201f7f3b86c03bf8bc80834dad3eaa9f117f9f270513cc5c7,True,False,POST_OBSERVATION_CREATED
True,True,True,True,True,True,True,True,True,True,True,False,original,8,2014-07-01 04:00:00,weekday,4,1.0,scenario2,MATCHING_SEGMENT_FOUND,30,30,19,5,800,805,30,5,800,0,32,1,1,149,0.0,0,95.3,21,21.0,21.0,0,0,0,0,1,1,1,8aeed2abd0f847e0b8500715486ecfcc55670f2b3385c6aeb419a3a0678f1913,30,21,4,0,1,False,False,149,50,0.33557046979865773,0.014580801944106925,0.05530973451327434,30,8aeed2abd0f847e0b8500715486ecfcc55670f2b3385c6aeb419a3a0678f1913,8aeed2abd0f847e0b8500715486ecfcc55670f2b3385c6aeb419a3a0678f1913,,False,True,PREEXISTING
True,True,True,True,True,True,True,True,True,True,True,False,original,8,2014-07-01 04:00:00,weekday,5,1.0,scenario2,MATCHING_SEGMENT_FOUND,30,30,19,5,800,805,30,5,800,0,32,1,1,149,0.0,0,95.3,21,21.0,21.0,0,0,0,0,1,1,1,64080601c3be5fe7030e7eb69924a6cafe76e2b467b4a5630a9f7de522aa39db,10,21,4,0,1,False,False,149,50,0.33557046979865773,0.014580801944106925,0.05530973451327434,10,64080601c3be5fe7030e7eb69924a6cafe76e2b467b4a5630a9f7de522aa39db,64080601c3be5fe7030e7eb69924a6cafe76e2b467b4a5630a9f7de522aa39db,,False,True,PREEXISTING
True,True,True,True,True,True,True,True,True,True,True,False,original,8,2014-07-01 04:00:00,weekday,3,1.0,scenario2,MATCHING_SEGMENT_FOUND,30,30,19,5,800,805,30,5,800,0,32,1,1,149,1.0,1,95.25999999999999,21,21.0,21.0,0,0,0,0,1,1,1,69f0cb4491a1fd577b6c1af78119fa843dac41862a4e9483fd3c8e414791a45f,4,21,4,0,1,False,False,149,50,0.33557046979865773,0.014580801944106925,0.05530973451327434,4,69f0cb4491a1fd577b6c1af78119fa843dac41862a4e9483fd3c8e414791a45f,69f0cb4491a1fd577b6c1af78119fa843dac41862a4e9483fd3c8e414791a45f,,False,True,PREEXISTING
True,True,True,True,True,True,True,True,True,True,True,False,original,8,2014-07-01 04:00:00,weekday,6,1.0,scenario2,MATCHING_SEGMENT_FOUND,30,30,19,5,800,805,30,5,800,0,32,1,1,149,1.0,1,95.24,21,21.0,21.0,0,0,0,0,1,1,1,d0ca4df7b4ef8ef8330fc3c3fb6df6da237f2c8759fa1a08b551c3b0267a5cc1,29,21,4,0,1,False,False,149,50,0.33557046979865773,0.014580801944106925,0.05530973451327434,29,d0ca4df7b4ef8ef8330fc3c3fb6df6da237f2c8759fa1a08b551c3b0267a5cc1,d0ca4df7b4ef8ef8330fc3c3fb6df6da237f2c8759fa1a08b551c3b0267a5cc1,,False,True,PREEXISTING
True,True,True,True,True,True,True,True,True,True,True,False,original,8,2014-07-01 04:00:00,weekday,2,1.0,scenario2,MATCHING_SEGMENT_FOUND,30,30,19,5,800,805,30,5,800,0,32,1,1,149,1.0,1,95.24,21,21.0,21.0,0,0,0,0,1,1,1,62de03d338e81fffb1fe886b83637755e48f7109d103cb5c35e3be82a6942085,15,21,4,0,1,False,False,149,50,0.33557046979865773,0.014580801944106925,0.05530973451327434,15,62de03d338e81fffb1fe886b83637755e48f7109d103cb5c35e3be82a6942085,62de03d338e81fffb1fe886b83637755e48f7109d103cb5c35e3be82a6942085,,False,True,PREEXISTING
True,True,True,True,True,True,True,True,True,True,True,False,original,8,2014-07-01 04:00:00,weekday,7,1.0,scenario2,MATCHING_SEGMENT_FOUND,30,30,19,5,800,805,30,5,800,0,32,1,1,149,3.0,3,95.17999999999999,21,21.0,21.0,0,0,0,0,1,1,1,82cd778248b58abce2dd437ff3430d422a5f31f0857456cb0806c4bbf75c2f84,1,21,4,0,1,False,False,149,50,0.33557046979865773,0.014580801944106925,0.05530973451327434,1,82cd778248b58abce2dd437ff3430d422a5f31f0857456cb0806c4bbf75c2f84,82cd778248b58abce2dd437ff3430d422a5f31f0857456cb0806c4bbf75c2f84,,False,True,PREEXISTING
True,True,True,True,True,True,True,True,True,True,True,False,original,8,2014-07-01 04:00:00,weekday,1,1.0,scenario2,MATCHING_SEGMENT_FOUND,30,30,19,5,800,805,30,5,800,0,32,1,1,149,3.0,3,95.17999999999999,21,21.0,21.0,0,0,0,0,1,1,1,096eb71f46b469fc4f1cc7d4ed984088c225a66b3cfbaad900f9fc8fd6e6985c,15,21,4,0,1,False,False,149,50,0.33557046979865773,0.014580801944106925,0.05530973451327434,15,096eb71f46b469fc4f1cc7d4ed984088c225a66b3cfbaad900f9fc8fd6e6985c,096eb71f46b469fc4f1cc7d4ed984088c225a66b3cfbaad900f9fc8fd6e6985c,,False,True,PREEXISTING
True,True,True,True,True,True,True,True,True,True,True,False,original,8,2014-07-01 04:00:00,weekday,8,1.0,scenario2,MATCHING_SEGMENT_FOUND,30,30,19,5,800,805,30,5,800,0,32,1,1,149,4.0,4,95.13,21,21.0,21.0,0,0,0,0,1,1,1,8707a46b07890e9f3d4b42af5e0aab7361dc144e7986f25d90e421a33089bd83,29,21,4,0,1,False,False,149,50,0.33557046979865773,0.014580801944106925,0.05530973451327434,29,8707a46b07890e9f3d4b42af5e0aab7361dc144e7986f25d90e421a33089bd83,8707a46b07890e9f3d4b42af5e0aab7361dc144e7986f25d90e421a33089bd83,,False,True,PREEXISTING
True,True,True,True,True,True,True,True,True,True,True,False,original,8,2014-07-01 04:00:00,weekday,0,1.0,scenario2,MATCHING_SEGMENT_FOUND,30,30,19,5,800,805,30,5,800,0,32,1,1,149,4.0,4,95.13,21,21.0,21.0,0,0,0,0,1,1,1,b8ff4e0cd1bf15ed47968cde6ad2530bfe3d56b991c289d66df5ed3a4ea01ca1,4,21,4,0,1,False,False,149,50,0.33557046979865773,0.014580801944106925,0.05530973451327434,4,b8ff4e0cd1bf15ed47968cde6ad2530bfe3d56b991c289d66df5ed3a4ea01ca1,b8ff4e0cd1bf15ed47968cde6ad2530bfe3d56b991c289d66df5ed3a4ea01ca1,,False,True,PREEXISTING
True,True,True,True,True,True,True,True,True,True,True,False,original,8,2014-07-01 04:00:00,weekday,9,1.0,scenario2,MATCHING_SEGMENT_FOUND,30,30,19,5,800,805,30,5,800,0,32,1,1,149,4.0,4,95.13,21,21.0,21.0,0,0,0,0,1,1,1,1928f40ce31bf6bd47fb15c046e5d7db5c6f2744acdbf86090d49adc6860aaca,19,21,4,0,1,False,False,149,50,0.33557046979865773,0.014580801944106925,0.05530973451327434,19,1928f40ce31bf6bd47fb15c046e5d7db5c6f2744acdbf86090d49adc6860aaca,1928f40ce31bf6bd47fb15c046e5d7db5c6f2744acdbf86090d49adc6860aaca,,False,True,PREEXISTING
True,True,True,True,True,True,True,True,True,True,True,False,original,8,2014-07-01 04:00:00,time,40,8.0,scenario3,PREDICTED_TIME_INVALID,30,30,19,5,800,805,30,5,800,0,32,2,2,60,1.0,2,13.55,0,0.0,0.0,2,0,0,0,0,0,0,c5f40055e073dcc0297e70635feb20f6d22596aa629ce92839dfa9f6499d12f6,10,0,4,4,0,False,False,30,18,0.6,0.022031823745410038,0.022031823745410038,24,8e3955da370477dbd6ba7d6e090a06e5ab24b5c04b22eb04fa4112a535744032,,8e3955da370477dbd6ba7d6e090a06e5ab24b5c04b22eb04fa4112a535744032,True,False,POST_OBSERVATION_CREATED
True,True,True,True,True,True,True,True,True,True,True,False,original,8,2014-07-01 04:00:00,time,39,8.0,scenario3,EXISTING_SEGMENTS_BELOW_L_MATCH,30,30,19,5,800,805,30,5,800,0,32,3,3,90,1.0,2,14.049999999999999,0,0.0,0.0,3,0,0,0,0,0,0,8bba82d8aae61e31a1071c629576bba1c5061f6183f2bccb8b143b2fd1911e6f,26,0,4,4,0,False,False,30,15,0.5,0.018292682926829267,0.018292682926829267,2,d274d2e15bbfce0bbdeadee3814d649bf9c4e278318a1ac5467703f459359f92,,d274d2e15bbfce0bbdeadee3814d649bf9c4e278318a1ac5467703f459359f92,True,False,POST_OBSERVATION_CREATED
True,True,True,True,True,True,True,True,True,True,True,False,original,8,2014-07-01 04:00:00,time,41,8.0,scenario3,PREDICTED_TIME_INVALID,30,30,19,5,800,805,30,5,800,0,32,2,2,60,1.0,2,13.55,0,0.0,0.0,2,0,0,0,0,0,0,c3e0cd6bd222eada415f1b332303b1be945cf5818bf0d768b0cc8616f951a2f6,10,0,4,4,0,False,False,30,18,0.6,0.022031823745410038,0.022031823745410038,30,9897d7cb11394f4b437de7c1ba4380f5d0416633353a4a15f51462d6f74828bf,,9897d7cb11394f4b437de7c1ba4380f5d0416633353a4a15f51462d6f74828bf,True,False,POST_OBSERVATION_CREATED
True,True,True,True,True,True,True,True,True,True,True,False,original,8,2014-07-01 04:00:00,time,38,8.0,scenario3,EXISTING_SEGMENTS_BELOW_L_MATCH,30,30,19,5,800,805,30,5,800,0,32,4,4,120,0.75,2,14.3625,0,0.0,0.0,4,0,0,0,0,0,0,998d2c2a8f8ea542f2a9d09cf1b82a345d38036e0a0405326fe32ed8c60b77de,2,0,4,4,0,False,False,30,22,0.7333333333333333,0.02706027060270603,0.02706027060270603,28,0da62d362073ccecfb8c83135a9be2f2a90f3fb917f33e9866557d0c411f7a11,,0da62d362073ccecfb8c83135a9be2f2a90f3fb917f33e9866557d0c411f7a11,True,False,POST_OBSERVATION_CREATED
True,True,True,True,True,True,True,True,True,True,True,False,original,8,2014-07-01 04:00:00,time,42,8.0,scenario3,PREDICTED_TIME_INVALID,30,30,19,5,800,805,30,5,800,0,32,1,1,30,1.0,1,13.0,0,0.0,0.0,1,0,0,0,0,0,0,1c80a46657132e6d45909c3745f5a1202a5410a9cab783cd8e7aeaedb3705c85,17,0,4,4,0,False,False,30,18,0.6,0.022031823745410038,0.022031823745410038,3,1de9b9edb765f2598aa8e0e8b8b10afd0c29f44da9712b0f1e7bd789369c4a6b,,1de9b9edb765f2598aa8e0e8b8b10afd0c29f44da9712b0f1e7bd789369c4a6b,True,False,POST_OBSERVATION_CREATED
True,True,True,True,True,True,True,True,True,True,True,False,original,8,2014-07-01 04:00:00,time,37,8.0,scenario3,EXISTING_SEGMENTS_BELOW_L_MATCH,30,30,19,5,800,805,30,5,800,0,32,4,4,139,0.75,2,17.315,0,0.0,0.0,4,0,0,0,0,0,0,552864826f4f7eaa5ad91aada89d5058598deeed28a1f0ef31bd6f9031f82f28,31,0,4,4,0,False,False,30,13,0.43333333333333335,0.015815085158150853,0.015815085158150853,16,e736bb260c96090576fc10fa10fd97485edd317fe87cc6811e84c43b8b44ede6,,e736bb260c96090576fc10fa10fd97485edd317fe87cc6811e84c43b8b44ede6,True,False,POST_OBSERVATION_CREATED
True,True,True,True,True,True,True,True,True,True,True,False,original,8,2014-07-01 04:00:00,time,43,8.0,scenario3,EXISTING_SEGMENTS_BELOW_L_MATCH,30,30,19,5,800,805,30,5,800,0,32,1,1,30,0.0,0,15.0,0,0.0,0.0,1,0,0,0,0,0,0,3a2dffe7da107cfa04a4f56774b1351fa7568851595f48ff20f196e956e3d880,4,0,4,4,0,False,False,30,22,0.7333333333333333,0.02706027060270603,0.02706027060270603,0,401b9ce0fc3b8fa93b06955da8276096550ab321a7d5cadf9fe6fd56820e61f1,,401b9ce0fc3b8fa93b06955da8276096550ab321a7d5cadf9fe6fd56820e61f1,True,False,POST_OBSERVATION_CREATED
True,True,True,True,True,True,True,True,True,True,True,False,original,8,2014-07-01 04:00:00,time,36,8.0,scenario3,EXISTING_SEGMENTS_BELOW_L_MATCH,30,30,19,5,800,805,30,5,800,0,32,3,3,146,1.6666666666666667,4,26.05333333333333,1,0.3333333333333333,0.0,2,1,0,0,0,0,0,7398ad2a0eef460a9d7609211d5f6fefcfa64fd08455035876c5697d1b0f2951,20,1,4,3,0,False,False,66,24,0.36363636363636365,0.018292682926829267,0.02833530106257379,9,8236e1d0c0f4bd40e21e6e4b3dc658b89587ce957ccd3605b4ca91d3d428554a,,8236e1d0c0f4bd40e21e6e4b3dc658b89587ce957ccd3605b4ca91d3d428554a,True,False,POST_OBSERVATION_CREATED
True,True,True,True,True,True,True,True,True,True,True,False,original,8,2014-07-01 04:00:00,time,44,8.0,scenario3,NO_EXISTING_SEGMENT_IN_COLUMN,30,30,19,5,800,805,30,5,800,0,32,0,0,0,0.0,0,0.0,0,0.0,0.0,0,0,0,0,0,0,0,,,0,4,4,0,False,False,0,0,0.0,0.0,0.0,9,f0c76bf8a34aff501fcbd475f70d49a4446952726aad1810a577593ccc786255,,f0c76bf8a34aff501fcbd475f70d49a4446952726aad1810a577593ccc786255,True,False,POST_OBSERVATION_CREATED
True,True,True,True,True,True,True,True,True,True,True,False,original,8,2014-07-01 04:00:00,time,35,8.0,scenario3,EXISTING_SEGMENTS_BELOW_L_MATCH,30,30,19,5,800,805,30,5,800,0,32,4,4,158,1.5,5,20.3,1,0.25,0.0,3,1,0,0,0,0,0,aeda3ddddb1fc17f2c0971c1de90895bdf69e0a55afa173ba94ec79de0122836,13,1,4,3,0,False,False,49,19,0.3877551020408163,0.01705237515225335,0.022754491017964073,26,06ffe29eddede661d34d2d8a118f0b61de7a66f1838a78300c1e46d636b71477,,06ffe29eddede661d34d2d8a118f0b61de7a66f1838a78300c1e46d636b71477,True,False,POST_OBSERVATION_CREATED
True,True,True,True,True,True,True,True,True,True,True,False,original,8,2014-07-01 04:00:00,passenger,115,2221.0,scenario3,EXISTING_SEGMENTS_BELOW_L_MATCH,30,30,19,5,800,805,30,5,800,0,32,1,1,49,1.0,1,26.849999999999998,0,0.0,0.0,1,0,0,0,0,0,0,a5833244cb23d9ded6f1e57eacf409566e824829939562b29d68695a3c0bc538,16,0,4,4,0,False,False,49,29,0.5918367346938775,0.022031823745410038,0.03515151515151515,20,981f6b0a95d78c780f5ddaad74541f742d6676c3366b6544063e356e2857e753,,981f6b0a95d78c780f5ddaad74541f742d6676c3366b6544063e356e2857e753,True,False,POST_OBSERVATION_CREATED
True,True,True,True,True,True,True,True,True,True,True,False,original,8,2014-07-01 04:00:00,passenger,114,2221.0,scenario3,EXISTING_SEGMENTS_BELOW_L_MATCH,30,30,19,5,800,805,30,5,800,0,32,1,1,30,1.0,1,13.0,1,1.0,1.0,0,1,0,0,0,0,0,e96fad2cc46ba3c533d2136f11585543bac68e9558f181cfcaff0d09b74573ad,3,1,4,3,0,False,False,30,18,0.6,0.022031823745410038,0.022031823745410038,29,f3335f82f7530af90093e197f0e950798007c754d4914d13ee16e2259c661a4a,,f3335f82f7530af90093e197f0e950798007c754d4914d13ee16e2259c661a4a,True,False,POST_OBSERVATION_CREATED
True,True,True,True,True,True,True,True,True,True,True,False,original,8,2014-07-01 04:00:00,passenger,116,2221.0,scenario3,EXISTING_SEGMENTS_BELOW_L_MATCH,30,30,19,5,800,805,30,5,800,0,32,2,2,60,0.0,0,15.0,0,0.0,0.0,2,0,0,0,0,0,0,65e9e3e88accf6454f917cbc99b7db21c21d0099efade348d93652facdfd7ed4,23,0,4,4,0,False,False,30,18,0.6,0.022031823745410038,0.022031823745410038,4,d9d5a6c4b47c4d6cb2f30500a0fb06f4e7e164a541963f47bc03bac0dc63f724,,d9d5a6c4b47c4d6cb2f30500a0fb06f4e7e164a541963f47bc03bac0dc63f724,True,False,POST_OBSERVATION_CREATED
True,True,True,True,True,True,True,True,True,True,True,False,original,8,2014-07-01 04:00:00,passenger,113,2221.0,scenario3,EXISTING_SEGMENTS_BELOW_L_MATCH,30,30,19,5,800,805,30,5,800,0,32,2,2,60,0.5,1,14.975,1,0.5,0.5,1,1,0,0,0,0,0,c8960bdd73138b701c99811b6cdcdec8899f77053d76c62624404144f999112e,29,1,4,3,0,False,False,30,18,0.6,0.022031823745410038,0.022031823745410038,13,16933dbd1ac1b138fc634fa9358a8c600eb89adc8a735d9b3031c0b17e74ba67,,16933dbd1ac1b138fc634fa9358a8c600eb89adc8a735d9b3031c0b17e74ba67,True,False,POST_OBSERVATION_CREATED
True,True,True,True,True,True,True,True,True,True,True,False,original,8,2014-07-01 04:00:00,passenger,117,2221.0,scenario3,EXISTING_SEGMENTS_BELOW_L_MATCH,30,30,19,5,800,805,30,5,800,0,32,2,2,60,0.0,0,15.0,0,0.0,0.0,2,0,0,0,0,0,0,e0af5a96d7a7a979595d7916cd23ccd88b2021ba71fd19770d8f52aedd6875d2,7,0,4,4,0,False,False,30,18,0.6,0.022031823745410038,0.022031823745410038,16,d10c39f93fc92f7766d601ee5ec52466a07d54440972ea49a76a21ed6600264b,,d10c39f93fc92f7766d601ee5ec52466a07d54440972ea49a76a21ed6600264b,True,False,POST_OBSERVATION_CREATED
True,True,True,True,True,True,True,True,True,True,True,False,original,8,2014-07-01 04:00:00,passenger,112,2221.0,scenario3,EXISTING_SEGMENTS_BELOW_L_MATCH,30,30,19,5,800,805,30,5,800,0,32,2,2,60,0.5,1,14.975,1,0.5,0.5,1,1,0,0,0,0,0,ccab6018c9e23e6ea03ee998c32efe673ed894f1df7634e5c41fbdcde73855dd,28,1,4,3,0,False,False,30,18,0.6,0.022031823745410038,0.022031823745410038,23,89aedca69eefbc586713f366bab4df3882ce6427ccb4cd9f46ef76ca9fafc1cb,,89aedca69eefbc586713f366bab4df3882ce6427ccb4cd9f46ef76ca9fafc1cb,True,False,POST_OBSERVATION_CREATED
True,True,True,True,True,True,True,True,True,True,True,False,original,8,2014-07-01 04:00:00,passenger,118,2221.0,scenario3,EXISTING_SEGMENTS_BELOW_L_MATCH,30,30,19,5,800,805,30,5,800,0,32,2,2,60,1.0,1,14.925,0,0.0,0.0,2,0,0,0,0,0,0,43da6c5693d6c875b8e14e8e4ac3591954614c6538dc94721d719f96786f5e4a,21,0,4,4,0,False,False,30,18,0.6,0.022031823745410038,0.022031823745410038,24,0cc37ec1f1a423feb1bf7d991d7aee7bd804aa9f517862efb5fccd10522526fe,,0cc37ec1f1a423feb1bf7d991d7aee7bd804aa9f517862efb5fccd10522526fe,True,False,POST_OBSERVATION_CREATED
True,True,True,True,True,True,True,True,True,True,True,False,original,8,2014-07-01 04:00:00,passenger,111,2221.0,scenario3,EXISTING_SEGMENTS_BELOW_L_MATCH,30,30,19,5,800,805,30,5,800,0,32,1,1,30,0.0,0,15.0,0,0.0,0.0,1,0,0,0,0,0,0,4a4624181527a13fe2d5a09255c63f0ec403865bec6ea490aad2b72ec56fc45d,14,0,4,4,0,False,False,30,22,0.7333333333333333,0.02706027060270603,0.02706027060270603,26,8fe1a5cc6dbd4b11d6b9006cb66cac4951f4ca3624d45d63cf7d407619bf0461,,8fe1a5cc6dbd4b11d6b9006cb66cac4951f4ca3624d45d63cf7d407619bf0461,True,False,POST_OBSERVATION_CREATED
True,True,True,True,True,True,True,True,True,True,True,False,original,8,2014-07-01 04:00:00,passenger,119,2221.0,scenario3,EXISTING_SEGMENTS_BELOW_L_MATCH,30,30,19,5,800,805,30,5,800,0,32,2,2,60,0.5,1,14.945,0,0.0,0.0,2,0,0,0,0,0,0,2fe0e3f7b4e1bee44f6fb23c456d504a4ebdbae7f42585fe434451357c13e3ae,3,0,4,4,0,False,False,30,15,0.5,0.018292682926829267,0.018292682926829267,25,bb13fb2d73ce273101fd2c9609effc91ce112f3b8279aa57a3dda9588437ec2c,,bb13fb2d73ce273101fd2c9609effc91ce112f3b8279aa57a3dda9588437ec2c,True,False,POST_OBSERVATION_CREATED
True,True,True,True,True,True,True,True,True,True,True,False,original,8,2014-07-01 04:00:00,passenger,110,2221.0,scenario3,EXISTING_SEGMENTS_BELOW_L_MATCH,30,30,19,5,800,805,30,5,800,0,32,1,1,30,0.0,0,15.0,0,0.0,0.0,1,0,0,0,0,0,0,4a04c6ca420929aa85d8af471d32ca1af1b7cb86b50cb0dc25b48ad108a4b19e,30,0,4,4,0,False,False,30,22,0.7333333333333333,0.02706027060270603,0.02706027060270603,16,0e1cb48b8c8b42f44f8ad79be4e0e7d20aa313c9b2f51b387f1801590469b081,,0e1cb48b8c8b42f44f8ad79be4e0e7d20aa313c9b2f51b387f1801590469b081,True,False,POST_OBSERVATION_CREATED
True,True,True,True,True,True,True,True,True,True,True,False,original,9,2014-07-01 04:30:00,weekday,4,1.0,scenario2,MATCHING_SEGMENT_FOUND,30,30,19,0,960,960,30,0,960,0,32,1,1,159,0.0,0,101.5,20,20.0,20.0,0,0,0,0,1,1,1,8aeed2abd0f847e0b8500715486ecfcc55670f2b3385c6aeb419a3a0678f1913,30,20,4,0,1,False,False,159,60,0.37735849056603776,0.011235955056179775,0.056657223796033995,30,8aeed2abd0f847e0b8500715486ecfcc55670f2b3385c6aeb419a3a0678f1913,8aeed2abd0f847e0b8500715486ecfcc55670f2b3385c6aeb419a3a0678f1913,,False,True,PREEXISTING
True,True,True,True,True,True,True,True,True,True,True,False,original,9,2014-07-01 04:30:00,weekday,5,1.0,scenario2,MATCHING_SEGMENT_FOUND,30,30,19,0,960,960,30,0,960,0,32,1,1,159,0.0,0,101.5,20,20.0,20.0,0,0,0,0,1,1,1,64080601c3be5fe7030e7eb69924a6cafe76e2b467b4a5630a9f7de522aa39db,10,20,4,0,1,False,False,159,60,0.37735849056603776,0.011235955056179775,0.056657223796033995,10,64080601c3be5fe7030e7eb69924a6cafe76e2b467b4a5630a9f7de522aa39db,64080601c3be5fe7030e7eb69924a6cafe76e2b467b4a5630a9f7de522aa39db,,False,True,PREEXISTING
True,True,True,True,True,True,True,True,True,True,True,False,original,9,2014-07-01 04:30:00,weekday,3,1.0,scenario2,MATCHING_SEGMENT_FOUND,30,30,19,0,960,960,30,0,960,0,32,1,1,159,1.0,1,101.46,20,20.0,20.0,0,0,0,0,1,1,1,69f0cb4491a1fd577b6c1af78119fa843dac41862a4e9483fd3c8e414791a45f,4,20,4,0,1,False,False,159,60,0.37735849056603776,0.011235955056179775,0.056657223796033995,4,69f0cb4491a1fd577b6c1af78119fa843dac41862a4e9483fd3c8e414791a45f,69f0cb4491a1fd577b6c1af78119fa843dac41862a4e9483fd3c8e414791a45f,,False,True,PREEXISTING
True,True,True,True,True,True,True,True,True,True,True,False,original,9,2014-07-01 04:30:00,weekday,6,1.0,scenario2,MATCHING_SEGMENT_FOUND,30,30,19,0,960,960,30,0,960,0,32,1,1,159,1.0,1,101.44,20,20.0,20.0,0,0,0,0,1,1,1,d0ca4df7b4ef8ef8330fc3c3fb6df6da237f2c8759fa1a08b551c3b0267a5cc1,29,20,4,0,1,False,False,159,60,0.37735849056603776,0.011235955056179775,0.056657223796033995,29,d0ca4df7b4ef8ef8330fc3c3fb6df6da237f2c8759fa1a08b551c3b0267a5cc1,d0ca4df7b4ef8ef8330fc3c3fb6df6da237f2c8759fa1a08b551c3b0267a5cc1,,False,True,PREEXISTING
True,True,True,True,True,True,True,True,True,True,True,False,original,9,2014-07-01 04:30:00,weekday,2,1.0,scenario2,MATCHING_SEGMENT_FOUND,30,30,19,0,960,960,30,0,960,0,32,1,1,159,1.0,1,101.44,20,20.0,20.0,0,0,0,0,1,1,1,62de03d338e81fffb1fe886b83637755e48f7109d103cb5c35e3be82a6942085,15,20,4,0,1,False,False,159,60,0.37735849056603776,0.011235955056179775,0.056657223796033995,15,62de03d338e81fffb1fe886b83637755e48f7109d103cb5c35e3be82a6942085,62de03d338e81fffb1fe886b83637755e48f7109d103cb5c35e3be82a6942085,,False,True,PREEXISTING
True,True,True,True,True,True,True,True,True,True,True,False,original,9,2014-07-01 04:30:00,weekday,7,1.0,scenario2,MATCHING_SEGMENT_FOUND,30,30,19,0,960,960,30,0,960,0,32,1,1,159,3.0,3,101.38,20,20.0,20.0,0,0,0,0,1,1,1,82cd778248b58abce2dd437ff3430d422a5f31f0857456cb0806c4bbf75c2f84,1,20,4,0,1,False,False,159,60,0.37735849056603776,0.011235955056179775,0.056657223796033995,1,82cd778248b58abce2dd437ff3430d422a5f31f0857456cb0806c4bbf75c2f84,82cd778248b58abce2dd437ff3430d422a5f31f0857456cb0806c4bbf75c2f84,,False,True,PREEXISTING
True,True,True,True,True,True,True,True,True,True,True,False,original,9,2014-07-01 04:30:00,weekday,1,1.0,scenario2,MATCHING_SEGMENT_FOUND,30,30,19,0,960,960,30,0,960,0,32,1,1,159,3.0,3,101.38,20,20.0,20.0,0,0,0,0,1,1,1,096eb71f46b469fc4f1cc7d4ed984088c225a66b3cfbaad900f9fc8fd6e6985c,15,20,4,0,1,False,False,159,60,0.37735849056603776,0.011235955056179775,0.056657223796033995,15,096eb71f46b469fc4f1cc7d4ed984088c225a66b3cfbaad900f9fc8fd6e6985c,096eb71f46b469fc4f1cc7d4ed984088c225a66b3cfbaad900f9fc8fd6e6985c,,False,True,PREEXISTING
True,True,True,True,True,True,True,True,True,True,True,False,original,9,2014-07-01 04:30:00,weekday,8,1.0,scenario2,MATCHING_SEGMENT_FOUND,30,30,19,0,960,960,30,0,960,0,32,1,1,159,4.0,4,101.31,20,20.0,20.0,0,0,0,0,1,1,1,8707a46b07890e9f3d4b42af5e0aab7361dc144e7986f25d90e421a33089bd83,29,20,4,0,1,False,False,159,60,0.37735849056603776,0.011235955056179775,0.056657223796033995,29,8707a46b07890e9f3d4b42af5e0aab7361dc144e7986f25d90e421a33089bd83,8707a46b07890e9f3d4b42af5e0aab7361dc144e7986f25d90e421a33089bd83,,False,True,PREEXISTING
True,True,True,True,True,True,True,True,True,True,True,False,original,9,2014-07-01 04:30:00,weekday,0,1.0,scenario2,MATCHING_SEGMENT_FOUND,30,30,19,0,960,960,30,0,960,0,32,1,1,159,4.0,4,101.31,20,20.0,20.0,0,0,0,0,1,1,1,b8ff4e0cd1bf15ed47968cde6ad2530bfe3d56b991c289d66df5ed3a4ea01ca1,4,20,4,0,1,False,False,159,60,0.37735849056603776,0.011235955056179775,0.056657223796033995,4,b8ff4e0cd1bf15ed47968cde6ad2530bfe3d56b991c289d66df5ed3a4ea01ca1,b8ff4e0cd1bf15ed47968cde6ad2530bfe3d56b991c289d66df5ed3a4ea01ca1,,False,True,PREEXISTING
True,True,True,True,True,True,True,True,True,True,True,False,original,9,2014-07-01 04:30:00,weekday,9,1.0,scenario2,MATCHING_SEGMENT_FOUND,30,30,19,0,960,960,30,0,960,0,32,1,1,159,4.0,4,101.31,20,20.0,20.0,0,0,0,0,1,1,1,1928f40ce31bf6bd47fb15c046e5d7db5c6f2744acdbf86090d49adc6860aaca,19,20,4,0,1,False,False,159,60,0.37735849056603776,0.011235955056179775,0.056657223796033995,19,1928f40ce31bf6bd47fb15c046e5d7db5c6f2744acdbf86090d49adc6860aaca,1928f40ce31bf6bd47fb15c046e5d7db5c6f2744acdbf86090d49adc6860aaca,,False,True,PREEXISTING
True,True,True,True,True,True,True,True,True,True,True,False,original,9,2014-07-01 04:30:00,time,41,9.0,scenario3,EXISTING_SEGMENTS_BELOW_L_MATCH,30,30,19,0,960,960,30,0,960,0,32,3,3,90,1.0,2,14.023333333333333,2,0.6666666666666666,0.0,2,0,1,0,0,0,0,c3e0cd6bd222eada415f1b332303b1be945cf5818bf0d768b0cc8616f951a2f6,10,2,4,2,0,False,False,30,19,0.6333333333333333,0.01956745623069001,0.01956745623069001,12,bd68e7a495983a096fab201dc1eea28b41b35d871ff5fbda6ffe3cef79fa272e,,bd68e7a495983a096fab201dc1eea28b41b35d871ff5fbda6ffe3cef79fa272e,True,False,POST_OBSERVATION_CREATED
True,True,True,True,True,True,True,True,True,True,True,False,original,9,2014-07-01 04:30:00,time,40,9.0,scenario3,EXISTING_SEGMENTS_BELOW_L_MATCH,30,30,19,0,960,960,30,0,960,0,32,3,3,90,1.0,2,14.023333333333333,1,0.3333333333333333,0.0,2,1,0,0,0,0,0,c5f40055e073dcc0297e70635feb20f6d22596aa629ce92839dfa9f6499d12f6,10,1,4,3,0,False,False,30,19,0.6333333333333333,0.01956745623069001,0.01956745623069001,31,b0c864d2765d99590ca4c25453a4766a45c257c4457cf284252397f43ef8dd73,,b0c864d2765d99590ca4c25453a4766a45c257c4457cf284252397f43ef8dd73,True,False,POST_OBSERVATION_CREATED
True,True,True,True,True,True,True,True,True,True,True,False,original,9,2014-07-01 04:30:00,time,42,9.0,scenario3,EXISTING_SEGMENTS_BELOW_L_MATCH,30,30,19,0,960,960,30,0,960,0,32,2,2,60,0.5,1,13.985,2,1.0,1.0,1,0,1,0,0,0,0,1c80a46657132e6d45909c3745f5a1202a5410a9cab783cd8e7aeaedb3705c85,17,2,4,2,0,False,False,30,19,0.6333333333333333,0.01956745623069001,0.01956745623069001,23,61591ce75b8c0055f71d67451d8f5c9f301accad6ec4ce9054fe360b5d9d7d3d,,61591ce75b8c0055f71d67451d8f5c9f301accad6ec4ce9054fe360b5d9d7d3d,True,False,POST_OBSERVATION_CREATED
True,True,True,True,True,True,True,True,True,True,True,False,original,9,2014-07-01 04:30:00,time,39,9.0,scenario2,MATCHING_SEGMENT_FOUND,30,30,19,0,960,960,30,0,960,0,32,4,4,120,1.0,2,14.2625,11,3.0,0.5,2,1,0,0,1,1,1,8bba82d8aae61e31a1071c629576bba1c5061f6183f2bccb8b143b2fd1911e6f,26,11,4,0,1,False,False,30,19,0.6333333333333333,0.01956745623069001,0.01956745623069001,26,8bba82d8aae61e31a1071c629576bba1c5061f6183f2bccb8b143b2fd1911e6f,8bba82d8aae61e31a1071c629576bba1c5061f6183f2bccb8b143b2fd1911e6f,,False,True,PREEXISTING
True,True,True,True,True,True,True,True,True,True,True,False,original,9,2014-07-01 04:30:00,time,43,9.0,scenario3,EXISTING_SEGMENTS_BELOW_L_MATCH,30,30,19,0,960,960,30,0,960,0,32,2,2,60,0.5,1,14.99,3,1.5,1.5,1,0,0,1,0,0,0,3a2dffe7da107cfa04a4f56774b1351fa7568851595f48ff20f196e956e3d880,4,3,4,1,0,False,False,30,26,0.8666666666666667,0.026970954356846474,0.026970954356846474,31,f693478426eaf1d7997b5015cf9f2c14706d7a5c2eade0701e0e56d348c89db2,,f693478426eaf1d7997b5015cf9f2c14706d7a5c2eade0701e0e56d348c89db2,True,False,POST_OBSERVATION_CREATED
True,True,True,True,True,True,True,True,True,True,True,False,original,9,2014-07-01 04:30:00,time,38,9.0,scenario3,EXISTING_SEGMENTS_BELOW_L_MATCH,30,30,19,0,960,960,30,0,960,0,32,5,5,150,0.8,2,14.468,3,1.0,1.0,2,2,0,1,0,0,0,998d2c2a8f8ea542f2a9d09cf1b82a345d38036e0a0405326fe32ed8c60b77de,2,3,4,1,0,False,False,30,26,0.8666666666666667,0.026970954356846474,0.026970954356846474,15,0739f5c17543b5a9af6cf84a3a885fb8139a2d013941c7458728a240a9771b1d,,0739f5c17543b5a9af6cf84a3a885fb8139a2d013941c7458728a240a9771b1d,True,False,POST_OBSERVATION_CREATED
True,True,True,True,True,True,True,True,True,True,True,False,original,9,2014-07-01 04:30:00,time,44,9.0,scenario3,EXISTING_SEGMENTS_BELOW_L_MATCH,30,30,19,0,960,960,30,0,960,0,32,1,1,30,0.0,0,15.0,0,0.0,0.0,1,0,0,0,0,0,0,f0c76bf8a34aff501fcbd475f70d49a4446952726aad1810a577593ccc786255,9,0,4,4,0,False,False,30,27,0.9,0.028037383177570093,0.028037383177570093,5,cbbe2cae7694d3de9c455c617983a571cc5153a7c94daaeb7b053dfb987507ef,,cbbe2cae7694d3de9c455c617983a571cc5153a7c94daaeb7b053dfb987507ef,True,False,POST_OBSERVATION_CREATED
True,True,True,True,True,True,True,True,True,True,True,False,original,9,2014-07-01 04:30:00,time,37,9.0,scenario2,MATCHING_SEGMENT_FOUND,30,30,19,0,960,960,30,0,960,0,32,5,5,169,0.8,2,16.830000000000002,4,1.2,1.0,2,2,0,0,1,1,1,6e175ab9f7e462b82d9fe15fb941183f479d4766f404e52eb91fec3f85381430,23,4,4,0,1,False,False,49,34,0.6938775510204082,0.01956745623069001,0.03487179487179487,23,6e175ab9f7e462b82d9fe15fb941183f479d4766f404e52eb91fec3f85381430,6e175ab9f7e462b82d9fe15fb941183f479d4766f404e52eb91fec3f85381430,,False,True,PREEXISTING
True,True,True,True,True,True,True,True,True,True,True,False,original,9,2014-07-01 04:30:00,time,45,9.0,scenario3,NO_EXISTING_SEGMENT_IN_COLUMN,30,30,19,0,960,960,30,0,960,0,32,0,0,0,0.0,0,0.0,0,0.0,0.0,0,0,0,0,0,0,0,,,0,4,4,0,False,False,0,0,0.0,0.0,0.0,14,29a21ddd0852be1af15a00406383ebd663b1779770808345e3c697a2f875da6c,,29a21ddd0852be1af15a00406383ebd663b1779770808345e3c697a2f875da6c,True,False,POST_OBSERVATION_CREATED
True,True,True,True,True,True,True,True,True,True,True,False,original,9,2014-07-01 04:30:00,time,36,9.0,scenario2,MATCHING_SEGMENT_FOUND,30,30,19,0,960,960,30,0,960,0,32,4,4,176,1.5,5,23.2625,11,4.0,2.5,1,0,1,1,1,1,1,65aacf9bb4293a3c1e3d205812f6dad728c357e5c82db051471eed042016bee4,31,11,4,0,1,False,False,30,11,0.36666666666666664,0.011235955056179775,0.011235955056179775,31,65aacf9bb4293a3c1e3d205812f6dad728c357e5c82db051471eed042016bee4,65aacf9bb4293a3c1e3d205812f6dad728c357e5c82db051471eed042016bee4,,False,True,PREEXISTING
True,True,True,True,True,True,True,True,True,True,True,False,original,9,2014-07-01 04:30:00,passenger,114,2158.0,scenario3,EXISTING_SEGMENTS_BELOW_L_MATCH,30,30,19,0,960,960,30,0,960,0,32,2,2,60,0.5,1,13.985,1,1.0,1.0,0,2,0,0,0,0,0,f3335f82f7530af90093e197f0e950798007c754d4914d13ee16e2259c661a4a,29,1,4,3,0,False,False,30,19,0.6333333333333333,0.01956745623069001,0.01956745623069001,19,d96acf72070aff24a3797c6221cc80de00b41ed05c3fe30c7dc79188ce964716,,d96acf72070aff24a3797c6221cc80de00b41ed05c3fe30c7dc79188ce964716,True,False,POST_OBSERVATION_CREATED
True,True,True,True,True,True,True,True,True,True,True,False,original,9,2014-07-01 04:30:00,passenger,113,2158.0,scenario3,EXISTING_SEGMENTS_BELOW_L_MATCH,30,30,19,0,960,960,30,0,960,0,32,3,3,90,0.6666666666666666,2,14.973333333333334,0,0.0,0.0,3,0,0,0,0,0,0,d31e5bd5bc4bf60c4909db33806dc1fff4dec32cc242197e09c7e46bd80809d8,8,0,4,4,0,False,False,30,26,0.8666666666666667,0.026970954356846474,0.026970954356846474,26,9768c21ad5c63314c1d11672d827ab1b39ef6bc40cf1598cb8cd01b65a527251,,9768c21ad5c63314c1d11672d827ab1b39ef6bc40cf1598cb8cd01b65a527251,True,False,POST_OBSERVATION_CREATED
True,True,True,True,True,True,True,True,True,True,True,False,original,9,2014-07-01 04:30:00,passenger,115,2158.0,scenario2,MATCHING_SEGMENT_FOUND,30,30,19,0,960,960,30,0,960,0,32,2,2,79,0.5,1,20.924999999999997,13,6.5,6.5,1,0,0,0,1,1,1,a5833244cb23d9ded6f1e57eacf409566e824829939562b29d68695a3c0bc538,16,13,4,0,1,False,False,49,34,0.6938775510204082,0.01956745623069001,0.03487179487179487,16,a5833244cb23d9ded6f1e57eacf409566e824829939562b29d68695a3c0bc538,a5833244cb23d9ded6f1e57eacf409566e824829939562b29d68695a3c0bc538,,False,True,PREEXISTING
True,True,True,True,True,True,True,True,True,True,True,False,original,9,2014-07-01 04:30:00,passenger,112,2158.0,scenario3,EXISTING_SEGMENTS_BELOW_L_MATCH,30,30,19,0,960,960,30,0,960,0,32,3,3,90,0.6666666666666666,2,14.973333333333334,2,0.6666666666666666,0.0,2,0,1,0,0,0,0,562e9665e0c6c8231551ee914502362f6502cbb7a4d5e9a62f7cf8eefe5cf4ed,7,2,4,2,0,False,False,30,26,0.8666666666666667,0.026970954356846474,0.026970954356846474,9,2a104d08e527c3f18f9241a5e9f8279bd3878e24ca6373a1a3294aeb8652aeb2,,2a104d08e527c3f18f9241a5e9f8279bd3878e24ca6373a1a3294aeb8652aeb2,True,False,POST_OBSERVATION_CREATED
True,True,True,True,True,True,True,True,True,True,True,False,original,9,2014-07-01 04:30:00,passenger,116,2158.0,scenario3,EXISTING_SEGMENTS_BELOW_L_MATCH,30,30,19,0,960,960,30,0,960,0,32,3,3,90,0.3333333333333333,1,14.993333333333334,2,1.0,1.0,1,1,1,0,0,0,0,63be17c3dc43df9f58dad3d5bff8102b8fc9fad234d1e6885041f0b90ce2c62a,30,2,4,2,0,False,False,30,26,0.8666666666666667,0.026970954356846474,0.026970954356846474,6,ce52e373a47752c261477d2deddc7e79103a5d23570bd1419e69b49956c85bbd,,ce52e373a47752c261477d2deddc7e79103a5d23570bd1419e69b49956c85bbd,True,False,POST_OBSERVATION_CREATED
True,True,True,True,True,True,True,True,True,True,True,False,original,9,2014-07-01 04:30:00,passenger,111,2158.0,scenario3,EXISTING_SEGMENTS_BELOW_L_MATCH,30,30,19,0,960,960,30,0,960,0,32,2,2,60,0.5,1,14.99,2,1.0,1.0,1,0,1,0,0,0,0,4a4624181527a13fe2d5a09255c63f0ec403865bec6ea490aad2b72ec56fc45d,14,2,4,2,0,False,False,30,26,0.8666666666666667,0.026970954356846474,0.026970954356846474,21,a8dcdb5b16d70d9d9e308232cad52b45e6bc8ab052bcc1dbcbaaecdc2e752739,,a8dcdb5b16d70d9d9e308232cad52b45e6bc8ab052bcc1dbcbaaecdc2e752739,True,False,POST_OBSERVATION_CREATED
True,True,True,True,True,True,True,True,True,True,True,False,original,9,2014-07-01 04:30:00,passenger,117,2158.0,scenario3,EXISTING_SEGMENTS_BELOW_L_MATCH,30,30,19,0,960,960,30,0,960,0,32,3,3,90,0.3333333333333333,1,14.993333333333334,2,0.6666666666666666,0.0,2,0,1,0,0,0,0,f9392a4dcd247059a5f28413cd8a4ab09693fe16da8fe11e73fd58e5947f3757,9,2,4,2,0,False,False,30,26,0.8666666666666667,0.026970954356846474,0.026970954356846474,13,bb902880cebcdc46c610cd702408222eedaf32ac939965bd23bb818930ec6d25,,bb902880cebcdc46c610cd702408222eedaf32ac939965bd23bb818930ec6d25,True,False,POST_OBSERVATION_CREATED
True,True,True,True,True,True,True,True,True,True,True,False,original,9,2014-07-01 04:30:00,passenger,110,2158.0,scenario3,EXISTING_SEGMENTS_BELOW_L_MATCH,30,30,19,0,960,960,30,0,960,0,32,2,2,60,0.5,1,14.99,2,1.0,1.0,1,0,1,0,0,0,0,4a04c6ca420929aa85d8af471d32ca1af1b7cb86b50cb0dc25b48ad108a4b19e,30,2,4,2,0,False,False,30,26,0.8666666666666667,0.026970954356846474,0.026970954356846474,27,61068f274f6ac44763db0dbb5ed2d4a708e80544f76e3d41986662369fbfb2e7,,61068f274f6ac44763db0dbb5ed2d4a708e80544f76e3d41986662369fbfb2e7,True,False,POST_OBSERVATION_CREATED
True,True,True,True,True,True,True,True,True,True,True,False,original,9,2014-07-01 04:30:00,passenger,118,2158.0,scenario3,EXISTING_SEGMENTS_BELOW_L_MATCH,30,30,19,0,960,960,30,0,960,0,32,3,3,90,1.0,2,14.916666666666666,0,0.0,0.0,3,0,0,0,0,0,0,0cc37ec1f1a423feb1bf7d991d7aee7bd804aa9f517862efb5fccd10522526fe,24,0,4,4,0,False,False,30,19,0.6333333333333333,0.01956745623069001,0.01956745623069001,20,58e960b37867609a8af36d1b9a35abdffe4c5eb4ea09f3c72b19ee9034ab1c91,,58e960b37867609a8af36d1b9a35abdffe4c5eb4ea09f3c72b19ee9034ab1c91,True,False,POST_OBSERVATION_CREATED
True,True,True,True,True,True,True,True,True,True,True,False,original,9,2014-07-01 04:30:00,passenger,109,2158.0,scenario3,EXISTING_SEGMENTS_BELOW_L_MATCH,30,30,19,0,960,960,30,0,960,0,32,1,1,30,1.0,1,14.98,2,2.0,2.0,0,0,1,0,0,0,0,5dab041f6e3d8c42bf3f414470c7cccc30dc9455873a1a457c43443f74b66163,18,2,4,2,0,False,False,30,26,0.8666666666666667,0.026970954356846474,0.026970954356846474,21,c710123877a9cdfa5d4417dfe443ce56e4099c407b528a867054593d0aabe5af,,c710123877a9cdfa5d4417dfe443ce56e4099c407b528a867054593d0aabe5af,True,False,POST_OBSERVATION_CREATED
True,True,True,True,True,True,True,True,True,True,True,False,original,10,2014-07-01 05:00:00,weekday,4,1.0,scenario2,MATCHING_SEGMENT_FOUND,30,30,20,0,960,960,30,0,960,0,32,1,1,179,0.0,0,113.6,22,22.0,22.0,0,0,0,0,1,1,1,8aeed2abd0f847e0b8500715486ecfcc55670f2b3385c6aeb419a3a0678f1913,30,22,4,0,1,False,False,179,72,0.4022346368715084,0.01020408163265306,0.06747891283973759,30,8aeed2abd0f847e0b8500715486ecfcc55670f2b3385c6aeb419a3a0678f1913,8aeed2abd0f847e0b8500715486ecfcc55670f2b3385c6aeb419a3a0678f1913,,False,True,PREEXISTING
True,True,True,True,True,True,True,True,True,True,True,False,original,10,2014-07-01 05:00:00,weekday,5,1.0,scenario2,MATCHING_SEGMENT_FOUND,30,30,20,0,960,960,30,0,960,0,32,1,1,179,0.0,0,113.6,22,22.0,22.0,0,0,0,0,1,1,1,64080601c3be5fe7030e7eb69924a6cafe76e2b467b4a5630a9f7de522aa39db,10,22,4,0,1,False,False,179,72,0.4022346368715084,0.01020408163265306,0.06747891283973759,10,64080601c3be5fe7030e7eb69924a6cafe76e2b467b4a5630a9f7de522aa39db,64080601c3be5fe7030e7eb69924a6cafe76e2b467b4a5630a9f7de522aa39db,,False,True,PREEXISTING
True,True,True,True,True,True,True,True,True,True,True,False,original,10,2014-07-01 05:00:00,weekday,3,1.0,scenario2,MATCHING_SEGMENT_FOUND,30,30,20,0,960,960,30,0,960,0,32,1,1,179,1.0,1,113.56,22,22.0,22.0,0,0,0,0,1,1,1,69f0cb4491a1fd577b6c1af78119fa843dac41862a4e9483fd3c8e414791a45f,4,22,4,0,1,False,False,179,72,0.4022346368715084,0.01020408163265306,0.06747891283973759,4,69f0cb4491a1fd577b6c1af78119fa843dac41862a4e9483fd3c8e414791a45f,69f0cb4491a1fd577b6c1af78119fa843dac41862a4e9483fd3c8e414791a45f,,False,True,PREEXISTING
True,True,True,True,True,True,True,True,True,True,True,False,original,10,2014-07-01 05:00:00,weekday,6,1.0,scenario2,MATCHING_SEGMENT_FOUND,30,30,20,0,960,960,30,0,960,0,32,1,1,179,1.0,1,113.53999999999999,22,22.0,22.0,0,0,0,0,1,1,1,d0ca4df7b4ef8ef8330fc3c3fb6df6da237f2c8759fa1a08b551c3b0267a5cc1,29,22,4,0,1,False,False,179,72,0.4022346368715084,0.01020408163265306,0.06747891283973759,29,d0ca4df7b4ef8ef8330fc3c3fb6df6da237f2c8759fa1a08b551c3b0267a5cc1,d0ca4df7b4ef8ef8330fc3c3fb6df6da237f2c8759fa1a08b551c3b0267a5cc1,,False,True,PREEXISTING
True,True,True,True,True,True,True,True,True,True,True,False,original,10,2014-07-01 05:00:00,weekday,2,1.0,scenario2,MATCHING_SEGMENT_FOUND,30,30,20,0,960,960,30,0,960,0,32,1,1,179,1.0,1,113.53999999999999,22,22.0,22.0,0,0,0,0,1,1,1,62de03d338e81fffb1fe886b83637755e48f7109d103cb5c35e3be82a6942085,15,22,4,0,1,False,False,179,72,0.4022346368715084,0.01020408163265306,0.06747891283973759,15,62de03d338e81fffb1fe886b83637755e48f7109d103cb5c35e3be82a6942085,62de03d338e81fffb1fe886b83637755e48f7109d103cb5c35e3be82a6942085,,False,True,PREEXISTING
True,True,True,True,True,True,True,True,True,True,True,False,original,10,2014-07-01 05:00:00,weekday,7,1.0,scenario2,MATCHING_SEGMENT_FOUND,30,30,20,0,960,960,30,0,960,0,32,1,1,179,3.0,3,113.47999999999999,22,22.0,22.0,0,0,0,0,1,1,1,82cd778248b58abce2dd437ff3430d422a5f31f0857456cb0806c4bbf75c2f84,1,22,4,0,1,False,False,179,72,0.4022346368715084,0.01020408163265306,0.06747891283973759,1,82cd778248b58abce2dd437ff3430d422a5f31f0857456cb0806c4bbf75c2f84,82cd778248b58abce2dd437ff3430d422a5f31f0857456cb0806c4bbf75c2f84,,False,True,PREEXISTING
True,True,True,True,True,True,True,True,True,True,True,False,original,10,2014-07-01 05:00:00,weekday,1,1.0,scenario2,MATCHING_SEGMENT_FOUND,30,30,20,0,960,960,30,0,960,0,32,1,1,179,3.0,3,113.47999999999999,22,22.0,22.0,0,0,0,0,1,1,1,096eb71f46b469fc4f1cc7d4ed984088c225a66b3cfbaad900f9fc8fd6e6985c,15,22,4,0,1,False,False,179,72,0.4022346368715084,0.01020408163265306,0.06747891283973759,15,096eb71f46b469fc4f1cc7d4ed984088c225a66b3cfbaad900f9fc8fd6e6985c,096eb71f46b469fc4f1cc7d4ed984088c225a66b3cfbaad900f9fc8fd6e6985c,,False,True,PREEXISTING
True,True,True,True,True,True,True,True,True,True,True,False,original,10,2014-07-01 05:00:00,weekday,8,1.0,scenario2,MATCHING_SEGMENT_FOUND,30,30,20,0,960,960,30,0,960,0,32,1,1,179,4.0,4,113.38,22,22.0,22.0,0,0,0,0,1,1,1,8707a46b07890e9f3d4b42af5e0aab7361dc144e7986f25d90e421a33089bd83,29,22,4,0,1,False,False,179,72,0.4022346368715084,0.01020408163265306,0.06747891283973759,29,8707a46b07890e9f3d4b42af5e0aab7361dc144e7986f25d90e421a33089bd83,8707a46b07890e9f3d4b42af5e0aab7361dc144e7986f25d90e421a33089bd83,,False,True,PREEXISTING
True,True,True,True,True,True,True,True,True,True,True,False,original,10,2014-07-01 05:00:00,weekday,0,1.0,scenario2,MATCHING_SEGMENT_FOUND,30,30,20,0,960,960,30,0,960,0,32,1,1,179,4.0,4,113.38,22,22.0,22.0,0,0,0,0,1,1,1,b8ff4e0cd1bf15ed47968cde6ad2530bfe3d56b991c289d66df5ed3a4ea01ca1,4,22,4,0,1,False,False,179,72,0.4022346368715084,0.01020408163265306,0.06747891283973759,4,b8ff4e0cd1bf15ed47968cde6ad2530bfe3d56b991c289d66df5ed3a4ea01ca1,b8ff4e0cd1bf15ed47968cde6ad2530bfe3d56b991c289d66df5ed3a4ea01ca1,,False,True,PREEXISTING
True,True,True,True,True,True,True,True,True,True,True,False,original,10,2014-07-01 05:00:00,weekday,9,1.0,scenario2,MATCHING_SEGMENT_FOUND,30,30,20,0,960,960,30,0,960,0,32,1,1,179,4.0,4,113.38,22,22.0,22.0,0,0,0,0,1,1,1,1928f40ce31bf6bd47fb15c046e5d7db5c6f2744acdbf86090d49adc6860aaca,19,22,4,0,1,False,False,179,72,0.4022346368715084,0.01020408163265306,0.06747891283973759,19,1928f40ce31bf6bd47fb15c046e5d7db5c6f2744acdbf86090d49adc6860aaca,1928f40ce31bf6bd47fb15c046e5d7db5c6f2744acdbf86090d49adc6860aaca,,False,True,PREEXISTING
True,True,True,True,True,True,True,True,True,True,True,False,original,10,2014-07-01 05:00:00,time,42,10.0,scenario1,CORRECTLY_PREDICTED_CELL_AVAILABLE,30,30,20,0,960,960,30,0,960,0,32,3,3,90,0.6666666666666666,1,14.313333333333333,8,3.0,1.0,1,1,0,0,1,1,1,61591ce75b8c0055f71d67451d8f5c9f301accad6ec4ce9054fe360b5d9d7d3d,23,8,4,0,1,False,False,30,28,0.9333333333333333,0.029106029106029108,0.029106029106029108,23,61591ce75b8c0055f71d67451d8f5c9f301accad6ec4ce9054fe360b5d9d7d3d,61591ce75b8c0055f71d67451d8f5c9f301accad6ec4ce9054fe360b5d9d7d3d,,False,True,PREEXISTING
True,True,True,True,True,True,True,True,True,True,True,False,original,10,2014-07-01 05:00:00,time,43,10.0,scenario1,CORRECTLY_PREDICTED_CELL_AVAILABLE,30,30,20,0,960,960,30,0,960,0,32,3,3,90,0.6666666666666666,1,14.983333333333334,3,1.0,0.0,2,0,0,1,0,0,0,401b9ce0fc3b8fa93b06955da8276096550ab321a7d5cadf9fe6fd56820e61f1,0,3,4,1,0,False,False,30,27,0.9,0.028037383177570093,0.028037383177570093,0,401b9ce0fc3b8fa93b06955da8276096550ab321a7d5cadf9fe6fd56820e61f1,401b9ce0fc3b8fa93b06955da8276096550ab321a7d5cadf9fe6fd56820e61f1,,False,True,PREEXISTING
True,True,True,True,True,True,True,True,True,True,True,False,original,10,2014-07-01 05:00:00,time,41,10.0,scenario2,MATCHING_SEGMENT_FOUND,30,30,20,0,960,960,30,0,960,0,32,4,4,120,0.75,2,14.265,10,4.5,4.0,2,0,0,0,2,2,2,9897d7cb11394f4b437de7c1ba4380f5d0416633353a4a15f51462d6f74828bf,30,10,4,0,2,True,True,30,27,0.9,0.028037383177570093,0.028037383177570093,30,9897d7cb11394f4b437de7c1ba4380f5d0416633353a4a15f51462d6f74828bf,9897d7cb11394f4b437de7c1ba4380f5d0416633353a4a15f51462d6f74828bf,,False,True,PREEXISTING
True,True,True,True,True,True,True,True,True,True,True,False,original,10,2014-07-01 05:00:00,time,44,10.0,scenario1,CORRECTLY_PREDICTED_CELL_AVAILABLE,30,30,20,0,960,960,30,0,960,0,32,2,2,60,0.5,1,14.985,3,1.5,1.5,1,0,0,1,0,0,0,f0c76bf8a34aff501fcbd475f70d49a4446952726aad1810a577593ccc786255,9,3,4,1,0,False,False,30,27,0.9,0.028037383177570093,0.028037383177570093,9,f0c76bf8a34aff501fcbd475f70d49a4446952726aad1810a577593ccc786255,f0c76bf8a34aff501fcbd475f70d49a4446952726aad1810a577593ccc786255,,False,True,PREEXISTING
True,True,True,True,True,True,True,True,True,True,True,False,original,10,2014-07-01 05:00:00,time,40,10.0,scenario3,EXISTING_SEGMENTS_BELOW_L_MATCH,30,30,20,0,960,960,30,0,960,0,32,4,4,120,0.75,2,14.265,1,0.25,0.0,3,1,0,0,0,0,0,c5f40055e073dcc0297e70635feb20f6d22596aa629ce92839dfa9f6499d12f6,10,1,4,3,0,False,False,30,17,0.5666666666666667,0.017471736896197326,0.017471736896197326,20,44785f5a7bc6e820284050026e8fd994bb59c7a80960e2d3af0115d6d3ad25ac,,44785f5a7bc6e820284050026e8fd994bb59c7a80960e2d3af0115d6d3ad25ac,True,False,POST_OBSERVATION_CREATED
True,True,True,True,True,True,True,True,True,True,True,False,original,10,2014-07-01 05:00:00,time,45,10.0,scenario3,PREDICTED_TIME_INVALID,30,30,20,0,960,960,30,0,960,0,32,1,1,30,0.0,0,15.0,0,0.0,0.0,1,0,0,0,0,0,0,29a21ddd0852be1af15a00406383ebd663b1779770808345e3c697a2f875da6c,14,0,4,4,0,False,False,30,28,0.9333333333333333,0.029106029106029108,0.029106029106029108,28,b8bbc5f66129bff160e17bbaa78afb7edf5152318dd0c7238958a4fb15959c96,,b8bbc5f66129bff160e17bbaa78afb7edf5152318dd0c7238958a4fb15959c96,True,False,POST_OBSERVATION_CREATED
True,True,True,True,True,True,True,True,True,True,True,False,original,10,2014-07-01 05:00:00,time,39,10.0,scenario3,EXISTING_SEGMENTS_BELOW_L_MATCH,30,30,20,0,960,960,30,0,960,0,32,4,4,140,1.25,3,17.5125,3,0.75,0.0,3,0,0,1,0,0,0,d274d2e15bbfce0bbdeadee3814d649bf9c4e278318a1ac5467703f459359f92,2,3,4,1,0,False,False,30,27,0.9,0.028037383177570093,0.028037383177570093,8,19268960f713605214c82baf8b92a72723c690b25cdb3b2ec32ae2d3f91d50f3,,19268960f713605214c82baf8b92a72723c690b25cdb3b2ec32ae2d3f91d50f3,True,False,POST_OBSERVATION_CREATED
True,True,True,True,True,True,True,True,True,True,True,False,original,10,2014-07-01 05:00:00,time,46,10.0,scenario3,NO_EXISTING_SEGMENT_IN_COLUMN,30,30,20,0,960,960,30,0,960,0,32,0,0,0,0.0,0,0.0,0,0.0,0.0,0,0,0,0,0,0,0,,,0,4,4,0,False,False,0,0,0.0,0.0,0.0,30,4aef9e8f549c81aa439d07d34013701aaa45d8ec800d0be40a0844896e54c1e3,,4aef9e8f549c81aa439d07d34013701aaa45d8ec800d0be40a0844896e54c1e3,True,False,POST_OBSERVATION_CREATED
True,True,True,True,True,True,True,True,True,True,True,False,original,10,2014-07-01 05:00:00,time,38,10.0,scenario2,MATCHING_SEGMENT_FOUND,30,30,20,0,960,960,30,0,960,0,32,6,6,180,0.8333333333333334,3,14.54,10,2.1666666666666665,0.0,4,0,0,1,1,1,1,c33608ee6ecddbab8a363d83d38983df0d38f03fb125d95a3217337c0483aee3,26,10,4,0,1,False,False,30,12,0.4,0.012269938650306749,0.012269938650306749,26,c33608ee6ecddbab8a363d83d38983df0d38f03fb125d95a3217337c0483aee3,c33608ee6ecddbab8a363d83d38983df0d38f03fb125d95a3217337c0483aee3,,False,True,PREEXISTING
True,True,True,True,True,True,True,True,True,True,True,False,original,10,2014-07-01 05:00:00,time,47,10.0,scenario3,NO_EXISTING_SEGMENT_IN_COLUMN,30,30,20,0,960,960,30,0,960,0,32,0,0,0,0.0,0,0.0,0,0.0,0.0,0,0,0,0,0,0,0,,,0,4,4,0,False,False,0,0,0.0,0.0,0.0,14,d01f2f3a623e37a5812c67a793f5bf274590bbcce2e2f1b47593300775cdf5ca,,d01f2f3a623e37a5812c67a793f5bf274590bbcce2e2f1b47593300775cdf5ca,True,False,POST_OBSERVATION_CREATED
True,True,True,True,True,True,True,True,True,True,True,False,original,10,2014-07-01 05:00:00,passenger,118,2515.0,scenario3,EXISTING_SEGMENTS_BELOW_L_MATCH,30,30,20,0,960,960,30,0,960,0,32,4,4,120,0.75,2,14.935,0,0.0,0.0,4,0,0,0,0,0,0,43da6c5693d6c875b8e14e8e4ac3591954614c6538dc94721d719f96786f5e4a,21,0,4,4,0,False,False,30,28,0.9333333333333333,0.029106029106029108,0.029106029106029108,31,3b55c919e856c6258fb4f56e4562fb75c71c83ec570c53f2a2858804b57c7693,,3b55c919e856c6258fb4f56e4562fb75c71c83ec570c53f2a2858804b57c7693,True,False,POST_OBSERVATION_CREATED
True,True,True,True,True,True,True,True,True,True,True,False,original,10,2014-07-01 05:00:00,passenger,119,2515.0,scenario3,EXISTING_SEGMENTS_BELOW_L_MATCH,30,30,20,0,960,960,30,0,960,0,32,3,3,90,0.6666666666666666,1,14.950000000000001,0,0.0,0.0,3,0,0,0,0,0,0,f40ad89224f4f80cf115fbdf9f163f04e051660fce81ac34f92f953f353dc63c,16,0,4,4,0,False,False,30,14,0.4666666666666667,0.014344262295081968,0.014344262295081968,4,5c7ee7e6368950d98ff4f20f0fdfe8df83f87466b10bb2b37bed9f52562e2cae,,5c7ee7e6368950d98ff4f20f0fdfe8df83f87466b10bb2b37bed9f52562e2cae,True,False,POST_OBSERVATION_CREATED
True,True,True,True,True,True,True,True,True,True,True,False,original,10,2014-07-01 05:00:00,passenger,117,2515.0,scenario2,MATCHING_SEGMENT_FOUND,30,30,20,0,960,960,30,0,960,0,32,4,4,120,0.5,1,14.9875,5,1.25,0.0,3,0,0,0,1,1,1,d10c39f93fc92f7766d601ee5ec52466a07d54440972ea49a76a21ed6600264b,16,5,4,0,1,False,False,30,27,0.9,0.028037383177570093,0.028037383177570093,16,d10c39f93fc92f7766d601ee5ec52466a07d54440972ea49a76a21ed6600264b,d10c39f93fc92f7766d601ee5ec52466a07d54440972ea49a76a21ed6600264b,,False,True,PREEXISTING
True,True,True,True,True,True,True,True,True,True,True,False,original,10,2014-07-01 05:00:00,passenger,120,2515.0,scenario3,EXISTING_SEGMENTS_BELOW_L_MATCH,30,30,20,0,960,960,30,0,960,0,32,2,2,60,1.0,1,14.925,0,0.0,0.0,2,0,0,0,0,0,0,0b2368e26795e5e6fce277f4f0a5f25037d2276824c0ae27a557c4499b86bb69,0,0,4,4,0,False,False,30,17,0.5666666666666667,0.017471736896197326,0.017471736896197326,20,bdbc25c6edb1fc3739823776e15474d74b72e2d92504776acb0842dfc6311f53,,bdbc25c6edb1fc3739823776e15474d74b72e2d92504776acb0842dfc6311f53,True,False,POST_OBSERVATION_CREATED
True,True,True,True,True,True,True,True,True,True,True,False,original,10,2014-07-01 05:00:00,passenger,116,2515.0,scenario2,MATCHING_SEGMENT_FOUND,30,30,20,0,960,960,30,0,960,0,32,4,4,120,0.5,2,14.9875,10,3.75,2.5,2,0,0,0,2,2,2,ce52e373a47752c261477d2deddc7e79103a5d23570bd1419e69b49956c85bbd,6,10,4,0,2,True,True,30,28,0.9333333333333333,0.029106029106029108,0.029106029106029108,6,ce52e373a47752c261477d2deddc7e79103a5d23570bd1419e69b49956c85bbd,ce52e373a47752c261477d2deddc7e79103a5d23570bd1419e69b49956c85bbd,,False,True,PREEXISTING
True,True,True,True,True,True,True,True,True,True,True,False,original,10,2014-07-01 05:00:00,passenger,121,2515.0,scenario3,EXISTING_SEGMENTS_BELOW_L_MATCH,30,30,20,0,960,960,30,0,960,0,32,2,2,60,2.0,3,14.825,0,0.0,0.0,2,0,0,0,0,0,0,55339272e62d225eec9d341e876a455ae0c8a0d6cb073184f7fd958958fbe54a,17,0,4,4,0,False,False,30,17,0.5666666666666667,0.017471736896197326,0.017471736896197326,4,63ed1d62704f6d89c86d1792aa9ecf02b90bc7dc33ec3405f956ba878314c807,,63ed1d62704f6d89c86d1792aa9ecf02b90bc7dc33ec3405f956ba878314c807,True,False,POST_OBSERVATION_CREATED
True,True,True,True,True,True,True,True,True,True,True,False,original,10,2014-07-01 05:00:00,passenger,115,2515.0,scenario3,EXISTING_SEGMENTS_BELOW_L_MATCH,30,30,20,0,960,960,30,0,960,0,32,2,2,99,0.5,1,27.575,0,0.0,0.0,2,0,0,0,0,0,0,a5833244cb23d9ded6f1e57eacf409566e824829939562b29d68695a3c0bc538,16,0,4,4,0,False,False,69,48,0.6956521739130435,0.017471736896197326,0.04892966360856269,28,d1cae8b2a43a3badc08dd04c99dfb4baa7e1e633ec8def2f7d66edfb89e6ccb2,,d1cae8b2a43a3badc08dd04c99dfb4baa7e1e633ec8def2f7d66edfb89e6ccb2,True,False,POST_OBSERVATION_CREATED
True,True,True,True,True,True,True,True,True,True,True,False,original,10,2014-07-01 05:00:00,passenger,122,2515.0,scenario3,EXISTING_SEGMENTS_BELOW_L_MATCH,30,30,20,0,960,960,30,0,960,0,32,1,1,30,3.0,3,14.7,0,0.0,0.0,1,0,0,0,0,0,0,f2efc28d6d87fefeb812d704fe3733794837bf6e55b96313b766033202f9cc4d,0,0,4,4,0,False,False,30,14,0.4666666666666667,0.014344262295081968,0.014344262295081968,31,05ec32b45dd051663eac725e986f3e51312172bc5330ef2053b2c480ea327df2,,05ec32b45dd051663eac725e986f3e51312172bc5330ef2053b2c480ea327df2,True,False,POST_OBSERVATION_CREATED
True,True,True,True,True,True,True,True,True,True,True,False,original,10,2014-07-01 05:00:00,passenger,114,2515.0,scenario3,EXISTING_SEGMENTS_BELOW_L_MATCH,30,30,20,0,960,960,30,0,960,0,32,3,3,90,0.3333333333333333,1,14.323333333333332,0,0.0,0.0,3,0,0,0,0,0,0,f3335f82f7530af90093e197f0e950798007c754d4914d13ee16e2259c661a4a,29,0,4,4,0,False,False,30,17,0.5666666666666667,0.017471736896197326,0.017471736896197326,20,86b21705c3cdcb312186ef258be8fb6327fc426479b7b09c80acb9f50bcdd36d,,86b21705c3cdcb312186ef258be8fb6327fc426479b7b09c80acb9f50bcdd36d,True,False,POST_OBSERVATION_CREATED
True,True,True,True,True,True,True,True,True,True,True,False,original,10,2014-07-01 05:00:00,passenger,123,2515.0,scenario3,EXISTING_SEGMENTS_BELOW_L_MATCH,30,30,20,0,960,960,30,0,960,0,32,1,1,30,2.0,2,14.8,0,0.0,0.0,1,0,0,0,0,0,0,da847850f2a6185a9e2f25e2781dfb73a178bc159571aed79d67087531afb3f8,21,0,4,4,0,False,False,30,14,0.4666666666666667,0.014344262295081968,0.014344262295081968,14,fee56a3bda270f789269808d679e2a859b2b18ab236c8abd13596726315f281d,,fee56a3bda270f789269808d679e2a859b2b18ab236c8abd13596726315f281d,True,False,POST_OBSERVATION_CREATED
True,True,True,True,True,True,True,True,True,True,True,False,original,11,2014-07-01 05:30:00,weekday,4,1.0,scenario2,MATCHING_SEGMENT_FOUND,30,30,18,3,864,867,30,3,864,0,32,1,1,195,0.0,0,123.5,22,22.0,22.0,0,0,0,0,1,1,1,8aeed2abd0f847e0b8500715486ecfcc55670f2b3385c6aeb419a3a0678f1913,30,22,4,0,1,False,False,195,67,0.3435897435897436,0.011273957158962795,0.06733668341708543,30,8aeed2abd0f847e0b8500715486ecfcc55670f2b3385c6aeb419a3a0678f1913,8aeed2abd0f847e0b8500715486ecfcc55670f2b3385c6aeb419a3a0678f1913,,False,True,PREEXISTING
True,True,True,True,True,True,True,True,True,True,True,False,original,11,2014-07-01 05:30:00,weekday,5,1.0,scenario2,MATCHING_SEGMENT_FOUND,30,30,18,3,864,867,30,3,864,0,32,1,1,195,0.0,0,123.5,22,22.0,22.0,0,0,0,0,1,1,1,64080601c3be5fe7030e7eb69924a6cafe76e2b467b4a5630a9f7de522aa39db,10,22,4,0,1,False,False,195,67,0.3435897435897436,0.011273957158962795,0.06733668341708543,10,64080601c3be5fe7030e7eb69924a6cafe76e2b467b4a5630a9f7de522aa39db,64080601c3be5fe7030e7eb69924a6cafe76e2b467b4a5630a9f7de522aa39db,,False,True,PREEXISTING
True,True,True,True,True,True,True,True,True,True,True,False,original,11,2014-07-01 05:30:00,weekday,3,1.0,scenario2,MATCHING_SEGMENT_FOUND,30,30,18,3,864,867,30,3,864,0,32,1,1,195,1.0,1,123.46,22,22.0,22.0,0,0,0,0,1,1,1,69f0cb4491a1fd577b6c1af78119fa843dac41862a4e9483fd3c8e414791a45f,4,22,4,0,1,False,False,195,67,0.3435897435897436,0.011273957158962795,0.06733668341708543,4,69f0cb4491a1fd577b6c1af78119fa843dac41862a4e9483fd3c8e414791a45f,69f0cb4491a1fd577b6c1af78119fa843dac41862a4e9483fd3c8e414791a45f,,False,True,PREEXISTING
True,True,True,True,True,True,True,True,True,True,True,False,original,11,2014-07-01 05:30:00,weekday,6,1.0,scenario2,MATCHING_SEGMENT_FOUND,30,30,18,3,864,867,30,3,864,0,32,1,1,195,1.0,1,123.44,22,22.0,22.0,0,0,0,0,1,1,1,d0ca4df7b4ef8ef8330fc3c3fb6df6da237f2c8759fa1a08b551c3b0267a5cc1,29,22,4,0,1,False,False,195,67,0.3435897435897436,0.011273957158962795,0.06733668341708543,29,d0ca4df7b4ef8ef8330fc3c3fb6df6da237f2c8759fa1a08b551c3b0267a5cc1,d0ca4df7b4ef8ef8330fc3c3fb6df6da237f2c8759fa1a08b551c3b0267a5cc1,,False,True,PREEXISTING
True,True,True,True,True,True,True,True,True,True,True,False,original,11,2014-07-01 05:30:00,weekday,2,1.0,scenario2,MATCHING_SEGMENT_FOUND,30,30,18,3,864,867,30,3,864,0,32,1,1,195,1.0,1,123.44,22,22.0,22.0,0,0,0,0,1,1,1,62de03d338e81fffb1fe886b83637755e48f7109d103cb5c35e3be82a6942085,15,22,4,0,1,False,False,195,67,0.3435897435897436,0.011273957158962795,0.06733668341708543,15,62de03d338e81fffb1fe886b83637755e48f7109d103cb5c35e3be82a6942085,62de03d338e81fffb1fe886b83637755e48f7109d103cb5c35e3be82a6942085,,False,True,PREEXISTING
True,True,True,True,True,True,True,True,True,True,True,False,original,11,2014-07-01 05:30:00,weekday,7,1.0,scenario2,MATCHING_SEGMENT_FOUND,30,30,18,3,864,867,30,3,864,0,32,1,1,195,3.0,3,123.38,22,22.0,22.0,0,0,0,0,1,1,1,82cd778248b58abce2dd437ff3430d422a5f31f0857456cb0806c4bbf75c2f84,1,22,4,0,1,False,False,195,67,0.3435897435897436,0.011273957158962795,0.06733668341708543,1,82cd778248b58abce2dd437ff3430d422a5f31f0857456cb0806c4bbf75c2f84,82cd778248b58abce2dd437ff3430d422a5f31f0857456cb0806c4bbf75c2f84,,False,True,PREEXISTING
True,True,True,True,True,True,True,True,True,True,True,False,original,11,2014-07-01 05:30:00,weekday,1,1.0,scenario2,MATCHING_SEGMENT_FOUND,30,30,18,3,864,867,30,3,864,0,32,1,1,195,3.0,3,123.38,22,22.0,22.0,0,0,0,0,1,1,1,096eb71f46b469fc4f1cc7d4ed984088c225a66b3cfbaad900f9fc8fd6e6985c,15,22,4,0,1,False,False,195,67,0.3435897435897436,0.011273957158962795,0.06733668341708543,15,096eb71f46b469fc4f1cc7d4ed984088c225a66b3cfbaad900f9fc8fd6e6985c,096eb71f46b469fc4f1cc7d4ed984088c225a66b3cfbaad900f9fc8fd6e6985c,,False,True,PREEXISTING
True,True,True,True,True,True,True,True,True,True,True,False,original,11,2014-07-01 05:30:00,weekday,8,1.0,scenario2,MATCHING_SEGMENT_FOUND,30,30,18,3,864,867,30,3,864,0,32,1,1,195,4.0,4,123.25999999999999,22,22.0,22.0,0,0,0,0,1,1,1,8707a46b07890e9f3d4b42af5e0aab7361dc144e7986f25d90e421a33089bd83,29,22,4,0,1,False,False,195,67,0.3435897435897436,0.011273957158962795,0.06733668341708543,29,8707a46b07890e9f3d4b42af5e0aab7361dc144e7986f25d90e421a33089bd83,8707a46b07890e9f3d4b42af5e0aab7361dc144e7986f25d90e421a33089bd83,,False,True,PREEXISTING
True,True,True,True,True,True,True,True,True,True,True,False,original,11,2014-07-01 05:30:00,weekday,0,1.0,scenario2,MATCHING_SEGMENT_FOUND,30,30,18,3,864,867,30,3,864,0,32,1,1,195,4.0,4,123.25999999999999,22,22.0,22.0,0,0,0,0,1,1,1,b8ff4e0cd1bf15ed47968cde6ad2530bfe3d56b991c289d66df5ed3a4ea01ca1,4,22,4,0,1,False,False,195,67,0.3435897435897436,0.011273957158962795,0.06733668341708543,4,b8ff4e0cd1bf15ed47968cde6ad2530bfe3d56b991c289d66df5ed3a4ea01ca1,b8ff4e0cd1bf15ed47968cde6ad2530bfe3d56b991c289d66df5ed3a4ea01ca1,,False,True,PREEXISTING
True,True,True,True,True,True,True,True,True,True,True,False,original,11,2014-07-01 05:30:00,weekday,9,1.0,scenario2,MATCHING_SEGMENT_FOUND,30,30,18,3,864,867,30,3,864,0,32,1,1,195,4.0,4,123.25999999999999,22,22.0,22.0,0,0,0,0,1,1,1,1928f40ce31bf6bd47fb15c046e5d7db5c6f2744acdbf86090d49adc6860aaca,19,22,4,0,1,False,False,195,67,0.3435897435897436,0.011273957158962795,0.06733668341708543,19,1928f40ce31bf6bd47fb15c046e5d7db5c6f2744acdbf86090d49adc6860aaca,1928f40ce31bf6bd47fb15c046e5d7db5c6f2744acdbf86090d49adc6860aaca,,False,True,PREEXISTING
True,True,True,True,True,True,True,True,True,True,True,False,original,11,2014-07-01 05:30:00,time,43,11.0,scenario3,EXISTING_SEGMENTS_BELOW_L_MATCH,30,30,18,3,864,867,30,3,864,0,32,3,3,90,1.0,2,14.183333333333332,1,0.3333333333333333,0.0,2,1,0,0,0,0,0,401b9ce0fc3b8fa93b06955da8276096550ab321a7d5cadf9fe6fd56820e61f1,0,1,4,3,0,False,False,30,18,0.6,0.020477815699658702,0.020477815699658702,1,e6b0f6d48547dabfb8c614cef462e04e92abd672a3dbf8e5be738a85d8613590,,e6b0f6d48547dabfb8c614cef462e04e92abd672a3dbf8e5be738a85d8613590,True,False,POST_OBSERVATION_CREATED
True,True,True,True,True,True,True,True,True,True,True,False,original,11,2014-07-01 05:30:00,time,44,11.0,scenario1,CORRECTLY_PREDICTED_CELL_AVAILABLE,30,30,18,3,864,867,30,3,864,0,32,2,2,60,1.0,2,13.785,2,1.0,1.0,1,0,1,0,0,0,0,cbbe2cae7694d3de9c455c617983a571cc5153a7c94daaeb7b053dfb987507ef,5,2,4,2,0,False,False,30,22,0.7333333333333333,0.025142857142857144,0.025142857142857144,5,cbbe2cae7694d3de9c455c617983a571cc5153a7c94daaeb7b053dfb987507ef,cbbe2cae7694d3de9c455c617983a571cc5153a7c94daaeb7b053dfb987507ef,,False,True,PREEXISTING
True,True,True,True,True,True,True,True,True,True,True,False,original,11,2014-07-01 05:30:00,time,42,11.0,scenario2,MATCHING_SEGMENT_FOUND,30,30,18,3,864,867,30,3,864,0,32,3,3,90,1.0,1,13.846666666666666,11,4.333333333333333,1.0,0,2,0,0,1,1,1,61591ce75b8c0055f71d67451d8f5c9f301accad6ec4ce9054fe360b5d9d7d3d,23,11,4,0,1,False,False,30,22,0.7333333333333333,0.025142857142857144,0.025142857142857144,23,61591ce75b8c0055f71d67451d8f5c9f301accad6ec4ce9054fe360b5d9d7d3d,61591ce75b8c0055f71d67451d8f5c9f301accad6ec4ce9054fe360b5d9d7d3d,,False,True,PREEXISTING
True,True,True,True,True,True,True,True,True,True,True,False,original,11,2014-07-01 05:30:00,time,45,11.0,scenario1,CORRECTLY_PREDICTED_CELL_AVAILABLE,30,30,18,3,864,867,30,3,864,0,32,2,2,60,0.5,1,14.96,2,1.5,1.5,0,1,1,0,0,0,0,29a21ddd0852be1af15a00406383ebd663b1779770808345e3c697a2f875da6c,14,2,4,2,0,False,False,30,22,0.7333333333333333,0.025142857142857144,0.025142857142857144,14,29a21ddd0852be1af15a00406383ebd663b1779770808345e3c697a2f875da6c,29a21ddd0852be1af15a00406383ebd663b1779770808345e3c697a2f875da6c,,False,True,PREEXISTING
True,True,True,True,True,True,True,True,True,True,True,False,original,11,2014-07-01 05:30:00,time,41,11.0,scenario3,EXISTING_SEGMENTS_BELOW_L_MATCH,30,30,18,3,864,867,30,3,864,0,32,4,4,138,0.75,2,17.19,2,1.0,1.0,1,2,1,0,0,0,0,9897d7cb11394f4b437de7c1ba4380f5d0416633353a4a15f51462d6f74828bf,30,2,4,2,0,False,False,48,28,0.5833333333333334,0.020477815699658702,0.03156708004509583,20,f7f545a3f0b6d36f93839957db2ee25e6b8e527152a9f50fa8f6bdf531c1bbc6,,f7f545a3f0b6d36f93839957db2ee25e6b8e527152a9f50fa8f6bdf531c1bbc6,True,False,POST_OBSERVATION_CREATED
True,True,True,True,True,True,True,True,True,True,True,False,original,11,2014-07-01 05:30:00,time,46,11.0,scenario1,CORRECTLY_PREDICTED_CELL_AVAILABLE,30,30,18,3,864,867,30,3,864,0,32,1,1,30,0.0,0,15.0,1,1.0,1.0,0,1,0,0,0,0,0,4aef9e8f549c81aa439d07d34013701aaa45d8ec800d0be40a0844896e54c1e3,30,1,4,3,0,False,False,30,21,0.7,0.023972602739726026,0.023972602739726026,30,4aef9e8f549c81aa439d07d34013701aaa45d8ec800d0be40a0844896e54c1e3,4aef9e8f549c81aa439d07d34013701aaa45d8ec800d0be40a0844896e54c1e3,,False,True,PREEXISTING
True,True,True,True,True,True,True,True,True,True,True,False,original,11,2014-07-01 05:30:00,time,40,11.0,scenario3,EXISTING_SEGMENTS_BELOW_L_MATCH,30,30,18,3,864,867,30,3,864,0,32,5,5,150,0.6,2,14.392000000000001,2,1.0,1.0,1,3,1,0,0,0,0,b0c864d2765d99590ca4c25453a4766a45c257c4457cf284252397f43ef8dd73,31,2,4,2,0,False,False,30,22,0.7333333333333333,0.025142857142857144,0.025142857142857144,1,e4d73a5d02c5c14c5fab0366a598330e84433ad22b56bd96ebbf60b799bd9612,,e4d73a5d02c5c14c5fab0366a598330e84433ad22b56bd96ebbf60b799bd9612,True,False,POST_OBSERVATION_CREATED
True,True,True,True,True,True,True,True,True,True,True,False,original,11,2014-07-01 05:30:00,time,47,11.0,scenario1,CORRECTLY_PREDICTED_CELL_AVAILABLE,30,30,18,3,864,867,30,3,864,0,32,1,1,30,0.0,0,15.0,1,1.0,1.0,0,1,0,0,0,0,0,d01f2f3a623e37a5812c67a793f5bf274590bbcce2e2f1b47593300775cdf5ca,14,1,4,3,0,False,False,30,21,0.7,0.023972602739726026,0.023972602739726026,14,d01f2f3a623e37a5812c67a793f5bf274590bbcce2e2f1b47593300775cdf5ca,d01f2f3a623e37a5812c67a793f5bf274590bbcce2e2f1b47593300775cdf5ca,,False,True,PREEXISTING
True,True,True,True,True,True,True,True,True,True,True,False,original,11,2014-07-01 05:30:00,time,39,11.0,scenario2,MATCHING_SEGMENT_FOUND,30,30,18,3,864,867,30,3,864,0,32,5,5,170,1.2,3,16.991999999999997,11,3.0,1.0,2,1,0,1,1,1,1,2a7c6b434eb79cfcc4583e053450a29ac154d4eb7c0d3c8e26bcda1b46d1dc4d,13,11,4,0,1,False,False,30,11,0.36666666666666664,0.012415349887133182,0.012415349887133182,13,2a7c6b434eb79cfcc4583e053450a29ac154d4eb7c0d3c8e26bcda1b46d1dc4d,2a7c6b434eb79cfcc4583e053450a29ac154d4eb7c0d3c8e26bcda1b46d1dc4d,,False,True,PREEXISTING
True,True,True,True,True,True,True,True,True,True,True,False,original,11,2014-07-01 05:30:00,time,48,11.0,scenario3,NO_EXISTING_SEGMENT_IN_COLUMN,30,30,18,3,864,867,30,3,864,0,32,0,0,0,0.0,0,0.0,0,0.0,0.0,0,0,0,0,0,0,0,,,0,4,4,0,False,False,0,0,0.0,0.0,0.0,5,ba1ca700d07e7b9052e61e04a48f305369ae72065cdad063c1ba8a46f8216bce,,ba1ca700d07e7b9052e61e04a48f305369ae72065cdad063c1ba8a46f8216bce,True,False,POST_OBSERVATION_CREATED
True,True,True,True,True,True,True,True,True,True,True,False,original,11,2014-07-01 05:30:00,passenger,140,4364.0,scenario3,PREDICTED_TIME_INVALID,30,30,18,3,864,867,30,3,864,0,32,1,1,30,5.0,5,14.42,0,0.0,0.0,1,0,0,0,0,0,0,b4b1756de21e0c71f9458ecf3508261d7e1acea6649b7cc47c199e697524473e,20,0,4,4,0,False,False,30,10,0.3333333333333333,0.011273957158962795,0.011273957158962795,16,0dbd4d52115418573279dc3a2ff4bf2138b300af8df68cf98582e248ded5697e,,0dbd4d52115418573279dc3a2ff4bf2138b300af8df68cf98582e248ded5697e,True,False,POST_OBSERVATION_CREATED
True,True,True,True,True,True,True,True,True,True,True,False,original,11,2014-07-01 05:30:00,passenger,141,4364.0,scenario3,PREDICTED_TIME_INVALID,30,30,18,3,864,867,30,3,864,0,32,1,1,30,5.0,5,14.459999999999999,0,0.0,0.0,1,0,0,0,0,0,0,3a0b4bd67acd2f81c83a94486efbf87c8a108f1ee8429c165a752213c7322595,17,0,4,4,0,False,False,30,10,0.3333333333333333,0.011273957158962795,0.011273957158962795,14,ad5c238729e92a5dcecf73497c8362e56170a9072c2b77a933a40421b1e3a449,,ad5c238729e92a5dcecf73497c8362e56170a9072c2b77a933a40421b1e3a449,True,False,POST_OBSERVATION_CREATED
True,True,True,True,True,True,True,True,True,True,True,False,original,11,2014-07-01 05:30:00,passenger,139,4364.0,scenario3,PREDICTED_TIME_INVALID,30,30,18,3,864,867,30,3,864,0,32,1,1,30,5.0,5,14.42,0,0.0,0.0,1,0,0,0,0,0,0,044d92b6c9728375241b99ffadce9aec9c94a1e4949ed6d94036c84fe344c7c8,7,0,4,4,0,False,False,30,10,0.3333333333333333,0.011273957158962795,0.011273957158962795,27,f84083f187d3ad11ac076dda63bba5b73bf86eca6d6bf4239814e6d53ab3fce5,,f84083f187d3ad11ac076dda63bba5b73bf86eca6d6bf4239814e6d53ab3fce5,True,False,POST_OBSERVATION_CREATED
True,True,True,True,True,True,True,True,True,True,True,False,original,11,2014-07-01 05:30:00,passenger,142,4364.0,scenario1,CORRECTLY_PREDICTED_CELL_AVAILABLE,30,30,18,3,864,867,30,3,864,0,32,1,1,30,4.0,4,14.559999999999999,10,10.0,10.0,0,0,0,0,1,1,1,f58c2cff0912f7331aef546dd54ba0e870fd6fad4071bcca206299aa2947da8b,4,10,4,0,1,False,False,30,10,0.3333333333333333,0.011273957158962795,0.011273957158962795,4,f58c2cff0912f7331aef546dd54ba0e870fd6fad4071bcca206299aa2947da8b,f58c2cff0912f7331aef546dd54ba0e870fd6fad4071bcca206299aa2947da8b,,False,True,PREEXISTING
True,True,True,True,True,True,True,True,True,True,True,False,original,11,2014-07-01 05:30:00,passenger,138,4364.0,scenario3,PREDICTED_TIME_INVALID,30,30,18,3,864,867,30,3,864,0,32,1,1,30,4.0,4,14.54,0,0.0,0.0,1,0,0,0,0,0,0,fe00289a7cd3fb7cb96cc3f2f05ba2bcf6100e08a28de8ba50a6b2d621a16401,28,0,4,4,0,False,False,30,11,0.36666666666666664,0.012415349887133182,0.012415349887133182,15,248f01f19f6b085d1463f7cf5231143ea108541acca40e87ccf77753e5d27f1e,,248f01f19f6b085d1463f7cf5231143ea108541acca40e87ccf77753e5d27f1e,True,False,POST_OBSERVATION_CREATED
True,True,True,True,True,True,True,True,True,True,True,False,original,11,2014-07-01 05:30:00,passenger,143,4364.0,scenario3,EXISTING_SEGMENTS_BELOW_L_MATCH,30,30,18,3,864,867,30,3,864,0,32,1,1,30,5.0,5,14.49,0,0.0,0.0,1,0,0,0,0,0,0,08d1de2ced192cc99e97e7fe6f6c4ef79f86004edc99ed32e76f37f752e8fe56,20,0,4,4,0,False,False,30,10,0.3333333333333333,0.011273957158962795,0.011273957158962795,27,c5be1ac1d740d918c1c7f50b028465479644ff7145ba582ee5e18f38a6eb1319,,c5be1ac1d740d918c1c7f50b028465479644ff7145ba582ee5e18f38a6eb1319,True,False,POST_OBSERVATION_CREATED
True,True,True,True,True,True,True,True,True,True,True,False,original,11,2014-07-01 05:30:00,passenger,137,4364.0,scenario1,CORRECTLY_PREDICTED_CELL_AVAILABLE,30,30,18,3,864,867,30,3,864,0,32,1,1,30,4.0,4,14.54,11,11.0,11.0,0,0,0,0,1,1,1,74a0cd9d98bb2e35b17302d2eb282867a6fac6acb63998dfeede10965abfb548,31,11,4,0,1,False,False,30,11,0.36666666666666664,0.012415349887133182,0.012415349887133182,31,74a0cd9d98bb2e35b17302d2eb282867a6fac6acb63998dfeede10965abfb548,74a0cd9d98bb2e35b17302d2eb282867a6fac6acb63998dfeede10965abfb548,,False,True,PREEXISTING
True,True,True,True,True,True,True,True,True,True,True,False,original,11,2014-07-01 05:30:00,passenger,144,4364.0,scenario3,EXISTING_SEGMENTS_BELOW_L_MATCH,30,30,18,3,864,867,30,3,864,0,32,1,1,30,4.0,4,14.59,0,0.0,0.0,1,0,0,0,0,0,0,d95e78feeff21959143ee02408bba8af650c7972fe942e87204f50cd73e27fa5,15,0,4,4,0,False,False,30,10,0.3333333333333333,0.011273957158962795,0.011273957158962795,19,99017a6dc293ececfb231bbad3e77d9546d763ae83455a9ee2aea4aade7b076e,,99017a6dc293ececfb231bbad3e77d9546d763ae83455a9ee2aea4aade7b076e,True,False,POST_OBSERVATION_CREATED
True,True,True,True,True,True,True,True,True,True,True,False,original,11,2014-07-01 05:30:00,passenger,136,4364.0,scenario3,EXISTING_SEGMENTS_BELOW_L_MATCH,30,30,18,3,864,867,30,3,864,0,32,1,1,30,4.0,4,14.59,0,0.0,0.0,1,0,0,0,0,0,0,7089c196cb2d0a1c035b34ca93acc8a6fdb9d2ef0539299cfdd23b2e639c368b,13,0,4,4,0,False,False,30,11,0.36666666666666664,0.012415349887133182,0.012415349887133182,21,3adead0578fd2c5d027cf575118fd6434d6fd3a86e968a4002d405d27192f305,,3adead0578fd2c5d027cf575118fd6434d6fd3a86e968a4002d405d27192f305,True,False,POST_OBSERVATION_CREATED
True,True,True,True,True,True,True,True,True,True,True,False,original,11,2014-07-01 05:30:00,passenger,145,4364.0,scenario3,EXISTING_SEGMENTS_BELOW_L_MATCH,30,30,18,3,864,867,30,3,864,0,32,1,1,30,4.0,4,14.59,0,0.0,0.0,1,0,0,0,0,0,0,82ff3515befddfbe11965ece940ae68d87464919b7381021649ba52f3276557c,13,0,4,4,0,False,False,30,10,0.3333333333333333,0.011273957158962795,0.011273957158962795,9,cf29570e827ea3137c1ccb9aad3a42b7c0aba37db2b26b5a03791f8d00569f8a,,cf29570e827ea3137c1ccb9aad3a42b7c0aba37db2b26b5a03791f8d00569f8a,True,False,POST_OBSERVATION_CREATED
True,True,True,True,True,True,True,True,True,True,True,False,original,12,2014-07-01 06:00:00,weekday,4,1.0,scenario2,MATCHING_SEGMENT_FOUND,30,30,17,6,768,774,30,6,768,0,32,1,1,208,0.0,0,131.6,23,23.0,23.0,0,0,0,0,1,1,1,8aeed2abd0f847e0b8500715486ecfcc55670f2b3385c6aeb419a3a0678f1913,30,23,4,0,1,False,False,208,53,0.2548076923076923,0.012594458438287154,0.05705059203444564,30,8aeed2abd0f847e0b8500715486ecfcc55670f2b3385c6aeb419a3a0678f1913,8aeed2abd0f847e0b8500715486ecfcc55670f2b3385c6aeb419a3a0678f1913,,False,True,PREEXISTING
True,True,True,True,True,True,True,True,True,True,True,False,original,12,2014-07-01 06:00:00,weekday,5,1.0,scenario2,MATCHING_SEGMENT_FOUND,30,30,17,6,768,774,30,6,768,0,32,1,1,208,0.0,0,131.6,23,23.0,23.0,0,0,0,0,1,1,1,64080601c3be5fe7030e7eb69924a6cafe76e2b467b4a5630a9f7de522aa39db,10,23,4,0,1,False,False,208,53,0.2548076923076923,0.012594458438287154,0.05705059203444564,10,64080601c3be5fe7030e7eb69924a6cafe76e2b467b4a5630a9f7de522aa39db,64080601c3be5fe7030e7eb69924a6cafe76e2b467b4a5630a9f7de522aa39db,,False,True,PREEXISTING
True,True,True,True,True,True,True,True,True,True,True,False,original,12,2014-07-01 06:00:00,weekday,3,1.0,scenario2,MATCHING_SEGMENT_FOUND,30,30,17,6,768,774,30,6,768,0,32,1,1,208,1.0,1,131.56,23,23.0,23.0,0,0,0,0,1,1,1,69f0cb4491a1fd577b6c1af78119fa843dac41862a4e9483fd3c8e414791a45f,4,23,4,0,1,False,False,208,53,0.2548076923076923,0.012594458438287154,0.05705059203444564,4,69f0cb4491a1fd577b6c1af78119fa843dac41862a4e9483fd3c8e414791a45f,69f0cb4491a1fd577b6c1af78119fa843dac41862a4e9483fd3c8e414791a45f,,False,True,PREEXISTING
True,True,True,True,True,True,True,True,True,True,True,False,original,12,2014-07-01 06:00:00,weekday,6,1.0,scenario2,MATCHING_SEGMENT_FOUND,30,30,17,6,768,774,30,6,768,0,32,1,1,208,1.0,1,131.54,23,23.0,23.0,0,0,0,0,1,1,1,d0ca4df7b4ef8ef8330fc3c3fb6df6da237f2c8759fa1a08b551c3b0267a5cc1,29,23,4,0,1,False,False,208,53,0.2548076923076923,0.012594458438287154,0.05705059203444564,29,d0ca4df7b4ef8ef8330fc3c3fb6df6da237f2c8759fa1a08b551c3b0267a5cc1,d0ca4df7b4ef8ef8330fc3c3fb6df6da237f2c8759fa1a08b551c3b0267a5cc1,,False,True,PREEXISTING
True,True,True,True,True,True,True,True,True,True,True,False,original,12,2014-07-01 06:00:00,weekday,2,1.0,scenario2,MATCHING_SEGMENT_FOUND,30,30,17,6,768,774,30,6,768,0,32,1,1,208,1.0,1,131.54,23,23.0,23.0,0,0,0,0,1,1,1,62de03d338e81fffb1fe886b83637755e48f7109d103cb5c35e3be82a6942085,15,23,4,0,1,False,False,208,53,0.2548076923076923,0.012594458438287154,0.05705059203444564,15,62de03d338e81fffb1fe886b83637755e48f7109d103cb5c35e3be82a6942085,62de03d338e81fffb1fe886b83637755e48f7109d103cb5c35e3be82a6942085,,False,True,PREEXISTING
True,True,True,True,True,True,True,True,True,True,True,False,original,12,2014-07-01 06:00:00,weekday,7,1.0,scenario2,MATCHING_SEGMENT_FOUND,30,30,17,6,768,774,30,6,768,0,32,1,1,208,3.0,3,131.48,23,23.0,23.0,0,0,0,0,1,1,1,82cd778248b58abce2dd437ff3430d422a5f31f0857456cb0806c4bbf75c2f84,1,23,4,0,1,False,False,208,53,0.2548076923076923,0.012594458438287154,0.05705059203444564,1,82cd778248b58abce2dd437ff3430d422a5f31f0857456cb0806c4bbf75c2f84,82cd778248b58abce2dd437ff3430d422a5f31f0857456cb0806c4bbf75c2f84,,False,True,PREEXISTING
True,True,True,True,True,True,True,True,True,True,True,False,original,12,2014-07-01 06:00:00,weekday,1,1.0,scenario2,MATCHING_SEGMENT_FOUND,30,30,17,6,768,774,30,6,768,0,32,1,1,208,3.0,3,131.48,23,23.0,23.0,0,0,0,0,1,1,1,096eb71f46b469fc4f1cc7d4ed984088c225a66b3cfbaad900f9fc8fd6e6985c,15,23,4,0,1,False,False,208,53,0.2548076923076923,0.012594458438287154,0.05705059203444564,15,096eb71f46b469fc4f1cc7d4ed984088c225a66b3cfbaad900f9fc8fd6e6985c,096eb71f46b469fc4f1cc7d4ed984088c225a66b3cfbaad900f9fc8fd6e6985c,,False,True,PREEXISTING
True,True,True,True,True,True,True,True,True,True,True,False,original,12,2014-07-01 06:00:00,weekday,8,1.0,scenario2,MATCHING_SEGMENT_FOUND,30,30,17,6,768,774,30,6,768,0,32,1,1,208,4.0,4,131.35999999999999,23,23.0,23.0,0,0,0,0,1,1,1,8707a46b07890e9f3d4b42af5e0aab7361dc144e7986f25d90e421a33089bd83,29,23,4,0,1,False,False,208,53,0.2548076923076923,0.012594458438287154,0.05705059203444564,29,8707a46b07890e9f3d4b42af5e0aab7361dc144e7986f25d90e421a33089bd83,8707a46b07890e9f3d4b42af5e0aab7361dc144e7986f25d90e421a33089bd83,,False,True,PREEXISTING
True,True,True,True,True,True,True,True,True,True,True,False,original,12,2014-07-01 06:00:00,weekday,0,1.0,scenario2,MATCHING_SEGMENT_FOUND,30,30,17,6,768,774,30,6,768,0,32,1,1,208,4.0,4,131.35,23,23.0,23.0,0,0,0,0,1,1,1,b8ff4e0cd1bf15ed47968cde6ad2530bfe3d56b991c289d66df5ed3a4ea01ca1,4,23,4,0,1,False,False,208,53,0.2548076923076923,0.012594458438287154,0.05705059203444564,4,b8ff4e0cd1bf15ed47968cde6ad2530bfe3d56b991c289d66df5ed3a4ea01ca1,b8ff4e0cd1bf15ed47968cde6ad2530bfe3d56b991c289d66df5ed3a4ea01ca1,,False,True,PREEXISTING
True,True,True,True,True,True,True,True,True,True,True,False,original,12,2014-07-01 06:00:00,weekday,9,1.0,scenario2,MATCHING_SEGMENT_FOUND,30,30,17,6,768,774,30,6,768,0,32,1,1,208,4.0,4,131.35,23,23.0,23.0,0,0,0,0,1,1,1,1928f40ce31bf6bd47fb15c046e5d7db5c6f2744acdbf86090d49adc6860aaca,19,23,4,0,1,False,False,208,53,0.2548076923076923,0.012594458438287154,0.05705059203444564,19,1928f40ce31bf6bd47fb15c046e5d7db5c6f2744acdbf86090d49adc6860aaca,1928f40ce31bf6bd47fb15c046e5d7db5c6f2744acdbf86090d49adc6860aaca,,False,True,PREEXISTING
True,True,True,True,True,True,True,True,True,True,True,False,original,12,2014-07-01 06:00:00,time,44,12.0,scenario3,EXISTING_SEGMENTS_BELOW_L_MATCH,30,30,17,6,768,774,30,6,768,0,32,2,2,60,1.5,2,12.485,1,0.5,0.5,1,1,0,0,0,0,0,cbbe2cae7694d3de9c455c617983a571cc5153a7c94daaeb7b053dfb987507ef,5,1,4,3,0,False,False,30,15,0.5,0.019011406844106463,0.019011406844106463,29,e8985af7b4c48074488d7dac9675fe1b06fe25b44224fb23be3b0fa0c4b057ef,,e8985af7b4c48074488d7dac9675fe1b06fe25b44224fb23be3b0fa0c4b057ef,True,False,POST_OBSERVATION_CREATED
True,True,True,True,True,True,True,True,True,True,True,False,original,12,2014-07-01 06:00:00,time,45,12.0,scenario1,CORRECTLY_PREDICTED_CELL_AVAILABLE,30,30,17,6,768,774,30,6,768,0,32,2,2,60,1.0,2,13.66,1,0.5,0.5,1,1,0,0,0,0,0,b8bbc5f66129bff160e17bbaa78afb7edf5152318dd0c7238958a4fb15959c96,28,1,4,3,0,False,False,30,17,0.5666666666666667,0.021601016518424398,0.021601016518424398,28,b8bbc5f66129bff160e17bbaa78afb7edf5152318dd0c7238958a4fb15959c96,b8bbc5f66129bff160e17bbaa78afb7edf5152318dd0c7238958a4fb15959c96,,False,True,PREEXISTING
True,True,True,True,True,True,True,True,True,True,True,False,original,12,2014-07-01 06:00:00,time,43,12.0,scenario2,MATCHING_SEGMENT_FOUND,30,30,17,6,768,774,30,6,768,0,32,4,4,120,0.75,2,14.379999999999999,4,1.5,1.0,1,2,0,0,1,1,1,e6b0f6d48547dabfb8c614cef462e04e92abd672a3dbf8e5be738a85d8613590,1,4,4,0,1,False,False,30,17,0.5666666666666667,0.021601016518424398,0.021601016518424398,1,e6b0f6d48547dabfb8c614cef462e04e92abd672a3dbf8e5be738a85d8613590,e6b0f6d48547dabfb8c614cef462e04e92abd672a3dbf8e5be738a85d8613590,,False,True,PREEXISTING
True,True,True,True,True,True,True,True,True,True,True,False,original,12,2014-07-01 06:00:00,time,46,12.0,scenario1,CORRECTLY_PREDICTED_CELL_AVAILABLE,30,30,17,6,768,774,30,6,768,0,32,1,1,30,1.0,1,12.200000000000001,1,1.0,1.0,0,1,0,0,0,0,0,4aef9e8f549c81aa439d07d34013701aaa45d8ec800d0be40a0844896e54c1e3,30,1,4,3,0,False,False,30,17,0.5666666666666667,0.021601016518424398,0.021601016518424398,30,4aef9e8f549c81aa439d07d34013701aaa45d8ec800d0be40a0844896e54c1e3,4aef9e8f549c81aa439d07d34013701aaa45d8ec800d0be40a0844896e54c1e3,,False,True,PREEXISTING
True,True,True,True,True,True,True,True,True,True,True,False,original,12,2014-07-01 06:00:00,time,42,12.0,scenario2,MATCHING_SEGMENT_FOUND,30,30,17,6,768,774,30,6,768,0,32,3,3,106,1.0,1,17.41,10,5.0,4.0,0,1,0,0,2,2,2,1de9b9edb765f2598aa8e0e8b8b10afd0c29f44da9712b0f1e7bd789369c4a6b,3,10,4,0,2,True,True,30,15,0.5,0.019011406844106463,0.019011406844106463,3,1de9b9edb765f2598aa8e0e8b8b10afd0c29f44da9712b0f1e7bd789369c4a6b,1de9b9edb765f2598aa8e0e8b8b10afd0c29f44da9712b0f1e7bd789369c4a6b,,False,True,PREEXISTING
True,True,True,True,True,True,True,True,True,True,True,False,original,12,2014-07-01 06:00:00,time,47,12.0,scenario1,CORRECTLY_PREDICTED_CELL_AVAILABLE,30,30,17,6,768,774,30,6,768,0,32,1,1,30,1.0,1,12.200000000000001,1,1.0,1.0,0,1,0,0,0,0,0,d01f2f3a623e37a5812c67a793f5bf274590bbcce2e2f1b47593300775cdf5ca,14,1,4,3,0,False,False,30,17,0.5666666666666667,0.021601016518424398,0.021601016518424398,14,d01f2f3a623e37a5812c67a793f5bf274590bbcce2e2f1b47593300775cdf5ca,d01f2f3a623e37a5812c67a793f5bf274590bbcce2e2f1b47593300775cdf5ca,,False,True,PREEXISTING
True,True,True,True,True,True,True,True,True,True,True,False,original,12,2014-07-01 06:00:00,time,41,12.0,scenario2,MATCHING_SEGMENT_FOUND,30,30,17,6,768,774,30,6,768,0,32,5,5,168,0.8,2,16.732,4,1.4,1.0,1,3,0,0,1,1,1,f7f545a3f0b6d36f93839957db2ee25e6b8e527152a9f50fa8f6bdf531c1bbc6,20,4,4,0,1,False,False,30,17,0.5666666666666667,0.021601016518424398,0.021601016518424398,20,f7f545a3f0b6d36f93839957db2ee25e6b8e527152a9f50fa8f6bdf531c1bbc6,f7f545a3f0b6d36f93839957db2ee25e6b8e527152a9f50fa8f6bdf531c1bbc6,,False,True,PREEXISTING
True,True,True,True,True,True,True,True,True,True,True,False,original,12,2014-07-01 06:00:00,time,48,12.0,scenario3,EXISTING_SEGMENTS_BELOW_L_MATCH,30,30,17,6,768,774,30,6,768,0,32,1,1,30,0.0,0,15.0,2,2.0,2.0,0,0,1,0,0,0,0,ba1ca700d07e7b9052e61e04a48f305369ae72065cdad063c1ba8a46f8216bce,5,2,4,2,0,False,False,30,17,0.5666666666666667,0.021601016518424398,0.021601016518424398,4,5b181baeb93d0b2e43c346ff29c3fef1a19c62c87637683157b510f184a8e483,,5b181baeb93d0b2e43c346ff29c3fef1a19c62c87637683157b510f184a8e483,True,False,POST_OBSERVATION_CREATED
True,True,True,True,True,True,True,True,True,True,True,False,original,12,2014-07-01 06:00:00,time,40,12.0,scenario2,MATCHING_SEGMENT_FOUND,30,30,17,6,768,774,30,6,768,0,32,6,6,180,0.6666666666666666,2,14.476666666666667,4,1.1666666666666667,1.0,2,3,0,0,1,1,1,e4d73a5d02c5c14c5fab0366a598330e84433ad22b56bd96ebbf60b799bd9612,1,4,4,0,1,False,False,30,17,0.5666666666666667,0.021601016518424398,0.021601016518424398,1,e4d73a5d02c5c14c5fab0366a598330e84433ad22b56bd96ebbf60b799bd9612,e4d73a5d02c5c14c5fab0366a598330e84433ad22b56bd96ebbf60b799bd9612,,False,True,PREEXISTING
True,True,True,True,True,True,True,True,True,True,True,False,original,12,2014-07-01 06:00:00,time,49,12.0,scenario3,NO_EXISTING_SEGMENT_IN_COLUMN,30,30,17,6,768,774,30,6,768,0,32,0,0,0,0.0,0,0.0,0,0.0,0.0,0,0,0,0,0,0,0,,,0,4,4,0,False,False,0,0,0.0,0.0,0.0,17,d852b95b11cf7d29fc40b5d505524fc1fd7256ed39d06c79bb1430e43aad3293,,d852b95b11cf7d29fc40b5d505524fc1fd7256ed39d06c79bb1430e43aad3293,True,False,POST_OBSERVATION_CREATED
True,True,True,True,True,True,True,True,True,True,True,False,original,12,2014-07-01 06:00:00,passenger,166,6526.0,scenario3,PREDICTED_TIME_INVALID,30,30,17,6,768,774,30,6,768,0,32,1,1,30,6.0,6,14.309999999999999,0,0.0,0.0,1,0,0,0,0,0,0,7b64f0ef6084414eb863e94ecb40a64f24ef5a190bfae76122ba42eb5bf79646,24,0,4,4,0,False,False,30,10,0.3333333333333333,0.012594458438287154,0.012594458438287154,10,45ff77a8700d70a40e587f87f9dd6c8ff584c4c92fc4a748f92d9eeb359186c8,,45ff77a8700d70a40e587f87f9dd6c8ff584c4c92fc4a748f92d9eeb359186c8,True,False,POST_OBSERVATION_CREATED
True,True,True,True,True,True,True,True,True,True,True,False,original,12,2014-07-01 06:00:00,passenger,167,6526.0,scenario3,PREDICTED_TIME_INVALID,30,30,17,6,768,774,30,6,768,0,32,1,1,30,7.0,7,14.209999999999999,0,0.0,0.0,1,0,0,0,0,0,0,dfac8af62abe694c22acd58999e714c68f08f3fbd24735926db2c9efcbad8886,3,0,4,4,0,False,False,30,10,0.3333333333333333,0.012594458438287154,0.012594458438287154,21,4acf5de6f6e229dd030b6a584a7cef7f18c05f5575d2bb3a7c55d8265b94850d,,4acf5de6f6e229dd030b6a584a7cef7f18c05f5575d2bb3a7c55d8265b94850d,True,False,POST_OBSERVATION_CREATED
True,True,True,True,True,True,True,True,True,True,True,False,original,12,2014-07-01 06:00:00,passenger,165,6526.0,scenario3,PREDICTED_TIME_INVALID,30,30,17,6,768,774,30,6,768,0,32,1,1,30,6.0,6,14.35,0,0.0,0.0,1,0,0,0,0,0,0,bf8b9eb630a9ac90bf53ebb8b46ce6760b5120da9208619c3cadfe93fe6df737,24,0,4,4,0,False,False,30,10,0.3333333333333333,0.012594458438287154,0.012594458438287154,19,1f380bebdcf6eb2f5114864d8026c0f89623b35888edbe4175704e8b27420679,,1f380bebdcf6eb2f5114864d8026c0f89623b35888edbe4175704e8b27420679,True,False,POST_OBSERVATION_CREATED
True,True,True,True,True,True,True,True,True,True,True,False,original,12,2014-07-01 06:00:00,passenger,168,6526.0,scenario3,NO_EXISTING_SEGMENT_IN_COLUMN,30,30,17,6,768,774,30,6,768,0,32,0,0,0,0.0,0,0.0,0,0.0,0.0,0,0,0,0,0,0,0,,,0,4,4,0,False,False,0,0,0.0,0.0,0.0,12,8c96806efcb008f62318b96ac026559689623ff3035b522d6f60a4d150102a71,,8c96806efcb008f62318b96ac026559689623ff3035b522d6f60a4d150102a71,True,False,POST_OBSERVATION_CREATED
True,True,True,True,True,True,True,True,True,True,True,False,original,12,2014-07-01 06:00:00,passenger,164,6526.0,scenario3,EXISTING_SEGMENTS_BELOW_L_MATCH,30,30,17,6,768,774,30,6,768,0,32,1,1,30,6.0,6,14.389999999999999,0,0.0,0.0,1,0,0,0,0,0,0,1d51755289169f146f58e130dcec459b16d08b7287789a30fcf8a48946497db9,15,0,4,4,0,False,False,30,10,0.3333333333333333,0.012594458438287154,0.012594458438287154,3,20f8923bf7fcb65e2902df3c7a7e8242bd8ad42615169455c72a98276fca40b4,,20f8923bf7fcb65e2902df3c7a7e8242bd8ad42615169455c72a98276fca40b4,True,False,POST_OBSERVATION_CREATED
True,True,True,True,True,True,True,True,True,True,True,False,original,12,2014-07-01 06:00:00,passenger,169,6526.0,scenario3,NO_EXISTING_SEGMENT_IN_COLUMN,30,30,17,6,768,774,30,6,768,0,32,0,0,0,0.0,0,0.0,0,0.0,0.0,0,0,0,0,0,0,0,,,0,4,4,0,False,False,0,0,0.0,0.0,0.0,16,034cc06c63e190d3a74bbb014848b1d5b4d86a966e253bdba330631a496e339e,,034cc06c63e190d3a74bbb014848b1d5b4d86a966e253bdba330631a496e339e,True,False,POST_OBSERVATION_CREATED
True,True,True,True,True,True,True,True,True,True,True,False,original,12,2014-07-01 06:00:00,passenger,163,6526.0,scenario3,EXISTING_SEGMENTS_BELOW_L_MATCH,30,30,17,6,768,774,30,6,768,0,32,1,1,30,6.0,6,14.389999999999999,0,0.0,0.0,1,0,0,0,0,0,0,3d2ef9e08d69834c064a53fa2e227c9356e86de1804fe56bdf86d3a3f4790598,28,0,4,4,0,False,False,30,10,0.3333333333333333,0.012594458438287154,0.012594458438287154,18,1dc5e7a9633d89aec7b4e3fc79c00a0ba6257627e19a0aad3908c43a12d13a9d,,1dc5e7a9633d89aec7b4e3fc79c00a0ba6257627e19a0aad3908c43a12d13a9d,True,False,POST_OBSERVATION_CREATED
True,True,True,True,True,True,True,True,True,True,True,False,original,12,2014-07-01 06:00:00,passenger,170,6526.0,scenario3,NO_EXISTING_SEGMENT_IN_COLUMN,30,30,17,6,768,774,30,6,768,0,32,0,0,0,0.0,0,0.0,0,0.0,0.0,0,0,0,0,0,0,0,,,0,4,4,0,False,False,0,0,0.0,0.0,0.0,24,a79ef3f9068a503e933de6ae1d4fad6c2cce5a75492c7cf4d1018d91277f92f6,,a79ef3f9068a503e933de6ae1d4fad6c2cce5a75492c7cf4d1018d91277f92f6,True,False,POST_OBSERVATION_CREATED
True,True,True,True,True,True,True,True,True,True,True,False,original,12,2014-07-01 06:00:00,passenger,162,6526.0,scenario3,EXISTING_SEGMENTS_BELOW_L_MATCH,30,30,17,6,768,774,30,6,768,0,32,1,1,30,5.0,5,14.5,0,0.0,0.0,1,0,0,0,0,0,0,4dd7172c070778fbff164548db2dd5913db414a7554704430069dc46d845858f,17,0,4,4,0,False,False,30,10,0.3333333333333333,0.012594458438287154,0.012594458438287154,30,c2d4a2ac335c474d45b62bae6026c07bf0f39118f43fe1f3da04302fb0edfaa6,,c2d4a2ac335c474d45b62bae6026c07bf0f39118f43fe1f3da04302fb0edfaa6,True,False,POST_OBSERVATION_CREATED
True,True,True,True,True,True,True,True,True,True,True,False,original,12,2014-07-01 06:00:00,passenger,171,6526.0,scenario3,NO_EXISTING_SEGMENT_IN_COLUMN,30,30,17,6,768,774,30,6,768,0,32,0,0,0,0.0,0,0.0,0,0.0,0.0,0,0,0,0,0,0,0,,,0,4,4,0,False,False,0,0,0.0,0.0,0.0,27,4b91c5984408a67d579eebb4af8a0e80df03e6430239134496fb5cdc91aabe25,,4b91c5984408a67d579eebb4af8a0e80df03e6430239134496fb5cdc91aabe25,True,False,POST_OBSERVATION_CREATED
True,True,True,True,True,True,True,True,True,True,True,False,original,13,2014-07-01 06:30:00,weekday,4,1.0,scenario2,MATCHING_SEGMENT_FOUND,30,30,18,3,864,867,30,3,864,0,32,1,1,220,0.0,0,139.2,20,20.0,20.0,0,0,0,0,1,1,1,8aeed2abd0f847e0b8500715486ecfcc55670f2b3385c6aeb419a3a0678f1913,30,20,4,0,1,False,False,220,49,0.22272727272727272,0.011273957158962795,0.04720616570327553,30,8aeed2abd0f847e0b8500715486ecfcc55670f2b3385c6aeb419a3a0678f1913,8aeed2abd0f847e0b8500715486ecfcc55670f2b3385c6aeb419a3a0678f1913,,False,True,PREEXISTING
True,True,True,True,True,True,True,True,True,True,True,False,original,13,2014-07-01 06:30:00,weekday,5,1.0,scenario2,MATCHING_SEGMENT_FOUND,30,30,18,3,864,867,30,3,864,0,32,1,1,220,0.0,0,139.2,20,20.0,20.0,0,0,0,0,1,1,1,64080601c3be5fe7030e7eb69924a6cafe76e2b467b4a5630a9f7de522aa39db,10,20,4,0,1,False,False,220,49,0.22272727272727272,0.011273957158962795,0.04720616570327553,10,64080601c3be5fe7030e7eb69924a6cafe76e2b467b4a5630a9f7de522aa39db,64080601c3be5fe7030e7eb69924a6cafe76e2b467b4a5630a9f7de522aa39db,,False,True,PREEXISTING
True,True,True,True,True,True,True,True,True,True,True,False,original,13,2014-07-01 06:30:00,weekday,3,1.0,scenario2,MATCHING_SEGMENT_FOUND,30,30,18,3,864,867,30,3,864,0,32,1,1,220,1.0,1,139.16,20,20.0,20.0,0,0,0,0,1,1,1,69f0cb4491a1fd577b6c1af78119fa843dac41862a4e9483fd3c8e414791a45f,4,20,4,0,1,False,False,220,49,0.22272727272727272,0.011273957158962795,0.04720616570327553,4,69f0cb4491a1fd577b6c1af78119fa843dac41862a4e9483fd3c8e414791a45f,69f0cb4491a1fd577b6c1af78119fa843dac41862a4e9483fd3c8e414791a45f,,False,True,PREEXISTING
True,True,True,True,True,True,True,True,True,True,True,False,original,13,2014-07-01 06:30:00,weekday,6,1.0,scenario2,MATCHING_SEGMENT_FOUND,30,30,18,3,864,867,30,3,864,0,32,1,1,220,1.0,1,139.14,20,20.0,20.0,0,0,0,0,1,1,1,d0ca4df7b4ef8ef8330fc3c3fb6df6da237f2c8759fa1a08b551c3b0267a5cc1,29,20,4,0,1,False,False,220,49,0.22272727272727272,0.011273957158962795,0.04720616570327553,29,d0ca4df7b4ef8ef8330fc3c3fb6df6da237f2c8759fa1a08b551c3b0267a5cc1,d0ca4df7b4ef8ef8330fc3c3fb6df6da237f2c8759fa1a08b551c3b0267a5cc1,,False,True,PREEXISTING
True,True,True,True,True,True,True,True,True,True,True,False,original,13,2014-07-01 06:30:00,weekday,2,1.0,scenario2,MATCHING_SEGMENT_FOUND,30,30,18,3,864,867,30,3,864,0,32,1,1,220,1.0,1,139.14,20,20.0,20.0,0,0,0,0,1,1,1,62de03d338e81fffb1fe886b83637755e48f7109d103cb5c35e3be82a6942085,15,20,4,0,1,False,False,220,49,0.22272727272727272,0.011273957158962795,0.04720616570327553,15,62de03d338e81fffb1fe886b83637755e48f7109d103cb5c35e3be82a6942085,62de03d338e81fffb1fe886b83637755e48f7109d103cb5c35e3be82a6942085,,False,True,PREEXISTING
True,True,True,True,True,True,True,True,True,True,True,False,original,13,2014-07-01 06:30:00,weekday,7,1.0,scenario2,MATCHING_SEGMENT_FOUND,30,30,18,3,864,867,30,3,864,0,32,1,1,220,3.0,3,139.07999999999998,20,20.0,20.0,0,0,0,0,1,1,1,82cd778248b58abce2dd437ff3430d422a5f31f0857456cb0806c4bbf75c2f84,1,20,4,0,1,False,False,220,49,0.22272727272727272,0.011273957158962795,0.04720616570327553,1,82cd778248b58abce2dd437ff3430d422a5f31f0857456cb0806c4bbf75c2f84,82cd778248b58abce2dd437ff3430d422a5f31f0857456cb0806c4bbf75c2f84,,False,True,PREEXISTING
True,True,True,True,True,True,True,True,True,True,True,False,original,13,2014-07-01 06:30:00,weekday,1,1.0,scenario2,MATCHING_SEGMENT_FOUND,30,30,18,3,864,867,30,3,864,0,32,1,1,220,3.0,3,139.07999999999998,20,20.0,20.0,0,0,0,0,1,1,1,096eb71f46b469fc4f1cc7d4ed984088c225a66b3cfbaad900f9fc8fd6e6985c,15,20,4,0,1,False,False,220,49,0.22272727272727272,0.011273957158962795,0.04720616570327553,15,096eb71f46b469fc4f1cc7d4ed984088c225a66b3cfbaad900f9fc8fd6e6985c,096eb71f46b469fc4f1cc7d4ed984088c225a66b3cfbaad900f9fc8fd6e6985c,,False,True,PREEXISTING
True,True,True,True,True,True,True,True,True,True,True,False,original,13,2014-07-01 06:30:00,weekday,8,1.0,scenario2,MATCHING_SEGMENT_FOUND,30,30,18,3,864,867,30,3,864,0,32,1,1,220,4.0,4,138.93,20,20.0,20.0,0,0,0,0,1,1,1,8707a46b07890e9f3d4b42af5e0aab7361dc144e7986f25d90e421a33089bd83,29,20,4,0,1,False,False,220,49,0.22272727272727272,0.011273957158962795,0.04720616570327553,29,8707a46b07890e9f3d4b42af5e0aab7361dc144e7986f25d90e421a33089bd83,8707a46b07890e9f3d4b42af5e0aab7361dc144e7986f25d90e421a33089bd83,,False,True,PREEXISTING
True,True,True,True,True,True,True,True,True,True,True,False,original,13,2014-07-01 06:30:00,weekday,0,1.0,scenario2,MATCHING_SEGMENT_FOUND,30,30,18,3,864,867,30,3,864,0,32,1,1,220,4.0,4,138.92,20,20.0,20.0,0,0,0,0,1,1,1,b8ff4e0cd1bf15ed47968cde6ad2530bfe3d56b991c289d66df5ed3a4ea01ca1,4,20,4,0,1,False,False,220,49,0.22272727272727272,0.011273957158962795,0.04720616570327553,4,b8ff4e0cd1bf15ed47968cde6ad2530bfe3d56b991c289d66df5ed3a4ea01ca1,b8ff4e0cd1bf15ed47968cde6ad2530bfe3d56b991c289d66df5ed3a4ea01ca1,,False,True,PREEXISTING
True,True,True,True,True,True,True,True,True,True,True,False,original,13,2014-07-01 06:30:00,weekday,9,1.0,scenario2,MATCHING_SEGMENT_FOUND,30,30,18,3,864,867,30,3,864,0,32,1,1,220,4.0,4,138.92,20,20.0,20.0,0,0,0,0,1,1,1,1928f40ce31bf6bd47fb15c046e5d7db5c6f2744acdbf86090d49adc6860aaca,19,20,4,0,1,False,False,220,49,0.22272727272727272,0.011273957158962795,0.04720616570327553,19,1928f40ce31bf6bd47fb15c046e5d7db5c6f2744acdbf86090d49adc6860aaca,1928f40ce31bf6bd47fb15c046e5d7db5c6f2744acdbf86090d49adc6860aaca,,False,True,PREEXISTING
True,True,True,True,True,True,True,True,True,True,True,False,original,13,2014-07-01 06:30:00,time,46,13.0,scenario3,PREDICTED_TIME_INVALID,30,30,18,3,864,867,30,3,864,0,32,1,1,30,2.0,2,9.400000000000002,0,0.0,0.0,1,0,0,0,0,0,0,4aef9e8f549c81aa439d07d34013701aaa45d8ec800d0be40a0844896e54c1e3,30,0,4,4,0,False,False,30,15,0.5,0.017006802721088437,0.017006802721088437,21,ecdd95055f5c81c83cffd93b92e65240ffde4224f7497eaeafb10da6468b8f68,,ecdd95055f5c81c83cffd93b92e65240ffde4224f7497eaeafb10da6468b8f68,True,False,POST_OBSERVATION_CREATED
True,True,True,True,True,True,True,True,True,True,True,False,original,13,2014-07-01 06:30:00,time,45,13.0,scenario3,EXISTING_SEGMENTS_BELOW_L_MATCH,30,30,18,3,864,867,30,3,864,0,32,2,2,60,1.5,2,12.260000000000002,0,0.0,0.0,2,0,0,0,0,0,0,29a21ddd0852be1af15a00406383ebd663b1779770808345e3c697a2f875da6c,14,0,4,4,0,False,False,30,15,0.5,0.017006802721088437,0.017006802721088437,30,aa0c79103b3ed680a18bbc3e8efa116725c76ab0ee549cc3412876514c2ca586,,aa0c79103b3ed680a18bbc3e8efa116725c76ab0ee549cc3412876514c2ca586,True,False,POST_OBSERVATION_CREATED
True,True,True,True,True,True,True,True,True,True,True,False,original,13,2014-07-01 06:30:00,time,47,13.0,scenario3,PREDICTED_TIME_INVALID,30,30,18,3,864,867,30,3,864,0,32,1,1,30,2.0,2,9.400000000000002,0,0.0,0.0,1,0,0,0,0,0,0,d01f2f3a623e37a5812c67a793f5bf274590bbcce2e2f1b47593300775cdf5ca,14,0,4,4,0,False,False,30,15,0.5,0.017006802721088437,0.017006802721088437,16,1d6aceb15e1eb3c57c244b3dd8a92f8fa98616dc132bdc672777483c3964faec,,1d6aceb15e1eb3c57c244b3dd8a92f8fa98616dc132bdc672777483c3964faec,True,False,POST_OBSERVATION_CREATED
True,True,True,True,True,True,True,True,True,True,True,False,original,13,2014-07-01 06:30:00,time,44,13.0,scenario3,EXISTING_SEGMENTS_BELOW_L_MATCH,30,30,18,3,864,867,30,3,864,0,32,3,3,90,1.3333333333333333,2,13.290000000000001,0,0.0,0.0,3,0,0,0,0,0,0,e8985af7b4c48074488d7dac9675fe1b06fe25b44224fb23be3b0fa0c4b057ef,29,0,4,4,0,False,False,30,15,0.5,0.017006802721088437,0.017006802721088437,19,68816565b037cbe91e91bdb143bd7c0ba21d851186340e245d5a8c7a1a5941a8,,68816565b037cbe91e91bdb143bd7c0ba21d851186340e245d5a8c7a1a5941a8,True,False,POST_OBSERVATION_CREATED
True,True,True,True,True,True,True,True,True,True,True,False,original,13,2014-07-01 06:30:00,time,48,13.0,scenario3,PREDICTED_TIME_INVALID,30,30,18,3,864,867,30,3,864,0,32,2,2,60,0.5,1,14.995000000000001,0,0.0,0.0,2,0,0,0,0,0,0,5b181baeb93d0b2e43c346ff29c3fef1a19c62c87637683157b510f184a8e483,4,0,4,4,0,False,False,30,18,0.6,0.020477815699658702,0.020477815699658702,11,de72133e9ba66e65e72363e7da9a8b1ccccd1f98e482bfe101a47370170041a2,,de72133e9ba66e65e72363e7da9a8b1ccccd1f98e482bfe101a47370170041a2,True,False,POST_OBSERVATION_CREATED
True,True,True,True,True,True,True,True,True,True,True,False,original,13,2014-07-01 06:30:00,time,43,13.0,scenario3,EXISTING_SEGMENTS_BELOW_L_MATCH,30,30,18,3,864,867,30,3,864,0,32,4,4,137,1.0,2,17.005,0,0.0,0.0,4,0,0,0,0,0,0,f693478426eaf1d7997b5015cf9f2c14706d7a5c2eade0701e0e56d348c89db2,31,0,4,4,0,False,False,30,14,0.4666666666666667,0.015855039637599093,0.015855039637599093,15,f301f802cc98c8ce9854ae1661c12d0bc7a40337f2f4a110b17b2014e8f2579a,,f301f802cc98c8ce9854ae1661c12d0bc7a40337f2f4a110b17b2014e8f2579a,True,False,POST_OBSERVATION_CREATED
True,True,True,True,True,True,True,True,True,True,True,False,original,13,2014-07-01 06:30:00,time,49,13.0,scenario3,PREDICTED_TIME_INVALID,30,30,18,3,864,867,30,3,864,0,32,1,1,30,0.0,0,15.0,0,0.0,0.0,1,0,0,0,0,0,0,d852b95b11cf7d29fc40b5d505524fc1fd7256ed39d06c79bb1430e43aad3293,17,0,4,4,0,False,False,30,18,0.6,0.020477815699658702,0.020477815699658702,10,d0cbe7c76381a522fbc5407d8cc6972f242af099d0562a7e068eaaf7ee00cb2b,,d0cbe7c76381a522fbc5407d8cc6972f242af099d0562a7e068eaaf7ee00cb2b,True,False,POST_OBSERVATION_CREATED
True,True,True,True,True,True,True,True,True,True,True,False,original,13,2014-07-01 06:30:00,time,42,13.0,scenario3,EXISTING_SEGMENTS_BELOW_L_MATCH,30,30,18,3,864,867,30,3,864,0,32,3,3,126,1.0,1,21.733333333333334,0,0.0,0.0,3,0,0,0,0,0,0,1de9b9edb765f2598aa8e0e8b8b10afd0c29f44da9712b0f1e7bd789369c4a6b,3,0,4,4,0,False,False,50,22,0.44,0.015855039637599093,0.024581005586592177,25,e4d19d281156b5450d9d61a2868cefe734e2051dbb48eea3bd8978785108a91a,,e4d19d281156b5450d9d61a2868cefe734e2051dbb48eea3bd8978785108a91a,True,False,POST_OBSERVATION_CREATED
True,True,True,True,True,True,True,True,True,True,True,False,original,13,2014-07-01 06:30:00,time,50,13.0,scenario3,NO_EXISTING_SEGMENT_IN_COLUMN,30,30,18,3,864,867,30,3,864,0,32,0,0,0,0.0,0,0.0,0,0.0,0.0,0,0,0,0,0,0,0,,,0,4,4,0,False,False,0,0,0.0,0.0,0.0,16,2e4c159d24d1c6916483c7ebcdc42236f1112c66915b47db4441e2ccd4808d60,,2e4c159d24d1c6916483c7ebcdc42236f1112c66915b47db4441e2ccd4808d60,True,False,POST_OBSERVATION_CREATED
True,True,True,True,True,True,True,True,True,True,True,False,original,13,2014-07-01 06:30:00,time,41,13.0,scenario2,MATCHING_SEGMENT_FOUND,30,30,18,3,864,867,30,3,864,0,32,5,5,185,1.0,2,18.832,10,2.2,0.0,3,1,0,0,1,1,1,e6d7768828ad3b1daa62bf998fc8cc897ccdfd5517506c2d36ae2f03d229883b,15,10,4,0,1,False,False,30,10,0.3333333333333333,0.011273957158962795,0.011273957158962795,15,e6d7768828ad3b1daa62bf998fc8cc897ccdfd5517506c2d36ae2f03d229883b,e6d7768828ad3b1daa62bf998fc8cc897ccdfd5517506c2d36ae2f03d229883b,,False,True,PREEXISTING
True,True,True,True,True,True,True,True,True,True,True,False,original,13,2014-07-01 06:30:00,passenger,221,11039.0,scenario3,NO_EXISTING_SEGMENT_IN_COLUMN,30,30,18,3,864,867,30,3,864,0,32,0,0,0,0.0,0,0.0,0,0.0,0.0,0,0,0,0,0,0,0,,,0,4,4,0,False,False,0,0,0.0,0.0,0.0,1,b1e6bf6ad09f4b67b10284082b4822b2f405333ce73949b9dfa64ec2ed595d21,,b1e6bf6ad09f4b67b10284082b4822b2f405333ce73949b9dfa64ec2ed595d21,True,False,POST_OBSERVATION_CREATED
True,True,True,True,True,True,True,True,True,True,True,False,original,13,2014-07-01 06:30:00,passenger,220,11039.0,scenario3,NO_EXISTING_SEGMENT_IN_COLUMN,30,30,18,3,864,867,30,3,864,0,32,0,0,0,0.0,0,0.0,0,0.0,0.0,0,0,0,0,0,0,0,,,0,4,4,0,False,False,0,0,0.0,0.0,0.0,29,a6c3838c89e70b7e92f18cc1916a7e1215a9942c7e66e033a43c1b9c8ab1b4fa,,a6c3838c89e70b7e92f18cc1916a7e1215a9942c7e66e033a43c1b9c8ab1b4fa,True,False,POST_OBSERVATION_CREATED
True,True,True,True,True,True,True,True,True,True,True,False,original,13,2014-07-01 06:30:00,passenger,222,11039.0,scenario3,NO_EXISTING_SEGMENT_IN_COLUMN,30,30,18,3,864,867,30,3,864,0,32,0,0,0,0.0,0,0.0,0,0.0,0.0,0,0,0,0,0,0,0,,,0,4,4,0,False,False,0,0,0.0,0.0,0.0,6,28a7c253afe01e8a0fcd48852c0acd0e03edab2e3b4aa2e5b7432dad595d62bd,,28a7c253afe01e8a0fcd48852c0acd0e03edab2e3b4aa2e5b7432dad595d62bd,True,False,POST_OBSERVATION_CREATED
True,True,True,True,True,True,True,True,True,True,True,False,original,13,2014-07-01 06:30:00,passenger,219,11039.0,scenario3,NO_EXISTING_SEGMENT_IN_COLUMN,30,30,18,3,864,867,30,3,864,0,32,0,0,0,0.0,0,0.0,0,0.0,0.0,0,0,0,0,0,0,0,,,0,4,4,0,False,False,0,0,0.0,0.0,0.0,13,468848738ee1551b8e992dd2f93f3855c85099975764c8efcc8268afd565e0c4,,468848738ee1551b8e992dd2f93f3855c85099975764c8efcc8268afd565e0c4,True,False,POST_OBSERVATION_CREATED
True,True,True,True,True,True,True,True,True,True,True,False,original,13,2014-07-01 06:30:00,passenger,223,11039.0,scenario3,NO_EXISTING_SEGMENT_IN_COLUMN,30,30,18,3,864,867,30,3,864,0,32,0,0,0,0.0,0,0.0,0,0.0,0.0,0,0,0,0,0,0,0,,,0,4,4,0,False,False,0,0,0.0,0.0,0.0,8,ec6b5ae592efa1c9b88d7a6c8eaaa65620aac0350c5ec10638755c529cb2b239,,ec6b5ae592efa1c9b88d7a6c8eaaa65620aac0350c5ec10638755c529cb2b239,True,False,POST_OBSERVATION_CREATED
True,True,True,True,True,True,True,True,True,True,True,False,original,13,2014-07-01 06:30:00,passenger,218,11039.0,scenario3,NO_EXISTING_SEGMENT_IN_COLUMN,30,30,18,3,864,867,30,3,864,0,32,0,0,0,0.0,0,0.0,0,0.0,0.0,0,0,0,0,0,0,0,,,0,4,4,0,False,False,0,0,0.0,0.0,0.0,8,e17c4ead9a7f551e1b2d81d3270985051a5527932f4373b907d7d3b7ab3d7354,,e17c4ead9a7f551e1b2d81d3270985051a5527932f4373b907d7d3b7ab3d7354,True,False,POST_OBSERVATION_CREATED
True,True,True,True,True,True,True,True,True,True,True,False,original,13,2014-07-01 06:30:00,passenger,224,11039.0,scenario3,NO_EXISTING_SEGMENT_IN_COLUMN,30,30,18,3,864,867,30,3,864,0,32,0,0,0,0.0,0,0.0,0,0.0,0.0,0,0,0,0,0,0,0,,,0,4,4,0,False,False,0,0,0.0,0.0,0.0,10,b90417149b8d284443a5ca17b2d436496e19f5cb540d0b4ab47e64d96f823864,,b90417149b8d284443a5ca17b2d436496e19f5cb540d0b4ab47e64d96f823864,True,False,POST_OBSERVATION_CREATED
True,True,True,True,True,True,True,True,True,True,True,False,original,13,2014-07-01 06:30:00,passenger,217,11039.0,scenario3,NO_EXISTING_SEGMENT_IN_COLUMN,30,30,18,3,864,867,30,3,864,0,32,0,0,0,0.0,0,0.0,0,0.0,0.0,0,0,0,0,0,0,0,,,0,4,4,0,False,False,0,0,0.0,0.0,0.0,26,201d0fb2d0d8c6c16d7dbdfdca23e8d8b8ae170f3ef913067b286386dcbb5459,,201d0fb2d0d8c6c16d7dbdfdca23e8d8b8ae170f3ef913067b286386dcbb5459,True,False,POST_OBSERVATION_CREATED
True,True,True,True,True,True,True,True,True,True,True,False,original,13,2014-07-01 06:30:00,passenger,225,11039.0,scenario3,NO_EXISTING_SEGMENT_IN_COLUMN,30,30,18,3,864,867,30,3,864,0,32,0,0,0,0.0,0,0.0,0,0.0,0.0,0,0,0,0,0,0,0,,,0,4,4,0,False,False,0,0,0.0,0.0,0.0,28,e4b02acb14738832beef6ccc1d2550edb380a8eb3f85ae4bf3b28411712d4544,,e4b02acb14738832beef6ccc1d2550edb380a8eb3f85ae4bf3b28411712d4544,True,False,POST_OBSERVATION_CREATED
True,True,True,True,True,True,True,True,True,True,True,False,original,13,2014-07-01 06:30:00,passenger,216,11039.0,scenario3,NO_EXISTING_SEGMENT_IN_COLUMN,30,30,18,3,864,867,30,3,864,0,32,0,0,0,0.0,0,0.0,0,0.0,0.0,0,0,0,0,0,0,0,,,0,4,4,0,False,False,0,0,0.0,0.0,0.0,21,9d545b1eb5339753c619c8675a45f3ade7ce878fe2f9b40098aa0b21d64ee7cb,,9d545b1eb5339753c619c8675a45f3ade7ce878fe2f9b40098aa0b21d64ee7cb,True,False,POST_OBSERVATION_CREATED
True,True,True,True,True,True,True,True,True,True,True,False,original,14,2014-07-01 07:00:00,weekday,4,1.0,scenario2,MATCHING_SEGMENT_FOUND,30,30,16,0,960,960,30,0,960,0,32,1,1,233,0.0,0,147.1,20,20.0,20.0,0,0,0,0,1,1,1,8aeed2abd0f847e0b8500715486ecfcc55670f2b3385c6aeb419a3a0678f1913,30,20,4,0,1,False,False,233,49,0.21030042918454936,0.018518518518518517,0.04283216783216783,30,8aeed2abd0f847e0b8500715486ecfcc55670f2b3385c6aeb419a3a0678f1913,8aeed2abd0f847e0b8500715486ecfcc55670f2b3385c6aeb419a3a0678f1913,,False,True,PREEXISTING
True,True,True,True,True,True,True,True,True,True,True,False,original,14,2014-07-01 07:00:00,weekday,5,1.0,scenario2,MATCHING_SEGMENT_FOUND,30,30,16,0,960,960,30,0,960,0,32,1,1,233,0.0,0,147.1,20,20.0,20.0,0,0,0,0,1,1,1,64080601c3be5fe7030e7eb69924a6cafe76e2b467b4a5630a9f7de522aa39db,10,20,4,0,1,False,False,233,49,0.21030042918454936,0.018518518518518517,0.04283216783216783,10,64080601c3be5fe7030e7eb69924a6cafe76e2b467b4a5630a9f7de522aa39db,64080601c3be5fe7030e7eb69924a6cafe76e2b467b4a5630a9f7de522aa39db,,False,True,PREEXISTING
True,True,True,True,True,True,True,True,True,True,True,False,original,14,2014-07-01 07:00:00,weekday,3,1.0,scenario2,MATCHING_SEGMENT_FOUND,30,30,16,0,960,960,30,0,960,0,32,1,1,233,1.0,1,147.06,20,20.0,20.0,0,0,0,0,1,1,1,69f0cb4491a1fd577b6c1af78119fa843dac41862a4e9483fd3c8e414791a45f,4,20,4,0,1,False,False,233,49,0.21030042918454936,0.018518518518518517,0.04283216783216783,4,69f0cb4491a1fd577b6c1af78119fa843dac41862a4e9483fd3c8e414791a45f,69f0cb4491a1fd577b6c1af78119fa843dac41862a4e9483fd3c8e414791a45f,,False,True,PREEXISTING
True,True,True,True,True,True,True,True,True,True,True,False,original,14,2014-07-01 07:00:00,weekday,6,1.0,scenario2,MATCHING_SEGMENT_FOUND,30,30,16,0,960,960,30,0,960,0,32,1,1,233,1.0,1,147.04,20,20.0,20.0,0,0,0,0,1,1,1,d0ca4df7b4ef8ef8330fc3c3fb6df6da237f2c8759fa1a08b551c3b0267a5cc1,29,20,4,0,1,False,False,233,49,0.21030042918454936,0.018518518518518517,0.04283216783216783,29,d0ca4df7b4ef8ef8330fc3c3fb6df6da237f2c8759fa1a08b551c3b0267a5cc1,d0ca4df7b4ef8ef8330fc3c3fb6df6da237f2c8759fa1a08b551c3b0267a5cc1,,False,True,PREEXISTING
True,True,True,True,True,True,True,True,True,True,True,False,original,14,2014-07-01 07:00:00,weekday,2,1.0,scenario2,MATCHING_SEGMENT_FOUND,30,30,16,0,960,960,30,0,960,0,32,1,1,233,1.0,1,147.04,20,20.0,20.0,0,0,0,0,1,1,1,62de03d338e81fffb1fe886b83637755e48f7109d103cb5c35e3be82a6942085,15,20,4,0,1,False,False,233,49,0.21030042918454936,0.018518518518518517,0.04283216783216783,15,62de03d338e81fffb1fe886b83637755e48f7109d103cb5c35e3be82a6942085,62de03d338e81fffb1fe886b83637755e48f7109d103cb5c35e3be82a6942085,,False,True,PREEXISTING
True,True,True,True,True,True,True,True,True,True,True,False,original,14,2014-07-01 07:00:00,weekday,7,1.0,scenario2,MATCHING_SEGMENT_FOUND,30,30,16,0,960,960,30,0,960,0,32,1,1,233,3.0,3,146.98,20,20.0,20.0,0,0,0,0,1,1,1,82cd778248b58abce2dd437ff3430d422a5f31f0857456cb0806c4bbf75c2f84,1,20,4,0,1,False,False,233,49,0.21030042918454936,0.018518518518518517,0.04283216783216783,1,82cd778248b58abce2dd437ff3430d422a5f31f0857456cb0806c4bbf75c2f84,82cd778248b58abce2dd437ff3430d422a5f31f0857456cb0806c4bbf75c2f84,,False,True,PREEXISTING
True,True,True,True,True,True,True,True,True,True,True,False,original,14,2014-07-01 07:00:00,weekday,1,1.0,scenario2,MATCHING_SEGMENT_FOUND,30,30,16,0,960,960,30,0,960,0,32,1,1,233,3.0,3,146.98,20,20.0,20.0,0,0,0,0,1,1,1,096eb71f46b469fc4f1cc7d4ed984088c225a66b3cfbaad900f9fc8fd6e6985c,15,20,4,0,1,False,False,233,49,0.21030042918454936,0.018518518518518517,0.04283216783216783,15,096eb71f46b469fc4f1cc7d4ed984088c225a66b3cfbaad900f9fc8fd6e6985c,096eb71f46b469fc4f1cc7d4ed984088c225a66b3cfbaad900f9fc8fd6e6985c,,False,True,PREEXISTING
True,True,True,True,True,True,True,True,True,True,True,False,original,14,2014-07-01 07:00:00,weekday,8,1.0,scenario2,MATCHING_SEGMENT_FOUND,30,30,16,0,960,960,30,0,960,0,32,1,1,233,4.0,4,146.81,20,20.0,20.0,0,0,0,0,1,1,1,8707a46b07890e9f3d4b42af5e0aab7361dc144e7986f25d90e421a33089bd83,29,20,4,0,1,False,False,233,49,0.21030042918454936,0.018518518518518517,0.04283216783216783,29,8707a46b07890e9f3d4b42af5e0aab7361dc144e7986f25d90e421a33089bd83,8707a46b07890e9f3d4b42af5e0aab7361dc144e7986f25d90e421a33089bd83,,False,True,PREEXISTING
True,True,True,True,True,True,True,True,True,True,True,False,original,14,2014-07-01 07:00:00,weekday,0,1.0,scenario2,MATCHING_SEGMENT_FOUND,30,30,16,0,960,960,30,0,960,0,32,1,1,233,4.0,4,146.82,20,20.0,20.0,0,0,0,0,1,1,1,b8ff4e0cd1bf15ed47968cde6ad2530bfe3d56b991c289d66df5ed3a4ea01ca1,4,20,4,0,1,False,False,233,49,0.21030042918454936,0.018518518518518517,0.04283216783216783,4,b8ff4e0cd1bf15ed47968cde6ad2530bfe3d56b991c289d66df5ed3a4ea01ca1,b8ff4e0cd1bf15ed47968cde6ad2530bfe3d56b991c289d66df5ed3a4ea01ca1,,False,True,PREEXISTING
True,True,True,True,True,True,True,True,True,True,True,False,original,14,2014-07-01 07:00:00,weekday,9,1.0,scenario2,MATCHING_SEGMENT_FOUND,30,30,16,0,960,960,30,0,960,0,32,1,1,233,4.0,4,146.79999999999998,20,20.0,20.0,0,0,0,0,1,1,1,1928f40ce31bf6bd47fb15c046e5d7db5c6f2744acdbf86090d49adc6860aaca,19,20,4,0,1,False,False,233,49,0.21030042918454936,0.018518518518518517,0.04283216783216783,19,1928f40ce31bf6bd47fb15c046e5d7db5c6f2744acdbf86090d49adc6860aaca,1928f40ce31bf6bd47fb15c046e5d7db5c6f2744acdbf86090d49adc6860aaca,,False,True,PREEXISTING
True,True,True,True,True,True,True,True,True,True,True,False,original,14,2014-07-01 07:00:00,time,47,14.0,scenario3,EXISTING_SEGMENTS_BELOW_L_MATCH,30,30,16,0,960,960,30,0,960,0,32,2,2,60,1.5,3,12.15,0,0.0,0.0,2,0,0,0,0,0,0,1d6aceb15e1eb3c57c244b3dd8a92f8fa98616dc132bdc672777483c3964faec,16,0,4,4,0,False,False,30,15,0.5,0.015384615384615385,0.015384615384615385,27,751ff6dd1c000ba3e7a4f183d7af5beb57d58ecb99c887199ef2e607e8ceab1e,,751ff6dd1c000ba3e7a4f183d7af5beb57d58ecb99c887199ef2e607e8ceab1e,True,False,POST_OBSERVATION_CREATED
True,True,True,True,True,True,True,True,True,True,True,False,original,14,2014-07-01 07:00:00,time,46,14.0,scenario3,EXISTING_SEGMENTS_BELOW_L_MATCH,30,30,16,0,960,960,30,0,960,0,32,2,2,60,1.5,3,12.15,0,0.0,0.0,2,0,0,0,0,0,0,ecdd95055f5c81c83cffd93b92e65240ffde4224f7497eaeafb10da6468b8f68,21,0,4,4,0,False,False,30,19,0.6333333333333333,0.01956745623069001,0.01956745623069001,4,3753699c2c73d60d342427b42f6193b273b3e154d6c93c6e23c57d021adb9edd,,3753699c2c73d60d342427b42f6193b273b3e154d6c93c6e23c57d021adb9edd,True,False,POST_OBSERVATION_CREATED
True,True,True,True,True,True,True,True,True,True,True,False,original,14,2014-07-01 07:00:00,time,48,14.0,scenario3,EXISTING_SEGMENTS_BELOW_L_MATCH,30,30,16,0,960,960,30,0,960,0,32,3,3,90,0.3333333333333333,1,14.986666666666666,3,1.6666666666666667,2.0,1,0,1,1,0,0,0,5b181baeb93d0b2e43c346ff29c3fef1a19c62c87637683157b510f184a8e483,4,3,4,1,0,False,False,30,18,0.6,0.018518518518518517,0.018518518518518517,27,a5090ba18c78a7317d997a66de8ff707b765af9dd241bc218bc6b97e04f50969,,a5090ba18c78a7317d997a66de8ff707b765af9dd241bc218bc6b97e04f50969,True,False,POST_OBSERVATION_CREATED
True,True,True,True,True,True,True,True,True,True,True,False,original,14,2014-07-01 07:00:00,time,45,14.0,scenario3,EXISTING_SEGMENTS_BELOW_L_MATCH,30,30,16,0,960,960,30,0,960,0,32,3,3,90,1.3333333333333333,2,13.14,1,0.3333333333333333,0.0,2,1,0,0,0,0,0,29a21ddd0852be1af15a00406383ebd663b1779770808345e3c697a2f875da6c,14,1,4,3,0,False,False,30,14,0.4666666666666667,0.014344262295081968,0.014344262295081968,25,0a8ac55c2bf781eacb8090d759fa48cacb84ee8b80a41756eba2adb57b17c7af,,0a8ac55c2bf781eacb8090d759fa48cacb84ee8b80a41756eba2adb57b17c7af,True,False,POST_OBSERVATION_CREATED
True,True,True,True,True,True,True,True,True,True,True,False,original,14,2014-07-01 07:00:00,time,49,14.0,scenario3,EXISTING_SEGMENTS_BELOW_L_MATCH,30,30,16,0,960,960,30,0,960,0,32,2,2,60,0.5,1,14.985,3,1.5,1.5,1,0,0,1,0,0,0,d852b95b11cf7d29fc40b5d505524fc1fd7256ed39d06c79bb1430e43aad3293,17,3,4,1,0,False,False,30,18,0.6,0.018518518518518517,0.018518518518518517,13,fbf55b4fe373e85e006cef7fa78f26c84f11f569f7bf8e41e4541f97155d47b4,,fbf55b4fe373e85e006cef7fa78f26c84f11f569f7bf8e41e4541f97155d47b4,True,False,POST_OBSERVATION_CREATED
True,True,True,True,True,True,True,True,True,True,True,False,original,14,2014-07-01 07:00:00,time,44,14.0,scenario3,EXISTING_SEGMENTS_BELOW_L_MATCH,30,30,16,0,960,960,30,0,960,0,32,4,4,120,1.25,3,13.690000000000001,3,1.0,0.5,2,1,0,1,0,0,0,e8985af7b4c48074488d7dac9675fe1b06fe25b44224fb23be3b0fa0c4b057ef,29,3,4,1,0,False,False,30,18,0.6,0.018518518518518517,0.018518518518518517,30,8199183264d31c400869233c0c9b7301151aaa67c718c5723c9d1afb2068bd2a,,8199183264d31c400869233c0c9b7301151aaa67c718c5723c9d1afb2068bd2a,True,False,POST_OBSERVATION_CREATED
True,True,True,True,True,True,True,True,True,True,True,False,original,14,2014-07-01 07:00:00,time,50,14.0,scenario3,EXISTING_SEGMENTS_BELOW_L_MATCH,30,30,16,0,960,960,30,0,960,0,32,1,1,30,0.0,0,15.0,0,0.0,0.0,1,0,0,0,0,0,0,2e4c159d24d1c6916483c7ebcdc42236f1112c66915b47db4441e2ccd4808d60,16,0,4,4,0,False,False,30,19,0.6333333333333333,0.01956745623069001,0.01956745623069001,7,8f09739cac1399cc24f21be0b4ba250e1e3487e3b2902b8a30093613432ca1d1,,8f09739cac1399cc24f21be0b4ba250e1e3487e3b2902b8a30093613432ca1d1,True,False,POST_OBSERVATION_CREATED
True,True,True,True,True,True,True,True,True,True,True,False,original,14,2014-07-01 07:00:00,time,43,14.0,scenario2,MATCHING_SEGMENT_FOUND,30,30,16,0,960,960,30,0,960,0,32,5,5,167,1.0,2,16.582,4,1.2,1.0,2,2,0,0,1,1,1,e6b0f6d48547dabfb8c614cef462e04e92abd672a3dbf8e5be738a85d8613590,1,4,4,0,1,False,False,47,22,0.46808510638297873,0.017471736896197326,0.02233502538071066,1,e6b0f6d48547dabfb8c614cef462e04e92abd672a3dbf8e5be738a85d8613590,e6b0f6d48547dabfb8c614cef462e04e92abd672a3dbf8e5be738a85d8613590,,False,True,PREEXISTING
True,True,True,True,True,True,True,True,True,True,True,False,original,14,2014-07-01 07:00:00,time,51,14.0,scenario3,NO_EXISTING_SEGMENT_IN_COLUMN,30,30,16,0,960,960,30,0,960,0,32,0,0,0,0.0,0,0.0,0,0.0,0.0,0,0,0,0,0,0,0,,,0,4,4,0,False,False,0,0,0.0,0.0,0.0,22,981954d66456b207a4714818506146b6396c277d77b018cdae2fca9dcaed522f,,981954d66456b207a4714818506146b6396c277d77b018cdae2fca9dcaed522f,True,False,POST_OBSERVATION_CREATED
True,True,True,True,True,True,True,True,True,True,True,False,original,14,2014-07-01 07:00:00,time,42,14.0,scenario2,MATCHING_SEGMENT_FOUND,30,30,16,0,960,960,30,0,960,0,32,4,4,156,0.75,1,20.0425,11,4.0,2.5,1,0,1,1,1,1,1,1c80a46657132e6d45909c3745f5a1202a5410a9cab783cd8e7aeaedb3705c85,17,11,4,0,1,False,False,30,11,0.36666666666666664,0.011235955056179775,0.011235955056179775,17,1c80a46657132e6d45909c3745f5a1202a5410a9cab783cd8e7aeaedb3705c85,1c80a46657132e6d45909c3745f5a1202a5410a9cab783cd8e7aeaedb3705c85,,False,True,PREEXISTING
True,True,True,True,True,True,True,True,True,True,True,False,original,14,2014-07-01 07:00:00,passenger,255,13857.0,scenario3,NO_EXISTING_SEGMENT_IN_COLUMN,30,30,16,0,960,960,30,0,960,0,32,0,0,0,0.0,0,0.0,0,0.0,0.0,0,0,0,0,0,0,0,,,0,4,4,0,False,False,0,0,0.0,0.0,0.0,18,847b991eeab4f3483a81d3ebbf0bf9943b5c3fa9f91fdf33e5db78eb75a43654,,847b991eeab4f3483a81d3ebbf0bf9943b5c3fa9f91fdf33e5db78eb75a43654,True,False,POST_OBSERVATION_CREATED
True,True,True,True,True,True,True,True,True,True,True,False,original,14,2014-07-01 07:00:00,passenger,254,13857.0,scenario3,NO_EXISTING_SEGMENT_IN_COLUMN,30,30,16,0,960,960,30,0,960,0,32,0,0,0,0.0,0,0.0,0,0.0,0.0,0,0,0,0,0,0,0,,,0,4,4,0,False,False,0,0,0.0,0.0,0.0,4,273491559269b8e05aa60115264608e6a8bc0b39ee77ade31c0afebe28a71f71,,273491559269b8e05aa60115264608e6a8bc0b39ee77ade31c0afebe28a71f71,True,False,POST_OBSERVATION_CREATED
True,True,True,True,True,True,True,True,True,True,True,False,original,14,2014-07-01 07:00:00,passenger,256,13857.0,scenario3,NO_EXISTING_SEGMENT_IN_COLUMN,30,30,16,0,960,960,30,0,960,0,32,0,0,0,0.0,0,0.0,0,0.0,0.0,0,0,0,0,0,0,0,,,0,4,4,0,False,False,0,0,0.0,0.0,0.0,24,c287bf63aad24c90877d65adca7f822d4f00d82085b0d12244f8705ff86d74df,,c287bf63aad24c90877d65adca7f822d4f00d82085b0d12244f8705ff86d74df,True,False,POST_OBSERVATION_CREATED
True,True,True,True,True,True,True,True,True,True,True,False,original,14,2014-07-01 07:00:00,passenger,253,13857.0,scenario3,NO_EXISTING_SEGMENT_IN_COLUMN,30,30,16,0,960,960,30,0,960,0,32,0,0,0,0.0,0,0.0,0,0.0,0.0,0,0,0,0,0,0,0,,,0,4,4,0,False,False,0,0,0.0,0.0,0.0,4,bceb61679cb4def03992a46a83b40f680637a64bce721ca8c28a5a079a4351d1,,bceb61679cb4def03992a46a83b40f680637a64bce721ca8c28a5a079a4351d1,True,False,POST_OBSERVATION_CREATED
True,True,True,True,True,True,True,True,True,True,True,False,original,14,2014-07-01 07:00:00,passenger,257,13857.0,scenario3,NO_EXISTING_SEGMENT_IN_COLUMN,30,30,16,0,960,960,30,0,960,0,32,0,0,0,0.0,0,0.0,0,0.0,0.0,0,0,0,0,0,0,0,,,0,4,4,0,False,False,0,0,0.0,0.0,0.0,6,6e87c0c80c246c16d348d8f93b98198e65048dc6adc921d65f31c3469d788432,,6e87c0c80c246c16d348d8f93b98198e65048dc6adc921d65f31c3469d788432,True,False,POST_OBSERVATION_CREATED
True,True,True,True,True,True,True,True,True,True,True,False,original,14,2014-07-01 07:00:00,passenger,252,13857.0,scenario3,NO_EXISTING_SEGMENT_IN_COLUMN,30,30,16,0,960,960,30,0,960,0,32,0,0,0,0.0,0,0.0,0,0.0,0.0,0,0,0,0,0,0,0,,,0,4,4,0,False,False,0,0,0.0,0.0,0.0,22,aa78d8afc56aacbbe04aff07f3d2d9cef8c60a4e7714f04e1afb6ced4d6a3e91,,aa78d8afc56aacbbe04aff07f3d2d9cef8c60a4e7714f04e1afb6ced4d6a3e91,True,False,POST_OBSERVATION_CREATED
True,True,True,True,True,True,True,True,True,True,True,False,original,14,2014-07-01 07:00:00,passenger,258,13857.0,scenario3,NO_EXISTING_SEGMENT_IN_COLUMN,30,30,16,0,960,960,30,0,960,0,32,0,0,0,0.0,0,0.0,0,0.0,0.0,0,0,0,0,0,0,0,,,0,4,4,0,False,False,0,0,0.0,0.0,0.0,21,dbc1caef117dd0f6ebd841f804bc206517fb978de2d2f1a5029a935a0c43c18a,,dbc1caef117dd0f6ebd841f804bc206517fb978de2d2f1a5029a935a0c43c18a,True,False,POST_OBSERVATION_CREATED
True,True,True,True,True,True,True,True,True,True,True,False,original,14,2014-07-01 07:00:00,passenger,251,13857.0,scenario3,NO_EXISTING_SEGMENT_IN_COLUMN,30,30,16,0,960,960,30,0,960,0,32,0,0,0,0.0,0,0.0,0,0.0,0.0,0,0,0,0,0,0,0,,,0,4,4,0,False,False,0,0,0.0,0.0,0.0,7,9d76decf1d8730257e3eec1d9cc313d38c3df52290b24283b400a99807bb3627,,9d76decf1d8730257e3eec1d9cc313d38c3df52290b24283b400a99807bb3627,True,False,POST_OBSERVATION_CREATED
True,True,True,True,True,True,True,True,True,True,True,False,original,14,2014-07-01 07:00:00,passenger,259,13857.0,scenario3,NO_EXISTING_SEGMENT_IN_COLUMN,30,30,16,0,960,960,30,0,960,0,32,0,0,0,0.0,0,0.0,0,0.0,0.0,0,0,0,0,0,0,0,,,0,4,4,0,False,False,0,0,0.0,0.0,0.0,25,2a44fa7d9b5cb845260986c56cbcfa5bcd973f3dc12bed0e009fc2c95a11b75f,,2a44fa7d9b5cb845260986c56cbcfa5bcd973f3dc12bed0e009fc2c95a11b75f,True,False,POST_OBSERVATION_CREATED
True,True,True,True,True,True,True,True,True,True,True,False,original,14,2014-07-01 07:00:00,passenger,250,13857.0,scenario3,NO_EXISTING_SEGMENT_IN_COLUMN,30,30,16,0,960,960,30,0,960,0,32,0,0,0,0.0,0,0.0,0,0.0,0.0,0,0,0,0,0,0,0,,,0,4,4,0,False,False,0,0,0.0,0.0,0.0,25,a6b395b782836be9893226d5be227d0515feb6d331395447bec0c10f2b470fd4,,a6b395b782836be9893226d5be227d0515feb6d331395447bec0c10f2b470fd4,True,False,POST_OBSERVATION_CREATED
True,True,True,True,True,True,True,True,True,True,True,False,original,15,2014-07-01 07:30:00,weekday,4,1.0,scenario2,MATCHING_SEGMENT_FOUND,30,30,17,0,960,960,30,0,960,0,32,1,1,252,0.0,0,158.6,20,20.0,20.0,0,0,0,0,1,1,1,8aeed2abd0f847e0b8500715486ecfcc55670f2b3385c6aeb419a3a0678f1913,30,20,4,0,1,False,False,252,45,0.17857142857142858,0.01020408163265306,0.038560411311053984,30,8aeed2abd0f847e0b8500715486ecfcc55670f2b3385c6aeb419a3a0678f1913,8aeed2abd0f847e0b8500715486ecfcc55670f2b3385c6aeb419a3a0678f1913,,False,True,PREEXISTING
True,True,True,True,True,True,True,True,True,True,True,False,original,15,2014-07-01 07:30:00,weekday,5,1.0,scenario2,MATCHING_SEGMENT_FOUND,30,30,17,0,960,960,30,0,960,0,32,1,1,252,0.0,0,158.6,20,20.0,20.0,0,0,0,0,1,1,1,64080601c3be5fe7030e7eb69924a6cafe76e2b467b4a5630a9f7de522aa39db,10,20,4,0,1,False,False,252,45,0.17857142857142858,0.01020408163265306,0.038560411311053984,10,64080601c3be5fe7030e7eb69924a6cafe76e2b467b4a5630a9f7de522aa39db,64080601c3be5fe7030e7eb69924a6cafe76e2b467b4a5630a9f7de522aa39db,,False,True,PREEXISTING
True,True,True,True,True,True,True,True,True,True,True,False,original,15,2014-07-01 07:30:00,weekday,3,1.0,scenario2,MATCHING_SEGMENT_FOUND,30,30,17,0,960,960,30,0,960,0,32,1,1,252,1.0,1,158.56,20,20.0,20.0,0,0,0,0,1,1,1,69f0cb4491a1fd577b6c1af78119fa843dac41862a4e9483fd3c8e414791a45f,4,20,4,0,1,False,False,252,45,0.17857142857142858,0.01020408163265306,0.038560411311053984,4,69f0cb4491a1fd577b6c1af78119fa843dac41862a4e9483fd3c8e414791a45f,69f0cb4491a1fd577b6c1af78119fa843dac41862a4e9483fd3c8e414791a45f,,False,True,PREEXISTING
True,True,True,True,True,True,True,True,True,True,True,False,original,15,2014-07-01 07:30:00,weekday,6,1.0,scenario2,MATCHING_SEGMENT_FOUND,30,30,17,0,960,960,30,0,960,0,32,1,1,252,1.0,1,158.54,20,20.0,20.0,0,0,0,0,1,1,1,d0ca4df7b4ef8ef8330fc3c3fb6df6da237f2c8759fa1a08b551c3b0267a5cc1,29,20,4,0,1,False,False,252,45,0.17857142857142858,0.01020408163265306,0.038560411311053984,29,d0ca4df7b4ef8ef8330fc3c3fb6df6da237f2c8759fa1a08b551c3b0267a5cc1,d0ca4df7b4ef8ef8330fc3c3fb6df6da237f2c8759fa1a08b551c3b0267a5cc1,,False,True,PREEXISTING
True,True,True,True,True,True,True,True,True,True,True,False,original,15,2014-07-01 07:30:00,weekday,2,1.0,scenario2,MATCHING_SEGMENT_FOUND,30,30,17,0,960,960,30,0,960,0,32,1,1,252,1.0,1,158.54,20,20.0,20.0,0,0,0,0,1,1,1,62de03d338e81fffb1fe886b83637755e48f7109d103cb5c35e3be82a6942085,15,20,4,0,1,False,False,252,45,0.17857142857142858,0.01020408163265306,0.038560411311053984,15,62de03d338e81fffb1fe886b83637755e48f7109d103cb5c35e3be82a6942085,62de03d338e81fffb1fe886b83637755e48f7109d103cb5c35e3be82a6942085,,False,True,PREEXISTING
True,True,True,True,True,True,True,True,True,True,True,False,original,15,2014-07-01 07:30:00,weekday,7,1.0,scenario2,MATCHING_SEGMENT_FOUND,30,30,17,0,960,960,30,0,960,0,32,1,1,252,3.0,3,158.48,20,20.0,20.0,0,0,0,0,1,1,1,82cd778248b58abce2dd437ff3430d422a5f31f0857456cb0806c4bbf75c2f84,1,20,4,0,1,False,False,252,45,0.17857142857142858,0.01020408163265306,0.038560411311053984,1,82cd778248b58abce2dd437ff3430d422a5f31f0857456cb0806c4bbf75c2f84,82cd778248b58abce2dd437ff3430d422a5f31f0857456cb0806c4bbf75c2f84,,False,True,PREEXISTING
True,True,True,True,True,True,True,True,True,True,True,False,original,15,2014-07-01 07:30:00,weekday,1,1.0,scenario2,MATCHING_SEGMENT_FOUND,30,30,17,0,960,960,30,0,960,0,32,1,1,252,3.0,3,158.48,20,20.0,20.0,0,0,0,0,1,1,1,096eb71f46b469fc4f1cc7d4ed984088c225a66b3cfbaad900f9fc8fd6e6985c,15,20,4,0,1,False,False,252,45,0.17857142857142858,0.01020408163265306,0.038560411311053984,15,096eb71f46b469fc4f1cc7d4ed984088c225a66b3cfbaad900f9fc8fd6e6985c,096eb71f46b469fc4f1cc7d4ed984088c225a66b3cfbaad900f9fc8fd6e6985c,,False,True,PREEXISTING
True,True,True,True,True,True,True,True,True,True,True,False,original,15,2014-07-01 07:30:00,weekday,8,1.0,scenario2,MATCHING_SEGMENT_FOUND,30,30,17,0,960,960,30,0,960,0,32,1,1,252,4.0,4,158.28,20,20.0,20.0,0,0,0,0,1,1,1,8707a46b07890e9f3d4b42af5e0aab7361dc144e7986f25d90e421a33089bd83,29,20,4,0,1,False,False,252,45,0.17857142857142858,0.01020408163265306,0.038560411311053984,29,8707a46b07890e9f3d4b42af5e0aab7361dc144e7986f25d90e421a33089bd83,8707a46b07890e9f3d4b42af5e0aab7361dc144e7986f25d90e421a33089bd83,,False,True,PREEXISTING
True,True,True,True,True,True,True,True,True,True,True,False,original,15,2014-07-01 07:30:00,weekday,0,1.0,scenario2,MATCHING_SEGMENT_FOUND,30,30,17,0,960,960,30,0,960,0,32,1,1,252,4.0,4,158.29,20,20.0,20.0,0,0,0,0,1,1,1,b8ff4e0cd1bf15ed47968cde6ad2530bfe3d56b991c289d66df5ed3a4ea01ca1,4,20,4,0,1,False,False,252,45,0.17857142857142858,0.01020408163265306,0.038560411311053984,4,b8ff4e0cd1bf15ed47968cde6ad2530bfe3d56b991c289d66df5ed3a4ea01ca1,b8ff4e0cd1bf15ed47968cde6ad2530bfe3d56b991c289d66df5ed3a4ea01ca1,,False,True,PREEXISTING
True,True,True,True,True,True,True,True,True,True,True,False,original,15,2014-07-01 07:30:00,weekday,9,1.0,scenario2,MATCHING_SEGMENT_FOUND,30,30,17,0,960,960,30,0,960,0,32,1,1,252,4.0,4,158.26999999999998,20,20.0,20.0,0,0,0,0,1,1,1,1928f40ce31bf6bd47fb15c046e5d7db5c6f2744acdbf86090d49adc6860aaca,19,20,4,0,1,False,False,252,45,0.17857142857142858,0.01020408163265306,0.038560411311053984,19,1928f40ce31bf6bd47fb15c046e5d7db5c6f2744acdbf86090d49adc6860aaca,1928f40ce31bf6bd47fb15c046e5d7db5c6f2744acdbf86090d49adc6860aaca,,False,True,PREEXISTING
True,True,True,True,True,True,True,True,True,True,True,False,original,15,2014-07-01 07:30:00,time,48,15.0,scenario2,MATCHING_SEGMENT_FOUND,30,30,17,0,960,960,30,0,960,0,32,4,4,120,0.5,1,14.98,4,1.75,1.5,1,1,1,0,1,1,1,a5090ba18c78a7317d997a66de8ff707b765af9dd241bc218bc6b97e04f50969,27,4,4,0,1,False,False,30,19,0.6333333333333333,0.01956745623069001,0.01956745623069001,27,a5090ba18c78a7317d997a66de8ff707b765af9dd241bc218bc6b97e04f50969,a5090ba18c78a7317d997a66de8ff707b765af9dd241bc218bc6b97e04f50969,,False,True,PREEXISTING
True,True,True,True,True,True,True,True,True,True,True,False,original,15,2014-07-01 07:30:00,time,49,15.0,scenario1,CORRECTLY_PREDICTED_CELL_AVAILABLE,30,30,17,0,960,960,30,0,960,0,32,3,3,90,0.6666666666666666,1,14.976666666666667,3,1.0,0.0,2,0,0,1,0,0,0,d0cbe7c76381a522fbc5407d8cc6972f242af099d0562a7e068eaaf7ee00cb2b,10,3,4,1,0,False,False,30,18,0.6,0.018518518518518517,0.018518518518518517,10,d0cbe7c76381a522fbc5407d8cc6972f242af099d0562a7e068eaaf7ee00cb2b,d0cbe7c76381a522fbc5407d8cc6972f242af099d0562a7e068eaaf7ee00cb2b,,False,True,PREEXISTING
True,True,True,True,True,True,True,True,True,True,True,False,original,15,2014-07-01 07:30:00,time,47,15.0,scenario2,MATCHING_SEGMENT_FOUND,30,30,17,0,960,960,30,0,960,0,32,3,3,90,1.3333333333333333,4,13.066666666666668,10,4.666666666666667,4.0,1,0,0,0,2,2,2,1d6aceb15e1eb3c57c244b3dd8a92f8fa98616dc132bdc672777483c3964faec,16,10,4,0,2,True,True,30,18,0.6,0.018518518518518517,0.018518518518518517,16,1d6aceb15e1eb3c57c244b3dd8a92f8fa98616dc132bdc672777483c3964faec,1d6aceb15e1eb3c57c244b3dd8a92f8fa98616dc132bdc672777483c3964faec,,False,True,PREEXISTING
True,True,True,True,True,True,True,True,True,True,True,False,original,15,2014-07-01 07:30:00,time,50,15.0,scenario1,CORRECTLY_PREDICTED_CELL_AVAILABLE,30,30,17,0,960,960,30,0,960,0,32,2,2,60,0.5,1,14.98,3,1.5,1.5,1,0,0,1,0,0,0,2e4c159d24d1c6916483c7ebcdc42236f1112c66915b47db4441e2ccd4808d60,16,3,4,1,0,False,False,30,18,0.6,0.018518518518518517,0.018518518518518517,16,2e4c159d24d1c6916483c7ebcdc42236f1112c66915b47db4441e2ccd4808d60,2e4c159d24d1c6916483c7ebcdc42236f1112c66915b47db4441e2ccd4808d60,,False,True,PREEXISTING
True,True,True,True,True,True,True,True,True,True,True,False,original,15,2014-07-01 07:30:00,time,46,15.0,scenario3,EXISTING_SEGMENTS_BELOW_L_MATCH,30,30,17,0,960,960,30,0,960,0,32,3,3,90,1.3333333333333333,4,13.066666666666668,0,0.0,0.0,3,0,0,0,0,0,0,3753699c2c73d60d342427b42f6193b273b3e154d6c93c6e23c57d021adb9edd,4,0,4,4,0,False,False,30,19,0.6333333333333333,0.01956745623069001,0.01956745623069001,3,8a9cc5110182397fc1fa7196db399cad442a64fd54bc98b85ad2b94a045b9470,,8a9cc5110182397fc1fa7196db399cad442a64fd54bc98b85ad2b94a045b9470,True,False,POST_OBSERVATION_CREATED
True,True,True,True,True,True,True,True,True,True,True,False,original,15,2014-07-01 07:30:00,time,51,15.0,scenario3,PREDICTED_TIME_INVALID,30,30,17,0,960,960,30,0,960,0,32,1,1,30,0.0,0,15.0,0,0.0,0.0,1,0,0,0,0,0,0,981954d66456b207a4714818506146b6396c277d77b018cdae2fca9dcaed522f,22,0,4,4,0,False,False,30,19,0.6333333333333333,0.01956745623069001,0.01956745623069001,28,1e56d0b84e5b34437b7f7dcb8ada16b5e784d4cee24a9f76ad6bc5bba8b19770,,1e56d0b84e5b34437b7f7dcb8ada16b5e784d4cee24a9f76ad6bc5bba8b19770,True,False,POST_OBSERVATION_CREATED
True,True,True,True,True,True,True,True,True,True,True,False,original,15,2014-07-01 07:30:00,time,45,15.0,scenario3,EXISTING_SEGMENTS_BELOW_L_MATCH,30,30,17,0,960,960,30,0,960,0,32,4,4,120,1.25,3,13.58,3,0.75,0.0,3,0,0,1,0,0,0,aa0c79103b3ed680a18bbc3e8efa116725c76ab0ee549cc3412876514c2ca586,30,3,4,1,0,False,False,30,18,0.6,0.018518518518518517,0.018518518518518517,27,a958bd6323059bec91d01dc85f356a4a8f648b088accb7da97e4d0ada31c192b,,a958bd6323059bec91d01dc85f356a4a8f648b088accb7da97e4d0ada31c192b,True,False,POST_OBSERVATION_CREATED
True,True,True,True,True,True,True,True,True,True,True,False,original,15,2014-07-01 07:30:00,time,52,15.0,scenario3,NO_EXISTING_SEGMENT_IN_COLUMN,30,30,17,0,960,960,30,0,960,0,32,0,0,0,0.0,0,0.0,0,0.0,0.0,0,0,0,0,0,0,0,,,0,4,4,0,False,False,0,0,0.0,0.0,0.0,17,b2534613617df774f4d910df48cfa9898921bc9e7844be189144487f603c8305,,b2534613617df774f4d910df48cfa9898921bc9e7844be189144487f603c8305,True,False,POST_OBSERVATION_CREATED
True,True,True,True,True,True,True,True,True,True,True,False,original,15,2014-07-01 07:30:00,time,44,15.0,scenario2,MATCHING_SEGMENT_FOUND,30,30,17,0,960,960,30,0,960,0,32,5,5,150,1.2,3,13.943999999999999,10,2.6,0.0,3,0,0,1,1,1,1,f0c76bf8a34aff501fcbd475f70d49a4446952726aad1810a577593ccc786255,9,10,4,0,1,False,False,30,12,0.4,0.012269938650306749,0.012269938650306749,9,f0c76bf8a34aff501fcbd475f70d49a4446952726aad1810a577593ccc786255,f0c76bf8a34aff501fcbd475f70d49a4446952726aad1810a577593ccc786255,,False,True,PREEXISTING
True,True,True,True,True,True,True,True,True,True,True,False,original,15,2014-07-01 07:30:00,time,53,15.0,scenario3,NO_EXISTING_SEGMENT_IN_COLUMN,30,30,17,0,960,960,30,0,960,0,32,0,0,0,0.0,0,0.0,0,0.0,0.0,0,0,0,0,0,0,0,,,0,4,4,0,False,False,0,0,0.0,0.0,0.0,27,5f831093ef0f77dccdfed347d98a44d4d8061d421a084e877ddeb01f9a29571e,,5f831093ef0f77dccdfed347d98a44d4d8061d421a084e877ddeb01f9a29571e,True,False,POST_OBSERVATION_CREATED
True,True,True,True,True,True,True,True,True,True,True,False,original,15,2014-07-01 07:30:00,passenger,279,15865.0,scenario3,NO_EXISTING_SEGMENT_IN_COLUMN,30,30,17,0,960,960,30,0,960,0,32,0,0,0,0.0,0,0.0,0,0.0,0.0,0,0,0,0,0,0,0,,,0,4,4,0,False,False,0,0,0.0,0.0,0.0,13,25dd5879a2d8fbea6b302f73bca467fb964dca7cc3fafc3f01a8d1049190f03f,,25dd5879a2d8fbea6b302f73bca467fb964dca7cc3fafc3f01a8d1049190f03f,True,False,POST_OBSERVATION_CREATED
True,True,True,True,True,True,True,True,True,True,True,False,original,15,2014-07-01 07:30:00,passenger,278,15865.0,scenario3,NO_EXISTING_SEGMENT_IN_COLUMN,30,30,17,0,960,960,30,0,960,0,32,0,0,0,0.0,0,0.0,0,0.0,0.0,0,0,0,0,0,0,0,,,0,4,4,0,False,False,0,0,0.0,0.0,0.0,5,217596ca5e137ac74117e1197dae69e443038aac87cabd5f7db3795f4c23ca82,,217596ca5e137ac74117e1197dae69e443038aac87cabd5f7db3795f4c23ca82,True,False,POST_OBSERVATION_CREATED
True,True,True,True,True,True,True,True,True,True,True,False,original,15,2014-07-01 07:30:00,passenger,280,15865.0,scenario3,NO_EXISTING_SEGMENT_IN_COLUMN,30,30,17,0,960,960,30,0,960,0,32,0,0,0,0.0,0,0.0,0,0.0,0.0,0,0,0,0,0,0,0,,,0,4,4,0,False,False,0,0,0.0,0.0,0.0,17,f8cd24a05cca0788357e3805d8eaceaa320f0794bb37d26227981d120a760431,,f8cd24a05cca0788357e3805d8eaceaa320f0794bb37d26227981d120a760431,True,False,POST_OBSERVATION_CREATED
True,True,True,True,True,True,True,True,True,True,True,False,original,15,2014-07-01 07:30:00,passenger,277,15865.0,scenario3,NO_EXISTING_SEGMENT_IN_COLUMN,30,30,17,0,960,960,30,0,960,0,32,0,0,0,0.0,0,0.0,0,0.0,0.0,0,0,0,0,0,0,0,,,0,4,4,0,False,False,0,0,0.0,0.0,0.0,21,f58e6aad136548e6ed6c3fe1f5e322e3e89f0ac5b8319b395bb78e82857cf6b0,,f58e6aad136548e6ed6c3fe1f5e322e3e89f0ac5b8319b395bb78e82857cf6b0,True,False,POST_OBSERVATION_CREATED
True,True,True,True,True,True,True,True,True,True,True,False,original,15,2014-07-01 07:30:00,passenger,281,15865.0,scenario3,NO_EXISTING_SEGMENT_IN_COLUMN,30,30,17,0,960,960,30,0,960,0,32,0,0,0,0.0,0,0.0,0,0.0,0.0,0,0,0,0,0,0,0,,,0,4,4,0,False,False,0,0,0.0,0.0,0.0,15,f1d636f40c6bcf72daead279cee915e9c86f528f2d1fa1848183b4b37a783790,,f1d636f40c6bcf72daead279cee915e9c86f528f2d1fa1848183b4b37a783790,True,False,POST_OBSERVATION_CREATED
True,True,True,True,True,True,True,True,True,True,True,False,original,15,2014-07-01 07:30:00,passenger,276,15865.0,scenario3,NO_EXISTING_SEGMENT_IN_COLUMN,30,30,17,0,960,960,30,0,960,0,32,0,0,0,0.0,0,0.0,0,0.0,0.0,0,0,0,0,0,0,0,,,0,4,4,0,False,False,0,0,0.0,0.0,0.0,18,36fce728b4dbc12408f04bf8b166c51932b747207deb103ac8718b89298a7e59,,36fce728b4dbc12408f04bf8b166c51932b747207deb103ac8718b89298a7e59,True,False,POST_OBSERVATION_CREATED
True,True,True,True,True,True,True,True,True,True,True,False,original,15,2014-07-01 07:30:00,passenger,282,15865.0,scenario3,NO_EXISTING_SEGMENT_IN_COLUMN,30,30,17,0,960,960,30,0,960,0,32,0,0,0,0.0,0,0.0,0,0.0,0.0,0,0,0,0,0,0,0,,,0,4,4,0,False,False,0,0,0.0,0.0,0.0,3,7a33fd527844968d55a5a12eb49ce348a851ad24f315786ed1b820d854fdf74e,,7a33fd527844968d55a5a12eb49ce348a851ad24f315786ed1b820d854fdf74e,True,False,POST_OBSERVATION_CREATED
True,True,True,True,True,True,True,True,True,True,True,False,original,15,2014-07-01 07:30:00,passenger,275,15865.0,scenario3,NO_EXISTING_SEGMENT_IN_COLUMN,30,30,17,0,960,960,30,0,960,0,32,0,0,0,0.0,0,0.0,0,0.0,0.0,0,0,0,0,0,0,0,,,0,4,4,0,False,False,0,0,0.0,0.0,0.0,16,42c87f46fb3f110266dcfbef343bc1e60f3d2ce700c03ac9a74fd3041953b061,,42c87f46fb3f110266dcfbef343bc1e60f3d2ce700c03ac9a74fd3041953b061,True,False,POST_OBSERVATION_CREATED
True,True,True,True,True,True,True,True,True,True,True,False,original,15,2014-07-01 07:30:00,passenger,283,15865.0,scenario3,NO_EXISTING_SEGMENT_IN_COLUMN,30,30,17,0,960,960,30,0,960,0,32,0,0,0,0.0,0,0.0,0,0.0,0.0,0,0,0,0,0,0,0,,,0,4,4,0,False,False,0,0,0.0,0.0,0.0,22,951495fdd6bf4be4823586e662368847dd26899ae0b38c3776d70a379c325c0f,,951495fdd6bf4be4823586e662368847dd26899ae0b38c3776d70a379c325c0f,True,False,POST_OBSERVATION_CREATED
True,True,True,True,True,True,True,True,True,True,True,False,original,15,2014-07-01 07:30:00,passenger,274,15865.0,scenario3,NO_EXISTING_SEGMENT_IN_COLUMN,30,30,17,0,960,960,30,0,960,0,32,0,0,0,0.0,0,0.0,0,0.0,0.0,0,0,0,0,0,0,0,,,0,4,4,0,False,False,0,0,0.0,0.0,0.0,29,78d1f2b11997b6124e882e09913637269ec03cc9a44d06c3530938b16943715c,,78d1f2b11997b6124e882e09913637269ec03cc9a44d06c3530938b16943715c,True,False,POST_OBSERVATION_CREATED
True,True,True,True,True,True,True,True,True,True,True,False,original,16,2014-07-01 08:00:00,weekday,4,1.0,scenario2,MATCHING_SEGMENT_FOUND,30,30,18,2,896,898,30,2,896,0,32,1,1,270,0.0,0,169.5,21,21.0,21.0,0,0,0,0,1,1,1,8aeed2abd0f847e0b8500715486ecfcc55670f2b3385c6aeb419a3a0678f1913,30,21,4,0,1,False,False,270,41,0.15185185185185185,0.010893246187363835,0.03637976929902396,30,8aeed2abd0f847e0b8500715486ecfcc55670f2b3385c6aeb419a3a0678f1913,8aeed2abd0f847e0b8500715486ecfcc55670f2b3385c6aeb419a3a0678f1913,,False,True,PREEXISTING
True,True,True,True,True,True,True,True,True,True,True,False,original,16,2014-07-01 08:00:00,weekday,5,1.0,scenario2,MATCHING_SEGMENT_FOUND,30,30,18,2,896,898,30,2,896,0,32,1,1,270,0.0,0,169.5,21,21.0,21.0,0,0,0,0,1,1,1,64080601c3be5fe7030e7eb69924a6cafe76e2b467b4a5630a9f7de522aa39db,10,21,4,0,1,False,False,270,41,0.15185185185185185,0.010893246187363835,0.03637976929902396,10,64080601c3be5fe7030e7eb69924a6cafe76e2b467b4a5630a9f7de522aa39db,64080601c3be5fe7030e7eb69924a6cafe76e2b467b4a5630a9f7de522aa39db,,False,True,PREEXISTING
True,True,True,True,True,True,True,True,True,True,True,False,original,16,2014-07-01 08:00:00,weekday,3,1.0,scenario2,MATCHING_SEGMENT_FOUND,30,30,18,2,896,898,30,2,896,0,32,1,1,270,1.0,1,169.46,21,21.0,21.0,0,0,0,0,1,1,1,69f0cb4491a1fd577b6c1af78119fa843dac41862a4e9483fd3c8e414791a45f,4,21,4,0,1,False,False,270,41,0.15185185185185185,0.010893246187363835,0.03637976929902396,4,69f0cb4491a1fd577b6c1af78119fa843dac41862a4e9483fd3c8e414791a45f,69f0cb4491a1fd577b6c1af78119fa843dac41862a4e9483fd3c8e414791a45f,,False,True,PREEXISTING
True,True,True,True,True,True,True,True,True,True,True,False,original,16,2014-07-01 08:00:00,weekday,6,1.0,scenario2,MATCHING_SEGMENT_FOUND,30,30,18,2,896,898,30,2,896,0,32,1,1,270,1.0,1,169.44,21,21.0,21.0,0,0,0,0,1,1,1,d0ca4df7b4ef8ef8330fc3c3fb6df6da237f2c8759fa1a08b551c3b0267a5cc1,29,21,4,0,1,False,False,270,41,0.15185185185185185,0.010893246187363835,0.03637976929902396,29,d0ca4df7b4ef8ef8330fc3c3fb6df6da237f2c8759fa1a08b551c3b0267a5cc1,d0ca4df7b4ef8ef8330fc3c3fb6df6da237f2c8759fa1a08b551c3b0267a5cc1,,False,True,PREEXISTING
True,True,True,True,True,True,True,True,True,True,True,False,original,16,2014-07-01 08:00:00,weekday,2,1.0,scenario2,MATCHING_SEGMENT_FOUND,30,30,18,2,896,898,30,2,896,0,32,1,1,270,1.0,1,169.44,21,21.0,21.0,0,0,0,0,1,1,1,62de03d338e81fffb1fe886b83637755e48f7109d103cb5c35e3be82a6942085,15,21,4,0,1,False,False,270,41,0.15185185185185185,0.010893246187363835,0.03637976929902396,15,62de03d338e81fffb1fe886b83637755e48f7109d103cb5c35e3be82a6942085,62de03d338e81fffb1fe886b83637755e48f7109d103cb5c35e3be82a6942085,,False,True,PREEXISTING
True,True,True,True,True,True,True,True,True,True,True,False,original,16,2014-07-01 08:00:00,weekday,7,1.0,scenario2,MATCHING_SEGMENT_FOUND,30,30,18,2,896,898,30,2,896,0,32,1,1,270,3.0,3,169.38,21,21.0,21.0,0,0,0,0,1,1,1,82cd778248b58abce2dd437ff3430d422a5f31f0857456cb0806c4bbf75c2f84,1,21,4,0,1,False,False,270,41,0.15185185185185185,0.010893246187363835,0.03637976929902396,1,82cd778248b58abce2dd437ff3430d422a5f31f0857456cb0806c4bbf75c2f84,82cd778248b58abce2dd437ff3430d422a5f31f0857456cb0806c4bbf75c2f84,,False,True,PREEXISTING
True,True,True,True,True,True,True,True,True,True,True,False,original,16,2014-07-01 08:00:00,weekday,1,1.0,scenario2,MATCHING_SEGMENT_FOUND,30,30,18,2,896,898,30,2,896,0,32,1,1,270,3.0,3,169.37,21,21.0,21.0,0,0,0,0,1,1,1,096eb71f46b469fc4f1cc7d4ed984088c225a66b3cfbaad900f9fc8fd6e6985c,15,21,4,0,1,False,False,270,41,0.15185185185185185,0.010893246187363835,0.03637976929902396,15,096eb71f46b469fc4f1cc7d4ed984088c225a66b3cfbaad900f9fc8fd6e6985c,096eb71f46b469fc4f1cc7d4ed984088c225a66b3cfbaad900f9fc8fd6e6985c,,False,True,PREEXISTING
True,True,True,True,True,True,True,True,True,True,True,False,original,16,2014-07-01 08:00:00,weekday,8,1.0,scenario2,MATCHING_SEGMENT_FOUND,30,30,18,2,896,898,30,2,896,0,32,1,1,270,4.0,4,169.17,21,21.0,21.0,0,0,0,0,1,1,1,8707a46b07890e9f3d4b42af5e0aab7361dc144e7986f25d90e421a33089bd83,29,21,4,0,1,False,False,270,41,0.15185185185185185,0.010893246187363835,0.03637976929902396,29,8707a46b07890e9f3d4b42af5e0aab7361dc144e7986f25d90e421a33089bd83,8707a46b07890e9f3d4b42af5e0aab7361dc144e7986f25d90e421a33089bd83,,False,True,PREEXISTING
True,True,True,True,True,True,True,True,True,True,True,False,original,16,2014-07-01 08:00:00,weekday,0,1.0,scenario2,MATCHING_SEGMENT_FOUND,30,30,18,2,896,898,30,2,896,0,32,1,1,270,4.0,4,169.18,21,21.0,21.0,0,0,0,0,1,1,1,b8ff4e0cd1bf15ed47968cde6ad2530bfe3d56b991c289d66df5ed3a4ea01ca1,4,21,4,0,1,False,False,270,41,0.15185185185185185,0.010893246187363835,0.03637976929902396,4,b8ff4e0cd1bf15ed47968cde6ad2530bfe3d56b991c289d66df5ed3a4ea01ca1,b8ff4e0cd1bf15ed47968cde6ad2530bfe3d56b991c289d66df5ed3a4ea01ca1,,False,True,PREEXISTING
True,True,True,True,True,True,True,True,True,True,True,False,original,16,2014-07-01 08:00:00,weekday,9,1.0,scenario2,MATCHING_SEGMENT_FOUND,30,30,18,2,896,898,30,2,896,0,32,1,1,270,4.0,4,169.16,21,21.0,21.0,0,0,0,0,1,1,1,1928f40ce31bf6bd47fb15c046e5d7db5c6f2744acdbf86090d49adc6860aaca,19,21,4,0,1,False,False,270,41,0.15185185185185185,0.010893246187363835,0.03637976929902396,19,1928f40ce31bf6bd47fb15c046e5d7db5c6f2744acdbf86090d49adc6860aaca,1928f40ce31bf6bd47fb15c046e5d7db5c6f2744acdbf86090d49adc6860aaca,,False,True,PREEXISTING
True,True,True,True,True,True,True,True,True,True,True,False,original,16,2014-07-01 08:00:00,time,49,16.0,scenario3,EXISTING_SEGMENTS_BELOW_L_MATCH,30,30,18,2,896,898,30,2,896,0,32,3,3,90,1.0,2,14.176666666666668,1,0.6666666666666666,1.0,1,2,0,0,0,0,0,fbf55b4fe373e85e006cef7fa78f26c84f11f569f7bf8e41e4541f97155d47b4,13,1,4,3,0,False,False,30,17,0.5666666666666667,0.018660812294182216,0.018660812294182216,23,632fe508e1e992230853c91631a158d14c489a1a99d8c73c48e44391f2fdae7a,,632fe508e1e992230853c91631a158d14c489a1a99d8c73c48e44391f2fdae7a,True,False,POST_OBSERVATION_CREATED
True,True,True,True,True,True,True,True,True,True,True,False,original,16,2014-07-01 08:00:00,time,50,16.0,scenario3,EXISTING_SEGMENTS_BELOW_L_MATCH,30,30,18,2,896,898,30,2,896,0,32,2,2,60,1.0,2,13.780000000000001,2,1.5,1.5,0,1,1,0,0,0,0,8f09739cac1399cc24f21be0b4ba250e1e3487e3b2902b8a30093613432ca1d1,7,2,4,2,0,False,False,30,17,0.5666666666666667,0.018660812294182216,0.018660812294182216,3,218319a0527a7258b758d90f5d01678b9710fc36f507c817d82e26fe6db569d9,,218319a0527a7258b758d90f5d01678b9710fc36f507c817d82e26fe6db569d9,True,False,POST_OBSERVATION_CREATED
True,True,True,True,True,True,True,True,True,True,True,False,original,16,2014-07-01 08:00:00,time,48,16.0,scenario2,MATCHING_SEGMENT_FOUND,30,30,18,2,896,898,30,2,896,0,32,4,4,140,0.5,1,18.08,12,3.5,1.0,1,2,0,0,1,1,1,a5090ba18c78a7317d997a66de8ff707b765af9dd241bc218bc6b97e04f50969,27,12,4,0,1,False,False,50,23,0.46,0.018660812294182216,0.024864864864864864,27,a5090ba18c78a7317d997a66de8ff707b765af9dd241bc218bc6b97e04f50969,a5090ba18c78a7317d997a66de8ff707b765af9dd241bc218bc6b97e04f50969,,False,True,PREEXISTING
True,True,True,True,True,True,True,True,True,True,True,False,original,16,2014-07-01 08:00:00,time,51,16.0,scenario3,EXISTING_SEGMENTS_BELOW_L_MATCH,30,30,18,2,896,898,30,2,896,0,32,2,2,60,0.5,1,14.98,2,1.5,1.5,0,1,1,0,0,0,0,981954d66456b207a4714818506146b6396c277d77b018cdae2fca9dcaed522f,22,2,4,2,0,False,False,30,17,0.5666666666666667,0.018660812294182216,0.018660812294182216,3,50199f6c14cfa075bd098ce8e03eedab6579849185f9a904cd6988345e94e105,,50199f6c14cfa075bd098ce8e03eedab6579849185f9a904cd6988345e94e105,True,False,POST_OBSERVATION_CREATED
True,True,True,True,True,True,True,True,True,True,True,False,original,16,2014-07-01 08:00:00,time,47,16.0,scenario3,EXISTING_SEGMENTS_BELOW_L_MATCH,30,30,18,2,896,898,30,2,896,0,32,3,3,109,1.6666666666666667,5,17.166666666666668,1,0.6666666666666666,1.0,1,2,0,0,0,0,0,1d6aceb15e1eb3c57c244b3dd8a92f8fa98616dc132bdc672777483c3964faec,16,1,4,3,0,False,False,49,21,0.42857142857142855,0.01642935377875137,0.02267818574514039,21,30fc8b8449d4140f0e15fd3d4ce011aed75ee56b580fd30a28e222f640302f55,,30fc8b8449d4140f0e15fd3d4ce011aed75ee56b580fd30a28e222f640302f55,True,False,POST_OBSERVATION_CREATED
True,True,True,True,True,True,True,True,True,True,True,False,original,16,2014-07-01 08:00:00,time,52,16.0,scenario3,EXISTING_SEGMENTS_BELOW_L_MATCH,30,30,18,2,896,898,30,2,896,0,32,1,1,30,0.0,0,15.0,1,1.0,1.0,0,1,0,0,0,0,0,b2534613617df774f4d910df48cfa9898921bc9e7844be189144487f603c8305,17,1,4,3,0,False,False,30,16,0.5333333333333333,0.017543859649122806,0.017543859649122806,18,2dc4082648c06456c42d6fc8e392242e43cac3cae6feb013042378ead06c2a2a,,2dc4082648c06456c42d6fc8e392242e43cac3cae6feb013042378ead06c2a2a,True,False,POST_OBSERVATION_CREATED
True,True,True,True,True,True,True,True,True,True,True,False,original,16,2014-07-01 08:00:00,time,46,16.0,scenario3,EXISTING_SEGMENTS_BELOW_L_MATCH,30,30,18,2,896,898,30,2,896,0,32,4,4,120,1.25,5,13.525,2,0.75,0.5,2,1,1,0,0,0,0,3753699c2c73d60d342427b42f6193b273b3e154d6c93c6e23c57d021adb9edd,4,2,4,2,0,False,False,30,17,0.5666666666666667,0.018660812294182216,0.018660812294182216,0,c6f8a66a1cd06a260346e651a5d7a3777c93ce3bf70003852495ce050a4a506f,,c6f8a66a1cd06a260346e651a5d7a3777c93ce3bf70003852495ce050a4a506f,True,False,POST_OBSERVATION_CREATED
True,True,True,True,True,True,True,True,True,True,True,False,original,16,2014-07-01 08:00:00,time,53,16.0,scenario3,EXISTING_SEGMENTS_BELOW_L_MATCH,30,30,18,2,896,898,30,2,896,0,32,1,1,30,0.0,0,15.0,1,1.0,1.0,0,1,0,0,0,0,0,5f831093ef0f77dccdfed347d98a44d4d8061d421a084e877ddeb01f9a29571e,27,1,4,3,0,False,False,30,16,0.5333333333333333,0.017543859649122806,0.017543859649122806,24,7a2d6dd9bf43b8ea34b0cff81f429a236263eb17964fce4150bffbc8cfffcbe6,,7a2d6dd9bf43b8ea34b0cff81f429a236263eb17964fce4150bffbc8cfffcbe6,True,False,POST_OBSERVATION_CREATED
True,True,True,True,True,True,True,True,True,True,True,False,original,16,2014-07-01 08:00:00,time,45,16.0,scenario2,MATCHING_SEGMENT_FOUND,30,30,18,2,896,898,30,2,896,0,32,5,5,150,1.2,3,13.856,11,2.8,1.0,2,1,1,0,1,1,1,29a21ddd0852be1af15a00406383ebd663b1779770808345e3c697a2f875da6c,14,11,4,0,1,False,False,30,11,0.36666666666666664,0.011995637949836423,0.011995637949836423,14,29a21ddd0852be1af15a00406383ebd663b1779770808345e3c697a2f875da6c,29a21ddd0852be1af15a00406383ebd663b1779770808345e3c697a2f875da6c,,False,True,PREEXISTING
True,True,True,True,True,True,True,True,True,True,True,False,original,16,2014-07-01 08:00:00,time,54,16.0,scenario3,NO_EXISTING_SEGMENT_IN_COLUMN,30,30,18,2,896,898,30,2,896,0,32,0,0,0,0.0,0,0.0,0,0.0,0.0,0,0,0,0,0,0,0,,,0,4,4,0,False,False,0,0,0.0,0.0,0.0,15,58af612c03da3ffb0e4c0755fab39b2d46028d33eaf74255fb4f2fbec757c88d,,58af612c03da3ffb0e4c0755fab39b2d46028d33eaf74255fb4f2fbec757c88d,True,False,POST_OBSERVATION_CREATED
True,True,True,True,True,True,True,True,True,True,True,False,original,16,2014-07-01 08:00:00,passenger,303,17920.0,scenario3,NO_EXISTING_SEGMENT_IN_COLUMN,30,30,18,2,896,898,30,2,896,0,32,0,0,0,0.0,0,0.0,0,0.0,0.0,0,0,0,0,0,0,0,,,0,4,4,0,False,False,0,0,0.0,0.0,0.0,27,eccbc6a2198b03b8d8cb7d6ffffa7083d8600de6108ce694f00dab7a6e24ff83,,eccbc6a2198b03b8d8cb7d6ffffa7083d8600de6108ce694f00dab7a6e24ff83,True,False,POST_OBSERVATION_CREATED
True,True,True,True,True,True,True,True,True,True,True,False,original,16,2014-07-01 08:00:00,passenger,304,17920.0,scenario3,NO_EXISTING_SEGMENT_IN_COLUMN,30,30,18,2,896,898,30,2,896,0,32,0,0,0,0.0,0,0.0,0,0.0,0.0,0,0,0,0,0,0,0,,,0,4,4,0,False,False,0,0,0.0,0.0,0.0,25,a83e86c9518fa56e06c10087f65086eab0fd06836f9ebea9b0bb2226cfd84d47,,a83e86c9518fa56e06c10087f65086eab0fd06836f9ebea9b0bb2226cfd84d47,True,False,POST_OBSERVATION_CREATED
True,True,True,True,True,True,True,True,True,True,True,False,original,16,2014-07-01 08:00:00,passenger,302,17920.0,scenario3,NO_EXISTING_SEGMENT_IN_COLUMN,30,30,18,2,896,898,30,2,896,0,32,0,0,0,0.0,0,0.0,0,0.0,0.0,0,0,0,0,0,0,0,,,0,4,4,0,False,False,0,0,0.0,0.0,0.0,16,23269d1189376c38f0d4198a8d65a52e0e34869c4f288820688259596fc045dc,,23269d1189376c38f0d4198a8d65a52e0e34869c4f288820688259596fc045dc,True,False,POST_OBSERVATION_CREATED
True,True,True,True,True,True,True,True,True,True,True,False,original,16,2014-07-01 08:00:00,passenger,305,17920.0,scenario3,NO_EXISTING_SEGMENT_IN_COLUMN,30,30,18,2,896,898,30,2,896,0,32,0,0,0,0.0,0,0.0,0,0.0,0.0,0,0,0,0,0,0,0,,,0,4,4,0,False,False,0,0,0.0,0.0,0.0,23,750169c7700b8094f83f9420090dbc54bfba081a8e4f0abcd865d25f0f655efe,,750169c7700b8094f83f9420090dbc54bfba081a8e4f0abcd865d25f0f655efe,True,False,POST_OBSERVATION_CREATED
True,True,True,True,True,True,True,True,True,True,True,False,original,16,2014-07-01 08:00:00,passenger,301,17920.0,scenario3,NO_EXISTING_SEGMENT_IN_COLUMN,30,30,18,2,896,898,30,2,896,0,32,0,0,0,0.0,0,0.0,0,0.0,0.0,0,0,0,0,0,0,0,,,0,4,4,0,False,False,0,0,0.0,0.0,0.0,19,a28c2c1de204cda729c5ccc28ee12946a40c9931cbaff84b9cd93bf6c565c4aa,,a28c2c1de204cda729c5ccc28ee12946a40c9931cbaff84b9cd93bf6c565c4aa,True,False,POST_OBSERVATION_CREATED
True,True,True,True,True,True,True,True,True,True,True,False,original,16,2014-07-01 08:00:00,passenger,306,17920.0,scenario3,NO_EXISTING_SEGMENT_IN_COLUMN,30,30,18,2,896,898,30,2,896,0,32,0,0,0,0.0,0,0.0,0,0.0,0.0,0,0,0,0,0,0,0,,,0,4,4,0,False,False,0,0,0.0,0.0,0.0,11,661558d6e67fbd3a31925ed018b5ac68b8b38561acdd37e57c8b0ea1202f9128,,661558d6e67fbd3a31925ed018b5ac68b8b38561acdd37e57c8b0ea1202f9128,True,False,POST_OBSERVATION_CREATED
True,True,True,True,True,True,True,True,True,True,True,False,original,16,2014-07-01 08:00:00,passenger,300,17920.0,scenario3,NO_EXISTING_SEGMENT_IN_COLUMN,30,30,18,2,896,898,30,2,896,0,32,0,0,0,0.0,0,0.0,0,0.0,0.0,0,0,0,0,0,0,0,,,0,4,4,0,False,False,0,0,0.0,0.0,0.0,6,0a53202893eb267279e36d5c4205b37ec111e2b7e0679a18f70f276edd3b1cd3,,0a53202893eb267279e36d5c4205b37ec111e2b7e0679a18f70f276edd3b1cd3,True,False,POST_OBSERVATION_CREATED
True,True,True,True,True,True,True,True,True,True,True,False,original,16,2014-07-01 08:00:00,passenger,307,17920.0,scenario3,NO_EXISTING_SEGMENT_IN_COLUMN,30,30,18,2,896,898,30,2,896,0,32,0,0,0,0.0,0,0.0,0,0.0,0.0,0,0,0,0,0,0,0,,,0,4,4,0,False,False,0,0,0.0,0.0,0.0,13,14993feb46aa021e6e1bbbf06a984e85e936a583df8754e5afaf919dfbac62eb,,14993feb46aa021e6e1bbbf06a984e85e936a583df8754e5afaf919dfbac62eb,True,False,POST_OBSERVATION_CREATED
True,True,True,True,True,True,True,True,True,True,True,False,original,16,2014-07-01 08:00:00,passenger,299,17920.0,scenario3,NO_EXISTING_SEGMENT_IN_COLUMN,30,30,18,2,896,898,30,2,896,0,32,0,0,0,0.0,0,0.0,0,0.0,0.0,0,0,0,0,0,0,0,,,0,4,4,0,False,False,0,0,0.0,0.0,0.0,29,4cee44bdd3709f8ab268094270fd55efb4c286624b7f27b3f4eb87725aa8dcad,,4cee44bdd3709f8ab268094270fd55efb4c286624b7f27b3f4eb87725aa8dcad,True,False,POST_OBSERVATION_CREATED
True,True,True,True,True,True,True,True,True,True,True,False,original,16,2014-07-01 08:00:00,passenger,308,17920.0,scenario3,NO_EXISTING_SEGMENT_IN_COLUMN,30,30,18,2,896,898,30,2,896,0,32,0,0,0,0.0,0,0.0,0,0.0,0.0,0,0,0,0,0,0,0,,,0,4,4,0,False,False,0,0,0.0,0.0,0.0,16,b31d40f923ab4f1aee418049f38a2bff19c2dc218b16218c25df99cbd7382ea4,,b31d40f923ab4f1aee418049f38a2bff19c2dc218b16218c25df99cbd7382ea4,True,False,POST_OBSERVATION_CREATED
True,True,True,True,True,True,True,True,True,True,True,False,original,17,2014-07-01 08:30:00,weekday,4,1.0,scenario2,MATCHING_SEGMENT_FOUND,30,30,20,0,960,960,30,0,960,0,32,1,1,285,0.0,0,178.7,21,21.0,21.0,0,0,0,0,1,1,1,8aeed2abd0f847e0b8500715486ecfcc55670f2b3385c6aeb419a3a0678f1913,30,21,4,0,1,False,False,285,44,0.1543859649122807,0.01020408163265306,0.03663613655287261,30,8aeed2abd0f847e0b8500715486ecfcc55670f2b3385c6aeb419a3a0678f1913,8aeed2abd0f847e0b8500715486ecfcc55670f2b3385c6aeb419a3a0678f1913,,False,True,PREEXISTING
True,True,True,True,True,True,True,True,True,True,True,False,original,17,2014-07-01 08:30:00,weekday,5,1.0,scenario2,MATCHING_SEGMENT_FOUND,30,30,20,0,960,960,30,0,960,0,32,1,1,285,0.0,0,178.7,21,21.0,21.0,0,0,0,0,1,1,1,64080601c3be5fe7030e7eb69924a6cafe76e2b467b4a5630a9f7de522aa39db,10,21,4,0,1,False,False,285,44,0.1543859649122807,0.01020408163265306,0.03663613655287261,10,64080601c3be5fe7030e7eb69924a6cafe76e2b467b4a5630a9f7de522aa39db,64080601c3be5fe7030e7eb69924a6cafe76e2b467b4a5630a9f7de522aa39db,,False,True,PREEXISTING
True,True,True,True,True,True,True,True,True,True,True,False,original,17,2014-07-01 08:30:00,weekday,3,1.0,scenario2,MATCHING_SEGMENT_FOUND,30,30,20,0,960,960,30,0,960,0,32,1,1,285,1.0,1,178.66,21,21.0,21.0,0,0,0,0,1,1,1,69f0cb4491a1fd577b6c1af78119fa843dac41862a4e9483fd3c8e414791a45f,4,21,4,0,1,False,False,285,44,0.1543859649122807,0.01020408163265306,0.03663613655287261,4,69f0cb4491a1fd577b6c1af78119fa843dac41862a4e9483fd3c8e414791a45f,69f0cb4491a1fd577b6c1af78119fa843dac41862a4e9483fd3c8e414791a45f,,False,True,PREEXISTING
True,True,True,True,True,True,True,True,True,True,True,False,original,17,2014-07-01 08:30:00,weekday,6,1.0,scenario2,MATCHING_SEGMENT_FOUND,30,30,20,0,960,960,30,0,960,0,32,1,1,285,1.0,1,178.64,21,21.0,21.0,0,0,0,0,1,1,1,d0ca4df7b4ef8ef8330fc3c3fb6df6da237f2c8759fa1a08b551c3b0267a5cc1,29,21,4,0,1,False,False,285,44,0.1543859649122807,0.01020408163265306,0.03663613655287261,29,d0ca4df7b4ef8ef8330fc3c3fb6df6da237f2c8759fa1a08b551c3b0267a5cc1,d0ca4df7b4ef8ef8330fc3c3fb6df6da237f2c8759fa1a08b551c3b0267a5cc1,,False,True,PREEXISTING
True,True,True,True,True,True,True,True,True,True,True,False,original,17,2014-07-01 08:30:00,weekday,2,1.0,scenario2,MATCHING_SEGMENT_FOUND,30,30,20,0,960,960,30,0,960,0,32,1,1,285,1.0,1,178.64,21,21.0,21.0,0,0,0,0,1,1,1,62de03d338e81fffb1fe886b83637755e48f7109d103cb5c35e3be82a6942085,15,21,4,0,1,False,False,285,44,0.1543859649122807,0.01020408163265306,0.03663613655287261,15,62de03d338e81fffb1fe886b83637755e48f7109d103cb5c35e3be82a6942085,62de03d338e81fffb1fe886b83637755e48f7109d103cb5c35e3be82a6942085,,False,True,PREEXISTING
True,True,True,True,True,True,True,True,True,True,True,False,original,17,2014-07-01 08:30:00,weekday,7,1.0,scenario2,MATCHING_SEGMENT_FOUND,30,30,20,0,960,960,30,0,960,0,32,1,1,285,3.0,3,178.57999999999998,21,21.0,21.0,0,0,0,0,1,1,1,82cd778248b58abce2dd437ff3430d422a5f31f0857456cb0806c4bbf75c2f84,1,21,4,0,1,False,False,285,44,0.1543859649122807,0.01020408163265306,0.03663613655287261,1,82cd778248b58abce2dd437ff3430d422a5f31f0857456cb0806c4bbf75c2f84,82cd778248b58abce2dd437ff3430d422a5f31f0857456cb0806c4bbf75c2f84,,False,True,PREEXISTING
True,True,True,True,True,True,True,True,True,True,True,False,original,17,2014-07-01 08:30:00,weekday,1,1.0,scenario2,MATCHING_SEGMENT_FOUND,30,30,20,0,960,960,30,0,960,0,32,1,1,285,3.0,3,178.57,21,21.0,21.0,0,0,0,0,1,1,1,096eb71f46b469fc4f1cc7d4ed984088c225a66b3cfbaad900f9fc8fd6e6985c,15,21,4,0,1,False,False,285,44,0.1543859649122807,0.01020408163265306,0.03663613655287261,15,096eb71f46b469fc4f1cc7d4ed984088c225a66b3cfbaad900f9fc8fd6e6985c,096eb71f46b469fc4f1cc7d4ed984088c225a66b3cfbaad900f9fc8fd6e6985c,,False,True,PREEXISTING
True,True,True,True,True,True,True,True,True,True,True,False,original,17,2014-07-01 08:30:00,weekday,8,1.0,scenario2,MATCHING_SEGMENT_FOUND,30,30,20,0,960,960,30,0,960,0,32,1,1,285,4.0,4,178.35,21,21.0,21.0,0,0,0,0,1,1,1,8707a46b07890e9f3d4b42af5e0aab7361dc144e7986f25d90e421a33089bd83,29,21,4,0,1,False,False,285,44,0.1543859649122807,0.01020408163265306,0.03663613655287261,29,8707a46b07890e9f3d4b42af5e0aab7361dc144e7986f25d90e421a33089bd83,8707a46b07890e9f3d4b42af5e0aab7361dc144e7986f25d90e421a33089bd83,,False,True,PREEXISTING
True,True,True,True,True,True,True,True,True,True,True,False,original,17,2014-07-01 08:30:00,weekday,0,1.0,scenario2,MATCHING_SEGMENT_FOUND,30,30,20,0,960,960,30,0,960,0,32,1,1,285,4.0,4,178.35999999999999,21,21.0,21.0,0,0,0,0,1,1,1,b8ff4e0cd1bf15ed47968cde6ad2530bfe3d56b991c289d66df5ed3a4ea01ca1,4,21,4,0,1,False,False,285,44,0.1543859649122807,0.01020408163265306,0.03663613655287261,4,b8ff4e0cd1bf15ed47968cde6ad2530bfe3d56b991c289d66df5ed3a4ea01ca1,b8ff4e0cd1bf15ed47968cde6ad2530bfe3d56b991c289d66df5ed3a4ea01ca1,,False,True,PREEXISTING
True,True,True,True,True,True,True,True,True,True,True,False,original,17,2014-07-01 08:30:00,weekday,9,1.0,scenario2,MATCHING_SEGMENT_FOUND,30,30,20,0,960,960,30,0,960,0,32,1,1,285,4.0,4,178.34,21,21.0,21.0,0,0,0,0,1,1,1,1928f40ce31bf6bd47fb15c046e5d7db5c6f2744acdbf86090d49adc6860aaca,19,21,4,0,1,False,False,285,44,0.1543859649122807,0.01020408163265306,0.03663613655287261,19,1928f40ce31bf6bd47fb15c046e5d7db5c6f2744acdbf86090d49adc6860aaca,1928f40ce31bf6bd47fb15c046e5d7db5c6f2744acdbf86090d49adc6860aaca,,False,True,PREEXISTING
True,True,True,True,True,True,True,True,True,True,True,False,original,17,2014-07-01 08:30:00,time,51,17.0,scenario3,EXISTING_SEGMENTS_BELOW_L_MATCH,30,30,20,0,960,960,30,0,960,0,32,3,3,90,0.6666666666666666,2,14.983333333333334,2,0.6666666666666666,0.0,2,0,1,0,0,0,0,1e56d0b84e5b34437b7f7dcb8ada16b5e784d4cee24a9f76ad6bc5bba8b19770,28,2,4,2,0,False,False,30,17,0.5666666666666667,0.017471736896197326,0.017471736896197326,15,934937f31355912d3b6403f6911507626104120e10169129c2a4c3ad2a383392,,934937f31355912d3b6403f6911507626104120e10169129c2a4c3ad2a383392,True,False,POST_OBSERVATION_CREATED
True,True,True,True,True,True,True,True,True,True,True,False,original,17,2014-07-01 08:30:00,time,50,17.0,scenario2,MATCHING_SEGMENT_FOUND,30,30,20,0,960,960,30,0,960,0,32,3,3,90,1.0,2,14.183333333333332,10,3.3333333333333335,0.0,2,0,0,0,1,1,1,218319a0527a7258b758d90f5d01678b9710fc36f507c817d82e26fe6db569d9,3,10,4,0,1,False,False,30,19,0.6333333333333333,0.01956745623069001,0.01956745623069001,3,218319a0527a7258b758d90f5d01678b9710fc36f507c817d82e26fe6db569d9,218319a0527a7258b758d90f5d01678b9710fc36f507c817d82e26fe6db569d9,,False,True,PREEXISTING
True,True,True,True,True,True,True,True,True,True,True,False,original,17,2014-07-01 08:30:00,time,52,17.0,scenario3,EXISTING_SEGMENTS_BELOW_L_MATCH,30,30,20,0,960,960,30,0,960,0,32,2,2,60,0.5,1,14.95,2,1.0,1.0,1,0,1,0,0,0,0,b2534613617df774f4d910df48cfa9898921bc9e7844be189144487f603c8305,17,2,4,2,0,False,False,30,17,0.5666666666666667,0.017471736896197326,0.017471736896197326,14,345eddeee4ede701a9565e0bf6182eb94f5c99479d37e9ff247b0db0bb0a61be,,345eddeee4ede701a9565e0bf6182eb94f5c99479d37e9ff247b0db0bb0a61be,True,False,POST_OBSERVATION_CREATED
True,True,True,True,True,True,True,True,True,True,True,False,original,17,2014-07-01 08:30:00,time,49,17.0,scenario3,EXISTING_SEGMENTS_BELOW_L_MATCH,30,30,20,0,960,960,30,0,960,0,32,4,4,120,0.75,2,14.3575,0,0.0,0.0,4,0,0,0,0,0,0,632fe508e1e992230853c91631a158d14c489a1a99d8c73c48e44391f2fdae7a,23,0,4,4,0,False,False,30,15,0.5,0.015384615384615385,0.015384615384615385,31,a65b77a1a810681bf56bd5188f39c5a2cc38ad1a32bac8a01f2324a3b5b2b05c,,a65b77a1a810681bf56bd5188f39c5a2cc38ad1a32bac8a01f2324a3b5b2b05c,True,False,POST_OBSERVATION_CREATED
True,True,True,True,True,True,True,True,True,True,True,False,original,17,2014-07-01 08:30:00,time,53,17.0,scenario3,EXISTING_SEGMENTS_BELOW_L_MATCH,30,30,20,0,960,960,30,0,960,0,32,2,2,60,0.5,1,14.95,2,1.0,1.0,1,0,1,0,0,0,0,5f831093ef0f77dccdfed347d98a44d4d8061d421a084e877ddeb01f9a29571e,27,2,4,2,0,False,False,30,17,0.5666666666666667,0.017471736896197326,0.017471736896197326,8,84a7dc9391518806a52623148d635e455b3cfebd1ac818bbca01426bdd50a31a,,84a7dc9391518806a52623148d635e455b3cfebd1ac818bbca01426bdd50a31a,True,False,POST_OBSERVATION_CREATED
True,True,True,True,True,True,True,True,True,True,True,False,original,17,2014-07-01 08:30:00,time,48,17.0,scenario3,EXISTING_SEGMENTS_BELOW_L_MATCH,30,30,20,0,960,960,30,0,960,0,32,4,4,156,0.5,1,20.755,2,0.5,0.0,3,0,1,0,0,0,0,a5090ba18c78a7317d997a66de8ff707b765af9dd241bc218bc6b97e04f50969,27,2,4,2,0,False,False,66,28,0.42424242424242425,0.01642710472279261,0.028056112224448898,2,570777f830abe8bc5dc0ab980202210046a2b7047f3c483391a3d5bc3c29a186,,570777f830abe8bc5dc0ab980202210046a2b7047f3c483391a3d5bc3c29a186,True,False,POST_OBSERVATION_CREATED
True,True,True,True,True,True,True,True,True,True,True,False,original,17,2014-07-01 08:30:00,time,54,17.0,scenario3,MATCHING_SEGMENT_NOT_ELIGIBLE,30,30,20,0,960,960,30,0,960,0,32,1,1,30,0.0,0,15.0,0,0.0,0.0,1,0,0,0,0,0,0,58af612c03da3ffb0e4c0755fab39b2d46028d33eaf74255fb4f2fbec757c88d,15,0,4,4,0,False,False,30,19,0.6333333333333333,0.01956745623069001,0.01956745623069001,4,5ca773fd26e18937b19eda56630a9d6abc5882f999ab64242dc16d46e749b18d,,5ca773fd26e18937b19eda56630a9d6abc5882f999ab64242dc16d46e749b18d,True,False,POST_OBSERVATION_CREATED
True,True,True,True,True,True,True,True,True,True,True,False,original,17,2014-07-01 08:30:00,time,47,17.0,scenario3,EXISTING_SEGMENTS_BELOW_L_MATCH,30,30,20,0,960,960,30,0,960,0,32,4,4,139,1.5,6,16.6,2,0.75,0.5,2,1,1,0,0,0,0,1d6aceb15e1eb3c57c244b3dd8a92f8fa98616dc132bdc672777483c3964faec,16,2,4,2,0,False,False,49,22,0.4489795918367347,0.015384615384615385,0.022289766970618033,19,baf7a2b5170d11f0aae332e9a542299a6faa701ce84e4f65da815cc8a7dbc05e,,baf7a2b5170d11f0aae332e9a542299a6faa701ce84e4f65da815cc8a7dbc05e,True,False,POST_OBSERVATION_CREATED
True,True,True,True,True,True,True,True,True,True,True,False,original,17,2014-07-01 08:30:00,time,55,17.0,scenario3,NO_EXISTING_SEGMENT_IN_COLUMN,30,30,20,0,960,960,30,0,960,0,32,0,0,0,0.0,0,0.0,0,0.0,0.0,0,0,0,0,0,0,0,,,0,4,4,0,False,False,0,0,0.0,0.0,0.0,6,37533bc4a37d8fdeb4feb705a899f026c1e44e4f31ad26778a50a485d3172889,,37533bc4a37d8fdeb4feb705a899f026c1e44e4f31ad26778a50a485d3172889,True,False,POST_OBSERVATION_CREATED
True,True,True,True,True,True,True,True,True,True,True,False,original,17,2014-07-01 08:30:00,time,46,17.0,scenario3,EXISTING_SEGMENTS_BELOW_L_MATCH,30,30,20,0,960,960,30,0,960,0,32,5,5,150,1.2,5,13.8,2,0.4,0.0,4,0,1,0,0,0,0,8a9cc5110182397fc1fa7196db399cad442a64fd54bc98b85ad2b94a045b9470,3,2,4,2,0,False,False,30,17,0.5666666666666667,0.017471736896197326,0.017471736896197326,1,123f4c5057a4eb0689d674e794d84a1b76e8922d059b96f66b71b4e863d8fa0e,,123f4c5057a4eb0689d674e794d84a1b76e8922d059b96f66b71b4e863d8fa0e,True,False,POST_OBSERVATION_CREATED
True,True,True,True,True,True,True,True,True,True,True,False,original,17,2014-07-01 08:30:00,passenger,333,20346.0,scenario3,NO_EXISTING_SEGMENT_IN_COLUMN,30,30,20,0,960,960,30,0,960,0,32,0,0,0,0.0,0,0.0,0,0.0,0.0,0,0,0,0,0,0,0,,,0,4,4,0,False,False,0,0,0.0,0.0,0.0,8,c3e183e8b927974755e8ed7c28b95112e777a7b47de78fff6e97648a72f305e2,,c3e183e8b927974755e8ed7c28b95112e777a7b47de78fff6e97648a72f305e2,True,False,POST_OBSERVATION_CREATED
True,True,True,True,True,True,True,True,True,True,True,False,original,17,2014-07-01 08:30:00,passenger,332,20346.0,scenario3,NO_EXISTING_SEGMENT_IN_COLUMN,30,30,20,0,960,960,30,0,960,0,32,0,0,0,0.0,0,0.0,0,0.0,0.0,0,0,0,0,0,0,0,,,0,4,4,0,False,False,0,0,0.0,0.0,0.0,29,f3d7c6f3eec196c4b2c988d5f147b9cd54804c7ed2abdeebf88e586c6cd90620,,f3d7c6f3eec196c4b2c988d5f147b9cd54804c7ed2abdeebf88e586c6cd90620,True,False,POST_OBSERVATION_CREATED
True,True,True,True,True,True,True,True,True,True,True,False,original,17,2014-07-01 08:30:00,passenger,334,20346.0,scenario3,NO_EXISTING_SEGMENT_IN_COLUMN,30,30,20,0,960,960,30,0,960,0,32,0,0,0,0.0,0,0.0,0,0.0,0.0,0,0,0,0,0,0,0,,,0,4,4,0,False,False,0,0,0.0,0.0,0.0,18,f8a2a513ec8b0c11653281c7f1663089fb687ad502311ce1f018c91b7127b42d,,f8a2a513ec8b0c11653281c7f1663089fb687ad502311ce1f018c91b7127b42d,True,False,POST_OBSERVATION_CREATED
True,True,True,True,True,True,True,True,True,True,True,False,original,17,2014-07-01 08:30:00,passenger,331,20346.0,scenario3,NO_EXISTING_SEGMENT_IN_COLUMN,30,30,20,0,960,960,30,0,960,0,32,0,0,0,0.0,0,0.0,0,0.0,0.0,0,0,0,0,0,0,0,,,0,4,4,0,False,False,0,0,0.0,0.0,0.0,3,df2a3e8768535254acd93cf16cf175834ffe4587e01a3dbb5bd91796130c154b,,df2a3e8768535254acd93cf16cf175834ffe4587e01a3dbb5bd91796130c154b,True,False,POST_OBSERVATION_CREATED
True,True,True,True,True,True,True,True,True,True,True,False,original,17,2014-07-01 08:30:00,passenger,335,20346.0,scenario3,NO_EXISTING_SEGMENT_IN_COLUMN,30,30,20,0,960,960,30,0,960,0,32,0,0,0,0.0,0,0.0,0,0.0,0.0,0,0,0,0,0,0,0,,,0,4,4,0,False,False,0,0,0.0,0.0,0.0,6,8f9a840b1b4553d5f36bf9ff18956fa277e66b8d0bdaf2d2ecd9f0f13523a7e8,,8f9a840b1b4553d5f36bf9ff18956fa277e66b8d0bdaf2d2ecd9f0f13523a7e8,True,False,POST_OBSERVATION_CREATED
True,True,True,True,True,True,True,True,True,True,True,False,original,17,2014-07-01 08:30:00,passenger,330,20346.0,scenario3,NO_EXISTING_SEGMENT_IN_COLUMN,30,30,20,0,960,960,30,0,960,0,32,0,0,0,0.0,0,0.0,0,0.0,0.0,0,0,0,0,0,0,0,,,0,4,4,0,False,False,0,0,0.0,0.0,0.0,8,9d5539fb5b24d1c4611766f7a6fa3059ad523c73b6ee48ef0bde26d2dab399a7,,9d5539fb5b24d1c4611766f7a6fa3059ad523c73b6ee48ef0bde26d2dab399a7,True,False,POST_OBSERVATION_CREATED
True,True,True,True,True,True,True,True,True,True,True,False,original,17,2014-07-01 08:30:00,passenger,336,20346.0,scenario3,NO_EXISTING_SEGMENT_IN_COLUMN,30,30,20,0,960,960,30,0,960,0,32,0,0,0,0.0,0,0.0,0,0.0,0.0,0,0,0,0,0,0,0,,,0,4,4,0,False,False,0,0,0.0,0.0,0.0,16,9b2c509f67b8b23695ec9426f57224b081bd9430d40d6bd78dc8a486a7df9eea,,9b2c509f67b8b23695ec9426f57224b081bd9430d40d6bd78dc8a486a7df9eea,True,False,POST_OBSERVATION_CREATED
True,True,True,True,True,True,True,True,True,True,True,False,original,17,2014-07-01 08:30:00,passenger,329,20346.0,scenario3,NO_EXISTING_SEGMENT_IN_COLUMN,30,30,20,0,960,960,30,0,960,0,32,0,0,0,0.0,0,0.0,0,0.0,0.0,0,0,0,0,0,0,0,,,0,4,4,0,False,False,0,0,0.0,0.0,0.0,3,7e274a0b8b4ce0994f7e17ed5bf8b1c6105bb13dcc11ebe4cf1a573d3fa050c8,,7e274a0b8b4ce0994f7e17ed5bf8b1c6105bb13dcc11ebe4cf1a573d3fa050c8,True,False,POST_OBSERVATION_CREATED
True,True,True,True,True,True,True,True,True,True,True,False,original,17,2014-07-01 08:30:00,passenger,337,20346.0,scenario3,NO_EXISTING_SEGMENT_IN_COLUMN,30,30,20,0,960,960,30,0,960,0,32,0,0,0,0.0,0,0.0,0,0.0,0.0,0,0,0,0,0,0,0,,,0,4,4,0,False,False,0,0,0.0,0.0,0.0,18,d7ddc7d6b760902b1b200f61c76e61fac34d45c8d14fb3d959d8d77333c92302,,d7ddc7d6b760902b1b200f61c76e61fac34d45c8d14fb3d959d8d77333c92302,True,False,POST_OBSERVATION_CREATED
True,True,True,True,True,True,True,True,True,True,True,False,original,17,2014-07-01 08:30:00,passenger,328,20346.0,scenario3,NO_EXISTING_SEGMENT_IN_COLUMN,30,30,20,0,960,960,30,0,960,0,32,0,0,0,0.0,0,0.0,0,0.0,0.0,0,0,0,0,0,0,0,,,0,4,4,0,False,False,0,0,0.0,0.0,0.0,30,2dadc604eb2cf3f0a70cd01f28ce96704e63da1c81e37546c8f96f66163e46e1,,2dadc604eb2cf3f0a70cd01f28ce96704e63da1c81e37546c8f96f66163e46e1,True,False,POST_OBSERVATION_CREATED
True,True,True,True,True,True,True,True,True,True,True,False,original,18,2014-07-01 09:00:00,weekday,4,1.0,scenario2,MATCHING_SEGMENT_FOUND,30,30,15,0,960,960,30,0,960,0,32,1,1,303,0.0,0,189.7,20,20.0,20.0,0,0,0,0,1,1,1,8aeed2abd0f847e0b8500715486ecfcc55670f2b3385c6aeb419a3a0678f1913,30,20,4,0,1,False,False,303,47,0.1551155115511551,0.01020408163265306,0.038651315789473686,30,8aeed2abd0f847e0b8500715486ecfcc55670f2b3385c6aeb419a3a0678f1913,8aeed2abd0f847e0b8500715486ecfcc55670f2b3385c6aeb419a3a0678f1913,,False,True,PREEXISTING
True,True,True,True,True,True,True,True,True,True,True,False,original,18,2014-07-01 09:00:00,weekday,5,1.0,scenario2,MATCHING_SEGMENT_FOUND,30,30,15,0,960,960,30,0,960,0,32,1,1,303,0.0,0,189.7,20,20.0,20.0,0,0,0,0,1,1,1,64080601c3be5fe7030e7eb69924a6cafe76e2b467b4a5630a9f7de522aa39db,10,20,4,0,1,False,False,303,47,0.1551155115511551,0.01020408163265306,0.038651315789473686,10,64080601c3be5fe7030e7eb69924a6cafe76e2b467b4a5630a9f7de522aa39db,64080601c3be5fe7030e7eb69924a6cafe76e2b467b4a5630a9f7de522aa39db,,False,True,PREEXISTING
True,True,True,True,True,True,True,True,True,True,True,False,original,18,2014-07-01 09:00:00,weekday,3,1.0,scenario2,MATCHING_SEGMENT_FOUND,30,30,15,0,960,960,30,0,960,0,32,1,1,303,1.0,1,189.66,20,20.0,20.0,0,0,0,0,1,1,1,69f0cb4491a1fd577b6c1af78119fa843dac41862a4e9483fd3c8e414791a45f,4,20,4,0,1,False,False,303,47,0.1551155115511551,0.01020408163265306,0.038651315789473686,4,69f0cb4491a1fd577b6c1af78119fa843dac41862a4e9483fd3c8e414791a45f,69f0cb4491a1fd577b6c1af78119fa843dac41862a4e9483fd3c8e414791a45f,,False,True,PREEXISTING
True,True,True,True,True,True,True,True,True,True,True,False,original,18,2014-07-01 09:00:00,weekday,6,1.0,scenario2,MATCHING_SEGMENT_FOUND,30,30,15,0,960,960,30,0,960,0,32,1,1,303,1.0,1,189.64,20,20.0,20.0,0,0,0,0,1,1,1,d0ca4df7b4ef8ef8330fc3c3fb6df6da237f2c8759fa1a08b551c3b0267a5cc1,29,20,4,0,1,False,False,303,47,0.1551155115511551,0.01020408163265306,0.038651315789473686,29,d0ca4df7b4ef8ef8330fc3c3fb6df6da237f2c8759fa1a08b551c3b0267a5cc1,d0ca4df7b4ef8ef8330fc3c3fb6df6da237f2c8759fa1a08b551c3b0267a5cc1,,False,True,PREEXISTING
True,True,True,True,True,True,True,True,True,True,True,False,original,18,2014-07-01 09:00:00,weekday,2,1.0,scenario2,MATCHING_SEGMENT_FOUND,30,30,15,0,960,960,30,0,960,0,32,1,1,303,1.0,1,189.64,20,20.0,20.0,0,0,0,0,1,1,1,62de03d338e81fffb1fe886b83637755e48f7109d103cb5c35e3be82a6942085,15,20,4,0,1,False,False,303,47,0.1551155115511551,0.01020408163265306,0.038651315789473686,15,62de03d338e81fffb1fe886b83637755e48f7109d103cb5c35e3be82a6942085,62de03d338e81fffb1fe886b83637755e48f7109d103cb5c35e3be82a6942085,,False,True,PREEXISTING
True,True,True,True,True,True,True,True,True,True,True,False,original,18,2014-07-01 09:00:00,weekday,7,1.0,scenario2,MATCHING_SEGMENT_FOUND,30,30,15,0,960,960,30,0,960,0,32,1,1,303,3.0,3,189.57999999999998,20,20.0,20.0,0,0,0,0,1,1,1,82cd778248b58abce2dd437ff3430d422a5f31f0857456cb0806c4bbf75c2f84,1,20,4,0,1,False,False,303,47,0.1551155115511551,0.01020408163265306,0.038651315789473686,1,82cd778248b58abce2dd437ff3430d422a5f31f0857456cb0806c4bbf75c2f84,82cd778248b58abce2dd437ff3430d422a5f31f0857456cb0806c4bbf75c2f84,,False,True,PREEXISTING
True,True,True,True,True,True,True,True,True,True,True,False,original,18,2014-07-01 09:00:00,weekday,1,1.0,scenario2,MATCHING_SEGMENT_FOUND,30,30,15,0,960,960,30,0,960,0,32,1,1,303,3.0,3,189.57,20,20.0,20.0,0,0,0,0,1,1,1,096eb71f46b469fc4f1cc7d4ed984088c225a66b3cfbaad900f9fc8fd6e6985c,15,20,4,0,1,False,False,303,47,0.1551155115511551,0.01020408163265306,0.038651315789473686,15,096eb71f46b469fc4f1cc7d4ed984088c225a66b3cfbaad900f9fc8fd6e6985c,096eb71f46b469fc4f1cc7d4ed984088c225a66b3cfbaad900f9fc8fd6e6985c,,False,True,PREEXISTING
True,True,True,True,True,True,True,True,True,True,True,False,original,18,2014-07-01 09:00:00,weekday,8,1.0,scenario2,MATCHING_SEGMENT_FOUND,30,30,15,0,960,960,30,0,960,0,32,1,1,303,4.0,4,189.32999999999998,20,20.0,20.0,0,0,0,0,1,1,1,8707a46b07890e9f3d4b42af5e0aab7361dc144e7986f25d90e421a33089bd83,29,20,4,0,1,False,False,303,47,0.1551155115511551,0.01020408163265306,0.038651315789473686,29,8707a46b07890e9f3d4b42af5e0aab7361dc144e7986f25d90e421a33089bd83,8707a46b07890e9f3d4b42af5e0aab7361dc144e7986f25d90e421a33089bd83,,False,True,PREEXISTING
True,True,True,True,True,True,True,True,True,True,True,False,original,18,2014-07-01 09:00:00,weekday,0,1.0,scenario2,MATCHING_SEGMENT_FOUND,30,30,15,0,960,960,30,0,960,0,32,1,1,303,4.0,4,189.34,20,20.0,20.0,0,0,0,0,1,1,1,b8ff4e0cd1bf15ed47968cde6ad2530bfe3d56b991c289d66df5ed3a4ea01ca1,4,20,4,0,1,False,False,303,47,0.1551155115511551,0.01020408163265306,0.038651315789473686,4,b8ff4e0cd1bf15ed47968cde6ad2530bfe3d56b991c289d66df5ed3a4ea01ca1,b8ff4e0cd1bf15ed47968cde6ad2530bfe3d56b991c289d66df5ed3a4ea01ca1,,False,True,PREEXISTING
True,True,True,True,True,True,True,True,True,True,True,False,original,18,2014-07-01 09:00:00,weekday,9,1.0,scenario2,MATCHING_SEGMENT_FOUND,30,30,15,0,960,960,30,0,960,0,32,1,1,303,4.0,4,189.32,20,20.0,20.0,0,0,0,0,1,1,1,1928f40ce31bf6bd47fb15c046e5d7db5c6f2744acdbf86090d49adc6860aaca,19,20,4,0,1,False,False,303,47,0.1551155115511551,0.01020408163265306,0.038651315789473686,19,1928f40ce31bf6bd47fb15c046e5d7db5c6f2744acdbf86090d49adc6860aaca,1928f40ce31bf6bd47fb15c046e5d7db5c6f2744acdbf86090d49adc6860aaca,,False,True,PREEXISTING
True,True,True,True,True,True,True,True,True,True,True,False,original,18,2014-07-01 09:00:00,time,52,18.0,scenario1,CORRECTLY_PREDICTED_CELL_AVAILABLE,30,30,15,0,960,960,30,0,960,0,32,3,3,90,0.3333333333333333,1,14.963333333333333,3,1.0,0.0,2,0,0,1,0,0,0,2dc4082648c06456c42d6fc8e392242e43cac3cae6feb013042378ead06c2a2a,18,3,4,1,0,False,False,30,18,0.6,0.018518518518518517,0.018518518518518517,18,2dc4082648c06456c42d6fc8e392242e43cac3cae6feb013042378ead06c2a2a,2dc4082648c06456c42d6fc8e392242e43cac3cae6feb013042378ead06c2a2a,,False,True,PREEXISTING
True,True,True,True,True,True,True,True,True,True,True,False,original,18,2014-07-01 09:00:00,time,51,18.0,scenario3,EXISTING_SEGMENTS_BELOW_L_MATCH,30,30,15,0,960,960,30,0,960,0,32,4,4,120,0.75,2,14.985,1,0.5,0.5,2,2,0,0,0,0,0,50199f6c14cfa075bd098ce8e03eedab6579849185f9a904cd6988345e94e105,3,1,4,3,0,False,False,30,18,0.6,0.018518518518518517,0.018518518518518517,14,c76f82fa8134676702b1decb4e811e2640d7be1fc44fc140698f084523a837ce,,c76f82fa8134676702b1decb4e811e2640d7be1fc44fc140698f084523a837ce,True,False,POST_OBSERVATION_CREATED
True,True,True,True,True,True,True,True,True,True,True,False,original,18,2014-07-01 09:00:00,time,53,18.0,scenario3,EXISTING_SEGMENTS_BELOW_L_MATCH,30,30,15,0,960,960,30,0,960,0,32,3,3,90,0.3333333333333333,1,14.963333333333333,3,1.0,0.0,2,0,0,1,0,0,0,7a2d6dd9bf43b8ea34b0cff81f429a236263eb17964fce4150bffbc8cfffcbe6,24,3,4,1,0,False,False,30,18,0.6,0.018518518518518517,0.018518518518518517,18,08738dad1791be282f39b58b4f193ae6bc487ca464e31ac79837d9b1af03098e,,08738dad1791be282f39b58b4f193ae6bc487ca464e31ac79837d9b1af03098e,True,False,POST_OBSERVATION_CREATED
True,True,True,True,True,True,True,True,True,True,True,False,original,18,2014-07-01 09:00:00,time,50,18.0,scenario3,EXISTING_SEGMENTS_BELOW_L_MATCH,30,30,15,0,960,960,30,0,960,0,32,3,3,109,1.0,2,18.283333333333335,1,0.6666666666666666,1.0,1,2,0,0,0,0,0,218319a0527a7258b758d90f5d01678b9710fc36f507c817d82e26fe6db569d9,3,1,4,3,0,False,False,49,26,0.5306122448979592,0.018518518518518517,0.026449643947100712,15,9b4706b12808e1857669dfca5c867f2ecb0e80fc262328c3ab6f5453525447d1,,9b4706b12808e1857669dfca5c867f2ecb0e80fc262328c3ab6f5453525447d1,True,False,POST_OBSERVATION_CREATED
True,True,True,True,True,True,True,True,True,True,True,False,original,18,2014-07-01 09:00:00,time,54,18.0,scenario3,EXISTING_SEGMENTS_BELOW_L_MATCH,30,30,15,0,960,960,30,0,960,0,32,2,2,60,0.0,0,15.0,3,1.5,1.5,1,0,0,1,0,0,0,58af612c03da3ffb0e4c0755fab39b2d46028d33eaf74255fb4f2fbec757c88d,15,3,4,1,0,False,False,30,18,0.6,0.018518518518518517,0.018518518518518517,2,ad17f840179cffa0e2ccdb6ea026ed2b7d5650c51354acf9114f229b16a8f365,,ad17f840179cffa0e2ccdb6ea026ed2b7d5650c51354acf9114f229b16a8f365,True,False,POST_OBSERVATION_CREATED
True,True,True,True,True,True,True,True,True,True,True,False,original,18,2014-07-01 09:00:00,time,49,18.0,scenario3,EXISTING_SEGMENTS_BELOW_L_MATCH,30,30,15,0,960,960,30,0,960,0,32,5,5,150,0.8,2,14.466,3,1.0,1.0,2,2,0,1,0,0,0,632fe508e1e992230853c91631a158d14c489a1a99d8c73c48e44391f2fdae7a,23,3,4,1,0,False,False,30,18,0.6,0.018518518518518517,0.018518518518518517,18,043ddfad77cd5712356fdb19749467c6ad5e9fa0ea8bffefaee8754f2da5d576,,043ddfad77cd5712356fdb19749467c6ad5e9fa0ea8bffefaee8754f2da5d576,True,False,POST_OBSERVATION_CREATED
True,True,True,True,True,True,True,True,True,True,True,False,original,18,2014-07-01 09:00:00,time,55,18.0,scenario3,EXISTING_SEGMENTS_BELOW_L_MATCH,30,30,15,0,960,960,30,0,960,0,32,1,1,30,0.0,0,15.0,0,0.0,0.0,1,0,0,0,0,0,0,37533bc4a37d8fdeb4feb705a899f026c1e44e4f31ad26778a50a485d3172889,6,0,4,4,0,False,False,30,19,0.6333333333333333,0.01956745623069001,0.01956745623069001,4,6d4969ebcc4be5bca1f036f28fabdf5c7a0d5e72669b57487717dd86aaf79397,,6d4969ebcc4be5bca1f036f28fabdf5c7a0d5e72669b57487717dd86aaf79397,True,False,POST_OBSERVATION_CREATED
True,True,True,True,True,True,True,True,True,True,True,False,original,18,2014-07-01 09:00:00,time,48,18.0,scenario1,CORRECTLY_PREDICTED_CELL_AVAILABLE,30,30,15,0,960,960,30,0,960,0,32,5,5,186,0.6,1,19.584,11,3.0,1.0,2,1,0,1,1,1,1,5b181baeb93d0b2e43c346ff29c3fef1a19c62c87637683157b510f184a8e483,4,11,4,0,1,False,False,30,13,0.43333333333333335,0.01330603889457523,0.01330603889457523,4,5b181baeb93d0b2e43c346ff29c3fef1a19c62c87637683157b510f184a8e483,5b181baeb93d0b2e43c346ff29c3fef1a19c62c87637683157b510f184a8e483,,False,True,PREEXISTING
True,True,True,True,True,True,True,True,True,True,True,False,original,18,2014-07-01 09:00:00,time,56,18.0,scenario3,NO_EXISTING_SEGMENT_IN_COLUMN,30,30,15,0,960,960,30,0,960,0,32,0,0,0,0.0,0,0.0,0,0.0,0.0,0,0,0,0,0,0,0,,,0,4,4,0,False,False,0,0,0.0,0.0,0.0,14,8ff697dc8e48305fab09394773b0c1ded16e7d4e08c965dc7c15373b83500c00,,8ff697dc8e48305fab09394773b0c1ded16e7d4e08c965dc7c15373b83500c00,True,False,POST_OBSERVATION_CREATED
True,True,True,True,True,True,True,True,True,True,True,False,original,18,2014-07-01 09:00:00,time,47,18.0,scenario2,MATCHING_SEGMENT_FOUND,30,30,15,0,960,960,30,0,960,0,32,5,5,169,1.4,6,16.259999999999998,10,3.0,1.0,1,2,0,1,1,1,1,d01f2f3a623e37a5812c67a793f5bf274590bbcce2e2f1b47593300775cdf5ca,14,10,4,0,1,False,False,30,10,0.3333333333333333,0.01020408163265306,0.01020408163265306,14,d01f2f3a623e37a5812c67a793f5bf274590bbcce2e2f1b47593300775cdf5ca,d01f2f3a623e37a5812c67a793f5bf274590bbcce2e2f1b47593300775cdf5ca,,False,True,PREEXISTING
True,True,True,True,True,True,True,True,True,True,True,False,original,18,2014-07-01 09:00:00,passenger,323,19539.0,scenario3,NO_EXISTING_SEGMENT_IN_COLUMN,30,30,15,0,960,960,30,0,960,0,32,0,0,0,0.0,0,0.0,0,0.0,0.0,0,0,0,0,0,0,0,,,0,4,4,0,False,False,0,0,0.0,0.0,0.0,3,6598574e6375a472a37562d941a428f99d6c0610a763ae326613a551a4e802f0,,6598574e6375a472a37562d941a428f99d6c0610a763ae326613a551a4e802f0,True,False,POST_OBSERVATION_CREATED
True,True,True,True,True,True,True,True,True,True,True,False,original,18,2014-07-01 09:00:00,passenger,322,19539.0,scenario3,NO_EXISTING_SEGMENT_IN_COLUMN,30,30,15,0,960,960,30,0,960,0,32,0,0,0,0.0,0,0.0,0,0.0,0.0,0,0,0,0,0,0,0,,,0,4,4,0,False,False,0,0,0.0,0.0,0.0,22,cd2f6291543f1a899a3808782effefe35434cecaa061c72d0279aff8db6eed1a,,cd2f6291543f1a899a3808782effefe35434cecaa061c72d0279aff8db6eed1a,True,False,POST_OBSERVATION_CREATED
True,True,True,True,True,True,True,True,True,True,True,False,original,18,2014-07-01 09:00:00,passenger,324,19539.0,scenario3,NO_EXISTING_SEGMENT_IN_COLUMN,30,30,15,0,960,960,30,0,960,0,32,0,0,0,0.0,0,0.0,0,0.0,0.0,0,0,0,0,0,0,0,,,0,4,4,0,False,False,0,0,0.0,0.0,0.0,11,13b85e291d19ec1b87f0d6bc3951760e81f035913d5ccd5b3d8a6a026f243c20,,13b85e291d19ec1b87f0d6bc3951760e81f035913d5ccd5b3d8a6a026f243c20,True,False,POST_OBSERVATION_CREATED
True,True,True,True,True,True,True,True,True,True,True,False,original,18,2014-07-01 09:00:00,passenger,321,19539.0,scenario3,NO_EXISTING_SEGMENT_IN_COLUMN,30,30,15,0,960,960,30,0,960,0,32,0,0,0,0.0,0,0.0,0,0.0,0.0,0,0,0,0,0,0,0,,,0,4,4,0,False,False,0,0,0.0,0.0,0.0,30,fad7437f0f32e32688aed945d218fdea6124d1ef02341e22af2461c506751fbf,,fad7437f0f32e32688aed945d218fdea6124d1ef02341e22af2461c506751fbf,True,False,POST_OBSERVATION_CREATED
True,True,True,True,True,True,True,True,True,True,True,False,original,18,2014-07-01 09:00:00,passenger,325,19539.0,scenario3,NO_EXISTING_SEGMENT_IN_COLUMN,30,30,15,0,960,960,30,0,960,0,32,0,0,0,0.0,0,0.0,0,0.0,0.0,0,0,0,0,0,0,0,,,0,4,4,0,False,False,0,0,0.0,0.0,0.0,20,37c7e8306b5dbb41ea12d8f316d1dced8722c918a16a83eaa3192523f4349c20,,37c7e8306b5dbb41ea12d8f316d1dced8722c918a16a83eaa3192523f4349c20,True,False,POST_OBSERVATION_CREATED
True,True,True,True,True,True,True,True,True,True,True,False,original,18,2014-07-01 09:00:00,passenger,320,19539.0,scenario3,NO_EXISTING_SEGMENT_IN_COLUMN,30,30,15,0,960,960,30,0,960,0,32,0,0,0,0.0,0,0.0,0,0.0,0.0,0,0,0,0,0,0,0,,,0,4,4,0,False,False,0,0,0.0,0.0,0.0,24,964e28adf59073404933aa0fc15c8ef7fc9326225b6323ebdcee5f9d11e55484,,964e28adf59073404933aa0fc15c8ef7fc9326225b6323ebdcee5f9d11e55484,True,False,POST_OBSERVATION_CREATED
True,True,True,True,True,True,True,True,True,True,True,False,original,18,2014-07-01 09:00:00,passenger,326,19539.0,scenario3,NO_EXISTING_SEGMENT_IN_COLUMN,30,30,15,0,960,960,30,0,960,0,32,0,0,0,0.0,0,0.0,0,0.0,0.0,0,0,0,0,0,0,0,,,0,4,4,0,False,False,0,0,0.0,0.0,0.0,6,92f5e6c3077fd71b0b600e5d88e279c553d807f81bd95111cbc5bfed495427e4,,92f5e6c3077fd71b0b600e5d88e279c553d807f81bd95111cbc5bfed495427e4,True,False,POST_OBSERVATION_CREATED
True,True,True,True,True,True,True,True,True,True,True,False,original,18,2014-07-01 09:00:00,passenger,319,19539.0,scenario3,NO_EXISTING_SEGMENT_IN_COLUMN,30,30,15,0,960,960,30,0,960,0,32,0,0,0,0.0,0,0.0,0,0.0,0.0,0,0,0,0,0,0,0,,,0,4,4,0,False,False,0,0,0.0,0.0,0.0,30,7685ac1a309d934bf43aef457ca3bef02455d123a9fd72566c97f84c720f4cb4,,7685ac1a309d934bf43aef457ca3bef02455d123a9fd72566c97f84c720f4cb4,True,False,POST_OBSERVATION_CREATED
True,True,True,True,True,True,True,True,True,True,True,False,original,18,2014-07-01 09:00:00,passenger,327,19539.0,scenario3,NO_EXISTING_SEGMENT_IN_COLUMN,30,30,15,0,960,960,30,0,960,0,32,0,0,0,0.0,0,0.0,0,0.0,0.0,0,0,0,0,0,0,0,,,0,4,4,0,False,False,0,0,0.0,0.0,0.0,26,f05947e67bc20a1ca25c4898f5f894797f822ca0bb2b281e01115e9158810256,,f05947e67bc20a1ca25c4898f5f894797f822ca0bb2b281e01115e9158810256,True,False,POST_OBSERVATION_CREATED
True,True,True,True,True,True,True,True,True,True,True,False,original,18,2014-07-01 09:00:00,passenger,318,19539.0,scenario3,NO_EXISTING_SEGMENT_IN_COLUMN,30,30,15,0,960,960,30,0,960,0,32,0,0,0,0.0,0,0.0,0,0.0,0.0,0,0,0,0,0,0,0,,,0,4,4,0,False,False,0,0,0.0,0.0,0.0,10,99d2e68462c2965717a94a2679716d322e7c1cc5b82d85993c0614bb228493ef,,99d2e68462c2965717a94a2679716d322e7c1cc5b82d85993c0614bb228493ef,True,False,POST_OBSERVATION_CREATED
True,True,True,True,True,True,True,True,True,True,True,False,original,19,2014-07-01 09:30:00,weekday,4,1.0,scenario2,MATCHING_SEGMENT_FOUND,30,30,17,2,896,898,30,2,896,0,32,1,1,322,0.0,0,201.2,21,21.0,21.0,0,0,0,0,1,1,1,8aeed2abd0f847e0b8500715486ecfcc55670f2b3385c6aeb419a3a0678f1913,30,21,4,0,1,False,False,322,44,0.13664596273291926,0.010893246187363835,0.03741496598639456,30,8aeed2abd0f847e0b8500715486ecfcc55670f2b3385c6aeb419a3a0678f1913,8aeed2abd0f847e0b8500715486ecfcc55670f2b3385c6aeb419a3a0678f1913,,False,True,PREEXISTING
True,True,True,True,True,True,True,True,True,True,True,False,original,19,2014-07-01 09:30:00,weekday,5,1.0,scenario2,MATCHING_SEGMENT_FOUND,30,30,17,2,896,898,30,2,896,0,32,1,1,322,0.0,0,201.2,21,21.0,21.0,0,0,0,0,1,1,1,64080601c3be5fe7030e7eb69924a6cafe76e2b467b4a5630a9f7de522aa39db,10,21,4,0,1,False,False,322,44,0.13664596273291926,0.010893246187363835,0.03741496598639456,10,64080601c3be5fe7030e7eb69924a6cafe76e2b467b4a5630a9f7de522aa39db,64080601c3be5fe7030e7eb69924a6cafe76e2b467b4a5630a9f7de522aa39db,,False,True,PREEXISTING
True,True,True,True,True,True,True,True,True,True,True,False,original,19,2014-07-01 09:30:00,weekday,3,1.0,scenario2,MATCHING_SEGMENT_FOUND,30,30,17,2,896,898,30,2,896,0,32,1,1,322,1.0,1,201.16,21,21.0,21.0,0,0,0,0,1,1,1,69f0cb4491a1fd577b6c1af78119fa843dac41862a4e9483fd3c8e414791a45f,4,21,4,0,1,False,False,322,44,0.13664596273291926,0.010893246187363835,0.03741496598639456,4,69f0cb4491a1fd577b6c1af78119fa843dac41862a4e9483fd3c8e414791a45f,69f0cb4491a1fd577b6c1af78119fa843dac41862a4e9483fd3c8e414791a45f,,False,True,PREEXISTING
True,True,True,True,True,True,True,True,True,True,True,False,original,19,2014-07-01 09:30:00,weekday,6,1.0,scenario2,MATCHING_SEGMENT_FOUND,30,30,17,2,896,898,30,2,896,0,32,1,1,322,1.0,1,201.14,21,21.0,21.0,0,0,0,0,1,1,1,d0ca4df7b4ef8ef8330fc3c3fb6df6da237f2c8759fa1a08b551c3b0267a5cc1,29,21,4,0,1,False,False,322,44,0.13664596273291926,0.010893246187363835,0.03741496598639456,29,d0ca4df7b4ef8ef8330fc3c3fb6df6da237f2c8759fa1a08b551c3b0267a5cc1,d0ca4df7b4ef8ef8330fc3c3fb6df6da237f2c8759fa1a08b551c3b0267a5cc1,,False,True,PREEXISTING
True,True,True,True,True,True,True,True,True,True,True,False,original,19,2014-07-01 09:30:00,weekday,2,1.0,scenario2,MATCHING_SEGMENT_FOUND,30,30,17,2,896,898,30,2,896,0,32,1,1,322,1.0,1,201.14,21,21.0,21.0,0,0,0,0,1,1,1,62de03d338e81fffb1fe886b83637755e48f7109d103cb5c35e3be82a6942085,15,21,4,0,1,False,False,322,44,0.13664596273291926,0.010893246187363835,0.03741496598639456,15,62de03d338e81fffb1fe886b83637755e48f7109d103cb5c35e3be82a6942085,62de03d338e81fffb1fe886b83637755e48f7109d103cb5c35e3be82a6942085,,False,True,PREEXISTING
True,True,True,True,True,True,True,True,True,True,True,False,original,19,2014-07-01 09:30:00,weekday,7,1.0,scenario2,MATCHING_SEGMENT_FOUND,30,30,17,2,896,898,30,2,896,0,32,1,1,322,3.0,3,201.07999999999998,21,21.0,21.0,0,0,0,0,1,1,1,82cd778248b58abce2dd437ff3430d422a5f31f0857456cb0806c4bbf75c2f84,1,21,4,0,1,False,False,322,44,0.13664596273291926,0.010893246187363835,0.03741496598639456,1,82cd778248b58abce2dd437ff3430d422a5f31f0857456cb0806c4bbf75c2f84,82cd778248b58abce2dd437ff3430d422a5f31f0857456cb0806c4bbf75c2f84,,False,True,PREEXISTING
True,True,True,True,True,True,True,True,True,True,True,False,original,19,2014-07-01 09:30:00,weekday,1,1.0,scenario2,MATCHING_SEGMENT_FOUND,30,30,17,2,896,898,30,2,896,0,32,1,1,322,3.0,3,201.07,21,21.0,21.0,0,0,0,0,1,1,1,096eb71f46b469fc4f1cc7d4ed984088c225a66b3cfbaad900f9fc8fd6e6985c,15,21,4,0,1,False,False,322,44,0.13664596273291926,0.010893246187363835,0.03741496598639456,15,096eb71f46b469fc4f1cc7d4ed984088c225a66b3cfbaad900f9fc8fd6e6985c,096eb71f46b469fc4f1cc7d4ed984088c225a66b3cfbaad900f9fc8fd6e6985c,,False,True,PREEXISTING
True,True,True,True,True,True,True,True,True,True,True,False,original,19,2014-07-01 09:30:00,weekday,8,1.0,scenario2,MATCHING_SEGMENT_FOUND,30,30,17,2,896,898,30,2,896,0,32,1,1,322,4.0,4,200.82,21,21.0,21.0,0,0,0,0,1,1,1,8707a46b07890e9f3d4b42af5e0aab7361dc144e7986f25d90e421a33089bd83,29,21,4,0,1,False,False,322,44,0.13664596273291926,0.010893246187363835,0.03741496598639456,29,8707a46b07890e9f3d4b42af5e0aab7361dc144e7986f25d90e421a33089bd83,8707a46b07890e9f3d4b42af5e0aab7361dc144e7986f25d90e421a33089bd83,,False,True,PREEXISTING
True,True,True,True,True,True,True,True,True,True,True,False,original,19,2014-07-01 09:30:00,weekday,0,1.0,scenario2,MATCHING_SEGMENT_FOUND,30,30,17,2,896,898,30,2,896,0,32,1,1,322,4.0,4,200.82999999999998,21,21.0,21.0,0,0,0,0,1,1,1,b8ff4e0cd1bf15ed47968cde6ad2530bfe3d56b991c289d66df5ed3a4ea01ca1,4,21,4,0,1,False,False,322,44,0.13664596273291926,0.010893246187363835,0.03741496598639456,4,b8ff4e0cd1bf15ed47968cde6ad2530bfe3d56b991c289d66df5ed3a4ea01ca1,b8ff4e0cd1bf15ed47968cde6ad2530bfe3d56b991c289d66df5ed3a4ea01ca1,,False,True,PREEXISTING
True,True,True,True,True,True,True,True,True,True,True,False,original,19,2014-07-01 09:30:00,weekday,9,1.0,scenario2,MATCHING_SEGMENT_FOUND,30,30,17,2,896,898,30,2,896,0,32,1,1,322,4.0,4,200.81,21,21.0,21.0,0,0,0,0,1,1,1,1928f40ce31bf6bd47fb15c046e5d7db5c6f2744acdbf86090d49adc6860aaca,19,21,4,0,1,False,False,322,44,0.13664596273291926,0.010893246187363835,0.03741496598639456,19,1928f40ce31bf6bd47fb15c046e5d7db5c6f2744acdbf86090d49adc6860aaca,1928f40ce31bf6bd47fb15c046e5d7db5c6f2744acdbf86090d49adc6860aaca,,False,True,PREEXISTING
True,True,True,True,True,True,True,True,True,True,True,False,original,19,2014-07-01 09:30:00,time,53,19.0,scenario1,CORRECTLY_PREDICTED_CELL_AVAILABLE,30,30,17,2,896,898,30,2,896,0,32,4,4,120,0.5,1,14.9625,3,1.0,0.5,2,1,0,1,0,0,0,08738dad1791be282f39b58b4f193ae6bc487ca464e31ac79837d9b1af03098e,18,3,4,1,0,False,False,30,17,0.5666666666666667,0.018660812294182216,0.018660812294182216,18,08738dad1791be282f39b58b4f193ae6bc487ca464e31ac79837d9b1af03098e,08738dad1791be282f39b58b4f193ae6bc487ca464e31ac79837d9b1af03098e,,False,True,PREEXISTING
True,True,True,True,True,True,True,True,True,True,True,False,original,19,2014-07-01 09:30:00,time,52,19.0,scenario3,EXISTING_SEGMENTS_BELOW_L_MATCH,30,30,17,2,896,898,30,2,896,0,32,3,3,90,0.6666666666666666,1,14.163333333333334,1,0.3333333333333333,0.0,2,1,0,0,0,0,0,2dc4082648c06456c42d6fc8e392242e43cac3cae6feb013042378ead06c2a2a,18,1,4,3,0,False,False,30,15,0.5,0.01642935377875137,0.01642935377875137,11,7aadbf51b44df5a0c34fec22f952bfdbc0b347bb160f000f7108a808a4b7889f,,7aadbf51b44df5a0c34fec22f952bfdbc0b347bb160f000f7108a808a4b7889f,True,False,POST_OBSERVATION_CREATED
True,True,True,True,True,True,True,True,True,True,True,False,original,19,2014-07-01 09:30:00,time,54,19.0,scenario3,EXISTING_SEGMENTS_BELOW_L_MATCH,30,30,17,2,896,898,30,2,896,0,32,3,3,90,0.3333333333333333,1,14.986666666666666,3,1.3333333333333333,1.0,1,1,0,1,0,0,0,ad17f840179cffa0e2ccdb6ea026ed2b7d5650c51354acf9114f229b16a8f365,2,3,4,1,0,False,False,30,17,0.5666666666666667,0.018660812294182216,0.018660812294182216,26,e5cbd602b0e7206b5abc46982e9fd25d9256d82194abc4a682433b373df46172,,e5cbd602b0e7206b5abc46982e9fd25d9256d82194abc4a682433b373df46172,True,False,POST_OBSERVATION_CREATED
True,True,True,True,True,True,True,True,True,True,True,False,original,19,2014-07-01 09:30:00,time,51,19.0,scenario1,CORRECTLY_PREDICTED_CELL_AVAILABLE,30,30,17,2,896,898,30,2,896,0,32,5,5,150,0.6,2,14.968,11,3.0,1.0,2,1,0,1,1,1,1,50199f6c14cfa075bd098ce8e03eedab6579849185f9a904cd6988345e94e105,3,11,4,0,1,False,False,30,15,0.5,0.01642935377875137,0.01642935377875137,3,50199f6c14cfa075bd098ce8e03eedab6579849185f9a904cd6988345e94e105,50199f6c14cfa075bd098ce8e03eedab6579849185f9a904cd6988345e94e105,,False,True,PREEXISTING
True,True,True,True,True,True,True,True,True,True,True,False,original,19,2014-07-01 09:30:00,time,55,19.0,scenario3,EXISTING_SEGMENTS_BELOW_L_MATCH,30,30,17,2,896,898,30,2,896,0,32,2,2,60,0.5,1,14.98,3,1.5,1.5,1,0,0,1,0,0,0,6d4969ebcc4be5bca1f036f28fabdf5c7a0d5e72669b57487717dd86aaf79397,4,3,4,1,0,False,False,30,17,0.5666666666666667,0.018660812294182216,0.018660812294182216,9,0928451983357365c90a12d417573d9a37564cd8cd363b9b53d5f834a52b8884,,0928451983357365c90a12d417573d9a37564cd8cd363b9b53d5f834a52b8884,True,False,POST_OBSERVATION_CREATED
True,True,True,True,True,True,True,True,True,True,True,False,original,19,2014-07-01 09:30:00,time,50,19.0,scenario3,EXISTING_SEGMENTS_BELOW_L_MATCH,30,30,17,2,896,898,30,2,896,0,32,4,4,139,1.0,2,17.4375,3,1.25,1.0,1,2,0,1,0,0,0,9b4706b12808e1857669dfca5c867f2ecb0e80fc262328c3ab6f5453525447d1,15,3,4,1,0,False,False,30,17,0.5666666666666667,0.018660812294182216,0.018660812294182216,25,9e9d2c0c892fca85fd98286179805e28399db58ee5e61ada089206397940ba8b,,9e9d2c0c892fca85fd98286179805e28399db58ee5e61ada089206397940ba8b,True,False,POST_OBSERVATION_CREATED
True,True,True,True,True,True,True,True,True,True,True,False,original,19,2014-07-01 09:30:00,time,56,19.0,scenario1,CORRECTLY_PREDICTED_CELL_AVAILABLE,30,30,17,2,896,898,30,2,896,0,32,1,1,30,0.0,0,15.0,3,3.0,3.0,0,0,0,1,0,0,0,8ff697dc8e48305fab09394773b0c1ded16e7d4e08c965dc7c15373b83500c00,14,3,4,1,0,False,False,30,17,0.5666666666666667,0.018660812294182216,0.018660812294182216,14,8ff697dc8e48305fab09394773b0c1ded16e7d4e08c965dc7c15373b83500c00,8ff697dc8e48305fab09394773b0c1ded16e7d4e08c965dc7c15373b83500c00,,False,True,PREEXISTING
True,True,True,True,True,True,True,True,True,True,True,False,original,19,2014-07-01 09:30:00,time,49,19.0,scenario3,EXISTING_SEGMENTS_BELOW_L_MATCH,30,30,17,2,896,898,30,2,896,0,32,6,6,180,0.8333333333333334,2,14.548333333333334,3,0.6666666666666666,0.0,4,1,0,1,0,0,0,043ddfad77cd5712356fdb19749467c6ad5e9fa0ea8bffefaee8754f2da5d576,18,3,4,1,0,False,False,30,17,0.5666666666666667,0.018660812294182216,0.018660812294182216,22,d81907b834d8f1ef0c911f3b19bbbf9d31480b2dd1e2dc98ff8e1d663a307e3e,,d81907b834d8f1ef0c911f3b19bbbf9d31480b2dd1e2dc98ff8e1d663a307e3e,True,False,POST_OBSERVATION_CREATED
True,True,True,True,True,True,True,True,True,True,True,False,original,19,2014-07-01 09:30:00,time,57,19.0,scenario3,NO_EXISTING_SEGMENT_IN_COLUMN,30,30,17,2,896,898,30,2,896,0,32,0,0,0,0.0,0,0.0,0,0.0,0.0,0,0,0,0,0,0,0,,,0,4,4,0,False,False,0,0,0.0,0.0,0.0,12,ca2e7efb16905c6b7750b7bbe445ef800bc51fbf2c821238c94bf34e2bed4231,,ca2e7efb16905c6b7750b7bbe445ef800bc51fbf2c821238c94bf34e2bed4231,True,False,POST_OBSERVATION_CREATED
True,True,True,True,True,True,True,True,True,True,True,False,original,19,2014-07-01 09:30:00,time,48,19.0,scenario2,MATCHING_SEGMENT_FOUND,30,30,17,2,896,898,30,2,896,0,32,5,5,186,0.6,1,19.424,11,2.8,1.0,2,1,1,0,1,1,1,ba1ca700d07e7b9052e61e04a48f305369ae72065cdad063c1ba8a46f8216bce,5,11,4,0,1,False,False,30,11,0.36666666666666664,0.011995637949836423,0.011995637949836423,5,ba1ca700d07e7b9052e61e04a48f305369ae72065cdad063c1ba8a46f8216bce,ba1ca700d07e7b9052e61e04a48f305369ae72065cdad063c1ba8a46f8216bce,,False,True,PREEXISTING
True,True,True,True,True,True,True,True,True,True,True,False,original,19,2014-07-01 09:30:00,passenger,330,20107.0,scenario1,CORRECTLY_PREDICTED_CELL_AVAILABLE,30,30,17,2,896,898,30,2,896,0,32,1,1,30,0.0,0,15.0,3,3.0,3.0,0,0,0,1,0,0,0,9d5539fb5b24d1c4611766f7a6fa3059ad523c73b6ee48ef0bde26d2dab399a7,8,3,4,1,0,False,False,30,17,0.5666666666666667,0.018660812294182216,0.018660812294182216,8,9d5539fb5b24d1c4611766f7a6fa3059ad523c73b6ee48ef0bde26d2dab399a7,9d5539fb5b24d1c4611766f7a6fa3059ad523c73b6ee48ef0bde26d2dab399a7,,False,True,PREEXISTING
True,True,True,True,True,True,True,True,True,True,True,False,original,19,2014-07-01 09:30:00,passenger,329,20107.0,scenario3,PREDICTED_TIME_INVALID,30,30,17,2,896,898,30,2,896,0,32,1,1,30,1.0,1,14.96,0,0.0,0.0,1,0,0,0,0,0,0,7e274a0b8b4ce0994f7e17ed5bf8b1c6105bb13dcc11ebe4cf1a573d3fa050c8,3,0,4,4,0,False,False,30,17,0.5666666666666667,0.018660812294182216,0.018660812294182216,24,5d985e811d0372c53593aece779c3467f18c831279777785399316aeeab56012,,5d985e811d0372c53593aece779c3467f18c831279777785399316aeeab56012,True,False,POST_OBSERVATION_CREATED
True,True,True,True,True,True,True,True,True,True,True,False,original,19,2014-07-01 09:30:00,passenger,331,20107.0,scenario3,EXISTING_SEGMENTS_BELOW_L_MATCH,30,30,17,2,896,898,30,2,896,0,32,1,1,30,1.0,1,14.96,0,0.0,0.0,1,0,0,0,0,0,0,df2a3e8768535254acd93cf16cf175834ffe4587e01a3dbb5bd91796130c154b,3,0,4,4,0,False,False,30,17,0.5666666666666667,0.018660812294182216,0.018660812294182216,6,99ed05f1dd0c52fe2fa29a40a597272f633c0ebe714df9c7240cd1ebe19fc6a0,,99ed05f1dd0c52fe2fa29a40a597272f633c0ebe714df9c7240cd1ebe19fc6a0,True,False,POST_OBSERVATION_CREATED
True,True,True,True,True,True,True,True,True,True,True,False,original,19,2014-07-01 09:30:00,passenger,328,20107.0,scenario3,PREDICTED_TIME_INVALID,30,30,17,2,896,898,30,2,896,0,32,1,1,30,1.0,1,14.96,0,0.0,0.0,1,0,0,0,0,0,0,2dadc604eb2cf3f0a70cd01f28ce96704e63da1c81e37546c8f96f66163e46e1,30,0,4,4,0,False,False,30,17,0.5666666666666667,0.018660812294182216,0.018660812294182216,9,37f29ae22ac1b15c8ed3619960483753592db9a1faecda6fbfb70f07b6d3a334,,37f29ae22ac1b15c8ed3619960483753592db9a1faecda6fbfb70f07b6d3a334,True,False,POST_OBSERVATION_CREATED
True,True,True,True,True,True,True,True,True,True,True,False,original,19,2014-07-01 09:30:00,passenger,332,20107.0,scenario3,EXISTING_SEGMENTS_BELOW_L_MATCH,30,30,17,2,896,898,30,2,896,0,32,1,1,30,0.0,0,15.0,0,0.0,0.0,1,0,0,0,0,0,0,f3d7c6f3eec196c4b2c988d5f147b9cd54804c7ed2abdeebf88e586c6cd90620,29,0,4,4,0,False,False,30,17,0.5666666666666667,0.018660812294182216,0.018660812294182216,16,cbfa9d3364bee0274260214e473628c0626bb10868638761204de7bce4c8c174,,cbfa9d3364bee0274260214e473628c0626bb10868638761204de7bce4c8c174,True,False,POST_OBSERVATION_CREATED
True,True,True,True,True,True,True,True,True,True,True,False,original,19,2014-07-01 09:30:00,passenger,327,20107.0,scenario3,PREDICTED_TIME_INVALID,30,30,17,2,896,898,30,2,896,0,32,1,1,30,0.0,0,15.0,0,0.0,0.0,1,0,0,0,0,0,0,f05947e67bc20a1ca25c4898f5f894797f822ca0bb2b281e01115e9158810256,26,0,4,4,0,False,False,30,17,0.5666666666666667,0.018660812294182216,0.018660812294182216,5,6bccc5033e05c26c75c4e4e7f96077d3aa4a3b3d001fb79b91605a36485eff9d,,6bccc5033e05c26c75c4e4e7f96077d3aa4a3b3d001fb79b91605a36485eff9d,True,False,POST_OBSERVATION_CREATED
True,True,True,True,True,True,True,True,True,True,True,False,original,19,2014-07-01 09:30:00,passenger,333,20107.0,scenario3,EXISTING_SEGMENTS_BELOW_L_MATCH,30,30,17,2,896,898,30,2,896,0,32,1,1,30,0.0,0,15.0,0,0.0,0.0,1,0,0,0,0,0,0,c3e183e8b927974755e8ed7c28b95112e777a7b47de78fff6e97648a72f305e2,8,0,4,4,0,False,False,30,17,0.5666666666666667,0.018660812294182216,0.018660812294182216,24,74e7963249b42234dc33d2b9a8165bd7501a623d74f7a09ae5e51ffacd49e540,,74e7963249b42234dc33d2b9a8165bd7501a623d74f7a09ae5e51ffacd49e540,True,False,POST_OBSERVATION_CREATED
True,True,True,True,True,True,True,True,True,True,True,False,original,19,2014-07-01 09:30:00,passenger,326,20107.0,scenario3,EXISTING_SEGMENTS_BELOW_L_MATCH,30,30,17,2,896,898,30,2,896,0,32,1,1,30,0.0,0,15.0,1,1.0,1.0,0,1,0,0,0,0,0,92f5e6c3077fd71b0b600e5d88e279c553d807f81bd95111cbc5bfed495427e4,6,1,4,3,0,False,False,30,17,0.5666666666666667,0.018660812294182216,0.018660812294182216,4,c4675533cd074716a359f8497e345b2c1ecd5daee9559183a840941afd8cc2bb,,c4675533cd074716a359f8497e345b2c1ecd5daee9559183a840941afd8cc2bb,True,False,POST_OBSERVATION_CREATED
True,True,True,True,True,True,True,True,True,True,True,False,original,19,2014-07-01 09:30:00,passenger,334,20107.0,scenario3,EXISTING_SEGMENTS_BELOW_L_MATCH,30,30,17,2,896,898,30,2,896,0,32,1,1,30,0.0,0,15.0,0,0.0,0.0,1,0,0,0,0,0,0,f8a2a513ec8b0c11653281c7f1663089fb687ad502311ce1f018c91b7127b42d,18,0,4,4,0,False,False,30,17,0.5666666666666667,0.018660812294182216,0.018660812294182216,31,94d6cd7f340c0890463ef1d6e843942fa60197f0ced4abb98448e2da9677fc08,,94d6cd7f340c0890463ef1d6e843942fa60197f0ced4abb98448e2da9677fc08,True,False,POST_OBSERVATION_CREATED
True,True,True,True,True,True,True,True,True,True,True,False,original,19,2014-07-01 09:30:00,passenger,325,20107.0,scenario3,EXISTING_SEGMENTS_BELOW_L_MATCH,30,30,17,2,896,898,30,2,896,0,32,1,1,30,0.0,0,15.0,0,0.0,0.0,1,0,0,0,0,0,0,37c7e8306b5dbb41ea12d8f316d1dced8722c918a16a83eaa3192523f4349c20,20,0,4,4,0,False,False,30,17,0.5666666666666667,0.018660812294182216,0.018660812294182216,3,70fa06b36f31a0a071883912fd5b48d915af518debc7418c3aeb8c271a98b513,,70fa06b36f31a0a071883912fd5b48d915af518debc7418c3aeb8c271a98b513,True,False,POST_OBSERVATION_CREATED
True,True,True,True,True,True,True,True,True,True,True,False,original,20,2014-07-01 10:00:00,weekday,4,1.0,scenario2,MATCHING_SEGMENT_FOUND,30,30,22,4,832,836,30,4,832,0,32,1,1,339,0.0,0,211.6,21,21.0,21.0,0,0,0,0,1,1,1,8aeed2abd0f847e0b8500715486ecfcc55670f2b3385c6aeb419a3a0678f1913,30,21,4,0,1,False,False,339,55,0.16224188790560473,0.011682242990654205,0.049107142857142856,30,8aeed2abd0f847e0b8500715486ecfcc55670f2b3385c6aeb419a3a0678f1913,8aeed2abd0f847e0b8500715486ecfcc55670f2b3385c6aeb419a3a0678f1913,,False,True,PREEXISTING
True,True,True,True,True,True,True,True,True,True,True,False,original,20,2014-07-01 10:00:00,weekday,5,1.0,scenario2,MATCHING_SEGMENT_FOUND,30,30,22,4,832,836,30,4,832,0,32,1,1,339,0.0,0,211.6,21,21.0,21.0,0,0,0,0,1,1,1,64080601c3be5fe7030e7eb69924a6cafe76e2b467b4a5630a9f7de522aa39db,10,21,4,0,1,False,False,339,55,0.16224188790560473,0.011682242990654205,0.049107142857142856,10,64080601c3be5fe7030e7eb69924a6cafe76e2b467b4a5630a9f7de522aa39db,64080601c3be5fe7030e7eb69924a6cafe76e2b467b4a5630a9f7de522aa39db,,False,True,PREEXISTING
True,True,True,True,True,True,True,True,True,True,True,False,original,20,2014-07-01 10:00:00,weekday,3,1.0,scenario2,MATCHING_SEGMENT_FOUND,30,30,22,4,832,836,30,4,832,0,32,1,1,339,1.0,1,211.56,21,21.0,21.0,0,0,0,0,1,1,1,69f0cb4491a1fd577b6c1af78119fa843dac41862a4e9483fd3c8e414791a45f,4,21,4,0,1,False,False,339,55,0.16224188790560473,0.011682242990654205,0.049107142857142856,4,69f0cb4491a1fd577b6c1af78119fa843dac41862a4e9483fd3c8e414791a45f,69f0cb4491a1fd577b6c1af78119fa843dac41862a4e9483fd3c8e414791a45f,,False,True,PREEXISTING
True,True,True,True,True,True,True,True,True,True,True,False,original,20,2014-07-01 10:00:00,weekday,6,1.0,scenario2,MATCHING_SEGMENT_FOUND,30,30,22,4,832,836,30,4,832,0,32,1,1,339,1.0,1,211.54,21,21.0,21.0,0,0,0,0,1,1,1,d0ca4df7b4ef8ef8330fc3c3fb6df6da237f2c8759fa1a08b551c3b0267a5cc1,29,21,4,0,1,False,False,339,55,0.16224188790560473,0.011682242990654205,0.049107142857142856,29,d0ca4df7b4ef8ef8330fc3c3fb6df6da237f2c8759fa1a08b551c3b0267a5cc1,d0ca4df7b4ef8ef8330fc3c3fb6df6da237f2c8759fa1a08b551c3b0267a5cc1,,False,True,PREEXISTING
True,True,True,True,True,True,True,True,True,True,True,False,original,20,2014-07-01 10:00:00,weekday,2,1.0,scenario2,MATCHING_SEGMENT_FOUND,30,30,22,4,832,836,30,4,832,0,32,1,1,339,1.0,1,211.54,21,21.0,21.0,0,0,0,0,1,1,1,62de03d338e81fffb1fe886b83637755e48f7109d103cb5c35e3be82a6942085,15,21,4,0,1,False,False,339,55,0.16224188790560473,0.011682242990654205,0.049107142857142856,15,62de03d338e81fffb1fe886b83637755e48f7109d103cb5c35e3be82a6942085,62de03d338e81fffb1fe886b83637755e48f7109d103cb5c35e3be82a6942085,,False,True,PREEXISTING
True,True,True,True,True,True,True,True,True,True,True,False,original,20,2014-07-01 10:00:00,weekday,7,1.0,scenario2,MATCHING_SEGMENT_FOUND,30,30,22,4,832,836,30,4,832,0,32,1,1,339,3.0,3,211.48,21,21.0,21.0,0,0,0,0,1,1,1,82cd778248b58abce2dd437ff3430d422a5f31f0857456cb0806c4bbf75c2f84,1,21,4,0,1,False,False,339,55,0.16224188790560473,0.011682242990654205,0.049107142857142856,1,82cd778248b58abce2dd437ff3430d422a5f31f0857456cb0806c4bbf75c2f84,82cd778248b58abce2dd437ff3430d422a5f31f0857456cb0806c4bbf75c2f84,,False,True,PREEXISTING
True,True,True,True,True,True,True,True,True,True,True,False,original,20,2014-07-01 10:00:00,weekday,1,1.0,scenario2,MATCHING_SEGMENT_FOUND,30,30,22,4,832,836,30,4,832,0,32,1,1,339,3.0,3,211.47,21,21.0,21.0,0,0,0,0,1,1,1,096eb71f46b469fc4f1cc7d4ed984088c225a66b3cfbaad900f9fc8fd6e6985c,15,21,4,0,1,False,False,339,55,0.16224188790560473,0.011682242990654205,0.049107142857142856,15,096eb71f46b469fc4f1cc7d4ed984088c225a66b3cfbaad900f9fc8fd6e6985c,096eb71f46b469fc4f1cc7d4ed984088c225a66b3cfbaad900f9fc8fd6e6985c,,False,True,PREEXISTING
True,True,True,True,True,True,True,True,True,True,True,False,original,20,2014-07-01 10:00:00,weekday,8,1.0,scenario2,MATCHING_SEGMENT_FOUND,30,30,22,4,832,836,30,4,832,0,32,1,1,339,4.0,4,211.2,21,21.0,21.0,0,0,0,0,1,1,1,8707a46b07890e9f3d4b42af5e0aab7361dc144e7986f25d90e421a33089bd83,29,21,4,0,1,False,False,339,55,0.16224188790560473,0.011682242990654205,0.049107142857142856,29,8707a46b07890e9f3d4b42af5e0aab7361dc144e7986f25d90e421a33089bd83,8707a46b07890e9f3d4b42af5e0aab7361dc144e7986f25d90e421a33089bd83,,False,True,PREEXISTING
True,True,True,True,True,True,True,True,True,True,True,False,original,20,2014-07-01 10:00:00,weekday,0,1.0,scenario2,MATCHING_SEGMENT_FOUND,30,30,22,4,832,836,30,4,832,0,32,1,1,339,4.0,4,211.20999999999998,21,21.0,21.0,0,0,0,0,1,1,1,b8ff4e0cd1bf15ed47968cde6ad2530bfe3d56b991c289d66df5ed3a4ea01ca1,4,21,4,0,1,False,False,339,55,0.16224188790560473,0.011682242990654205,0.049107142857142856,4,b8ff4e0cd1bf15ed47968cde6ad2530bfe3d56b991c289d66df5ed3a4ea01ca1,b8ff4e0cd1bf15ed47968cde6ad2530bfe3d56b991c289d66df5ed3a4ea01ca1,,False,True,PREEXISTING
True,True,True,True,True,True,True,True,True,True,True,False,original,20,2014-07-01 10:00:00,weekday,9,1.0,scenario2,MATCHING_SEGMENT_FOUND,30,30,22,4,832,836,30,4,832,0,32,1,1,339,4.0,4,211.19,21,21.0,21.0,0,0,0,0,1,1,1,1928f40ce31bf6bd47fb15c046e5d7db5c6f2744acdbf86090d49adc6860aaca,19,21,4,0,1,False,False,339,55,0.16224188790560473,0.011682242990654205,0.049107142857142856,19,1928f40ce31bf6bd47fb15c046e5d7db5c6f2744acdbf86090d49adc6860aaca,1928f40ce31bf6bd47fb15c046e5d7db5c6f2744acdbf86090d49adc6860aaca,,False,True,PREEXISTING
True,True,True,True,True,True,True,True,True,True,True,False,original,20,2014-07-01 10:00:00,time,54,20.0,scenario1,CORRECTLY_PREDICTED_CELL_AVAILABLE,30,30,22,4,832,836,30,4,832,0,32,4,4,120,0.5,2,14.9825,4,1.5,1.0,2,0,1,0,1,1,1,e5cbd602b0e7206b5abc46982e9fd25d9256d82194abc4a682433b373df46172,26,4,4,0,1,False,False,30,21,0.7,0.02485207100591716,0.02485207100591716,26,e5cbd602b0e7206b5abc46982e9fd25d9256d82194abc4a682433b373df46172,e5cbd602b0e7206b5abc46982e9fd25d9256d82194abc4a682433b373df46172,,False,True,PREEXISTING
True,True,True,True,True,True,True,True,True,True,True,False,original,20,2014-07-01 10:00:00,time,55,20.0,scenario1,CORRECTLY_PREDICTED_CELL_AVAILABLE,30,30,22,4,832,836,30,4,832,0,32,3,3,90,0.6666666666666666,2,14.976666666666667,1,1.0,1.0,0,3,0,0,0,0,0,6d4969ebcc4be5bca1f036f28fabdf5c7a0d5e72669b57487717dd86aaf79397,4,1,4,3,0,False,False,30,23,0.7666666666666667,0.027283511269276393,0.027283511269276393,4,6d4969ebcc4be5bca1f036f28fabdf5c7a0d5e72669b57487717dd86aaf79397,6d4969ebcc4be5bca1f036f28fabdf5c7a0d5e72669b57487717dd86aaf79397,,False,True,PREEXISTING
True,True,True,True,True,True,True,True,True,True,True,False,original,20,2014-07-01 10:00:00,time,53,20.0,scenario2,MATCHING_SEGMENT_FOUND,30,30,22,4,832,836,30,4,832,0,32,4,4,120,0.75,1,14.3625,10,2.5,0.0,3,0,0,0,1,1,1,08738dad1791be282f39b58b4f193ae6bc487ca464e31ac79837d9b1af03098e,18,10,4,0,1,False,False,30,23,0.7666666666666667,0.027283511269276393,0.027283511269276393,18,08738dad1791be282f39b58b4f193ae6bc487ca464e31ac79837d9b1af03098e,08738dad1791be282f39b58b4f193ae6bc487ca464e31ac79837d9b1af03098e,,False,True,PREEXISTING
True,True,True,True,True,True,True,True,True,True,True,False,original,20,2014-07-01 10:00:00,time,56,20.0,scenario1,CORRECTLY_PREDICTED_CELL_AVAILABLE,30,30,22,4,832,836,30,4,832,0,32,1,1,30,1.0,1,12.600000000000001,1,1.0,1.0,0,1,0,0,0,0,0,8ff697dc8e48305fab09394773b0c1ded16e7d4e08c965dc7c15373b83500c00,14,1,4,3,0,False,False,30,23,0.7666666666666667,0.027283511269276393,0.027283511269276393,14,8ff697dc8e48305fab09394773b0c1ded16e7d4e08c965dc7c15373b83500c00,8ff697dc8e48305fab09394773b0c1ded16e7d4e08c965dc7c15373b83500c00,,False,True,PREEXISTING
True,True,True,True,True,True,True,True,True,True,True,False,original,20,2014-07-01 10:00:00,time,52,20.0,scenario3,EXISTING_SEGMENTS_BELOW_L_MATCH,30,30,22,4,832,836,30,4,832,0,32,4,4,120,0.75,2,14.345,0,0.0,0.0,4,0,0,0,0,0,0,7aadbf51b44df5a0c34fec22f952bfdbc0b347bb160f000f7108a808a4b7889f,11,0,4,4,0,False,False,30,21,0.7,0.02485207100591716,0.02485207100591716,1,e60a3854baefc3f476699b3019f27dfa4a17b0247870f1159c88c49348010624,,e60a3854baefc3f476699b3019f27dfa4a17b0247870f1159c88c49348010624,True,False,POST_OBSERVATION_CREATED
True,True,True,True,True,True,True,True,True,True,True,False,original,20,2014-07-01 10:00:00,time,57,20.0,scenario3,EXISTING_SEGMENTS_BELOW_L_MATCH,30,30,22,4,832,836,30,4,832,0,32,1,1,30,0.0,0,15.0,1,1.0,1.0,0,1,0,0,0,0,0,ca2e7efb16905c6b7750b7bbe445ef800bc51fbf2c821238c94bf34e2bed4231,12,1,4,3,0,False,False,30,21,0.7,0.02485207100591716,0.02485207100591716,29,4f70c47a2adca50f81e7b5797dda4219a0c1f3566cd46848dc3048de708fa6f2,,4f70c47a2adca50f81e7b5797dda4219a0c1f3566cd46848dc3048de708fa6f2,True,False,POST_OBSERVATION_CREATED
True,True,True,True,True,True,True,True,True,True,True,False,original,20,2014-07-01 10:00:00,time,51,20.0,scenario3,EXISTING_SEGMENTS_BELOW_L_MATCH,30,30,22,4,832,836,30,4,832,0,32,5,5,150,0.8,2,14.807999999999998,0,0.0,0.0,5,0,0,0,0,0,0,1e56d0b84e5b34437b7f7dcb8ada16b5e784d4cee24a9f76ad6bc5bba8b19770,28,0,4,4,0,False,False,30,14,0.4666666666666667,0.01643192488262911,0.01643192488262911,6,8c69104bbd12706fbb7890e801a0a6eab208fd811ede014bbc796619654367c1,,8c69104bbd12706fbb7890e801a0a6eab208fd811ede014bbc796619654367c1,True,False,POST_OBSERVATION_CREATED
True,True,True,True,True,True,True,True,True,True,True,False,original,20,2014-07-01 10:00:00,time,58,20.0,scenario3,NO_EXISTING_SEGMENT_IN_COLUMN,30,30,22,4,832,836,30,4,832,0,32,0,0,0,0.0,0,0.0,0,0.0,0.0,0,0,0,0,0,0,0,,,0,4,4,0,False,False,0,0,0.0,0.0,0.0,9,bdcc736a9c4bdf6549d36093af4f2c281c1b6629460fcf185fd70ecee20d88d4,,bdcc736a9c4bdf6549d36093af4f2c281c1b6629460fcf185fd70ecee20d88d4,True,False,POST_OBSERVATION_CREATED
True,True,True,True,True,True,True,True,True,True,True,False,original,20,2014-07-01 10:00:00,time,50,20.0,scenario2,MATCHING_SEGMENT_FOUND,30,30,22,4,832,836,30,4,832,0,32,5,5,169,1.0,2,16.944,10,2.2,0.0,3,1,0,0,1,1,1,2e4c159d24d1c6916483c7ebcdc42236f1112c66915b47db4441e2ccd4808d60,16,10,4,0,1,False,False,30,12,0.4,0.01405152224824356,0.01405152224824356,16,2e4c159d24d1c6916483c7ebcdc42236f1112c66915b47db4441e2ccd4808d60,2e4c159d24d1c6916483c7ebcdc42236f1112c66915b47db4441e2ccd4808d60,,False,True,PREEXISTING
True,True,True,True,True,True,True,True,True,True,True,False,original,20,2014-07-01 10:00:00,time,59,20.0,scenario3,NO_EXISTING_SEGMENT_IN_COLUMN,30,30,22,4,832,836,30,4,832,0,32,0,0,0,0.0,0,0.0,0,0.0,0.0,0,0,0,0,0,0,0,,,0,4,4,0,False,False,0,0,0.0,0.0,0.0,19,b3ba61f7867c599b392ce80c4e6293e3a1a682da3055aae4783d594a9e0a5d91,,b3ba61f7867c599b392ce80c4e6293e3a1a682da3055aae4783d594a9e0a5d91,True,False,POST_OBSERVATION_CREATED
True,True,True,True,True,True,True,True,True,True,True,False,original,20,2014-07-01 10:00:00,passenger,316,18984.0,scenario3,NO_EXISTING_SEGMENT_IN_COLUMN,30,30,22,4,832,836,30,4,832,0,32,0,0,0,0.0,0,0.0,0,0.0,0.0,0,0,0,0,0,0,0,,,0,4,4,0,False,False,0,0,0.0,0.0,0.0,18,9c8fa2b0aa0b35108a5993fce4e6a183b607581d9aceb759e6fe88667eac22f4,,9c8fa2b0aa0b35108a5993fce4e6a183b607581d9aceb759e6fe88667eac22f4,True,False,POST_OBSERVATION_CREATED
True,True,True,True,True,True,True,True,True,True,True,False,original,20,2014-07-01 10:00:00,passenger,317,18984.0,scenario3,NO_EXISTING_SEGMENT_IN_COLUMN,30,30,22,4,832,836,30,4,832,0,32,0,0,0,0.0,0,0.0,0,0.0,0.0,0,0,0,0,0,0,0,,,0,4,4,0,False,False,0,0,0.0,0.0,0.0,10,c23379ff0c4b640d3b91fa2498e84a2ab5d45144c57c0f7350143f2846fdd4e5,,c23379ff0c4b640d3b91fa2498e84a2ab5d45144c57c0f7350143f2846fdd4e5,True,False,POST_OBSERVATION_CREATED
True,True,True,True,True,True,True,True,True,True,True,False,original,20,2014-07-01 10:00:00,passenger,315,18984.0,scenario3,NO_EXISTING_SEGMENT_IN_COLUMN,30,30,22,4,832,836,30,4,832,0,32,0,0,0,0.0,0,0.0,0,0.0,0.0,0,0,0,0,0,0,0,,,0,4,4,0,False,False,0,0,0.0,0.0,0.0,20,ff298361484daee3f88849b3f60296f9b5b8fb4faedbdc4495716dd007e87f6e,,ff298361484daee3f88849b3f60296f9b5b8fb4faedbdc4495716dd007e87f6e,True,False,POST_OBSERVATION_CREATED
True,True,True,True,True,True,True,True,True,True,True,False,original,20,2014-07-01 10:00:00,passenger,318,18984.0,scenario3,EXISTING_SEGMENTS_BELOW_L_MATCH,30,30,22,4,832,836,30,4,832,0,32,1,1,30,1.0,1,14.97,2,2.0,2.0,0,0,1,0,0,0,0,99d2e68462c2965717a94a2679716d322e7c1cc5b82d85993c0614bb228493ef,10,2,4,2,0,False,False,30,23,0.7666666666666667,0.027283511269276393,0.027283511269276393,15,a40c83bc4b089caec9a53670deb0142f3ac880b6bf798185ec88a562335dff0f,,a40c83bc4b089caec9a53670deb0142f3ac880b6bf798185ec88a562335dff0f,True,False,POST_OBSERVATION_CREATED
True,True,True,True,True,True,True,True,True,True,True,False,original,20,2014-07-01 10:00:00,passenger,314,18984.0,scenario3,NO_EXISTING_SEGMENT_IN_COLUMN,30,30,22,4,832,836,30,4,832,0,32,0,0,0,0.0,0,0.0,0,0.0,0.0,0,0,0,0,0,0,0,,,0,4,4,0,False,False,0,0,0.0,0.0,0.0,2,9a72975abe95dd2cf59a06e2aa1e49ebdc401bf4814c17d69848d97d8ae73891,,9a72975abe95dd2cf59a06e2aa1e49ebdc401bf4814c17d69848d97d8ae73891,True,False,POST_OBSERVATION_CREATED
True,True,True,True,True,True,True,True,True,True,True,False,original,20,2014-07-01 10:00:00,passenger,319,18984.0,scenario3,EXISTING_SEGMENTS_BELOW_L_MATCH,30,30,22,4,832,836,30,4,832,0,32,1,1,30,1.0,1,14.97,0,0.0,0.0,1,0,0,0,0,0,0,7685ac1a309d934bf43aef457ca3bef02455d123a9fd72566c97f84c720f4cb4,30,0,4,4,0,False,False,30,23,0.7666666666666667,0.027283511269276393,0.027283511269276393,10,5c53d30586e78d19cbbb3c9168712f9bffdf5b5b63921a419f54c59c449da698,,5c53d30586e78d19cbbb3c9168712f9bffdf5b5b63921a419f54c59c449da698,True,False,POST_OBSERVATION_CREATED
True,True,True,True,True,True,True,True,True,True,True,False,original,20,2014-07-01 10:00:00,passenger,313,18984.0,scenario3,NO_EXISTING_SEGMENT_IN_COLUMN,30,30,22,4,832,836,30,4,832,0,32,0,0,0,0.0,0,0.0,0,0.0,0.0,0,0,0,0,0,0,0,,,0,4,4,0,False,False,0,0,0.0,0.0,0.0,30,4b25df5445bd69c82948b72c6f8910dde27d8f9b58e68a5faceb81d6466e5c15,,4b25df5445bd69c82948b72c6f8910dde27d8f9b58e68a5faceb81d6466e5c15,True,False,POST_OBSERVATION_CREATED
True,True,True,True,True,True,True,True,True,True,True,False,original,20,2014-07-01 10:00:00,passenger,320,18984.0,scenario3,EXISTING_SEGMENTS_BELOW_L_MATCH,30,30,22,4,832,836,30,4,832,0,32,1,1,30,1.0,1,14.97,0,0.0,0.0,1,0,0,0,0,0,0,964e28adf59073404933aa0fc15c8ef7fc9326225b6323ebdcee5f9d11e55484,24,0,4,4,0,False,False,30,23,0.7666666666666667,0.027283511269276393,0.027283511269276393,17,0bb1e5afed8bb2b32b58c100489b0c62f029880ef709006b0c77952c4707de62,,0bb1e5afed8bb2b32b58c100489b0c62f029880ef709006b0c77952c4707de62,True,False,POST_OBSERVATION_CREATED
True,True,True,True,True,True,True,True,True,True,True,False,original,20,2014-07-01 10:00:00,passenger,312,18984.0,scenario3,NO_EXISTING_SEGMENT_IN_COLUMN,30,30,22,4,832,836,30,4,832,0,32,0,0,0,0.0,0,0.0,0,0.0,0.0,0,0,0,0,0,0,0,,,0,4,4,0,False,False,0,0,0.0,0.0,0.0,15,4195471b6b97959b328b02d0cc68ceed72b9df331e0e501ce24e1f8e5b9050ae,,4195471b6b97959b328b02d0cc68ceed72b9df331e0e501ce24e1f8e5b9050ae,True,False,POST_OBSERVATION_CREATED
True,True,True,True,True,True,True,True,True,True,True,False,original,20,2014-07-01 10:00:00,passenger,321,18984.0,scenario3,EXISTING_SEGMENTS_BELOW_L_MATCH,30,30,22,4,832,836,30,4,832,0,32,1,1,30,1.0,1,14.97,2,2.0,2.0,0,0,1,0,0,0,0,fad7437f0f32e32688aed945d218fdea6124d1ef02341e22af2461c506751fbf,30,2,4,2,0,False,False,30,23,0.7666666666666667,0.027283511269276393,0.027283511269276393,14,b677bae242b2b5dcd91758ff4d56851c9a4c574340f7e6f67248e9940a8efc7d,,b677bae242b2b5dcd91758ff4d56851c9a4c574340f7e6f67248e9940a8efc7d,True,False,POST_OBSERVATION_CREATED
True,True,True,True,True,True,True,True,True,True,True,False,original,21,2014-07-01 10:30:00,weekday,4,1.0,scenario2,MATCHING_SEGMENT_FOUND,30,30,16,3,864,867,30,3,864,0,32,1,1,354,0.0,0,220.79999999999998,21,21.0,21.0,0,0,0,0,1,1,1,8aeed2abd0f847e0b8500715486ecfcc55670f2b3385c6aeb419a3a0678f1913,30,21,4,0,1,False,False,354,45,0.1271186440677966,0.011273957158962795,0.03826530612244898,30,8aeed2abd0f847e0b8500715486ecfcc55670f2b3385c6aeb419a3a0678f1913,8aeed2abd0f847e0b8500715486ecfcc55670f2b3385c6aeb419a3a0678f1913,,False,True,PREEXISTING
True,True,True,True,True,True,True,True,True,True,True,False,original,21,2014-07-01 10:30:00,weekday,5,1.0,scenario2,MATCHING_SEGMENT_FOUND,30,30,16,3,864,867,30,3,864,0,32,1,1,354,0.0,0,220.79999999999998,21,21.0,21.0,0,0,0,0,1,1,1,64080601c3be5fe7030e7eb69924a6cafe76e2b467b4a5630a9f7de522aa39db,10,21,4,0,1,False,False,354,45,0.1271186440677966,0.011273957158962795,0.03826530612244898,10,64080601c3be5fe7030e7eb69924a6cafe76e2b467b4a5630a9f7de522aa39db,64080601c3be5fe7030e7eb69924a6cafe76e2b467b4a5630a9f7de522aa39db,,False,True,PREEXISTING
True,True,True,True,True,True,True,True,True,True,True,False,original,21,2014-07-01 10:30:00,weekday,3,1.0,scenario2,MATCHING_SEGMENT_FOUND,30,30,16,3,864,867,30,3,864,0,32,1,1,354,1.0,1,220.76,21,21.0,21.0,0,0,0,0,1,1,1,69f0cb4491a1fd577b6c1af78119fa843dac41862a4e9483fd3c8e414791a45f,4,21,4,0,1,False,False,354,45,0.1271186440677966,0.011273957158962795,0.03826530612244898,4,69f0cb4491a1fd577b6c1af78119fa843dac41862a4e9483fd3c8e414791a45f,69f0cb4491a1fd577b6c1af78119fa843dac41862a4e9483fd3c8e414791a45f,,False,True,PREEXISTING
True,True,True,True,True,True,True,True,True,True,True,False,original,21,2014-07-01 10:30:00,weekday,6,1.0,scenario2,MATCHING_SEGMENT_FOUND,30,30,16,3,864,867,30,3,864,0,32,1,1,354,1.0,1,220.73999999999998,21,21.0,21.0,0,0,0,0,1,1,1,d0ca4df7b4ef8ef8330fc3c3fb6df6da237f2c8759fa1a08b551c3b0267a5cc1,29,21,4,0,1,False,False,354,45,0.1271186440677966,0.011273957158962795,0.03826530612244898,29,d0ca4df7b4ef8ef8330fc3c3fb6df6da237f2c8759fa1a08b551c3b0267a5cc1,d0ca4df7b4ef8ef8330fc3c3fb6df6da237f2c8759fa1a08b551c3b0267a5cc1,,False,True,PREEXISTING
True,True,True,True,True,True,True,True,True,True,True,False,original,21,2014-07-01 10:30:00,weekday,2,1.0,scenario2,MATCHING_SEGMENT_FOUND,30,30,16,3,864,867,30,3,864,0,32,1,1,354,1.0,1,220.73999999999998,21,21.0,21.0,0,0,0,0,1,1,1,62de03d338e81fffb1fe886b83637755e48f7109d103cb5c35e3be82a6942085,15,21,4,0,1,False,False,354,45,0.1271186440677966,0.011273957158962795,0.03826530612244898,15,62de03d338e81fffb1fe886b83637755e48f7109d103cb5c35e3be82a6942085,62de03d338e81fffb1fe886b83637755e48f7109d103cb5c35e3be82a6942085,,False,True,PREEXISTING
True,True,True,True,True,True,True,True,True,True,True,False,original,21,2014-07-01 10:30:00,weekday,7,1.0,scenario2,MATCHING_SEGMENT_FOUND,30,30,16,3,864,867,30,3,864,0,32,1,1,354,3.0,3,220.67999999999998,21,21.0,21.0,0,0,0,0,1,1,1,82cd778248b58abce2dd437ff3430d422a5f31f0857456cb0806c4bbf75c2f84,1,21,4,0,1,False,False,354,45,0.1271186440677966,0.011273957158962795,0.03826530612244898,1,82cd778248b58abce2dd437ff3430d422a5f31f0857456cb0806c4bbf75c2f84,82cd778248b58abce2dd437ff3430d422a5f31f0857456cb0806c4bbf75c2f84,,False,True,PREEXISTING
True,True,True,True,True,True,True,True,True,True,True,False,original,21,2014-07-01 10:30:00,weekday,1,1.0,scenario2,MATCHING_SEGMENT_FOUND,30,30,16,3,864,867,30,3,864,0,32,1,1,354,3.0,3,220.64,21,21.0,21.0,0,0,0,0,1,1,1,096eb71f46b469fc4f1cc7d4ed984088c225a66b3cfbaad900f9fc8fd6e6985c,15,21,4,0,1,False,False,354,45,0.1271186440677966,0.011273957158962795,0.03826530612244898,15,096eb71f46b469fc4f1cc7d4ed984088c225a66b3cfbaad900f9fc8fd6e6985c,096eb71f46b469fc4f1cc7d4ed984088c225a66b3cfbaad900f9fc8fd6e6985c,,False,True,PREEXISTING
True,True,True,True,True,True,True,True,True,True,True,False,original,21,2014-07-01 10:30:00,weekday,8,1.0,scenario2,MATCHING_SEGMENT_FOUND,30,30,16,3,864,867,30,3,864,0,32,1,1,354,4.0,4,220.37,21,21.0,21.0,0,0,0,0,1,1,1,8707a46b07890e9f3d4b42af5e0aab7361dc144e7986f25d90e421a33089bd83,29,21,4,0,1,False,False,354,45,0.1271186440677966,0.011273957158962795,0.03826530612244898,29,8707a46b07890e9f3d4b42af5e0aab7361dc144e7986f25d90e421a33089bd83,8707a46b07890e9f3d4b42af5e0aab7361dc144e7986f25d90e421a33089bd83,,False,True,PREEXISTING
True,True,True,True,True,True,True,True,True,True,True,False,original,21,2014-07-01 10:30:00,weekday,0,1.0,scenario2,MATCHING_SEGMENT_FOUND,30,30,16,3,864,867,30,3,864,0,32,1,1,354,4.0,4,220.38,21,21.0,21.0,0,0,0,0,1,1,1,b8ff4e0cd1bf15ed47968cde6ad2530bfe3d56b991c289d66df5ed3a4ea01ca1,4,21,4,0,1,False,False,354,45,0.1271186440677966,0.011273957158962795,0.03826530612244898,4,b8ff4e0cd1bf15ed47968cde6ad2530bfe3d56b991c289d66df5ed3a4ea01ca1,b8ff4e0cd1bf15ed47968cde6ad2530bfe3d56b991c289d66df5ed3a4ea01ca1,,False,True,PREEXISTING
True,True,True,True,True,True,True,True,True,True,True,False,original,21,2014-07-01 10:30:00,weekday,9,1.0,scenario2,MATCHING_SEGMENT_FOUND,30,30,16,3,864,867,30,3,864,0,32,1,1,354,4.0,4,220.35999999999999,21,21.0,21.0,0,0,0,0,1,1,1,1928f40ce31bf6bd47fb15c046e5d7db5c6f2744acdbf86090d49adc6860aaca,19,21,4,0,1,False,False,354,45,0.1271186440677966,0.011273957158962795,0.03826530612244898,19,1928f40ce31bf6bd47fb15c046e5d7db5c6f2744acdbf86090d49adc6860aaca,1928f40ce31bf6bd47fb15c046e5d7db5c6f2744acdbf86090d49adc6860aaca,,False,True,PREEXISTING
True,True,True,True,True,True,True,True,True,True,True,False,original,21,2014-07-01 10:30:00,time,55,21.0,scenario3,EXISTING_SEGMENTS_BELOW_L_MATCH,30,30,16,3,864,867,30,3,864,0,32,3,3,90,1.0,2,14.043333333333335,0,0.0,0.0,3,0,0,0,0,0,0,0928451983357365c90a12d417573d9a37564cd8cd363b9b53d5f834a52b8884,9,0,4,4,0,False,False,30,14,0.4666666666666667,0.015855039637599093,0.015855039637599093,11,3fa3b0f5b4a6b94c05f07a450ed14a7475c2953c45ea8abfaef4f0468fad8cca,,3fa3b0f5b4a6b94c05f07a450ed14a7475c2953c45ea8abfaef4f0468fad8cca,True,False,POST_OBSERVATION_CREATED
True,True,True,True,True,True,True,True,True,True,True,False,original,21,2014-07-01 10:30:00,time,56,21.0,scenario3,PREDICTED_TIME_INVALID,30,30,16,3,864,867,30,3,864,0,32,1,1,30,2.0,2,9.8,0,0.0,0.0,1,0,0,0,0,0,0,8ff697dc8e48305fab09394773b0c1ded16e7d4e08c965dc7c15373b83500c00,14,0,4,4,0,False,False,30,14,0.4666666666666667,0.015855039637599093,0.015855039637599093,15,3cdbbdaec3de551a53808b087d6a8f3e9a00c549224d872734250feab11a4ae7,,3cdbbdaec3de551a53808b087d6a8f3e9a00c549224d872734250feab11a4ae7,True,False,POST_OBSERVATION_CREATED
True,True,True,True,True,True,True,True,True,True,True,False,original,21,2014-07-01 10:30:00,time,54,21.0,scenario2,MATCHING_SEGMENT_FOUND,30,30,16,3,864,867,30,3,864,0,32,4,4,120,0.75,2,14.432500000000001,11,3.25,1.0,1,2,0,0,1,1,1,e5cbd602b0e7206b5abc46982e9fd25d9256d82194abc4a682433b373df46172,26,11,4,0,1,False,False,30,20,0.6666666666666666,0.02280501710376283,0.02280501710376283,26,e5cbd602b0e7206b5abc46982e9fd25d9256d82194abc4a682433b373df46172,e5cbd602b0e7206b5abc46982e9fd25d9256d82194abc4a682433b373df46172,,False,True,PREEXISTING
True,True,True,True,True,True,True,True,True,True,True,False,original,21,2014-07-01 10:30:00,time,57,21.0,scenario1,CORRECTLY_PREDICTED_CELL_AVAILABLE,30,30,16,3,864,867,30,3,864,0,32,2,2,60,0.5,1,14.98,2,1.5,1.5,0,1,1,0,0,0,0,ca2e7efb16905c6b7750b7bbe445ef800bc51fbf2c821238c94bf34e2bed4231,12,2,4,2,0,False,False,30,20,0.6666666666666666,0.02280501710376283,0.02280501710376283,29,4f70c47a2adca50f81e7b5797dda4219a0c1f3566cd46848dc3048de708fa6f2,4f70c47a2adca50f81e7b5797dda4219a0c1f3566cd46848dc3048de708fa6f2,,False,True,PREEXISTING
True,True,True,True,True,True,True,True,True,True,True,False,original,21,2014-07-01 10:30:00,time,53,21.0,scenario1,CORRECTLY_PREDICTED_CELL_AVAILABLE,30,30,16,3,864,867,30,3,864,0,32,4,4,139,1.0,2,17.435,10,3.25,1.5,1,1,1,0,1,1,1,84a7dc9391518806a52623148d635e455b3cfebd1ac818bbca01426bdd50a31a,8,10,4,0,1,False,False,30,14,0.4666666666666667,0.015855039637599093,0.015855039637599093,8,84a7dc9391518806a52623148d635e455b3cfebd1ac818bbca01426bdd50a31a,84a7dc9391518806a52623148d635e455b3cfebd1ac818bbca01426bdd50a31a,,False,True,PREEXISTING
True,True,True,True,True,True,True,True,True,True,True,False,original,21,2014-07-01 10:30:00,time,58,21.0,scenario1,CORRECTLY_PREDICTED_CELL_AVAILABLE,30,30,16,3,864,867,30,3,864,0,32,1,1,30,0.0,0,15.0,1,1.0,1.0,0,1,0,0,0,0,0,bdcc736a9c4bdf6549d36093af4f2c281c1b6629460fcf185fd70ecee20d88d4,9,1,4,3,0,False,False,30,17,0.5666666666666667,0.019318181818181818,0.019318181818181818,9,bdcc736a9c4bdf6549d36093af4f2c281c1b6629460fcf185fd70ecee20d88d4,bdcc736a9c4bdf6549d36093af4f2c281c1b6629460fcf185fd70ecee20d88d4,,False,True,PREEXISTING
True,True,True,True,True,True,True,True,True,True,True,False,original,21,2014-07-01 10:30:00,time,52,21.0,scenario3,EXISTING_SEGMENTS_BELOW_L_MATCH,30,30,16,3,864,867,30,3,864,0,32,5,5,150,0.8,2,14.453999999999999,2,0.8,1.0,2,2,1,0,0,0,0,7aadbf51b44df5a0c34fec22f952bfdbc0b347bb160f000f7108a808a4b7889f,11,2,4,2,0,False,False,30,20,0.6666666666666666,0.02280501710376283,0.02280501710376283,9,74a6d6168211544da33c3027277e9bbda3071192bd6ed09c2d03539ecb82c9ff,,74a6d6168211544da33c3027277e9bbda3071192bd6ed09c2d03539ecb82c9ff,True,False,POST_OBSERVATION_CREATED
True,True,True,True,True,True,True,True,True,True,True,False,original,21,2014-07-01 10:30:00,time,59,21.0,scenario1,CORRECTLY_PREDICTED_CELL_AVAILABLE,30,30,16,3,864,867,30,3,864,0,32,1,1,30,0.0,0,15.0,1,1.0,1.0,0,1,0,0,0,0,0,b3ba61f7867c599b392ce80c4e6293e3a1a682da3055aae4783d594a9e0a5d91,19,1,4,3,0,False,False,30,17,0.5666666666666667,0.019318181818181818,0.019318181818181818,19,b3ba61f7867c599b392ce80c4e6293e3a1a682da3055aae4783d594a9e0a5d91,b3ba61f7867c599b392ce80c4e6293e3a1a682da3055aae4783d594a9e0a5d91,,False,True,PREEXISTING
True,True,True,True,True,True,True,True,True,True,True,False,original,21,2014-07-01 10:30:00,time,51,21.0,scenario2,MATCHING_SEGMENT_FOUND,30,30,16,3,864,867,30,3,864,0,32,6,6,180,0.8333333333333334,2,14.821666666666667,11,2.3333333333333335,1.0,2,3,0,0,1,1,1,981954d66456b207a4714818506146b6396c277d77b018cdae2fca9dcaed522f,22,11,4,0,1,False,False,30,11,0.36666666666666664,0.012415349887133182,0.012415349887133182,22,981954d66456b207a4714818506146b6396c277d77b018cdae2fca9dcaed522f,981954d66456b207a4714818506146b6396c277d77b018cdae2fca9dcaed522f,,False,True,PREEXISTING
True,True,True,True,True,True,True,True,True,True,True,False,original,21,2014-07-01 10:30:00,time,60,21.0,scenario3,NO_EXISTING_SEGMENT_IN_COLUMN,30,30,16,3,864,867,30,3,864,0,32,0,0,0,0.0,0,0.0,0,0.0,0.0,0,0,0,0,0,0,0,,,0,4,4,0,False,False,0,0,0.0,0.0,0.0,13,31212b4e8bc6951dcbdbbab857c7e7331923160a6a7ea203508325a17b623558,,31212b4e8bc6951dcbdbbab857c7e7331923160a6a7ea203508325a17b623558,True,False,POST_OBSERVATION_CREATED
True,True,True,True,True,True,True,True,True,True,True,False,original,21,2014-07-01 10:30:00,passenger,301,17720.0,scenario3,EXISTING_SEGMENTS_BELOW_L_MATCH,30,30,16,3,864,867,30,3,864,0,32,1,1,30,2.0,2,14.75,0,0.0,0.0,1,0,0,0,0,0,0,a28c2c1de204cda729c5ccc28ee12946a40c9931cbaff84b9cd93bf6c565c4aa,19,0,4,4,0,False,False,30,14,0.4666666666666667,0.015855039637599093,0.015855039637599093,13,2a5a4ff4f32e1d54bb780fce42decc4e39785dd2c24a957dd3c6e7220ee44fe4,,2a5a4ff4f32e1d54bb780fce42decc4e39785dd2c24a957dd3c6e7220ee44fe4,True,False,POST_OBSERVATION_CREATED
True,True,True,True,True,True,True,True,True,True,True,False,original,21,2014-07-01 10:30:00,passenger,302,17720.0,scenario3,EXISTING_SEGMENTS_BELOW_L_MATCH,30,30,16,3,864,867,30,3,864,0,32,1,1,30,2.0,2,14.79,0,0.0,0.0,1,0,0,0,0,0,0,23269d1189376c38f0d4198a8d65a52e0e34869c4f288820688259596fc045dc,16,0,4,4,0,False,False,30,14,0.4666666666666667,0.015855039637599093,0.015855039637599093,22,be55c839bb2a976dfbe9e712624e876b1ccc14e1217bff196f7e1599440d3648,,be55c839bb2a976dfbe9e712624e876b1ccc14e1217bff196f7e1599440d3648,True,False,POST_OBSERVATION_CREATED
True,True,True,True,True,True,True,True,True,True,True,False,original,21,2014-07-01 10:30:00,passenger,300,17720.0,scenario3,EXISTING_SEGMENTS_BELOW_L_MATCH,30,30,16,3,864,867,30,3,864,0,32,1,1,30,2.0,2,14.719999999999999,0,0.0,0.0,1,0,0,0,0,0,0,0a53202893eb267279e36d5c4205b37ec111e2b7e0679a18f70f276edd3b1cd3,6,0,4,4,0,False,False,30,14,0.4666666666666667,0.015855039637599093,0.015855039637599093,15,04c6dfa72f72e1904b9df20c7bae15808cf2ab8fd54d259c4d0c83fe957321b9,,04c6dfa72f72e1904b9df20c7bae15808cf2ab8fd54d259c4d0c83fe957321b9,True,False,POST_OBSERVATION_CREATED
True,True,True,True,True,True,True,True,True,True,True,False,original,21,2014-07-01 10:30:00,passenger,303,17720.0,scenario3,EXISTING_SEGMENTS_BELOW_L_MATCH,30,30,16,3,864,867,30,3,864,0,32,1,1,30,2.0,2,14.79,0,0.0,0.0,1,0,0,0,0,0,0,eccbc6a2198b03b8d8cb7d6ffffa7083d8600de6108ce694f00dab7a6e24ff83,27,0,4,4,0,False,False,30,14,0.4666666666666667,0.015855039637599093,0.015855039637599093,25,b86d7b726baa08d9079d43f8a9a97606d5946c552507523f13d90b1368c0b7b2,,b86d7b726baa08d9079d43f8a9a97606d5946c552507523f13d90b1368c0b7b2,True,False,POST_OBSERVATION_CREATED
True,True,True,True,True,True,True,True,True,True,True,False,original,21,2014-07-01 10:30:00,passenger,299,17720.0,scenario3,EXISTING_SEGMENTS_BELOW_L_MATCH,30,30,16,3,864,867,30,3,864,0,32,1,1,30,2.0,2,14.719999999999999,0,0.0,0.0,1,0,0,0,0,0,0,4cee44bdd3709f8ab268094270fd55efb4c286624b7f27b3f4eb87725aa8dcad,29,0,4,4,0,False,False,30,14,0.4666666666666667,0.015855039637599093,0.015855039637599093,27,64a9211dc03b976f44c770c45c3be155ea440b194e7b4e165d1194184315befa,,64a9211dc03b976f44c770c45c3be155ea440b194e7b4e165d1194184315befa,True,False,POST_OBSERVATION_CREATED
True,True,True,True,True,True,True,True,True,True,True,False,original,21,2014-07-01 10:30:00,passenger,304,17720.0,scenario3,EXISTING_SEGMENTS_BELOW_L_MATCH,30,30,16,3,864,867,30,3,864,0,32,1,1,30,2.0,2,14.79,0,0.0,0.0,1,0,0,0,0,0,0,a83e86c9518fa56e06c10087f65086eab0fd06836f9ebea9b0bb2226cfd84d47,25,0,4,4,0,False,False,30,14,0.4666666666666667,0.015855039637599093,0.015855039637599093,12,55fadd7049209c18189af870be8c937ff37b116915b61c982ea008e47036a119,,55fadd7049209c18189af870be8c937ff37b116915b61c982ea008e47036a119,True,False,POST_OBSERVATION_CREATED
True,True,True,True,True,True,True,True,True,True,True,False,original,21,2014-07-01 10:30:00,passenger,298,17720.0,scenario3,NO_EXISTING_SEGMENT_IN_COLUMN,30,30,16,3,864,867,30,3,864,0,32,0,0,0,0.0,0,0.0,0,0.0,0.0,0,0,0,0,0,0,0,,,0,4,4,0,False,False,0,0,0.0,0.0,0.0,5,86a29bb6bc40ab245fa0b78d1829c26cf8c28661cf1eee2506093871e88e8494,,86a29bb6bc40ab245fa0b78d1829c26cf8c28661cf1eee2506093871e88e8494,True,False,POST_OBSERVATION_CREATED
True,True,True,True,True,True,True,True,True,True,True,False,original,21,2014-07-01 10:30:00,passenger,305,17720.0,scenario3,EXISTING_SEGMENTS_BELOW_L_MATCH,30,30,16,3,864,867,30,3,864,0,32,1,1,30,2.0,2,14.79,0,0.0,0.0,1,0,0,0,0,0,0,750169c7700b8094f83f9420090dbc54bfba081a8e4f0abcd865d25f0f655efe,23,0,4,4,0,False,False,30,14,0.4666666666666667,0.015855039637599093,0.015855039637599093,10,8a67159411c0c4cf6f80fca45dbf21d4be3a2b95e569e6842d50113d9ffe43ad,,8a67159411c0c4cf6f80fca45dbf21d4be3a2b95e569e6842d50113d9ffe43ad,True,False,POST_OBSERVATION_CREATED
True,True,True,True,True,True,True,True,True,True,True,False,original,21,2014-07-01 10:30:00,passenger,297,17720.0,scenario3,NO_EXISTING_SEGMENT_IN_COLUMN,30,30,16,3,864,867,30,3,864,0,32,0,0,0,0.0,0,0.0,0,0.0,0.0,0,0,0,0,0,0,0,,,0,4,4,0,False,False,0,0,0.0,0.0,0.0,8,bcd98b4e35a1b3f108391e4ebdbe4b00a4f9356b0c0c23761b38d87a5d67fa6d,,bcd98b4e35a1b3f108391e4ebdbe4b00a4f9356b0c0c23761b38d87a5d67fa6d,True,False,POST_OBSERVATION_CREATED
True,True,True,True,True,True,True,True,True,True,True,False,original,21,2014-07-01 10:30:00,passenger,306,17720.0,scenario3,EXISTING_SEGMENTS_BELOW_L_MATCH,30,30,16,3,864,867,30,3,864,0,32,1,1,30,2.0,2,14.719999999999999,0,0.0,0.0,1,0,0,0,0,0,0,661558d6e67fbd3a31925ed018b5ac68b8b38561acdd37e57c8b0ea1202f9128,11,0,4,4,0,False,False,30,14,0.4666666666666667,0.015855039637599093,0.015855039637599093,16,f913c961b990c702d8d7cfc9d67610fb26f6a3ad7517cf479548e7ca22ec4567,,f913c961b990c702d8d7cfc9d67610fb26f6a3ad7517cf479548e7ca22ec4567,True,False,POST_OBSERVATION_CREATED
True,True,True,True,True,True,True,True,True,True,True,False,original,22,2014-07-01 11:00:00,weekday,4,1.0,scenario2,MATCHING_SEGMENT_FOUND,30,30,18,4,832,836,30,4,832,0,32,1,1,369,0.0,0,230.0,22,22.0,22.0,0,0,0,0,1,1,1,8aeed2abd0f847e0b8500715486ecfcc55670f2b3385c6aeb419a3a0678f1913,30,22,4,0,1,False,False,369,50,0.13550135501355012,0.011682242990654205,0.04329004329004329,30,8aeed2abd0f847e0b8500715486ecfcc55670f2b3385c6aeb419a3a0678f1913,8aeed2abd0f847e0b8500715486ecfcc55670f2b3385c6aeb419a3a0678f1913,,False,True,PREEXISTING
True,True,True,True,True,True,True,True,True,True,True,False,original,22,2014-07-01 11:00:00,weekday,5,1.0,scenario2,MATCHING_SEGMENT_FOUND,30,30,18,4,832,836,30,4,832,0,32,1,1,369,0.0,0,230.0,22,22.0,22.0,0,0,0,0,1,1,1,64080601c3be5fe7030e7eb69924a6cafe76e2b467b4a5630a9f7de522aa39db,10,22,4,0,1,False,False,369,50,0.13550135501355012,0.011682242990654205,0.04329004329004329,10,64080601c3be5fe7030e7eb69924a6cafe76e2b467b4a5630a9f7de522aa39db,64080601c3be5fe7030e7eb69924a6cafe76e2b467b4a5630a9f7de522aa39db,,False,True,PREEXISTING
True,True,True,True,True,True,True,True,True,True,True,False,original,22,2014-07-01 11:00:00,weekday,3,1.0,scenario2,MATCHING_SEGMENT_FOUND,30,30,18,4,832,836,30,4,832,0,32,1,1,369,1.0,1,229.95999999999998,22,22.0,22.0,0,0,0,0,1,1,1,69f0cb4491a1fd577b6c1af78119fa843dac41862a4e9483fd3c8e414791a45f,4,22,4,0,1,False,False,369,50,0.13550135501355012,0.011682242990654205,0.04329004329004329,4,69f0cb4491a1fd577b6c1af78119fa843dac41862a4e9483fd3c8e414791a45f,69f0cb4491a1fd577b6c1af78119fa843dac41862a4e9483fd3c8e414791a45f,,False,True,PREEXISTING
True,True,True,True,True,True,True,True,True,True,True,False,original,22,2014-07-01 11:00:00,weekday,6,1.0,scenario2,MATCHING_SEGMENT_FOUND,30,30,18,4,832,836,30,4,832,0,32,1,1,369,1.0,1,229.94,22,22.0,22.0,0,0,0,0,1,1,1,d0ca4df7b4ef8ef8330fc3c3fb6df6da237f2c8759fa1a08b551c3b0267a5cc1,29,22,4,0,1,False,False,369,50,0.13550135501355012,0.011682242990654205,0.04329004329004329,29,d0ca4df7b4ef8ef8330fc3c3fb6df6da237f2c8759fa1a08b551c3b0267a5cc1,d0ca4df7b4ef8ef8330fc3c3fb6df6da237f2c8759fa1a08b551c3b0267a5cc1,,False,True,PREEXISTING
True,True,True,True,True,True,True,True,True,True,True,False,original,22,2014-07-01 11:00:00,weekday,2,1.0,scenario2,MATCHING_SEGMENT_FOUND,30,30,18,4,832,836,30,4,832,0,32,1,1,369,1.0,1,229.94,22,22.0,22.0,0,0,0,0,1,1,1,62de03d338e81fffb1fe886b83637755e48f7109d103cb5c35e3be82a6942085,15,22,4,0,1,False,False,369,50,0.13550135501355012,0.011682242990654205,0.04329004329004329,15,62de03d338e81fffb1fe886b83637755e48f7109d103cb5c35e3be82a6942085,62de03d338e81fffb1fe886b83637755e48f7109d103cb5c35e3be82a6942085,,False,True,PREEXISTING
True,True,True,True,True,True,True,True,True,True,True,False,original,22,2014-07-01 11:00:00,weekday,7,1.0,scenario2,MATCHING_SEGMENT_FOUND,30,30,18,4,832,836,30,4,832,0,32,1,1,369,3.0,3,229.88,22,22.0,22.0,0,0,0,0,1,1,1,82cd778248b58abce2dd437ff3430d422a5f31f0857456cb0806c4bbf75c2f84,1,22,4,0,1,False,False,369,50,0.13550135501355012,0.011682242990654205,0.04329004329004329,1,82cd778248b58abce2dd437ff3430d422a5f31f0857456cb0806c4bbf75c2f84,82cd778248b58abce2dd437ff3430d422a5f31f0857456cb0806c4bbf75c2f84,,False,True,PREEXISTING
True,True,True,True,True,True,True,True,True,True,True,False,original,22,2014-07-01 11:00:00,weekday,1,1.0,scenario2,MATCHING_SEGMENT_FOUND,30,30,18,4,832,836,30,4,832,0,32,1,1,369,3.0,3,229.82999999999998,22,22.0,22.0,0,0,0,0,1,1,1,096eb71f46b469fc4f1cc7d4ed984088c225a66b3cfbaad900f9fc8fd6e6985c,15,22,4,0,1,False,False,369,50,0.13550135501355012,0.011682242990654205,0.04329004329004329,15,096eb71f46b469fc4f1cc7d4ed984088c225a66b3cfbaad900f9fc8fd6e6985c,096eb71f46b469fc4f1cc7d4ed984088c225a66b3cfbaad900f9fc8fd6e6985c,,False,True,PREEXISTING
True,True,True,True,True,True,True,True,True,True,True,False,original,22,2014-07-01 11:00:00,weekday,8,1.0,scenario2,MATCHING_SEGMENT_FOUND,30,30,18,4,832,836,30,4,832,0,32,1,1,369,4.0,4,229.56,22,22.0,22.0,0,0,0,0,1,1,1,8707a46b07890e9f3d4b42af5e0aab7361dc144e7986f25d90e421a33089bd83,29,22,4,0,1,False,False,369,50,0.13550135501355012,0.011682242990654205,0.04329004329004329,29,8707a46b07890e9f3d4b42af5e0aab7361dc144e7986f25d90e421a33089bd83,8707a46b07890e9f3d4b42af5e0aab7361dc144e7986f25d90e421a33089bd83,,False,True,PREEXISTING
True,True,True,True,True,True,True,True,True,True,True,False,original,22,2014-07-01 11:00:00,weekday,0,1.0,scenario2,MATCHING_SEGMENT_FOUND,30,30,18,4,832,836,30,4,832,0,32,1,1,369,4.0,4,229.57,22,22.0,22.0,0,0,0,0,1,1,1,b8ff4e0cd1bf15ed47968cde6ad2530bfe3d56b991c289d66df5ed3a4ea01ca1,4,22,4,0,1,False,False,369,50,0.13550135501355012,0.011682242990654205,0.04329004329004329,4,b8ff4e0cd1bf15ed47968cde6ad2530bfe3d56b991c289d66df5ed3a4ea01ca1,b8ff4e0cd1bf15ed47968cde6ad2530bfe3d56b991c289d66df5ed3a4ea01ca1,,False,True,PREEXISTING
True,True,True,True,True,True,True,True,True,True,True,False,original,22,2014-07-01 11:00:00,weekday,9,1.0,scenario2,MATCHING_SEGMENT_FOUND,30,30,18,4,832,836,30,4,832,0,32,1,1,369,4.0,4,229.54999999999998,22,22.0,22.0,0,0,0,0,1,1,1,1928f40ce31bf6bd47fb15c046e5d7db5c6f2744acdbf86090d49adc6860aaca,19,22,4,0,1,False,False,369,50,0.13550135501355012,0.011682242990654205,0.04329004329004329,19,1928f40ce31bf6bd47fb15c046e5d7db5c6f2744acdbf86090d49adc6860aaca,1928f40ce31bf6bd47fb15c046e5d7db5c6f2744acdbf86090d49adc6860aaca,,False,True,PREEXISTING
True,True,True,True,True,True,True,True,True,True,True,False,original,22,2014-07-01 11:00:00,time,57,22.0,scenario3,EXISTING_SEGMENTS_BELOW_L_MATCH,30,30,18,4,832,836,30,4,832,0,32,2,2,60,1.0,1,13.580000000000002,1,0.5,0.5,1,1,0,0,0,0,0,4f70c47a2adca50f81e7b5797dda4219a0c1f3566cd46848dc3048de708fa6f2,29,1,4,3,0,False,False,30,15,0.5,0.01762632197414806,0.01762632197414806,18,6db6a55fb91443f7eba7bb538b32b61173ed08344ed1b756b8f943bcc21e3de3,,6db6a55fb91443f7eba7bb538b32b61173ed08344ed1b756b8f943bcc21e3de3,True,False,POST_OBSERVATION_CREATED
True,True,True,True,True,True,True,True,True,True,True,False,original,22,2014-07-01 11:00:00,time,56,22.0,scenario2,MATCHING_SEGMENT_FOUND,30,30,18,4,832,836,30,4,832,0,32,2,2,60,1.5,3,12.350000000000001,10,5.0,5.0,1,0,0,0,1,1,1,3cdbbdaec3de551a53808b087d6a8f3e9a00c549224d872734250feab11a4ae7,15,10,4,0,1,False,False,30,18,0.6,0.02122641509433962,0.02122641509433962,15,3cdbbdaec3de551a53808b087d6a8f3e9a00c549224d872734250feab11a4ae7,3cdbbdaec3de551a53808b087d6a8f3e9a00c549224d872734250feab11a4ae7,,False,True,PREEXISTING
True,True,True,True,True,True,True,True,True,True,True,False,original,22,2014-07-01 11:00:00,time,58,22.0,scenario3,EXISTING_SEGMENTS_BELOW_L_MATCH,30,30,18,4,832,836,30,4,832,0,32,1,1,30,1.0,1,12.200000000000001,1,1.0,1.0,0,1,0,0,0,0,0,bdcc736a9c4bdf6549d36093af4f2c281c1b6629460fcf185fd70ecee20d88d4,9,1,4,3,0,False,False,30,15,0.5,0.01762632197414806,0.01762632197414806,5,16d9d6c0c0a10c1d585217f041eecd5f18cd505a44a8c37225a770247a9a51a5,,16d9d6c0c0a10c1d585217f041eecd5f18cd505a44a8c37225a770247a9a51a5,True,False,POST_OBSERVATION_CREATED
True,True,True,True,True,True,True,True,True,True,True,False,original,22,2014-07-01 11:00:00,time,55,22.0,scenario3,EXISTING_SEGMENTS_BELOW_L_MATCH,30,30,18,4,832,836,30,4,832,0,32,4,4,120,1.0,2,14.2575,0,0.0,0.0,4,0,0,0,0,0,0,3fa3b0f5b4a6b94c05f07a450ed14a7475c2953c45ea8abfaef4f0468fad8cca,11,0,4,4,0,False,False,30,15,0.5,0.01762632197414806,0.01762632197414806,25,87f3efd7c41ac7100367c268a99b4eaf69259e8019627e04674cfb468a6ea963,,87f3efd7c41ac7100367c268a99b4eaf69259e8019627e04674cfb468a6ea963,True,False,POST_OBSERVATION_CREATED
True,True,True,True,True,True,True,True,True,True,True,False,original,22,2014-07-01 11:00:00,time,59,22.0,scenario3,EXISTING_SEGMENTS_BELOW_L_MATCH,30,30,18,4,832,836,30,4,832,0,32,1,1,30,1.0,1,12.200000000000001,1,1.0,1.0,0,1,0,0,0,0,0,b3ba61f7867c599b392ce80c4e6293e3a1a682da3055aae4783d594a9e0a5d91,19,1,4,3,0,False,False,30,15,0.5,0.01762632197414806,0.01762632197414806,1,713127cc6344e9335c2c05f14be0afa18b1f4a0c9543e29876487e3b8fd21e63,,713127cc6344e9335c2c05f14be0afa18b1f4a0c9543e29876487e3b8fd21e63,True,False,POST_OBSERVATION_CREATED
True,True,True,True,True,True,True,True,True,True,True,False,original,22,2014-07-01 11:00:00,time,54,22.0,scenario3,EXISTING_SEGMENTS_BELOW_L_MATCH,30,30,18,4,832,836,30,4,832,0,32,4,4,137,1.0,2,17.2325,1,0.25,0.0,3,1,0,0,0,0,0,5ca773fd26e18937b19eda56630a9d6abc5882f999ab64242dc16d46e749b18d,4,1,4,3,0,False,False,30,21,0.7,0.02485207100591716,0.02485207100591716,28,abdd867c68f09a726dc6df8903b94062ac4cc12890609d5ac1440a76f4a472e6,,abdd867c68f09a726dc6df8903b94062ac4cc12890609d5ac1440a76f4a472e6,True,False,POST_OBSERVATION_CREATED
True,True,True,True,True,True,True,True,True,True,True,False,original,22,2014-07-01 11:00:00,time,60,22.0,scenario3,MATCHING_SEGMENT_NOT_ELIGIBLE,30,30,18,4,832,836,30,4,832,0,32,1,1,30,0.0,0,15.0,0,0.0,0.0,1,0,0,0,0,0,0,31212b4e8bc6951dcbdbbab857c7e7331923160a6a7ea203508325a17b623558,13,0,4,4,0,False,False,30,18,0.6,0.02122641509433962,0.02122641509433962,7,74a0a4ec663855a3d935a3dcf33abb56874c350880d1a01696fe14c8cf635d6b,,74a0a4ec663855a3d935a3dcf33abb56874c350880d1a01696fe14c8cf635d6b,True,False,POST_OBSERVATION_CREATED
True,True,True,True,True,True,True,True,True,True,True,False,original,22,2014-07-01 11:00:00,time,53,22.0,scenario2,MATCHING_SEGMENT_FOUND,30,30,18,4,832,836,30,4,832,0,32,4,4,139,1.25,3,17.185,10,3.25,1.5,1,1,1,0,1,1,1,7a2d6dd9bf43b8ea34b0cff81f429a236263eb17964fce4150bffbc8cfffcbe6,24,10,4,0,1,False,False,30,12,0.4,0.01405152224824356,0.01405152224824356,24,7a2d6dd9bf43b8ea34b0cff81f429a236263eb17964fce4150bffbc8cfffcbe6,7a2d6dd9bf43b8ea34b0cff81f429a236263eb17964fce4150bffbc8cfffcbe6,,False,True,PREEXISTING
True,True,True,True,True,True,True,True,True,True,True,False,original,22,2014-07-01 11:00:00,time,61,22.0,scenario3,NO_EXISTING_SEGMENT_IN_COLUMN,30,30,18,4,832,836,30,4,832,0,32,0,0,0,0.0,0,0.0,0,0.0,0.0,0,0,0,0,0,0,0,,,0,4,4,0,False,False,0,0,0.0,0.0,0.0,29,632a198fc4d7d8720d9298d9fb8413266569b810a4ecc253a5a64d9f0b8dd803,,632a198fc4d7d8720d9298d9fb8413266569b810a4ecc253a5a64d9f0b8dd803,True,False,POST_OBSERVATION_CREATED
True,True,True,True,True,True,True,True,True,True,True,False,original,22,2014-07-01 11:00:00,time,52,22.0,scenario3,EXISTING_SEGMENTS_BELOW_L_MATCH,30,30,18,4,832,836,30,4,832,0,32,6,6,180,0.8333333333333334,2,14.543333333333335,2,0.3333333333333333,0.0,5,0,1,0,0,0,0,e60a3854baefc3f476699b3019f27dfa4a17b0247870f1159c88c49348010624,1,2,4,2,0,False,False,30,15,0.5,0.01762632197414806,0.01762632197414806,8,28f9fce9976af22c0ea39d472409584446cd4b9ddcfdfea8a3c56d32de36f07e,,28f9fce9976af22c0ea39d472409584446cd4b9ddcfdfea8a3c56d32de36f07e,True,False,POST_OBSERVATION_CREATED
True,True,True,True,True,True,True,True,True,True,True,False,original,22,2014-07-01 11:00:00,passenger,295,17249.0,scenario3,NO_EXISTING_SEGMENT_IN_COLUMN,30,30,18,4,832,836,30,4,832,0,32,0,0,0,0.0,0,0.0,0,0.0,0.0,0,0,0,0,0,0,0,,,0,4,4,0,False,False,0,0,0.0,0.0,0.0,17,eced7462d339503ef6461acdd51213a087aea78a3753349fad97405bfd5a9dd1,,eced7462d339503ef6461acdd51213a087aea78a3753349fad97405bfd5a9dd1,True,False,POST_OBSERVATION_CREATED
True,True,True,True,True,True,True,True,True,True,True,False,original,22,2014-07-01 11:00:00,passenger,296,17249.0,scenario3,NO_EXISTING_SEGMENT_IN_COLUMN,30,30,18,4,832,836,30,4,832,0,32,0,0,0,0.0,0,0.0,0,0.0,0.0,0,0,0,0,0,0,0,,,0,4,4,0,False,False,0,0,0.0,0.0,0.0,24,f0604fb2a76fed0f58e078baf2b5f0f1045ac142cd42d7251eb18a1226fc18bc,,f0604fb2a76fed0f58e078baf2b5f0f1045ac142cd42d7251eb18a1226fc18bc,True,False,POST_OBSERVATION_CREATED
True,True,True,True,True,True,True,True,True,True,True,False,original,22,2014-07-01 11:00:00,passenger,294,17249.0,scenario3,NO_EXISTING_SEGMENT_IN_COLUMN,30,30,18,4,832,836,30,4,832,0,32,0,0,0,0.0,0,0.0,0,0.0,0.0,0,0,0,0,0,0,0,,,0,4,4,0,False,False,0,0,0.0,0.0,0.0,30,e7cf5ed6cade5941586e744d36c9b085a4e3cf9d7bb48af2194a791d9c22e15d,,e7cf5ed6cade5941586e744d36c9b085a4e3cf9d7bb48af2194a791d9c22e15d,True,False,POST_OBSERVATION_CREATED
True,True,True,True,True,True,True,True,True,True,True,False,original,22,2014-07-01 11:00:00,passenger,297,17249.0,scenario3,PREDICTED_TIME_INVALID,30,30,18,4,832,836,30,4,832,0,32,1,1,30,0.0,0,15.0,0,0.0,0.0,1,0,0,0,0,0,0,bcd98b4e35a1b3f108391e4ebdbe4b00a4f9356b0c0c23761b38d87a5d67fa6d,8,0,4,4,0,False,False,30,18,0.6,0.02122641509433962,0.02122641509433962,4,68e1a6ba9002f6b7296b7eff7d07a257369078c57c52f27f8719a45ae462cc20,,68e1a6ba9002f6b7296b7eff7d07a257369078c57c52f27f8719a45ae462cc20,True,False,POST_OBSERVATION_CREATED
True,True,True,True,True,True,True,True,True,True,True,False,original,22,2014-07-01 11:00:00,passenger,293,17249.0,scenario3,NO_EXISTING_SEGMENT_IN_COLUMN,30,30,18,4,832,836,30,4,832,0,32,0,0,0,0.0,0,0.0,0,0.0,0.0,0,0,0,0,0,0,0,,,0,4,4,0,False,False,0,0,0.0,0.0,0.0,6,90038b612c0f9f0e2e9547a6e5a27caf1d2dae2d0536ef0695da611627cf0695,,90038b612c0f9f0e2e9547a6e5a27caf1d2dae2d0536ef0695da611627cf0695,True,False,POST_OBSERVATION_CREATED
True,True,True,True,True,True,True,True,True,True,True,False,original,22,2014-07-01 11:00:00,passenger,298,17249.0,scenario3,EXISTING_SEGMENTS_BELOW_L_MATCH,30,30,18,4,832,836,30,4,832,0,32,1,1,30,0.0,0,15.0,1,1.0,1.0,0,1,0,0,0,0,0,86a29bb6bc40ab245fa0b78d1829c26cf8c28661cf1eee2506093871e88e8494,5,1,4,3,0,False,False,30,18,0.6,0.02122641509433962,0.02122641509433962,3,d557799113d688ac548c91f184b7391dd0331a1b2ebb4bd9ccf9cd263878e4ed,,d557799113d688ac548c91f184b7391dd0331a1b2ebb4bd9ccf9cd263878e4ed,True,False,POST_OBSERVATION_CREATED
True,True,True,True,True,True,True,True,True,True,True,False,original,22,2014-07-01 11:00:00,passenger,292,17249.0,scenario3,NO_EXISTING_SEGMENT_IN_COLUMN,30,30,18,4,832,836,30,4,832,0,32,0,0,0,0.0,0,0.0,0,0.0,0.0,0,0,0,0,0,0,0,,,0,4,4,0,False,False,0,0,0.0,0.0,0.0,28,c48a190f4397aa629b3fe1405ba37b7e5bccd2eabbaed1a3f005cdd782d11bac,,c48a190f4397aa629b3fe1405ba37b7e5bccd2eabbaed1a3f005cdd782d11bac,True,False,POST_OBSERVATION_CREATED
True,True,True,True,True,True,True,True,True,True,True,False,original,22,2014-07-01 11:00:00,passenger,299,17249.0,scenario3,EXISTING_SEGMENTS_BELOW_L_MATCH,30,30,18,4,832,836,30,4,832,0,32,2,2,60,1.5,3,14.809999999999999,1,0.5,0.5,1,1,0,0,0,0,0,4cee44bdd3709f8ab268094270fd55efb4c286624b7f27b3f4eb87725aa8dcad,29,1,4,3,0,False,False,30,12,0.4,0.01405152224824356,0.01405152224824356,22,97cd5231f55781303b151d514d58efaa6f3f03a50148739ff3125494879884e8,,97cd5231f55781303b151d514d58efaa6f3f03a50148739ff3125494879884e8,True,False,POST_OBSERVATION_CREATED
True,True,True,True,True,True,True,True,True,True,True,False,original,22,2014-07-01 11:00:00,passenger,291,17249.0,scenario3,NO_EXISTING_SEGMENT_IN_COLUMN,30,30,18,4,832,836,30,4,832,0,32,0,0,0,0.0,0,0.0,0,0.0,0.0,0,0,0,0,0,0,0,,,0,4,4,0,False,False,0,0,0.0,0.0,0.0,4,006737d4e9925e6feb68a77fd3c2b79057ee9d644f81888bdbb9aaafbca156c1,,006737d4e9925e6feb68a77fd3c2b79057ee9d644f81888bdbb9aaafbca156c1,True,False,POST_OBSERVATION_CREATED
True,True,True,True,True,True,True,True,True,True,True,False,original,22,2014-07-01 11:00:00,passenger,300,17249.0,scenario3,EXISTING_SEGMENTS_BELOW_L_MATCH,30,30,18,4,832,836,30,4,832,0,32,2,2,60,1.5,3,14.809999999999999,1,0.5,0.5,1,1,0,0,0,0,0,0a53202893eb267279e36d5c4205b37ec111e2b7e0679a18f70f276edd3b1cd3,6,1,4,3,0,False,False,30,12,0.4,0.01405152224824356,0.01405152224824356,10,5ec777a22cb1444bc869b3a86a7aaa4274a7b1203a972bc772a16d6479bed16d,,5ec777a22cb1444bc869b3a86a7aaa4274a7b1203a972bc772a16d6479bed16d,True,False,POST_OBSERVATION_CREATED
True,True,True,True,True,True,True,True,True,True,True,False,original,23,2014-07-01 11:30:00,weekday,4,1.0,scenario2,MATCHING_SEGMENT_FOUND,30,30,18,0,960,960,30,0,960,0,32,1,1,383,0.0,0,238.7,21,21.0,21.0,0,0,0,0,1,1,1,8aeed2abd0f847e0b8500715486ecfcc55670f2b3385c6aeb419a3a0678f1913,30,21,4,0,1,False,False,383,50,0.13054830287206268,0.01020408163265306,0.038669760247486466,30,8aeed2abd0f847e0b8500715486ecfcc55670f2b3385c6aeb419a3a0678f1913,8aeed2abd0f847e0b8500715486ecfcc55670f2b3385c6aeb419a3a0678f1913,,False,True,PREEXISTING
True,True,True,True,True,True,True,True,True,True,True,False,original,23,2014-07-01 11:30:00,weekday,5,1.0,scenario2,MATCHING_SEGMENT_FOUND,30,30,18,0,960,960,30,0,960,0,32,1,1,383,0.0,0,238.7,21,21.0,21.0,0,0,0,0,1,1,1,64080601c3be5fe7030e7eb69924a6cafe76e2b467b4a5630a9f7de522aa39db,10,21,4,0,1,False,False,383,50,0.13054830287206268,0.01020408163265306,0.038669760247486466,10,64080601c3be5fe7030e7eb69924a6cafe76e2b467b4a5630a9f7de522aa39db,64080601c3be5fe7030e7eb69924a6cafe76e2b467b4a5630a9f7de522aa39db,,False,True,PREEXISTING
True,True,True,True,True,True,True,True,True,True,True,False,original,23,2014-07-01 11:30:00,weekday,3,1.0,scenario2,MATCHING_SEGMENT_FOUND,30,30,18,0,960,960,30,0,960,0,32,1,1,383,1.0,1,238.66,21,21.0,21.0,0,0,0,0,1,1,1,69f0cb4491a1fd577b6c1af78119fa843dac41862a4e9483fd3c8e414791a45f,4,21,4,0,1,False,False,383,50,0.13054830287206268,0.01020408163265306,0.038669760247486466,4,69f0cb4491a1fd577b6c1af78119fa843dac41862a4e9483fd3c8e414791a45f,69f0cb4491a1fd577b6c1af78119fa843dac41862a4e9483fd3c8e414791a45f,,False,True,PREEXISTING
True,True,True,True,True,True,True,True,True,True,True,False,original,23,2014-07-01 11:30:00,weekday,6,1.0,scenario2,MATCHING_SEGMENT_FOUND,30,30,18,0,960,960,30,0,960,0,32,1,1,383,1.0,1,238.64,21,21.0,21.0,0,0,0,0,1,1,1,d0ca4df7b4ef8ef8330fc3c3fb6df6da237f2c8759fa1a08b551c3b0267a5cc1,29,21,4,0,1,False,False,383,50,0.13054830287206268,0.01020408163265306,0.038669760247486466,29,d0ca4df7b4ef8ef8330fc3c3fb6df6da237f2c8759fa1a08b551c3b0267a5cc1,d0ca4df7b4ef8ef8330fc3c3fb6df6da237f2c8759fa1a08b551c3b0267a5cc1,,False,True,PREEXISTING
True,True,True,True,True,True,True,True,True,True,True,False,original,23,2014-07-01 11:30:00,weekday,2,1.0,scenario2,MATCHING_SEGMENT_FOUND,30,30,18,0,960,960,30,0,960,0,32,1,1,383,1.0,1,238.64,21,21.0,21.0,0,0,0,0,1,1,1,62de03d338e81fffb1fe886b83637755e48f7109d103cb5c35e3be82a6942085,15,21,4,0,1,False,False,383,50,0.13054830287206268,0.01020408163265306,0.038669760247486466,15,62de03d338e81fffb1fe886b83637755e48f7109d103cb5c35e3be82a6942085,62de03d338e81fffb1fe886b83637755e48f7109d103cb5c35e3be82a6942085,,False,True,PREEXISTING
True,True,True,True,True,True,True,True,True,True,True,False,original,23,2014-07-01 11:30:00,weekday,7,1.0,scenario2,MATCHING_SEGMENT_FOUND,30,30,18,0,960,960,30,0,960,0,32,1,1,383,3.0,3,238.57999999999998,21,21.0,21.0,0,0,0,0,1,1,1,82cd778248b58abce2dd437ff3430d422a5f31f0857456cb0806c4bbf75c2f84,1,21,4,0,1,False,False,383,50,0.13054830287206268,0.01020408163265306,0.038669760247486466,1,82cd778248b58abce2dd437ff3430d422a5f31f0857456cb0806c4bbf75c2f84,82cd778248b58abce2dd437ff3430d422a5f31f0857456cb0806c4bbf75c2f84,,False,True,PREEXISTING
True,True,True,True,True,True,True,True,True,True,True,False,original,23,2014-07-01 11:30:00,weekday,1,1.0,scenario2,MATCHING_SEGMENT_FOUND,30,30,18,0,960,960,30,0,960,0,32,1,1,383,3.0,3,238.53,21,21.0,21.0,0,0,0,0,1,1,1,096eb71f46b469fc4f1cc7d4ed984088c225a66b3cfbaad900f9fc8fd6e6985c,15,21,4,0,1,False,False,383,50,0.13054830287206268,0.01020408163265306,0.038669760247486466,15,096eb71f46b469fc4f1cc7d4ed984088c225a66b3cfbaad900f9fc8fd6e6985c,096eb71f46b469fc4f1cc7d4ed984088c225a66b3cfbaad900f9fc8fd6e6985c,,False,True,PREEXISTING
True,True,True,True,True,True,True,True,True,True,True,False,original,23,2014-07-01 11:30:00,weekday,8,1.0,scenario2,MATCHING_SEGMENT_FOUND,30,30,18,0,960,960,30,0,960,0,32,1,1,383,4.0,4,238.23999999999998,21,21.0,21.0,0,0,0,0,1,1,1,8707a46b07890e9f3d4b42af5e0aab7361dc144e7986f25d90e421a33089bd83,29,21,4,0,1,False,False,383,50,0.13054830287206268,0.01020408163265306,0.038669760247486466,29,8707a46b07890e9f3d4b42af5e0aab7361dc144e7986f25d90e421a33089bd83,8707a46b07890e9f3d4b42af5e0aab7361dc144e7986f25d90e421a33089bd83,,False,True,PREEXISTING
True,True,True,True,True,True,True,True,True,True,True,False,original,23,2014-07-01 11:30:00,weekday,0,1.0,scenario2,MATCHING_SEGMENT_FOUND,30,30,18,0,960,960,30,0,960,0,32,1,1,383,4.0,4,238.26999999999998,21,21.0,21.0,0,0,0,0,1,1,1,b8ff4e0cd1bf15ed47968cde6ad2530bfe3d56b991c289d66df5ed3a4ea01ca1,4,21,4,0,1,False,False,383,50,0.13054830287206268,0.01020408163265306,0.038669760247486466,4,b8ff4e0cd1bf15ed47968cde6ad2530bfe3d56b991c289d66df5ed3a4ea01ca1,b8ff4e0cd1bf15ed47968cde6ad2530bfe3d56b991c289d66df5ed3a4ea01ca1,,False,True,PREEXISTING
True,True,True,True,True,True,True,True,True,True,True,False,original,23,2014-07-01 11:30:00,weekday,9,1.0,scenario2,MATCHING_SEGMENT_FOUND,30,30,18,0,960,960,30,0,960,0,32,1,1,383,4.0,4,238.23,21,21.0,21.0,0,0,0,0,1,1,1,1928f40ce31bf6bd47fb15c046e5d7db5c6f2744acdbf86090d49adc6860aaca,19,21,4,0,1,False,False,383,50,0.13054830287206268,0.01020408163265306,0.038669760247486466,19,1928f40ce31bf6bd47fb15c046e5d7db5c6f2744acdbf86090d49adc6860aaca,1928f40ce31bf6bd47fb15c046e5d7db5c6f2744acdbf86090d49adc6860aaca,,False,True,PREEXISTING
True,True,True,True,True,True,True,True,True,True,True,False,original,23,2014-07-01 11:30:00,time,58,23.0,scenario3,EXISTING_SEGMENTS_BELOW_L_MATCH,30,30,18,0,960,960,30,0,960,0,32,2,2,60,1.0,2,13.545,0,0.0,0.0,2,0,0,0,0,0,0,16d9d6c0c0a10c1d585217f041eecd5f18cd505a44a8c37225a770247a9a51a5,5,0,4,4,0,False,False,30,23,0.7666666666666667,0.023784901758014478,0.023784901758014478,15,ebb210e38829c24ab5b54622486dd72525129376958238d5b9cb5175e2230c64,,ebb210e38829c24ab5b54622486dd72525129376958238d5b9cb5175e2230c64,True,False,POST_OBSERVATION_CREATED
True,True,True,True,True,True,True,True,True,True,True,False,original,23,2014-07-01 11:30:00,time,57,23.0,scenario3,EXISTING_SEGMENTS_BELOW_L_MATCH,30,30,18,0,960,960,30,0,960,0,32,3,3,90,1.0,2,14.016666666666666,1,0.3333333333333333,0.0,2,1,0,0,0,0,0,ca2e7efb16905c6b7750b7bbe445ef800bc51fbf2c821238c94bf34e2bed4231,12,1,4,3,0,False,False,30,15,0.5,0.015384615384615385,0.015384615384615385,22,c7cb760c16dbd3ba0254c1cea06d02490fc8ac21dab5730227da9ea6ad0c1e30,,c7cb760c16dbd3ba0254c1cea06d02490fc8ac21dab5730227da9ea6ad0c1e30,True,False,POST_OBSERVATION_CREATED
True,True,True,True,True,True,True,True,True,True,True,False,original,23,2014-07-01 11:30:00,time,59,23.0,scenario3,EXISTING_SEGMENTS_BELOW_L_MATCH,30,30,18,0,960,960,30,0,960,0,32,2,2,60,1.0,2,13.545,0,0.0,0.0,2,0,0,0,0,0,0,713127cc6344e9335c2c05f14be0afa18b1f4a0c9543e29876487e3b8fd21e63,1,0,4,4,0,False,False,30,23,0.7666666666666667,0.023784901758014478,0.023784901758014478,14,7043dbdb890c786b6ac087e7f3238652b5201618478018a3392c9c4d509dd27e,,7043dbdb890c786b6ac087e7f3238652b5201618478018a3392c9c4d509dd27e,True,False,POST_OBSERVATION_CREATED
True,True,True,True,True,True,True,True,True,True,True,False,original,23,2014-07-01 11:30:00,time,56,23.0,scenario3,EXISTING_SEGMENTS_BELOW_L_MATCH,30,30,18,0,960,960,30,0,960,0,32,2,2,76,2.0,4,17.595,1,1.0,1.0,0,2,0,0,0,0,0,3cdbbdaec3de551a53808b087d6a8f3e9a00c549224d872734250feab11a4ae7,15,1,4,3,0,False,False,30,14,0.4666666666666667,0.014344262295081968,0.014344262295081968,18,af415aa56703cfc618223e2eb1ee07ce05484f6f8121e2a9a105385e8b8302ba,,af415aa56703cfc618223e2eb1ee07ce05484f6f8121e2a9a105385e8b8302ba,True,False,POST_OBSERVATION_CREATED
True,True,True,True,True,True,True,True,True,True,True,False,original,23,2014-07-01 11:30:00,time,60,23.0,scenario3,EXISTING_SEGMENTS_BELOW_L_MATCH,30,30,18,0,960,960,30,0,960,0,32,2,2,60,0.0,0,15.0,3,1.5,1.5,1,0,0,1,0,0,0,31212b4e8bc6951dcbdbbab857c7e7331923160a6a7ea203508325a17b623558,13,3,4,1,0,False,False,30,18,0.6,0.018518518518518517,0.018518518518518517,22,ff0ab7317b012a266b069eed9881aac3530f8759a1938dbef203c2fcb415cb4b,,ff0ab7317b012a266b069eed9881aac3530f8759a1938dbef203c2fcb415cb4b,True,False,POST_OBSERVATION_CREATED
True,True,True,True,True,True,True,True,True,True,True,False,original,23,2014-07-01 11:30:00,time,55,23.0,scenario3,EXISTING_SEGMENTS_BELOW_L_MATCH,30,30,18,0,960,960,30,0,960,0,32,5,5,150,1.0,2,14.386000000000001,3,1.0,1.0,2,2,0,1,0,0,0,3fa3b0f5b4a6b94c05f07a450ed14a7475c2953c45ea8abfaef4f0468fad8cca,11,3,4,1,0,False,False,30,18,0.6,0.018518518518518517,0.018518518518518517,31,1b06075a52c8f4afdad552ec588270f9e4b0fc1398f85ba76edf64c3bd55c35e,,1b06075a52c8f4afdad552ec588270f9e4b0fc1398f85ba76edf64c3bd55c35e,True,False,POST_OBSERVATION_CREATED
True,True,True,True,True,True,True,True,True,True,True,False,original,23,2014-07-01 11:30:00,time,61,23.0,scenario3,EXISTING_SEGMENTS_BELOW_L_MATCH,30,30,18,0,960,960,30,0,960,0,32,1,1,30,0.0,0,15.0,0,0.0,0.0,1,0,0,0,0,0,0,632a198fc4d7d8720d9298d9fb8413266569b810a4ecc253a5a64d9f0b8dd803,29,0,4,4,0,False,False,30,23,0.7666666666666667,0.023784901758014478,0.023784901758014478,9,983ac8ea17da2d5b103ff62a632b799f533986c71b7f2fcfb698acca3fefd06a,,983ac8ea17da2d5b103ff62a632b799f533986c71b7f2fcfb698acca3fefd06a,True,False,POST_OBSERVATION_CREATED
True,True,True,True,True,True,True,True,True,True,True,False,original,23,2014-07-01 11:30:00,time,54,23.0,scenario3,EXISTING_SEGMENTS_BELOW_L_MATCH,30,30,18,0,960,960,30,0,960,0,32,5,5,167,0.8,2,16.78,3,1.0,1.0,2,2,0,1,0,0,0,e5cbd602b0e7206b5abc46982e9fd25d9256d82194abc4a682433b373df46172,26,3,4,1,0,False,False,47,20,0.425531914893617,0.015384615384615385,0.020263424518743668,14,a6504ef682c048a25e583f79534cbe0c65d6ca48cae81bdf7b6545e794a66488,,a6504ef682c048a25e583f79534cbe0c65d6ca48cae81bdf7b6545e794a66488,True,False,POST_OBSERVATION_CREATED
True,True,True,True,True,True,True,True,True,True,True,False,original,23,2014-07-01 11:30:00,time,62,23.0,scenario3,NO_EXISTING_SEGMENT_IN_COLUMN,30,30,18,0,960,960,30,0,960,0,32,0,0,0,0.0,0,0.0,0,0.0,0.0,0,0,0,0,0,0,0,,,0,4,4,0,False,False,0,0,0.0,0.0,0.0,23,ef6bcb40df4df82022d96d36581d3d40bad0955f864ec63fd7f0bf6f4f29c951,,ef6bcb40df4df82022d96d36581d3d40bad0955f864ec63fd7f0bf6f4f29c951,True,False,POST_OBSERVATION_CREATED
True,True,True,True,True,True,True,True,True,True,True,False,original,23,2014-07-01 11:30:00,time,53,23.0,scenario2,MATCHING_SEGMENT_FOUND,30,30,18,0,960,960,30,0,960,0,32,4,4,159,1.25,3,20.427500000000002,10,3.25,1.5,1,1,1,0,1,1,1,5f831093ef0f77dccdfed347d98a44d4d8061d421a084e877ddeb01f9a29571e,27,10,4,0,1,False,False,30,10,0.3333333333333333,0.01020408163265306,0.01020408163265306,27,5f831093ef0f77dccdfed347d98a44d4d8061d421a084e877ddeb01f9a29571e,5f831093ef0f77dccdfed347d98a44d4d8061d421a084e877ddeb01f9a29571e,,False,True,PREEXISTING
True,True,True,True,True,True,True,True,True,True,True,False,original,23,2014-07-01 11:30:00,passenger,310,18463.0,scenario3,NO_EXISTING_SEGMENT_IN_COLUMN,30,30,18,0,960,960,30,0,960,0,32,0,0,0,0.0,0,0.0,0,0.0,0.0,0,0,0,0,0,0,0,,,0,4,4,0,False,False,0,0,0.0,0.0,0.0,19,ae8ae916f986b331b637325d560005521b2724b7feff348d9f95e2eb20205de5,,ae8ae916f986b331b637325d560005521b2724b7feff348d9f95e2eb20205de5,True,False,POST_OBSERVATION_CREATED
True,True,True,True,True,True,True,True,True,True,True,False,original,23,2014-07-01 11:30:00,passenger,311,18463.0,scenario3,NO_EXISTING_SEGMENT_IN_COLUMN,30,30,18,0,960,960,30,0,960,0,32,0,0,0,0.0,0,0.0,0,0.0,0.0,0,0,0,0,0,0,0,,,0,4,4,0,False,False,0,0,0.0,0.0,0.0,31,1bbd891f360013fa1e3a9b68469527038b80da123d0a19c1cbce9f9b400601c2,,1bbd891f360013fa1e3a9b68469527038b80da123d0a19c1cbce9f9b400601c2,True,False,POST_OBSERVATION_CREATED
True,True,True,True,True,True,True,True,True,True,True,False,original,23,2014-07-01 11:30:00,passenger,309,18463.0,scenario3,NO_EXISTING_SEGMENT_IN_COLUMN,30,30,18,0,960,960,30,0,960,0,32,0,0,0,0.0,0,0.0,0,0.0,0.0,0,0,0,0,0,0,0,,,0,4,4,0,False,False,0,0,0.0,0.0,0.0,19,7eddb52e6a36f0d256fe7367e60cbca7b086c644f89bac3cd28d1d03dea64300,,7eddb52e6a36f0d256fe7367e60cbca7b086c644f89bac3cd28d1d03dea64300,True,False,POST_OBSERVATION_CREATED
True,True,True,True,True,True,True,True,True,True,True,False,original,23,2014-07-01 11:30:00,passenger,312,18463.0,scenario3,EXISTING_SEGMENTS_BELOW_L_MATCH,30,30,18,0,960,960,30,0,960,0,32,1,1,30,2.0,2,14.879999999999999,1,1.0,1.0,0,1,0,0,0,0,0,4195471b6b97959b328b02d0cc68ceed72b9df331e0e501ce24e1f8e5b9050ae,15,1,4,3,0,False,False,30,16,0.5333333333333333,0.01642710472279261,0.01642710472279261,0,59b47608422b020168f593bda7398d50d9b3ea8bf4478d342dac14ca8e1b73f3,,59b47608422b020168f593bda7398d50d9b3ea8bf4478d342dac14ca8e1b73f3,True,False,POST_OBSERVATION_CREATED
True,True,True,True,True,True,True,True,True,True,True,False,original,23,2014-07-01 11:30:00,passenger,308,18463.0,scenario3,PREDICTED_TIME_INVALID,30,30,18,0,960,960,30,0,960,0,32,1,1,30,4.0,4,14.559999999999999,0,0.0,0.0,1,0,0,0,0,0,0,b31d40f923ab4f1aee418049f38a2bff19c2dc218b16218c25df99cbd7382ea4,16,0,4,4,0,False,False,30,12,0.4,0.012269938650306749,0.012269938650306749,7,d39f3fe75da4adde50d8e042ddbd52cdc4de4827ffbb6b77ad00375d3f50f322,,d39f3fe75da4adde50d8e042ddbd52cdc4de4827ffbb6b77ad00375d3f50f322,True,False,POST_OBSERVATION_CREATED
True,True,True,True,True,True,True,True,True,True,True,False,original,23,2014-07-01 11:30:00,passenger,313,18463.0,scenario3,EXISTING_SEGMENTS_BELOW_L_MATCH,30,30,18,0,960,960,30,0,960,0,32,1,1,30,2.0,2,14.879999999999999,1,1.0,1.0,0,1,0,0,0,0,0,4b25df5445bd69c82948b72c6f8910dde27d8f9b58e68a5faceb81d6466e5c15,30,1,4,3,0,False,False,30,16,0.5333333333333333,0.01642710472279261,0.01642710472279261,29,b62d0ebcf17f8efe757d0321b06fc24930c41b02d20f86a8c629d3abb5c04abf,,b62d0ebcf17f8efe757d0321b06fc24930c41b02d20f86a8c629d3abb5c04abf,True,False,POST_OBSERVATION_CREATED
True,True,True,True,True,True,True,True,True,True,True,False,original,23,2014-07-01 11:30:00,passenger,307,18463.0,scenario3,EXISTING_SEGMENTS_BELOW_L_MATCH,30,30,18,0,960,960,30,0,960,0,32,1,1,30,4.0,4,14.52,0,0.0,0.0,1,0,0,0,0,0,0,14993feb46aa021e6e1bbbf06a984e85e936a583df8754e5afaf919dfbac62eb,13,0,4,4,0,False,False,30,12,0.4,0.012269938650306749,0.012269938650306749,4,7055784a59219631dcfd6591fc01fc22b9746a6a8c24462b1c37d9bdfb07e178,,7055784a59219631dcfd6591fc01fc22b9746a6a8c24462b1c37d9bdfb07e178,True,False,POST_OBSERVATION_CREATED
True,True,True,True,True,True,True,True,True,True,True,False,original,23,2014-07-01 11:30:00,passenger,314,18463.0,scenario3,EXISTING_SEGMENTS_BELOW_L_MATCH,30,30,18,0,960,960,30,0,960,0,32,1,1,30,2.0,2,14.879999999999999,1,1.0,1.0,0,1,0,0,0,0,0,9a72975abe95dd2cf59a06e2aa1e49ebdc401bf4814c17d69848d97d8ae73891,2,1,4,3,0,False,False,30,16,0.5333333333333333,0.01642710472279261,0.01642710472279261,29,6e3a8519870d338d864bef4f3a405758fd1c49c267e61e8d2de0b94b3755be4e,,6e3a8519870d338d864bef4f3a405758fd1c49c267e61e8d2de0b94b3755be4e,True,False,POST_OBSERVATION_CREATED
True,True,True,True,True,True,True,True,True,True,True,False,original,23,2014-07-01 11:30:00,passenger,306,18463.0,scenario3,EXISTING_SEGMENTS_BELOW_L_MATCH,30,30,18,0,960,960,30,0,960,0,32,2,2,60,2.0,4,14.76,0,0.0,0.0,2,0,0,0,0,0,0,661558d6e67fbd3a31925ed018b5ac68b8b38561acdd37e57c8b0ea1202f9128,11,0,4,4,0,False,False,30,12,0.4,0.012269938650306749,0.012269938650306749,8,f5fef0579d67d8f2c31a1c821d645bc6ef2702b7a39e832e8c5f1c4f46556858,,f5fef0579d67d8f2c31a1c821d645bc6ef2702b7a39e832e8c5f1c4f46556858,True,False,POST_OBSERVATION_CREATED
True,True,True,True,True,True,True,True,True,True,True,False,original,23,2014-07-01 11:30:00,passenger,315,18463.0,scenario3,EXISTING_SEGMENTS_BELOW_L_MATCH,30,30,18,0,960,960,30,0,960,0,32,1,1,30,1.0,1,14.89,1,1.0,1.0,0,1,0,0,0,0,0,ff298361484daee3f88849b3f60296f9b5b8fb4faedbdc4495716dd007e87f6e,20,1,4,3,0,False,False,30,16,0.5333333333333333,0.01642710472279261,0.01642710472279261,9,649c05ab5fb654c8979f0615948bb92ac1e37dcaf26da87d56faa8be4bd8aea0,,649c05ab5fb654c8979f0615948bb92ac1e37dcaf26da87d56faa8be4bd8aea0,True,False,POST_OBSERVATION_CREATED
True,True,True,True,True,True,True,True,True,True,True,False,original,24,2014-07-01 12:00:00,weekday,4,1.0,scenario2,MATCHING_SEGMENT_FOUND,30,30,17,0,960,960,30,0,960,0,32,1,1,401,0.0,0,249.7,20,20.0,20.0,0,0,0,0,1,1,1,8aeed2abd0f847e0b8500715486ecfcc55670f2b3385c6aeb419a3a0678f1913,30,20,4,0,1,False,False,401,53,0.13216957605985039,0.01020408163265306,0.040519877675840976,30,8aeed2abd0f847e0b8500715486ecfcc55670f2b3385c6aeb419a3a0678f1913,8aeed2abd0f847e0b8500715486ecfcc55670f2b3385c6aeb419a3a0678f1913,,False,True,PREEXISTING
True,True,True,True,True,True,True,True,True,True,True,False,original,24,2014-07-01 12:00:00,weekday,5,1.0,scenario2,MATCHING_SEGMENT_FOUND,30,30,17,0,960,960,30,0,960,0,32,1,1,401,0.0,0,249.7,20,20.0,20.0,0,0,0,0,1,1,1,64080601c3be5fe7030e7eb69924a6cafe76e2b467b4a5630a9f7de522aa39db,10,20,4,0,1,False,False,401,53,0.13216957605985039,0.01020408163265306,0.040519877675840976,10,64080601c3be5fe7030e7eb69924a6cafe76e2b467b4a5630a9f7de522aa39db,64080601c3be5fe7030e7eb69924a6cafe76e2b467b4a5630a9f7de522aa39db,,False,True,PREEXISTING
True,True,True,True,True,True,True,True,True,True,True,False,original,24,2014-07-01 12:00:00,weekday,3,1.0,scenario2,MATCHING_SEGMENT_FOUND,30,30,17,0,960,960,30,0,960,0,32,1,1,401,1.0,1,249.66,20,20.0,20.0,0,0,0,0,1,1,1,69f0cb4491a1fd577b6c1af78119fa843dac41862a4e9483fd3c8e414791a45f,4,20,4,0,1,False,False,401,53,0.13216957605985039,0.01020408163265306,0.040519877675840976,4,69f0cb4491a1fd577b6c1af78119fa843dac41862a4e9483fd3c8e414791a45f,69f0cb4491a1fd577b6c1af78119fa843dac41862a4e9483fd3c8e414791a45f,,False,True,PREEXISTING
True,True,True,True,True,True,True,True,True,True,True,False,original,24,2014-07-01 12:00:00,weekday,6,1.0,scenario2,MATCHING_SEGMENT_FOUND,30,30,17,0,960,960,30,0,960,0,32,1,1,401,1.0,1,249.64,20,20.0,20.0,0,0,0,0,1,1,1,d0ca4df7b4ef8ef8330fc3c3fb6df6da237f2c8759fa1a08b551c3b0267a5cc1,29,20,4,0,1,False,False,401,53,0.13216957605985039,0.01020408163265306,0.040519877675840976,29,d0ca4df7b4ef8ef8330fc3c3fb6df6da237f2c8759fa1a08b551c3b0267a5cc1,d0ca4df7b4ef8ef8330fc3c3fb6df6da237f2c8759fa1a08b551c3b0267a5cc1,,False,True,PREEXISTING
True,True,True,True,True,True,True,True,True,True,True,False,original,24,2014-07-01 12:00:00,weekday,2,1.0,scenario2,MATCHING_SEGMENT_FOUND,30,30,17,0,960,960,30,0,960,0,32,1,1,401,1.0,1,249.64,20,20.0,20.0,0,0,0,0,1,1,1,62de03d338e81fffb1fe886b83637755e48f7109d103cb5c35e3be82a6942085,15,20,4,0,1,False,False,401,53,0.13216957605985039,0.01020408163265306,0.040519877675840976,15,62de03d338e81fffb1fe886b83637755e48f7109d103cb5c35e3be82a6942085,62de03d338e81fffb1fe886b83637755e48f7109d103cb5c35e3be82a6942085,,False,True,PREEXISTING
True,True,True,True,True,True,True,True,True,True,True,False,original,24,2014-07-01 12:00:00,weekday,7,1.0,scenario2,MATCHING_SEGMENT_FOUND,30,30,17,0,960,960,30,0,960,0,32,1,1,401,3.0,3,249.57999999999998,20,20.0,20.0,0,0,0,0,1,1,1,82cd778248b58abce2dd437ff3430d422a5f31f0857456cb0806c4bbf75c2f84,1,20,4,0,1,False,False,401,53,0.13216957605985039,0.01020408163265306,0.040519877675840976,1,82cd778248b58abce2dd437ff3430d422a5f31f0857456cb0806c4bbf75c2f84,82cd778248b58abce2dd437ff3430d422a5f31f0857456cb0806c4bbf75c2f84,,False,True,PREEXISTING
True,True,True,True,True,True,True,True,True,True,True,False,original,24,2014-07-01 12:00:00,weekday,1,1.0,scenario2,MATCHING_SEGMENT_FOUND,30,30,17,0,960,960,30,0,960,0,32,1,1,401,3.0,3,249.53,20,20.0,20.0,0,0,0,0,1,1,1,096eb71f46b469fc4f1cc7d4ed984088c225a66b3cfbaad900f9fc8fd6e6985c,15,20,4,0,1,False,False,401,53,0.13216957605985039,0.01020408163265306,0.040519877675840976,15,096eb71f46b469fc4f1cc7d4ed984088c225a66b3cfbaad900f9fc8fd6e6985c,096eb71f46b469fc4f1cc7d4ed984088c225a66b3cfbaad900f9fc8fd6e6985c,,False,True,PREEXISTING
True,True,True,True,True,True,True,True,True,True,True,False,original,24,2014-07-01 12:00:00,weekday,8,1.0,scenario2,MATCHING_SEGMENT_FOUND,30,30,17,0,960,960,30,0,960,0,32,1,1,401,4.0,4,249.23,20,20.0,20.0,0,0,0,0,1,1,1,8707a46b07890e9f3d4b42af5e0aab7361dc144e7986f25d90e421a33089bd83,29,20,4,0,1,False,False,401,53,0.13216957605985039,0.01020408163265306,0.040519877675840976,29,8707a46b07890e9f3d4b42af5e0aab7361dc144e7986f25d90e421a33089bd83,8707a46b07890e9f3d4b42af5e0aab7361dc144e7986f25d90e421a33089bd83,,False,True,PREEXISTING
True,True,True,True,True,True,True,True,True,True,True,False,original,24,2014-07-01 12:00:00,weekday,0,1.0,scenario2,MATCHING_SEGMENT_FOUND,30,30,17,0,960,960,30,0,960,0,32,1,1,401,4.0,4,249.26,20,20.0,20.0,0,0,0,0,1,1,1,b8ff4e0cd1bf15ed47968cde6ad2530bfe3d56b991c289d66df5ed3a4ea01ca1,4,20,4,0,1,False,False,401,53,0.13216957605985039,0.01020408163265306,0.040519877675840976,4,b8ff4e0cd1bf15ed47968cde6ad2530bfe3d56b991c289d66df5ed3a4ea01ca1,b8ff4e0cd1bf15ed47968cde6ad2530bfe3d56b991c289d66df5ed3a4ea01ca1,,False,True,PREEXISTING
True,True,True,True,True,True,True,True,True,True,True,False,original,24,2014-07-01 12:00:00,weekday,9,1.0,scenario2,MATCHING_SEGMENT_FOUND,30,30,17,0,960,960,30,0,960,0,32,1,1,401,4.0,4,249.22,20,20.0,20.0,0,0,0,0,1,1,1,1928f40ce31bf6bd47fb15c046e5d7db5c6f2744acdbf86090d49adc6860aaca,19,20,4,0,1,False,False,401,53,0.13216957605985039,0.01020408163265306,0.040519877675840976,19,1928f40ce31bf6bd47fb15c046e5d7db5c6f2744acdbf86090d49adc6860aaca,1928f40ce31bf6bd47fb15c046e5d7db5c6f2744acdbf86090d49adc6860aaca,,False,True,PREEXISTING
True,True,True,True,True,True,True,True,True,True,True,False,original,24,2014-07-01 12:00:00,time,59,24.0,scenario2,MATCHING_SEGMENT_FOUND,30,30,17,0,960,960,30,0,960,0,32,3,3,90,1.0,2,14.016666666666666,4,1.3333333333333333,0.0,2,0,0,0,1,1,1,7043dbdb890c786b6ac087e7f3238652b5201618478018a3392c9c4d509dd27e,14,4,4,0,1,False,False,30,19,0.6333333333333333,0.01956745623069001,0.01956745623069001,14,7043dbdb890c786b6ac087e7f3238652b5201618478018a3392c9c4d509dd27e,7043dbdb890c786b6ac087e7f3238652b5201618478018a3392c9c4d509dd27e,,False,True,PREEXISTING
True,True,True,True,True,True,True,True,True,True,True,False,original,24,2014-07-01 12:00:00,time,58,24.0,scenario3,EXISTING_SEGMENTS_BELOW_L_MATCH,30,30,17,0,960,960,30,0,960,0,32,3,3,90,1.0,3,13.996666666666668,1,0.6666666666666666,1.0,1,2,0,0,0,0,0,ebb210e38829c24ab5b54622486dd72525129376958238d5b9cb5175e2230c64,15,1,4,3,0,False,False,30,19,0.6333333333333333,0.01956745623069001,0.01956745623069001,24,56a98d27b10a2e274505f035908c1b478bbe2854196aa5d9184a4c917615ae47,,56a98d27b10a2e274505f035908c1b478bbe2854196aa5d9184a4c917615ae47,True,False,POST_OBSERVATION_CREATED
True,True,True,True,True,True,True,True,True,True,True,False,original,24,2014-07-01 12:00:00,time,60,24.0,scenario2,MATCHING_SEGMENT_FOUND,30,30,17,0,960,960,30,0,960,0,32,3,3,90,0.3333333333333333,1,14.986666666666666,4,2.0,2.0,1,0,1,0,1,1,1,ff0ab7317b012a266b069eed9881aac3530f8759a1938dbef203c2fcb415cb4b,22,4,4,0,1,False,False,30,19,0.6333333333333333,0.01956745623069001,0.01956745623069001,22,ff0ab7317b012a266b069eed9881aac3530f8759a1938dbef203c2fcb415cb4b,ff0ab7317b012a266b069eed9881aac3530f8759a1938dbef203c2fcb415cb4b,,False,True,PREEXISTING
True,True,True,True,True,True,True,True,True,True,True,False,original,24,2014-07-01 12:00:00,time,57,24.0,scenario2,MATCHING_SEGMENT_FOUND,30,30,17,0,960,960,30,0,960,0,32,4,4,120,1.0,3,14.2375,4,1.25,0.5,2,1,0,0,1,1,1,c7cb760c16dbd3ba0254c1cea06d02490fc8ac21dab5730227da9ea6ad0c1e30,22,4,4,0,1,False,False,30,19,0.6333333333333333,0.01956745623069001,0.01956745623069001,22,c7cb760c16dbd3ba0254c1cea06d02490fc8ac21dab5730227da9ea6ad0c1e30,c7cb760c16dbd3ba0254c1cea06d02490fc8ac21dab5730227da9ea6ad0c1e30,,False,True,PREEXISTING
True,True,True,True,True,True,True,True,True,True,True,False,original,24,2014-07-01 12:00:00,time,61,24.0,scenario2,MATCHING_SEGMENT_FOUND,30,30,17,0,960,960,30,0,960,0,32,2,2,60,0.5,1,14.98,4,2.0,2.0,1,0,0,0,1,1,1,983ac8ea17da2d5b103ff62a632b799f533986c71b7f2fcfb698acca3fefd06a,9,4,4,0,1,False,False,30,19,0.6333333333333333,0.01956745623069001,0.01956745623069001,9,983ac8ea17da2d5b103ff62a632b799f533986c71b7f2fcfb698acca3fefd06a,983ac8ea17da2d5b103ff62a632b799f533986c71b7f2fcfb698acca3fefd06a,,False,True,PREEXISTING
True,True,True,True,True,True,True,True,True,True,True,False,original,24,2014-07-01 12:00:00,time,56,24.0,scenario2,MATCHING_SEGMENT_FOUND,30,30,17,0,960,960,30,0,960,0,32,3,3,106,1.6666666666666667,5,16.696666666666665,4,2.0,1.0,0,2,0,0,1,1,1,af415aa56703cfc618223e2eb1ee07ce05484f6f8121e2a9a105385e8b8302ba,18,4,4,0,1,False,False,30,19,0.6333333333333333,0.01956745623069001,0.01956745623069001,18,af415aa56703cfc618223e2eb1ee07ce05484f6f8121e2a9a105385e8b8302ba,af415aa56703cfc618223e2eb1ee07ce05484f6f8121e2a9a105385e8b8302ba,,False,True,PREEXISTING
True,True,True,True,True,True,True,True,True,True,True,False,original,24,2014-07-01 12:00:00,time,62,24.0,scenario1,CORRECTLY_PREDICTED_CELL_AVAILABLE,30,30,17,0,960,960,30,0,960,0,32,1,1,30,0.0,0,15.0,4,4.0,4.0,0,0,0,0,1,1,1,ef6bcb40df4df82022d96d36581d3d40bad0955f864ec63fd7f0bf6f4f29c951,23,4,4,0,1,False,False,30,19,0.6333333333333333,0.01956745623069001,0.01956745623069001,23,ef6bcb40df4df82022d96d36581d3d40bad0955f864ec63fd7f0bf6f4f29c951,ef6bcb40df4df82022d96d36581d3d40bad0955f864ec63fd7f0bf6f4f29c951,,False,True,PREEXISTING
True,True,True,True,True,True,True,True,True,True,True,False,original,24,2014-07-01 12:00:00,time,55,24.0,scenario2,MATCHING_SEGMENT_FOUND,30,30,17,0,960,960,30,0,960,0,32,6,6,180,1.0,2,14.481666666666667,4,1.6666666666666667,1.0,1,3,0,1,1,1,1,1b06075a52c8f4afdad552ec588270f9e4b0fc1398f85ba76edf64c3bd55c35e,31,4,4,0,1,False,False,30,19,0.6333333333333333,0.01956745623069001,0.01956745623069001,31,1b06075a52c8f4afdad552ec588270f9e4b0fc1398f85ba76edf64c3bd55c35e,1b06075a52c8f4afdad552ec588270f9e4b0fc1398f85ba76edf64c3bd55c35e,,False,True,PREEXISTING
True,True,True,True,True,True,True,True,True,True,True,False,original,24,2014-07-01 12:00:00,time,63,24.0,scenario3,NO_EXISTING_SEGMENT_IN_COLUMN,30,30,17,0,960,960,30,0,960,0,32,0,0,0,0.0,0,0.0,0,0.0,0.0,0,0,0,0,0,0,0,,,0,4,4,0,False,False,0,0,0.0,0.0,0.0,22,c30f8cd8fbb917832d87ec2e81fc54c23304af5d1d33c6970c532a688bdc785f,,c30f8cd8fbb917832d87ec2e81fc54c23304af5d1d33c6970c532a688bdc785f,True,False,POST_OBSERVATION_CREATED
True,True,True,True,True,True,True,True,True,True,True,False,original,24,2014-07-01 12:00:00,time,54,24.0,scenario2,MATCHING_SEGMENT_FOUND,30,30,17,0,960,960,30,0,960,0,32,6,6,197,0.8333333333333334,2,16.476666666666667,11,3.3333333333333335,2.0,1,2,0,1,2,2,2,58af612c03da3ffb0e4c0755fab39b2d46028d33eaf74255fb4f2fbec757c88d,15,11,4,0,2,True,True,30,11,0.36666666666666664,0.011235955056179775,0.011235955056179775,15,58af612c03da3ffb0e4c0755fab39b2d46028d33eaf74255fb4f2fbec757c88d,58af612c03da3ffb0e4c0755fab39b2d46028d33eaf74255fb4f2fbec757c88d,,False,True,PREEXISTING
True,True,True,True,True,True,True,True,True,True,True,False,original,24,2014-07-01 12:00:00,passenger,315,18908.0,scenario3,EXISTING_SEGMENTS_BELOW_L_MATCH,30,30,17,0,960,960,30,0,960,0,32,2,2,60,1.0,2,14.895,0,0.0,0.0,2,0,0,0,0,0,0,ff298361484daee3f88849b3f60296f9b5b8fb4faedbdc4495716dd007e87f6e,20,0,4,4,0,False,False,30,19,0.6333333333333333,0.01956745623069001,0.01956745623069001,18,04413ba82b0ca8b93d6bd414d662052590ef0ebb5d96cf8cd70d5a039fa7c6b9,,04413ba82b0ca8b93d6bd414d662052590ef0ebb5d96cf8cd70d5a039fa7c6b9,True,False,POST_OBSERVATION_CREATED
True,True,True,True,True,True,True,True,True,True,True,False,original,24,2014-07-01 12:00:00,passenger,316,18908.0,scenario3,EXISTING_SEGMENTS_BELOW_L_MATCH,30,30,17,0,960,960,30,0,960,0,32,1,1,30,2.0,2,14.79,1,1.0,1.0,0,1,0,0,0,0,0,9c8fa2b0aa0b35108a5993fce4e6a183b607581d9aceb759e6fe88667eac22f4,18,1,4,3,0,False,False,30,15,0.5,0.015384615384615385,0.015384615384615385,24,b5b9eed09d735f440df90a35d5400a6d9a54c203a8f497fc276522a1a8540331,,b5b9eed09d735f440df90a35d5400a6d9a54c203a8f497fc276522a1a8540331,True,False,POST_OBSERVATION_CREATED
True,True,True,True,True,True,True,True,True,True,True,False,original,24,2014-07-01 12:00:00,passenger,314,18908.0,scenario3,EXISTING_SEGMENTS_BELOW_L_MATCH,30,30,17,0,960,960,30,0,960,0,32,2,2,60,1.0,2,14.89,0,0.0,0.0,2,0,0,0,0,0,0,9a72975abe95dd2cf59a06e2aa1e49ebdc401bf4814c17d69848d97d8ae73891,2,0,4,4,0,False,False,30,15,0.5,0.015384615384615385,0.015384615384615385,5,011781bf8b89a09c89174d67cdcc8d3301abfe9d78534fff8c3e902f94a4eb50,,011781bf8b89a09c89174d67cdcc8d3301abfe9d78534fff8c3e902f94a4eb50,True,False,POST_OBSERVATION_CREATED
True,True,True,True,True,True,True,True,True,True,True,False,original,24,2014-07-01 12:00:00,passenger,317,18908.0,scenario3,EXISTING_SEGMENTS_BELOW_L_MATCH,30,30,17,0,960,960,30,0,960,0,32,1,1,30,2.0,2,14.79,0,0.0,0.0,1,0,0,0,0,0,0,c23379ff0c4b640d3b91fa2498e84a2ab5d45144c57c0f7350143f2846fdd4e5,10,0,4,4,0,False,False,30,15,0.5,0.015384615384615385,0.015384615384615385,28,2a5d5ce08b95f6b85935ce8823d00c813829e250a224bcfb98ab750f04c13dbc,,2a5d5ce08b95f6b85935ce8823d00c813829e250a224bcfb98ab750f04c13dbc,True,False,POST_OBSERVATION_CREATED
True,True,True,True,True,True,True,True,True,True,True,False,original,24,2014-07-01 12:00:00,passenger,313,18908.0,scenario3,EXISTING_SEGMENTS_BELOW_L_MATCH,30,30,17,0,960,960,30,0,960,0,32,2,2,60,1.0,2,14.89,0,0.0,0.0,2,0,0,0,0,0,0,b62d0ebcf17f8efe757d0321b06fc24930c41b02d20f86a8c629d3abb5c04abf,29,0,4,4,0,False,False,30,19,0.6333333333333333,0.01956745623069001,0.01956745623069001,16,5a7f3d4128f8aacbcb2e42f59283b871441aea64ac0e5399d13822ccdb12be46,,5a7f3d4128f8aacbcb2e42f59283b871441aea64ac0e5399d13822ccdb12be46,True,False,POST_OBSERVATION_CREATED
True,True,True,True,True,True,True,True,True,True,True,False,original,24,2014-07-01 12:00:00,passenger,318,18908.0,scenario3,EXISTING_SEGMENTS_BELOW_L_MATCH,30,30,17,0,960,960,30,0,960,0,32,2,2,60,1.5,2,14.870000000000001,0,0.0,0.0,2,0,0,0,0,0,0,a40c83bc4b089caec9a53670deb0142f3ac880b6bf798185ec88a562335dff0f,15,0,4,4,0,False,False,30,13,0.43333333333333335,0.01330603889457523,0.01330603889457523,22,880c0f61514a1e35dcaaf42b9db092c644939a4472676c28e261d317841f16a7,,880c0f61514a1e35dcaaf42b9db092c644939a4472676c28e261d317841f16a7,True,False,POST_OBSERVATION_CREATED
True,True,True,True,True,True,True,True,True,True,True,False,original,24,2014-07-01 12:00:00,passenger,312,18908.0,scenario3,EXISTING_SEGMENTS_BELOW_L_MATCH,30,30,17,0,960,960,30,0,960,0,32,2,2,60,1.0,2,14.89,0,0.0,0.0,2,0,0,0,0,0,0,59b47608422b020168f593bda7398d50d9b3ea8bf4478d342dac14ca8e1b73f3,0,0,4,4,0,False,False,30,19,0.6333333333333333,0.01956745623069001,0.01956745623069001,31,4d20f920130bf3809b685d4627944172a5b02a896683ae438fd7b100fe2c82c1,,4d20f920130bf3809b685d4627944172a5b02a896683ae438fd7b100fe2c82c1,True,False,POST_OBSERVATION_CREATED
True,True,True,True,True,True,True,True,True,True,True,False,original,24,2014-07-01 12:00:00,passenger,319,18908.0,scenario2,MATCHING_SEGMENT_FOUND,30,30,17,0,960,960,30,0,960,0,32,2,2,60,1.5,2,14.870000000000001,10,5.0,5.0,1,0,0,0,1,1,1,7685ac1a309d934bf43aef457ca3bef02455d123a9fd72566c97f84c720f4cb4,30,10,4,0,1,False,False,30,13,0.43333333333333335,0.01330603889457523,0.01330603889457523,30,7685ac1a309d934bf43aef457ca3bef02455d123a9fd72566c97f84c720f4cb4,7685ac1a309d934bf43aef457ca3bef02455d123a9fd72566c97f84c720f4cb4,,False,True,PREEXISTING
True,True,True,True,True,True,True,True,True,True,True,False,original,24,2014-07-01 12:00:00,passenger,311,18908.0,scenario3,EXISTING_SEGMENTS_BELOW_L_MATCH,30,30,17,0,960,960,30,0,960,0,32,1,1,30,0.0,0,15.0,0,0.0,0.0,1,0,0,0,0,0,0,1bbd891f360013fa1e3a9b68469527038b80da123d0a19c1cbce9f9b400601c2,31,0,4,4,0,False,False,30,19,0.6333333333333333,0.01956745623069001,0.01956745623069001,4,59794eebfe437b594e40805c56bf77e886b5cdcb335fe48c1b9c4e8240697f27,,59794eebfe437b594e40805c56bf77e886b5cdcb335fe48c1b9c4e8240697f27,True,False,POST_OBSERVATION_CREATED
True,True,True,True,True,True,True,True,True,True,True,False,original,24,2014-07-01 12:00:00,passenger,320,18908.0,scenario3,EXISTING_SEGMENTS_BELOW_L_MATCH,30,30,17,0,960,960,30,0,960,0,32,2,2,60,1.5,2,14.875,0,0.0,0.0,2,0,0,0,0,0,0,0bb1e5afed8bb2b32b58c100489b0c62f029880ef709006b0c77952c4707de62,17,0,4,4,0,False,False,30,15,0.5,0.015384615384615385,0.015384615384615385,7,80badce83274d0e2f23c294e132c56cf0460a9f915f17b2215b980dc4585c391,,80badce83274d0e2f23c294e132c56cf0460a9f915f17b2215b980dc4585c391,True,False,POST_OBSERVATION_CREATED
True,True,True,True,True,True,True,True,True,True,True,False,original,25,2014-07-01 12:30:00,weekday,4,1.0,scenario2,MATCHING_SEGMENT_FOUND,30,30,18,1,928,929,30,1,928,0,32,1,1,420,0.0,0,261.2,21,21.0,21.0,0,0,0,0,1,1,1,8aeed2abd0f847e0b8500715486ecfcc55670f2b3385c6aeb419a3a0678f1913,30,21,4,0,1,False,False,420,67,0.1595238095238095,0.01053740779768177,0.05226209048361934,30,8aeed2abd0f847e0b8500715486ecfcc55670f2b3385c6aeb419a3a0678f1913,8aeed2abd0f847e0b8500715486ecfcc55670f2b3385c6aeb419a3a0678f1913,,False,True,PREEXISTING
True,True,True,True,True,True,True,True,True,True,True,False,original,25,2014-07-01 12:30:00,weekday,5,1.0,scenario2,MATCHING_SEGMENT_FOUND,30,30,18,1,928,929,30,1,928,0,32,1,1,420,0.0,0,261.2,21,21.0,21.0,0,0,0,0,1,1,1,64080601c3be5fe7030e7eb69924a6cafe76e2b467b4a5630a9f7de522aa39db,10,21,4,0,1,False,False,420,67,0.1595238095238095,0.01053740779768177,0.05226209048361934,10,64080601c3be5fe7030e7eb69924a6cafe76e2b467b4a5630a9f7de522aa39db,64080601c3be5fe7030e7eb69924a6cafe76e2b467b4a5630a9f7de522aa39db,,False,True,PREEXISTING
True,True,True,True,True,True,True,True,True,True,True,False,original,25,2014-07-01 12:30:00,weekday,3,1.0,scenario2,MATCHING_SEGMENT_FOUND,30,30,18,1,928,929,30,1,928,0,32,1,1,420,1.0,1,261.15999999999997,21,21.0,21.0,0,0,0,0,1,1,1,69f0cb4491a1fd577b6c1af78119fa843dac41862a4e9483fd3c8e414791a45f,4,21,4,0,1,False,False,420,67,0.1595238095238095,0.01053740779768177,0.05226209048361934,4,69f0cb4491a1fd577b6c1af78119fa843dac41862a4e9483fd3c8e414791a45f,69f0cb4491a1fd577b6c1af78119fa843dac41862a4e9483fd3c8e414791a45f,,False,True,PREEXISTING
True,True,True,True,True,True,True,True,True,True,True,False,original,25,2014-07-01 12:30:00,weekday,6,1.0,scenario2,MATCHING_SEGMENT_FOUND,30,30,18,1,928,929,30,1,928,0,32,1,1,420,1.0,1,261.14,21,21.0,21.0,0,0,0,0,1,1,1,d0ca4df7b4ef8ef8330fc3c3fb6df6da237f2c8759fa1a08b551c3b0267a5cc1,29,21,4,0,1,False,False,420,67,0.1595238095238095,0.01053740779768177,0.05226209048361934,29,d0ca4df7b4ef8ef8330fc3c3fb6df6da237f2c8759fa1a08b551c3b0267a5cc1,d0ca4df7b4ef8ef8330fc3c3fb6df6da237f2c8759fa1a08b551c3b0267a5cc1,,False,True,PREEXISTING
True,True,True,True,True,True,True,True,True,True,True,False,original,25,2014-07-01 12:30:00,weekday,2,1.0,scenario2,MATCHING_SEGMENT_FOUND,30,30,18,1,928,929,30,1,928,0,32,1,1,420,1.0,1,261.14,21,21.0,21.0,0,0,0,0,1,1,1,62de03d338e81fffb1fe886b83637755e48f7109d103cb5c35e3be82a6942085,15,21,4,0,1,False,False,420,67,0.1595238095238095,0.01053740779768177,0.05226209048361934,15,62de03d338e81fffb1fe886b83637755e48f7109d103cb5c35e3be82a6942085,62de03d338e81fffb1fe886b83637755e48f7109d103cb5c35e3be82a6942085,,False,True,PREEXISTING
True,True,True,True,True,True,True,True,True,True,True,False,original,25,2014-07-01 12:30:00,weekday,7,1.0,scenario2,MATCHING_SEGMENT_FOUND,30,30,18,1,928,929,30,1,928,0,32,1,1,420,3.0,3,261.08,21,21.0,21.0,0,0,0,0,1,1,1,82cd778248b58abce2dd437ff3430d422a5f31f0857456cb0806c4bbf75c2f84,1,21,4,0,1,False,False,420,67,0.1595238095238095,0.01053740779768177,0.05226209048361934,1,82cd778248b58abce2dd437ff3430d422a5f31f0857456cb0806c4bbf75c2f84,82cd778248b58abce2dd437ff3430d422a5f31f0857456cb0806c4bbf75c2f84,,False,True,PREEXISTING
True,True,True,True,True,True,True,True,True,True,True,False,original,25,2014-07-01 12:30:00,weekday,1,1.0,scenario2,MATCHING_SEGMENT_FOUND,30,30,18,1,928,929,30,1,928,0,32,1,1,420,3.0,3,261.03,21,21.0,21.0,0,0,0,0,1,1,1,096eb71f46b469fc4f1cc7d4ed984088c225a66b3cfbaad900f9fc8fd6e6985c,15,21,4,0,1,False,False,420,67,0.1595238095238095,0.01053740779768177,0.05226209048361934,15,096eb71f46b469fc4f1cc7d4ed984088c225a66b3cfbaad900f9fc8fd6e6985c,096eb71f46b469fc4f1cc7d4ed984088c225a66b3cfbaad900f9fc8fd6e6985c,,False,True,PREEXISTING
True,True,True,True,True,True,True,True,True,True,True,False,original,25,2014-07-01 12:30:00,weekday,8,1.0,scenario2,MATCHING_SEGMENT_FOUND,30,30,18,1,928,929,30,1,928,0,32,1,1,420,4.0,4,260.7,21,21.0,21.0,0,0,0,0,1,1,1,8707a46b07890e9f3d4b42af5e0aab7361dc144e7986f25d90e421a33089bd83,29,21,4,0,1,False,False,420,67,0.1595238095238095,0.01053740779768177,0.05226209048361934,29,8707a46b07890e9f3d4b42af5e0aab7361dc144e7986f25d90e421a33089bd83,8707a46b07890e9f3d4b42af5e0aab7361dc144e7986f25d90e421a33089bd83,,False,True,PREEXISTING
True,True,True,True,True,True,True,True,True,True,True,False,original,25,2014-07-01 12:30:00,weekday,0,1.0,scenario2,MATCHING_SEGMENT_FOUND,30,30,18,1,928,929,30,1,928,0,32,1,1,420,4.0,4,260.73,21,21.0,21.0,0,0,0,0,1,1,1,b8ff4e0cd1bf15ed47968cde6ad2530bfe3d56b991c289d66df5ed3a4ea01ca1,4,21,4,0,1,False,False,420,67,0.1595238095238095,0.01053740779768177,0.05226209048361934,4,b8ff4e0cd1bf15ed47968cde6ad2530bfe3d56b991c289d66df5ed3a4ea01ca1,b8ff4e0cd1bf15ed47968cde6ad2530bfe3d56b991c289d66df5ed3a4ea01ca1,,False,True,PREEXISTING
True,True,True,True,True,True,True,True,True,True,True,False,original,25,2014-07-01 12:30:00,weekday,9,1.0,scenario2,MATCHING_SEGMENT_FOUND,30,30,18,1,928,929,30,1,928,0,32,1,1,420,4.0,4,260.69,21,21.0,21.0,0,0,0,0,1,1,1,1928f40ce31bf6bd47fb15c046e5d7db5c6f2744acdbf86090d49adc6860aaca,19,21,4,0,1,False,False,420,67,0.1595238095238095,0.01053740779768177,0.05226209048361934,19,1928f40ce31bf6bd47fb15c046e5d7db5c6f2744acdbf86090d49adc6860aaca,1928f40ce31bf6bd47fb15c046e5d7db5c6f2744acdbf86090d49adc6860aaca,,False,True,PREEXISTING
True,True,True,True,True,True,True,True,True,True,True,False,original,25,2014-07-01 12:30:00,time,60,25.0,scenario1,CORRECTLY_PREDICTED_CELL_AVAILABLE,30,30,18,1,928,929,30,1,928,0,32,3,3,110,0.6666666666666666,2,19.11,7,2.6666666666666665,1.0,1,1,0,0,1,1,1,ff0ab7317b012a266b069eed9881aac3530f8759a1938dbef203c2fcb415cb4b,22,7,4,0,1,False,False,50,32,0.64,0.019128586609989374,0.0337909186906019,22,ff0ab7317b012a266b069eed9881aac3530f8759a1938dbef203c2fcb415cb4b,ff0ab7317b012a266b069eed9881aac3530f8759a1938dbef203c2fcb415cb4b,,False,True,PREEXISTING
True,True,True,True,True,True,True,True,True,True,True,False,original,25,2014-07-01 12:30:00,time,61,25.0,scenario3,EXISTING_SEGMENTS_BELOW_L_MATCH,30,30,18,1,928,929,30,1,928,0,32,2,2,80,1.0,2,21.165,2,1.0,1.0,1,0,1,0,0,0,0,632a198fc4d7d8720d9298d9fb8413266569b810a4ecc253a5a64d9f0b8dd803,29,2,4,2,0,False,False,30,17,0.5666666666666667,0.018046709129511677,0.018046709129511677,2,abf45190841fbe86d4fe2f1c2d08ad4b72518f87c717e4244f6538c708d4f683,,abf45190841fbe86d4fe2f1c2d08ad4b72518f87c717e4244f6538c708d4f683,True,False,POST_OBSERVATION_CREATED
True,True,True,True,True,True,True,True,True,True,True,False,original,25,2014-07-01 12:30:00,time,59,25.0,scenario2,MATCHING_SEGMENT_FOUND,30,30,18,1,928,929,30,1,928,0,32,3,3,110,1.3333333333333333,3,18.116666666666667,14,4.666666666666667,0.0,2,0,0,0,1,1,1,7043dbdb890c786b6ac087e7f3238652b5201618478018a3392c9c4d509dd27e,14,14,4,0,1,False,False,50,32,0.64,0.019128586609989374,0.0337909186906019,14,7043dbdb890c786b6ac087e7f3238652b5201618478018a3392c9c4d509dd27e,7043dbdb890c786b6ac087e7f3238652b5201618478018a3392c9c4d509dd27e,,False,True,PREEXISTING
True,True,True,True,True,True,True,True,True,True,True,False,original,25,2014-07-01 12:30:00,time,62,25.0,scenario3,PREDICTED_TIME_INVALID,30,30,18,1,928,929,30,1,928,0,32,1,1,30,1.0,1,12.8,0,0.0,0.0,1,0,0,0,0,0,0,ef6bcb40df4df82022d96d36581d3d40bad0955f864ec63fd7f0bf6f4f29c951,23,0,4,4,0,False,False,30,18,0.6,0.019128586609989374,0.019128586609989374,19,3c5b096ee4b3d2f07c4821f25ed874d89b9b1977acbd508239f8362de785419c,,3c5b096ee4b3d2f07c4821f25ed874d89b9b1977acbd508239f8362de785419c,True,False,POST_OBSERVATION_CREATED
True,True,True,True,True,True,True,True,True,True,True,False,original,25,2014-07-01 12:30:00,time,58,25.0,scenario3,EXISTING_SEGMENTS_BELOW_L_MATCH,30,30,18,1,928,929,30,1,928,0,32,4,4,120,1.0,4,14.2225,3,1.0,0.5,2,1,0,1,0,0,0,ebb210e38829c24ab5b54622486dd72525129376958238d5b9cb5175e2230c64,15,3,4,1,0,False,False,30,18,0.6,0.019128586609989374,0.019128586609989374,18,508334c8f078e1175acbbbc2bb3cb0c0cdd0e968f225ae3025f290ea098734fc,,508334c8f078e1175acbbbc2bb3cb0c0cdd0e968f225ae3025f290ea098734fc,True,False,POST_OBSERVATION_CREATED
True,True,True,True,True,True,True,True,True,True,True,False,original,25,2014-07-01 12:30:00,time,63,25.0,scenario3,EXISTING_SEGMENTS_BELOW_L_MATCH,30,30,18,1,928,929,30,1,928,0,32,1,1,30,0.0,0,15.0,0,0.0,0.0,1,0,0,0,0,0,0,c30f8cd8fbb917832d87ec2e81fc54c23304af5d1d33c6970c532a688bdc785f,22,0,4,4,0,False,False,30,24,0.8,0.025668449197860963,0.025668449197860963,31,8d4f40714a57a054ae79c1c2f688435f35368666e48dcdd3aba8586c5e37a598,,8d4f40714a57a054ae79c1c2f688435f35368666e48dcdd3aba8586c5e37a598,True,False,POST_OBSERVATION_CREATED
True,True,True,True,True,True,True,True,True,True,True,False,original,25,2014-07-01 12:30:00,time,57,25.0,scenario3,EXISTING_SEGMENTS_BELOW_L_MATCH,30,30,18,1,928,929,30,1,928,0,32,4,4,140,1.25,4,17.3125,1,0.25,0.0,3,1,0,0,0,0,0,c7cb760c16dbd3ba0254c1cea06d02490fc8ac21dab5730227da9ea6ad0c1e30,22,1,4,3,0,False,False,50,32,0.64,0.019128586609989374,0.0337909186906019,24,ab485694ec86d57aed8c88a75112866d57e64b4a4eda969f6e48181928ff1363,,ab485694ec86d57aed8c88a75112866d57e64b4a4eda969f6e48181928ff1363,True,False,POST_OBSERVATION_CREATED
True,True,True,True,True,True,True,True,True,True,True,False,original,25,2014-07-01 12:30:00,time,64,25.0,scenario3,NO_EXISTING_SEGMENT_IN_COLUMN,30,30,18,1,928,929,30,1,928,0,32,0,0,0,0.0,0,0.0,0,0.0,0.0,0,0,0,0,0,0,0,,,0,4,4,0,False,False,0,0,0.0,0.0,0.0,16,3af7453fd1bc6c5261812572cd812c2f9101f878e4a72e106c8aa8ae94f7de91,,3af7453fd1bc6c5261812572cd812c2f9101f878e4a72e106c8aa8ae94f7de91,True,False,POST_OBSERVATION_CREATED
True,True,True,True,True,True,True,True,True,True,True,False,original,25,2014-07-01 12:30:00,time,56,25.0,scenario1,CORRECTLY_PREDICTED_CELL_AVAILABLE,30,30,18,1,928,929,30,1,928,0,32,3,3,126,2.0,5,20.816666666666666,10,4.0,1.0,0,2,0,0,1,1,1,8ff697dc8e48305fab09394773b0c1ded16e7d4e08c965dc7c15373b83500c00,14,10,4,0,1,False,False,30,12,0.4,0.012671594508975714,0.012671594508975714,14,8ff697dc8e48305fab09394773b0c1ded16e7d4e08c965dc7c15373b83500c00,8ff697dc8e48305fab09394773b0c1ded16e7d4e08c965dc7c15373b83500c00,,False,True,PREEXISTING
True,True,True,True,True,True,True,True,True,True,True,False,original,25,2014-07-01 12:30:00,time,65,25.0,scenario3,NO_EXISTING_SEGMENT_IN_COLUMN,30,30,18,1,928,929,30,1,928,0,32,0,0,0,0.0,0,0.0,0,0.0,0.0,0,0,0,0,0,0,0,,,0,4,4,0,False,False,0,0,0.0,0.0,0.0,20,d747791ea9802ff1905e6c6325f5829d4e57b11cd75c67122654c4d841be0d62,,d747791ea9802ff1905e6c6325f5829d4e57b11cd75c67122654c4d841be0d62,True,False,POST_OBSERVATION_CREATED
True,True,True,True,True,True,True,True,True,True,True,False,original,25,2014-07-01 12:30:00,passenger,315,18886.0,scenario2,MATCHING_SEGMENT_FOUND,30,30,18,1,928,929,30,1,928,0,32,3,3,90,0.6666666666666666,2,14.93,10,3.3333333333333335,0.0,2,0,0,0,1,1,1,04413ba82b0ca8b93d6bd414d662052590ef0ebb5d96cf8cd70d5a039fa7c6b9,18,10,4,0,1,False,False,30,24,0.8,0.025668449197860963,0.025668449197860963,18,04413ba82b0ca8b93d6bd414d662052590ef0ebb5d96cf8cd70d5a039fa7c6b9,04413ba82b0ca8b93d6bd414d662052590ef0ebb5d96cf8cd70d5a039fa7c6b9,,False,True,PREEXISTING
True,True,True,True,True,True,True,True,True,True,True,False,original,25,2014-07-01 12:30:00,passenger,316,18886.0,scenario2,MATCHING_SEGMENT_FOUND,30,30,18,1,928,929,30,1,928,0,32,2,2,60,1.0,2,14.895,10,5.0,5.0,1,0,0,0,1,1,1,b5b9eed09d735f440df90a35d5400a6d9a54c203a8f497fc276522a1a8540331,24,10,4,0,1,False,False,30,24,0.8,0.025668449197860963,0.025668449197860963,24,b5b9eed09d735f440df90a35d5400a6d9a54c203a8f497fc276522a1a8540331,b5b9eed09d735f440df90a35d5400a6d9a54c203a8f497fc276522a1a8540331,,False,True,PREEXISTING
True,True,True,True,True,True,True,True,True,True,True,False,original,25,2014-07-01 12:30:00,passenger,314,18886.0,scenario2,MATCHING_SEGMENT_FOUND,30,30,18,1,928,929,30,1,928,0,32,3,3,90,1.0,2,14.913333333333334,10,3.3333333333333335,0.0,2,0,0,0,1,1,1,011781bf8b89a09c89174d67cdcc8d3301abfe9d78534fff8c3e902f94a4eb50,5,10,4,0,1,False,False,30,24,0.8,0.025668449197860963,0.025668449197860963,5,011781bf8b89a09c89174d67cdcc8d3301abfe9d78534fff8c3e902f94a4eb50,011781bf8b89a09c89174d67cdcc8d3301abfe9d78534fff8c3e902f94a4eb50,,False,True,PREEXISTING
True,True,True,True,True,True,True,True,True,True,True,False,original,25,2014-07-01 12:30:00,passenger,317,18886.0,scenario2,MATCHING_SEGMENT_FOUND,30,30,18,1,928,929,30,1,928,0,32,2,2,60,1.5,3,14.844999999999999,10,5.0,5.0,1,0,0,0,1,1,1,2a5d5ce08b95f6b85935ce8823d00c813829e250a224bcfb98ab750f04c13dbc,28,10,4,0,1,False,False,30,24,0.8,0.025668449197860963,0.025668449197860963,28,2a5d5ce08b95f6b85935ce8823d00c813829e250a224bcfb98ab750f04c13dbc,2a5d5ce08b95f6b85935ce8823d00c813829e250a224bcfb98ab750f04c13dbc,,False,True,PREEXISTING
True,True,True,True,True,True,True,True,True,True,True,False,original,25,2014-07-01 12:30:00,passenger,313,18886.0,scenario2,MATCHING_SEGMENT_FOUND,30,30,18,1,928,929,30,1,928,0,32,3,3,90,1.0,2,14.913333333333334,10,3.6666666666666665,1.0,1,1,0,0,1,1,1,5a7f3d4128f8aacbcb2e42f59283b871441aea64ac0e5399d13822ccdb12be46,16,10,4,0,1,False,False,30,24,0.8,0.025668449197860963,0.025668449197860963,16,5a7f3d4128f8aacbcb2e42f59283b871441aea64ac0e5399d13822ccdb12be46,5a7f3d4128f8aacbcb2e42f59283b871441aea64ac0e5399d13822ccdb12be46,,False,True,PREEXISTING
True,True,True,True,True,True,True,True,True,True,True,False,original,25,2014-07-01 12:30:00,passenger,318,18886.0,scenario2,MATCHING_SEGMENT_FOUND,30,30,18,1,928,929,30,1,928,0,32,3,3,90,1.3333333333333333,3,14.88,10,3.3333333333333335,0.0,2,0,0,0,1,1,1,880c0f61514a1e35dcaaf42b9db092c644939a4472676c28e261d317841f16a7,22,10,4,0,1,False,False,30,24,0.8,0.025668449197860963,0.025668449197860963,22,880c0f61514a1e35dcaaf42b9db092c644939a4472676c28e261d317841f16a7,880c0f61514a1e35dcaaf42b9db092c644939a4472676c28e261d317841f16a7,,False,True,PREEXISTING
True,True,True,True,True,True,True,True,True,True,True,False,original,25,2014-07-01 12:30:00,passenger,312,18886.0,scenario2,MATCHING_SEGMENT_FOUND,30,30,18,1,928,929,30,1,928,0,32,3,3,90,1.0,2,14.913333333333334,10,3.6666666666666665,1.0,1,1,0,0,1,1,1,4d20f920130bf3809b685d4627944172a5b02a896683ae438fd7b100fe2c82c1,31,10,4,0,1,False,False,30,24,0.8,0.025668449197860963,0.025668449197860963,31,4d20f920130bf3809b685d4627944172a5b02a896683ae438fd7b100fe2c82c1,4d20f920130bf3809b685d4627944172a5b02a896683ae438fd7b100fe2c82c1,,False,True,PREEXISTING
True,True,True,True,True,True,True,True,True,True,True,False,original,25,2014-07-01 12:30:00,passenger,319,18886.0,scenario2,MATCHING_SEGMENT_FOUND,30,30,18,1,928,929,30,1,928,0,32,2,2,80,2.0,3,21.32,10,5.0,5.0,1,0,0,0,1,1,1,7685ac1a309d934bf43aef457ca3bef02455d123a9fd72566c97f84c720f4cb4,30,10,4,0,1,False,False,50,26,0.52,0.012671594508975714,0.02728226652675761,30,7685ac1a309d934bf43aef457ca3bef02455d123a9fd72566c97f84c720f4cb4,7685ac1a309d934bf43aef457ca3bef02455d123a9fd72566c97f84c720f4cb4,,False,True,PREEXISTING
True,True,True,True,True,True,True,True,True,True,True,False,original,25,2014-07-01 12:30:00,passenger,311,18886.0,scenario2,MATCHING_SEGMENT_FOUND,30,30,18,1,928,929,30,1,928,0,32,2,2,60,0.0,0,15.0,10,5.0,5.0,1,0,0,0,1,1,1,59794eebfe437b594e40805c56bf77e886b5cdcb335fe48c1b9c4e8240697f27,4,10,4,0,1,False,False,30,24,0.8,0.025668449197860963,0.025668449197860963,4,59794eebfe437b594e40805c56bf77e886b5cdcb335fe48c1b9c4e8240697f27,59794eebfe437b594e40805c56bf77e886b5cdcb335fe48c1b9c4e8240697f27,,False,True,PREEXISTING
True,True,True,True,True,True,True,True,True,True,True,False,original,25,2014-07-01 12:30:00,passenger,320,18886.0,scenario2,MATCHING_SEGMENT_FOUND,30,30,18,1,928,929,30,1,928,0,32,3,3,90,1.3333333333333333,3,14.883333333333333,10,3.3333333333333335,0.0,2,0,0,0,1,1,1,80badce83274d0e2f23c294e132c56cf0460a9f915f17b2215b980dc4585c391,7,10,4,0,1,False,False,30,24,0.8,0.025668449197860963,0.025668449197860963,7,80badce83274d0e2f23c294e132c56cf0460a9f915f17b2215b980dc4585c391,80badce83274d0e2f23c294e132c56cf0460a9f915f17b2215b980dc4585c391,,False,True,PREEXISTING
True,True,True,True,True,True,True,True,True,True,True,False,original,26,2014-07-01 13:00:00,weekday,4,1.0,scenario2,MATCHING_SEGMENT_FOUND,30,30,18,2,896,898,30,2,896,0,32,1,1,431,0.0,0,268.0,31,31.0,31.0,0,0,0,0,1,1,1,8aeed2abd0f847e0b8500715486ecfcc55670f2b3385c6aeb419a3a0678f1913,30,31,4,0,1,False,False,431,62,0.14385150812064965,0.010893246187363835,0.0489344909234412,30,8aeed2abd0f847e0b8500715486ecfcc55670f2b3385c6aeb419a3a0678f1913,8aeed2abd0f847e0b8500715486ecfcc55670f2b3385c6aeb419a3a0678f1913,,False,True,PREEXISTING
True,True,True,True,True,True,True,True,True,True,True,False,original,26,2014-07-01 13:00:00,weekday,5,1.0,scenario2,MATCHING_SEGMENT_FOUND,30,30,18,2,896,898,30,2,896,0,32,1,1,431,0.0,0,268.0,31,31.0,31.0,0,0,0,0,1,1,1,64080601c3be5fe7030e7eb69924a6cafe76e2b467b4a5630a9f7de522aa39db,10,31,4,0,1,False,False,431,62,0.14385150812064965,0.010893246187363835,0.0489344909234412,10,64080601c3be5fe7030e7eb69924a6cafe76e2b467b4a5630a9f7de522aa39db,64080601c3be5fe7030e7eb69924a6cafe76e2b467b4a5630a9f7de522aa39db,,False,True,PREEXISTING
True,True,True,True,True,True,True,True,True,True,True,False,original,26,2014-07-01 13:00:00,weekday,3,1.0,scenario2,MATCHING_SEGMENT_FOUND,30,30,18,2,896,898,30,2,896,0,32,1,1,431,1.0,1,267.96,31,31.0,31.0,0,0,0,0,1,1,1,69f0cb4491a1fd577b6c1af78119fa843dac41862a4e9483fd3c8e414791a45f,4,31,4,0,1,False,False,431,62,0.14385150812064965,0.010893246187363835,0.0489344909234412,4,69f0cb4491a1fd577b6c1af78119fa843dac41862a4e9483fd3c8e414791a45f,69f0cb4491a1fd577b6c1af78119fa843dac41862a4e9483fd3c8e414791a45f,,False,True,PREEXISTING
True,True,True,True,True,True,True,True,True,True,True,False,original,26,2014-07-01 13:00:00,weekday,6,1.0,scenario2,MATCHING_SEGMENT_FOUND,30,30,18,2,896,898,30,2,896,0,32,1,1,431,1.0,1,267.94,31,31.0,31.0,0,0,0,0,1,1,1,d0ca4df7b4ef8ef8330fc3c3fb6df6da237f2c8759fa1a08b551c3b0267a5cc1,29,31,4,0,1,False,False,431,62,0.14385150812064965,0.010893246187363835,0.0489344909234412,29,d0ca4df7b4ef8ef8330fc3c3fb6df6da237f2c8759fa1a08b551c3b0267a5cc1,d0ca4df7b4ef8ef8330fc3c3fb6df6da237f2c8759fa1a08b551c3b0267a5cc1,,False,True,PREEXISTING
True,True,True,True,True,True,True,True,True,True,True,False,original,26,2014-07-01 13:00:00,weekday,2,1.0,scenario2,MATCHING_SEGMENT_FOUND,30,30,18,2,896,898,30,2,896,0,32,1,1,431,1.0,1,267.94,31,31.0,31.0,0,0,0,0,1,1,1,62de03d338e81fffb1fe886b83637755e48f7109d103cb5c35e3be82a6942085,15,31,4,0,1,False,False,431,62,0.14385150812064965,0.010893246187363835,0.0489344909234412,15,62de03d338e81fffb1fe886b83637755e48f7109d103cb5c35e3be82a6942085,62de03d338e81fffb1fe886b83637755e48f7109d103cb5c35e3be82a6942085,,False,True,PREEXISTING
True,True,True,True,True,True,True,True,True,True,True,False,original,26,2014-07-01 13:00:00,weekday,7,1.0,scenario2,MATCHING_SEGMENT_FOUND,30,30,18,2,896,898,30,2,896,0,32,1,1,431,3.0,3,267.88,31,31.0,31.0,0,0,0,0,1,1,1,82cd778248b58abce2dd437ff3430d422a5f31f0857456cb0806c4bbf75c2f84,1,31,4,0,1,False,False,431,62,0.14385150812064965,0.010893246187363835,0.0489344909234412,1,82cd778248b58abce2dd437ff3430d422a5f31f0857456cb0806c4bbf75c2f84,82cd778248b58abce2dd437ff3430d422a5f31f0857456cb0806c4bbf75c2f84,,False,True,PREEXISTING
True,True,True,True,True,True,True,True,True,True,True,False,original,26,2014-07-01 13:00:00,weekday,1,1.0,scenario2,MATCHING_SEGMENT_FOUND,30,30,18,2,896,898,30,2,896,0,32,1,1,431,3.0,3,267.83,31,31.0,31.0,0,0,0,0,1,1,1,096eb71f46b469fc4f1cc7d4ed984088c225a66b3cfbaad900f9fc8fd6e6985c,15,31,4,0,1,False,False,431,62,0.14385150812064965,0.010893246187363835,0.0489344909234412,15,096eb71f46b469fc4f1cc7d4ed984088c225a66b3cfbaad900f9fc8fd6e6985c,096eb71f46b469fc4f1cc7d4ed984088c225a66b3cfbaad900f9fc8fd6e6985c,,False,True,PREEXISTING
True,True,True,True,True,True,True,True,True,True,True,False,original,26,2014-07-01 13:00:00,weekday,8,1.0,scenario2,MATCHING_SEGMENT_FOUND,30,30,18,2,896,898,30,2,896,0,32,1,1,431,4.0,4,267.5,31,31.0,31.0,0,0,0,0,1,1,1,8707a46b07890e9f3d4b42af5e0aab7361dc144e7986f25d90e421a33089bd83,29,31,4,0,1,False,False,431,62,0.14385150812064965,0.010893246187363835,0.0489344909234412,29,8707a46b07890e9f3d4b42af5e0aab7361dc144e7986f25d90e421a33089bd83,8707a46b07890e9f3d4b42af5e0aab7361dc144e7986f25d90e421a33089bd83,,False,True,PREEXISTING
True,True,True,True,True,True,True,True,True,True,True,False,original,26,2014-07-01 13:00:00,weekday,0,1.0,scenario2,MATCHING_SEGMENT_FOUND,30,30,18,2,896,898,30,2,896,0,32,1,1,431,4.0,4,267.53,31,31.0,31.0,0,0,0,0,1,1,1,b8ff4e0cd1bf15ed47968cde6ad2530bfe3d56b991c289d66df5ed3a4ea01ca1,4,31,4,0,1,False,False,431,62,0.14385150812064965,0.010893246187363835,0.0489344909234412,4,b8ff4e0cd1bf15ed47968cde6ad2530bfe3d56b991c289d66df5ed3a4ea01ca1,b8ff4e0cd1bf15ed47968cde6ad2530bfe3d56b991c289d66df5ed3a4ea01ca1,,False,True,PREEXISTING
True,True,True,True,True,True,True,True,True,True,True,False,original,26,2014-07-01 13:00:00,weekday,9,1.0,scenario2,MATCHING_SEGMENT_FOUND,30,30,18,2,896,898,30,2,896,0,32,1,1,431,4.0,4,267.46999999999997,31,31.0,31.0,0,0,0,0,1,1,1,1928f40ce31bf6bd47fb15c046e5d7db5c6f2744acdbf86090d49adc6860aaca,19,31,4,0,1,False,False,431,62,0.14385150812064965,0.010893246187363835,0.0489344909234412,19,1928f40ce31bf6bd47fb15c046e5d7db5c6f2744acdbf86090d49adc6860aaca,1928f40ce31bf6bd47fb15c046e5d7db5c6f2744acdbf86090d49adc6860aaca,,False,True,PREEXISTING
True,True,True,True,True,True,True,True,True,True,True,False,original,26,2014-07-01 13:00:00,time,61,26.0,scenario3,EXISTING_SEGMENTS_BELOW_L_MATCH,30,30,18,2,896,898,30,2,896,0,32,3,3,110,1.0,2,19.086666666666666,1,0.3333333333333333,0.0,2,1,0,0,0,0,0,983ac8ea17da2d5b103ff62a632b799f533986c71b7f2fcfb698acca3fefd06a,9,1,4,3,0,False,False,50,25,0.5,0.015317286652078774,0.027085590465872156,16,4381990091c53b87c9b07c31c67d9c863a2320f2852a4adaed168c6c71345bbc,,4381990091c53b87c9b07c31c67d9c863a2320f2852a4adaed168c6c71345bbc,True,False,POST_OBSERVATION_CREATED
True,True,True,True,True,True,True,True,True,True,True,False,original,26,2014-07-01 13:00:00,time,62,26.0,scenario3,EXISTING_SEGMENTS_BELOW_L_MATCH,30,30,18,2,896,898,30,2,896,0,32,2,2,60,0.5,1,13.885,1,1.0,1.0,0,2,0,0,0,0,0,3c5b096ee4b3d2f07c4821f25ed874d89b9b1977acbd508239f8362de785419c,19,1,4,3,0,False,False,30,27,0.9,0.029966703662597113,0.029966703662597113,24,1d88d9ff698ffd5cd7e329fe76636ea5a98f9115df518e26d899ae245a4f3134,,1d88d9ff698ffd5cd7e329fe76636ea5a98f9115df518e26d899ae245a4f3134,True,False,POST_OBSERVATION_CREATED
True,True,True,True,True,True,True,True,True,True,True,False,original,26,2014-07-01 13:00:00,time,60,26.0,scenario3,EXISTING_SEGMENTS_BELOW_L_MATCH,30,30,18,2,896,898,30,2,896,0,32,3,3,110,1.0,2,17.91,2,1.0,1.0,1,1,1,0,0,0,0,ff0ab7317b012a266b069eed9881aac3530f8759a1938dbef203c2fcb415cb4b,22,2,4,2,0,False,False,50,25,0.5,0.015317286652078774,0.027085590465872156,26,f312ea63c6bb99dea9f9c42f25681a5aebe8228778c15a123390b54679617087,,f312ea63c6bb99dea9f9c42f25681a5aebe8228778c15a123390b54679617087,True,False,POST_OBSERVATION_CREATED
True,True,True,True,True,True,True,True,True,True,True,False,original,26,2014-07-01 13:00:00,time,63,26.0,scenario3,EXISTING_SEGMENTS_BELOW_L_MATCH,30,30,18,2,896,898,30,2,896,0,32,2,2,60,0.5,1,14.98,3,2.0,2.0,0,1,0,1,0,0,0,c30f8cd8fbb917832d87ec2e81fc54c23304af5d1d33c6970c532a688bdc785f,22,3,4,1,0,False,False,30,21,0.7,0.023153252480705624,0.023153252480705624,9,6e50b30356847b91afb74270997a4b3f9c9a0bbf5436b077f546ed49c83f851e,,6e50b30356847b91afb74270997a4b3f9c9a0bbf5436b077f546ed49c83f851e,True,False,POST_OBSERVATION_CREATED
True,True,True,True,True,True,True,True,True,True,True,False,original,26,2014-07-01 13:00:00,time,59,26.0,scenario1,CORRECTLY_PREDICTED_CELL_AVAILABLE,30,30,18,2,896,898,30,2,896,0,32,3,3,123,1.6666666666666667,4,21.150000000000002,10,4.0,2.0,1,0,1,0,1,1,1,713127cc6344e9335c2c05f14be0afa18b1f4a0c9543e29876487e3b8fd21e63,1,10,4,0,1,False,False,30,13,0.43333333333333335,0.014207650273224045,0.014207650273224045,1,713127cc6344e9335c2c05f14be0afa18b1f4a0c9543e29876487e3b8fd21e63,713127cc6344e9335c2c05f14be0afa18b1f4a0c9543e29876487e3b8fd21e63,,False,True,PREEXISTING
True,True,True,True,True,True,True,True,True,True,True,False,original,26,2014-07-01 13:00:00,time,64,26.0,scenario3,EXISTING_SEGMENTS_BELOW_L_MATCH,30,30,18,2,896,898,30,2,896,0,32,1,1,30,0.0,0,15.0,1,1.0,1.0,0,1,0,0,0,0,0,3af7453fd1bc6c5261812572cd812c2f9101f878e4a72e106c8aa8ae94f7de91,16,1,4,3,0,False,False,30,27,0.9,0.029966703662597113,0.029966703662597113,23,46d7d3f800efbca3aa17df89c244c2d8542032c1646cd463efda0930176d764b,,46d7d3f800efbca3aa17df89c244c2d8542032c1646cd463efda0930176d764b,True,False,POST_OBSERVATION_CREATED
True,True,True,True,True,True,True,True,True,True,True,False,original,26,2014-07-01 13:00:00,time,58,26.0,scenario3,EXISTING_SEGMENTS_BELOW_L_MATCH,30,30,18,2,896,898,30,2,896,0,32,5,5,150,1.0,5,14.358,1,0.6,1.0,2,3,0,0,0,0,0,508334c8f078e1175acbbbc2bb3cb0c0cdd0e968f225ae3025f290ea098734fc,18,1,4,3,0,False,False,30,14,0.4666666666666667,0.015317286652078774,0.015317286652078774,28,70b1ff0582d7c6e1c922bd04dc181aafd8b5e2faec63e0348ed46914da646fb5,,70b1ff0582d7c6e1c922bd04dc181aafd8b5e2faec63e0348ed46914da646fb5,True,False,POST_OBSERVATION_CREATED
True,True,True,True,True,True,True,True,True,True,True,False,original,26,2014-07-01 13:00:00,time,65,26.0,scenario3,EXISTING_SEGMENTS_BELOW_L_MATCH,30,30,18,2,896,898,30,2,896,0,32,1,1,30,0.0,0,15.0,1,1.0,1.0,0,1,0,0,0,0,0,d747791ea9802ff1905e6c6325f5829d4e57b11cd75c67122654c4d841be0d62,20,1,4,3,0,False,False,30,27,0.9,0.029966703662597113,0.029966703662597113,31,b42927aa8333bb0dc84659820336bb6a42cc9c527edf74a5e2809ec04659eba1,,b42927aa8333bb0dc84659820336bb6a42cc9c527edf74a5e2809ec04659eba1,True,False,POST_OBSERVATION_CREATED
True,True,True,True,True,True,True,True,True,True,True,False,original,26,2014-07-01 13:00:00,time,57,26.0,scenario2,MATCHING_SEGMENT_FOUND,30,30,18,2,896,898,30,2,896,0,32,5,5,170,1.2,5,16.830000000000002,12,2.8,1.0,2,2,0,0,1,1,1,ca2e7efb16905c6b7750b7bbe445ef800bc51fbf2c821238c94bf34e2bed4231,12,12,4,0,1,False,False,30,14,0.4666666666666667,0.015317286652078774,0.015317286652078774,12,ca2e7efb16905c6b7750b7bbe445ef800bc51fbf2c821238c94bf34e2bed4231,ca2e7efb16905c6b7750b7bbe445ef800bc51fbf2c821238c94bf34e2bed4231,,False,True,PREEXISTING
True,True,True,True,True,True,True,True,True,True,True,False,original,26,2014-07-01 13:00:00,time,66,26.0,scenario3,NO_EXISTING_SEGMENT_IN_COLUMN,30,30,18,2,896,898,30,2,896,0,32,0,0,0,0.0,0,0.0,0,0.0,0.0,0,0,0,0,0,0,0,,,0,4,4,0,False,False,0,0,0.0,0.0,0.0,22,799e2ff33f3b28532235a62575e156670ee4e7689f48fae11f0ad74b5fccc121,,799e2ff33f3b28532235a62575e156670ee4e7689f48fae11f0ad74b5fccc121,True,False,POST_OBSERVATION_CREATED
True,True,True,True,True,True,True,True,True,True,True,False,original,26,2014-07-01 13:00:00,passenger,307,18178.0,scenario3,EXISTING_SEGMENTS_BELOW_L_MATCH,30,30,18,2,896,898,30,2,896,0,32,2,2,60,3.5,5,14.675,0,0.0,0.0,2,0,0,0,0,0,0,7055784a59219631dcfd6591fc01fc22b9746a6a8c24462b1c37d9bdfb07e178,4,0,4,4,0,False,False,30,14,0.4666666666666667,0.015317286652078774,0.015317286652078774,17,40bae1df04a7795cb810efbf136052c2e52c51974b6eeddf220da409a486c384,,40bae1df04a7795cb810efbf136052c2e52c51974b6eeddf220da409a486c384,True,False,POST_OBSERVATION_CREATED
True,True,True,True,True,True,True,True,True,True,True,False,original,26,2014-07-01 13:00:00,passenger,306,18178.0,scenario3,EXISTING_SEGMENTS_BELOW_L_MATCH,30,30,18,2,896,898,30,2,896,0,32,3,3,90,2.3333333333333335,5,14.783333333333333,1,0.3333333333333333,0.0,2,1,0,0,0,0,0,f5fef0579d67d8f2c31a1c821d645bc6ef2702b7a39e832e8c5f1c4f46556858,8,1,4,3,0,False,False,30,14,0.4666666666666667,0.015317286652078774,0.015317286652078774,3,2b6be23e859b8148fc752b338f9eb9487efbf4927a5d8d97fe6bc2ec017cd5e7,,2b6be23e859b8148fc752b338f9eb9487efbf4927a5d8d97fe6bc2ec017cd5e7,True,False,POST_OBSERVATION_CREATED
True,True,True,True,True,True,True,True,True,True,True,False,original,26,2014-07-01 13:00:00,passenger,308,18178.0,scenario3,EXISTING_SEGMENTS_BELOW_L_MATCH,30,30,18,2,896,898,30,2,896,0,32,2,2,60,3.5,6,14.66,1,0.5,0.5,1,1,0,0,0,0,0,d39f3fe75da4adde50d8e042ddbd52cdc4de4827ffbb6b77ad00375d3f50f322,7,1,4,3,0,False,False,30,14,0.4666666666666667,0.015317286652078774,0.015317286652078774,28,77132f3ef49bec589b18b354a4fccf301c8d1b67db39e69311a074b28594f1d0,,77132f3ef49bec589b18b354a4fccf301c8d1b67db39e69311a074b28594f1d0,True,False,POST_OBSERVATION_CREATED
True,True,True,True,True,True,True,True,True,True,True,False,original,26,2014-07-01 13:00:00,passenger,305,18178.0,scenario1,CORRECTLY_PREDICTED_CELL_AVAILABLE,30,30,18,2,896,898,30,2,896,0,32,2,2,60,3.0,5,14.725000000000001,10,5.0,5.0,1,0,0,0,1,1,1,750169c7700b8094f83f9420090dbc54bfba081a8e4f0abcd865d25f0f655efe,23,10,4,0,1,False,False,30,10,0.3333333333333333,0.010893246187363835,0.010893246187363835,23,750169c7700b8094f83f9420090dbc54bfba081a8e4f0abcd865d25f0f655efe,750169c7700b8094f83f9420090dbc54bfba081a8e4f0abcd865d25f0f655efe,,False,True,PREEXISTING
True,True,True,True,True,True,True,True,True,True,True,False,original,26,2014-07-01 13:00:00,passenger,309,18178.0,scenario3,EXISTING_SEGMENTS_BELOW_L_MATCH,30,30,18,2,896,898,30,2,896,0,32,1,1,30,0.0,0,15.0,1,1.0,1.0,0,1,0,0,0,0,0,7eddb52e6a36f0d256fe7367e60cbca7b086c644f89bac3cd28d1d03dea64300,19,1,4,3,0,False,False,30,14,0.4666666666666667,0.015317286652078774,0.015317286652078774,16,255a99e1f2ae4cd1141e30410edafe2851cbe58bcb6149f2ba02fbc97431f530,,255a99e1f2ae4cd1141e30410edafe2851cbe58bcb6149f2ba02fbc97431f530,True,False,POST_OBSERVATION_CREATED
True,True,True,True,True,True,True,True,True,True,True,False,original,26,2014-07-01 13:00:00,passenger,304,18178.0,scenario2,MATCHING_SEGMENT_FOUND,30,30,18,2,896,898,30,2,896,0,32,2,2,60,3.5,5,14.705,10,5.0,5.0,1,0,0,0,1,1,1,55fadd7049209c18189af870be8c937ff37b116915b61c982ea008e47036a119,12,10,4,0,1,False,False,30,23,0.7666666666666667,0.02541436464088398,0.02541436464088398,12,55fadd7049209c18189af870be8c937ff37b116915b61c982ea008e47036a119,55fadd7049209c18189af870be8c937ff37b116915b61c982ea008e47036a119,,False,True,PREEXISTING
True,True,True,True,True,True,True,True,True,True,True,False,original,26,2014-07-01 13:00:00,passenger,310,18178.0,scenario3,EXISTING_SEGMENTS_BELOW_L_MATCH,30,30,18,2,896,898,30,2,896,0,32,1,1,30,0.0,0,15.0,1,1.0,1.0,0,1,0,0,0,0,0,ae8ae916f986b331b637325d560005521b2724b7feff348d9f95e2eb20205de5,19,1,4,3,0,False,False,30,14,0.4666666666666667,0.015317286652078774,0.015317286652078774,7,33e74c0e440ecee275c05cda9904806adb47fbc19a00a0ae08a0203341a42919,,33e74c0e440ecee275c05cda9904806adb47fbc19a00a0ae08a0203341a42919,True,False,POST_OBSERVATION_CREATED
True,True,True,True,True,True,True,True,True,True,True,False,original,26,2014-07-01 13:00:00,passenger,303,18178.0,scenario3,EXISTING_SEGMENTS_BELOW_L_MATCH,30,30,18,2,896,898,30,2,896,0,32,2,2,60,3.0,6,14.69,0,0.0,0.0,2,0,0,0,0,0,0,b86d7b726baa08d9079d43f8a9a97606d5946c552507523f13d90b1368c0b7b2,25,0,4,4,0,False,False,30,23,0.7666666666666667,0.02541436464088398,0.02541436464088398,10,00bc4e04c1437e5d2cbff85c7f0b4c35f060db91d2f36ac8c723f74e2b4d1361,,00bc4e04c1437e5d2cbff85c7f0b4c35f060db91d2f36ac8c723f74e2b4d1361,True,False,POST_OBSERVATION_CREATED
True,True,True,True,True,True,True,True,True,True,True,False,original,26,2014-07-01 13:00:00,passenger,311,18178.0,scenario2,MATCHING_SEGMENT_FOUND,30,30,18,2,896,898,30,2,896,0,32,2,2,73,0.5,1,19.38,21,10.5,10.5,1,0,0,0,1,1,1,59794eebfe437b594e40805c56bf77e886b5cdcb335fe48c1b9c4e8240697f27,4,21,4,0,1,False,False,43,33,0.7674418604651163,0.023153252480705624,0.03634361233480176,4,59794eebfe437b594e40805c56bf77e886b5cdcb335fe48c1b9c4e8240697f27,59794eebfe437b594e40805c56bf77e886b5cdcb335fe48c1b9c4e8240697f27,,False,True,PREEXISTING
True,True,True,True,True,True,True,True,True,True,True,False,original,26,2014-07-01 13:00:00,passenger,302,18178.0,scenario3,EXISTING_SEGMENTS_BELOW_L_MATCH,30,30,18,2,896,898,30,2,896,0,32,2,2,60,3.0,6,14.69,0,0.0,0.0,2,0,0,0,0,0,0,be55c839bb2a976dfbe9e712624e876b1ccc14e1217bff196f7e1599440d3648,22,0,4,4,0,False,False,30,10,0.3333333333333333,0.010893246187363835,0.010893246187363835,28,b16b23a2f08c392f9311b9346d974eb2ecd066105ded5af0d2ad884e553f0c92,,b16b23a2f08c392f9311b9346d974eb2ecd066105ded5af0d2ad884e553f0c92,True,False,POST_OBSERVATION_CREATED
True,True,True,True,True,True,True,True,True,True,True,False,original,27,2014-07-01 13:30:00,weekday,4,1.0,scenario2,MATCHING_SEGMENT_FOUND,30,30,19,2,896,898,30,2,896,0,32,1,1,438,0.0,0,273.4,24,24.0,24.0,0,0,0,0,1,1,1,8aeed2abd0f847e0b8500715486ecfcc55670f2b3385c6aeb419a3a0678f1913,30,24,4,0,1,False,False,438,60,0.136986301369863,0.010893246187363835,0.047021943573667714,30,8aeed2abd0f847e0b8500715486ecfcc55670f2b3385c6aeb419a3a0678f1913,8aeed2abd0f847e0b8500715486ecfcc55670f2b3385c6aeb419a3a0678f1913,,False,True,PREEXISTING
True,True,True,True,True,True,True,True,True,True,True,False,original,27,2014-07-01 13:30:00,weekday,5,1.0,scenario2,MATCHING_SEGMENT_FOUND,30,30,19,2,896,898,30,2,896,0,32,1,1,438,0.0,0,273.4,24,24.0,24.0,0,0,0,0,1,1,1,64080601c3be5fe7030e7eb69924a6cafe76e2b467b4a5630a9f7de522aa39db,10,24,4,0,1,False,False,438,60,0.136986301369863,0.010893246187363835,0.047021943573667714,10,64080601c3be5fe7030e7eb69924a6cafe76e2b467b4a5630a9f7de522aa39db,64080601c3be5fe7030e7eb69924a6cafe76e2b467b4a5630a9f7de522aa39db,,False,True,PREEXISTING
True,True,True,True,True,True,True,True,True,True,True,False,original,27,2014-07-01 13:30:00,weekday,3,1.0,scenario2,MATCHING_SEGMENT_FOUND,30,30,19,2,896,898,30,2,896,0,32,1,1,438,1.0,1,273.36,24,24.0,24.0,0,0,0,0,1,1,1,69f0cb4491a1fd577b6c1af78119fa843dac41862a4e9483fd3c8e414791a45f,4,24,4,0,1,False,False,438,60,0.136986301369863,0.010893246187363835,0.047021943573667714,4,69f0cb4491a1fd577b6c1af78119fa843dac41862a4e9483fd3c8e414791a45f,69f0cb4491a1fd577b6c1af78119fa843dac41862a4e9483fd3c8e414791a45f,,False,True,PREEXISTING
True,True,True,True,True,True,True,True,True,True,True,False,original,27,2014-07-01 13:30:00,weekday,6,1.0,scenario2,MATCHING_SEGMENT_FOUND,30,30,19,2,896,898,30,2,896,0,32,1,1,438,1.0,1,273.34,24,24.0,24.0,0,0,0,0,1,1,1,d0ca4df7b4ef8ef8330fc3c3fb6df6da237f2c8759fa1a08b551c3b0267a5cc1,29,24,4,0,1,False,False,438,60,0.136986301369863,0.010893246187363835,0.047021943573667714,29,d0ca4df7b4ef8ef8330fc3c3fb6df6da237f2c8759fa1a08b551c3b0267a5cc1,d0ca4df7b4ef8ef8330fc3c3fb6df6da237f2c8759fa1a08b551c3b0267a5cc1,,False,True,PREEXISTING
True,True,True,True,True,True,True,True,True,True,True,False,original,27,2014-07-01 13:30:00,weekday,2,1.0,scenario2,MATCHING_SEGMENT_FOUND,30,30,19,2,896,898,30,2,896,0,32,1,1,438,1.0,1,273.34,24,24.0,24.0,0,0,0,0,1,1,1,62de03d338e81fffb1fe886b83637755e48f7109d103cb5c35e3be82a6942085,15,24,4,0,1,False,False,438,60,0.136986301369863,0.010893246187363835,0.047021943573667714,15,62de03d338e81fffb1fe886b83637755e48f7109d103cb5c35e3be82a6942085,62de03d338e81fffb1fe886b83637755e48f7109d103cb5c35e3be82a6942085,,False,True,PREEXISTING
True,True,True,True,True,True,True,True,True,True,True,False,original,27,2014-07-01 13:30:00,weekday,7,1.0,scenario2,MATCHING_SEGMENT_FOUND,30,30,19,2,896,898,30,2,896,0,32,1,1,438,3.0,3,273.28,24,24.0,24.0,0,0,0,0,1,1,1,82cd778248b58abce2dd437ff3430d422a5f31f0857456cb0806c4bbf75c2f84,1,24,4,0,1,False,False,438,60,0.136986301369863,0.010893246187363835,0.047021943573667714,1,82cd778248b58abce2dd437ff3430d422a5f31f0857456cb0806c4bbf75c2f84,82cd778248b58abce2dd437ff3430d422a5f31f0857456cb0806c4bbf75c2f84,,False,True,PREEXISTING
True,True,True,True,True,True,True,True,True,True,True,False,original,27,2014-07-01 13:30:00,weekday,1,1.0,scenario2,MATCHING_SEGMENT_FOUND,30,30,19,2,896,898,30,2,896,0,32,1,1,438,3.0,3,273.23,24,24.0,24.0,0,0,0,0,1,1,1,096eb71f46b469fc4f1cc7d4ed984088c225a66b3cfbaad900f9fc8fd6e6985c,15,24,4,0,1,False,False,438,60,0.136986301369863,0.010893246187363835,0.047021943573667714,15,096eb71f46b469fc4f1cc7d4ed984088c225a66b3cfbaad900f9fc8fd6e6985c,096eb71f46b469fc4f1cc7d4ed984088c225a66b3cfbaad900f9fc8fd6e6985c,,False,True,PREEXISTING
True,True,True,True,True,True,True,True,True,True,True,False,original,27,2014-07-01 13:30:00,weekday,8,1.0,scenario2,MATCHING_SEGMENT_FOUND,30,30,19,2,896,898,30,2,896,0,32,1,1,438,4.0,4,272.88,24,24.0,24.0,0,0,0,0,1,1,1,8707a46b07890e9f3d4b42af5e0aab7361dc144e7986f25d90e421a33089bd83,29,24,4,0,1,False,False,438,60,0.136986301369863,0.010893246187363835,0.047021943573667714,29,8707a46b07890e9f3d4b42af5e0aab7361dc144e7986f25d90e421a33089bd83,8707a46b07890e9f3d4b42af5e0aab7361dc144e7986f25d90e421a33089bd83,,False,True,PREEXISTING
True,True,True,True,True,True,True,True,True,True,True,False,original,27,2014-07-01 13:30:00,weekday,0,1.0,scenario2,MATCHING_SEGMENT_FOUND,30,30,19,2,896,898,30,2,896,0,32,1,1,438,4.0,4,272.90999999999997,24,24.0,24.0,0,0,0,0,1,1,1,b8ff4e0cd1bf15ed47968cde6ad2530bfe3d56b991c289d66df5ed3a4ea01ca1,4,24,4,0,1,False,False,438,60,0.136986301369863,0.010893246187363835,0.047021943573667714,4,b8ff4e0cd1bf15ed47968cde6ad2530bfe3d56b991c289d66df5ed3a4ea01ca1,b8ff4e0cd1bf15ed47968cde6ad2530bfe3d56b991c289d66df5ed3a4ea01ca1,,False,True,PREEXISTING
True,True,True,True,True,True,True,True,True,True,True,False,original,27,2014-07-01 13:30:00,weekday,9,1.0,scenario2,MATCHING_SEGMENT_FOUND,30,30,19,2,896,898,30,2,896,0,32,1,1,438,4.0,4,272.84999999999997,24,24.0,24.0,0,0,0,0,1,1,1,1928f40ce31bf6bd47fb15c046e5d7db5c6f2744acdbf86090d49adc6860aaca,19,24,4,0,1,False,False,438,60,0.136986301369863,0.010893246187363835,0.047021943573667714,19,1928f40ce31bf6bd47fb15c046e5d7db5c6f2744acdbf86090d49adc6860aaca,1928f40ce31bf6bd47fb15c046e5d7db5c6f2744acdbf86090d49adc6860aaca,,False,True,PREEXISTING
True,True,True,True,True,True,True,True,True,True,True,False,original,27,2014-07-01 13:30:00,time,63,27.0,scenario3,EXISTING_SEGMENTS_BELOW_L_MATCH,30,30,19,2,896,898,30,2,896,0,32,3,3,90,0.6666666666666666,1,14.976666666666667,2,0.6666666666666666,0.0,2,0,1,0,0,0,0,8d4f40714a57a054ae79c1c2f688435f35368666e48dcdd3aba8586c5e37a598,31,2,4,2,0,False,False,30,17,0.5666666666666667,0.018660812294182216,0.018660812294182216,17,e4f833b78a7b8ab053b683ef78f6e9ef801610fe69f7685f1e98d3aa90fb6924,,e4f833b78a7b8ab053b683ef78f6e9ef801610fe69f7685f1e98d3aa90fb6924,True,False,POST_OBSERVATION_CREATED
True,True,True,True,True,True,True,True,True,True,True,False,original,27,2014-07-01 13:30:00,time,62,27.0,scenario2,MATCHING_SEGMENT_FOUND,30,30,19,2,896,898,30,2,896,0,32,3,3,90,0.6666666666666666,1,14.246666666666668,11,3.6666666666666665,0.0,2,0,0,0,1,1,1,1d88d9ff698ffd5cd7e329fe76636ea5a98f9115df518e26d899ae245a4f3134,24,11,4,0,1,False,False,30,19,0.6333333333333333,0.020902090209020903,0.020902090209020903,24,1d88d9ff698ffd5cd7e329fe76636ea5a98f9115df518e26d899ae245a4f3134,1d88d9ff698ffd5cd7e329fe76636ea5a98f9115df518e26d899ae245a4f3134,,False,True,PREEXISTING
True,True,True,True,True,True,True,True,True,True,True,False,original,27,2014-07-01 13:30:00,time,64,27.0,scenario3,EXISTING_SEGMENTS_BELOW_L_MATCH,30,30,19,2,896,898,30,2,896,0,32,2,2,60,0.5,1,14.985,2,1.0,1.0,1,0,1,0,0,0,0,3af7453fd1bc6c5261812572cd812c2f9101f878e4a72e106c8aa8ae94f7de91,16,2,4,2,0,False,False,30,17,0.5666666666666667,0.018660812294182216,0.018660812294182216,15,cc3e1595ba66b5a4a544c703ddc9c33bb697bf75b6b3eeb26bc619247ab8a702,,cc3e1595ba66b5a4a544c703ddc9c33bb697bf75b6b3eeb26bc619247ab8a702,True,False,POST_OBSERVATION_CREATED
True,True,True,True,True,True,True,True,True,True,True,False,original,27,2014-07-01 13:30:00,time,61,27.0,scenario3,EXISTING_SEGMENTS_BELOW_L_MATCH,30,30,19,2,896,898,30,2,896,0,32,4,4,140,0.75,2,18.04,0,0.0,0.0,4,0,0,0,0,0,0,4381990091c53b87c9b07c31c67d9c863a2320f2852a4adaed168c6c71345bbc,16,0,4,4,0,False,False,30,17,0.5666666666666667,0.018660812294182216,0.018660812294182216,27,d6c9fda03d7e18851326054c0347480549d0d5d08f90244c541da9546fbd8227,,d6c9fda03d7e18851326054c0347480549d0d5d08f90244c541da9546fbd8227,True,False,POST_OBSERVATION_CREATED
True,True,True,True,True,True,True,True,True,True,True,False,original,27,2014-07-01 13:30:00,time,65,27.0,scenario3,EXISTING_SEGMENTS_BELOW_L_MATCH,30,30,19,2,896,898,30,2,896,0,32,2,2,60,0.5,1,14.985,2,1.0,1.0,1,0,1,0,0,0,0,d747791ea9802ff1905e6c6325f5829d4e57b11cd75c67122654c4d841be0d62,20,2,4,2,0,False,False,30,17,0.5666666666666667,0.018660812294182216,0.018660812294182216,8,9547b0c5dcf59a18ec2aa9e4cca2678db74c30bf35f7faf056651267825798e4,,9547b0c5dcf59a18ec2aa9e4cca2678db74c30bf35f7faf056651267825798e4,True,False,POST_OBSERVATION_CREATED
True,True,True,True,True,True,True,True,True,True,True,False,original,27,2014-07-01 13:30:00,time,60,27.0,scenario3,EXISTING_SEGMENTS_BELOW_L_MATCH,30,30,19,2,896,898,30,2,896,0,32,4,4,140,0.75,2,17.1575,0,0.0,0.0,4,0,0,0,0,0,0,ff0ab7317b012a266b069eed9881aac3530f8759a1938dbef203c2fcb415cb4b,22,0,4,4,0,False,False,30,17,0.5666666666666667,0.018660812294182216,0.018660812294182216,29,b1b79215da6f8f38c74936e69eb9163f7cd67a980a452c10ae85ed18d6402198,,b1b79215da6f8f38c74936e69eb9163f7cd67a980a452c10ae85ed18d6402198,True,False,POST_OBSERVATION_CREATED
True,True,True,True,True,True,True,True,True,True,True,False,original,27,2014-07-01 13:30:00,time,66,27.0,scenario3,MATCHING_SEGMENT_NOT_ELIGIBLE,30,30,19,2,896,898,30,2,896,0,32,1,1,30,0.0,0,15.0,0,0.0,0.0,1,0,0,0,0,0,0,799e2ff33f3b28532235a62575e156670ee4e7689f48fae11f0ad74b5fccc121,22,0,4,4,0,False,False,30,19,0.6333333333333333,0.020902090209020903,0.020902090209020903,28,3fd74b567865431afa1721aff47aeae325a88ad2d5f5a4f4bf354e4313dd9575,,3fd74b567865431afa1721aff47aeae325a88ad2d5f5a4f4bf354e4313dd9575,True,False,POST_OBSERVATION_CREATED
True,True,True,True,True,True,True,True,True,True,True,False,original,27,2014-07-01 13:30:00,time,59,27.0,scenario3,EXISTING_SEGMENTS_BELOW_L_MATCH,30,30,19,2,896,898,30,2,896,0,32,3,3,123,2.0,4,20.816666666666666,3,1.0,0.0,2,0,0,1,0,0,0,7043dbdb890c786b6ac087e7f3238652b5201618478018a3392c9c4d509dd27e,14,3,4,1,0,False,False,63,29,0.4603174603174603,0.01642935377875137,0.03111587982832618,9,423070bf6c4e90f5ed4af9dffe8a49b46d67d051180c65ddcbd7b8385e5166bf,,423070bf6c4e90f5ed4af9dffe8a49b46d67d051180c65ddcbd7b8385e5166bf,True,False,POST_OBSERVATION_CREATED
True,True,True,True,True,True,True,True,True,True,True,False,original,27,2014-07-01 13:30:00,time,67,27.0,scenario3,NO_EXISTING_SEGMENT_IN_COLUMN,30,30,19,2,896,898,30,2,896,0,32,0,0,0,0.0,0,0.0,0,0.0,0.0,0,0,0,0,0,0,0,,,0,4,4,0,False,False,0,0,0.0,0.0,0.0,16,877e75b5225a7634bd0a7345aef92096dd677b84977bebe5b11a685c4ebfc6a1,,877e75b5225a7634bd0a7345aef92096dd677b84977bebe5b11a685c4ebfc6a1,True,False,POST_OBSERVATION_CREATED
True,True,True,True,True,True,True,True,True,True,True,False,original,27,2014-07-01 13:30:00,time,58,27.0,scenario3,EXISTING_SEGMENTS_BELOW_L_MATCH,30,30,19,2,896,898,30,2,896,0,32,6,6,180,1.0,5,14.448333333333332,2,0.3333333333333333,0.0,5,0,1,0,0,0,0,508334c8f078e1175acbbbc2bb3cb0c0cdd0e968f225ae3025f290ea098734fc,18,2,4,2,0,False,False,30,17,0.5666666666666667,0.018660812294182216,0.018660812294182216,11,33a4f741563ce8008b63b20502b1a51ef56e65feb031e5f9b77d2b7294298682,,33a4f741563ce8008b63b20502b1a51ef56e65feb031e5f9b77d2b7294298682,True,False,POST_OBSERVATION_CREATED
True,True,True,True,True,True,True,True,True,True,True,False,original,27,2014-07-01 13:30:00,passenger,322,19459.0,scenario3,PREDICTED_TIME_INVALID,30,30,19,2,896,898,30,2,896,0,32,1,1,30,6.0,6,14.389999999999999,0,0.0,0.0,1,0,0,0,0,0,0,cd2f6291543f1a899a3808782effefe35434cecaa061c72d0279aff8db6eed1a,22,0,4,4,0,False,False,30,10,0.3333333333333333,0.010893246187363835,0.010893246187363835,5,929909f89217275520c4b9d9a72e0f93e225348dfc30c5058d5abfd0c22d2344,,929909f89217275520c4b9d9a72e0f93e225348dfc30c5058d5abfd0c22d2344,True,False,POST_OBSERVATION_CREATED
True,True,True,True,True,True,True,True,True,True,True,False,original,27,2014-07-01 13:30:00,passenger,321,19459.0,scenario3,PREDICTED_TIME_INVALID,30,30,19,2,896,898,30,2,896,0,32,2,2,60,3.0,6,14.68,0,0.0,0.0,2,0,0,0,0,0,0,b677bae242b2b5dcd91758ff4d56851c9a4c574340f7e6f67248e9940a8efc7d,14,0,4,4,0,False,False,30,11,0.36666666666666664,0.011995637949836423,0.011995637949836423,26,f11189e1327abc3c8b555d42b5f6c47f86acc1b910abe273e039792b4d154811,,f11189e1327abc3c8b555d42b5f6c47f86acc1b910abe273e039792b4d154811,True,False,POST_OBSERVATION_CREATED
True,True,True,True,True,True,True,True,True,True,True,False,original,27,2014-07-01 13:30:00,passenger,323,19459.0,scenario3,EXISTING_SEGMENTS_BELOW_L_MATCH,30,30,19,2,896,898,30,2,896,0,32,1,1,30,6.0,6,14.389999999999999,0,0.0,0.0,1,0,0,0,0,0,0,6598574e6375a472a37562d941a428f99d6c0610a763ae326613a551a4e802f0,3,0,4,4,0,False,False,30,10,0.3333333333333333,0.010893246187363835,0.010893246187363835,10,e32ffd3290ee5c5786126b2c93455045e3a106bd3fb2886ef2066a0f9a71fc5e,,e32ffd3290ee5c5786126b2c93455045e3a106bd3fb2886ef2066a0f9a71fc5e,True,False,POST_OBSERVATION_CREATED
True,True,True,True,True,True,True,True,True,True,True,False,original,27,2014-07-01 13:30:00,passenger,320,19459.0,scenario1,CORRECTLY_PREDICTED_CELL_AVAILABLE,30,30,19,2,896,898,30,2,896,0,32,3,3,103,2.0,4,17.773333333333333,2,0.6666666666666666,0.0,2,0,1,0,0,0,0,80badce83274d0e2f23c294e132c56cf0460a9f915f17b2215b980dc4585c391,7,2,4,2,0,False,False,43,24,0.5581395348837209,0.023153252480705624,0.026172300981461286,7,80badce83274d0e2f23c294e132c56cf0460a9f915f17b2215b980dc4585c391,80badce83274d0e2f23c294e132c56cf0460a9f915f17b2215b980dc4585c391,,False,True,PREEXISTING
True,True,True,True,True,True,True,True,True,True,True,False,original,27,2014-07-01 13:30:00,passenger,324,19459.0,scenario3,EXISTING_SEGMENTS_BELOW_L_MATCH,30,30,19,2,896,898,30,2,896,0,32,1,1,30,6.0,6,14.36,0,0.0,0.0,1,0,0,0,0,0,0,13b85e291d19ec1b87f0d6bc3951760e81f035913d5ccd5b3d8a6a026f243c20,11,0,4,4,0,False,False,30,10,0.3333333333333333,0.010893246187363835,0.010893246187363835,10,c9f78416d60ea8a3fe836c1f096dfad0c57c3bfd98e35897290ad42df38c267b,,c9f78416d60ea8a3fe836c1f096dfad0c57c3bfd98e35897290ad42df38c267b,True,False,POST_OBSERVATION_CREATED
True,True,True,True,True,True,True,True,True,True,True,False,original,27,2014-07-01 13:30:00,passenger,319,19459.0,scenario2,MATCHING_SEGMENT_FOUND,30,30,19,2,896,898,30,2,896,0,32,2,2,93,2.5,4,25.654999999999998,11,6.5,6.5,0,0,1,0,1,1,1,5c53d30586e78d19cbbb3c9168712f9bffdf5b5b63921a419f54c59c449da698,10,11,4,0,1,False,False,30,11,0.36666666666666664,0.011995637949836423,0.011995637949836423,10,5c53d30586e78d19cbbb3c9168712f9bffdf5b5b63921a419f54c59c449da698,5c53d30586e78d19cbbb3c9168712f9bffdf5b5b63921a419f54c59c449da698,,False,True,PREEXISTING
True,True,True,True,True,True,True,True,True,True,True,False,original,27,2014-07-01 13:30:00,passenger,325,19459.0,scenario3,EXISTING_SEGMENTS_BELOW_L_MATCH,30,30,19,2,896,898,30,2,896,0,32,2,2,60,3.5,6,14.66,0,0.0,0.0,2,0,0,0,0,0,0,37c7e8306b5dbb41ea12d8f316d1dced8722c918a16a83eaa3192523f4349c20,20,0,4,4,0,False,False,30,10,0.3333333333333333,0.010893246187363835,0.010893246187363835,5,a9b3659edfd2539f1e41839bcd90d46bd9b466f3e3abf3b40adecac188c5bf91,,a9b3659edfd2539f1e41839bcd90d46bd9b466f3e3abf3b40adecac188c5bf91,True,False,POST_OBSERVATION_CREATED
True,True,True,True,True,True,True,True,True,True,True,False,original,27,2014-07-01 13:30:00,passenger,318,19459.0,scenario3,EXISTING_SEGMENTS_BELOW_L_MATCH,30,30,19,2,896,898,30,2,896,0,32,3,3,103,2.0,4,17.77,1,0.3333333333333333,0.0,2,1,0,0,0,0,0,880c0f61514a1e35dcaaf42b9db092c644939a4472676c28e261d317841f16a7,22,1,4,3,0,False,False,43,24,0.5581395348837209,0.023153252480705624,0.026172300981461286,0,71b68f7f961ca005e8604835ba5c4fba4fd3d0095d237b7dde92270769d1fc1f,,71b68f7f961ca005e8604835ba5c4fba4fd3d0095d237b7dde92270769d1fc1f,True,False,POST_OBSERVATION_CREATED
True,True,True,True,True,True,True,True,True,True,True,False,original,27,2014-07-01 13:30:00,passenger,326,19459.0,scenario3,EXISTING_SEGMENTS_BELOW_L_MATCH,30,30,19,2,896,898,30,2,896,0,32,2,2,60,3.0,5,14.715,0,0.0,0.0,2,0,0,0,0,0,0,c4675533cd074716a359f8497e345b2c1ecd5daee9559183a840941afd8cc2bb,4,0,4,4,0,False,False,30,10,0.3333333333333333,0.010893246187363835,0.010893246187363835,20,fdee41935b3ffde6124f3fb9b77c638d87ced43b11650570185cef5bc06b88c7,,fdee41935b3ffde6124f3fb9b77c638d87ced43b11650570185cef5bc06b88c7,True,False,POST_OBSERVATION_CREATED
True,True,True,True,True,True,True,True,True,True,True,False,original,27,2014-07-01 13:30:00,passenger,317,19459.0,scenario3,EXISTING_SEGMENTS_BELOW_L_MATCH,30,30,19,2,896,898,30,2,896,0,32,2,2,73,2.5,5,19.145,2,1.0,1.0,1,0,1,0,0,0,0,2a5d5ce08b95f6b85935ce8823d00c813829e250a224bcfb98ab750f04c13dbc,28,2,4,2,0,False,False,43,24,0.5581395348837209,0.023153252480705624,0.026172300981461286,22,cb250be66878d6b447396fa6aeb411b55ca34760a8f891decc62a612ed7faeab,,cb250be66878d6b447396fa6aeb411b55ca34760a8f891decc62a612ed7faeab,True,False,POST_OBSERVATION_CREATED
True,True,True,True,True,True,True,True,True,True,True,False,original,28,2014-07-01 14:00:00,weekday,4,1.0,scenario2,MATCHING_SEGMENT_FOUND,30,30,21,1,928,929,30,1,928,0,32,1,1,453,0.0,0,282.9,21,21.0,21.0,0,0,0,0,1,1,1,8aeed2abd0f847e0b8500715486ecfcc55670f2b3385c6aeb419a3a0678f1913,30,21,4,0,1,False,False,453,64,0.141280353200883,0.01053740779768177,0.048558421851289835,30,8aeed2abd0f847e0b8500715486ecfcc55670f2b3385c6aeb419a3a0678f1913,8aeed2abd0f847e0b8500715486ecfcc55670f2b3385c6aeb419a3a0678f1913,,False,True,PREEXISTING
True,True,True,True,True,True,True,True,True,True,True,False,original,28,2014-07-01 14:00:00,weekday,5,1.0,scenario2,MATCHING_SEGMENT_FOUND,30,30,21,1,928,929,30,1,928,0,32,1,1,453,0.0,0,282.9,21,21.0,21.0,0,0,0,0,1,1,1,64080601c3be5fe7030e7eb69924a6cafe76e2b467b4a5630a9f7de522aa39db,10,21,4,0,1,False,False,453,64,0.141280353200883,0.01053740779768177,0.048558421851289835,10,64080601c3be5fe7030e7eb69924a6cafe76e2b467b4a5630a9f7de522aa39db,64080601c3be5fe7030e7eb69924a6cafe76e2b467b4a5630a9f7de522aa39db,,False,True,PREEXISTING
True,True,True,True,True,True,True,True,True,True,True,False,original,28,2014-07-01 14:00:00,weekday,3,1.0,scenario2,MATCHING_SEGMENT_FOUND,30,30,21,1,928,929,30,1,928,0,32,1,1,453,1.0,1,282.86,21,21.0,21.0,0,0,0,0,1,1,1,69f0cb4491a1fd577b6c1af78119fa843dac41862a4e9483fd3c8e414791a45f,4,21,4,0,1,False,False,453,64,0.141280353200883,0.01053740779768177,0.048558421851289835,4,69f0cb4491a1fd577b6c1af78119fa843dac41862a4e9483fd3c8e414791a45f,69f0cb4491a1fd577b6c1af78119fa843dac41862a4e9483fd3c8e414791a45f,,False,True,PREEXISTING
True,True,True,True,True,True,True,True,True,True,True,False,original,28,2014-07-01 14:00:00,weekday,6,1.0,scenario2,MATCHING_SEGMENT_FOUND,30,30,21,1,928,929,30,1,928,0,32,1,1,453,1.0,1,282.84,21,21.0,21.0,0,0,0,0,1,1,1,d0ca4df7b4ef8ef8330fc3c3fb6df6da237f2c8759fa1a08b551c3b0267a5cc1,29,21,4,0,1,False,False,453,64,0.141280353200883,0.01053740779768177,0.048558421851289835,29,d0ca4df7b4ef8ef8330fc3c3fb6df6da237f2c8759fa1a08b551c3b0267a5cc1,d0ca4df7b4ef8ef8330fc3c3fb6df6da237f2c8759fa1a08b551c3b0267a5cc1,,False,True,PREEXISTING
True,True,True,True,True,True,True,True,True,True,True,False,original,28,2014-07-01 14:00:00,weekday,2,1.0,scenario2,MATCHING_SEGMENT_FOUND,30,30,21,1,928,929,30,1,928,0,32,1,1,453,1.0,1,282.84,21,21.0,21.0,0,0,0,0,1,1,1,62de03d338e81fffb1fe886b83637755e48f7109d103cb5c35e3be82a6942085,15,21,4,0,1,False,False,453,64,0.141280353200883,0.01053740779768177,0.048558421851289835,15,62de03d338e81fffb1fe886b83637755e48f7109d103cb5c35e3be82a6942085,62de03d338e81fffb1fe886b83637755e48f7109d103cb5c35e3be82a6942085,,False,True,PREEXISTING
True,True,True,True,True,True,True,True,True,True,True,False,original,28,2014-07-01 14:00:00,weekday,7,1.0,scenario2,MATCHING_SEGMENT_FOUND,30,30,21,1,928,929,30,1,928,0,32,1,1,453,3.0,3,282.78,21,21.0,21.0,0,0,0,0,1,1,1,82cd778248b58abce2dd437ff3430d422a5f31f0857456cb0806c4bbf75c2f84,1,21,4,0,1,False,False,453,64,0.141280353200883,0.01053740779768177,0.048558421851289835,1,82cd778248b58abce2dd437ff3430d422a5f31f0857456cb0806c4bbf75c2f84,82cd778248b58abce2dd437ff3430d422a5f31f0857456cb0806c4bbf75c2f84,,False,True,PREEXISTING
True,True,True,True,True,True,True,True,True,True,True,False,original,28,2014-07-01 14:00:00,weekday,1,1.0,scenario2,MATCHING_SEGMENT_FOUND,30,30,21,1,928,929,30,1,928,0,32,1,1,453,3.0,3,282.72999999999996,21,21.0,21.0,0,0,0,0,1,1,1,096eb71f46b469fc4f1cc7d4ed984088c225a66b3cfbaad900f9fc8fd6e6985c,15,21,4,0,1,False,False,453,64,0.141280353200883,0.01053740779768177,0.048558421851289835,15,096eb71f46b469fc4f1cc7d4ed984088c225a66b3cfbaad900f9fc8fd6e6985c,096eb71f46b469fc4f1cc7d4ed984088c225a66b3cfbaad900f9fc8fd6e6985c,,False,True,PREEXISTING
True,True,True,True,True,True,True,True,True,True,True,False,original,28,2014-07-01 14:00:00,weekday,8,1.0,scenario2,MATCHING_SEGMENT_FOUND,30,30,21,1,928,929,30,1,928,0,32,1,1,453,4.0,4,282.38,21,21.0,21.0,0,0,0,0,1,1,1,8707a46b07890e9f3d4b42af5e0aab7361dc144e7986f25d90e421a33089bd83,29,21,4,0,1,False,False,453,64,0.141280353200883,0.01053740779768177,0.048558421851289835,29,8707a46b07890e9f3d4b42af5e0aab7361dc144e7986f25d90e421a33089bd83,8707a46b07890e9f3d4b42af5e0aab7361dc144e7986f25d90e421a33089bd83,,False,True,PREEXISTING
True,True,True,True,True,True,True,True,True,True,True,False,original,28,2014-07-01 14:00:00,weekday,0,1.0,scenario2,MATCHING_SEGMENT_FOUND,30,30,21,1,928,929,30,1,928,0,32,1,1,453,4.0,4,282.39,21,21.0,21.0,0,0,0,0,1,1,1,b8ff4e0cd1bf15ed47968cde6ad2530bfe3d56b991c289d66df5ed3a4ea01ca1,4,21,4,0,1,False,False,453,64,0.141280353200883,0.01053740779768177,0.048558421851289835,4,b8ff4e0cd1bf15ed47968cde6ad2530bfe3d56b991c289d66df5ed3a4ea01ca1,b8ff4e0cd1bf15ed47968cde6ad2530bfe3d56b991c289d66df5ed3a4ea01ca1,,False,True,PREEXISTING
True,True,True,True,True,True,True,True,True,True,True,False,original,28,2014-07-01 14:00:00,weekday,9,1.0,scenario2,MATCHING_SEGMENT_FOUND,30,30,21,1,928,929,30,1,928,0,32,1,1,453,4.0,4,282.33,21,21.0,21.0,0,0,0,0,1,1,1,1928f40ce31bf6bd47fb15c046e5d7db5c6f2744acdbf86090d49adc6860aaca,19,21,4,0,1,False,False,453,64,0.141280353200883,0.01053740779768177,0.048558421851289835,19,1928f40ce31bf6bd47fb15c046e5d7db5c6f2744acdbf86090d49adc6860aaca,1928f40ce31bf6bd47fb15c046e5d7db5c6f2744acdbf86090d49adc6860aaca,,False,True,PREEXISTING
True,True,True,True,True,True,True,True,True,True,True,False,original,28,2014-07-01 14:00:00,time,64,28.0,scenario1,CORRECTLY_PREDICTED_CELL_AVAILABLE,30,30,21,1,928,929,30,1,928,0,32,3,3,90,0.6666666666666666,2,14.986666666666666,3,1.0,0.0,2,0,0,1,0,0,0,46d7d3f800efbca3aa17df89c244c2d8542032c1646cd463efda0930176d764b,23,3,4,1,0,False,False,30,22,0.7333333333333333,0.023479188900747065,0.023479188900747065,23,46d7d3f800efbca3aa17df89c244c2d8542032c1646cd463efda0930176d764b,46d7d3f800efbca3aa17df89c244c2d8542032c1646cd463efda0930176d764b,,False,True,PREEXISTING
True,True,True,True,True,True,True,True,True,True,True,False,original,28,2014-07-01 14:00:00,time,63,28.0,scenario3,EXISTING_SEGMENTS_BELOW_L_MATCH,30,30,21,1,928,929,30,1,928,0,32,4,4,120,0.75,2,14.98,2,0.75,0.5,2,1,1,0,0,0,0,6e50b30356847b91afb74270997a4b3f9c9a0bbf5436b077f546ed49c83f851e,9,2,4,2,0,False,False,30,22,0.7333333333333333,0.023479188900747065,0.023479188900747065,0,1868b37c5a7390e7cba208bb1217ef5fff1e2a6ff7e82b36e52b85cc5335e7ef,,1868b37c5a7390e7cba208bb1217ef5fff1e2a6ff7e82b36e52b85cc5335e7ef,True,False,POST_OBSERVATION_CREATED
True,True,True,True,True,True,True,True,True,True,True,False,original,28,2014-07-01 14:00:00,time,65,28.0,scenario3,EXISTING_SEGMENTS_BELOW_L_MATCH,30,30,21,1,928,929,30,1,928,0,32,3,3,90,0.6666666666666666,2,14.986666666666666,3,1.0,0.0,2,0,0,1,0,0,0,b42927aa8333bb0dc84659820336bb6a42cc9c527edf74a5e2809ec04659eba1,31,3,4,1,0,False,False,30,22,0.7333333333333333,0.023479188900747065,0.023479188900747065,6,8fca67fa9e6dd8bf49b490977511c9d491a8e7da104610d5a5d690ed472c3cdd,,8fca67fa9e6dd8bf49b490977511c9d491a8e7da104610d5a5d690ed472c3cdd,True,False,POST_OBSERVATION_CREATED
True,True,True,True,True,True,True,True,True,True,True,False,original,28,2014-07-01 14:00:00,time,62,28.0,scenario1,CORRECTLY_PREDICTED_CELL_AVAILABLE,30,30,21,1,928,929,30,1,928,0,32,3,3,109,1.0,2,18.37666666666667,10,4.333333333333333,2.0,0,1,1,0,1,1,1,3c5b096ee4b3d2f07c4821f25ed874d89b9b1977acbd508239f8362de785419c,19,10,4,0,1,False,False,30,20,0.6666666666666666,0.021299254526091587,0.021299254526091587,19,3c5b096ee4b3d2f07c4821f25ed874d89b9b1977acbd508239f8362de785419c,3c5b096ee4b3d2f07c4821f25ed874d89b9b1977acbd508239f8362de785419c,,False,True,PREEXISTING
True,True,True,True,True,True,True,True,True,True,True,False,original,28,2014-07-01 14:00:00,time,66,28.0,scenario3,EXISTING_SEGMENTS_BELOW_L_MATCH,30,30,21,1,928,929,30,1,928,0,32,2,2,60,0.0,0,15.0,3,1.5,1.5,1,0,0,1,0,0,0,799e2ff33f3b28532235a62575e156670ee4e7689f48fae11f0ad74b5fccc121,22,3,4,1,0,False,False,30,22,0.7333333333333333,0.023479188900747065,0.023479188900747065,20,e19bc0281052077cc28c949bfce8534c7b18cc1090b5c59a9e5c6bead2068acb,,e19bc0281052077cc28c949bfce8534c7b18cc1090b5c59a9e5c6bead2068acb,True,False,POST_OBSERVATION_CREATED
True,True,True,True,True,True,True,True,True,True,True,False,original,28,2014-07-01 14:00:00,time,61,28.0,scenario3,EXISTING_SEGMENTS_BELOW_L_MATCH,30,30,21,1,928,929,30,1,928,0,32,5,5,170,0.6,2,17.41,3,1.0,0.0,3,0,1,1,0,0,0,4381990091c53b87c9b07c31c67d9c863a2320f2852a4adaed168c6c71345bbc,16,3,4,1,0,False,False,30,22,0.7333333333333333,0.023479188900747065,0.023479188900747065,10,483954800b2b9d439668aa17e8a72502f85ae537e35e23cf191784bbea79a587,,483954800b2b9d439668aa17e8a72502f85ae537e35e23cf191784bbea79a587,True,False,POST_OBSERVATION_CREATED
True,True,True,True,True,True,True,True,True,True,True,False,original,28,2014-07-01 14:00:00,time,67,28.0,scenario3,EXISTING_SEGMENTS_BELOW_L_MATCH,30,30,21,1,928,929,30,1,928,0,32,1,1,30,0.0,0,15.0,0,0.0,0.0,1,0,0,0,0,0,0,877e75b5225a7634bd0a7345aef92096dd677b84977bebe5b11a685c4ebfc6a1,16,0,4,4,0,False,False,30,19,0.6333333333333333,0.02021276595744681,0.02021276595744681,21,d58070f81ec5cc46efb681f35b3cc5fbc0addca08d26468d7dafa00481c90df6,,d58070f81ec5cc46efb681f35b3cc5fbc0addca08d26468d7dafa00481c90df6,True,False,POST_OBSERVATION_CREATED
True,True,True,True,True,True,True,True,True,True,True,False,original,28,2014-07-01 14:00:00,time,60,28.0,scenario3,EXISTING_SEGMENTS_BELOW_L_MATCH,30,30,21,1,928,929,30,1,928,0,32,5,5,170,0.6,2,16.704,3,1.2,1.0,2,1,1,1,0,0,0,f312ea63c6bb99dea9f9c42f25681a5aebe8228778c15a123390b54679617087,26,3,4,1,0,False,False,30,22,0.7333333333333333,0.023479188900747065,0.023479188900747065,11,714df9aac7589b0e6b250fa45dacc8e9220dc5cb5da12d62370faa6cc0054bd4,,714df9aac7589b0e6b250fa45dacc8e9220dc5cb5da12d62370faa6cc0054bd4,True,False,POST_OBSERVATION_CREATED
True,True,True,True,True,True,True,True,True,True,True,False,original,28,2014-07-01 14:00:00,time,68,28.0,scenario3,NO_EXISTING_SEGMENT_IN_COLUMN,30,30,21,1,928,929,30,1,928,0,32,0,0,0,0.0,0,0.0,0,0.0,0.0,0,0,0,0,0,0,0,,,0,4,4,0,False,False,0,0,0.0,0.0,0.0,16,94fb79a329f157e5c90731657e305c362c578ba83912ff533430e32950c361f9,,94fb79a329f157e5c90731657e305c362c578ba83912ff533430e32950c361f9,True,False,POST_OBSERVATION_CREATED
True,True,True,True,True,True,True,True,True,True,True,False,original,28,2014-07-01 14:00:00,time,59,28.0,scenario2,MATCHING_SEGMENT_FOUND,30,30,21,1,928,929,30,1,928,0,32,4,4,153,1.5,4,19.335,10,3.0,1.0,2,0,1,0,1,1,1,b3ba61f7867c599b392ce80c4e6293e3a1a682da3055aae4783d594a9e0a5d91,19,10,4,0,1,False,False,30,12,0.4,0.012671594508975714,0.012671594508975714,19,b3ba61f7867c599b392ce80c4e6293e3a1a682da3055aae4783d594a9e0a5d91,b3ba61f7867c599b392ce80c4e6293e3a1a682da3055aae4783d594a9e0a5d91,,False,True,PREEXISTING
True,True,True,True,True,True,True,True,True,True,True,False,original,28,2014-07-01 14:00:00,passenger,323,19546.0,scenario1,CORRECTLY_PREDICTED_CELL_AVAILABLE,30,30,21,1,928,929,30,1,928,0,32,2,2,60,3.5,7,14.645,10,5.0,5.0,1,0,0,0,1,1,1,6598574e6375a472a37562d941a428f99d6c0610a763ae326613a551a4e802f0,3,10,4,0,1,False,False,30,10,0.3333333333333333,0.01053740779768177,0.01053740779768177,3,6598574e6375a472a37562d941a428f99d6c0610a763ae326613a551a4e802f0,6598574e6375a472a37562d941a428f99d6c0610a763ae326613a551a4e802f0,,False,True,PREEXISTING
True,True,True,True,True,True,True,True,True,True,True,False,original,28,2014-07-01 14:00:00,passenger,324,19546.0,scenario1,CORRECTLY_PREDICTED_CELL_AVAILABLE,30,30,21,1,928,929,30,1,928,0,32,2,2,60,3.5,7,14.629999999999999,4,2.0,2.0,1,0,0,0,1,1,1,c9f78416d60ea8a3fe836c1f096dfad0c57c3bfd98e35897290ad42df38c267b,10,4,4,0,1,False,False,30,19,0.6333333333333333,0.02021276595744681,0.02021276595744681,10,c9f78416d60ea8a3fe836c1f096dfad0c57c3bfd98e35897290ad42df38c267b,c9f78416d60ea8a3fe836c1f096dfad0c57c3bfd98e35897290ad42df38c267b,,False,True,PREEXISTING
True,True,True,True,True,True,True,True,True,True,True,False,original,28,2014-07-01 14:00:00,passenger,322,19546.0,scenario3,EXISTING_SEGMENTS_BELOW_L_MATCH,30,30,21,1,928,929,30,1,928,0,32,2,2,60,3.5,7,14.645,0,0.0,0.0,2,0,0,0,0,0,0,cd2f6291543f1a899a3808782effefe35434cecaa061c72d0279aff8db6eed1a,22,0,4,4,0,False,False,30,19,0.6333333333333333,0.02021276595744681,0.02021276595744681,8,8977964744c3d701f081755192f036638559ad4cc9650dad1dcb470cd3a3c613,,8977964744c3d701f081755192f036638559ad4cc9650dad1dcb470cd3a3c613,True,False,POST_OBSERVATION_CREATED
True,True,True,True,True,True,True,True,True,True,True,False,original,28,2014-07-01 14:00:00,passenger,325,19546.0,scenario1,CORRECTLY_PREDICTED_CELL_AVAILABLE,30,30,21,1,928,929,30,1,928,0,32,3,3,90,2.6666666666666665,7,14.74,4,1.3333333333333333,0.0,2,0,0,0,1,1,1,a9b3659edfd2539f1e41839bcd90d46bd9b466f3e3abf3b40adecac188c5bf91,5,4,4,0,1,False,False,30,19,0.6333333333333333,0.02021276595744681,0.02021276595744681,5,a9b3659edfd2539f1e41839bcd90d46bd9b466f3e3abf3b40adecac188c5bf91,a9b3659edfd2539f1e41839bcd90d46bd9b466f3e3abf3b40adecac188c5bf91,,False,True,PREEXISTING
True,True,True,True,True,True,True,True,True,True,True,False,original,28,2014-07-01 14:00:00,passenger,321,19546.0,scenario2,MATCHING_SEGMENT_FOUND,30,30,21,1,928,929,30,1,928,0,32,3,3,90,2.3333333333333335,7,14.753333333333332,4,1.3333333333333333,0.0,2,0,0,0,1,1,1,f11189e1327abc3c8b555d42b5f6c47f86acc1b910abe273e039792b4d154811,26,4,4,0,1,False,False,30,19,0.6333333333333333,0.02021276595744681,0.02021276595744681,26,f11189e1327abc3c8b555d42b5f6c47f86acc1b910abe273e039792b4d154811,f11189e1327abc3c8b555d42b5f6c47f86acc1b910abe273e039792b4d154811,,False,True,PREEXISTING
True,True,True,True,True,True,True,True,True,True,True,False,original,28,2014-07-01 14:00:00,passenger,326,19546.0,scenario1,CORRECTLY_PREDICTED_CELL_AVAILABLE,30,30,21,1,928,929,30,1,928,0,32,3,3,90,2.3333333333333335,6,14.776666666666666,4,2.3333333333333335,3.0,1,0,0,1,1,1,1,fdee41935b3ffde6124f3fb9b77c638d87ced43b11650570185cef5bc06b88c7,20,4,4,0,1,False,False,30,19,0.6333333333333333,0.02021276595744681,0.02021276595744681,20,fdee41935b3ffde6124f3fb9b77c638d87ced43b11650570185cef5bc06b88c7,fdee41935b3ffde6124f3fb9b77c638d87ced43b11650570185cef5bc06b88c7,,False,True,PREEXISTING
True,True,True,True,True,True,True,True,True,True,True,False,original,28,2014-07-01 14:00:00,passenger,320,19546.0,scenario3,EXISTING_SEGMENTS_BELOW_L_MATCH,30,30,21,1,928,929,30,1,928,0,32,3,3,103,2.3333333333333335,4,16.473333333333333,1,0.3333333333333333,0.0,2,1,0,0,0,0,0,80badce83274d0e2f23c294e132c56cf0460a9f915f17b2215b980dc4585c391,7,1,4,3,0,False,False,43,21,0.4883720930232558,0.015889830508474576,0.022082018927444796,22,f15eaee1264a53b7e19b4d09b1a5ab0757540aa06cd4177f0e2de66fa562eb79,,f15eaee1264a53b7e19b4d09b1a5ab0757540aa06cd4177f0e2de66fa562eb79,True,False,POST_OBSERVATION_CREATED
True,True,True,True,True,True,True,True,True,True,True,False,original,28,2014-07-01 14:00:00,passenger,327,19546.0,scenario2,MATCHING_SEGMENT_FOUND,30,30,21,1,928,929,30,1,928,0,32,2,2,60,3.5,6,14.655000000000001,4,2.0,2.0,1,0,0,0,1,1,1,6bccc5033e05c26c75c4e4e7f96077d3aa4a3b3d001fb79b91605a36485eff9d,5,4,4,0,1,False,False,30,18,0.6,0.019128586609989374,0.019128586609989374,5,6bccc5033e05c26c75c4e4e7f96077d3aa4a3b3d001fb79b91605a36485eff9d,6bccc5033e05c26c75c4e4e7f96077d3aa4a3b3d001fb79b91605a36485eff9d,,False,True,PREEXISTING
True,True,True,True,True,True,True,True,True,True,True,False,original,28,2014-07-01 14:00:00,passenger,319,19546.0,scenario2,MATCHING_SEGMENT_FOUND,30,30,21,1,928,929,30,1,928,0,32,2,2,112,2.0,2,31.895,4,2.5,2.5,0,1,0,0,1,1,1,5c53d30586e78d19cbbb3c9168712f9bffdf5b5b63921a419f54c59c449da698,10,4,4,0,1,False,False,49,21,0.42857142857142855,0.012671594508975714,0.0219435736677116,10,5c53d30586e78d19cbbb3c9168712f9bffdf5b5b63921a419f54c59c449da698,5c53d30586e78d19cbbb3c9168712f9bffdf5b5b63921a419f54c59c449da698,,False,True,PREEXISTING
True,True,True,True,True,True,True,True,True,True,True,False,original,28,2014-07-01 14:00:00,passenger,328,19546.0,scenario2,MATCHING_SEGMENT_FOUND,30,30,21,1,928,929,30,1,928,0,32,2,2,60,3.5,5,14.629999999999999,10,5.0,5.0,1,0,0,0,1,1,1,2dadc604eb2cf3f0a70cd01f28ce96704e63da1c81e37546c8f96f66163e46e1,30,10,4,0,1,False,False,30,10,0.3333333333333333,0.01053740779768177,0.01053740779768177,30,2dadc604eb2cf3f0a70cd01f28ce96704e63da1c81e37546c8f96f66163e46e1,2dadc604eb2cf3f0a70cd01f28ce96704e63da1c81e37546c8f96f66163e46e1,,False,True,PREEXISTING
True,True,True,True,True,True,True,True,True,True,True,False,original,29,2014-07-01 14:30:00,weekday,4,1.0,scenario2,MATCHING_SEGMENT_FOUND,30,30,19,6,768,774,30,6,768,0,32,1,1,470,0.0,0,293.3,23,23.0,23.0,0,0,0,0,1,1,1,8aeed2abd0f847e0b8500715486ecfcc55670f2b3385c6aeb419a3a0678f1913,30,23,4,0,1,False,False,470,63,0.13404255319148936,0.012594458438287154,0.05334462320067739,30,8aeed2abd0f847e0b8500715486ecfcc55670f2b3385c6aeb419a3a0678f1913,8aeed2abd0f847e0b8500715486ecfcc55670f2b3385c6aeb419a3a0678f1913,,False,True,PREEXISTING
True,True,True,True,True,True,True,True,True,True,True,False,original,29,2014-07-01 14:30:00,weekday,5,1.0,scenario2,MATCHING_SEGMENT_FOUND,30,30,19,6,768,774,30,6,768,0,32,1,1,470,0.0,0,293.3,23,23.0,23.0,0,0,0,0,1,1,1,64080601c3be5fe7030e7eb69924a6cafe76e2b467b4a5630a9f7de522aa39db,10,23,4,0,1,False,False,470,63,0.13404255319148936,0.012594458438287154,0.05334462320067739,10,64080601c3be5fe7030e7eb69924a6cafe76e2b467b4a5630a9f7de522aa39db,64080601c3be5fe7030e7eb69924a6cafe76e2b467b4a5630a9f7de522aa39db,,False,True,PREEXISTING
True,True,True,True,True,True,True,True,True,True,True,False,original,29,2014-07-01 14:30:00,weekday,3,1.0,scenario2,MATCHING_SEGMENT_FOUND,30,30,19,6,768,774,30,6,768,0,32,1,1,470,1.0,1,293.26,23,23.0,23.0,0,0,0,0,1,1,1,69f0cb4491a1fd577b6c1af78119fa843dac41862a4e9483fd3c8e414791a45f,4,23,4,0,1,False,False,470,63,0.13404255319148936,0.012594458438287154,0.05334462320067739,4,69f0cb4491a1fd577b6c1af78119fa843dac41862a4e9483fd3c8e414791a45f,69f0cb4491a1fd577b6c1af78119fa843dac41862a4e9483fd3c8e414791a45f,,False,True,PREEXISTING
True,True,True,True,True,True,True,True,True,True,True,False,original,29,2014-07-01 14:30:00,weekday,6,1.0,scenario2,MATCHING_SEGMENT_FOUND,30,30,19,6,768,774,30,6,768,0,32,1,1,470,1.0,1,293.24,23,23.0,23.0,0,0,0,0,1,1,1,d0ca4df7b4ef8ef8330fc3c3fb6df6da237f2c8759fa1a08b551c3b0267a5cc1,29,23,4,0,1,False,False,470,63,0.13404255319148936,0.012594458438287154,0.05334462320067739,29,d0ca4df7b4ef8ef8330fc3c3fb6df6da237f2c8759fa1a08b551c3b0267a5cc1,d0ca4df7b4ef8ef8330fc3c3fb6df6da237f2c8759fa1a08b551c3b0267a5cc1,,False,True,PREEXISTING
True,True,True,True,True,True,True,True,True,True,True,False,original,29,2014-07-01 14:30:00,weekday,2,1.0,scenario2,MATCHING_SEGMENT_FOUND,30,30,19,6,768,774,30,6,768,0,32,1,1,470,1.0,1,293.24,23,23.0,23.0,0,0,0,0,1,1,1,62de03d338e81fffb1fe886b83637755e48f7109d103cb5c35e3be82a6942085,15,23,4,0,1,False,False,470,63,0.13404255319148936,0.012594458438287154,0.05334462320067739,15,62de03d338e81fffb1fe886b83637755e48f7109d103cb5c35e3be82a6942085,62de03d338e81fffb1fe886b83637755e48f7109d103cb5c35e3be82a6942085,,False,True,PREEXISTING
True,True,True,True,True,True,True,True,True,True,True,False,original,29,2014-07-01 14:30:00,weekday,7,1.0,scenario2,MATCHING_SEGMENT_FOUND,30,30,19,6,768,774,30,6,768,0,32,1,1,470,3.0,3,293.18,23,23.0,23.0,0,0,0,0,1,1,1,82cd778248b58abce2dd437ff3430d422a5f31f0857456cb0806c4bbf75c2f84,1,23,4,0,1,False,False,470,63,0.13404255319148936,0.012594458438287154,0.05334462320067739,1,82cd778248b58abce2dd437ff3430d422a5f31f0857456cb0806c4bbf75c2f84,82cd778248b58abce2dd437ff3430d422a5f31f0857456cb0806c4bbf75c2f84,,False,True,PREEXISTING
True,True,True,True,True,True,True,True,True,True,True,False,original,29,2014-07-01 14:30:00,weekday,1,1.0,scenario2,MATCHING_SEGMENT_FOUND,30,30,19,6,768,774,30,6,768,0,32,1,1,470,3.0,3,293.13,23,23.0,23.0,0,0,0,0,1,1,1,096eb71f46b469fc4f1cc7d4ed984088c225a66b3cfbaad900f9fc8fd6e6985c,15,23,4,0,1,False,False,470,63,0.13404255319148936,0.012594458438287154,0.05334462320067739,15,096eb71f46b469fc4f1cc7d4ed984088c225a66b3cfbaad900f9fc8fd6e6985c,096eb71f46b469fc4f1cc7d4ed984088c225a66b3cfbaad900f9fc8fd6e6985c,,False,True,PREEXISTING
True,True,True,True,True,True,True,True,True,True,True,False,original,29,2014-07-01 14:30:00,weekday,8,1.0,scenario2,MATCHING_SEGMENT_FOUND,30,30,19,6,768,774,30,6,768,0,32,1,1,470,4.0,4,292.78,23,23.0,23.0,0,0,0,0,1,1,1,8707a46b07890e9f3d4b42af5e0aab7361dc144e7986f25d90e421a33089bd83,29,23,4,0,1,False,False,470,63,0.13404255319148936,0.012594458438287154,0.05334462320067739,29,8707a46b07890e9f3d4b42af5e0aab7361dc144e7986f25d90e421a33089bd83,8707a46b07890e9f3d4b42af5e0aab7361dc144e7986f25d90e421a33089bd83,,False,True,PREEXISTING
True,True,True,True,True,True,True,True,True,True,True,False,original,29,2014-07-01 14:30:00,weekday,0,1.0,scenario2,MATCHING_SEGMENT_FOUND,30,30,19,6,768,774,30,6,768,0,32,1,1,470,4.0,4,292.78999999999996,23,23.0,23.0,0,0,0,0,1,1,1,b8ff4e0cd1bf15ed47968cde6ad2530bfe3d56b991c289d66df5ed3a4ea01ca1,4,23,4,0,1,False,False,470,63,0.13404255319148936,0.012594458438287154,0.05334462320067739,4,b8ff4e0cd1bf15ed47968cde6ad2530bfe3d56b991c289d66df5ed3a4ea01ca1,b8ff4e0cd1bf15ed47968cde6ad2530bfe3d56b991c289d66df5ed3a4ea01ca1,,False,True,PREEXISTING
True,True,True,True,True,True,True,True,True,True,True,False,original,29,2014-07-01 14:30:00,weekday,9,1.0,scenario2,MATCHING_SEGMENT_FOUND,30,30,19,6,768,774,30,6,768,0,32,1,1,470,4.0,4,292.71,23,23.0,23.0,0,0,0,0,1,1,1,1928f40ce31bf6bd47fb15c046e5d7db5c6f2744acdbf86090d49adc6860aaca,19,23,4,0,1,False,False,470,63,0.13404255319148936,0.012594458438287154,0.05334462320067739,19,1928f40ce31bf6bd47fb15c046e5d7db5c6f2744acdbf86090d49adc6860aaca,1928f40ce31bf6bd47fb15c046e5d7db5c6f2744acdbf86090d49adc6860aaca,,False,True,PREEXISTING
True,True,True,True,True,True,True,True,True,True,True,False,original,29,2014-07-01 14:30:00,time,65,29.0,scenario3,EXISTING_SEGMENTS_BELOW_L_MATCH,30,30,19,6,768,774,30,6,768,0,32,4,4,120,0.75,2,14.98,3,1.0,0.5,2,1,0,1,0,0,0,8fca67fa9e6dd8bf49b490977511c9d491a8e7da104610d5a5d690ed472c3cdd,6,3,4,1,0,False,False,30,24,0.8,0.03076923076923077,0.03076923076923077,27,9092bb8a7ef4bc22cdca64d8f57f1655da95bac46e6cc6a360c7dc7e04043d3c,,9092bb8a7ef4bc22cdca64d8f57f1655da95bac46e6cc6a360c7dc7e04043d3c,True,False,POST_OBSERVATION_CREATED
True,True,True,True,True,True,True,True,True,True,True,False,original,29,2014-07-01 14:30:00,time,66,29.0,scenario1,CORRECTLY_PREDICTED_CELL_AVAILABLE,30,30,19,6,768,774,30,6,768,0,32,3,3,90,0.3333333333333333,1,14.986666666666666,3,2.0,3.0,1,0,0,2,0,0,0,e19bc0281052077cc28c949bfce8534c7b18cc1090b5c59a9e5c6bead2068acb,20,3,4,1,0,False,False,30,24,0.8,0.03076923076923077,0.03076923076923077,20,e19bc0281052077cc28c949bfce8534c7b18cc1090b5c59a9e5c6bead2068acb,e19bc0281052077cc28c949bfce8534c7b18cc1090b5c59a9e5c6bead2068acb,,False,True,PREEXISTING
True,True,True,True,True,True,True,True,True,True,True,False,original,29,2014-07-01 14:30:00,time,64,29.0,scenario2,MATCHING_SEGMENT_FOUND,30,30,19,6,768,774,30,6,768,0,32,3,3,90,1.0,2,14.186666666666667,10,3.6666666666666665,1.0,1,1,0,0,1,1,1,cc3e1595ba66b5a4a544c703ddc9c33bb697bf75b6b3eeb26bc619247ab8a702,15,10,4,0,1,False,False,30,17,0.5666666666666667,0.021601016518424398,0.021601016518424398,15,cc3e1595ba66b5a4a544c703ddc9c33bb697bf75b6b3eeb26bc619247ab8a702,cc3e1595ba66b5a4a544c703ddc9c33bb697bf75b6b3eeb26bc619247ab8a702,,False,True,PREEXISTING
True,True,True,True,True,True,True,True,True,True,True,False,original,29,2014-07-01 14:30:00,time,67,29.0,scenario1,CORRECTLY_PREDICTED_CELL_AVAILABLE,30,30,19,6,768,774,30,6,768,0,32,2,2,60,0.5,1,14.98,3,3.0,3.0,0,0,0,2,0,0,0,877e75b5225a7634bd0a7345aef92096dd677b84977bebe5b11a685c4ebfc6a1,16,3,4,1,0,False,False,30,17,0.5666666666666667,0.021601016518424398,0.021601016518424398,21,d58070f81ec5cc46efb681f35b3cc5fbc0addca08d26468d7dafa00481c90df6,d58070f81ec5cc46efb681f35b3cc5fbc0addca08d26468d7dafa00481c90df6,,False,True,PREEXISTING
True,True,True,True,True,True,True,True,True,True,True,False,original,29,2014-07-01 14:30:00,time,63,29.0,scenario3,EXISTING_SEGMENTS_BELOW_L_MATCH,30,30,19,6,768,774,30,6,768,0,32,5,5,150,0.6,2,14.963999999999999,3,0.8,0.0,3,1,0,1,0,0,0,1868b37c5a7390e7cba208bb1217ef5fff1e2a6ff7e82b36e52b85cc5335e7ef,0,3,4,1,0,False,False,30,24,0.8,0.03076923076923077,0.03076923076923077,6,a45a11c2968ececd91b32f441171911bc3f93223d0ca122ef3b5dda0e0d65155,,a45a11c2968ececd91b32f441171911bc3f93223d0ca122ef3b5dda0e0d65155,True,False,POST_OBSERVATION_CREATED
True,True,True,True,True,True,True,True,True,True,True,False,original,29,2014-07-01 14:30:00,time,68,29.0,scenario1,CORRECTLY_PREDICTED_CELL_AVAILABLE,30,30,19,6,768,774,30,6,768,0,32,1,1,30,0.0,0,15.0,3,3.0,3.0,0,0,0,1,0,0,0,94fb79a329f157e5c90731657e305c362c578ba83912ff533430e32950c361f9,16,3,4,1,0,False,False,30,24,0.8,0.03076923076923077,0.03076923076923077,16,94fb79a329f157e5c90731657e305c362c578ba83912ff533430e32950c361f9,94fb79a329f157e5c90731657e305c362c578ba83912ff533430e32950c361f9,,False,True,PREEXISTING
True,True,True,True,True,True,True,True,True,True,True,False,original,29,2014-07-01 14:30:00,time,62,29.0,scenario3,EXISTING_SEGMENTS_BELOW_L_MATCH,30,30,19,6,768,774,30,6,768,0,32,3,3,109,1.3333333333333333,2,18.043333333333333,3,1.0,0.0,2,0,0,1,0,0,0,1d88d9ff698ffd5cd7e329fe76636ea5a98f9115df518e26d899ae245a4f3134,24,3,4,1,0,False,False,49,25,0.5102040816326531,0.022900763358778626,0.03132832080200501,7,530f3aff2fab2670396032f193f4eab4c343c5fe9ef82de24a43a3ac24ed3f38,,530f3aff2fab2670396032f193f4eab4c343c5fe9ef82de24a43a3ac24ed3f38,True,False,POST_OBSERVATION_CREATED
True,True,True,True,True,True,True,True,True,True,True,False,original,29,2014-07-01 14:30:00,time,69,29.0,scenario3,NO_EXISTING_SEGMENT_IN_COLUMN,30,30,19,6,768,774,30,6,768,0,32,0,0,0,0.0,0,0.0,0,0.0,0.0,0,0,0,0,0,0,0,,,0,4,4,0,False,False,0,0,0.0,0.0,0.0,5,27c8864f1513c3356ef389c0156c76a0ae563b4c2e1535c019b84e399b220c38,,27c8864f1513c3356ef389c0156c76a0ae563b4c2e1535c019b84e399b220c38,True,False,POST_OBSERVATION_CREATED
True,True,True,True,True,True,True,True,True,True,True,False,original,29,2014-07-01 14:30:00,time,61,29.0,scenario2,MATCHING_SEGMENT_FOUND,30,30,19,6,768,774,30,6,768,0,32,6,6,200,0.6666666666666666,2,17.001666666666665,10,2.6666666666666665,1.5,3,0,0,2,1,1,1,632a198fc4d7d8720d9298d9fb8413266569b810a4ecc253a5a64d9f0b8dd803,29,10,4,0,1,False,False,30,12,0.4,0.015151515151515152,0.015151515151515152,29,632a198fc4d7d8720d9298d9fb8413266569b810a4ecc253a5a64d9f0b8dd803,632a198fc4d7d8720d9298d9fb8413266569b810a4ecc253a5a64d9f0b8dd803,,False,True,PREEXISTING
True,True,True,True,True,True,True,True,True,True,True,False,original,29,2014-07-01 14:30:00,time,70,29.0,scenario3,NO_EXISTING_SEGMENT_IN_COLUMN,30,30,19,6,768,774,30,6,768,0,32,0,0,0,0.0,0,0.0,0,0.0,0.0,0,0,0,0,0,0,0,,,0,4,4,0,False,False,0,0,0.0,0.0,0.0,24,e4c414efa11552a74c414f8d5310b0038cc786124ca1b16cc1d6a088dc9eaeb5,,e4c414efa11552a74c414f8d5310b0038cc786124ca1b16cc1d6a088dc9eaeb5,True,False,POST_OBSERVATION_CREATED
True,True,True,True,True,True,True,True,True,True,True,False,original,29,2014-07-01 14:30:00,passenger,336,20591.0,scenario3,PREDICTED_TIME_INVALID,30,30,19,6,768,774,30,6,768,0,32,1,1,30,7.0,7,14.17,0,0.0,0.0,1,0,0,0,0,0,0,9b2c509f67b8b23695ec9426f57224b081bd9430d40d6bd78dc8a486a7df9eea,16,0,4,4,0,False,False,30,10,0.3333333333333333,0.012594458438287154,0.012594458438287154,4,0f30037407920fddd77782a15ab2a28de671ecbf908b0c5cc7408970933512e1,,0f30037407920fddd77782a15ab2a28de671ecbf908b0c5cc7408970933512e1,True,False,POST_OBSERVATION_CREATED
True,True,True,True,True,True,True,True,True,True,True,False,original,29,2014-07-01 14:30:00,passenger,335,20591.0,scenario3,PREDICTED_TIME_INVALID,30,30,19,6,768,774,30,6,768,0,32,1,1,30,7.0,7,14.2,0,0.0,0.0,1,0,0,0,0,0,0,8f9a840b1b4553d5f36bf9ff18956fa277e66b8d0bdaf2d2ecd9f0f13523a7e8,6,0,4,4,0,False,False,30,10,0.3333333333333333,0.012594458438287154,0.012594458438287154,22,a09ff72628d11f4f1b63c878221152ef8a1a08a0b61b7d3f2a286dd12589ec06,,a09ff72628d11f4f1b63c878221152ef8a1a08a0b61b7d3f2a286dd12589ec06,True,False,POST_OBSERVATION_CREATED
True,True,True,True,True,True,True,True,True,True,True,False,original,29,2014-07-01 14:30:00,passenger,337,20591.0,scenario3,PREDICTED_TIME_INVALID,30,30,19,6,768,774,30,6,768,0,32,1,1,30,7.0,7,14.17,0,0.0,0.0,1,0,0,0,0,0,0,d7ddc7d6b760902b1b200f61c76e61fac34d45c8d14fb3d959d8d77333c92302,18,0,4,4,0,False,False,30,10,0.3333333333333333,0.012594458438287154,0.012594458438287154,9,b2fff7efa1c25819322bc3d6431cebf4bcc887a4a07e8a1773fdee53ba40b652,,b2fff7efa1c25819322bc3d6431cebf4bcc887a4a07e8a1773fdee53ba40b652,True,False,POST_OBSERVATION_CREATED
True,True,True,True,True,True,True,True,True,True,True,False,original,29,2014-07-01 14:30:00,passenger,334,20591.0,scenario3,EXISTING_SEGMENTS_BELOW_L_MATCH,30,30,19,6,768,774,30,6,768,0,32,2,2,60,4.0,4,14.559999999999999,0,0.0,0.0,2,0,0,0,0,0,0,f8a2a513ec8b0c11653281c7f1663089fb687ad502311ce1f018c91b7127b42d,18,0,4,4,0,False,False,30,10,0.3333333333333333,0.012594458438287154,0.012594458438287154,29,f6ebea41f4d6aac8c5c0b26ea49a2e4dcccb98361065e3aa25c6d831bb0169e6,,f6ebea41f4d6aac8c5c0b26ea49a2e4dcccb98361065e3aa25c6d831bb0169e6,True,False,POST_OBSERVATION_CREATED
True,True,True,True,True,True,True,True,True,True,True,False,original,29,2014-07-01 14:30:00,passenger,338,20591.0,scenario3,NO_EXISTING_SEGMENT_IN_COLUMN,30,30,19,6,768,774,30,6,768,0,32,0,0,0,0.0,0,0.0,0,0.0,0.0,0,0,0,0,0,0,0,,,0,4,4,0,False,False,0,0,0.0,0.0,0.0,8,5a960f2a944c657a7995a2d1f7d04c68d13e59eb1345636673635e4c3fbde2d0,,5a960f2a944c657a7995a2d1f7d04c68d13e59eb1345636673635e4c3fbde2d0,True,False,POST_OBSERVATION_CREATED
True,True,True,True,True,True,True,True,True,True,True,False,original,29,2014-07-01 14:30:00,passenger,333,20591.0,scenario3,EXISTING_SEGMENTS_BELOW_L_MATCH,30,30,19,6,768,774,30,6,768,0,32,2,2,60,4.5,7,14.535,1,0.5,0.5,1,1,0,0,0,0,0,74e7963249b42234dc33d2b9a8165bd7501a623d74f7a09ae5e51ffacd49e540,24,1,4,3,0,False,False,30,16,0.5333333333333333,0.02030456852791878,0.02030456852791878,1,cc9f15e08078c14ba40d710f14dda9bf68cbbcc21b75a2c4ce62424c659bca58,,cc9f15e08078c14ba40d710f14dda9bf68cbbcc21b75a2c4ce62424c659bca58,True,False,POST_OBSERVATION_CREATED
True,True,True,True,True,True,True,True,True,True,True,False,original,29,2014-07-01 14:30:00,passenger,339,20591.0,scenario3,NO_EXISTING_SEGMENT_IN_COLUMN,30,30,19,6,768,774,30,6,768,0,32,0,0,0,0.0,0,0.0,0,0.0,0.0,0,0,0,0,0,0,0,,,0,4,4,0,False,False,0,0,0.0,0.0,0.0,31,63ae7d926967976eecfd2d096660bf59dfb138257b3b4f20e18b423e51c0483b,,63ae7d926967976eecfd2d096660bf59dfb138257b3b4f20e18b423e51c0483b,True,False,POST_OBSERVATION_CREATED
True,True,True,True,True,True,True,True,True,True,True,False,original,29,2014-07-01 14:30:00,passenger,332,20591.0,scenario3,EXISTING_SEGMENTS_BELOW_L_MATCH,30,30,19,6,768,774,30,6,768,0,32,2,2,60,4.5,6,14.535,0,0.0,0.0,2,0,0,0,0,0,0,cbfa9d3364bee0274260214e473628c0626bb10868638761204de7bce4c8c174,16,0,4,4,0,False,False,30,16,0.5333333333333333,0.02030456852791878,0.02030456852791878,15,30b786dc6f0c46b3a993259709512d2287f128ec5fbb86c0bda88e724b275eb4,,30b786dc6f0c46b3a993259709512d2287f128ec5fbb86c0bda88e724b275eb4,True,False,POST_OBSERVATION_CREATED
True,True,True,True,True,True,True,True,True,True,True,False,original,29,2014-07-01 14:30:00,passenger,340,20591.0,scenario3,NO_EXISTING_SEGMENT_IN_COLUMN,30,30,19,6,768,774,30,6,768,0,32,0,0,0,0.0,0,0.0,0,0.0,0.0,0,0,0,0,0,0,0,,,0,4,4,0,False,False,0,0,0.0,0.0,0.0,0,e47fac6a05aa69d2dd60f99d57f28b07218dcdeffbe2aaee1cb2911f425dd9c5,,e47fac6a05aa69d2dd60f99d57f28b07218dcdeffbe2aaee1cb2911f425dd9c5,True,False,POST_OBSERVATION_CREATED
True,True,True,True,True,True,True,True,True,True,True,False,original,29,2014-07-01 14:30:00,passenger,331,20591.0,scenario3,EXISTING_SEGMENTS_BELOW_L_MATCH,30,30,19,6,768,774,30,6,768,0,32,2,2,60,2.5,4,14.68,0,0.0,0.0,2,0,0,0,0,0,0,99ed05f1dd0c52fe2fa29a40a597272f633c0ebe714df9c7240cd1ebe19fc6a0,6,0,4,4,0,False,False,30,10,0.3333333333333333,0.012594458438287154,0.012594458438287154,8,775e44176116539542d86cd544d8d17d31fa1c0bfdf55eaaa56eeaa308a6cd9b,,775e44176116539542d86cd544d8d17d31fa1c0bfdf55eaaa56eeaa308a6cd9b,True,False,POST_OBSERVATION_CREATED
True,True,True,True,True,True,True,True,True,True,True,False,original,30,2014-07-01 15:00:00,weekday,4,1.0,scenario2,MATCHING_SEGMENT_FOUND,30,30,20,3,864,867,30,3,864,0,32,1,1,479,0.0,0,299.09999999999997,21,21.0,21.0,0,0,0,0,1,1,1,8aeed2abd0f847e0b8500715486ecfcc55670f2b3385c6aeb419a3a0678f1913,30,21,4,0,1,False,False,479,54,0.1127348643006263,0.011273957158962795,0.04179566563467492,30,8aeed2abd0f847e0b8500715486ecfcc55670f2b3385c6aeb419a3a0678f1913,8aeed2abd0f847e0b8500715486ecfcc55670f2b3385c6aeb419a3a0678f1913,,False,True,PREEXISTING
True,True,True,True,True,True,True,True,True,True,True,False,original,30,2014-07-01 15:00:00,weekday,5,1.0,scenario2,MATCHING_SEGMENT_FOUND,30,30,20,3,864,867,30,3,864,0,32,1,1,479,0.0,0,299.09999999999997,21,21.0,21.0,0,0,0,0,1,1,1,64080601c3be5fe7030e7eb69924a6cafe76e2b467b4a5630a9f7de522aa39db,10,21,4,0,1,False,False,479,54,0.1127348643006263,0.011273957158962795,0.04179566563467492,10,64080601c3be5fe7030e7eb69924a6cafe76e2b467b4a5630a9f7de522aa39db,64080601c3be5fe7030e7eb69924a6cafe76e2b467b4a5630a9f7de522aa39db,,False,True,PREEXISTING
True,True,True,True,True,True,True,True,True,True,True,False,original,30,2014-07-01 15:00:00,weekday,3,1.0,scenario2,MATCHING_SEGMENT_FOUND,30,30,20,3,864,867,30,3,864,0,32,1,1,479,1.0,1,299.06,21,21.0,21.0,0,0,0,0,1,1,1,69f0cb4491a1fd577b6c1af78119fa843dac41862a4e9483fd3c8e414791a45f,4,21,4,0,1,False,False,479,54,0.1127348643006263,0.011273957158962795,0.04179566563467492,4,69f0cb4491a1fd577b6c1af78119fa843dac41862a4e9483fd3c8e414791a45f,69f0cb4491a1fd577b6c1af78119fa843dac41862a4e9483fd3c8e414791a45f,,False,True,PREEXISTING
True,True,True,True,True,True,True,True,True,True,True,False,original,30,2014-07-01 15:00:00,weekday,6,1.0,scenario2,MATCHING_SEGMENT_FOUND,30,30,20,3,864,867,30,3,864,0,32,1,1,479,1.0,1,299.03999999999996,21,21.0,21.0,0,0,0,0,1,1,1,d0ca4df7b4ef8ef8330fc3c3fb6df6da237f2c8759fa1a08b551c3b0267a5cc1,29,21,4,0,1,False,False,479,54,0.1127348643006263,0.011273957158962795,0.04179566563467492,29,d0ca4df7b4ef8ef8330fc3c3fb6df6da237f2c8759fa1a08b551c3b0267a5cc1,d0ca4df7b4ef8ef8330fc3c3fb6df6da237f2c8759fa1a08b551c3b0267a5cc1,,False,True,PREEXISTING
True,True,True,True,True,True,True,True,True,True,True,False,original,30,2014-07-01 15:00:00,weekday,2,1.0,scenario2,MATCHING_SEGMENT_FOUND,30,30,20,3,864,867,30,3,864,0,32,1,1,479,1.0,1,299.03999999999996,21,21.0,21.0,0,0,0,0,1,1,1,62de03d338e81fffb1fe886b83637755e48f7109d103cb5c35e3be82a6942085,15,21,4,0,1,False,False,479,54,0.1127348643006263,0.011273957158962795,0.04179566563467492,15,62de03d338e81fffb1fe886b83637755e48f7109d103cb5c35e3be82a6942085,62de03d338e81fffb1fe886b83637755e48f7109d103cb5c35e3be82a6942085,,False,True,PREEXISTING
True,True,True,True,True,True,True,True,True,True,True,False,original,30,2014-07-01 15:00:00,weekday,7,1.0,scenario2,MATCHING_SEGMENT_FOUND,30,30,20,3,864,867,30,3,864,0,32,1,1,479,3.0,3,298.97999999999996,21,21.0,21.0,0,0,0,0,1,1,1,82cd778248b58abce2dd437ff3430d422a5f31f0857456cb0806c4bbf75c2f84,1,21,4,0,1,False,False,479,54,0.1127348643006263,0.011273957158962795,0.04179566563467492,1,82cd778248b58abce2dd437ff3430d422a5f31f0857456cb0806c4bbf75c2f84,82cd778248b58abce2dd437ff3430d422a5f31f0857456cb0806c4bbf75c2f84,,False,True,PREEXISTING
True,True,True,True,True,True,True,True,True,True,True,False,original,30,2014-07-01 15:00:00,weekday,1,1.0,scenario2,MATCHING_SEGMENT_FOUND,30,30,20,3,864,867,30,3,864,0,32,1,1,479,3.0,3,298.93,21,21.0,21.0,0,0,0,0,1,1,1,096eb71f46b469fc4f1cc7d4ed984088c225a66b3cfbaad900f9fc8fd6e6985c,15,21,4,0,1,False,False,479,54,0.1127348643006263,0.011273957158962795,0.04179566563467492,15,096eb71f46b469fc4f1cc7d4ed984088c225a66b3cfbaad900f9fc8fd6e6985c,096eb71f46b469fc4f1cc7d4ed984088c225a66b3cfbaad900f9fc8fd6e6985c,,False,True,PREEXISTING
True,True,True,True,True,True,True,True,True,True,True,False,original,30,2014-07-01 15:00:00,weekday,8,1.0,scenario2,MATCHING_SEGMENT_FOUND,30,30,20,3,864,867,30,3,864,0,32,1,1,479,4.0,4,298.56,21,21.0,21.0,0,0,0,0,1,1,1,8707a46b07890e9f3d4b42af5e0aab7361dc144e7986f25d90e421a33089bd83,29,21,4,0,1,False,False,479,54,0.1127348643006263,0.011273957158962795,0.04179566563467492,29,8707a46b07890e9f3d4b42af5e0aab7361dc144e7986f25d90e421a33089bd83,8707a46b07890e9f3d4b42af5e0aab7361dc144e7986f25d90e421a33089bd83,,False,True,PREEXISTING
True,True,True,True,True,True,True,True,True,True,True,False,original,30,2014-07-01 15:00:00,weekday,0,1.0,scenario2,MATCHING_SEGMENT_FOUND,30,30,20,3,864,867,30,3,864,0,32,1,1,479,4.0,4,298.57,21,21.0,21.0,0,0,0,0,1,1,1,b8ff4e0cd1bf15ed47968cde6ad2530bfe3d56b991c289d66df5ed3a4ea01ca1,4,21,4,0,1,False,False,479,54,0.1127348643006263,0.011273957158962795,0.04179566563467492,4,b8ff4e0cd1bf15ed47968cde6ad2530bfe3d56b991c289d66df5ed3a4ea01ca1,b8ff4e0cd1bf15ed47968cde6ad2530bfe3d56b991c289d66df5ed3a4ea01ca1,,False,True,PREEXISTING
True,True,True,True,True,True,True,True,True,True,True,False,original,30,2014-07-01 15:00:00,weekday,9,1.0,scenario2,MATCHING_SEGMENT_FOUND,30,30,20,3,864,867,30,3,864,0,32,1,1,479,4.0,4,298.49,21,21.0,21.0,0,0,0,0,1,1,1,1928f40ce31bf6bd47fb15c046e5d7db5c6f2744acdbf86090d49adc6860aaca,19,21,4,0,1,False,False,479,54,0.1127348643006263,0.011273957158962795,0.04179566563467492,19,1928f40ce31bf6bd47fb15c046e5d7db5c6f2744acdbf86090d49adc6860aaca,1928f40ce31bf6bd47fb15c046e5d7db5c6f2744acdbf86090d49adc6860aaca,,False,True,PREEXISTING
True,True,True,True,True,True,True,True,True,True,True,False,original,30,2014-07-01 15:00:00,time,66,30.0,scenario3,EXISTING_SEGMENTS_BELOW_L_MATCH,30,30,20,3,864,867,30,3,864,0,32,3,3,90,0.6666666666666666,1,14.186666666666667,1,0.6666666666666666,1.0,1,2,0,0,0,0,0,799e2ff33f3b28532235a62575e156670ee4e7689f48fae11f0ad74b5fccc121,22,1,4,3,0,False,False,30,15,0.5,0.017006802721088437,0.017006802721088437,0,72ca7bceb5ce4ee9c8101c19d841b3790d5444b5c22fe0fd466be9671b29c5e0,,72ca7bceb5ce4ee9c8101c19d841b3790d5444b5c22fe0fd466be9671b29c5e0,True,False,POST_OBSERVATION_CREATED
True,True,True,True,True,True,True,True,True,True,True,False,original,30,2014-07-01 15:00:00,time,67,30.0,scenario3,EXISTING_SEGMENTS_BELOW_L_MATCH,30,30,20,3,864,867,30,3,864,0,32,2,2,60,1.0,1,13.780000000000001,1,0.5,0.5,1,1,0,0,0,0,0,877e75b5225a7634bd0a7345aef92096dd677b84977bebe5b11a685c4ebfc6a1,16,1,4,3,0,False,False,30,15,0.5,0.017006802721088437,0.017006802721088437,14,b60bb5742a5573139d8af0c56de554e28056160eef176dc15493958f246ec61b,,b60bb5742a5573139d8af0c56de554e28056160eef176dc15493958f246ec61b,True,False,POST_OBSERVATION_CREATED
True,True,True,True,True,True,True,True,True,True,True,False,original,30,2014-07-01 15:00:00,time,65,30.0,scenario1,CORRECTLY_PREDICTED_CELL_AVAILABLE,30,30,20,3,864,867,30,3,864,0,32,5,5,150,0.8,2,14.962,11,2.6,1.0,2,2,0,0,1,1,1,8fca67fa9e6dd8bf49b490977511c9d491a8e7da104610d5a5d690ed472c3cdd,6,11,4,0,1,False,False,30,15,0.5,0.017006802721088437,0.017006802721088437,6,8fca67fa9e6dd8bf49b490977511c9d491a8e7da104610d5a5d690ed472c3cdd,8fca67fa9e6dd8bf49b490977511c9d491a8e7da104610d5a5d690ed472c3cdd,,False,True,PREEXISTING
True,True,True,True,True,True,True,True,True,True,True,False,original,30,2014-07-01 15:00:00,time,68,30.0,scenario3,PREDICTED_TIME_INVALID,30,30,20,3,864,867,30,3,864,0,32,1,1,30,1.0,1,12.600000000000001,0,0.0,0.0,1,0,0,0,0,0,0,94fb79a329f157e5c90731657e305c362c578ba83912ff533430e32950c361f9,16,0,4,4,0,False,False,30,15,0.5,0.017006802721088437,0.017006802721088437,21,79ff63d45dd6846731d3e584bf4c1a56a0166e577d97b3651d759032a2f0cd2b,,79ff63d45dd6846731d3e584bf4c1a56a0166e577d97b3651d759032a2f0cd2b,True,False,POST_OBSERVATION_CREATED
True,True,True,True,True,True,True,True,True,True,True,False,original,30,2014-07-01 15:00:00,time,64,30.0,scenario3,EXISTING_SEGMENTS_BELOW_L_MATCH,30,30,20,3,864,867,30,3,864,0,32,3,3,109,1.3333333333333333,2,18.283333333333335,1,0.3333333333333333,0.0,2,1,0,0,0,0,0,46d7d3f800efbca3aa17df89c244c2d8542032c1646cd463efda0930176d764b,23,1,4,3,0,False,False,30,15,0.5,0.017006802721088437,0.017006802721088437,12,dcc7bf86446303b66defae3c82790d75f8356cd013d3f78302faa30298aaf346,,dcc7bf86446303b66defae3c82790d75f8356cd013d3f78302faa30298aaf346,True,False,POST_OBSERVATION_CREATED
True,True,True,True,True,True,True,True,True,True,True,False,original,30,2014-07-01 15:00:00,time,69,30.0,scenario3,EXISTING_SEGMENTS_BELOW_L_MATCH,30,30,20,3,864,867,30,3,864,0,32,1,1,30,0.0,0,15.0,1,1.0,1.0,0,1,0,0,0,0,0,27c8864f1513c3356ef389c0156c76a0ae563b4c2e1535c019b84e399b220c38,5,1,4,3,0,False,False,30,18,0.6,0.020477815699658702,0.020477815699658702,30,29dd2e810a2b715864936b51e0dc0bd235b8d6fc15ba777f6624377f3c4a52c4,,29dd2e810a2b715864936b51e0dc0bd235b8d6fc15ba777f6624377f3c4a52c4,True,False,POST_OBSERVATION_CREATED
True,True,True,True,True,True,True,True,True,True,True,False,original,30,2014-07-01 15:00:00,time,63,30.0,scenario3,EXISTING_SEGMENTS_BELOW_L_MATCH,30,30,20,3,864,867,30,3,864,0,32,6,6,180,0.6666666666666666,2,14.951666666666668,2,0.8333333333333334,1.0,2,3,1,0,0,0,0,1868b37c5a7390e7cba208bb1217ef5fff1e2a6ff7e82b36e52b85cc5335e7ef,0,2,4,2,0,False,False,30,15,0.5,0.017006802721088437,0.017006802721088437,23,e269b8c13fb7577a6644fae6f06d80f33aaabc4eec9e90e99199d0a6ac8814ad,,e269b8c13fb7577a6644fae6f06d80f33aaabc4eec9e90e99199d0a6ac8814ad,True,False,POST_OBSERVATION_CREATED
True,True,True,True,True,True,True,True,True,True,True,False,original,30,2014-07-01 15:00:00,time,70,30.0,scenario3,EXISTING_SEGMENTS_BELOW_L_MATCH,30,30,20,3,864,867,30,3,864,0,32,1,1,30,0.0,0,15.0,1,1.0,1.0,0,1,0,0,0,0,0,e4c414efa11552a74c414f8d5310b0038cc786124ca1b16cc1d6a088dc9eaeb5,24,1,4,3,0,False,False,30,18,0.6,0.020477815699658702,0.020477815699658702,2,355d118cb30674ef89dce52394b55121395a6b489e008d60a0ef92a77b66733b,,355d118cb30674ef89dce52394b55121395a6b489e008d60a0ef92a77b66733b,True,False,POST_OBSERVATION_CREATED
True,True,True,True,True,True,True,True,True,True,True,False,original,30,2014-07-01 15:00:00,time,62,30.0,scenario2,MATCHING_SEGMENT_FOUND,30,30,20,3,864,867,30,3,864,0,32,4,4,139,1.0,2,17.2575,11,3.25,1.0,1,2,0,0,1,1,1,ef6bcb40df4df82022d96d36581d3d40bad0955f864ec63fd7f0bf6f4f29c951,23,11,4,0,1,False,False,30,11,0.36666666666666664,0.012415349887133182,0.012415349887133182,23,ef6bcb40df4df82022d96d36581d3d40bad0955f864ec63fd7f0bf6f4f29c951,ef6bcb40df4df82022d96d36581d3d40bad0955f864ec63fd7f0bf6f4f29c951,,False,True,PREEXISTING
True,True,True,True,True,True,True,True,True,True,True,False,original,30,2014-07-01 15:00:00,time,71,30.0,scenario3,NO_EXISTING_SEGMENT_IN_COLUMN,30,30,20,3,864,867,30,3,864,0,32,0,0,0,0.0,0,0.0,0,0.0,0.0,0,0,0,0,0,0,0,,,0,4,4,0,False,False,0,0,0.0,0.0,0.0,11,0b8fdf1c7d7445deb0760bd1064ef7048564fe8461dd6e8cbbd04ee26a8bafc9,,0b8fdf1c7d7445deb0760bd1064ef7048564fe8461dd6e8cbbd04ee26a8bafc9,True,False,POST_OBSERVATION_CREATED
True,True,True,True,True,True,True,True,True,True,True,False,original,30,2014-07-01 15:00:00,passenger,321,19380.0,scenario3,EXISTING_SEGMENTS_BELOW_L_MATCH,30,30,20,3,864,867,30,3,864,0,32,3,3,109,3.0,9,18.616666666666667,1,0.6666666666666666,1.0,1,2,0,0,0,0,0,f11189e1327abc3c8b555d42b5f6c47f86acc1b910abe273e039792b4d154811,26,1,4,3,0,False,False,49,19,0.3877551020408163,0.017006802721088437,0.021181716833890748,16,c1965679a478d5571c77fc9c368303fd22c1e960f3bbd89a296bb72c72170bba,,c1965679a478d5571c77fc9c368303fd22c1e960f3bbd89a296bb72c72170bba,True,False,POST_OBSERVATION_CREATED
True,True,True,True,True,True,True,True,True,True,True,False,original,30,2014-07-01 15:00:00,passenger,322,19380.0,scenario2,MATCHING_SEGMENT_FOUND,30,30,20,3,864,867,30,3,864,0,32,3,3,90,3.0,9,14.693333333333333,10,3.6666666666666665,1.0,1,1,0,0,1,1,1,cd2f6291543f1a899a3808782effefe35434cecaa061c72d0279aff8db6eed1a,22,10,4,0,1,False,False,30,17,0.5666666666666667,0.019318181818181818,0.019318181818181818,22,cd2f6291543f1a899a3808782effefe35434cecaa061c72d0279aff8db6eed1a,cd2f6291543f1a899a3808782effefe35434cecaa061c72d0279aff8db6eed1a,,False,True,PREEXISTING
True,True,True,True,True,True,True,True,True,True,True,False,original,30,2014-07-01 15:00:00,passenger,320,19380.0,scenario3,EXISTING_SEGMENTS_BELOW_L_MATCH,30,30,20,3,864,867,30,3,864,0,32,4,4,133,2.0,4,16.095,1,0.75,1.0,1,3,0,0,0,0,0,964e28adf59073404933aa0fc15c8ef7fc9326225b6323ebdcee5f9d11e55484,24,1,4,3,0,False,False,30,14,0.4666666666666667,0.015855039637599093,0.015855039637599093,30,a1615e5bef7439644b01290d5d7500a8515e0c5eff1286f24db7a83d26b7e05e,,a1615e5bef7439644b01290d5d7500a8515e0c5eff1286f24db7a83d26b7e05e,True,False,POST_OBSERVATION_CREATED
True,True,True,True,True,True,True,True,True,True,True,False,original,30,2014-07-01 15:00:00,passenger,323,19380.0,scenario3,EXISTING_SEGMENTS_BELOW_L_MATCH,30,30,20,3,864,867,30,3,864,0,32,2,2,60,1.0,2,14.09,1,0.5,0.5,1,1,0,0,0,0,0,e32ffd3290ee5c5786126b2c93455045e3a106bd3fb2886ef2066a0f9a71fc5e,10,1,4,3,0,False,False,30,15,0.5,0.017006802721088437,0.017006802721088437,31,ebc733c37a5bc0e9d328532e419b4b12cc95a6b4c3ab76edc30ab7a52457ccda,,ebc733c37a5bc0e9d328532e419b4b12cc95a6b4c3ab76edc30ab7a52457ccda,True,False,POST_OBSERVATION_CREATED
True,True,True,True,True,True,True,True,True,True,True,False,original,30,2014-07-01 15:00:00,passenger,319,19380.0,scenario3,EXISTING_SEGMENTS_BELOW_L_MATCH,30,30,20,3,864,867,30,3,864,0,32,2,2,131,2.5,3,37.775,2,1.5,1.5,0,1,1,0,0,0,0,5c53d30586e78d19cbbb3c9168712f9bffdf5b5b63921a419f54c59c449da698,10,2,4,2,0,False,False,68,23,0.3382352941176471,0.015855039637599093,0.025219298245614034,29,13e94e7ff1802e03dbf502126de661cef9c9e437b40db07b40b395fbeff072fc,,13e94e7ff1802e03dbf502126de661cef9c9e437b40db07b40b395fbeff072fc,True,False,POST_OBSERVATION_CREATED
True,True,True,True,True,True,True,True,True,True,True,False,original,30,2014-07-01 15:00:00,passenger,324,19380.0,scenario3,EXISTING_SEGMENTS_BELOW_L_MATCH,30,30,20,3,864,867,30,3,864,0,32,2,2,60,4.0,7,13.530000000000001,1,0.5,0.5,1,1,0,0,0,0,0,c9f78416d60ea8a3fe836c1f096dfad0c57c3bfd98e35897290ad42df38c267b,10,1,4,3,0,False,False,30,15,0.5,0.017006802721088437,0.017006802721088437,24,9d749b01e6b44cb3e421699e702ae2094d5747eca9b6ba9bd964e78cbc281be9,,9d749b01e6b44cb3e421699e702ae2094d5747eca9b6ba9bd964e78cbc281be9,True,False,POST_OBSERVATION_CREATED
True,True,True,True,True,True,True,True,True,True,True,False,original,30,2014-07-01 15:00:00,passenger,318,19380.0,scenario3,EXISTING_SEGMENTS_BELOW_L_MATCH,30,30,20,3,864,867,30,3,864,0,32,4,4,133,2.0,5,17.02,1,0.5,0.5,2,2,0,0,0,0,0,a40c83bc4b089caec9a53670deb0142f3ac880b6bf798185ec88a562335dff0f,15,1,4,3,0,False,False,30,17,0.5666666666666667,0.019318181818181818,0.019318181818181818,29,7a67ab0a3810d6c60fc586c33e8930cae838763983212cf1e9bda6082c9fe660,,7a67ab0a3810d6c60fc586c33e8930cae838763983212cf1e9bda6082c9fe660,True,False,POST_OBSERVATION_CREATED
True,True,True,True,True,True,True,True,True,True,True,False,original,30,2014-07-01 15:00:00,passenger,325,19380.0,scenario3,EXISTING_SEGMENTS_BELOW_L_MATCH,30,30,20,3,864,867,30,3,864,0,32,3,3,90,3.0,7,13.996666666666668,1,0.3333333333333333,0.0,2,1,0,0,0,0,0,a9b3659edfd2539f1e41839bcd90d46bd9b466f3e3abf3b40adecac188c5bf91,5,1,4,3,0,False,False,30,15,0.5,0.017006802721088437,0.017006802721088437,24,bfa186e3c31920754f325033618088a84c728ad6f74a568f1b4c5a804556210f,,bfa186e3c31920754f325033618088a84c728ad6f74a568f1b4c5a804556210f,True,False,POST_OBSERVATION_CREATED
True,True,True,True,True,True,True,True,True,True,True,False,original,30,2014-07-01 15:00:00,passenger,317,19380.0,scenario3,EXISTING_SEGMENTS_BELOW_L_MATCH,30,30,20,3,864,867,30,3,864,0,32,3,3,103,2.6666666666666665,8,17.66,1,0.3333333333333333,0.0,2,1,0,0,0,0,0,c23379ff0c4b640d3b91fa2498e84a2ab5d45144c57c0f7350143f2846fdd4e5,10,1,4,3,0,False,False,30,14,0.4666666666666667,0.015855039637599093,0.015855039637599093,1,d87e000832a5f080da19c9efdbf7a077dfebac6e3960e784a734e2ce7dd4d04e,,d87e000832a5f080da19c9efdbf7a077dfebac6e3960e784a734e2ce7dd4d04e,True,False,POST_OBSERVATION_CREATED
True,True,True,True,True,True,True,True,True,True,True,False,original,30,2014-07-01 15:00:00,passenger,326,19380.0,scenario3,EXISTING_SEGMENTS_BELOW_L_MATCH,30,30,20,3,864,867,30,3,864,0,32,3,3,90,2.6666666666666665,6,14.033333333333333,1,0.3333333333333333,0.0,2,1,0,0,0,0,0,fdee41935b3ffde6124f3fb9b77c638d87ced43b11650570185cef5bc06b88c7,20,1,4,3,0,False,False,30,15,0.5,0.017006802721088437,0.017006802721088437,15,fe45d2fc19a370ccba21f6e5e6f025dc62ab3855a61b127f9e0cc4f4383a41c1,,fe45d2fc19a370ccba21f6e5e6f025dc62ab3855a61b127f9e0cc4f4383a41c1,True,False,POST_OBSERVATION_CREATED
True,True,True,True,True,True,True,True,True,True,True,False,original,31,2014-07-01 15:30:00,weekday,4,1.0,scenario2,MATCHING_SEGMENT_FOUND,30,30,19,1,928,929,30,1,928,0,32,1,1,494,0.0,0,308.3,22,22.0,22.0,0,0,0,0,1,1,1,8aeed2abd0f847e0b8500715486ecfcc55670f2b3385c6aeb419a3a0678f1913,30,22,4,0,1,False,False,494,70,0.1417004048582996,0.01053740779768177,0.051736881005173686,30,8aeed2abd0f847e0b8500715486ecfcc55670f2b3385c6aeb419a3a0678f1913,8aeed2abd0f847e0b8500715486ecfcc55670f2b3385c6aeb419a3a0678f1913,,False,True,PREEXISTING
True,True,True,True,True,True,True,True,True,True,True,False,original,31,2014-07-01 15:30:00,weekday,5,1.0,scenario2,MATCHING_SEGMENT_FOUND,30,30,19,1,928,929,30,1,928,0,32,1,1,494,0.0,0,308.3,22,22.0,22.0,0,0,0,0,1,1,1,64080601c3be5fe7030e7eb69924a6cafe76e2b467b4a5630a9f7de522aa39db,10,22,4,0,1,False,False,494,70,0.1417004048582996,0.01053740779768177,0.051736881005173686,10,64080601c3be5fe7030e7eb69924a6cafe76e2b467b4a5630a9f7de522aa39db,64080601c3be5fe7030e7eb69924a6cafe76e2b467b4a5630a9f7de522aa39db,,False,True,PREEXISTING
True,True,True,True,True,True,True,True,True,True,True,False,original,31,2014-07-01 15:30:00,weekday,3,1.0,scenario2,MATCHING_SEGMENT_FOUND,30,30,19,1,928,929,30,1,928,0,32,1,1,494,1.0,1,308.26,22,22.0,22.0,0,0,0,0,1,1,1,69f0cb4491a1fd577b6c1af78119fa843dac41862a4e9483fd3c8e414791a45f,4,22,4,0,1,False,False,494,70,0.1417004048582996,0.01053740779768177,0.051736881005173686,4,69f0cb4491a1fd577b6c1af78119fa843dac41862a4e9483fd3c8e414791a45f,69f0cb4491a1fd577b6c1af78119fa843dac41862a4e9483fd3c8e414791a45f,,False,True,PREEXISTING
True,True,True,True,True,True,True,True,True,True,True,False,original,31,2014-07-01 15:30:00,weekday,6,1.0,scenario2,MATCHING_SEGMENT_FOUND,30,30,19,1,928,929,30,1,928,0,32,1,1,494,1.0,1,308.24,22,22.0,22.0,0,0,0,0,1,1,1,d0ca4df7b4ef8ef8330fc3c3fb6df6da237f2c8759fa1a08b551c3b0267a5cc1,29,22,4,0,1,False,False,494,70,0.1417004048582996,0.01053740779768177,0.051736881005173686,29,d0ca4df7b4ef8ef8330fc3c3fb6df6da237f2c8759fa1a08b551c3b0267a5cc1,d0ca4df7b4ef8ef8330fc3c3fb6df6da237f2c8759fa1a08b551c3b0267a5cc1,,False,True,PREEXISTING
True,True,True,True,True,True,True,True,True,True,True,False,original,31,2014-07-01 15:30:00,weekday,2,1.0,scenario2,MATCHING_SEGMENT_FOUND,30,30,19,1,928,929,30,1,928,0,32,1,1,494,1.0,1,308.24,22,22.0,22.0,0,0,0,0,1,1,1,62de03d338e81fffb1fe886b83637755e48f7109d103cb5c35e3be82a6942085,15,22,4,0,1,False,False,494,70,0.1417004048582996,0.01053740779768177,0.051736881005173686,15,62de03d338e81fffb1fe886b83637755e48f7109d103cb5c35e3be82a6942085,62de03d338e81fffb1fe886b83637755e48f7109d103cb5c35e3be82a6942085,,False,True,PREEXISTING
True,True,True,True,True,True,True,True,True,True,True,False,original,31,2014-07-01 15:30:00,weekday,7,1.0,scenario2,MATCHING_SEGMENT_FOUND,30,30,19,1,928,929,30,1,928,0,32,1,1,494,3.0,3,308.18,22,22.0,22.0,0,0,0,0,1,1,1,82cd778248b58abce2dd437ff3430d422a5f31f0857456cb0806c4bbf75c2f84,1,22,4,0,1,False,False,494,70,0.1417004048582996,0.01053740779768177,0.051736881005173686,1,82cd778248b58abce2dd437ff3430d422a5f31f0857456cb0806c4bbf75c2f84,82cd778248b58abce2dd437ff3430d422a5f31f0857456cb0806c4bbf75c2f84,,False,True,PREEXISTING
True,True,True,True,True,True,True,True,True,True,True,False,original,31,2014-07-01 15:30:00,weekday,1,1.0,scenario2,MATCHING_SEGMENT_FOUND,30,30,19,1,928,929,30,1,928,0,32,1,1,494,3.0,3,308.11,22,22.0,22.0,0,0,0,0,1,1,1,096eb71f46b469fc4f1cc7d4ed984088c225a66b3cfbaad900f9fc8fd6e6985c,15,22,4,0,1,False,False,494,70,0.1417004048582996,0.01053740779768177,0.051736881005173686,15,096eb71f46b469fc4f1cc7d4ed984088c225a66b3cfbaad900f9fc8fd6e6985c,096eb71f46b469fc4f1cc7d4ed984088c225a66b3cfbaad900f9fc8fd6e6985c,,False,True,PREEXISTING
True,True,True,True,True,True,True,True,True,True,True,False,original,31,2014-07-01 15:30:00,weekday,8,1.0,scenario2,MATCHING_SEGMENT_FOUND,30,30,19,1,928,929,30,1,928,0,32,1,1,494,4.0,4,307.74,22,22.0,22.0,0,0,0,0,1,1,1,8707a46b07890e9f3d4b42af5e0aab7361dc144e7986f25d90e421a33089bd83,29,22,4,0,1,False,False,494,70,0.1417004048582996,0.01053740779768177,0.051736881005173686,29,8707a46b07890e9f3d4b42af5e0aab7361dc144e7986f25d90e421a33089bd83,8707a46b07890e9f3d4b42af5e0aab7361dc144e7986f25d90e421a33089bd83,,False,True,PREEXISTING
True,True,True,True,True,True,True,True,True,True,True,False,original,31,2014-07-01 15:30:00,weekday,0,1.0,scenario2,MATCHING_SEGMENT_FOUND,30,30,19,1,928,929,30,1,928,0,32,1,1,494,4.0,4,307.75,22,22.0,22.0,0,0,0,0,1,1,1,b8ff4e0cd1bf15ed47968cde6ad2530bfe3d56b991c289d66df5ed3a4ea01ca1,4,22,4,0,1,False,False,494,70,0.1417004048582996,0.01053740779768177,0.051736881005173686,4,b8ff4e0cd1bf15ed47968cde6ad2530bfe3d56b991c289d66df5ed3a4ea01ca1,b8ff4e0cd1bf15ed47968cde6ad2530bfe3d56b991c289d66df5ed3a4ea01ca1,,False,True,PREEXISTING
True,True,True,True,True,True,True,True,True,True,True,False,original,31,2014-07-01 15:30:00,weekday,9,1.0,scenario2,MATCHING_SEGMENT_FOUND,30,30,19,1,928,929,30,1,928,0,32,1,1,494,4.0,4,307.67,22,22.0,22.0,0,0,0,0,1,1,1,1928f40ce31bf6bd47fb15c046e5d7db5c6f2744acdbf86090d49adc6860aaca,19,22,4,0,1,False,False,494,70,0.1417004048582996,0.01053740779768177,0.051736881005173686,19,1928f40ce31bf6bd47fb15c046e5d7db5c6f2744acdbf86090d49adc6860aaca,1928f40ce31bf6bd47fb15c046e5d7db5c6f2744acdbf86090d49adc6860aaca,,False,True,PREEXISTING
True,True,True,True,True,True,True,True,True,True,True,False,original,31,2014-07-01 15:30:00,time,67,31.0,scenario3,EXISTING_SEGMENTS_BELOW_L_MATCH,30,30,19,1,928,929,30,1,928,0,32,3,3,90,1.0,2,14.15,1,0.6666666666666666,1.0,1,2,0,0,0,0,0,b60bb5742a5573139d8af0c56de554e28056160eef176dc15493958f246ec61b,14,1,4,3,0,False,False,30,18,0.6,0.019128586609989374,0.019128586609989374,7,19f8d70eee9f28810da6d39654e4397d5b0b6d5474d6b7af5a09a568c349d0fb,,19f8d70eee9f28810da6d39654e4397d5b0b6d5474d6b7af5a09a568c349d0fb,True,False,POST_OBSERVATION_CREATED
True,True,True,True,True,True,True,True,True,True,True,False,original,31,2014-07-01 15:30:00,time,68,31.0,scenario2,MATCHING_SEGMENT_FOUND,30,30,19,1,928,929,30,1,928,0,32,2,2,60,1.0,2,13.745000000000001,4,2.5,2.5,0,1,0,0,1,1,1,79ff63d45dd6846731d3e584bf4c1a56a0166e577d97b3651d759032a2f0cd2b,21,4,4,0,1,False,False,30,18,0.6,0.019128586609989374,0.019128586609989374,21,79ff63d45dd6846731d3e584bf4c1a56a0166e577d97b3651d759032a2f0cd2b,79ff63d45dd6846731d3e584bf4c1a56a0166e577d97b3651d759032a2f0cd2b,,False,True,PREEXISTING
True,True,True,True,True,True,True,True,True,True,True,False,original,31,2014-07-01 15:30:00,time,66,31.0,scenario3,EXISTING_SEGMENTS_BELOW_L_MATCH,30,30,19,1,928,929,30,1,928,0,32,4,4,120,0.75,2,14.3625,3,1.0,0.5,2,1,0,1,0,0,0,72ca7bceb5ce4ee9c8101c19d841b3790d5444b5c22fe0fd466be9671b29c5e0,0,3,4,1,0,False,False,30,18,0.6,0.019128586609989374,0.019128586609989374,19,ea23e06dbdf75481d28f1a571354f39b87c204ba4eeb81425698772dadb266ef,,ea23e06dbdf75481d28f1a571354f39b87c204ba4eeb81425698772dadb266ef,True,False,POST_OBSERVATION_CREATED
True,True,True,True,True,True,True,True,True,True,True,False,original,31,2014-07-01 15:30:00,time,69,31.0,scenario1,CORRECTLY_PREDICTED_CELL_AVAILABLE,30,30,19,1,928,929,30,1,928,0,32,2,2,60,0.5,1,14.985,4,4.0,4.0,0,0,0,0,2,2,2,27c8864f1513c3356ef389c0156c76a0ae563b4c2e1535c019b84e399b220c38,5,4,4,0,2,True,True,30,25,0.8333333333333334,0.02676659528907923,0.02676659528907923,5,27c8864f1513c3356ef389c0156c76a0ae563b4c2e1535c019b84e399b220c38,27c8864f1513c3356ef389c0156c76a0ae563b4c2e1535c019b84e399b220c38,,False,True,PREEXISTING
True,True,True,True,True,True,True,True,True,True,True,False,original,31,2014-07-01 15:30:00,time,65,31.0,scenario2,MATCHING_SEGMENT_FOUND,30,30,19,1,928,929,30,1,928,0,32,5,5,150,1.0,2,14.802000000000001,10,3.4,2.0,1,1,1,0,2,2,2,9547b0c5dcf59a18ec2aa9e4cca2678db74c30bf35f7faf056651267825798e4,8,10,4,0,2,True,True,30,14,0.4666666666666667,0.014814814814814815,0.014814814814814815,8,9547b0c5dcf59a18ec2aa9e4cca2678db74c30bf35f7faf056651267825798e4,9547b0c5dcf59a18ec2aa9e4cca2678db74c30bf35f7faf056651267825798e4,,False,True,PREEXISTING
True,True,True,True,True,True,True,True,True,True,True,False,original,31,2014-07-01 15:30:00,time,70,31.0,scenario1,CORRECTLY_PREDICTED_CELL_AVAILABLE,30,30,19,1,928,929,30,1,928,0,32,2,2,60,0.5,1,14.985,4,4.0,4.0,0,0,0,0,2,2,2,355d118cb30674ef89dce52394b55121395a6b489e008d60a0ef92a77b66733b,2,4,4,0,2,True,True,30,18,0.6,0.019128586609989374,0.019128586609989374,24,e4c414efa11552a74c414f8d5310b0038cc786124ca1b16cc1d6a088dc9eaeb5,e4c414efa11552a74c414f8d5310b0038cc786124ca1b16cc1d6a088dc9eaeb5,,False,True,PREEXISTING
True,True,True,True,True,True,True,True,True,True,True,False,original,31,2014-07-01 15:30:00,time,64,31.0,scenario3,EXISTING_SEGMENTS_BELOW_L_MATCH,30,30,19,1,928,929,30,1,928,0,32,4,4,139,1.25,3,17.4375,3,2.0,2.5,1,0,1,2,0,0,0,dcc7bf86446303b66defae3c82790d75f8356cd013d3f78302faa30298aaf346,12,3,4,1,0,False,False,30,18,0.6,0.019128586609989374,0.019128586609989374,26,856921d344f25d9ac5c3b11d92b892f64471a32143fc1fcf10219fa65db4a1ab,,856921d344f25d9ac5c3b11d92b892f64471a32143fc1fcf10219fa65db4a1ab,True,False,POST_OBSERVATION_CREATED
True,True,True,True,True,True,True,True,True,True,True,False,original,31,2014-07-01 15:30:00,time,71,31.0,scenario2,MATCHING_SEGMENT_FOUND,30,30,19,1,928,929,30,1,928,0,32,1,1,30,0.0,0,15.0,4,4.0,4.0,0,0,0,0,1,1,1,0b8fdf1c7d7445deb0760bd1064ef7048564fe8461dd6e8cbbd04ee26a8bafc9,11,4,4,0,1,False,False,30,18,0.6,0.019128586609989374,0.019128586609989374,11,0b8fdf1c7d7445deb0760bd1064ef7048564fe8461dd6e8cbbd04ee26a8bafc9,0b8fdf1c7d7445deb0760bd1064ef7048564fe8461dd6e8cbbd04ee26a8bafc9,,False,True,PREEXISTING
True,True,True,True,True,True,True,True,True,True,True,False,original,31,2014-07-01 15:30:00,time,63,31.0,scenario2,MATCHING_SEGMENT_FOUND,30,30,19,1,928,929,30,1,928,0,32,7,7,210,0.7142857142857143,2,14.944285714285714,11,3.0,2.0,2,1,1,1,2,2,2,c30f8cd8fbb917832d87ec2e81fc54c23304af5d1d33c6970c532a688bdc785f,22,11,4,0,2,True,True,30,11,0.36666666666666664,0.011603375527426161,0.011603375527426161,22,c30f8cd8fbb917832d87ec2e81fc54c23304af5d1d33c6970c532a688bdc785f,c30f8cd8fbb917832d87ec2e81fc54c23304af5d1d33c6970c532a688bdc785f,,False,True,PREEXISTING
True,True,True,True,True,True,True,True,True,True,True,False,original,31,2014-07-01 15:30:00,time,72,31.0,scenario3,NO_EXISTING_SEGMENT_IN_COLUMN,30,30,19,1,928,929,30,1,928,0,32,0,0,0,0.0,0,0.0,0,0.0,0.0,0,0,0,0,0,0,0,,,0,4,4,0,False,False,0,0,0.0,0.0,0.0,17,5f7dd837c31d5ba6f50dc7021c2d81e9b129a35773694073327083cbb0a57e8e,,5f7dd837c31d5ba6f50dc7021c2d81e9b129a35773694073327083cbb0a57e8e,True,False,POST_OBSERVATION_CREATED
True,True,True,True,True,True,True,True,True,True,True,False,original,31,2014-07-01 15:30:00,passenger,311,18544.0,scenario3,PREDICTED_TIME_INVALID,30,30,19,1,928,929,30,1,928,0,32,2,2,81,2.5,4,22.619999999999997,0,0.0,0.0,2,0,0,0,0,0,0,59794eebfe437b594e40805c56bf77e886b5cdcb335fe48c1b9c4e8240697f27,4,0,4,4,0,False,False,51,19,0.37254901960784315,0.011603375527426161,0.019771071800208116,27,6b5366b7621da24294674116aedca4318d5bb2c25805a10cc0b8abe9dece5750,,6b5366b7621da24294674116aedca4318d5bb2c25805a10cc0b8abe9dece5750,True,False,POST_OBSERVATION_CREATED
True,True,True,True,True,True,True,True,True,True,True,False,original,31,2014-07-01 15:30:00,passenger,310,18544.0,scenario3,EXISTING_SEGMENTS_BELOW_L_MATCH,30,30,19,1,928,929,30,1,928,0,32,2,2,60,2.5,5,14.74,0,0.0,0.0,2,0,0,0,0,0,0,ae8ae916f986b331b637325d560005521b2724b7feff348d9f95e2eb20205de5,19,0,4,4,0,False,False,30,17,0.5666666666666667,0.018046709129511677,0.018046709129511677,2,2970c784b62ad4a171439f14fabf91869989bb0a4b754163692e9b972c935cf0,,2970c784b62ad4a171439f14fabf91869989bb0a4b754163692e9b972c935cf0,True,False,POST_OBSERVATION_CREATED
True,True,True,True,True,True,True,True,True,True,True,False,original,31,2014-07-01 15:30:00,passenger,312,18544.0,scenario3,EXISTING_SEGMENTS_BELOW_L_MATCH,30,30,19,1,928,929,30,1,928,0,32,3,3,103,2.3333333333333335,3,17.743333333333332,0,0.0,0.0,3,0,0,0,0,0,0,4d20f920130bf3809b685d4627944172a5b02a896683ae438fd7b100fe2c82c1,31,0,4,4,0,False,False,30,10,0.3333333333333333,0.01053740779768177,0.01053740779768177,21,28b7b676b1081be8e474b9e3cda22a327dd306ac67ab0ff850ea7f06466dafcb,,28b7b676b1081be8e474b9e3cda22a327dd306ac67ab0ff850ea7f06466dafcb,True,False,POST_OBSERVATION_CREATED
True,True,True,True,True,True,True,True,True,True,True,False,original,31,2014-07-01 15:30:00,passenger,309,18544.0,scenario3,EXISTING_SEGMENTS_BELOW_L_MATCH,30,30,19,1,928,929,30,1,928,0,32,2,2,60,2.5,4,14.775,0,0.0,0.0,2,0,0,0,0,0,0,7eddb52e6a36f0d256fe7367e60cbca7b086c644f89bac3cd28d1d03dea64300,19,0,4,4,0,False,False,30,17,0.5666666666666667,0.018046709129511677,0.018046709129511677,3,046d29e4214cf7ce46d619a26c2308420126323010e9b32cafac7853b871dab2,,046d29e4214cf7ce46d619a26c2308420126323010e9b32cafac7853b871dab2,True,False,POST_OBSERVATION_CREATED
True,True,True,True,True,True,True,True,True,True,True,False,original,31,2014-07-01 15:30:00,passenger,313,18544.0,scenario2,MATCHING_SEGMENT_FOUND,30,30,19,1,928,929,30,1,928,0,32,3,3,103,2.3333333333333335,3,17.666666666666668,11,4.0,1.0,1,1,0,0,1,1,1,5a7f3d4128f8aacbcb2e42f59283b871441aea64ac0e5399d13822ccdb12be46,16,11,4,0,1,False,False,43,16,0.37209302325581395,0.011603375527426161,0.016736401673640166,16,5a7f3d4128f8aacbcb2e42f59283b871441aea64ac0e5399d13822ccdb12be46,5a7f3d4128f8aacbcb2e42f59283b871441aea64ac0e5399d13822ccdb12be46,,False,True,PREEXISTING
True,True,True,True,True,True,True,True,True,True,True,False,original,31,2014-07-01 15:30:00,passenger,308,18544.0,scenario3,EXISTING_SEGMENTS_BELOW_L_MATCH,30,30,19,1,928,929,30,1,928,0,32,3,3,90,3.6666666666666665,6,14.6,0,0.0,0.0,3,0,0,0,0,0,0,d39f3fe75da4adde50d8e042ddbd52cdc4de4827ffbb6b77ad00375d3f50f322,7,0,4,4,0,False,False,30,10,0.3333333333333333,0.01053740779768177,0.01053740779768177,31,741dfbd84cad4eb791be628457bcd9f736a19e15bb5a1ec3c191e2a3061ad3a0,,741dfbd84cad4eb791be628457bcd9f736a19e15bb5a1ec3c191e2a3061ad3a0,True,False,POST_OBSERVATION_CREATED
True,True,True,True,True,True,True,True,True,True,True,False,original,31,2014-07-01 15:30:00,passenger,314,18544.0,scenario3,EXISTING_SEGMENTS_BELOW_L_MATCH,30,30,19,1,928,929,30,1,928,0,32,3,3,103,2.6666666666666665,5,17.66333333333333,1,0.3333333333333333,0.0,2,1,0,0,0,0,0,9a72975abe95dd2cf59a06e2aa1e49ebdc401bf4814c17d69848d97d8ae73891,2,1,4,3,0,False,False,30,12,0.4,0.012671594508975714,0.012671594508975714,18,43e5b24c8a9e745cb02baab91da1611570e25b4658c5d428239c31cdce470ffe,,43e5b24c8a9e745cb02baab91da1611570e25b4658c5d428239c31cdce470ffe,True,False,POST_OBSERVATION_CREATED
True,True,True,True,True,True,True,True,True,True,True,False,original,31,2014-07-01 15:30:00,passenger,307,18544.0,scenario2,MATCHING_SEGMENT_FOUND,30,30,19,1,928,929,30,1,928,0,32,3,3,90,3.3333333333333335,5,14.61,10,3.3333333333333335,0.0,2,0,0,0,1,1,1,14993feb46aa021e6e1bbbf06a984e85e936a583df8754e5afaf919dfbac62eb,13,10,4,0,1,False,False,30,10,0.3333333333333333,0.01053740779768177,0.01053740779768177,13,14993feb46aa021e6e1bbbf06a984e85e936a583df8754e5afaf919dfbac62eb,14993feb46aa021e6e1bbbf06a984e85e936a583df8754e5afaf919dfbac62eb,,False,True,PREEXISTING
True,True,True,True,True,True,True,True,True,True,True,False,original,31,2014-07-01 15:30:00,passenger,315,18544.0,scenario3,EXISTING_SEGMENTS_BELOW_L_MATCH,30,30,19,1,928,929,30,1,928,0,32,3,3,103,2.6666666666666665,6,17.66,0,0.0,0.0,3,0,0,0,0,0,0,ff298361484daee3f88849b3f60296f9b5b8fb4faedbdc4495716dd007e87f6e,20,0,4,4,0,False,False,30,10,0.3333333333333333,0.01053740779768177,0.01053740779768177,10,a0b7869c6756c7fc687ac62fbd036fbc1565341e25259ad909cd5f627994a8fc,,a0b7869c6756c7fc687ac62fbd036fbc1565341e25259ad909cd5f627994a8fc,True,False,POST_OBSERVATION_CREATED
True,True,True,True,True,True,True,True,True,True,True,False,original,31,2014-07-01 15:30:00,passenger,306,18544.0,scenario2,MATCHING_SEGMENT_FOUND,30,30,19,1,928,929,30,1,928,0,32,4,4,120,3.0,8,14.71,10,2.5,0.0,3,0,0,0,1,1,1,f913c961b990c702d8d7cfc9d67610fb26f6a3ad7517cf479548e7ca22ec4567,16,10,4,0,1,False,False,30,15,0.5,0.015889830508474576,0.015889830508474576,16,f913c961b990c702d8d7cfc9d67610fb26f6a3ad7517cf479548e7ca22ec4567,f913c961b990c702d8d7cfc9d67610fb26f6a3ad7517cf479548e7ca22ec4567,,False,True,PREEXISTING
True,True,True,True,True,True,True,True,True,True,True,False,original,32,2014-07-01 16:00:00,weekday,4,1.0,scenario2,MATCHING_SEGMENT_FOUND,30,30,23,2,896,898,30,2,896,0,32,1,1,511,0.0,0,318.8,24,24.0,24.0,0,0,0,0,1,1,1,8aeed2abd0f847e0b8500715486ecfcc55670f2b3385c6aeb419a3a0678f1913,30,24,4,0,1,False,False,511,75,0.14677103718199608,0.010893246187363835,0.05622188905547226,30,8aeed2abd0f847e0b8500715486ecfcc55670f2b3385c6aeb419a3a0678f1913,8aeed2abd0f847e0b8500715486ecfcc55670f2b3385c6aeb419a3a0678f1913,,False,True,PREEXISTING
True,True,True,True,True,True,True,True,True,True,True,False,original,32,2014-07-01 16:00:00,weekday,5,1.0,scenario2,MATCHING_SEGMENT_FOUND,30,30,23,2,896,898,30,2,896,0,32,1,1,511,0.0,0,318.8,24,24.0,24.0,0,0,0,0,1,1,1,64080601c3be5fe7030e7eb69924a6cafe76e2b467b4a5630a9f7de522aa39db,10,24,4,0,1,False,False,511,75,0.14677103718199608,0.010893246187363835,0.05622188905547226,10,64080601c3be5fe7030e7eb69924a6cafe76e2b467b4a5630a9f7de522aa39db,64080601c3be5fe7030e7eb69924a6cafe76e2b467b4a5630a9f7de522aa39db,,False,True,PREEXISTING
True,True,True,True,True,True,True,True,True,True,True,False,original,32,2014-07-01 16:00:00,weekday,3,1.0,scenario2,MATCHING_SEGMENT_FOUND,30,30,23,2,896,898,30,2,896,0,32,1,1,511,1.0,1,318.76,24,24.0,24.0,0,0,0,0,1,1,1,69f0cb4491a1fd577b6c1af78119fa843dac41862a4e9483fd3c8e414791a45f,4,24,4,0,1,False,False,511,75,0.14677103718199608,0.010893246187363835,0.05622188905547226,4,69f0cb4491a1fd577b6c1af78119fa843dac41862a4e9483fd3c8e414791a45f,69f0cb4491a1fd577b6c1af78119fa843dac41862a4e9483fd3c8e414791a45f,,False,True,PREEXISTING
True,True,True,True,True,True,True,True,True,True,True,False,original,32,2014-07-01 16:00:00,weekday,6,1.0,scenario2,MATCHING_SEGMENT_FOUND,30,30,23,2,896,898,30,2,896,0,32,1,1,511,1.0,1,318.74,24,24.0,24.0,0,0,0,0,1,1,1,d0ca4df7b4ef8ef8330fc3c3fb6df6da237f2c8759fa1a08b551c3b0267a5cc1,29,24,4,0,1,False,False,511,75,0.14677103718199608,0.010893246187363835,0.05622188905547226,29,d0ca4df7b4ef8ef8330fc3c3fb6df6da237f2c8759fa1a08b551c3b0267a5cc1,d0ca4df7b4ef8ef8330fc3c3fb6df6da237f2c8759fa1a08b551c3b0267a5cc1,,False,True,PREEXISTING
True,True,True,True,True,True,True,True,True,True,True,False,original,32,2014-07-01 16:00:00,weekday,2,1.0,scenario2,MATCHING_SEGMENT_FOUND,30,30,23,2,896,898,30,2,896,0,32,1,1,511,1.0,1,318.74,24,24.0,24.0,0,0,0,0,1,1,1,62de03d338e81fffb1fe886b83637755e48f7109d103cb5c35e3be82a6942085,15,24,4,0,1,False,False,511,75,0.14677103718199608,0.010893246187363835,0.05622188905547226,15,62de03d338e81fffb1fe886b83637755e48f7109d103cb5c35e3be82a6942085,62de03d338e81fffb1fe886b83637755e48f7109d103cb5c35e3be82a6942085,,False,True,PREEXISTING
True,True,True,True,True,True,True,True,True,True,True,False,original,32,2014-07-01 16:00:00,weekday,7,1.0,scenario2,MATCHING_SEGMENT_FOUND,30,30,23,2,896,898,30,2,896,0,32,1,1,511,3.0,3,318.68,24,24.0,24.0,0,0,0,0,1,1,1,82cd778248b58abce2dd437ff3430d422a5f31f0857456cb0806c4bbf75c2f84,1,24,4,0,1,False,False,511,75,0.14677103718199608,0.010893246187363835,0.05622188905547226,1,82cd778248b58abce2dd437ff3430d422a5f31f0857456cb0806c4bbf75c2f84,82cd778248b58abce2dd437ff3430d422a5f31f0857456cb0806c4bbf75c2f84,,False,True,PREEXISTING
True,True,True,True,True,True,True,True,True,True,True,False,original,32,2014-07-01 16:00:00,weekday,1,1.0,scenario2,MATCHING_SEGMENT_FOUND,30,30,23,2,896,898,30,2,896,0,32,1,1,511,3.0,3,318.61,24,24.0,24.0,0,0,0,0,1,1,1,096eb71f46b469fc4f1cc7d4ed984088c225a66b3cfbaad900f9fc8fd6e6985c,15,24,4,0,1,False,False,511,75,0.14677103718199608,0.010893246187363835,0.05622188905547226,15,096eb71f46b469fc4f1cc7d4ed984088c225a66b3cfbaad900f9fc8fd6e6985c,096eb71f46b469fc4f1cc7d4ed984088c225a66b3cfbaad900f9fc8fd6e6985c,,False,True,PREEXISTING
True,True,True,True,True,True,True,True,True,True,True,False,original,32,2014-07-01 16:00:00,weekday,8,1.0,scenario2,MATCHING_SEGMENT_FOUND,30,30,23,2,896,898,30,2,896,0,32,1,1,511,4.0,4,318.24,24,24.0,24.0,0,0,0,0,1,1,1,8707a46b07890e9f3d4b42af5e0aab7361dc144e7986f25d90e421a33089bd83,29,24,4,0,1,False,False,511,75,0.14677103718199608,0.010893246187363835,0.05622188905547226,29,8707a46b07890e9f3d4b42af5e0aab7361dc144e7986f25d90e421a33089bd83,8707a46b07890e9f3d4b42af5e0aab7361dc144e7986f25d90e421a33089bd83,,False,True,PREEXISTING
True,True,True,True,True,True,True,True,True,True,True,False,original,32,2014-07-01 16:00:00,weekday,0,1.0,scenario2,MATCHING_SEGMENT_FOUND,30,30,23,2,896,898,30,2,896,0,32,1,1,511,4.0,4,318.25,24,24.0,24.0,0,0,0,0,1,1,1,b8ff4e0cd1bf15ed47968cde6ad2530bfe3d56b991c289d66df5ed3a4ea01ca1,4,24,4,0,1,False,False,511,75,0.14677103718199608,0.010893246187363835,0.05622188905547226,4,b8ff4e0cd1bf15ed47968cde6ad2530bfe3d56b991c289d66df5ed3a4ea01ca1,b8ff4e0cd1bf15ed47968cde6ad2530bfe3d56b991c289d66df5ed3a4ea01ca1,,False,True,PREEXISTING
True,True,True,True,True,True,True,True,True,True,True,False,original,32,2014-07-01 16:00:00,weekday,9,1.0,scenario2,MATCHING_SEGMENT_FOUND,30,30,23,2,896,898,30,2,896,0,32,1,1,511,4.0,4,318.15,24,24.0,24.0,0,0,0,0,1,1,1,1928f40ce31bf6bd47fb15c046e5d7db5c6f2744acdbf86090d49adc6860aaca,19,24,4,0,1,False,False,511,75,0.14677103718199608,0.010893246187363835,0.05622188905547226,19,1928f40ce31bf6bd47fb15c046e5d7db5c6f2744acdbf86090d49adc6860aaca,1928f40ce31bf6bd47fb15c046e5d7db5c6f2744acdbf86090d49adc6860aaca,,False,True,PREEXISTING
True,True,True,True,True,True,True,True,True,True,True,False,original,32,2014-07-01 16:00:00,time,69,32.0,scenario3,EXISTING_SEGMENTS_BELOW_L_MATCH,30,30,23,2,896,898,30,2,896,0,32,2,2,60,1.0,2,13.885,1,0.5,0.5,1,1,0,0,0,0,0,27c8864f1513c3356ef389c0156c76a0ae563b4c2e1535c019b84e399b220c38,5,1,4,3,0,False,False,30,16,0.5333333333333333,0.017543859649122806,0.017543859649122806,26,4a007c06eaabb6408eedfdf29328c7189b9552c2527f7ef8afbb744d4471ea6f,,4a007c06eaabb6408eedfdf29328c7189b9552c2527f7ef8afbb744d4471ea6f,True,False,POST_OBSERVATION_CREATED
True,True,True,True,True,True,True,True,True,True,True,False,original,32,2014-07-01 16:00:00,time,68,32.0,scenario3,EXISTING_SEGMENTS_BELOW_L_MATCH,30,30,23,2,896,898,30,2,896,0,32,2,2,80,1.0,2,19.92,0,0.0,0.0,2,0,0,0,0,0,0,79ff63d45dd6846731d3e584bf4c1a56a0166e577d97b3651d759032a2f0cd2b,21,0,4,4,0,False,False,30,15,0.5,0.01642935377875137,0.01642935377875137,29,74146820f61b3abe7884c7980bd94465efcce1451739a27c6bb700313f7f62dc,,74146820f61b3abe7884c7980bd94465efcce1451739a27c6bb700313f7f62dc,True,False,POST_OBSERVATION_CREATED
True,True,True,True,True,True,True,True,True,True,True,False,original,32,2014-07-01 16:00:00,time,70,32.0,scenario3,EXISTING_SEGMENTS_BELOW_L_MATCH,30,30,23,2,896,898,30,2,896,0,32,2,2,60,1.0,2,13.885,1,0.5,0.5,1,1,0,0,0,0,0,e4c414efa11552a74c414f8d5310b0038cc786124ca1b16cc1d6a088dc9eaeb5,24,1,4,3,0,False,False,30,16,0.5333333333333333,0.017543859649122806,0.017543859649122806,25,57b073de719412943c5872094453f152ddf98f678206364a7aefdb48fbfd2833,,57b073de719412943c5872094453f152ddf98f678206364a7aefdb48fbfd2833,True,False,POST_OBSERVATION_CREATED
True,True,True,True,True,True,True,True,True,True,True,False,original,32,2014-07-01 16:00:00,time,67,32.0,scenario3,EXISTING_SEGMENTS_BELOW_L_MATCH,30,30,23,2,896,898,30,2,896,0,32,4,4,120,0.75,2,14.350000000000001,1,0.25,0.0,3,1,0,0,0,0,0,877e75b5225a7634bd0a7345aef92096dd677b84977bebe5b11a685c4ebfc6a1,16,1,4,3,0,False,False,30,20,0.6666666666666666,0.022026431718061675,0.022026431718061675,5,8e1f82229793042b27329b4c258f13143f606db5306c4a4bd3bbf16705687cc1,,8e1f82229793042b27329b4c258f13143f606db5306c4a4bd3bbf16705687cc1,True,False,POST_OBSERVATION_CREATED
True,True,True,True,True,True,True,True,True,True,True,False,original,32,2014-07-01 16:00:00,time,71,32.0,scenario3,PREDICTED_TIME_INVALID,30,30,23,2,896,898,30,2,896,0,32,1,1,50,0.0,0,27.4,0,0.0,0.0,1,0,0,0,0,0,0,0b8fdf1c7d7445deb0760bd1064ef7048564fe8461dd6e8cbbd04ee26a8bafc9,11,0,4,4,0,False,False,50,25,0.5,0.01978021978021978,0.027085590465872156,25,6e48795423ac4fec9dc4580e0e8ba8d888038f3491d25cad6d25d9f10c319189,,6e48795423ac4fec9dc4580e0e8ba8d888038f3491d25cad6d25d9f10c319189,True,False,POST_OBSERVATION_CREATED
True,True,True,True,True,True,True,True,True,True,True,False,original,32,2014-07-01 16:00:00,time,66,32.0,scenario3,EXISTING_SEGMENTS_BELOW_L_MATCH,30,30,23,2,896,898,30,2,896,0,32,5,5,150,0.6,2,14.48,1,0.4,0.0,3,2,0,0,0,0,0,799e2ff33f3b28532235a62575e156670ee4e7689f48fae11f0ad74b5fccc121,22,1,4,3,0,False,False,30,18,0.6,0.01978021978021978,0.01978021978021978,17,3dd1d5111fa9c0e8d631b5dd8513e82ed14d4e63d4186537e45ea0b720146819,,3dd1d5111fa9c0e8d631b5dd8513e82ed14d4e63d4186537e45ea0b720146819,True,False,POST_OBSERVATION_CREATED
True,True,True,True,True,True,True,True,True,True,True,False,original,32,2014-07-01 16:00:00,time,72,32.0,scenario3,PREDICTED_TIME_INVALID,30,30,23,2,896,898,30,2,896,0,32,1,1,30,0.0,0,15.0,0,0.0,0.0,1,0,0,0,0,0,0,5f7dd837c31d5ba6f50dc7021c2d81e9b129a35773694073327083cbb0a57e8e,17,0,4,4,0,False,False,30,17,0.5666666666666667,0.018660812294182216,0.018660812294182216,29,4de0857a1ba85476342768113abb18aab660252022d5b5f662ce880af73d17eb,,4de0857a1ba85476342768113abb18aab660252022d5b5f662ce880af73d17eb,True,False,POST_OBSERVATION_CREATED
True,True,True,True,True,True,True,True,True,True,True,False,original,32,2014-07-01 16:00:00,time,65,32.0,scenario2,MATCHING_SEGMENT_FOUND,30,30,23,2,896,898,30,2,896,0,32,5,5,170,1.2,2,17.392000000000003,11,2.6,1.0,2,2,0,0,1,1,1,b42927aa8333bb0dc84659820336bb6a42cc9c527edf74a5e2809ec04659eba1,31,11,4,0,1,False,False,30,18,0.6,0.01978021978021978,0.01978021978021978,31,b42927aa8333bb0dc84659820336bb6a42cc9c527edf74a5e2809ec04659eba1,b42927aa8333bb0dc84659820336bb6a42cc9c527edf74a5e2809ec04659eba1,,False,True,PREEXISTING
True,True,True,True,True,True,True,True,True,True,True,False,original,32,2014-07-01 16:00:00,time,73,32.0,scenario3,NO_EXISTING_SEGMENT_IN_COLUMN,30,30,23,2,896,898,30,2,896,0,32,0,0,0,0.0,0,0.0,0,0.0,0.0,0,0,0,0,0,0,0,,,0,4,4,0,False,False,0,0,0.0,0.0,0.0,17,8671e4ae27233192e963f8862ed20755f4fe1709cc17747ae58109fca61800ff,,8671e4ae27233192e963f8862ed20755f4fe1709cc17747ae58109fca61800ff,True,False,POST_OBSERVATION_CREATED
True,True,True,True,True,True,True,True,True,True,True,False,original,32,2014-07-01 16:00:00,time,64,32.0,scenario3,EXISTING_SEGMENTS_BELOW_L_MATCH,30,30,23,2,896,898,30,2,896,0,32,5,5,169,1.2,3,16.942,2,0.6,0.0,3,1,1,0,0,0,0,cc3e1595ba66b5a4a544c703ddc9c33bb697bf75b6b3eeb26bc619247ab8a702,15,2,4,2,0,False,False,49,25,0.5102040816326531,0.022026431718061675,0.027114967462039046,30,11b442702e4d9843ac1581b5c9e3fe21350e840a0221d64dba5a9a1438405710,,11b442702e4d9843ac1581b5c9e3fe21350e840a0221d64dba5a9a1438405710,True,False,POST_OBSERVATION_CREATED
True,True,True,True,True,True,True,True,True,True,True,False,original,32,2014-07-01 16:00:00,passenger,283,16228.0,scenario3,MATCHING_SEGMENT_NOT_ELIGIBLE,30,30,23,2,896,898,30,2,896,0,32,1,1,30,12.0,12,13.78,0,0.0,0.0,1,0,0,0,0,0,0,951495fdd6bf4be4823586e662368847dd26899ae0b38c3776d70a379c325c0f,22,0,4,4,0,False,False,30,10,0.3333333333333333,0.010893246187363835,0.010893246187363835,27,d2b592987d3be75446492ea352cbd8f46ba372a0628852693a087a548e9d4f74,,d2b592987d3be75446492ea352cbd8f46ba372a0628852693a087a548e9d4f74,True,False,POST_OBSERVATION_CREATED
True,True,True,True,True,True,True,True,True,True,True,False,original,32,2014-07-01 16:00:00,passenger,284,16228.0,scenario3,NO_EXISTING_SEGMENT_IN_COLUMN,30,30,23,2,896,898,30,2,896,0,32,0,0,0,0.0,0,0.0,0,0.0,0.0,0,0,0,0,0,0,0,,,0,4,4,0,False,False,0,0,0.0,0.0,0.0,17,decd0a76c760a24686479963fb17f674f707aec095ba8486bcb11a6a5d502270,,decd0a76c760a24686479963fb17f674f707aec095ba8486bcb11a6a5d502270,True,False,POST_OBSERVATION_CREATED
True,True,True,True,True,True,True,True,True,True,True,False,original,32,2014-07-01 16:00:00,passenger,282,16228.0,scenario3,MATCHING_SEGMENT_NOT_ELIGIBLE,30,30,23,2,896,898,30,2,896,0,32,1,1,30,12.0,12,13.78,0,0.0,0.0,1,0,0,0,0,0,0,7a33fd527844968d55a5a12eb49ce348a851ad24f315786ed1b820d854fdf74e,3,0,4,4,0,False,False,30,10,0.3333333333333333,0.010893246187363835,0.010893246187363835,19,8fdc52815518d5dc9150b59bafce1d29fedf7f26db400eec469d07f2e8e62eba,,8fdc52815518d5dc9150b59bafce1d29fedf7f26db400eec469d07f2e8e62eba,True,False,POST_OBSERVATION_CREATED
True,True,True,True,True,True,True,True,True,True,True,False,original,32,2014-07-01 16:00:00,passenger,285,16228.0,scenario3,NO_EXISTING_SEGMENT_IN_COLUMN,30,30,23,2,896,898,30,2,896,0,32,0,0,0,0.0,0,0.0,0,0.0,0.0,0,0,0,0,0,0,0,,,0,4,4,0,False,False,0,0,0.0,0.0,0.0,24,035b856041b1c54e3f5120d5e40c76976ebcc68d450b805efd4407e66453c6f2,,035b856041b1c54e3f5120d5e40c76976ebcc68d450b805efd4407e66453c6f2,True,False,POST_OBSERVATION_CREATED
True,True,True,True,True,True,True,True,True,True,True,False,original,32,2014-07-01 16:00:00,passenger,281,16228.0,scenario1,CORRECTLY_PREDICTED_CELL_AVAILABLE,30,30,23,2,896,898,30,2,896,0,32,1,1,30,14.0,14,13.589999999999998,10,10.0,10.0,0,0,0,0,1,1,1,f1d636f40c6bcf72daead279cee915e9c86f528f2d1fa1848183b4b37a783790,15,10,4,0,1,False,False,30,10,0.3333333333333333,0.010893246187363835,0.010893246187363835,15,f1d636f40c6bcf72daead279cee915e9c86f528f2d1fa1848183b4b37a783790,f1d636f40c6bcf72daead279cee915e9c86f528f2d1fa1848183b4b37a783790,,False,True,PREEXISTING
True,True,True,True,True,True,True,True,True,True,True,False,original,32,2014-07-01 16:00:00,passenger,286,16228.0,scenario3,NO_EXISTING_SEGMENT_IN_COLUMN,30,30,23,2,896,898,30,2,896,0,32,0,0,0,0.0,0,0.0,0,0.0,0.0,0,0,0,0,0,0,0,,,0,4,4,0,False,False,0,0,0.0,0.0,0.0,0,78bff2a196bbd07774581938c737d82c90efa9f0ddff6245d080d31f8925bd21,,78bff2a196bbd07774581938c737d82c90efa9f0ddff6245d080d31f8925bd21,True,False,POST_OBSERVATION_CREATED
True,True,True,True,True,True,True,True,True,True,True,False,original,32,2014-07-01 16:00:00,passenger,280,16228.0,scenario3,EXISTING_SEGMENTS_BELOW_L_MATCH,30,30,23,2,896,898,30,2,896,0,32,1,1,30,14.0,14,13.589999999999998,0,0.0,0.0,1,0,0,0,0,0,0,f8cd24a05cca0788357e3805d8eaceaa320f0794bb37d26227981d120a760431,17,0,4,4,0,False,False,30,10,0.3333333333333333,0.010893246187363835,0.010893246187363835,11,0ffc521fa4213550a23148e40313628ccfcfceed34637a4aa8ce91ccbab82258,,0ffc521fa4213550a23148e40313628ccfcfceed34637a4aa8ce91ccbab82258,True,False,POST_OBSERVATION_CREATED
True,True,True,True,True,True,True,True,True,True,True,False,original,32,2014-07-01 16:00:00,passenger,287,16228.0,scenario3,NO_EXISTING_SEGMENT_IN_COLUMN,30,30,23,2,896,898,30,2,896,0,32,0,0,0,0.0,0,0.0,0,0.0,0.0,0,0,0,0,0,0,0,,,0,4,4,0,False,False,0,0,0.0,0.0,0.0,16,49b7eb42c5701b5f40ef629be544c4066a85190506e79cdba864b63b0950c3f9,,49b7eb42c5701b5f40ef629be544c4066a85190506e79cdba864b63b0950c3f9,True,False,POST_OBSERVATION_CREATED
True,True,True,True,True,True,True,True,True,True,True,False,original,32,2014-07-01 16:00:00,passenger,279,16228.0,scenario3,EXISTING_SEGMENTS_BELOW_L_MATCH,30,30,23,2,896,898,30,2,896,0,32,1,1,30,14.0,14,13.589999999999998,0,0.0,0.0,1,0,0,0,0,0,0,25dd5879a2d8fbea6b302f73bca467fb964dca7cc3fafc3f01a8d1049190f03f,13,0,4,4,0,False,False,30,10,0.3333333333333333,0.010893246187363835,0.010893246187363835,25,6d6f1497fb957ead83c317004be76c51d781c5b86d6a85fb34c44bb77a1b484c,,6d6f1497fb957ead83c317004be76c51d781c5b86d6a85fb34c44bb77a1b484c,True,False,POST_OBSERVATION_CREATED
True,True,True,True,True,True,True,True,True,True,True,False,original,32,2014-07-01 16:00:00,passenger,288,16228.0,scenario3,NO_EXISTING_SEGMENT_IN_COLUMN,30,30,23,2,896,898,30,2,896,0,32,0,0,0,0.0,0,0.0,0,0.0,0.0,0,0,0,0,0,0,0,,,0,4,4,0,False,False,0,0,0.0,0.0,0.0,24,c1323bb15339877de64219aa4efda925fa150aa37f6e6956c28874708ac8493b,,c1323bb15339877de64219aa4efda925fa150aa37f6e6956c28874708ac8493b,True,False,POST_OBSERVATION_CREATED
True,True,True,True,True,True,True,True,True,True,True,False,original,33,2014-07-01 16:30:00,weekday,4,1.0,scenario2,MATCHING_SEGMENT_FOUND,30,30,17,1,928,929,30,1,928,0,32,1,1,522,0.0,0,325.9,21,21.0,21.0,0,0,0,0,1,1,1,8aeed2abd0f847e0b8500715486ecfcc55670f2b3385c6aeb419a3a0678f1913,30,21,4,0,1,False,False,522,51,0.09770114942528736,0.01053740779768177,0.03642857142857143,30,8aeed2abd0f847e0b8500715486ecfcc55670f2b3385c6aeb419a3a0678f1913,8aeed2abd0f847e0b8500715486ecfcc55670f2b3385c6aeb419a3a0678f1913,,False,True,PREEXISTING
True,True,True,True,True,True,True,True,True,True,True,False,original,33,2014-07-01 16:30:00,weekday,5,1.0,scenario2,MATCHING_SEGMENT_FOUND,30,30,17,1,928,929,30,1,928,0,32,1,1,522,0.0,0,325.9,21,21.0,21.0,0,0,0,0,1,1,1,64080601c3be5fe7030e7eb69924a6cafe76e2b467b4a5630a9f7de522aa39db,10,21,4,0,1,False,False,522,51,0.09770114942528736,0.01053740779768177,0.03642857142857143,10,64080601c3be5fe7030e7eb69924a6cafe76e2b467b4a5630a9f7de522aa39db,64080601c3be5fe7030e7eb69924a6cafe76e2b467b4a5630a9f7de522aa39db,,False,True,PREEXISTING
True,True,True,True,True,True,True,True,True,True,True,False,original,33,2014-07-01 16:30:00,weekday,3,1.0,scenario2,MATCHING_SEGMENT_FOUND,30,30,17,1,928,929,30,1,928,0,32,1,1,522,1.0,1,325.86,21,21.0,21.0,0,0,0,0,1,1,1,69f0cb4491a1fd577b6c1af78119fa843dac41862a4e9483fd3c8e414791a45f,4,21,4,0,1,False,False,522,51,0.09770114942528736,0.01053740779768177,0.03642857142857143,4,69f0cb4491a1fd577b6c1af78119fa843dac41862a4e9483fd3c8e414791a45f,69f0cb4491a1fd577b6c1af78119fa843dac41862a4e9483fd3c8e414791a45f,,False,True,PREEXISTING
True,True,True,True,True,True,True,True,True,True,True,False,original,33,2014-07-01 16:30:00,weekday,6,1.0,scenario2,MATCHING_SEGMENT_FOUND,30,30,17,1,928,929,30,1,928,0,32,1,1,522,1.0,1,325.84,21,21.0,21.0,0,0,0,0,1,1,1,d0ca4df7b4ef8ef8330fc3c3fb6df6da237f2c8759fa1a08b551c3b0267a5cc1,29,21,4,0,1,False,False,522,51,0.09770114942528736,0.01053740779768177,0.03642857142857143,29,d0ca4df7b4ef8ef8330fc3c3fb6df6da237f2c8759fa1a08b551c3b0267a5cc1,d0ca4df7b4ef8ef8330fc3c3fb6df6da237f2c8759fa1a08b551c3b0267a5cc1,,False,True,PREEXISTING
True,True,True,True,True,True,True,True,True,True,True,False,original,33,2014-07-01 16:30:00,weekday,2,1.0,scenario2,MATCHING_SEGMENT_FOUND,30,30,17,1,928,929,30,1,928,0,32,1,1,522,1.0,1,325.84,21,21.0,21.0,0,0,0,0,1,1,1,62de03d338e81fffb1fe886b83637755e48f7109d103cb5c35e3be82a6942085,15,21,4,0,1,False,False,522,51,0.09770114942528736,0.01053740779768177,0.03642857142857143,15,62de03d338e81fffb1fe886b83637755e48f7109d103cb5c35e3be82a6942085,62de03d338e81fffb1fe886b83637755e48f7109d103cb5c35e3be82a6942085,,False,True,PREEXISTING
True,True,True,True,True,True,True,True,True,True,True,False,original,33,2014-07-01 16:30:00,weekday,7,1.0,scenario2,MATCHING_SEGMENT_FOUND,30,30,17,1,928,929,30,1,928,0,32,1,1,522,3.0,3,325.78,21,21.0,21.0,0,0,0,0,1,1,1,82cd778248b58abce2dd437ff3430d422a5f31f0857456cb0806c4bbf75c2f84,1,21,4,0,1,False,False,522,51,0.09770114942528736,0.01053740779768177,0.03642857142857143,1,82cd778248b58abce2dd437ff3430d422a5f31f0857456cb0806c4bbf75c2f84,82cd778248b58abce2dd437ff3430d422a5f31f0857456cb0806c4bbf75c2f84,,False,True,PREEXISTING
True,True,True,True,True,True,True,True,True,True,True,False,original,33,2014-07-01 16:30:00,weekday,1,1.0,scenario2,MATCHING_SEGMENT_FOUND,30,30,17,1,928,929,30,1,928,0,32,1,1,522,3.0,3,325.71,21,21.0,21.0,0,0,0,0,1,1,1,096eb71f46b469fc4f1cc7d4ed984088c225a66b3cfbaad900f9fc8fd6e6985c,15,21,4,0,1,False,False,522,51,0.09770114942528736,0.01053740779768177,0.03642857142857143,15,096eb71f46b469fc4f1cc7d4ed984088c225a66b3cfbaad900f9fc8fd6e6985c,096eb71f46b469fc4f1cc7d4ed984088c225a66b3cfbaad900f9fc8fd6e6985c,,False,True,PREEXISTING
True,True,True,True,True,True,True,True,True,True,True,False,original,33,2014-07-01 16:30:00,weekday,8,1.0,scenario2,MATCHING_SEGMENT_FOUND,30,30,17,1,928,929,30,1,928,0,32,1,1,522,4.0,4,325.34,21,21.0,21.0,0,0,0,0,1,1,1,8707a46b07890e9f3d4b42af5e0aab7361dc144e7986f25d90e421a33089bd83,29,21,4,0,1,False,False,522,51,0.09770114942528736,0.01053740779768177,0.03642857142857143,29,8707a46b07890e9f3d4b42af5e0aab7361dc144e7986f25d90e421a33089bd83,8707a46b07890e9f3d4b42af5e0aab7361dc144e7986f25d90e421a33089bd83,,False,True,PREEXISTING
True,True,True,True,True,True,True,True,True,True,True,False,original,33,2014-07-01 16:30:00,weekday,0,1.0,scenario2,MATCHING_SEGMENT_FOUND,30,30,17,1,928,929,30,1,928,0,32,1,1,522,4.0,4,325.33,21,21.0,21.0,0,0,0,0,1,1,1,b8ff4e0cd1bf15ed47968cde6ad2530bfe3d56b991c289d66df5ed3a4ea01ca1,4,21,4,0,1,False,False,522,51,0.09770114942528736,0.01053740779768177,0.03642857142857143,4,b8ff4e0cd1bf15ed47968cde6ad2530bfe3d56b991c289d66df5ed3a4ea01ca1,b8ff4e0cd1bf15ed47968cde6ad2530bfe3d56b991c289d66df5ed3a4ea01ca1,,False,True,PREEXISTING
True,True,True,True,True,True,True,True,True,True,True,False,original,33,2014-07-01 16:30:00,weekday,9,1.0,scenario2,MATCHING_SEGMENT_FOUND,30,30,17,1,928,929,30,1,928,0,32,1,1,522,4.0,4,325.22999999999996,21,21.0,21.0,0,0,0,0,1,1,1,1928f40ce31bf6bd47fb15c046e5d7db5c6f2744acdbf86090d49adc6860aaca,19,21,4,0,1,False,False,522,51,0.09770114942528736,0.01053740779768177,0.03642857142857143,19,1928f40ce31bf6bd47fb15c046e5d7db5c6f2744acdbf86090d49adc6860aaca,1928f40ce31bf6bd47fb15c046e5d7db5c6f2744acdbf86090d49adc6860aaca,,False,True,PREEXISTING
True,True,True,True,True,True,True,True,True,True,True,False,original,33,2014-07-01 16:30:00,time,70,33.0,scenario3,EXISTING_SEGMENTS_BELOW_L_MATCH,30,30,17,1,928,929,30,1,928,0,32,3,3,90,1.0,2,14.246666666666668,2,0.6666666666666666,0.0,2,0,1,0,0,0,0,355d118cb30674ef89dce52394b55121395a6b489e008d60a0ef92a77b66733b,2,2,4,2,0,False,False,30,17,0.5666666666666667,0.018046709129511677,0.018046709129511677,27,5887af7cc61bb63a5a73140aca6e97d6bbf4226cf44833a25b7e2484a9dab3e5,,5887af7cc61bb63a5a73140aca6e97d6bbf4226cf44833a25b7e2484a9dab3e5,True,False,POST_OBSERVATION_CREATED
True,True,True,True,True,True,True,True,True,True,True,False,original,33,2014-07-01 16:30:00,time,69,33.0,scenario3,EXISTING_SEGMENTS_BELOW_L_MATCH,30,30,17,1,928,929,30,1,928,0,32,3,3,90,1.0,2,14.246666666666668,1,0.3333333333333333,0.0,2,1,0,0,0,0,0,29dd2e810a2b715864936b51e0dc0bd235b8d6fc15ba777f6624377f3c4a52c4,30,1,4,3,0,False,False,30,17,0.5666666666666667,0.018046709129511677,0.018046709129511677,12,3acac3d13522bf08d7fd63bfe7eeb4fd147d3941a949cf1b0ff9a0373e132e57,,3acac3d13522bf08d7fd63bfe7eeb4fd147d3941a949cf1b0ff9a0373e132e57,True,False,POST_OBSERVATION_CREATED
True,True,True,True,True,True,True,True,True,True,True,False,original,33,2014-07-01 16:30:00,time,71,33.0,scenario2,MATCHING_SEGMENT_FOUND,30,30,17,1,928,929,30,1,928,0,32,2,2,80,0.5,1,21.174999999999997,5,2.5,2.5,1,0,0,0,1,1,1,0b8fdf1c7d7445deb0760bd1064ef7048564fe8461dd6e8cbbd04ee26a8bafc9,11,5,4,0,1,False,False,50,25,0.5,0.018046709129511677,0.02620545073375262,11,0b8fdf1c7d7445deb0760bd1064ef7048564fe8461dd6e8cbbd04ee26a8bafc9,0b8fdf1c7d7445deb0760bd1064ef7048564fe8461dd6e8cbbd04ee26a8bafc9,,False,True,PREEXISTING
True,True,True,True,True,True,True,True,True,True,True,False,original,33,2014-07-01 16:30:00,time,68,33.0,scenario2,MATCHING_SEGMENT_FOUND,30,30,17,1,928,929,30,1,928,0,32,3,3,110,1.0,3,18.243333333333332,12,4.333333333333333,1.0,1,1,0,0,1,1,1,79ff63d45dd6846731d3e584bf4c1a56a0166e577d97b3651d759032a2f0cd2b,21,12,4,0,1,False,False,50,25,0.5,0.018046709129511677,0.02620545073375262,21,79ff63d45dd6846731d3e584bf4c1a56a0166e577d97b3651d759032a2f0cd2b,79ff63d45dd6846731d3e584bf4c1a56a0166e577d97b3651d759032a2f0cd2b,,False,True,PREEXISTING
True,True,True,True,True,True,True,True,True,True,True,False,original,33,2014-07-01 16:30:00,time,72,33.0,scenario3,EXISTING_SEGMENTS_BELOW_L_MATCH,30,30,17,1,928,929,30,1,928,0,32,2,2,60,0.5,1,14.995000000000001,3,1.5,1.5,1,0,0,1,0,0,0,5f7dd837c31d5ba6f50dc7021c2d81e9b129a35773694073327083cbb0a57e8e,17,3,4,1,0,False,False,30,18,0.6,0.019128586609989374,0.019128586609989374,20,adc5a1245cae4797e7563c7ef305768c441f415120372f8d643bfdddc26becf3,,adc5a1245cae4797e7563c7ef305768c441f415120372f8d643bfdddc26becf3,True,False,POST_OBSERVATION_CREATED
True,True,True,True,True,True,True,True,True,True,True,False,original,33,2014-07-01 16:30:00,time,67,33.0,scenario3,EXISTING_SEGMENTS_BELOW_L_MATCH,30,30,17,1,928,929,30,1,928,0,32,5,5,150,0.8,3,14.458000000000002,3,1.0,1.0,2,2,0,1,0,0,0,19f8d70eee9f28810da6d39654e4397d5b0b6d5474d6b7af5a09a568c349d0fb,7,3,4,1,0,False,False,30,18,0.6,0.019128586609989374,0.019128586609989374,30,909bd67bec1c63cbb95b216edbb166a8ad6d05aba19848d5502d912c4027e167,,909bd67bec1c63cbb95b216edbb166a8ad6d05aba19848d5502d912c4027e167,True,False,POST_OBSERVATION_CREATED
True,True,True,True,True,True,True,True,True,True,True,False,original,33,2014-07-01 16:30:00,time,73,33.0,scenario3,EXISTING_SEGMENTS_BELOW_L_MATCH,30,30,17,1,928,929,30,1,928,0,32,1,1,30,0.0,0,15.0,0,0.0,0.0,1,0,0,0,0,0,0,8671e4ae27233192e963f8862ed20755f4fe1709cc17747ae58109fca61800ff,17,0,4,4,0,False,False,30,19,0.6333333333333333,0.02021276595744681,0.02021276595744681,23,7a299d316ad638095c7680127bb773861274c5ef60125cee0676ffb304561872,,7a299d316ad638095c7680127bb773861274c5ef60125cee0676ffb304561872,True,False,POST_OBSERVATION_CREATED
True,True,True,True,True,True,True,True,True,True,True,False,original,33,2014-07-01 16:30:00,time,66,33.0,scenario3,EXISTING_SEGMENTS_BELOW_L_MATCH,30,30,17,1,928,929,30,1,928,0,32,6,6,180,0.6666666666666666,2,14.565,3,1.1666666666666667,1.0,2,2,1,1,0,0,0,ea23e06dbdf75481d28f1a571354f39b87c204ba4eeb81425698772dadb266ef,19,3,4,1,0,False,False,30,18,0.6,0.019128586609989374,0.019128586609989374,13,c82185bdeb477911c24b08cf58e903949720d4ea321f38d9cdc41a006cc6296f,,c82185bdeb477911c24b08cf58e903949720d4ea321f38d9cdc41a006cc6296f,True,False,POST_OBSERVATION_CREATED
True,True,True,True,True,True,True,True,True,True,True,False,original,33,2014-07-01 16:30:00,time,74,33.0,scenario3,NO_EXISTING_SEGMENT_IN_COLUMN,30,30,17,1,928,929,30,1,928,0,32,0,0,0,0.0,0,0.0,0,0.0,0.0,0,0,0,0,0,0,0,,,0,4,4,0,False,False,0,0,0.0,0.0,0.0,16,bd6591eec09616498c2bb7c2d4f51fca04357663a40ca78e59acad8c438252bb,,bd6591eec09616498c2bb7c2d4f51fca04357663a40ca78e59acad8c438252bb,True,False,POST_OBSERVATION_CREATED
True,True,True,True,True,True,True,True,True,True,True,False,original,33,2014-07-01 16:30:00,time,65,33.0,scenario2,MATCHING_SEGMENT_FOUND,30,30,17,1,928,929,30,1,928,0,32,5,5,189,1.4,2,19.872,10,3.2,1.0,0,3,0,1,1,1,1,d747791ea9802ff1905e6c6325f5829d4e57b11cd75c67122654c4d841be0d62,20,10,4,0,1,False,False,30,10,0.3333333333333333,0.01053740779768177,0.01053740779768177,20,d747791ea9802ff1905e6c6325f5829d4e57b11cd75c67122654c4d841be0d62,d747791ea9802ff1905e6c6325f5829d4e57b11cd75c67122654c4d841be0d62,,False,True,PREEXISTING
True,True,True,True,True,True,True,True,True,True,True,False,original,33,2014-07-01 16:30:00,passenger,269,15013.0,scenario3,NO_EXISTING_SEGMENT_IN_COLUMN,30,30,17,1,928,929,30,1,928,0,32,0,0,0,0.0,0,0.0,0,0.0,0.0,0,0,0,0,0,0,0,,,0,4,4,0,False,False,0,0,0.0,0.0,0.0,3,771bd24b8a7ae84570dcc380cf7015d93942594cc70406c8cc2915db465cdc3c,,771bd24b8a7ae84570dcc380cf7015d93942594cc70406c8cc2915db465cdc3c,True,False,POST_OBSERVATION_CREATED
True,True,True,True,True,True,True,True,True,True,True,False,original,33,2014-07-01 16:30:00,passenger,268,15013.0,scenario3,NO_EXISTING_SEGMENT_IN_COLUMN,30,30,17,1,928,929,30,1,928,0,32,0,0,0,0.0,0,0.0,0,0.0,0.0,0,0,0,0,0,0,0,,,0,4,4,0,False,False,0,0,0.0,0.0,0.0,3,065bd21fcd6cfbe1fbabb7efae9b552e51bbb55f79c3678f286ffb18ebc69457,,065bd21fcd6cfbe1fbabb7efae9b552e51bbb55f79c3678f286ffb18ebc69457,True,False,POST_OBSERVATION_CREATED
True,True,True,True,True,True,True,True,True,True,True,False,original,33,2014-07-01 16:30:00,passenger,270,15013.0,scenario3,NO_EXISTING_SEGMENT_IN_COLUMN,30,30,17,1,928,929,30,1,928,0,32,0,0,0,0.0,0,0.0,0,0.0,0.0,0,0,0,0,0,0,0,,,0,4,4,0,False,False,0,0,0.0,0.0,0.0,15,a5397a3dd2fdd5447e9797826a78b26bc66d495566081c04e4fc14a0e26358bd,,a5397a3dd2fdd5447e9797826a78b26bc66d495566081c04e4fc14a0e26358bd,True,False,POST_OBSERVATION_CREATED
True,True,True,True,True,True,True,True,True,True,True,False,original,33,2014-07-01 16:30:00,passenger,267,15013.0,scenario3,NO_EXISTING_SEGMENT_IN_COLUMN,30,30,17,1,928,929,30,1,928,0,32,0,0,0,0.0,0,0.0,0,0.0,0.0,0,0,0,0,0,0,0,,,0,4,4,0,False,False,0,0,0.0,0.0,0.0,7,b332e51523cbff9d15f23fbf4795f07a11ac54ecd68035ba5b592ddaf8f314b0,,b332e51523cbff9d15f23fbf4795f07a11ac54ecd68035ba5b592ddaf8f314b0,True,False,POST_OBSERVATION_CREATED
True,True,True,True,True,True,True,True,True,True,True,False,original,33,2014-07-01 16:30:00,passenger,271,15013.0,scenario3,NO_EXISTING_SEGMENT_IN_COLUMN,30,30,17,1,928,929,30,1,928,0,32,0,0,0,0.0,0,0.0,0,0.0,0.0,0,0,0,0,0,0,0,,,0,4,4,0,False,False,0,0,0.0,0.0,0.0,0,1bdcf103d2baa71868c165e649ea85ffd50c4c4bbd3b270d9f41fe6172c783aa,,1bdcf103d2baa71868c165e649ea85ffd50c4c4bbd3b270d9f41fe6172c783aa,True,False,POST_OBSERVATION_CREATED
True,True,True,True,True,True,True,True,True,True,True,False,original,33,2014-07-01 16:30:00,passenger,266,15013.0,scenario3,NO_EXISTING_SEGMENT_IN_COLUMN,30,30,17,1,928,929,30,1,928,0,32,0,0,0,0.0,0,0.0,0,0.0,0.0,0,0,0,0,0,0,0,,,0,4,4,0,False,False,0,0,0.0,0.0,0.0,26,f330edb72714361042fcce90a842810028c0d443e0601fdd58b61e3c71becf62,,f330edb72714361042fcce90a842810028c0d443e0601fdd58b61e3c71becf62,True,False,POST_OBSERVATION_CREATED
True,True,True,True,True,True,True,True,True,True,True,False,original,33,2014-07-01 16:30:00,passenger,272,15013.0,scenario3,NO_EXISTING_SEGMENT_IN_COLUMN,30,30,17,1,928,929,30,1,928,0,32,0,0,0,0.0,0,0.0,0,0.0,0.0,0,0,0,0,0,0,0,,,0,4,4,0,False,False,0,0,0.0,0.0,0.0,31,928bbf6e1793c5a3307fc08bece473661c8c31f6378ae6b6aa76b342e0381aaa,,928bbf6e1793c5a3307fc08bece473661c8c31f6378ae6b6aa76b342e0381aaa,True,False,POST_OBSERVATION_CREATED
True,True,True,True,True,True,True,True,True,True,True,False,original,33,2014-07-01 16:30:00,passenger,265,15013.0,scenario3,NO_EXISTING_SEGMENT_IN_COLUMN,30,30,17,1,928,929,30,1,928,0,32,0,0,0,0.0,0,0.0,0,0.0,0.0,0,0,0,0,0,0,0,,,0,4,4,0,False,False,0,0,0.0,0.0,0.0,1,b0f30b4251813ed28f87d0174a1e8ad32216056d5d65381b94485592f44489c5,,b0f30b4251813ed28f87d0174a1e8ad32216056d5d65381b94485592f44489c5,True,False,POST_OBSERVATION_CREATED
True,True,True,True,True,True,True,True,True,True,True,False,original,33,2014-07-01 16:30:00,passenger,273,15013.0,scenario3,NO_EXISTING_SEGMENT_IN_COLUMN,30,30,17,1,928,929,30,1,928,0,32,0,0,0,0.0,0,0.0,0,0.0,0.0,0,0,0,0,0,0,0,,,0,4,4,0,False,False,0,0,0.0,0.0,0.0,16,faa6477dcce61e87df9f415d5efdfc85429335f832b34da0e1a7016a18edb422,,faa6477dcce61e87df9f415d5efdfc85429335f832b34da0e1a7016a18edb422,True,False,POST_OBSERVATION_CREATED
True,True,True,True,True,True,True,True,True,True,True,False,original,33,2014-07-01 16:30:00,passenger,264,15013.0,scenario3,NO_EXISTING_SEGMENT_IN_COLUMN,30,30,17,1,928,929,30,1,928,0,32,0,0,0,0.0,0,0.0,0,0.0,0.0,0,0,0,0,0,0,0,,,0,4,4,0,False,False,0,0,0.0,0.0,0.0,28,262d93ca03830fbeb23fdbb561049f67ccd5358a72585397eb6b2e493b2d488d,,262d93ca03830fbeb23fdbb561049f67ccd5358a72585397eb6b2e493b2d488d,True,False,POST_OBSERVATION_CREATED
True,True,True,True,True,True,True,True,True,True,True,False,original,34,2014-07-01 17:00:00,weekday,4,1.0,scenario2,MATCHING_SEGMENT_FOUND,30,30,21,0,960,960,30,0,960,0,32,1,1,540,0.0,0,336.9,21,21.0,21.0,0,0,0,0,1,1,1,8aeed2abd0f847e0b8500715486ecfcc55670f2b3385c6aeb419a3a0678f1913,30,21,4,0,1,False,False,540,49,0.09074074074074075,0.01020408163265306,0.033769813921433495,30,8aeed2abd0f847e0b8500715486ecfcc55670f2b3385c6aeb419a3a0678f1913,8aeed2abd0f847e0b8500715486ecfcc55670f2b3385c6aeb419a3a0678f1913,,False,True,PREEXISTING
True,True,True,True,True,True,True,True,True,True,True,False,original,34,2014-07-01 17:00:00,weekday,5,1.0,scenario2,MATCHING_SEGMENT_FOUND,30,30,21,0,960,960,30,0,960,0,32,1,1,540,0.0,0,336.9,21,21.0,21.0,0,0,0,0,1,1,1,64080601c3be5fe7030e7eb69924a6cafe76e2b467b4a5630a9f7de522aa39db,10,21,4,0,1,False,False,540,49,0.09074074074074075,0.01020408163265306,0.033769813921433495,10,64080601c3be5fe7030e7eb69924a6cafe76e2b467b4a5630a9f7de522aa39db,64080601c3be5fe7030e7eb69924a6cafe76e2b467b4a5630a9f7de522aa39db,,False,True,PREEXISTING
True,True,True,True,True,True,True,True,True,True,True,False,original,34,2014-07-01 17:00:00,weekday,3,1.0,scenario2,MATCHING_SEGMENT_FOUND,30,30,21,0,960,960,30,0,960,0,32,1,1,540,1.0,1,336.86,21,21.0,21.0,0,0,0,0,1,1,1,69f0cb4491a1fd577b6c1af78119fa843dac41862a4e9483fd3c8e414791a45f,4,21,4,0,1,False,False,540,49,0.09074074074074075,0.01020408163265306,0.033769813921433495,4,69f0cb4491a1fd577b6c1af78119fa843dac41862a4e9483fd3c8e414791a45f,69f0cb4491a1fd577b6c1af78119fa843dac41862a4e9483fd3c8e414791a45f,,False,True,PREEXISTING
True,True,True,True,True,True,True,True,True,True,True,False,original,34,2014-07-01 17:00:00,weekday,6,1.0,scenario2,MATCHING_SEGMENT_FOUND,30,30,21,0,960,960,30,0,960,0,32,1,1,540,1.0,1,336.84,21,21.0,21.0,0,0,0,0,1,1,1,d0ca4df7b4ef8ef8330fc3c3fb6df6da237f2c8759fa1a08b551c3b0267a5cc1,29,21,4,0,1,False,False,540,49,0.09074074074074075,0.01020408163265306,0.033769813921433495,29,d0ca4df7b4ef8ef8330fc3c3fb6df6da237f2c8759fa1a08b551c3b0267a5cc1,d0ca4df7b4ef8ef8330fc3c3fb6df6da237f2c8759fa1a08b551c3b0267a5cc1,,False,True,PREEXISTING
True,True,True,True,True,True,True,True,True,True,True,False,original,34,2014-07-01 17:00:00,weekday,2,1.0,scenario2,MATCHING_SEGMENT_FOUND,30,30,21,0,960,960,30,0,960,0,32,1,1,540,1.0,1,336.84,21,21.0,21.0,0,0,0,0,1,1,1,62de03d338e81fffb1fe886b83637755e48f7109d103cb5c35e3be82a6942085,15,21,4,0,1,False,False,540,49,0.09074074074074075,0.01020408163265306,0.033769813921433495,15,62de03d338e81fffb1fe886b83637755e48f7109d103cb5c35e3be82a6942085,62de03d338e81fffb1fe886b83637755e48f7109d103cb5c35e3be82a6942085,,False,True,PREEXISTING
True,True,True,True,True,True,True,True,True,True,True,False,original,34,2014-07-01 17:00:00,weekday,7,1.0,scenario2,MATCHING_SEGMENT_FOUND,30,30,21,0,960,960,30,0,960,0,32,1,1,540,3.0,3,336.78,21,21.0,21.0,0,0,0,0,1,1,1,82cd778248b58abce2dd437ff3430d422a5f31f0857456cb0806c4bbf75c2f84,1,21,4,0,1,False,False,540,49,0.09074074074074075,0.01020408163265306,0.033769813921433495,1,82cd778248b58abce2dd437ff3430d422a5f31f0857456cb0806c4bbf75c2f84,82cd778248b58abce2dd437ff3430d422a5f31f0857456cb0806c4bbf75c2f84,,False,True,PREEXISTING
True,True,True,True,True,True,True,True,True,True,True,False,original,34,2014-07-01 17:00:00,weekday,1,1.0,scenario2,MATCHING_SEGMENT_FOUND,30,30,21,0,960,960,30,0,960,0,32,1,1,540,3.0,3,336.71,21,21.0,21.0,0,0,0,0,1,1,1,096eb71f46b469fc4f1cc7d4ed984088c225a66b3cfbaad900f9fc8fd6e6985c,15,21,4,0,1,False,False,540,49,0.09074074074074075,0.01020408163265306,0.033769813921433495,15,096eb71f46b469fc4f1cc7d4ed984088c225a66b3cfbaad900f9fc8fd6e6985c,096eb71f46b469fc4f1cc7d4ed984088c225a66b3cfbaad900f9fc8fd6e6985c,,False,True,PREEXISTING
True,True,True,True,True,True,True,True,True,True,True,False,original,34,2014-07-01 17:00:00,weekday,8,1.0,scenario2,MATCHING_SEGMENT_FOUND,30,30,21,0,960,960,30,0,960,0,32,1,1,540,4.0,4,336.31,21,21.0,21.0,0,0,0,0,1,1,1,8707a46b07890e9f3d4b42af5e0aab7361dc144e7986f25d90e421a33089bd83,29,21,4,0,1,False,False,540,49,0.09074074074074075,0.01020408163265306,0.033769813921433495,29,8707a46b07890e9f3d4b42af5e0aab7361dc144e7986f25d90e421a33089bd83,8707a46b07890e9f3d4b42af5e0aab7361dc144e7986f25d90e421a33089bd83,,False,True,PREEXISTING
True,True,True,True,True,True,True,True,True,True,True,False,original,34,2014-07-01 17:00:00,weekday,0,1.0,scenario2,MATCHING_SEGMENT_FOUND,30,30,21,0,960,960,30,0,960,0,32,1,1,540,4.0,4,336.3,21,21.0,21.0,0,0,0,0,1,1,1,b8ff4e0cd1bf15ed47968cde6ad2530bfe3d56b991c289d66df5ed3a4ea01ca1,4,21,4,0,1,False,False,540,49,0.09074074074074075,0.01020408163265306,0.033769813921433495,4,b8ff4e0cd1bf15ed47968cde6ad2530bfe3d56b991c289d66df5ed3a4ea01ca1,b8ff4e0cd1bf15ed47968cde6ad2530bfe3d56b991c289d66df5ed3a4ea01ca1,,False,True,PREEXISTING
True,True,True,True,True,True,True,True,True,True,True,False,original,34,2014-07-01 17:00:00,weekday,9,1.0,scenario2,MATCHING_SEGMENT_FOUND,30,30,21,0,960,960,30,0,960,0,32,1,1,540,4.0,4,336.2,21,21.0,21.0,0,0,0,0,1,1,1,1928f40ce31bf6bd47fb15c046e5d7db5c6f2744acdbf86090d49adc6860aaca,19,21,4,0,1,False,False,540,49,0.09074074074074075,0.01020408163265306,0.033769813921433495,19,1928f40ce31bf6bd47fb15c046e5d7db5c6f2744acdbf86090d49adc6860aaca,1928f40ce31bf6bd47fb15c046e5d7db5c6f2744acdbf86090d49adc6860aaca,,False,True,PREEXISTING
True,True,True,True,True,True,True,True,True,True,True,False,original,34,2014-07-01 17:00:00,time,71,34.0,scenario1,CORRECTLY_PREDICTED_CELL_AVAILABLE,30,30,21,0,960,960,30,0,960,0,32,2,2,100,1.0,1,27.405,7,3.5,3.5,1,0,0,0,1,1,1,0b8fdf1c7d7445deb0760bd1064ef7048564fe8461dd6e8cbbd04ee26a8bafc9,11,7,4,0,1,False,False,70,32,0.45714285714285713,0.01642710472279261,0.03206412825651302,11,0b8fdf1c7d7445deb0760bd1064ef7048564fe8461dd6e8cbbd04ee26a8bafc9,0b8fdf1c7d7445deb0760bd1064ef7048564fe8461dd6e8cbbd04ee26a8bafc9,,False,True,PREEXISTING
True,True,True,True,True,True,True,True,True,True,True,False,original,34,2014-07-01 17:00:00,time,72,34.0,scenario1,CORRECTLY_PREDICTED_CELL_AVAILABLE,30,30,21,0,960,960,30,0,960,0,32,3,3,90,0.6666666666666666,1,14.983333333333334,3,1.0,0.0,2,0,0,1,0,0,0,4de0857a1ba85476342768113abb18aab660252022d5b5f662ce880af73d17eb,29,3,4,1,0,False,False,30,18,0.6,0.018518518518518517,0.018518518518518517,29,4de0857a1ba85476342768113abb18aab660252022d5b5f662ce880af73d17eb,4de0857a1ba85476342768113abb18aab660252022d5b5f662ce880af73d17eb,,False,True,PREEXISTING
True,True,True,True,True,True,True,True,True,True,True,False,original,34,2014-07-01 17:00:00,time,70,34.0,scenario2,MATCHING_SEGMENT_FOUND,30,30,21,0,960,960,30,0,960,0,32,4,4,120,0.75,2,14.407499999999999,10,3.5,2.0,2,0,0,0,2,2,2,57b073de719412943c5872094453f152ddf98f678206364a7aefdb48fbfd2833,25,10,4,0,2,True,True,30,18,0.6,0.018518518518518517,0.018518518518518517,25,57b073de719412943c5872094453f152ddf98f678206364a7aefdb48fbfd2833,57b073de719412943c5872094453f152ddf98f678206364a7aefdb48fbfd2833,,False,True,PREEXISTING
True,True,True,True,True,True,True,True,True,True,True,False,original,34,2014-07-01 17:00:00,time,73,34.0,scenario1,CORRECTLY_PREDICTED_CELL_AVAILABLE,30,30,21,0,960,960,30,0,960,0,32,2,2,60,0.5,1,14.98,3,1.5,1.5,1,0,0,1,0,0,0,8671e4ae27233192e963f8862ed20755f4fe1709cc17747ae58109fca61800ff,17,3,4,1,0,False,False,30,18,0.6,0.018518518518518517,0.018518518518518517,17,8671e4ae27233192e963f8862ed20755f4fe1709cc17747ae58109fca61800ff,8671e4ae27233192e963f8862ed20755f4fe1709cc17747ae58109fca61800ff,,False,True,PREEXISTING
True,True,True,True,True,True,True,True,True,True,True,False,original,34,2014-07-01 17:00:00,time,69,34.0,scenario3,EXISTING_SEGMENTS_BELOW_L_MATCH,30,30,21,0,960,960,30,0,960,0,32,4,4,120,0.75,2,14.407499999999999,0,0.0,0.0,4,0,0,0,0,0,0,3acac3d13522bf08d7fd63bfe7eeb4fd147d3941a949cf1b0ff9a0373e132e57,12,0,4,4,0,False,False,30,14,0.4666666666666667,0.014344262295081968,0.014344262295081968,14,2ce55cf1fdf4709f7c2c7104e5051e1c423b3c2c93bd12d8943a737da8e7beee,,2ce55cf1fdf4709f7c2c7104e5051e1c423b3c2c93bd12d8943a737da8e7beee,True,False,POST_OBSERVATION_CREATED
True,True,True,True,True,True,True,True,True,True,True,False,original,34,2014-07-01 17:00:00,time,74,34.0,scenario3,PREDICTED_TIME_INVALID,30,30,21,0,960,960,30,0,960,0,32,1,1,30,0.0,0,15.0,0,0.0,0.0,1,0,0,0,0,0,0,bd6591eec09616498c2bb7c2d4f51fca04357663a40ca78e59acad8c438252bb,16,0,4,4,0,False,False,30,19,0.6333333333333333,0.01956745623069001,0.01956745623069001,27,45dd86d07558831e5b3f9d77c235fc66d35631cc3d076714a3d7e63a4b0768d0,,45dd86d07558831e5b3f9d77c235fc66d35631cc3d076714a3d7e63a4b0768d0,True,False,POST_OBSERVATION_CREATED
True,True,True,True,True,True,True,True,True,True,True,False,original,34,2014-07-01 17:00:00,time,68,34.0,scenario3,EXISTING_SEGMENTS_BELOW_L_MATCH,30,30,21,0,960,960,30,0,960,0,32,3,3,130,1.3333333333333333,4,22.61,3,1.0,0.0,2,0,0,1,0,0,0,74146820f61b3abe7884c7980bd94465efcce1451739a27c6bb700313f7f62dc,29,3,4,1,0,False,False,30,18,0.6,0.018518518518518517,0.018518518518518517,9,85d5c4ef979dc573439a428695b0e8b179d00d37f4a74eab9a1435071eb50f3c,,85d5c4ef979dc573439a428695b0e8b179d00d37f4a74eab9a1435071eb50f3c,True,False,POST_OBSERVATION_CREATED
True,True,True,True,True,True,True,True,True,True,True,False,original,34,2014-07-01 17:00:00,time,75,34.0,scenario3,NO_EXISTING_SEGMENT_IN_COLUMN,30,30,21,0,960,960,30,0,960,0,32,0,0,0,0.0,0,0.0,0,0.0,0.0,0,0,0,0,0,0,0,,,0,4,4,0,False,False,0,0,0.0,0.0,0.0,24,cd6549bf8c539990c439a52a4cbff08745c39917f88867e9f4e52f96f67973ea,,cd6549bf8c539990c439a52a4cbff08745c39917f88867e9f4e52f96f67973ea,True,False,POST_OBSERVATION_CREATED
True,True,True,True,True,True,True,True,True,True,True,False,original,34,2014-07-01 17:00:00,time,67,34.0,scenario2,MATCHING_SEGMENT_FOUND,30,30,21,0,960,960,30,0,960,0,32,6,6,180,0.8333333333333334,3,14.541666666666666,10,2.1666666666666665,0.0,4,0,0,1,1,1,1,877e75b5225a7634bd0a7345aef92096dd677b84977bebe5b11a685c4ebfc6a1,16,10,4,0,1,False,False,30,12,0.4,0.012269938650306749,0.012269938650306749,16,877e75b5225a7634bd0a7345aef92096dd677b84977bebe5b11a685c4ebfc6a1,877e75b5225a7634bd0a7345aef92096dd677b84977bebe5b11a685c4ebfc6a1,,False,True,PREEXISTING
True,True,True,True,True,True,True,True,True,True,True,False,original,34,2014-07-01 17:00:00,time,76,34.0,scenario3,NO_EXISTING_SEGMENT_IN_COLUMN,30,30,21,0,960,960,30,0,960,0,32,0,0,0,0.0,0,0.0,0,0.0,0.0,0,0,0,0,0,0,0,,,0,4,4,0,False,False,0,0,0.0,0.0,0.0,27,838ee440d49835d7a55f2642b0a07f73b1eec6a603db521abeda8f854091df85,,838ee440d49835d7a55f2642b0a07f73b1eec6a603db521abeda8f854091df85,True,False,POST_OBSERVATION_CREATED
True,True,True,True,True,True,True,True,True,True,True,False,original,34,2014-07-01 17:00:00,passenger,295,17203.0,scenario1,CORRECTLY_PREDICTED_CELL_AVAILABLE,30,30,21,0,960,960,30,0,960,0,32,1,1,30,6.0,6,14.37,10,10.0,10.0,0,0,0,0,1,1,1,eced7462d339503ef6461acdd51213a087aea78a3753349fad97405bfd5a9dd1,17,10,4,0,1,False,False,30,10,0.3333333333333333,0.01020408163265306,0.01020408163265306,17,eced7462d339503ef6461acdd51213a087aea78a3753349fad97405bfd5a9dd1,eced7462d339503ef6461acdd51213a087aea78a3753349fad97405bfd5a9dd1,,False,True,PREEXISTING
True,True,True,True,True,True,True,True,True,True,True,False,original,34,2014-07-01 17:00:00,passenger,294,17203.0,scenario3,PREDICTED_TIME_INVALID,30,30,21,0,960,960,30,0,960,0,32,1,1,30,6.0,6,14.37,0,0.0,0.0,1,0,0,0,0,0,0,e7cf5ed6cade5941586e744d36c9b085a4e3cf9d7bb48af2194a791d9c22e15d,30,0,4,4,0,False,False,30,10,0.3333333333333333,0.01020408163265306,0.01020408163265306,0,b192957f518f77531ad43db4a53670d35ffd9abba2e23905822e888c0e2b508b,,b192957f518f77531ad43db4a53670d35ffd9abba2e23905822e888c0e2b508b,True,False,POST_OBSERVATION_CREATED
True,True,True,True,True,True,True,True,True,True,True,False,original,34,2014-07-01 17:00:00,passenger,296,17203.0,scenario3,EXISTING_SEGMENTS_BELOW_L_MATCH,30,30,21,0,960,960,30,0,960,0,32,1,1,30,7.0,7,14.28,0,0.0,0.0,1,0,0,0,0,0,0,f0604fb2a76fed0f58e078baf2b5f0f1045ac142cd42d7251eb18a1226fc18bc,24,0,4,4,0,False,False,30,10,0.3333333333333333,0.01020408163265306,0.01020408163265306,10,08a434e2165db92695bbf52f8f7d1a935ea49cb0fc3c76df79a2a40fdf639376,,08a434e2165db92695bbf52f8f7d1a935ea49cb0fc3c76df79a2a40fdf639376,True,False,POST_OBSERVATION_CREATED
True,True,True,True,True,True,True,True,True,True,True,False,original,34,2014-07-01 17:00:00,passenger,293,17203.0,scenario3,PREDICTED_TIME_INVALID,30,30,21,0,960,960,30,0,960,0,32,1,1,30,8.0,8,14.129999999999999,0,0.0,0.0,1,0,0,0,0,0,0,90038b612c0f9f0e2e9547a6e5a27caf1d2dae2d0536ef0695da611627cf0695,6,0,4,4,0,False,False,30,10,0.3333333333333333,0.01020408163265306,0.01020408163265306,15,d02d3a0c24aaff19abfd1f66e4f144e7ae1275c30f19f4b214ea2acc1174097c,,d02d3a0c24aaff19abfd1f66e4f144e7ae1275c30f19f4b214ea2acc1174097c,True,False,POST_OBSERVATION_CREATED
True,True,True,True,True,True,True,True,True,True,True,False,original,34,2014-07-01 17:00:00,passenger,297,17203.0,scenario3,EXISTING_SEGMENTS_BELOW_L_MATCH,30,30,21,0,960,960,30,0,960,0,32,2,2,60,4.5,7,14.489999999999998,0,0.0,0.0,2,0,0,0,0,0,0,68e1a6ba9002f6b7296b7eff7d07a257369078c57c52f27f8719a45ae462cc20,4,0,4,4,0,False,False,30,10,0.3333333333333333,0.01020408163265306,0.01020408163265306,9,72ebef98247198f97f1a45563259bc1ded535843838b2621b3ae4bdf9415fb47,,72ebef98247198f97f1a45563259bc1ded535843838b2621b3ae4bdf9415fb47,True,False,POST_OBSERVATION_CREATED
True,True,True,True,True,True,True,True,True,True,True,False,original,34,2014-07-01 17:00:00,passenger,292,17203.0,scenario3,PREDICTED_TIME_INVALID,30,30,21,0,960,960,30,0,960,0,32,1,1,30,9.0,9,13.989999999999998,0,0.0,0.0,1,0,0,0,0,0,0,c48a190f4397aa629b3fe1405ba37b7e5bccd2eabbaed1a3f005cdd782d11bac,28,0,4,4,0,False,False,30,10,0.3333333333333333,0.01020408163265306,0.01020408163265306,29,87030a58d036dfa24e76bb85aba8f46c9554002168ba069c0cc2b007cd8a6feb,,87030a58d036dfa24e76bb85aba8f46c9554002168ba069c0cc2b007cd8a6feb,True,False,POST_OBSERVATION_CREATED
True,True,True,True,True,True,True,True,True,True,True,False,original,34,2014-07-01 17:00:00,passenger,298,17203.0,scenario2,MATCHING_SEGMENT_FOUND,30,30,21,0,960,960,30,0,960,0,32,2,2,60,5.0,7,14.54,10,5.0,5.0,1,0,0,0,1,1,1,86a29bb6bc40ab245fa0b78d1829c26cf8c28661cf1eee2506093871e88e8494,5,10,4,0,1,False,False,30,10,0.3333333333333333,0.01020408163265306,0.01020408163265306,5,86a29bb6bc40ab245fa0b78d1829c26cf8c28661cf1eee2506093871e88e8494,86a29bb6bc40ab245fa0b78d1829c26cf8c28661cf1eee2506093871e88e8494,,False,True,PREEXISTING
True,True,True,True,True,True,True,True,True,True,True,False,original,34,2014-07-01 17:00:00,passenger,291,17203.0,scenario3,PREDICTED_TIME_INVALID,30,30,21,0,960,960,30,0,960,0,32,1,1,30,9.0,9,13.989999999999998,0,0.0,0.0,1,0,0,0,0,0,0,006737d4e9925e6feb68a77fd3c2b79057ee9d644f81888bdbb9aaafbca156c1,4,0,4,4,0,False,False,30,10,0.3333333333333333,0.01020408163265306,0.01020408163265306,21,77dbc800c9145d34225fe681bd084b2b8a909c4044d99df642758c20d845b3fd,,77dbc800c9145d34225fe681bd084b2b8a909c4044d99df642758c20d845b3fd,True,False,POST_OBSERVATION_CREATED
True,True,True,True,True,True,True,True,True,True,True,False,original,34,2014-07-01 17:00:00,passenger,299,17203.0,scenario2,MATCHING_SEGMENT_FOUND,30,30,21,0,960,960,30,0,960,0,32,3,3,90,3.6666666666666665,7,14.573333333333332,10,3.3333333333333335,0.0,2,0,0,0,1,1,1,4cee44bdd3709f8ab268094270fd55efb4c286624b7f27b3f4eb87725aa8dcad,29,10,4,0,1,False,False,30,10,0.3333333333333333,0.01020408163265306,0.01020408163265306,29,4cee44bdd3709f8ab268094270fd55efb4c286624b7f27b3f4eb87725aa8dcad,4cee44bdd3709f8ab268094270fd55efb4c286624b7f27b3f4eb87725aa8dcad,,False,True,PREEXISTING
True,True,True,True,True,True,True,True,True,True,True,False,original,34,2014-07-01 17:00:00,passenger,290,17203.0,scenario3,NO_EXISTING_SEGMENT_IN_COLUMN,30,30,21,0,960,960,30,0,960,0,32,0,0,0,0.0,0,0.0,0,0.0,0.0,0,0,0,0,0,0,0,,,0,4,4,0,False,False,0,0,0.0,0.0,0.0,6,e2e5f16ddb3d1572103fb60521fd054f194f23d1f23e4159ab33963ba31160e7,,e2e5f16ddb3d1572103fb60521fd054f194f23d1f23e4159ab33963ba31160e7,True,False,POST_OBSERVATION_CREATED
True,True,True,True,True,True,True,True,True,True,True,False,original,35,2014-07-01 17:30:00,weekday,4,1.0,scenario2,MATCHING_SEGMENT_FOUND,30,30,19,4,832,836,30,4,832,0,32,1,1,557,0.0,0,347.3,24,24.0,24.0,0,0,0,0,1,1,1,8aeed2abd0f847e0b8500715486ecfcc55670f2b3385c6aeb419a3a0678f1913,30,24,4,0,1,False,False,557,53,0.09515260323159784,0.011682242990654205,0.03955223880597015,30,8aeed2abd0f847e0b8500715486ecfcc55670f2b3385c6aeb419a3a0678f1913,8aeed2abd0f847e0b8500715486ecfcc55670f2b3385c6aeb419a3a0678f1913,,False,True,PREEXISTING
True,True,True,True,True,True,True,True,True,True,True,False,original,35,2014-07-01 17:30:00,weekday,5,1.0,scenario2,MATCHING_SEGMENT_FOUND,30,30,19,4,832,836,30,4,832,0,32,1,1,557,0.0,0,347.3,24,24.0,24.0,0,0,0,0,1,1,1,64080601c3be5fe7030e7eb69924a6cafe76e2b467b4a5630a9f7de522aa39db,10,24,4,0,1,False,False,557,53,0.09515260323159784,0.011682242990654205,0.03955223880597015,10,64080601c3be5fe7030e7eb69924a6cafe76e2b467b4a5630a9f7de522aa39db,64080601c3be5fe7030e7eb69924a6cafe76e2b467b4a5630a9f7de522aa39db,,False,True,PREEXISTING
True,True,True,True,True,True,True,True,True,True,True,False,original,35,2014-07-01 17:30:00,weekday,3,1.0,scenario2,MATCHING_SEGMENT_FOUND,30,30,19,4,832,836,30,4,832,0,32,1,1,557,1.0,1,347.26,24,24.0,24.0,0,0,0,0,1,1,1,69f0cb4491a1fd577b6c1af78119fa843dac41862a4e9483fd3c8e414791a45f,4,24,4,0,1,False,False,557,53,0.09515260323159784,0.011682242990654205,0.03955223880597015,4,69f0cb4491a1fd577b6c1af78119fa843dac41862a4e9483fd3c8e414791a45f,69f0cb4491a1fd577b6c1af78119fa843dac41862a4e9483fd3c8e414791a45f,,False,True,PREEXISTING
True,True,True,True,True,True,True,True,True,True,True,False,original,35,2014-07-01 17:30:00,weekday,6,1.0,scenario2,MATCHING_SEGMENT_FOUND,30,30,19,4,832,836,30,4,832,0,32,1,1,557,1.0,1,347.24,24,24.0,24.0,0,0,0,0,1,1,1,d0ca4df7b4ef8ef8330fc3c3fb6df6da237f2c8759fa1a08b551c3b0267a5cc1,29,24,4,0,1,False,False,557,53,0.09515260323159784,0.011682242990654205,0.03955223880597015,29,d0ca4df7b4ef8ef8330fc3c3fb6df6da237f2c8759fa1a08b551c3b0267a5cc1,d0ca4df7b4ef8ef8330fc3c3fb6df6da237f2c8759fa1a08b551c3b0267a5cc1,,False,True,PREEXISTING
True,True,True,True,True,True,True,True,True,True,True,False,original,35,2014-07-01 17:30:00,weekday,2,1.0,scenario2,MATCHING_SEGMENT_FOUND,30,30,19,4,832,836,30,4,832,0,32,1,1,557,1.0,1,347.24,24,24.0,24.0,0,0,0,0,1,1,1,62de03d338e81fffb1fe886b83637755e48f7109d103cb5c35e3be82a6942085,15,24,4,0,1,False,False,557,53,0.09515260323159784,0.011682242990654205,0.03955223880597015,15,62de03d338e81fffb1fe886b83637755e48f7109d103cb5c35e3be82a6942085,62de03d338e81fffb1fe886b83637755e48f7109d103cb5c35e3be82a6942085,,False,True,PREEXISTING
True,True,True,True,True,True,True,True,True,True,True,False,original,35,2014-07-01 17:30:00,weekday,7,1.0,scenario2,MATCHING_SEGMENT_FOUND,30,30,19,4,832,836,30,4,832,0,32,1,1,557,3.0,3,347.18,24,24.0,24.0,0,0,0,0,1,1,1,82cd778248b58abce2dd437ff3430d422a5f31f0857456cb0806c4bbf75c2f84,1,24,4,0,1,False,False,557,53,0.09515260323159784,0.011682242990654205,0.03955223880597015,1,82cd778248b58abce2dd437ff3430d422a5f31f0857456cb0806c4bbf75c2f84,82cd778248b58abce2dd437ff3430d422a5f31f0857456cb0806c4bbf75c2f84,,False,True,PREEXISTING
True,True,True,True,True,True,True,True,True,True,True,False,original,35,2014-07-01 17:30:00,weekday,1,1.0,scenario2,MATCHING_SEGMENT_FOUND,30,30,19,4,832,836,30,4,832,0,32,1,1,557,3.0,3,347.11,24,24.0,24.0,0,0,0,0,1,1,1,096eb71f46b469fc4f1cc7d4ed984088c225a66b3cfbaad900f9fc8fd6e6985c,15,24,4,0,1,False,False,557,53,0.09515260323159784,0.011682242990654205,0.03955223880597015,15,096eb71f46b469fc4f1cc7d4ed984088c225a66b3cfbaad900f9fc8fd6e6985c,096eb71f46b469fc4f1cc7d4ed984088c225a66b3cfbaad900f9fc8fd6e6985c,,False,True,PREEXISTING
True,True,True,True,True,True,True,True,True,True,True,False,original,35,2014-07-01 17:30:00,weekday,8,1.0,scenario2,MATCHING_SEGMENT_FOUND,30,30,19,4,832,836,30,4,832,0,32,1,1,557,4.0,4,346.69,24,24.0,24.0,0,0,0,0,1,1,1,8707a46b07890e9f3d4b42af5e0aab7361dc144e7986f25d90e421a33089bd83,29,24,4,0,1,False,False,557,53,0.09515260323159784,0.011682242990654205,0.03955223880597015,29,8707a46b07890e9f3d4b42af5e0aab7361dc144e7986f25d90e421a33089bd83,8707a46b07890e9f3d4b42af5e0aab7361dc144e7986f25d90e421a33089bd83,,False,True,PREEXISTING
True,True,True,True,True,True,True,True,True,True,True,False,original,35,2014-07-01 17:30:00,weekday,0,1.0,scenario2,MATCHING_SEGMENT_FOUND,30,30,19,4,832,836,30,4,832,0,32,1,1,557,4.0,4,346.68,24,24.0,24.0,0,0,0,0,1,1,1,b8ff4e0cd1bf15ed47968cde6ad2530bfe3d56b991c289d66df5ed3a4ea01ca1,4,24,4,0,1,False,False,557,53,0.09515260323159784,0.011682242990654205,0.03955223880597015,4,b8ff4e0cd1bf15ed47968cde6ad2530bfe3d56b991c289d66df5ed3a4ea01ca1,b8ff4e0cd1bf15ed47968cde6ad2530bfe3d56b991c289d66df5ed3a4ea01ca1,,False,True,PREEXISTING
True,True,True,True,True,True,True,True,True,True,True,False,original,35,2014-07-01 17:30:00,weekday,9,1.0,scenario2,MATCHING_SEGMENT_FOUND,30,30,19,4,832,836,30,4,832,0,32,1,1,557,4.0,4,346.58,24,24.0,24.0,0,0,0,0,1,1,1,1928f40ce31bf6bd47fb15c046e5d7db5c6f2744acdbf86090d49adc6860aaca,19,24,4,0,1,False,False,557,53,0.09515260323159784,0.011682242990654205,0.03955223880597015,19,1928f40ce31bf6bd47fb15c046e5d7db5c6f2744acdbf86090d49adc6860aaca,1928f40ce31bf6bd47fb15c046e5d7db5c6f2744acdbf86090d49adc6860aaca,,False,True,PREEXISTING
True,True,True,True,True,True,True,True,True,True,True,False,original,35,2014-07-01 17:30:00,time,72,35.0,scenario3,EXISTING_SEGMENTS_BELOW_L_MATCH,30,30,19,4,832,836,30,4,832,0,32,3,3,90,1.0,2,14.183333333333332,1,0.3333333333333333,0.0,2,1,0,0,0,0,0,5f7dd837c31d5ba6f50dc7021c2d81e9b129a35773694073327083cbb0a57e8e,17,1,4,3,0,False,False,30,15,0.5,0.01762632197414806,0.01762632197414806,3,2e59cf9f3171d707e315408ac73ab6f4e83c5fe325b016b68f35679ce9725d2d,,2e59cf9f3171d707e315408ac73ab6f4e83c5fe325b016b68f35679ce9725d2d,True,False,POST_OBSERVATION_CREATED
True,True,True,True,True,True,True,True,True,True,True,False,original,35,2014-07-01 17:30:00,time,73,35.0,scenario3,EXISTING_SEGMENTS_BELOW_L_MATCH,30,30,19,4,832,836,30,4,832,0,32,2,2,60,1.0,2,13.780000000000001,2,1.5,1.5,0,1,1,0,0,0,0,7a299d316ad638095c7680127bb773861274c5ef60125cee0676ffb304561872,23,2,4,2,0,False,False,30,16,0.5333333333333333,0.018823529411764704,0.018823529411764704,2,ce5754c323d010c9275fc05986845dc23b0924273d15a95691b5439fafb76924,,ce5754c323d010c9275fc05986845dc23b0924273d15a95691b5439fafb76924,True,False,POST_OBSERVATION_CREATED
True,True,True,True,True,True,True,True,True,True,True,False,original,35,2014-07-01 17:30:00,time,71,35.0,scenario3,EXISTING_SEGMENTS_BELOW_L_MATCH,30,30,19,4,832,836,30,4,832,0,32,2,2,100,1.5,2,24.605,3,1.5,1.5,1,0,0,1,0,0,0,0b8fdf1c7d7445deb0760bd1064ef7048564fe8461dd6e8cbbd04ee26a8bafc9,11,3,4,1,0,False,False,70,25,0.35714285714285715,0.01643192488262911,0.028376844494892167,26,91649e67499509162f4a57799cab51ac0a125f53d0c486d162c9dd175b950af3,,91649e67499509162f4a57799cab51ac0a125f53d0c486d162c9dd175b950af3,True,False,POST_OBSERVATION_CREATED
True,True,True,True,True,True,True,True,True,True,True,False,original,35,2014-07-01 17:30:00,time,74,35.0,scenario3,EXISTING_SEGMENTS_BELOW_L_MATCH,30,30,19,4,832,836,30,4,832,0,32,2,2,60,0.5,1,14.98,2,1.5,1.5,0,1,1,0,0,0,0,bd6591eec09616498c2bb7c2d4f51fca04357663a40ca78e59acad8c438252bb,16,2,4,2,0,False,False,30,16,0.5333333333333333,0.018823529411764704,0.018823529411764704,7,00f407e2c8a8369c04fd04800a3223829dbc54c3bcaab3d511bb240bcf65e1e4,,00f407e2c8a8369c04fd04800a3223829dbc54c3bcaab3d511bb240bcf65e1e4,True,False,POST_OBSERVATION_CREATED
True,True,True,True,True,True,True,True,True,True,True,False,original,35,2014-07-01 17:30:00,time,70,35.0,scenario3,EXISTING_SEGMENTS_BELOW_L_MATCH,30,30,19,4,832,836,30,4,832,0,32,4,4,138,1.0,2,17.3325,1,0.75,1.0,1,3,0,0,0,0,0,57b073de719412943c5872094453f152ddf98f678206364a7aefdb48fbfd2833,25,1,4,3,0,False,False,30,14,0.4666666666666667,0.01643192488262911,0.01643192488262911,29,33581ca2a8abb116d65387c7ef544a871e11e072869115ae0ee26866d52aa374,,33581ca2a8abb116d65387c7ef544a871e11e072869115ae0ee26866d52aa374,True,False,POST_OBSERVATION_CREATED
True,True,True,True,True,True,True,True,True,True,True,False,original,35,2014-07-01 17:30:00,time,75,35.0,scenario3,EXISTING_SEGMENTS_BELOW_L_MATCH,30,30,19,4,832,836,30,4,832,0,32,1,1,30,0.0,0,15.0,1,1.0,1.0,0,1,0,0,0,0,0,cd6549bf8c539990c439a52a4cbff08745c39917f88867e9f4e52f96f67973ea,24,1,4,3,0,False,False,30,16,0.5333333333333333,0.018823529411764704,0.018823529411764704,25,4d7c611f295f90644f3918e6f0b69cb67be6c3cb44d219c7caa7bd3347a036a6,,4d7c611f295f90644f3918e6f0b69cb67be6c3cb44d219c7caa7bd3347a036a6,True,False,POST_OBSERVATION_CREATED
True,True,True,True,True,True,True,True,True,True,True,False,original,35,2014-07-01 17:30:00,time,69,35.0,scenario3,EXISTING_SEGMENTS_BELOW_L_MATCH,30,30,19,4,832,836,30,4,832,0,32,5,5,150,0.8,2,14.506,2,0.8,1.0,2,2,1,0,0,0,0,3acac3d13522bf08d7fd63bfe7eeb4fd147d3941a949cf1b0ff9a0373e132e57,12,2,4,2,0,False,False,30,16,0.5333333333333333,0.018823529411764704,0.018823529411764704,17,431601b45545270bc1971fee4e30851e8a0f3ff4c1248944a69413441919b773,,431601b45545270bc1971fee4e30851e8a0f3ff4c1248944a69413441919b773,True,False,POST_OBSERVATION_CREATED
True,True,True,True,True,True,True,True,True,True,True,False,original,35,2014-07-01 17:30:00,time,76,35.0,scenario3,EXISTING_SEGMENTS_BELOW_L_MATCH,30,30,19,4,832,836,30,4,832,0,32,1,1,30,0.0,0,15.0,1,1.0,1.0,0,1,0,0,0,0,0,838ee440d49835d7a55f2642b0a07f73b1eec6a603db521abeda8f854091df85,27,1,4,3,0,False,False,30,16,0.5333333333333333,0.018823529411764704,0.018823529411764704,28,5a748e0ab88a77b5fa265b7c47ab9f4110489d6e10361814a7c66eee6605168f,,5a748e0ab88a77b5fa265b7c47ab9f4110489d6e10361814a7c66eee6605168f,True,False,POST_OBSERVATION_CREATED
True,True,True,True,True,True,True,True,True,True,True,False,original,35,2014-07-01 17:30:00,time,68,35.0,scenario2,MATCHING_SEGMENT_FOUND,30,30,19,4,832,836,30,4,832,0,32,4,4,160,1.25,5,20.6825,11,4.0,2.5,1,1,0,0,2,2,2,94fb79a329f157e5c90731657e305c362c578ba83912ff533430e32950c361f9,16,11,4,0,2,True,True,30,11,0.36666666666666664,0.012865497076023392,0.012865497076023392,16,94fb79a329f157e5c90731657e305c362c578ba83912ff533430e32950c361f9,94fb79a329f157e5c90731657e305c362c578ba83912ff533430e32950c361f9,,False,True,PREEXISTING
True,True,True,True,True,True,True,True,True,True,True,False,original,35,2014-07-01 17:30:00,time,77,35.0,scenario3,NO_EXISTING_SEGMENT_IN_COLUMN,30,30,19,4,832,836,30,4,832,0,32,0,0,0,0.0,0,0.0,0,0.0,0.0,0,0,0,0,0,0,0,,,0,4,4,0,False,False,0,0,0.0,0.0,0.0,25,cc8d130ba30b5b2c23001684ee8dea041119985e6987a3d551a66d84510e4481,,cc8d130ba30b5b2c23001684ee8dea041119985e6987a3d551a66d84510e4481,True,False,POST_OBSERVATION_CREATED
True,True,True,True,True,True,True,True,True,True,True,False,original,35,2014-07-01 17:30:00,passenger,323,19525.0,scenario2,MATCHING_SEGMENT_FOUND,30,30,19,4,832,836,30,4,832,0,32,3,3,90,2.0,5,14.226666666666667,10,3.6666666666666665,1.0,1,1,0,0,1,1,1,6598574e6375a472a37562d941a428f99d6c0610a763ae326613a551a4e802f0,3,10,4,0,1,False,False,30,10,0.3333333333333333,0.011682242990654205,0.011682242990654205,3,6598574e6375a472a37562d941a428f99d6c0610a763ae326613a551a4e802f0,6598574e6375a472a37562d941a428f99d6c0610a763ae326613a551a4e802f0,,False,True,PREEXISTING
True,True,True,True,True,True,True,True,True,True,True,False,original,35,2014-07-01 17:30:00,passenger,322,19525.0,scenario2,MATCHING_SEGMENT_FOUND,30,30,19,4,832,836,30,4,832,0,32,3,3,110,2.0,5,18.856666666666666,10,3.3333333333333335,0.0,2,0,0,0,1,1,1,cd2f6291543f1a899a3808782effefe35434cecaa061c72d0279aff8db6eed1a,22,10,4,0,1,False,False,50,14,0.28,0.011682242990654205,0.016055045871559634,22,cd2f6291543f1a899a3808782effefe35434cecaa061c72d0279aff8db6eed1a,cd2f6291543f1a899a3808782effefe35434cecaa061c72d0279aff8db6eed1a,,False,True,PREEXISTING
True,True,True,True,True,True,True,True,True,True,True,False,original,35,2014-07-01 17:30:00,passenger,324,19525.0,scenario1,CORRECTLY_PREDICTED_CELL_AVAILABLE,30,30,19,4,832,836,30,4,832,0,32,3,3,90,4.333333333333333,10,13.876666666666667,10,3.6666666666666665,1.0,1,1,0,0,1,1,1,13b85e291d19ec1b87f0d6bc3951760e81f035913d5ccd5b3d8a6a026f243c20,11,10,4,0,1,False,False,30,10,0.3333333333333333,0.011682242990654205,0.011682242990654205,11,13b85e291d19ec1b87f0d6bc3951760e81f035913d5ccd5b3d8a6a026f243c20,13b85e291d19ec1b87f0d6bc3951760e81f035913d5ccd5b3d8a6a026f243c20,,False,True,PREEXISTING
True,True,True,True,True,True,True,True,True,True,True,False,original,35,2014-07-01 17:30:00,passenger,321,19525.0,scenario2,MATCHING_SEGMENT_FOUND,30,30,19,4,832,836,30,4,832,0,32,4,4,139,3.5,11,17.5825,10,2.5,0.0,3,0,0,0,1,1,1,fad7437f0f32e32688aed945d218fdea6124d1ef02341e22af2461c506751fbf,30,10,4,0,1,False,False,30,10,0.3333333333333333,0.011682242990654205,0.011682242990654205,30,fad7437f0f32e32688aed945d218fdea6124d1ef02341e22af2461c506751fbf,fad7437f0f32e32688aed945d218fdea6124d1ef02341e22af2461c506751fbf,,False,True,PREEXISTING
True,True,True,True,True,True,True,True,True,True,True,False,original,35,2014-07-01 17:30:00,passenger,325,19525.0,scenario1,CORRECTLY_PREDICTED_CELL_AVAILABLE,30,30,19,4,832,836,30,4,832,0,32,4,4,120,3.5,10,14.14,10,2.75,0.5,2,1,0,0,1,1,1,37c7e8306b5dbb41ea12d8f316d1dced8722c918a16a83eaa3192523f4349c20,20,10,4,0,1,False,False,30,10,0.3333333333333333,0.011682242990654205,0.011682242990654205,20,37c7e8306b5dbb41ea12d8f316d1dced8722c918a16a83eaa3192523f4349c20,37c7e8306b5dbb41ea12d8f316d1dced8722c918a16a83eaa3192523f4349c20,,False,True,PREEXISTING
True,True,True,True,True,True,True,True,True,True,True,False,original,35,2014-07-01 17:30:00,passenger,320,19525.0,scenario2,MATCHING_SEGMENT_FOUND,30,30,19,4,832,836,30,4,832,0,32,5,5,163,2.4,8,15.774000000000001,10,2.0,0.0,4,0,0,0,1,1,1,964e28adf59073404933aa0fc15c8ef7fc9326225b6323ebdcee5f9d11e55484,24,10,4,0,1,False,False,30,10,0.3333333333333333,0.011682242990654205,0.011682242990654205,24,964e28adf59073404933aa0fc15c8ef7fc9326225b6323ebdcee5f9d11e55484,964e28adf59073404933aa0fc15c8ef7fc9326225b6323ebdcee5f9d11e55484,,False,True,PREEXISTING
True,True,True,True,True,True,True,True,True,True,True,False,original,35,2014-07-01 17:30:00,passenger,326,19525.0,scenario1,CORRECTLY_PREDICTED_CELL_AVAILABLE,30,30,19,4,832,836,30,4,832,0,32,4,4,120,2.75,8,14.2075,10,2.75,0.5,2,1,0,0,1,1,1,92f5e6c3077fd71b0b600e5d88e279c553d807f81bd95111cbc5bfed495427e4,6,10,4,0,1,False,False,30,10,0.3333333333333333,0.011682242990654205,0.011682242990654205,6,92f5e6c3077fd71b0b600e5d88e279c553d807f81bd95111cbc5bfed495427e4,92f5e6c3077fd71b0b600e5d88e279c553d807f81bd95111cbc5bfed495427e4,,False,True,PREEXISTING
True,True,True,True,True,True,True,True,True,True,True,False,original,35,2014-07-01 17:30:00,passenger,319,19525.0,scenario2,MATCHING_SEGMENT_FOUND,30,30,19,4,832,836,30,4,832,0,32,3,3,161,2.3333333333333335,3,30.09,10,3.3333333333333335,0.0,2,0,0,0,1,1,1,7685ac1a309d934bf43aef457ca3bef02455d123a9fd72566c97f84c720f4cb4,30,10,4,0,1,False,False,63,10,0.15873015873015872,0.011682242990654205,0.01124859392575928,30,7685ac1a309d934bf43aef457ca3bef02455d123a9fd72566c97f84c720f4cb4,7685ac1a309d934bf43aef457ca3bef02455d123a9fd72566c97f84c720f4cb4,,False,True,PREEXISTING
True,True,True,True,True,True,True,True,True,True,True,False,original,35,2014-07-01 17:30:00,passenger,327,19525.0,scenario2,MATCHING_SEGMENT_FOUND,30,30,19,4,832,836,30,4,832,0,32,2,2,80,4.5,8,20.665,10,5.0,5.0,1,0,0,0,1,1,1,f05947e67bc20a1ca25c4898f5f894797f822ca0bb2b281e01115e9158810256,26,10,4,0,1,False,False,30,10,0.3333333333333333,0.011682242990654205,0.011682242990654205,26,f05947e67bc20a1ca25c4898f5f894797f822ca0bb2b281e01115e9158810256,f05947e67bc20a1ca25c4898f5f894797f822ca0bb2b281e01115e9158810256,,False,True,PREEXISTING
True,True,True,True,True,True,True,True,True,True,True,False,original,35,2014-07-01 17:30:00,passenger,318,19525.0,scenario2,MATCHING_SEGMENT_FOUND,30,30,19,4,832,836,30,4,832,0,32,5,5,163,2.6,9,16.53,10,2.0,0.0,4,0,0,0,1,1,1,99d2e68462c2965717a94a2679716d322e7c1cc5b82d85993c0614bb228493ef,10,10,4,0,1,False,False,30,10,0.3333333333333333,0.011682242990654205,0.011682242990654205,10,99d2e68462c2965717a94a2679716d322e7c1cc5b82d85993c0614bb228493ef,99d2e68462c2965717a94a2679716d322e7c1cc5b82d85993c0614bb228493ef,,False,True,PREEXISTING
True,True,True,True,True,True,True,True,True,True,True,False,original,36,2014-07-01 18:00:00,weekday,4,1.0,scenario2,MATCHING_SEGMENT_FOUND,30,30,20,3,864,867,30,3,864,0,32,1,1,569,0.0,0,355.0,30,30.0,30.0,0,0,0,0,1,1,1,8aeed2abd0f847e0b8500715486ecfcc55670f2b3385c6aeb419a3a0678f1913,30,30,4,0,1,False,False,569,71,0.12478031634446397,0.011273957158962795,0.05201465201465202,30,8aeed2abd0f847e0b8500715486ecfcc55670f2b3385c6aeb419a3a0678f1913,8aeed2abd0f847e0b8500715486ecfcc55670f2b3385c6aeb419a3a0678f1913,,False,True,PREEXISTING
True,True,True,True,True,True,True,True,True,True,True,False,original,36,2014-07-01 18:00:00,weekday,5,1.0,scenario2,MATCHING_SEGMENT_FOUND,30,30,20,3,864,867,30,3,864,0,32,1,1,569,0.0,0,355.0,30,30.0,30.0,0,0,0,0,1,1,1,64080601c3be5fe7030e7eb69924a6cafe76e2b467b4a5630a9f7de522aa39db,10,30,4,0,1,False,False,569,71,0.12478031634446397,0.011273957158962795,0.05201465201465202,10,64080601c3be5fe7030e7eb69924a6cafe76e2b467b4a5630a9f7de522aa39db,64080601c3be5fe7030e7eb69924a6cafe76e2b467b4a5630a9f7de522aa39db,,False,True,PREEXISTING
True,True,True,True,True,True,True,True,True,True,True,False,original,36,2014-07-01 18:00:00,weekday,3,1.0,scenario2,MATCHING_SEGMENT_FOUND,30,30,20,3,864,867,30,3,864,0,32,1,1,569,1.0,1,354.96,30,30.0,30.0,0,0,0,0,1,1,1,69f0cb4491a1fd577b6c1af78119fa843dac41862a4e9483fd3c8e414791a45f,4,30,4,0,1,False,False,569,71,0.12478031634446397,0.011273957158962795,0.05201465201465202,4,69f0cb4491a1fd577b6c1af78119fa843dac41862a4e9483fd3c8e414791a45f,69f0cb4491a1fd577b6c1af78119fa843dac41862a4e9483fd3c8e414791a45f,,False,True,PREEXISTING
True,True,True,True,True,True,True,True,True,True,True,False,original,36,2014-07-01 18:00:00,weekday,6,1.0,scenario2,MATCHING_SEGMENT_FOUND,30,30,20,3,864,867,30,3,864,0,32,1,1,569,1.0,1,354.94,30,30.0,30.0,0,0,0,0,1,1,1,d0ca4df7b4ef8ef8330fc3c3fb6df6da237f2c8759fa1a08b551c3b0267a5cc1,29,30,4,0,1,False,False,569,71,0.12478031634446397,0.011273957158962795,0.05201465201465202,29,d0ca4df7b4ef8ef8330fc3c3fb6df6da237f2c8759fa1a08b551c3b0267a5cc1,d0ca4df7b4ef8ef8330fc3c3fb6df6da237f2c8759fa1a08b551c3b0267a5cc1,,False,True,PREEXISTING
True,True,True,True,True,True,True,True,True,True,True,False,original,36,2014-07-01 18:00:00,weekday,2,1.0,scenario2,MATCHING_SEGMENT_FOUND,30,30,20,3,864,867,30,3,864,0,32,1,1,569,1.0,1,354.94,30,30.0,30.0,0,0,0,0,1,1,1,62de03d338e81fffb1fe886b83637755e48f7109d103cb5c35e3be82a6942085,15,30,4,0,1,False,False,569,71,0.12478031634446397,0.011273957158962795,0.05201465201465202,15,62de03d338e81fffb1fe886b83637755e48f7109d103cb5c35e3be82a6942085,62de03d338e81fffb1fe886b83637755e48f7109d103cb5c35e3be82a6942085,,False,True,PREEXISTING
True,True,True,True,True,True,True,True,True,True,True,False,original,36,2014-07-01 18:00:00,weekday,7,1.0,scenario2,MATCHING_SEGMENT_FOUND,30,30,20,3,864,867,30,3,864,0,32,1,1,569,3.0,3,354.84999999999997,30,30.0,30.0,0,0,0,0,1,1,1,82cd778248b58abce2dd437ff3430d422a5f31f0857456cb0806c4bbf75c2f84,1,30,4,0,1,False,False,569,71,0.12478031634446397,0.011273957158962795,0.05201465201465202,1,82cd778248b58abce2dd437ff3430d422a5f31f0857456cb0806c4bbf75c2f84,82cd778248b58abce2dd437ff3430d422a5f31f0857456cb0806c4bbf75c2f84,,False,True,PREEXISTING
True,True,True,True,True,True,True,True,True,True,True,False,original,36,2014-07-01 18:00:00,weekday,1,1.0,scenario2,MATCHING_SEGMENT_FOUND,30,30,20,3,864,867,30,3,864,0,32,1,1,569,3.0,3,354.78,30,30.0,30.0,0,0,0,0,1,1,1,096eb71f46b469fc4f1cc7d4ed984088c225a66b3cfbaad900f9fc8fd6e6985c,15,30,4,0,1,False,False,569,71,0.12478031634446397,0.011273957158962795,0.05201465201465202,15,096eb71f46b469fc4f1cc7d4ed984088c225a66b3cfbaad900f9fc8fd6e6985c,096eb71f46b469fc4f1cc7d4ed984088c225a66b3cfbaad900f9fc8fd6e6985c,,False,True,PREEXISTING
True,True,True,True,True,True,True,True,True,True,True,False,original,36,2014-07-01 18:00:00,weekday,8,1.0,scenario2,MATCHING_SEGMENT_FOUND,30,30,20,3,864,867,30,3,864,0,32,1,1,569,4.0,4,354.36,30,30.0,30.0,0,0,0,0,1,1,1,8707a46b07890e9f3d4b42af5e0aab7361dc144e7986f25d90e421a33089bd83,29,30,4,0,1,False,False,569,71,0.12478031634446397,0.011273957158962795,0.05201465201465202,29,8707a46b07890e9f3d4b42af5e0aab7361dc144e7986f25d90e421a33089bd83,8707a46b07890e9f3d4b42af5e0aab7361dc144e7986f25d90e421a33089bd83,,False,True,PREEXISTING
True,True,True,True,True,True,True,True,True,True,True,False,original,36,2014-07-01 18:00:00,weekday,0,1.0,scenario2,MATCHING_SEGMENT_FOUND,30,30,20,3,864,867,30,3,864,0,32,1,1,569,4.0,4,354.34999999999997,30,30.0,30.0,0,0,0,0,1,1,1,b8ff4e0cd1bf15ed47968cde6ad2530bfe3d56b991c289d66df5ed3a4ea01ca1,4,30,4,0,1,False,False,569,71,0.12478031634446397,0.011273957158962795,0.05201465201465202,4,b8ff4e0cd1bf15ed47968cde6ad2530bfe3d56b991c289d66df5ed3a4ea01ca1,b8ff4e0cd1bf15ed47968cde6ad2530bfe3d56b991c289d66df5ed3a4ea01ca1,,False,True,PREEXISTING
True,True,True,True,True,True,True,True,True,True,True,False,original,36,2014-07-01 18:00:00,weekday,9,1.0,scenario2,MATCHING_SEGMENT_FOUND,30,30,20,3,864,867,30,3,864,0,32,1,1,569,4.0,4,354.25,30,30.0,30.0,0,0,0,0,1,1,1,1928f40ce31bf6bd47fb15c046e5d7db5c6f2744acdbf86090d49adc6860aaca,19,30,4,0,1,False,False,569,71,0.12478031634446397,0.011273957158962795,0.05201465201465202,19,1928f40ce31bf6bd47fb15c046e5d7db5c6f2744acdbf86090d49adc6860aaca,1928f40ce31bf6bd47fb15c046e5d7db5c6f2744acdbf86090d49adc6860aaca,,False,True,PREEXISTING
True,True,True,True,True,True,True,True,True,True,True,False,original,36,2014-07-01 18:00:00,time,73,36.0,scenario3,EXISTING_SEGMENTS_BELOW_L_MATCH,30,30,20,3,864,867,30,3,864,0,32,3,3,90,0.6666666666666666,2,14.186666666666667,1,0.6666666666666666,1.0,1,2,0,0,0,0,0,ce5754c323d010c9275fc05986845dc23b0924273d15a95691b5439fafb76924,2,1,4,3,0,False,False,30,19,0.6333333333333333,0.02164009111617312,0.02164009111617312,27,6c9ae5d8b7ed6ae59ccc5c37e368a3bb46134c7db38cb3beaa466dcd9164e774,,6c9ae5d8b7ed6ae59ccc5c37e368a3bb46134c7db38cb3beaa466dcd9164e774,True,False,POST_OBSERVATION_CREATED
True,True,True,True,True,True,True,True,True,True,True,False,original,36,2014-07-01 18:00:00,time,74,36.0,scenario1,CORRECTLY_PREDICTED_CELL_AVAILABLE,30,30,20,3,864,867,30,3,864,0,32,3,3,90,0.6666666666666666,1,14.953333333333333,4,2.0,1.0,0,2,0,0,1,1,1,00f407e2c8a8369c04fd04800a3223829dbc54c3bcaab3d511bb240bcf65e1e4,7,4,4,0,1,False,False,30,19,0.6333333333333333,0.02164009111617312,0.02164009111617312,27,45dd86d07558831e5b3f9d77c235fc66d35631cc3d076714a3d7e63a4b0768d0,45dd86d07558831e5b3f9d77c235fc66d35631cc3d076714a3d7e63a4b0768d0,,False,True,PREEXISTING
True,True,True,True,True,True,True,True,True,True,True,False,original,36,2014-07-01 18:00:00,time,72,36.0,scenario2,MATCHING_SEGMENT_FOUND,30,30,20,3,864,867,30,3,864,0,32,4,4,120,0.75,2,14.3625,4,1.5,1.0,1,2,0,0,1,1,1,2e59cf9f3171d707e315408ac73ab6f4e83c5fe325b016b68f35679ce9725d2d,3,4,4,0,1,False,False,30,19,0.6333333333333333,0.02164009111617312,0.02164009111617312,3,2e59cf9f3171d707e315408ac73ab6f4e83c5fe325b016b68f35679ce9725d2d,2e59cf9f3171d707e315408ac73ab6f4e83c5fe325b016b68f35679ce9725d2d,,False,True,PREEXISTING
True,True,True,True,True,True,True,True,True,True,True,False,original,36,2014-07-01 18:00:00,time,75,36.0,scenario1,CORRECTLY_PREDICTED_CELL_AVAILABLE,30,30,20,3,864,867,30,3,864,0,32,2,2,60,0.5,1,14.95,4,2.5,2.5,0,1,0,0,1,1,1,4d7c611f295f90644f3918e6f0b69cb67be6c3cb44d219c7caa7bd3347a036a6,25,4,4,0,1,False,False,30,19,0.6333333333333333,0.02164009111617312,0.02164009111617312,24,cd6549bf8c539990c439a52a4cbff08745c39917f88867e9f4e52f96f67973ea,cd6549bf8c539990c439a52a4cbff08745c39917f88867e9f4e52f96f67973ea,,False,True,PREEXISTING
True,True,True,True,True,True,True,True,True,True,True,False,original,36,2014-07-01 18:00:00,time,71,36.0,scenario2,MATCHING_SEGMENT_FOUND,30,30,20,3,864,867,30,3,864,0,32,3,3,130,1.0,2,21.37,10,6.0,4.0,0,0,0,0,3,3,3,6e48795423ac4fec9dc4580e0e8ba8d888038f3491d25cad6d25d9f10c319189,25,10,4,0,3,True,True,30,15,0.5,0.017006802721088437,0.017006802721088437,25,6e48795423ac4fec9dc4580e0e8ba8d888038f3491d25cad6d25d9f10c319189,6e48795423ac4fec9dc4580e0e8ba8d888038f3491d25cad6d25d9f10c319189,,False,True,PREEXISTING
True,True,True,True,True,True,True,True,True,True,True,False,original,36,2014-07-01 18:00:00,time,76,36.0,scenario1,CORRECTLY_PREDICTED_CELL_AVAILABLE,30,30,20,3,864,867,30,3,864,0,32,2,2,60,0.5,1,14.95,4,2.5,2.5,0,1,0,0,1,1,1,5a748e0ab88a77b5fa265b7c47ab9f4110489d6e10361814a7c66eee6605168f,28,4,4,0,1,False,False,30,19,0.6333333333333333,0.02164009111617312,0.02164009111617312,27,838ee440d49835d7a55f2642b0a07f73b1eec6a603db521abeda8f854091df85,838ee440d49835d7a55f2642b0a07f73b1eec6a603db521abeda8f854091df85,,False,True,PREEXISTING
True,True,True,True,True,True,True,True,True,True,True,False,original,36,2014-07-01 18:00:00,time,70,36.0,scenario2,MATCHING_SEGMENT_FOUND,30,30,20,3,864,867,30,3,864,0,32,5,5,168,1.0,3,16.846,4,1.4,1.0,1,3,0,0,1,1,1,33581ca2a8abb116d65387c7ef544a871e11e072869115ae0ee26866d52aa374,29,4,4,0,1,False,False,30,19,0.6333333333333333,0.02164009111617312,0.02164009111617312,29,33581ca2a8abb116d65387c7ef544a871e11e072869115ae0ee26866d52aa374,33581ca2a8abb116d65387c7ef544a871e11e072869115ae0ee26866d52aa374,,False,True,PREEXISTING
True,True,True,True,True,True,True,True,True,True,True,False,original,36,2014-07-01 18:00:00,time,77,36.0,scenario2,MATCHING_SEGMENT_FOUND,30,30,20,3,864,867,30,3,864,0,32,1,1,30,0.0,0,15.0,4,4.0,4.0,0,0,0,0,1,1,1,cc8d130ba30b5b2c23001684ee8dea041119985e6987a3d551a66d84510e4481,25,4,4,0,1,False,False,30,19,0.6333333333333333,0.02164009111617312,0.02164009111617312,25,cc8d130ba30b5b2c23001684ee8dea041119985e6987a3d551a66d84510e4481,cc8d130ba30b5b2c23001684ee8dea041119985e6987a3d551a66d84510e4481,,False,True,PREEXISTING
True,True,True,True,True,True,True,True,True,True,True,False,original,36,2014-07-01 18:00:00,time,69,36.0,scenario2,MATCHING_SEGMENT_FOUND,30,30,20,3,864,867,30,3,864,0,32,6,6,180,0.8333333333333334,2,14.571666666666667,4,1.3333333333333333,1.0,1,4,0,0,1,1,1,431601b45545270bc1971fee4e30851e8a0f3ff4c1248944a69413441919b773,17,4,4,0,1,False,False,30,19,0.6333333333333333,0.02164009111617312,0.02164009111617312,17,431601b45545270bc1971fee4e30851e8a0f3ff4c1248944a69413441919b773,431601b45545270bc1971fee4e30851e8a0f3ff4c1248944a69413441919b773,,False,True,PREEXISTING
True,True,True,True,True,True,True,True,True,True,True,False,original,36,2014-07-01 18:00:00,time,78,36.0,scenario3,NO_EXISTING_SEGMENT_IN_COLUMN,30,30,20,3,864,867,30,3,864,0,32,0,0,0,0.0,0,0.0,0,0.0,0.0,0,0,0,0,0,0,0,,,0,4,4,0,False,False,0,0,0.0,0.0,0.0,1,e09a40e06b72b26d48348c9ec8e1a4713ef0050abfbb6433e505a9f5ede1bb2d,,e09a40e06b72b26d48348c9ec8e1a4713ef0050abfbb6433e505a9f5ede1bb2d,True,False,POST_OBSERVATION_CREATED
True,True,True,True,True,True,True,True,True,True,True,False,original,36,2014-07-01 18:00:00,passenger,364,22966.0,scenario3,NO_EXISTING_SEGMENT_IN_COLUMN,30,30,20,3,864,867,30,3,864,0,32,0,0,0,0.0,0,0.0,0,0.0,0.0,0,0,0,0,0,0,0,,,0,4,4,0,False,False,0,0,0.0,0.0,0.0,4,d1ab5835890dcc8a7cfdf1ea947c797436c6837a2a8d6d18de4757603607e29a,,d1ab5835890dcc8a7cfdf1ea947c797436c6837a2a8d6d18de4757603607e29a,True,False,POST_OBSERVATION_CREATED
True,True,True,True,True,True,True,True,True,True,True,False,original,36,2014-07-01 18:00:00,passenger,365,22966.0,scenario3,NO_EXISTING_SEGMENT_IN_COLUMN,30,30,20,3,864,867,30,3,864,0,32,0,0,0,0.0,0,0.0,0,0.0,0.0,0,0,0,0,0,0,0,,,0,4,4,0,False,False,0,0,0.0,0.0,0.0,4,be5e8179f5b145c38d641ccea36a10a498ebf4c3827144164333952e04db6e97,,be5e8179f5b145c38d641ccea36a10a498ebf4c3827144164333952e04db6e97,True,False,POST_OBSERVATION_CREATED
True,True,True,True,True,True,True,True,True,True,True,False,original,36,2014-07-01 18:00:00,passenger,363,22966.0,scenario3,NO_EXISTING_SEGMENT_IN_COLUMN,30,30,20,3,864,867,30,3,864,0,32,0,0,0,0.0,0,0.0,0,0.0,0.0,0,0,0,0,0,0,0,,,0,4,4,0,False,False,0,0,0.0,0.0,0.0,24,eb59b7b3a9e8c3b60db6278a444c1c856ac3cb4070ec1e6bfc1dc4fa3dd83b2d,,eb59b7b3a9e8c3b60db6278a444c1c856ac3cb4070ec1e6bfc1dc4fa3dd83b2d,True,False,POST_OBSERVATION_CREATED
True,True,True,True,True,True,True,True,True,True,True,False,original,36,2014-07-01 18:00:00,passenger,366,22966.0,scenario3,NO_EXISTING_SEGMENT_IN_COLUMN,30,30,20,3,864,867,30,3,864,0,32,0,0,0,0.0,0,0.0,0,0.0,0.0,0,0,0,0,0,0,0,,,0,4,4,0,False,False,0,0,0.0,0.0,0.0,2,758b45803d595c700ea7838bd519877e9695c7a4f5116f31648233fd2dafd707,,758b45803d595c700ea7838bd519877e9695c7a4f5116f31648233fd2dafd707,True,False,POST_OBSERVATION_CREATED
True,True,True,True,True,True,True,True,True,True,True,False,original,36,2014-07-01 18:00:00,passenger,362,22966.0,scenario3,NO_EXISTING_SEGMENT_IN_COLUMN,30,30,20,3,864,867,30,3,864,0,32,0,0,0,0.0,0,0.0,0,0.0,0.0,0,0,0,0,0,0,0,,,0,4,4,0,False,False,0,0,0.0,0.0,0.0,18,8770fc0a0ac7aa1959544448cabc845a57cefc24c402cd2b4713aa7744e036d7,,8770fc0a0ac7aa1959544448cabc845a57cefc24c402cd2b4713aa7744e036d7,True,False,POST_OBSERVATION_CREATED
True,True,True,True,True,True,True,True,True,True,True,False,original,36,2014-07-01 18:00:00,passenger,367,22966.0,scenario3,NO_EXISTING_SEGMENT_IN_COLUMN,30,30,20,3,864,867,30,3,864,0,32,0,0,0,0.0,0,0.0,0,0.0,0.0,0,0,0,0,0,0,0,,,0,4,4,0,False,False,0,0,0.0,0.0,0.0,3,21d8528e7a11c910006fe5d7b0a5750faa24e4f3b666c71149c0826e10ac74c9,,21d8528e7a11c910006fe5d7b0a5750faa24e4f3b666c71149c0826e10ac74c9,True,False,POST_OBSERVATION_CREATED
True,True,True,True,True,True,True,True,True,True,True,False,original,36,2014-07-01 18:00:00,passenger,361,22966.0,scenario3,NO_EXISTING_SEGMENT_IN_COLUMN,30,30,20,3,864,867,30,3,864,0,32,0,0,0,0.0,0,0.0,0,0.0,0.0,0,0,0,0,0,0,0,,,0,4,4,0,False,False,0,0,0.0,0.0,0.0,15,0794ea3613288c601aff2b6d1a980d08fdbe857f42cbba8a42a2c47651172f41,,0794ea3613288c601aff2b6d1a980d08fdbe857f42cbba8a42a2c47651172f41,True,False,POST_OBSERVATION_CREATED
True,True,True,True,True,True,True,True,True,True,True,False,original,36,2014-07-01 18:00:00,passenger,368,22966.0,scenario3,NO_EXISTING_SEGMENT_IN_COLUMN,30,30,20,3,864,867,30,3,864,0,32,0,0,0,0.0,0,0.0,0,0.0,0.0,0,0,0,0,0,0,0,,,0,4,4,0,False,False,0,0,0.0,0.0,0.0,31,114e52f2aa8d76b4078fb2a27dcf9818c7f4713285c354b91e116bac5efdd26f,,114e52f2aa8d76b4078fb2a27dcf9818c7f4713285c354b91e116bac5efdd26f,True,False,POST_OBSERVATION_CREATED
True,True,True,True,True,True,True,True,True,True,True,False,original,36,2014-07-01 18:00:00,passenger,360,22966.0,scenario3,NO_EXISTING_SEGMENT_IN_COLUMN,30,30,20,3,864,867,30,3,864,0,32,0,0,0,0.0,0,0.0,0,0.0,0.0,0,0,0,0,0,0,0,,,0,4,4,0,False,False,0,0,0.0,0.0,0.0,18,99d5da90bbdb27c94db59f42c0e7e88ded3f5a05eaf2a5bf666a5b15bb36b840,,99d5da90bbdb27c94db59f42c0e7e88ded3f5a05eaf2a5bf666a5b15bb36b840,True,False,POST_OBSERVATION_CREATED
True,True,True,True,True,True,True,True,True,True,True,False,original,36,2014-07-01 18:00:00,passenger,369,22966.0,scenario3,NO_EXISTING_SEGMENT_IN_COLUMN,30,30,20,3,864,867,30,3,864,0,32,0,0,0,0.0,0,0.0,0,0.0,0.0,0,0,0,0,0,0,0,,,0,4,4,0,False,False,0,0,0.0,0.0,0.0,28,69e758901cd12dc0d6362ff22470eddf09cfb9b0dbef626e2522676b22ae3c19,,69e758901cd12dc0d6362ff22470eddf09cfb9b0dbef626e2522676b22ae3c19,True,False,POST_OBSERVATION_CREATED
True,True,True,True,True,True,True,True,True,True,True,False,original,37,2014-07-01 18:30:00,weekday,4,1.0,scenario2,MATCHING_SEGMENT_FOUND,30,30,16,3,864,867,30,3,864,0,32,1,1,578,0.0,0,361.5,20,20.0,20.0,0,0,0,0,1,1,1,8aeed2abd0f847e0b8500715486ecfcc55670f2b3385c6aeb419a3a0678f1913,30,20,4,0,1,False,False,578,44,0.07612456747404844,0.011273957158962795,0.03140613847251963,30,8aeed2abd0f847e0b8500715486ecfcc55670f2b3385c6aeb419a3a0678f1913,8aeed2abd0f847e0b8500715486ecfcc55670f2b3385c6aeb419a3a0678f1913,,False,True,PREEXISTING
True,True,True,True,True,True,True,True,True,True,True,False,original,37,2014-07-01 18:30:00,weekday,5,1.0,scenario2,MATCHING_SEGMENT_FOUND,30,30,16,3,864,867,30,3,864,0,32,1,1,578,0.0,0,361.5,20,20.0,20.0,0,0,0,0,1,1,1,64080601c3be5fe7030e7eb69924a6cafe76e2b467b4a5630a9f7de522aa39db,10,20,4,0,1,False,False,578,44,0.07612456747404844,0.011273957158962795,0.03140613847251963,10,64080601c3be5fe7030e7eb69924a6cafe76e2b467b4a5630a9f7de522aa39db,64080601c3be5fe7030e7eb69924a6cafe76e2b467b4a5630a9f7de522aa39db,,False,True,PREEXISTING
True,True,True,True,True,True,True,True,True,True,True,False,original,37,2014-07-01 18:30:00,weekday,3,1.0,scenario2,MATCHING_SEGMENT_FOUND,30,30,16,3,864,867,30,3,864,0,32,1,1,578,1.0,1,361.46,20,20.0,20.0,0,0,0,0,1,1,1,69f0cb4491a1fd577b6c1af78119fa843dac41862a4e9483fd3c8e414791a45f,4,20,4,0,1,False,False,578,44,0.07612456747404844,0.011273957158962795,0.03140613847251963,4,69f0cb4491a1fd577b6c1af78119fa843dac41862a4e9483fd3c8e414791a45f,69f0cb4491a1fd577b6c1af78119fa843dac41862a4e9483fd3c8e414791a45f,,False,True,PREEXISTING
True,True,True,True,True,True,True,True,True,True,True,False,original,37,2014-07-01 18:30:00,weekday,6,1.0,scenario2,MATCHING_SEGMENT_FOUND,30,30,16,3,864,867,30,3,864,0,32,1,1,578,1.0,1,361.44,20,20.0,20.0,0,0,0,0,1,1,1,d0ca4df7b4ef8ef8330fc3c3fb6df6da237f2c8759fa1a08b551c3b0267a5cc1,29,20,4,0,1,False,False,578,44,0.07612456747404844,0.011273957158962795,0.03140613847251963,29,d0ca4df7b4ef8ef8330fc3c3fb6df6da237f2c8759fa1a08b551c3b0267a5cc1,d0ca4df7b4ef8ef8330fc3c3fb6df6da237f2c8759fa1a08b551c3b0267a5cc1,,False,True,PREEXISTING
True,True,True,True,True,True,True,True,True,True,True,False,original,37,2014-07-01 18:30:00,weekday,2,1.0,scenario2,MATCHING_SEGMENT_FOUND,30,30,16,3,864,867,30,3,864,0,32,1,1,578,1.0,1,361.44,20,20.0,20.0,0,0,0,0,1,1,1,62de03d338e81fffb1fe886b83637755e48f7109d103cb5c35e3be82a6942085,15,20,4,0,1,False,False,578,44,0.07612456747404844,0.011273957158962795,0.03140613847251963,15,62de03d338e81fffb1fe886b83637755e48f7109d103cb5c35e3be82a6942085,62de03d338e81fffb1fe886b83637755e48f7109d103cb5c35e3be82a6942085,,False,True,PREEXISTING
True,True,True,True,True,True,True,True,True,True,True,False,original,37,2014-07-01 18:30:00,weekday,7,1.0,scenario2,MATCHING_SEGMENT_FOUND,30,30,16,3,864,867,30,3,864,0,32,1,1,578,3.0,3,361.34999999999997,20,20.0,20.0,0,0,0,0,1,1,1,82cd778248b58abce2dd437ff3430d422a5f31f0857456cb0806c4bbf75c2f84,1,20,4,0,1,False,False,578,44,0.07612456747404844,0.011273957158962795,0.03140613847251963,1,82cd778248b58abce2dd437ff3430d422a5f31f0857456cb0806c4bbf75c2f84,82cd778248b58abce2dd437ff3430d422a5f31f0857456cb0806c4bbf75c2f84,,False,True,PREEXISTING
True,True,True,True,True,True,True,True,True,True,True,False,original,37,2014-07-01 18:30:00,weekday,1,1.0,scenario2,MATCHING_SEGMENT_FOUND,30,30,16,3,864,867,30,3,864,0,32,1,1,578,3.0,3,361.28,20,20.0,20.0,0,0,0,0,1,1,1,096eb71f46b469fc4f1cc7d4ed984088c225a66b3cfbaad900f9fc8fd6e6985c,15,20,4,0,1,False,False,578,44,0.07612456747404844,0.011273957158962795,0.03140613847251963,15,096eb71f46b469fc4f1cc7d4ed984088c225a66b3cfbaad900f9fc8fd6e6985c,096eb71f46b469fc4f1cc7d4ed984088c225a66b3cfbaad900f9fc8fd6e6985c,,False,True,PREEXISTING
True,True,True,True,True,True,True,True,True,True,True,False,original,37,2014-07-01 18:30:00,weekday,8,1.0,scenario2,MATCHING_SEGMENT_FOUND,30,30,16,3,864,867,30,3,864,0,32,1,1,578,4.0,4,360.84,20,20.0,20.0,0,0,0,0,1,1,1,8707a46b07890e9f3d4b42af5e0aab7361dc144e7986f25d90e421a33089bd83,29,20,4,0,1,False,False,578,44,0.07612456747404844,0.011273957158962795,0.03140613847251963,29,8707a46b07890e9f3d4b42af5e0aab7361dc144e7986f25d90e421a33089bd83,8707a46b07890e9f3d4b42af5e0aab7361dc144e7986f25d90e421a33089bd83,,False,True,PREEXISTING
True,True,True,True,True,True,True,True,True,True,True,False,original,37,2014-07-01 18:30:00,weekday,0,1.0,scenario2,MATCHING_SEGMENT_FOUND,30,30,16,3,864,867,30,3,864,0,32,1,1,578,4.0,4,360.83,20,20.0,20.0,0,0,0,0,1,1,1,b8ff4e0cd1bf15ed47968cde6ad2530bfe3d56b991c289d66df5ed3a4ea01ca1,4,20,4,0,1,False,False,578,44,0.07612456747404844,0.011273957158962795,0.03140613847251963,4,b8ff4e0cd1bf15ed47968cde6ad2530bfe3d56b991c289d66df5ed3a4ea01ca1,b8ff4e0cd1bf15ed47968cde6ad2530bfe3d56b991c289d66df5ed3a4ea01ca1,,False,True,PREEXISTING
True,True,True,True,True,True,True,True,True,True,True,False,original,37,2014-07-01 18:30:00,weekday,9,1.0,scenario2,MATCHING_SEGMENT_FOUND,30,30,16,3,864,867,30,3,864,0,32,1,1,578,4.0,4,360.72999999999996,20,20.0,20.0,0,0,0,0,1,1,1,1928f40ce31bf6bd47fb15c046e5d7db5c6f2744acdbf86090d49adc6860aaca,19,20,4,0,1,False,False,578,44,0.07612456747404844,0.011273957158962795,0.03140613847251963,19,1928f40ce31bf6bd47fb15c046e5d7db5c6f2744acdbf86090d49adc6860aaca,1928f40ce31bf6bd47fb15c046e5d7db5c6f2744acdbf86090d49adc6860aaca,,False,True,PREEXISTING
True,True,True,True,True,True,True,True,True,True,True,False,original,37,2014-07-01 18:30:00,time,75,37.0,scenario3,PREDICTED_TIME_INVALID,30,30,16,3,864,867,30,3,864,0,32,2,2,60,1.0,2,13.55,0,0.0,0.0,2,0,0,0,0,0,0,cd6549bf8c539990c439a52a4cbff08745c39917f88867e9f4e52f96f67973ea,24,0,4,4,0,False,False,30,15,0.5,0.017006802721088437,0.017006802721088437,21,e966330f4b537a67fa3367700c2dca9c6a0d92274a99c13c92ac86adb8af06f3,,e966330f4b537a67fa3367700c2dca9c6a0d92274a99c13c92ac86adb8af06f3,True,False,POST_OBSERVATION_CREATED
True,True,True,True,True,True,True,True,True,True,True,False,original,37,2014-07-01 18:30:00,time,74,37.0,scenario3,EXISTING_SEGMENTS_BELOW_L_MATCH,30,30,16,3,864,867,30,3,864,0,32,3,3,90,1.0,2,14.020000000000001,0,0.0,0.0,3,0,0,0,0,0,0,00f407e2c8a8369c04fd04800a3223829dbc54c3bcaab3d511bb240bcf65e1e4,7,0,4,4,0,False,False,30,18,0.6,0.020477815699658702,0.020477815699658702,13,dc7296dc42c739e72a2491074471cb13b1e375a416ac1f1c482a4e95138a55fb,,dc7296dc42c739e72a2491074471cb13b1e375a416ac1f1c482a4e95138a55fb,True,False,POST_OBSERVATION_CREATED
True,True,True,True,True,True,True,True,True,True,True,False,original,37,2014-07-01 18:30:00,time,76,37.0,scenario3,PREDICTED_TIME_INVALID,30,30,16,3,864,867,30,3,864,0,32,2,2,60,1.0,2,13.55,0,0.0,0.0,2,0,0,0,0,0,0,838ee440d49835d7a55f2642b0a07f73b1eec6a603db521abeda8f854091df85,27,0,4,4,0,False,False,30,15,0.5,0.017006802721088437,0.017006802721088437,31,55c6b210d71333c2a6aefd624cff4c0b41ad32486a62a93d37e1b022626d2537,,55c6b210d71333c2a6aefd624cff4c0b41ad32486a62a93d37e1b022626d2537,True,False,POST_OBSERVATION_CREATED
True,True,True,True,True,True,True,True,True,True,True,False,original,37,2014-07-01 18:30:00,time,73,37.0,scenario3,EXISTING_SEGMENTS_BELOW_L_MATCH,30,30,16,3,864,867,30,3,864,0,32,4,4,120,0.75,2,14.365,0,0.0,0.0,4,0,0,0,0,0,0,6c9ae5d8b7ed6ae59ccc5c37e368a3bb46134c7db38cb3beaa466dcd9164e774,27,0,4,4,0,False,False,30,18,0.6,0.020477815699658702,0.020477815699658702,13,92ef00fdd36fa05da3c25c4c281f1ac38eed9bbb9e2036a669321ec72d095a56,,92ef00fdd36fa05da3c25c4c281f1ac38eed9bbb9e2036a669321ec72d095a56,True,False,POST_OBSERVATION_CREATED
True,True,True,True,True,True,True,True,True,True,True,False,original,37,2014-07-01 18:30:00,time,77,37.0,scenario3,PREDICTED_TIME_INVALID,30,30,16,3,864,867,30,3,864,0,32,1,1,50,0.0,0,27.4,0,0.0,0.0,1,0,0,0,0,0,0,cc8d130ba30b5b2c23001684ee8dea041119985e6987a3d551a66d84510e4481,25,0,4,4,0,False,False,50,24,0.48,0.020477815699658702,0.026875699888017916,0,3289916868640bb6b210028b783f15fcf0a40bfdf0261f354ff43191d0a4f0d8,,3289916868640bb6b210028b783f15fcf0a40bfdf0261f354ff43191d0a4f0d8,True,False,POST_OBSERVATION_CREATED
True,True,True,True,True,True,True,True,True,True,True,False,original,37,2014-07-01 18:30:00,time,72,37.0,scenario3,EXISTING_SEGMENTS_BELOW_L_MATCH,30,30,16,3,864,867,30,3,864,0,32,4,4,140,1.0,2,17.4375,0,0.0,0.0,4,0,0,0,0,0,0,adc5a1245cae4797e7563c7ef305768c441f415120372f8d643bfdddc26becf3,20,0,4,4,0,False,False,50,24,0.48,0.020477815699658702,0.026875699888017916,18,f99e7b1345615ae45cde726998ef0bec31f0d04ba1e277500c47130d7f68a3b0,,f99e7b1345615ae45cde726998ef0bec31f0d04ba1e277500c47130d7f68a3b0,True,False,POST_OBSERVATION_CREATED
True,True,True,True,True,True,True,True,True,True,True,False,original,37,2014-07-01 18:30:00,time,78,37.0,scenario3,PREDICTED_TIME_INVALID,30,30,16,3,864,867,30,3,864,0,32,1,1,30,0.0,0,15.0,0,0.0,0.0,1,0,0,0,0,0,0,e09a40e06b72b26d48348c9ec8e1a4713ef0050abfbb6433e505a9f5ede1bb2d,1,0,4,4,0,False,False,30,16,0.5333333333333333,0.018161180476730987,0.018161180476730987,8,9714efd508585ad6157a62f5c7f10f7d1f4e0b27c2f0e1d0f509ecf9c42976b1,,9714efd508585ad6157a62f5c7f10f7d1f4e0b27c2f0e1d0f509ecf9c42976b1,True,False,POST_OBSERVATION_CREATED
True,True,True,True,True,True,True,True,True,True,True,False,original,37,2014-07-01 18:30:00,time,71,37.0,scenario3,EXISTING_SEGMENTS_BELOW_L_MATCH,30,30,16,3,864,867,30,3,864,0,32,3,3,150,1.0,2,25.703333333333333,0,0.0,0.0,3,0,0,0,0,0,0,6e48795423ac4fec9dc4580e0e8ba8d888038f3491d25cad6d25d9f10c319189,25,0,4,4,0,False,False,70,20,0.2857142857142857,0.013559322033898305,0.021810250817884406,16,90a621abe45a2a7e6bd9aa8e0c1c0ea083c8e9832b48233a5cae9e689d34c1d0,,90a621abe45a2a7e6bd9aa8e0c1c0ea083c8e9832b48233a5cae9e689d34c1d0,True,False,POST_OBSERVATION_CREATED
True,True,True,True,True,True,True,True,True,True,True,False,original,37,2014-07-01 18:30:00,time,79,37.0,scenario3,NO_EXISTING_SEGMENT_IN_COLUMN,30,30,16,3,864,867,30,3,864,0,32,0,0,0,0.0,0,0.0,0,0.0,0.0,0,0,0,0,0,0,0,,,0,4,4,0,False,False,0,0,0.0,0.0,0.0,13,162bd3d7ea668d35e612602d0e518ebd880a59e63adaafcb5c7fed80bf2f0049,,162bd3d7ea668d35e612602d0e518ebd880a59e63adaafcb5c7fed80bf2f0049,True,False,POST_OBSERVATION_CREATED
True,True,True,True,True,True,True,True,True,True,True,False,original,37,2014-07-01 18:30:00,time,70,37.0,scenario2,MATCHING_SEGMENT_FOUND,30,30,16,3,864,867,30,3,864,0,32,5,5,188,1.2,3,19.306,10,2.2,0.0,3,1,0,0,1,1,1,e4c414efa11552a74c414f8d5310b0038cc786124ca1b16cc1d6a088dc9eaeb5,24,10,4,0,1,False,False,30,10,0.3333333333333333,0.011273957158962795,0.011273957158962795,24,e4c414efa11552a74c414f8d5310b0038cc786124ca1b16cc1d6a088dc9eaeb5,e4c414efa11552a74c414f8d5310b0038cc786124ca1b16cc1d6a088dc9eaeb5,,False,True,PREEXISTING
True,True,True,True,True,True,True,True,True,True,True,False,original,37,2014-07-01 18:30:00,passenger,420,27598.0,scenario3,NO_EXISTING_SEGMENT_IN_COLUMN,30,30,16,3,864,867,30,3,864,0,32,0,0,0,0.0,0,0.0,0,0.0,0.0,0,0,0,0,0,0,0,,,0,4,4,0,False,False,0,0,0.0,0.0,0.0,25,1d644368cb58fe026458e46f87bedbe7c7962b06a3b8365015aa97357bb3b147,,1d644368cb58fe026458e46f87bedbe7c7962b06a3b8365015aa97357bb3b147,True,False,POST_OBSERVATION_CREATED
True,True,True,True,True,True,True,True,True,True,True,False,original,37,2014-07-01 18:30:00,passenger,419,27598.0,scenario3,NO_EXISTING_SEGMENT_IN_COLUMN,30,30,16,3,864,867,30,3,864,0,32,0,0,0,0.0,0,0.0,0,0.0,0.0,0,0,0,0,0,0,0,,,0,4,4,0,False,False,0,0,0.0,0.0,0.0,31,af95b060ac65d09a814bc2bf25e084296036f253599525e5fceec562b80da291,,af95b060ac65d09a814bc2bf25e084296036f253599525e5fceec562b80da291,True,False,POST_OBSERVATION_CREATED
True,True,True,True,True,True,True,True,True,True,True,False,original,37,2014-07-01 18:30:00,passenger,421,27598.0,scenario3,NO_EXISTING_SEGMENT_IN_COLUMN,30,30,16,3,864,867,30,3,864,0,32,0,0,0,0.0,0,0.0,0,0.0,0.0,0,0,0,0,0,0,0,,,0,4,4,0,False,False,0,0,0.0,0.0,0.0,4,1672ab2530c221ee3a803ffa6b68dc0b82f90ce61ad389f607cea0aefe1a2068,,1672ab2530c221ee3a803ffa6b68dc0b82f90ce61ad389f607cea0aefe1a2068,True,False,POST_OBSERVATION_CREATED
True,True,True,True,True,True,True,True,True,True,True,False,original,37,2014-07-01 18:30:00,passenger,418,27598.0,scenario3,NO_EXISTING_SEGMENT_IN_COLUMN,30,30,16,3,864,867,30,3,864,0,32,0,0,0,0.0,0,0.0,0,0.0,0.0,0,0,0,0,0,0,0,,,0,4,4,0,False,False,0,0,0.0,0.0,0.0,22,36c990be862342bf08ab83d51b9f91fffef91e724aab2e163e09ecc225775475,,36c990be862342bf08ab83d51b9f91fffef91e724aab2e163e09ecc225775475,True,False,POST_OBSERVATION_CREATED
True,True,True,True,True,True,True,True,True,True,True,False,original,37,2014-07-01 18:30:00,passenger,422,27598.0,scenario3,NO_EXISTING_SEGMENT_IN_COLUMN,30,30,16,3,864,867,30,3,864,0,32,0,0,0,0.0,0,0.0,0,0.0,0.0,0,0,0,0,0,0,0,,,0,4,4,0,False,False,0,0,0.0,0.0,0.0,27,ee97bcbe50b62b11e5b599af9689ec14eef88870eab0ef2324c1e4cb181553c4,,ee97bcbe50b62b11e5b599af9689ec14eef88870eab0ef2324c1e4cb181553c4,True,False,POST_OBSERVATION_CREATED
True,True,True,True,True,True,True,True,True,True,True,False,original,37,2014-07-01 18:30:00,passenger,417,27598.0,scenario3,NO_EXISTING_SEGMENT_IN_COLUMN,30,30,16,3,864,867,30,3,864,0,32,0,0,0,0.0,0,0.0,0,0.0,0.0,0,0,0,0,0,0,0,,,0,4,4,0,False,False,0,0,0.0,0.0,0.0,10,170aa8143193db59631cfd7976ee56ed7504370ed28e8a76d4577eee6e03a215,,170aa8143193db59631cfd7976ee56ed7504370ed28e8a76d4577eee6e03a215,True,False,POST_OBSERVATION_CREATED
True,True,True,True,True,True,True,True,True,True,True,False,original,37,2014-07-01 18:30:00,passenger,423,27598.0,scenario3,NO_EXISTING_SEGMENT_IN_COLUMN,30,30,16,3,864,867,30,3,864,0,32,0,0,0,0.0,0,0.0,0,0.0,0.0,0,0,0,0,0,0,0,,,0,4,4,0,False,False,0,0,0.0,0.0,0.0,24,31c430724aa283c486e5d3550e71659e09ceb8418546eace4655e20bc827ee6d,,31c430724aa283c486e5d3550e71659e09ceb8418546eace4655e20bc827ee6d,True,False,POST_OBSERVATION_CREATED
True,True,True,True,True,True,True,True,True,True,True,False,original,37,2014-07-01 18:30:00,passenger,416,27598.0,scenario3,NO_EXISTING_SEGMENT_IN_COLUMN,30,30,16,3,864,867,30,3,864,0,32,0,0,0,0.0,0,0.0,0,0.0,0.0,0,0,0,0,0,0,0,,,0,4,4,0,False,False,0,0,0.0,0.0,0.0,24,34afc9c7d2485672cdd9f1da5c778df03ca1e44b77b0c1b33cda18708acdafad,,34afc9c7d2485672cdd9f1da5c778df03ca1e44b77b0c1b33cda18708acdafad,True,False,POST_OBSERVATION_CREATED
True,True,True,True,True,True,True,True,True,True,True,False,original,37,2014-07-01 18:30:00,passenger,424,27598.0,scenario3,NO_EXISTING_SEGMENT_IN_COLUMN,30,30,16,3,864,867,30,3,864,0,32,0,0,0,0.0,0,0.0,0,0.0,0.0,0,0,0,0,0,0,0,,,0,4,4,0,False,False,0,0,0.0,0.0,0.0,13,73f7f0501a1c974a49e14896facd7b181df0ad8574f9c540206563cee4dca348,,73f7f0501a1c974a49e14896facd7b181df0ad8574f9c540206563cee4dca348,True,False,POST_OBSERVATION_CREATED
True,True,True,True,True,True,True,True,True,True,True,False,original,37,2014-07-01 18:30:00,passenger,415,27598.0,scenario3,NO_EXISTING_SEGMENT_IN_COLUMN,30,30,16,3,864,867,30,3,864,0,32,0,0,0,0.0,0,0.0,0,0.0,0.0,0,0,0,0,0,0,0,,,0,4,4,0,False,False,0,0,0.0,0.0,0.0,18,63739adcf6d8d48af31f5be48af200a1f0664b4ecc0a0e616c14dcf44415ffa9,,63739adcf6d8d48af31f5be48af200a1f0664b4ecc0a0e616c14dcf44415ffa9,True,False,POST_OBSERVATION_CREATED
True,True,True,True,True,True,True,True,True,True,True,False,original,38,2014-07-01 19:00:00,weekday,4,1.0,scenario2,MATCHING_SEGMENT_FOUND,30,30,18,0,960,960,30,0,960,0,32,1,1,590,0.0,0,368.8,20,20.0,20.0,0,0,0,0,1,1,1,8aeed2abd0f847e0b8500715486ecfcc55670f2b3385c6aeb419a3a0678f1913,30,20,4,0,1,False,False,590,44,0.07457627118644068,0.01020408163265306,0.029216467463479414,30,8aeed2abd0f847e0b8500715486ecfcc55670f2b3385c6aeb419a3a0678f1913,8aeed2abd0f847e0b8500715486ecfcc55670f2b3385c6aeb419a3a0678f1913,,False,True,PREEXISTING
True,True,True,True,True,True,True,True,True,True,True,False,original,38,2014-07-01 19:00:00,weekday,5,1.0,scenario2,MATCHING_SEGMENT_FOUND,30,30,18,0,960,960,30,0,960,0,32,1,1,590,0.0,0,368.8,20,20.0,20.0,0,0,0,0,1,1,1,64080601c3be5fe7030e7eb69924a6cafe76e2b467b4a5630a9f7de522aa39db,10,20,4,0,1,False,False,590,44,0.07457627118644068,0.01020408163265306,0.029216467463479414,10,64080601c3be5fe7030e7eb69924a6cafe76e2b467b4a5630a9f7de522aa39db,64080601c3be5fe7030e7eb69924a6cafe76e2b467b4a5630a9f7de522aa39db,,False,True,PREEXISTING
True,True,True,True,True,True,True,True,True,True,True,False,original,38,2014-07-01 19:00:00,weekday,3,1.0,scenario2,MATCHING_SEGMENT_FOUND,30,30,18,0,960,960,30,0,960,0,32,1,1,590,1.0,1,368.76,20,20.0,20.0,0,0,0,0,1,1,1,69f0cb4491a1fd577b6c1af78119fa843dac41862a4e9483fd3c8e414791a45f,4,20,4,0,1,False,False,590,44,0.07457627118644068,0.01020408163265306,0.029216467463479414,4,69f0cb4491a1fd577b6c1af78119fa843dac41862a4e9483fd3c8e414791a45f,69f0cb4491a1fd577b6c1af78119fa843dac41862a4e9483fd3c8e414791a45f,,False,True,PREEXISTING
True,True,True,True,True,True,True,True,True,True,True,False,original,38,2014-07-01 19:00:00,weekday,6,1.0,scenario2,MATCHING_SEGMENT_FOUND,30,30,18,0,960,960,30,0,960,0,32,1,1,590,1.0,1,368.74,20,20.0,20.0,0,0,0,0,1,1,1,d0ca4df7b4ef8ef8330fc3c3fb6df6da237f2c8759fa1a08b551c3b0267a5cc1,29,20,4,0,1,False,False,590,44,0.07457627118644068,0.01020408163265306,0.029216467463479414,29,d0ca4df7b4ef8ef8330fc3c3fb6df6da237f2c8759fa1a08b551c3b0267a5cc1,d0ca4df7b4ef8ef8330fc3c3fb6df6da237f2c8759fa1a08b551c3b0267a5cc1,,False,True,PREEXISTING
True,True,True,True,True,True,True,True,True,True,True,False,original,38,2014-07-01 19:00:00,weekday,2,1.0,scenario2,MATCHING_SEGMENT_FOUND,30,30,18,0,960,960,30,0,960,0,32,1,1,590,1.0,1,368.74,20,20.0,20.0,0,0,0,0,1,1,1,62de03d338e81fffb1fe886b83637755e48f7109d103cb5c35e3be82a6942085,15,20,4,0,1,False,False,590,44,0.07457627118644068,0.01020408163265306,0.029216467463479414,15,62de03d338e81fffb1fe886b83637755e48f7109d103cb5c35e3be82a6942085,62de03d338e81fffb1fe886b83637755e48f7109d103cb5c35e3be82a6942085,,False,True,PREEXISTING
True,True,True,True,True,True,True,True,True,True,True,False,original,38,2014-07-01 19:00:00,weekday,7,1.0,scenario2,MATCHING_SEGMENT_FOUND,30,30,18,0,960,960,30,0,960,0,32,1,1,590,3.0,3,368.65,20,20.0,20.0,0,0,0,0,1,1,1,82cd778248b58abce2dd437ff3430d422a5f31f0857456cb0806c4bbf75c2f84,1,20,4,0,1,False,False,590,44,0.07457627118644068,0.01020408163265306,0.029216467463479414,1,82cd778248b58abce2dd437ff3430d422a5f31f0857456cb0806c4bbf75c2f84,82cd778248b58abce2dd437ff3430d422a5f31f0857456cb0806c4bbf75c2f84,,False,True,PREEXISTING
True,True,True,True,True,True,True,True,True,True,True,False,original,38,2014-07-01 19:00:00,weekday,1,1.0,scenario2,MATCHING_SEGMENT_FOUND,30,30,18,0,960,960,30,0,960,0,32,1,1,590,3.0,3,368.58,20,20.0,20.0,0,0,0,0,1,1,1,096eb71f46b469fc4f1cc7d4ed984088c225a66b3cfbaad900f9fc8fd6e6985c,15,20,4,0,1,False,False,590,44,0.07457627118644068,0.01020408163265306,0.029216467463479414,15,096eb71f46b469fc4f1cc7d4ed984088c225a66b3cfbaad900f9fc8fd6e6985c,096eb71f46b469fc4f1cc7d4ed984088c225a66b3cfbaad900f9fc8fd6e6985c,,False,True,PREEXISTING
True,True,True,True,True,True,True,True,True,True,True,False,original,38,2014-07-01 19:00:00,weekday,8,1.0,scenario2,MATCHING_SEGMENT_FOUND,30,30,18,0,960,960,30,0,960,0,32,1,1,590,4.0,4,368.13,20,20.0,20.0,0,0,0,0,1,1,1,8707a46b07890e9f3d4b42af5e0aab7361dc144e7986f25d90e421a33089bd83,29,20,4,0,1,False,False,590,44,0.07457627118644068,0.01020408163265306,0.029216467463479414,29,8707a46b07890e9f3d4b42af5e0aab7361dc144e7986f25d90e421a33089bd83,8707a46b07890e9f3d4b42af5e0aab7361dc144e7986f25d90e421a33089bd83,,False,True,PREEXISTING
True,True,True,True,True,True,True,True,True,True,True,False,original,38,2014-07-01 19:00:00,weekday,0,1.0,scenario2,MATCHING_SEGMENT_FOUND,30,30,18,0,960,960,30,0,960,0,32,1,1,590,4.0,4,368.12,20,20.0,20.0,0,0,0,0,1,1,1,b8ff4e0cd1bf15ed47968cde6ad2530bfe3d56b991c289d66df5ed3a4ea01ca1,4,20,4,0,1,False,False,590,44,0.07457627118644068,0.01020408163265306,0.029216467463479414,4,b8ff4e0cd1bf15ed47968cde6ad2530bfe3d56b991c289d66df5ed3a4ea01ca1,b8ff4e0cd1bf15ed47968cde6ad2530bfe3d56b991c289d66df5ed3a4ea01ca1,,False,True,PREEXISTING
True,True,True,True,True,True,True,True,True,True,True,False,original,38,2014-07-01 19:00:00,weekday,9,1.0,scenario2,MATCHING_SEGMENT_FOUND,30,30,18,0,960,960,30,0,960,0,32,1,1,590,4.0,4,368.02,20,20.0,20.0,0,0,0,0,1,1,1,1928f40ce31bf6bd47fb15c046e5d7db5c6f2744acdbf86090d49adc6860aaca,19,20,4,0,1,False,False,590,44,0.07457627118644068,0.01020408163265306,0.029216467463479414,19,1928f40ce31bf6bd47fb15c046e5d7db5c6f2744acdbf86090d49adc6860aaca,1928f40ce31bf6bd47fb15c046e5d7db5c6f2744acdbf86090d49adc6860aaca,,False,True,PREEXISTING
True,True,True,True,True,True,True,True,True,True,True,False,original,38,2014-07-01 19:00:00,time,76,38.0,scenario3,EXISTING_SEGMENTS_BELOW_L_MATCH,30,30,18,0,960,960,30,0,960,0,32,3,3,90,1.0,2,14.023333333333333,2,0.6666666666666666,0.0,2,0,1,0,0,0,0,5a748e0ab88a77b5fa265b7c47ab9f4110489d6e10361814a7c66eee6605168f,28,2,4,2,0,False,False,30,17,0.5666666666666667,0.017471736896197326,0.017471736896197326,30,e6d32b41f24739cc257d5706563ea6ff4f718e326f0f699231289c328fc7a385,,e6d32b41f24739cc257d5706563ea6ff4f718e326f0f699231289c328fc7a385,True,False,POST_OBSERVATION_CREATED
True,True,True,True,True,True,True,True,True,True,True,False,original,38,2014-07-01 19:00:00,time,75,38.0,scenario3,EXISTING_SEGMENTS_BELOW_L_MATCH,30,30,18,0,960,960,30,0,960,0,32,3,3,90,1.0,2,14.023333333333333,1,0.3333333333333333,0.0,2,1,0,0,0,0,0,4d7c611f295f90644f3918e6f0b69cb67be6c3cb44d219c7caa7bd3347a036a6,25,1,4,3,0,False,False,30,17,0.5666666666666667,0.017471736896197326,0.017471736896197326,2,15802385d906a6908ca5adecc5f300abe6ceea949af78c2c9909d010465890b2,,15802385d906a6908ca5adecc5f300abe6ceea949af78c2c9909d010465890b2,True,False,POST_OBSERVATION_CREATED
True,True,True,True,True,True,True,True,True,True,True,False,original,38,2014-07-01 19:00:00,time,77,38.0,scenario2,MATCHING_SEGMENT_FOUND,30,30,18,0,960,960,30,0,960,0,32,2,2,80,0.5,1,21.18,5,2.5,2.5,1,0,0,0,1,1,1,cc8d130ba30b5b2c23001684ee8dea041119985e6987a3d551a66d84510e4481,25,5,4,0,1,False,False,50,25,0.5,0.017471736896197326,0.025380710659898477,25,cc8d130ba30b5b2c23001684ee8dea041119985e6987a3d551a66d84510e4481,cc8d130ba30b5b2c23001684ee8dea041119985e6987a3d551a66d84510e4481,,False,True,PREEXISTING
True,True,True,True,True,True,True,True,True,True,True,False,original,38,2014-07-01 19:00:00,time,74,38.0,scenario2,MATCHING_SEGMENT_FOUND,30,30,18,0,960,960,30,0,960,0,32,4,4,120,1.0,3,14.24,11,3.0,0.5,2,1,0,0,1,1,1,00f407e2c8a8369c04fd04800a3223829dbc54c3bcaab3d511bb240bcf65e1e4,7,11,4,0,1,False,False,30,17,0.5666666666666667,0.017471736896197326,0.017471736896197326,7,00f407e2c8a8369c04fd04800a3223829dbc54c3bcaab3d511bb240bcf65e1e4,00f407e2c8a8369c04fd04800a3223829dbc54c3bcaab3d511bb240bcf65e1e4,,False,True,PREEXISTING
True,True,True,True,True,True,True,True,True,True,True,False,original,38,2014-07-01 19:00:00,time,78,38.0,scenario3,EXISTING_SEGMENTS_BELOW_L_MATCH,30,30,18,0,960,960,30,0,960,0,32,2,2,60,0.5,1,14.95,3,1.5,1.5,1,0,0,1,0,0,0,e09a40e06b72b26d48348c9ec8e1a4713ef0050abfbb6433e505a9f5ede1bb2d,1,3,4,1,0,False,False,30,18,0.6,0.018518518518518517,0.018518518518518517,17,3fa0248221342b468b0286feba9bb729ec6feed6da12eb061ec485506d99b5cb,,3fa0248221342b468b0286feba9bb729ec6feed6da12eb061ec485506d99b5cb,True,False,POST_OBSERVATION_CREATED
True,True,True,True,True,True,True,True,True,True,True,False,original,38,2014-07-01 19:00:00,time,73,38.0,scenario3,EXISTING_SEGMENTS_BELOW_L_MATCH,30,30,18,0,960,960,30,0,960,0,32,5,5,150,0.8,2,14.472,3,1.0,1.0,2,2,0,1,0,0,0,6c9ae5d8b7ed6ae59ccc5c37e368a3bb46134c7db38cb3beaa466dcd9164e774,27,3,4,1,0,False,False,30,18,0.6,0.018518518518518517,0.018518518518518517,31,6ce971b7bdbae47e1d2a90417612779c6df71a99c0796b5cf54b65f33da98b33,,6ce971b7bdbae47e1d2a90417612779c6df71a99c0796b5cf54b65f33da98b33,True,False,POST_OBSERVATION_CREATED
True,True,True,True,True,True,True,True,True,True,True,False,original,38,2014-07-01 19:00:00,time,79,38.0,scenario3,EXISTING_SEGMENTS_BELOW_L_MATCH,30,30,18,0,960,960,30,0,960,0,32,1,1,30,0.0,0,15.0,0,0.0,0.0,1,0,0,0,0,0,0,162bd3d7ea668d35e612602d0e518ebd880a59e63adaafcb5c7fed80bf2f0049,13,0,4,4,0,False,False,30,19,0.6333333333333333,0.01956745623069001,0.01956745623069001,15,6c312511a2e1ce743e3a594f589994ad7eb0107ed6e2724b5f4cba0363ed60f7,,6c312511a2e1ce743e3a594f589994ad7eb0107ed6e2724b5f4cba0363ed60f7,True,False,POST_OBSERVATION_CREATED
True,True,True,True,True,True,True,True,True,True,True,False,original,38,2014-07-01 19:00:00,time,72,38.0,scenario2,MATCHING_SEGMENT_FOUND,30,30,18,0,960,960,30,0,960,0,32,5,5,170,1.0,2,16.928,5,1.4,1.0,2,2,0,0,1,1,1,2e59cf9f3171d707e315408ac73ab6f4e83c5fe325b016b68f35679ce9725d2d,3,5,4,0,1,False,False,50,25,0.5,0.017471736896197326,0.025380710659898477,3,2e59cf9f3171d707e315408ac73ab6f4e83c5fe325b016b68f35679ce9725d2d,2e59cf9f3171d707e315408ac73ab6f4e83c5fe325b016b68f35679ce9725d2d,,False,True,PREEXISTING
True,True,True,True,True,True,True,True,True,True,True,False,original,38,2014-07-01 19:00:00,time,80,38.0,scenario3,NO_EXISTING_SEGMENT_IN_COLUMN,30,30,18,0,960,960,30,0,960,0,32,0,0,0,0.0,0,0.0,0,0.0,0.0,0,0,0,0,0,0,0,,,0,4,4,0,False,False,0,0,0.0,0.0,0.0,11,954843f00e6c20a04a3aab65b7e3da69b4303216c71cb5051856d7cb6fc8b027,,954843f00e6c20a04a3aab65b7e3da69b4303216c71cb5051856d7cb6fc8b027,True,False,POST_OBSERVATION_CREATED
True,True,True,True,True,True,True,True,True,True,True,False,original,38,2014-07-01 19:00:00,time,71,38.0,scenario2,MATCHING_SEGMENT_FOUND,30,30,18,0,960,960,30,0,960,0,32,4,4,180,0.75,2,23.0225,13,4.5,2.5,1,0,1,1,1,1,1,0b8fdf1c7d7445deb0760bd1064ef7048564fe8461dd6e8cbbd04ee26a8bafc9,11,13,4,0,1,False,False,70,17,0.24285714285714285,0.011235955056179775,0.01678183613030602,11,0b8fdf1c7d7445deb0760bd1064ef7048564fe8461dd6e8cbbd04ee26a8bafc9,0b8fdf1c7d7445deb0760bd1064ef7048564fe8461dd6e8cbbd04ee26a8bafc9,,False,True,PREEXISTING
True,True,True,True,True,True,True,True,True,True,True,False,original,38,2014-07-01 19:00:00,passenger,411,26827.0,scenario3,NO_EXISTING_SEGMENT_IN_COLUMN,30,30,18,0,960,960,30,0,960,0,32,0,0,0,0.0,0,0.0,0,0.0,0.0,0,0,0,0,0,0,0,,,0,4,4,0,False,False,0,0,0.0,0.0,0.0,4,f9a22517cffadad6c3baa549e630e4587a22dfb776d062b9d55ee8d8bd3d9986,,f9a22517cffadad6c3baa549e630e4587a22dfb776d062b9d55ee8d8bd3d9986,True,False,POST_OBSERVATION_CREATED
True,True,True,True,True,True,True,True,True,True,True,False,original,38,2014-07-01 19:00:00,passenger,410,26827.0,scenario3,NO_EXISTING_SEGMENT_IN_COLUMN,30,30,18,0,960,960,30,0,960,0,32,0,0,0,0.0,0,0.0,0,0.0,0.0,0,0,0,0,0,0,0,,,0,4,4,0,False,False,0,0,0.0,0.0,0.0,30,50d5caf813936392795cd25cca2d430199a0630935f8015c668e6803eba7af71,,50d5caf813936392795cd25cca2d430199a0630935f8015c668e6803eba7af71,True,False,POST_OBSERVATION_CREATED
True,True,True,True,True,True,True,True,True,True,True,False,original,38,2014-07-01 19:00:00,passenger,412,26827.0,scenario3,NO_EXISTING_SEGMENT_IN_COLUMN,30,30,18,0,960,960,30,0,960,0,32,0,0,0,0.0,0,0.0,0,0.0,0.0,0,0,0,0,0,0,0,,,0,4,4,0,False,False,0,0,0.0,0.0,0.0,22,b1a13cef60b2a2fdbb751856142b9aad58aedb6a2790c94be2430a344e40cb6f,,b1a13cef60b2a2fdbb751856142b9aad58aedb6a2790c94be2430a344e40cb6f,True,False,POST_OBSERVATION_CREATED
True,True,True,True,True,True,True,True,True,True,True,False,original,38,2014-07-01 19:00:00,passenger,409,26827.0,scenario3,NO_EXISTING_SEGMENT_IN_COLUMN,30,30,18,0,960,960,30,0,960,0,32,0,0,0,0.0,0,0.0,0,0.0,0.0,0,0,0,0,0,0,0,,,0,4,4,0,False,False,0,0,0.0,0.0,0.0,8,c11e6ed7cae5eb2113715d1ca49a816d88b3989f88474589cd377891bf977cd9,,c11e6ed7cae5eb2113715d1ca49a816d88b3989f88474589cd377891bf977cd9,True,False,POST_OBSERVATION_CREATED
True,True,True,True,True,True,True,True,True,True,True,False,original,38,2014-07-01 19:00:00,passenger,413,26827.0,scenario3,NO_EXISTING_SEGMENT_IN_COLUMN,30,30,18,0,960,960,30,0,960,0,32,0,0,0,0.0,0,0.0,0,0.0,0.0,0,0,0,0,0,0,0,,,0,4,4,0,False,False,0,0,0.0,0.0,0.0,18,c2c1921ab4414628a3b7b23db078979f3a7c2022ce185115ce8b11b299028842,,c2c1921ab4414628a3b7b23db078979f3a7c2022ce185115ce8b11b299028842,True,False,POST_OBSERVATION_CREATED
True,True,True,True,True,True,True,True,True,True,True,False,original,38,2014-07-01 19:00:00,passenger,408,26827.0,scenario3,NO_EXISTING_SEGMENT_IN_COLUMN,30,30,18,0,960,960,30,0,960,0,32,0,0,0,0.0,0,0.0,0,0.0,0.0,0,0,0,0,0,0,0,,,0,4,4,0,False,False,0,0,0.0,0.0,0.0,2,37b17681f5d99a8afc8d57930135d2166749433ca3b46bf7557269cf71a8d8a8,,37b17681f5d99a8afc8d57930135d2166749433ca3b46bf7557269cf71a8d8a8,True,False,POST_OBSERVATION_CREATED
True,True,True,True,True,True,True,True,True,True,True,False,original,38,2014-07-01 19:00:00,passenger,414,26827.0,scenario3,NO_EXISTING_SEGMENT_IN_COLUMN,30,30,18,0,960,960,30,0,960,0,32,0,0,0,0.0,0,0.0,0,0.0,0.0,0,0,0,0,0,0,0,,,0,4,4,0,False,False,0,0,0.0,0.0,0.0,18,4a32ba9b809ecb3be929e74e196eb8033b6ae70ad7f9be0d1e78ade9c74f49b3,,4a32ba9b809ecb3be929e74e196eb8033b6ae70ad7f9be0d1e78ade9c74f49b3,True,False,POST_OBSERVATION_CREATED
True,True,True,True,True,True,True,True,True,True,True,False,original,38,2014-07-01 19:00:00,passenger,407,26827.0,scenario3,NO_EXISTING_SEGMENT_IN_COLUMN,30,30,18,0,960,960,30,0,960,0,32,0,0,0,0.0,0,0.0,0,0.0,0.0,0,0,0,0,0,0,0,,,0,4,4,0,False,False,0,0,0.0,0.0,0.0,19,33d57a2caf4d494420620efe2acb94e30372a7736bfb831c21a6e392b7c885af,,33d57a2caf4d494420620efe2acb94e30372a7736bfb831c21a6e392b7c885af,True,False,POST_OBSERVATION_CREATED
True,True,True,True,True,True,True,True,True,True,True,False,original,38,2014-07-01 19:00:00,passenger,415,26827.0,scenario3,EXISTING_SEGMENTS_BELOW_L_MATCH,30,30,18,0,960,960,30,0,960,0,32,1,1,30,0.0,0,15.0,0,0.0,0.0,1,0,0,0,0,0,0,63739adcf6d8d48af31f5be48af200a1f0664b4ecc0a0e616c14dcf44415ffa9,18,0,4,4,0,False,False,30,19,0.6333333333333333,0.01956745623069001,0.01956745623069001,3,4743207684c97a6d1ccf07c89ddad02d8cb8b627b2b49afb60d610c7a0f44dff,,4743207684c97a6d1ccf07c89ddad02d8cb8b627b2b49afb60d610c7a0f44dff,True,False,POST_OBSERVATION_CREATED
True,True,True,True,True,True,True,True,True,True,True,False,original,38,2014-07-01 19:00:00,passenger,406,26827.0,scenario3,NO_EXISTING_SEGMENT_IN_COLUMN,30,30,18,0,960,960,30,0,960,0,32,0,0,0,0.0,0,0.0,0,0.0,0.0,0,0,0,0,0,0,0,,,0,4,4,0,False,False,0,0,0.0,0.0,0.0,23,c92dc5aae6ecae6373be37afba566436e36220ba2fa826e0a67f440f453d31e3,,c92dc5aae6ecae6373be37afba566436e36220ba2fa826e0a67f440f453d31e3,True,False,POST_OBSERVATION_CREATED
True,True,True,True,True,True,True,True,True,True,True,False,original,39,2014-07-01 19:30:00,weekday,4,1.0,scenario2,MATCHING_SEGMENT_FOUND,30,30,18,0,960,960,30,0,960,0,32,1,1,609,0.0,0,380.3,21,21.0,21.0,0,0,0,0,1,1,1,8aeed2abd0f847e0b8500715486ecfcc55670f2b3385c6aeb419a3a0678f1913,30,21,4,0,1,False,False,609,49,0.08045977011494253,0.01020408163265306,0.03223684210526316,30,8aeed2abd0f847e0b8500715486ecfcc55670f2b3385c6aeb419a3a0678f1913,8aeed2abd0f847e0b8500715486ecfcc55670f2b3385c6aeb419a3a0678f1913,,False,True,PREEXISTING
True,True,True,True,True,True,True,True,True,True,True,False,original,39,2014-07-01 19:30:00,weekday,5,1.0,scenario2,MATCHING_SEGMENT_FOUND,30,30,18,0,960,960,30,0,960,0,32,1,1,609,0.0,0,380.3,21,21.0,21.0,0,0,0,0,1,1,1,64080601c3be5fe7030e7eb69924a6cafe76e2b467b4a5630a9f7de522aa39db,10,21,4,0,1,False,False,609,49,0.08045977011494253,0.01020408163265306,0.03223684210526316,10,64080601c3be5fe7030e7eb69924a6cafe76e2b467b4a5630a9f7de522aa39db,64080601c3be5fe7030e7eb69924a6cafe76e2b467b4a5630a9f7de522aa39db,,False,True,PREEXISTING
True,True,True,True,True,True,True,True,True,True,True,False,original,39,2014-07-01 19:30:00,weekday,3,1.0,scenario2,MATCHING_SEGMENT_FOUND,30,30,18,0,960,960,30,0,960,0,32,1,1,609,1.0,1,380.26,21,21.0,21.0,0,0,0,0,1,1,1,69f0cb4491a1fd577b6c1af78119fa843dac41862a4e9483fd3c8e414791a45f,4,21,4,0,1,False,False,609,49,0.08045977011494253,0.01020408163265306,0.03223684210526316,4,69f0cb4491a1fd577b6c1af78119fa843dac41862a4e9483fd3c8e414791a45f,69f0cb4491a1fd577b6c1af78119fa843dac41862a4e9483fd3c8e414791a45f,,False,True,PREEXISTING
True,True,True,True,True,True,True,True,True,True,True,False,original,39,2014-07-01 19:30:00,weekday,6,1.0,scenario2,MATCHING_SEGMENT_FOUND,30,30,18,0,960,960,30,0,960,0,32,1,1,609,1.0,1,380.24,21,21.0,21.0,0,0,0,0,1,1,1,d0ca4df7b4ef8ef8330fc3c3fb6df6da237f2c8759fa1a08b551c3b0267a5cc1,29,21,4,0,1,False,False,609,49,0.08045977011494253,0.01020408163265306,0.03223684210526316,29,d0ca4df7b4ef8ef8330fc3c3fb6df6da237f2c8759fa1a08b551c3b0267a5cc1,d0ca4df7b4ef8ef8330fc3c3fb6df6da237f2c8759fa1a08b551c3b0267a5cc1,,False,True,PREEXISTING
True,True,True,True,True,True,True,True,True,True,True,False,original,39,2014-07-01 19:30:00,weekday,2,1.0,scenario2,MATCHING_SEGMENT_FOUND,30,30,18,0,960,960,30,0,960,0,32,1,1,609,1.0,1,380.24,21,21.0,21.0,0,0,0,0,1,1,1,62de03d338e81fffb1fe886b83637755e48f7109d103cb5c35e3be82a6942085,15,21,4,0,1,False,False,609,49,0.08045977011494253,0.01020408163265306,0.03223684210526316,15,62de03d338e81fffb1fe886b83637755e48f7109d103cb5c35e3be82a6942085,62de03d338e81fffb1fe886b83637755e48f7109d103cb5c35e3be82a6942085,,False,True,PREEXISTING
True,True,True,True,True,True,True,True,True,True,True,False,original,39,2014-07-01 19:30:00,weekday,7,1.0,scenario2,MATCHING_SEGMENT_FOUND,30,30,18,0,960,960,30,0,960,0,32,1,1,609,3.0,3,380.15,21,21.0,21.0,0,0,0,0,1,1,1,82cd778248b58abce2dd437ff3430d422a5f31f0857456cb0806c4bbf75c2f84,1,21,4,0,1,False,False,609,49,0.08045977011494253,0.01020408163265306,0.03223684210526316,1,82cd778248b58abce2dd437ff3430d422a5f31f0857456cb0806c4bbf75c2f84,82cd778248b58abce2dd437ff3430d422a5f31f0857456cb0806c4bbf75c2f84,,False,True,PREEXISTING
True,True,True,True,True,True,True,True,True,True,True,False,original,39,2014-07-01 19:30:00,weekday,1,1.0,scenario2,MATCHING_SEGMENT_FOUND,30,30,18,0,960,960,30,0,960,0,32,1,1,609,3.0,3,380.08,21,21.0,21.0,0,0,0,0,1,1,1,096eb71f46b469fc4f1cc7d4ed984088c225a66b3cfbaad900f9fc8fd6e6985c,15,21,4,0,1,False,False,609,49,0.08045977011494253,0.01020408163265306,0.03223684210526316,15,096eb71f46b469fc4f1cc7d4ed984088c225a66b3cfbaad900f9fc8fd6e6985c,096eb71f46b469fc4f1cc7d4ed984088c225a66b3cfbaad900f9fc8fd6e6985c,,False,True,PREEXISTING
True,True,True,True,True,True,True,True,True,True,True,False,original,39,2014-07-01 19:30:00,weekday,8,1.0,scenario2,MATCHING_SEGMENT_FOUND,30,30,18,0,960,960,30,0,960,0,32,1,1,609,4.0,4,379.59999999999997,21,21.0,21.0,0,0,0,0,1,1,1,8707a46b07890e9f3d4b42af5e0aab7361dc144e7986f25d90e421a33089bd83,29,21,4,0,1,False,False,609,49,0.08045977011494253,0.01020408163265306,0.03223684210526316,29,8707a46b07890e9f3d4b42af5e0aab7361dc144e7986f25d90e421a33089bd83,8707a46b07890e9f3d4b42af5e0aab7361dc144e7986f25d90e421a33089bd83,,False,True,PREEXISTING
True,True,True,True,True,True,True,True,True,True,True,False,original,39,2014-07-01 19:30:00,weekday,0,1.0,scenario2,MATCHING_SEGMENT_FOUND,30,30,18,0,960,960,30,0,960,0,32,1,1,609,4.0,4,379.59,21,21.0,21.0,0,0,0,0,1,1,1,b8ff4e0cd1bf15ed47968cde6ad2530bfe3d56b991c289d66df5ed3a4ea01ca1,4,21,4,0,1,False,False,609,49,0.08045977011494253,0.01020408163265306,0.03223684210526316,4,b8ff4e0cd1bf15ed47968cde6ad2530bfe3d56b991c289d66df5ed3a4ea01ca1,b8ff4e0cd1bf15ed47968cde6ad2530bfe3d56b991c289d66df5ed3a4ea01ca1,,False,True,PREEXISTING
True,True,True,True,True,True,True,True,True,True,True,False,original,39,2014-07-01 19:30:00,weekday,9,1.0,scenario2,MATCHING_SEGMENT_FOUND,30,30,18,0,960,960,30,0,960,0,32,1,1,609,4.0,4,379.49,21,21.0,21.0,0,0,0,0,1,1,1,1928f40ce31bf6bd47fb15c046e5d7db5c6f2744acdbf86090d49adc6860aaca,19,21,4,0,1,False,False,609,49,0.08045977011494253,0.01020408163265306,0.03223684210526316,19,1928f40ce31bf6bd47fb15c046e5d7db5c6f2744acdbf86090d49adc6860aaca,1928f40ce31bf6bd47fb15c046e5d7db5c6f2744acdbf86090d49adc6860aaca,,False,True,PREEXISTING
True,True,True,True,True,True,True,True,True,True,True,False,original,39,2014-07-01 19:30:00,time,77,39.0,scenario1,CORRECTLY_PREDICTED_CELL_AVAILABLE,30,30,18,0,960,960,30,0,960,0,32,2,2,100,1.0,1,27.41,7,3.5,3.5,1,0,0,0,1,1,1,cc8d130ba30b5b2c23001684ee8dea041119985e6987a3d551a66d84510e4481,25,7,4,0,1,False,False,70,33,0.4714285714285714,0.01642710472279261,0.033099297893681046,25,cc8d130ba30b5b2c23001684ee8dea041119985e6987a3d551a66d84510e4481,cc8d130ba30b5b2c23001684ee8dea041119985e6987a3d551a66d84510e4481,,False,True,PREEXISTING
True,True,True,True,True,True,True,True,True,True,True,False,original,39,2014-07-01 19:30:00,time,78,39.0,scenario1,CORRECTLY_PREDICTED_CELL_AVAILABLE,30,30,18,0,960,960,30,0,960,0,32,3,3,90,0.6666666666666666,1,14.953333333333333,3,1.0,0.0,2,0,0,1,0,0,0,9714efd508585ad6157a62f5c7f10f7d1f4e0b27c2f0e1d0f509ecf9c42976b1,8,3,4,1,0,False,False,30,18,0.6,0.018518518518518517,0.018518518518518517,8,9714efd508585ad6157a62f5c7f10f7d1f4e0b27c2f0e1d0f509ecf9c42976b1,9714efd508585ad6157a62f5c7f10f7d1f4e0b27c2f0e1d0f509ecf9c42976b1,,False,True,PREEXISTING
True,True,True,True,True,True,True,True,True,True,True,False,original,39,2014-07-01 19:30:00,time,76,39.0,scenario2,MATCHING_SEGMENT_FOUND,30,30,18,0,960,960,30,0,960,0,32,4,4,120,0.75,2,14.24,10,3.5,2.0,2,0,0,0,2,2,2,55c6b210d71333c2a6aefd624cff4c0b41ad32486a62a93d37e1b022626d2537,31,10,4,0,2,True,True,30,18,0.6,0.018518518518518517,0.018518518518518517,31,55c6b210d71333c2a6aefd624cff4c0b41ad32486a62a93d37e1b022626d2537,55c6b210d71333c2a6aefd624cff4c0b41ad32486a62a93d37e1b022626d2537,,False,True,PREEXISTING
True,True,True,True,True,True,True,True,True,True,True,False,original,39,2014-07-01 19:30:00,time,79,39.0,scenario1,CORRECTLY_PREDICTED_CELL_AVAILABLE,30,30,18,0,960,960,30,0,960,0,32,2,2,60,0.5,1,14.98,3,1.5,1.5,1,0,0,1,0,0,0,162bd3d7ea668d35e612602d0e518ebd880a59e63adaafcb5c7fed80bf2f0049,13,3,4,1,0,False,False,30,18,0.6,0.018518518518518517,0.018518518518518517,13,162bd3d7ea668d35e612602d0e518ebd880a59e63adaafcb5c7fed80bf2f0049,162bd3d7ea668d35e612602d0e518ebd880a59e63adaafcb5c7fed80bf2f0049,,False,True,PREEXISTING
True,True,True,True,True,True,True,True,True,True,True,False,original,39,2014-07-01 19:30:00,time,75,39.0,scenario3,EXISTING_SEGMENTS_BELOW_L_MATCH,30,30,18,0,960,960,30,0,960,0,32,4,4,120,0.75,2,14.24,0,0.0,0.0,4,0,0,0,0,0,0,15802385d906a6908ca5adecc5f300abe6ceea949af78c2c9909d010465890b2,2,0,4,4,0,False,False,30,20,0.6666666666666666,0.020618556701030927,0.020618556701030927,8,99b4109bd7e28933e5ad4e5d02412f368f84cc4f3f089db8f797463d381bfd13,,99b4109bd7e28933e5ad4e5d02412f368f84cc4f3f089db8f797463d381bfd13,True,False,POST_OBSERVATION_CREATED
True,True,True,True,True,True,True,True,True,True,True,False,original,39,2014-07-01 19:30:00,time,80,39.0,scenario3,PREDICTED_TIME_INVALID,30,30,18,0,960,960,30,0,960,0,32,1,1,30,0.0,0,15.0,0,0.0,0.0,1,0,0,0,0,0,0,954843f00e6c20a04a3aab65b7e3da69b4303216c71cb5051856d7cb6fc8b027,11,0,4,4,0,False,False,30,20,0.6666666666666666,0.020618556701030927,0.020618556701030927,29,11337a90b9488538e1d08c6f6bb9c3940f4d22229d5fed38c05f2b44afebcda4,,11337a90b9488538e1d08c6f6bb9c3940f4d22229d5fed38c05f2b44afebcda4,True,False,POST_OBSERVATION_CREATED
True,True,True,True,True,True,True,True,True,True,True,False,original,39,2014-07-01 19:30:00,time,74,39.0,scenario3,EXISTING_SEGMENTS_BELOW_L_MATCH,30,30,18,0,960,960,30,0,960,0,32,4,4,140,1.25,4,17.49,3,0.75,0.0,3,0,0,1,0,0,0,dc7296dc42c739e72a2491074471cb13b1e375a416ac1f1c482a4e95138a55fb,13,3,4,1,0,False,False,30,18,0.6,0.018518518518518517,0.018518518518518517,10,fdbe2ec4dd5930b1393deb8f110e421afe6b300ca4fa4a40e23232d2967a5a1a,,fdbe2ec4dd5930b1393deb8f110e421afe6b300ca4fa4a40e23232d2967a5a1a,True,False,POST_OBSERVATION_CREATED
True,True,True,True,True,True,True,True,True,True,True,False,original,39,2014-07-01 19:30:00,time,81,39.0,scenario3,NO_EXISTING_SEGMENT_IN_COLUMN,30,30,18,0,960,960,30,0,960,0,32,0,0,0,0.0,0,0.0,0,0.0,0.0,0,0,0,0,0,0,0,,,0,4,4,0,False,False,0,0,0.0,0.0,0.0,2,689fd4bac80db50c19858a1e88049097fec3dbd92408c3dc74c4e57acebb8e5b,,689fd4bac80db50c19858a1e88049097fec3dbd92408c3dc74c4e57acebb8e5b,True,False,POST_OBSERVATION_CREATED
True,True,True,True,True,True,True,True,True,True,True,False,original,39,2014-07-01 19:30:00,time,73,39.0,scenario2,MATCHING_SEGMENT_FOUND,30,30,18,0,960,960,30,0,960,0,32,6,6,180,0.8333333333333334,2,14.553333333333335,10,2.1666666666666665,0.0,4,0,0,1,1,1,1,8671e4ae27233192e963f8862ed20755f4fe1709cc17747ae58109fca61800ff,17,10,4,0,1,False,False,30,12,0.4,0.012269938650306749,0.012269938650306749,17,8671e4ae27233192e963f8862ed20755f4fe1709cc17747ae58109fca61800ff,8671e4ae27233192e963f8862ed20755f4fe1709cc17747ae58109fca61800ff,,False,True,PREEXISTING
True,True,True,True,True,True,True,True,True,True,True,False,original,39,2014-07-01 19:30:00,time,82,39.0,scenario3,NO_EXISTING_SEGMENT_IN_COLUMN,30,30,18,0,960,960,30,0,960,0,32,0,0,0,0.0,0,0.0,0,0.0,0.0,0,0,0,0,0,0,0,,,0,4,4,0,False,False,0,0,0.0,0.0,0.0,15,fd3bda268d3d08c31a455f0a142c6a4b903262c6b1fee7ce4b5c04577927084f,,fd3bda268d3d08c31a455f0a142c6a4b903262c6b1fee7ce4b5c04577927084f,True,False,POST_OBSERVATION_CREATED
True,True,True,True,True,True,True,True,True,True,True,False,original,39,2014-07-01 19:30:00,passenger,387,24904.0,scenario3,NO_EXISTING_SEGMENT_IN_COLUMN,30,30,18,0,960,960,30,0,960,0,32,0,0,0,0.0,0,0.0,0,0.0,0.0,0,0,0,0,0,0,0,,,0,4,4,0,False,False,0,0,0.0,0.0,0.0,28,a2c1e2ab155dab791988fb05a65a44041a089f5d6cc1379022a85b37e657d854,,a2c1e2ab155dab791988fb05a65a44041a089f5d6cc1379022a85b37e657d854,True,False,POST_OBSERVATION_CREATED
True,True,True,True,True,True,True,True,True,True,True,False,original,39,2014-07-01 19:30:00,passenger,388,24904.0,scenario3,NO_EXISTING_SEGMENT_IN_COLUMN,30,30,18,0,960,960,30,0,960,0,32,0,0,0,0.0,0,0.0,0,0.0,0.0,0,0,0,0,0,0,0,,,0,4,4,0,False,False,0,0,0.0,0.0,0.0,29,46e3d949081dce9668baf72bd6f6810c09eaaed6c188d9f57cf94be03ba9e61f,,46e3d949081dce9668baf72bd6f6810c09eaaed6c188d9f57cf94be03ba9e61f,True,False,POST_OBSERVATION_CREATED
True,True,True,True,True,True,True,True,True,True,True,False,original,39,2014-07-01 19:30:00,passenger,386,24904.0,scenario3,NO_EXISTING_SEGMENT_IN_COLUMN,30,30,18,0,960,960,30,0,960,0,32,0,0,0,0.0,0,0.0,0,0.0,0.0,0,0,0,0,0,0,0,,,0,4,4,0,False,False,0,0,0.0,0.0,0.0,5,66b36bb8f725b47f5b97db7dc6bec3a3ee6115cca19643d5e4ef6ab9100f5879,,66b36bb8f725b47f5b97db7dc6bec3a3ee6115cca19643d5e4ef6ab9100f5879,True,False,POST_OBSERVATION_CREATED
True,True,True,True,True,True,True,True,True,True,True,False,original,39,2014-07-01 19:30:00,passenger,389,24904.0,scenario3,NO_EXISTING_SEGMENT_IN_COLUMN,30,30,18,0,960,960,30,0,960,0,32,0,0,0,0.0,0,0.0,0,0.0,0.0,0,0,0,0,0,0,0,,,0,4,4,0,False,False,0,0,0.0,0.0,0.0,14,b8beeb0cd224b42bb7c5dbf8f9dd560104e6acd1c3ef16a23e46f7e64c4eaf15,,b8beeb0cd224b42bb7c5dbf8f9dd560104e6acd1c3ef16a23e46f7e64c4eaf15,True,False,POST_OBSERVATION_CREATED
True,True,True,True,True,True,True,True,True,True,True,False,original,39,2014-07-01 19:30:00,passenger,385,24904.0,scenario3,NO_EXISTING_SEGMENT_IN_COLUMN,30,30,18,0,960,960,30,0,960,0,32,0,0,0,0.0,0,0.0,0,0.0,0.0,0,0,0,0,0,0,0,,,0,4,4,0,False,False,0,0,0.0,0.0,0.0,5,1f61a133f7f6293b69d7b87c2a5617be69cab806bf55d6096994c38227f624f4,,1f61a133f7f6293b69d7b87c2a5617be69cab806bf55d6096994c38227f624f4,True,False,POST_OBSERVATION_CREATED
True,True,True,True,True,True,True,True,True,True,True,False,original,39,2014-07-01 19:30:00,passenger,390,24904.0,scenario3,NO_EXISTING_SEGMENT_IN_COLUMN,30,30,18,0,960,960,30,0,960,0,32,0,0,0,0.0,0,0.0,0,0.0,0.0,0,0,0,0,0,0,0,,,0,4,4,0,False,False,0,0,0.0,0.0,0.0,19,64d5b99e057eb3e18926b4f43915e40a0f179b73094ed0ae4f371d15357b7d38,,64d5b99e057eb3e18926b4f43915e40a0f179b73094ed0ae4f371d15357b7d38,True,False,POST_OBSERVATION_CREATED
True,True,True,True,True,True,True,True,True,True,True,False,original,39,2014-07-01 19:30:00,passenger,384,24904.0,scenario3,NO_EXISTING_SEGMENT_IN_COLUMN,30,30,18,0,960,960,30,0,960,0,32,0,0,0,0.0,0,0.0,0,0.0,0.0,0,0,0,0,0,0,0,,,0,4,4,0,False,False,0,0,0.0,0.0,0.0,30,f9b13a21fce089ae45a070e730748b82499b89b42224736a34251edf9ebd4607,,f9b13a21fce089ae45a070e730748b82499b89b42224736a34251edf9ebd4607,True,False,POST_OBSERVATION_CREATED
True,True,True,True,True,True,True,True,True,True,True,False,original,39,2014-07-01 19:30:00,passenger,391,24904.0,scenario3,NO_EXISTING_SEGMENT_IN_COLUMN,30,30,18,0,960,960,30,0,960,0,32,0,0,0,0.0,0,0.0,0,0.0,0.0,0,0,0,0,0,0,0,,,0,4,4,0,False,False,0,0,0.0,0.0,0.0,23,f43129e7a07dd5ea64739bd6621f45f124f503d12e410e2680d25f0c416d430a,,f43129e7a07dd5ea64739bd6621f45f124f503d12e410e2680d25f0c416d430a,True,False,POST_OBSERVATION_CREATED
True,True,True,True,True,True,True,True,True,True,True,False,original,39,2014-07-01 19:30:00,passenger,383,24904.0,scenario3,NO_EXISTING_SEGMENT_IN_COLUMN,30,30,18,0,960,960,30,0,960,0,32,0,0,0,0.0,0,0.0,0,0.0,0.0,0,0,0,0,0,0,0,,,0,4,4,0,False,False,0,0,0.0,0.0,0.0,12,13c3168aef39e8f613dee25e3d6b288797977c9dd237a2cdd952b264a3bb6c81,,13c3168aef39e8f613dee25e3d6b288797977c9dd237a2cdd952b264a3bb6c81,True,False,POST_OBSERVATION_CREATED
True,True,True,True,True,True,True,True,True,True,True,False,original,39,2014-07-01 19:30:00,passenger,392,24904.0,scenario3,NO_EXISTING_SEGMENT_IN_COLUMN,30,30,18,0,960,960,30,0,960,0,32,0,0,0,0.0,0,0.0,0,0.0,0.0,0,0,0,0,0,0,0,,,0,4,4,0,False,False,0,0,0.0,0.0,0.0,5,c7355fbbcc85da6dfc00d4a4071061239d33a287502ea1b4246c61fd9d7bddfc,,c7355fbbcc85da6dfc00d4a4071061239d33a287502ea1b4246c61fd9d7bddfc,True,False,POST_OBSERVATION_CREATED
True,True,True,True,True,True,True,True,True,True,True,False,original,40,2014-07-01 20:00:00,weekday,4,1.0,scenario2,MATCHING_SEGMENT_FOUND,30,30,18,3,864,867,30,3,864,0,32,1,1,625,0.0,0,390.09999999999997,21,21.0,21.0,0,0,0,0,1,1,1,8aeed2abd0f847e0b8500715486ecfcc55670f2b3385c6aeb419a3a0678f1913,30,21,4,0,1,False,False,625,41,0.0656,0.011273957158962795,0.028256374913852515,30,8aeed2abd0f847e0b8500715486ecfcc55670f2b3385c6aeb419a3a0678f1913,8aeed2abd0f847e0b8500715486ecfcc55670f2b3385c6aeb419a3a0678f1913,,False,True,PREEXISTING
True,True,True,True,True,True,True,True,True,True,True,False,original,40,2014-07-01 20:00:00,weekday,5,1.0,scenario2,MATCHING_SEGMENT_FOUND,30,30,18,3,864,867,30,3,864,0,32,1,1,625,0.0,0,390.09999999999997,21,21.0,21.0,0,0,0,0,1,1,1,64080601c3be5fe7030e7eb69924a6cafe76e2b467b4a5630a9f7de522aa39db,10,21,4,0,1,False,False,625,41,0.0656,0.011273957158962795,0.028256374913852515,10,64080601c3be5fe7030e7eb69924a6cafe76e2b467b4a5630a9f7de522aa39db,64080601c3be5fe7030e7eb69924a6cafe76e2b467b4a5630a9f7de522aa39db,,False,True,PREEXISTING
True,True,True,True,True,True,True,True,True,True,True,False,original,40,2014-07-01 20:00:00,weekday,3,1.0,scenario2,MATCHING_SEGMENT_FOUND,30,30,18,3,864,867,30,3,864,0,32,1,1,625,1.0,1,390.06,21,21.0,21.0,0,0,0,0,1,1,1,69f0cb4491a1fd577b6c1af78119fa843dac41862a4e9483fd3c8e414791a45f,4,21,4,0,1,False,False,625,41,0.0656,0.011273957158962795,0.028256374913852515,4,69f0cb4491a1fd577b6c1af78119fa843dac41862a4e9483fd3c8e414791a45f,69f0cb4491a1fd577b6c1af78119fa843dac41862a4e9483fd3c8e414791a45f,,False,True,PREEXISTING
True,True,True,True,True,True,True,True,True,True,True,False,original,40,2014-07-01 20:00:00,weekday,6,1.0,scenario2,MATCHING_SEGMENT_FOUND,30,30,18,3,864,867,30,3,864,0,32,1,1,625,1.0,1,390.03999999999996,21,21.0,21.0,0,0,0,0,1,1,1,d0ca4df7b4ef8ef8330fc3c3fb6df6da237f2c8759fa1a08b551c3b0267a5cc1,29,21,4,0,1,False,False,625,41,0.0656,0.011273957158962795,0.028256374913852515,29,d0ca4df7b4ef8ef8330fc3c3fb6df6da237f2c8759fa1a08b551c3b0267a5cc1,d0ca4df7b4ef8ef8330fc3c3fb6df6da237f2c8759fa1a08b551c3b0267a5cc1,,False,True,PREEXISTING
True,True,True,True,True,True,True,True,True,True,True,False,original,40,2014-07-01 20:00:00,weekday,2,1.0,scenario2,MATCHING_SEGMENT_FOUND,30,30,18,3,864,867,30,3,864,0,32,1,1,625,1.0,1,390.03999999999996,21,21.0,21.0,0,0,0,0,1,1,1,62de03d338e81fffb1fe886b83637755e48f7109d103cb5c35e3be82a6942085,15,21,4,0,1,False,False,625,41,0.0656,0.011273957158962795,0.028256374913852515,15,62de03d338e81fffb1fe886b83637755e48f7109d103cb5c35e3be82a6942085,62de03d338e81fffb1fe886b83637755e48f7109d103cb5c35e3be82a6942085,,False,True,PREEXISTING
True,True,True,True,True,True,True,True,True,True,True,False,original,40,2014-07-01 20:00:00,weekday,7,1.0,scenario2,MATCHING_SEGMENT_FOUND,30,30,18,3,864,867,30,3,864,0,32,1,1,625,3.0,3,389.95,21,21.0,21.0,0,0,0,0,1,1,1,82cd778248b58abce2dd437ff3430d422a5f31f0857456cb0806c4bbf75c2f84,1,21,4,0,1,False,False,625,41,0.0656,0.011273957158962795,0.028256374913852515,1,82cd778248b58abce2dd437ff3430d422a5f31f0857456cb0806c4bbf75c2f84,82cd778248b58abce2dd437ff3430d422a5f31f0857456cb0806c4bbf75c2f84,,False,True,PREEXISTING
True,True,True,True,True,True,True,True,True,True,True,False,original,40,2014-07-01 20:00:00,weekday,1,1.0,scenario2,MATCHING_SEGMENT_FOUND,30,30,18,3,864,867,30,3,864,0,32,1,1,625,3.0,3,389.88,21,21.0,21.0,0,0,0,0,1,1,1,096eb71f46b469fc4f1cc7d4ed984088c225a66b3cfbaad900f9fc8fd6e6985c,15,21,4,0,1,False,False,625,41,0.0656,0.011273957158962795,0.028256374913852515,15,096eb71f46b469fc4f1cc7d4ed984088c225a66b3cfbaad900f9fc8fd6e6985c,096eb71f46b469fc4f1cc7d4ed984088c225a66b3cfbaad900f9fc8fd6e6985c,,False,True,PREEXISTING
True,True,True,True,True,True,True,True,True,True,True,False,original,40,2014-07-01 20:00:00,weekday,8,1.0,scenario2,MATCHING_SEGMENT_FOUND,30,30,18,3,864,867,30,3,864,0,32,1,1,625,4.0,4,389.38,21,21.0,21.0,0,0,0,0,1,1,1,8707a46b07890e9f3d4b42af5e0aab7361dc144e7986f25d90e421a33089bd83,29,21,4,0,1,False,False,625,41,0.0656,0.011273957158962795,0.028256374913852515,29,8707a46b07890e9f3d4b42af5e0aab7361dc144e7986f25d90e421a33089bd83,8707a46b07890e9f3d4b42af5e0aab7361dc144e7986f25d90e421a33089bd83,,False,True,PREEXISTING
True,True,True,True,True,True,True,True,True,True,True,False,original,40,2014-07-01 20:00:00,weekday,0,1.0,scenario2,MATCHING_SEGMENT_FOUND,30,30,18,3,864,867,30,3,864,0,32,1,1,625,4.0,4,389.37,21,21.0,21.0,0,0,0,0,1,1,1,b8ff4e0cd1bf15ed47968cde6ad2530bfe3d56b991c289d66df5ed3a4ea01ca1,4,21,4,0,1,False,False,625,41,0.0656,0.011273957158962795,0.028256374913852515,4,b8ff4e0cd1bf15ed47968cde6ad2530bfe3d56b991c289d66df5ed3a4ea01ca1,b8ff4e0cd1bf15ed47968cde6ad2530bfe3d56b991c289d66df5ed3a4ea01ca1,,False,True,PREEXISTING
True,True,True,True,True,True,True,True,True,True,True,False,original,40,2014-07-01 20:00:00,weekday,9,1.0,scenario2,MATCHING_SEGMENT_FOUND,30,30,18,3,864,867,30,3,864,0,32,1,1,625,4.0,4,389.27,21,21.0,21.0,0,0,0,0,1,1,1,1928f40ce31bf6bd47fb15c046e5d7db5c6f2744acdbf86090d49adc6860aaca,19,21,4,0,1,False,False,625,41,0.0656,0.011273957158962795,0.028256374913852515,19,1928f40ce31bf6bd47fb15c046e5d7db5c6f2744acdbf86090d49adc6860aaca,1928f40ce31bf6bd47fb15c046e5d7db5c6f2744acdbf86090d49adc6860aaca,,False,True,PREEXISTING
True,True,True,True,True,True,True,True,True,True,True,False,original,40,2014-07-01 20:00:00,time,78,40.0,scenario3,EXISTING_SEGMENTS_BELOW_L_MATCH,30,30,18,3,864,867,30,3,864,0,32,3,3,90,1.0,2,14.153333333333334,1,0.3333333333333333,0.0,2,1,0,0,0,0,0,e09a40e06b72b26d48348c9ec8e1a4713ef0050abfbb6433e505a9f5ede1bb2d,1,1,4,3,0,False,False,30,15,0.5,0.017006802721088437,0.017006802721088437,3,13474c0c97408829c302925b6f061f94f2f050a1274727a88f8f968950a80e6f,,13474c0c97408829c302925b6f061f94f2f050a1274727a88f8f968950a80e6f,True,False,POST_OBSERVATION_CREATED
True,True,True,True,True,True,True,True,True,True,True,False,original,40,2014-07-01 20:00:00,time,79,40.0,scenario3,EXISTING_SEGMENTS_BELOW_L_MATCH,30,30,18,3,864,867,30,3,864,0,32,2,2,60,1.0,2,13.780000000000001,2,1.5,1.5,0,1,1,0,0,0,0,6c312511a2e1ce743e3a594f589994ad7eb0107ed6e2724b5f4cba0363ed60f7,15,2,4,2,0,False,False,30,16,0.5333333333333333,0.018161180476730987,0.018161180476730987,7,616c6681feb361fab6f65c7be43d5e630afb521910c0e45e2de1ba125ad5f322,,616c6681feb361fab6f65c7be43d5e630afb521910c0e45e2de1ba125ad5f322,True,False,POST_OBSERVATION_CREATED
True,True,True,True,True,True,True,True,True,True,True,False,original,40,2014-07-01 20:00:00,time,77,40.0,scenario3,EXISTING_SEGMENTS_BELOW_L_MATCH,30,30,18,3,864,867,30,3,864,0,32,2,2,100,1.5,2,24.61,3,1.5,1.5,1,0,0,1,0,0,0,cc8d130ba30b5b2c23001684ee8dea041119985e6987a3d551a66d84510e4481,25,3,4,1,0,False,False,70,25,0.35714285714285715,0.015855039637599093,0.027412280701754384,7,d5af7784cb2db7b5272266e21c735af949b4ecc574ec4c7c60def8f77982206c,,d5af7784cb2db7b5272266e21c735af949b4ecc574ec4c7c60def8f77982206c,True,False,POST_OBSERVATION_CREATED
True,True,True,True,True,True,True,True,True,True,True,False,original,40,2014-07-01 20:00:00,time,80,40.0,scenario3,EXISTING_SEGMENTS_BELOW_L_MATCH,30,30,18,3,864,867,30,3,864,0,32,2,2,60,0.5,1,14.98,2,1.5,1.5,0,1,1,0,0,0,0,954843f00e6c20a04a3aab65b7e3da69b4303216c71cb5051856d7cb6fc8b027,11,2,4,2,0,False,False,30,16,0.5333333333333333,0.018161180476730987,0.018161180476730987,24,53bb6ea9c7224dfb93faff3f77bc74b567b0ce411c425fa94aaccd2eb6718064,,53bb6ea9c7224dfb93faff3f77bc74b567b0ce411c425fa94aaccd2eb6718064,True,False,POST_OBSERVATION_CREATED
True,True,True,True,True,True,True,True,True,True,True,False,original,40,2014-07-01 20:00:00,time,76,40.0,scenario3,EXISTING_SEGMENTS_BELOW_L_MATCH,30,30,18,3,864,867,30,3,864,0,32,4,4,138,1.0,2,17.165,1,0.75,1.0,1,3,0,0,0,0,0,55c6b210d71333c2a6aefd624cff4c0b41ad32486a62a93d37e1b022626d2537,31,1,4,3,0,False,False,30,14,0.4666666666666667,0.015855039637599093,0.015855039637599093,3,d708e6b1a82c2d0246df34ec445b56c203c310f3d399f29bf5392410c6c64ff8,,d708e6b1a82c2d0246df34ec445b56c203c310f3d399f29bf5392410c6c64ff8,True,False,POST_OBSERVATION_CREATED
True,True,True,True,True,True,True,True,True,True,True,False,original,40,2014-07-01 20:00:00,time,81,40.0,scenario3,EXISTING_SEGMENTS_BELOW_L_MATCH,30,30,18,3,864,867,30,3,864,0,32,1,1,30,0.0,0,15.0,1,1.0,1.0,0,1,0,0,0,0,0,689fd4bac80db50c19858a1e88049097fec3dbd92408c3dc74c4e57acebb8e5b,2,1,4,3,0,False,False,30,16,0.5333333333333333,0.018161180476730987,0.018161180476730987,28,daa00c5e0d7b1f29f49f226e8de1c97df733dbcc57ca8d6f70a302ab902d08e2,,daa00c5e0d7b1f29f49f226e8de1c97df733dbcc57ca8d6f70a302ab902d08e2,True,False,POST_OBSERVATION_CREATED
True,True,True,True,True,True,True,True,True,True,True,False,original,40,2014-07-01 20:00:00,time,75,40.0,scenario3,EXISTING_SEGMENTS_BELOW_L_MATCH,30,30,18,3,864,867,30,3,864,0,32,5,5,150,0.8,2,14.372,2,0.8,1.0,2,2,1,0,0,0,0,15802385d906a6908ca5adecc5f300abe6ceea949af78c2c9909d010465890b2,2,2,4,2,0,False,False,30,16,0.5333333333333333,0.018161180476730987,0.018161180476730987,22,767fb7b31eba087bd056057f0f84fb7ddb827ba28734ea77fda644c797ddb900,,767fb7b31eba087bd056057f0f84fb7ddb827ba28734ea77fda644c797ddb900,True,False,POST_OBSERVATION_CREATED
True,True,True,True,True,True,True,True,True,True,True,False,original,40,2014-07-01 20:00:00,time,82,40.0,scenario3,EXISTING_SEGMENTS_BELOW_L_MATCH,30,30,18,3,864,867,30,3,864,0,32,1,1,30,0.0,0,15.0,1,1.0,1.0,0,1,0,0,0,0,0,fd3bda268d3d08c31a455f0a142c6a4b903262c6b1fee7ce4b5c04577927084f,15,1,4,3,0,False,False,30,16,0.5333333333333333,0.018161180476730987,0.018161180476730987,20,0751d658eee10247e734ddb6e3f30652910108aa3aa1fd853710e368a72ea3e2,,0751d658eee10247e734ddb6e3f30652910108aa3aa1fd853710e368a72ea3e2,True,False,POST_OBSERVATION_CREATED
True,True,True,True,True,True,True,True,True,True,True,False,original,40,2014-07-01 20:00:00,time,74,40.0,scenario2,MATCHING_SEGMENT_FOUND,30,30,18,3,864,867,30,3,864,0,32,5,5,170,1.2,4,16.982,11,3.0,1.0,2,1,0,1,1,1,1,bd6591eec09616498c2bb7c2d4f51fca04357663a40ca78e59acad8c438252bb,16,11,4,0,1,False,False,30,11,0.36666666666666664,0.012415349887133182,0.012415349887133182,16,bd6591eec09616498c2bb7c2d4f51fca04357663a40ca78e59acad8c438252bb,bd6591eec09616498c2bb7c2d4f51fca04357663a40ca78e59acad8c438252bb,,False,True,PREEXISTING
True,True,True,True,True,True,True,True,True,True,True,False,original,40,2014-07-01 20:00:00,time,83,40.0,scenario3,NO_EXISTING_SEGMENT_IN_COLUMN,30,30,18,3,864,867,30,3,864,0,32,0,0,0,0.0,0,0.0,0,0.0,0.0,0,0,0,0,0,0,0,,,0,4,4,0,False,False,0,0,0.0,0.0,0.0,15,df0133f56e1242dea0f1b779442221d2efc1359f853e23f1554a9f7ab365e74c,,df0133f56e1242dea0f1b779442221d2efc1359f853e23f1554a9f7ab365e74c,True,False,POST_OBSERVATION_CREATED
True,True,True,True,True,True,True,True,True,True,True,False,original,40,2014-07-01 20:00:00,passenger,363,22875.0,scenario3,EXISTING_SEGMENTS_BELOW_L_MATCH,30,30,18,3,864,867,30,3,864,0,32,1,1,30,1.0,1,14.9,0,0.0,0.0,1,0,0,0,0,0,0,eb59b7b3a9e8c3b60db6278a444c1c856ac3cb4070ec1e6bfc1dc4fa3dd83b2d,24,0,4,4,0,False,False,30,15,0.5,0.017006802721088437,0.017006802721088437,15,98e797780bbb2282c4c801636080beb9efdc68439476c85c022122f80917f950,,98e797780bbb2282c4c801636080beb9efdc68439476c85c022122f80917f950,True,False,POST_OBSERVATION_CREATED
True,True,True,True,True,True,True,True,True,True,True,False,original,40,2014-07-01 20:00:00,passenger,364,22875.0,scenario3,EXISTING_SEGMENTS_BELOW_L_MATCH,30,30,18,3,864,867,30,3,864,0,32,1,1,30,1.0,1,14.9,0,0.0,0.0,1,0,0,0,0,0,0,d1ab5835890dcc8a7cfdf1ea947c797436c6837a2a8d6d18de4757603607e29a,4,0,4,4,0,False,False,30,15,0.5,0.017006802721088437,0.017006802721088437,26,164eea74b97479d9441b04c5e3271fdf4d4d6d147f10e547bb091b2470cce000,,164eea74b97479d9441b04c5e3271fdf4d4d6d147f10e547bb091b2470cce000,True,False,POST_OBSERVATION_CREATED
True,True,True,True,True,True,True,True,True,True,True,False,original,40,2014-07-01 20:00:00,passenger,362,22875.0,scenario3,EXISTING_SEGMENTS_BELOW_L_MATCH,30,30,18,3,864,867,30,3,864,0,32,1,1,30,1.0,1,14.9,0,0.0,0.0,1,0,0,0,0,0,0,8770fc0a0ac7aa1959544448cabc845a57cefc24c402cd2b4713aa7744e036d7,18,0,4,4,0,False,False,30,15,0.5,0.017006802721088437,0.017006802721088437,11,d52c71e5bf478b54d8f3ff481b042d7659d9a66cccfad9c0a15841a71f897a6d,,d52c71e5bf478b54d8f3ff481b042d7659d9a66cccfad9c0a15841a71f897a6d,True,False,POST_OBSERVATION_CREATED
True,True,True,True,True,True,True,True,True,True,True,False,original,40,2014-07-01 20:00:00,passenger,365,22875.0,scenario3,EXISTING_SEGMENTS_BELOW_L_MATCH,30,30,18,3,864,867,30,3,864,0,32,1,1,30,1.0,1,14.9,0,0.0,0.0,1,0,0,0,0,0,0,be5e8179f5b145c38d641ccea36a10a498ebf4c3827144164333952e04db6e97,4,0,4,4,0,False,False,30,15,0.5,0.017006802721088437,0.017006802721088437,22,e2c5803159e61f28c817103c0f6dfb4c372489b65d9d8a5c9f7acaaff004fbff,,e2c5803159e61f28c817103c0f6dfb4c372489b65d9d8a5c9f7acaaff004fbff,True,False,POST_OBSERVATION_CREATED
True,True,True,True,True,True,True,True,True,True,True,False,original,40,2014-07-01 20:00:00,passenger,361,22875.0,scenario3,EXISTING_SEGMENTS_BELOW_L_MATCH,30,30,18,3,864,867,30,3,864,0,32,1,1,30,1.0,1,14.86,0,0.0,0.0,1,0,0,0,0,0,0,0794ea3613288c601aff2b6d1a980d08fdbe857f42cbba8a42a2c47651172f41,15,0,4,4,0,False,False,30,15,0.5,0.017006802721088437,0.017006802721088437,17,e8319732cdd42e1b3aa50834806b727a94d9fd8a14b3b49edca8ab6fa2b303bf,,e8319732cdd42e1b3aa50834806b727a94d9fd8a14b3b49edca8ab6fa2b303bf,True,False,POST_OBSERVATION_CREATED
True,True,True,True,True,True,True,True,True,True,True,False,original,40,2014-07-01 20:00:00,passenger,366,22875.0,scenario3,EXISTING_SEGMENTS_BELOW_L_MATCH,30,30,18,3,864,867,30,3,864,0,32,1,1,30,0.0,0,15.0,0,0.0,0.0,1,0,0,0,0,0,0,758b45803d595c700ea7838bd519877e9695c7a4f5116f31648233fd2dafd707,2,0,4,4,0,False,False,30,15,0.5,0.017006802721088437,0.017006802721088437,29,94fa3ddfd5e34de2deead3f2ce4afb8494307a7bbf17f8b50cfe39a7291d3969,,94fa3ddfd5e34de2deead3f2ce4afb8494307a7bbf17f8b50cfe39a7291d3969,True,False,POST_OBSERVATION_CREATED
True,True,True,True,True,True,True,True,True,True,True,False,original,40,2014-07-01 20:00:00,passenger,360,22875.0,scenario3,EXISTING_SEGMENTS_BELOW_L_MATCH,30,30,18,3,864,867,30,3,864,0,32,1,1,30,2.0,2,14.76,0,0.0,0.0,1,0,0,0,0,0,0,99d5da90bbdb27c94db59f42c0e7e88ded3f5a05eaf2a5bf666a5b15bb36b840,18,0,4,4,0,False,False,30,15,0.5,0.017006802721088437,0.017006802721088437,29,b14daf55bfa891420484b8e934cec620c4384c197f6b5602cb3e7ddab438d095,,b14daf55bfa891420484b8e934cec620c4384c197f6b5602cb3e7ddab438d095,True,False,POST_OBSERVATION_CREATED
True,True,True,True,True,True,True,True,True,True,True,False,original,40,2014-07-01 20:00:00,passenger,367,22875.0,scenario3,EXISTING_SEGMENTS_BELOW_L_MATCH,30,30,18,3,864,867,30,3,864,0,32,1,1,30,1.0,1,14.86,0,0.0,0.0,1,0,0,0,0,0,0,21d8528e7a11c910006fe5d7b0a5750faa24e4f3b666c71149c0826e10ac74c9,3,0,4,4,0,False,False,30,15,0.5,0.017006802721088437,0.017006802721088437,28,b6f540cbe59e45489080a1374d2e07ca2ece0c3e9b9d143ccdc9236acb1141c3,,b6f540cbe59e45489080a1374d2e07ca2ece0c3e9b9d143ccdc9236acb1141c3,True,False,POST_OBSERVATION_CREATED
True,True,True,True,True,True,True,True,True,True,True,False,original,40,2014-07-01 20:00:00,passenger,359,22875.0,scenario3,NO_EXISTING_SEGMENT_IN_COLUMN,30,30,18,3,864,867,30,3,864,0,32,0,0,0,0.0,0,0.0,0,0.0,0.0,0,0,0,0,0,0,0,,,0,4,4,0,False,False,0,0,0.0,0.0,0.0,13,b13794b1f971632ccd864a6ac0f509d40b750ab6045ade5fd2e759498ab0b27e,,b13794b1f971632ccd864a6ac0f509d40b750ab6045ade5fd2e759498ab0b27e,True,False,POST_OBSERVATION_CREATED
True,True,True,True,True,True,True,True,True,True,True,False,original,40,2014-07-01 20:00:00,passenger,368,22875.0,scenario3,EXISTING_SEGMENTS_BELOW_L_MATCH,30,30,18,3,864,867,30,3,864,0,32,1,1,30,2.0,2,14.76,0,0.0,0.0,1,0,0,0,0,0,0,114e52f2aa8d76b4078fb2a27dcf9818c7f4713285c354b91e116bac5efdd26f,31,0,4,4,0,False,False,30,15,0.5,0.017006802721088437,0.017006802721088437,19,4c08e998ef387b7d8fb9b600a1889fb888217e2881fb8825e96b0cd11adb6f7e,,4c08e998ef387b7d8fb9b600a1889fb888217e2881fb8825e96b0cd11adb6f7e,True,False,POST_OBSERVATION_CREATED
True,True,True,True,True,True,True,True,True,True,True,False,original,41,2014-07-01 20:30:00,weekday,4,1.0,scenario2,MATCHING_SEGMENT_FOUND,30,30,18,0,960,960,30,0,960,0,32,1,1,640,0.0,0,399.3,20,20.0,20.0,0,0,0,0,1,1,1,8aeed2abd0f847e0b8500715486ecfcc55670f2b3385c6aeb419a3a0678f1913,30,20,4,0,1,False,False,640,53,0.0828125,0.01020408163265306,0.03425985778926956,30,8aeed2abd0f847e0b8500715486ecfcc55670f2b3385c6aeb419a3a0678f1913,8aeed2abd0f847e0b8500715486ecfcc55670f2b3385c6aeb419a3a0678f1913,,False,True,PREEXISTING
True,True,True,True,True,True,True,True,True,True,True,False,original,41,2014-07-01 20:30:00,weekday,5,1.0,scenario2,MATCHING_SEGMENT_FOUND,30,30,18,0,960,960,30,0,960,0,32,1,1,640,0.0,0,399.3,20,20.0,20.0,0,0,0,0,1,1,1,64080601c3be5fe7030e7eb69924a6cafe76e2b467b4a5630a9f7de522aa39db,10,20,4,0,1,False,False,640,53,0.0828125,0.01020408163265306,0.03425985778926956,10,64080601c3be5fe7030e7eb69924a6cafe76e2b467b4a5630a9f7de522aa39db,64080601c3be5fe7030e7eb69924a6cafe76e2b467b4a5630a9f7de522aa39db,,False,True,PREEXISTING
True,True,True,True,True,True,True,True,True,True,True,False,original,41,2014-07-01 20:30:00,weekday,3,1.0,scenario2,MATCHING_SEGMENT_FOUND,30,30,18,0,960,960,30,0,960,0,32,1,1,640,1.0,1,399.26,20,20.0,20.0,0,0,0,0,1,1,1,69f0cb4491a1fd577b6c1af78119fa843dac41862a4e9483fd3c8e414791a45f,4,20,4,0,1,False,False,640,53,0.0828125,0.01020408163265306,0.03425985778926956,4,69f0cb4491a1fd577b6c1af78119fa843dac41862a4e9483fd3c8e414791a45f,69f0cb4491a1fd577b6c1af78119fa843dac41862a4e9483fd3c8e414791a45f,,False,True,PREEXISTING
True,True,True,True,True,True,True,True,True,True,True,False,original,41,2014-07-01 20:30:00,weekday,6,1.0,scenario2,MATCHING_SEGMENT_FOUND,30,30,18,0,960,960,30,0,960,0,32,1,1,640,1.0,1,399.24,20,20.0,20.0,0,0,0,0,1,1,1,d0ca4df7b4ef8ef8330fc3c3fb6df6da237f2c8759fa1a08b551c3b0267a5cc1,29,20,4,0,1,False,False,640,53,0.0828125,0.01020408163265306,0.03425985778926956,29,d0ca4df7b4ef8ef8330fc3c3fb6df6da237f2c8759fa1a08b551c3b0267a5cc1,d0ca4df7b4ef8ef8330fc3c3fb6df6da237f2c8759fa1a08b551c3b0267a5cc1,,False,True,PREEXISTING
True,True,True,True,True,True,True,True,True,True,True,False,original,41,2014-07-01 20:30:00,weekday,2,1.0,scenario2,MATCHING_SEGMENT_FOUND,30,30,18,0,960,960,30,0,960,0,32,1,1,640,1.0,1,399.24,20,20.0,20.0,0,0,0,0,1,1,1,62de03d338e81fffb1fe886b83637755e48f7109d103cb5c35e3be82a6942085,15,20,4,0,1,False,False,640,53,0.0828125,0.01020408163265306,0.03425985778926956,15,62de03d338e81fffb1fe886b83637755e48f7109d103cb5c35e3be82a6942085,62de03d338e81fffb1fe886b83637755e48f7109d103cb5c35e3be82a6942085,,False,True,PREEXISTING
True,True,True,True,True,True,True,True,True,True,True,False,original,41,2014-07-01 20:30:00,weekday,7,1.0,scenario2,MATCHING_SEGMENT_FOUND,30,30,18,0,960,960,30,0,960,0,32,1,1,640,3.0,3,399.12,20,20.0,20.0,0,0,0,0,1,1,1,82cd778248b58abce2dd437ff3430d422a5f31f0857456cb0806c4bbf75c2f84,1,20,4,0,1,False,False,640,53,0.0828125,0.01020408163265306,0.03425985778926956,1,82cd778248b58abce2dd437ff3430d422a5f31f0857456cb0806c4bbf75c2f84,82cd778248b58abce2dd437ff3430d422a5f31f0857456cb0806c4bbf75c2f84,,False,True,PREEXISTING
True,True,True,True,True,True,True,True,True,True,True,False,original,41,2014-07-01 20:30:00,weekday,1,1.0,scenario2,MATCHING_SEGMENT_FOUND,30,30,18,0,960,960,30,0,960,0,32,1,1,640,3.0,3,399.05,20,20.0,20.0,0,0,0,0,1,1,1,096eb71f46b469fc4f1cc7d4ed984088c225a66b3cfbaad900f9fc8fd6e6985c,15,20,4,0,1,False,False,640,53,0.0828125,0.01020408163265306,0.03425985778926956,15,096eb71f46b469fc4f1cc7d4ed984088c225a66b3cfbaad900f9fc8fd6e6985c,096eb71f46b469fc4f1cc7d4ed984088c225a66b3cfbaad900f9fc8fd6e6985c,,False,True,PREEXISTING
True,True,True,True,True,True,True,True,True,True,True,False,original,41,2014-07-01 20:30:00,weekday,8,1.0,scenario2,MATCHING_SEGMENT_FOUND,30,30,18,0,960,960,30,0,960,0,32,1,1,640,4.0,4,398.55,20,20.0,20.0,0,0,0,0,1,1,1,8707a46b07890e9f3d4b42af5e0aab7361dc144e7986f25d90e421a33089bd83,29,20,4,0,1,False,False,640,53,0.0828125,0.01020408163265306,0.03425985778926956,29,8707a46b07890e9f3d4b42af5e0aab7361dc144e7986f25d90e421a33089bd83,8707a46b07890e9f3d4b42af5e0aab7361dc144e7986f25d90e421a33089bd83,,False,True,PREEXISTING
True,True,True,True,True,True,True,True,True,True,True,False,original,41,2014-07-01 20:30:00,weekday,0,1.0,scenario2,MATCHING_SEGMENT_FOUND,30,30,18,0,960,960,30,0,960,0,32,1,1,640,4.0,4,398.53999999999996,20,20.0,20.0,0,0,0,0,1,1,1,b8ff4e0cd1bf15ed47968cde6ad2530bfe3d56b991c289d66df5ed3a4ea01ca1,4,20,4,0,1,False,False,640,53,0.0828125,0.01020408163265306,0.03425985778926956,4,b8ff4e0cd1bf15ed47968cde6ad2530bfe3d56b991c289d66df5ed3a4ea01ca1,b8ff4e0cd1bf15ed47968cde6ad2530bfe3d56b991c289d66df5ed3a4ea01ca1,,False,True,PREEXISTING
True,True,True,True,True,True,True,True,True,True,True,False,original,41,2014-07-01 20:30:00,weekday,9,1.0,scenario2,MATCHING_SEGMENT_FOUND,30,30,18,0,960,960,30,0,960,0,32,1,1,640,4.0,4,398.44,20,20.0,20.0,0,0,0,0,1,1,1,1928f40ce31bf6bd47fb15c046e5d7db5c6f2744acdbf86090d49adc6860aaca,19,20,4,0,1,False,False,640,53,0.0828125,0.01020408163265306,0.03425985778926956,19,1928f40ce31bf6bd47fb15c046e5d7db5c6f2744acdbf86090d49adc6860aaca,1928f40ce31bf6bd47fb15c046e5d7db5c6f2744acdbf86090d49adc6860aaca,,False,True,PREEXISTING
True,True,True,True,True,True,True,True,True,True,True,False,original,41,2014-07-01 20:30:00,time,80,41.0,scenario3,EXISTING_SEGMENTS_BELOW_L_MATCH,30,30,18,0,960,960,30,0,960,0,32,3,3,90,0.6666666666666666,1,14.953333333333333,2,0.6666666666666666,0.0,2,0,1,0,0,0,0,11337a90b9488538e1d08c6f6bb9c3940f4d22229d5fed38c05f2b44afebcda4,29,2,4,2,0,False,False,30,17,0.5666666666666667,0.017471736896197326,0.017471736896197326,30,f95155ec103f763f29bd1db73cd9d7a3ac62f488176f487274a83192240763d4,,f95155ec103f763f29bd1db73cd9d7a3ac62f488176f487274a83192240763d4,True,False,POST_OBSERVATION_CREATED
True,True,True,True,True,True,True,True,True,True,True,False,original,41,2014-07-01 20:30:00,time,79,41.0,scenario2,MATCHING_SEGMENT_FOUND,30,30,18,0,960,960,30,0,960,0,32,3,3,90,0.6666666666666666,2,14.186666666666667,10,3.3333333333333335,0.0,2,0,0,0,1,1,1,616c6681feb361fab6f65c7be43d5e630afb521910c0e45e2de1ba125ad5f322,7,10,4,0,1,False,False,30,19,0.6333333333333333,0.01956745623069001,0.01956745623069001,7,616c6681feb361fab6f65c7be43d5e630afb521910c0e45e2de1ba125ad5f322,616c6681feb361fab6f65c7be43d5e630afb521910c0e45e2de1ba125ad5f322,,False,True,PREEXISTING
True,True,True,True,True,True,True,True,True,True,True,False,original,41,2014-07-01 20:30:00,time,81,41.0,scenario3,EXISTING_SEGMENTS_BELOW_L_MATCH,30,30,18,0,960,960,30,0,960,0,32,2,2,60,0.5,1,14.95,2,1.0,1.0,1,0,1,0,0,0,0,689fd4bac80db50c19858a1e88049097fec3dbd92408c3dc74c4e57acebb8e5b,2,2,4,2,0,False,False,30,17,0.5666666666666667,0.017471736896197326,0.017471736896197326,6,1a227288a0bf9bc5fdfc93bf121f4f467444f1d2edda03f768a9cae78771d7b5,,1a227288a0bf9bc5fdfc93bf121f4f467444f1d2edda03f768a9cae78771d7b5,True,False,POST_OBSERVATION_CREATED
True,True,True,True,True,True,True,True,True,True,True,False,original,41,2014-07-01 20:30:00,time,78,41.0,scenario3,EXISTING_SEGMENTS_BELOW_L_MATCH,30,30,18,0,960,960,30,0,960,0,32,4,4,120,0.75,2,14.34,0,0.0,0.0,4,0,0,0,0,0,0,13474c0c97408829c302925b6f061f94f2f050a1274727a88f8f968950a80e6f,3,0,4,4,0,False,False,30,14,0.4666666666666667,0.014344262295081968,0.014344262295081968,29,a00ee3febdad1db9c401fb3a6c48d653d1ad92399fdacdaf3549efb1e3e5232f,,a00ee3febdad1db9c401fb3a6c48d653d1ad92399fdacdaf3549efb1e3e5232f,True,False,POST_OBSERVATION_CREATED
True,True,True,True,True,True,True,True,True,True,True,False,original,41,2014-07-01 20:30:00,time,82,41.0,scenario3,EXISTING_SEGMENTS_BELOW_L_MATCH,30,30,18,0,960,960,30,0,960,0,32,2,2,60,0.5,1,14.95,2,1.0,1.0,1,0,1,0,0,0,0,fd3bda268d3d08c31a455f0a142c6a4b903262c6b1fee7ce4b5c04577927084f,15,2,4,2,0,False,False,30,17,0.5666666666666667,0.017471736896197326,0.017471736896197326,18,1e87c985782aee71cb95c580759f4af24bcf61b6f4dd34f4d14ff3d3c1290520,,1e87c985782aee71cb95c580759f4af24bcf61b6f4dd34f4d14ff3d3c1290520,True,False,POST_OBSERVATION_CREATED
True,True,True,True,True,True,True,True,True,True,True,False,original,41,2014-07-01 20:30:00,time,77,41.0,scenario3,EXISTING_SEGMENTS_BELOW_L_MATCH,30,30,18,0,960,960,30,0,960,0,32,3,3,130,1.0,2,21.373333333333335,1,0.3333333333333333,0.0,2,1,0,0,0,0,0,3289916868640bb6b210028b783f15fcf0a40bfdf0261f354ff43191d0a4f0d8,0,1,4,3,0,False,False,30,24,0.8,0.024844720496894408,0.024844720496894408,11,967d9854a23eea3899befe686e94bd80a2790d0992cea489b4a13032e35c6156,,967d9854a23eea3899befe686e94bd80a2790d0992cea489b4a13032e35c6156,True,False,POST_OBSERVATION_CREATED
True,True,True,True,True,True,True,True,True,True,True,False,original,41,2014-07-01 20:30:00,time,83,41.0,scenario3,MATCHING_SEGMENT_NOT_ELIGIBLE,30,30,18,0,960,960,30,0,960,0,32,1,1,30,0.0,0,15.0,0,0.0,0.0,1,0,0,0,0,0,0,df0133f56e1242dea0f1b779442221d2efc1359f853e23f1554a9f7ab365e74c,15,0,4,4,0,False,False,30,19,0.6333333333333333,0.01956745623069001,0.01956745623069001,0,0457b74dc24d5018cb2c33456e7fc59f4f9b3dea29e36ea51863d56cc13db333,,0457b74dc24d5018cb2c33456e7fc59f4f9b3dea29e36ea51863d56cc13db333,True,False,POST_OBSERVATION_CREATED
True,True,True,True,True,True,True,True,True,True,True,False,original,41,2014-07-01 20:30:00,time,76,41.0,scenario2,MATCHING_SEGMENT_FOUND,30,30,18,0,960,960,30,0,960,0,32,5,5,168,1.0,3,16.712,10,2.6,1.0,2,1,1,0,1,1,1,5a748e0ab88a77b5fa265b7c47ab9f4110489d6e10361814a7c66eee6605168f,28,10,4,0,1,False,False,30,13,0.43333333333333335,0.01330603889457523,0.01330603889457523,28,5a748e0ab88a77b5fa265b7c47ab9f4110489d6e10361814a7c66eee6605168f,5a748e0ab88a77b5fa265b7c47ab9f4110489d6e10361814a7c66eee6605168f,,False,True,PREEXISTING
True,True,True,True,True,True,True,True,True,True,True,False,original,41,2014-07-01 20:30:00,time,84,41.0,scenario3,NO_EXISTING_SEGMENT_IN_COLUMN,30,30,18,0,960,960,30,0,960,0,32,0,0,0,0.0,0,0.0,0,0.0,0.0,0,0,0,0,0,0,0,,,0,4,4,0,False,False,0,0,0.0,0.0,0.0,22,bd7cd38bd6c985aca8accb7ed3c020517b30683ac4493d1eae1b65ac6cee5e2b,,bd7cd38bd6c985aca8accb7ed3c020517b30683ac4493d1eae1b65ac6cee5e2b,True,False,POST_OBSERVATION_CREATED
True,True,True,True,True,True,True,True,True,True,True,False,original,41,2014-07-01 20:30:00,time,75,41.0,scenario3,EXISTING_SEGMENTS_BELOW_L_MATCH,30,30,18,0,960,960,30,0,960,0,32,6,6,180,0.8333333333333334,2,14.46,2,0.3333333333333333,0.0,5,0,1,0,0,0,0,99b4109bd7e28933e5ad4e5d02412f368f84cc4f3f089db8f797463d381bfd13,8,2,4,2,0,False,False,30,17,0.5666666666666667,0.017471736896197326,0.017471736896197326,16,d9a2b09eae157c1bd7f4deac8913813be0202a2fb2467b6164fbb60b4207e346,,d9a2b09eae157c1bd7f4deac8913813be0202a2fb2467b6164fbb60b4207e346,True,False,POST_OBSERVATION_CREATED
True,True,True,True,True,True,True,True,True,True,True,False,original,41,2014-07-01 20:30:00,passenger,333,20394.0,scenario1,CORRECTLY_PREDICTED_CELL_AVAILABLE,30,30,18,0,960,960,30,0,960,0,32,3,3,90,7.0,19,14.283333333333333,10,3.3333333333333335,0.0,2,0,0,0,1,1,1,c3e183e8b927974755e8ed7c28b95112e777a7b47de78fff6e97648a72f305e2,8,10,4,0,1,False,False,30,10,0.3333333333333333,0.01020408163265306,0.01020408163265306,8,c3e183e8b927974755e8ed7c28b95112e777a7b47de78fff6e97648a72f305e2,c3e183e8b927974755e8ed7c28b95112e777a7b47de78fff6e97648a72f305e2,,False,True,PREEXISTING
True,True,True,True,True,True,True,True,True,True,True,False,original,41,2014-07-01 20:30:00,passenger,334,20394.0,scenario3,PREDICTED_TIME_INVALID,30,30,18,0,960,960,30,0,960,0,32,3,3,90,6.0,12,14.343333333333332,0,0.0,0.0,3,0,0,0,0,0,0,f8a2a513ec8b0c11653281c7f1663089fb687ad502311ce1f018c91b7127b42d,18,0,4,4,0,False,False,30,10,0.3333333333333333,0.01020408163265306,0.01020408163265306,30,ec745f43fe253f963166a6d2bdb42e7196e6fbfdb820f360785e68d2191346c1,,ec745f43fe253f963166a6d2bdb42e7196e6fbfdb820f360785e68d2191346c1,True,False,POST_OBSERVATION_CREATED
True,True,True,True,True,True,True,True,True,True,True,False,original,41,2014-07-01 20:30:00,passenger,332,20394.0,scenario3,EXISTING_SEGMENTS_BELOW_L_MATCH,30,30,18,0,960,960,30,0,960,0,32,3,3,90,7.0,18,14.283333333333331,0,0.0,0.0,3,0,0,0,0,0,0,f3d7c6f3eec196c4b2c988d5f147b9cd54804c7ed2abdeebf88e586c6cd90620,29,0,4,4,0,False,False,30,10,0.3333333333333333,0.01020408163265306,0.01020408163265306,27,f8508bbacf9016852f6910bdaa77b6b137f5da1e03fe3bed2239c2bdcae864bc,,f8508bbacf9016852f6910bdaa77b6b137f5da1e03fe3bed2239c2bdcae864bc,True,False,POST_OBSERVATION_CREATED
True,True,True,True,True,True,True,True,True,True,True,False,original,41,2014-07-01 20:30:00,passenger,335,20394.0,scenario3,EXISTING_SEGMENTS_BELOW_L_MATCH,30,30,18,0,960,960,30,0,960,0,32,2,2,60,9.5,11,14.0,0,0.0,0.0,2,0,0,0,0,0,0,a09ff72628d11f4f1b63c878221152ef8a1a08a0b61b7d3f2a286dd12589ec06,22,0,4,4,0,False,False,30,10,0.3333333333333333,0.01020408163265306,0.01020408163265306,23,99f017c4e0d5dd8d78f82dd2a876dece413fac194327fdf7ac17f4472e9932ef,,99f017c4e0d5dd8d78f82dd2a876dece413fac194327fdf7ac17f4472e9932ef,True,False,POST_OBSERVATION_CREATED
True,True,True,True,True,True,True,True,True,True,True,False,original,41,2014-07-01 20:30:00,passenger,331,20394.0,scenario3,EXISTING_SEGMENTS_BELOW_L_MATCH,30,30,18,0,960,960,30,0,960,0,32,3,3,90,5.666666666666667,15,14.37,0,0.0,0.0,3,0,0,0,0,0,0,df2a3e8768535254acd93cf16cf175834ffe4587e01a3dbb5bd91796130c154b,3,0,4,4,0,False,False,30,10,0.3333333333333333,0.01020408163265306,0.01020408163265306,23,cfb857904b747c76aaf32dc25696037c7c7d12c3f78f3047fca2b35ad58d4f76,,cfb857904b747c76aaf32dc25696037c7c7d12c3f78f3047fca2b35ad58d4f76,True,False,POST_OBSERVATION_CREATED
True,True,True,True,True,True,True,True,True,True,True,False,original,41,2014-07-01 20:30:00,passenger,336,20394.0,scenario3,EXISTING_SEGMENTS_BELOW_L_MATCH,30,30,18,0,960,960,30,0,960,0,32,2,2,60,8.0,12,14.134999999999998,0,0.0,0.0,2,0,0,0,0,0,0,0f30037407920fddd77782a15ab2a28de671ecbf908b0c5cc7408970933512e1,4,0,4,4,0,False,False,30,10,0.3333333333333333,0.01020408163265306,0.01020408163265306,5,a19e87224594bc4be872fa11692b423c4861c793fd5cede2305562d93a4ecdd1,,a19e87224594bc4be872fa11692b423c4861c793fd5cede2305562d93a4ecdd1,True,False,POST_OBSERVATION_CREATED
True,True,True,True,True,True,True,True,True,True,True,False,original,41,2014-07-01 20:30:00,passenger,330,20394.0,scenario3,EXISTING_SEGMENTS_BELOW_L_MATCH,30,30,18,0,960,960,30,0,960,0,32,1,1,30,21.0,21,10.509999999999998,0,0.0,0.0,1,0,0,0,0,0,0,9d5539fb5b24d1c4611766f7a6fa3059ad523c73b6ee48ef0bde26d2dab399a7,8,0,4,4,0,False,False,30,10,0.3333333333333333,0.01020408163265306,0.01020408163265306,4,a127ff34bd8465c6d42fab390b1442a9feaf5a905f0ed020a2652b3245f23bd9,,a127ff34bd8465c6d42fab390b1442a9feaf5a905f0ed020a2652b3245f23bd9,True,False,POST_OBSERVATION_CREATED
True,True,True,True,True,True,True,True,True,True,True,False,original,41,2014-07-01 20:30:00,passenger,337,20394.0,scenario3,EXISTING_SEGMENTS_BELOW_L_MATCH,30,30,18,0,960,960,30,0,960,0,32,2,2,60,8.0,12,14.114999999999998,0,0.0,0.0,2,0,0,0,0,0,0,b2fff7efa1c25819322bc3d6431cebf4bcc887a4a07e8a1773fdee53ba40b652,9,0,4,4,0,False,False,30,10,0.3333333333333333,0.01020408163265306,0.01020408163265306,20,ff54a7917bf9673e334af8a61a14656ef382a74e0ee9fea12ac47436943149d3,,ff54a7917bf9673e334af8a61a14656ef382a74e0ee9fea12ac47436943149d3,True,False,POST_OBSERVATION_CREATED
True,True,True,True,True,True,True,True,True,True,True,False,original,41,2014-07-01 20:30:00,passenger,329,20394.0,scenario3,EXISTING_SEGMENTS_BELOW_L_MATCH,30,30,18,0,960,960,30,0,960,0,32,2,2,60,7.0,12,14.189999999999998,0,0.0,0.0,2,0,0,0,0,0,0,7e274a0b8b4ce0994f7e17ed5bf8b1c6105bb13dcc11ebe4cf1a573d3fa050c8,3,0,4,4,0,False,False,30,10,0.3333333333333333,0.01020408163265306,0.01020408163265306,19,6bc9c39fb0441202ed4464271c36a937580cd9c1e315f292390c4c389ac43e50,,6bc9c39fb0441202ed4464271c36a937580cd9c1e315f292390c4c389ac43e50,True,False,POST_OBSERVATION_CREATED
True,True,True,True,True,True,True,True,True,True,True,False,original,41,2014-07-01 20:30:00,passenger,338,20394.0,scenario3,EXISTING_SEGMENTS_BELOW_L_MATCH,30,30,18,0,960,960,30,0,960,0,32,1,1,30,8.0,8,14.09,0,0.0,0.0,1,0,0,0,0,0,0,5a960f2a944c657a7995a2d1f7d04c68d13e59eb1345636673635e4c3fbde2d0,8,0,4,4,0,False,False,30,10,0.3333333333333333,0.01020408163265306,0.01020408163265306,5,7ce0539d7bfc2471c5fc094640411b096242de49b425f76b45a95ab4c8f3c9f3,,7ce0539d7bfc2471c5fc094640411b096242de49b425f76b45a95ab4c8f3c9f3,True,False,POST_OBSERVATION_CREATED
True,True,True,True,True,True,True,True,True,True,True,False,original,42,2014-07-01 21:00:00,weekday,4,1.0,scenario2,MATCHING_SEGMENT_FOUND,30,30,20,1,928,929,30,1,928,0,32,1,1,659,0.0,0,410.8,22,22.0,22.0,0,0,0,0,1,1,1,8aeed2abd0f847e0b8500715486ecfcc55670f2b3385c6aeb419a3a0678f1913,30,22,4,0,1,False,False,659,69,0.1047040971168437,0.011603375527426161,0.04542462146148782,30,8aeed2abd0f847e0b8500715486ecfcc55670f2b3385c6aeb419a3a0678f1913,8aeed2abd0f847e0b8500715486ecfcc55670f2b3385c6aeb419a3a0678f1913,,False,True,PREEXISTING
True,True,True,True,True,True,True,True,True,True,True,False,original,42,2014-07-01 21:00:00,weekday,5,1.0,scenario2,MATCHING_SEGMENT_FOUND,30,30,20,1,928,929,30,1,928,0,32,1,1,659,0.0,0,410.8,22,22.0,22.0,0,0,0,0,1,1,1,64080601c3be5fe7030e7eb69924a6cafe76e2b467b4a5630a9f7de522aa39db,10,22,4,0,1,False,False,659,69,0.1047040971168437,0.011603375527426161,0.04542462146148782,10,64080601c3be5fe7030e7eb69924a6cafe76e2b467b4a5630a9f7de522aa39db,64080601c3be5fe7030e7eb69924a6cafe76e2b467b4a5630a9f7de522aa39db,,False,True,PREEXISTING
True,True,True,True,True,True,True,True,True,True,True,False,original,42,2014-07-01 21:00:00,weekday,3,1.0,scenario2,MATCHING_SEGMENT_FOUND,30,30,20,1,928,929,30,1,928,0,32,1,1,659,1.0,1,410.76,22,22.0,22.0,0,0,0,0,1,1,1,69f0cb4491a1fd577b6c1af78119fa843dac41862a4e9483fd3c8e414791a45f,4,22,4,0,1,False,False,659,69,0.1047040971168437,0.011603375527426161,0.04542462146148782,4,69f0cb4491a1fd577b6c1af78119fa843dac41862a4e9483fd3c8e414791a45f,69f0cb4491a1fd577b6c1af78119fa843dac41862a4e9483fd3c8e414791a45f,,False,True,PREEXISTING
True,True,True,True,True,True,True,True,True,True,True,False,original,42,2014-07-01 21:00:00,weekday,6,1.0,scenario2,MATCHING_SEGMENT_FOUND,30,30,20,1,928,929,30,1,928,0,32,1,1,659,1.0,1,410.74,22,22.0,22.0,0,0,0,0,1,1,1,d0ca4df7b4ef8ef8330fc3c3fb6df6da237f2c8759fa1a08b551c3b0267a5cc1,29,22,4,0,1,False,False,659,69,0.1047040971168437,0.011603375527426161,0.04542462146148782,29,d0ca4df7b4ef8ef8330fc3c3fb6df6da237f2c8759fa1a08b551c3b0267a5cc1,d0ca4df7b4ef8ef8330fc3c3fb6df6da237f2c8759fa1a08b551c3b0267a5cc1,,False,True,PREEXISTING
True,True,True,True,True,True,True,True,True,True,True,False,original,42,2014-07-01 21:00:00,weekday,2,1.0,scenario2,MATCHING_SEGMENT_FOUND,30,30,20,1,928,929,30,1,928,0,32,1,1,659,1.0,1,410.74,22,22.0,22.0,0,0,0,0,1,1,1,62de03d338e81fffb1fe886b83637755e48f7109d103cb5c35e3be82a6942085,15,22,4,0,1,False,False,659,69,0.1047040971168437,0.011603375527426161,0.04542462146148782,15,62de03d338e81fffb1fe886b83637755e48f7109d103cb5c35e3be82a6942085,62de03d338e81fffb1fe886b83637755e48f7109d103cb5c35e3be82a6942085,,False,True,PREEXISTING
True,True,True,True,True,True,True,True,True,True,True,False,original,42,2014-07-01 21:00:00,weekday,7,1.0,scenario2,MATCHING_SEGMENT_FOUND,30,30,20,1,928,929,30,1,928,0,32,1,1,659,3.0,3,410.62,22,22.0,22.0,0,0,0,0,1,1,1,82cd778248b58abce2dd437ff3430d422a5f31f0857456cb0806c4bbf75c2f84,1,22,4,0,1,False,False,659,69,0.1047040971168437,0.011603375527426161,0.04542462146148782,1,82cd778248b58abce2dd437ff3430d422a5f31f0857456cb0806c4bbf75c2f84,82cd778248b58abce2dd437ff3430d422a5f31f0857456cb0806c4bbf75c2f84,,False,True,PREEXISTING
True,True,True,True,True,True,True,True,True,True,True,False,original,42,2014-07-01 21:00:00,weekday,1,1.0,scenario2,MATCHING_SEGMENT_FOUND,30,30,20,1,928,929,30,1,928,0,32,1,1,659,3.0,3,410.55,22,22.0,22.0,0,0,0,0,1,1,1,096eb71f46b469fc4f1cc7d4ed984088c225a66b3cfbaad900f9fc8fd6e6985c,15,22,4,0,1,False,False,659,69,0.1047040971168437,0.011603375527426161,0.04542462146148782,15,096eb71f46b469fc4f1cc7d4ed984088c225a66b3cfbaad900f9fc8fd6e6985c,096eb71f46b469fc4f1cc7d4ed984088c225a66b3cfbaad900f9fc8fd6e6985c,,False,True,PREEXISTING
True,True,True,True,True,True,True,True,True,True,True,False,original,42,2014-07-01 21:00:00,weekday,8,1.0,scenario2,MATCHING_SEGMENT_FOUND,30,30,20,1,928,929,30,1,928,0,32,1,1,659,4.0,4,410.03,22,22.0,22.0,0,0,0,0,1,1,1,8707a46b07890e9f3d4b42af5e0aab7361dc144e7986f25d90e421a33089bd83,29,22,4,0,1,False,False,659,69,0.1047040971168437,0.011603375527426161,0.04542462146148782,29,8707a46b07890e9f3d4b42af5e0aab7361dc144e7986f25d90e421a33089bd83,8707a46b07890e9f3d4b42af5e0aab7361dc144e7986f25d90e421a33089bd83,,False,True,PREEXISTING
True,True,True,True,True,True,True,True,True,True,True,False,original,42,2014-07-01 21:00:00,weekday,0,1.0,scenario2,MATCHING_SEGMENT_FOUND,30,30,20,1,928,929,30,1,928,0,32,1,1,659,4.0,4,410.02,22,22.0,22.0,0,0,0,0,1,1,1,b8ff4e0cd1bf15ed47968cde6ad2530bfe3d56b991c289d66df5ed3a4ea01ca1,4,22,4,0,1,False,False,659,69,0.1047040971168437,0.011603375527426161,0.04542462146148782,4,b8ff4e0cd1bf15ed47968cde6ad2530bfe3d56b991c289d66df5ed3a4ea01ca1,b8ff4e0cd1bf15ed47968cde6ad2530bfe3d56b991c289d66df5ed3a4ea01ca1,,False,True,PREEXISTING
True,True,True,True,True,True,True,True,True,True,True,False,original,42,2014-07-01 21:00:00,weekday,9,1.0,scenario2,MATCHING_SEGMENT_FOUND,30,30,20,1,928,929,30,1,928,0,32,1,1,659,4.0,4,409.91999999999996,22,22.0,22.0,0,0,0,0,1,1,1,1928f40ce31bf6bd47fb15c046e5d7db5c6f2744acdbf86090d49adc6860aaca,19,22,4,0,1,False,False,659,69,0.1047040971168437,0.011603375527426161,0.04542462146148782,19,1928f40ce31bf6bd47fb15c046e5d7db5c6f2744acdbf86090d49adc6860aaca,1928f40ce31bf6bd47fb15c046e5d7db5c6f2744acdbf86090d49adc6860aaca,,False,True,PREEXISTING
True,True,True,True,True,True,True,True,True,True,True,False,original,42,2014-07-01 21:00:00,time,81,42.0,scenario1,CORRECTLY_PREDICTED_CELL_AVAILABLE,30,30,20,1,928,929,30,1,928,0,32,3,3,90,0.3333333333333333,1,14.963333333333333,3,1.0,0.0,2,0,0,1,0,0,0,daa00c5e0d7b1f29f49f226e8de1c97df733dbcc57ca8d6f70a302ab902d08e2,28,3,4,1,0,False,False,30,18,0.6,0.019128586609989374,0.019128586609989374,28,daa00c5e0d7b1f29f49f226e8de1c97df733dbcc57ca8d6f70a302ab902d08e2,daa00c5e0d7b1f29f49f226e8de1c97df733dbcc57ca8d6f70a302ab902d08e2,,False,True,PREEXISTING
True,True,True,True,True,True,True,True,True,True,True,False,original,42,2014-07-01 21:00:00,time,80,42.0,scenario3,EXISTING_SEGMENTS_BELOW_L_MATCH,30,30,20,1,928,929,30,1,928,0,32,4,4,120,0.5,1,14.9625,1,0.5,0.5,2,2,0,0,0,0,0,53bb6ea9c7224dfb93faff3f77bc74b567b0ce411c425fa94aaccd2eb6718064,24,1,4,3,0,False,False,30,15,0.5,0.015889830508474576,0.015889830508474576,2,6fca000c5a31edcbbb3aaf33d0798b2695a37f3e9ff0c823191dff3505c95d75,,6fca000c5a31edcbbb3aaf33d0798b2695a37f3e9ff0c823191dff3505c95d75,True,False,POST_OBSERVATION_CREATED
True,True,True,True,True,True,True,True,True,True,True,False,original,42,2014-07-01 21:00:00,time,82,42.0,scenario3,EXISTING_SEGMENTS_BELOW_L_MATCH,30,30,20,1,928,929,30,1,928,0,32,3,3,90,0.3333333333333333,1,14.963333333333333,3,1.0,0.0,2,0,0,1,0,0,0,0751d658eee10247e734ddb6e3f30652910108aa3aa1fd853710e368a72ea3e2,20,3,4,1,0,False,False,30,18,0.6,0.019128586609989374,0.019128586609989374,17,a85c6f5b0cc32ae6f5e7dcd33567ea607b6c76687a2e66c3d400000160da020d,,a85c6f5b0cc32ae6f5e7dcd33567ea607b6c76687a2e66c3d400000160da020d,True,False,POST_OBSERVATION_CREATED
True,True,True,True,True,True,True,True,True,True,True,False,original,42,2014-07-01 21:00:00,time,79,42.0,scenario3,EXISTING_SEGMENTS_BELOW_L_MATCH,30,30,20,1,928,929,30,1,928,0,32,3,3,110,1.0,2,18.486666666666668,1,0.6666666666666666,1.0,1,2,0,0,0,0,0,616c6681feb361fab6f65c7be43d5e630afb521910c0e45e2de1ba125ad5f322,7,1,4,3,0,False,False,50,27,0.54,0.019128586609989374,0.028361344537815126,3,6b183733f22ce8d8f88270e975caede8a1472cf2fd31ecf28689b998d379a883,,6b183733f22ce8d8f88270e975caede8a1472cf2fd31ecf28689b998d379a883,True,False,POST_OBSERVATION_CREATED
True,True,True,True,True,True,True,True,True,True,True,False,original,42,2014-07-01 21:00:00,time,83,42.0,scenario3,EXISTING_SEGMENTS_BELOW_L_MATCH,30,30,20,1,928,929,30,1,928,0,32,2,2,60,0.0,0,15.0,3,1.5,1.5,1,0,0,1,0,0,0,df0133f56e1242dea0f1b779442221d2efc1359f853e23f1554a9f7ab365e74c,15,3,4,1,0,False,False,30,18,0.6,0.019128586609989374,0.019128586609989374,4,456a372747d019c8ffca76ddd67d18b1b4f50274813a47ef6e6fc653a321d95a,,456a372747d019c8ffca76ddd67d18b1b4f50274813a47ef6e6fc653a321d95a,True,False,POST_OBSERVATION_CREATED
True,True,True,True,True,True,True,True,True,True,True,False,original,42,2014-07-01 21:00:00,time,78,42.0,scenario3,EXISTING_SEGMENTS_BELOW_L_MATCH,30,30,20,1,928,929,30,1,928,0,32,5,5,150,0.8,2,14.452000000000002,3,1.0,1.0,2,2,0,1,0,0,0,13474c0c97408829c302925b6f061f94f2f050a1274727a88f8f968950a80e6f,3,3,4,1,0,False,False,30,18,0.6,0.019128586609989374,0.019128586609989374,26,4e6f6d38649839ec6422761b9877222f76a044d811944b7075c06eb47a672836,,4e6f6d38649839ec6422761b9877222f76a044d811944b7075c06eb47a672836,True,False,POST_OBSERVATION_CREATED
True,True,True,True,True,True,True,True,True,True,True,False,original,42,2014-07-01 21:00:00,time,84,42.0,scenario3,EXISTING_SEGMENTS_BELOW_L_MATCH,30,30,20,1,928,929,30,1,928,0,32,1,1,30,0.0,0,15.0,0,0.0,0.0,1,0,0,0,0,0,0,bd7cd38bd6c985aca8accb7ed3c020517b30683ac4493d1eae1b65ac6cee5e2b,22,0,4,4,0,False,False,30,19,0.6333333333333333,0.02021276595744681,0.02021276595744681,23,f7b3ce3f3f0fb6932c4ec454bf92dc2de624e133371ed1824a5eedc32b0d7fa7,,f7b3ce3f3f0fb6932c4ec454bf92dc2de624e133371ed1824a5eedc32b0d7fa7,True,False,POST_OBSERVATION_CREATED
True,True,True,True,True,True,True,True,True,True,True,False,original,42,2014-07-01 21:00:00,time,77,42.0,scenario3,EXISTING_SEGMENTS_BELOW_L_MATCH,30,30,20,1,928,929,30,1,928,0,32,4,4,160,0.75,2,19.77,3,1.5,1.5,2,0,0,2,0,0,0,cc8d130ba30b5b2c23001684ee8dea041119985e6987a3d551a66d84510e4481,25,3,4,1,0,False,False,30,18,0.6,0.019128586609989374,0.019128586609989374,2,408830db46f040b33ef274dea037ace40d9616863748a5f2ea66a4807358f2bf,,408830db46f040b33ef274dea037ace40d9616863748a5f2ea66a4807358f2bf,True,False,POST_OBSERVATION_CREATED
True,True,True,True,True,True,True,True,True,True,True,False,original,42,2014-07-01 21:00:00,time,85,42.0,scenario2,MATCHING_SEGMENT_FOUND,30,30,20,1,928,929,30,1,928,0,32,1,1,30,12.0,12,13.729999999999999,10,10.0,10.0,0,0,0,0,1,1,1,4566cb856d36b37232e8d491e8577751898a6ed51560b9ebe7fc1300e693376c,5,10,4,0,1,False,False,30,11,0.36666666666666664,0.011603375527426161,0.011603375527426161,5,4566cb856d36b37232e8d491e8577751898a6ed51560b9ebe7fc1300e693376c,4566cb856d36b37232e8d491e8577751898a6ed51560b9ebe7fc1300e693376c,,False,True,PREEXISTING
True,True,True,True,True,True,True,True,True,True,True,False,original,42,2014-07-01 21:00:00,time,76,42.0,scenario2,MATCHING_SEGMENT_FOUND,30,30,20,1,928,929,30,1,928,0,32,5,5,188,0.8,2,19.292,10,3.2,1.0,0,3,0,1,1,1,1,838ee440d49835d7a55f2642b0a07f73b1eec6a603db521abeda8f854091df85,27,10,4,0,1,False,False,30,10,0.3333333333333333,0.01053740779768177,0.01053740779768177,27,838ee440d49835d7a55f2642b0a07f73b1eec6a603db521abeda8f854091df85,838ee440d49835d7a55f2642b0a07f73b1eec6a603db521abeda8f854091df85,,False,True,PREEXISTING
True,True,True,True,True,True,True,True,True,True,True,False,original,42,2014-07-01 21:00:00,passenger,369,23401.0,scenario3,PREDICTED_TIME_INVALID,30,30,20,1,928,929,30,1,928,0,32,1,1,30,4.0,4,14.559999999999999,0,0.0,0.0,1,0,0,0,0,0,0,69e758901cd12dc0d6362ff22470eddf09cfb9b0dbef626e2522676b22ae3c19,28,0,4,4,0,False,False,30,13,0.43333333333333335,0.013742071881606765,0.013742071881606765,7,99d62e4b45a0b5c7329954b012131c089a73dacdb351029d2fe29011bfbf1699,,99d62e4b45a0b5c7329954b012131c089a73dacdb351029d2fe29011bfbf1699,True,False,POST_OBSERVATION_CREATED
True,True,True,True,True,True,True,True,True,True,True,False,original,42,2014-07-01 21:00:00,passenger,370,23401.0,scenario3,NO_EXISTING_SEGMENT_IN_COLUMN,30,30,20,1,928,929,30,1,928,0,32,0,0,0,0.0,0,0.0,0,0.0,0.0,0,0,0,0,0,0,0,,,0,4,4,0,False,False,0,0,0.0,0.0,0.0,21,b6bbccc79eb82543e027daaa2f4ebb67f7677ec91fb290eb5bcc45aa9dcad1f0,,b6bbccc79eb82543e027daaa2f4ebb67f7677ec91fb290eb5bcc45aa9dcad1f0,True,False,POST_OBSERVATION_CREATED
True,True,True,True,True,True,True,True,True,True,True,False,original,42,2014-07-01 21:00:00,passenger,368,23401.0,scenario3,PREDICTED_TIME_INVALID,30,30,20,1,928,929,30,1,928,0,32,2,2,60,2.0,4,14.78,0,0.0,0.0,2,0,0,0,0,0,0,4c08e998ef387b7d8fb9b600a1889fb888217e2881fb8825e96b0cd11adb6f7e,19,0,4,4,0,False,False,30,18,0.6,0.019128586609989374,0.019128586609989374,28,f80bba68bded29b682b8bcfa6cd2ca219875811ddcfa27f3831175caa380631e,,f80bba68bded29b682b8bcfa6cd2ca219875811ddcfa27f3831175caa380631e,True,False,POST_OBSERVATION_CREATED
True,True,True,True,True,True,True,True,True,True,True,False,original,42,2014-07-01 21:00:00,passenger,371,23401.0,scenario3,NO_EXISTING_SEGMENT_IN_COLUMN,30,30,20,1,928,929,30,1,928,0,32,0,0,0,0.0,0,0.0,0,0.0,0.0,0,0,0,0,0,0,0,,,0,4,4,0,False,False,0,0,0.0,0.0,0.0,17,5087788a4f1c4fd93c2e491cece8f7db15b4a6ddddcd2c84d420cb9578d75e00,,5087788a4f1c4fd93c2e491cece8f7db15b4a6ddddcd2c84d420cb9578d75e00,True,False,POST_OBSERVATION_CREATED
True,True,True,True,True,True,True,True,True,True,True,False,original,42,2014-07-01 21:00:00,passenger,367,23401.0,scenario3,EXISTING_SEGMENTS_BELOW_L_MATCH,30,30,20,1,928,929,30,1,928,0,32,2,2,60,1.5,3,14.83,0,0.0,0.0,2,0,0,0,0,0,0,b6f540cbe59e45489080a1374d2e07ca2ece0c3e9b9d143ccdc9236acb1141c3,28,0,4,4,0,False,False,30,13,0.43333333333333335,0.013742071881606765,0.013742071881606765,19,5be69d5a7c9e98228e5975b54ff6c7204e2bb8ae6ddb94ba489bb2a34cf19802,,5be69d5a7c9e98228e5975b54ff6c7204e2bb8ae6ddb94ba489bb2a34cf19802,True,False,POST_OBSERVATION_CREATED
True,True,True,True,True,True,True,True,True,True,True,False,original,42,2014-07-01 21:00:00,passenger,372,23401.0,scenario3,NO_EXISTING_SEGMENT_IN_COLUMN,30,30,20,1,928,929,30,1,928,0,32,0,0,0,0.0,0,0.0,0,0.0,0.0,0,0,0,0,0,0,0,,,0,4,4,0,False,False,0,0,0.0,0.0,0.0,0,d3b645e0cf9b4029381c40af887686b30e17e156d05acef0372ff9f91df5987b,,d3b645e0cf9b4029381c40af887686b30e17e156d05acef0372ff9f91df5987b,True,False,POST_OBSERVATION_CREATED
True,True,True,True,True,True,True,True,True,True,True,False,original,42,2014-07-01 21:00:00,passenger,366,23401.0,scenario3,EXISTING_SEGMENTS_BELOW_L_MATCH,30,30,20,1,928,929,30,1,928,0,32,2,2,60,1.0,2,14.9,0,0.0,0.0,2,0,0,0,0,0,0,94fa3ddfd5e34de2deead3f2ce4afb8494307a7bbf17f8b50cfe39a7291d3969,29,0,4,4,0,False,False,30,13,0.43333333333333335,0.013742071881606765,0.013742071881606765,24,ef67e65e0227ac7d29b74044cf43b37d7efdc87b9feb6c6ed0297e9b5296ce28,,ef67e65e0227ac7d29b74044cf43b37d7efdc87b9feb6c6ed0297e9b5296ce28,True,False,POST_OBSERVATION_CREATED
True,True,True,True,True,True,True,True,True,True,True,False,original,42,2014-07-01 21:00:00,passenger,373,23401.0,scenario3,NO_EXISTING_SEGMENT_IN_COLUMN,30,30,20,1,928,929,30,1,928,0,32,0,0,0,0.0,0,0.0,0,0.0,0.0,0,0,0,0,0,0,0,,,0,4,4,0,False,False,0,0,0.0,0.0,0.0,15,63ca480b22dd279f4d9876a1f1a02c26e2887a258cd2406b16c27b5fe7e2e2f5,,63ca480b22dd279f4d9876a1f1a02c26e2887a258cd2406b16c27b5fe7e2e2f5,True,False,POST_OBSERVATION_CREATED
True,True,True,True,True,True,True,True,True,True,True,False,original,42,2014-07-01 21:00:00,passenger,365,23401.0,scenario3,EXISTING_SEGMENTS_BELOW_L_MATCH,30,30,20,1,928,929,30,1,928,0,32,2,2,60,1.5,3,14.85,3,1.5,1.5,1,0,0,1,0,0,0,e2c5803159e61f28c817103c0f6dfb4c372489b65d9d8a5c9f7acaaff004fbff,22,3,4,1,0,False,False,30,18,0.6,0.019128586609989374,0.019128586609989374,20,11e6141bc6de367f3774b60f575a03b2c42d2aaa04933983ca89c2d1e1a0e7f6,,11e6141bc6de367f3774b60f575a03b2c42d2aaa04933983ca89c2d1e1a0e7f6,True,False,POST_OBSERVATION_CREATED
True,True,True,True,True,True,True,True,True,True,True,False,original,42,2014-07-01 21:00:00,passenger,374,23401.0,scenario3,NO_EXISTING_SEGMENT_IN_COLUMN,30,30,20,1,928,929,30,1,928,0,32,0,0,0,0.0,0,0.0,0,0.0,0.0,0,0,0,0,0,0,0,,,0,4,4,0,False,False,0,0,0.0,0.0,0.0,2,222eedcd226d09062c72f514e2049eb09389283e62247313743fe7683cc700af,,222eedcd226d09062c72f514e2049eb09389283e62247313743fe7683cc700af,True,False,POST_OBSERVATION_CREATED
True,True,True,True,True,True,True,True,True,True,True,False,original,43,2014-07-01 21:30:00,weekday,4,1.0,scenario2,MATCHING_SEGMENT_FOUND,30,30,20,1,928,929,30,1,928,0,32,1,1,676,0.0,0,421.3,21,21.0,21.0,0,0,0,0,1,1,1,8aeed2abd0f847e0b8500715486ecfcc55670f2b3385c6aeb419a3a0678f1913,30,21,4,0,1,False,False,676,59,0.08727810650887574,0.012671594508975714,0.03816300129366106,30,8aeed2abd0f847e0b8500715486ecfcc55670f2b3385c6aeb419a3a0678f1913,8aeed2abd0f847e0b8500715486ecfcc55670f2b3385c6aeb419a3a0678f1913,,False,True,PREEXISTING
True,True,True,True,True,True,True,True,True,True,True,False,original,43,2014-07-01 21:30:00,weekday,5,1.0,scenario2,MATCHING_SEGMENT_FOUND,30,30,20,1,928,929,30,1,928,0,32,1,1,676,0.0,0,421.3,21,21.0,21.0,0,0,0,0,1,1,1,64080601c3be5fe7030e7eb69924a6cafe76e2b467b4a5630a9f7de522aa39db,10,21,4,0,1,False,False,676,59,0.08727810650887574,0.012671594508975714,0.03816300129366106,10,64080601c3be5fe7030e7eb69924a6cafe76e2b467b4a5630a9f7de522aa39db,64080601c3be5fe7030e7eb69924a6cafe76e2b467b4a5630a9f7de522aa39db,,False,True,PREEXISTING
True,True,True,True,True,True,True,True,True,True,True,False,original,43,2014-07-01 21:30:00,weekday,3,1.0,scenario2,MATCHING_SEGMENT_FOUND,30,30,20,1,928,929,30,1,928,0,32,1,1,676,1.0,1,421.26,21,21.0,21.0,0,0,0,0,1,1,1,69f0cb4491a1fd577b6c1af78119fa843dac41862a4e9483fd3c8e414791a45f,4,21,4,0,1,False,False,676,59,0.08727810650887574,0.012671594508975714,0.03816300129366106,4,69f0cb4491a1fd577b6c1af78119fa843dac41862a4e9483fd3c8e414791a45f,69f0cb4491a1fd577b6c1af78119fa843dac41862a4e9483fd3c8e414791a45f,,False,True,PREEXISTING
True,True,True,True,True,True,True,True,True,True,True,False,original,43,2014-07-01 21:30:00,weekday,6,1.0,scenario2,MATCHING_SEGMENT_FOUND,30,30,20,1,928,929,30,1,928,0,32,1,1,676,1.0,1,421.24,21,21.0,21.0,0,0,0,0,1,1,1,d0ca4df7b4ef8ef8330fc3c3fb6df6da237f2c8759fa1a08b551c3b0267a5cc1,29,21,4,0,1,False,False,676,59,0.08727810650887574,0.012671594508975714,0.03816300129366106,29,d0ca4df7b4ef8ef8330fc3c3fb6df6da237f2c8759fa1a08b551c3b0267a5cc1,d0ca4df7b4ef8ef8330fc3c3fb6df6da237f2c8759fa1a08b551c3b0267a5cc1,,False,True,PREEXISTING
True,True,True,True,True,True,True,True,True,True,True,False,original,43,2014-07-01 21:30:00,weekday,2,1.0,scenario2,MATCHING_SEGMENT_FOUND,30,30,20,1,928,929,30,1,928,0,32,1,1,676,1.0,1,421.24,21,21.0,21.0,0,0,0,0,1,1,1,62de03d338e81fffb1fe886b83637755e48f7109d103cb5c35e3be82a6942085,15,21,4,0,1,False,False,676,59,0.08727810650887574,0.012671594508975714,0.03816300129366106,15,62de03d338e81fffb1fe886b83637755e48f7109d103cb5c35e3be82a6942085,62de03d338e81fffb1fe886b83637755e48f7109d103cb5c35e3be82a6942085,,False,True,PREEXISTING
True,True,True,True,True,True,True,True,True,True,True,False,original,43,2014-07-01 21:30:00,weekday,7,1.0,scenario2,MATCHING_SEGMENT_FOUND,30,30,20,1,928,929,30,1,928,0,32,1,1,676,3.0,3,421.12,21,21.0,21.0,0,0,0,0,1,1,1,82cd778248b58abce2dd437ff3430d422a5f31f0857456cb0806c4bbf75c2f84,1,21,4,0,1,False,False,676,59,0.08727810650887574,0.012671594508975714,0.03816300129366106,1,82cd778248b58abce2dd437ff3430d422a5f31f0857456cb0806c4bbf75c2f84,82cd778248b58abce2dd437ff3430d422a5f31f0857456cb0806c4bbf75c2f84,,False,True,PREEXISTING
True,True,True,True,True,True,True,True,True,True,True,False,original,43,2014-07-01 21:30:00,weekday,1,1.0,scenario2,MATCHING_SEGMENT_FOUND,30,30,20,1,928,929,30,1,928,0,32,1,1,676,3.0,3,421.05,21,21.0,21.0,0,0,0,0,1,1,1,096eb71f46b469fc4f1cc7d4ed984088c225a66b3cfbaad900f9fc8fd6e6985c,15,21,4,0,1,False,False,676,59,0.08727810650887574,0.012671594508975714,0.03816300129366106,15,096eb71f46b469fc4f1cc7d4ed984088c225a66b3cfbaad900f9fc8fd6e6985c,096eb71f46b469fc4f1cc7d4ed984088c225a66b3cfbaad900f9fc8fd6e6985c,,False,True,PREEXISTING
True,True,True,True,True,True,True,True,True,True,True,False,original,43,2014-07-01 21:30:00,weekday,8,1.0,scenario2,MATCHING_SEGMENT_FOUND,30,30,20,1,928,929,30,1,928,0,32,1,1,676,4.0,4,420.51,21,21.0,21.0,0,0,0,0,1,1,1,8707a46b07890e9f3d4b42af5e0aab7361dc144e7986f25d90e421a33089bd83,29,21,4,0,1,False,False,676,59,0.08727810650887574,0.012671594508975714,0.03816300129366106,29,8707a46b07890e9f3d4b42af5e0aab7361dc144e7986f25d90e421a33089bd83,8707a46b07890e9f3d4b42af5e0aab7361dc144e7986f25d90e421a33089bd83,,False,True,PREEXISTING
True,True,True,True,True,True,True,True,True,True,True,False,original,43,2014-07-01 21:30:00,weekday,0,1.0,scenario2,MATCHING_SEGMENT_FOUND,30,30,20,1,928,929,30,1,928,0,32,1,1,676,4.0,4,420.5,21,21.0,21.0,0,0,0,0,1,1,1,b8ff4e0cd1bf15ed47968cde6ad2530bfe3d56b991c289d66df5ed3a4ea01ca1,4,21,4,0,1,False,False,676,59,0.08727810650887574,0.012671594508975714,0.03816300129366106,4,b8ff4e0cd1bf15ed47968cde6ad2530bfe3d56b991c289d66df5ed3a4ea01ca1,b8ff4e0cd1bf15ed47968cde6ad2530bfe3d56b991c289d66df5ed3a4ea01ca1,,False,True,PREEXISTING
True,True,True,True,True,True,True,True,True,True,True,False,original,43,2014-07-01 21:30:00,weekday,9,1.0,scenario2,MATCHING_SEGMENT_FOUND,30,30,20,1,928,929,30,1,928,0,32,1,1,676,4.0,4,420.4,21,21.0,21.0,0,0,0,0,1,1,1,1928f40ce31bf6bd47fb15c046e5d7db5c6f2744acdbf86090d49adc6860aaca,19,21,4,0,1,False,False,676,59,0.08727810650887574,0.012671594508975714,0.03816300129366106,19,1928f40ce31bf6bd47fb15c046e5d7db5c6f2744acdbf86090d49adc6860aaca,1928f40ce31bf6bd47fb15c046e5d7db5c6f2744acdbf86090d49adc6860aaca,,False,True,PREEXISTING
True,True,True,True,True,True,True,True,True,True,True,False,original,43,2014-07-01 21:30:00,time,82,43.0,scenario1,CORRECTLY_PREDICTED_CELL_AVAILABLE,30,30,20,1,928,929,30,1,928,0,32,4,4,120,0.5,1,14.9625,3,1.0,0.5,2,1,0,1,0,0,0,a85c6f5b0cc32ae6f5e7dcd33567ea607b6c76687a2e66c3d400000160da020d,17,3,4,1,0,False,False,30,18,0.6,0.019128586609989374,0.019128586609989374,17,a85c6f5b0cc32ae6f5e7dcd33567ea607b6c76687a2e66c3d400000160da020d,a85c6f5b0cc32ae6f5e7dcd33567ea607b6c76687a2e66c3d400000160da020d,,False,True,PREEXISTING
True,True,True,True,True,True,True,True,True,True,True,False,original,43,2014-07-01 21:30:00,time,81,43.0,scenario3,EXISTING_SEGMENTS_BELOW_L_MATCH,30,30,20,1,928,929,30,1,928,0,32,3,3,90,0.6666666666666666,1,14.163333333333334,1,0.3333333333333333,0.0,2,1,0,0,0,0,0,daa00c5e0d7b1f29f49f226e8de1c97df733dbcc57ca8d6f70a302ab902d08e2,28,1,4,3,0,False,False,30,16,0.5333333333333333,0.016967126193001062,0.016967126193001062,5,d953d30be3b563913474cc19899de1ab6a6b435684931d664f11ca3e2d97a043,,d953d30be3b563913474cc19899de1ab6a6b435684931d664f11ca3e2d97a043,True,False,POST_OBSERVATION_CREATED
True,True,True,True,True,True,True,True,True,True,True,False,original,43,2014-07-01 21:30:00,time,83,43.0,scenario3,EXISTING_SEGMENTS_BELOW_L_MATCH,30,30,20,1,928,929,30,1,928,0,32,3,3,90,0.3333333333333333,1,14.986666666666666,3,1.3333333333333333,1.0,1,1,0,1,0,0,0,456a372747d019c8ffca76ddd67d18b1b4f50274813a47ef6e6fc653a321d95a,4,3,4,1,0,False,False,30,18,0.6,0.019128586609989374,0.019128586609989374,8,f16a633e82130a62f88949a838d0129183688bc49a037f2a23aaf06e5cb30737,,f16a633e82130a62f88949a838d0129183688bc49a037f2a23aaf06e5cb30737,True,False,POST_OBSERVATION_CREATED
True,True,True,True,True,True,True,True,True,True,True,False,original,43,2014-07-01 21:30:00,time,80,43.0,scenario1,CORRECTLY_PREDICTED_CELL_AVAILABLE,30,30,20,1,928,929,30,1,928,0,32,5,5,150,0.6,2,14.95,11,3.2,1.0,2,1,0,0,2,2,2,53bb6ea9c7224dfb93faff3f77bc74b567b0ce411c425fa94aaccd2eb6718064,24,11,4,0,2,True,True,30,16,0.5333333333333333,0.016967126193001062,0.016967126193001062,24,53bb6ea9c7224dfb93faff3f77bc74b567b0ce411c425fa94aaccd2eb6718064,53bb6ea9c7224dfb93faff3f77bc74b567b0ce411c425fa94aaccd2eb6718064,,False,True,PREEXISTING
True,True,True,True,True,True,True,True,True,True,True,False,original,43,2014-07-01 21:30:00,time,84,43.0,scenario3,EXISTING_SEGMENTS_BELOW_L_MATCH,30,30,20,1,928,929,30,1,928,0,32,2,2,60,0.5,1,14.98,3,1.5,1.5,1,0,0,1,0,0,0,f7b3ce3f3f0fb6932c4ec454bf92dc2de624e133371ed1824a5eedc32b0d7fa7,23,3,4,1,0,False,False,30,18,0.6,0.019128586609989374,0.019128586609989374,3,523610ea3b0984117289a4347c9634ee8a0830596d386a91d16cb8280b5be017,,523610ea3b0984117289a4347c9634ee8a0830596d386a91d16cb8280b5be017,True,False,POST_OBSERVATION_CREATED
True,True,True,True,True,True,True,True,True,True,True,False,original,43,2014-07-01 21:30:00,time,79,43.0,scenario2,MATCHING_SEGMENT_FOUND,30,30,20,1,928,929,30,1,928,0,32,4,4,140,1.0,2,17.59,4,1.5,1.0,1,2,0,0,1,1,1,6b183733f22ce8d8f88270e975caede8a1472cf2fd31ecf28689b998d379a883,3,4,4,0,1,False,False,30,18,0.6,0.019128586609989374,0.019128586609989374,3,6b183733f22ce8d8f88270e975caede8a1472cf2fd31ecf28689b998d379a883,6b183733f22ce8d8f88270e975caede8a1472cf2fd31ecf28689b998d379a883,,False,True,PREEXISTING
True,True,True,True,True,True,True,True,True,True,True,False,original,43,2014-07-01 21:30:00,time,85,43.0,scenario1,CORRECTLY_PREDICTED_CELL_AVAILABLE,30,30,20,1,928,929,30,1,928,0,32,1,1,59,2.0,2,32.129999999999995,3,3.0,3.0,0,0,0,1,0,0,0,4566cb856d36b37232e8d491e8577751898a6ed51560b9ebe7fc1300e693376c,5,3,4,1,0,False,False,59,29,0.4915254237288136,0.012671594508975714,0.03023983315954119,5,4566cb856d36b37232e8d491e8577751898a6ed51560b9ebe7fc1300e693376c,4566cb856d36b37232e8d491e8577751898a6ed51560b9ebe7fc1300e693376c,,False,True,PREEXISTING
True,True,True,True,True,True,True,True,True,True,True,False,original,43,2014-07-01 21:30:00,time,78,43.0,scenario2,MATCHING_SEGMENT_FOUND,30,30,20,1,928,929,30,1,928,0,32,6,6,180,0.8333333333333334,2,14.536666666666667,4,1.3333333333333333,1.0,2,2,1,0,1,1,1,4e6f6d38649839ec6422761b9877222f76a044d811944b7075c06eb47a672836,26,4,4,0,1,False,False,30,18,0.6,0.019128586609989374,0.019128586609989374,26,4e6f6d38649839ec6422761b9877222f76a044d811944b7075c06eb47a672836,4e6f6d38649839ec6422761b9877222f76a044d811944b7075c06eb47a672836,,False,True,PREEXISTING
True,True,True,True,True,True,True,True,True,True,True,False,original,43,2014-07-01 21:30:00,time,86,43.0,scenario2,MATCHING_SEGMENT_FOUND,30,30,20,1,928,929,30,1,928,0,32,2,2,60,6.5,12,14.299999999999999,11,6.0,6.0,0,1,0,0,1,1,1,bd006f22a01368c75fb71c34b675432ece4a35a7d426a60b011ded4693391552,25,11,4,0,1,False,False,30,11,0.36666666666666664,0.011603375527426161,0.011603375527426161,25,bd006f22a01368c75fb71c34b675432ece4a35a7d426a60b011ded4693391552,bd006f22a01368c75fb71c34b675432ece4a35a7d426a60b011ded4693391552,,False,True,PREEXISTING
True,True,True,True,True,True,True,True,True,True,True,False,original,43,2014-07-01 21:30:00,time,77,43.0,scenario2,MATCHING_SEGMENT_FOUND,30,30,20,1,928,929,30,1,928,0,32,5,5,190,0.6,2,18.812,13,3.8,2.0,2,0,1,0,2,2,2,cc8d130ba30b5b2c23001684ee8dea041119985e6987a3d551a66d84510e4481,25,13,4,0,2,True,True,70,17,0.24285714285714285,0.011603375527426161,0.017311608961303463,25,cc8d130ba30b5b2c23001684ee8dea041119985e6987a3d551a66d84510e4481,cc8d130ba30b5b2c23001684ee8dea041119985e6987a3d551a66d84510e4481,,False,True,PREEXISTING
True,True,True,True,True,True,True,True,True,True,True,False,original,43,2014-07-01 21:30:00,passenger,382,24439.0,scenario3,NO_EXISTING_SEGMENT_IN_COLUMN,30,30,20,1,928,929,30,1,928,0,32,0,0,0,0.0,0,0.0,0,0.0,0.0,0,0,0,0,0,0,0,,,0,4,4,0,False,False,0,0,0.0,0.0,0.0,21,f031927deee48ecf795e50644bbee45a356083b33ebc6515bd5c48c34a62f591,,f031927deee48ecf795e50644bbee45a356083b33ebc6515bd5c48c34a62f591,True,False,POST_OBSERVATION_CREATED
True,True,True,True,True,True,True,True,True,True,True,False,original,43,2014-07-01 21:30:00,passenger,381,24439.0,scenario3,NO_EXISTING_SEGMENT_IN_COLUMN,30,30,20,1,928,929,30,1,928,0,32,0,0,0,0.0,0,0.0,0,0.0,0.0,0,0,0,0,0,0,0,,,0,4,4,0,False,False,0,0,0.0,0.0,0.0,26,705b0552f3dfcaff270c4ee72dabd71da42e56d2480729934ddc719607fb4567,,705b0552f3dfcaff270c4ee72dabd71da42e56d2480729934ddc719607fb4567,True,False,POST_OBSERVATION_CREATED
True,True,True,True,True,True,True,True,True,True,True,False,original,43,2014-07-01 21:30:00,passenger,383,24439.0,scenario3,EXISTING_SEGMENTS_BELOW_L_MATCH,30,30,20,1,928,929,30,1,928,0,32,1,1,30,2.0,2,14.79,0,0.0,0.0,1,0,0,0,0,0,0,13c3168aef39e8f613dee25e3d6b288797977c9dd237a2cdd952b264a3bb6c81,12,0,4,4,0,False,False,30,15,0.5,0.015889830508474576,0.015889830508474576,7,e7fed0a6e333b3f8a48127a0dce6018f34e739cf4ca01dc01da253ea5a91da25,,e7fed0a6e333b3f8a48127a0dce6018f34e739cf4ca01dc01da253ea5a91da25,True,False,POST_OBSERVATION_CREATED
True,True,True,True,True,True,True,True,True,True,True,False,original,43,2014-07-01 21:30:00,passenger,380,24439.0,scenario3,NO_EXISTING_SEGMENT_IN_COLUMN,30,30,20,1,928,929,30,1,928,0,32,0,0,0,0.0,0,0.0,0,0.0,0.0,0,0,0,0,0,0,0,,,0,4,4,0,False,False,0,0,0.0,0.0,0.0,25,03df9bc8f2664025722d566dfafcc83db0892b52669ac9020167233931d58089,,03df9bc8f2664025722d566dfafcc83db0892b52669ac9020167233931d58089,True,False,POST_OBSERVATION_CREATED
True,True,True,True,True,True,True,True,True,True,True,False,original,43,2014-07-01 21:30:00,passenger,384,24439.0,scenario3,EXISTING_SEGMENTS_BELOW_L_MATCH,30,30,20,1,928,929,30,1,928,0,32,1,1,30,2.0,2,14.79,0,0.0,0.0,1,0,0,0,0,0,0,f9b13a21fce089ae45a070e730748b82499b89b42224736a34251edf9ebd4607,30,0,4,4,0,False,False,30,15,0.5,0.015889830508474576,0.015889830508474576,25,f5ddd94d00d618d630a422b19fee8b6db876ed31121e9eaea0313f62f39449a1,,f5ddd94d00d618d630a422b19fee8b6db876ed31121e9eaea0313f62f39449a1,True,False,POST_OBSERVATION_CREATED
True,True,True,True,True,True,True,True,True,True,True,False,original,43,2014-07-01 21:30:00,passenger,379,24439.0,scenario3,NO_EXISTING_SEGMENT_IN_COLUMN,30,30,20,1,928,929,30,1,928,0,32,0,0,0,0.0,0,0.0,0,0.0,0.0,0,0,0,0,0,0,0,,,0,4,4,0,False,False,0,0,0.0,0.0,0.0,18,eedf121daedd3d950ac0afc5e2ac877b4976b5611d328b6f9243e0ab82b7f095,,eedf121daedd3d950ac0afc5e2ac877b4976b5611d328b6f9243e0ab82b7f095,True,False,POST_OBSERVATION_CREATED
True,True,True,True,True,True,True,True,True,True,True,False,original,43,2014-07-01 21:30:00,passenger,385,24439.0,scenario3,EXISTING_SEGMENTS_BELOW_L_MATCH,30,30,20,1,928,929,30,1,928,0,32,1,1,30,2.0,2,14.8,0,0.0,0.0,1,0,0,0,0,0,0,1f61a133f7f6293b69d7b87c2a5617be69cab806bf55d6096994c38227f624f4,5,0,4,4,0,False,False,30,15,0.5,0.015889830508474576,0.015889830508474576,15,954fe22b30997ade16d566aae35333148c938a835312a6f2bbbffa55caa318d2,,954fe22b30997ade16d566aae35333148c938a835312a6f2bbbffa55caa318d2,True,False,POST_OBSERVATION_CREATED
True,True,True,True,True,True,True,True,True,True,True,False,original,43,2014-07-01 21:30:00,passenger,378,24439.0,scenario3,NO_EXISTING_SEGMENT_IN_COLUMN,30,30,20,1,928,929,30,1,928,0,32,0,0,0,0.0,0,0.0,0,0.0,0.0,0,0,0,0,0,0,0,,,0,4,4,0,False,False,0,0,0.0,0.0,0.0,11,5e50fc701c649294fb5422623f101f399dbd6cd6eed90d4fdb0789c8891b7302,,5e50fc701c649294fb5422623f101f399dbd6cd6eed90d4fdb0789c8891b7302,True,False,POST_OBSERVATION_CREATED
True,True,True,True,True,True,True,True,True,True,True,False,original,43,2014-07-01 21:30:00,passenger,386,24439.0,scenario3,EXISTING_SEGMENTS_BELOW_L_MATCH,30,30,20,1,928,929,30,1,928,0,32,1,1,30,2.0,2,14.8,0,0.0,0.0,1,0,0,0,0,0,0,66b36bb8f725b47f5b97db7dc6bec3a3ee6115cca19643d5e4ef6ab9100f5879,5,0,4,4,0,False,False,30,15,0.5,0.015889830508474576,0.015889830508474576,18,74793edfb92872a9d392b7f382ffab1f20d10911140fb7211dd7703965d4bf31,,74793edfb92872a9d392b7f382ffab1f20d10911140fb7211dd7703965d4bf31,True,False,POST_OBSERVATION_CREATED
True,True,True,True,True,True,True,True,True,True,True,False,original,43,2014-07-01 21:30:00,passenger,377,24439.0,scenario3,NO_EXISTING_SEGMENT_IN_COLUMN,30,30,20,1,928,929,30,1,928,0,32,0,0,0,0.0,0,0.0,0,0.0,0.0,0,0,0,0,0,0,0,,,0,4,4,0,False,False,0,0,0.0,0.0,0.0,29,240f59f8724f807ec0c3bf6290189fdf0dbae6b45ca6b90f8758f440a641ff19,,240f59f8724f807ec0c3bf6290189fdf0dbae6b45ca6b90f8758f440a641ff19,True,False,POST_OBSERVATION_CREATED
True,True,True,True,True,True,True,True,True,True,True,False,original,44,2014-07-01 22:00:00,weekday,4,1.0,scenario2,MATCHING_SEGMENT_FOUND,30,30,18,3,864,867,30,3,864,0,32,1,1,693,0.0,0,431.7,22,22.0,22.0,0,0,0,0,1,1,1,8aeed2abd0f847e0b8500715486ecfcc55670f2b3385c6aeb419a3a0678f1913,30,22,4,0,1,False,False,693,53,0.07647907647907648,0.013559322033898305,0.035169210351692105,30,8aeed2abd0f847e0b8500715486ecfcc55670f2b3385c6aeb419a3a0678f1913,8aeed2abd0f847e0b8500715486ecfcc55670f2b3385c6aeb419a3a0678f1913,,False,True,PREEXISTING
True,True,True,True,True,True,True,True,True,True,True,False,original,44,2014-07-01 22:00:00,weekday,5,1.0,scenario2,MATCHING_SEGMENT_FOUND,30,30,18,3,864,867,30,3,864,0,32,1,1,693,0.0,0,431.7,22,22.0,22.0,0,0,0,0,1,1,1,64080601c3be5fe7030e7eb69924a6cafe76e2b467b4a5630a9f7de522aa39db,10,22,4,0,1,False,False,693,53,0.07647907647907648,0.013559322033898305,0.035169210351692105,10,64080601c3be5fe7030e7eb69924a6cafe76e2b467b4a5630a9f7de522aa39db,64080601c3be5fe7030e7eb69924a6cafe76e2b467b4a5630a9f7de522aa39db,,False,True,PREEXISTING
True,True,True,True,True,True,True,True,True,True,True,False,original,44,2014-07-01 22:00:00,weekday,3,1.0,scenario2,MATCHING_SEGMENT_FOUND,30,30,18,3,864,867,30,3,864,0,32,1,1,693,1.0,1,431.65999999999997,22,22.0,22.0,0,0,0,0,1,1,1,69f0cb4491a1fd577b6c1af78119fa843dac41862a4e9483fd3c8e414791a45f,4,22,4,0,1,False,False,693,53,0.07647907647907648,0.013559322033898305,0.035169210351692105,4,69f0cb4491a1fd577b6c1af78119fa843dac41862a4e9483fd3c8e414791a45f,69f0cb4491a1fd577b6c1af78119fa843dac41862a4e9483fd3c8e414791a45f,,False,True,PREEXISTING
True,True,True,True,True,True,True,True,True,True,True,False,original,44,2014-07-01 22:00:00,weekday,6,1.0,scenario2,MATCHING_SEGMENT_FOUND,30,30,18,3,864,867,30,3,864,0,32,1,1,693,1.0,1,431.64,22,22.0,22.0,0,0,0,0,1,1,1,d0ca4df7b4ef8ef8330fc3c3fb6df6da237f2c8759fa1a08b551c3b0267a5cc1,29,22,4,0,1,False,False,693,53,0.07647907647907648,0.013559322033898305,0.035169210351692105,29,d0ca4df7b4ef8ef8330fc3c3fb6df6da237f2c8759fa1a08b551c3b0267a5cc1,d0ca4df7b4ef8ef8330fc3c3fb6df6da237f2c8759fa1a08b551c3b0267a5cc1,,False,True,PREEXISTING
True,True,True,True,True,True,True,True,True,True,True,False,original,44,2014-07-01 22:00:00,weekday,2,1.0,scenario2,MATCHING_SEGMENT_FOUND,30,30,18,3,864,867,30,3,864,0,32,1,1,693,1.0,1,431.64,22,22.0,22.0,0,0,0,0,1,1,1,62de03d338e81fffb1fe886b83637755e48f7109d103cb5c35e3be82a6942085,15,22,4,0,1,False,False,693,53,0.07647907647907648,0.013559322033898305,0.035169210351692105,15,62de03d338e81fffb1fe886b83637755e48f7109d103cb5c35e3be82a6942085,62de03d338e81fffb1fe886b83637755e48f7109d103cb5c35e3be82a6942085,,False,True,PREEXISTING
True,True,True,True,True,True,True,True,True,True,True,False,original,44,2014-07-01 22:00:00,weekday,7,1.0,scenario2,MATCHING_SEGMENT_FOUND,30,30,18,3,864,867,30,3,864,0,32,1,1,693,3.0,3,431.52,22,22.0,22.0,0,0,0,0,1,1,1,82cd778248b58abce2dd437ff3430d422a5f31f0857456cb0806c4bbf75c2f84,1,22,4,0,1,False,False,693,53,0.07647907647907648,0.013559322033898305,0.035169210351692105,1,82cd778248b58abce2dd437ff3430d422a5f31f0857456cb0806c4bbf75c2f84,82cd778248b58abce2dd437ff3430d422a5f31f0857456cb0806c4bbf75c2f84,,False,True,PREEXISTING
True,True,True,True,True,True,True,True,True,True,True,False,original,44,2014-07-01 22:00:00,weekday,1,1.0,scenario2,MATCHING_SEGMENT_FOUND,30,30,18,3,864,867,30,3,864,0,32,1,1,693,3.0,3,431.45,22,22.0,22.0,0,0,0,0,1,1,1,096eb71f46b469fc4f1cc7d4ed984088c225a66b3cfbaad900f9fc8fd6e6985c,15,22,4,0,1,False,False,693,53,0.07647907647907648,0.013559322033898305,0.035169210351692105,15,096eb71f46b469fc4f1cc7d4ed984088c225a66b3cfbaad900f9fc8fd6e6985c,096eb71f46b469fc4f1cc7d4ed984088c225a66b3cfbaad900f9fc8fd6e6985c,,False,True,PREEXISTING
True,True,True,True,True,True,True,True,True,True,True,False,original,44,2014-07-01 22:00:00,weekday,8,1.0,scenario2,MATCHING_SEGMENT_FOUND,30,30,18,3,864,867,30,3,864,0,32,1,1,693,4.0,4,430.88,22,22.0,22.0,0,0,0,0,1,1,1,8707a46b07890e9f3d4b42af5e0aab7361dc144e7986f25d90e421a33089bd83,29,22,4,0,1,False,False,693,53,0.07647907647907648,0.013559322033898305,0.035169210351692105,29,8707a46b07890e9f3d4b42af5e0aab7361dc144e7986f25d90e421a33089bd83,8707a46b07890e9f3d4b42af5e0aab7361dc144e7986f25d90e421a33089bd83,,False,True,PREEXISTING
True,True,True,True,True,True,True,True,True,True,True,False,original,44,2014-07-01 22:00:00,weekday,0,1.0,scenario2,MATCHING_SEGMENT_FOUND,30,30,18,3,864,867,30,3,864,0,32,1,1,693,4.0,4,430.87,22,22.0,22.0,0,0,0,0,1,1,1,b8ff4e0cd1bf15ed47968cde6ad2530bfe3d56b991c289d66df5ed3a4ea01ca1,4,22,4,0,1,False,False,693,53,0.07647907647907648,0.013559322033898305,0.035169210351692105,4,b8ff4e0cd1bf15ed47968cde6ad2530bfe3d56b991c289d66df5ed3a4ea01ca1,b8ff4e0cd1bf15ed47968cde6ad2530bfe3d56b991c289d66df5ed3a4ea01ca1,,False,True,PREEXISTING
True,True,True,True,True,True,True,True,True,True,True,False,original,44,2014-07-01 22:00:00,weekday,9,1.0,scenario2,MATCHING_SEGMENT_FOUND,30,30,18,3,864,867,30,3,864,0,32,1,1,693,4.0,4,430.77,22,22.0,22.0,0,0,0,0,1,1,1,1928f40ce31bf6bd47fb15c046e5d7db5c6f2744acdbf86090d49adc6860aaca,19,22,4,0,1,False,False,693,53,0.07647907647907648,0.013559322033898305,0.035169210351692105,19,1928f40ce31bf6bd47fb15c046e5d7db5c6f2744acdbf86090d49adc6860aaca,1928f40ce31bf6bd47fb15c046e5d7db5c6f2744acdbf86090d49adc6860aaca,,False,True,PREEXISTING
True,True,True,True,True,True,True,True,True,True,True,False,original,44,2014-07-01 22:00:00,time,83,44.0,scenario2,MATCHING_SEGMENT_FOUND,30,30,18,3,864,867,30,3,864,0,32,4,4,120,0.5,2,14.9825,4,1.5,1.0,2,0,1,0,1,1,1,f16a633e82130a62f88949a838d0129183688bc49a037f2a23aaf06e5cb30737,8,4,4,0,1,False,False,30,18,0.6,0.020477815699658702,0.020477815699658702,8,f16a633e82130a62f88949a838d0129183688bc49a037f2a23aaf06e5cb30737,f16a633e82130a62f88949a838d0129183688bc49a037f2a23aaf06e5cb30737,,False,True,PREEXISTING
True,True,True,True,True,True,True,True,True,True,True,False,original,44,2014-07-01 22:00:00,time,84,44.0,scenario3,EXISTING_SEGMENTS_BELOW_L_MATCH,30,30,18,3,864,867,30,3,864,0,32,3,3,90,0.6666666666666666,2,14.976666666666667,1,0.3333333333333333,0.0,2,1,0,0,0,0,0,bd7cd38bd6c985aca8accb7ed3c020517b30683ac4493d1eae1b65ac6cee5e2b,22,1,4,3,0,False,False,30,16,0.5333333333333333,0.018161180476730987,0.018161180476730987,8,ec0bba8d9d931fab5792b41932fbaabb640bb2a910f9da9c90bfc6860682a8f1,,ec0bba8d9d931fab5792b41932fbaabb640bb2a910f9da9c90bfc6860682a8f1,True,False,POST_OBSERVATION_CREATED
True,True,True,True,True,True,True,True,True,True,True,False,original,44,2014-07-01 22:00:00,time,82,44.0,scenario1,CORRECTLY_PREDICTED_CELL_AVAILABLE,30,30,18,3,864,867,30,3,864,0,32,4,4,120,0.75,1,14.3625,10,2.5,0.0,3,0,0,0,1,1,1,a85c6f5b0cc32ae6f5e7dcd33567ea607b6c76687a2e66c3d400000160da020d,17,10,4,0,1,False,False,30,16,0.5333333333333333,0.018161180476730987,0.018161180476730987,20,0751d658eee10247e734ddb6e3f30652910108aa3aa1fd853710e368a72ea3e2,0751d658eee10247e734ddb6e3f30652910108aa3aa1fd853710e368a72ea3e2,,False,True,PREEXISTING
True,True,True,True,True,True,True,True,True,True,True,False,original,44,2014-07-01 22:00:00,time,85,44.0,scenario3,PREDICTED_TIME_INVALID,30,30,18,3,864,867,30,3,864,0,32,1,1,59,3.0,3,26.83,0,0.0,0.0,1,0,0,0,0,0,0,4566cb856d36b37232e8d491e8577751898a6ed51560b9ebe7fc1300e693376c,5,0,4,4,0,False,False,59,27,0.4576271186440678,0.013559322033898305,0.030033370411568408,11,d1037193c5ad43a063322bb1b2f0c501aacfdf67fb511ed00f4d0e33a7e97e05,,d1037193c5ad43a063322bb1b2f0c501aacfdf67fb511ed00f4d0e33a7e97e05,True,False,POST_OBSERVATION_CREATED
True,True,True,True,True,True,True,True,True,True,True,False,original,44,2014-07-01 22:00:00,time,81,44.0,scenario3,EXISTING_SEGMENTS_BELOW_L_MATCH,30,30,18,3,864,867,30,3,864,0,32,4,4,120,0.75,2,14.345,0,0.0,0.0,4,0,0,0,0,0,0,d953d30be3b563913474cc19899de1ab6a6b435684931d664f11ca3e2d97a043,5,0,4,4,0,False,False,30,13,0.43333333333333335,0.014705882352941176,0.014705882352941176,1,a6f99e25478dcdfb4acc9d1dc4cedb94434a999983c1ea5a38980253bf2a4720,,a6f99e25478dcdfb4acc9d1dc4cedb94434a999983c1ea5a38980253bf2a4720,True,False,POST_OBSERVATION_CREATED
True,True,True,True,True,True,True,True,True,True,True,False,original,44,2014-07-01 22:00:00,time,86,44.0,scenario3,EXISTING_SEGMENTS_BELOW_L_MATCH,30,30,18,3,864,867,30,3,864,0,32,2,2,79,7.0,13,20.5,0,0.0,0.0,2,0,0,0,0,0,0,3fe49e88e74329726f4808a28d07837ab0c88a6310a00738512eba0c9b16a84e,3,0,4,4,0,False,False,30,12,0.4,0.013559322033898305,0.013559322033898305,7,bfd5341be65d9f6668195fb48c56f493c31394b03d702bb1eced386e0991c971,,bfd5341be65d9f6668195fb48c56f493c31394b03d702bb1eced386e0991c971,True,False,POST_OBSERVATION_CREATED
True,True,True,True,True,True,True,True,True,True,True,False,original,44,2014-07-01 22:00:00,time,80,44.0,scenario3,EXISTING_SEGMENTS_BELOW_L_MATCH,30,30,18,3,864,867,30,3,864,0,32,5,5,150,0.8,2,14.790000000000001,0,0.0,0.0,5,0,0,0,0,0,0,11337a90b9488538e1d08c6f6bb9c3940f4d22229d5fed38c05f2b44afebcda4,29,0,4,4,0,False,False,30,16,0.5333333333333333,0.018161180476730987,0.018161180476730987,9,a52007b081ead67fb7aafedd2219ee776802397f6b3c16b036133f567eb405fe,,a52007b081ead67fb7aafedd2219ee776802397f6b3c16b036133f567eb405fe,True,False,POST_OBSERVATION_CREATED
True,True,True,True,True,True,True,True,True,True,True,False,original,44,2014-07-01 22:00:00,time,87,44.0,scenario3,EXISTING_SEGMENTS_BELOW_L_MATCH,30,30,18,3,864,867,30,3,864,0,32,3,3,90,13.0,22,13.663333333333332,0,0.0,0.0,3,0,0,0,0,0,0,d196676fe646a801f142569b43a9e69e9b8f391592aa52b0563d077a5630cc53,27,0,4,4,0,False,False,30,12,0.4,0.013559322033898305,0.013559322033898305,11,f51e9ca62ef1ddee41659c8f814b619708836a169d2a757322f219e3c5e4105d,,f51e9ca62ef1ddee41659c8f814b619708836a169d2a757322f219e3c5e4105d,True,False,POST_OBSERVATION_CREATED
True,True,True,True,True,True,True,True,True,True,True,False,original,44,2014-07-01 22:00:00,time,79,44.0,scenario2,MATCHING_SEGMENT_FOUND,30,30,18,3,864,867,30,3,864,0,32,4,4,160,1.25,2,20.6825,10,3.0,1.0,2,0,1,0,1,1,1,162bd3d7ea668d35e612602d0e518ebd880a59e63adaafcb5c7fed80bf2f0049,13,10,4,0,1,False,False,30,12,0.4,0.013559322033898305,0.013559322033898305,13,162bd3d7ea668d35e612602d0e518ebd880a59e63adaafcb5c7fed80bf2f0049,162bd3d7ea668d35e612602d0e518ebd880a59e63adaafcb5c7fed80bf2f0049,,False,True,PREEXISTING
True,True,True,True,True,True,True,True,True,True,True,False,original,44,2014-07-01 22:00:00,time,30,44.0,scenario2,MATCHING_SEGMENT_FOUND,30,30,18,3,864,867,30,3,864,0,32,4,4,120,10.0,22,13.985,10,2.5,0.0,3,0,0,0,1,1,1,a75a4b6b730ba11b6440aff398e56681ef51b57f84d6e91926ed59abf68f121e,18,10,4,0,1,False,False,30,10,0.3333333333333333,0.011273957158962795,0.011273957158962795,18,a75a4b6b730ba11b6440aff398e56681ef51b57f84d6e91926ed59abf68f121e,a75a4b6b730ba11b6440aff398e56681ef51b57f84d6e91926ed59abf68f121e,,False,True,PREEXISTING
True,True,True,True,True,True,True,True,True,True,True,False,original,44,2014-07-01 22:00:00,passenger,368,23318.0,scenario3,EXISTING_SEGMENTS_BELOW_L_MATCH,30,30,18,3,864,867,30,3,864,0,32,3,3,90,2.0,4,14.833333333333334,0,0.0,0.0,3,0,0,0,0,0,0,f80bba68bded29b682b8bcfa6cd2ca219875811ddcfa27f3831175caa380631e,28,0,4,4,0,False,False,30,18,0.6,0.020477815699658702,0.020477815699658702,17,3d410204b5970121b41b31786a4949f4a5c0702b87e51a946b6b2312af9306b3,,3d410204b5970121b41b31786a4949f4a5c0702b87e51a946b6b2312af9306b3,True,False,POST_OBSERVATION_CREATED
True,True,True,True,True,True,True,True,True,True,True,False,original,44,2014-07-01 22:00:00,passenger,369,23318.0,scenario3,EXISTING_SEGMENTS_BELOW_L_MATCH,30,30,18,3,864,867,30,3,864,0,32,2,2,60,3.0,6,14.675,0,0.0,0.0,2,0,0,0,0,0,0,99d62e4b45a0b5c7329954b012131c089a73dacdb351029d2fe29011bfbf1699,7,0,4,4,0,False,False,30,16,0.5333333333333333,0.018161180476730987,0.018161180476730987,26,eb51ca10ff2f346d938a94b300896d9193a45750439e066e901b17329e2028f8,,eb51ca10ff2f346d938a94b300896d9193a45750439e066e901b17329e2028f8,True,False,POST_OBSERVATION_CREATED
True,True,True,True,True,True,True,True,True,True,True,False,original,44,2014-07-01 22:00:00,passenger,367,23318.0,scenario3,EXISTING_SEGMENTS_BELOW_L_MATCH,30,30,18,3,864,867,30,3,864,0,32,3,3,90,1.6666666666666667,3,14.866666666666667,0,0.0,0.0,3,0,0,0,0,0,0,b6f540cbe59e45489080a1374d2e07ca2ece0c3e9b9d143ccdc9236acb1141c3,28,0,4,4,0,False,False,30,11,0.36666666666666664,0.012415349887133182,0.012415349887133182,15,67f81e0cc6f5ec0c85e824a6370efec4789d35796290bea455afa3adf3b0e1b9,,67f81e0cc6f5ec0c85e824a6370efec4789d35796290bea455afa3adf3b0e1b9,True,False,POST_OBSERVATION_CREATED
True,True,True,True,True,True,True,True,True,True,True,False,original,44,2014-07-01 22:00:00,passenger,370,23318.0,scenario3,EXISTING_SEGMENTS_BELOW_L_MATCH,30,30,18,3,864,867,30,3,864,0,32,1,1,30,0.0,0,15.0,0,0.0,0.0,1,0,0,0,0,0,0,b6bbccc79eb82543e027daaa2f4ebb67f7677ec91fb290eb5bcc45aa9dcad1f0,21,0,4,4,0,False,False,30,16,0.5333333333333333,0.018161180476730987,0.018161180476730987,4,ce53c8cf22f367d036a18ecdde54d9ddb95b2e277223c84bbf31fb324669decb,,ce53c8cf22f367d036a18ecdde54d9ddb95b2e277223c84bbf31fb324669decb,True,False,POST_OBSERVATION_CREATED
True,True,True,True,True,True,True,True,True,True,True,False,original,44,2014-07-01 22:00:00,passenger,366,23318.0,scenario3,EXISTING_SEGMENTS_BELOW_L_MATCH,30,30,18,3,864,867,30,3,864,0,32,3,3,90,1.3333333333333333,3,14.89,0,0.0,0.0,3,0,0,0,0,0,0,758b45803d595c700ea7838bd519877e9695c7a4f5116f31648233fd2dafd707,2,0,4,4,0,False,False,30,11,0.36666666666666664,0.012415349887133182,0.012415349887133182,1,098bacbf9432d4b4da7b27e34e4a9c82fd008f57fd9be6c671cb10258fc684f0,,098bacbf9432d4b4da7b27e34e4a9c82fd008f57fd9be6c671cb10258fc684f0,True,False,POST_OBSERVATION_CREATED
True,True,True,True,True,True,True,True,True,True,True,False,original,44,2014-07-01 22:00:00,passenger,371,23318.0,scenario3,EXISTING_SEGMENTS_BELOW_L_MATCH,30,30,18,3,864,867,30,3,864,0,32,1,1,30,1.0,1,14.97,0,0.0,0.0,1,0,0,0,0,0,0,5087788a4f1c4fd93c2e491cece8f7db15b4a6ddddcd2c84d420cb9578d75e00,17,0,4,4,0,False,False,30,16,0.5333333333333333,0.018161180476730987,0.018161180476730987,23,7ed4159b47ee3bd7f206980d64e791a4b0d318bccc2c77e098fb06dcfbceccdf,,7ed4159b47ee3bd7f206980d64e791a4b0d318bccc2c77e098fb06dcfbceccdf,True,False,POST_OBSERVATION_CREATED
True,True,True,True,True,True,True,True,True,True,True,False,original,44,2014-07-01 22:00:00,passenger,365,23318.0,scenario3,EXISTING_SEGMENTS_BELOW_L_MATCH,30,30,18,3,864,867,30,3,864,0,32,3,3,90,1.6666666666666667,5,14.83,0,0.0,0.0,3,0,0,0,0,0,0,e2c5803159e61f28c817103c0f6dfb4c372489b65d9d8a5c9f7acaaff004fbff,22,0,4,4,0,False,False,30,11,0.36666666666666664,0.012415349887133182,0.012415349887133182,7,97eeee86fd9fe0a5b92c3b8aefcc44aa5c3904dbad5103d19e369079a698c807,,97eeee86fd9fe0a5b92c3b8aefcc44aa5c3904dbad5103d19e369079a698c807,True,False,POST_OBSERVATION_CREATED
True,True,True,True,True,True,True,True,True,True,True,False,original,44,2014-07-01 22:00:00,passenger,372,23318.0,scenario3,EXISTING_SEGMENTS_BELOW_L_MATCH,30,30,18,3,864,867,30,3,864,0,32,1,1,30,1.0,1,14.97,0,0.0,0.0,1,0,0,0,0,0,0,d3b645e0cf9b4029381c40af887686b30e17e156d05acef0372ff9f91df5987b,0,0,4,4,0,False,False,30,16,0.5333333333333333,0.018161180476730987,0.018161180476730987,5,57b5b1d393b805ea687e95b4ee0a5dc852dfbcf3f59c6c23d95290cdf4c851dc,,57b5b1d393b805ea687e95b4ee0a5dc852dfbcf3f59c6c23d95290cdf4c851dc,True,False,POST_OBSERVATION_CREATED
True,True,True,True,True,True,True,True,True,True,True,False,original,44,2014-07-01 22:00:00,passenger,364,23318.0,scenario3,EXISTING_SEGMENTS_BELOW_L_MATCH,30,30,18,3,864,867,30,3,864,0,32,2,2,60,2.0,4,14.795,0,0.0,0.0,2,0,0,0,0,0,0,164eea74b97479d9441b04c5e3271fdf4d4d6d147f10e547bb091b2470cce000,26,0,4,4,0,False,False,30,11,0.36666666666666664,0.012415349887133182,0.012415349887133182,15,2d1b0907e771188bc9dd7255f2f1d11f60f0a4c903a3d01e389b02bd2713662f,,2d1b0907e771188bc9dd7255f2f1d11f60f0a4c903a3d01e389b02bd2713662f,True,False,POST_OBSERVATION_CREATED
True,True,True,True,True,True,True,True,True,True,True,False,original,44,2014-07-01 22:00:00,passenger,373,23318.0,scenario3,EXISTING_SEGMENTS_BELOW_L_MATCH,30,30,18,3,864,867,30,3,864,0,32,1,1,30,1.0,1,14.97,0,0.0,0.0,1,0,0,0,0,0,0,63ca480b22dd279f4d9876a1f1a02c26e2887a258cd2406b16c27b5fe7e2e2f5,15,0,4,4,0,False,False,30,16,0.5333333333333333,0.018161180476730987,0.018161180476730987,31,be486a352cb1a4bb0972e75fbf0c565e0a8c90039cb19fb3f78813a47a2fea33,,be486a352cb1a4bb0972e75fbf0c565e0a8c90039cb19fb3f78813a47a2fea33,True,False,POST_OBSERVATION_CREATED
