sentence_index,cycle,word,target_column,target_time,candidate_class,pre_gate_candidate_count,pre_gate_candidate_neuron_ids,pre_gate_candidate_segment_identities,pre_gate_candidate_times,pre_gate_candidate_scores,pre_gate_candidate_depolarization_states,pre_gate_candidate_time_gate_passed,pre_gate_timing_tolerance,predicted_sstd_rank,actual_sstd_rank,same_sstd_rank,nearest_candidate_neuron,nearest_candidate_segment,nearest_candidate_time,delta_t_signed,delta_t_abs,timing_rejected,scenario,selected_learning_neuron,selected_learning_segment,candidate_punished,candidate_punishment_reason,prediction_event_count,prediction_column_count
1,0,``,57,0.0,NO_PREDICTIVE_CANDIDATE,0,[],[],[],[],[],[],0.03,,1,,,,,,,False,scenario3,9,,False,,0,0
1,0,``,71,0.05555555555555555,NO_PREDICTIVE_CANDIDATE,0,[],[],[],[],[],[],0.03,,2,,,,,,,False,scenario3,6,,False,,0,0
1,0,``,99,0.1111111111111111,NO_PREDICTIVE_CANDIDATE,0,[],[],[],[],[],[],0.03,,3,,,,,,,False,scenario3,1,,False,,0,0
1,0,``,59,0.16666666666666666,NO_PREDICTIVE_CANDIDATE,0,[],[],[],[],[],[],0.03,,4,,,,,,,False,scenario3,6,,False,,0,0
1,0,``,65,0.2222222222222222,NO_PREDICTIVE_CANDIDATE,0,[],[],[],[],[],[],0.03,,5,,,,,,,False,scenario3,0,,False,,0,0
1,0,``,75,0.2777777777777778,NO_PREDICTIVE_CANDIDATE,0,[],[],[],[],[],[],0.03,,6,,,,,,,False,scenario3,2,,False,,0,0
1,0,``,24,0.3333333333333333,NO_PREDICTIVE_CANDIDATE,0,[],[],[],[],[],[],0.03,,7,,,,,,,False,scenario3,0,,False,,0,0
1,0,``,23,0.3888888888888889,NO_PREDICTIVE_CANDIDATE,0,[],[],[],[],[],[],0.03,,8,,,,,,,False,scenario3,2,,False,,0,0
1,0,``,60,0.4444444444444444,NO_PREDICTIVE_CANDIDATE,0,[],[],[],[],[],[],0.03,,9,,,,,,,False,scenario3,3,,False,,0,0
1,0,``,80,0.5,NO_PREDICTIVE_CANDIDATE,0,[],[],[],[],[],[],0.03,,10,,,,,,,False,scenario3,5,,False,,0,0
1,1,I,78,0.0,NO_PREDICTIVE_CANDIDATE,0,[],[],[],[],[],[],0.03,,1,,,,,,,False,scenario3,8,2066485969264,False,,0,0
1,1,I,23,0.05555555555555555,NO_PREDICTIVE_CANDIDATE,0,[],[],[],[],[],[],0.03,,2,,,,,,,False,scenario3,6,2066485970272,False,,0,0
1,1,I,12,0.1111111111111111,NO_PREDICTIVE_CANDIDATE,0,[],[],[],[],[],[],0.03,,3,,,,,,,False,scenario3,0,2066485971280,False,,0,0
1,1,I,57,0.16666666666666666,NO_PREDICTIVE_CANDIDATE,0,[],[],[],[],[],[],0.03,,4,,,,,,,False,scenario3,1,2066485972288,False,,0,0
1,1,I,38,0.2222222222222222,NO_PREDICTIVE_CANDIDATE,0,[],[],[],[],[],[],0.03,,5,,,,,,,False,scenario3,0,2066485973296,False,,0,0
1,1,I,18,0.2777777777777778,NO_PREDICTIVE_CANDIDATE,0,[],[],[],[],[],[],0.03,,6,,,,,,,False,scenario3,8,2066485974304,False,,0,0
1,1,I,11,0.3333333333333333,NO_PREDICTIVE_CANDIDATE,0,[],[],[],[],[],[],0.03,,7,,,,,,,False,scenario3,1,2066485975312,False,,0,0
1,1,I,68,0.3888888888888889,NO_PREDICTIVE_CANDIDATE,0,[],[],[],[],[],[],0.03,,8,,,,,,,False,scenario3,2,2066485976320,False,,0,0
1,1,I,88,0.4444444444444444,NO_PREDICTIVE_CANDIDATE,0,[],[],[],[],[],[],0.03,,9,,,,,,,False,scenario3,3,2066485977328,False,,0,0
1,1,I,81,0.5,NO_PREDICTIVE_CANDIDATE,0,[],[],[],[],[],[],0.03,,10,,,,,,,False,scenario3,4,2066485978336,False,,0,0
1,2,did,5,0.0,NO_PREDICTIVE_CANDIDATE,0,[],[],[],[],[],[],0.03,,1,,,,,,,False,scenario3,0,2066485979872,False,,0,0
1,2,did,76,0.05555555555555555,NO_PREDICTIVE_CANDIDATE,0,[],[],[],[],[],[],0.03,,2,,,,,,,False,scenario3,5,2066485980880,False,,0,0
1,2,did,50,0.1111111111111111,NO_PREDICTIVE_CANDIDATE,0,[],[],[],[],[],[],0.03,,3,,,,,,,False,scenario3,7,2066485981888,False,,0,0
1,2,did,57,0.16666666666666666,NO_PREDICTIVE_CANDIDATE,0,[],[],[],[],[],[],0.03,,4,,,,,,,False,scenario3,2,2066485982896,False,,0,0
1,2,did,83,0.2222222222222222,NO_PREDICTIVE_CANDIDATE,0,[],[],[],[],[],[],0.03,,5,,,,,,,False,scenario3,7,2066485983904,False,,0,0
1,2,did,94,0.2777777777777778,NO_PREDICTIVE_CANDIDATE,0,[],[],[],[],[],[],0.03,,6,,,,,,,False,scenario3,5,2066485984912,False,,0,0
1,2,did,78,0.3333333333333333,NO_PREDICTIVE_CANDIDATE,0,[],[],[],[],[],[],0.03,,7,,,,,,,False,scenario3,1,2066486084288,False,,0,0
1,2,did,20,0.3888888888888889,NO_PREDICTIVE_CANDIDATE,0,[],[],[],[],[],[],0.03,,8,,,,,,,False,scenario3,9,2066486085296,False,,0,0
1,2,did,79,0.4444444444444444,NO_PREDICTIVE_CANDIDATE,0,[],[],[],[],[],[],0.03,,9,,,,,,,False,scenario3,4,2066486086304,False,,0,0
1,2,did,1,0.5,NO_PREDICTIVE_CANDIDATE,0,[],[],[],[],[],[],0.03,,10,,,,,,,False,scenario3,9,2066486087312,False,,0,0
1,3,not,67,0.0,NO_PREDICTIVE_CANDIDATE,0,[],[],[],[],[],[],0.03,,1,,,,,,,False,scenario3,3,2066486087696,False,,0,0
1,3,not,8,0.05555555555555555,NO_PREDICTIVE_CANDIDATE,0,[],[],[],[],[],[],0.03,,2,,,,,,,False,scenario3,2,2066486089856,False,,0,0
1,3,not,7,0.1111111111111111,NO_PREDICTIVE_CANDIDATE,0,[],[],[],[],[],[],0.03,,3,,,,,,,False,scenario3,1,2066486090864,False,,0,0
1,3,not,4,0.16666666666666666,NO_PREDICTIVE_CANDIDATE,0,[],[],[],[],[],[],0.03,,4,,,,,,,False,scenario3,7,2066486091872,False,,0,0
1,3,not,24,0.2222222222222222,NO_PREDICTIVE_CANDIDATE,0,[],[],[],[],[],[],0.03,,5,,,,,,,False,scenario3,5,2066486092880,False,,0,0
1,3,not,30,0.2777777777777778,NO_PREDICTIVE_CANDIDATE,0,[],[],[],[],[],[],0.03,,6,,,,,,,False,scenario3,0,2066486093888,False,,0,0
1,3,not,76,0.3333333333333333,NO_PREDICTIVE_CANDIDATE,0,[],[],[],[],[],[],0.03,,7,,,,,,,False,scenario3,9,2066486094896,False,,0,0
1,3,not,3,0.3888888888888889,NO_PREDICTIVE_CANDIDATE,0,[],[],[],[],[],[],0.03,,8,,,,,,,False,scenario3,5,2066486095904,False,,0,0
1,3,not,99,0.4444444444444444,NO_PREDICTIVE_CANDIDATE,0,[],[],[],[],[],[],0.03,,9,,,,,,,False,scenario3,8,2066486096912,False,,0,0
1,3,not,59,0.5,NO_PREDICTIVE_CANDIDATE,0,[],[],[],[],[],[],0.03,,10,,,,,,,False,scenario3,8,2066486097920,False,,0,0
1,4,think,41,0.0,NO_PREDICTIVE_CANDIDATE,0,[],[],[],[],[],[],0.03,,1,,,,,,,False,scenario3,2,2066486098544,False,,0,0
1,4,think,56,0.05555555555555555,NO_PREDICTIVE_CANDIDATE,0,[],[],[],[],[],[],0.03,,2,,,,,,,False,scenario3,1,2066402345520,False,,0,0
1,4,think,75,0.1111111111111111,NO_PREDICTIVE_CANDIDATE,0,[],[],[],[],[],[],0.03,,3,,,,,,,False,scenario3,4,2066402346528,False,,0,0
1,4,think,25,0.16666666666666666,NO_PREDICTIVE_CANDIDATE,0,[],[],[],[],[],[],0.03,,4,,,,,,,False,scenario3,8,2066402347536,False,,0,0
1,4,think,66,0.2222222222222222,NO_PREDICTIVE_CANDIDATE,0,[],[],[],[],[],[],0.03,,5,,,,,,,False,scenario3,3,2066402348544,False,,0,0
1,4,think,29,0.2777777777777778,NO_PREDICTIVE_CANDIDATE,0,[],[],[],[],[],[],0.03,,6,,,,,,,False,scenario3,2,2066402349552,False,,0,0
1,4,think,81,0.3333333333333333,NO_PREDICTIVE_CANDIDATE,0,[],[],[],[],[],[],0.03,,7,,,,,,,False,scenario3,5,2066402350560,False,,0,0
1,4,think,37,0.3888888888888889,NO_PREDICTIVE_CANDIDATE,0,[],[],[],[],[],[],0.03,,8,,,,,,,False,scenario3,3,2066402351568,False,,0,0
1,4,think,63,0.4444444444444444,NO_PREDICTIVE_CANDIDATE,0,[],[],[],[],[],[],0.03,,9,,,,,,,False,scenario3,5,2066402352576,False,,0,0
1,4,think,0,0.5,NO_PREDICTIVE_CANDIDATE,0,[],[],[],[],[],[],0.03,,10,,,,,,,False,scenario3,4,2066402353584,False,,0,0
1,5,you,84,0.0,NO_PREDICTIVE_CANDIDATE,0,[],[],[],[],[],[],0.03,,1,,,,,,,False,scenario3,8,2066402353968,False,,0,0
1,5,you,10,0.05555555555555555,NO_PREDICTIVE_CANDIDATE,0,[],[],[],[],[],[],0.03,,2,,,,,,,False,scenario3,2,2066402356128,False,,0,0
1,5,you,58,0.1111111111111111,NO_PREDICTIVE_CANDIDATE,0,[],[],[],[],[],[],0.03,,3,,,,,,,False,scenario3,3,2066402357136,False,,0,0
1,5,you,83,0.16666666666666666,NO_PREDICTIVE_CANDIDATE,0,[],[],[],[],[],[],0.03,,4,,,,,,,False,scenario3,3,2066402358144,False,,0,0
1,5,you,35,0.2222222222222222,NO_PREDICTIVE_CANDIDATE,0,[],[],[],[],[],[],0.03,,5,,,,,,,False,scenario3,3,2066402359152,False,,0,0
1,5,you,52,0.2777777777777778,NO_PREDICTIVE_CANDIDATE,0,[],[],[],[],[],[],0.03,,6,,,,,,,False,scenario3,9,2066402360160,False,,0,0
1,5,you,70,0.3333333333333333,NO_PREDICTIVE_CANDIDATE,0,[],[],[],[],[],[],0.03,,7,,,,,,,False,scenario3,6,2066402361168,False,,0,0
1,5,you,90,0.3888888888888889,NO_PREDICTIVE_CANDIDATE,0,[],[],[],[],[],[],0.03,,8,,,,,,,False,scenario3,9,2066402182016,False,,0,0
1,5,you,32,0.4444444444444444,NO_PREDICTIVE_CANDIDATE,0,[],[],[],[],[],[],0.03,,9,,,,,,,False,scenario3,8,2066402183024,False,,0,0
1,5,you,40,0.5,NO_PREDICTIVE_CANDIDATE,0,[],[],[],[],[],[],0.03,,10,,,,,,,False,scenario3,2,2066402184032,False,,0,0
1,6,would,97,0.0,NO_PREDICTIVE_CANDIDATE,0,[],[],[],[],[],[],0.03,,1,,,,,,,False,scenario3,6,2066402185568,False,,0,0
1,6,would,29,0.05555555555555555,NO_PREDICTIVE_CANDIDATE,0,[],[],[],[],[],[],0.03,,2,,,,,,,False,scenario3,4,2066402186576,False,,0,0
1,6,would,65,0.1111111111111111,NO_PREDICTIVE_CANDIDATE,0,[],[],[],[],[],[],0.03,,3,,,,,,,False,scenario3,1,2066402187584,False,,0,0
1,6,would,36,0.16666666666666666,NO_PREDICTIVE_CANDIDATE,0,[],[],[],[],[],[],0.03,,4,,,,,,,False,scenario3,2,2066402188592,False,,0,0
1,6,would,3,0.2222222222222222,NO_PREDICTIVE_CANDIDATE,0,[],[],[],[],[],[],0.03,,5,,,,,,,False,scenario3,3,2066402189600,False,,0,0
1,6,would,8,0.2777777777777778,NO_PREDICTIVE_CANDIDATE,0,[],[],[],[],[],[],0.03,,6,,,,,,,False,scenario3,5,2066402190608,False,,0,0
1,6,would,72,0.3333333333333333,NO_PREDICTIVE_CANDIDATE,0,[],[],[],[],[],[],0.03,,7,,,,,,,False,scenario3,0,2066402191616,False,,0,0
1,6,would,98,0.3888888888888889,NO_PREDICTIVE_CANDIDATE,0,[],[],[],[],[],[],0.03,,8,,,,,,,False,scenario3,7,2066402192624,False,,0,0
1,6,would,13,0.4444444444444444,NO_PREDICTIVE_CANDIDATE,0,[],[],[],[],[],[],0.03,,9,,,,,,,False,scenario3,4,2066402193632,False,,0,0
1,6,would,51,0.5,NO_PREDICTIVE_CANDIDATE,0,[],[],[],[],[],[],0.03,,10,,,,,,,False,scenario3,9,2066402194640,False,,0,0
1,7,want,13,0.0,NO_PREDICTIVE_CANDIDATE,0,[],[],[],[],[],[],0.03,,1,,,,,,,False,scenario3,1,2066402195792,False,,0,0
1,7,want,37,0.05555555555555555,NO_PREDICTIVE_CANDIDATE,0,[],[],[],[],[],[],0.03,,2,,,,,,,False,scenario3,4,2066458944400,False,,0,0
1,7,want,49,0.1111111111111111,NO_PREDICTIVE_CANDIDATE,0,[],[],[],[],[],[],0.03,,3,,,,,,,False,scenario3,7,2066485247008,False,,0,0
1,7,want,8,0.16666666666666666,NO_PREDICTIVE_CANDIDATE,0,[],[],[],[],[],[],0.03,,4,,,,,,,False,scenario3,6,2066401466256,False,,0,0
1,7,want,2,0.2222222222222222,NO_PREDICTIVE_CANDIDATE,0,[],[],[],[],[],[],0.03,,5,,,,,,,False,scenario3,9,2066402195504,False,,0,0
1,7,want,87,0.2777777777777778,NO_PREDICTIVE_CANDIDATE,0,[],[],[],[],[],[],0.03,,6,,,,,,,False,scenario3,9,2066402355024,False,,0,0
1,7,want,0,0.3333333333333333,NO_PREDICTIVE_CANDIDATE,0,[],[],[],[],[],[],0.03,,7,,,,,,,False,scenario3,7,2066485593104,False,,0,0
1,7,want,27,0.3888888888888889,NO_PREDICTIVE_CANDIDATE,0,[],[],[],[],[],[],0.03,,8,,,,,,,False,scenario3,4,2066485594112,False,,0,0
1,7,want,26,0.4444444444444444,NO_PREDICTIVE_CANDIDATE,0,[],[],[],[],[],[],0.03,,9,,,,,,,False,scenario3,0,2066485595120,False,,0,0
1,7,want,6,0.5,NO_PREDICTIVE_CANDIDATE,0,[],[],[],[],[],[],0.03,,10,,,,,,,False,scenario3,7,2066485596128,False,,0,0
1,8,to,60,0.0,NO_PREDICTIVE_CANDIDATE,0,[],[],[],[],[],[],0.03,,1,,,,,,,False,scenario3,9,2066485597472,False,,0,0
1,8,to,48,0.05555555555555555,NO_PREDICTIVE_CANDIDATE,0,[],[],[],[],[],[],0.03,,2,,,,,,,False,scenario3,5,2066485596752,False,,0,0
1,8,to,90,0.1111111111111111,NO_PREDICTIVE_CANDIDATE,0,[],[],[],[],[],[],0.03,,3,,,,,,,False,scenario3,8,2066485599680,False,,0,0
1,8,to,50,0.16666666666666666,NO_PREDICTIVE_CANDIDATE,0,[],[],[],[],[],[],0.03,,4,,,,,,,False,scenario3,4,2066485600688,False,,0,0
1,8,to,53,0.2222222222222222,NO_PREDICTIVE_CANDIDATE,0,[],[],[],[],[],[],0.03,,5,,,,,,,False,scenario3,3,2066485601696,False,,0,0
1,8,to,9,0.2777777777777778,NO_PREDICTIVE_CANDIDATE,0,[],[],[],[],[],[],0.03,,6,,,,,,,False,scenario3,2,2066485602704,False,,0,0
1,8,to,72,0.3333333333333333,NO_PREDICTIVE_CANDIDATE,0,[],[],[],[],[],[],0.03,,7,,,,,,,False,scenario3,6,2066485603712,False,,0,0
1,8,to,80,0.3888888888888889,NO_PREDICTIVE_CANDIDATE,0,[],[],[],[],[],[],0.03,,8,,,,,,,False,scenario3,3,2066485604720,False,,0,0
1,8,to,25,0.4444444444444444,NO_PREDICTIVE_CANDIDATE,0,[],[],[],[],[],[],0.03,,9,,,,,,,False,scenario3,7,2066485605728,False,,0,0
1,8,to,99,0.5,NO_PREDICTIVE_CANDIDATE,0,[],[],[],[],[],[],0.03,,10,,,,,,,False,scenario3,3,2066485606736,False,,0,0
1,9,see,86,0.0,NO_PREDICTIVE_CANDIDATE,0,[],[],[],[],[],[],0.03,,1,,,,,,,False,scenario3,6,2066485606832,False,,0,0
1,9,see,34,0.05555555555555555,NO_PREDICTIVE_CANDIDATE,0,[],[],[],[],[],[],0.03,,2,,,,,,,False,scenario3,9,2066402362240,False,,0,0
1,9,see,43,0.1111111111111111,NO_PREDICTIVE_CANDIDATE,0,[],[],[],[],[],[],0.03,,3,,,,,,,False,scenario3,8,2066402363248,False,,0,0
1,9,see,11,0.16666666666666666,NO_PREDICTIVE_CANDIDATE,0,[],[],[],[],[],[],0.03,,4,,,,,,,False,scenario3,8,2066402364256,False,,0,0
1,9,see,39,0.2222222222222222,NO_PREDICTIVE_CANDIDATE,0,[],[],[],[],[],[],0.03,,5,,,,,,,False,scenario3,2,2066402365264,False,,0,0
1,9,see,42,0.2777777777777778,NO_PREDICTIVE_CANDIDATE,0,[],[],[],[],[],[],0.03,,6,,,,,,,False,scenario3,4,2066402366272,False,,0,0
1,9,see,1,0.3333333333333333,NO_PREDICTIVE_CANDIDATE,0,[],[],[],[],[],[],0.03,,7,,,,,,,False,scenario3,1,2066402367280,False,,0,0
1,9,see,52,0.3888888888888889,NO_PREDICTIVE_CANDIDATE,0,[],[],[],[],[],[],0.03,,8,,,,,,,False,scenario3,4,2066402368288,False,,0,0
1,9,see,97,0.4444444444444444,NO_PREDICTIVE_CANDIDATE,0,[],[],[],[],[],[],0.03,,9,,,,,,,False,scenario3,9,2066402369296,False,,0,0
1,9,see,15,0.5,NO_PREDICTIVE_CANDIDATE,0,[],[],[],[],[],[],0.03,,10,,,,,,,False,scenario3,2,2066402370304,False,,0,0
2,0,The,17,0.0,NO_PREDICTIVE_CANDIDATE,0,[],[],[],[],[],[],0.03,,1,,,,,,,False,scenario3,5,,False,,0,0
2,0,The,31,0.05555555555555555,NO_PREDICTIVE_CANDIDATE,0,[],[],[],[],[],[],0.03,,2,,,,,,,False,scenario3,5,,False,,0,0
2,0,The,90,0.1111111111111111,NO_PREDICTIVE_CANDIDATE,0,[],[],[],[],[],[],0.03,,3,,,,,,,False,scenario3,3,,False,,0,0
2,0,The,12,0.16666666666666666,NO_PREDICTIVE_CANDIDATE,0,[],[],[],[],[],[],0.03,,4,,,,,,,False,scenario3,7,,False,,0,0
2,0,The,1,0.2222222222222222,NO_PREDICTIVE_CANDIDATE,0,[],[],[],[],[],[],0.03,,5,,,,,,,False,scenario3,7,,False,,0,0
2,0,The,7,0.2777777777777778,NO_PREDICTIVE_CANDIDATE,0,[],[],[],[],[],[],0.03,,6,,,,,,,False,scenario3,8,,False,,0,0
2,0,The,59,0.3333333333333333,NO_PREDICTIVE_CANDIDATE,0,[],[],[],[],[],[],0.03,,7,,,,,,,False,scenario3,1,,False,,0,0
2,0,The,62,0.3888888888888889,NO_PREDICTIVE_CANDIDATE,0,[],[],[],[],[],[],0.03,,8,,,,,,,False,scenario3,6,,False,,0,0
2,0,The,22,0.4444444444444444,NO_PREDICTIVE_CANDIDATE,0,[],[],[],[],[],[],0.03,,9,,,,,,,False,scenario3,3,,False,,0,0
2,0,The,87,0.5,NO_PREDICTIVE_CANDIDATE,0,[],[],[],[],[],[],0.03,,10,,,,,,,False,scenario3,5,,False,,0,0
2,1,Great,71,0.0,NO_PREDICTIVE_CANDIDATE,0,[],[],[],[],[],[],0.03,,1,,,,,,,False,scenario3,8,2066402376112,False,,0,0
2,1,Great,24,0.05555555555555555,NO_PREDICTIVE_CANDIDATE,0,[],[],[],[],[],[],0.03,,2,,,,,,,False,scenario3,2,2066402375296,False,,0,0
2,1,Great,57,0.1111111111111111,NO_PREDICTIVE_CANDIDATE,0,[],[],[],[],[],[],0.03,,3,,,,,,,False,scenario3,9,2066402374000,False,,0,0
2,1,Great,65,0.16666666666666666,NO_PREDICTIVE_CANDIDATE,0,[],[],[],[],[],[],0.03,,4,,,,,,,False,scenario3,5,2066402373280,False,,0,0
2,1,Great,93,0.2222222222222222,NO_PREDICTIVE_CANDIDATE,0,[],[],[],[],[],[],0.03,,5,,,,,,,False,scenario3,9,2066402371984,False,,0,0
2,1,Great,98,0.2777777777777778,NO_PREDICTIVE_CANDIDATE,0,[],[],[],[],[],[],0.03,,6,,,,,,,False,scenario3,5,2066402371264,False,,0,0
2,1,Great,16,0.3333333333333333,NO_PREDICTIVE_CANDIDATE,0,[],[],[],[],[],[],0.03,,7,,,,,,,False,scenario3,8,2066401755888,False,,0,0
2,1,Great,53,0.3888888888888889,NO_PREDICTIVE_CANDIDATE,0,[],[],[],[],[],[],0.03,,8,,,,,,,False,scenario3,1,2066401756896,False,,0,0
2,1,Great,82,0.4444444444444444,NO_PREDICTIVE_CANDIDATE,0,[],[],[],[],[],[],0.03,,9,,,,,,,False,scenario3,0,2066401757904,False,,0,0
2,1,Great,49,0.5,NO_PREDICTIVE_CANDIDATE,0,[],[],[],[],[],[],0.03,,10,,,,,,,False,scenario3,6,2066401758912,False,,0,0
2,2,Square,14,0.0,NO_PREDICTIVE_CANDIDATE,0,[],[],[],[],[],[],0.03,,1,,,,,,,False,scenario3,4,2066401764192,False,,0,0
2,2,Square,50,0.05555555555555555,NO_PREDICTIVE_CANDIDATE,0,[],[],[],[],[],[],0.03,,2,,,,,,,False,scenario3,3,2066401763376,False,,0,0
2,2,Square,53,0.1111111111111111,NO_PREDICTIVE_CANDIDATE,0,[],[],[],[],[],[],0.03,,3,,,,,,,False,scenario3,0,2066401762080,False,,0,0
2,2,Square,27,0.16666666666666666,NO_PREDICTIVE_CANDIDATE,0,[],[],[],[],[],[],0.03,,4,,,,,,,False,scenario3,6,2066401761360,False,,0,0
2,2,Square,0,0.2222222222222222,NO_PREDICTIVE_CANDIDATE,0,[],[],[],[],[],[],0.03,,5,,,,,,,False,scenario3,6,2066401760064,False,,0,0
2,2,Square,34,0.2777777777777778,NO_PREDICTIVE_CANDIDATE,0,[],[],[],[],[],[],0.03,,6,,,,,,,False,scenario3,5,2066401759344,False,,0,0
2,2,Square,75,0.3333333333333333,NO_PREDICTIVE_CANDIDATE,0,[],[],[],[],[],[],0.03,,7,,,,,,,False,scenario3,1,2066401766496,False,,0,0
2,2,Square,38,0.3888888888888889,NO_PREDICTIVE_CANDIDATE,0,[],[],[],[],[],[],0.03,,8,,,,,,,False,scenario3,3,2066401767504,False,,0,0
2,2,Square,2,0.4444444444444444,NO_PREDICTIVE_CANDIDATE,0,[],[],[],[],[],[],0.03,,9,,,,,,,False,scenario3,2,2066401768512,False,,0,0
2,2,Square,26,0.5,NO_PREDICTIVE_CANDIDATE,0,[],[],[],[],[],[],0.03,,10,,,,,,,False,scenario3,3,2066401769520,False,,0,0
2,3,of,23,0.0,NO_PREDICTIVE_CANDIDATE,0,[],[],[],[],[],[],0.03,,1,,,,,,,False,scenario3,0,2066401769808,False,,0,0
2,3,of,50,0.05555555555555555,NO_PREDICTIVE_CANDIDATE,0,[],[],[],[],[],[],0.03,,2,,,,,,,False,scenario3,0,2066401788512,False,,0,0
2,3,of,77,0.1111111111111111,NO_PREDICTIVE_CANDIDATE,0,[],[],[],[],[],[],0.03,,3,,,,,,,False,scenario3,4,2066401789520,False,,0,0
2,3,of,82,0.16666666666666666,NO_PREDICTIVE_CANDIDATE,0,[],[],[],[],[],[],0.03,,4,,,,,,,False,scenario3,7,2066401790528,False,,0,0
2,3,of,73,0.2222222222222222,NO_PREDICTIVE_CANDIDATE,0,[],[],[],[],[],[],0.03,,5,,,,,,,False,scenario3,1,2066401791536,False,,0,0
2,3,of,12,0.2777777777777778,NO_PREDICTIVE_CANDIDATE,0,[],[],[],[],[],[],0.03,,6,,,,,,,False,scenario3,1,2066401792544,False,,0,0
2,3,of,5,0.3333333333333333,NO_PREDICTIVE_CANDIDATE,0,[],[],[],[],[],[],0.03,,7,,,,,,,False,scenario3,3,2066401793552,False,,0,0
2,3,of,18,0.3888888888888889,NO_PREDICTIVE_CANDIDATE,0,[],[],[],[],[],[],0.03,,8,,,,,,,False,scenario3,5,2066401794560,False,,0,0
2,3,of,27,0.4444444444444444,NO_PREDICTIVE_CANDIDATE,0,[],[],[],[],[],[],0.03,,9,,,,,,,False,scenario3,5,2066401795568,False,,0,0
2,3,of,56,0.5,NO_PREDICTIVE_CANDIDATE,0,[],[],[],[],[],[],0.03,,10,,,,,,,False,scenario3,2,2066401796576,False,,0,0
2,4,Pegasus,33,0.0,NO_PREDICTIVE_CANDIDATE,0,[],[],[],[],[],[],0.03,,1,,,,,,,False,scenario3,0,2066401802528,False,,0,0
2,4,Pegasus,1,0.05555555555555555,NO_PREDICTIVE_CANDIDATE,0,[],[],[],[],[],[],0.03,,2,,,,,,,False,scenario3,6,2066401801808,False,,0,0
2,4,Pegasus,98,0.1111111111111111,NO_PREDICTIVE_CANDIDATE,0,[],[],[],[],[],[],0.03,,3,,,,,,,False,scenario3,8,2066401800416,False,,0,0
2,4,Pegasus,78,0.16666666666666666,NO_PREDICTIVE_CANDIDATE,0,[],[],[],[],[],[],0.03,,4,,,,,,,False,scenario3,5,2066401799696,False,,0,0
2,4,Pegasus,42,0.2222222222222222,NO_PREDICTIVE_CANDIDATE,0,[],[],[],[],[],[],0.03,,5,,,,,,,False,scenario3,0,2066401798400,False,,0,0
2,4,Pegasus,37,0.2777777777777778,NO_PREDICTIVE_CANDIDATE,0,[],[],[],[],[],[],0.03,,6,,,,,,,False,scenario3,8,2066401797680,False,,0,0
2,4,Pegasus,49,0.3333333333333333,NO_PREDICTIVE_CANDIDATE,0,[],[],[],[],[],[],0.03,,7,,,,,,,False,scenario3,8,2066401765248,False,,0,0
2,4,Pegasus,9,0.3888888888888889,NO_PREDICTIVE_CANDIDATE,0,[],[],[],[],[],[],0.03,,8,,,,,,,False,scenario3,0,2066401608624,False,,0,0
2,4,Pegasus,11,0.4444444444444444,NO_PREDICTIVE_CANDIDATE,0,[],[],[],[],[],[],0.03,,9,,,,,,,False,scenario3,5,2066401609632,False,,0,0
2,4,Pegasus,26,0.5,NO_PREDICTIVE_CANDIDATE,0,[],[],[],[],[],[],0.03,,10,,,,,,,False,scenario3,9,2066401610640,False,,0,0
2,5,was,74,0.0,NO_PREDICTIVE_CANDIDATE,0,[],[],[],[],[],[],0.03,,1,,,,,,,False,scenario3,4,2066401617840,False,,0,0
2,5,was,81,0.05555555555555555,NO_PREDICTIVE_CANDIDATE,0,[],[],[],[],[],[],0.03,,2,,,,,,,False,scenario3,2,2066401617024,False,,0,0
2,5,was,31,0.1111111111111111,NO_PREDICTIVE_CANDIDATE,0,[],[],[],[],[],[],0.03,,3,,,,,,,False,scenario3,5,2066401615728,False,,0,0
2,5,was,1,0.16666666666666666,NO_PREDICTIVE_CANDIDATE,0,[],[],[],[],[],[],0.03,,4,,,,,,,False,scenario3,7,2066401615008,False,,0,0
2,5,was,76,0.2222222222222222,NO_PREDICTIVE_CANDIDATE,0,[],[],[],[],[],[],0.03,,5,,,,,,,False,scenario3,0,2066401613712,False,,0,0
2,5,was,47,0.2777777777777778,NO_PREDICTIVE_CANDIDATE,0,[],[],[],[],[],[],0.03,,6,,,,,,,False,scenario3,2,2066401612992,False,,0,0
2,5,was,79,0.3333333333333333,NO_PREDICTIVE_CANDIDATE,0,[],[],[],[],[],[],0.03,,7,,,,,,,False,scenario3,0,2066401611696,False,,0,0
2,5,was,58,0.3888888888888889,NO_PREDICTIVE_CANDIDATE,0,[],[],[],[],[],[],0.03,,8,,,,,,,False,scenario3,6,2066401610976,False,,0,0
2,5,was,16,0.4444444444444444,NO_PREDICTIVE_CANDIDATE,0,[],[],[],[],[],[],0.03,,9,,,,,,,False,scenario3,6,2066401620240,False,,0,0
2,5,was,75,0.5,NO_PREDICTIVE_CANDIDATE,0,[],[],[],[],[],[],0.03,,10,,,,,,,False,scenario3,5,2066401621248,False,,0,0
2,6,over,61,0.0,NO_PREDICTIVE_CANDIDATE,0,[],[],[],[],[],[],0.03,,1,,,,,,,False,scenario3,0,2066401622640,False,,0,0
2,6,over,73,0.05555555555555555,NO_PREDICTIVE_CANDIDATE,0,[],[],[],[],[],[],0.03,,2,,,,,,,False,scenario3,5,2066401621392,False,,0,0
2,6,over,17,0.1111111111111111,NO_PREDICTIVE_CANDIDATE,0,[],[],[],[],[],[],0.03,,3,,,,,,,False,scenario3,5,2066401919776,False,,0,0
2,6,over,49,0.16666666666666666,NO_PREDICTIVE_CANDIDATE,0,[],[],[],[],[],[],0.03,,4,,,,,,,False,scenario3,4,2066401920784,False,,0,0
2,6,over,23,0.2222222222222222,NO_PREDICTIVE_CANDIDATE,0,[],[],[],[],[],[],0.03,,5,,,,,,,False,scenario3,5,2066401921792,False,,0,0
2,6,over,80,0.2777777777777778,NO_PREDICTIVE_CANDIDATE,0,[],[],[],[],[],[],0.03,,6,,,,,,,False,scenario3,0,2066401922800,False,,0,0
2,6,over,19,0.3333333333333333,NO_PREDICTIVE_CANDIDATE,0,[],[],[],[],[],[],0.03,,7,,,,,,,False,scenario3,7,2066401923808,False,,0,0
2,6,over,39,0.3888888888888889,NO_PREDICTIVE_CANDIDATE,0,[],[],[],[],[],[],0.03,,8,,,,,,,False,scenario3,0,2066401924816,False,,0,0
2,6,over,29,0.4444444444444444,NO_PREDICTIVE_CANDIDATE,0,[],[],[],[],[],[],0.03,,9,,,,,,,False,scenario3,8,2066401925824,False,,0,0
2,6,over,78,0.5,NO_PREDICTIVE_CANDIDATE,0,[],[],[],[],[],[],0.03,,10,,,,,,,False,scenario3,6,2066401926832,False,,0,0
2,7,our,31,0.0,NO_PREDICTIVE_CANDIDATE,0,[],[],[],[],[],[],0.03,,1,,,,,,,False,scenario3,6,2066401933888,False,,0,0
2,7,our,92,0.05555555555555555,NO_PREDICTIVE_CANDIDATE,0,[],[],[],[],[],[],0.03,,2,,,,,,,False,scenario3,6,2066401932496,False,,0,0
2,7,our,24,0.1111111111111111,NO_PREDICTIVE_CANDIDATE,0,[],[],[],[],[],[],0.03,,3,,,,,,,False,scenario3,8,2066401931776,False,,0,0
2,7,our,20,0.16666666666666666,NO_PREDICTIVE_CANDIDATE,0,[],[],[],[],[],[],0.03,,4,,,,,,,False,scenario3,2,2066401930480,False,,0,0
2,7,our,94,0.2222222222222222,NO_PREDICTIVE_CANDIDATE,0,[],[],[],[],[],[],0.03,,5,,,,,,,False,scenario3,1,2066401929760,False,,0,0
2,7,our,80,0.2777777777777778,NO_PREDICTIVE_CANDIDATE,0,[],[],[],[],[],[],0.03,,6,,,,,,,False,scenario3,4,2066401928464,False,,0,0
2,7,our,70,0.3333333333333333,NO_PREDICTIVE_CANDIDATE,0,[],[],[],[],[],[],0.03,,7,,,,,,,False,scenario3,3,2066401927744,False,,0,0
2,7,our,25,0.3888888888888889,NO_PREDICTIVE_CANDIDATE,0,[],[],[],[],[],[],0.03,,8,,,,,,,False,scenario3,0,2066401968256,False,,0,0
2,7,our,87,0.4444444444444444,NO_PREDICTIVE_CANDIDATE,0,[],[],[],[],[],[],0.03,,9,,,,,,,False,scenario3,8,2066401969264,False,,0,0
2,7,our,49,0.5,NO_PREDICTIVE_CANDIDATE,0,[],[],[],[],[],[],0.03,,10,,,,,,,False,scenario3,5,2066401970272,False,,0,0
2,8,heads,61,0.0,NO_PREDICTIVE_CANDIDATE,0,[],[],[],[],[],[],0.03,,1,,,,,,,False,scenario3,5,2066401980256,False,,0,0
2,8,heads,77,0.05555555555555555,NO_PREDICTIVE_CANDIDATE,0,[],[],[],[],[],[],0.03,,2,,,,,,,False,scenario3,8,2066401979536,False,,0,0
2,8,heads,10,0.1111111111111111,NO_PREDICTIVE_CANDIDATE,0,[],[],[],[],[],[],0.03,,3,,,,,,,False,scenario3,0,2066401978240,False,,0,0
2,8,heads,53,0.16666666666666666,NO_PREDICTIVE_CANDIDATE,0,[],[],[],[],[],[],0.03,,4,,,,,,,False,scenario3,8,2066401977520,False,,0,0
2,8,heads,6,0.2222222222222222,NO_PREDICTIVE_CANDIDATE,0,[],[],[],[],[],[],0.03,,5,,,,,,,False,scenario3,1,2066401976224,False,,0,0
2,8,heads,13,0.2777777777777778,NO_PREDICTIVE_CANDIDATE,0,[],[],[],[],[],[],0.03,,6,,,,,,,False,scenario3,6,2066401975504,False,,0,0
2,8,heads,4,0.3333333333333333,NO_PREDICTIVE_CANDIDATE,0,[],[],[],[],[],[],0.03,,7,,,,,,,False,scenario3,1,2066401974208,False,,0,0
2,8,heads,65,0.3888888888888889,NO_PREDICTIVE_CANDIDATE,0,[],[],[],[],[],[],0.03,,8,,,,,,,False,scenario3,8,2066401973488,False,,0,0
2,8,heads,32,0.4444444444444444,NO_PREDICTIVE_CANDIDATE,0,[],[],[],[],[],[],0.03,,9,,,,,,,False,scenario3,1,2066401972192,False,,0,0
2,8,heads,30,0.5,NO_PREDICTIVE_CANDIDATE,0,[],[],[],[],[],[],0.03,,10,,,,,,,False,scenario3,1,2066401971472,False,,0,0
2,9,.,94,0.0,NO_PREDICTIVE_CANDIDATE,0,[],[],[],[],[],[],0.03,,1,,,,,,,False,scenario3,3,2066401982800,False,,0,0
2,9,.,90,0.05555555555555555,NO_PREDICTIVE_CANDIDATE,0,[],[],[],[],[],[],0.03,,2,,,,,,,False,scenario3,6,2066401982080,False,,0,0
2,9,.,50,0.1111111111111111,NO_PREDICTIVE_CANDIDATE,0,[],[],[],[],[],[],0.03,,3,,,,,,,False,scenario3,8,2066401970944,False,,0,0
2,9,.,32,0.16666666666666666,NO_PREDICTIVE_CANDIDATE,0,[],[],[],[],[],[],0.03,,4,,,,,,,False,scenario3,7,2066401674208,False,,0,0
2,9,.,53,0.2222222222222222,NO_PREDICTIVE_CANDIDATE,0,[],[],[],[],[],[],0.03,,5,,,,,,,False,scenario3,7,2066401675216,False,,0,0
2,9,.,76,0.2777777777777778,NO_PREDICTIVE_CANDIDATE,0,[],[],[],[],[],[],0.03,,6,,,,,,,False,scenario3,4,2066401676224,False,,0,0
2,9,.,62,0.3333333333333333,NO_PREDICTIVE_CANDIDATE,0,[],[],[],[],[],[],0.03,,7,,,,,,,False,scenario3,2,2066401677232,False,,0,0
2,9,.,37,0.3888888888888889,NO_PREDICTIVE_CANDIDATE,0,[],[],[],[],[],[],0.03,,8,,,,,,,False,scenario3,9,2066401678240,False,,0,0
2,9,.,66,0.4444444444444444,NO_PREDICTIVE_CANDIDATE,0,[],[],[],[],[],[],0.03,,9,,,,,,,False,scenario3,6,2066401679248,False,,0,0
2,9,.,22,0.5,NO_PREDICTIVE_CANDIDATE,0,[],[],[],[],[],[],0.03,,10,,,,,,,False,scenario3,2,2066401680256,False,,0,0
3,0,A,92,0.0,NO_PREDICTIVE_CANDIDATE,0,[],[],[],[],[],[],0.03,,1,,,,,,,False,scenario3,1,,False,,0,0
3,0,A,8,0.05555555555555555,NO_PREDICTIVE_CANDIDATE,0,[],[],[],[],[],[],0.03,,2,,,,,,,False,scenario3,7,,False,,0,0
3,0,A,16,0.1111111111111111,NO_PREDICTIVE_CANDIDATE,0,[],[],[],[],[],[],0.03,,3,,,,,,,False,scenario3,1,,False,,0,0
3,0,A,29,0.16666666666666666,NO_PREDICTIVE_CANDIDATE,0,[],[],[],[],[],[],0.03,,4,,,,,,,False,scenario3,3,,False,,0,0
3,0,A,61,0.2222222222222222,NO_PREDICTIVE_CANDIDATE,0,[],[],[],[],[],[],0.03,,5,,,,,,,False,scenario3,3,,False,,0,0
3,0,A,71,0.2777777777777778,NO_PREDICTIVE_CANDIDATE,0,[],[],[],[],[],[],0.03,,6,,,,,,,False,scenario3,3,,False,,0,0
3,0,A,83,0.3333333333333333,NO_PREDICTIVE_CANDIDATE,0,[],[],[],[],[],[],0.03,,7,,,,,,,False,scenario3,2,,False,,0,0
3,0,A,78,0.3888888888888889,NO_PREDICTIVE_CANDIDATE,0,[],[],[],[],[],[],0.03,,8,,,,,,,False,scenario3,3,,False,,0,0
3,0,A,9,0.4444444444444444,NO_PREDICTIVE_CANDIDATE,0,[],[],[],[],[],[],0.03,,9,,,,,,,False,scenario3,9,,False,,0,0
3,0,A,35,0.5,NO_PREDICTIVE_CANDIDATE,0,[],[],[],[],[],[],0.03,,10,,,,,,,False,scenario3,6,,False,,0,0
3,1,moment,27,0.0,NO_PREDICTIVE_CANDIDATE,0,[],[],[],[],[],[],0.03,,1,,,,,,,False,scenario3,2,2066401687888,False,,0,0
3,1,moment,26,0.05555555555555555,NO_PREDICTIVE_CANDIDATE,0,[],[],[],[],[],[],0.03,,2,,,,,,,False,scenario3,2,2066401687168,False,,0,0
3,1,moment,95,0.1111111111111111,NO_PREDICTIVE_CANDIDATE,0,[],[],[],[],[],[],0.03,,3,,,,,,,False,scenario3,3,2066401685872,False,,0,0
3,1,moment,2,0.16666666666666666,NO_PREDICTIVE_CANDIDATE,0,[],[],[],[],[],[],0.03,,4,,,,,,,False,scenario3,6,2066401685152,False,,0,0
3,1,moment,8,0.2222222222222222,NO_PREDICTIVE_CANDIDATE,0,[],[],[],[],[],[],0.03,,5,,,,,,,False,scenario3,9,2066401683856,False,,0,0
3,1,moment,34,0.2777777777777778,NO_PREDICTIVE_CANDIDATE,0,[],[],[],[],[],[],0.03,,6,,,,,,,False,scenario3,0,2066401683136,False,,0,0
3,1,moment,52,0.3333333333333333,NO_PREDICTIVE_CANDIDATE,0,[],[],[],[],[],[],0.03,,7,,,,,,,False,scenario3,3,2066401681840,False,,0,0
3,1,moment,57,0.3888888888888889,NO_PREDICTIVE_CANDIDATE,0,[],[],[],[],[],[],0.03,,8,,,,,,,False,scenario3,0,2066401681120,False,,0,0
3,1,moment,31,0.4444444444444444,NO_PREDICTIVE_CANDIDATE,0,[],[],[],[],[],[],0.03,,9,,,,,,,False,scenario3,9,2066425709392,False,,0,0
3,1,moment,7,0.5,NO_PREDICTIVE_CANDIDATE,0,[],[],[],[],[],[],0.03,,10,,,,,,,False,scenario3,9,2066425710400,False,,0,0
3,2,before,5,0.0,NO_PREDICTIVE_CANDIDATE,0,[],[],[],[],[],[],0.03,,1,,,,,,,False,scenario3,7,2066425723600,False,,0,0
3,2,before,22,0.05555555555555555,NO_PREDICTIVE_CANDIDATE,0,[],[],[],[],[],[],0.03,,2,,,,,,,False,scenario3,3,2066425722208,False,,0,0
3,2,before,36,0.1111111111111111,NO_PREDICTIVE_CANDIDATE,0,[],[],[],[],[],[],0.03,,3,,,,,,,False,scenario3,1,2066425721488,False,,0,0
3,2,before,47,0.16666666666666666,NO_PREDICTIVE_CANDIDATE,0,[],[],[],[],[],[],0.03,,4,,,,,,,False,scenario3,1,2066425720192,False,,0,0
3,2,before,67,0.2222222222222222,NO_PREDICTIVE_CANDIDATE,0,[],[],[],[],[],[],0.03,,5,,,,,,,False,scenario3,7,2066425719472,False,,0,0
3,2,before,73,0.2777777777777778,NO_PREDICTIVE_CANDIDATE,0,[],[],[],[],[],[],0.03,,6,,,,,,,False,scenario3,2,2066425718176,False,,0,0
3,2,before,16,0.3333333333333333,NO_PREDICTIVE_CANDIDATE,0,[],[],[],[],[],[],0.03,,7,,,,,,,False,scenario3,2,2066425717456,False,,0,0
3,2,before,11,0.3888888888888889,NO_PREDICTIVE_CANDIDATE,0,[],[],[],[],[],[],0.03,,8,,,,,,,False,scenario3,7,2066425716160,False,,0,0
3,2,before,46,0.4444444444444444,NO_PREDICTIVE_CANDIDATE,0,[],[],[],[],[],[],0.03,,9,,,,,,,False,scenario3,5,2066425715440,False,,0,0
3,2,before,17,0.5,NO_PREDICTIVE_CANDIDATE,0,[],[],[],[],[],[],0.03,,10,,,,,,,False,scenario3,1,2066425714144,False,,0,0
3,3,she,57,0.0,NO_PREDICTIVE_CANDIDATE,0,[],[],[],[],[],[],0.03,,1,,,,,,,False,scenario3,4,2066425711936,False,,0,0
3,3,she,42,0.05555555555555555,NO_PREDICTIVE_CANDIDATE,0,[],[],[],[],[],[],0.03,,2,,,,,,,False,scenario3,5,2066425712944,False,,0,0
3,3,she,84,0.1111111111111111,NO_PREDICTIVE_CANDIDATE,0,[],[],[],[],[],[],0.03,,3,,,,,,,False,scenario3,4,2066425713952,False,,0,0
3,3,she,93,0.16666666666666666,NO_PREDICTIVE_CANDIDATE,0,[],[],[],[],[],[],0.03,,4,,,,,,,False,scenario3,3,2066425774736,False,,0,0
3,3,she,88,0.2222222222222222,NO_PREDICTIVE_CANDIDATE,0,[],[],[],[],[],[],0.03,,5,,,,,,,False,scenario3,5,2066425775312,False,,0,0
3,3,she,66,0.2777777777777778,NO_PREDICTIVE_CANDIDATE,0,[],[],[],[],[],[],0.03,,6,,,,,,,False,scenario3,9,2066425777232,False,,0,0
3,3,she,74,0.3333333333333333,NO_PREDICTIVE_CANDIDATE,0,[],[],[],[],[],[],0.03,,7,,,,,,,False,scenario3,6,2066425776656,False,,0,0
3,3,she,17,0.3888888888888889,NO_PREDICTIVE_CANDIDATE,0,[],[],[],[],[],[],0.03,,8,,,,,,,False,scenario3,7,2066425779056,False,,0,0
3,3,she,75,0.4444444444444444,NO_PREDICTIVE_CANDIDATE,0,[],[],[],[],[],[],0.03,,9,,,,,,,False,scenario3,2,2066425780640,False,,0,0
3,3,she,4,0.5,NO_PREDICTIVE_CANDIDATE,0,[],[],[],[],[],[],0.03,,10,,,,,,,False,scenario3,5,2066425780064,False,,0,0
3,4,had,2,0.0,NO_PREDICTIVE_CANDIDATE,0,[],[],[],[],[],[],0.03,,1,,,,,,,False,scenario3,8,2066425790336,False,,0,0
3,4,had,60,0.05555555555555555,NO_PREDICTIVE_CANDIDATE,0,[],[],[],[],[],[],0.03,,2,,,,,,,False,scenario3,0,2066425786688,False,,0,0
3,4,had,45,0.1111111111111111,NO_PREDICTIVE_CANDIDATE,0,[],[],[],[],[],[],0.03,,3,,,,,,,False,scenario3,2,2066425788560,False,,0,0
3,4,had,89,0.16666666666666666,NO_PREDICTIVE_CANDIDATE,0,[],[],[],[],[],[],0.03,,4,,,,,,,False,scenario3,2,2066425784960,False,,0,0
3,4,had,39,0.2222222222222222,NO_PREDICTIVE_CANDIDATE,0,[],[],[],[],[],[],0.03,,5,,,,,,,False,scenario3,4,2066425784624,False,,0,0
3,4,had,4,0.2777777777777778,NO_PREDICTIVE_CANDIDATE,0,[],[],[],[],[],[],0.03,,6,,,,,,,False,scenario3,3,2066425784288,False,,0,0
3,4,had,76,0.3333333333333333,NO_PREDICTIVE_CANDIDATE,0,[],[],[],[],[],[],0.03,,7,,,,,,,False,scenario3,7,2066425782752,False,,0,0
3,4,had,81,0.3888888888888889,NO_PREDICTIVE_CANDIDATE,0,[],[],[],[],[],[],0.03,,8,,,,,,,False,scenario3,9,2066425782320,False,,0,0
3,4,had,9,0.4444444444444444,NO_PREDICTIVE_CANDIDATE,0,[],[],[],[],[],[],0.03,,9,,,,,,,False,scenario3,8,2066425710784,False,,0,0
3,4,had,61,0.5,NO_PREDICTIVE_CANDIDATE,0,[],[],[],[],[],[],0.03,,10,,,,,,,False,scenario3,3,2066425840656,False,,0,0
3,5,been,8,0.0,NO_PREDICTIVE_CANDIDATE,0,[],[],[],[],[],[],0.03,,1,,,,,,,False,scenario3,4,2066425853520,False,,0,0
3,5,been,93,0.05555555555555555,NO_PREDICTIVE_CANDIDATE,0,[],[],[],[],[],[],0.03,,2,,,,,,,False,scenario3,5,2066425852800,False,,0,0
3,5,been,39,0.1111111111111111,NO_PREDICTIVE_CANDIDATE,0,[],[],[],[],[],[],0.03,,3,,,,,,,False,scenario3,8,2066425851504,False,,0,0
3,5,been,40,0.16666666666666666,NO_PREDICTIVE_CANDIDATE,0,[],[],[],[],[],[],0.03,,4,,,,,,,False,scenario3,8,2066425850784,False,,0,0
3,5,been,17,0.2222222222222222,NO_PREDICTIVE_CANDIDATE,0,[],[],[],[],[],[],0.03,,5,,,,,,,False,scenario3,3,2066425849488,False,,0,0
3,5,been,9,0.2777777777777778,NO_PREDICTIVE_CANDIDATE,0,[],[],[],[],[],[],0.03,,6,,,,,,,False,scenario3,7,2066425848768,False,,0,0
3,5,been,57,0.3333333333333333,NO_PREDICTIVE_CANDIDATE,0,[],[],[],[],[],[],0.03,,7,,,,,,,False,scenario3,3,2066425847472,False,,0,0
3,5,been,69,0.3888888888888889,NO_PREDICTIVE_CANDIDATE,0,[],[],[],[],[],[],0.03,,8,,,,,,,False,scenario3,8,2066425846752,False,,0,0
3,5,been,47,0.4444444444444444,NO_PREDICTIVE_CANDIDATE,0,[],[],[],[],[],[],0.03,,9,,,,,,,False,scenario3,3,2066425845456,False,,0,0
3,5,been,94,0.5,NO_PREDICTIVE_CANDIDATE,0,[],[],[],[],[],[],0.03,,10,,,,,,,False,scenario3,0,2066425844736,False,,0,0
3,6,a,5,0.0,NO_PREDICTIVE_CANDIDATE,0,[],[],[],[],[],[],0.03,,1,,,,,,,False,scenario3,5,2066425841136,False,,0,0
3,6,a,94,0.05555555555555555,NO_PREDICTIVE_CANDIDATE,0,[],[],[],[],[],[],0.03,,2,,,,,,,False,scenario3,7,2066425842720,False,,0,0
3,6,a,90,0.1111111111111111,NO_PREDICTIVE_CANDIDATE,0,[],[],[],[],[],[],0.03,,3,,,,,,,False,scenario3,3,2066425843152,False,,0,0
3,6,a,16,0.16666666666666666,NO_PREDICTIVE_CANDIDATE,0,[],[],[],[],[],[],0.03,,4,,,,,,,False,scenario3,7,2066425844640,False,,0,0
3,6,a,43,0.2222222222222222,NO_PREDICTIVE_CANDIDATE,0,[],[],[],[],[],[],0.03,,5,,,,,,,False,scenario3,4,2066425869040,False,,0,0
3,6,a,45,0.2777777777777778,NO_PREDICTIVE_CANDIDATE,0,[],[],[],[],[],[],0.03,,6,,,,,,,False,scenario3,6,2066425867744,False,,0,0
3,6,a,10,0.3333333333333333,NO_PREDICTIVE_CANDIDATE,0,[],[],[],[],[],[],0.03,,7,,,,,,,False,scenario3,7,2066425867024,False,,0,0
3,6,a,87,0.3888888888888889,NO_PREDICTIVE_CANDIDATE,0,[],[],[],[],[],[],0.03,,8,,,,,,,False,scenario3,6,2066425865632,False,,0,0
3,6,a,60,0.4444444444444444,NO_PREDICTIVE_CANDIDATE,0,[],[],[],[],[],[],0.03,,9,,,,,,,False,scenario3,5,2066425864912,False,,0,0
3,6,a,9,0.5,NO_PREDICTIVE_CANDIDATE,0,[],[],[],[],[],[],0.03,,10,,,,,,,False,scenario3,5,2066425863616,False,,0,0
3,7,woman,53,0.0,NO_PREDICTIVE_CANDIDATE,0,[],[],[],[],[],[],0.03,,1,,,,,,,False,scenario3,6,2066425870816,False,,0,0
3,7,woman,3,0.05555555555555555,NO_PREDICTIVE_CANDIDATE,0,[],[],[],[],[],[],0.03,,2,,,,,,,False,scenario3,1,2066425856272,False,,0,0
3,7,woman,63,0.1111111111111111,NO_PREDICTIVE_CANDIDATE,0,[],[],[],[],[],[],0.03,,3,,,,,,,False,scenario3,0,2066425857040,False,,0,0
3,7,woman,73,0.16666666666666666,NO_PREDICTIVE_CANDIDATE,0,[],[],[],[],[],[],0.03,,4,,,,,,,False,scenario3,6,2066425858048,False,,0,0
3,7,woman,1,0.2222222222222222,NO_PREDICTIVE_CANDIDATE,0,[],[],[],[],[],[],0.03,,5,,,,,,,False,scenario3,5,2066425859056,False,,0,0
3,7,woman,79,0.2777777777777778,NO_PREDICTIVE_CANDIDATE,0,[],[],[],[],[],[],0.03,,6,,,,,,,False,scenario3,3,2066425860064,False,,0,0
3,7,woman,84,0.3333333333333333,NO_PREDICTIVE_CANDIDATE,0,[],[],[],[],[],[],0.03,,7,,,,,,,False,scenario3,6,2066425861072,False,,0,0
3,7,woman,48,0.3888888888888889,NO_PREDICTIVE_CANDIDATE,0,[],[],[],[],[],[],0.03,,8,,,,,,,False,scenario3,6,2066425862080,False,,0,0
3,7,woman,74,0.4444444444444444,NO_PREDICTIVE_CANDIDATE,0,[],[],[],[],[],[],0.03,,9,,,,,,,False,scenario3,3,2066425863088,False,,0,0
3,7,woman,77,0.5,NO_PREDICTIVE_CANDIDATE,0,[],[],[],[],[],[],0.03,,10,,,,,,,False,scenario3,3,2066425938144,False,,0,0
3,8,",",9,0.0,NO_PREDICTIVE_CANDIDATE,0,[],[],[],[],[],[],0.03,,1,,,,,,,False,scenario3,3,2066425951968,False,,0,0
3,8,",",10,0.05555555555555555,NO_PREDICTIVE_CANDIDATE,0,[],[],[],[],[],[],0.03,,2,,,,,,,False,scenario3,5,2066425951248,False,,0,0
3,8,",",11,0.1111111111111111,NO_PREDICTIVE_CANDIDATE,0,[],[],[],[],[],[],0.03,,3,,,,,,,False,scenario3,6,2066425949952,False,,0,0
3,8,",",81,0.16666666666666666,NO_PREDICTIVE_CANDIDATE,0,[],[],[],[],[],[],0.03,,4,,,,,,,False,scenario3,1,2066425949232,False,,0,0
3,8,",",14,0.2222222222222222,NO_PREDICTIVE_CANDIDATE,0,[],[],[],[],[],[],0.03,,5,,,,,,,False,scenario3,8,2066425947936,False,,0,0
3,8,",",32,0.2777777777777778,NO_PREDICTIVE_CANDIDATE,0,[],[],[],[],[],[],0.03,,6,,,,,,,False,scenario3,9,2066425947216,False,,0,0
3,8,",",53,0.3333333333333333,NO_PREDICTIVE_CANDIDATE,0,[],[],[],[],[],[],0.03,,7,,,,,,,False,scenario3,4,2066425945920,False,,0,0
3,8,",",93,0.3888888888888889,NO_PREDICTIVE_CANDIDATE,0,[],[],[],[],[],[],0.03,,8,,,,,,,False,scenario3,2,2066425945200,False,,0,0
3,8,",",42,0.4444444444444444,NO_PREDICTIVE_CANDIDATE,0,[],[],[],[],[],[],0.03,,9,,,,,,,False,scenario3,2,2066425943904,False,,0,0
3,8,",",49,0.5,NO_PREDICTIVE_CANDIDATE,0,[],[],[],[],[],[],0.03,,10,,,,,,,False,scenario3,0,2066425943184,False,,0,0
3,9,splendid,94,0.0,NO_PREDICTIVE_CANDIDATE,0,[],[],[],[],[],[],0.03,,1,,,,,,,False,scenario3,2,2066425939344,False,,0,0
3,9,splendid,88,0.05555555555555555,NO_PREDICTIVE_CANDIDATE,0,[],[],[],[],[],[],0.03,,2,,,,,,,False,scenario3,0,2066425939776,False,,0,0
3,9,splendid,74,0.1111111111111111,NO_PREDICTIVE_CANDIDATE,0,[],[],[],[],[],[],0.03,,3,,,,,,,False,scenario3,2,2066425941360,False,,0,0
3,9,splendid,58,0.16666666666666666,NO_PREDICTIVE_CANDIDATE,0,[],[],[],[],[],[],0.03,,4,,,,,,,False,scenario3,7,2066425941792,False,,0,0
3,9,splendid,56,0.2222222222222222,NO_PREDICTIVE_CANDIDATE,0,[],[],[],[],[],[],0.03,,5,,,,,,,False,scenario3,7,2066425871872,False,,0,0
3,9,splendid,59,0.2777777777777778,NO_PREDICTIVE_CANDIDATE,0,[],[],[],[],[],[],0.03,,6,,,,,,,False,scenario3,1,2066426102848,False,,0,0
3,9,splendid,69,0.3333333333333333,NO_PREDICTIVE_CANDIDATE,0,[],[],[],[],[],[],0.03,,7,,,,,,,False,scenario3,4,2066426103856,False,,0,0
3,9,splendid,10,0.3888888888888889,NO_PREDICTIVE_CANDIDATE,0,[],[],[],[],[],[],0.03,,8,,,,,,,False,scenario3,1,2066426104864,False,,0,0
3,9,splendid,66,0.4444444444444444,NO_PREDICTIVE_CANDIDATE,0,[],[],[],[],[],[],0.03,,9,,,,,,,False,scenario3,5,2066426105872,False,,0,0
3,9,splendid,96,0.5,NO_PREDICTIVE_CANDIDATE,0,[],[],[],[],[],[],0.03,,10,,,,,,,False,scenario3,5,2066426106880,False,,0,0
4,0,When,65,0.0,NO_PREDICTIVE_CANDIDATE,0,[],[],[],[],[],[],0.03,,1,,,,,,,False,scenario3,4,,False,,0,0
4,0,When,3,0.05555555555555555,NO_PREDICTIVE_CANDIDATE,0,[],[],[],[],[],[],0.03,,2,,,,,,,False,scenario3,0,,False,,0,0
4,0,When,39,0.1111111111111111,NO_PREDICTIVE_CANDIDATE,0,[],[],[],[],[],[],0.03,,3,,,,,,,False,scenario3,3,,False,,0,0
4,0,When,76,0.16666666666666666,NO_PREDICTIVE_CANDIDATE,0,[],[],[],[],[],[],0.03,,4,,,,,,,False,scenario3,8,,False,,0,0
4,0,When,11,0.2222222222222222,NO_PREDICTIVE_CANDIDATE,0,[],[],[],[],[],[],0.03,,5,,,,,,,False,scenario3,4,,False,,0,0
4,0,When,61,0.2777777777777778,NO_PREDICTIVE_CANDIDATE,0,[],[],[],[],[],[],0.03,,6,,,,,,,False,scenario3,1,,False,,0,0
4,0,When,2,0.3333333333333333,NO_PREDICTIVE_CANDIDATE,0,[],[],[],[],[],[],0.03,,7,,,,,,,False,scenario3,0,,False,,0,0
4,0,When,29,0.3888888888888889,NO_PREDICTIVE_CANDIDATE,0,[],[],[],[],[],[],0.03,,8,,,,,,,False,scenario3,3,,False,,0,0
4,0,When,89,0.4444444444444444,NO_PREDICTIVE_CANDIDATE,0,[],[],[],[],[],[],0.03,,9,,,,,,,False,scenario3,5,,False,,0,0
4,0,When,14,0.5,NO_PREDICTIVE_CANDIDATE,0,[],[],[],[],[],[],0.03,,10,,,,,,,False,scenario3,3,,False,,0,0
4,1,the,63,0.0,NO_PREDICTIVE_CANDIDATE,0,[],[],[],[],[],[],0.03,,1,,,,,,,False,scenario3,3,2066426116432,False,,0,0
4,1,the,99,0.05555555555555555,NO_PREDICTIVE_CANDIDATE,0,[],[],[],[],[],[],0.03,,2,,,,,,,False,scenario3,6,2066426115712,False,,0,0
4,1,the,78,0.1111111111111111,NO_PREDICTIVE_CANDIDATE,0,[],[],[],[],[],[],0.03,,3,,,,,,,False,scenario3,0,2066426114416,False,,0,0
4,1,the,84,0.16666666666666666,NO_PREDICTIVE_CANDIDATE,0,[],[],[],[],[],[],0.03,,4,,,,,,,False,scenario3,1,2066426113696,False,,0,0
4,1,the,62,0.2222222222222222,NO_PREDICTIVE_CANDIDATE,0,[],[],[],[],[],[],0.03,,5,,,,,,,False,scenario3,7,2066426112400,False,,0,0
4,1,the,32,0.2777777777777778,NO_PREDICTIVE_CANDIDATE,0,[],[],[],[],[],[],0.03,,6,,,,,,,False,scenario3,6,2066426111680,False,,0,0
4,1,the,1,0.3333333333333333,NO_PREDICTIVE_CANDIDATE,0,[],[],[],[],[],[],0.03,,7,,,,,,,False,scenario3,0,2066426110384,False,,0,0
4,1,the,47,0.3888888888888889,NO_PREDICTIVE_CANDIDATE,0,[],[],[],[],[],[],0.03,,8,,,,,,,False,scenario3,5,2066426109664,False,,0,0
4,1,the,38,0.4444444444444444,NO_PREDICTIVE_CANDIDATE,0,[],[],[],[],[],[],0.03,,9,,,,,,,False,scenario3,4,2066426108368,False,,0,0
4,1,the,18,0.5,NO_PREDICTIVE_CANDIDATE,0,[],[],[],[],[],[],0.03,,10,,,,,,,False,scenario3,7,2066426107648,False,,0,0
4,2,plum,86,0.0,NO_PREDICTIVE_CANDIDATE,0,[],[],[],[],[],[],0.03,,1,,,,,,,False,scenario3,0,2066426165728,False,,0,0
4,2,plum,78,0.05555555555555555,NO_PREDICTIVE_CANDIDATE,0,[],[],[],[],[],[],0.03,,2,,,,,,,False,scenario3,7,2066426165008,False,,0,0
4,2,plum,25,0.1111111111111111,NO_PREDICTIVE_CANDIDATE,0,[],[],[],[],[],[],0.03,,3,,,,,,,False,scenario3,3,2066426163712,False,,0,0
4,2,plum,66,0.16666666666666666,NO_PREDICTIVE_CANDIDATE,0,[],[],[],[],[],[],0.03,,4,,,,,,,False,scenario3,7,2066426162992,False,,0,0
4,2,plum,21,0.2222222222222222,NO_PREDICTIVE_CANDIDATE,0,[],[],[],[],[],[],0.03,,5,,,,,,,False,scenario3,0,2066426161696,False,,0,0
4,2,plum,96,0.2777777777777778,NO_PREDICTIVE_CANDIDATE,0,[],[],[],[],[],[],0.03,,6,,,,,,,False,scenario3,8,2066426160976,False,,0,0
4,2,plum,43,0.3333333333333333,NO_PREDICTIVE_CANDIDATE,0,[],[],[],[],[],[],0.03,,7,,,,,,,False,scenario3,7,2066426159680,False,,0,0
4,2,plum,84,0.3888888888888889,NO_PREDICTIVE_CANDIDATE,0,[],[],[],[],[],[],0.03,,8,,,,,,,False,scenario3,5,2066426158960,False,,0,0
4,2,plum,56,0.4444444444444444,NO_PREDICTIVE_CANDIDATE,0,[],[],[],[],[],[],0.03,,9,,,,,,,False,scenario3,4,2066426157664,False,,0,0
4,2,plum,63,0.5,NO_PREDICTIVE_CANDIDATE,0,[],[],[],[],[],[],0.03,,10,,,,,,,False,scenario3,7,2066426156944,False,,0,0
4,3,pudding,30,0.0,NO_PREDICTIVE_CANDIDATE,0,[],[],[],[],[],[],0.03,,1,,,,,,,False,scenario3,2,2066426152816,False,,0,0
4,3,pudding,41,0.05555555555555555,NO_PREDICTIVE_CANDIDATE,0,[],[],[],[],[],[],0.03,,2,,,,,,,False,scenario3,4,2066426153248,False,,0,0
4,3,pudding,51,0.1111111111111111,NO_PREDICTIVE_CANDIDATE,0,[],[],[],[],[],[],0.03,,3,,,,,,,False,scenario3,1,2066426154832,False,,0,0
4,3,pudding,85,0.16666666666666666,NO_PREDICTIVE_CANDIDATE,0,[],[],[],[],[],[],0.03,,4,,,,,,,False,scenario3,0,2066426155264,False,,0,0
4,3,pudding,32,0.2222222222222222,NO_PREDICTIVE_CANDIDATE,0,[],[],[],[],[],[],0.03,,5,,,,,,,False,scenario3,0,2066426156512,False,,0,0
4,3,pudding,25,0.2777777777777778,NO_PREDICTIVE_CANDIDATE,0,[],[],[],[],[],[],0.03,,6,,,,,,,False,scenario3,9,2066426217248,False,,0,0
4,3,pudding,81,0.3333333333333333,NO_PREDICTIVE_CANDIDATE,0,[],[],[],[],[],[],0.03,,7,,,,,,,False,scenario3,7,2066426218256,False,,0,0
4,3,pudding,55,0.3888888888888889,NO_PREDICTIVE_CANDIDATE,0,[],[],[],[],[],[],0.03,,8,,,,,,,False,scenario3,9,2066426219264,False,,0,0
4,3,pudding,96,0.4444444444444444,NO_PREDICTIVE_CANDIDATE,0,[],[],[],[],[],[],0.03,,9,,,,,,,False,scenario3,0,2066426220272,False,,0,0
4,3,pudding,27,0.5,NO_PREDICTIVE_CANDIDATE,0,[],[],[],[],[],[],0.03,,10,,,,,,,False,scenario3,9,2066426221280,False,,0,0
4,4,came,49,0.0,NO_PREDICTIVE_CANDIDATE,0,[],[],[],[],[],[],0.03,,1,,,,,,,False,scenario3,9,2066426231072,False,,0,0
4,4,came,28,0.05555555555555555,NO_PREDICTIVE_CANDIDATE,0,[],[],[],[],[],[],0.03,,2,,,,,,,False,scenario3,7,2066426230352,False,,0,0
4,4,came,74,0.1111111111111111,NO_PREDICTIVE_CANDIDATE,0,[],[],[],[],[],[],0.03,,3,,,,,,,False,scenario3,0,2066426228960,False,,0,0
4,4,came,40,0.16666666666666666,NO_PREDICTIVE_CANDIDATE,0,[],[],[],[],[],[],0.03,,4,,,,,,,False,scenario3,4,2066426228240,False,,0,0
4,4,came,26,0.2222222222222222,NO_PREDICTIVE_CANDIDATE,0,[],[],[],[],[],[],0.03,,5,,,,,,,False,scenario3,5,2066426226944,False,,0,0
4,4,came,17,0.2777777777777778,NO_PREDICTIVE_CANDIDATE,0,[],[],[],[],[],[],0.03,,6,,,,,,,False,scenario3,8,2066426226224,False,,0,0
4,4,came,63,0.3333333333333333,NO_PREDICTIVE_CANDIDATE,0,[],[],[],[],[],[],0.03,,7,,,,,,,False,scenario3,8,2066426224928,False,,0,0
4,4,came,44,0.3888888888888889,NO_PREDICTIVE_CANDIDATE,0,[],[],[],[],[],[],0.03,,8,,,,,,,False,scenario3,6,2066426224208,False,,0,0
4,4,came,5,0.4444444444444444,NO_PREDICTIVE_CANDIDATE,0,[],[],[],[],[],[],0.03,,9,,,,,,,False,scenario3,8,2066426222912,False,,0,0
4,4,came,91,0.5,NO_PREDICTIVE_CANDIDATE,0,[],[],[],[],[],[],0.03,,10,,,,,,,False,scenario3,9,2066426222192,False,,0,0
4,5,on,8,0.0,NO_PREDICTIVE_CANDIDATE,0,[],[],[],[],[],[],0.03,,1,,,,,,,False,scenario3,0,2066426314096,False,,0,0
4,5,on,35,0.05555555555555555,NO_PREDICTIVE_CANDIDATE,0,[],[],[],[],[],[],0.03,,2,,,,,,,False,scenario3,8,2066426313376,False,,0,0
4,5,on,21,0.1111111111111111,NO_PREDICTIVE_CANDIDATE,0,[],[],[],[],[],[],0.03,,3,,,,,,,False,scenario3,9,2066426312080,False,,0,0
4,5,on,14,0.16666666666666666,NO_PREDICTIVE_CANDIDATE,0,[],[],[],[],[],[],0.03,,4,,,,,,,False,scenario3,5,2066426311360,False,,0,0
4,5,on,57,0.2222222222222222,NO_PREDICTIVE_CANDIDATE,0,[],[],[],[],[],[],0.03,,5,,,,,,,False,scenario3,8,2066426309968,False,,0,0
4,5,on,60,0.2777777777777778,NO_PREDICTIVE_CANDIDATE,0,[],[],[],[],[],[],0.03,,6,,,,,,,False,scenario3,6,2066426309248,False,,0,0
4,5,on,27,0.3333333333333333,NO_PREDICTIVE_CANDIDATE,0,[],[],[],[],[],[],0.03,,7,,,,,,,False,scenario3,1,2066426307952,False,,0,0
4,5,on,52,0.3888888888888889,NO_PREDICTIVE_CANDIDATE,0,[],[],[],[],[],[],0.03,,8,,,,,,,False,scenario3,6,2066426307232,False,,0,0
4,5,on,48,0.4444444444444444,NO_PREDICTIVE_CANDIDATE,0,[],[],[],[],[],[],0.03,,9,,,,,,,False,scenario3,7,2066426305936,False,,0,0
4,5,on,80,0.5,NO_PREDICTIVE_CANDIDATE,0,[],[],[],[],[],[],0.03,,10,,,,,,,False,scenario3,9,2066426305216,False,,0,0
4,6,",",9,0.0,NO_PREDICTIVE_CANDIDATE,0,[],[],[],[],[],[],0.03,,1,,,,,,,False,scenario3,6,2066426299744,False,,0,0
4,6,",",10,0.05555555555555555,NO_PREDICTIVE_CANDIDATE,0,[],[],[],[],[],[],0.03,,2,,,,,,,False,scenario3,9,2066426300176,False,,0,0
4,6,",",11,0.1111111111111111,NO_PREDICTIVE_CANDIDATE,0,[],[],[],[],[],[],0.03,,3,,,,,,,False,scenario3,3,2066426301760,False,,0,0
4,6,",",81,0.16666666666666666,NO_PREDICTIVE_CANDIDATE,0,[],[],[],[],[],[],0.03,,4,,,,,,,False,scenario3,6,2066426302192,False,,0,0
4,6,",",14,0.2222222222222222,NO_PREDICTIVE_CANDIDATE,0,[],[],[],[],[],[],0.03,,5,,,,,,,False,scenario3,1,2066426303776,False,,0,0
4,6,",",32,0.2777777777777778,NO_PREDICTIVE_CANDIDATE,0,[],[],[],[],[],[],0.03,,6,,,,,,,False,scenario3,3,2066426304208,False,,0,0
4,6,",",53,0.3333333333333333,NO_PREDICTIVE_CANDIDATE,0,[],[],[],[],[],[],0.03,,7,,,,,,,False,scenario3,5,2066426397136,False,,0,0
4,6,",",93,0.3888888888888889,NO_PREDICTIVE_CANDIDATE,0,[],[],[],[],[],[],0.03,,8,,,,,,,False,scenario3,4,2066426398144,False,,0,0
4,6,",",42,0.4444444444444444,NO_PREDICTIVE_CANDIDATE,0,[],[],[],[],[],[],0.03,,9,,,,,,,False,scenario3,8,2066426399152,False,,0,0
4,6,",",49,0.5,NO_PREDICTIVE_CANDIDATE,0,[],[],[],[],[],[],0.03,,10,,,,,,,False,scenario3,3,2066426400160,False,,0,0
4,7,the,63,0.0,NO_PREDICTIVE_CANDIDATE,0,[],[],[],[],[],[],0.03,,1,,,,,,,False,scenario3,4,2066426341152,False,,10,10
4,7,the,99,0.05555555555555555,NO_PREDICTIVE_CANDIDATE,0,[],[],[],[],[],[],0.03,,2,,,,,,,False,scenario3,4,2066426340432,False,,10,10
4,7,the,78,0.1111111111111111,NO_PREDICTIVE_CANDIDATE,0,[],[],[],[],[],[],0.03,,3,,,,,,,False,scenario3,3,2066426339136,False,,10,10
4,7,the,84,0.16666666666666666,NO_PREDICTIVE_CANDIDATE,0,[],[],[],[],[],[],0.03,,4,,,,,,,False,scenario3,7,2066426338320,False,,10,10
4,7,the,62,0.2222222222222222,NO_PREDICTIVE_CANDIDATE,0,[],[],[],[],[],[],0.03,,5,,,,,,,False,scenario3,9,2066426337024,False,,10,10
4,7,the,32,0.2777777777777778,NO_PREDICTIVE_CANDIDATE,0,[],[],[],[],[],[],0.03,,6,,,,,,,False,scenario3,2,2066426336304,False,,10,10
4,7,the,1,0.3333333333333333,NO_PREDICTIVE_CANDIDATE,0,[],[],[],[],[],[],0.03,,7,,,,,,,False,scenario3,8,2066426335008,False,,10,10
4,7,the,47,0.3888888888888889,NO_PREDICTIVE_CANDIDATE,0,[],[],[],[],[],[],0.03,,8,,,,,,,False,scenario3,4,2066426334288,False,,10,10
4,7,the,38,0.4444444444444444,NO_PREDICTIVE_CANDIDATE,0,[],[],[],[],[],[],0.03,,9,,,,,,,False,scenario3,7,2066426332992,False,,10,10
4,7,the,18,0.5,NO_PREDICTIVE_CANDIDATE,0,[],[],[],[],[],[],0.03,,10,,,,,,,False,scenario3,0,2066426332272,False,,10,10
4,8,doctor,66,0.0,UNIQUE_PREDICTIVE_CANDIDATE,1,[7],[2066426162992],[0.17263346354166664],[1.4915337916166307],"[""PREDICTIVE_CANDIDATE_WITH_SOMA_TIME""]",[false],0.03,4,1,False,7,2066426162992,0.17263346354166664,0.17263346354166664,0.17263346354166664,True,scenario3,2,2066426401984,True,PROXIMAL_TIME_MISMATCH,10,10
4,8,doctor,63,0.05555555555555555,UNIQUE_PREDICTIVE_CANDIDATE,1,[7],[2066426156944],[0.5059667968749892],[1.4915337916166307],"[""PREDICTIVE_CANDIDATE_WITH_SOMA_TIME""]",[false],0.03,10,2,False,7,2066426156944,0.5059667968749892,0.45041124131943366,0.45041124131943366,True,scenario3,6,2066426403424,True,PROXIMAL_TIME_MISMATCH,10,10
4,8,doctor,86,0.1111111111111111,UNIQUE_PREDICTIVE_CANDIDATE,1,[0],[2066426165728],[0.004999999999999893],[1.4915337916166307],"[""PREDICTIVE_CANDIDATE_WITH_SOMA_TIME""]",[false],0.03,1,3,False,0,2066426165728,0.004999999999999893,-0.10611111111111121,0.10611111111111121,True,scenario3,7,2066426405392,True,PROXIMAL_TIME_MISMATCH,10,10
4,8,doctor,40,0.16666666666666666,NO_PREDICTIVE_CANDIDATE,0,[],[],[],[],[],[],0.03,,4,,,,,,,False,scenario3,0,2066426405824,False,,10,10
4,8,doctor,91,0.2222222222222222,NO_PREDICTIVE_CANDIDATE,0,[],[],[],[],[],[],0.03,,5,,,,,,,False,scenario3,1,2066426407408,False,,10,10
4,8,doctor,79,0.2777777777777778,NO_PREDICTIVE_CANDIDATE,0,[],[],[],[],[],[],0.03,,6,,,,,,,False,scenario3,9,2066426407840,False,,10,10
4,8,doctor,57,0.3333333333333333,NO_PREDICTIVE_CANDIDATE,0,[],[],[],[],[],[],0.03,,7,,,,,,,False,scenario3,7,2066426409424,False,,10,10
4,8,doctor,41,0.3888888888888889,NO_PREDICTIVE_CANDIDATE,0,[],[],[],[],[],[],0.03,,8,,,,,,,False,scenario3,9,2066426409856,False,,10,10
4,8,doctor,9,0.4444444444444444,NO_PREDICTIVE_CANDIDATE,0,[],[],[],[],[],[],0.03,,9,,,,,,,False,scenario3,1,2066426411440,False,,10,10
4,8,doctor,4,0.5,NO_PREDICTIVE_CANDIDATE,0,[],[],[],[],[],[],0.03,,10,,,,,,,False,scenario3,9,2066426411872,False,,10,10
4,9,",",9,0.0,NO_PREDICTIVE_CANDIDATE,0,[],[],[],[],[],[],0.03,,1,,,,,,,False,scenario3,4,2066426346672,False,,0,0
4,9,",",10,0.05555555555555555,NO_PREDICTIVE_CANDIDATE,0,[],[],[],[],[],[],0.03,,2,,,,,,,False,scenario3,8,2066426347440,False,,0,0
4,9,",",11,0.1111111111111111,NO_PREDICTIVE_CANDIDATE,0,[],[],[],[],[],[],0.03,,3,,,,,,,False,scenario3,2,2066426344752,False,,0,0
4,9,",",81,0.16666666666666666,NO_PREDICTIVE_CANDIDATE,0,[],[],[],[],[],[],0.03,,4,,,,,,,False,scenario3,3,2066426343312,False,,0,0
4,9,",",14,0.2222222222222222,NO_PREDICTIVE_CANDIDATE,0,[],[],[],[],[],[],0.03,,5,,,,,,,False,scenario3,6,2066426342736,False,,0,0
4,9,",",32,0.2777777777777778,NO_PREDICTIVE_CANDIDATE,0,[],[],[],[],[],[],0.03,,6,,,,,,,False,scenario3,5,2066426346864,False,,0,0
4,9,",",53,0.3333333333333333,NO_PREDICTIVE_CANDIDATE,0,[],[],[],[],[],[],0.03,,7,,,,,,,False,scenario3,2,2066426412592,False,,0,0
4,9,",",93,0.3888888888888889,NO_PREDICTIVE_CANDIDATE,0,[],[],[],[],[],[],0.03,,8,,,,,,,False,scenario3,7,2066426594080,False,,0,0
4,9,",",42,0.4444444444444444,NO_PREDICTIVE_CANDIDATE,0,[],[],[],[],[],[],0.03,,9,,,,,,,False,scenario3,1,2066426595088,False,,0,0
4,9,",",49,0.5,NO_PREDICTIVE_CANDIDATE,0,[],[],[],[],[],[],0.03,,10,,,,,,,False,scenario3,2,2066426596096,False,,0,0
5,0,Everybody,35,0.0,NO_PREDICTIVE_CANDIDATE,0,[],[],[],[],[],[],0.03,,1,,,,,,,False,scenario3,5,,False,,0,0
5,0,Everybody,77,0.05555555555555555,NO_PREDICTIVE_CANDIDATE,0,[],[],[],[],[],[],0.03,,2,,,,,,,False,scenario3,2,,False,,0,0
5,0,Everybody,5,0.1111111111111111,NO_PREDICTIVE_CANDIDATE,0,[],[],[],[],[],[],0.03,,3,,,,,,,False,scenario3,1,,False,,0,0
5,0,Everybody,86,0.16666666666666666,NO_PREDICTIVE_CANDIDATE,0,[],[],[],[],[],[],0.03,,4,,,,,,,False,scenario3,1,,False,,0,0
5,0,Everybody,90,0.2222222222222222,NO_PREDICTIVE_CANDIDATE,0,[],[],[],[],[],[],0.03,,5,,,,,,,False,scenario3,4,,False,,0,0
5,0,Everybody,73,0.2777777777777778,NO_PREDICTIVE_CANDIDATE,0,[],[],[],[],[],[],0.03,,6,,,,,,,False,scenario3,3,,False,,0,0
5,0,Everybody,45,0.3333333333333333,NO_PREDICTIVE_CANDIDATE,0,[],[],[],[],[],[],0.03,,7,,,,,,,False,scenario3,1,,False,,0,0
5,0,Everybody,39,0.3888888888888889,NO_PREDICTIVE_CANDIDATE,0,[],[],[],[],[],[],0.03,,8,,,,,,,False,scenario3,7,,False,,0,0
5,0,Everybody,83,0.4444444444444444,NO_PREDICTIVE_CANDIDATE,0,[],[],[],[],[],[],0.03,,9,,,,,,,False,scenario3,4,,False,,0,0
5,0,Everybody,72,0.5,NO_PREDICTIVE_CANDIDATE,0,[],[],[],[],[],[],0.03,,10,,,,,,,False,scenario3,1,,False,,0,0
5,1,laughed,2,0.0,NO_PREDICTIVE_CANDIDATE,0,[],[],[],[],[],[],0.03,,1,,,,,,,False,scenario3,4,2066426607952,False,,0,0
5,1,laughed,82,0.05555555555555555,NO_PREDICTIVE_CANDIDATE,0,[],[],[],[],[],[],0.03,,2,,,,,,,False,scenario3,2,2066426607232,False,,0,0
5,1,laughed,17,0.1111111111111111,NO_PREDICTIVE_CANDIDATE,0,[],[],[],[],[],[],0.03,,3,,,,,,,False,scenario3,0,2066426605936,False,,0,0
5,1,laughed,51,0.16666666666666666,NO_PREDICTIVE_CANDIDATE,0,[],[],[],[],[],[],0.03,,4,,,,,,,False,scenario3,5,2066426605216,False,,0,0
5,1,laughed,58,0.2222222222222222,NO_PREDICTIVE_CANDIDATE,0,[],[],[],[],[],[],0.03,,5,,,,,,,False,scenario3,9,2066426603920,False,,0,0
5,1,laughed,24,0.2777777777777778,NO_PREDICTIVE_CANDIDATE,0,[],[],[],[],[],[],0.03,,6,,,,,,,False,scenario3,0,2066426603200,False,,0,0
5,1,laughed,3,0.3333333333333333,NO_PREDICTIVE_CANDIDATE,0,[],[],[],[],[],[],0.03,,7,,,,,,,False,scenario3,9,2066426601904,False,,0,0
5,1,laughed,98,0.3888888888888889,NO_PREDICTIVE_CANDIDATE,0,[],[],[],[],[],[],0.03,,8,,,,,,,False,scenario3,6,2066426601184,False,,0,0
5,1,laughed,34,0.4444444444444444,NO_PREDICTIVE_CANDIDATE,0,[],[],[],[],[],[],0.03,,9,,,,,,,False,scenario3,3,2066426599888,False,,0,0
5,1,laughed,30,0.5,NO_PREDICTIVE_CANDIDATE,0,[],[],[],[],[],[],0.03,,10,,,,,,,False,scenario3,8,2066426599168,False,,0,0
5,2,",",9,0.0,NO_PREDICTIVE_CANDIDATE,0,[],[],[],[],[],[],0.03,,1,,,,,,,False,scenario3,9,2066426597920,False,,0,0
5,2,",",10,0.05555555555555555,NO_PREDICTIVE_CANDIDATE,0,[],[],[],[],[],[],0.03,,2,,,,,,,False,scenario3,4,2066426598352,False,,0,0
5,2,",",11,0.1111111111111111,NO_PREDICTIVE_CANDIDATE,0,[],[],[],[],[],[],0.03,,3,,,,,,,False,scenario3,9,2066460213904,False,,0,0
5,2,",",81,0.16666666666666666,NO_PREDICTIVE_CANDIDATE,0,[],[],[],[],[],[],0.03,,4,,,,,,,False,scenario3,8,2066460214912,False,,0,0
5,2,",",14,0.2222222222222222,NO_PREDICTIVE_CANDIDATE,0,[],[],[],[],[],[],0.03,,5,,,,,,,False,scenario3,3,2066460215920,False,,0,0
5,2,",",32,0.2777777777777778,NO_PREDICTIVE_CANDIDATE,0,[],[],[],[],[],[],0.03,,6,,,,,,,False,scenario3,4,2066460216928,False,,0,0
5,2,",",53,0.3333333333333333,NO_PREDICTIVE_CANDIDATE,0,[],[],[],[],[],[],0.03,,7,,,,,,,False,scenario3,9,2066460217936,False,,0,0
5,2,",",93,0.3888888888888889,NO_PREDICTIVE_CANDIDATE,0,[],[],[],[],[],[],0.03,,8,,,,,,,False,scenario3,0,2066460218944,False,,0,0
5,2,",",42,0.4444444444444444,NO_PREDICTIVE_CANDIDATE,0,[],[],[],[],[],[],0.03,,9,,,,,,,False,scenario3,3,2066460219952,False,,0,0
5,2,",",49,0.5,NO_PREDICTIVE_CANDIDATE,0,[],[],[],[],[],[],0.03,,10,,,,,,,False,scenario3,1,2066460220960,False,,0,0
5,3,and,99,0.0,UNIQUE_PREDICTIVE_CANDIDATE,1,[4],[2066426340432],[0.061522352430555705],[1.4915337916166307],"[""PREDICTIVE_CANDIDATE_WITH_SOMA_TIME""]",[false],0.03,12,1,False,4,2066426340432,0.061522352430555705,0.061522352430555705,0.061522352430555705,True,scenario3,5,2066460227824,True,PROXIMAL_TIME_MISMATCH,20,20
5,3,and,18,0.05555555555555555,UNIQUE_PREDICTIVE_CANDIDATE,1,[0],[2066426332272],[0.5059667968749892],[1.4915337916166307],"[""PREDICTIVE_CANDIDATE_WITH_SOMA_TIME""]",[false],0.03,20,2,False,0,2066426332272,0.5059667968749892,0.45041124131943366,0.45041124131943366,True,scenario3,3,2066460226144,True,PROXIMAL_TIME_MISMATCH,20,20
5,3,and,6,0.1111111111111111,NO_PREDICTIVE_CANDIDATE,0,[],[],[],[],[],[],0.03,,3,,,,,,,False,scenario3,3,2066460225424,False,,20,20
5,3,and,80,0.16666666666666666,NO_PREDICTIVE_CANDIDATE,0,[],[],[],[],[],[],0.03,,4,,,,,,,False,scenario3,6,2066460224128,False,,20,20
5,3,and,14,0.2222222222222222,NO_PREDICTIVE_CANDIDATE,0,[],[],[],[],[],[],0.03,,5,,,,,,,False,scenario3,0,2066460223408,False,,20,20
5,3,and,57,0.2777777777777778,NO_PREDICTIVE_CANDIDATE,0,[],[],[],[],[],[],0.03,,6,,,,,,,False,scenario3,6,2066460222112,False,,20,20
5,3,and,13,0.3333333333333333,NO_PREDICTIVE_CANDIDATE,0,[],[],[],[],[],[],0.03,,7,,,,,,,False,scenario3,5,2066460221392,False,,20,20
5,3,and,68,0.3888888888888889,NO_PREDICTIVE_CANDIDATE,0,[],[],[],[],[],[],0.03,,8,,,,,,,False,scenario3,5,2066460247200,False,,20,20
5,3,and,83,0.4444444444444444,NO_PREDICTIVE_CANDIDATE,0,[],[],[],[],[],[],0.03,,9,,,,,,,False,scenario3,0,2066460246480,False,,20,20
5,3,and,81,0.5,NO_PREDICTIVE_CANDIDATE,0,[],[],[],[],[],[],0.03,,10,,,,,,,False,scenario3,0,2066460260352,False,,20,20
5,4,poor,47,0.0,NO_PREDICTIVE_CANDIDATE,0,[],[],[],[],[],[],0.03,,1,,,,,,,False,scenario3,9,2066460261696,False,,0,0
5,4,poor,9,0.05555555555555555,NO_PREDICTIVE_CANDIDATE,0,[],[],[],[],[],[],0.03,,2,,,,,,,False,scenario3,3,2066460260976,False,,0,0
5,4,poor,87,0.1111111111111111,NO_PREDICTIVE_CANDIDATE,0,[],[],[],[],[],[],0.03,,3,,,,,,,False,scenario3,5,2066460248832,False,,0,0
5,4,poor,25,0.16666666666666666,NO_PREDICTIVE_CANDIDATE,0,[],[],[],[],[],[],0.03,,4,,,,,,,False,scenario3,2,2066460249216,False,,0,0
5,4,poor,60,0.2222222222222222,NO_PREDICTIVE_CANDIDATE,0,[],[],[],[],[],[],0.03,,5,,,,,,,False,scenario3,2,2066460250848,False,,0,0
5,4,poor,32,0.2777777777777778,NO_PREDICTIVE_CANDIDATE,0,[],[],[],[],[],[],0.03,,6,,,,,,,False,scenario3,9,2066460250608,False,,0,0
5,4,poor,22,0.3333333333333333,NO_PREDICTIVE_CANDIDATE,0,[],[],[],[],[],[],0.03,,7,,,,,,,False,scenario3,8,2066460252864,False,,0,0
5,4,poor,91,0.3888888888888889,NO_PREDICTIVE_CANDIDATE,0,[],[],[],[],[],[],0.03,,8,,,,,,,False,scenario3,8,2066460253152,False,,0,0
5,4,poor,1,0.4444444444444444,NO_PREDICTIVE_CANDIDATE,0,[],[],[],[],[],[],0.03,,9,,,,,,,False,scenario3,2,2066460253920,False,,0,0
5,4,poor,96,0.5,NO_PREDICTIVE_CANDIDATE,0,[],[],[],[],[],[],0.03,,10,,,,,,,False,scenario3,4,2066460255168,False,,0,0
5,5,Rogers,60,0.0,NO_PREDICTIVE_CANDIDATE,0,[],[],[],[],[],[],0.03,,1,,,,,,,False,scenario3,8,2066460256416,False,,0,0
5,5,Rogers,68,0.05555555555555555,NO_PREDICTIVE_CANDIDATE,0,[],[],[],[],[],[],0.03,,2,,,,,,,False,scenario3,1,2066460254976,False,,0,0
5,5,Rogers,91,0.1111111111111111,NO_PREDICTIVE_CANDIDATE,0,[],[],[],[],[],[],0.03,,3,,,,,,,False,scenario3,6,2066460294464,False,,0,0
5,5,Rogers,4,0.16666666666666666,NO_PREDICTIVE_CANDIDATE,0,[],[],[],[],[],[],0.03,,4,,,,,,,False,scenario3,4,2066460293744,False,,0,0
5,5,Rogers,22,0.2222222222222222,NO_PREDICTIVE_CANDIDATE,0,[],[],[],[],[],[],0.03,,5,,,,,,,False,scenario3,1,2066460292448,False,,0,0
5,5,Rogers,28,0.2777777777777778,NO_PREDICTIVE_CANDIDATE,0,[],[],[],[],[],[],0.03,,6,,,,,,,False,scenario3,4,2066460291728,False,,0,0
5,5,Rogers,34,0.3333333333333333,NO_PREDICTIVE_CANDIDATE,0,[],[],[],[],[],[],0.03,,7,,,,,,,False,scenario3,2,2066460290432,False,,0,0
5,5,Rogers,99,0.3888888888888889,NO_PREDICTIVE_CANDIDATE,0,[],[],[],[],[],[],0.03,,8,,,,,,,False,scenario3,7,2066460289712,False,,0,0
5,5,Rogers,44,0.4444444444444444,NO_PREDICTIVE_CANDIDATE,0,[],[],[],[],[],[],0.03,,9,,,,,,,False,scenario3,1,2066460288416,False,,0,0
5,5,Rogers,69,0.5,NO_PREDICTIVE_CANDIDATE,0,[],[],[],[],[],[],0.03,,10,,,,,,,False,scenario3,2,2066460287696,False,,0,0
5,6,had,2,0.0,NO_PREDICTIVE_CANDIDATE,0,[],[],[],[],[],[],0.03,,1,,,,,,,False,scenario3,3,2066460280304,False,,0,0
5,6,had,60,0.05555555555555555,NO_PREDICTIVE_CANDIDATE,0,[],[],[],[],[],[],0.03,,2,,,,,,,False,scenario3,7,2066460280736,False,,0,0
5,6,had,45,0.1111111111111111,NO_PREDICTIVE_CANDIDATE,0,[],[],[],[],[],[],0.03,,3,,,,,,,False,scenario3,8,2066460282320,False,,0,0
5,6,had,89,0.16666666666666666,NO_PREDICTIVE_CANDIDATE,0,[],[],[],[],[],[],0.03,,4,,,,,,,False,scenario3,9,2066460282752,False,,0,0
5,6,had,39,0.2222222222222222,NO_PREDICTIVE_CANDIDATE,0,[],[],[],[],[],[],0.03,,5,,,,,,,False,scenario3,7,2066460284336,False,,0,0
5,6,had,4,0.2777777777777778,NO_PREDICTIVE_CANDIDATE,0,[],[],[],[],[],[],0.03,,6,,,,,,,False,scenario3,0,2066460284768,False,,0,0
5,6,had,76,0.3333333333333333,NO_PREDICTIVE_CANDIDATE,0,[],[],[],[],[],[],0.03,,7,,,,,,,False,scenario3,8,2066460286352,False,,0,0
5,6,had,81,0.3888888888888889,NO_PREDICTIVE_CANDIDATE,0,[],[],[],[],[],[],0.03,,8,,,,,,,False,scenario3,6,2066460286784,False,,0,0
5,6,had,9,0.4444444444444444,NO_PREDICTIVE_CANDIDATE,0,[],[],[],[],[],[],0.03,,9,,,,,,,False,scenario3,9,2066460197280,False,,0,0
5,6,had,61,0.5,NO_PREDICTIVE_CANDIDATE,0,[],[],[],[],[],[],0.03,,10,,,,,,,False,scenario3,4,2066460198288,False,,0,0
5,7,no,89,0.0,NO_PREDICTIVE_CANDIDATE,0,[],[],[],[],[],[],0.03,,1,,,,,,,False,scenario3,0,2066460454944,False,,10,10
5,7,no,66,0.05555555555555555,NO_PREDICTIVE_CANDIDATE,0,[],[],[],[],[],[],0.03,,2,,,,,,,False,scenario3,0,2066460453648,False,,10,10
5,7,no,64,0.1111111111111111,NO_PREDICTIVE_CANDIDATE,0,[],[],[],[],[],[],0.03,,3,,,,,,,False,scenario3,8,2066460452928,False,,10,10
5,7,no,78,0.16666666666666666,NO_PREDICTIVE_CANDIDATE,0,[],[],[],[],[],[],0.03,,4,,,,,,,False,scenario3,2,2066460451632,False,,10,10
5,7,no,96,0.2222222222222222,NO_PREDICTIVE_CANDIDATE,0,[],[],[],[],[],[],0.03,,5,,,,,,,False,scenario3,2,2066460450912,False,,10,10
5,7,no,20,0.2777777777777778,NO_PREDICTIVE_CANDIDATE,0,[],[],[],[],[],[],0.03,,6,,,,,,,False,scenario3,8,2066460449616,False,,10,10
5,7,no,50,0.3333333333333333,NO_PREDICTIVE_CANDIDATE,0,[],[],[],[],[],[],0.03,,7,,,,,,,False,scenario3,5,2066460448896,False,,10,10
5,7,no,28,0.3888888888888889,NO_PREDICTIVE_CANDIDATE,0,[],[],[],[],[],[],0.03,,8,,,,,,,False,scenario3,5,2066460447600,False,,10,10
5,7,no,11,0.4444444444444444,NO_PREDICTIVE_CANDIDATE,0,[],[],[],[],[],[],0.03,,9,,,,,,,False,scenario3,0,2066460446880,False,,10,10
5,7,no,52,0.5,NO_PREDICTIVE_CANDIDATE,0,[],[],[],[],[],[],0.03,,10,,,,,,,False,scenario3,7,2066460445584,False,,10,10
5,8,chance,92,0.0,NO_PREDICTIVE_CANDIDATE,0,[],[],[],[],[],[],0.03,,1,,,,,,,False,scenario3,7,2066460199536,False,,0,0
5,8,chance,49,0.05555555555555555,NO_PREDICTIVE_CANDIDATE,0,[],[],[],[],[],[],0.03,,2,,,,,,,False,scenario3,9,2066460201120,False,,0,0
5,8,chance,16,0.1111111111111111,NO_PREDICTIVE_CANDIDATE,0,[],[],[],[],[],[],0.03,,3,,,,,,,False,scenario3,0,2066460201552,False,,0,0
5,8,chance,57,0.16666666666666666,NO_PREDICTIVE_CANDIDATE,0,[],[],[],[],[],[],0.03,,4,,,,,,,False,scenario3,5,2066460203136,False,,0,0
5,8,chance,58,0.2222222222222222,NO_PREDICTIVE_CANDIDATE,0,[],[],[],[],[],[],0.03,,5,,,,,,,False,scenario3,5,2066460203568,False,,0,0
5,8,chance,25,0.2777777777777778,NO_PREDICTIVE_CANDIDATE,0,[],[],[],[],[],[],0.03,,6,,,,,,,False,scenario3,1,2066460205152,False,,0,0
5,8,chance,80,0.3333333333333333,NO_PREDICTIVE_CANDIDATE,0,[],[],[],[],[],[],0.03,,7,,,,,,,False,scenario3,7,2066460205680,False,,0,0
5,8,chance,0,0.3888888888888889,NO_PREDICTIVE_CANDIDATE,0,[],[],[],[],[],[],0.03,,8,,,,,,,False,scenario3,8,2066460207264,False,,0,0
5,8,chance,48,0.4444444444444444,NO_PREDICTIVE_CANDIDATE,0,[],[],[],[],[],[],0.03,,9,,,,,,,False,scenario3,4,2066460207696,False,,0,0
5,8,chance,70,0.5,NO_PREDICTIVE_CANDIDATE,0,[],[],[],[],[],[],0.03,,10,,,,,,,False,scenario3,9,2066460209280,False,,0,0
5,9,after,72,0.0,NO_PREDICTIVE_CANDIDATE,0,[],[],[],[],[],[],0.03,,1,,,,,,,False,scenario3,1,2066460457440,False,,0,0
5,9,after,83,0.05555555555555555,NO_PREDICTIVE_CANDIDATE,0,[],[],[],[],[],[],0.03,,2,,,,,,,False,scenario3,8,2066460445440,False,,0,0
5,9,after,64,0.1111111111111111,NO_PREDICTIVE_CANDIDATE,0,[],[],[],[],[],[],0.03,,3,,,,,,,False,scenario3,3,2066460444144,False,,0,0
5,9,after,43,0.16666666666666666,NO_PREDICTIVE_CANDIDATE,0,[],[],[],[],[],[],0.03,,4,,,,,,,False,scenario3,5,2066460443424,False,,0,0
5,9,after,59,0.2222222222222222,NO_PREDICTIVE_CANDIDATE,0,[],[],[],[],[],[],0.03,,5,,,,,,,False,scenario3,6,2066460198480,False,,0,0
5,9,after,41,0.2777777777777778,NO_PREDICTIVE_CANDIDATE,0,[],[],[],[],[],[],0.03,,6,,,,,,,False,scenario3,6,2066460212304,False,,0,0
5,9,after,26,0.3333333333333333,NO_PREDICTIVE_CANDIDATE,0,[],[],[],[],[],[],0.03,,7,,,,,,,False,scenario3,8,2066460211584,False,,0,0
5,9,after,12,0.3888888888888889,NO_PREDICTIVE_CANDIDATE,0,[],[],[],[],[],[],0.03,,8,,,,,,,False,scenario3,9,2066460210288,False,,0,0
5,9,after,92,0.4444444444444444,NO_PREDICTIVE_CANDIDATE,0,[],[],[],[],[],[],0.03,,9,,,,,,,False,scenario3,4,2066460209568,False,,0,0
5,9,after,82,0.5,NO_PREDICTIVE_CANDIDATE,0,[],[],[],[],[],[],0.03,,10,,,,,,,False,scenario3,5,2066460672608,False,,0,0
6,0,The,17,0.0,NO_PREDICTIVE_CANDIDATE,0,[],[],[],[],[],[],0.03,,1,,,,,,,False,scenario3,6,,False,,0,0
6,0,The,31,0.05555555555555555,NO_PREDICTIVE_CANDIDATE,0,[],[],[],[],[],[],0.03,,2,,,,,,,False,scenario3,7,,False,,0,0
6,0,The,90,0.1111111111111111,NO_PREDICTIVE_CANDIDATE,0,[],[],[],[],[],[],0.03,,3,,,,,,,False,scenario3,4,,False,,0,0
6,0,The,12,0.16666666666666666,NO_PREDICTIVE_CANDIDATE,0,[],[],[],[],[],[],0.03,,4,,,,,,,False,scenario3,7,,False,,0,0
6,0,The,1,0.2222222222222222,NO_PREDICTIVE_CANDIDATE,0,[],[],[],[],[],[],0.03,,5,,,,,,,False,scenario3,4,,False,,0,0
6,0,The,7,0.2777777777777778,NO_PREDICTIVE_CANDIDATE,0,[],[],[],[],[],[],0.03,,6,,,,,,,False,scenario3,5,,False,,0,0
6,0,The,59,0.3333333333333333,NO_PREDICTIVE_CANDIDATE,0,[],[],[],[],[],[],0.03,,7,,,,,,,False,scenario3,4,,False,,0,0
6,0,The,62,0.3888888888888889,NO_PREDICTIVE_CANDIDATE,0,[],[],[],[],[],[],0.03,,8,,,,,,,False,scenario3,4,,False,,0,0
6,0,The,22,0.4444444444444444,NO_PREDICTIVE_CANDIDATE,0,[],[],[],[],[],[],0.03,,9,,,,,,,False,scenario3,5,,False,,0,0
6,0,The,87,0.5,NO_PREDICTIVE_CANDIDATE,0,[],[],[],[],[],[],0.03,,10,,,,,,,False,scenario3,3,,False,,0,0
6,1,easel,91,0.0,NO_PREDICTIVE_CANDIDATE,0,[],[],[],[],[],[],0.03,,1,,,,,,,False,scenario3,4,2066460686528,False,,10,10
6,1,easel,15,0.05555555555555555,NO_PREDICTIVE_CANDIDATE,0,[],[],[],[],[],[],0.03,,2,,,,,,,False,scenario3,3,2066460685808,False,,10,10
6,1,easel,27,0.1111111111111111,NO_PREDICTIVE_CANDIDATE,0,[],[],[],[],[],[],0.03,,3,,,,,,,False,scenario3,3,2066460684512,False,,10,10
6,1,easel,31,0.16666666666666666,NO_PREDICTIVE_CANDIDATE,0,[],[],[],[],[],[],0.03,,4,,,,,,,False,scenario3,8,2066460683792,False,,10,10
6,1,easel,49,0.2222222222222222,UNIQUE_PREDICTIVE_CANDIDATE,1,[6],[2066401758912],[0.5059667968749892],[1.4915337916166307],"[""PREDICTIVE_CANDIDATE_WITH_SOMA_TIME""]",[false],0.03,10,5,False,6,2066401758912,0.5059667968749892,0.28374457465276703,0.28374457465276703,True,scenario3,6,2066460682112,True,PROXIMAL_TIME_MISMATCH,10,10
6,1,easel,11,0.2777777777777778,NO_PREDICTIVE_CANDIDATE,0,[],[],[],[],[],[],0.03,,6,,,,,,,False,scenario3,4,2066460681392,False,,10,10
6,1,easel,39,0.3333333333333333,NO_PREDICTIVE_CANDIDATE,0,[],[],[],[],[],[],0.03,,7,,,,,,,False,scenario3,5,2066460680096,False,,10,10
6,1,easel,68,0.3888888888888889,NO_PREDICTIVE_CANDIDATE,0,[],[],[],[],[],[],0.03,,8,,,,,,,False,scenario3,7,2066460679376,False,,10,10
6,1,easel,41,0.4444444444444444,NO_PREDICTIVE_CANDIDATE,0,[],[],[],[],[],[],0.03,,9,,,,,,,False,scenario3,5,2066460678080,False,,10,10
6,1,easel,33,0.5,NO_PREDICTIVE_CANDIDATE,0,[],[],[],[],[],[],0.03,,10,,,,,,,False,scenario3,1,2066460677360,False,,10,10
6,2,stood,91,0.0,NO_PREDICTIVE_CANDIDATE,0,[],[],[],[],[],[],0.03,,1,,,,,,,False,scenario3,7,2066460674288,False,,0,0
6,2,stood,2,0.05555555555555555,NO_PREDICTIVE_CANDIDATE,0,[],[],[],[],[],[],0.03,,2,,,,,,,False,scenario3,5,2066460674720,False,,0,0
6,2,stood,44,0.1111111111111111,NO_PREDICTIVE_CANDIDATE,0,[],[],[],[],[],[],0.03,,3,,,,,,,False,scenario3,7,2066460676304,False,,0,0
6,2,stood,64,0.16666666666666666,NO_PREDICTIVE_CANDIDATE,0,[],[],[],[],[],[],0.03,,4,,,,,,,False,scenario3,2,2066460676736,False,,0,0
6,2,stood,10,0.2222222222222222,NO_PREDICTIVE_CANDIDATE,0,[],[],[],[],[],[],0.03,,5,,,,,,,False,scenario3,6,2066460754768,False,,0,0
6,2,stood,4,0.2777777777777778,NO_PREDICTIVE_CANDIDATE,0,[],[],[],[],[],[],0.03,,6,,,,,,,False,scenario3,8,2066460755776,False,,0,0
6,2,stood,56,0.3333333333333333,NO_PREDICTIVE_CANDIDATE,0,[],[],[],[],[],[],0.03,,7,,,,,,,False,scenario3,5,2066460756784,False,,0,0
6,2,stood,43,0.3888888888888889,NO_PREDICTIVE_CANDIDATE,0,[],[],[],[],[],[],0.03,,8,,,,,,,False,scenario3,2,2066460757792,False,,0,0
6,2,stood,70,0.4444444444444444,NO_PREDICTIVE_CANDIDATE,0,[],[],[],[],[],[],0.03,,9,,,,,,,False,scenario3,4,2066460758800,False,,0,0
6,2,stood,53,0.5,NO_PREDICTIVE_CANDIDATE,0,[],[],[],[],[],[],0.03,,10,,,,,,,False,scenario3,3,2066460759808,False,,0,0
6,3,beneath,98,0.0,NO_PREDICTIVE_CANDIDATE,0,[],[],[],[],[],[],0.03,,1,,,,,,,False,scenario3,4,2066460768880,False,,0,0
6,3,beneath,35,0.05555555555555555,NO_PREDICTIVE_CANDIDATE,0,[],[],[],[],[],[],0.03,,2,,,,,,,False,scenario3,7,2066460767584,False,,0,0
6,3,beneath,62,0.1111111111111111,NO_PREDICTIVE_CANDIDATE,0,[],[],[],[],[],[],0.03,,3,,,,,,,False,scenario3,4,2066460766864,False,,0,0
6,3,beneath,3,0.16666666666666666,NO_PREDICTIVE_CANDIDATE,0,[],[],[],[],[],[],0.03,,4,,,,,,,False,scenario3,8,2066460765568,False,,0,0
6,3,beneath,27,0.2222222222222222,NO_PREDICTIVE_CANDIDATE,0,[],[],[],[],[],[],0.03,,5,,,,,,,False,scenario3,8,2066460764848,False,,0,0
6,3,beneath,8,0.2777777777777778,NO_PREDICTIVE_CANDIDATE,0,[],[],[],[],[],[],0.03,,6,,,,,,,False,scenario3,8,2066460763552,False,,0,0
6,3,beneath,54,0.3333333333333333,NO_PREDICTIVE_CANDIDATE,0,[],[],[],[],[],[],0.03,,7,,,,,,,False,scenario3,0,2066460762832,False,,0,0
6,3,beneath,4,0.3888888888888889,NO_PREDICTIVE_CANDIDATE,0,[],[],[],[],[],[],0.03,,8,,,,,,,False,scenario3,2,2066460761536,False,,0,0
6,3,beneath,22,0.4444444444444444,NO_PREDICTIVE_CANDIDATE,0,[],[],[],[],[],[],0.03,,9,,,,,,,False,scenario3,6,2066460760816,False,,0,0
6,3,beneath,68,0.5,NO_PREDICTIVE_CANDIDATE,0,[],[],[],[],[],[],0.03,,10,,,,,,,False,scenario3,6,2066460573872,False,,0,0
6,4,these,42,0.0,NO_PREDICTIVE_CANDIDATE,0,[],[],[],[],[],[],0.03,,1,,,,,,,False,scenario3,9,2066460588368,False,,0,0
6,4,these,87,0.05555555555555555,NO_PREDICTIVE_CANDIDATE,0,[],[],[],[],[],[],0.03,,2,,,,,,,False,scenario3,2,2066460587648,False,,0,0
6,4,these,17,0.1111111111111111,NO_PREDICTIVE_CANDIDATE,0,[],[],[],[],[],[],0.03,,3,,,,,,,False,scenario3,9,2066460586352,False,,0,0
6,4,these,60,0.16666666666666666,NO_PREDICTIVE_CANDIDATE,0,[],[],[],[],[],[],0.03,,4,,,,,,,False,scenario3,4,2066460585632,False,,0,0
6,4,these,19,0.2222222222222222,NO_PREDICTIVE_CANDIDATE,0,[],[],[],[],[],[],0.03,,5,,,,,,,False,scenario3,8,2066460584336,False,,0,0
6,4,these,66,0.2777777777777778,NO_PREDICTIVE_CANDIDATE,0,[],[],[],[],[],[],0.03,,6,,,,,,,False,scenario3,1,2066460583616,False,,0,0
6,4,these,92,0.3333333333333333,NO_PREDICTIVE_CANDIDATE,0,[],[],[],[],[],[],0.03,,7,,,,,,,False,scenario3,0,2066460582320,False,,0,0
6,4,these,86,0.3888888888888889,NO_PREDICTIVE_CANDIDATE,0,[],[],[],[],[],[],0.03,,8,,,,,,,False,scenario3,8,2066460581600,False,,0,0
6,4,these,88,0.4444444444444444,NO_PREDICTIVE_CANDIDATE,0,[],[],[],[],[],[],0.03,,9,,,,,,,False,scenario3,7,2066460580304,False,,0,0
6,4,these,56,0.5,NO_PREDICTIVE_CANDIDATE,0,[],[],[],[],[],[],0.03,,10,,,,,,,False,scenario3,9,2066460579584,False,,0,0
6,5,three,63,0.0,NO_PREDICTIVE_CANDIDATE,0,[],[],[],[],[],[],0.03,,1,,,,,,,False,scenario3,2,2066460575120,False,,0,0
6,5,three,74,0.05555555555555555,NO_PREDICTIVE_CANDIDATE,0,[],[],[],[],[],[],0.03,,2,,,,,,,False,scenario3,8,2066460576704,False,,0,0
6,5,three,88,0.1111111111111111,NO_PREDICTIVE_CANDIDATE,0,[],[],[],[],[],[],0.03,,3,,,,,,,False,scenario3,2,2066460577136,False,,0,0
6,5,three,11,0.16666666666666666,NO_PREDICTIVE_CANDIDATE,0,[],[],[],[],[],[],0.03,,4,,,,,,,False,scenario3,6,2066460578720,False,,0,0
6,5,three,97,0.2222222222222222,NO_PREDICTIVE_CANDIDATE,0,[],[],[],[],[],[],0.03,,5,,,,,,,False,scenario3,0,2066460769936,False,,0,0
6,5,three,28,0.2777777777777778,NO_PREDICTIVE_CANDIDATE,0,[],[],[],[],[],[],0.03,,6,,,,,,,False,scenario3,2,2066460860128,False,,0,0
6,5,three,56,0.3333333333333333,NO_PREDICTIVE_CANDIDATE,0,[],[],[],[],[],[],0.03,,7,,,,,,,False,scenario3,8,2066460859408,False,,0,0
6,5,three,67,0.3888888888888889,NO_PREDICTIVE_CANDIDATE,0,[],[],[],[],[],[],0.03,,8,,,,,,,False,scenario3,2,2066460858112,False,,0,0
6,5,three,71,0.4444444444444444,NO_PREDICTIVE_CANDIDATE,0,[],[],[],[],[],[],0.03,,9,,,,,,,False,scenario3,5,2066460857392,False,,0,0
6,5,three,37,0.5,NO_PREDICTIVE_CANDIDATE,0,[],[],[],[],[],[],0.03,,10,,,,,,,False,scenario3,1,2066460856096,False,,0,0
6,6,old,93,0.0,NO_PREDICTIVE_CANDIDATE,0,[],[],[],[],[],[],0.03,,1,,,,,,,False,scenario3,8,2066460867040,False,,0,0
6,6,old,71,0.05555555555555555,NO_PREDICTIVE_CANDIDATE,0,[],[],[],[],[],[],0.03,,2,,,,,,,False,scenario3,2,2066460865744,False,,0,0
6,6,old,81,0.1111111111111111,NO_PREDICTIVE_CANDIDATE,0,[],[],[],[],[],[],0.03,,3,,,,,,,False,scenario3,2,2066460865024,False,,0,0
6,6,old,21,0.16666666666666666,NO_PREDICTIVE_CANDIDATE,0,[],[],[],[],[],[],0.03,,4,,,,,,,False,scenario3,7,2066460863728,False,,0,0
6,6,old,66,0.2222222222222222,NO_PREDICTIVE_CANDIDATE,0,[],[],[],[],[],[],0.03,,5,,,,,,,False,scenario3,4,2066460863008,False,,0,0
6,6,old,65,0.2777777777777778,NO_PREDICTIVE_CANDIDATE,0,[],[],[],[],[],[],0.03,,6,,,,,,,False,scenario3,2,2066460861712,False,,0,0
6,6,old,32,0.3333333333333333,NO_PREDICTIVE_CANDIDATE,0,[],[],[],[],[],[],0.03,,7,,,,,,,False,scenario3,8,2066460852592,False,,0,0
6,6,old,39,0.3888888888888889,NO_PREDICTIVE_CANDIDATE,0,[],[],[],[],[],[],0.03,,8,,,,,,,False,scenario3,6,2066460853600,False,,0,0
6,6,old,85,0.4444444444444444,NO_PREDICTIVE_CANDIDATE,0,[],[],[],[],[],[],0.03,,9,,,,,,,False,scenario3,6,2066460854608,False,,0,0
6,6,old,48,0.5,NO_PREDICTIVE_CANDIDATE,0,[],[],[],[],[],[],0.03,,10,,,,,,,False,scenario3,1,2066460855712,False,,0,0
6,7,pictures,78,0.0,NO_PREDICTIVE_CANDIDATE,0,[],[],[],[],[],[],0.03,,1,,,,,,,False,scenario3,9,2066460820352,False,,0,0
6,7,pictures,26,0.05555555555555555,NO_PREDICTIVE_CANDIDATE,0,[],[],[],[],[],[],0.03,,2,,,,,,,False,scenario3,7,2066460821360,False,,0,0
6,7,pictures,38,0.1111111111111111,NO_PREDICTIVE_CANDIDATE,0,[],[],[],[],[],[],0.03,,3,,,,,,,False,scenario3,8,2066460822368,False,,0,0
6,7,pictures,18,0.16666666666666666,NO_PREDICTIVE_CANDIDATE,0,[],[],[],[],[],[],0.03,,4,,,,,,,False,scenario3,6,2066460823376,False,,0,0
6,7,pictures,69,0.2222222222222222,NO_PREDICTIVE_CANDIDATE,0,[],[],[],[],[],[],0.03,,5,,,,,,,False,scenario3,1,2066460824384,False,,0,0
6,7,pictures,67,0.2777777777777778,NO_PREDICTIVE_CANDIDATE,0,[],[],[],[],[],[],0.03,,6,,,,,,,False,scenario3,4,2066460825392,False,,0,0
6,7,pictures,34,0.3333333333333333,NO_PREDICTIVE_CANDIDATE,0,[],[],[],[],[],[],0.03,,7,,,,,,,False,scenario3,7,2066460826400,False,,0,0
6,7,pictures,73,0.3888888888888889,NO_PREDICTIVE_CANDIDATE,0,[],[],[],[],[],[],0.03,,8,,,,,,,False,scenario3,8,2066460827408,False,,0,0
6,7,pictures,63,0.4444444444444444,NO_PREDICTIVE_CANDIDATE,0,[],[],[],[],[],[],0.03,,9,,,,,,,False,scenario3,1,2066460828416,False,,0,0
6,7,pictures,25,0.5,NO_PREDICTIVE_CANDIDATE,0,[],[],[],[],[],[],0.03,,10,,,,,,,False,scenario3,5,2066460829424,False,,0,0
6,8,",",9,0.0,NO_PREDICTIVE_CANDIDATE,0,[],[],[],[],[],[],0.03,,1,,,,,,,False,scenario3,7,2066460834944,False,,0,0
6,8,",",10,0.05555555555555555,NO_PREDICTIVE_CANDIDATE,0,[],[],[],[],[],[],0.03,,2,,,,,,,False,scenario3,3,2066460833648,False,,0,0
6,8,",",11,0.1111111111111111,NO_PREDICTIVE_CANDIDATE,0,[],[],[],[],[],[],0.03,,3,,,,,,,False,scenario3,5,2066460832928,False,,0,0
6,8,",",81,0.16666666666666666,NO_PREDICTIVE_CANDIDATE,0,[],[],[],[],[],[],0.03,,4,,,,,,,False,scenario3,4,2066460831632,False,,0,0
6,8,",",14,0.2222222222222222,NO_PREDICTIVE_CANDIDATE,0,[],[],[],[],[],[],0.03,,5,,,,,,,False,scenario3,9,2066460830912,False,,0,0
6,8,",",32,0.2777777777777778,NO_PREDICTIVE_CANDIDATE,0,[],[],[],[],[],[],0.03,,6,,,,,,,False,scenario3,3,2066460829616,False,,0,0
6,8,",",53,0.3333333333333333,NO_PREDICTIVE_CANDIDATE,0,[],[],[],[],[],[],0.03,,7,,,,,,,False,scenario3,1,2066461000384,False,,0,0
6,8,",",93,0.3888888888888889,NO_PREDICTIVE_CANDIDATE,0,[],[],[],[],[],[],0.03,,8,,,,,,,False,scenario3,1,2066461001392,False,,0,0
6,8,",",42,0.4444444444444444,NO_PREDICTIVE_CANDIDATE,0,[],[],[],[],[],[],0.03,,9,,,,,,,False,scenario3,7,2066461002400,False,,0,0
6,8,",",49,0.5,NO_PREDICTIVE_CANDIDATE,0,[],[],[],[],[],[],0.03,,10,,,,,,,False,scenario3,4,2066461003408,False,,0,0
6,9,sustaining,52,0.0,NO_PREDICTIVE_CANDIDATE,0,[],[],[],[],[],[],0.03,,1,,,,,,,False,scenario3,2,2066461121984,False,,28,28
6,9,sustaining,68,0.05555555555555555,UNIQUE_PREDICTIVE_CANDIDATE,1,[5],[2066460247200],[0.39485568576388896],[1.4915337916166307],"[""PREDICTIVE_CANDIDATE_WITH_SOMA_TIME""]",[false],0.03,26,2,False,5,2066460247200,0.39485568576388896,0.3393001302083334,0.3393001302083334,True,scenario3,0,2066461120304,True,PROXIMAL_TIME_MISMATCH,28,28
6,9,sustaining,14,0.1111111111111111,UNIQUE_PREDICTIVE_CANDIDATE,1,[0],[2066460223408],[0.22818901909722222],[1.4915337916166307],"[""PREDICTIVE_CANDIDATE_WITH_SOMA_TIME""]",[false],0.03,23,3,False,0,2066460223408,0.22818901909722222,0.11707790798611112,0.11707790798611112,True,scenario3,7,2066461119200,True,PROXIMAL_TIME_MISMATCH,28,28
6,9,sustaining,64,0.16666666666666666,NO_PREDICTIVE_CANDIDATE,0,[],[],[],[],[],[],0.03,,4,,,,,,,False,scenario3,6,2066461117904,False,,28,28
6,9,sustaining,0,0.2222222222222222,NO_PREDICTIVE_CANDIDATE,0,[],[],[],[],[],[],0.03,,5,,,,,,,False,scenario3,3,2066461117088,False,,28,28
6,9,sustaining,77,0.2777777777777778,NO_PREDICTIVE_CANDIDATE,0,[],[],[],[],[],[],0.03,,6,,,,,,,False,scenario3,2,2066461115792,False,,28,28
6,9,sustaining,48,0.3333333333333333,NO_PREDICTIVE_CANDIDATE,0,[],[],[],[],[],[],0.03,,7,,,,,,,False,scenario3,0,2066461115072,False,,28,28
6,9,sustaining,3,0.3888888888888889,NO_PREDICTIVE_CANDIDATE,0,[],[],[],[],[],[],0.03,,8,,,,,,,False,scenario3,4,2066461015504,False,,28,28
6,9,sustaining,5,0.4444444444444444,NO_PREDICTIVE_CANDIDATE,0,[],[],[],[],[],[],0.03,,9,,,,,,,False,scenario3,6,2066461014784,False,,28,28
6,9,sustaining,66,0.5,UNIQUE_PREDICTIVE_CANDIDATE,1,[5],[2066426105872],[0.4499999999999904],[1.431872439951966],"[""PREDICTIVE_CANDIDATE_WITH_SOMA_TIME""]",[false],0.03,9,10,False,5,2066426105872,0.4499999999999904,-0.05000000000000959,0.05000000000000959,True,scenario3,8,2066461013104,True,PROXIMAL_TIME_MISMATCH,28,28
7,0,`,51,0.0,NO_PREDICTIVE_CANDIDATE,0,[],[],[],[],[],[],0.03,,1,,,,,,,False,scenario3,7,,False,,0,0
7,0,`,69,0.05555555555555555,NO_PREDICTIVE_CANDIDATE,0,[],[],[],[],[],[],0.03,,2,,,,,,,False,scenario3,5,,False,,0,0
7,0,`,72,0.1111111111111111,NO_PREDICTIVE_CANDIDATE,0,[],[],[],[],[],[],0.03,,3,,,,,,,False,scenario3,2,,False,,0,0
7,0,`,15,0.16666666666666666,NO_PREDICTIVE_CANDIDATE,0,[],[],[],[],[],[],0.03,,4,,,,,,,False,scenario3,7,,False,,0,0
7,0,`,62,0.2222222222222222,NO_PREDICTIVE_CANDIDATE,0,[],[],[],[],[],[],0.03,,5,,,,,,,False,scenario3,8,,False,,0,0
7,0,`,11,0.2777777777777778,NO_PREDICTIVE_CANDIDATE,0,[],[],[],[],[],[],0.03,,6,,,,,,,False,scenario3,3,,False,,0,0
7,0,`,88,0.3333333333333333,NO_PREDICTIVE_CANDIDATE,0,[],[],[],[],[],[],0.03,,7,,,,,,,False,scenario3,8,,False,,0,0
7,0,`,21,0.3888888888888889,NO_PREDICTIVE_CANDIDATE,0,[],[],[],[],[],[],0.03,,8,,,,,,,False,scenario3,2,,False,,0,0
7,0,`,8,0.4444444444444444,NO_PREDICTIVE_CANDIDATE,0,[],[],[],[],[],[],0.03,,9,,,,,,,False,scenario3,3,,False,,0,0
7,0,`,68,0.5,NO_PREDICTIVE_CANDIDATE,0,[],[],[],[],[],[],0.03,,10,,,,,,,False,scenario3,8,,False,,0,0
7,1,That,58,0.0,NO_PREDICTIVE_CANDIDATE,0,[],[],[],[],[],[],0.03,,1,,,,,,,False,scenario3,1,2066461004848,False,,0,0
7,1,That,52,0.05555555555555555,NO_PREDICTIVE_CANDIDATE,0,[],[],[],[],[],[],0.03,,2,,,,,,,False,scenario3,0,2066461006432,False,,0,0
7,1,That,51,0.1111111111111111,NO_PREDICTIVE_CANDIDATE,0,[],[],[],[],[],[],0.03,,3,,,,,,,False,scenario3,8,2066461006864,False,,0,0
7,1,That,34,0.16666666666666666,NO_PREDICTIVE_CANDIDATE,0,[],[],[],[],[],[],0.03,,4,,,,,,,False,scenario3,8,2066461008448,False,,0,0
7,1,That,31,0.2222222222222222,NO_PREDICTIVE_CANDIDATE,0,[],[],[],[],[],[],0.03,,5,,,,,,,False,scenario3,2,2066461008880,False,,0,0
7,1,That,60,0.2777777777777778,NO_PREDICTIVE_CANDIDATE,0,[],[],[],[],[],[],0.03,,6,,,,,,,False,scenario3,3,2066461010464,False,,0,0
7,1,That,63,0.3333333333333333,NO_PREDICTIVE_CANDIDATE,0,[],[],[],[],[],[],0.03,,7,,,,,,,False,scenario3,9,2066461010896,False,,0,0
7,1,That,16,0.3888888888888889,NO_PREDICTIVE_CANDIDATE,0,[],[],[],[],[],[],0.03,,8,,,,,,,False,scenario3,4,2066461012480,False,,0,0
7,1,That,43,0.4444444444444444,NO_PREDICTIVE_CANDIDATE,0,[],[],[],[],[],[],0.03,,9,,,,,,,False,scenario3,6,2066461013008,False,,0,0
7,1,That,55,0.5,NO_PREDICTIVE_CANDIDATE,0,[],[],[],[],[],[],0.03,,10,,,,,,,False,scenario3,8,2066461123856,False,,0,0
7,2,would,97,0.0,NO_PREDICTIVE_CANDIDATE,0,[],[],[],[],[],[],0.03,,1,,,,,,,False,scenario3,1,2066461129040,False,,0,0
7,2,would,29,0.05555555555555555,NO_PREDICTIVE_CANDIDATE,0,[],[],[],[],[],[],0.03,,2,,,,,,,False,scenario3,5,2066461127648,False,,0,0
7,2,would,65,0.1111111111111111,NO_PREDICTIVE_CANDIDATE,0,[],[],[],[],[],[],0.03,,3,,,,,,,False,scenario3,3,2066461126736,False,,0,0
7,2,would,36,0.16666666666666666,NO_PREDICTIVE_CANDIDATE,0,[],[],[],[],[],[],0.03,,4,,,,,,,False,scenario3,3,2066461125824,False,,0,0
7,2,would,3,0.2222222222222222,NO_PREDICTIVE_CANDIDATE,0,[],[],[],[],[],[],0.03,,5,,,,,,,False,scenario3,2,2066461124912,False,,0,0
7,2,would,8,0.2777777777777778,NO_PREDICTIVE_CANDIDATE,0,[],[],[],[],[],[],0.03,,6,,,,,,,False,scenario3,7,2066460855856,False,,0,0
7,2,would,72,0.3333333333333333,NO_PREDICTIVE_CANDIDATE,0,[],[],[],[],[],[],0.03,,7,,,,,,,False,scenario3,8,2066461131792,False,,0,0
7,2,would,98,0.3888888888888889,NO_PREDICTIVE_CANDIDATE,0,[],[],[],[],[],[],0.03,,8,,,,,,,False,scenario3,2,2066461132800,False,,0,0
7,2,would,13,0.4444444444444444,NO_PREDICTIVE_CANDIDATE,0,[],[],[],[],[],[],0.03,,9,,,,,,,False,scenario3,2,2066461133808,False,,0,0
7,2,would,51,0.5,NO_PREDICTIVE_CANDIDATE,0,[],[],[],[],[],[],0.03,,10,,,,,,,False,scenario3,7,2066461134816,False,,0,0
7,3,n't,60,0.0,NO_PREDICTIVE_CANDIDATE,0,[],[],[],[],[],[],0.03,,1,,,,,,,False,scenario3,1,2066461109296,False,,10,10
7,3,n't,67,0.05555555555555555,NO_PREDICTIVE_CANDIDATE,0,[],[],[],[],[],[],0.03,,2,,,,,,,False,scenario3,9,2066461108000,False,,10,10
7,3,n't,40,0.1111111111111111,NO_PREDICTIVE_CANDIDATE,0,[],[],[],[],[],[],0.03,,3,,,,,,,False,scenario3,9,2066461107280,False,,10,10
7,3,n't,13,0.16666666666666666,UNIQUE_PREDICTIVE_CANDIDATE,1,[1],[2066402195792],[0.004999999999999893],[1.4915337916166307],"[""PREDICTIVE_CANDIDATE_WITH_SOMA_TIME""]",[false],0.03,1,4,False,1,2066402195792,0.004999999999999893,-0.16166666666666676,0.16166666666666676,True,scenario3,9,2066461105600,True,PROXIMAL_TIME_MISMATCH,10,10
7,3,n't,24,0.2222222222222222,NO_PREDICTIVE_CANDIDATE,0,[],[],[],[],[],[],0.03,,5,,,,,,,False,scenario3,1,2066461104880,False,,10,10
7,3,n't,53,0.2777777777777778,NO_PREDICTIVE_CANDIDATE,0,[],[],[],[],[],[],0.03,,6,,,,,,,False,scenario3,7,2066461103488,False,,10,10
7,3,n't,79,0.3333333333333333,NO_PREDICTIVE_CANDIDATE,0,[],[],[],[],[],[],0.03,,7,,,,,,,False,scenario3,7,2066461102768,False,,10,10
7,3,n't,3,0.3888888888888889,NO_PREDICTIVE_CANDIDATE,0,[],[],[],[],[],[],0.03,,8,,,,,,,False,scenario3,6,2066461101472,False,,10,10
7,3,n't,33,0.4444444444444444,NO_PREDICTIVE_CANDIDATE,0,[],[],[],[],[],[],0.03,,9,,,,,,,False,scenario3,9,2066461100752,False,,10,10
7,3,n't,16,0.5,NO_PREDICTIVE_CANDIDATE,0,[],[],[],[],[],[],0.03,,10,,,,,,,False,scenario3,9,2066461099456,False,,10,10
7,4,be,89,0.0,NO_PREDICTIVE_CANDIDATE,0,[],[],[],[],[],[],0.03,,1,,,,,,,False,scenario3,7,2066461136544,False,,0,0
7,4,be,99,0.05555555555555555,NO_PREDICTIVE_CANDIDATE,0,[],[],[],[],[],[],0.03,,2,,,,,,,False,scenario3,2,2066461137552,False,,0,0
7,4,be,2,0.1111111111111111,NO_PREDICTIVE_CANDIDATE,0,[],[],[],[],[],[],0.03,,3,,,,,,,False,scenario3,0,2066461138560,False,,0,0
7,4,be,4,0.16666666666666666,NO_PREDICTIVE_CANDIDATE,0,[],[],[],[],[],[],0.03,,4,,,,,,,False,scenario3,6,2066461139568,False,,0,0
7,4,be,24,0.2222222222222222,NO_PREDICTIVE_CANDIDATE,0,[],[],[],[],[],[],0.03,,5,,,,,,,False,scenario3,7,2066461140576,False,,0,0
7,4,be,19,0.2777777777777778,NO_PREDICTIVE_CANDIDATE,0,[],[],[],[],[],[],0.03,,6,,,,,,,False,scenario3,3,2066461141584,False,,0,0
7,4,be,29,0.3333333333333333,NO_PREDICTIVE_CANDIDATE,0,[],[],[],[],[],[],0.03,,7,,,,,,,False,scenario3,9,2066461142592,False,,0,0
7,4,be,1,0.3888888888888889,NO_PREDICTIVE_CANDIDATE,0,[],[],[],[],[],[],0.03,,8,,,,,,,False,scenario3,3,2066461143600,False,,0,0
7,4,be,87,0.4444444444444444,NO_PREDICTIVE_CANDIDATE,0,[],[],[],[],[],[],0.03,,9,,,,,,,False,scenario3,7,2066461144608,False,,0,0
7,4,be,36,0.5,NO_PREDICTIVE_CANDIDATE,0,[],[],[],[],[],[],0.03,,10,,,,,,,False,scenario3,5,2066461145616,False,,0,0
7,5,very,41,0.0,NO_PREDICTIVE_CANDIDATE,0,[],[],[],[],[],[],0.03,,1,,,,,,,False,scenario3,0,2066461112416,False,,0,0
7,5,very,92,0.05555555555555555,NO_PREDICTIVE_CANDIDATE,0,[],[],[],[],[],[],0.03,,2,,,,,,,False,scenario3,5,2066461111312,False,,0,0
7,5,very,45,0.1111111111111111,NO_PREDICTIVE_CANDIDATE,0,[],[],[],[],[],[],0.03,,3,,,,,,,False,scenario3,7,2066461099504,False,,0,0
7,5,very,31,0.16666666666666666,NO_PREDICTIVE_CANDIDATE,0,[],[],[],[],[],[],0.03,,4,,,,,,,False,scenario3,3,2066461098208,False,,0,0
7,5,very,79,0.2222222222222222,NO_PREDICTIVE_CANDIDATE,0,[],[],[],[],[],[],0.03,,5,,,,,,,False,scenario3,5,2066461134864,False,,0,0
7,5,very,63,0.2777777777777778,NO_PREDICTIVE_CANDIDATE,0,[],[],[],[],[],[],0.03,,6,,,,,,,False,scenario3,1,2066461145904,False,,0,0
7,5,very,13,0.3333333333333333,NO_PREDICTIVE_CANDIDATE,0,[],[],[],[],[],[],0.03,,7,,,,,,,False,scenario3,7,2066465751648,False,,0,0
7,5,very,93,0.3888888888888889,NO_PREDICTIVE_CANDIDATE,0,[],[],[],[],[],[],0.03,,8,,,,,,,False,scenario3,6,2066465752656,False,,0,0
7,5,very,74,0.4444444444444444,NO_PREDICTIVE_CANDIDATE,0,[],[],[],[],[],[],0.03,,9,,,,,,,False,scenario3,1,2066465753664,False,,0,0
7,5,very,15,0.5,NO_PREDICTIVE_CANDIDATE,0,[],[],[],[],[],[],0.03,,10,,,,,,,False,scenario3,7,2066465754672,False,,0,0
7,6,nice,65,0.0,NO_PREDICTIVE_CANDIDATE,0,[],[],[],[],[],[],0.03,,1,,,,,,,False,scenario3,6,2066465765856,False,,0,0
7,6,nice,79,0.05555555555555555,NO_PREDICTIVE_CANDIDATE,0,[],[],[],[],[],[],0.03,,2,,,,,,,False,scenario3,8,2066465764560,False,,0,0
7,6,nice,32,0.1111111111111111,NO_PREDICTIVE_CANDIDATE,0,[],[],[],[],[],[],0.03,,3,,,,,,,False,scenario3,4,2066465763840,False,,0,0
7,6,nice,91,0.16666666666666666,NO_PREDICTIVE_CANDIDATE,0,[],[],[],[],[],[],0.03,,4,,,,,,,False,scenario3,0,2066465762544,False,,0,0
7,6,nice,25,0.2222222222222222,NO_PREDICTIVE_CANDIDATE,0,[],[],[],[],[],[],0.03,,5,,,,,,,False,scenario3,4,2066465761824,False,,0,0
7,6,nice,89,0.2777777777777778,NO_PREDICTIVE_CANDIDATE,0,[],[],[],[],[],[],0.03,,6,,,,,,,False,scenario3,1,2066465760528,False,,0,0
7,6,nice,67,0.3333333333333333,NO_PREDICTIVE_CANDIDATE,0,[],[],[],[],[],[],0.03,,7,,,,,,,False,scenario3,1,2066465759808,False,,0,0
7,6,nice,55,0.3888888888888889,NO_PREDICTIVE_CANDIDATE,0,[],[],[],[],[],[],0.03,,8,,,,,,,False,scenario3,0,2066465758512,False,,0,0
7,6,nice,2,0.4444444444444444,NO_PREDICTIVE_CANDIDATE,0,[],[],[],[],[],[],0.03,,9,,,,,,,False,scenario3,7,2066465757792,False,,0,0
7,6,nice,48,0.5,NO_PREDICTIVE_CANDIDATE,0,[],[],[],[],[],[],0.03,,10,,,,,,,False,scenario3,3,2066465756496,False,,0,0
7,7,",",9,0.0,NO_PREDICTIVE_CANDIDATE,0,[],[],[],[],[],[],0.03,,1,,,,,,,False,scenario3,5,2066465755536,False,,0,0
7,7,",",10,0.05555555555555555,NO_PREDICTIVE_CANDIDATE,0,[],[],[],[],[],[],0.03,,2,,,,,,,False,scenario3,7,2066465756544,False,,0,0
7,7,",",11,0.1111111111111111,NO_PREDICTIVE_CANDIDATE,0,[],[],[],[],[],[],0.03,,3,,,,,,,False,scenario3,0,2066465668368,False,,0,0
7,7,",",81,0.16666666666666666,NO_PREDICTIVE_CANDIDATE,0,[],[],[],[],[],[],0.03,,4,,,,,,,False,scenario3,0,2066465667072,False,,0,0
7,7,",",14,0.2222222222222222,NO_PREDICTIVE_CANDIDATE,0,[],[],[],[],[],[],0.03,,5,,,,,,,False,scenario3,2,2066465666352,False,,0,0
7,7,",",32,0.2777777777777778,NO_PREDICTIVE_CANDIDATE,0,[],[],[],[],[],[],0.03,,6,,,,,,,False,scenario3,7,2066465665056,False,,0,0
7,7,",",53,0.3333333333333333,NO_PREDICTIVE_CANDIDATE,0,[],[],[],[],[],[],0.03,,7,,,,,,,False,scenario3,0,2066465664336,False,,0,0
7,7,",",93,0.3888888888888889,NO_PREDICTIVE_CANDIDATE,0,[],[],[],[],[],[],0.03,,8,,,,,,,False,scenario3,5,2066465663040,False,,0,0
7,7,",",42,0.4444444444444444,NO_PREDICTIVE_CANDIDATE,0,[],[],[],[],[],[],0.03,,9,,,,,,,False,scenario3,6,2066465662320,False,,0,0
7,7,",",49,0.5,NO_PREDICTIVE_CANDIDATE,0,[],[],[],[],[],[],0.03,,10,,,,,,,False,scenario3,5,2066465661024,False,,0,0
7,8,I,78,0.0,UNIQUE_PREDICTIVE_CANDIDATE,1,[3],[2066426339136],[0.11738186306423626],[1.431872439951966],"[""PREDICTIVE_CANDIDATE_WITH_SOMA_TIME""]",[false],0.03,13,1,False,3,2066426339136,0.11738186306423626,0.11738186306423626,0.11738186306423626,True,scenario3,4,2066465883104,True,PROXIMAL_TIME_MISMATCH,35,35
7,8,I,23,0.05555555555555555,NO_PREDICTIVE_CANDIDATE,0,[],[],[],[],[],[],0.03,,2,,,,,,,False,scenario3,1,2066465882288,False,,35,35
7,8,I,12,0.1111111111111111,NO_PREDICTIVE_CANDIDATE,0,[],[],[],[],[],[],0.03,,3,,,,,,,False,scenario3,5,2066465653632,False,,35,35
7,8,I,57,0.16666666666666666,UNIQUE_PREDICTIVE_CANDIDATE,1,[6],[2066460222112],[0.2838922797309029],[1.4617031157842983],"[""PREDICTIVE_CANDIDATE_WITH_SOMA_TIME""]",[false],0.03,32,4,False,6,2066460222112,0.2838922797309029,0.11722561306423626,0.11722561306423626,True,scenario3,7,2066465655024,True,PROXIMAL_TIME_MISMATCH,35,35
7,8,I,38,0.2222222222222222,UNIQUE_PREDICTIVE_CANDIDATE,1,[7],[2066426332992],[0.4499999999999904],[1.431872439951966],"[""PREDICTIVE_CANDIDATE_WITH_SOMA_TIME""]",[false],0.03,19,5,False,7,2066426332992,0.4499999999999904,0.2277777777777682,0.2277777777777682,True,scenario3,2,2066465656416,True,PROXIMAL_TIME_MISMATCH,35,35
7,8,I,18,0.2777777777777778,UNIQUE_PREDICTIVE_CANDIDATE,1,[3],[2066460226144],[0.0616700575086806],[1.4617031157842983],"[""PREDICTIVE_CANDIDATE_WITH_SOMA_TIME""]",[false],0.03,20,6,False,3,2066460226144,0.0616700575086806,-0.2161077202690972,0.2161077202690972,True,scenario3,2,2066465657808,True,PROXIMAL_TIME_MISMATCH,35,35
7,8,I,11,0.3333333333333333,NO_PREDICTIVE_CANDIDATE,0,[],[],[],[],[],[],0.03,,7,,,,,,,False,scenario3,9,2066465658816,False,,35,35
7,8,I,68,0.3888888888888889,UNIQUE_PREDICTIVE_CANDIDATE,1,[0],[2066461120304],[0.061522352430555705],[1.4915337916166307],"[""PREDICTIVE_CANDIDATE_WITH_SOMA_TIME""]",[false],0.03,22,8,False,0,2066461120304,0.061522352430555705,-0.3273665364583332,0.3273665364583332,True,scenario2,5,2066460247200,True,PROXIMAL_TIME_MISMATCH,35,35
7,8,I,88,0.4444444444444444,UNIQUE_PREDICTIVE_CANDIDATE,1,[0],[2066425939776],[0.061989881727430696],[1.4020417641196328],"[""PREDICTIVE_CANDIDATE_WITH_SOMA_TIME""]",[false],0.03,2,9,False,0,2066425939776,0.061989881727430696,-0.3824545627170137,0.3824545627170137,True,scenario3,1,2066465999856,True,PROXIMAL_TIME_MISMATCH,35,35
7,8,I,81,0.5,UNIQUE_PREDICTIVE_CANDIDATE,1,[0],[2066460260352],[0.5061145019531141],[1.4617031157842983],"[""PREDICTIVE_CANDIDATE_WITH_SOMA_TIME""]",[true],0.03,35,10,False,0,2066460260352,0.5061145019531141,0.006114501953114138,0.006114501953114138,False,scenario1,0,2066460260352,False,,35,35
7,9,'m,81,0.0,NO_PREDICTIVE_CANDIDATE,0,[],[],[],[],[],[],0.03,,1,,,,,,,False,scenario3,8,2066466013152,False,,10,10
7,9,'m,52,0.05555555555555555,NO_PREDICTIVE_CANDIDATE,0,[],[],[],[],[],[],0.03,,2,,,,,,,False,scenario3,5,2066466012000,False,,10,10
7,9,'m,67,0.1111111111111111,NO_PREDICTIVE_CANDIDATE,0,[],[],[],[],[],[],0.03,,3,,,,,,,False,scenario3,5,2066466011280,False,,10,10
7,9,'m,78,0.16666666666666666,UNIQUE_PREDICTIVE_CANDIDATE,1,[1],[2066486084288],[0.33999999999999275],[1.3423804124549676],"[""PREDICTIVE_CANDIDATE_WITH_SOMA_TIME""]",[false],0.03,7,4,False,1,2066486084288,0.33999999999999275,0.1733333333333261,0.1733333333333261,True,scenario3,6,2066466009504,True,PROXIMAL_TIME_MISMATCH,10,10
7,9,'m,20,0.2222222222222222,UNIQUE_PREDICTIVE_CANDIDATE,1,[9],[2066486085296],[0.3949999999999916],[1.3423804124549676],"[""PREDICTIVE_CANDIDATE_WITH_SOMA_TIME""]",[false],0.03,8,5,False,9,2066486085296,0.3949999999999916,0.17277777777776937,0.17277777777776937,True,scenario3,4,2066466008064,True,PROXIMAL_TIME_MISMATCH,10,10
7,9,'m,68,0.2777777777777778,NO_PREDICTIVE_CANDIDATE,0,[],[],[],[],[],[],0.03,,6,,,,,,,False,scenario3,8,2066466007008,False,,10,10
7,9,'m,26,0.3333333333333333,NO_PREDICTIVE_CANDIDATE,0,[],[],[],[],[],[],0.03,,7,,,,,,,False,scenario3,6,2066466006288,False,,10,10
7,9,'m,80,0.3888888888888889,NO_PREDICTIVE_CANDIDATE,0,[],[],[],[],[],[],0.03,,8,,,,,,,False,scenario3,2,2066466005232,False,,10,10
7,9,'m,27,0.4444444444444444,NO_PREDICTIVE_CANDIDATE,0,[],[],[],[],[],[],0.03,,9,,,,,,,False,scenario3,0,2066465998224,False,,10,10
7,9,'m,69,0.5,NO_PREDICTIVE_CANDIDATE,0,[],[],[],[],[],[],0.03,,10,,,,,,,False,scenario3,7,2066465997120,False,,10,10
8,0,``,57,0.0,NO_PREDICTIVE_CANDIDATE,0,[],[],[],[],[],[],0.03,,1,,,,,,,False,scenario3,1,,False,,0,0
8,0,``,71,0.05555555555555555,NO_PREDICTIVE_CANDIDATE,0,[],[],[],[],[],[],0.03,,2,,,,,,,False,scenario3,1,,False,,0,0
8,0,``,99,0.1111111111111111,NO_PREDICTIVE_CANDIDATE,0,[],[],[],[],[],[],0.03,,3,,,,,,,False,scenario3,0,,False,,0,0
8,0,``,59,0.16666666666666666,NO_PREDICTIVE_CANDIDATE,0,[],[],[],[],[],[],0.03,,4,,,,,,,False,scenario3,4,,False,,0,0
8,0,``,65,0.2222222222222222,NO_PREDICTIVE_CANDIDATE,0,[],[],[],[],[],[],0.03,,5,,,,,,,False,scenario3,9,,False,,0,0
8,0,``,75,0.2777777777777778,NO_PREDICTIVE_CANDIDATE,0,[],[],[],[],[],[],0.03,,6,,,,,,,False,scenario3,9,,False,,0,0
8,0,``,24,0.3333333333333333,NO_PREDICTIVE_CANDIDATE,0,[],[],[],[],[],[],0.03,,7,,,,,,,False,scenario3,6,,False,,0,0
8,0,``,23,0.3888888888888889,NO_PREDICTIVE_CANDIDATE,0,[],[],[],[],[],[],0.03,,8,,,,,,,False,scenario3,8,,False,,0,0
8,0,``,60,0.4444444444444444,NO_PREDICTIVE_CANDIDATE,0,[],[],[],[],[],[],0.03,,9,,,,,,,False,scenario3,7,,False,,0,0
8,0,``,80,0.5,NO_PREDICTIVE_CANDIDATE,0,[],[],[],[],[],[],0.03,,10,,,,,,,False,scenario3,1,,False,,0,0
8,1,I,78,0.0,UNIQUE_PREDICTIVE_CANDIDATE,1,[8],[2066485969264],[0.004999999999999893],[1.4915337916166307],"[""PREDICTIVE_CANDIDATE_WITH_SOMA_TIME""]",[true],0.03,1,1,True,8,2066485969264,0.004999999999999893,0.004999999999999893,0.004999999999999893,False,scenario1,8,2066485969264,False,,10,10
8,1,I,23,0.05555555555555555,UNIQUE_PREDICTIVE_CANDIDATE,1,[6],[2066485970272],[0.061522352430555705],[1.4915337916166307],"[""PREDICTIVE_CANDIDATE_WITH_SOMA_TIME""]",[true],0.03,2,2,True,6,2066485970272,0.061522352430555705,0.005966796875000152,0.005966796875000152,False,scenario1,6,2066485970272,False,,10,10
8,1,I,12,0.1111111111111111,UNIQUE_PREDICTIVE_CANDIDATE,1,[0],[2066485971280],[0.11707790798611128],[1.4915337916166307],"[""PREDICTIVE_CANDIDATE_WITH_SOMA_TIME""]",[true],0.03,3,3,True,0,2066485971280,0.11707790798611128,0.00596679687500018,0.00596679687500018,False,scenario1,0,2066485971280,False,,10,10
8,1,I,57,0.16666666666666666,UNIQUE_PREDICTIVE_CANDIDATE,1,[1],[2066485972288],[0.17263346354166664],[1.4915337916166307],"[""PREDICTIVE_CANDIDATE_WITH_SOMA_TIME""]",[true],0.03,4,4,True,1,2066485972288,0.17263346354166664,0.005966796874999986,0.005966796874999986,False,scenario1,1,2066485972288,False,,10,10
8,1,I,38,0.2222222222222222,UNIQUE_PREDICTIVE_CANDIDATE,1,[0],[2066485973296],[0.22818901909722222],[1.4915337916166307],"[""PREDICTIVE_CANDIDATE_WITH_SOMA_TIME""]",[true],0.03,5,5,True,0,2066485973296,0.22818901909722222,0.005966796875000013,0.005966796875000013,False,scenario1,0,2066485973296,False,,10,10
8,1,I,18,0.2777777777777778,UNIQUE_PREDICTIVE_CANDIDATE,1,[8],[2066485974304],[0.2837445746527778],[1.4915337916166307],"[""PREDICTIVE_CANDIDATE_WITH_SOMA_TIME""]",[true],0.03,6,6,True,8,2066485974304,0.2837445746527778,0.005966796875000013,0.005966796875000013,False,scenario1,8,2066485974304,False,,10,10
8,1,I,11,0.3333333333333333,UNIQUE_PREDICTIVE_CANDIDATE,1,[1],[2066485975312],[0.3393001302083334],[1.4915337916166307],"[""PREDICTIVE_CANDIDATE_WITH_SOMA_TIME""]",[true],0.03,7,7,True,1,2066485975312,0.3393001302083334,0.005966796875000069,0.005966796875000069,False,scenario1,1,2066485975312,False,,10,10
8,1,I,68,0.3888888888888889,UNIQUE_PREDICTIVE_CANDIDATE,1,[2],[2066485976320],[0.39485568576388896],[1.4915337916166307],"[""PREDICTIVE_CANDIDATE_WITH_SOMA_TIME""]",[true],0.03,8,8,True,2,2066485976320,0.39485568576388896,0.005966796875000069,0.005966796875000069,False,scenario1,2,2066485976320,False,,10,10
8,1,I,88,0.4444444444444444,UNIQUE_PREDICTIVE_CANDIDATE,1,[3],[2066485977328],[0.4499999999999904],[1.4915337916166307],"[""PREDICTIVE_CANDIDATE_WITH_SOMA_TIME""]",[true],0.03,9,9,True,3,2066485977328,0.4499999999999904,0.005555555555545988,0.005555555555545988,False,scenario1,3,2066485977328,False,,10,10
8,1,I,81,0.5,UNIQUE_PREDICTIVE_CANDIDATE,1,[4],[2066485978336],[0.5059667968749892],[1.4915337916166307],"[""PREDICTIVE_CANDIDATE_WITH_SOMA_TIME""]",[true],0.03,10,10,True,4,2066485978336,0.5059667968749892,0.005966796874989244,0.005966796874989244,False,scenario1,4,2066485978336,False,,10,10
8,2,have,78,0.0,NO_PREDICTIVE_CANDIDATE,0,[],[],[],[],[],[],0.03,,1,,,,,,,False,scenario3,0,2066465892128,False,,8,8
8,2,have,75,0.05555555555555555,NO_PREDICTIVE_CANDIDATE,0,[],[],[],[],[],[],0.03,,2,,,,,,,False,scenario3,3,2066465892176,False,,8,8
8,2,have,17,0.1111111111111111,NO_PREDICTIVE_CANDIDATE,0,[],[],[],[],[],[],0.03,,3,,,,,,,False,scenario3,4,2066465884496,False,,8,8
8,2,have,29,0.16666666666666666,NO_PREDICTIVE_CANDIDATE,0,[],[],[],[],[],[],0.03,,4,,,,,,,False,scenario3,6,2066465883392,False,,8,8
8,2,have,94,0.2222222222222222,UNIQUE_PREDICTIVE_CANDIDATE,1,[5],[2066485984912],[0.2838764105902778],[1.4646861833675315],"[""PREDICTIVE_CANDIDATE_WITH_SOMA_TIME""]",[false],0.03,5,5,True,5,2066485984912,0.2838764105902778,0.061654188368055585,0.061654188368055585,True,scenario3,8,2066466000192,True,PROXIMAL_TIME_MISMATCH,8,8
8,2,have,80,0.2777777777777778,NO_PREDICTIVE_CANDIDATE,0,[],[],[],[],[],[],0.03,,6,,,,,,,False,scenario3,5,2066465998752,False,,8,8
8,2,have,44,0.3333333333333333,NO_PREDICTIVE_CANDIDATE,0,[],[],[],[],[],[],0.03,,7,,,,,,,False,scenario3,3,2066465997360,False,,8,8
8,2,have,23,0.3888888888888889,NO_PREDICTIVE_CANDIDATE,0,[],[],[],[],[],[],0.03,,8,,,,,,,False,scenario3,4,2066466003504,False,,8,8
8,2,have,40,0.4444444444444444,NO_PREDICTIVE_CANDIDATE,0,[],[],[],[],[],[],0.03,,9,,,,,,,False,scenario3,5,2066465926288,False,,8,8
8,2,have,77,0.5,NO_PREDICTIVE_CANDIDATE,0,[],[],[],[],[],[],0.03,,10,,,,,,,False,scenario3,9,2066465925280,False,,8,8
8,3,tasted,40,0.0,NO_PREDICTIVE_CANDIDATE,0,[],[],[],[],[],[],0.03,,1,,,,,,,False,scenario3,1,2066465929696,False,,0,0
8,3,tasted,24,0.05555555555555555,NO_PREDICTIVE_CANDIDATE,0,[],[],[],[],[],[],0.03,,2,,,,,,,False,scenario3,4,2066465928400,False,,0,0
8,3,tasted,27,0.1111111111111111,NO_PREDICTIVE_CANDIDATE,0,[],[],[],[],[],[],0.03,,3,,,,,,,False,scenario3,7,2066465927680,False,,0,0
8,3,tasted,99,0.16666666666666666,NO_PREDICTIVE_CANDIDATE,0,[],[],[],[],[],[],0.03,,4,,,,,,,False,scenario3,0,2066465915824,False,,0,0
8,3,tasted,12,0.2222222222222222,NO_PREDICTIVE_CANDIDATE,0,[],[],[],[],[],[],0.03,,5,,,,,,,False,scenario3,8,2066465916832,False,,0,0
8,3,tasted,17,0.2777777777777778,NO_PREDICTIVE_CANDIDATE,0,[],[],[],[],[],[],0.03,,6,,,,,,,False,scenario3,6,2066465917840,False,,0,0
8,3,tasted,30,0.3333333333333333,NO_PREDICTIVE_CANDIDATE,0,[],[],[],[],[],[],0.03,,7,,,,,,,False,scenario3,3,2066465918848,False,,0,0
8,3,tasted,16,0.3888888888888889,NO_PREDICTIVE_CANDIDATE,0,[],[],[],[],[],[],0.03,,8,,,,,,,False,scenario3,3,2066465919856,False,,0,0
8,3,tasted,93,0.4444444444444444,NO_PREDICTIVE_CANDIDATE,0,[],[],[],[],[],[],0.03,,9,,,,,,,False,scenario3,0,2066465920864,False,,0,0
8,3,tasted,11,0.5,NO_PREDICTIVE_CANDIDATE,0,[],[],[],[],[],[],0.03,,10,,,,,,,False,scenario3,8,2066465921584,False,,0,0
8,4,eggs,33,0.0,NO_PREDICTIVE_CANDIDATE,0,[],[],[],[],[],[],0.03,,1,,,,,,,False,scenario3,6,2066465888672,False,,0,0
8,4,eggs,49,0.05555555555555555,NO_PREDICTIVE_CANDIDATE,0,[],[],[],[],[],[],0.03,,2,,,,,,,False,scenario3,8,2066465889536,False,,0,0
8,4,eggs,12,0.1111111111111111,NO_PREDICTIVE_CANDIDATE,0,[],[],[],[],[],[],0.03,,3,,,,,,,False,scenario3,4,2066465886128,False,,0,0
8,4,eggs,55,0.16666666666666666,NO_PREDICTIVE_CANDIDATE,0,[],[],[],[],[],[],0.03,,4,,,,,,,False,scenario3,3,2066465885648,False,,0,0
8,4,eggs,53,0.2222222222222222,NO_PREDICTIVE_CANDIDATE,0,[],[],[],[],[],[],0.03,,5,,,,,,,False,scenario3,6,2066465924128,False,,0,0
8,4,eggs,69,0.2777777777777778,NO_PREDICTIVE_CANDIDATE,0,[],[],[],[],[],[],0.03,,6,,,,,,,False,scenario3,6,2066465923072,False,,0,0
8,4,eggs,90,0.3333333333333333,NO_PREDICTIVE_CANDIDATE,0,[],[],[],[],[],[],0.03,,7,,,,,,,False,scenario3,1,2066465926432,False,,0,0
8,4,eggs,16,0.3888888888888889,NO_PREDICTIVE_CANDIDATE,0,[],[],[],[],[],[],0.03,,8,,,,,,,False,scenario3,1,2066466226496,False,,0,0
8,4,eggs,25,0.4444444444444444,NO_PREDICTIVE_CANDIDATE,0,[],[],[],[],[],[],0.03,,9,,,,,,,False,scenario3,6,2066466227504,False,,0,0
8,4,eggs,51,0.5,NO_PREDICTIVE_CANDIDATE,0,[],[],[],[],[],[],0.03,,10,,,,,,,False,scenario3,6,2066466228512,False,,0,0
8,5,",",9,0.0,NO_PREDICTIVE_CANDIDATE,0,[],[],[],[],[],[],0.03,,1,,,,,,,False,scenario3,6,2066466241520,False,,0,0
8,5,",",10,0.05555555555555555,NO_PREDICTIVE_CANDIDATE,0,[],[],[],[],[],[],0.03,,2,,,,,,,False,scenario3,2,2066466240224,False,,0,0
8,5,",",11,0.1111111111111111,NO_PREDICTIVE_CANDIDATE,0,[],[],[],[],[],[],0.03,,3,,,,,,,False,scenario3,7,2066466239504,False,,0,0
8,5,",",81,0.16666666666666666,NO_PREDICTIVE_CANDIDATE,0,[],[],[],[],[],[],0.03,,4,,,,,,,False,scenario3,1,2066466238208,False,,0,0
8,5,",",14,0.2222222222222222,NO_PREDICTIVE_CANDIDATE,0,[],[],[],[],[],[],0.03,,5,,,,,,,False,scenario3,6,2066466237488,False,,0,0
8,5,",",32,0.2777777777777778,NO_PREDICTIVE_CANDIDATE,0,[],[],[],[],[],[],0.03,,6,,,,,,,False,scenario3,5,2066466236192,False,,0,0
8,5,",",53,0.3333333333333333,NO_PREDICTIVE_CANDIDATE,0,[],[],[],[],[],[],0.03,,7,,,,,,,False,scenario3,4,2066466235472,False,,0,0
8,5,",",93,0.3888888888888889,NO_PREDICTIVE_CANDIDATE,0,[],[],[],[],[],[],0.03,,8,,,,,,,False,scenario3,4,2066466234176,False,,0,0
8,5,",",42,0.4444444444444444,NO_PREDICTIVE_CANDIDATE,0,[],[],[],[],[],[],0.03,,9,,,,,,,False,scenario3,6,2066466233456,False,,0,0
8,5,",",49,0.5,NO_PREDICTIVE_CANDIDATE,0,[],[],[],[],[],[],0.03,,10,,,,,,,False,scenario3,0,2066466232160,False,,0,0
8,6,certainly,80,0.0,UNIQUE_PREDICTIVE_CANDIDATE,1,[6],[2066460224128],[0.17293741861979162],[1.431872439951966],"[""PREDICTIVE_CANDIDATE_WITH_SOMA_TIME""]",[false],0.03,35,1,False,6,2066460224128,0.17293741861979162,0.17293741861979162,0.17293741861979162,True,scenario3,8,2066466283136,True,PROXIMAL_TIME_MISMATCH,38,38
8,6,certainly,87,0.05555555555555555,NO_PREDICTIVE_CANDIDATE,0,[],[],[],[],[],[],0.03,,2,,,,,,,False,scenario3,4,2066466279824,False,,38,38
8,6,certainly,2,0.1111111111111111,NO_PREDICTIVE_CANDIDATE,0,[],[],[],[],[],[],0.03,,3,,,,,,,False,scenario3,1,2066466277952,False,,38,38
8,6,certainly,12,0.16666666666666666,UNIQUE_PREDICTIVE_CANDIDATE,1,[5],[2066465653632],[0.11707790798611128],[1.4915337916166307],"[""PREDICTIVE_CANDIDATE_WITH_SOMA_TIME""]",[false],0.03,13,4,False,5,2066465653632,0.11707790798611128,-0.04958875868055537,0.04958875868055537,True,scenario3,2,2066466072352,True,PROXIMAL_TIME_MISMATCH,38,38
8,6,certainly,25,0.2222222222222222,NO_PREDICTIVE_CANDIDATE,0,[],[],[],[],[],[],0.03,,5,,,,,,,False,scenario3,1,2066466071632,False,,38,38
8,6,certainly,72,0.2777777777777778,NO_PREDICTIVE_CANDIDATE,0,[],[],[],[],[],[],0.03,,6,,,,,,,False,scenario3,9,2066466070336,False,,38,38
8,6,certainly,45,0.3333333333333333,NO_PREDICTIVE_CANDIDATE,0,[],[],[],[],[],[],0.03,,7,,,,,,,False,scenario3,0,2066466069616,False,,38,38
8,6,certainly,46,0.3888888888888889,NO_PREDICTIVE_CANDIDATE,0,[],[],[],[],[],[],0.03,,8,,,,,,,False,scenario3,4,2066466068320,False,,38,38
8,6,certainly,14,0.4444444444444444,UNIQUE_PREDICTIVE_CANDIDATE,1,[7],[2066461119200],[0.11722561306423618],[1.4617031157842983],"[""PREDICTIVE_CANDIDATE_WITH_SOMA_TIME""]",[false],0.03,27,9,False,7,2066461119200,0.11722561306423618,-0.32721883138020824,0.32721883138020824,True,scenario3,5,2066466067216,True,PROXIMAL_TIME_MISMATCH,38,38
8,6,certainly,90,0.5,NO_PREDICTIVE_CANDIDATE,0,[],[],[],[],[],[],0.03,,10,,,,,,,False,scenario3,2,2066466065920,False,,38,38
8,7,",",9,0.0,NO_PREDICTIVE_CANDIDATE,0,[],[],[],[],[],[],0.03,,1,,,,,,,False,scenario3,4,2066466231200,False,,0,0
8,7,",",10,0.05555555555555555,NO_PREDICTIVE_CANDIDATE,0,[],[],[],[],[],[],0.03,,2,,,,,,,False,scenario3,3,2066466229904,False,,0,0
8,7,",",11,0.1111111111111111,NO_PREDICTIVE_CANDIDATE,0,[],[],[],[],[],[],0.03,,3,,,,,,,False,scenario3,4,2066466229184,False,,0,0
8,7,",",81,0.16666666666666666,NO_PREDICTIVE_CANDIDATE,0,[],[],[],[],[],[],0.03,,4,,,,,,,False,scenario3,7,2066466066256,False,,0,0
8,7,",",14,0.2222222222222222,NO_PREDICTIVE_CANDIDATE,0,[],[],[],[],[],[],0.03,,5,,,,,,,False,scenario3,7,2066466063376,False,,0,0
8,7,",",32,0.2777777777777778,NO_PREDICTIVE_CANDIDATE,0,[],[],[],[],[],[],0.03,,6,,,,,,,False,scenario3,1,2066466064384,False,,0,0
8,7,",",53,0.3333333333333333,NO_PREDICTIVE_CANDIDATE,0,[],[],[],[],[],[],0.03,,7,,,,,,,False,scenario3,5,2066466065392,False,,0,0
8,7,",",93,0.3888888888888889,NO_PREDICTIVE_CANDIDATE,0,[],[],[],[],[],[],0.03,,8,,,,,,,False,scenario3,6,2066466073552,False,,0,0
8,7,",",42,0.4444444444444444,NO_PREDICTIVE_CANDIDATE,0,[],[],[],[],[],[],0.03,,9,,,,,,,False,scenario3,0,2066466073888,False,,0,0
8,7,",",49,0.5,NO_PREDICTIVE_CANDIDATE,0,[],[],[],[],[],[],0.03,,10,,,,,,,False,scenario3,3,2066466075376,False,,0,0
8,8,'',64,0.0,UNIQUE_PREDICTIVE_CANDIDATE,1,[6],[2066461117904],[0.17293741861979162],[1.431872439951966],"[""PREDICTIVE_CANDIDATE_WITH_SOMA_TIME""]",[false],0.03,36,1,False,6,2066461117904,0.17293741861979162,0.17293741861979162,0.17293741861979162,True,scenario3,9,2066466541200,True,PROXIMAL_TIME_MISMATCH,45,45
8,8,'',81,0.05555555555555555,UNIQUE_PREDICTIVE_CANDIDATE,1,[0],[2066460260352],[0.5049999999999892],[1.0000861202899933],"[""PREDICTIVE_CANDIDATE_WITH_SOMA_TIME""]",[false],0.03,45,2,False,0,2066460260352,0.5049999999999892,0.44944444444443366,0.44944444444443366,True,scenario3,9,2066466454368,True,PROXIMAL_TIME_MISMATCH,45,45
8,8,'',97,0.1111111111111111,NO_PREDICTIVE_CANDIDATE,0,[],[],[],[],[],[],0.03,,3,,,,,,,False,scenario3,3,2066466451056,False,,45,45
8,8,'',43,0.16666666666666666,NO_PREDICTIVE_CANDIDATE,0,[],[],[],[],[],[],0.03,,4,,,,,,,False,scenario3,1,2066466449184,False,,45,45
8,8,'',87,0.2222222222222222,UNIQUE_PREDICTIVE_CANDIDATE,1,[4],[2066466279824],[0.061522352430555705],[1.4915337916166307],"[""PREDICTIVE_CANDIDATE_WITH_SOMA_TIME""]",[false],0.03,27,5,False,4,2066466279824,0.061522352430555705,-0.1606998697916665,0.1606998697916665,True,scenario3,1,2066466440544,True,PROXIMAL_TIME_MISMATCH,45,45
8,8,'',24,0.2777777777777778,NO_PREDICTIVE_CANDIDATE,0,[],[],[],[],[],[],0.03,,6,,,,,,,False,scenario3,3,2066466439248,False,,45,45
8,8,'',9,0.3333333333333333,NO_PREDICTIVE_CANDIDATE,0,[],[],[],[],[],[],0.03,,7,,,,,,,False,scenario3,1,2066466289760,False,,45,45
8,8,'',61,0.3888888888888889,NO_PREDICTIVE_CANDIDATE,0,[],[],[],[],[],[],0.03,,8,,,,,,,False,scenario3,7,2066466287216,False,,45,45
8,8,'',13,0.4444444444444444,UNIQUE_PREDICTIVE_CANDIDATE,1,[5],[2066460221392],[0.3397676595052084],[1.4020417641196328],"[""PREDICTIVE_CANDIDATE_WITH_SOMA_TIME""]",[false],0.03,43,9,False,5,2066460221392,0.3397676595052084,-0.10467678493923604,0.10467678493923604,True,scenario3,3,2066466285920,True,PROXIMAL_TIME_MISMATCH,45,45
8,8,'',3,0.5,UNIQUE_PREDICTIVE_CANDIDATE,1,[4],[2066461015504],[0.3949999999999916],[1.431872439951966],"[""PREDICTIVE_CANDIDATE_WITH_SOMA_TIME""]",[false],0.03,40,10,False,4,2066461015504,0.3949999999999916,-0.10500000000000842,0.10500000000000842,True,scenario3,0,2066466283904,True,PROXIMAL_TIME_MISMATCH,45,45
8,9,said,4,0.0,NO_PREDICTIVE_CANDIDATE,0,[],[],[],[],[],[],0.03,,1,,,,,,,False,scenario3,7,2066466076912,False,,0,0
8,9,said,97,0.05555555555555555,NO_PREDICTIVE_CANDIDATE,0,[],[],[],[],[],[],0.03,,2,,,,,,,False,scenario3,7,2066466078496,False,,0,0
8,9,said,70,0.1111111111111111,NO_PREDICTIVE_CANDIDATE,0,[],[],[],[],[],[],0.03,,3,,,,,,,False,scenario3,5,2066466283952,False,,0,0
8,9,said,78,0.16666666666666666,NO_PREDICTIVE_CANDIDATE,0,[],[],[],[],[],[],0.03,,4,,,,,,,False,scenario3,9,2066466276464,False,,0,0
8,9,said,65,0.2222222222222222,NO_PREDICTIVE_CANDIDATE,0,[],[],[],[],[],[],0.03,,5,,,,,,,False,scenario3,9,2066466289184,False,,0,0
8,9,said,72,0.2777777777777778,NO_PREDICTIVE_CANDIDATE,0,[],[],[],[],[],[],0.03,,6,,,,,,,False,scenario3,7,2066466279248,False,,0,0
8,9,said,61,0.3333333333333333,NO_PREDICTIVE_CANDIDATE,0,[],[],[],[],[],[],0.03,,7,,,,,,,False,scenario3,1,2066466280928,False,,0,0
8,9,said,18,0.3888888888888889,NO_PREDICTIVE_CANDIDATE,0,[],[],[],[],[],[],0.03,,8,,,,,,,False,scenario3,4,2066466281600,False,,0,0
8,9,said,24,0.4444444444444444,NO_PREDICTIVE_CANDIDATE,0,[],[],[],[],[],[],0.03,,9,,,,,,,False,scenario3,6,2066466282752,False,,0,0
8,9,said,23,0.5,NO_PREDICTIVE_CANDIDATE,0,[],[],[],[],[],[],0.03,,10,,,,,,,False,scenario3,9,2066466440928,False,,0,0
9,0,``,57,0.0,NO_PREDICTIVE_CANDIDATE,0,[],[],[],[],[],[],0.03,,1,,,,,,,False,scenario3,1,,False,,0,0
9,0,``,71,0.05555555555555555,NO_PREDICTIVE_CANDIDATE,0,[],[],[],[],[],[],0.03,,2,,,,,,,False,scenario3,0,,False,,0,0
9,0,``,99,0.1111111111111111,NO_PREDICTIVE_CANDIDATE,0,[],[],[],[],[],[],0.03,,3,,,,,,,False,scenario3,1,,False,,0,0
9,0,``,59,0.16666666666666666,NO_PREDICTIVE_CANDIDATE,0,[],[],[],[],[],[],0.03,,4,,,,,,,False,scenario3,0,,False,,0,0
9,0,``,65,0.2222222222222222,NO_PREDICTIVE_CANDIDATE,0,[],[],[],[],[],[],0.03,,5,,,,,,,False,scenario3,7,,False,,0,0
9,0,``,75,0.2777777777777778,NO_PREDICTIVE_CANDIDATE,0,[],[],[],[],[],[],0.03,,6,,,,,,,False,scenario3,7,,False,,0,0
9,0,``,24,0.3333333333333333,NO_PREDICTIVE_CANDIDATE,0,[],[],[],[],[],[],0.03,,7,,,,,,,False,scenario3,9,,False,,0,0
9,0,``,23,0.3888888888888889,NO_PREDICTIVE_CANDIDATE,0,[],[],[],[],[],[],0.03,,8,,,,,,,False,scenario3,7,,False,,0,0
9,0,``,60,0.4444444444444444,NO_PREDICTIVE_CANDIDATE,0,[],[],[],[],[],[],0.03,,9,,,,,,,False,scenario3,3,,False,,0,0
9,0,``,80,0.5,NO_PREDICTIVE_CANDIDATE,0,[],[],[],[],[],[],0.03,,10,,,,,,,False,scenario3,1,,False,,0,0
9,1,Oh,14,0.0,NO_PREDICTIVE_CANDIDATE,0,[],[],[],[],[],[],0.03,,1,,,,,,,False,scenario3,3,2066466553008,False,,10,10
9,1,Oh,26,0.05555555555555555,NO_PREDICTIVE_CANDIDATE,0,[],[],[],[],[],[],0.03,,2,,,,,,,False,scenario3,1,2066466546192,False,,10,10
9,1,Oh,22,0.1111111111111111,NO_PREDICTIVE_CANDIDATE,0,[],[],[],[],[],[],0.03,,3,,,,,,,False,scenario3,5,2066466545184,False,,10,10
9,1,Oh,20,0.16666666666666666,NO_PREDICTIVE_CANDIDATE,0,[],[],[],[],[],[],0.03,,4,,,,,,,False,scenario3,7,2066466544176,False,,10,10
9,1,Oh,36,0.2222222222222222,NO_PREDICTIVE_CANDIDATE,0,[],[],[],[],[],[],0.03,,5,,,,,,,False,scenario3,0,2066466542208,False,,10,10
9,1,Oh,86,0.2777777777777778,NO_PREDICTIVE_CANDIDATE,0,[],[],[],[],[],[],0.03,,6,,,,,,,False,scenario3,1,2066466543120,False,,10,10
9,1,Oh,12,0.3333333333333333,UNIQUE_PREDICTIVE_CANDIDATE,1,[0],[2066485971280],[0.11499999999999755],[1.0345718485758548],"[""PREDICTIVE_CANDIDATE_WITH_SOMA_TIME""]",[false],0.03,3,7,False,0,2066485971280,0.11499999999999755,-0.21833333333333577,0.21833333333333577,True,scenario3,3,2066466539568,True,PROXIMAL_TIME_MISMATCH,10,10
9,1,Oh,74,0.3888888888888889,NO_PREDICTIVE_CANDIDATE,0,[],[],[],[],[],[],0.03,,8,,,,,,,False,scenario3,7,2066466538176,False,,10,10
9,1,Oh,7,0.4444444444444444,NO_PREDICTIVE_CANDIDATE,0,[],[],[],[],[],[],0.03,,9,,,,,,,False,scenario3,6,2066466552240,False,,10,10
9,1,Oh,17,0.5,NO_PREDICTIVE_CANDIDATE,0,[],[],[],[],[],[],0.03,,10,,,,,,,False,scenario3,2,2066466542448,False,,10,10
9,2,",",9,0.0,NO_PREDICTIVE_CANDIDATE,0,[],[],[],[],[],[],0.03,,1,,,,,,,False,scenario3,0,2066466441792,False,,0,0
9,2,",",10,0.05555555555555555,NO_PREDICTIVE_CANDIDATE,0,[],[],[],[],[],[],0.03,,2,,,,,,,False,scenario3,9,2066466443520,False,,0,0
9,2,",",11,0.1111111111111111,NO_PREDICTIVE_CANDIDATE,0,[],[],[],[],[],[],0.03,,3,,,,,,,False,scenario3,2,2066466444240,False,,0,0
9,2,",",81,0.16666666666666666,NO_PREDICTIVE_CANDIDATE,0,[],[],[],[],[],[],0.03,,4,,,,,,,False,scenario3,3,2066466445344,False,,0,0
9,2,",",14,0.2222222222222222,NO_PREDICTIVE_CANDIDATE,0,[],[],[],[],[],[],0.03,,5,,,,,,,False,scenario3,1,2066466446928,False,,0,0
9,2,",",32,0.2777777777777778,NO_PREDICTIVE_CANDIDATE,0,[],[],[],[],[],[],0.03,,6,,,,,,,False,scenario3,6,2066466447168,False,,0,0
9,2,",",53,0.3333333333333333,NO_PREDICTIVE_CANDIDATE,0,[],[],[],[],[],[],0.03,,7,,,,,,,False,scenario3,9,2066466450672,False,,0,0
9,2,",",93,0.3888888888888889,NO_PREDICTIVE_CANDIDATE,0,[],[],[],[],[],[],0.03,,8,,,,,,,False,scenario3,7,2066466451776,False,,0,0
9,2,",",42,0.4444444444444444,NO_PREDICTIVE_CANDIDATE,0,[],[],[],[],[],[],0.03,,9,,,,,,,False,scenario3,7,2066466453456,False,,0,0
9,2,",",49,0.5,NO_PREDICTIVE_CANDIDATE,0,[],[],[],[],[],[],0.03,,10,,,,,,,False,scenario3,1,2066466453744,False,,0,0
9,3,Nan,87,0.0,UNIQUE_PREDICTIVE_CANDIDATE,1,[4],[2066466279824],[0.0616700575086806],[1.4617031157842983],"[""PREDICTIVE_CANDIDATE_WITH_SOMA_TIME""]",[false],0.03,15,1,False,4,2066466279824,0.0616700575086806,0.0616700575086806,0.0616700575086806,True,scenario3,3,2066466828032,True,PROXIMAL_TIME_MISMATCH,50,50
9,3,Nan,59,0.05555555555555555,UNIQUE_PREDICTIVE_CANDIDATE,1,[1],[2066426102848],[0.2847614203559028],[1.3125497366226349],"[""PREDICTIVE_CANDIDATE_WITH_SOMA_TIME""]",[false],0.03,6,2,False,1,2066426102848,0.2847614203559028,0.22920586480034724,0.22920586480034724,True,scenario3,5,2066466820304,True,PROXIMAL_TIME_MISMATCH,50,50
9,3,Nan,9,0.1111111111111111,UNIQUE_PREDICTIVE_CANDIDATE,1,[1],[2066466289760],[0.3393001302083334],[1.4915337916166307],"[""PREDICTIVE_CANDIDATE_WITH_SOMA_TIME""]",[false],0.03,17,3,False,1,2066466289760,0.3393001302083334,0.22818901909722228,0.22818901909722228,True,scenario3,2,2066466683840,True,PROXIMAL_TIME_MISMATCH,50,50
9,3,Nan,97,0.16666666666666666,UNIQUE_PREDICTIVE_CANDIDATE,1,[3],[2066466451056],[0.11707790798611128],[1.4915337916166307],"[""PREDICTIVE_CANDIDATE_WITH_SOMA_TIME""]",[false],0.03,13,4,False,3,2066466451056,0.11707790798611128,-0.04958875868055537,0.04958875868055537,True,scenario3,5,2066466681392,True,PROXIMAL_TIME_MISMATCH,50,50
9,3,Nan,12,0.2222222222222222,UNIQUE_PREDICTIVE_CANDIDATE,1,[5],[2066465653632],[0.11738186306423626],[1.431872439951966],"[""PREDICTIVE_CANDIDATE_WITH_SOMA_TIME""]",[false],0.03,23,5,False,5,2066465653632,0.11738186306423626,-0.10484035915798595,0.10484035915798595,True,scenario3,6,2066466677360,True,PROXIMAL_TIME_MISMATCH,50,50
9,3,Nan,41,0.2777777777777778,NO_PREDICTIVE_CANDIDATE,0,[],[],[],[],[],[],0.03,,6,,,,,,,False,scenario3,1,2066466675152,False,,50,50
9,3,Nan,50,0.3333333333333333,NO_PREDICTIVE_CANDIDATE,0,[],[],[],[],[],[],0.03,,7,,,,,,,False,scenario3,6,2066466749520,False,,50,50
9,3,Nan,54,0.3888888888888889,NO_PREDICTIVE_CANDIDATE,0,[],[],[],[],[],[],0.03,,8,,,,,,,False,scenario3,7,2066466748224,False,,50,50
9,3,Nan,65,0.4444444444444444,NO_PREDICTIVE_CANDIDATE,0,[],[],[],[],[],[],0.03,,9,,,,,,,False,scenario3,7,2066466747504,False,,50,50
9,3,Nan,45,0.5,UNIQUE_PREDICTIVE_CANDIDATE,1,[0],[2066466069616],[0.3394478352864583],[1.4617031157842983],"[""PREDICTIVE_CANDIDATE_WITH_SOMA_TIME""]",[false],0.03,40,10,False,0,2066466069616,0.3394478352864583,-0.16055216471354172,0.16055216471354172,True,scenario3,1,2066466745824,True,PROXIMAL_TIME_MISMATCH,50,50
9,4,",",9,0.0,NO_PREDICTIVE_CANDIDATE,0,[],[],[],[],[],[],0.03,,1,,,,,,,False,scenario3,8,2066466553296,False,,0,0
9,4,",",10,0.05555555555555555,NO_PREDICTIVE_CANDIDATE,0,[],[],[],[],[],[],0.03,,2,,,,,,,False,scenario3,0,2066466551664,False,,0,0
9,4,",",11,0.1111111111111111,NO_PREDICTIVE_CANDIDATE,0,[],[],[],[],[],[],0.03,,3,,,,,,,False,scenario3,1,2066466542784,False,,0,0
9,4,",",81,0.16666666666666666,NO_PREDICTIVE_CANDIDATE,0,[],[],[],[],[],[],0.03,,4,,,,,,,False,scenario3,5,2066466734832,False,,0,0
9,4,",",14,0.2222222222222222,NO_PREDICTIVE_CANDIDATE,0,[],[],[],[],[],[],0.03,,5,,,,,,,False,scenario3,8,2066466735840,False,,0,0
9,4,",",32,0.2777777777777778,NO_PREDICTIVE_CANDIDATE,0,[],[],[],[],[],[],0.03,,6,,,,,,,False,scenario3,2,2066466736848,False,,0,0
9,4,",",53,0.3333333333333333,NO_PREDICTIVE_CANDIDATE,0,[],[],[],[],[],[],0.03,,7,,,,,,,False,scenario3,8,2066466737856,False,,0,0
9,4,",",93,0.3888888888888889,NO_PREDICTIVE_CANDIDATE,0,[],[],[],[],[],[],0.03,,8,,,,,,,False,scenario3,8,2066466738864,False,,0,0
9,4,",",42,0.4444444444444444,NO_PREDICTIVE_CANDIDATE,0,[],[],[],[],[],[],0.03,,9,,,,,,,False,scenario3,8,2066466739872,False,,0,0
9,4,",",49,0.5,NO_PREDICTIVE_CANDIDATE,0,[],[],[],[],[],[],0.03,,10,,,,,,,False,scenario3,2,2066466740880,False,,0,0
9,5,do,55,0.0,NO_PREDICTIVE_CANDIDATE,0,[],[],[],[],[],[],0.03,,1,,,,,,,False,scenario3,4,2066467072736,False,,54,54
9,5,do,26,0.05555555555555555,NO_PREDICTIVE_CANDIDATE,0,[],[],[],[],[],[],0.03,,2,,,,,,,False,scenario3,4,2066467067984,False,,54,54
9,5,do,76,0.1111111111111111,NO_PREDICTIVE_CANDIDATE,0,[],[],[],[],[],[],0.03,,3,,,,,,,False,scenario3,2,2066467063232,False,,54,54
9,5,do,47,0.16666666666666666,UNIQUE_PREDICTIVE_CANDIDATE,1,[4],[2066426334288],[0.3949999999999916],[1.3125497366226349],"[""PREDICTIVE_CANDIDATE_WITH_SOMA_TIME""]",[false],0.03,40,4,False,4,2066426334288,0.3949999999999916,0.22833333333332492,0.22833333333332492,True,scenario3,6,2066467044336,True,PROXIMAL_TIME_MISMATCH,54,54
9,5,do,1,0.2222222222222222,UNIQUE_PREDICTIVE_CANDIDATE,1,[8],[2066426335008],[0.33999999999999275],[1.3125497366226349],"[""PREDICTIVE_CANDIDATE_WITH_SOMA_TIME""]",[false],0.03,39,5,False,8,2066426335008,0.33999999999999275,0.11777777777777054,0.11777777777777054,True,scenario3,4,2066467039968,True,PROXIMAL_TIME_MISMATCH,54,54
9,5,do,81,0.2777777777777778,UNIQUE_PREDICTIVE_CANDIDATE,1,[9],[2066466454368],[0.0616700575086806],[1.4617031157842983],"[""PREDICTIVE_CANDIDATE_WITH_SOMA_TIME""]",[false],0.03,21,6,False,9,2066466454368,0.0616700575086806,-0.2161077202690972,0.2161077202690972,True,scenario3,5,2066467038000,True,PROXIMAL_TIME_MISMATCH,54,54
9,5,do,89,0.3333333333333333,NO_PREDICTIVE_CANDIDATE,0,[],[],[],[],[],[],0.03,,7,,,,,,,False,scenario3,8,2066467034688,False,,54,54
9,5,do,5,0.3888888888888889,UNIQUE_PREDICTIVE_CANDIDATE,1,[6],[2066461014784],[0.4499999999999904],[1.3722110882873004],"[""PREDICTIVE_CANDIDATE_WITH_SOMA_TIME""]",[false],0.03,52,8,False,6,2066461014784,0.4499999999999904,0.06111111111110151,0.06111111111110151,True,scenario3,4,2066466945792,True,PROXIMAL_TIME_MISMATCH,54,54
9,5,do,25,0.4444444444444444,UNIQUE_PREDICTIVE_CANDIDATE,1,[1],[2066466071632],[0.2284929741753472],[1.431872439951966],"[""PREDICTIVE_CANDIDATE_WITH_SOMA_TIME""]",[false],0.03,43,9,False,1,2066466071632,0.2284929741753472,-0.21595147026909722,0.21595147026909722,True,scenario3,9,2066466940416,True,PROXIMAL_TIME_MISMATCH,54,54
9,5,do,23,0.5,UNIQUE_PREDICTIVE_CANDIDATE,1,[1],[2066465882288],[0.061989881727430696],[1.4020417641196328],"[""PREDICTIVE_CANDIDATE_WITH_SOMA_TIME""]",[false],0.03,28,10,False,1,2066465882288,0.061989881727430696,-0.4380101182725693,0.4380101182725693,True,scenario3,2,2066466938016,True,PROXIMAL_TIME_MISMATCH,54,54
9,6,you,84,0.0,NO_PREDICTIVE_CANDIDATE,0,[],[],[],[],[],[],0.03,,1,,,,,,,False,scenario3,3,2066466826976,False,,0,0
9,6,you,10,0.05555555555555555,NO_PREDICTIVE_CANDIDATE,0,[],[],[],[],[],[],0.03,,2,,,,,,,False,scenario3,1,2066466828752,False,,0,0
9,6,you,58,0.1111111111111111,NO_PREDICTIVE_CANDIDATE,0,[],[],[],[],[],[],0.03,,3,,,,,,,False,scenario3,8,2066466816416,False,,0,0
9,6,you,83,0.16666666666666666,NO_PREDICTIVE_CANDIDATE,0,[],[],[],[],[],[],0.03,,4,,,,,,,False,scenario3,9,2066466816752,False,,0,0
9,6,you,35,0.2222222222222222,NO_PREDICTIVE_CANDIDATE,0,[],[],[],[],[],[],0.03,,5,,,,,,,False,scenario3,2,2066466819584,False,,0,0
9,6,you,52,0.2777777777777778,NO_PREDICTIVE_CANDIDATE,0,[],[],[],[],[],[],0.03,,6,,,,,,,False,scenario3,1,2066466821264,False,,0,0
9,6,you,70,0.3333333333333333,NO_PREDICTIVE_CANDIDATE,0,[],[],[],[],[],[],0.03,,7,,,,,,,False,scenario3,1,2066466824768,False,,0,0
9,6,you,90,0.3888888888888889,NO_PREDICTIVE_CANDIDATE,0,[],[],[],[],[],[],0.03,,8,,,,,,,False,scenario3,7,2066466823088,False,,0,0
9,6,you,32,0.4444444444444444,NO_PREDICTIVE_CANDIDATE,0,[],[],[],[],[],[],0.03,,9,,,,,,,False,scenario3,0,2066466826112,False,,0,0
9,6,you,40,0.5,NO_PREDICTIVE_CANDIDATE,0,[],[],[],[],[],[],0.03,,10,,,,,,,False,scenario3,6,2066466826400,False,,0,0
9,7,think,41,0.0,NO_PREDICTIVE_CANDIDATE,0,[],[],[],[],[],[],0.03,,1,,,,,,,False,scenario3,7,2066466684896,False,,10,10
9,7,think,56,0.05555555555555555,NO_PREDICTIVE_CANDIDATE,0,[],[],[],[],[],[],0.03,,2,,,,,,,False,scenario3,6,2066466680768,False,,10,10
9,7,think,75,0.1111111111111111,NO_PREDICTIVE_CANDIDATE,0,[],[],[],[],[],[],0.03,,3,,,,,,,False,scenario3,9,2066466679856,False,,10,10
9,7,think,25,0.16666666666666666,NO_PREDICTIVE_CANDIDATE,0,[],[],[],[],[],[],0.03,,4,,,,,,,False,scenario3,3,2066466678320,False,,10,10
9,7,think,66,0.2222222222222222,NO_PREDICTIVE_CANDIDATE,0,[],[],[],[],[],[],0.03,,5,,,,,,,False,scenario3,1,2066466677984,False,,10,10
9,7,think,29,0.2777777777777778,UNIQUE_PREDICTIVE_CANDIDATE,1,[4],[2066402186576],[0.061522352430555705],[1.4915337916166307],"[""PREDICTIVE_CANDIDATE_WITH_SOMA_TIME""]",[false],0.03,2,6,False,4,2066402186576,0.061522352430555705,-0.21625542534722209,0.21625542534722209,True,scenario3,1,2066467073408,True,PROXIMAL_TIME_MISMATCH,10,10
9,7,think,81,0.3333333333333333,NO_PREDICTIVE_CANDIDATE,0,[],[],[],[],[],[],0.03,,7,,,,,,,False,scenario3,1,2066467070336,False,,10,10
9,7,think,37,0.3888888888888889,NO_PREDICTIVE_CANDIDATE,0,[],[],[],[],[],[],0.03,,8,,,,,,,False,scenario3,7,2066467069280,False,,10,10
9,7,think,63,0.4444444444444444,NO_PREDICTIVE_CANDIDATE,0,[],[],[],[],[],[],0.03,,9,,,,,,,False,scenario3,7,2066467066400,False,,10,10
9,7,think,0,0.5,NO_PREDICTIVE_CANDIDATE,0,[],[],[],[],[],[],0.03,,10,,,,,,,False,scenario3,5,2066467065872,False,,10,10
9,8,Mrs.,52,0.0,UNIQUE_PREDICTIVE_CANDIDATE,1,[9],[2066402360160],[0.2837445746527778],[1.4915337916166307],"[""PREDICTIVE_CANDIDATE_WITH_SOMA_TIME""]",[false],0.03,6,1,False,9,2066402360160,0.2837445746527778,0.2837445746527778,0.2837445746527778,True,scenario3,8,2066466742704,True,PROXIMAL_TIME_MISMATCH,10,10
9,8,Mrs.,58,0.05555555555555555,UNIQUE_PREDICTIVE_CANDIDATE,1,[3],[2066402357136],[0.11707790798611128],[1.4915337916166307],"[""PREDICTIVE_CANDIDATE_WITH_SOMA_TIME""]",[false],0.03,3,2,False,3,2066402357136,0.11707790798611128,0.06152235243055573,0.06152235243055573,True,scenario3,2,2066466744192,True,PROXIMAL_TIME_MISMATCH,10,10
9,8,Mrs.,46,0.1111111111111111,NO_PREDICTIVE_CANDIDATE,0,[],[],[],[],[],[],0.03,,3,,,,,,,False,scenario3,8,2066466745200,False,,10,10
9,8,Mrs.,94,0.16666666666666666,NO_PREDICTIVE_CANDIDATE,0,[],[],[],[],[],[],0.03,,4,,,,,,,False,scenario3,9,2066466826352,False,,10,10
9,8,Mrs.,47,0.2222222222222222,NO_PREDICTIVE_CANDIDATE,0,[],[],[],[],[],[],0.03,,5,,,,,,,False,scenario3,8,2066466829232,False,,10,10
9,8,Mrs.,51,0.2777777777777778,NO_PREDICTIVE_CANDIDATE,0,[],[],[],[],[],[],0.03,,6,,,,,,,False,scenario3,3,2066466946752,False,,10,10
9,8,Mrs.,24,0.3333333333333333,NO_PREDICTIVE_CANDIDATE,0,[],[],[],[],[],[],0.03,,7,,,,,,,False,scenario3,9,2066466931920,False,,10,10
9,8,Mrs.,77,0.3888888888888889,NO_PREDICTIVE_CANDIDATE,0,[],[],[],[],[],[],0.03,,8,,,,,,,False,scenario3,7,2066466933024,False,,10,10
9,8,Mrs.,21,0.4444444444444444,NO_PREDICTIVE_CANDIDATE,0,[],[],[],[],[],[],0.03,,9,,,,,,,False,scenario3,1,2066466934032,False,,10,10
9,8,Mrs.,12,0.5,NO_PREDICTIVE_CANDIDATE,0,[],[],[],[],[],[],0.03,,10,,,,,,,False,scenario3,7,2066466935040,False,,10,10
9,9,Elliott,65,0.0,NO_PREDICTIVE_CANDIDATE,0,[],[],[],[],[],[],0.03,,1,,,,,,,False,scenario3,4,2066466670256,False,,0,0
9,9,Elliott,1,0.05555555555555555,NO_PREDICTIVE_CANDIDATE,0,[],[],[],[],[],[],0.03,,2,,,,,,,False,scenario3,8,2066466670688,False,,0,0
9,9,Elliott,41,0.1111111111111111,NO_PREDICTIVE_CANDIDATE,0,[],[],[],[],[],[],0.03,,3,,,,,,,False,scenario3,3,2066466672944,False,,0,0
9,9,Elliott,10,0.16666666666666666,NO_PREDICTIVE_CANDIDATE,0,[],[],[],[],[],[],0.03,,4,,,,,,,False,scenario3,8,2066466673472,False,,0,0
9,9,Elliott,90,0.2222222222222222,NO_PREDICTIVE_CANDIDATE,0,[],[],[],[],[],[],0.03,,5,,,,,,,False,scenario3,5,2066466669008,False,,0,0
9,9,Elliott,80,0.2777777777777778,NO_PREDICTIVE_CANDIDATE,0,[],[],[],[],[],[],0.03,,6,,,,,,,False,scenario3,1,2066467067408,False,,0,0
9,9,Elliott,51,0.3333333333333333,NO_PREDICTIVE_CANDIDATE,0,[],[],[],[],[],[],0.03,,7,,,,,,,False,scenario3,2,2066467062656,False,,0,0
9,9,Elliott,72,0.3888888888888889,NO_PREDICTIVE_CANDIDATE,0,[],[],[],[],[],[],0.03,,8,,,,,,,False,scenario3,4,2066467062368,False,,0,0
9,9,Elliott,76,0.4444444444444444,NO_PREDICTIVE_CANDIDATE,0,[],[],[],[],[],[],0.03,,9,,,,,,,False,scenario3,1,2066467071776,False,,0,0
9,9,Elliott,24,0.5,NO_PREDICTIVE_CANDIDATE,0,[],[],[],[],[],[],0.03,,10,,,,,,,False,scenario3,7,2066467071488,False,,0,0
10,0,You,64,0.0,NO_PREDICTIVE_CANDIDATE,0,[],[],[],[],[],[],0.03,,1,,,,,,,False,scenario3,0,,False,,0,0
10,0,You,74,0.05555555555555555,NO_PREDICTIVE_CANDIDATE,0,[],[],[],[],[],[],0.03,,2,,,,,,,False,scenario3,9,,False,,0,0
10,0,You,43,0.1111111111111111,NO_PREDICTIVE_CANDIDATE,0,[],[],[],[],[],[],0.03,,3,,,,,,,False,scenario3,0,,False,,0,0
10,0,You,97,0.16666666666666666,NO_PREDICTIVE_CANDIDATE,0,[],[],[],[],[],[],0.03,,4,,,,,,,False,scenario3,8,,False,,0,0
10,0,You,33,0.2222222222222222,NO_PREDICTIVE_CANDIDATE,0,[],[],[],[],[],[],0.03,,5,,,,,,,False,scenario3,2,,False,,0,0
10,0,You,35,0.2777777777777778,NO_PREDICTIVE_CANDIDATE,0,[],[],[],[],[],[],0.03,,6,,,,,,,False,scenario3,5,,False,,0,0
10,0,You,14,0.3333333333333333,NO_PREDICTIVE_CANDIDATE,0,[],[],[],[],[],[],0.03,,7,,,,,,,False,scenario3,2,,False,,0,0
10,0,You,95,0.3888888888888889,NO_PREDICTIVE_CANDIDATE,0,[],[],[],[],[],[],0.03,,8,,,,,,,False,scenario3,7,,False,,0,0
10,0,You,99,0.4444444444444444,NO_PREDICTIVE_CANDIDATE,0,[],[],[],[],[],[],0.03,,9,,,,,,,False,scenario3,1,,False,,0,0
10,0,You,20,0.5,NO_PREDICTIVE_CANDIDATE,0,[],[],[],[],[],[],0.03,,10,,,,,,,False,scenario3,5,,False,,0,0
10,1,are,51,0.0,NO_PREDICTIVE_CANDIDATE,0,[],[],[],[],[],[],0.03,,1,,,,,,,False,scenario3,4,2066466936816,False,,0,0
10,1,are,17,0.05555555555555555,NO_PREDICTIVE_CANDIDATE,0,[],[],[],[],[],[],0.03,,2,,,,,,,False,scenario3,2,2066466937824,False,,0,0
10,1,are,42,0.1111111111111111,NO_PREDICTIVE_CANDIDATE,0,[],[],[],[],[],[],0.03,,3,,,,,,,False,scenario3,2,2066466940176,False,,0,0
10,1,are,68,0.16666666666666666,NO_PREDICTIVE_CANDIDATE,0,[],[],[],[],[],[],0.03,,4,,,,,,,False,scenario3,3,2066466941424,False,,0,0
10,1,are,88,0.2222222222222222,NO_PREDICTIVE_CANDIDATE,0,[],[],[],[],[],[],0.03,,5,,,,,,,False,scenario3,4,2066466942432,False,,0,0
10,1,are,47,0.2777777777777778,NO_PREDICTIVE_CANDIDATE,0,[],[],[],[],[],[],0.03,,6,,,,,,,False,scenario3,7,2066466944640,False,,0,0
10,1,are,98,0.3333333333333333,NO_PREDICTIVE_CANDIDATE,0,[],[],[],[],[],[],0.03,,7,,,,,,,False,scenario3,3,2066466945360,False,,0,0
10,1,are,55,0.3888888888888889,NO_PREDICTIVE_CANDIDATE,0,[],[],[],[],[],[],0.03,,8,,,,,,,False,scenario3,1,2066466934992,False,,0,0
10,1,are,97,0.4444444444444444,NO_PREDICTIVE_CANDIDATE,0,[],[],[],[],[],[],0.03,,9,,,,,,,False,scenario3,4,2066467031520,False,,0,0
10,1,are,23,0.5,NO_PREDICTIVE_CANDIDATE,0,[],[],[],[],[],[],0.03,,10,,,,,,,False,scenario3,7,2066467030320,False,,0,0
10,2,a,5,0.0,NO_PREDICTIVE_CANDIDATE,0,[],[],[],[],[],[],0.03,,1,,,,,,,False,scenario3,2,2066467064720,False,,0,0
10,2,a,94,0.05555555555555555,NO_PREDICTIVE_CANDIDATE,0,[],[],[],[],[],[],0.03,,2,,,,,,,False,scenario3,6,2066467067360,False,,0,0
10,2,a,90,0.1111111111111111,NO_PREDICTIVE_CANDIDATE,0,[],[],[],[],[],[],0.03,,3,,,,,,,False,scenario3,0,2066467043808,False,,0,0
10,2,a,16,0.16666666666666666,NO_PREDICTIVE_CANDIDATE,0,[],[],[],[],[],[],0.03,,4,,,,,,,False,scenario3,5,2066467043280,False,,0,0
10,2,a,43,0.2222222222222222,NO_PREDICTIVE_CANDIDATE,0,[],[],[],[],[],[],0.03,,5,,,,,,,False,scenario3,9,2066467041984,False,,0,0
10,2,a,45,0.2777777777777778,NO_PREDICTIVE_CANDIDATE,0,[],[],[],[],[],[],0.03,,6,,,,,,,False,scenario3,5,2066467040496,False,,0,0
10,2,a,10,0.3333333333333333,NO_PREDICTIVE_CANDIDATE,0,[],[],[],[],[],[],0.03,,7,,,,,,,False,scenario3,4,2066467035936,False,,0,0
10,2,a,87,0.3888888888888889,NO_PREDICTIVE_CANDIDATE,0,[],[],[],[],[],[],0.03,,8,,,,,,,False,scenario3,0,2066467036272,False,,0,0
10,2,a,60,0.4444444444444444,NO_PREDICTIVE_CANDIDATE,0,[],[],[],[],[],[],0.03,,9,,,,,,,False,scenario3,4,2066467032144,False,,0,0
10,2,a,9,0.5,NO_PREDICTIVE_CANDIDATE,0,[],[],[],[],[],[],0.03,,10,,,,,,,False,scenario3,3,2066467031088,False,,0,0
10,3,minister,51,0.0,NO_PREDICTIVE_CANDIDATE,0,[],[],[],[],[],[],0.03,,1,,,,,,,False,scenario3,0,2066467291600,False,,10,10
10,3,minister,26,0.05555555555555555,NO_PREDICTIVE_CANDIDATE,0,[],[],[],[],[],[],0.03,,2,,,,,,,False,scenario3,5,2066467298080,False,,10,10
10,3,minister,92,0.1111111111111111,NO_PREDICTIVE_CANDIDATE,0,[],[],[],[],[],[],0.03,,3,,,,,,,False,scenario3,9,2066467299088,False,,10,10
10,3,minister,23,0.16666666666666666,NO_PREDICTIVE_CANDIDATE,0,[],[],[],[],[],[],0.03,,4,,,,,,,False,scenario3,3,2066467300096,False,,10,10
10,3,minister,9,0.2222222222222222,NO_PREDICTIVE_CANDIDATE,0,[],[],[],[],[],[],0.03,,5,,,,,,,False,scenario3,8,2066467301104,False,,10,10
10,3,minister,43,0.2777777777777778,NO_PREDICTIVE_CANDIDATE,0,[],[],[],[],[],[],0.03,,6,,,,,,,False,scenario3,0,2066467302112,False,,10,10
10,3,minister,38,0.3333333333333333,NO_PREDICTIVE_CANDIDATE,0,[],[],[],[],[],[],0.03,,7,,,,,,,False,scenario3,1,2066467303120,False,,10,10
10,3,minister,60,0.3888888888888889,NO_PREDICTIVE_CANDIDATE,0,[],[],[],[],[],[],0.03,,8,,,,,,,False,scenario3,5,2066467304128,False,,10,10
10,3,minister,12,0.4444444444444444,NO_PREDICTIVE_CANDIDATE,0,[],[],[],[],[],[],0.03,,9,,,,,,,False,scenario3,1,2066467305136,False,,10,10
10,3,minister,1,0.5,UNIQUE_PREDICTIVE_CANDIDATE,1,[5],[2066425859056],[0.22818901909722222],[1.4915337916166307],"[""PREDICTIVE_CANDIDATE_WITH_SOMA_TIME""]",[false],0.03,5,10,False,5,2066425859056,0.22818901909722222,-0.2718109809027778,0.2718109809027778,True,scenario3,9,2066467306528,True,PROXIMAL_TIME_MISMATCH,10,10
10,4,and,99,0.0,NO_PREDICTIVE_CANDIDATE,0,[],[],[],[],[],[],0.03,,1,,,,,,,False,scenario3,1,2066467307152,False,,0,0
10,4,and,18,0.05555555555555555,NO_PREDICTIVE_CANDIDATE,0,[],[],[],[],[],[],0.03,,2,,,,,,,False,scenario3,9,2066467292320,False,,0,0
10,4,and,6,0.1111111111111111,NO_PREDICTIVE_CANDIDATE,0,[],[],[],[],[],[],0.03,,3,,,,,,,False,scenario3,8,2066467292704,False,,0,0
10,4,and,80,0.16666666666666666,NO_PREDICTIVE_CANDIDATE,0,[],[],[],[],[],[],0.03,,4,,,,,,,False,scenario3,1,2066467294336,False,,0,0
10,4,and,14,0.2222222222222222,NO_PREDICTIVE_CANDIDATE,0,[],[],[],[],[],[],0.03,,5,,,,,,,False,scenario3,0,2066467294096,False,,0,0
10,4,and,57,0.2777777777777778,NO_PREDICTIVE_CANDIDATE,0,[],[],[],[],[],[],0.03,,6,,,,,,,False,scenario3,1,2066467296352,False,,0,0
10,4,and,13,0.3333333333333333,NO_PREDICTIVE_CANDIDATE,0,[],[],[],[],[],[],0.03,,7,,,,,,,False,scenario3,0,2066467471680,False,,0,0
10,4,and,68,0.3888888888888889,NO_PREDICTIVE_CANDIDATE,0,[],[],[],[],[],[],0.03,,8,,,,,,,False,scenario3,9,2066467472688,False,,0,0
10,4,and,83,0.4444444444444444,NO_PREDICTIVE_CANDIDATE,0,[],[],[],[],[],[],0.03,,9,,,,,,,False,scenario3,4,2066467473696,False,,0,0
10,4,and,81,0.5,NO_PREDICTIVE_CANDIDATE,0,[],[],[],[],[],[],0.03,,10,,,,,,,False,scenario3,9,2066467474704,False,,0,0
10,5,it,45,0.0,NO_PREDICTIVE_CANDIDATE,0,[],[],[],[],[],[],0.03,,1,,,,,,,False,scenario3,9,2066467451776,False,,10,10
10,5,it,81,0.05555555555555555,NO_PREDICTIVE_CANDIDATE,0,[],[],[],[],[],[],0.03,,2,,,,,,,False,scenario3,3,2066467450480,False,,10,10
10,5,it,79,0.1111111111111111,NO_PREDICTIVE_CANDIDATE,0,[],[],[],[],[],[],0.03,,3,,,,,,,False,scenario3,2,2066467449760,False,,10,10
10,5,it,6,0.16666666666666666,NO_PREDICTIVE_CANDIDATE,0,[],[],[],[],[],[],0.03,,4,,,,,,,False,scenario3,5,2066467448464,False,,10,10
10,5,it,29,0.2222222222222222,NO_PREDICTIVE_CANDIDATE,0,[],[],[],[],[],[],0.03,,5,,,,,,,False,scenario3,0,2066467447744,False,,10,10
10,5,it,34,0.2777777777777778,NO_PREDICTIVE_CANDIDATE,0,[],[],[],[],[],[],0.03,,6,,,,,,,False,scenario3,6,2066467446448,False,,10,10
10,5,it,85,0.3333333333333333,NO_PREDICTIVE_CANDIDATE,0,[],[],[],[],[],[],0.03,,7,,,,,,,False,scenario3,7,2066467445728,False,,10,10
10,5,it,38,0.3888888888888889,NO_PREDICTIVE_CANDIDATE,0,[],[],[],[],[],[],0.03,,8,,,,,,,False,scenario3,9,2066467444432,False,,10,10
10,5,it,43,0.4444444444444444,NO_PREDICTIVE_CANDIDATE,0,[],[],[],[],[],[],0.03,,9,,,,,,,False,scenario3,3,2066467443712,False,,10,10
10,5,it,27,0.5,NO_PREDICTIVE_CANDIDATE,0,[],[],[],[],[],[],0.03,,10,,,,,,,False,scenario3,2,2066467442416,False,,10,10
10,6,would,97,0.0,NO_PREDICTIVE_CANDIDATE,0,[],[],[],[],[],[],0.03,,1,,,,,,,False,scenario3,2,2066467476192,False,,0,0
10,6,would,29,0.05555555555555555,NO_PREDICTIVE_CANDIDATE,0,[],[],[],[],[],[],0.03,,2,,,,,,,False,scenario3,7,2066467476624,False,,0,0
10,6,would,65,0.1111111111111111,NO_PREDICTIVE_CANDIDATE,0,[],[],[],[],[],[],0.03,,3,,,,,,,False,scenario3,0,2066467478208,False,,0,0
10,6,would,36,0.16666666666666666,NO_PREDICTIVE_CANDIDATE,0,[],[],[],[],[],[],0.03,,4,,,,,,,False,scenario3,7,2066467478640,False,,0,0
10,6,would,3,0.2222222222222222,NO_PREDICTIVE_CANDIDATE,0,[],[],[],[],[],[],0.03,,5,,,,,,,False,scenario3,7,2066467480224,False,,0,0
10,6,would,8,0.2777777777777778,NO_PREDICTIVE_CANDIDATE,0,[],[],[],[],[],[],0.03,,6,,,,,,,False,scenario3,3,2066467480656,False,,0,0
10,6,would,72,0.3333333333333333,NO_PREDICTIVE_CANDIDATE,0,[],[],[],[],[],[],0.03,,7,,,,,,,False,scenario3,2,2066467482240,False,,0,0
10,6,would,98,0.3888888888888889,NO_PREDICTIVE_CANDIDATE,0,[],[],[],[],[],[],0.03,,8,,,,,,,False,scenario3,1,2066467482672,False,,0,0
10,6,would,13,0.4444444444444444,NO_PREDICTIVE_CANDIDATE,0,[],[],[],[],[],[],0.03,,9,,,,,,,False,scenario3,8,2066467484256,False,,0,0
10,6,would,51,0.5,NO_PREDICTIVE_CANDIDATE,0,[],[],[],[],[],[],0.03,,10,,,,,,,False,scenario3,5,2066467484688,False,,0,0
10,7,ruin,84,0.0,NO_PREDICTIVE_CANDIDATE,0,[],[],[],[],[],[],0.03,,1,,,,,,,False,scenario3,9,2066467442224,False,,19,19
10,7,ruin,51,0.05555555555555555,NO_PREDICTIVE_CANDIDATE,0,[],[],[],[],[],[],0.03,,2,,,,,,,False,scenario3,1,2066467441504,False,,19,19
10,7,ruin,72,0.1111111111111111,NO_PREDICTIVE_CANDIDATE,0,[],[],[],[],[],[],0.03,,3,,,,,,,False,scenario3,3,2066467440208,False,,19,19
10,7,ruin,23,0.16666666666666666,NO_PREDICTIVE_CANDIDATE,0,[],[],[],[],[],[],0.03,,4,,,,,,,False,scenario3,8,2066467439488,False,,19,19
10,7,ruin,68,0.2222222222222222,NO_PREDICTIVE_CANDIDATE,0,[],[],[],[],[],[],0.03,,5,,,,,,,False,scenario3,4,2066467454944,False,,19,19
10,7,ruin,9,0.2777777777777778,NO_PREDICTIVE_CANDIDATE,0,[],[],[],[],[],[],0.03,,6,,,,,,,False,scenario3,9,2066467487424,False,,19,19
10,7,ruin,49,0.3333333333333333,UNIQUE_PREDICTIVE_CANDIDATE,1,[7],[2066485247008],[0.11722561306423618],[1.4617031157842983],"[""PREDICTIVE_CANDIDATE_WITH_SOMA_TIME""]",[false],0.03,12,7,False,7,2066485247008,0.11722561306423618,-0.21610772026909714,0.21610772026909714,True,scenario3,7,2066467485168,True,PROXIMAL_TIME_MISMATCH,19,19
10,7,ruin,65,0.3888888888888889,NO_PREDICTIVE_CANDIDATE,0,[],[],[],[],[],[],0.03,,8,,,,,,,False,scenario3,6,2066467524336,False,,19,19
10,7,ruin,63,0.4444444444444444,NO_PREDICTIVE_CANDIDATE,0,[],[],[],[],[],[],0.03,,9,,,,,,,False,scenario3,9,2066467521840,False,,19,19
10,7,ruin,82,0.5,NO_PREDICTIVE_CANDIDATE,0,[],[],[],[],[],[],0.03,,10,,,,,,,False,scenario3,4,2066467520784,False,,19,19
10,8,you,84,0.0,NO_PREDICTIVE_CANDIDATE,0,[],[],[],[],[],[],0.03,,1,,,,,,,False,scenario3,2,2066467536528,False,,0,0
10,8,you,10,0.05555555555555555,NO_PREDICTIVE_CANDIDATE,0,[],[],[],[],[],[],0.03,,2,,,,,,,False,scenario3,5,2066467535808,False,,0,0
10,8,you,58,0.1111111111111111,NO_PREDICTIVE_CANDIDATE,0,[],[],[],[],[],[],0.03,,3,,,,,,,False,scenario3,0,2066467534512,False,,0,0
10,8,you,83,0.16666666666666666,NO_PREDICTIVE_CANDIDATE,0,[],[],[],[],[],[],0.03,,4,,,,,,,False,scenario3,2,2066467522896,False,,0,0
10,8,you,35,0.2222222222222222,NO_PREDICTIVE_CANDIDATE,0,[],[],[],[],[],[],0.03,,5,,,,,,,False,scenario3,6,2066467523712,False,,0,0
10,8,you,52,0.2777777777777778,NO_PREDICTIVE_CANDIDATE,0,[],[],[],[],[],[],0.03,,6,,,,,,,False,scenario3,5,2066467524912,False,,0,0
10,8,you,70,0.3333333333333333,NO_PREDICTIVE_CANDIDATE,0,[],[],[],[],[],[],0.03,,7,,,,,,,False,scenario3,7,2066467525104,False,,0,0
10,8,you,90,0.3888888888888889,NO_PREDICTIVE_CANDIDATE,0,[],[],[],[],[],[],0.03,,8,,,,,,,False,scenario3,4,2066467532544,False,,0,0
10,8,you,32,0.4444444444444444,NO_PREDICTIVE_CANDIDATE,0,[],[],[],[],[],[],0.03,,9,,,,,,,False,scenario3,2,2066467528128,False,,0,0
10,8,you,40,0.5,NO_PREDICTIVE_CANDIDATE,0,[],[],[],[],[],[],0.03,,10,,,,,,,False,scenario3,7,2066467528512,False,,0,0
10,9,to,60,0.0,NO_PREDICTIVE_CANDIDATE,0,[],[],[],[],[],[],0.03,,1,,,,,,,False,scenario3,8,2066467647568,False,,19,19
10,9,to,48,0.05555555555555555,NO_PREDICTIVE_CANDIDATE,0,[],[],[],[],[],[],0.03,,2,,,,,,,False,scenario3,8,2066467646848,False,,19,19
10,9,to,90,0.1111111111111111,NO_PREDICTIVE_CANDIDATE,0,[],[],[],[],[],[],0.03,,3,,,,,,,False,scenario3,0,2066467645552,False,,19,19
10,9,to,50,0.16666666666666666,NO_PREDICTIVE_CANDIDATE,0,[],[],[],[],[],[],0.03,,4,,,,,,,False,scenario3,1,2066467644832,False,,19,19
10,9,to,53,0.2222222222222222,NO_PREDICTIVE_CANDIDATE,0,[],[],[],[],[],[],0.03,,5,,,,,,,False,scenario3,2,2066467643536,False,,19,19
10,9,to,9,0.2777777777777778,NO_PREDICTIVE_CANDIDATE,0,[],[],[],[],[],[],0.03,,6,,,,,,,False,scenario3,5,2066467642816,False,,19,19
10,9,to,72,0.3333333333333333,UNIQUE_PREDICTIVE_CANDIDATE,1,[0],[2066402191616],[0.3394478352864583],[1.4617031157842983],"[""PREDICTIVE_CANDIDATE_WITH_SOMA_TIME""]",[true],0.03,16,7,False,0,2066402191616,0.3394478352864583,0.006114501953124962,0.006114501953124962,False,scenario1,0,2066402191616,False,,19,19
10,9,to,80,0.3888888888888889,NO_PREDICTIVE_CANDIDATE,0,[],[],[],[],[],[],0.03,,8,,,,,,,False,scenario3,3,2066467641136,False,,19,19
10,9,to,25,0.4444444444444444,UNIQUE_PREDICTIVE_CANDIDATE,1,[3],[2066466678320],[0.17263346354166664],[1.4915337916166307],"[""PREDICTIVE_CANDIDATE_WITH_SOMA_TIME""]",[false],0.03,4,9,False,3,2066466678320,0.17263346354166664,-0.2718109809027778,0.2718109809027778,True,scenario3,5,2066467640032,True,PROXIMAL_TIME_MISMATCH,19,19
10,9,to,99,0.5,NO_PREDICTIVE_CANDIDATE,0,[],[],[],[],[],[],0.03,,10,,,,,,,False,scenario3,9,2066467638736,False,,19,19
11,0,There,27,0.0,NO_PREDICTIVE_CANDIDATE,0,[],[],[],[],[],[],0.03,,1,,,,,,,False,scenario3,0,,False,,0,0
11,0,There,89,0.05555555555555555,NO_PREDICTIVE_CANDIDATE,0,[],[],[],[],[],[],0.03,,2,,,,,,,False,scenario3,3,,False,,0,0
11,0,There,15,0.1111111111111111,NO_PREDICTIVE_CANDIDATE,0,[],[],[],[],[],[],0.03,,3,,,,,,,False,scenario3,8,,False,,0,0
11,0,There,97,0.16666666666666666,NO_PREDICTIVE_CANDIDATE,0,[],[],[],[],[],[],0.03,,4,,,,,,,False,scenario3,8,,False,,0,0
11,0,There,50,0.2222222222222222,NO_PREDICTIVE_CANDIDATE,0,[],[],[],[],[],[],0.03,,5,,,,,,,False,scenario3,2,,False,,0,0
11,0,There,73,0.2777777777777778,NO_PREDICTIVE_CANDIDATE,0,[],[],[],[],[],[],0.03,,6,,,,,,,False,scenario3,0,,False,,0,0
11,0,There,2,0.3333333333333333,NO_PREDICTIVE_CANDIDATE,0,[],[],[],[],[],[],0.03,,7,,,,,,,False,scenario3,2,,False,,0,0
11,0,There,14,0.3888888888888889,NO_PREDICTIVE_CANDIDATE,0,[],[],[],[],[],[],0.03,,8,,,,,,,False,scenario3,2,,False,,0,0
11,0,There,78,0.4444444444444444,NO_PREDICTIVE_CANDIDATE,0,[],[],[],[],[],[],0.03,,9,,,,,,,False,scenario3,2,,False,,0,0
11,0,There,13,0.5,NO_PREDICTIVE_CANDIDATE,0,[],[],[],[],[],[],0.03,,10,,,,,,,False,scenario3,3,,False,,0,0
11,1,was,74,0.0,NO_PREDICTIVE_CANDIDATE,0,[],[],[],[],[],[],0.03,,1,,,,,,,False,scenario3,5,2066467530192,False,,0,0
11,1,was,81,0.05555555555555555,NO_PREDICTIVE_CANDIDATE,0,[],[],[],[],[],[],0.03,,2,,,,,,,False,scenario3,7,2066467530384,False,,0,0
11,1,was,31,0.1111111111111111,NO_PREDICTIVE_CANDIDATE,0,[],[],[],[],[],[],0.03,,3,,,,,,,False,scenario3,7,2066467533024,False,,0,0
11,1,was,1,0.16666666666666666,NO_PREDICTIVE_CANDIDATE,0,[],[],[],[],[],[],0.03,,4,,,,,,,False,scenario3,1,2066467650160,False,,0,0
11,1,was,76,0.2222222222222222,NO_PREDICTIVE_CANDIDATE,0,[],[],[],[],[],[],0.03,,5,,,,,,,False,scenario3,3,2066467635856,False,,0,0
11,1,was,47,0.2777777777777778,NO_PREDICTIVE_CANDIDATE,0,[],[],[],[],[],[],0.03,,6,,,,,,,False,scenario3,0,2066467637440,False,,0,0
11,1,was,79,0.3333333333333333,NO_PREDICTIVE_CANDIDATE,0,[],[],[],[],[],[],0.03,,7,,,,,,,False,scenario3,1,2066467637872,False,,0,0
11,1,was,58,0.3888888888888889,NO_PREDICTIVE_CANDIDATE,0,[],[],[],[],[],[],0.03,,8,,,,,,,False,scenario3,4,2066467648864,False,,0,0
11,1,was,16,0.4444444444444444,NO_PREDICTIVE_CANDIDATE,0,[],[],[],[],[],[],0.03,,9,,,,,,,False,scenario3,9,2066467649200,False,,0,0
11,1,was,75,0.5,NO_PREDICTIVE_CANDIDATE,0,[],[],[],[],[],[],0.03,,10,,,,,,,False,scenario3,8,2066467586320,False,,0,0
11,2,n't,60,0.0,NO_PREDICTIVE_CANDIDATE,0,[],[],[],[],[],[],0.03,,1,,,,,,,False,scenario3,9,2066467421120,False,,10,10
11,2,n't,67,0.05555555555555555,NO_PREDICTIVE_CANDIDATE,0,[],[],[],[],[],[],0.03,,2,,,,,,,False,scenario3,6,2066467419824,False,,10,10
11,2,n't,40,0.1111111111111111,NO_PREDICTIVE_CANDIDATE,0,[],[],[],[],[],[],0.03,,3,,,,,,,False,scenario3,3,2066467419104,False,,10,10
11,2,n't,13,0.16666666666666666,NO_PREDICTIVE_CANDIDATE,0,[],[],[],[],[],[],0.03,,4,,,,,,,False,scenario3,5,2066467417808,False,,10,10
11,2,n't,24,0.2222222222222222,NO_PREDICTIVE_CANDIDATE,0,[],[],[],[],[],[],0.03,,5,,,,,,,False,scenario3,5,2066467417088,False,,10,10
11,2,n't,53,0.2777777777777778,NO_PREDICTIVE_CANDIDATE,0,[],[],[],[],[],[],0.03,,6,,,,,,,False,scenario3,3,2066467415792,False,,10,10
11,2,n't,79,0.3333333333333333,NO_PREDICTIVE_CANDIDATE,0,[],[],[],[],[],[],0.03,,7,,,,,,,False,scenario3,6,2066467415072,False,,10,10
11,2,n't,3,0.3888888888888889,NO_PREDICTIVE_CANDIDATE,0,[],[],[],[],[],[],0.03,,8,,,,,,,False,scenario3,1,2066467413776,False,,10,10
11,2,n't,33,0.4444444444444444,NO_PREDICTIVE_CANDIDATE,0,[],[],[],[],[],[],0.03,,9,,,,,,,False,scenario3,8,2066467413056,False,,10,10
11,2,n't,16,0.5,NO_PREDICTIVE_CANDIDATE,0,[],[],[],[],[],[],0.03,,10,,,,,,,False,scenario3,6,2066467411760,False,,10,10
11,3,one,94,0.0,NO_PREDICTIVE_CANDIDATE,0,[],[],[],[],[],[],0.03,,1,,,,,,,False,scenario3,4,2066467587952,False,,10,10
11,3,one,30,0.05555555555555555,NO_PREDICTIVE_CANDIDATE,0,[],[],[],[],[],[],0.03,,2,,,,,,,False,scenario3,9,2066467588960,False,,10,10
11,3,one,32,0.1111111111111111,NO_PREDICTIVE_CANDIDATE,0,[],[],[],[],[],[],0.03,,3,,,,,,,False,scenario3,1,2066467589968,False,,10,10
11,3,one,56,0.16666666666666666,NO_PREDICTIVE_CANDIDATE,0,[],[],[],[],[],[],0.03,,4,,,,,,,False,scenario3,3,2066467590976,False,,10,10
11,3,one,51,0.2222222222222222,NO_PREDICTIVE_CANDIDATE,0,[],[],[],[],[],[],0.03,,5,,,,,,,False,scenario3,4,2066467591984,False,,10,10
11,3,one,64,0.2777777777777778,NO_PREDICTIVE_CANDIDATE,0,[],[],[],[],[],[],0.03,,6,,,,,,,False,scenario3,7,2066467592992,False,,10,10
11,3,one,6,0.3333333333333333,NO_PREDICTIVE_CANDIDATE,0,[],[],[],[],[],[],0.03,,7,,,,,,,False,scenario3,4,2066467594000,False,,10,10
11,3,one,97,0.3888888888888889,NO_PREDICTIVE_CANDIDATE,0,[],[],[],[],[],[],0.03,,8,,,,,,,False,scenario3,8,2066467595008,False,,10,10
11,3,one,25,0.4444444444444444,NO_PREDICTIVE_CANDIDATE,0,[],[],[],[],[],[],0.03,,9,,,,,,,False,scenario3,4,2066467596016,False,,10,10
11,3,one,82,0.5,NO_PREDICTIVE_CANDIDATE,0,[],[],[],[],[],[],0.03,,10,,,,,,,False,scenario3,9,2066467597024,False,,10,10
11,4,of,23,0.0,NO_PREDICTIVE_CANDIDATE,0,[],[],[],[],[],[],0.03,,1,,,,,,,False,scenario3,0,2066467410800,False,,0,0
11,4,of,50,0.05555555555555555,NO_PREDICTIVE_CANDIDATE,0,[],[],[],[],[],[],0.03,,2,,,,,,,False,scenario3,9,2066467409408,False,,0,0
11,4,of,77,0.1111111111111111,NO_PREDICTIVE_CANDIDATE,0,[],[],[],[],[],[],0.03,,3,,,,,,,False,scenario3,1,2066467408688,False,,0,0
11,4,of,82,0.16666666666666666,NO_PREDICTIVE_CANDIDATE,0,[],[],[],[],[],[],0.03,,4,,,,,,,False,scenario3,6,2066467407392,False,,0,0
11,4,of,73,0.2222222222222222,NO_PREDICTIVE_CANDIDATE,0,[],[],[],[],[],[],0.03,,5,,,,,,,False,scenario3,4,2066467406672,False,,0,0
11,4,of,12,0.2777777777777778,NO_PREDICTIVE_CANDIDATE,0,[],[],[],[],[],[],0.03,,6,,,,,,,False,scenario3,8,2066467596976,False,,0,0
11,4,of,5,0.3333333333333333,NO_PREDICTIVE_CANDIDATE,0,[],[],[],[],[],[],0.03,,7,,,,,,,False,scenario3,1,2066467601536,False,,0,0
11,4,of,18,0.3888888888888889,NO_PREDICTIVE_CANDIDATE,0,[],[],[],[],[],[],0.03,,8,,,,,,,False,scenario3,1,2066467600816,False,,0,0
11,4,of,27,0.4444444444444444,NO_PREDICTIVE_CANDIDATE,0,[],[],[],[],[],[],0.03,,9,,,,,,,False,scenario3,9,2066467599520,False,,0,0
11,4,of,56,0.5,NO_PREDICTIVE_CANDIDATE,0,[],[],[],[],[],[],0.03,,10,,,,,,,False,scenario3,0,2066467598800,False,,0,0
11,5,you,84,0.0,NO_PREDICTIVE_CANDIDATE,0,[],[],[],[],[],[],0.03,,1,,,,,,,False,scenario3,0,2066467597888,False,,10,10
11,5,you,10,0.05555555555555555,NO_PREDICTIVE_CANDIDATE,0,[],[],[],[],[],[],0.03,,2,,,,,,,False,scenario3,6,2066470803536,False,,10,10
11,5,you,58,0.1111111111111111,NO_PREDICTIVE_CANDIDATE,0,[],[],[],[],[],[],0.03,,3,,,,,,,False,scenario3,7,2066470804544,False,,10,10
11,5,you,83,0.16666666666666666,NO_PREDICTIVE_CANDIDATE,0,[],[],[],[],[],[],0.03,,4,,,,,,,False,scenario3,1,2066470805552,False,,10,10
11,5,you,35,0.2222222222222222,NO_PREDICTIVE_CANDIDATE,0,[],[],[],[],[],[],0.03,,5,,,,,,,False,scenario3,5,2066470806560,False,,10,10
11,5,you,52,0.2777777777777778,NO_PREDICTIVE_CANDIDATE,0,[],[],[],[],[],[],0.03,,6,,,,,,,False,scenario3,4,2066470807568,False,,10,10
11,5,you,70,0.3333333333333333,NO_PREDICTIVE_CANDIDATE,0,[],[],[],[],[],[],0.03,,7,,,,,,,False,scenario3,2,2066470808576,False,,10,10
11,5,you,90,0.3888888888888889,NO_PREDICTIVE_CANDIDATE,0,[],[],[],[],[],[],0.03,,8,,,,,,,False,scenario3,3,2066470809584,False,,10,10
11,5,you,32,0.4444444444444444,NO_PREDICTIVE_CANDIDATE,0,[],[],[],[],[],[],0.03,,9,,,,,,,False,scenario3,8,2066470810592,False,,10,10
11,5,you,40,0.5,NO_PREDICTIVE_CANDIDATE,0,[],[],[],[],[],[],0.03,,10,,,,,,,False,scenario3,5,2066470811600,False,,10,10
11,6,dared,48,0.0,UNIQUE_PREDICTIVE_CANDIDATE,1,[8],[2066467646848],[0.061522352430555705],[1.4915337916166307],"[""PREDICTIVE_CANDIDATE_WITH_SOMA_TIME""]",[false],0.03,2,1,False,8,2066467646848,0.061522352430555705,0.061522352430555705,0.061522352430555705,True,scenario3,9,2066470874256,True,PROXIMAL_TIME_MISMATCH,27,27
11,6,dared,1,0.05555555555555555,NO_PREDICTIVE_CANDIDATE,0,[],[],[],[],[],[],0.03,,2,,,,,,,False,scenario3,7,2066470873536,False,,27,27
11,6,dared,12,0.1111111111111111,NO_PREDICTIVE_CANDIDATE,0,[],[],[],[],[],[],0.03,,3,,,,,,,False,scenario3,6,2066470872240,False,,27,27
11,6,dared,33,0.16666666666666666,NO_PREDICTIVE_CANDIDATE,0,[],[],[],[],[],[],0.03,,4,,,,,,,False,scenario3,5,2066470871520,False,,27,27
11,6,dared,32,0.2222222222222222,NO_PREDICTIVE_CANDIDATE,0,[],[],[],[],[],[],0.03,,5,,,,,,,False,scenario3,0,2066470870224,False,,27,27
11,6,dared,35,0.2777777777777778,NO_PREDICTIVE_CANDIDATE,0,[],[],[],[],[],[],0.03,,6,,,,,,,False,scenario3,4,2066470869504,False,,27,27
11,6,dared,43,0.3333333333333333,NO_PREDICTIVE_CANDIDATE,0,[],[],[],[],[],[],0.03,,7,,,,,,,False,scenario3,3,2066470868208,False,,27,27
11,6,dared,70,0.3888888888888889,NO_PREDICTIVE_CANDIDATE,0,[],[],[],[],[],[],0.03,,8,,,,,,,False,scenario3,0,2066470867488,False,,27,27
11,6,dared,69,0.4444444444444444,NO_PREDICTIVE_CANDIDATE,0,[],[],[],[],[],[],0.03,,9,,,,,,,False,scenario3,5,2066470866192,False,,27,27
11,6,dared,65,0.5,UNIQUE_PREDICTIVE_CANDIDATE,1,[1],[2066402187584],[0.11738186306423626],[1.431872439951966],"[""PREDICTIVE_CANDIDATE_WITH_SOMA_TIME""]",[false],0.03,20,10,False,1,2066402187584,0.11738186306423626,-0.38261813693576374,0.38261813693576374,True,scenario3,2,2066470865088,True,PROXIMAL_TIME_MISMATCH,27,27
11,7,face,53,0.0,NO_PREDICTIVE_CANDIDATE,0,[],[],[],[],[],[],0.03,,1,,,,,,,False,scenario3,9,2066470800992,False,,0,0
11,7,face,66,0.05555555555555555,NO_PREDICTIVE_CANDIDATE,0,[],[],[],[],[],[],0.03,,2,,,,,,,False,scenario3,6,2066470800416,False,,0,0
11,7,face,72,0.1111111111111111,NO_PREDICTIVE_CANDIDATE,0,[],[],[],[],[],[],0.03,,3,,,,,,,False,scenario3,5,2066470798976,False,,0,0
11,7,face,12,0.16666666666666666,NO_PREDICTIVE_CANDIDATE,0,[],[],[],[],[],[],0.03,,4,,,,,,,False,scenario3,7,2066470797872,False,,0,0
11,7,face,81,0.2222222222222222,NO_PREDICTIVE_CANDIDATE,0,[],[],[],[],[],[],0.03,,5,,,,,,,False,scenario3,6,2066470812416,False,,0,0
11,7,face,56,0.2777777777777778,NO_PREDICTIVE_CANDIDATE,0,[],[],[],[],[],[],0.03,,6,,,,,,,False,scenario3,4,2066470812848,False,,0,0
11,7,face,82,0.3333333333333333,NO_PREDICTIVE_CANDIDATE,0,[],[],[],[],[],[],0.03,,7,,,,,,,False,scenario3,1,2066470802672,False,,0,0
11,7,face,9,0.3888888888888889,NO_PREDICTIVE_CANDIDATE,0,[],[],[],[],[],[],0.03,,8,,,,,,,False,scenario3,6,2066470863456,False,,0,0
11,7,face,70,0.4444444444444444,NO_PREDICTIVE_CANDIDATE,0,[],[],[],[],[],[],0.03,,9,,,,,,,False,scenario3,8,2066470864464,False,,0,0
11,7,face,76,0.5,NO_PREDICTIVE_CANDIDATE,0,[],[],[],[],[],[],0.03,,10,,,,,,,False,scenario3,6,2066470876560,False,,0,0
11,8,Bill,85,0.0,NO_PREDICTIVE_CANDIDATE,0,[],[],[],[],[],[],0.03,,1,,,,,,,False,scenario3,1,2066470876992,False,,0,0
11,8,Bill,97,0.05555555555555555,NO_PREDICTIVE_CANDIDATE,0,[],[],[],[],[],[],0.03,,2,,,,,,,False,scenario3,4,2066471207280,False,,0,0
11,8,Bill,5,0.1111111111111111,NO_PREDICTIVE_CANDIDATE,0,[],[],[],[],[],[],0.03,,3,,,,,,,False,scenario3,9,2066471208288,False,,0,0
11,8,Bill,49,0.16666666666666666,NO_PREDICTIVE_CANDIDATE,0,[],[],[],[],[],[],0.03,,4,,,,,,,False,scenario3,0,2066471209296,False,,0,0
11,8,Bill,20,0.2222222222222222,NO_PREDICTIVE_CANDIDATE,0,[],[],[],[],[],[],0.03,,5,,,,,,,False,scenario3,6,2066471210304,False,,0,0
11,8,Bill,60,0.2777777777777778,NO_PREDICTIVE_CANDIDATE,0,[],[],[],[],[],[],0.03,,6,,,,,,,False,scenario3,1,2066471211312,False,,0,0
11,8,Bill,21,0.3333333333333333,NO_PREDICTIVE_CANDIDATE,0,[],[],[],[],[],[],0.03,,7,,,,,,,False,scenario3,3,2066471212320,False,,0,0
11,8,Bill,63,0.3888888888888889,NO_PREDICTIVE_CANDIDATE,0,[],[],[],[],[],[],0.03,,8,,,,,,,False,scenario3,4,2066471213328,False,,0,0
11,8,Bill,69,0.4444444444444444,NO_PREDICTIVE_CANDIDATE,0,[],[],[],[],[],[],0.03,,9,,,,,,,False,scenario3,3,2066471214336,False,,0,0
11,8,Bill,78,0.5,NO_PREDICTIVE_CANDIDATE,0,[],[],[],[],[],[],0.03,,10,,,,,,,False,scenario3,7,2066471215344,False,,0,0
11,9,",",9,0.0,NO_PREDICTIVE_CANDIDATE,0,[],[],[],[],[],[],0.03,,1,,,,,,,False,scenario3,7,2066471221968,False,,0,0
11,9,",",10,0.05555555555555555,NO_PREDICTIVE_CANDIDATE,0,[],[],[],[],[],[],0.03,,2,,,,,,,False,scenario3,5,2066471221248,False,,0,0
11,9,",",11,0.1111111111111111,NO_PREDICTIVE_CANDIDATE,0,[],[],[],[],[],[],0.03,,3,,,,,,,False,scenario3,3,2066471219952,False,,0,0
11,9,",",81,0.16666666666666666,NO_PREDICTIVE_CANDIDATE,0,[],[],[],[],[],[],0.03,,4,,,,,,,False,scenario3,4,2066471219232,False,,0,0
11,9,",",14,0.2222222222222222,NO_PREDICTIVE_CANDIDATE,0,[],[],[],[],[],[],0.03,,5,,,,,,,False,scenario3,4,2066471217936,False,,0,0
11,9,",",32,0.2777777777777778,NO_PREDICTIVE_CANDIDATE,0,[],[],[],[],[],[],0.03,,6,,,,,,,False,scenario3,5,2066471217216,False,,0,0
11,9,",",53,0.3333333333333333,NO_PREDICTIVE_CANDIDATE,0,[],[],[],[],[],[],0.03,,7,,,,,,,False,scenario3,0,2066471215920,False,,0,0
11,9,",",93,0.3888888888888889,NO_PREDICTIVE_CANDIDATE,0,[],[],[],[],[],[],0.03,,8,,,,,,,False,scenario3,3,2066471223472,False,,0,0
11,9,",",42,0.4444444444444444,NO_PREDICTIVE_CANDIDATE,0,[],[],[],[],[],[],0.03,,9,,,,,,,False,scenario3,5,2066471224480,False,,0,0
11,9,",",49,0.5,NO_PREDICTIVE_CANDIDATE,0,[],[],[],[],[],[],0.03,,10,,,,,,,False,scenario3,3,2066471225488,False,,0,0
12,0,In,76,0.0,NO_PREDICTIVE_CANDIDATE,0,[],[],[],[],[],[],0.03,,1,,,,,,,False,scenario3,9,,False,,0,0
12,0,In,7,0.05555555555555555,NO_PREDICTIVE_CANDIDATE,0,[],[],[],[],[],[],0.03,,2,,,,,,,False,scenario3,8,,False,,0,0
12,0,In,54,0.1111111111111111,NO_PREDICTIVE_CANDIDATE,0,[],[],[],[],[],[],0.03,,3,,,,,,,False,scenario3,1,,False,,0,0
12,0,In,63,0.16666666666666666,NO_PREDICTIVE_CANDIDATE,0,[],[],[],[],[],[],0.03,,4,,,,,,,False,scenario3,5,,False,,0,0
12,0,In,53,0.2222222222222222,NO_PREDICTIVE_CANDIDATE,0,[],[],[],[],[],[],0.03,,5,,,,,,,False,scenario3,2,,False,,0,0
12,0,In,36,0.2777777777777778,NO_PREDICTIVE_CANDIDATE,0,[],[],[],[],[],[],0.03,,6,,,,,,,False,scenario3,9,,False,,0,0
12,0,In,67,0.3333333333333333,NO_PREDICTIVE_CANDIDATE,0,[],[],[],[],[],[],0.03,,7,,,,,,,False,scenario3,8,,False,,0,0
12,0,In,51,0.3888888888888889,NO_PREDICTIVE_CANDIDATE,0,[],[],[],[],[],[],0.03,,8,,,,,,,False,scenario3,2,,False,,0,0
12,0,In,39,0.4444444444444444,NO_PREDICTIVE_CANDIDATE,0,[],[],[],[],[],[],0.03,,9,,,,,,,False,scenario3,3,,False,,0,0
12,0,In,46,0.5,NO_PREDICTIVE_CANDIDATE,0,[],[],[],[],[],[],0.03,,10,,,,,,,False,scenario3,9,,False,,0,0
12,1,1715,67,0.0,NO_PREDICTIVE_CANDIDATE,0,[],[],[],[],[],[],0.03,,1,,,,,,,False,scenario3,0,2066471238256,False,,0,0
12,1,1715,36,0.05555555555555555,NO_PREDICTIVE_CANDIDATE,0,[],[],[],[],[],[],0.03,,2,,,,,,,False,scenario3,8,2066471236960,False,,0,0
12,1,1715,61,0.1111111111111111,NO_PREDICTIVE_CANDIDATE,0,[],[],[],[],[],[],0.03,,3,,,,,,,False,scenario3,2,2066471236240,False,,0,0
12,1,1715,83,0.16666666666666666,NO_PREDICTIVE_CANDIDATE,0,[],[],[],[],[],[],0.03,,4,,,,,,,False,scenario3,6,2066471234944,False,,0,0
12,1,1715,34,0.2222222222222222,NO_PREDICTIVE_CANDIDATE,0,[],[],[],[],[],[],0.03,,5,,,,,,,False,scenario3,1,2066471234224,False,,0,0
12,1,1715,71,0.2777777777777778,NO_PREDICTIVE_CANDIDATE,0,[],[],[],[],[],[],0.03,,6,,,,,,,False,scenario3,7,2066471232928,False,,0,0
12,1,1715,84,0.3333333333333333,NO_PREDICTIVE_CANDIDATE,0,[],[],[],[],[],[],0.03,,7,,,,,,,False,scenario3,3,2066471232208,False,,0,0
12,1,1715,91,0.3888888888888889,NO_PREDICTIVE_CANDIDATE,0,[],[],[],[],[],[],0.03,,8,,,,,,,False,scenario3,3,2066471230912,False,,0,0
12,1,1715,95,0.4444444444444444,NO_PREDICTIVE_CANDIDATE,0,[],[],[],[],[],[],0.03,,9,,,,,,,False,scenario3,8,2066471230192,False,,0,0
12,1,1715,37,0.5,NO_PREDICTIVE_CANDIDATE,0,[],[],[],[],[],[],0.03,,10,,,,,,,False,scenario3,6,2066471228896,False,,0,0
12,2,",",9,0.0,NO_PREDICTIVE_CANDIDATE,0,[],[],[],[],[],[],0.03,,1,,,,,,,False,scenario3,0,2066471227024,False,,0,0
12,2,",",10,0.05555555555555555,NO_PREDICTIVE_CANDIDATE,0,[],[],[],[],[],[],0.03,,2,,,,,,,False,scenario3,1,2066471228032,False,,0,0
12,2,",",11,0.1111111111111111,NO_PREDICTIVE_CANDIDATE,0,[],[],[],[],[],[],0.03,,3,,,,,,,False,scenario3,2,2066471239408,False,,0,0
12,2,",",81,0.16666666666666666,NO_PREDICTIVE_CANDIDATE,0,[],[],[],[],[],[],0.03,,4,,,,,,,False,scenario3,8,2066471402480,False,,0,0
12,2,",",14,0.2222222222222222,NO_PREDICTIVE_CANDIDATE,0,[],[],[],[],[],[],0.03,,5,,,,,,,False,scenario3,9,2066471401760,False,,0,0
12,2,",",32,0.2777777777777778,NO_PREDICTIVE_CANDIDATE,0,[],[],[],[],[],[],0.03,,6,,,,,,,False,scenario3,7,2066471400464,False,,0,0
12,2,",",53,0.3333333333333333,NO_PREDICTIVE_CANDIDATE,0,[],[],[],[],[],[],0.03,,7,,,,,,,False,scenario3,7,2066471399744,False,,0,0
12,2,",",93,0.3888888888888889,NO_PREDICTIVE_CANDIDATE,0,[],[],[],[],[],[],0.03,,8,,,,,,,False,scenario3,9,2066471398448,False,,0,0
12,2,",",42,0.4444444444444444,NO_PREDICTIVE_CANDIDATE,0,[],[],[],[],[],[],0.03,,9,,,,,,,False,scenario3,1,2066471397728,False,,0,0
12,2,",",49,0.5,NO_PREDICTIVE_CANDIDATE,0,[],[],[],[],[],[],0.03,,10,,,,,,,False,scenario3,5,2066471396336,False,,0,0
12,3,what,3,0.0,UNIQUE_PREDICTIVE_CANDIDATE,1,[4],[2066461015504],[0.3949999999999916],[1.342380412454968],"[""PREDICTIVE_CANDIDATE_WITH_SOMA_TIME""]",[false],0.03,23,1,False,4,2066461015504,0.3949999999999916,0.3949999999999916,0.3949999999999916,True,scenario3,6,2066471656848,True,PROXIMAL_TIME_MISMATCH,57,57
12,3,what,1,0.05555555555555555,UNIQUE_PREDICTIVE_CANDIDATE,1,[4],[2066467039968],[0.22818901909722222],[1.4915337916166307],"[""PREDICTIVE_CANDIDATE_WITH_SOMA_TIME""]",[false],0.03,37,2,False,4,2066467039968,0.22818901909722222,0.17263346354166667,0.17263346354166667,True,scenario3,5,2066471654832,True,PROXIMAL_TIME_MISMATCH,57,57
12,3,what,98,0.1111111111111111,NO_PREDICTIVE_CANDIDATE,0,[],[],[],[],[],[],0.03,,3,,,,,,,False,scenario3,9,2066471652528,False,,57,57
12,3,what,31,0.16666666666666666,NO_PREDICTIVE_CANDIDATE,0,[],[],[],[],[],[],0.03,,4,,,,,,,False,scenario3,1,2066471649984,False,,57,57
12,3,what,74,0.2222222222222222,UNIQUE_PREDICTIVE_CANDIDATE,1,[2],[2066425941360],[0.1185183376736112],[1.25288838495797],"[""PREDICTIVE_CANDIDATE_WITH_SOMA_TIME""]",[false],0.03,12,5,False,2,2066425941360,0.1185183376736112,-0.10370388454861101,0.10370388454861101,True,scenario3,9,2066471613456,True,PROXIMAL_TIME_MISMATCH,57,57
12,3,what,5,0.2777777777777778,UNIQUE_PREDICTIVE_CANDIDATE,1,[4],[2066466945792],[0.39485568576388896],[1.4915337916166307],"[""PREDICTIVE_CANDIDATE_WITH_SOMA_TIME""]",[false],0.03,50,6,False,4,2066466945792,0.39485568576388896,0.11707790798611117,0.11707790798611117,True,scenario3,7,2066471610960,True,PROXIMAL_TIME_MISMATCH,57,57
12,3,what,81,0.3333333333333333,UNIQUE_PREDICTIVE_CANDIDATE,1,[9],[2066466454368],[0.06182630750868068],[1.431872439951966],"[""PREDICTIVE_CANDIDATE_WITH_SOMA_TIME""]",[false],0.03,18,7,False,9,2066466454368,0.06182630750868068,-0.27150702582465264,0.27150702582465264,True,scenario3,0,2066471606208,True,PROXIMAL_TIME_MISMATCH,57,57
12,3,what,20,0.3888888888888889,NO_PREDICTIVE_CANDIDATE,0,[],[],[],[],[],[],0.03,,8,,,,,,,False,scenario3,0,2066471603760,False,,57,57
12,3,what,52,0.4444444444444444,UNIQUE_PREDICTIVE_CANDIDATE,1,[2],[2066461121984],[0.006790771484375124],[1.342380412454968],"[""PREDICTIVE_CANDIDATE_WITH_SOMA_TIME""]",[false],0.03,46,9,False,2,2066461121984,0.006790771484375124,-0.4376536729600693,0.4376536729600693,True,scenario3,1,2066471601264,True,PROXIMAL_TIME_MISMATCH,57,57
12,3,what,96,0.5,UNIQUE_PREDICTIVE_CANDIDATE,1,[5],[2066426106880],[0.5074072265624894],[1.25288838495797],"[""PREDICTIVE_CANDIDATE_WITH_SOMA_TIME""]",[true],0.03,16,10,False,5,2066426106880,0.5074072265624894,0.007407226562489377,0.007407226562489377,False,scenario1,5,2066426106880,False,,57,57
12,4,must,87,0.0,NO_PREDICTIVE_CANDIDATE,0,[],[],[],[],[],[],0.03,,1,,,,,,,False,scenario3,9,2066471394560,False,,0,0
12,4,must,49,0.05555555555555555,NO_PREDICTIVE_CANDIDATE,0,[],[],[],[],[],[],0.03,,2,,,,,,,False,scenario3,8,2066471393840,False,,0,0
12,4,must,6,0.1111111111111111,NO_PREDICTIVE_CANDIDATE,0,[],[],[],[],[],[],0.03,,3,,,,,,,False,scenario3,2,2066471392544,False,,0,0
12,4,must,40,0.16666666666666666,NO_PREDICTIVE_CANDIDATE,0,[],[],[],[],[],[],0.03,,4,,,,,,,False,scenario3,3,2066471391488,False,,0,0
12,4,must,95,0.2222222222222222,NO_PREDICTIVE_CANDIDATE,0,[],[],[],[],[],[],0.03,,5,,,,,,,False,scenario3,0,2066471390432,False,,0,0
12,4,must,50,0.2777777777777778,NO_PREDICTIVE_CANDIDATE,0,[],[],[],[],[],[],0.03,,6,,,,,,,False,scenario3,2,2066471389376,False,,0,0
12,4,must,74,0.3333333333333333,NO_PREDICTIVE_CANDIDATE,0,[],[],[],[],[],[],0.03,,7,,,,,,,False,scenario3,9,2066471388320,False,,0,0
12,4,must,92,0.3888888888888889,NO_PREDICTIVE_CANDIDATE,0,[],[],[],[],[],[],0.03,,8,,,,,,,False,scenario3,8,2066471387216,False,,0,0
12,4,must,9,0.4444444444444444,NO_PREDICTIVE_CANDIDATE,0,[],[],[],[],[],[],0.03,,9,,,,,,,False,scenario3,4,2066471502192,False,,0,0
12,4,must,28,0.5,NO_PREDICTIVE_CANDIDATE,0,[],[],[],[],[],[],0.03,,10,,,,,,,False,scenario3,8,2066471503248,False,,0,0
12,5,he,54,0.0,NO_PREDICTIVE_CANDIDATE,0,[],[],[],[],[],[],0.03,,1,,,,,,,False,scenario3,3,2066471661216,False,,0,0
12,5,he,92,0.05555555555555555,NO_PREDICTIVE_CANDIDATE,0,[],[],[],[],[],[],0.03,,2,,,,,,,False,scenario3,1,2066471662272,False,,0,0
12,5,he,61,0.1111111111111111,NO_PREDICTIVE_CANDIDATE,0,[],[],[],[],[],[],0.03,,3,,,,,,,False,scenario3,9,2066471659824,False,,0,0
12,5,he,32,0.16666666666666666,NO_PREDICTIVE_CANDIDATE,0,[],[],[],[],[],[],0.03,,4,,,,,,,False,scenario3,4,2066471657568,False,,0,0
12,5,he,96,0.2222222222222222,NO_PREDICTIVE_CANDIDATE,0,[],[],[],[],[],[],0.03,,5,,,,,,,False,scenario3,1,2066471656560,False,,0,0
12,5,he,31,0.2777777777777778,NO_PREDICTIVE_CANDIDATE,0,[],[],[],[],[],[],0.03,,6,,,,,,,False,scenario3,4,2066471651520,False,,0,0
12,5,he,5,0.3333333333333333,NO_PREDICTIVE_CANDIDATE,0,[],[],[],[],[],[],0.03,,7,,,,,,,False,scenario3,0,2066471651856,False,,0,0
12,5,he,66,0.3888888888888889,NO_PREDICTIVE_CANDIDATE,0,[],[],[],[],[],[],0.03,,8,,,,,,,False,scenario3,4,2066471664528,False,,0,0
12,5,he,12,0.4444444444444444,NO_PREDICTIVE_CANDIDATE,0,[],[],[],[],[],[],0.03,,9,,,,,,,False,scenario3,0,2066471659152,False,,0,0
12,5,he,59,0.5,NO_PREDICTIVE_CANDIDATE,0,[],[],[],[],[],[],0.03,,10,,,,,,,False,scenario3,0,2066471615472,False,,0,0
12,6,do,55,0.0,NO_PREDICTIVE_CANDIDATE,0,[],[],[],[],[],[],0.03,,1,,,,,,,False,scenario3,6,2066471504400,False,,0,0
12,6,do,26,0.05555555555555555,NO_PREDICTIVE_CANDIDATE,0,[],[],[],[],[],[],0.03,,2,,,,,,,False,scenario3,4,2066471505984,False,,0,0
12,6,do,76,0.1111111111111111,NO_PREDICTIVE_CANDIDATE,0,[],[],[],[],[],[],0.03,,3,,,,,,,False,scenario3,2,2066471506416,False,,0,0
12,6,do,47,0.16666666666666666,NO_PREDICTIVE_CANDIDATE,0,[],[],[],[],[],[],0.03,,4,,,,,,,False,scenario3,8,2066471508000,False,,0,0
12,6,do,1,0.2222222222222222,NO_PREDICTIVE_CANDIDATE,0,[],[],[],[],[],[],0.03,,5,,,,,,,False,scenario3,2,2066471508432,False,,0,0
12,6,do,81,0.2777777777777778,NO_PREDICTIVE_CANDIDATE,0,[],[],[],[],[],[],0.03,,6,,,,,,,False,scenario3,2,2066471510112,False,,0,0
12,6,do,89,0.3333333333333333,NO_PREDICTIVE_CANDIDATE,0,[],[],[],[],[],[],0.03,,7,,,,,,,False,scenario3,6,2066471510544,False,,0,0
12,6,do,5,0.3888888888888889,NO_PREDICTIVE_CANDIDATE,0,[],[],[],[],[],[],0.03,,8,,,,,,,False,scenario3,5,2066471512128,False,,0,0
12,6,do,25,0.4444444444444444,NO_PREDICTIVE_CANDIDATE,0,[],[],[],[],[],[],0.03,,9,,,,,,,False,scenario3,0,2066471512560,False,,0,0
12,6,do,23,0.5,NO_PREDICTIVE_CANDIDATE,0,[],[],[],[],[],[],0.03,,10,,,,,,,False,scenario3,6,2066471514144,False,,0,0
12,7,but,18,0.0,NO_PREDICTIVE_CANDIDATE,0,[],[],[],[],[],[],0.03,,1,,,,,,,False,scenario3,5,2066471612784,False,,10,10
12,7,but,31,0.05555555555555555,NO_PREDICTIVE_CANDIDATE,0,[],[],[],[],[],[],0.03,,2,,,,,,,False,scenario3,0,2066471609568,False,,10,10
12,7,but,77,0.1111111111111111,NO_PREDICTIVE_CANDIDATE,0,[],[],[],[],[],[],0.03,,3,,,,,,,False,scenario3,6,2066471608560,False,,10,10
12,7,but,90,0.16666666666666666,UNIQUE_PREDICTIVE_CANDIDATE,1,[7],[2066466823088],[0.39485568576388896],[1.4915337916166307],"[""PREDICTIVE_CANDIDATE_WITH_SOMA_TIME""]",[false],0.03,8,4,False,7,2066466823088,0.39485568576388896,0.2281890190972223,0.2281890190972223,True,scenario3,5,2066471605728,True,PROXIMAL_TIME_MISMATCH,10,10
12,7,but,14,0.2222222222222222,NO_PREDICTIVE_CANDIDATE,0,[],[],[],[],[],[],0.03,,5,,,,,,,False,scenario3,2,2066471604336,False,,10,10
12,7,but,6,0.2777777777777778,NO_PREDICTIVE_CANDIDATE,0,[],[],[],[],[],[],0.03,,6,,,,,,,False,scenario3,6,2066471602752,False,,10,10
12,7,but,79,0.3333333333333333,NO_PREDICTIVE_CANDIDATE,0,[],[],[],[],[],[],0.03,,7,,,,,,,False,scenario3,4,2066471601984,False,,10,10
12,7,but,53,0.3888888888888889,NO_PREDICTIVE_CANDIDATE,0,[],[],[],[],[],[],0.03,,8,,,,,,,False,scenario3,4,2066471610192,False,,10,10
12,7,but,58,0.4444444444444444,UNIQUE_PREDICTIVE_CANDIDATE,1,[8],[2066466816416],[0.11707790798611128],[1.4915337916166307],"[""PREDICTIVE_CANDIDATE_WITH_SOMA_TIME""]",[false],0.03,3,9,False,8,2066466816416,0.11707790798611128,-0.32736653645833313,0.32736653645833313,True,scenario3,8,2066471518128,True,PROXIMAL_TIME_MISMATCH,10,10
12,7,but,15,0.5,NO_PREDICTIVE_CANDIDATE,0,[],[],[],[],[],[],0.03,,10,,,,,,,False,scenario3,5,2066471516640,False,,10,10
12,8,run,26,0.0,NO_PREDICTIVE_CANDIDATE,0,[],[],[],[],[],[],0.03,,1,,,,,,,False,scenario3,9,2066471514960,False,,0,0
12,8,run,6,0.05555555555555555,NO_PREDICTIVE_CANDIDATE,0,[],[],[],[],[],[],0.03,,2,,,,,,,False,scenario3,9,2066471516208,False,,0,0
12,8,run,45,0.1111111111111111,NO_PREDICTIVE_CANDIDATE,0,[],[],[],[],[],[],0.03,,3,,,,,,,False,scenario3,4,2066471481568,False,,0,0
12,8,run,67,0.16666666666666666,NO_PREDICTIVE_CANDIDATE,0,[],[],[],[],[],[],0.03,,4,,,,,,,False,scenario3,8,2066471480272,False,,0,0
12,8,run,19,0.2222222222222222,NO_PREDICTIVE_CANDIDATE,0,[],[],[],[],[],[],0.03,,5,,,,,,,False,scenario3,9,2066471479552,False,,0,0
12,8,run,15,0.2777777777777778,NO_PREDICTIVE_CANDIDATE,0,[],[],[],[],[],[],0.03,,6,,,,,,,False,scenario3,9,2066471478256,False,,0,0
12,8,run,46,0.3333333333333333,NO_PREDICTIVE_CANDIDATE,0,[],[],[],[],[],[],0.03,,7,,,,,,,False,scenario3,7,2066471477536,False,,0,0
12,8,run,56,0.3888888888888889,NO_PREDICTIVE_CANDIDATE,0,[],[],[],[],[],[],0.03,,8,,,,,,,False,scenario3,0,2066471476240,False,,0,0
12,8,run,17,0.4444444444444444,NO_PREDICTIVE_CANDIDATE,0,[],[],[],[],[],[],0.03,,9,,,,,,,False,scenario3,7,2066471475520,False,,0,0
12,8,run,85,0.5,NO_PREDICTIVE_CANDIDATE,0,[],[],[],[],[],[],0.03,,10,,,,,,,False,scenario3,2,2066471474224,False,,0,0
12,9,away,53,0.0,NO_PREDICTIVE_CANDIDATE,0,[],[],[],[],[],[],0.03,,1,,,,,,,False,scenario3,8,2066471483728,False,,0,0
12,9,away,58,0.05555555555555555,NO_PREDICTIVE_CANDIDATE,0,[],[],[],[],[],[],0.03,,2,,,,,,,False,scenario3,1,2066471483008,False,,0,0
12,9,away,76,0.1111111111111111,NO_PREDICTIVE_CANDIDATE,0,[],[],[],[],[],[],0.03,,3,,,,,,,False,scenario3,6,2066471469328,False,,0,0
12,9,away,33,0.16666666666666666,NO_PREDICTIVE_CANDIDATE,0,[],[],[],[],[],[],0.03,,4,,,,,,,False,scenario3,4,2066471470336,False,,0,0
12,9,away,81,0.2222222222222222,NO_PREDICTIVE_CANDIDATE,0,[],[],[],[],[],[],0.03,,5,,,,,,,False,scenario3,5,2066471471344,False,,0,0
12,9,away,74,0.2777777777777778,NO_PREDICTIVE_CANDIDATE,0,[],[],[],[],[],[],0.03,,6,,,,,,,False,scenario3,0,2066471472448,False,,0,0
12,9,away,87,0.3333333333333333,NO_PREDICTIVE_CANDIDATE,0,[],[],[],[],[],[],0.03,,7,,,,,,,False,scenario3,8,2066471473456,False,,0,0
12,9,away,46,0.3888888888888889,NO_PREDICTIVE_CANDIDATE,0,[],[],[],[],[],[],0.03,,8,,,,,,,False,scenario3,0,2066471485568,False,,0,0
12,9,away,99,0.4444444444444444,NO_PREDICTIVE_CANDIDATE,0,[],[],[],[],[],[],0.03,,9,,,,,,,False,scenario3,8,2066471486576,False,,0,0
12,9,away,95,0.5,NO_PREDICTIVE_CANDIDATE,0,[],[],[],[],[],[],0.03,,10,,,,,,,False,scenario3,5,2066471487584,False,,0,0
13,0,`,51,0.0,NO_PREDICTIVE_CANDIDATE,0,[],[],[],[],[],[],0.03,,1,,,,,,,False,scenario3,7,,False,,0,0
13,0,`,69,0.05555555555555555,NO_PREDICTIVE_CANDIDATE,0,[],[],[],[],[],[],0.03,,2,,,,,,,False,scenario3,9,,False,,0,0
13,0,`,72,0.1111111111111111,NO_PREDICTIVE_CANDIDATE,0,[],[],[],[],[],[],0.03,,3,,,,,,,False,scenario3,7,,False,,0,0
13,0,`,15,0.16666666666666666,NO_PREDICTIVE_CANDIDATE,0,[],[],[],[],[],[],0.03,,4,,,,,,,False,scenario3,0,,False,,0,0
13,0,`,62,0.2222222222222222,NO_PREDICTIVE_CANDIDATE,0,[],[],[],[],[],[],0.03,,5,,,,,,,False,scenario3,1,,False,,0,0
13,0,`,11,0.2777777777777778,NO_PREDICTIVE_CANDIDATE,0,[],[],[],[],[],[],0.03,,6,,,,,,,False,scenario3,0,,False,,0,0
13,0,`,88,0.3333333333333333,NO_PREDICTIVE_CANDIDATE,0,[],[],[],[],[],[],0.03,,7,,,,,,,False,scenario3,9,,False,,0,0
13,0,`,21,0.3888888888888889,NO_PREDICTIVE_CANDIDATE,0,[],[],[],[],[],[],0.03,,8,,,,,,,False,scenario3,2,,False,,0,0
13,0,`,8,0.4444444444444444,NO_PREDICTIVE_CANDIDATE,0,[],[],[],[],[],[],0.03,,9,,,,,,,False,scenario3,1,,False,,0,0
13,0,`,68,0.5,NO_PREDICTIVE_CANDIDATE,0,[],[],[],[],[],[],0.03,,10,,,,,,,False,scenario3,9,,False,,0,0
13,1,Her,67,0.0,NO_PREDICTIVE_CANDIDATE,0,[],[],[],[],[],[],0.03,,1,,,,,,,False,scenario3,8,2066471464656,False,,10,10
13,1,Her,17,0.05555555555555555,NO_PREDICTIVE_CANDIDATE,0,[],[],[],[],[],[],0.03,,2,,,,,,,False,scenario3,1,2066471463360,False,,10,10
13,1,Her,37,0.1111111111111111,NO_PREDICTIVE_CANDIDATE,0,[],[],[],[],[],[],0.03,,3,,,,,,,False,scenario3,2,2066471462640,False,,10,10
13,1,Her,93,0.16666666666666666,NO_PREDICTIVE_CANDIDATE,0,[],[],[],[],[],[],0.03,,4,,,,,,,False,scenario3,1,2066471461344,False,,10,10
13,1,Her,16,0.2222222222222222,UNIQUE_PREDICTIVE_CANDIDATE,1,[4],[2066461012480],[0.39485568576388896],[1.4915337916166307],"[""PREDICTIVE_CANDIDATE_WITH_SOMA_TIME""]",[false],0.03,8,5,False,4,2066461012480,0.39485568576388896,0.17263346354166675,0.17263346354166675,True,scenario3,8,2066471460144,True,PROXIMAL_TIME_MISMATCH,10,10
13,1,Her,30,0.2777777777777778,NO_PREDICTIVE_CANDIDATE,0,[],[],[],[],[],[],0.03,,6,,,,,,,False,scenario3,4,2066471458848,False,,10,10
13,1,Her,61,0.3333333333333333,NO_PREDICTIVE_CANDIDATE,0,[],[],[],[],[],[],0.03,,7,,,,,,,False,scenario3,8,2066471458128,False,,10,10
13,1,Her,14,0.3888888888888889,NO_PREDICTIVE_CANDIDATE,0,[],[],[],[],[],[],0.03,,8,,,,,,,False,scenario3,0,2066471456832,False,,10,10
13,1,Her,64,0.4444444444444444,NO_PREDICTIVE_CANDIDATE,0,[],[],[],[],[],[],0.03,,9,,,,,,,False,scenario3,1,2066471456112,False,,10,10
13,1,Her,39,0.5,NO_PREDICTIVE_CANDIDATE,0,[],[],[],[],[],[],0.03,,10,,,,,,,False,scenario3,1,2066471454816,False,,10,10
13,2,petals,64,0.0,NO_PREDICTIVE_CANDIDATE,0,[],[],[],[],[],[],0.03,,1,,,,,,,False,scenario3,0,2066471489264,False,,0,0
13,2,petals,79,0.05555555555555555,NO_PREDICTIVE_CANDIDATE,0,[],[],[],[],[],[],0.03,,2,,,,,,,False,scenario3,7,2066471490320,False,,0,0
13,2,petals,45,0.1111111111111111,NO_PREDICTIVE_CANDIDATE,0,[],[],[],[],[],[],0.03,,3,,,,,,,False,scenario3,3,2066471491328,False,,0,0
13,2,petals,35,0.16666666666666666,NO_PREDICTIVE_CANDIDATE,0,[],[],[],[],[],[],0.03,,4,,,,,,,False,scenario3,0,2066471492336,False,,0,0
13,2,petals,34,0.2222222222222222,NO_PREDICTIVE_CANDIDATE,0,[],[],[],[],[],[],0.03,,5,,,,,,,False,scenario3,4,2066471493344,False,,0,0
13,2,petals,78,0.2777777777777778,NO_PREDICTIVE_CANDIDATE,0,[],[],[],[],[],[],0.03,,6,,,,,,,False,scenario3,3,2066471494352,False,,0,0
13,2,petals,87,0.3333333333333333,NO_PREDICTIVE_CANDIDATE,0,[],[],[],[],[],[],0.03,,7,,,,,,,False,scenario3,0,2066471495360,False,,0,0
13,2,petals,92,0.3888888888888889,NO_PREDICTIVE_CANDIDATE,0,[],[],[],[],[],[],0.03,,8,,,,,,,False,scenario3,3,2066471496368,False,,0,0
13,2,petals,72,0.4444444444444444,NO_PREDICTIVE_CANDIDATE,0,[],[],[],[],[],[],0.03,,9,,,,,,,False,scenario3,4,2066471497376,False,,0,0
13,2,petals,89,0.5,NO_PREDICTIVE_CANDIDATE,0,[],[],[],[],[],[],0.03,,10,,,,,,,False,scenario3,4,2066471498384,False,,0,0
13,3,are,51,0.0,NO_PREDICTIVE_CANDIDATE,0,[],[],[],[],[],[],0.03,,1,,,,,,,False,scenario3,0,2066471058368,False,,0,0
13,3,are,17,0.05555555555555555,NO_PREDICTIVE_CANDIDATE,0,[],[],[],[],[],[],0.03,,2,,,,,,,False,scenario3,5,2066471057072,False,,0,0
13,3,are,42,0.1111111111111111,NO_PREDICTIVE_CANDIDATE,0,[],[],[],[],[],[],0.03,,3,,,,,,,False,scenario3,9,2066471056352,False,,0,0
13,3,are,68,0.16666666666666666,NO_PREDICTIVE_CANDIDATE,0,[],[],[],[],[],[],0.03,,4,,,,,,,False,scenario3,2,2066471043488,False,,0,0
13,3,are,88,0.2222222222222222,NO_PREDICTIVE_CANDIDATE,0,[],[],[],[],[],[],0.03,,5,,,,,,,False,scenario3,8,2066471044496,False,,0,0
13,3,are,47,0.2777777777777778,NO_PREDICTIVE_CANDIDATE,0,[],[],[],[],[],[],0.03,,6,,,,,,,False,scenario3,0,2066471045504,False,,0,0
13,3,are,98,0.3333333333333333,NO_PREDICTIVE_CANDIDATE,0,[],[],[],[],[],[],0.03,,7,,,,,,,False,scenario3,0,2066471046512,False,,0,0
13,3,are,55,0.3888888888888889,NO_PREDICTIVE_CANDIDATE,0,[],[],[],[],[],[],0.03,,8,,,,,,,False,scenario3,7,2066471047616,False,,0,0
13,3,are,97,0.4444444444444444,NO_PREDICTIVE_CANDIDATE,0,[],[],[],[],[],[],0.03,,9,,,,,,,False,scenario3,2,2066471048624,False,,0,0
13,3,are,23,0.5,NO_PREDICTIVE_CANDIDATE,0,[],[],[],[],[],[],0.03,,10,,,,,,,False,scenario3,1,2066471049632,False,,0,0
13,4,done,75,0.0,NO_PREDICTIVE_CANDIDATE,0,[],[],[],[],[],[],0.03,,1,,,,,,,False,scenario3,6,2066474383744,False,,10,10
13,4,done,24,0.05555555555555555,NO_PREDICTIVE_CANDIDATE,0,[],[],[],[],[],[],0.03,,2,,,,,,,False,scenario3,4,2066474382448,False,,10,10
13,4,done,81,0.1111111111111111,NO_PREDICTIVE_CANDIDATE,0,[],[],[],[],[],[],0.03,,3,,,,,,,False,scenario3,4,2066474381728,False,,10,10
13,4,done,35,0.16666666666666666,NO_PREDICTIVE_CANDIDATE,0,[],[],[],[],[],[],0.03,,4,,,,,,,False,scenario3,1,2066474380432,False,,10,10
13,4,done,96,0.2222222222222222,NO_PREDICTIVE_CANDIDATE,0,[],[],[],[],[],[],0.03,,5,,,,,,,False,scenario3,3,2066474379712,False,,10,10
13,4,done,30,0.2777777777777778,NO_PREDICTIVE_CANDIDATE,0,[],[],[],[],[],[],0.03,,6,,,,,,,False,scenario3,5,2066474378416,False,,10,10
13,4,done,31,0.3333333333333333,NO_PREDICTIVE_CANDIDATE,0,[],[],[],[],[],[],0.03,,7,,,,,,,False,scenario3,9,2066474377696,False,,10,10
13,4,done,64,0.3888888888888889,NO_PREDICTIVE_CANDIDATE,0,[],[],[],[],[],[],0.03,,8,,,,,,,False,scenario3,4,2066474376400,False,,10,10
13,4,done,83,0.4444444444444444,NO_PREDICTIVE_CANDIDATE,0,[],[],[],[],[],[],0.03,,9,,,,,,,False,scenario3,5,2066474375680,False,,10,10
13,4,done,25,0.5,NO_PREDICTIVE_CANDIDATE,0,[],[],[],[],[],[],0.03,,10,,,,,,,False,scenario3,6,2066474374384,False,,10,10
13,5,up,87,0.0,NO_PREDICTIVE_CANDIDATE,0,[],[],[],[],[],[],0.03,,1,,,,,,,False,scenario3,7,2066471051696,False,,0,0
13,5,up,5,0.05555555555555555,NO_PREDICTIVE_CANDIDATE,0,[],[],[],[],[],[],0.03,,2,,,,,,,False,scenario3,9,2066471052128,False,,0,0
13,5,up,80,0.1111111111111111,NO_PREDICTIVE_CANDIDATE,0,[],[],[],[],[],[],0.03,,3,,,,,,,False,scenario3,6,2066471053712,False,,0,0
13,5,up,7,0.16666666666666666,NO_PREDICTIVE_CANDIDATE,0,[],[],[],[],[],[],0.03,,4,,,,,,,False,scenario3,4,2066471054144,False,,0,0
13,5,up,1,0.2222222222222222,NO_PREDICTIVE_CANDIDATE,0,[],[],[],[],[],[],0.03,,5,,,,,,,False,scenario3,4,2066471046752,False,,0,0
13,5,up,34,0.2777777777777778,NO_PREDICTIVE_CANDIDATE,0,[],[],[],[],[],[],0.03,,6,,,,,,,False,scenario3,8,2066471467776,False,,0,0
13,5,up,33,0.3333333333333333,NO_PREDICTIVE_CANDIDATE,0,[],[],[],[],[],[],0.03,,7,,,,,,,False,scenario3,3,2066471468496,False,,0,0
13,5,up,54,0.3888888888888889,NO_PREDICTIVE_CANDIDATE,0,[],[],[],[],[],[],0.03,,8,,,,,,,False,scenario3,5,2066471454864,False,,0,0
13,5,up,3,0.4444444444444444,NO_PREDICTIVE_CANDIDATE,0,[],[],[],[],[],[],0.03,,9,,,,,,,False,scenario3,0,2066471454720,False,,0,0
13,5,up,79,0.5,NO_PREDICTIVE_CANDIDATE,0,[],[],[],[],[],[],0.03,,10,,,,,,,False,scenario3,5,2066471452800,False,,0,0
13,6,close,4,0.0,NO_PREDICTIVE_CANDIDATE,0,[],[],[],[],[],[],0.03,,1,,,,,,,False,scenario3,9,2066474372992,False,,0,0
13,6,close,13,0.05555555555555555,NO_PREDICTIVE_CANDIDATE,0,[],[],[],[],[],[],0.03,,2,,,,,,,False,scenario3,0,2066474371600,False,,0,0
13,6,close,28,0.1111111111111111,NO_PREDICTIVE_CANDIDATE,0,[],[],[],[],[],[],0.03,,3,,,,,,,False,scenario3,0,2066474370880,False,,0,0
13,6,close,69,0.16666666666666666,NO_PREDICTIVE_CANDIDATE,0,[],[],[],[],[],[],0.03,,4,,,,,,,False,scenario3,9,2066474369584,False,,0,0
13,6,close,35,0.2222222222222222,NO_PREDICTIVE_CANDIDATE,0,[],[],[],[],[],[],0.03,,5,,,,,,,False,scenario3,9,2066471605680,False,,0,0
13,6,close,9,0.2777777777777778,NO_PREDICTIVE_CANDIDATE,0,[],[],[],[],[],[],0.03,,6,,,,,,,False,scenario3,1,2066471499200,False,,0,0
13,6,close,96,0.3333333333333333,NO_PREDICTIVE_CANDIDATE,0,[],[],[],[],[],[],0.03,,7,,,,,,,False,scenario3,9,2066471500784,False,,0,0
13,6,close,11,0.3888888888888889,NO_PREDICTIVE_CANDIDATE,0,[],[],[],[],[],[],0.03,,8,,,,,,,False,scenario3,4,2066471501216,False,,0,0
13,6,close,86,0.4444444444444444,NO_PREDICTIVE_CANDIDATE,0,[],[],[],[],[],[],0.03,,9,,,,,,,False,scenario3,5,2066471452992,False,,0,0
13,6,close,20,0.5,NO_PREDICTIVE_CANDIDATE,0,[],[],[],[],[],[],0.03,,10,,,,,,,False,scenario3,5,2066466193728,False,,0,0
13,7,",",9,0.0,NO_PREDICTIVE_CANDIDATE,0,[],[],[],[],[],[],0.03,,1,,,,,,,False,scenario3,2,2066466208752,False,,0,0
13,7,",",10,0.05555555555555555,NO_PREDICTIVE_CANDIDATE,0,[],[],[],[],[],[],0.03,,2,,,,,,,False,scenario3,8,2066466207456,False,,0,0
13,7,",",11,0.1111111111111111,NO_PREDICTIVE_CANDIDATE,0,[],[],[],[],[],[],0.03,,3,,,,,,,False,scenario3,9,2066466206736,False,,0,0
13,7,",",81,0.16666666666666666,NO_PREDICTIVE_CANDIDATE,0,[],[],[],[],[],[],0.03,,4,,,,,,,False,scenario3,6,2066466205440,False,,0,0
13,7,",",14,0.2222222222222222,NO_PREDICTIVE_CANDIDATE,0,[],[],[],[],[],[],0.03,,5,,,,,,,False,scenario3,6,2066466204720,False,,0,0
13,7,",",32,0.2777777777777778,NO_PREDICTIVE_CANDIDATE,0,[],[],[],[],[],[],0.03,,6,,,,,,,False,scenario3,9,2066466203424,False,,0,0
13,7,",",53,0.3333333333333333,NO_PREDICTIVE_CANDIDATE,0,[],[],[],[],[],[],0.03,,7,,,,,,,False,scenario3,6,2066466202704,False,,0,0
13,7,",",93,0.3888888888888889,NO_PREDICTIVE_CANDIDATE,0,[],[],[],[],[],[],0.03,,8,,,,,,,False,scenario3,2,2066466201408,False,,0,0
13,7,",",42,0.4444444444444444,NO_PREDICTIVE_CANDIDATE,0,[],[],[],[],[],[],0.03,,9,,,,,,,False,scenario3,3,2066466200688,False,,0,0
13,7,",",49,0.5,NO_PREDICTIVE_CANDIDATE,0,[],[],[],[],[],[],0.03,,10,,,,,,,False,scenario3,2,2066466199392,False,,0,0
13,8,almost,70,0.0,NO_PREDICTIVE_CANDIDATE,0,[],[],[],[],[],[],0.03,,1,,,,,,,False,scenario3,9,2066474983808,False,,59,59
13,8,almost,30,0.05555555555555555,NO_PREDICTIVE_CANDIDATE,0,[],[],[],[],[],[],0.03,,2,,,,,,,False,scenario3,6,2066474981456,False,,59,59
13,8,almost,80,0.1111111111111111,UNIQUE_PREDICTIVE_CANDIDATE,1,[8],[2066466283136],[0.006607666015624902],[1.3722110882873004],"[""PREDICTIVE_CANDIDATE_WITH_SOMA_TIME""]",[false],0.03,43,3,False,8,2066466283136,0.006607666015624902,-0.1045034450954862,0.1045034450954862,True,scenario3,5,2066474979488,True,PROXIMAL_TIME_MISMATCH,59,59
13,8,almost,47,0.16666666666666666,UNIQUE_PREDICTIVE_CANDIDATE,1,[6],[2066467044336],[0.17278116861979176],[1.4617031157842983],"[""PREDICTIVE_CANDIDATE_WITH_SOMA_TIME""]",[true],0.03,42,4,False,6,2066467044336,0.17278116861979176,0.006114501953125101,0.006114501953125101,False,scenario1,6,2066467044336,False,,59,59
13,8,almost,61,0.2222222222222222,UNIQUE_PREDICTIVE_CANDIDATE,1,[7],[2066466287216],[0.3949999999999916],[1.4020417641196328],"[""PREDICTIVE_CANDIDATE_WITH_SOMA_TIME""]",[false],0.03,28,5,False,7,2066466287216,0.3949999999999916,0.17277777777776937,0.17277777777776937,True,scenario3,6,2066474840576,True,PROXIMAL_TIME_MISMATCH,59,59
13,8,almost,45,0.2777777777777778,UNIQUE_PREDICTIVE_CANDIDATE,1,[0],[2066466069616],[0.33994099934895816],[1.3722110882873004],"[""PREDICTIVE_CANDIDATE_WITH_SOMA_TIME""]",[false],0.03,10,6,False,0,2066466069616,0.33994099934895816,0.06216322157118037,0.06216322157118037,True,scenario3,9,2066474836208,True,PROXIMAL_TIME_MISMATCH,59,59
13,8,almost,26,0.3333333333333333,UNIQUE_PREDICTIVE_CANDIDATE,1,[4],[2066467067984],[0.0616700575086806],[1.4617031157842983],"[""PREDICTIVE_CANDIDATE_WITH_SOMA_TIME""]",[false],0.03,55,7,False,4,2066467067984,0.0616700575086806,-0.2716632758246527,0.2716632758246527,True,scenario3,2,2066474834576,True,PROXIMAL_TIME_MISMATCH,59,59
13,8,almost,43,0.3888888888888889,UNIQUE_PREDICTIVE_CANDIDATE,1,[1],[2066466449184],[0.17310099283854163],[1.4020417641196328],"[""PREDICTIVE_CANDIDATE_WITH_SOMA_TIME""]",[false],0.03,26,8,False,1,2066466449184,0.17310099283854163,-0.21578789605034726,0.21578789605034726,True,scenario3,7,2066474832320,True,PROXIMAL_TIME_MISMATCH,59,59
13,8,almost,63,0.4444444444444444,UNIQUE_PREDICTIVE_CANDIDATE,1,[4],[2066426341152],[0.0074072265625000355],[1.25288838495797],"[""PREDICTIVE_CANDIDATE_WITH_SOMA_TIME""]",[false],0.03,38,9,False,4,2066426341152,0.0074072265625000355,-0.4370372178819444,0.4370372178819444,True,scenario3,3,2066474829344,True,PROXIMAL_TIME_MISMATCH,59,59
13,8,almost,95,0.5,NO_PREDICTIVE_CANDIDATE,0,[],[],[],[],[],[],0.03,,10,,,,,,,False,scenario3,6,2066474711328,False,,59,59
13,9,like,17,0.0,NO_PREDICTIVE_CANDIDATE,0,[],[],[],[],[],[],0.03,,1,,,,,,,False,scenario3,9,2066466197760,False,,0,0
13,9,like,9,0.05555555555555555,NO_PREDICTIVE_CANDIDATE,0,[],[],[],[],[],[],0.03,,2,,,,,,,False,scenario3,4,2066466197040,False,,0,0
13,9,like,15,0.1111111111111111,NO_PREDICTIVE_CANDIDATE,0,[],[],[],[],[],[],0.03,,3,,,,,,,False,scenario3,1,2066466195648,False,,0,0
13,9,like,57,0.16666666666666666,NO_PREDICTIVE_CANDIDATE,0,[],[],[],[],[],[],0.03,,4,,,,,,,False,scenario3,9,2066466194592,False,,0,0
13,9,like,79,0.2222222222222222,NO_PREDICTIVE_CANDIDATE,0,[],[],[],[],[],[],0.03,,5,,,,,,,False,scenario3,0,2066466193680,False,,0,0
13,9,like,98,0.2777777777777778,NO_PREDICTIVE_CANDIDATE,0,[],[],[],[],[],[],0.03,,6,,,,,,,False,scenario3,3,2066474700144,False,,0,0
13,9,like,27,0.3333333333333333,NO_PREDICTIVE_CANDIDATE,0,[],[],[],[],[],[],0.03,,7,,,,,,,False,scenario3,5,2066474702112,False,,0,0
13,9,like,56,0.3888888888888889,NO_PREDICTIVE_CANDIDATE,0,[],[],[],[],[],[],0.03,,8,,,,,,,False,scenario3,7,2066474705376,False,,0,0
13,9,like,54,0.4444444444444444,NO_PREDICTIVE_CANDIDATE,0,[],[],[],[],[],[],0.03,,9,,,,,,,False,scenario3,6,2066474709600,False,,0,0
13,9,like,95,0.5,NO_PREDICTIVE_CANDIDATE,0,[],[],[],[],[],[],0.03,,10,,,,,,,False,scenario3,4,2066474711424,False,,0,0
14,0,So,33,0.0,NO_PREDICTIVE_CANDIDATE,0,[],[],[],[],[],[],0.03,,1,,,,,,,False,scenario3,7,,False,,0,0
14,0,So,49,0.05555555555555555,NO_PREDICTIVE_CANDIDATE,0,[],[],[],[],[],[],0.03,,2,,,,,,,False,scenario3,9,,False,,0,0
14,0,So,19,0.1111111111111111,NO_PREDICTIVE_CANDIDATE,0,[],[],[],[],[],[],0.03,,3,,,,,,,False,scenario3,6,,False,,0,0
14,0,So,47,0.16666666666666666,NO_PREDICTIVE_CANDIDATE,0,[],[],[],[],[],[],0.03,,4,,,,,,,False,scenario3,5,,False,,0,0
14,0,So,83,0.2222222222222222,NO_PREDICTIVE_CANDIDATE,0,[],[],[],[],[],[],0.03,,5,,,,,,,False,scenario3,6,,False,,0,0
14,0,So,76,0.2777777777777778,NO_PREDICTIVE_CANDIDATE,0,[],[],[],[],[],[],0.03,,6,,,,,,,False,scenario3,8,,False,,0,0
14,0,So,41,0.3333333333333333,NO_PREDICTIVE_CANDIDATE,0,[],[],[],[],[],[],0.03,,7,,,,,,,False,scenario3,8,,False,,0,0
14,0,So,37,0.3888888888888889,NO_PREDICTIVE_CANDIDATE,0,[],[],[],[],[],[],0.03,,8,,,,,,,False,scenario3,5,,False,,0,0
14,0,So,70,0.4444444444444444,NO_PREDICTIVE_CANDIDATE,0,[],[],[],[],[],[],0.03,,9,,,,,,,False,scenario3,4,,False,,0,0
14,0,So,97,0.5,NO_PREDICTIVE_CANDIDATE,0,[],[],[],[],[],[],0.03,,10,,,,,,,False,scenario3,9,,False,,0,0
14,1,all,95,0.0,NO_PREDICTIVE_CANDIDATE,0,[],[],[],[],[],[],0.03,,1,,,,,,,False,scenario3,1,2066474978240,False,,0,0
14,1,all,23,0.05555555555555555,NO_PREDICTIVE_CANDIDATE,0,[],[],[],[],[],[],0.03,,2,,,,,,,False,scenario3,4,2066474977280,False,,0,0
14,1,all,54,0.1111111111111111,NO_PREDICTIVE_CANDIDATE,0,[],[],[],[],[],[],0.03,,3,,,,,,,False,scenario3,8,2066474975408,False,,0,0
14,1,all,83,0.16666666666666666,NO_PREDICTIVE_CANDIDATE,0,[],[],[],[],[],[],0.03,,4,,,,,,,False,scenario3,9,2066474978720,False,,0,0
14,1,all,47,0.2222222222222222,NO_PREDICTIVE_CANDIDATE,0,[],[],[],[],[],[],0.03,,5,,,,,,,False,scenario3,1,2066474982464,False,,0,0
14,1,all,74,0.2777777777777778,NO_PREDICTIVE_CANDIDATE,0,[],[],[],[],[],[],0.03,,6,,,,,,,False,scenario3,7,2066474985008,False,,0,0
14,1,all,12,0.3333333333333333,NO_PREDICTIVE_CANDIDATE,0,[],[],[],[],[],[],0.03,,7,,,,,,,False,scenario3,4,2066474987120,False,,0,0
14,1,all,59,0.3888888888888889,NO_PREDICTIVE_CANDIDATE,0,[],[],[],[],[],[],0.03,,8,,,,,,,False,scenario3,2,2066474985968,False,,0,0
14,1,all,41,0.4444444444444444,NO_PREDICTIVE_CANDIDATE,0,[],[],[],[],[],[],0.03,,9,,,,,,,False,scenario3,8,2066474990384,False,,0,0
14,1,all,10,0.5,NO_PREDICTIVE_CANDIDATE,0,[],[],[],[],[],[],0.03,,10,,,,,,,False,scenario3,7,2066474989664,False,,0,0
14,2,the,63,0.0,NO_PREDICTIVE_CANDIDATE,0,[],[],[],[],[],[],0.03,,1,,,,,,,False,scenario3,0,2066474698224,False,,0,0
14,2,the,99,0.05555555555555555,NO_PREDICTIVE_CANDIDATE,0,[],[],[],[],[],[],0.03,,2,,,,,,,False,scenario3,0,2066474699568,False,,0,0
14,2,the,78,0.1111111111111111,NO_PREDICTIVE_CANDIDATE,0,[],[],[],[],[],[],0.03,,3,,,,,,,False,scenario3,4,2066474703552,False,,0,0
14,2,the,84,0.16666666666666666,NO_PREDICTIVE_CANDIDATE,0,[],[],[],[],[],[],0.03,,4,,,,,,,False,scenario3,1,2066474708112,False,,0,0
14,2,the,62,0.2222222222222222,NO_PREDICTIVE_CANDIDATE,0,[],[],[],[],[],[],0.03,,5,,,,,,,False,scenario3,1,2066474704416,False,,0,0
14,2,the,32,0.2777777777777778,NO_PREDICTIVE_CANDIDATE,0,[],[],[],[],[],[],0.03,,6,,,,,,,False,scenario3,3,2066474705616,False,,0,0
14,2,the,1,0.3333333333333333,NO_PREDICTIVE_CANDIDATE,0,[],[],[],[],[],[],0.03,,7,,,,,,,False,scenario3,0,2066474707680,False,,0,0
14,2,the,47,0.3888888888888889,NO_PREDICTIVE_CANDIDATE,0,[],[],[],[],[],[],0.03,,8,,,,,,,False,scenario3,5,2066474708928,False,,0,0
14,2,the,38,0.4444444444444444,NO_PREDICTIVE_CANDIDATE,0,[],[],[],[],[],[],0.03,,9,,,,,,,False,scenario3,5,2066474712384,False,,0,0
14,2,the,18,0.5,NO_PREDICTIVE_CANDIDATE,0,[],[],[],[],[],[],0.03,,10,,,,,,,False,scenario3,4,2066474712720,False,,0,0
14,3,little,69,0.0,NO_PREDICTIVE_CANDIDATE,0,[],[],[],[],[],[],0.03,,1,,,,,,,False,scenario3,0,2066474440928,False,,17,17
14,3,little,10,0.05555555555555555,NO_PREDICTIVE_CANDIDATE,0,[],[],[],[],[],[],0.03,,2,,,,,,,False,scenario3,3,2066474439632,False,,17,17
14,3,little,55,0.1111111111111111,NO_PREDICTIVE_CANDIDATE,0,[],[],[],[],[],[],0.03,,3,,,,,,,False,scenario3,5,2066474438912,False,,17,17
14,3,little,72,0.16666666666666666,NO_PREDICTIVE_CANDIDATE,0,[],[],[],[],[],[],0.03,,4,,,,,,,False,scenario3,9,2066474437616,False,,17,17
14,3,little,62,0.2222222222222222,NO_PREDICTIVE_CANDIDATE,0,[],[],[],[],[],[],0.03,,5,,,,,,,False,scenario3,6,2066474436896,False,,17,17
14,3,little,87,0.2777777777777778,NO_PREDICTIVE_CANDIDATE,0,[],[],[],[],[],[],0.03,,6,,,,,,,False,scenario3,2,2066474435600,False,,17,17
14,3,little,59,0.3333333333333333,NO_PREDICTIVE_CANDIDATE,0,[],[],[],[],[],[],0.03,,7,,,,,,,False,scenario3,3,2066474434880,False,,17,17
14,3,little,38,0.3888888888888889,NO_PREDICTIVE_CANDIDATE,0,[],[],[],[],[],[],0.03,,8,,,,,,,False,scenario3,6,2066474697216,False,,17,17
14,3,little,99,0.4444444444444444,NO_PREDICTIVE_CANDIDATE,0,[],[],[],[],[],[],0.03,,9,,,,,,,False,scenario3,1,2066474844080,False,,17,17
14,3,little,1,0.5,NO_PREDICTIVE_CANDIDATE,0,[],[],[],[],[],[],0.03,,10,,,,,,,False,scenario3,3,2066474838896,False,,17,17
14,4,demons,9,0.0,NO_PREDICTIVE_CANDIDATE,0,[],[],[],[],[],[],0.03,,1,,,,,,,False,scenario3,7,2066474839424,False,,0,0
14,4,demons,39,0.05555555555555555,NO_PREDICTIVE_CANDIDATE,0,[],[],[],[],[],[],0.03,,2,,,,,,,False,scenario3,3,2066474841872,False,,0,0
14,4,demons,27,0.1111111111111111,NO_PREDICTIVE_CANDIDATE,0,[],[],[],[],[],[],0.03,,3,,,,,,,False,scenario3,8,2066474842208,False,,0,0
14,4,demons,84,0.16666666666666666,NO_PREDICTIVE_CANDIDATE,0,[],[],[],[],[],[],0.03,,4,,,,,,,False,scenario3,6,2066474836880,False,,0,0
14,4,demons,77,0.2222222222222222,NO_PREDICTIVE_CANDIDATE,0,[],[],[],[],[],[],0.03,,5,,,,,,,False,scenario3,5,2066474834432,False,,0,0
14,4,demons,10,0.2777777777777778,NO_PREDICTIVE_CANDIDATE,0,[],[],[],[],[],[],0.03,,6,,,,,,,False,scenario3,2,2066474840144,False,,0,0
14,4,demons,88,0.3333333333333333,NO_PREDICTIVE_CANDIDATE,0,[],[],[],[],[],[],0.03,,7,,,,,,,False,scenario3,9,2066474447024,False,,0,0
14,4,demons,38,0.3888888888888889,NO_PREDICTIVE_CANDIDATE,0,[],[],[],[],[],[],0.03,,8,,,,,,,False,scenario3,6,2066474442608,False,,0,0
14,4,demons,63,0.4444444444444444,NO_PREDICTIVE_CANDIDATE,0,[],[],[],[],[],[],0.03,,9,,,,,,,False,scenario3,2,2066474446256,False,,0,0
14,4,demons,92,0.5,NO_PREDICTIVE_CANDIDATE,0,[],[],[],[],[],[],0.03,,10,,,,,,,False,scenario3,2,2066474444480,False,,0,0
14,5,came,49,0.0,NO_PREDICTIVE_CANDIDATE,0,[],[],[],[],[],[],0.03,,1,,,,,,,False,scenario3,1,2066474449376,False,,0,0
14,5,came,28,0.05555555555555555,NO_PREDICTIVE_CANDIDATE,0,[],[],[],[],[],[],0.03,,2,,,,,,,False,scenario3,9,2066474448032,False,,0,0
14,5,came,74,0.1111111111111111,NO_PREDICTIVE_CANDIDATE,0,[],[],[],[],[],[],0.03,,3,,,,,,,False,scenario3,1,2066474447648,False,,0,0
14,5,came,40,0.16666666666666666,NO_PREDICTIVE_CANDIDATE,0,[],[],[],[],[],[],0.03,,4,,,,,,,False,scenario3,7,2066474445296,False,,0,0
14,5,came,26,0.2222222222222222,NO_PREDICTIVE_CANDIDATE,0,[],[],[],[],[],[],0.03,,5,,,,,,,False,scenario3,1,2066474443760,False,,0,0
14,5,came,17,0.2777777777777778,NO_PREDICTIVE_CANDIDATE,0,[],[],[],[],[],[],0.03,,6,,,,,,,False,scenario3,6,2066474517136,False,,0,0
14,5,came,63,0.3333333333333333,NO_PREDICTIVE_CANDIDATE,0,[],[],[],[],[],[],0.03,,7,,,,,,,False,scenario3,6,2066474518144,False,,0,0
14,5,came,44,0.3888888888888889,NO_PREDICTIVE_CANDIDATE,0,[],[],[],[],[],[],0.03,,8,,,,,,,False,scenario3,2,2066474519152,False,,0,0
14,5,came,5,0.4444444444444444,NO_PREDICTIVE_CANDIDATE,0,[],[],[],[],[],[],0.03,,9,,,,,,,False,scenario3,1,2066474520160,False,,0,0
14,5,came,91,0.5,NO_PREDICTIVE_CANDIDATE,0,[],[],[],[],[],[],0.03,,10,,,,,,,False,scenario3,2,2066474521168,False,,0,0
14,6,dragging,97,0.0,NO_PREDICTIVE_CANDIDATE,0,[],[],[],[],[],[],0.03,,1,,,,,,,False,scenario3,9,2066474531296,False,,10,10
14,6,dragging,88,0.05555555555555555,NO_PREDICTIVE_CANDIDATE,0,[],[],[],[],[],[],0.03,,2,,,,,,,False,scenario3,6,2066474530000,False,,10,10
14,6,dragging,41,0.1111111111111111,NO_PREDICTIVE_CANDIDATE,0,[],[],[],[],[],[],0.03,,3,,,,,,,False,scenario3,0,2066474529280,False,,10,10
14,6,dragging,36,0.16666666666666666,NO_PREDICTIVE_CANDIDATE,0,[],[],[],[],[],[],0.03,,4,,,,,,,False,scenario3,9,2066474527984,False,,10,10
14,6,dragging,18,0.2222222222222222,NO_PREDICTIVE_CANDIDATE,0,[],[],[],[],[],[],0.03,,5,,,,,,,False,scenario3,6,2066474527264,False,,10,10
14,6,dragging,28,0.2777777777777778,NO_PREDICTIVE_CANDIDATE,0,[],[],[],[],[],[],0.03,,6,,,,,,,False,scenario3,1,2066474525968,False,,10,10
14,6,dragging,45,0.3333333333333333,NO_PREDICTIVE_CANDIDATE,0,[],[],[],[],[],[],0.03,,7,,,,,,,False,scenario3,5,2066474525248,False,,10,10
14,6,dragging,84,0.3888888888888889,NO_PREDICTIVE_CANDIDATE,0,[],[],[],[],[],[],0.03,,8,,,,,,,False,scenario3,2,2066474523952,False,,10,10
14,6,dragging,92,0.4444444444444444,NO_PREDICTIVE_CANDIDATE,0,[],[],[],[],[],[],0.03,,9,,,,,,,False,scenario3,1,2066474523232,False,,10,10
14,6,dragging,46,0.5,NO_PREDICTIVE_CANDIDATE,0,[],[],[],[],[],[],0.03,,10,,,,,,,False,scenario3,1,2066474521936,False,,10,10
14,7,so,15,0.0,NO_PREDICTIVE_CANDIDATE,0,[],[],[],[],[],[],0.03,,1,,,,,,,False,scenario3,4,2066475155968,False,,0,0
14,7,so,41,0.05555555555555555,NO_PREDICTIVE_CANDIDATE,0,[],[],[],[],[],[],0.03,,2,,,,,,,False,scenario3,6,2066475156976,False,,0,0
14,7,so,90,0.1111111111111111,NO_PREDICTIVE_CANDIDATE,0,[],[],[],[],[],[],0.03,,3,,,,,,,False,scenario3,6,2066475157984,False,,0,0
14,7,so,56,0.16666666666666666,NO_PREDICTIVE_CANDIDATE,0,[],[],[],[],[],[],0.03,,4,,,,,,,False,scenario3,8,2066475158992,False,,0,0
14,7,so,72,0.2222222222222222,NO_PREDICTIVE_CANDIDATE,0,[],[],[],[],[],[],0.03,,5,,,,,,,False,scenario3,1,2066475160000,False,,0,0
14,7,so,76,0.2777777777777778,NO_PREDICTIVE_CANDIDATE,0,[],[],[],[],[],[],0.03,,6,,,,,,,False,scenario3,1,2066475161008,False,,0,0
14,7,so,87,0.3333333333333333,NO_PREDICTIVE_CANDIDATE,0,[],[],[],[],[],[],0.03,,7,,,,,,,False,scenario3,5,2066475162016,False,,0,0
14,7,so,35,0.3888888888888889,NO_PREDICTIVE_CANDIDATE,0,[],[],[],[],[],[],0.03,,8,,,,,,,False,scenario3,1,2066475163024,False,,0,0
14,7,so,67,0.4444444444444444,NO_PREDICTIVE_CANDIDATE,0,[],[],[],[],[],[],0.03,,9,,,,,,,False,scenario3,5,2066475164032,False,,0,0
14,7,so,39,0.5,NO_PREDICTIVE_CANDIDATE,0,[],[],[],[],[],[],0.03,,10,,,,,,,False,scenario3,9,2066475165040,False,,0,0
14,8,much,58,0.0,NO_PREDICTIVE_CANDIDATE,0,[],[],[],[],[],[],0.03,,1,,,,,,,False,scenario3,6,2066475170128,False,,0,0
14,8,much,40,0.05555555555555555,NO_PREDICTIVE_CANDIDATE,0,[],[],[],[],[],[],0.03,,2,,,,,,,False,scenario3,1,2066475169408,False,,0,0
14,8,much,28,0.1111111111111111,NO_PREDICTIVE_CANDIDATE,0,[],[],[],[],[],[],0.03,,3,,,,,,,False,scenario3,6,2066475168112,False,,0,0
14,8,much,51,0.16666666666666666,NO_PREDICTIVE_CANDIDATE,0,[],[],[],[],[],[],0.03,,4,,,,,,,False,scenario3,8,2066475167392,False,,0,0
14,8,much,93,0.2222222222222222,NO_PREDICTIVE_CANDIDATE,0,[],[],[],[],[],[],0.03,,5,,,,,,,False,scenario3,5,2066475166096,False,,0,0
14,8,much,66,0.2777777777777778,NO_PREDICTIVE_CANDIDATE,0,[],[],[],[],[],[],0.03,,6,,,,,,,False,scenario3,2,2066475165376,False,,0,0
14,8,much,31,0.3333333333333333,NO_PREDICTIVE_CANDIDATE,0,[],[],[],[],[],[],0.03,,7,,,,,,,False,scenario3,6,2066475056304,False,,0,0
14,8,much,10,0.3888888888888889,NO_PREDICTIVE_CANDIDATE,0,[],[],[],[],[],[],0.03,,8,,,,,,,False,scenario3,4,2066475055584,False,,0,0
14,8,much,46,0.4444444444444444,NO_PREDICTIVE_CANDIDATE,0,[],[],[],[],[],[],0.03,,9,,,,,,,False,scenario3,6,2066475054288,False,,0,0
14,8,much,3,0.5,NO_PREDICTIVE_CANDIDATE,0,[],[],[],[],[],[],0.03,,10,,,,,,,False,scenario3,2,2066475053568,False,,0,0
14,9,silver,46,0.0,NO_PREDICTIVE_CANDIDATE,0,[],[],[],[],[],[],0.03,,1,,,,,,,False,scenario3,2,2066475042096,False,,0,0
14,9,silver,86,0.05555555555555555,NO_PREDICTIVE_CANDIDATE,0,[],[],[],[],[],[],0.03,,2,,,,,,,False,scenario3,3,2066475043680,False,,0,0
14,9,silver,50,0.1111111111111111,NO_PREDICTIVE_CANDIDATE,0,[],[],[],[],[],[],0.03,,3,,,,,,,False,scenario3,8,2066475044112,False,,0,0
14,9,silver,74,0.16666666666666666,NO_PREDICTIVE_CANDIDATE,0,[],[],[],[],[],[],0.03,,4,,,,,,,False,scenario3,4,2066475045696,False,,0,0
14,9,silver,49,0.2222222222222222,NO_PREDICTIVE_CANDIDATE,0,[],[],[],[],[],[],0.03,,5,,,,,,,False,scenario3,6,2066475046128,False,,0,0
14,9,silver,24,0.2777777777777778,NO_PREDICTIVE_CANDIDATE,0,[],[],[],[],[],[],0.03,,6,,,,,,,False,scenario3,2,2066475047712,False,,0,0
14,9,silver,94,0.3333333333333333,NO_PREDICTIVE_CANDIDATE,0,[],[],[],[],[],[],0.03,,7,,,,,,,False,scenario3,9,2066475048144,False,,0,0
14,9,silver,72,0.3888888888888889,NO_PREDICTIVE_CANDIDATE,0,[],[],[],[],[],[],0.03,,8,,,,,,,False,scenario3,6,2066475049728,False,,0,0
14,9,silver,47,0.4444444444444444,NO_PREDICTIVE_CANDIDATE,0,[],[],[],[],[],[],0.03,,9,,,,,,,False,scenario3,7,2066475050160,False,,0,0
14,9,silver,69,0.5,NO_PREDICTIVE_CANDIDATE,0,[],[],[],[],[],[],0.03,,10,,,,,,,False,scenario3,3,2066475051744,False,,0,0
15,0,Cecily,19,0.0,NO_PREDICTIVE_CANDIDATE,0,[],[],[],[],[],[],0.03,,1,,,,,,,False,scenario3,2,,False,,0,0
15,0,Cecily,75,0.05555555555555555,NO_PREDICTIVE_CANDIDATE,0,[],[],[],[],[],[],0.03,,2,,,,,,,False,scenario3,7,,False,,0,0
15,0,Cecily,72,0.1111111111111111,NO_PREDICTIVE_CANDIDATE,0,[],[],[],[],[],[],0.03,,3,,,,,,,False,scenario3,8,,False,,0,0
15,0,Cecily,22,0.16666666666666666,NO_PREDICTIVE_CANDIDATE,0,[],[],[],[],[],[],0.03,,4,,,,,,,False,scenario3,9,,False,,0,0
15,0,Cecily,11,0.2222222222222222,NO_PREDICTIVE_CANDIDATE,0,[],[],[],[],[],[],0.03,,5,,,,,,,False,scenario3,0,,False,,0,0
15,0,Cecily,97,0.2777777777777778,NO_PREDICTIVE_CANDIDATE,0,[],[],[],[],[],[],0.03,,6,,,,,,,False,scenario3,1,,False,,0,0
15,0,Cecily,58,0.3333333333333333,NO_PREDICTIVE_CANDIDATE,0,[],[],[],[],[],[],0.03,,7,,,,,,,False,scenario3,2,,False,,0,0
15,0,Cecily,36,0.3888888888888889,NO_PREDICTIVE_CANDIDATE,0,[],[],[],[],[],[],0.03,,8,,,,,,,False,scenario3,6,,False,,0,0
15,0,Cecily,2,0.4444444444444444,NO_PREDICTIVE_CANDIDATE,0,[],[],[],[],[],[],0.03,,9,,,,,,,False,scenario3,6,,False,,0,0
15,0,Cecily,28,0.5,NO_PREDICTIVE_CANDIDATE,0,[],[],[],[],[],[],0.03,,10,,,,,,,False,scenario3,3,,False,,0,0
15,1,'s,66,0.0,NO_PREDICTIVE_CANDIDATE,0,[],[],[],[],[],[],0.03,,1,,,,,,,False,scenario3,0,2066474418400,False,,0,0
15,1,'s,7,0.05555555555555555,NO_PREDICTIVE_CANDIDATE,0,[],[],[],[],[],[],0.03,,2,,,,,,,False,scenario3,5,2066474419408,False,,0,0
15,1,'s,69,0.1111111111111111,NO_PREDICTIVE_CANDIDATE,0,[],[],[],[],[],[],0.03,,3,,,,,,,False,scenario3,2,2066474420416,False,,0,0
15,1,'s,20,0.16666666666666666,NO_PREDICTIVE_CANDIDATE,0,[],[],[],[],[],[],0.03,,4,,,,,,,False,scenario3,3,2066474421424,False,,0,0
15,1,'s,72,0.2222222222222222,NO_PREDICTIVE_CANDIDATE,0,[],[],[],[],[],[],0.03,,5,,,,,,,False,scenario3,8,2066474422432,False,,0,0
15,1,'s,37,0.2777777777777778,NO_PREDICTIVE_CANDIDATE,0,[],[],[],[],[],[],0.03,,6,,,,,,,False,scenario3,5,2066474423440,False,,0,0
15,1,'s,2,0.3333333333333333,NO_PREDICTIVE_CANDIDATE,0,[],[],[],[],[],[],0.03,,7,,,,,,,False,scenario3,8,2066474424448,False,,0,0
15,1,'s,83,0.3888888888888889,NO_PREDICTIVE_CANDIDATE,0,[],[],[],[],[],[],0.03,,8,,,,,,,False,scenario3,3,2066474425456,False,,0,0
15,1,'s,54,0.4444444444444444,NO_PREDICTIVE_CANDIDATE,0,[],[],[],[],[],[],0.03,,9,,,,,,,False,scenario3,2,2066474426464,False,,0,0
15,1,'s,8,0.5,NO_PREDICTIVE_CANDIDATE,0,[],[],[],[],[],[],0.03,,10,,,,,,,False,scenario3,1,2066474427472,False,,0,0
15,2,heart,74,0.0,NO_PREDICTIVE_CANDIDATE,0,[],[],[],[],[],[],0.03,,1,,,,,,,False,scenario3,5,2066474432848,False,,0,0
15,2,heart,69,0.05555555555555555,NO_PREDICTIVE_CANDIDATE,0,[],[],[],[],[],[],0.03,,2,,,,,,,False,scenario3,4,2066474432128,False,,0,0
15,2,heart,39,0.1111111111111111,NO_PREDICTIVE_CANDIDATE,0,[],[],[],[],[],[],0.03,,3,,,,,,,False,scenario3,5,2066474430832,False,,0,0
15,2,heart,10,0.16666666666666666,NO_PREDICTIVE_CANDIDATE,0,[],[],[],[],[],[],0.03,,4,,,,,,,False,scenario3,0,2066474430112,False,,0,0
15,2,heart,42,0.2222222222222222,NO_PREDICTIVE_CANDIDATE,0,[],[],[],[],[],[],0.03,,5,,,,,,,False,scenario3,4,2066474428816,False,,0,0
15,2,heart,35,0.2777777777777778,NO_PREDICTIVE_CANDIDATE,0,[],[],[],[],[],[],0.03,,6,,,,,,,False,scenario3,0,2066474428096,False,,0,0
15,2,heart,94,0.3333333333333333,NO_PREDICTIVE_CANDIDATE,0,[],[],[],[],[],[],0.03,,7,,,,,,,False,scenario3,3,2066475214288,False,,0,0
15,2,heart,13,0.3888888888888889,NO_PREDICTIVE_CANDIDATE,0,[],[],[],[],[],[],0.03,,8,,,,,,,False,scenario3,3,2066475213568,False,,0,0
15,2,heart,40,0.4444444444444444,NO_PREDICTIVE_CANDIDATE,0,[],[],[],[],[],[],0.03,,9,,,,,,,False,scenario3,0,2066475212176,False,,0,0
15,2,heart,3,0.5,NO_PREDICTIVE_CANDIDATE,0,[],[],[],[],[],[],0.03,,10,,,,,,,False,scenario3,8,2066475211456,False,,0,0
15,3,was,74,0.0,NO_PREDICTIVE_CANDIDATE,0,[],[],[],[],[],[],0.03,,1,,,,,,,False,scenario3,6,2066475219808,False,,0,0
15,3,was,81,0.05555555555555555,NO_PREDICTIVE_CANDIDATE,0,[],[],[],[],[],[],0.03,,2,,,,,,,False,scenario3,1,2066475219088,False,,0,0
15,3,was,31,0.1111111111111111,NO_PREDICTIVE_CANDIDATE,0,[],[],[],[],[],[],0.03,,3,,,,,,,False,scenario3,1,2066475217792,False,,0,0
15,3,was,1,0.16666666666666666,NO_PREDICTIVE_CANDIDATE,0,[],[],[],[],[],[],0.03,,4,,,,,,,False,scenario3,6,2066475217072,False,,0,0
15,3,was,76,0.2222222222222222,NO_PREDICTIVE_CANDIDATE,0,[],[],[],[],[],[],0.03,,5,,,,,,,False,scenario3,0,2066475215776,False,,0,0
15,3,was,47,0.2777777777777778,NO_PREDICTIVE_CANDIDATE,0,[],[],[],[],[],[],0.03,,6,,,,,,,False,scenario3,4,2066475215056,False,,0,0
15,3,was,79,0.3333333333333333,NO_PREDICTIVE_CANDIDATE,0,[],[],[],[],[],[],0.03,,7,,,,,,,False,scenario3,1,2066475205888,False,,0,0
15,3,was,58,0.3888888888888889,NO_PREDICTIVE_CANDIDATE,0,[],[],[],[],[],[],0.03,,8,,,,,,,False,scenario3,9,2066475206320,False,,0,0
15,3,was,16,0.4444444444444444,NO_PREDICTIVE_CANDIDATE,0,[],[],[],[],[],[],0.03,,9,,,,,,,False,scenario3,0,2066475207904,False,,0,0
15,3,was,75,0.5,NO_PREDICTIVE_CANDIDATE,0,[],[],[],[],[],[],0.03,,10,,,,,,,False,scenario3,0,2066475208336,False,,0,0
15,4,on,8,0.0,NO_PREDICTIVE_CANDIDATE,0,[],[],[],[],[],[],0.03,,1,,,,,,,False,scenario3,9,2066478438336,False,,20,20
15,4,on,35,0.05555555555555555,NO_PREDICTIVE_CANDIDATE,0,[],[],[],[],[],[],0.03,,2,,,,,,,False,scenario3,9,2066478437616,False,,20,20
15,4,on,21,0.1111111111111111,NO_PREDICTIVE_CANDIDATE,0,[],[],[],[],[],[],0.03,,3,,,,,,,False,scenario3,4,2066478436320,False,,20,20
15,4,on,14,0.16666666666666666,NO_PREDICTIVE_CANDIDATE,0,[],[],[],[],[],[],0.03,,4,,,,,,,False,scenario3,4,2066478435600,False,,20,20
15,4,on,57,0.2222222222222222,NO_PREDICTIVE_CANDIDATE,0,[],[],[],[],[],[],0.03,,5,,,,,,,False,scenario3,3,2066478434304,False,,20,20
15,4,on,60,0.2777777777777778,UNIQUE_PREDICTIVE_CANDIDATE,1,[9],[2066467421120],[0.004999999999999893],[1.4915337916166307],"[""PREDICTIVE_CANDIDATE_WITH_SOMA_TIME""]",[false],0.03,11,6,False,9,2066467421120,0.004999999999999893,-0.2727777777777779,0.2727777777777779,True,scenario3,2,2066478433200,True,PROXIMAL_TIME_MISMATCH,20,20
15,4,on,27,0.3333333333333333,NO_PREDICTIVE_CANDIDATE,0,[],[],[],[],[],[],0.03,,7,,,,,,,False,scenario3,3,2066475210928,False,,20,20
15,4,on,52,0.3888888888888889,NO_PREDICTIVE_CANDIDATE,0,[],[],[],[],[],[],0.03,,8,,,,,,,False,scenario3,9,2066475209776,False,,20,20
15,4,on,48,0.4444444444444444,NO_PREDICTIVE_CANDIDATE,0,[],[],[],[],[],[],0.03,,9,,,,,,,False,scenario3,2,2066475209632,False,,20,20
15,4,on,80,0.5,UNIQUE_PREDICTIVE_CANDIDATE,1,[0],[2066401922800],[0.2838922797309029],[1.4617031157842983],"[""PREDICTIVE_CANDIDATE_WITH_SOMA_TIME""]",[false],0.03,6,10,False,0,2066401922800,0.2838922797309029,-0.21610772026909708,0.21610772026909708,True,scenario3,8,2066478632352,True,PROXIMAL_TIME_MISMATCH,20,20
15,5,fire,81,0.0,UNIQUE_PREDICTIVE_CANDIDATE,1,[6],[2066426302192],[0.17263346354166664],[1.4915337916166307],"[""PREDICTIVE_CANDIDATE_WITH_SOMA_TIME""]",[false],0.03,4,1,False,6,2066426302192,0.17263346354166664,0.17263346354166664,0.17263346354166664,True,scenario3,2,2066478719504,True,PROXIMAL_TIME_MISMATCH,10,10
15,5,fire,83,0.05555555555555555,NO_PREDICTIVE_CANDIDATE,0,[],[],[],[],[],[],0.03,,2,,,,,,,False,scenario3,5,2066478718208,False,,10,10
15,5,fire,18,0.1111111111111111,NO_PREDICTIVE_CANDIDATE,0,[],[],[],[],[],[],0.03,,3,,,,,,,False,scenario3,8,2066478717488,False,,10,10
15,5,fire,12,0.16666666666666666,NO_PREDICTIVE_CANDIDATE,0,[],[],[],[],[],[],0.03,,4,,,,,,,False,scenario3,5,2066478716192,False,,10,10
15,5,fire,95,0.2222222222222222,NO_PREDICTIVE_CANDIDATE,0,[],[],[],[],[],[],0.03,,5,,,,,,,False,scenario3,9,2066478715472,False,,10,10
15,5,fire,54,0.2777777777777778,NO_PREDICTIVE_CANDIDATE,0,[],[],[],[],[],[],0.03,,6,,,,,,,False,scenario3,1,2066478714176,False,,10,10
15,5,fire,31,0.3333333333333333,NO_PREDICTIVE_CANDIDATE,0,[],[],[],[],[],[],0.03,,7,,,,,,,False,scenario3,3,2066478713456,False,,10,10
15,5,fire,91,0.3888888888888889,NO_PREDICTIVE_CANDIDATE,0,[],[],[],[],[],[],0.03,,8,,,,,,,False,scenario3,5,2066478712160,False,,10,10
15,5,fire,28,0.4444444444444444,NO_PREDICTIVE_CANDIDATE,0,[],[],[],[],[],[],0.03,,9,,,,,,,False,scenario3,3,2066478711440,False,,10,10
15,5,fire,62,0.5,NO_PREDICTIVE_CANDIDATE,0,[],[],[],[],[],[],0.03,,10,,,,,,,False,scenario3,0,2066478631200,False,,10,10
15,6,with,97,0.0,NO_PREDICTIVE_CANDIDATE,0,[],[],[],[],[],[],0.03,,1,,,,,,,False,scenario3,3,2066478446688,False,,0,0
15,6,with,66,0.05555555555555555,NO_PREDICTIVE_CANDIDATE,0,[],[],[],[],[],[],0.03,,2,,,,,,,False,scenario3,3,2066478445584,False,,0,0
15,6,with,43,0.1111111111111111,NO_PREDICTIVE_CANDIDATE,0,[],[],[],[],[],[],0.03,,3,,,,,,,False,scenario3,1,2066478444240,False,,0,0
15,6,with,58,0.16666666666666666,NO_PREDICTIVE_CANDIDATE,0,[],[],[],[],[],[],0.03,,4,,,,,,,False,scenario3,4,2066478443856,False,,0,0
15,6,with,50,0.2222222222222222,NO_PREDICTIVE_CANDIDATE,0,[],[],[],[],[],[],0.03,,5,,,,,,,False,scenario3,6,2066478442944,False,,0,0
15,6,with,44,0.2777777777777778,NO_PREDICTIVE_CANDIDATE,0,[],[],[],[],[],[],0.03,,6,,,,,,,False,scenario3,5,2066478442032,False,,0,0
15,6,with,42,0.3333333333333333,NO_PREDICTIVE_CANDIDATE,0,[],[],[],[],[],[],0.03,,7,,,,,,,False,scenario3,1,2066478441120,False,,0,0
15,6,with,86,0.3888888888888889,NO_PREDICTIVE_CANDIDATE,0,[],[],[],[],[],[],0.03,,8,,,,,,,False,scenario3,2,2066478439584,False,,0,0
15,6,with,17,0.4444444444444444,NO_PREDICTIVE_CANDIDATE,0,[],[],[],[],[],[],0.03,,9,,,,,,,False,scenario3,4,2066478628992,False,,0,0
15,6,with,63,0.5,NO_PREDICTIVE_CANDIDATE,0,[],[],[],[],[],[],0.03,,10,,,,,,,False,scenario3,5,2066478629760,False,,0,0
15,7,alarm,62,0.0,NO_PREDICTIVE_CANDIDATE,0,[],[],[],[],[],[],0.03,,1,,,,,,,False,scenario3,3,2066478724640,False,,0,0
15,7,alarm,68,0.05555555555555555,NO_PREDICTIVE_CANDIDATE,0,[],[],[],[],[],[],0.03,,2,,,,,,,False,scenario3,6,2066478723584,False,,0,0
15,7,alarm,92,0.1111111111111111,NO_PREDICTIVE_CANDIDATE,0,[],[],[],[],[],[],0.03,,3,,,,,,,False,scenario3,3,2066478726512,False,,0,0
15,7,alarm,9,0.16666666666666666,NO_PREDICTIVE_CANDIDATE,0,[],[],[],[],[],[],0.03,,4,,,,,,,False,scenario3,3,2066478722528,False,,0,0
15,7,alarm,90,0.2222222222222222,NO_PREDICTIVE_CANDIDATE,0,[],[],[],[],[],[],0.03,,5,,,,,,,False,scenario3,4,2066478726896,False,,0,0
15,7,alarm,79,0.2777777777777778,NO_PREDICTIVE_CANDIDATE,0,[],[],[],[],[],[],0.03,,6,,,,,,,False,scenario3,2,2066478644640,False,,0,0
15,7,alarm,5,0.3333333333333333,NO_PREDICTIVE_CANDIDATE,0,[],[],[],[],[],[],0.03,,7,,,,,,,False,scenario3,2,2066478643920,False,,0,0
15,7,alarm,52,0.3888888888888889,NO_PREDICTIVE_CANDIDATE,0,[],[],[],[],[],[],0.03,,8,,,,,,,False,scenario3,7,2066478642624,False,,0,0
15,7,alarm,96,0.4444444444444444,NO_PREDICTIVE_CANDIDATE,0,[],[],[],[],[],[],0.03,,9,,,,,,,False,scenario3,6,2066478641904,False,,0,0
15,7,alarm,85,0.5,NO_PREDICTIVE_CANDIDATE,0,[],[],[],[],[],[],0.03,,10,,,,,,,False,scenario3,8,2066478640608,False,,0,0
15,8,and,99,0.0,NO_PREDICTIVE_CANDIDATE,0,[],[],[],[],[],[],0.03,,1,,,,,,,False,scenario3,4,2066478633360,False,,0,0
15,8,and,18,0.05555555555555555,NO_PREDICTIVE_CANDIDATE,0,[],[],[],[],[],[],0.03,,2,,,,,,,False,scenario3,9,2066478634368,False,,0,0
15,8,and,6,0.1111111111111111,NO_PREDICTIVE_CANDIDATE,0,[],[],[],[],[],[],0.03,,3,,,,,,,False,scenario3,0,2066478635376,False,,0,0
15,8,and,80,0.16666666666666666,NO_PREDICTIVE_CANDIDATE,0,[],[],[],[],[],[],0.03,,4,,,,,,,False,scenario3,2,2066478636384,False,,0,0
15,8,and,14,0.2222222222222222,NO_PREDICTIVE_CANDIDATE,0,[],[],[],[],[],[],0.03,,5,,,,,,,False,scenario3,8,2066478637392,False,,0,0
15,8,and,57,0.2777777777777778,NO_PREDICTIVE_CANDIDATE,0,[],[],[],[],[],[],0.03,,6,,,,,,,False,scenario3,0,2066478638400,False,,0,0
15,8,and,13,0.3333333333333333,NO_PREDICTIVE_CANDIDATE,0,[],[],[],[],[],[],0.03,,7,,,,,,,False,scenario3,4,2066478639408,False,,0,0
15,8,and,68,0.3888888888888889,NO_PREDICTIVE_CANDIDATE,0,[],[],[],[],[],[],0.03,,8,,,,,,,False,scenario3,7,2066478640416,False,,0,0
15,8,and,83,0.4444444444444444,NO_PREDICTIVE_CANDIDATE,0,[],[],[],[],[],[],0.03,,9,,,,,,,False,scenario3,6,2066474336816,False,,0,0
15,8,and,81,0.5,NO_PREDICTIVE_CANDIDATE,0,[],[],[],[],[],[],0.03,,10,,,,,,,False,scenario3,0,2066474337824,False,,0,0
15,9,jealousy,44,0.0,NO_PREDICTIVE_CANDIDATE,0,[],[],[],[],[],[],0.03,,1,,,,,,,False,scenario3,0,2066474350784,False,,20,20
15,9,jealousy,0,0.05555555555555555,NO_PREDICTIVE_CANDIDATE,0,[],[],[],[],[],[],0.03,,2,,,,,,,False,scenario3,9,2066474350064,False,,20,20
15,9,jealousy,48,0.1111111111111111,NO_PREDICTIVE_CANDIDATE,0,[],[],[],[],[],[],0.03,,3,,,,,,,False,scenario3,2,2066474348768,False,,20,20
15,9,jealousy,11,0.16666666666666666,NO_PREDICTIVE_CANDIDATE,0,[],[],[],[],[],[],0.03,,4,,,,,,,False,scenario3,3,2066474348048,False,,20,20
15,9,jealousy,59,0.2222222222222222,NO_PREDICTIVE_CANDIDATE,0,[],[],[],[],[],[],0.03,,5,,,,,,,False,scenario3,7,2066474346752,False,,20,20
15,9,jealousy,69,0.2777777777777778,NO_PREDICTIVE_CANDIDATE,0,[],[],[],[],[],[],0.03,,6,,,,,,,False,scenario3,5,2066474346032,False,,20,20
15,9,jealousy,81,0.3333333333333333,UNIQUE_PREDICTIVE_CANDIDATE,1,[3],[2066467450480],[0.061522352430555705],[1.4915337916166307],"[""PREDICTIVE_CANDIDATE_WITH_SOMA_TIME""]",[false],0.03,2,7,False,3,2066467450480,0.061522352430555705,-0.2718109809027776,0.2718109809027776,True,scenario3,3,2066474344352,True,PROXIMAL_TIME_MISMATCH,20,20
15,9,jealousy,3,0.3888888888888889,NO_PREDICTIVE_CANDIDATE,0,[],[],[],[],[],[],0.03,,8,,,,,,,False,scenario3,3,2066474343632,False,,20,20
15,9,jealousy,67,0.4444444444444444,NO_PREDICTIVE_CANDIDATE,0,[],[],[],[],[],[],0.03,,9,,,,,,,False,scenario3,6,2066474342336,False,,20,20
15,9,jealousy,46,0.5,NO_PREDICTIVE_CANDIDATE,0,[],[],[],[],[],[],0.03,,10,,,,,,,False,scenario3,3,2066474341616,False,,20,20
16,0,``,57,0.0,NO_PREDICTIVE_CANDIDATE,0,[],[],[],[],[],[],0.03,,1,,,,,,,False,scenario3,5,,False,,0,0
16,0,``,71,0.05555555555555555,NO_PREDICTIVE_CANDIDATE,0,[],[],[],[],[],[],0.03,,2,,,,,,,False,scenario3,0,,False,,0,0
16,0,``,99,0.1111111111111111,NO_PREDICTIVE_CANDIDATE,0,[],[],[],[],[],[],0.03,,3,,,,,,,False,scenario3,5,,False,,0,0
16,0,``,59,0.16666666666666666,NO_PREDICTIVE_CANDIDATE,0,[],[],[],[],[],[],0.03,,4,,,,,,,False,scenario3,4,,False,,0,0
16,0,``,65,0.2222222222222222,NO_PREDICTIVE_CANDIDATE,0,[],[],[],[],[],[],0.03,,5,,,,,,,False,scenario3,4,,False,,0,0
16,0,``,75,0.2777777777777778,NO_PREDICTIVE_CANDIDATE,0,[],[],[],[],[],[],0.03,,6,,,,,,,False,scenario3,7,,False,,0,0
16,0,``,24,0.3333333333333333,NO_PREDICTIVE_CANDIDATE,0,[],[],[],[],[],[],0.03,,7,,,,,,,False,scenario3,0,,False,,0,0
16,0,``,23,0.3888888888888889,NO_PREDICTIVE_CANDIDATE,0,[],[],[],[],[],[],0.03,,8,,,,,,,False,scenario3,8,,False,,0,0
16,0,``,60,0.4444444444444444,NO_PREDICTIVE_CANDIDATE,0,[],[],[],[],[],[],0.03,,9,,,,,,,False,scenario3,0,,False,,0,0
16,0,``,80,0.5,NO_PREDICTIVE_CANDIDATE,0,[],[],[],[],[],[],0.03,,10,,,,,,,False,scenario3,9,,False,,0,0
16,1,And,90,0.0,NO_PREDICTIVE_CANDIDATE,0,[],[],[],[],[],[],0.03,,1,,,,,,,False,scenario3,9,2066478420608,False,,19,19
16,1,And,1,0.05555555555555555,NO_PREDICTIVE_CANDIDATE,0,[],[],[],[],[],[],0.03,,2,,,,,,,False,scenario3,7,2066478419312,False,,19,19
16,1,And,14,0.1111111111111111,UNIQUE_PREDICTIVE_CANDIDATE,1,[3],[2066466553008],[0.004999999999999893],[1.4915337916166307],"[""PREDICTIVE_CANDIDATE_WITH_SOMA_TIME""]",[false],0.03,1,3,False,3,2066466553008,0.004999999999999893,-0.10611111111111121,0.10611111111111121,True,scenario3,2,2066478418208,True,PROXIMAL_TIME_MISMATCH,19,19
16,1,And,53,0.16666666666666666,NO_PREDICTIVE_CANDIDATE,0,[],[],[],[],[],[],0.03,,4,,,,,,,False,scenario3,2,2066478416912,False,,19,19
16,1,And,18,0.2222222222222222,UNIQUE_PREDICTIVE_CANDIDATE,1,[8],[2066485974304],[0.28267890082465286],[1.0173289844329239],"[""PREDICTIVE_CANDIDATE_WITH_SOMA_TIME""]",[false],0.03,15,5,False,8,2066485974304,0.28267890082465286,0.06045667860243065,0.06045667860243065,True,scenario3,2,2066478439728,True,PROXIMAL_TIME_MISMATCH,19,19
16,1,And,31,0.2777777777777778,NO_PREDICTIVE_CANDIDATE,0,[],[],[],[],[],[],0.03,,6,,,,,,,False,scenario3,2,2066474338400,False,,19,19
16,1,And,94,0.3333333333333333,NO_PREDICTIVE_CANDIDATE,0,[],[],[],[],[],[],0.03,,7,,,,,,,False,scenario3,1,2066474339984,False,,19,19
16,1,And,20,0.3888888888888889,UNIQUE_PREDICTIVE_CANDIDATE,1,[7],[2066466544176],[0.17263346354166664],[1.4915337916166307],"[""PREDICTIVE_CANDIDATE_WITH_SOMA_TIME""]",[false],0.03,4,8,False,7,2066466544176,0.17263346354166664,-0.21625542534722225,0.21625542534722225,True,scenario3,1,2066474340800,True,PROXIMAL_TIME_MISMATCH,19,19
16,1,And,81,0.4444444444444444,UNIQUE_PREDICTIVE_CANDIDATE,1,[4],[2066485978336],[0.5049011230468643],[1.0173289844329239],"[""PREDICTIVE_CANDIDATE_WITH_SOMA_TIME""]",[false],0.03,19,9,False,4,2066485978336,0.5049011230468643,0.06045667860241988,0.06045667860241988,True,scenario3,7,2066478823328,True,PROXIMAL_TIME_MISMATCH,19,19
16,1,And,48,0.5,NO_PREDICTIVE_CANDIDATE,0,[],[],[],[],[],[],0.03,,10,,,,,,,False,scenario3,6,2066478822608,False,,19,19
16,2,I,78,0.0,NO_PREDICTIVE_CANDIDATE,0,[],[],[],[],[],[],0.03,,1,,,,,,,False,scenario3,1,2066478809456,False,,1,1
16,2,I,23,0.05555555555555555,NO_PREDICTIVE_CANDIDATE,0,[],[],[],[],[],[],0.03,,2,,,,,,,False,scenario3,2,2066478810464,False,,1,1
16,2,I,12,0.1111111111111111,NO_PREDICTIVE_CANDIDATE,0,[],[],[],[],[],[],0.03,,3,,,,,,,False,scenario3,3,2066478811472,False,,1,1
16,2,I,57,0.16666666666666666,NO_PREDICTIVE_CANDIDATE,0,[],[],[],[],[],[],0.03,,4,,,,,,,False,scenario3,6,2066478812480,False,,1,1
16,2,I,38,0.2222222222222222,NO_PREDICTIVE_CANDIDATE,0,[],[],[],[],[],[],0.03,,5,,,,,,,False,scenario3,1,2066478813488,False,,1,1
16,2,I,18,0.2777777777777778,NO_PREDICTIVE_CANDIDATE,0,[],[],[],[],[],[],0.03,,6,,,,,,,False,scenario3,3,2066478814496,False,,1,1
16,2,I,11,0.3333333333333333,NO_PREDICTIVE_CANDIDATE,0,[],[],[],[],[],[],0.03,,7,,,,,,,False,scenario3,6,2066478815504,False,,1,1
16,2,I,68,0.3888888888888889,UNIQUE_PREDICTIVE_CANDIDATE,1,[5],[2066460247200],[0.29174858940972226],[1.0070007560636096],"[""PREDICTIVE_CANDIDATE_WITH_SOMA_TIME""]",[false],0.03,1,8,False,5,2066460247200,0.29174858940972226,-0.09714029947916664,0.09714029947916664,True,scenario3,0,2066478816896,True,PROXIMAL_TIME_MISMATCH,1,1
16,2,I,88,0.4444444444444444,NO_PREDICTIVE_CANDIDATE,0,[],[],[],[],[],[],0.03,,9,,,,,,,False,scenario3,0,2066478817904,False,,1,1
16,2,I,81,0.5,NO_PREDICTIVE_CANDIDATE,0,[],[],[],[],[],[],0.03,,10,,,,,,,False,scenario3,8,2066478818912,False,,1,1
16,3,to,60,0.0,NO_PREDICTIVE_CANDIDATE,0,[],[],[],[],[],[],0.03,,1,,,,,,,False,scenario3,0,2066479147360,False,,24,24
16,3,to,48,0.05555555555555555,NO_PREDICTIVE_CANDIDATE,0,[],[],[],[],[],[],0.03,,2,,,,,,,False,scenario3,5,2066479146640,False,,24,24
16,3,to,90,0.1111111111111111,NO_PREDICTIVE_CANDIDATE,0,[],[],[],[],[],[],0.03,,3,,,,,,,False,scenario3,8,2066479145344,False,,24,24
16,3,to,50,0.16666666666666666,UNIQUE_PREDICTIVE_CANDIDATE,1,[7],[2066485981888],[0.11736477322048633],[1.4348555075351992],"[""PREDICTIVE_CANDIDATE_WITH_SOMA_TIME""]",[false],0.03,12,4,False,7,2066485981888,0.11736477322048633,-0.04930189344618033,0.04930189344618033,True,scenario3,3,2066479144240,True,PROXIMAL_TIME_MISMATCH,24,24
16,3,to,53,0.2222222222222222,NO_PREDICTIVE_CANDIDATE,0,[],[],[],[],[],[],0.03,,5,,,,,,,False,scenario3,5,2066479142944,False,,24,24
16,3,to,9,0.2777777777777778,NO_PREDICTIVE_CANDIDATE,0,[],[],[],[],[],[],0.03,,6,,,,,,,False,scenario3,5,2066479142224,False,,24,24
16,3,to,72,0.3333333333333333,NO_PREDICTIVE_CANDIDATE,0,[],[],[],[],[],[],0.03,,7,,,,,,,False,scenario3,0,2066479140928,False,,24,24
16,3,to,80,0.3888888888888889,UNIQUE_PREDICTIVE_CANDIDATE,1,[5],[2066465998752],[0.2837445746527778],[1.4915337916166307],"[""PREDICTIVE_CANDIDATE_WITH_SOMA_TIME""]",[false],0.03,8,8,True,5,2066465998752,0.2837445746527778,-0.10514431423611109,0.10514431423611109,True,scenario2,2,2066466005232,True,PROXIMAL_TIME_MISMATCH,24,24
16,3,to,25,0.4444444444444444,NO_PREDICTIVE_CANDIDATE,0,[],[],[],[],[],[],0.03,,9,,,,,,,False,scenario3,7,2066479138864,False,,24,24
16,3,to,99,0.5,NO_PREDICTIVE_CANDIDATE,0,[],[],[],[],[],[],0.03,,10,,,,,,,False,scenario3,9,2066479137568,False,,24,24
16,4,see,86,0.0,UNIQUE_PREDICTIVE_CANDIDATE,1,[6],[2066485606832],[0.004999999999999893],[1.4915337916166307],"[""PREDICTIVE_CANDIDATE_WITH_SOMA_TIME""]",[true],0.03,1,1,True,6,2066485606832,0.004999999999999893,0.004999999999999893,0.004999999999999893,False,scenario1,6,2066485606832,False,,10,10
16,4,see,34,0.05555555555555555,UNIQUE_PREDICTIVE_CANDIDATE,1,[9],[2066402362240],[0.061522352430555705],[1.4915337916166307],"[""PREDICTIVE_CANDIDATE_WITH_SOMA_TIME""]",[true],0.03,2,2,True,9,2066402362240,0.061522352430555705,0.005966796875000152,0.005966796875000152,False,scenario1,9,2066402362240,False,,10,10
16,4,see,43,0.1111111111111111,UNIQUE_PREDICTIVE_CANDIDATE,1,[8],[2066402363248],[0.11707790798611128],[1.4915337916166307],"[""PREDICTIVE_CANDIDATE_WITH_SOMA_TIME""]",[true],0.03,3,3,True,8,2066402363248,0.11707790798611128,0.00596679687500018,0.00596679687500018,False,scenario1,8,2066402363248,False,,10,10
16,4,see,11,0.16666666666666666,UNIQUE_PREDICTIVE_CANDIDATE,1,[8],[2066402364256],[0.17263346354166664],[1.4915337916166307],"[""PREDICTIVE_CANDIDATE_WITH_SOMA_TIME""]",[true],0.03,4,4,True,8,2066402364256,0.17263346354166664,0.005966796874999986,0.005966796874999986,False,scenario1,8,2066402364256,False,,10,10
16,4,see,39,0.2222222222222222,UNIQUE_PREDICTIVE_CANDIDATE,1,[2],[2066402365264],[0.22818901909722222],[1.4915337916166307],"[""PREDICTIVE_CANDIDATE_WITH_SOMA_TIME""]",[true],0.03,5,5,True,2,2066402365264,0.22818901909722222,0.005966796875000013,0.005966796875000013,False,scenario1,2,2066402365264,False,,10,10
16,4,see,42,0.2777777777777778,UNIQUE_PREDICTIVE_CANDIDATE,1,[4],[2066402366272],[0.2837445746527778],[1.4915337916166307],"[""PREDICTIVE_CANDIDATE_WITH_SOMA_TIME""]",[true],0.03,6,6,True,4,2066402366272,0.2837445746527778,0.005966796875000013,0.005966796875000013,False,scenario1,4,2066402366272,False,,10,10
16,4,see,1,0.3333333333333333,UNIQUE_PREDICTIVE_CANDIDATE,1,[1],[2066402367280],[0.3393001302083334],[1.4915337916166307],"[""PREDICTIVE_CANDIDATE_WITH_SOMA_TIME""]",[true],0.03,7,7,True,1,2066402367280,0.3393001302083334,0.005966796875000069,0.005966796875000069,False,scenario1,1,2066402367280,False,,10,10
16,4,see,52,0.3888888888888889,UNIQUE_PREDICTIVE_CANDIDATE,1,[4],[2066402368288],[0.39485568576388896],[1.4915337916166307],"[""PREDICTIVE_CANDIDATE_WITH_SOMA_TIME""]",[true],0.03,8,8,True,4,2066402368288,0.39485568576388896,0.005966796875000069,0.005966796875000069,False,scenario1,4,2066402368288,False,,10,10
16,4,see,97,0.4444444444444444,UNIQUE_PREDICTIVE_CANDIDATE,1,[9],[2066402369296],[0.4499999999999904],[1.4915337916166307],"[""PREDICTIVE_CANDIDATE_WITH_SOMA_TIME""]",[true],0.03,9,9,True,9,2066402369296,0.4499999999999904,0.005555555555545988,0.005555555555545988,False,scenario1,9,2066402369296,False,,10,10
16,4,see,15,0.5,UNIQUE_PREDICTIVE_CANDIDATE,1,[2],[2066402370304],[0.5059667968749892],[1.4915337916166307],"[""PREDICTIVE_CANDIDATE_WITH_SOMA_TIME""]",[true],0.03,10,10,True,2,2066402370304,0.5059667968749892,0.005966796874989244,0.005966796874989244,False,scenario1,2,2066402370304,False,,10,10
16,5,Miss,87,0.0,NO_PREDICTIVE_CANDIDATE,0,[],[],[],[],[],[],0.03,,1,,,,,,,False,scenario3,1,2066479095232,False,,0,0
16,5,Miss,21,0.05555555555555555,NO_PREDICTIVE_CANDIDATE,0,[],[],[],[],[],[],0.03,,2,,,,,,,False,scenario3,6,2066479096816,False,,0,0
16,5,Miss,41,0.1111111111111111,NO_PREDICTIVE_CANDIDATE,0,[],[],[],[],[],[],0.03,,3,,,,,,,False,scenario3,8,2066479097248,False,,0,0
16,5,Miss,26,0.16666666666666666,NO_PREDICTIVE_CANDIDATE,0,[],[],[],[],[],[],0.03,,4,,,,,,,False,scenario3,0,2066479103248,False,,0,0
16,5,Miss,49,0.2222222222222222,NO_PREDICTIVE_CANDIDATE,0,[],[],[],[],[],[],0.03,,5,,,,,,,False,scenario3,9,2066479102960,False,,0,0
16,5,Miss,54,0.2777777777777778,NO_PREDICTIVE_CANDIDATE,0,[],[],[],[],[],[],0.03,,6,,,,,,,False,scenario3,4,2066479093456,False,,0,0
16,5,Miss,67,0.3333333333333333,NO_PREDICTIVE_CANDIDATE,0,[],[],[],[],[],[],0.03,,7,,,,,,,False,scenario3,4,2066479092160,False,,0,0
16,5,Miss,37,0.3888888888888889,NO_PREDICTIVE_CANDIDATE,0,[],[],[],[],[],[],0.03,,8,,,,,,,False,scenario3,0,2066479091440,False,,0,0
16,5,Miss,35,0.4444444444444444,NO_PREDICTIVE_CANDIDATE,0,[],[],[],[],[],[],0.03,,9,,,,,,,False,scenario3,5,2066479090144,False,,0,0
16,5,Miss,7,0.5,NO_PREDICTIVE_CANDIDATE,0,[],[],[],[],[],[],0.03,,10,,,,,,,False,scenario3,8,2066479089424,False,,0,0
16,6,Marsch,60,0.0,NO_PREDICTIVE_CANDIDATE,0,[],[],[],[],[],[],0.03,,1,,,,,,,False,scenario3,7,2066479150432,False,,0,0
16,6,Marsch,39,0.05555555555555555,NO_PREDICTIVE_CANDIDATE,0,[],[],[],[],[],[],0.03,,2,,,,,,,False,scenario3,7,2066479149856,False,,0,0
16,6,Marsch,93,0.1111111111111111,NO_PREDICTIVE_CANDIDATE,0,[],[],[],[],[],[],0.03,,3,,,,,,,False,scenario3,8,2066479147744,False,,0,0
16,6,Marsch,14,0.16666666666666666,NO_PREDICTIVE_CANDIDATE,0,[],[],[],[],[],[],0.03,,4,,,,,,,False,scenario3,9,2066479137376,False,,0,0
16,6,Marsch,38,0.2222222222222222,NO_PREDICTIVE_CANDIDATE,0,[],[],[],[],[],[],0.03,,5,,,,,,,False,scenario3,7,2066479070864,False,,0,0
16,6,Marsch,82,0.2777777777777778,NO_PREDICTIVE_CANDIDATE,0,[],[],[],[],[],[],0.03,,6,,,,,,,False,scenario3,3,2066479070144,False,,0,0
16,6,Marsch,19,0.3333333333333333,NO_PREDICTIVE_CANDIDATE,0,[],[],[],[],[],[],0.03,,7,,,,,,,False,scenario3,2,2066479068848,False,,0,0
16,6,Marsch,99,0.3888888888888889,NO_PREDICTIVE_CANDIDATE,0,[],[],[],[],[],[],0.03,,8,,,,,,,False,scenario3,2,2066479068128,False,,0,0
16,6,Marsch,22,0.4444444444444444,NO_PREDICTIVE_CANDIDATE,0,[],[],[],[],[],[],0.03,,9,,,,,,,False,scenario3,9,2066479066832,False,,0,0
16,6,Marsch,7,0.5,NO_PREDICTIVE_CANDIDATE,0,[],[],[],[],[],[],0.03,,10,,,,,,,False,scenario3,2,2066479066112,False,,0,0
16,7,",",9,0.0,NO_PREDICTIVE_CANDIDATE,0,[],[],[],[],[],[],0.03,,1,,,,,,,False,scenario3,1,2066479088176,False,,0,0
16,7,",",10,0.05555555555555555,NO_PREDICTIVE_CANDIDATE,0,[],[],[],[],[],[],0.03,,2,,,,,,,False,scenario3,9,2066478819248,False,,0,0
16,7,",",11,0.1111111111111111,NO_PREDICTIVE_CANDIDATE,0,[],[],[],[],[],[],0.03,,3,,,,,,,False,scenario3,1,2066478820880,False,,0,0
16,7,",",81,0.16666666666666666,NO_PREDICTIVE_CANDIDATE,0,[],[],[],[],[],[],0.03,,4,,,,,,,False,scenario3,9,2066478820736,False,,0,0
16,7,",",14,0.2222222222222222,NO_PREDICTIVE_CANDIDATE,0,[],[],[],[],[],[],0.03,,5,,,,,,,False,scenario3,5,2066478825392,False,,0,0
16,7,",",32,0.2777777777777778,NO_PREDICTIVE_CANDIDATE,0,[],[],[],[],[],[],0.03,,6,,,,,,,False,scenario3,6,2066478422096,False,,0,0
16,7,",",53,0.3333333333333333,NO_PREDICTIVE_CANDIDATE,0,[],[],[],[],[],[],0.03,,7,,,,,,,False,scenario3,1,2066478423488,False,,0,0
16,7,",",93,0.3888888888888889,NO_PREDICTIVE_CANDIDATE,0,[],[],[],[],[],[],0.03,,8,,,,,,,False,scenario3,7,2066478423440,False,,0,0
16,7,",",42,0.4444444444444444,NO_PREDICTIVE_CANDIDATE,0,[],[],[],[],[],[],0.03,,9,,,,,,,False,scenario3,7,2066478425504,False,,0,0
16,7,",",49,0.5,NO_PREDICTIVE_CANDIDATE,0,[],[],[],[],[],[],0.03,,10,,,,,,,False,scenario3,7,2066478424832,False,,0,0
16,8,but,18,0.0,UNIQUE_PREDICTIVE_CANDIDATE,1,[2],[2066465657808],[0.2837445746527778],[1.4915337916166307],"[""PREDICTIVE_CANDIDATE_WITH_SOMA_TIME""]",[false],0.03,40,1,False,2,2066465657808,0.2837445746527778,0.2837445746527778,0.2837445746527778,True,scenario3,0,2066482669248,True,PROXIMAL_TIME_MISMATCH,61,61
16,8,but,31,0.05555555555555555,UNIQUE_PREDICTIVE_CANDIDATE,1,[1],[2066471649984],[0.17278116861979176],[1.4617031157842983],"[""PREDICTIVE_CANDIDATE_WITH_SOMA_TIME""]",[false],0.03,14,2,False,1,2066471649984,0.17278116861979176,0.1172256130642362,0.1172256130642362,True,scenario3,4,2066482665696,True,PROXIMAL_TIME_MISMATCH,61,61
16,8,but,77,0.1111111111111111,UNIQUE_PREDICTIVE_CANDIDATE,1,[2],[2066461115792],[0.28496649848090283],[1.2827190607903025],"[""PREDICTIVE_CANDIDATE_WITH_SOMA_TIME""]",[false],0.03,55,3,False,2,2066461115792,0.28496649848090283,0.17385538736979173,0.17385538736979173,True,scenario3,0,2066482663920,True,PROXIMAL_TIME_MISMATCH,61,61
16,8,but,90,0.16666666666666666,UNIQUE_PREDICTIVE_CANDIDATE,1,[2],[2066466065920],[0.5067907714843642],[1.342380412454968],"[""PREDICTIVE_CANDIDATE_WITH_SOMA_TIME""]",[false],0.03,53,4,False,2,2066466065920,0.5067907714843642,0.3401241048176976,0.3401241048176976,True,scenario3,7,2066482661424,True,PROXIMAL_TIME_MISMATCH,61,61
16,8,but,14,0.2222222222222222,UNIQUE_PREDICTIVE_CANDIDATE,1,[7],[2066461119200],[0.11829983181423631],[1.2827190607903025],"[""PREDICTIVE_CANDIDATE_WITH_SOMA_TIME""]",[false],0.03,52,5,False,7,2066461119200,0.11829983181423631,-0.1039223904079859,0.1039223904079859,True,scenario2,0,2066460223408,True,PROXIMAL_TIME_MISMATCH,61,61
16,8,but,6,0.2777777777777778,UNIQUE_PREDICTIVE_CANDIDATE,1,[3],[2066460225424],[0.1185183376736112],[1.25288838495797],"[""PREDICTIVE_CANDIDATE_WITH_SOMA_TIME""]",[false],0.03,61,6,False,3,2066460225424,0.1185183376736112,-0.1592594401041666,0.1592594401041666,True,scenario3,3,2066482638592,True,PROXIMAL_TIME_MISMATCH,61,61
16,8,but,79,0.3333333333333333,NO_PREDICTIVE_CANDIDATE,0,[],[],[],[],[],[],0.03,,7,,,,,,,False,scenario3,9,2066482637680,False,,61,61
16,8,but,53,0.3888888888888889,NO_PREDICTIVE_CANDIDATE,0,[],[],[],[],[],[],0.03,,8,,,,,,,False,scenario3,3,2066482632064,False,,61,61
16,8,but,58,0.4444444444444444,UNIQUE_PREDICTIVE_CANDIDATE,1,[7],[2066425941792],[0.17455240885416656],[1.1932270332933046],"[""PREDICTIVE_CANDIDATE_WITH_SOMA_TIME""]",[false],0.03,29,9,False,7,2066425941792,0.17455240885416656,-0.26989203559027786,0.26989203559027786,True,scenario3,0,2066482630480,True,PROXIMAL_TIME_MISMATCH,61,61
16,8,but,15,0.5,NO_PREDICTIVE_CANDIDATE,0,[],[],[],[],[],[],0.03,,10,,,,,,,False,scenario3,0,2066482627744,False,,61,61
16,9,no,89,0.0,NO_PREDICTIVE_CANDIDATE,0,[],[],[],[],[],[],0.03,,1,,,,,,,False,scenario3,5,2066478427184,False,,12,12
16,9,no,66,0.05555555555555555,NO_PREDICTIVE_CANDIDATE,0,[],[],[],[],[],[],0.03,,2,,,,,,,False,scenario3,9,2066478427568,False,,12,12
16,9,no,64,0.1111111111111111,NO_PREDICTIVE_CANDIDATE,0,[],[],[],[],[],[],0.03,,3,,,,,,,False,scenario3,5,2066478429536,False,,12,12
16,9,no,78,0.16666666666666666,NO_PREDICTIVE_CANDIDATE,0,[],[],[],[],[],[],0.03,,4,,,,,,,False,scenario3,5,2066478429104,False,,12,12
16,9,no,96,0.2222222222222222,NO_PREDICTIVE_CANDIDATE,0,[],[],[],[],[],[],0.03,,5,,,,,,,False,scenario3,7,2066478431024,False,,12,12
16,9,no,20,0.2777777777777778,NO_PREDICTIVE_CANDIDATE,0,[],[],[],[],[],[],0.03,,6,,,,,,,False,scenario3,5,2066479059296,False,,12,12
16,9,no,50,0.3333333333333333,NO_PREDICTIVE_CANDIDATE,0,[],[],[],[],[],[],0.03,,7,,,,,,,False,scenario3,0,2066479057520,False,,12,12
16,9,no,28,0.3888888888888889,NO_PREDICTIVE_CANDIDATE,0,[],[],[],[],[],[],0.03,,8,,,,,,,False,scenario3,1,2066479057376,False,,12,12
16,9,no,11,0.4444444444444444,NO_PREDICTIVE_CANDIDATE,0,[],[],[],[],[],[],0.03,,9,,,,,,,False,scenario3,0,2066479055504,False,,12,12
16,9,no,52,0.5,NO_PREDICTIVE_CANDIDATE,0,[],[],[],[],[],[],0.03,,10,,,,,,,False,scenario3,6,2066479055360,False,,12,12
17,0,For,96,0.0,NO_PREDICTIVE_CANDIDATE,0,[],[],[],[],[],[],0.03,,1,,,,,,,False,scenario3,0,,False,,0,0
17,0,For,58,0.05555555555555555,NO_PREDICTIVE_CANDIDATE,0,[],[],[],[],[],[],0.03,,2,,,,,,,False,scenario3,5,,False,,0,0
17,0,For,2,0.1111111111111111,NO_PREDICTIVE_CANDIDATE,0,[],[],[],[],[],[],0.03,,3,,,,,,,False,scenario3,4,,False,,0,0
17,0,For,74,0.16666666666666666,NO_PREDICTIVE_CANDIDATE,0,[],[],[],[],[],[],0.03,,4,,,,,,,False,scenario3,8,,False,,0,0
17,0,For,61,0.2222222222222222,NO_PREDICTIVE_CANDIDATE,0,[],[],[],[],[],[],0.03,,5,,,,,,,False,scenario3,6,,False,,0,0
17,0,For,4,0.2777777777777778,NO_PREDICTIVE_CANDIDATE,0,[],[],[],[],[],[],0.03,,6,,,,,,,False,scenario3,8,,False,,0,0
17,0,For,40,0.3333333333333333,NO_PREDICTIVE_CANDIDATE,0,[],[],[],[],[],[],0.03,,7,,,,,,,False,scenario3,8,,False,,0,0
17,0,For,13,0.3888888888888889,NO_PREDICTIVE_CANDIDATE,0,[],[],[],[],[],[],0.03,,8,,,,,,,False,scenario3,8,,False,,0,0
17,0,For,25,0.4444444444444444,NO_PREDICTIVE_CANDIDATE,0,[],[],[],[],[],[],0.03,,9,,,,,,,False,scenario3,8,,False,,0,0
17,0,For,23,0.5,NO_PREDICTIVE_CANDIDATE,0,[],[],[],[],[],[],0.03,,10,,,,,,,False,scenario3,3,,False,,0,0
17,1,he,54,0.0,NO_PREDICTIVE_CANDIDATE,0,[],[],[],[],[],[],0.03,,1,,,,,,,False,scenario3,9,2066482673088,False,,0,0
17,1,he,92,0.05555555555555555,NO_PREDICTIVE_CANDIDATE,0,[],[],[],[],[],[],0.03,,2,,,,,,,False,scenario3,4,2066482672176,False,,0,0
17,1,he,61,0.1111111111111111,NO_PREDICTIVE_CANDIDATE,0,[],[],[],[],[],[],0.03,,3,,,,,,,False,scenario3,7,2066482671264,False,,0,0
17,1,he,32,0.16666666666666666,NO_PREDICTIVE_CANDIDATE,0,[],[],[],[],[],[],0.03,,4,,,,,,,False,scenario3,8,2066482667952,False,,0,0
17,1,he,96,0.2222222222222222,NO_PREDICTIVE_CANDIDATE,0,[],[],[],[],[],[],0.03,,5,,,,,,,False,scenario3,7,2066482666560,False,,0,0
17,1,he,31,0.2777777777777778,NO_PREDICTIVE_CANDIDATE,0,[],[],[],[],[],[],0.03,,6,,,,,,,False,scenario3,5,2066482662288,False,,0,0
17,1,he,5,0.3333333333333333,NO_PREDICTIVE_CANDIDATE,0,[],[],[],[],[],[],0.03,,7,,,,,,,False,scenario3,4,2066482660512,False,,0,0
17,1,he,66,0.3888888888888889,NO_PREDICTIVE_CANDIDATE,0,[],[],[],[],[],[],0.03,,8,,,,,,,False,scenario3,7,2066482665360,False,,0,0
17,1,he,12,0.4444444444444444,NO_PREDICTIVE_CANDIDATE,0,[],[],[],[],[],[],0.03,,9,,,,,,,False,scenario3,9,2066482673952,False,,0,0
17,1,he,59,0.5,NO_PREDICTIVE_CANDIDATE,0,[],[],[],[],[],[],0.03,,10,,,,,,,False,scenario3,4,2066482641808,False,,0,0
17,2,wished,45,0.0,NO_PREDICTIVE_CANDIDATE,0,[],[],[],[],[],[],0.03,,1,,,,,,,False,scenario3,0,2066479061168,False,,10,10
17,2,wished,27,0.05555555555555555,NO_PREDICTIVE_CANDIDATE,0,[],[],[],[],[],[],0.03,,2,,,,,,,False,scenario3,4,2066479063328,False,,10,10
17,2,wished,75,0.1111111111111111,NO_PREDICTIVE_CANDIDATE,0,[],[],[],[],[],[],0.03,,3,,,,,,,False,scenario3,7,2066479063184,False,,10,10
17,2,wished,30,0.16666666666666666,NO_PREDICTIVE_CANDIDATE,0,[],[],[],[],[],[],0.03,,4,,,,,,,False,scenario3,7,2066479065344,False,,10,10
17,2,wished,76,0.2222222222222222,UNIQUE_PREDICTIVE_CANDIDATE,1,[2],[2066471506416],[0.11707790798611128],[1.4915337916166307],"[""PREDICTIVE_CANDIDATE_WITH_SOMA_TIME""]",[false],0.03,3,5,False,2,2066471506416,0.11707790798611128,-0.10514431423611093,0.10514431423611093,True,scenario3,5,2066479054928,True,PROXIMAL_TIME_MISMATCH,10,10
17,2,wished,91,0.2777777777777778,NO_PREDICTIVE_CANDIDATE,0,[],[],[],[],[],[],0.03,,6,,,,,,,False,scenario3,2,2066482640464,False,,10,10
17,2,wished,60,0.3333333333333333,NO_PREDICTIVE_CANDIDATE,0,[],[],[],[],[],[],0.03,,7,,,,,,,False,scenario3,6,2066482640320,False,,10,10
17,2,wished,65,0.3888888888888889,NO_PREDICTIVE_CANDIDATE,0,[],[],[],[],[],[],0.03,,8,,,,,,,False,scenario3,4,2066482626928,False,,10,10
17,2,wished,28,0.4444444444444444,NO_PREDICTIVE_CANDIDATE,0,[],[],[],[],[],[],0.03,,9,,,,,,,False,scenario3,5,2066482626832,False,,10,10
17,2,wished,56,0.5,NO_PREDICTIVE_CANDIDATE,0,[],[],[],[],[],[],0.03,,10,,,,,,,False,scenario3,2,2066482631008,False,,10,10
17,3,to,60,0.0,NO_PREDICTIVE_CANDIDATE,0,[],[],[],[],[],[],0.03,,1,,,,,,,False,scenario3,3,2066482640032,False,,0,0
17,3,to,48,0.05555555555555555,NO_PREDICTIVE_CANDIDATE,0,[],[],[],[],[],[],0.03,,2,,,,,,,False,scenario3,1,2066482639504,False,,0,0
17,3,to,90,0.1111111111111111,NO_PREDICTIVE_CANDIDATE,0,[],[],[],[],[],[],0.03,,3,,,,,,,False,scenario3,1,2066482633024,False,,0,0
17,3,to,50,0.16666666666666666,NO_PREDICTIVE_CANDIDATE,0,[],[],[],[],[],[],0.03,,4,,,,,,,False,scenario3,4,2066482633360,False,,0,0
17,3,to,53,0.2222222222222222,NO_PREDICTIVE_CANDIDATE,0,[],[],[],[],[],[],0.03,,5,,,,,,,False,scenario3,8,2066479061216,False,,0,0
17,3,to,9,0.2777777777777778,NO_PREDICTIVE_CANDIDATE,0,[],[],[],[],[],[],0.03,,6,,,,,,,False,scenario3,8,2066479203392,False,,0,0
17,3,to,72,0.3333333333333333,NO_PREDICTIVE_CANDIDATE,0,[],[],[],[],[],[],0.03,,7,,,,,,,False,scenario3,5,2066479204400,False,,0,0
17,3,to,80,0.3888888888888889,NO_PREDICTIVE_CANDIDATE,0,[],[],[],[],[],[],0.03,,8,,,,,,,False,scenario3,9,2066479205408,False,,0,0
17,3,to,25,0.4444444444444444,NO_PREDICTIVE_CANDIDATE,0,[],[],[],[],[],[],0.03,,9,,,,,,,False,scenario3,2,2066479206416,False,,0,0
17,3,to,99,0.5,NO_PREDICTIVE_CANDIDATE,0,[],[],[],[],[],[],0.03,,10,,,,,,,False,scenario3,3,2066479207424,False,,0,0
17,4,challenge,23,0.0,NO_PREDICTIVE_CANDIDATE,0,[],[],[],[],[],[],0.03,,1,,,,,,,False,scenario3,3,2066479216832,False,,10,10
17,4,challenge,35,0.05555555555555555,NO_PREDICTIVE_CANDIDATE,0,[],[],[],[],[],[],0.03,,2,,,,,,,False,scenario3,4,2066479216112,False,,10,10
17,4,challenge,51,0.1111111111111111,NO_PREDICTIVE_CANDIDATE,0,[],[],[],[],[],[],0.03,,3,,,,,,,False,scenario3,7,2066479214816,False,,10,10
17,4,challenge,22,0.16666666666666666,NO_PREDICTIVE_CANDIDATE,0,[],[],[],[],[],[],0.03,,4,,,,,,,False,scenario3,0,2066479214096,False,,10,10
17,4,challenge,96,0.2222222222222222,NO_PREDICTIVE_CANDIDATE,0,[],[],[],[],[],[],0.03,,5,,,,,,,False,scenario3,9,2066479212800,False,,10,10
17,4,challenge,39,0.2777777777777778,UNIQUE_PREDICTIVE_CANDIDATE,1,[2],[2066402365264],[0.2270281304253472],[1.0345718485758548],"[""PREDICTIVE_CANDIDATE_WITH_SOMA_TIME""]",[false],0.03,5,6,False,2,2066402365264,0.2270281304253472,-0.050749647352430594,0.050749647352430594,True,scenario3,9,2066479211696,True,PROXIMAL_TIME_MISMATCH,10,10
17,4,challenge,80,0.3333333333333333,NO_PREDICTIVE_CANDIDATE,0,[],[],[],[],[],[],0.03,,7,,,,,,,False,scenario3,4,2066479210400,False,,10,10
17,4,challenge,70,0.3888888888888889,NO_PREDICTIVE_CANDIDATE,0,[],[],[],[],[],[],0.03,,8,,,,,,,False,scenario3,2,2066479209680,False,,10,10
17,4,challenge,61,0.4444444444444444,NO_PREDICTIVE_CANDIDATE,0,[],[],[],[],[],[],0.03,,9,,,,,,,False,scenario3,5,2066479208384,False,,10,10
17,4,challenge,33,0.5,NO_PREDICTIVE_CANDIDATE,0,[],[],[],[],[],[],0.03,,10,,,,,,,False,scenario3,2,2066479207664,False,,10,10
17,5,the,63,0.0,NO_PREDICTIVE_CANDIDATE,0,[],[],[],[],[],[],0.03,,1,,,,,,,False,scenario3,8,2066479153952,False,,0,0
17,5,the,99,0.05555555555555555,NO_PREDICTIVE_CANDIDATE,0,[],[],[],[],[],[],0.03,,2,,,,,,,False,scenario3,7,2066479154960,False,,0,0
17,5,the,78,0.1111111111111111,NO_PREDICTIVE_CANDIDATE,0,[],[],[],[],[],[],0.03,,3,,,,,,,False,scenario3,2,2066479155968,False,,0,0
17,5,the,84,0.16666666666666666,NO_PREDICTIVE_CANDIDATE,0,[],[],[],[],[],[],0.03,,4,,,,,,,False,scenario3,4,2066479156976,False,,0,0
17,5,the,62,0.2222222222222222,NO_PREDICTIVE_CANDIDATE,0,[],[],[],[],[],[],0.03,,5,,,,,,,False,scenario3,8,2066479157984,False,,0,0
17,5,the,32,0.2777777777777778,NO_PREDICTIVE_CANDIDATE,0,[],[],[],[],[],[],0.03,,6,,,,,,,False,scenario3,0,2066479158992,False,,0,0
17,5,the,1,0.3333333333333333,NO_PREDICTIVE_CANDIDATE,0,[],[],[],[],[],[],0.03,,7,,,,,,,False,scenario3,6,2066479160000,False,,0,0
17,5,the,47,0.3888888888888889,NO_PREDICTIVE_CANDIDATE,0,[],[],[],[],[],[],0.03,,8,,,,,,,False,scenario3,3,2066479161008,False,,0,0
17,5,the,38,0.4444444444444444,NO_PREDICTIVE_CANDIDATE,0,[],[],[],[],[],[],0.03,,9,,,,,,,False,scenario3,8,2066479162016,False,,0,0
17,5,the,18,0.5,NO_PREDICTIVE_CANDIDATE,0,[],[],[],[],[],[],0.03,,10,,,,,,,False,scenario3,1,2066479163024,False,,0,0
17,6,Spirit,62,0.0,UNIQUE_PREDICTIVE_CANDIDATE,1,[6],[2066474436896],[0.22818901909722222],[1.4915337916166307],"[""PREDICTIVE_CANDIDATE_WITH_SOMA_TIME""]",[false],0.03,5,1,False,6,2066474436896,0.22818901909722222,0.22818901909722222,0.22818901909722222,True,scenario3,5,2066483095424,True,PROXIMAL_TIME_MISMATCH,27,27
17,6,Spirit,51,0.05555555555555555,NO_PREDICTIVE_CANDIDATE,0,[],[],[],[],[],[],0.03,,2,,,,,,,False,scenario3,3,2066483094128,False,,27,27
17,6,Spirit,43,0.1111111111111111,UNIQUE_PREDICTIVE_CANDIDATE,1,[7],[2066426159680],[0.33960408528645836],[1.431872439951966],"[""PREDICTIVE_CANDIDATE_WITH_SOMA_TIME""]",[false],0.03,17,3,False,7,2066426159680,0.33960408528645836,0.22849297417534725,0.22849297417534725,True,scenario3,9,2066483093024,True,PROXIMAL_TIME_MISMATCH,27,27
17,6,Spirit,84,0.16666666666666666,UNIQUE_PREDICTIVE_CANDIDATE,1,[5],[2066426158960],[0.3949999999999916],[1.431872439951966],"[""PREDICTIVE_CANDIDATE_WITH_SOMA_TIME""]",[false],0.03,18,4,False,5,2066426158960,0.3949999999999916,0.22833333333332492,0.22833333333332492,True,scenario3,5,2066483091344,True,PROXIMAL_TIME_MISMATCH,27,27
17,6,Spirit,70,0.2222222222222222,NO_PREDICTIVE_CANDIDATE,0,[],[],[],[],[],[],0.03,,5,,,,,,,False,scenario3,0,2066483090624,False,,27,27
17,6,Spirit,98,0.2777777777777778,NO_PREDICTIVE_CANDIDATE,0,[],[],[],[],[],[],0.03,,6,,,,,,,False,scenario3,4,2066483089328,False,,27,27
17,6,Spirit,11,0.3333333333333333,NO_PREDICTIVE_CANDIDATE,0,[],[],[],[],[],[],0.03,,7,,,,,,,False,scenario3,7,2066483088608,False,,27,27
17,6,Spirit,61,0.3888888888888889,NO_PREDICTIVE_CANDIDATE,0,[],[],[],[],[],[],0.03,,8,,,,,,,False,scenario3,1,2066483087312,False,,27,27
17,6,Spirit,28,0.4444444444444444,NO_PREDICTIVE_CANDIDATE,0,[],[],[],[],[],[],0.03,,9,,,,,,,False,scenario3,3,2066483086592,False,,27,27
17,6,Spirit,6,0.5,NO_PREDICTIVE_CANDIDATE,0,[],[],[],[],[],[],0.03,,10,,,,,,,False,scenario3,6,2066483085536,False,,27,27
17,7,on,8,0.0,NO_PREDICTIVE_CANDIDATE,0,[],[],[],[],[],[],0.03,,1,,,,,,,False,scenario3,2,2066479164416,False,,0,0
17,7,on,35,0.05555555555555555,NO_PREDICTIVE_CANDIDATE,0,[],[],[],[],[],[],0.03,,2,,,,,,,False,scenario3,7,2066479164848,False,,0,0
17,7,on,21,0.1111111111111111,NO_PREDICTIVE_CANDIDATE,0,[],[],[],[],[],[],0.03,,3,,,,,,,False,scenario3,5,2066479166432,False,,0,0
17,7,on,14,0.16666666666666666,NO_PREDICTIVE_CANDIDATE,0,[],[],[],[],[],[],0.03,,4,,,,,,,False,scenario3,1,2066479166864,False,,0,0
17,7,on,57,0.2222222222222222,NO_PREDICTIVE_CANDIDATE,0,[],[],[],[],[],[],0.03,,5,,,,,,,False,scenario3,4,2066479168448,False,,0,0
17,7,on,60,0.2777777777777778,NO_PREDICTIVE_CANDIDATE,0,[],[],[],[],[],[],0.03,,6,,,,,,,False,scenario3,1,2066479168880,False,,0,0
17,7,on,27,0.3333333333333333,NO_PREDICTIVE_CANDIDATE,0,[],[],[],[],[],[],0.03,,7,,,,,,,False,scenario3,6,2066483097680,False,,0,0
17,7,on,52,0.3888888888888889,NO_PREDICTIVE_CANDIDATE,0,[],[],[],[],[],[],0.03,,8,,,,,,,False,scenario3,2,2066483098784,False,,0,0
17,7,on,48,0.4444444444444444,NO_PREDICTIVE_CANDIDATE,0,[],[],[],[],[],[],0.03,,9,,,,,,,False,scenario3,8,2066483100368,False,,0,0
17,7,on,80,0.5,NO_PREDICTIVE_CANDIDATE,0,[],[],[],[],[],[],0.03,,10,,,,,,,False,scenario3,7,2066483100608,False,,0,0
17,8,the,63,0.0,NO_PREDICTIVE_CANDIDATE,0,[],[],[],[],[],[],0.03,,1,,,,,,,False,scenario3,6,2066482770528,False,,19,19
17,8,the,99,0.05555555555555555,NO_PREDICTIVE_CANDIDATE,0,[],[],[],[],[],[],0.03,,2,,,,,,,False,scenario3,5,2066482769808,False,,19,19
17,8,the,78,0.1111111111111111,NO_PREDICTIVE_CANDIDATE,0,[],[],[],[],[],[],0.03,,3,,,,,,,False,scenario3,8,2066482768512,False,,19,19
17,8,the,84,0.16666666666666666,NO_PREDICTIVE_CANDIDATE,0,[],[],[],[],[],[],0.03,,4,,,,,,,False,scenario3,9,2066482767792,False,,19,19
17,8,the,62,0.2222222222222222,UNIQUE_PREDICTIVE_CANDIDATE,1,[0],[2066478631200],[0.5059667968749892],[1.4915337916166307],"[""PREDICTIVE_CANDIDATE_WITH_SOMA_TIME""]",[false],0.03,19,5,False,0,2066478631200,0.5059667968749892,0.28374457465276703,0.28374457465276703,True,scenario3,7,2066482766112,True,PROXIMAL_TIME_MISMATCH,19,19
17,8,the,32,0.2777777777777778,UNIQUE_PREDICTIVE_CANDIDATE,1,[3],[2066426304208],[0.2838922797309029],[1.4617031157842983],"[""PREDICTIVE_CANDIDATE_WITH_SOMA_TIME""]",[true],0.03,6,6,True,3,2066426304208,0.2838922797309029,0.006114501953125129,0.006114501953125129,False,scenario1,3,2066426304208,False,,19,19
17,8,the,1,0.3333333333333333,NO_PREDICTIVE_CANDIDATE,0,[],[],[],[],[],[],0.03,,7,,,,,,,False,scenario3,2,2066482765008,False,,19,19
17,8,the,47,0.3888888888888889,NO_PREDICTIVE_CANDIDATE,0,[],[],[],[],[],[],0.03,,8,,,,,,,False,scenario3,6,2066482763712,False,,19,19
17,8,the,38,0.4444444444444444,NO_PREDICTIVE_CANDIDATE,0,[],[],[],[],[],[],0.03,,9,,,,,,,False,scenario3,0,2066482762992,False,,19,19
17,8,the,18,0.5,UNIQUE_PREDICTIVE_CANDIDATE,1,[8],[2066478717488],[0.11707790798611128],[1.4915337916166307],"[""PREDICTIVE_CANDIDATE_WITH_SOMA_TIME""]",[false],0.03,12,10,False,8,2066478717488,0.11707790798611128,-0.3829220920138887,0.3829220920138887,True,scenario3,7,2066482761312,True,PROXIMAL_TIME_MISMATCH,19,19
17,9,moment,27,0.0,NO_PREDICTIVE_CANDIDATE,0,[],[],[],[],[],[],0.03,,1,,,,,,,False,scenario3,7,2066483059440,False,,34,34
17,9,moment,26,0.05555555555555555,NO_PREDICTIVE_CANDIDATE,0,[],[],[],[],[],[],0.03,,2,,,,,,,False,scenario3,6,2066483053296,False,,34,34
17,9,moment,95,0.1111111111111111,NO_PREDICTIVE_CANDIDATE,0,[],[],[],[],[],[],0.03,,3,,,,,,,False,scenario3,7,2066483230912,False,,34,34
17,9,moment,2,0.16666666666666666,NO_PREDICTIVE_CANDIDATE,0,[],[],[],[],[],[],0.03,,4,,,,,,,False,scenario3,7,2066483229616,False,,34,34
17,9,moment,8,0.2222222222222222,NO_PREDICTIVE_CANDIDATE,0,[],[],[],[],[],[],0.03,,5,,,,,,,False,scenario3,3,2066483228560,False,,34,34
17,9,moment,34,0.2777777777777778,NO_PREDICTIVE_CANDIDATE,0,[],[],[],[],[],[],0.03,,6,,,,,,,False,scenario3,0,2066483227504,False,,34,34
17,9,moment,52,0.3333333333333333,NO_PREDICTIVE_CANDIDATE,0,[],[],[],[],[],[],0.03,,7,,,,,,,False,scenario3,0,2066483226448,False,,34,34
17,9,moment,57,0.3888888888888889,UNIQUE_PREDICTIVE_CANDIDATE,1,[7],[2066426409424],[0.33999999999999275],[1.2886851959567693],"[""PREDICTIVE_CANDIDATE_WITH_SOMA_TIME""]",[false],0.03,24,8,False,7,2066426409424,0.33999999999999275,-0.04888888888889614,0.04888888888889614,True,scenario3,2,2066483225248,True,PROXIMAL_TIME_MISMATCH,34,34
17,9,moment,31,0.4444444444444444,NO_PREDICTIVE_CANDIDATE,0,[],[],[],[],[],[],0.03,,9,,,,,,,False,scenario3,0,2066483224192,False,,34,34
17,9,moment,7,0.5,NO_PREDICTIVE_CANDIDATE,0,[],[],[],[],[],[],0.03,,10,,,,,,,False,scenario3,3,2066483222896,False,,34,34
18,0,`,51,0.0,NO_PREDICTIVE_CANDIDATE,0,[],[],[],[],[],[],0.03,,1,,,,,,,False,scenario3,9,,False,,0,0
18,0,`,69,0.05555555555555555,NO_PREDICTIVE_CANDIDATE,0,[],[],[],[],[],[],0.03,,2,,,,,,,False,scenario3,7,,False,,0,0
18,0,`,72,0.1111111111111111,NO_PREDICTIVE_CANDIDATE,0,[],[],[],[],[],[],0.03,,3,,,,,,,False,scenario3,7,,False,,0,0
18,0,`,15,0.16666666666666666,NO_PREDICTIVE_CANDIDATE,0,[],[],[],[],[],[],0.03,,4,,,,,,,False,scenario3,6,,False,,0,0
18,0,`,62,0.2222222222222222,NO_PREDICTIVE_CANDIDATE,0,[],[],[],[],[],[],0.03,,5,,,,,,,False,scenario3,5,,False,,0,0
18,0,`,11,0.2777777777777778,NO_PREDICTIVE_CANDIDATE,0,[],[],[],[],[],[],0.03,,6,,,,,,,False,scenario3,5,,False,,0,0
18,0,`,88,0.3333333333333333,NO_PREDICTIVE_CANDIDATE,0,[],[],[],[],[],[],0.03,,7,,,,,,,False,scenario3,3,,False,,0,0
18,0,`,21,0.3888888888888889,NO_PREDICTIVE_CANDIDATE,0,[],[],[],[],[],[],0.03,,8,,,,,,,False,scenario3,2,,False,,0,0
18,0,`,8,0.4444444444444444,NO_PREDICTIVE_CANDIDATE,0,[],[],[],[],[],[],0.03,,9,,,,,,,False,scenario3,8,,False,,0,0
18,0,`,68,0.5,NO_PREDICTIVE_CANDIDATE,0,[],[],[],[],[],[],0.03,,10,,,,,,,False,scenario3,1,,False,,0,0
18,1,Shall,27,0.0,NO_PREDICTIVE_CANDIDATE,0,[],[],[],[],[],[],0.03,,1,,,,,,,False,scenario3,0,2066482946672,False,,20,20
18,1,Shall,17,0.05555555555555555,UNIQUE_PREDICTIVE_CANDIDATE,1,[1],[2066471463360],[0.061522352430555705],[1.4915337916166307],"[""PREDICTIVE_CANDIDATE_WITH_SOMA_TIME""]",[true],0.03,12,2,False,1,2066471463360,0.061522352430555705,0.005966796875000152,0.005966796875000152,False,scenario1,1,2066471463360,False,,20,20
18,1,Shall,49,0.1111111111111111,NO_PREDICTIVE_CANDIDATE,0,[],[],[],[],[],[],0.03,,3,,,,,,,False,scenario3,4,2066482944992,False,,20,20
18,1,Shall,67,0.16666666666666666,UNIQUE_PREDICTIVE_CANDIDATE,1,[8],[2066471464656],[0.004999999999999893],[1.4915337916166307],"[""PREDICTIVE_CANDIDATE_WITH_SOMA_TIME""]",[false],0.03,11,4,False,8,2066471464656,0.004999999999999893,-0.16166666666666676,0.16166666666666676,True,scenario3,0,2066482943888,True,PROXIMAL_TIME_MISMATCH,20,20
18,1,Shall,66,0.2222222222222222,NO_PREDICTIVE_CANDIDATE,0,[],[],[],[],[],[],0.03,,5,,,,,,,False,scenario3,8,2066482942832,False,,20,20
18,1,Shall,99,0.2777777777777778,NO_PREDICTIVE_CANDIDATE,0,[],[],[],[],[],[],0.03,,6,,,,,,,False,scenario3,6,2066482941536,False,,20,20
18,1,Shall,35,0.3333333333333333,NO_PREDICTIVE_CANDIDATE,0,[],[],[],[],[],[],0.03,,7,,,,,,,False,scenario3,8,2066482940816,False,,20,20
18,1,Shall,7,0.3888888888888889,NO_PREDICTIVE_CANDIDATE,0,[],[],[],[],[],[],0.03,,8,,,,,,,False,scenario3,0,2066482939424,False,,20,20
18,1,Shall,84,0.4444444444444444,NO_PREDICTIVE_CANDIDATE,0,[],[],[],[],[],[],0.03,,9,,,,,,,False,scenario3,0,2066482938704,False,,20,20
18,1,Shall,30,0.5,UNIQUE_PREDICTIVE_CANDIDATE,1,[4],[2066471458848],[0.2837445746527778],[1.4915337916166307],"[""PREDICTIVE_CANDIDATE_WITH_SOMA_TIME""]",[false],0.03,15,10,False,4,2066471458848,0.2837445746527778,-0.2162554253472222,0.2162554253472222,True,scenario3,0,2066482772832,True,PROXIMAL_TIME_MISMATCH,20,20
18,2,I,78,0.0,NO_PREDICTIVE_CANDIDATE,0,[],[],[],[],[],[],0.03,,1,,,,,,,False,scenario3,8,2066483067504,False,,0,0
18,2,I,23,0.05555555555555555,NO_PREDICTIVE_CANDIDATE,0,[],[],[],[],[],[],0.03,,2,,,,,,,False,scenario3,5,2066483066784,False,,0,0
18,2,I,12,0.1111111111111111,NO_PREDICTIVE_CANDIDATE,0,[],[],[],[],[],[],0.03,,3,,,,,,,False,scenario3,2,2066483063952,False,,0,0
18,2,I,57,0.16666666666666666,NO_PREDICTIVE_CANDIDATE,0,[],[],[],[],[],[],0.03,,4,,,,,,,False,scenario3,8,2066483063232,False,,0,0
18,2,I,38,0.2222222222222222,NO_PREDICTIVE_CANDIDATE,0,[],[],[],[],[],[],0.03,,5,,,,,,,False,scenario3,5,2066483061696,False,,0,0
18,2,I,18,0.2777777777777778,NO_PREDICTIVE_CANDIDATE,0,[],[],[],[],[],[],0.03,,6,,,,,,,False,scenario3,9,2066483059728,False,,0,0
18,2,I,11,0.3333333333333333,NO_PREDICTIVE_CANDIDATE,0,[],[],[],[],[],[],0.03,,7,,,,,,,False,scenario3,8,2066483058288,False,,0,0
18,2,I,68,0.3888888888888889,NO_PREDICTIVE_CANDIDATE,0,[],[],[],[],[],[],0.03,,8,,,,,,,False,scenario3,4,2066483060544,False,,0,0
18,2,I,88,0.4444444444444444,NO_PREDICTIVE_CANDIDATE,0,[],[],[],[],[],[],0.03,,9,,,,,,,False,scenario3,6,2066483056848,False,,0,0
18,2,I,81,0.5,NO_PREDICTIVE_CANDIDATE,0,[],[],[],[],[],[],0.03,,10,,,,,,,False,scenario3,9,2066483055216,False,,0,0
18,3,never,1,0.0,UNIQUE_PREDICTIVE_CANDIDATE,1,[9],[2066486087312],[0.5064172363281143],[1.4050248317028662],"[""PREDICTIVE_CANDIDATE_WITH_SOMA_TIME""]",[false],0.03,25,1,False,9,2066486087312,0.5064172363281143,0.5064172363281143,0.5064172363281143,True,scenario3,5,2066483269168,True,PROXIMAL_TIME_MISMATCH,32,32
18,3,never,60,0.05555555555555555,UNIQUE_PREDICTIVE_CANDIDATE,1,[0],[2066479147360],[0.004999999999999893],[1.4915337916166307],"[""PREDICTIVE_CANDIDATE_WITH_SOMA_TIME""]",[false],0.03,1,2,False,0,2066479147360,0.004999999999999893,-0.05055555555555566,0.05055555555555566,True,scenario3,8,2066483149136,True,PROXIMAL_TIME_MISMATCH,32,32
18,3,never,47,0.1111111111111111,NO_PREDICTIVE_CANDIDATE,0,[],[],[],[],[],[],0.03,,3,,,,,,,False,scenario3,9,2066483146400,False,,32,32
18,3,never,57,0.16666666666666666,UNIQUE_PREDICTIVE_CANDIDATE,1,[2],[2066485982896],[0.1730839029947917],[1.4050248317028662],"[""PREDICTIVE_CANDIDATE_WITH_SOMA_TIME""]",[true],0.03,21,4,False,2,2066485982896,0.1730839029947917,0.006417236328125048,0.006417236328125048,False,scenario1,2,2066485982896,False,,32,32
18,3,never,31,0.2222222222222222,NO_PREDICTIVE_CANDIDATE,0,[],[],[],[],[],[],0.03,,5,,,,,,,False,scenario3,8,2066483145296,False,,32,32
18,3,never,91,0.2777777777777778,NO_PREDICTIVE_CANDIDATE,0,[],[],[],[],[],[],0.03,,6,,,,,,,False,scenario3,8,2066483144000,False,,32,32
18,3,never,53,0.3333333333333333,UNIQUE_PREDICTIVE_CANDIDATE,1,[5],[2066479142944],[0.22818901909722222],[1.4915337916166307],"[""PREDICTIVE_CANDIDATE_WITH_SOMA_TIME""]",[false],0.03,5,7,False,5,2066479142944,0.22818901909722222,-0.10514431423611109,0.10514431423611109,True,scenario3,9,2066483142896,True,PROXIMAL_TIME_MISMATCH,32,32
18,3,never,77,0.3888888888888889,UNIQUE_PREDICTIVE_CANDIDATE,1,[9],[2066465925280],[0.5061145019531141],[1.4617031157842983],"[""PREDICTIVE_CANDIDATE_WITH_SOMA_TIME""]",[false],0.03,32,8,False,9,2066465925280,0.5061145019531141,0.11722561306422524,0.11722561306422524,True,scenario3,8,2066483141216,True,PROXIMAL_TIME_MISMATCH,32,32
18,3,never,20,0.4444444444444444,UNIQUE_PREDICTIVE_CANDIDATE,1,[4],[2066466008064],[0.22833672417534734],[1.4617031157842983],"[""PREDICTIVE_CANDIDATE_WITH_SOMA_TIME""]",[false],0.03,15,9,False,4,2066466008064,0.22833672417534734,-0.21610772026909708,0.21610772026909708,True,scenario3,9,2066483140112,True,PROXIMAL_TIME_MISMATCH,32,32
18,3,never,98,0.5,NO_PREDICTIVE_CANDIDATE,0,[],[],[],[],[],[],0.03,,10,,,,,,,False,scenario3,7,2066483138816,False,,32,32
18,4,be,89,0.0,NO_PREDICTIVE_CANDIDATE,0,[],[],[],[],[],[],0.03,,1,,,,,,,False,scenario3,3,2066483054544,False,,0,0
18,4,be,99,0.05555555555555555,NO_PREDICTIVE_CANDIDATE,0,[],[],[],[],[],[],0.03,,2,,,,,,,False,scenario3,7,2066483052816,False,,0,0
18,4,be,2,0.1111111111111111,NO_PREDICTIVE_CANDIDATE,0,[],[],[],[],[],[],0.03,,3,,,,,,,False,scenario3,4,2066483068560,False,,0,0
18,4,be,4,0.16666666666666666,NO_PREDICTIVE_CANDIDATE,0,[],[],[],[],[],[],0.03,,4,,,,,,,False,scenario3,6,2066483231488,False,,0,0
18,4,be,24,0.2222222222222222,NO_PREDICTIVE_CANDIDATE,0,[],[],[],[],[],[],0.03,,5,,,,,,,False,scenario3,8,2066483222608,False,,0,0
18,4,be,19,0.2777777777777778,NO_PREDICTIVE_CANDIDATE,0,[],[],[],[],[],[],0.03,,6,,,,,,,False,scenario3,5,2066483221552,False,,0,0
18,4,be,29,0.3333333333333333,NO_PREDICTIVE_CANDIDATE,0,[],[],[],[],[],[],0.03,,7,,,,,,,False,scenario3,3,2066483220496,False,,0,0
18,4,be,1,0.3888888888888889,NO_PREDICTIVE_CANDIDATE,0,[],[],[],[],[],[],0.03,,8,,,,,,,False,scenario3,3,2066483219440,False,,0,0
18,4,be,87,0.4444444444444444,NO_PREDICTIVE_CANDIDATE,0,[],[],[],[],[],[],0.03,,9,,,,,,,False,scenario3,6,2066483218288,False,,0,0
18,4,be,36,0.5,NO_PREDICTIVE_CANDIDATE,0,[],[],[],[],[],[],0.03,,10,,,,,,,False,scenario3,6,2066483217232,False,,0,0
18,5,able,41,0.0,UNIQUE_PREDICTIVE_CANDIDATE,1,[0],[2066461112416],[0.004999999999999893],[1.4915337916166307],"[""PREDICTIVE_CANDIDATE_WITH_SOMA_TIME""]",[true],0.03,1,1,True,0,2066461112416,0.004999999999999893,0.004999999999999893,0.004999999999999893,False,scenario1,0,2066461112416,False,,10,10
18,5,able,18,0.05555555555555555,NO_PREDICTIVE_CANDIDATE,0,[],[],[],[],[],[],0.03,,2,,,,,,,False,scenario3,5,2066483278480,False,,10,10
18,5,able,33,0.1111111111111111,NO_PREDICTIVE_CANDIDATE,0,[],[],[],[],[],[],0.03,,3,,,,,,,False,scenario3,7,2066483277952,False,,10,10
18,5,able,66,0.16666666666666666,NO_PREDICTIVE_CANDIDATE,0,[],[],[],[],[],[],0.03,,4,,,,,,,False,scenario3,5,2066483278576,False,,10,10
18,5,able,16,0.2222222222222222,NO_PREDICTIVE_CANDIDATE,0,[],[],[],[],[],[],0.03,,5,,,,,,,False,scenario3,5,2066483273824,False,,10,10
18,5,able,81,0.2777777777777778,NO_PREDICTIVE_CANDIDATE,0,[],[],[],[],[],[],0.03,,6,,,,,,,False,scenario3,0,2066483271328,False,,10,10
18,5,able,94,0.3333333333333333,NO_PREDICTIVE_CANDIDATE,0,[],[],[],[],[],[],0.03,,7,,,,,,,False,scenario3,2,2066483270992,False,,10,10
18,5,able,79,0.3888888888888889,UNIQUE_PREDICTIVE_CANDIDATE,1,[5],[2066461134864],[0.22818901909722222],[1.4915337916166307],"[""PREDICTIVE_CANDIDATE_WITH_SOMA_TIME""]",[false],0.03,5,8,False,5,2066461134864,0.22818901909722222,-0.16069986979166667,0.16069986979166667,True,scenario3,8,2066483276608,True,PROXIMAL_TIME_MISMATCH,10,10
18,5,able,34,0.4444444444444444,NO_PREDICTIVE_CANDIDATE,0,[],[],[],[],[],[],0.03,,9,,,,,,,False,scenario3,6,2066483268208,False,,10,10
18,5,able,68,0.5,NO_PREDICTIVE_CANDIDATE,0,[],[],[],[],[],[],0.03,,10,,,,,,,False,scenario3,5,2066483267488,False,,10,10
18,6,to,60,0.0,NO_PREDICTIVE_CANDIDATE,0,[],[],[],[],[],[],0.03,,1,,,,,,,False,scenario3,2,2066483510352,False,,1,1
18,6,to,48,0.05555555555555555,NO_PREDICTIVE_CANDIDATE,0,[],[],[],[],[],[],0.03,,2,,,,,,,False,scenario3,9,2066483509632,False,,1,1
18,6,to,90,0.1111111111111111,NO_PREDICTIVE_CANDIDATE,0,[],[],[],[],[],[],0.03,,3,,,,,,,False,scenario3,2,2066483508336,False,,1,1
18,6,to,50,0.16666666666666666,NO_PREDICTIVE_CANDIDATE,0,[],[],[],[],[],[],0.03,,4,,,,,,,False,scenario3,2,2066483507280,False,,1,1
18,6,to,53,0.2222222222222222,NO_PREDICTIVE_CANDIDATE,0,[],[],[],[],[],[],0.03,,5,,,,,,,False,scenario3,5,2066483506224,False,,1,1
18,6,to,9,0.2777777777777778,NO_PREDICTIVE_CANDIDATE,0,[],[],[],[],[],[],0.03,,6,,,,,,,False,scenario3,0,2066483505168,False,,1,1
18,6,to,72,0.3333333333333333,NO_PREDICTIVE_CANDIDATE,0,[],[],[],[],[],[],0.03,,7,,,,,,,False,scenario3,3,2066483495184,False,,1,1
18,6,to,80,0.3888888888888889,UNIQUE_PREDICTIVE_CANDIDATE,1,[2],[2066466005232],[0.1836991373697916],[1.0820431485756947],"[""PREDICTIVE_CANDIDATE_WITH_SOMA_TIME""]",[false],0.03,1,8,False,2,2066466005232,0.1836991373697916,-0.2051897515190973,0.2051897515190973,True,scenario3,0,2066483496432,True,PROXIMAL_TIME_MISMATCH,1,1
18,6,to,25,0.4444444444444444,NO_PREDICTIVE_CANDIDATE,0,[],[],[],[],[],[],0.03,,9,,,,,,,False,scenario3,8,2066483497488,False,,1,1
18,6,to,99,0.5,NO_PREDICTIVE_CANDIDATE,0,[],[],[],[],[],[],0.03,,10,,,,,,,False,scenario3,0,2066483498640,False,,1,1
18,7,get,6,0.0,NO_PREDICTIVE_CANDIDATE,0,[],[],[],[],[],[],0.03,,1,,,,,,,False,scenario3,0,2066483493200,False,,19,19
18,7,get,19,0.05555555555555555,NO_PREDICTIVE_CANDIDATE,0,[],[],[],[],[],[],0.03,,2,,,,,,,False,scenario3,0,2066483491904,False,,19,19
18,7,get,73,0.1111111111111111,NO_PREDICTIVE_CANDIDATE,0,[],[],[],[],[],[],0.03,,3,,,,,,,False,scenario3,7,2066483491184,False,,19,19
18,7,get,98,0.16666666666666666,NO_PREDICTIVE_CANDIDATE,0,[],[],[],[],[],[],0.03,,4,,,,,,,False,scenario3,5,2066483489888,False,,19,19
18,7,get,22,0.2222222222222222,UNIQUE_PREDICTIVE_CANDIDATE,1,[0],[2066479214096],[0.17263346354166664],[1.4915337916166307],"[""PREDICTIVE_CANDIDATE_WITH_SOMA_TIME""]",[false],0.03,4,5,False,0,2066479214096,0.17263346354166664,-0.04958875868055557,0.04958875868055557,True,scenario3,7,2066483488784,True,PROXIMAL_TIME_MISMATCH,19,19
18,7,get,0,0.2777777777777778,NO_PREDICTIVE_CANDIDATE,0,[],[],[],[],[],[],0.03,,6,,,,,,,False,scenario3,2,2066483487488,False,,19,19
18,7,get,26,0.3333333333333333,NO_PREDICTIVE_CANDIDATE,0,[],[],[],[],[],[],0.03,,7,,,,,,,False,scenario3,8,2066483486768,False,,19,19
18,7,get,16,0.3888888888888889,NO_PREDICTIVE_CANDIDATE,0,[],[],[],[],[],[],0.03,,8,,,,,,,False,scenario3,4,2066483485472,False,,19,19
18,7,get,10,0.4444444444444444,NO_PREDICTIVE_CANDIDATE,0,[],[],[],[],[],[],0.03,,9,,,,,,,False,scenario3,6,2066483484752,False,,19,19
18,7,get,45,0.5,NO_PREDICTIVE_CANDIDATE,0,[],[],[],[],[],[],0.03,,10,,,,,,,False,scenario3,3,2066483483456,False,,19,19
18,8,in,34,0.0,NO_PREDICTIVE_CANDIDATE,0,[],[],[],[],[],[],0.03,,1,,,,,,,False,scenario3,4,2066483526928,False,,0,0
18,8,in,78,0.05555555555555555,NO_PREDICTIVE_CANDIDATE,0,[],[],[],[],[],[],0.03,,2,,,,,,,False,scenario3,2,2066483525632,False,,0,0
18,8,in,91,0.1111111111111111,NO_PREDICTIVE_CANDIDATE,0,[],[],[],[],[],[],0.03,,3,,,,,,,False,scenario3,5,2066483524912,False,,0,0
18,8,in,67,0.16666666666666666,NO_PREDICTIVE_CANDIDATE,0,[],[],[],[],[],[],0.03,,4,,,,,,,False,scenario3,1,2066483523616,False,,0,0
18,8,in,12,0.2222222222222222,NO_PREDICTIVE_CANDIDATE,0,[],[],[],[],[],[],0.03,,5,,,,,,,False,scenario3,5,2066483511376,False,,0,0
18,8,in,61,0.2777777777777778,NO_PREDICTIVE_CANDIDATE,0,[],[],[],[],[],[],0.03,,6,,,,,,,False,scenario3,4,2066483512240,False,,0,0
18,8,in,88,0.3333333333333333,NO_PREDICTIVE_CANDIDATE,0,[],[],[],[],[],[],0.03,,7,,,,,,,False,scenario3,1,2066483512528,False,,0,0
18,8,in,59,0.3888888888888889,NO_PREDICTIVE_CANDIDATE,0,[],[],[],[],[],[],0.03,,8,,,,,,,False,scenario3,9,2066483518576,False,,0,0
18,8,in,10,0.4444444444444444,NO_PREDICTIVE_CANDIDATE,0,[],[],[],[],[],[],0.03,,9,,,,,,,False,scenario3,0,2066483514400,False,,0,0
18,8,in,95,0.5,NO_PREDICTIVE_CANDIDATE,0,[],[],[],[],[],[],0.03,,10,,,,,,,False,scenario3,2,2066483516272,False,,0,0
18,9,there,75,0.0,NO_PREDICTIVE_CANDIDATE,0,[],[],[],[],[],[],0.03,,1,,,,,,,False,scenario3,5,2066483481632,False,,1,1
18,9,there,69,0.05555555555555555,NO_PREDICTIVE_CANDIDATE,0,[],[],[],[],[],[],0.03,,2,,,,,,,False,scenario3,9,2066483480912,False,,1,1
18,9,there,64,0.1111111111111111,NO_PREDICTIVE_CANDIDATE,0,[],[],[],[],[],[],0.03,,3,,,,,,,False,scenario3,0,2066483479616,False,,1,1
18,9,there,38,0.16666666666666666,NO_PREDICTIVE_CANDIDATE,0,[],[],[],[],[],[],0.03,,4,,,,,,,False,scenario3,4,2066483478896,False,,1,1
18,9,there,2,0.2222222222222222,NO_PREDICTIVE_CANDIDATE,0,[],[],[],[],[],[],0.03,,5,,,,,,,False,scenario3,6,2066483133856,False,,1,1
18,9,there,24,0.2777777777777778,NO_PREDICTIVE_CANDIDATE,0,[],[],[],[],[],[],0.03,,6,,,,,,,False,scenario3,0,2066483133136,False,,1,1
18,9,there,53,0.3333333333333333,NO_PREDICTIVE_CANDIDATE,0,[],[],[],[],[],[],0.03,,7,,,,,,,False,scenario3,6,2066483131840,False,,1,1
18,9,there,87,0.3888888888888889,NO_PREDICTIVE_CANDIDATE,0,[],[],[],[],[],[],0.03,,8,,,,,,,False,scenario3,4,2066483131120,False,,1,1
18,9,there,11,0.4444444444444444,NO_PREDICTIVE_CANDIDATE,0,[],[],[],[],[],[],0.03,,9,,,,,,,False,scenario3,5,2066483129824,False,,1,1
18,9,there,56,0.5,NO_PREDICTIVE_CANDIDATE,0,[],[],[],[],[],[],0.03,,10,,,,,,,False,scenario3,1,2066483118256,False,,1,1
19,0,``,57,0.0,NO_PREDICTIVE_CANDIDATE,0,[],[],[],[],[],[],0.03,,1,,,,,,,False,scenario3,5,,False,,0,0
19,0,``,71,0.05555555555555555,NO_PREDICTIVE_CANDIDATE,0,[],[],[],[],[],[],0.03,,2,,,,,,,False,scenario3,9,,False,,0,0
19,0,``,99,0.1111111111111111,NO_PREDICTIVE_CANDIDATE,0,[],[],[],[],[],[],0.03,,3,,,,,,,False,scenario3,4,,False,,0,0
19,0,``,59,0.16666666666666666,NO_PREDICTIVE_CANDIDATE,0,[],[],[],[],[],[],0.03,,4,,,,,,,False,scenario3,0,,False,,0,0
19,0,``,65,0.2222222222222222,NO_PREDICTIVE_CANDIDATE,0,[],[],[],[],[],[],0.03,,5,,,,,,,False,scenario3,5,,False,,0,0
19,0,``,75,0.2777777777777778,NO_PREDICTIVE_CANDIDATE,0,[],[],[],[],[],[],0.03,,6,,,,,,,False,scenario3,0,,False,,0,0
19,0,``,24,0.3333333333333333,NO_PREDICTIVE_CANDIDATE,0,[],[],[],[],[],[],0.03,,7,,,,,,,False,scenario3,3,,False,,0,0
19,0,``,23,0.3888888888888889,NO_PREDICTIVE_CANDIDATE,0,[],[],[],[],[],[],0.03,,8,,,,,,,False,scenario3,8,,False,,0,0
19,0,``,60,0.4444444444444444,NO_PREDICTIVE_CANDIDATE,0,[],[],[],[],[],[],0.03,,9,,,,,,,False,scenario3,7,,False,,0,0
19,0,``,80,0.5,NO_PREDICTIVE_CANDIDATE,0,[],[],[],[],[],[],0.03,,10,,,,,,,False,scenario3,9,,False,,0,0
19,1,Then,26,0.0,UNIQUE_PREDICTIVE_CANDIDATE,1,[1],[2066466546192],[0.0616700575086806],[1.4617031157842983],"[""PREDICTIVE_CANDIDATE_WITH_SOMA_TIME""]",[false],0.03,2,1,False,1,2066466546192,0.0616700575086806,0.0616700575086806,0.0616700575086806,True,scenario3,3,2066482997888,True,PROXIMAL_TIME_MISMATCH,23,23
19,1,Then,4,0.05555555555555555,NO_PREDICTIVE_CANDIDATE,0,[],[],[],[],[],[],0.03,,2,,,,,,,False,scenario3,3,2066482997168,False,,23,23
19,1,Then,69,0.1111111111111111,NO_PREDICTIVE_CANDIDATE,0,[],[],[],[],[],[],0.03,,3,,,,,,,False,scenario3,1,2066482995872,False,,23,23
19,1,Then,52,0.16666666666666666,NO_PREDICTIVE_CANDIDATE,0,[],[],[],[],[],[],0.03,,4,,,,,,,False,scenario3,8,2066482995152,False,,23,23
19,1,Then,67,0.2222222222222222,NO_PREDICTIVE_CANDIDATE,0,[],[],[],[],[],[],0.03,,5,,,,,,,False,scenario3,7,2066482993856,False,,23,23
19,1,Then,63,0.2777777777777778,NO_PREDICTIVE_CANDIDATE,0,[],[],[],[],[],[],0.03,,6,,,,,,,False,scenario3,7,2066482993136,False,,23,23
19,1,Then,20,0.3333333333333333,UNIQUE_PREDICTIVE_CANDIDATE,1,[7],[2066466544176],[0.17278116861979176],[1.4617031157842983],"[""PREDICTIVE_CANDIDATE_WITH_SOMA_TIME""]",[false],0.03,4,7,False,7,2066466544176,0.17278116861979176,-0.16055216471354156,0.16055216471354156,True,scenario3,0,2066482991456,True,PROXIMAL_TIME_MISMATCH,23,23
19,1,Then,39,0.3888888888888889,NO_PREDICTIVE_CANDIDATE,0,[],[],[],[],[],[],0.03,,8,,,,,,,False,scenario3,3,2066482990736,False,,23,23
19,1,Then,40,0.4444444444444444,NO_PREDICTIVE_CANDIDATE,0,[],[],[],[],[],[],0.03,,9,,,,,,,False,scenario3,8,2066482989440,False,,23,23
19,1,Then,51,0.5,NO_PREDICTIVE_CANDIDATE,0,[],[],[],[],[],[],0.03,,10,,,,,,,False,scenario3,9,2066482988720,False,,23,23
19,2,--,9,0.0,NO_PREDICTIVE_CANDIDATE,0,[],[],[],[],[],[],0.03,,1,,,,,,,False,scenario3,6,2066483119984,False,,0,0
19,2,--,71,0.05555555555555555,NO_PREDICTIVE_CANDIDATE,0,[],[],[],[],[],[],0.03,,2,,,,,,,False,scenario3,1,2066483121568,False,,0,0
19,2,--,39,0.1111111111111111,NO_PREDICTIVE_CANDIDATE,0,[],[],[],[],[],[],0.03,,3,,,,,,,False,scenario3,8,2066483122000,False,,0,0
19,2,--,59,0.16666666666666666,NO_PREDICTIVE_CANDIDATE,0,[],[],[],[],[],[],0.03,,4,,,,,,,False,scenario3,1,2066483123584,False,,0,0
19,2,--,85,0.2222222222222222,NO_PREDICTIVE_CANDIDATE,0,[],[],[],[],[],[],0.03,,5,,,,,,,False,scenario3,5,2066483124016,False,,0,0
19,2,--,91,0.2777777777777778,NO_PREDICTIVE_CANDIDATE,0,[],[],[],[],[],[],0.03,,6,,,,,,,False,scenario3,7,2066483125600,False,,0,0
19,2,--,8,0.3333333333333333,NO_PREDICTIVE_CANDIDATE,0,[],[],[],[],[],[],0.03,,7,,,,,,,False,scenario3,6,2066483126032,False,,0,0
19,2,--,46,0.3888888888888889,NO_PREDICTIVE_CANDIDATE,0,[],[],[],[],[],[],0.03,,8,,,,,,,False,scenario3,9,2066483127616,False,,0,0
19,2,--,87,0.4444444444444444,NO_PREDICTIVE_CANDIDATE,0,[],[],[],[],[],[],0.03,,9,,,,,,,False,scenario3,3,2066483128048,False,,0,0
19,2,--,17,0.5,NO_PREDICTIVE_CANDIDATE,0,[],[],[],[],[],[],0.03,,10,,,,,,,False,scenario3,3,2066483129248,False,,0,0
19,3,you,84,0.0,NO_PREDICTIVE_CANDIDATE,0,[],[],[],[],[],[],0.03,,1,,,,,,,False,scenario3,8,2066483002112,False,,0,0
19,3,you,10,0.05555555555555555,NO_PREDICTIVE_CANDIDATE,0,[],[],[],[],[],[],0.03,,2,,,,,,,False,scenario3,6,2066483001584,False,,0,0
19,3,you,58,0.1111111111111111,NO_PREDICTIVE_CANDIDATE,0,[],[],[],[],[],[],0.03,,3,,,,,,,False,scenario3,3,2066482988288,False,,0,0
19,3,you,83,0.16666666666666666,NO_PREDICTIVE_CANDIDATE,0,[],[],[],[],[],[],0.03,,4,,,,,,,False,scenario3,8,2066482988144,False,,0,0
19,3,you,35,0.2222222222222222,NO_PREDICTIVE_CANDIDATE,0,[],[],[],[],[],[],0.03,,5,,,,,,,False,scenario3,2,2066483265264,False,,0,0
19,3,you,52,0.2777777777777778,NO_PREDICTIVE_CANDIDATE,0,[],[],[],[],[],[],0.03,,6,,,,,,,False,scenario3,3,2066483264544,False,,0,0
19,3,you,70,0.3333333333333333,NO_PREDICTIVE_CANDIDATE,0,[],[],[],[],[],[],0.03,,7,,,,,,,False,scenario3,3,2066483263248,False,,0,0
19,3,you,90,0.3888888888888889,NO_PREDICTIVE_CANDIDATE,0,[],[],[],[],[],[],0.03,,8,,,,,,,False,scenario3,8,2066483262528,False,,0,0
19,3,you,32,0.4444444444444444,NO_PREDICTIVE_CANDIDATE,0,[],[],[],[],[],[],0.03,,9,,,,,,,False,scenario3,6,2066483261232,False,,0,0
19,3,you,40,0.5,NO_PREDICTIVE_CANDIDATE,0,[],[],[],[],[],[],0.03,,10,,,,,,,False,scenario3,4,2066483260512,False,,0,0
19,4,may,13,0.0,UNIQUE_PREDICTIVE_CANDIDATE,1,[4],[2066402193632],[0.4499999999999904],[1.4020417641196328],"[""PREDICTIVE_CANDIDATE_WITH_SOMA_TIME""]",[false],0.03,33,1,False,4,2066402193632,0.4499999999999904,0.4499999999999904,0.4499999999999904,True,scenario3,2,2066483860816,True,PROXIMAL_TIME_MISMATCH,34,34
19,4,may,85,0.05555555555555555,NO_PREDICTIVE_CANDIDATE,0,[],[],[],[],[],[],0.03,,2,,,,,,,False,scenario3,3,2066483859520,False,,34,34
19,4,may,50,0.1111111111111111,UNIQUE_PREDICTIVE_CANDIDATE,1,[1],[2066467644832],[0.17278116861979176],[1.4617031157842983],"[""PREDICTIVE_CANDIDATE_WITH_SOMA_TIME""]",[false],0.03,13,3,False,1,2066467644832,0.17278116861979176,0.061670057508680654,0.061670057508680654,True,scenario3,1,2066483858416,True,PROXIMAL_TIME_MISMATCH,34,34
19,4,may,86,0.16666666666666666,NO_PREDICTIVE_CANDIDATE,0,[],[],[],[],[],[],0.03,,4,,,,,,,False,scenario3,4,2066483857120,False,,34,34
19,4,may,59,0.2222222222222222,NO_PREDICTIVE_CANDIDATE,0,[],[],[],[],[],[],0.03,,5,,,,,,,False,scenario3,2,2066483856400,False,,34,34
19,4,may,95,0.2777777777777778,NO_PREDICTIVE_CANDIDATE,0,[],[],[],[],[],[],0.03,,6,,,,,,,False,scenario3,7,2066483267440,False,,34,34
19,4,may,15,0.3333333333333333,NO_PREDICTIVE_CANDIDATE,0,[],[],[],[],[],[],0.03,,7,,,,,,,False,scenario3,8,2066483267392,False,,34,34
19,4,may,83,0.3888888888888889,NO_PREDICTIVE_CANDIDATE,0,[],[],[],[],[],[],0.03,,8,,,,,,,False,scenario3,2,2066483275264,False,,34,34
19,4,may,56,0.4444444444444444,UNIQUE_PREDICTIVE_CANDIDATE,1,[6],[2066466680768],[0.06182630750868068],[1.431872439951966],"[""PREDICTIVE_CANDIDATE_WITH_SOMA_TIME""]",[false],0.03,20,9,False,6,2066466680768,0.06182630750868068,-0.38261813693576374,0.38261813693576374,True,scenario3,5,2066483149856,True,PROXIMAL_TIME_MISMATCH,34,34
19,4,may,1,0.5,UNIQUE_PREDICTIVE_CANDIDATE,1,[7],[2066470873536],[0.061522352430555705],[1.4915337916166307],"[""PREDICTIVE_CANDIDATE_WITH_SOMA_TIME""]",[false],0.03,2,10,False,7,2066470873536,0.061522352430555705,-0.4384776475694443,0.4384776475694443,True,scenario3,4,2066483148032,True,PROXIMAL_TIME_MISMATCH,34,34
19,5,have,78,0.0,NO_PREDICTIVE_CANDIDATE,0,[],[],[],[],[],[],0.03,,1,,,,,,,False,scenario3,6,2066483259120,False,,0,0
19,5,have,75,0.05555555555555555,NO_PREDICTIVE_CANDIDATE,0,[],[],[],[],[],[],0.03,,2,,,,,,,False,scenario3,9,2066483258400,False,,0,0
19,5,have,17,0.1111111111111111,NO_PREDICTIVE_CANDIDATE,0,[],[],[],[],[],[],0.03,,3,,,,,,,False,scenario3,0,2066483257104,False,,0,0
19,5,have,29,0.16666666666666666,NO_PREDICTIVE_CANDIDATE,0,[],[],[],[],[],[],0.03,,4,,,,,,,False,scenario3,1,2066483256384,False,,0,0
19,5,have,94,0.2222222222222222,NO_PREDICTIVE_CANDIDATE,0,[],[],[],[],[],[],0.03,,5,,,,,,,False,scenario3,4,2066483255088,False,,0,0
19,5,have,80,0.2777777777777778,NO_PREDICTIVE_CANDIDATE,0,[],[],[],[],[],[],0.03,,6,,,,,,,False,scenario3,6,2066483254368,False,,0,0
19,5,have,44,0.3333333333333333,NO_PREDICTIVE_CANDIDATE,0,[],[],[],[],[],[],0.03,,7,,,,,,,False,scenario3,9,2066483253072,False,,0,0
19,5,have,23,0.3888888888888889,NO_PREDICTIVE_CANDIDATE,0,[],[],[],[],[],[],0.03,,8,,,,,,,False,scenario3,7,2066483252352,False,,0,0
19,5,have,40,0.4444444444444444,NO_PREDICTIVE_CANDIDATE,0,[],[],[],[],[],[],0.03,,9,,,,,,,False,scenario3,9,2066483250096,False,,0,0
19,5,have,77,0.5,NO_PREDICTIVE_CANDIDATE,0,[],[],[],[],[],[],0.03,,10,,,,,,,False,scenario3,0,2066483251104,False,,0,0
19,6,it,45,0.0,NO_PREDICTIVE_CANDIDATE,0,[],[],[],[],[],[],0.03,,1,,,,,,,False,scenario3,6,2066483984624,False,,10,10
19,6,it,81,0.05555555555555555,NO_PREDICTIVE_CANDIDATE,0,[],[],[],[],[],[],0.03,,2,,,,,,,False,scenario3,8,2066483983904,False,,10,10
19,6,it,79,0.1111111111111111,NO_PREDICTIVE_CANDIDATE,0,[],[],[],[],[],[],0.03,,3,,,,,,,False,scenario3,6,2066483982608,False,,10,10
19,6,it,6,0.16666666666666666,NO_PREDICTIVE_CANDIDATE,0,[],[],[],[],[],[],0.03,,4,,,,,,,False,scenario3,1,2066483981888,False,,10,10
19,6,it,29,0.2222222222222222,NO_PREDICTIVE_CANDIDATE,0,[],[],[],[],[],[],0.03,,5,,,,,,,False,scenario3,7,2066483980592,False,,10,10
19,6,it,34,0.2777777777777778,NO_PREDICTIVE_CANDIDATE,0,[],[],[],[],[],[],0.03,,6,,,,,,,False,scenario3,3,2066483979872,False,,10,10
19,6,it,85,0.3333333333333333,NO_PREDICTIVE_CANDIDATE,0,[],[],[],[],[],[],0.03,,7,,,,,,,False,scenario3,4,2066483978576,False,,10,10
19,6,it,38,0.3888888888888889,NO_PREDICTIVE_CANDIDATE,0,[],[],[],[],[],[],0.03,,8,,,,,,,False,scenario3,9,2066483977856,False,,10,10
19,6,it,43,0.4444444444444444,NO_PREDICTIVE_CANDIDATE,0,[],[],[],[],[],[],0.03,,9,,,,,,,False,scenario3,4,2066483976560,False,,10,10
19,6,it,27,0.5,UNIQUE_PREDICTIVE_CANDIDATE,1,[7],[2066465927680],[0.11707790798611128],[1.4915337916166307],"[""PREDICTIVE_CANDIDATE_WITH_SOMA_TIME""]",[false],0.03,3,10,False,7,2066465927680,0.11707790798611128,-0.3829220920138887,0.3829220920138887,True,scenario3,1,2066483975456,True,PROXIMAL_TIME_MISMATCH,10,10
19,7,",",9,0.0,NO_PREDICTIVE_CANDIDATE,0,[],[],[],[],[],[],0.03,,1,,,,,,,False,scenario3,2,2066484062752,False,,10,10
19,7,",",10,0.05555555555555555,NO_PREDICTIVE_CANDIDATE,0,[],[],[],[],[],[],0.03,,2,,,,,,,False,scenario3,3,2066484062032,False,,10,10
19,7,",",11,0.1111111111111111,NO_PREDICTIVE_CANDIDATE,0,[],[],[],[],[],[],0.03,,3,,,,,,,False,scenario3,3,2066484060736,False,,10,10
19,7,",",81,0.16666666666666666,NO_PREDICTIVE_CANDIDATE,0,[],[],[],[],[],[],0.03,,4,,,,,,,False,scenario3,6,2066484060016,False,,10,10
19,7,",",14,0.2222222222222222,NO_PREDICTIVE_CANDIDATE,0,[],[],[],[],[],[],0.03,,5,,,,,,,False,scenario3,3,2066484058720,False,,10,10
19,7,",",32,0.2777777777777778,NO_PREDICTIVE_CANDIDATE,0,[],[],[],[],[],[],0.03,,6,,,,,,,False,scenario3,3,2066484058000,False,,10,10
19,7,",",53,0.3333333333333333,NO_PREDICTIVE_CANDIDATE,0,[],[],[],[],[],[],0.03,,7,,,,,,,False,scenario3,1,2066484056704,False,,10,10
19,7,",",93,0.3888888888888889,NO_PREDICTIVE_CANDIDATE,0,[],[],[],[],[],[],0.03,,8,,,,,,,False,scenario3,0,2066484055984,False,,10,10
19,7,",",42,0.4444444444444444,NO_PREDICTIVE_CANDIDATE,0,[],[],[],[],[],[],0.03,,9,,,,,,,False,scenario3,2,2066484054688,False,,10,10
19,7,",",49,0.5,NO_PREDICTIVE_CANDIDATE,0,[],[],[],[],[],[],0.03,,10,,,,,,,False,scenario3,3,2066484053968,False,,10,10
19,8,'',64,0.0,UNIQUE_PREDICTIVE_CANDIDATE,1,[9],[2066466541200],[0.006790771484375124],[1.342380412454968],"[""PREDICTIVE_CANDIDATE_WITH_SOMA_TIME""]",[true],0.03,39,1,False,9,2066466541200,0.006790771484375124,0.006790771484375124,0.006790771484375124,False,scenario1,9,2066466541200,False,,61,61
19,8,'',81,0.05555555555555555,UNIQUE_PREDICTIVE_CANDIDATE,1,[9],[2066466454368],[0.062346327039930705],[1.342380412454968],"[""PREDICTIVE_CANDIDATE_WITH_SOMA_TIME""]",[true],0.03,17,2,False,9,2066466454368,0.062346327039930705,0.006790771484375152,0.006790771484375152,False,scenario1,9,2066466454368,False,,61,61
19,8,'',97,0.1111111111111111,UNIQUE_PREDICTIVE_CANDIDATE,1,[3],[2066466451056],[0.11790188259548628],[1.342380412454968],"[""PREDICTIVE_CANDIDATE_WITH_SOMA_TIME""]",[true],0.03,4,3,False,3,2066466451056,0.11790188259548628,0.00679077148437518,0.00679077148437518,False,scenario1,3,2066466451056,False,,61,61
19,8,'',43,0.16666666666666666,UNIQUE_PREDICTIVE_CANDIDATE,1,[1],[2066466449184],[0.17345743815104164],[1.342380412454968],"[""PREDICTIVE_CANDIDATE_WITH_SOMA_TIME""]",[true],0.03,34,4,False,1,2066466449184,0.17345743815104164,0.006790771484374986,0.006790771484374986,False,scenario1,1,2066466449184,False,,61,61
19,8,'',87,0.2222222222222222,UNIQUE_PREDICTIVE_CANDIDATE,1,[3],[2066466828032],[0.006607666015624902],[1.3722110882873004],"[""PREDICTIVE_CANDIDATE_WITH_SOMA_TIME""]",[false],0.03,1,5,False,3,2066466828032,0.006607666015624902,-0.2156145562065973,0.2156145562065973,True,scenario2,1,2066466440544,True,PROXIMAL_TIME_MISMATCH,61,61
19,8,'',24,0.2777777777777778,UNIQUE_PREDICTIVE_CANDIDATE,1,[3],[2066466439248],[0.2845685492621528],[1.342380412454968],"[""PREDICTIVE_CANDIDATE_WITH_SOMA_TIME""]",[true],0.03,40,6,False,3,2066466439248,0.2845685492621528,0.006790771484375013,0.006790771484375013,False,scenario1,3,2066466439248,False,,61,61
19,8,'',9,0.3333333333333333,UNIQUE_PREDICTIVE_CANDIDATE,1,[2],[2066466683840],[0.11771877712673606],[1.3722110882873004],"[""PREDICTIVE_CANDIDATE_WITH_SOMA_TIME""]",[false],0.03,3,7,False,2,2066466683840,0.11771877712673606,-0.21561455620659725,0.21561455620659725,True,scenario2,1,2066466289760,True,PROXIMAL_TIME_MISMATCH,61,61
19,8,'',61,0.3888888888888889,UNIQUE_PREDICTIVE_CANDIDATE,1,[6],[2066474840576],[0.22833672417534734],[1.4617031157842983],"[""PREDICTIVE_CANDIDATE_WITH_SOMA_TIME""]",[false],0.03,32,8,False,6,2066474840576,0.22833672417534734,-0.16055216471354156,0.16055216471354156,True,scenario2,7,2066466287216,True,PROXIMAL_TIME_MISMATCH,61,61
19,8,'',13,0.4444444444444444,UNIQUE_PREDICTIVE_CANDIDATE,1,[5],[2066460221392],[0.33999999999999275],[1.223057709125637],"[""PREDICTIVE_CANDIDATE_WITH_SOMA_TIME""]",[false],0.03,41,9,False,5,2066460221392,0.33999999999999275,-0.10444444444445167,0.10444444444445167,True,scenario2,3,2066466285920,True,PROXIMAL_TIME_MISMATCH,61,61
19,8,'',3,0.5,UNIQUE_PREDICTIVE_CANDIDATE,1,[6],[2066471656848],[0.004999999999999893],[1.431872439951966],"[""PREDICTIVE_CANDIDATE_WITH_SOMA_TIME""]",[false],0.03,11,10,False,6,2066471656848,0.004999999999999893,-0.4950000000000001,0.4950000000000001,True,scenario2,0,2066466283904,True,PROXIMAL_TIME_MISMATCH,61,61
19,9,said,4,0.0,UNIQUE_PREDICTIVE_CANDIDATE,1,[7],[2066466076912],[0.004999999999999893],[1.4915337916166307],"[""PREDICTIVE_CANDIDATE_WITH_SOMA_TIME""]",[true],0.03,1,1,True,7,2066466076912,0.004999999999999893,0.004999999999999893,0.004999999999999893,False,scenario1,7,2066466076912,False,,10,10
19,9,said,97,0.05555555555555555,UNIQUE_PREDICTIVE_CANDIDATE,1,[7],[2066466078496],[0.061522352430555705],[1.4915337916166307],"[""PREDICTIVE_CANDIDATE_WITH_SOMA_TIME""]",[true],0.03,2,2,True,7,2066466078496,0.061522352430555705,0.005966796875000152,0.005966796875000152,False,scenario1,7,2066466078496,False,,10,10
19,9,said,70,0.1111111111111111,UNIQUE_PREDICTIVE_CANDIDATE,1,[5],[2066466283952],[0.11707790798611128],[1.4915337916166307],"[""PREDICTIVE_CANDIDATE_WITH_SOMA_TIME""]",[true],0.03,3,3,True,5,2066466283952,0.11707790798611128,0.00596679687500018,0.00596679687500018,False,scenario1,5,2066466283952,False,,10,10
19,9,said,78,0.16666666666666666,UNIQUE_PREDICTIVE_CANDIDATE,1,[9],[2066466276464],[0.17263346354166664],[1.4915337916166307],"[""PREDICTIVE_CANDIDATE_WITH_SOMA_TIME""]",[true],0.03,4,4,True,9,2066466276464,0.17263346354166664,0.005966796874999986,0.005966796874999986,False,scenario1,9,2066466276464,False,,10,10
19,9,said,65,0.2222222222222222,UNIQUE_PREDICTIVE_CANDIDATE,1,[9],[2066466289184],[0.22818901909722222],[1.4915337916166307],"[""PREDICTIVE_CANDIDATE_WITH_SOMA_TIME""]",[true],0.03,5,5,True,9,2066466289184,0.22818901909722222,0.005966796875000013,0.005966796875000013,False,scenario1,9,2066466289184,False,,10,10
19,9,said,72,0.2777777777777778,UNIQUE_PREDICTIVE_CANDIDATE,1,[7],[2066466279248],[0.2837445746527778],[1.4915337916166307],"[""PREDICTIVE_CANDIDATE_WITH_SOMA_TIME""]",[true],0.03,6,6,True,7,2066466279248,0.2837445746527778,0.005966796875000013,0.005966796875000013,False,scenario1,7,2066466279248,False,,10,10
19,9,said,61,0.3333333333333333,UNIQUE_PREDICTIVE_CANDIDATE,1,[1],[2066466280928],[0.3393001302083334],[1.4915337916166307],"[""PREDICTIVE_CANDIDATE_WITH_SOMA_TIME""]",[true],0.03,7,7,True,1,2066466280928,0.3393001302083334,0.005966796875000069,0.005966796875000069,False,scenario1,1,2066466280928,False,,10,10
19,9,said,18,0.3888888888888889,UNIQUE_PREDICTIVE_CANDIDATE,1,[4],[2066466281600],[0.39485568576388896],[1.4915337916166307],"[""PREDICTIVE_CANDIDATE_WITH_SOMA_TIME""]",[true],0.03,8,8,True,4,2066466281600,0.39485568576388896,0.005966796875000069,0.005966796875000069,False,scenario1,4,2066466281600,False,,10,10
19,9,said,24,0.4444444444444444,UNIQUE_PREDICTIVE_CANDIDATE,1,[6],[2066466282752],[0.4499999999999904],[1.4915337916166307],"[""PREDICTIVE_CANDIDATE_WITH_SOMA_TIME""]",[true],0.03,9,9,True,6,2066466282752,0.4499999999999904,0.005555555555545988,0.005555555555545988,False,scenario1,6,2066466282752,False,,10,10
19,9,said,23,0.5,UNIQUE_PREDICTIVE_CANDIDATE,1,[9],[2066466440928],[0.5059667968749892],[1.4915337916166307],"[""PREDICTIVE_CANDIDATE_WITH_SOMA_TIME""]",[true],0.03,10,10,True,9,2066466440928,0.5059667968749892,0.005966796874989244,0.005966796874989244,False,scenario1,9,2066466440928,False,,10,10
20,0,He,48,0.0,NO_PREDICTIVE_CANDIDATE,0,[],[],[],[],[],[],0.03,,1,,,,,,,False,scenario3,0,,False,,0,0
20,0,He,91,0.05555555555555555,NO_PREDICTIVE_CANDIDATE,0,[],[],[],[],[],[],0.03,,2,,,,,,,False,scenario3,9,,False,,0,0
20,0,He,90,0.1111111111111111,NO_PREDICTIVE_CANDIDATE,0,[],[],[],[],[],[],0.03,,3,,,,,,,False,scenario3,9,,False,,0,0
20,0,He,60,0.16666666666666666,NO_PREDICTIVE_CANDIDATE,0,[],[],[],[],[],[],0.03,,4,,,,,,,False,scenario3,4,,False,,0,0
20,0,He,30,0.2222222222222222,NO_PREDICTIVE_CANDIDATE,0,[],[],[],[],[],[],0.03,,5,,,,,,,False,scenario3,7,,False,,0,0
20,0,He,37,0.2777777777777778,NO_PREDICTIVE_CANDIDATE,0,[],[],[],[],[],[],0.03,,6,,,,,,,False,scenario3,8,,False,,0,0
20,0,He,72,0.3333333333333333,NO_PREDICTIVE_CANDIDATE,0,[],[],[],[],[],[],0.03,,7,,,,,,,False,scenario3,2,,False,,0,0
20,0,He,14,0.3888888888888889,NO_PREDICTIVE_CANDIDATE,0,[],[],[],[],[],[],0.03,,8,,,,,,,False,scenario3,7,,False,,0,0
20,0,He,58,0.4444444444444444,NO_PREDICTIVE_CANDIDATE,0,[],[],[],[],[],[],0.03,,9,,,,,,,False,scenario3,5,,False,,0,0
20,0,He,98,0.5,NO_PREDICTIVE_CANDIDATE,0,[],[],[],[],[],[],0.03,,10,,,,,,,False,scenario3,8,,False,,0,0
20,1,did,5,0.0,NO_PREDICTIVE_CANDIDATE,0,[],[],[],[],[],[],0.03,,1,,,,,,,False,scenario3,8,2066484067120,False,,0,0
20,1,did,76,0.05555555555555555,NO_PREDICTIVE_CANDIDATE,0,[],[],[],[],[],[],0.03,,2,,,,,,,False,scenario3,8,2066484065920,False,,0,0
20,1,did,50,0.1111111111111111,NO_PREDICTIVE_CANDIDATE,0,[],[],[],[],[],[],0.03,,3,,,,,,,False,scenario3,7,2066484065392,False,,0,0
20,1,did,57,0.16666666666666666,NO_PREDICTIVE_CANDIDATE,0,[],[],[],[],[],[],0.03,,4,,,,,,,False,scenario3,5,2066484053248,False,,0,0
20,1,did,83,0.2222222222222222,NO_PREDICTIVE_CANDIDATE,0,[],[],[],[],[],[],0.03,,5,,,,,,,False,scenario3,0,2066484053104,False,,0,0
20,1,did,94,0.2777777777777778,NO_PREDICTIVE_CANDIDATE,0,[],[],[],[],[],[],0.03,,6,,,,,,,False,scenario3,5,2066483119360,False,,0,0
20,1,did,78,0.3333333333333333,NO_PREDICTIVE_CANDIDATE,0,[],[],[],[],[],[],0.03,,7,,,,,,,False,scenario3,1,2066483251968,False,,0,0
20,1,did,20,0.3888888888888889,NO_PREDICTIVE_CANDIDATE,0,[],[],[],[],[],[],0.03,,8,,,,,,,False,scenario3,2,2066483516512,False,,0,0
20,1,did,79,0.4444444444444444,NO_PREDICTIVE_CANDIDATE,0,[],[],[],[],[],[],0.03,,9,,,,,,,False,scenario3,3,2066483516896,False,,0,0
20,1,did,1,0.5,NO_PREDICTIVE_CANDIDATE,0,[],[],[],[],[],[],0.03,,10,,,,,,,False,scenario3,1,2066483519392,False,,0,0
20,2,n't,60,0.0,NO_PREDICTIVE_CANDIDATE,0,[],[],[],[],[],[],0.03,,1,,,,,,,False,scenario3,3,2066484013984,False,,10,10
20,2,n't,67,0.05555555555555555,UNIQUE_PREDICTIVE_CANDIDATE,1,[3],[2066486087696],[0.004999999999999893],[1.4915337916166307],"[""PREDICTIVE_CANDIDATE_WITH_SOMA_TIME""]",[false],0.03,1,2,False,3,2066486087696,0.004999999999999893,-0.05055555555555566,0.05055555555555566,True,scenario3,3,2066484012880,True,PROXIMAL_TIME_MISMATCH,10,10
20,2,n't,40,0.1111111111111111,NO_PREDICTIVE_CANDIDATE,0,[],[],[],[],[],[],0.03,,3,,,,,,,False,scenario3,2,2066484011584,False,,10,10
20,2,n't,13,0.16666666666666666,NO_PREDICTIVE_CANDIDATE,0,[],[],[],[],[],[],0.03,,4,,,,,,,False,scenario3,8,2066484010864,False,,10,10
20,2,n't,24,0.2222222222222222,UNIQUE_PREDICTIVE_CANDIDATE,1,[5],[2066486092880],[0.22818901909722222],[1.4915337916166307],"[""PREDICTIVE_CANDIDATE_WITH_SOMA_TIME""]",[true],0.03,5,5,True,5,2066486092880,0.22818901909722222,0.005966796875000013,0.005966796875000013,False,scenario1,5,2066486092880,False,,10,10
20,2,n't,53,0.2777777777777778,NO_PREDICTIVE_CANDIDATE,0,[],[],[],[],[],[],0.03,,6,,,,,,,False,scenario3,0,2066484009184,False,,10,10
20,2,n't,79,0.3333333333333333,NO_PREDICTIVE_CANDIDATE,0,[],[],[],[],[],[],0.03,,7,,,,,,,False,scenario3,7,2066484008464,False,,10,10
20,2,n't,3,0.3888888888888889,UNIQUE_PREDICTIVE_CANDIDATE,1,[5],[2066486095904],[0.39485568576388896],[1.4915337916166307],"[""PREDICTIVE_CANDIDATE_WITH_SOMA_TIME""]",[true],0.03,8,8,True,5,2066486095904,0.39485568576388896,0.005966796875000069,0.005966796875000069,False,scenario1,5,2066486095904,False,,10,10
20,2,n't,33,0.4444444444444444,NO_PREDICTIVE_CANDIDATE,0,[],[],[],[],[],[],0.03,,9,,,,,,,False,scenario3,2,2066484006784,False,,10,10
20,2,n't,16,0.5,NO_PREDICTIVE_CANDIDATE,0,[],[],[],[],[],[],0.03,,10,,,,,,,False,scenario3,7,2066484006064,False,,10,10
20,3,wish,1,0.0,UNIQUE_PREDICTIVE_CANDIDATE,1,[3],[2066461143600],[0.3969845920138888],[1.1693624926274386],"[""PREDICTIVE_CANDIDATE_WITH_SOMA_TIME""]",[false],0.03,8,1,False,3,2066461143600,0.3969845920138888,0.3969845920138888,0.3969845920138888,True,scenario3,9,2066483519296,True,PROXIMAL_TIME_MISMATCH,20,20
20,3,wish,92,0.05555555555555555,NO_PREDICTIVE_CANDIDATE,0,[],[],[],[],[],[],0.03,,2,,,,,,,False,scenario3,7,2066484599200,False,,20,20
20,3,wish,26,0.1111111111111111,NO_PREDICTIVE_CANDIDATE,0,[],[],[],[],[],[],0.03,,3,,,,,,,False,scenario3,7,2066484597280,False,,20,20
20,3,wish,78,0.16666666666666666,NO_PREDICTIVE_CANDIDATE,0,[],[],[],[],[],[],0.03,,4,,,,,,,False,scenario3,4,2066484594400,False,,20,20
20,3,wish,19,0.2222222222222222,UNIQUE_PREDICTIVE_CANDIDATE,1,[3],[2066461141584],[0.2849999999999939],[1.1693624926274386],"[""PREDICTIVE_CANDIDATE_WITH_SOMA_TIME""]",[false],0.03,6,5,False,3,2066461141584,0.2849999999999939,0.06277777777777171,0.06277777777777171,True,scenario3,6,2066484597808,True,PROXIMAL_TIME_MISMATCH,20,20
20,3,wish,37,0.2777777777777778,NO_PREDICTIVE_CANDIDATE,0,[],[],[],[],[],[],0.03,,6,,,,,,,False,scenario3,5,2066484603664,False,,20,20
20,3,wish,80,0.3333333333333333,NO_PREDICTIVE_CANDIDATE,0,[],[],[],[],[],[],0.03,,7,,,,,,,False,scenario3,7,2066484606448,False,,20,20
20,3,wish,48,0.3888888888888889,NO_PREDICTIVE_CANDIDATE,0,[],[],[],[],[],[],0.03,,8,,,,,,,False,scenario3,7,2066484592720,False,,20,20
20,3,wish,69,0.4444444444444444,NO_PREDICTIVE_CANDIDATE,0,[],[],[],[],[],[],0.03,,9,,,,,,,False,scenario3,8,2066484605488,False,,20,20
20,3,wish,95,0.5,NO_PREDICTIVE_CANDIDATE,0,[],[],[],[],[],[],0.03,,10,,,,,,,False,scenario3,3,2066484608464,False,,20,20
20,4,Reddy,38,0.0,NO_PREDICTIVE_CANDIDATE,0,[],[],[],[],[],[],0.03,,1,,,,,,,False,scenario3,2,2066484017584,False,,0,0
20,4,Reddy,43,0.05555555555555555,NO_PREDICTIVE_CANDIDATE,0,[],[],[],[],[],[],0.03,,2,,,,,,,False,scenario3,8,2066484016672,False,,0,0
20,4,Reddy,96,0.1111111111111111,NO_PREDICTIVE_CANDIDATE,0,[],[],[],[],[],[],0.03,,3,,,,,,,False,scenario3,6,2066484015760,False,,0,0
20,4,Reddy,50,0.16666666666666666,NO_PREDICTIVE_CANDIDATE,0,[],[],[],[],[],[],0.03,,4,,,,,,,False,scenario3,9,2066484004864,False,,0,0
20,4,Reddy,71,0.2222222222222222,NO_PREDICTIVE_CANDIDATE,0,[],[],[],[],[],[],0.03,,5,,,,,,,False,scenario3,4,2066484004144,False,,0,0
20,4,Reddy,85,0.2777777777777778,NO_PREDICTIVE_CANDIDATE,0,[],[],[],[],[],[],0.03,,6,,,,,,,False,scenario3,9,2066484003088,False,,0,0
20,4,Reddy,11,0.3333333333333333,NO_PREDICTIVE_CANDIDATE,0,[],[],[],[],[],[],0.03,,7,,,,,,,False,scenario3,1,2066483500272,False,,0,0
20,4,Reddy,32,0.3888888888888889,NO_PREDICTIVE_CANDIDATE,0,[],[],[],[],[],[],0.03,,8,,,,,,,False,scenario3,4,2066483500560,False,,0,0
20,4,Reddy,24,0.4444444444444444,NO_PREDICTIVE_CANDIDATE,0,[],[],[],[],[],[],0.03,,9,,,,,,,False,scenario3,1,2066483499840,False,,0,0
20,4,Reddy,25,0.5,NO_PREDICTIVE_CANDIDATE,0,[],[],[],[],[],[],0.03,,10,,,,,,,False,scenario3,2,2066482757712,False,,0,0
20,5,any,48,0.0,NO_PREDICTIVE_CANDIDATE,0,[],[],[],[],[],[],0.03,,1,,,,,,,False,scenario3,0,2066484442752,False,,0,0
20,5,any,93,0.05555555555555555,NO_PREDICTIVE_CANDIDATE,0,[],[],[],[],[],[],0.03,,2,,,,,,,False,scenario3,9,2066484436752,False,,0,0
20,5,any,14,0.1111111111111111,NO_PREDICTIVE_CANDIDATE,0,[],[],[],[],[],[],0.03,,3,,,,,,,False,scenario3,7,2066484437088,False,,0,0
20,5,any,42,0.16666666666666666,NO_PREDICTIVE_CANDIDATE,0,[],[],[],[],[],[],0.03,,4,,,,,,,False,scenario3,4,2066484433392,False,,0,0
20,5,any,39,0.2222222222222222,NO_PREDICTIVE_CANDIDATE,0,[],[],[],[],[],[],0.03,,5,,,,,,,False,scenario3,4,2066484432384,False,,0,0
20,5,any,35,0.2777777777777778,NO_PREDICTIVE_CANDIDATE,0,[],[],[],[],[],[],0.03,,6,,,,,,,False,scenario3,6,2066484430128,False,,0,0
20,5,any,72,0.3333333333333333,NO_PREDICTIVE_CANDIDATE,0,[],[],[],[],[],[],0.03,,7,,,,,,,False,scenario3,2,2066484429456,False,,0,0
20,5,any,60,0.3888888888888889,NO_PREDICTIVE_CANDIDATE,0,[],[],[],[],[],[],0.03,,8,,,,,,,False,scenario3,5,2066484445104,False,,0,0
20,5,any,92,0.4444444444444444,NO_PREDICTIVE_CANDIDATE,0,[],[],[],[],[],[],0.03,,9,,,,,,,False,scenario3,2,2066484444192,False,,0,0
20,5,any,81,0.5,NO_PREDICTIVE_CANDIDATE,0,[],[],[],[],[],[],0.03,,10,,,,,,,False,scenario3,4,2066484442272,False,,0,0
20,6,harm,42,0.0,NO_PREDICTIVE_CANDIDATE,0,[],[],[],[],[],[],0.03,,1,,,,,,,False,scenario3,0,2066482759344,False,,5,5
20,6,harm,57,0.05555555555555555,NO_PREDICTIVE_CANDIDATE,0,[],[],[],[],[],[],0.03,,2,,,,,,,False,scenario3,8,2066482760448,False,,5,5
20,6,harm,48,0.1111111111111111,NO_PREDICTIVE_CANDIDATE,0,[],[],[],[],[],[],0.03,,3,,,,,,,False,scenario3,4,2066482761456,False,,5,5
20,6,harm,11,0.16666666666666666,NO_PREDICTIVE_CANDIDATE,0,[],[],[],[],[],[],0.03,,4,,,,,,,False,scenario3,0,2066482772256,False,,5,5
20,6,harm,13,0.2222222222222222,UNIQUE_PREDICTIVE_CANDIDATE,1,[3],[2066466285920],[0.17999999999999616],[1.0154629472910348],"[""PREDICTIVE_CANDIDATE_WITH_SOMA_TIME""]",[false],0.03,4,5,False,3,2066466285920,0.17999999999999616,-0.04222222222222605,0.04222222222222605,True,scenario3,6,2066482949216,True,PROXIMAL_TIME_MISMATCH,5,5
20,6,harm,18,0.2777777777777778,NO_PREDICTIVE_CANDIDATE,0,[],[],[],[],[],[],0.03,,6,,,,,,,False,scenario3,8,2066482948928,False,,5,5
20,6,harm,79,0.3333333333333333,NO_PREDICTIVE_CANDIDATE,0,[],[],[],[],[],[],0.03,,7,,,,,,,False,scenario3,8,2066482951040,False,,5,5
20,6,harm,12,0.3888888888888889,NO_PREDICTIVE_CANDIDATE,0,[],[],[],[],[],[],0.03,,8,,,,,,,False,scenario3,3,2066482951856,False,,5,5
20,6,harm,16,0.4444444444444444,NO_PREDICTIVE_CANDIDATE,0,[],[],[],[],[],[],0.03,,9,,,,,,,False,scenario3,3,2066482953344,False,,5,5
20,6,harm,86,0.5,NO_PREDICTIVE_CANDIDATE,0,[],[],[],[],[],[],0.03,,10,,,,,,,False,scenario3,9,2066482954160,False,,5,5
20,7,",",9,0.0,NO_PREDICTIVE_CANDIDATE,0,[],[],[],[],[],[],0.03,,1,,,,,,,False,scenario3,9,2066484439536,False,,1,1
20,7,",",10,0.05555555555555555,NO_PREDICTIVE_CANDIDATE,0,[],[],[],[],[],[],0.03,,2,,,,,,,False,scenario3,9,2066484438288,False,,1,1
20,7,",",11,0.1111111111111111,NO_PREDICTIVE_CANDIDATE,0,[],[],[],[],[],[],0.03,,3,,,,,,,False,scenario3,5,2066484437376,False,,1,1
20,7,",",81,0.16666666666666666,NO_PREDICTIVE_CANDIDATE,0,[],[],[],[],[],[],0.03,,4,,,,,,,False,scenario3,3,2066484435504,False,,1,1
20,7,",",14,0.2222222222222222,NO_PREDICTIVE_CANDIDATE,0,[],[],[],[],[],[],0.03,,5,,,,,,,False,scenario3,9,2066484432192,False,,1,1
20,7,",",32,0.2777777777777778,NO_PREDICTIVE_CANDIDATE,0,[],[],[],[],[],[],0.03,,6,,,,,,,False,scenario3,7,2066483975360,False,,1,1
20,7,",",53,0.3333333333333333,NO_PREDICTIVE_CANDIDATE,0,[],[],[],[],[],[],0.03,,7,,,,,,,False,scenario3,7,2066483974640,False,,1,1
20,7,",",93,0.3888888888888889,NO_PREDICTIVE_CANDIDATE,0,[],[],[],[],[],[],0.03,,8,,,,,,,False,scenario3,2,2066483973344,False,,1,1
20,7,",",42,0.4444444444444444,NO_PREDICTIVE_CANDIDATE,0,[],[],[],[],[],[],0.03,,9,,,,,,,False,scenario3,9,2066483972624,False,,1,1
20,7,",",49,0.5,NO_PREDICTIVE_CANDIDATE,0,[],[],[],[],[],[],0.03,,10,,,,,,,False,scenario3,4,2066483971328,False,,1,1
20,8,and,99,0.0,UNIQUE_PREDICTIVE_CANDIDATE,1,[5],[2066460227824],[0.007885742187500044],[1.1932270332933046],"[""PREDICTIVE_CANDIDATE_WITH_SOMA_TIME""]",[true],0.03,47,1,False,5,2066460227824,0.007885742187500044,0.007885742187500044,0.007885742187500044,False,scenario1,5,2066460227824,False,,60,60
20,8,and,18,0.05555555555555555,UNIQUE_PREDICTIVE_CANDIDATE,1,[0],[2066482669248],[0.004999999999999893],[1.4617031157842983],"[""PREDICTIVE_CANDIDATE_WITH_SOMA_TIME""]",[false],0.03,20,2,False,0,2066482669248,0.004999999999999893,-0.05055555555555566,0.05055555555555566,True,scenario2,3,2066460226144,True,PROXIMAL_TIME_MISMATCH,60,60
20,8,and,6,0.1111111111111111,UNIQUE_PREDICTIVE_CANDIDATE,1,[3],[2066460225424],[0.1189968532986112],[1.1932270332933046],"[""PREDICTIVE_CANDIDATE_WITH_SOMA_TIME""]",[true],0.03,24,3,False,3,2066460225424,0.1189968532986112,0.0078857421875001,0.0078857421875001,False,scenario1,3,2066460225424,False,,60,60
20,8,and,80,0.16666666666666666,UNIQUE_PREDICTIVE_CANDIDATE,1,[8],[2066466283136],[0.007188720703125151],[1.2827190607903025],"[""PREDICTIVE_CANDIDATE_WITH_SOMA_TIME""]",[false],0.03,31,4,False,8,2066466283136,0.007188720703125151,-0.1594779459635415,0.1594779459635415,True,scenario2,6,2066460224128,True,PROXIMAL_TIME_MISMATCH,60,60
20,8,and,14,0.2222222222222222,UNIQUE_PREDICTIVE_CANDIDATE,1,[7],[2066461119200],[0.11874905056423612],[1.223057709125637],"[""PREDICTIVE_CANDIDATE_WITH_SOMA_TIME""]",[false],0.03,23,5,False,7,2066461119200,0.11874905056423612,-0.10347317165798608,0.10347317165798608,True,scenario2,0,2066460223408,True,PROXIMAL_TIME_MISMATCH,60,60
20,8,and,57,0.2777777777777778,UNIQUE_PREDICTIVE_CANDIDATE,1,[7],[2066465655024],[0.17407389322916655],[1.25288838495797],"[""PREDICTIVE_CANDIDATE_WITH_SOMA_TIME""]",[false],0.03,43,6,False,7,2066465655024,0.17407389322916655,-0.10370388454861124,0.10370388454861124,True,scenario2,6,2066460222112,True,PROXIMAL_TIME_MISMATCH,60,60
20,8,and,13,0.3333333333333333,UNIQUE_PREDICTIVE_CANDIDATE,1,[5],[2066460221392],[0.33999999999999275],[1.1932270332933046],"[""PREDICTIVE_CANDIDATE_WITH_SOMA_TIME""]",[true],0.03,37,7,False,5,2066460221392,0.33999999999999275,0.006666666666659438,0.006666666666659438,False,scenario1,5,2066460221392,False,,60,60
20,8,and,68,0.3888888888888889,UNIQUE_PREDICTIVE_CANDIDATE,1,[5],[2066460247200],[0.3899999999999917],[2.0070693862371582],"[""PREDICTIVE_CANDIDATE_WITH_SOMA_TIME""]",[true],0.03,45,8,False,5,2066460247200,0.3899999999999917,0.0011111111111027916,0.0011111111111027916,False,scenario1,5,2066460247200,False,,60,60
20,8,and,83,0.4444444444444444,NO_PREDICTIVE_CANDIDATE,0,[],[],[],[],[],[],0.03,,9,,,,,,,False,scenario2,0,2066460246480,False,,60,60
20,8,and,81,0.5,UNIQUE_PREDICTIVE_CANDIDATE,1,[9],[2066466454368],[0.05999999999999872],[1.6406871707782942],"[""PREDICTIVE_CANDIDATE_WITH_SOMA_TIME""]",[false],0.03,17,10,False,9,2066466454368,0.05999999999999872,-0.4400000000000013,0.4400000000000013,True,scenario2,0,2066460260352,True,PROXIMAL_TIME_MISMATCH,60,60
20,9,he,54,0.0,NO_PREDICTIVE_CANDIDATE,0,[],[],[],[],[],[],0.03,,1,,,,,,,False,scenario3,9,2066483881232,False,,28,28
20,9,he,92,0.05555555555555555,NO_PREDICTIVE_CANDIDATE,0,[],[],[],[],[],[],0.03,,2,,,,,,,False,scenario3,9,2066483880512,False,,28,28
20,9,he,61,0.1111111111111111,NO_PREDICTIVE_CANDIDATE,0,[],[],[],[],[],[],0.03,,3,,,,,,,False,scenario3,6,2066483879216,False,,28,28
20,9,he,32,0.16666666666666666,UNIQUE_PREDICTIVE_CANDIDATE,1,[9],[2066460250608],[0.2840485297309028],[1.431872439951966],"[""PREDICTIVE_CANDIDATE_WITH_SOMA_TIME""]",[false],0.03,6,4,False,9,2066460250608,0.2840485297309028,0.11738186306423612,0.11738186306423612,True,scenario3,5,2066483878112,True,PROXIMAL_TIME_MISMATCH,28,28
20,9,he,96,0.2222222222222222,UNIQUE_PREDICTIVE_CANDIDATE,1,[4],[2066460255168],[0.5062707519531144],[1.431872439951966],"[""PREDICTIVE_CANDIDATE_WITH_SOMA_TIME""]",[false],0.03,10,5,False,4,2066460255168,0.5062707519531144,0.28404852973089223,0.28404852973089223,True,scenario3,4,2066483876432,True,PROXIMAL_TIME_MISMATCH,28,28
20,9,he,31,0.2777777777777778,NO_PREDICTIVE_CANDIDATE,0,[],[],[],[],[],[],0.03,,6,,,,,,,False,scenario3,7,2066483875712,False,,28,28
20,9,he,5,0.3333333333333333,NO_PREDICTIVE_CANDIDATE,0,[],[],[],[],[],[],0.03,,7,,,,,,,False,scenario3,3,2066483874416,False,,28,28
20,9,he,66,0.3888888888888889,NO_PREDICTIVE_CANDIDATE,0,[],[],[],[],[],[],0.03,,8,,,,,,,False,scenario3,4,2066483873696,False,,28,28
20,9,he,12,0.4444444444444444,NO_PREDICTIVE_CANDIDATE,0,[],[],[],[],[],[],0.03,,9,,,,,,,False,scenario3,1,2066483872400,False,,28,28
20,9,he,59,0.5,UNIQUE_PREDICTIVE_CANDIDATE,1,[7],[2066474346752],[0.23396782769097224],[1.1650242710521292],"[""PREDICTIVE_CANDIDATE_WITH_SOMA_TIME""]",[false],0.03,23,10,False,7,2066474346752,0.23396782769097224,-0.26603217230902776,0.26603217230902776,True,scenario3,0,2066483971040,True,PROXIMAL_TIME_MISMATCH,28,28
