column,time,segment_id,is_expected_event,total_psp,predicted_source_psp,burst_only_psp,unlabelled_psp,predicted_without_burst_crosses,burst_only_crosses,classification,contributor_count,diagnostic_label,sentence_index,phase,step,decoded_correct
14,0.004999999999999893,709,False,1.0001339352033731,0.0,1.0001339352033731,0.0,False,True,burst-only,10,nonpaper diagnostic,1,cue,1,
26,0.004999999999999893,1590,False,1.0001408231000364,0.0,1.0001408231000364,0.0,False,True,burst-only,10,nonpaper diagnostic,1,cue,1,
22,0.11738186306423626,711,False,1.0001339352033731,0.0,1.0001339352033731,0.0,False,True,burst-only,10,nonpaper diagnostic,1,cue,1,
20,0.17293741861979162,712,False,1.0001339352033576,0.0,1.0001339352033576,0.0,False,True,burst-only,10,nonpaper diagnostic,1,cue,1,
36,0.2284929741753472,713,False,1.0001339352033576,0.0,1.0001339352033576,0.0,False,True,burst-only,10,nonpaper diagnostic,1,cue,1,
86,0.2840485297309028,714,False,1.0001339352033576,0.0,1.0001339352033576,0.0,False,True,burst-only,10,nonpaper diagnostic,1,cue,1,
12,0.11499999999999755,3,True,0.9999875742488296,0.0,0.9999875742488296,0.0,False,True,burst-only,10,nonpaper diagnostic,1,cue,1,
74,0.3949999999999916,716,False,1.0001339352033731,0.0,1.0001339352033731,0.0,False,True,burst-only,10,nonpaper diagnostic,1,cue,1,
7,0.4499999999999904,717,False,1.0001339352033731,0.0,1.0001339352033731,0.0,False,True,burst-only,10,nonpaper diagnostic,1,cue,1,
17,0.5062707519531144,718,False,1.0001339352033731,0.0,1.0001339352033731,0.0,False,True,burst-only,10,nonpaper diagnostic,1,cue,1,
90,0.004999999999999893,1336,False,1.000078878138213,0.0,1.000078878138213,0.0,False,True,burst-only,10,nonpaper diagnostic,1,cue,1,
1,0.0616700575086806,1337,False,1.000078878138213,0.0,1.000078878138213,0.0,False,True,burst-only,10,nonpaper diagnostic,1,cue,1,
53,0.17278116861979176,1339,False,1.0000788781382262,0.0,1.0000788781382262,0.0,False,True,burst-only,10,nonpaper diagnostic,1,cue,1,
18,0.22833672417534734,1340,False,1.0000788781382262,0.0,1.0000788781382262,0.0,False,True,burst-only,10,nonpaper diagnostic,1,cue,1,
31,0.2838922797309029,1341,False,1.0000788781382262,0.0,1.0000788781382262,0.0,False,True,burst-only,10,nonpaper diagnostic,1,cue,1,
94,0.3394478352864583,1342,False,1.000078878138213,0.0,1.000078878138213,0.0,False,True,burst-only,10,nonpaper diagnostic,1,cue,1,
81,0.4499999999999904,1344,False,1.000078878138213,0.0,1.000078878138213,0.0,False,True,burst-only,10,nonpaper diagnostic,1,cue,1,
48,0.5061145019531141,1345,False,1.0000788781381833,0.0,1.0000788781381833,0.0,False,True,burst-only,10,nonpaper diagnostic,1,cue,1,
4,0.061522352430555705,1591,False,1.0001408231000364,0.0,1.0001408231000364,0.0,False,True,burst-only,10,nonpaper diagnostic,1,cue,1,
69,0.11707790798611128,1592,False,1.0001408231000364,0.0,1.0001408231000364,0.0,False,True,burst-only,10,nonpaper diagnostic,1,cue,1,
52,0.17263346354166664,1593,False,1.0001408231000193,0.0,1.0001408231000193,0.0,False,True,burst-only,10,nonpaper diagnostic,1,cue,1,
67,0.22818901909722222,1594,False,1.0001408231000193,0.0,1.0001408231000193,0.0,False,True,burst-only,10,nonpaper diagnostic,1,cue,1,
63,0.2837445746527778,1595,False,1.0001408231000193,0.0,1.0001408231000193,0.0,False,True,burst-only,10,nonpaper diagnostic,1,cue,1,
39,0.39485568576388896,1597,False,1.0001408231000364,0.0,1.0001408231000364,0.0,False,True,burst-only,10,nonpaper diagnostic,1,cue,1,
40,0.4499999999999904,1598,False,1.0001408231000364,0.0,1.0001408231000364,0.0,False,True,burst-only,10,nonpaper diagnostic,1,cue,1,
51,0.5059667968749892,1599,False,1.0001408231000053,0.0,1.0001408231000053,0.0,False,True,burst-only,10,nonpaper diagnostic,1,cue,1,
78,0.004999999999999893,1,True,0.9999875742488296,0.0,0.9999875742488296,0.0,False,True,burst-only,10,nonpaper diagnostic,1,cue,1,
23,0.05999999999999872,2,True,0.9999875742488296,0.0,0.9999875742488296,0.0,False,True,burst-only,10,nonpaper diagnostic,1,cue,1,
57,0.17176920572916643,4,True,0.9999875742488091,0.0,0.9999875742488091,0.0,False,True,burst-only,10,nonpaper diagnostic,1,cue,1,
68,0.39399142795138875,8,True,0.9999875742488296,0.0,0.9999875742488296,0.0,False,True,burst-only,10,nonpaper diagnostic,1,cue,1,
5,0.006589355468749947,11,True,1.0000198739912305,0.4989253167418286,0.5010945572494018,0.0,False,False,burst-assisted,10,nonpaper diagnostic,1,cue,2,
50,0.11770046657986111,13,True,1.0000198739912305,0.4989253167418286,0.5010945572494018,0.0,False,False,burst-assisted,10,nonpaper diagnostic,1,cue,2,
83,0.22881157769097205,15,True,1.0000198739912152,0.49892531674182033,0.5010945572493949,0.0,False,False,burst-assisted,10,nonpaper diagnostic,1,cue,2,
94,0.2284929741753472,633,False,1.0001339352033576,0.500066967601678,0.5000669676016796,0.0,False,False,burst-assisted,10,nonpaper diagnostic,1,cue,2,
20,0.23925469292534718,623,False,1.0000064289344415,0.0,1.0000064289344415,0.0,False,True,burst-only,5,nonpaper diagnostic,1,cue,2,
79,0.4499999999999904,19,True,1.0000198739912305,0.4989253167418286,0.5010945572494018,0.0,False,False,burst-assisted,10,nonpaper diagnostic,1,cue,2,
1,0.01174560546874992,1522,False,1.000027892317259,0.16667131538620983,0.8333565769310491,0.0,False,False,burst-assisted,6,nonpaper diagnostic,1,cue,2,
78,0.004999999999999893,629,False,1.000133935203373,0.5000669676016865,0.5000669676016865,0.0,False,False,burst-assisted,10,nonpaper diagnostic,1,cue,2,
75,0.06182630750868068,630,False,1.000133935203373,0.5000669676016865,0.5000669676016865,0.0,False,False,burst-assisted,10,nonpaper diagnostic,1,cue,2,
17,0.11738186306423626,631,False,1.000133935203373,0.5000669676016865,0.5000669676016865,0.0,False,False,burst-assisted,10,nonpaper diagnostic,1,cue,2,
29,0.17293741861979162,632,False,1.0001339352033576,0.500066967601678,0.5000669676016796,0.0,False,False,burst-assisted,10,nonpaper diagnostic,1,cue,2,
80,0.2840485297309028,634,False,1.0001339352033576,0.500066967601678,0.5000669676016796,0.0,False,False,burst-assisted,10,nonpaper diagnostic,1,cue,2,
44,0.33960408528645836,635,False,1.000133935203373,0.5000669676016865,0.5000669676016865,0.0,False,False,burst-assisted,10,nonpaper diagnostic,1,cue,2,
23,0.3949999999999916,636,False,1.000133935203373,0.5000669676016865,0.5000669676016865,0.0,False,False,burst-assisted,10,nonpaper diagnostic,1,cue,2,
40,0.4499999999999904,637,False,1.000133935203373,0.5000669676016865,0.5000669676016865,0.0,False,False,burst-assisted,10,nonpaper diagnostic,1,cue,2,
77,0.3999999999999915,1528,False,1.000027892317259,0.16667131538620983,0.8333565769310491,0.0,False,False,burst-assisted,6,nonpaper diagnostic,1,cue,2,
60,0.01499999999999968,1356,False,1.0000008186590603,0.0,1.0000008186590603,0.0,False,True,burst-only,5,nonpaper diagnostic,1,cue,2,
47,0.12285671657986108,1524,False,1.000027892317259,0.16667131538620983,0.8333565769310491,0.0,False,False,burst-assisted,6,nonpaper diagnostic,1,cue,2,
31,0.23396782769097224,1525,False,1.0000278923172654,0.16667131538621088,0.8333565769310545,0.0,False,False,burst-assisted,6,nonpaper diagnostic,1,cue,2,
91,0.2895233832465278,1526,False,1.0000278923172654,0.16667131538621088,0.8333565769310545,0.0,False,False,burst-assisted,6,nonpaper diagnostic,1,cue,2,
53,0.23861138237847213,1360,False,1.0000008186590565,0.0,1.0000008186590565,0.0,False,True,burst-only,5,nonpaper diagnostic,1,cue,2,
98,0.5117456054687395,1530,False,1.0000278923172716,0.16667131538621194,0.8333565769310597,0.0,False,False,burst-assisted,6,nonpaper diagnostic,1,cue,2,
48,0.0719447157118056,1357,False,1.0000008186590603,0.0,1.0000008186590603,0.0,False,True,burst-only,5,nonpaper diagnostic,1,cue,2,
90,0.1275002712673612,1358,False,1.0000008186590603,0.0,1.0000008186590603,0.0,False,True,burst-only,5,nonpaper diagnostic,1,cue,2,
9,0.2941669379340277,1361,False,1.0000008186590565,0.0,1.0000008186590565,0.0,False,True,burst-only,5,nonpaper diagnostic,1,cue,2,
72,0.3497224934895833,1362,False,1.0000008186590603,0.0,1.0000008186590603,0.0,False,True,burst-only,5,nonpaper diagnostic,1,cue,2,
25,0.4599999999999902,1363,False,1.0000008186590603,0.0,1.0000008186590603,0.0,False,True,burst-only,5,nonpaper diagnostic,1,cue,2,
99,0.5163891601562391,1364,False,1.000000818659053,0.0,1.000000818659053,0.0,False,True,burst-only,5,nonpaper diagnostic,1,cue,2,
81,0.01703247070312508,619,False,1.0000064289344448,0.0,1.0000064289344448,0.0,False,True,burst-only,5,nonpaper diagnostic,1,cue,2,
52,0.07258802625868066,620,False,1.0000064289344448,0.0,1.0000064289344448,0.0,False,True,burst-only,5,nonpaper diagnostic,1,cue,2,
67,0.12814358181423624,621,False,1.0000064289344448,0.0,1.0000064289344448,0.0,False,True,burst-only,5,nonpaper diagnostic,1,cue,2,
68,0.29481024848090276,624,False,1.0000064289344415,0.0,1.0000064289344415,0.0,False,True,burst-only,5,nonpaper diagnostic,1,cue,2,
26,0.34999999999999254,625,False,1.0000064289344448,0.0,1.0000064289344448,0.0,False,True,burst-only,5,nonpaper diagnostic,1,cue,2,
27,0.4614769151475695,627,False,1.0000064289344448,0.0,1.0000064289344448,0.0,False,True,burst-only,5,nonpaper diagnostic,1,cue,2,
69,0.517032470703114,628,False,1.000006428934431,0.0,1.000006428934431,0.0,False,True,burst-only,5,nonpaper diagnostic,1,cue,2,
14,0.46999999999999,385,False,0.9999827246701025,0.0,0.9999827246701025,0.0,False,True,burst-only,3,nonpaper diagnostic,1,cue,2,
67,0.004999999999999893,21,True,1.000078878138213,0.4000315512552852,0.6000473268829278,0.0,False,False,burst-assisted,10,nonpaper diagnostic,1,cue,3,
8,0.0616700575086806,22,True,1.000078878138213,0.4000315512552852,0.6000473268829278,0.0,False,False,burst-assisted,10,nonpaper diagnostic,1,cue,3,
7,0.11722561306423618,23,True,1.000078878138213,0.4000315512552852,0.6000473268829278,0.0,False,False,burst-assisted,10,nonpaper diagnostic,1,cue,3,
24,0.2270281304253472,25,True,1.0000917488016472,0.4000366995206577,0.6000550492809895,0.0,False,False,burst-assisted,10,nonpaper diagnostic,1,cue,3,
30,0.2838922797309029,26,True,1.0000788781382264,0.40003155125528966,0.6000473268829366,0.0,False,False,burst-assisted,10,nonpaper diagnostic,1,cue,3,
76,0.3394478352864583,27,True,1.000078878138213,0.4000315512552852,0.6000473268829278,0.0,False,False,burst-assisted,10,nonpaper diagnostic,1,cue,3,
3,0.39369479709201394,28,True,1.0000917488016692,0.40003669952066767,0.6000550492810015,0.0,False,False,burst-assisted,10,nonpaper diagnostic,1,cue,3,
99,0.4499999999999904,29,True,1.000078878138213,0.4000315512552852,0.6000473268829278,0.0,False,False,burst-assisted,10,nonpaper diagnostic,1,cue,3,
59,0.5061145019531141,30,True,1.0000788781381833,0.4000315512552733,0.60004732688291,0.0,False,False,burst-assisted,10,nonpaper diagnostic,1,cue,3,
60,0.009420166015625009,1670,False,1.0000438608068434,0.1428634086866919,0.8571804521201514,0.0,False,False,burst-assisted,7,nonpaper diagnostic,1,cue,3,
40,0.11999999999999744,1672,False,1.0000438608068434,0.1428634086866919,0.8571804521201514,0.0,False,False,burst-assisted,7,nonpaper diagnostic,1,cue,3,
13,0.17499999999999627,1673,False,1.0000438608068334,0.1428634086866894,0.857180452120144,0.0,False,False,burst-assisted,7,nonpaper diagnostic,1,cue,3,
53,0.2871979437934027,1674,False,1.0000438608068334,0.1428634086866894,0.857180452120144,0.0,False,False,burst-assisted,7,nonpaper diagnostic,1,cue,3,
79,0.34275349934895827,1675,False,1.0000438608068434,0.1428634086866919,0.8571804521201514,0.0,False,False,burst-assisted,7,nonpaper diagnostic,1,cue,3,
33,0.45386461046006943,1676,False,1.0000438608068434,0.1428634086866919,0.8571804521201514,0.0,False,False,burst-assisted,7,nonpaper diagnostic,1,cue,3,
16,0.5094201660156144,1677,False,1.0000438608068434,0.1428634086866919,0.8571804521201514,0.0,False,False,burst-assisted,7,nonpaper diagnostic,1,cue,3,
41,0.004999999999999893,31,True,1.0001408231000364,0.9001267407900327,0.10001408231000364,0.0,False,False,burst-assisted,10,nonpaper diagnostic,1,cue,4,
56,0.061522352430555705,32,True,1.0001408231000364,0.9001267407900327,0.10001408231000364,0.0,False,False,burst-assisted,10,nonpaper diagnostic,1,cue,4,
75,0.11707790798611128,33,True,1.0001408231000364,0.9001267407900327,0.10001408231000364,0.0,False,False,burst-assisted,10,nonpaper diagnostic,1,cue,4,
25,0.17263346354166664,34,True,1.0001408231000193,0.9001267407900172,0.10001408231000208,0.0,False,False,burst-assisted,10,nonpaper diagnostic,1,cue,4,
66,0.22818901909722222,35,True,1.0001408231000193,0.9001267407900172,0.10001408231000208,0.0,False,False,burst-assisted,10,nonpaper diagnostic,1,cue,4,
29,0.2837445746527778,36,True,1.0001408231000193,0.9001267407900172,0.10001408231000208,0.0,False,False,burst-assisted,10,nonpaper diagnostic,1,cue,4,
81,0.3393001302083334,37,True,1.0001408231000364,0.9001267407900327,0.10001408231000364,0.0,False,False,burst-assisted,10,nonpaper diagnostic,1,cue,4,
37,0.39485568576388896,38,True,1.0001408231000364,0.9001267407900327,0.10001408231000364,0.0,False,False,burst-assisted,10,nonpaper diagnostic,1,cue,4,
63,0.4499999999999904,39,True,1.0001408231000364,0.9001267407900327,0.10001408231000364,0.0,False,False,burst-assisted,10,nonpaper diagnostic,1,cue,4,
0,0.5059667968749892,40,True,1.0001408231000053,0.9001267407900048,0.10001408231000053,0.0,False,False,burst-assisted,10,nonpaper diagnostic,1,cue,4,
84,0.004999999999999893,41,True,1.000078878138213,1.000078878138213,0.0,0.0,True,False,predicted-supported,10,nonpaper diagnostic,1,cue,5,
10,0.0616700575086806,42,True,1.000078878138213,1.000078878138213,0.0,0.0,True,False,predicted-supported,10,nonpaper diagnostic,1,cue,5,
58,0.11722561306423618,43,True,1.000078878138213,1.000078878138213,0.0,0.0,True,False,predicted-supported,10,nonpaper diagnostic,1,cue,5,
83,0.17278116861979176,44,True,1.0000788781382262,1.0000788781382262,0.0,0.0,True,False,predicted-supported,10,nonpaper diagnostic,1,cue,5,
35,0.22833672417534734,45,True,1.0000788781382262,1.0000788781382262,0.0,0.0,True,False,predicted-supported,10,nonpaper diagnostic,1,cue,5,
52,0.2838922797309029,46,True,1.0000788781382262,1.0000788781382262,0.0,0.0,True,False,predicted-supported,10,nonpaper diagnostic,1,cue,5,
70,0.3394478352864583,47,True,1.000078878138213,1.000078878138213,0.0,0.0,True,False,predicted-supported,10,nonpaper diagnostic,1,cue,5,
90,0.3949999999999916,48,True,1.000078878138213,1.000078878138213,0.0,0.0,True,False,predicted-supported,10,nonpaper diagnostic,1,cue,5,
32,0.4499999999999904,49,True,1.000078878138213,1.000078878138213,0.0,0.0,True,False,predicted-supported,10,nonpaper diagnostic,1,cue,5,
40,0.5061145019531141,50,True,1.0000788781381833,1.0000788781381833,0.0,0.0,True,False,predicted-supported,10,nonpaper diagnostic,1,cue,5,
97,0.006607666015624902,51,True,1.00009005211924,1.00009005211924,0.0,0.0,True,False,predicted-supported,10,nonpaper diagnostic,1,suffix,1,True
29,0.06216322157118048,52,True,1.00009005211924,1.00009005211924,0.0,0.0,True,False,predicted-supported,10,nonpaper diagnostic,1,suffix,1,True
65,0.11771877712673606,53,True,1.00009005211924,1.00009005211924,0.0,0.0,True,False,predicted-supported,10,nonpaper diagnostic,1,suffix,1,True
36,0.17327433268229142,54,True,1.0000900521192253,1.0000900521192253,0.0,0.0,True,False,predicted-supported,10,nonpaper diagnostic,1,suffix,1,True
3,0.228829888237847,55,True,1.0000900521192253,1.0000900521192253,0.0,0.0,True,False,predicted-supported,10,nonpaper diagnostic,1,suffix,1,True
8,0.2843854437934026,56,True,1.0000900521192253,1.0000900521192253,0.0,0.0,True,False,predicted-supported,10,nonpaper diagnostic,1,suffix,1,True
98,0.3949999999999916,58,True,1.00009005211924,1.00009005211924,0.0,0.0,True,False,predicted-supported,10,nonpaper diagnostic,1,suffix,1,True
13,0.4499999999999904,59,True,1.00009005211924,1.00009005211924,0.0,0.0,True,False,predicted-supported,10,nonpaper diagnostic,1,suffix,1,True
51,0.5066076660156142,60,True,1.00009005211924,1.00009005211924,0.0,0.0,True,False,predicted-supported,10,nonpaper diagnostic,1,suffix,1,True
13,0.013586561414921094,61,True,1.0000781037572235,1.0000781037572235,0.0,0.0,True,False,predicted-supported,9,nonpaper diagnostic,1,suffix,2,True
37,0.06914211697047667,62,True,1.0000781037572235,1.0000781037572235,0.0,0.0,True,False,predicted-supported,9,nonpaper diagnostic,1,suffix,2,True
49,0.12469767252603225,63,True,1.0000781037572235,1.0000781037572235,0.0,0.0,True,False,predicted-supported,9,nonpaper diagnostic,1,suffix,2,True
8,0.17999999999999616,64,True,1.000078103757211,1.000078103757211,0.0,0.0,True,False,predicted-supported,9,nonpaper diagnostic,1,suffix,2,True
2,0.234999999999995,65,True,1.000078103757211,1.000078103757211,0.0,0.0,True,False,predicted-supported,9,nonpaper diagnostic,1,suffix,2,True
87,0.2899999999999938,66,True,1.000078103757211,1.000078103757211,0.0,0.0,True,False,predicted-supported,9,nonpaper diagnostic,1,suffix,2,True
0,0.34691989474825435,67,True,1.0000781037572235,1.0000781037572235,0.0,0.0,True,False,predicted-supported,9,nonpaper diagnostic,1,suffix,2,True
27,0.40247545030380993,68,True,1.0000781037572235,1.0000781037572235,0.0,0.0,True,False,predicted-supported,9,nonpaper diagnostic,1,suffix,2,True
26,0.4580310058593655,69,True,1.0000781037572235,1.0000781037572235,0.0,0.0,True,False,predicted-supported,9,nonpaper diagnostic,1,suffix,2,True
6,0.5135865614149104,70,True,1.0000781037572275,1.0000781037572275,0.0,0.0,True,False,predicted-supported,9,nonpaper diagnostic,1,suffix,2,True
48,0.07487250434027137,72,True,1.0001373882040314,1.0001373882040314,0.0,0.0,True,False,predicted-supported,10,nonpaper diagnostic,1,suffix,3,True
90,0.12999999999999723,73,True,1.0001373882040314,1.0001373882040314,0.0,0.0,True,False,predicted-supported,10,nonpaper diagnostic,1,suffix,3,True
50,0.18499999999999606,74,True,1.0001373882040485,1.0001373882040485,0.0,0.0,True,False,predicted-supported,10,nonpaper diagnostic,1,suffix,3,True
9,0.2970947265624937,76,True,1.0001373882040485,1.0001373882040485,0.0,0.0,True,False,predicted-supported,10,nonpaper diagnostic,1,suffix,3,True
72,0.35265028211804905,77,True,1.0001373882040314,1.0001373882040314,0.0,0.0,True,False,predicted-supported,10,nonpaper diagnostic,1,suffix,3,True
25,0.4637613932291602,79,True,1.0001373882040314,1.0001373882040314,0.0,0.0,True,False,predicted-supported,10,nonpaper diagnostic,1,suffix,3,True
99,0.5193169487847054,80,True,1.0001373882040454,1.0001373882040454,0.0,0.0,True,False,predicted-supported,10,nonpaper diagnostic,1,suffix,3,True
86,0.026855061848954254,81,True,1.0000781049161158,1.0000781049161158,0.0,0.0,True,False,predicted-supported,7,nonpaper diagnostic,1,suffix,4,True
34,0.08241061740450983,82,True,1.0000781049161158,1.0000781049161158,0.0,0.0,True,False,predicted-supported,7,nonpaper diagnostic,1,suffix,4,True
43,0.13796617296006541,83,True,1.0000781049161158,1.0000781049161158,0.0,0.0,True,False,predicted-supported,7,nonpaper diagnostic,1,suffix,4,True
11,0.193521728515621,84,True,1.0000781049161267,1.0000781049161267,0.0,0.0,True,False,predicted-supported,7,nonpaper diagnostic,1,suffix,4,True
39,0.24907728407117657,85,True,1.0000781049161267,1.0000781049161267,0.0,0.0,True,False,predicted-supported,7,nonpaper diagnostic,1,suffix,4,True
42,0.30463283962673215,86,True,1.0000781049161267,1.0000781049161267,0.0,0.0,True,False,predicted-supported,7,nonpaper diagnostic,1,suffix,4,True
1,0.3599999999999923,87,True,1.0000781049161158,1.0000781049161158,0.0,0.0,True,False,predicted-supported,7,nonpaper diagnostic,1,suffix,4,True
52,0.41499999999999115,88,True,1.0000781049161158,1.0000781049161158,0.0,0.0,True,False,predicted-supported,7,nonpaper diagnostic,1,suffix,4,True
97,0.46999999999999,89,True,1.0000781049161158,1.0000781049161158,0.0,0.0,True,False,predicted-supported,7,nonpaper diagnostic,1,suffix,4,True
15,0.5268550618489438,90,True,1.0000781049161345,1.0000781049161345,0.0,0.0,True,False,predicted-supported,7,nonpaper diagnostic,1,suffix,4,True
71,0.004999999999999893,91,True,1.000078878138213,0.0,1.000078878138213,0.0,False,True,burst-only,10,nonpaper diagnostic,2,cue,1,
24,0.0616700575086806,92,True,1.000078878138213,0.0,1.000078878138213,0.0,False,True,burst-only,10,nonpaper diagnostic,2,cue,1,
57,0.11722561306423618,93,True,1.000078878138213,0.0,1.000078878138213,0.0,False,True,burst-only,10,nonpaper diagnostic,2,cue,1,
65,0.17278116861979176,94,True,1.0000788781382262,0.0,1.0000788781382262,0.0,False,True,burst-only,10,nonpaper diagnostic,2,cue,1,
93,0.22833672417534734,95,True,1.0000788781382262,0.0,1.0000788781382262,0.0,False,True,burst-only,10,nonpaper diagnostic,2,cue,1,
98,0.2838922797309029,96,True,1.0000788781382262,0.0,1.0000788781382262,0.0,False,True,burst-only,10,nonpaper diagnostic,2,cue,1,
16,0.3394478352864583,97,True,1.000078878138213,0.0,1.000078878138213,0.0,False,True,burst-only,10,nonpaper diagnostic,2,cue,1,
53,0.3949999999999916,98,True,1.000078878138213,0.0,1.000078878138213,0.0,False,True,burst-only,10,nonpaper diagnostic,2,cue,1,
82,0.4499999999999904,99,True,1.000078878138213,0.0,1.000078878138213,0.0,False,True,burst-only,10,nonpaper diagnostic,2,cue,1,
49,0.22818901909722222,455,False,1.0001408231000193,0.0,1.0001408231000193,0.0,False,True,burst-only,10,nonpaper diagnostic,2,cue,1,
91,0.004999999999999893,451,False,1.0001408231000364,0.0,1.0001408231000364,0.0,False,True,burst-only,10,nonpaper diagnostic,2,cue,1,
15,0.061522352430555705,452,False,1.0001408231000364,0.0,1.0001408231000364,0.0,False,True,burst-only,10,nonpaper diagnostic,2,cue,1,
27,0.11707790798611128,453,False,1.0001408231000364,0.0,1.0001408231000364,0.0,False,True,burst-only,10,nonpaper diagnostic,2,cue,1,
31,0.17263346354166664,454,False,1.0001408231000193,0.0,1.0001408231000193,0.0,False,True,burst-only,10,nonpaper diagnostic,2,cue,1,
11,0.2837445746527778,456,False,1.0001408231000193,0.0,1.0001408231000193,0.0,False,True,burst-only,10,nonpaper diagnostic,2,cue,1,
39,0.3393001302083334,457,False,1.0001408231000364,0.0,1.0001408231000364,0.0,False,True,burst-only,10,nonpaper diagnostic,2,cue,1,
68,0.39485568576388896,458,False,1.0001408231000364,0.0,1.0001408231000364,0.0,False,True,burst-only,10,nonpaper diagnostic,2,cue,1,
41,0.4499999999999904,459,False,1.0001408231000364,0.0,1.0001408231000364,0.0,False,True,burst-only,10,nonpaper diagnostic,2,cue,1,
33,0.5059667968749892,460,False,1.0001408231000053,0.0,1.0001408231000053,0.0,False,True,burst-only,10,nonpaper diagnostic,2,cue,1,
14,0.004999999999999893,101,True,1.0001408231000364,0.9001267407900327,0.10001408231000364,0.0,False,False,burst-assisted,10,nonpaper diagnostic,2,cue,2,
50,0.061522352430555705,102,True,1.0001408231000364,0.9001267407900327,0.10001408231000364,0.0,False,False,burst-assisted,10,nonpaper diagnostic,2,cue,2,
53,0.11707790798611128,103,True,1.0001408231000364,0.9001267407900327,0.10001408231000364,0.0,False,False,burst-assisted,10,nonpaper diagnostic,2,cue,2,
27,0.17263346354166664,104,True,1.0001408231000193,0.9001267407900172,0.10001408231000208,0.0,False,False,burst-assisted,10,nonpaper diagnostic,2,cue,2,
0,0.22818901909722222,105,True,1.0001408231000193,0.9001267407900172,0.10001408231000208,0.0,False,False,burst-assisted,10,nonpaper diagnostic,2,cue,2,
34,0.2837445746527778,106,True,1.0001408231000193,0.9001267407900172,0.10001408231000208,0.0,False,False,burst-assisted,10,nonpaper diagnostic,2,cue,2,
75,0.3393001302083334,107,True,1.0001408231000364,0.9001267407900327,0.10001408231000364,0.0,False,False,burst-assisted,10,nonpaper diagnostic,2,cue,2,
38,0.39485568576388896,108,True,1.0001408231000364,0.9001267407900327,0.10001408231000364,0.0,False,False,burst-assisted,10,nonpaper diagnostic,2,cue,2,
2,0.4499999999999904,109,True,1.0001408231000364,0.9001267407900327,0.10001408231000364,0.0,False,False,burst-assisted,10,nonpaper diagnostic,2,cue,2,
26,0.5059667968749892,110,True,1.0001408231000053,0.9001267407900048,0.10001408231000053,0.0,False,False,burst-assisted,10,nonpaper diagnostic,2,cue,2,
23,0.004999999999999893,111,True,1.0001408231000364,1.0001408231000364,0.0,0.0,True,False,predicted-supported,10,nonpaper diagnostic,2,cue,3,
50,0.061522352430555705,112,True,1.0001408231000364,1.0001408231000364,0.0,0.0,True,False,predicted-supported,10,nonpaper diagnostic,2,cue,3,
77,0.11707790798611128,113,True,1.0001408231000364,1.0001408231000364,0.0,0.0,True,False,predicted-supported,10,nonpaper diagnostic,2,cue,3,
82,0.17263346354166664,114,True,1.0001408231000193,1.0001408231000193,0.0,0.0,True,False,predicted-supported,10,nonpaper diagnostic,2,cue,3,
73,0.22818901909722222,115,True,1.0001408231000193,1.0001408231000193,0.0,0.0,True,False,predicted-supported,10,nonpaper diagnostic,2,cue,3,
12,0.2837445746527778,116,True,1.0001408231000193,1.0001408231000193,0.0,0.0,True,False,predicted-supported,10,nonpaper diagnostic,2,cue,3,
5,0.3393001302083334,117,True,1.0001408231000364,1.0001408231000364,0.0,0.0,True,False,predicted-supported,10,nonpaper diagnostic,2,cue,3,
18,0.39485568576388896,118,True,1.0001408231000364,1.0001408231000364,0.0,0.0,True,False,predicted-supported,10,nonpaper diagnostic,2,cue,3,
27,0.4499999999999904,119,True,1.0001408231000364,1.0001408231000364,0.0,0.0,True,False,predicted-supported,10,nonpaper diagnostic,2,cue,3,
56,0.5059667968749892,120,True,1.0001408231000053,1.0001408231000053,0.0,0.0,True,False,predicted-supported,10,nonpaper diagnostic,2,cue,3,
33,0.004999999999999893,121,True,1.000078878138213,1.000078878138213,0.0,0.0,True,False,predicted-supported,10,nonpaper diagnostic,2,cue,4,
1,0.0616700575086806,122,True,1.000078878138213,1.000078878138213,0.0,0.0,True,False,predicted-supported,10,nonpaper diagnostic,2,cue,4,
98,0.11722561306423618,123,True,1.000078878138213,1.000078878138213,0.0,0.0,True,False,predicted-supported,10,nonpaper diagnostic,2,cue,4,
78,0.17278116861979176,124,True,1.0000788781382262,1.0000788781382262,0.0,0.0,True,False,predicted-supported,10,nonpaper diagnostic,2,cue,4,
42,0.22833672417534734,125,True,1.0000788781382262,1.0000788781382262,0.0,0.0,True,False,predicted-supported,10,nonpaper diagnostic,2,cue,4,
37,0.2838922797309029,126,True,1.0000788781382262,1.0000788781382262,0.0,0.0,True,False,predicted-supported,10,nonpaper diagnostic,2,cue,4,
49,0.3394478352864583,127,True,1.000078878138213,1.000078878138213,0.0,0.0,True,False,predicted-supported,10,nonpaper diagnostic,2,cue,4,
9,0.3949999999999916,128,True,1.000078878138213,1.000078878138213,0.0,0.0,True,False,predicted-supported,10,nonpaper diagnostic,2,cue,4,
11,0.4499999999999904,129,True,1.000078878138213,1.000078878138213,0.0,0.0,True,False,predicted-supported,10,nonpaper diagnostic,2,cue,4,
26,0.5061145019531141,130,True,1.0000788781381833,1.0000788781381833,0.0,0.0,True,False,predicted-supported,10,nonpaper diagnostic,2,cue,4,
74,0.004999999999999893,131,True,1.0001408231000364,1.0001408231000364,0.0,0.0,True,False,predicted-supported,10,nonpaper diagnostic,2,cue,5,
81,0.061522352430555705,132,True,1.0001408231000364,1.0001408231000364,0.0,0.0,True,False,predicted-supported,10,nonpaper diagnostic,2,cue,5,
31,0.11707790798611128,133,True,1.0001408231000364,1.0001408231000364,0.0,0.0,True,False,predicted-supported,10,nonpaper diagnostic,2,cue,5,
1,0.17263346354166664,134,True,1.0001408231000193,1.0001408231000193,0.0,0.0,True,False,predicted-supported,10,nonpaper diagnostic,2,cue,5,
76,0.22818901909722222,135,True,1.0001408231000193,1.0001408231000193,0.0,0.0,True,False,predicted-supported,10,nonpaper diagnostic,2,cue,5,
47,0.2837445746527778,136,True,1.0001408231000193,1.0001408231000193,0.0,0.0,True,False,predicted-supported,10,nonpaper diagnostic,2,cue,5,
79,0.3393001302083334,137,True,1.0001408231000364,1.0001408231000364,0.0,0.0,True,False,predicted-supported,10,nonpaper diagnostic,2,cue,5,
58,0.39485568576388896,138,True,1.0001408231000364,1.0001408231000364,0.0,0.0,True,False,predicted-supported,10,nonpaper diagnostic,2,cue,5,
16,0.4499999999999904,139,True,1.0001408231000364,1.0001408231000364,0.0,0.0,True,False,predicted-supported,10,nonpaper diagnostic,2,cue,5,
75,0.5059667968749892,140,True,1.0001408231000053,1.0001408231000053,0.0,0.0,True,False,predicted-supported,10,nonpaper diagnostic,2,cue,5,
61,0.004999999999999893,141,True,1.0001339352033731,1.0001339352033731,0.0,0.0,True,False,predicted-supported,10,nonpaper diagnostic,2,suffix,1,True
73,0.06182630750868068,142,True,1.0001339352033731,1.0001339352033731,0.0,0.0,True,False,predicted-supported,10,nonpaper diagnostic,2,suffix,1,True
17,0.11738186306423626,143,True,1.0001339352033731,1.0001339352033731,0.0,0.0,True,False,predicted-supported,10,nonpaper diagnostic,2,suffix,1,True
49,0.17293741861979162,144,True,1.0001339352033576,1.0001339352033576,0.0,0.0,True,False,predicted-supported,10,nonpaper diagnostic,2,suffix,1,True
23,0.2284929741753472,145,True,1.0001339352033576,1.0001339352033576,0.0,0.0,True,False,predicted-supported,10,nonpaper diagnostic,2,suffix,1,True
80,0.2840485297309028,146,True,1.0001339352033576,1.0001339352033576,0.0,0.0,True,False,predicted-supported,10,nonpaper diagnostic,2,suffix,1,True
19,0.33960408528645836,147,True,1.0001339352033731,1.0001339352033731,0.0,0.0,True,False,predicted-supported,10,nonpaper diagnostic,2,suffix,1,True
39,0.3949999999999916,148,True,1.0001339352033731,1.0001339352033731,0.0,0.0,True,False,predicted-supported,10,nonpaper diagnostic,2,suffix,1,True
29,0.4499999999999904,149,True,1.0001339352033731,1.0001339352033731,0.0,0.0,True,False,predicted-supported,10,nonpaper diagnostic,2,suffix,1,True
78,0.5062707519531144,150,True,1.0001339352033731,1.0001339352033731,0.0,0.0,True,False,predicted-supported,10,nonpaper diagnostic,2,suffix,1,True
31,0.012027587890624858,151,True,1.0000420008365607,1.0000420008365607,0.0,0.0,True,False,predicted-supported,10,nonpaper diagnostic,2,suffix,2,True
92,0.06758314344618044,152,True,1.0000420008365607,1.0000420008365607,0.0,0.0,True,False,predicted-supported,10,nonpaper diagnostic,2,suffix,2,True
24,0.12313869900173602,153,True,1.0000420008365607,1.0000420008365607,0.0,0.0,True,False,predicted-supported,10,nonpaper diagnostic,2,suffix,2,True
20,0.17869425455729138,154,True,1.0000420008365465,1.0000420008365465,0.0,0.0,True,False,predicted-supported,10,nonpaper diagnostic,2,suffix,2,True
94,0.23424981011284696,155,True,1.0000420008365465,1.0000420008365465,0.0,0.0,True,False,predicted-supported,10,nonpaper diagnostic,2,suffix,2,True
80,0.28980536566840254,156,True,1.0000420008365465,1.0000420008365465,0.0,0.0,True,False,predicted-supported,10,nonpaper diagnostic,2,suffix,2,True
70,0.34499999999999265,157,True,1.0000420008365607,1.0000420008365607,0.0,0.0,True,False,predicted-supported,10,nonpaper diagnostic,2,suffix,2,True
25,0.3999999999999915,158,True,1.0000420008365607,1.0000420008365607,0.0,0.0,True,False,predicted-supported,10,nonpaper diagnostic,2,suffix,2,True
87,0.4564720323350693,159,True,1.0000420008365607,1.0000420008365607,0.0,0.0,True,False,predicted-supported,10,nonpaper diagnostic,2,suffix,2,True
49,0.512027587890614,160,True,1.0000420008365343,1.0000420008365343,0.0,0.0,True,False,predicted-supported,10,nonpaper diagnostic,2,suffix,2,True
61,0.017868923611102705,161,True,1.0001046388666006,1.0001046388666006,0.0,0.0,True,False,predicted-supported,10,nonpaper diagnostic,2,suffix,3,True
77,0.07342447916665829,162,True,1.0001046388666006,1.0001046388666006,0.0,0.0,True,False,predicted-supported,10,nonpaper diagnostic,2,suffix,3,True
10,0.12898003472221387,163,True,1.0001046388666006,1.0001046388666006,0.0,0.0,True,False,predicted-supported,10,nonpaper diagnostic,2,suffix,3,True
53,0.18453559027776922,164,True,1.0001046388665866,1.0001046388665866,0.0,0.0,True,False,predicted-supported,10,nonpaper diagnostic,2,suffix,3,True
6,0.23999999999999488,165,True,1.0001046388665866,1.0001046388665866,0.0,0.0,True,False,predicted-supported,10,nonpaper diagnostic,2,suffix,3,True
13,0.2949999999999937,166,True,1.0001046388665866,1.0001046388665866,0.0,0.0,True,False,predicted-supported,10,nonpaper diagnostic,2,suffix,3,True
4,0.34999999999999254,167,True,1.0001046388666006,1.0001046388666006,0.0,0.0,True,False,predicted-supported,10,nonpaper diagnostic,2,suffix,3,True
65,0.40675781249999154,168,True,1.0001046388666006,1.0001046388666006,0.0,0.0,True,False,predicted-supported,10,nonpaper diagnostic,2,suffix,3,True
32,0.4623133680555471,169,True,1.0001046388666006,1.0001046388666006,0.0,0.0,True,False,predicted-supported,10,nonpaper diagnostic,2,suffix,3,True
30,0.517868923611092,170,True,1.000104638866596,1.000104638866596,0.0,0.0,True,False,predicted-supported,10,nonpaper diagnostic,2,suffix,3,True
94,0.02364542643228429,171,True,1.0000049281516443,1.0000049281516443,0.0,0.0,True,False,predicted-supported,10,nonpaper diagnostic,2,suffix,4,True
90,0.07920098198783987,172,True,1.0000049281516443,1.0000049281516443,0.0,0.0,True,False,predicted-supported,10,nonpaper diagnostic,2,suffix,4,True
50,0.13475653754339545,173,True,1.0000049281516443,1.0000049281516443,0.0,0.0,True,False,predicted-supported,10,nonpaper diagnostic,2,suffix,4,True
32,0.18999999999999595,174,True,1.0000049281516306,1.0000049281516306,0.0,0.0,True,False,predicted-supported,10,nonpaper diagnostic,2,suffix,4,True
53,0.24499999999999478,175,True,1.0000049281516306,1.0000049281516306,0.0,0.0,True,False,predicted-supported,10,nonpaper diagnostic,2,suffix,4,True
76,0.2999999999999936,176,True,1.0000049281516306,1.0000049281516306,0.0,0.0,True,False,predicted-supported,10,nonpaper diagnostic,2,suffix,4,True
62,0.35697875976561755,177,True,1.0000049281516443,1.0000049281516443,0.0,0.0,True,False,predicted-supported,10,nonpaper diagnostic,2,suffix,4,True
37,0.41253431532117313,178,True,1.0000049281516443,1.0000049281516443,0.0,0.0,True,False,predicted-supported,10,nonpaper diagnostic,2,suffix,4,True
66,0.4680898708767287,179,True,1.0000049281516443,1.0000049281516443,0.0,0.0,True,False,predicted-supported,10,nonpaper diagnostic,2,suffix,4,True
22,0.5236454264322734,180,True,1.0000049281516121,1.0000049281516121,0.0,0.0,True,False,predicted-supported,10,nonpaper diagnostic,2,suffix,4,True
27,0.004999999999999893,181,True,1.0001408231000364,0.0,1.0001408231000364,0.0,False,True,burst-only,10,nonpaper diagnostic,3,cue,1,
26,0.061522352430555705,182,True,1.0001408231000364,0.0,1.0001408231000364,0.0,False,True,burst-only,10,nonpaper diagnostic,3,cue,1,
95,0.11707790798611128,183,True,1.0001408231000364,0.0,1.0001408231000364,0.0,False,True,burst-only,10,nonpaper diagnostic,3,cue,1,
2,0.17263346354166664,184,True,1.0001408231000193,0.0,1.0001408231000193,0.0,False,True,burst-only,10,nonpaper diagnostic,3,cue,1,
8,0.22818901909722222,185,True,1.0001408231000193,0.0,1.0001408231000193,0.0,False,True,burst-only,10,nonpaper diagnostic,3,cue,1,
34,0.2837445746527778,186,True,1.0001408231000193,0.0,1.0001408231000193,0.0,False,True,burst-only,10,nonpaper diagnostic,3,cue,1,
52,0.3393001302083334,187,True,1.0001408231000364,0.0,1.0001408231000364,0.0,False,True,burst-only,10,nonpaper diagnostic,3,cue,1,
57,0.39485568576388896,188,True,1.0001408231000364,0.0,1.0001408231000364,0.0,False,True,burst-only,10,nonpaper diagnostic,3,cue,1,
31,0.4499999999999904,189,True,1.0001408231000364,0.0,1.0001408231000364,0.0,False,True,burst-only,10,nonpaper diagnostic,3,cue,1,
7,0.5059667968749892,190,True,1.0001408231000053,0.0,1.0001408231000053,0.0,False,True,burst-only,10,nonpaper diagnostic,3,cue,1,
5,0.004999999999999893,191,True,1.0001408231000364,1.0001408231000364,0.0,0.0,True,False,predicted-supported,10,nonpaper diagnostic,3,cue,2,
22,0.061522352430555705,192,True,1.0001408231000364,1.0001408231000364,0.0,0.0,True,False,predicted-supported,10,nonpaper diagnostic,3,cue,2,
36,0.11707790798611128,193,True,1.0001408231000364,1.0001408231000364,0.0,0.0,True,False,predicted-supported,10,nonpaper diagnostic,3,cue,2,
47,0.17263346354166664,194,True,1.0001408231000193,1.0001408231000193,0.0,0.0,True,False,predicted-supported,10,nonpaper diagnostic,3,cue,2,
67,0.22818901909722222,195,True,1.0001408231000193,1.0001408231000193,0.0,0.0,True,False,predicted-supported,10,nonpaper diagnostic,3,cue,2,
73,0.2837445746527778,196,True,1.0001408231000193,1.0001408231000193,0.0,0.0,True,False,predicted-supported,10,nonpaper diagnostic,3,cue,2,
16,0.3393001302083334,197,True,1.0001408231000364,1.0001408231000364,0.0,0.0,True,False,predicted-supported,10,nonpaper diagnostic,3,cue,2,
11,0.39485568576388896,198,True,1.0001408231000364,1.0001408231000364,0.0,0.0,True,False,predicted-supported,10,nonpaper diagnostic,3,cue,2,
46,0.4499999999999904,199,True,1.0001408231000364,1.0001408231000364,0.0,0.0,True,False,predicted-supported,10,nonpaper diagnostic,3,cue,2,
17,0.5078857421874892,200,True,1.0000448442291552,1.0000448442291552,0.0,0.0,True,False,predicted-supported,10,nonpaper diagnostic,3,cue,2,
57,0.004999999999999893,201,True,1.0001408231000364,1.0001408231000364,0.0,0.0,True,False,predicted-supported,10,nonpaper diagnostic,3,cue,3,
42,0.061522352430555705,202,True,1.0001408231000364,1.0001408231000364,0.0,0.0,True,False,predicted-supported,10,nonpaper diagnostic,3,cue,3,
84,0.11707790798611128,203,True,1.0001408231000364,1.0001408231000364,0.0,0.0,True,False,predicted-supported,10,nonpaper diagnostic,3,cue,3,
93,0.17263346354166664,204,True,1.0001408231000193,1.0001408231000193,0.0,0.0,True,False,predicted-supported,10,nonpaper diagnostic,3,cue,3,
88,0.22818901909722222,205,True,1.0001408231000193,1.0001408231000193,0.0,0.0,True,False,predicted-supported,10,nonpaper diagnostic,3,cue,3,
66,0.2837445746527778,206,True,1.0001408231000193,1.0001408231000193,0.0,0.0,True,False,predicted-supported,10,nonpaper diagnostic,3,cue,3,
74,0.3393001302083334,207,True,1.0001408231000364,1.0001408231000364,0.0,0.0,True,False,predicted-supported,10,nonpaper diagnostic,3,cue,3,
17,0.39485568576388896,208,True,1.0001408231000364,1.0001408231000364,0.0,0.0,True,False,predicted-supported,10,nonpaper diagnostic,3,cue,3,
75,0.4499999999999904,209,True,1.0001408231000364,1.0001408231000364,0.0,0.0,True,False,predicted-supported,10,nonpaper diagnostic,3,cue,3,
4,0.5059667968749892,210,True,1.0001408231000053,1.0001408231000053,0.0,0.0,True,False,predicted-supported,10,nonpaper diagnostic,3,cue,3,
2,0.004999999999999893,211,True,1.0001408231000364,1.0001408231000364,0.0,0.0,True,False,predicted-supported,10,nonpaper diagnostic,3,cue,4,
60,0.061522352430555705,212,True,1.0001408231000364,1.0001408231000364,0.0,0.0,True,False,predicted-supported,10,nonpaper diagnostic,3,cue,4,
45,0.11707790798611128,213,True,1.0001408231000364,1.0001408231000364,0.0,0.0,True,False,predicted-supported,10,nonpaper diagnostic,3,cue,4,
89,0.17263346354166664,214,True,1.0001408231000193,1.0001408231000193,0.0,0.0,True,False,predicted-supported,10,nonpaper diagnostic,3,cue,4,
39,0.22818901909722222,215,True,1.0001408231000193,1.0001408231000193,0.0,0.0,True,False,predicted-supported,10,nonpaper diagnostic,3,cue,4,
4,0.2837445746527778,216,True,1.0001408231000193,1.0001408231000193,0.0,0.0,True,False,predicted-supported,10,nonpaper diagnostic,3,cue,4,
76,0.3393001302083334,217,True,1.0001408231000364,1.0001408231000364,0.0,0.0,True,False,predicted-supported,10,nonpaper diagnostic,3,cue,4,
81,0.3967746310763889,218,True,1.0000448442291763,1.0000448442291763,0.0,0.0,True,False,predicted-supported,10,nonpaper diagnostic,3,cue,4,
9,0.4499999999999904,219,True,1.0001408231000364,1.0001408231000364,0.0,0.0,True,False,predicted-supported,10,nonpaper diagnostic,3,cue,4,
61,0.5059667968749892,220,True,1.0001408231000053,1.0001408231000053,0.0,0.0,True,False,predicted-supported,10,nonpaper diagnostic,3,cue,4,
8,0.004999999999999893,221,True,1.000078878138213,1.000078878138213,0.0,0.0,True,False,predicted-supported,10,nonpaper diagnostic,3,cue,5,
93,0.0616700575086806,222,True,1.000078878138213,1.000078878138213,0.0,0.0,True,False,predicted-supported,10,nonpaper diagnostic,3,cue,5,
39,0.11722561306423618,223,True,1.000078878138213,1.000078878138213,0.0,0.0,True,False,predicted-supported,10,nonpaper diagnostic,3,cue,5,
40,0.17278116861979176,224,True,1.0000788781382262,1.0000788781382262,0.0,0.0,True,False,predicted-supported,10,nonpaper diagnostic,3,cue,5,
17,0.22833672417534734,225,True,1.0000788781382262,1.0000788781382262,0.0,0.0,True,False,predicted-supported,10,nonpaper diagnostic,3,cue,5,
9,0.2838922797309029,226,True,1.0000788781382262,1.0000788781382262,0.0,0.0,True,False,predicted-supported,10,nonpaper diagnostic,3,cue,5,
57,0.3394478352864583,227,True,1.000078878138213,1.000078878138213,0.0,0.0,True,False,predicted-supported,10,nonpaper diagnostic,3,cue,5,
69,0.3949999999999916,228,True,1.000078878138213,1.000078878138213,0.0,0.0,True,False,predicted-supported,10,nonpaper diagnostic,3,cue,5,
47,0.4499999999999904,229,True,1.000078878138213,1.000078878138213,0.0,0.0,True,False,predicted-supported,10,nonpaper diagnostic,3,cue,5,
94,0.5061145019531141,230,True,1.0000788781381833,1.0000788781381833,0.0,0.0,True,False,predicted-supported,10,nonpaper diagnostic,3,cue,5,
5,0.004999999999999893,231,True,1.0001408231000364,1.0001408231000364,0.0,0.0,True,False,predicted-supported,10,nonpaper diagnostic,3,suffix,1,True
94,0.061522352430555705,232,True,1.0001408231000364,1.0001408231000364,0.0,0.0,True,False,predicted-supported,10,nonpaper diagnostic,3,suffix,1,True
90,0.11707790798611128,233,True,1.0001408231000364,1.0001408231000364,0.0,0.0,True,False,predicted-supported,10,nonpaper diagnostic,3,suffix,1,True
16,0.17263346354166664,234,True,1.0001408231000193,1.0001408231000193,0.0,0.0,True,False,predicted-supported,10,nonpaper diagnostic,3,suffix,1,True
43,0.22818901909722222,235,True,1.0001408231000193,1.0001408231000193,0.0,0.0,True,False,predicted-supported,10,nonpaper diagnostic,3,suffix,1,True
45,0.2837445746527778,236,True,1.0001408231000193,1.0001408231000193,0.0,0.0,True,False,predicted-supported,10,nonpaper diagnostic,3,suffix,1,True
10,0.3393001302083334,237,True,1.0001408231000364,1.0001408231000364,0.0,0.0,True,False,predicted-supported,10,nonpaper diagnostic,3,suffix,1,True
87,0.39485568576388896,238,True,1.0001408231000364,1.0001408231000364,0.0,0.0,True,False,predicted-supported,10,nonpaper diagnostic,3,suffix,1,True
60,0.4499999999999904,239,True,1.0001408231000364,1.0001408231000364,0.0,0.0,True,False,predicted-supported,10,nonpaper diagnostic,3,suffix,1,True
9,0.5059667968749892,240,True,1.0001408231000053,1.0001408231000053,0.0,0.0,True,False,predicted-supported,10,nonpaper diagnostic,3,suffix,1,True
53,0.011945800781250071,241,True,1.0000016613170755,1.0000016613170755,0.0,0.0,True,False,predicted-supported,10,nonpaper diagnostic,3,suffix,2,True
3,0.06750135633680565,242,True,1.0000016613170755,1.0000016613170755,0.0,0.0,True,False,predicted-supported,10,nonpaper diagnostic,3,suffix,2,True
63,0.12305691189236123,243,True,1.0000016613170755,1.0000016613170755,0.0,0.0,True,False,predicted-supported,10,nonpaper diagnostic,3,suffix,2,True
73,0.1786124674479166,244,True,1.000001661317062,1.000001661317062,0.0,0.0,True,False,predicted-supported,10,nonpaper diagnostic,3,suffix,2,True
1,0.23416802300347217,245,True,1.000001661317062,1.000001661317062,0.0,0.0,True,False,predicted-supported,10,nonpaper diagnostic,3,suffix,2,True
79,0.28972357855902775,246,True,1.000001661317062,1.000001661317062,0.0,0.0,True,False,predicted-supported,10,nonpaper diagnostic,3,suffix,2,True
84,0.34499999999999265,247,True,1.0000016613170755,1.0000016613170755,0.0,0.0,True,False,predicted-supported,10,nonpaper diagnostic,3,suffix,2,True
48,0.3999999999999915,248,True,1.0000016613170755,1.0000016613170755,0.0,0.0,True,False,predicted-supported,10,nonpaper diagnostic,3,suffix,2,True
74,0.4549999999999903,249,True,1.0000016613170755,1.0000016613170755,0.0,0.0,True,False,predicted-supported,10,nonpaper diagnostic,3,suffix,2,True
77,0.511945800781239,250,True,1.0000016613170108,1.0000016613170108,0.0,0.0,True,False,predicted-supported,10,nonpaper diagnostic,3,suffix,2,True
9,0.017668592664920935,251,True,1.0001230260832625,1.0001230260832625,0.0,0.0,True,False,predicted-supported,10,nonpaper diagnostic,3,suffix,3,True
10,0.07322414822047651,252,True,1.0001230260832625,1.0001230260832625,0.0,0.0,True,False,predicted-supported,10,nonpaper diagnostic,3,suffix,3,True
11,0.1287797037760321,253,True,1.0001230260832625,1.0001230260832625,0.0,0.0,True,False,predicted-supported,10,nonpaper diagnostic,3,suffix,3,True
81,0.18433525933158745,254,True,1.0001230260832488,1.0001230260832488,0.0,0.0,True,False,predicted-supported,10,nonpaper diagnostic,3,suffix,3,True
14,0.23989081488714303,255,True,1.0001230260832488,1.0001230260832488,0.0,0.0,True,False,predicted-supported,10,nonpaper diagnostic,3,suffix,3,True
32,0.2949999999999937,256,True,1.0001230260832488,1.0001230260832488,0.0,0.0,True,False,predicted-supported,10,nonpaper diagnostic,3,suffix,3,True
53,0.34999999999999254,257,True,1.0001230260832625,1.0001230260832625,0.0,0.0,True,False,predicted-supported,10,nonpaper diagnostic,3,suffix,3,True
93,0.4065574815538098,258,True,1.0001230260832625,1.0001230260832625,0.0,0.0,True,False,predicted-supported,10,nonpaper diagnostic,3,suffix,3,True
42,0.46211303710936535,259,True,1.0001230260832625,1.0001230260832625,0.0,0.0,True,False,predicted-supported,10,nonpaper diagnostic,3,suffix,3,True
49,0.5176685926649103,260,True,1.0001230260832576,1.0001230260832576,0.0,0.0,True,False,predicted-supported,10,nonpaper diagnostic,3,suffix,3,True
94,0.024999999999999467,261,True,1.0000151900420733,1.0000151900420733,0.0,0.0,True,False,predicted-supported,10,nonpaper diagnostic,3,suffix,4,True
88,0.0799999999999983,262,True,1.0000077020651132,1.0000077020651132,0.0,0.0,True,False,predicted-supported,10,nonpaper diagnostic,3,suffix,4,True
74,0.13678778754339538,263,True,1.0000151900420733,1.0000151900420733,0.0,0.0,True,False,predicted-supported,10,nonpaper diagnostic,3,suffix,4,True
58,0.19234334309895074,264,True,1.0000151900420637,1.0000151900420637,0.0,0.0,True,False,predicted-supported,10,nonpaper diagnostic,3,suffix,4,True
59,0.302493760850687,266,True,1.0000698328496755,1.0000698328496755,0.0,0.0,True,False,predicted-supported,10,nonpaper diagnostic,3,suffix,4,True
69,0.3595971679687424,267,True,0.999983824239419,0.999983824239419,0.0,0.0,True,False,predicted-supported,10,nonpaper diagnostic,3,suffix,4,True
10,0.41456556532117306,268,True,1.0000151900420733,1.0000151900420733,0.0,0.0,True,False,predicted-supported,10,nonpaper diagnostic,3,suffix,4,True
96,0.5237967936197736,270,True,1.0000222446569556,1.0000222446569556,0.0,0.0,True,False,predicted-supported,10,nonpaper diagnostic,3,suffix,4,True
63,0.004999999999999893,271,True,1.0001408231000364,0.0,1.0001408231000364,0.0,False,True,burst-only,10,nonpaper diagnostic,4,cue,1,
99,0.061522352430555705,272,True,1.0001408231000364,0.0,1.0001408231000364,0.0,False,True,burst-only,10,nonpaper diagnostic,4,cue,1,
78,0.11707790798611128,273,True,1.0001408231000364,0.0,1.0001408231000364,0.0,False,True,burst-only,10,nonpaper diagnostic,4,cue,1,
84,0.17263346354166664,274,True,1.0001408231000193,0.0,1.0001408231000193,0.0,False,True,burst-only,10,nonpaper diagnostic,4,cue,1,
62,0.22818901909722222,275,True,1.0001408231000193,0.0,1.0001408231000193,0.0,False,True,burst-only,10,nonpaper diagnostic,4,cue,1,
32,0.2837445746527778,276,True,1.0001408231000193,0.0,1.0001408231000193,0.0,False,True,burst-only,10,nonpaper diagnostic,4,cue,1,
1,0.3393001302083334,277,True,1.0001408231000364,0.0,1.0001408231000364,0.0,False,True,burst-only,10,nonpaper diagnostic,4,cue,1,
47,0.39485568576388896,278,True,1.0001408231000364,0.0,1.0001408231000364,0.0,False,True,burst-only,10,nonpaper diagnostic,4,cue,1,
38,0.4499999999999904,279,True,1.0001408231000364,0.0,1.0001408231000364,0.0,False,True,burst-only,10,nonpaper diagnostic,4,cue,1,
18,0.5059667968749892,280,True,1.0001408231000053,0.0,1.0001408231000053,0.0,False,True,burst-only,10,nonpaper diagnostic,4,cue,1,
14,0.3599999999999923,385,False,0.9999827246701011,0.0,0.9999827246701011,0.0,False,True,burst-only,3,nonpaper diagnostic,4,cue,1,
86,0.006589355468749947,281,True,1.0000198739912303,1.0000198739912303,0.0,0.0,True,False,predicted-supported,10,nonpaper diagnostic,4,cue,2,
78,0.06214491102430553,282,True,1.0000198739912303,1.0000198739912303,0.0,0.0,True,False,predicted-supported,10,nonpaper diagnostic,4,cue,2,
25,0.11770046657986111,283,True,1.0000198739912303,1.0000198739912303,0.0,0.0,True,False,predicted-supported,10,nonpaper diagnostic,4,cue,2,
66,0.17278116861979176,284,True,1.0000788781382262,1.0000788781382262,0.0,0.0,True,False,predicted-supported,10,nonpaper diagnostic,4,cue,2,
21,0.22881157769097205,285,True,1.0000198739912152,1.0000198739912152,0.0,0.0,True,False,predicted-supported,10,nonpaper diagnostic,4,cue,2,
96,0.2843671332465276,286,True,1.0000198739912152,1.0000198739912152,0.0,0.0,True,False,predicted-supported,10,nonpaper diagnostic,4,cue,2,
43,0.3397676595052084,287,True,1.000062538141934,1.000062538141934,0.0,0.0,True,False,predicted-supported,10,nonpaper diagnostic,4,cue,2,
84,0.3949999999999916,288,True,1.000062538141934,1.000062538141934,0.0,0.0,True,False,predicted-supported,10,nonpaper diagnostic,4,cue,2,
56,0.4499999999999904,289,True,1.0000198739912303,1.0000198739912303,0.0,0.0,True,False,predicted-supported,10,nonpaper diagnostic,4,cue,2,
63,0.5061145019531141,290,True,1.0000788781381833,1.0000788781381833,0.0,0.0,True,False,predicted-supported,10,nonpaper diagnostic,4,cue,2,
30,0.004999999999999893,291,True,1.0001408231000364,1.0001408231000364,0.0,0.0,True,False,predicted-supported,10,nonpaper diagnostic,4,cue,3,
41,0.061522352430555705,292,True,1.0001408231000364,1.0001408231000364,0.0,0.0,True,False,predicted-supported,10,nonpaper diagnostic,4,cue,3,
51,0.11707790798611128,293,True,1.0001408231000364,1.0001408231000364,0.0,0.0,True,False,predicted-supported,10,nonpaper diagnostic,4,cue,3,
85,0.17263346354166664,294,True,1.0001408231000193,1.0001408231000193,0.0,0.0,True,False,predicted-supported,10,nonpaper diagnostic,4,cue,3,
32,0.22818901909722222,295,True,1.0001408231000193,1.0001408231000193,0.0,0.0,True,False,predicted-supported,10,nonpaper diagnostic,4,cue,3,
25,0.2837445746527778,296,True,1.0001408231000193,1.0001408231000193,0.0,0.0,True,False,predicted-supported,10,nonpaper diagnostic,4,cue,3,
81,0.3393001302083334,297,True,1.0001408231000364,1.0001408231000364,0.0,0.0,True,False,predicted-supported,10,nonpaper diagnostic,4,cue,3,
55,0.39485568576388896,298,True,1.0001408231000364,1.0001408231000364,0.0,0.0,True,False,predicted-supported,10,nonpaper diagnostic,4,cue,3,
96,0.4499999999999904,299,True,1.0001408231000364,1.0001408231000364,0.0,0.0,True,False,predicted-supported,10,nonpaper diagnostic,4,cue,3,
27,0.5059667968749892,300,True,1.0001408231000053,1.0001408231000053,0.0,0.0,True,False,predicted-supported,10,nonpaper diagnostic,4,cue,3,
49,0.004999999999999893,301,True,1.0001408231000364,1.0001408231000364,0.0,0.0,True,False,predicted-supported,10,nonpaper diagnostic,4,cue,4,
28,0.061522352430555705,302,True,1.0001408231000364,1.0001408231000364,0.0,0.0,True,False,predicted-supported,10,nonpaper diagnostic,4,cue,4,
74,0.11707790798611128,303,True,1.0001408231000364,1.0001408231000364,0.0,0.0,True,False,predicted-supported,10,nonpaper diagnostic,4,cue,4,
40,0.17263346354166664,304,True,1.0001408231000193,1.0001408231000193,0.0,0.0,True,False,predicted-supported,10,nonpaper diagnostic,4,cue,4,
26,0.22818901909722222,305,True,1.0001408231000193,1.0001408231000193,0.0,0.0,True,False,predicted-supported,10,nonpaper diagnostic,4,cue,4,
17,0.2837445746527778,306,True,1.0001408231000193,1.0001408231000193,0.0,0.0,True,False,predicted-supported,10,nonpaper diagnostic,4,cue,4,
63,0.3393001302083334,307,True,1.0001408231000364,1.0001408231000364,0.0,0.0,True,False,predicted-supported,10,nonpaper diagnostic,4,cue,4,
44,0.39485568576388896,308,True,1.0001408231000364,1.0001408231000364,0.0,0.0,True,False,predicted-supported,10,nonpaper diagnostic,4,cue,4,
5,0.4499999999999904,309,True,1.0001408231000364,1.0001408231000364,0.0,0.0,True,False,predicted-supported,10,nonpaper diagnostic,4,cue,4,
91,0.5059667968749892,310,True,1.0001408231000053,1.0001408231000053,0.0,0.0,True,False,predicted-supported,10,nonpaper diagnostic,4,cue,4,
8,0.004999999999999893,311,True,1.000078878138213,1.000078878138213,0.0,0.0,True,False,predicted-supported,10,nonpaper diagnostic,4,cue,5,
35,0.0616700575086806,312,True,1.000078878138213,1.000078878138213,0.0,0.0,True,False,predicted-supported,10,nonpaper diagnostic,4,cue,5,
21,0.11722561306423618,313,True,1.000078878138213,1.000078878138213,0.0,0.0,True,False,predicted-supported,10,nonpaper diagnostic,4,cue,5,
14,0.17278116861979176,314,True,1.0000788781382262,1.0000788781382262,0.0,0.0,True,False,predicted-supported,10,nonpaper diagnostic,4,cue,5,
57,0.22833672417534734,315,True,1.0000788781382262,1.0000788781382262,0.0,0.0,True,False,predicted-supported,10,nonpaper diagnostic,4,cue,5,
60,0.2838922797309029,316,True,1.0000788781382262,1.0000788781382262,0.0,0.0,True,False,predicted-supported,10,nonpaper diagnostic,4,cue,5,
27,0.3394478352864583,317,True,1.000078878138213,1.000078878138213,0.0,0.0,True,False,predicted-supported,10,nonpaper diagnostic,4,cue,5,
52,0.3949999999999916,318,True,1.000078878138213,1.000078878138213,0.0,0.0,True,False,predicted-supported,10,nonpaper diagnostic,4,cue,5,
48,0.4499999999999904,319,True,1.000078878138213,1.000078878138213,0.0,0.0,True,False,predicted-supported,10,nonpaper diagnostic,4,cue,5,
80,0.5061145019531141,320,True,1.0000788781381833,1.0000788781381833,0.0,0.0,True,False,predicted-supported,10,nonpaper diagnostic,4,cue,5,
9,0.004999999999999893,321,True,1.0001339352033731,1.0001339352033731,0.0,0.0,True,False,predicted-supported,10,nonpaper diagnostic,4,suffix,1,True
10,0.06182630750868068,322,True,1.0001339352033731,1.0001339352033731,0.0,0.0,True,False,predicted-supported,10,nonpaper diagnostic,4,suffix,1,True
11,0.11738186306423626,323,True,1.0001339352033731,1.0001339352033731,0.0,0.0,True,False,predicted-supported,10,nonpaper diagnostic,4,suffix,1,True
81,0.17278116861979176,324,True,1.0000788781382262,1.0000788781382262,0.0,0.0,True,False,predicted-supported,10,nonpaper diagnostic,4,suffix,1,True
14,0.2284929741753472,325,True,1.0001339352033576,1.0001339352033576,0.0,0.0,True,False,predicted-supported,10,nonpaper diagnostic,4,suffix,1,True
32,0.28267890082465286,326,True,1.0001081004659678,1.0001081004659678,0.0,0.0,True,False,predicted-supported,10,nonpaper diagnostic,4,suffix,1,True
53,0.33960408528645836,327,True,1.0001339352033731,1.0001339352033731,0.0,0.0,True,False,predicted-supported,10,nonpaper diagnostic,4,suffix,1,True
93,0.3949999999999916,328,True,1.0001339352033731,1.0001339352033731,0.0,0.0,True,False,predicted-supported,10,nonpaper diagnostic,4,suffix,1,True
42,0.4499999999999904,329,True,1.0001339352033731,1.0001339352033731,0.0,0.0,True,False,predicted-supported,10,nonpaper diagnostic,4,suffix,1,True
49,0.5062707519531144,330,True,1.0001339352033731,1.0001339352033731,0.0,0.0,True,False,predicted-supported,10,nonpaper diagnostic,4,suffix,1,True
63,0.014062500000000089,331,True,1.0000568423091774,1.0000568423091774,0.0,0.0,True,False,predicted-supported,10,nonpaper diagnostic,4,suffix,2,True
99,0.06758192274305563,332,True,1.0000424765651317,1.0000424765651317,0.0,0.0,True,False,predicted-supported,10,nonpaper diagnostic,4,suffix,2,True
78,0.12345730251736131,333,True,1.0000243050248296,1.0000243050248296,0.0,0.0,True,False,predicted-supported,10,nonpaper diagnostic,4,suffix,2,True
84,0.17999999999999616,334,True,1.0000568423091891,1.0000568423091891,0.0,0.0,True,False,predicted-supported,10,nonpaper diagnostic,4,suffix,2,True
62,0.234999999999995,335,True,1.000060292794739,1.000060292794739,0.0,0.0,True,False,predicted-supported,10,nonpaper diagnostic,4,suffix,2,True
32,0.29212348090277795,336,True,1.000053007185119,1.000053007185119,0.0,0.0,True,False,predicted-supported,10,nonpaper diagnostic,4,suffix,2,True
1,0.3464339192708332,337,True,0.9999917112255907,0.9999917112255907,0.0,0.0,True,False,predicted-supported,10,nonpaper diagnostic,4,suffix,2,True
47,0.4019894748263888,338,True,0.9999917112255907,0.9999917112255907,0.0,0.0,True,False,predicted-supported,10,nonpaper diagnostic,4,suffix,2,True
38,0.45696397569444436,339,True,1.0000508994340505,1.0000508994340505,0.0,0.0,True,False,predicted-supported,10,nonpaper diagnostic,4,suffix,2,True
18,0.5120263671874892,340,True,1.0000424765651035,1.0000424765651035,0.0,0.0,True,False,predicted-supported,10,nonpaper diagnostic,4,suffix,2,True
87,0.2399431694878471,693,False,1.0000294576698414,1.0000294576698414,0.0,0.0,True,False,predicted-supported,5,nonpaper diagnostic,4,suffix,2,True
9,0.34999999999999254,695,False,1.0000471517545866,1.0000471517545866,0.0,0.0,True,False,predicted-supported,5,nonpaper diagnostic,4,suffix,2,True
61,0.40709323459201396,696,False,1.0000320825915798,1.0000320825915798,0.0,0.0,True,False,predicted-supported,5,nonpaper diagnostic,4,suffix,2,True
13,0.46216539171006943,697,False,1.0000294576698479,1.0000294576698479,0.0,0.0,True,False,predicted-supported,5,nonpaper diagnostic,4,suffix,2,True
3,0.5177209472656141,698,False,1.0000294576698354,1.0000294576698354,0.0,0.0,True,False,predicted-supported,5,nonpaper diagnostic,4,suffix,2,True
66,0.01940307617186443,341,True,1.0001159194419962,1.0001159194419962,0.0,0.0,True,False,predicted-supported,10,nonpaper diagnostic,4,suffix,3,True
63,0.07495863172742001,342,True,1.0001159194419962,1.0001159194419962,0.0,0.0,True,False,predicted-supported,10,nonpaper diagnostic,4,suffix,3,True
86,0.12999999999999723,343,True,0.9999946402900532,0.9999946402900532,0.0,0.0,True,False,predicted-supported,10,nonpaper diagnostic,4,suffix,3,True
40,0.18499999999999606,344,True,1.0001159194419837,1.0001159194419837,0.0,0.0,True,False,predicted-supported,10,nonpaper diagnostic,4,suffix,3,True
91,0.24162529839408653,345,True,1.0001159194419837,1.0001159194419837,0.0,0.0,True,False,predicted-supported,10,nonpaper diagnostic,4,suffix,3,True
79,0.2971808539496421,346,True,1.0001159194419837,1.0001159194419837,0.0,0.0,True,False,predicted-supported,10,nonpaper diagnostic,4,suffix,3,True
57,0.3527364095051977,347,True,1.0001159194419962,1.0001159194419962,0.0,0.0,True,False,predicted-supported,10,nonpaper diagnostic,4,suffix,3,True
41,0.40829196506075327,348,True,1.0001159194419962,1.0001159194419962,0.0,0.0,True,False,predicted-supported,10,nonpaper diagnostic,4,suffix,3,True
9,0.46384752061630885,349,True,1.0001159194419962,1.0001159194419962,0.0,0.0,True,False,predicted-supported,10,nonpaper diagnostic,4,suffix,3,True
4,0.029360758463534253,699,False,1.0000079114134734,1.0000079114134734,0.0,0.0,True,False,predicted-supported,5,nonpaper diagnostic,4,suffix,3,True
97,0.08491631401908983,700,False,1.0000079114134734,1.0000079114134734,0.0,0.0,True,False,predicted-supported,5,nonpaper diagnostic,4,suffix,3,True
70,0.13999999999999702,701,False,1.0000079114134734,1.0000079114134734,0.0,0.0,True,False,predicted-supported,5,nonpaper diagnostic,4,suffix,3,True
78,0.19499999999999584,702,False,1.0000079114134697,1.0000079114134697,0.0,0.0,True,False,predicted-supported,5,nonpaper diagnostic,4,suffix,3,True
65,0.25158298068575635,703,False,1.0000079114134697,1.0000079114134697,0.0,0.0,True,False,predicted-supported,5,nonpaper diagnostic,4,suffix,3,True
72,0.30713853624131193,704,False,1.0000079114134697,1.0000079114134697,0.0,0.0,True,False,predicted-supported,5,nonpaper diagnostic,4,suffix,3,True
61,0.3626940917968675,705,False,1.0000079114134734,1.0000079114134734,0.0,0.0,True,False,predicted-supported,5,nonpaper diagnostic,4,suffix,3,True
18,0.4182496473524231,706,False,1.0000079114134734,1.0000079114134734,0.0,0.0,True,False,predicted-supported,5,nonpaper diagnostic,4,suffix,3,True
24,0.4738052029079787,707,False,1.0000079114134734,1.0000079114134734,0.0,0.0,True,False,predicted-supported,5,nonpaper diagnostic,4,suffix,3,True
23,0.5293607584635234,708,False,1.0000079114134621,1.0000079114134621,0.0,0.0,True,False,predicted-supported,5,nonpaper diagnostic,4,suffix,3,True
9,0.024999999999999467,351,True,1.0000537377551832,1.0000537377551832,0.0,0.0,True,False,predicted-supported,9,nonpaper diagnostic,4,suffix,4,True
10,0.08157687717013506,352,True,1.0000537377551832,1.0000537377551832,0.0,0.0,True,False,predicted-supported,9,nonpaper diagnostic,4,suffix,4,True
11,0.13713243272569065,353,True,1.0000537377551832,1.0000537377551832,0.0,0.0,True,False,predicted-supported,9,nonpaper diagnostic,4,suffix,4,True
81,0.19268798828124623,354,True,1.0000537377551977,1.0000537377551977,0.0,0.0,True,False,predicted-supported,9,nonpaper diagnostic,4,suffix,4,True
14,0.2482435438368018,355,True,1.0000537377551977,1.0000537377551977,0.0,0.0,True,False,predicted-supported,9,nonpaper diagnostic,4,suffix,4,True
32,0.3037990993923574,356,True,1.0000537377551977,1.0000537377551977,0.0,0.0,True,False,predicted-supported,9,nonpaper diagnostic,4,suffix,4,True
53,0.35935465494791274,357,True,1.0000537377551832,1.0000537377551832,0.0,0.0,True,False,predicted-supported,9,nonpaper diagnostic,4,suffix,4,True
93,0.4149102105034683,358,True,1.0000537377551832,1.0000537377551832,0.0,0.0,True,False,predicted-supported,9,nonpaper diagnostic,4,suffix,4,True
42,0.46999999999999,359,True,1.0000537377551832,1.0000537377551832,0.0,0.0,True,False,predicted-supported,9,nonpaper diagnostic,4,suffix,4,True
49,0.5260213216145684,360,True,1.0000537377551262,1.0000537377551262,0.0,0.0,True,False,predicted-supported,9,nonpaper diagnostic,4,suffix,4,True
2,0.004999999999999893,361,True,1.0001408231000364,0.0,1.0001408231000364,0.0,False,True,burst-only,10,nonpaper diagnostic,5,cue,1,
82,0.061522352430555705,362,True,1.0001408231000364,0.0,1.0001408231000364,0.0,False,True,burst-only,10,nonpaper diagnostic,5,cue,1,
17,0.11707790798611128,363,True,1.0001408231000364,0.0,1.0001408231000364,0.0,False,True,burst-only,10,nonpaper diagnostic,5,cue,1,
51,0.17263346354166664,364,True,1.0001408231000193,0.0,1.0001408231000193,0.0,False,True,burst-only,10,nonpaper diagnostic,5,cue,1,
58,0.22818901909722222,365,True,1.0001408231000193,0.0,1.0001408231000193,0.0,False,True,burst-only,10,nonpaper diagnostic,5,cue,1,
24,0.2837445746527778,366,True,1.0001408231000193,0.0,1.0001408231000193,0.0,False,True,burst-only,10,nonpaper diagnostic,5,cue,1,
3,0.3393001302083334,367,True,1.0001408231000364,0.0,1.0001408231000364,0.0,False,True,burst-only,10,nonpaper diagnostic,5,cue,1,
98,0.39485568576388896,368,True,1.0001408231000364,0.0,1.0001408231000364,0.0,False,True,burst-only,10,nonpaper diagnostic,5,cue,1,
34,0.4499999999999904,369,True,1.0001408231000364,0.0,1.0001408231000364,0.0,False,True,burst-only,10,nonpaper diagnostic,5,cue,1,
30,0.5059667968749892,370,True,1.0001408231000053,0.0,1.0001408231000053,0.0,False,True,burst-only,10,nonpaper diagnostic,5,cue,1,
9,0.004999999999999893,371,True,1.0001408231000364,1.0001408231000364,0.0,0.0,True,False,predicted-supported,10,nonpaper diagnostic,5,cue,2,
10,0.061522352430555705,372,True,1.0001408231000364,1.0001408231000364,0.0,0.0,True,False,predicted-supported,10,nonpaper diagnostic,5,cue,2,
11,0.11707790798611128,373,True,1.0001408231000364,1.0001408231000364,0.0,0.0,True,False,predicted-supported,10,nonpaper diagnostic,5,cue,2,
81,0.17263346354166664,374,True,1.0001408231000193,1.0001408231000193,0.0,0.0,True,False,predicted-supported,10,nonpaper diagnostic,5,cue,2,
14,0.22818901909722222,375,True,1.0001408231000193,1.0001408231000193,0.0,0.0,True,False,predicted-supported,10,nonpaper diagnostic,5,cue,2,
32,0.2837445746527778,376,True,1.0001408231000193,1.0001408231000193,0.0,0.0,True,False,predicted-supported,10,nonpaper diagnostic,5,cue,2,
53,0.3393001302083334,377,True,1.0001408231000364,1.0001408231000364,0.0,0.0,True,False,predicted-supported,10,nonpaper diagnostic,5,cue,2,
93,0.39485568576388896,378,True,1.0001408231000364,1.0001408231000364,0.0,0.0,True,False,predicted-supported,10,nonpaper diagnostic,5,cue,2,
42,0.4499999999999904,379,True,1.0001408231000364,1.0001408231000364,0.0,0.0,True,False,predicted-supported,10,nonpaper diagnostic,5,cue,2,
49,0.5059667968749892,380,True,1.0001408231000053,1.0001408231000053,0.0,0.0,True,False,predicted-supported,10,nonpaper diagnostic,5,cue,2,
99,0.004999999999999893,381,True,1.0001408231000362,1.0001408231000362,0.0,0.0,True,False,predicted-supported,10,nonpaper diagnostic,5,cue,3,
18,0.05999999999999872,382,True,1.0000850021555732,1.0000850021555732,0.0,0.0,True,False,predicted-supported,10,nonpaper diagnostic,5,cue,3,
6,0.11707790798611128,383,True,1.0001408231000362,1.0001408231000362,0.0,0.0,True,False,predicted-supported,10,nonpaper diagnostic,5,cue,3,
80,0.17176920572916643,384,True,0.9999875742488091,0.9999875742488091,0.0,0.0,True,False,predicted-supported,10,nonpaper diagnostic,5,cue,3,
14,0.2249999999999952,385,True,1.0002312014524741,1.0002312014524741,0.0,0.0,True,False,predicted-supported,10,nonpaper diagnostic,5,cue,3,
57,0.2827777777777778,386,True,1.0000861202899924,1.0000861202899924,0.0,0.0,True,False,predicted-supported,10,nonpaper diagnostic,5,cue,3,
13,0.3393001302083334,387,True,1.0001408231000362,1.0001408231000362,0.0,0.0,True,False,predicted-supported,10,nonpaper diagnostic,5,cue,3,
68,0.39307101779513887,388,True,1.0001475720374597,1.0001475720374597,0.0,0.0,True,False,predicted-supported,10,nonpaper diagnostic,5,cue,3,
83,0.4499999999999904,389,True,1.0000850021555732,1.0000850021555732,0.0,0.0,True,False,predicted-supported,10,nonpaper diagnostic,5,cue,3,
81,0.5042321777343644,390,True,1.000176880057195,1.000176880057195,0.0,0.0,True,False,predicted-supported,10,nonpaper diagnostic,5,cue,3,
47,0.0064343261718751155,391,True,1.000062538141934,1.000062538141934,0.0,0.0,True,False,predicted-supported,10,nonpaper diagnostic,5,cue,4,
9,0.061989881727430696,392,True,1.000062538141934,1.000062538141934,0.0,0.0,True,False,predicted-supported,10,nonpaper diagnostic,5,cue,4,
87,0.11754543728298628,393,True,1.000062538141934,1.000062538141934,0.0,0.0,True,False,predicted-supported,10,nonpaper diagnostic,5,cue,4,
25,0.17310099283854163,394,True,1.000062538141919,1.000062538141919,0.0,0.0,True,False,predicted-supported,10,nonpaper diagnostic,5,cue,4,
60,0.22865654839409721,395,True,1.000062538141919,1.000062538141919,0.0,0.0,True,False,predicted-supported,10,nonpaper diagnostic,5,cue,4,
32,0.17263346354166664,1731,False,1.0001408231000193,1.0001408231000193,0.0,0.0,True,False,predicted-supported,10,nonpaper diagnostic,5,cue,4,
22,0.3397676595052084,397,True,1.000062538141934,1.000062538141934,0.0,0.0,True,False,predicted-supported,10,nonpaper diagnostic,5,cue,4,
91,0.3949999999999916,398,True,1.000062538141934,1.000062538141934,0.0,0.0,True,False,predicted-supported,10,nonpaper diagnostic,5,cue,4,
1,0.4499999999999904,399,True,1.000062538141934,1.000062538141934,0.0,0.0,True,False,predicted-supported,10,nonpaper diagnostic,5,cue,4,
96,0.22818901909722222,1732,False,1.0001408231000193,1.0001408231000193,0.0,0.0,True,False,predicted-supported,10,nonpaper diagnostic,5,cue,4,
54,0.004999999999999893,1728,False,1.0001408231000364,1.0001408231000364,0.0,0.0,True,False,predicted-supported,10,nonpaper diagnostic,5,cue,4,
92,0.061522352430555705,1729,False,1.0001408231000364,1.0001408231000364,0.0,0.0,True,False,predicted-supported,10,nonpaper diagnostic,5,cue,4,
61,0.11707790798611128,1730,False,1.0001408231000364,1.0001408231000364,0.0,0.0,True,False,predicted-supported,10,nonpaper diagnostic,5,cue,4,
31,0.2837445746527778,1733,False,1.0001408231000193,1.0001408231000193,0.0,0.0,True,False,predicted-supported,10,nonpaper diagnostic,5,cue,4,
5,0.3393001302083334,1734,False,1.0001408231000364,1.0001408231000364,0.0,0.0,True,False,predicted-supported,10,nonpaper diagnostic,5,cue,4,
66,0.39485568576388896,1735,False,1.0001408231000364,1.0001408231000364,0.0,0.0,True,False,predicted-supported,10,nonpaper diagnostic,5,cue,4,
12,0.4499999999999904,1736,False,1.0001408231000364,1.0001408231000364,0.0,0.0,True,False,predicted-supported,10,nonpaper diagnostic,5,cue,4,
59,0.5059667968749892,1737,False,1.0001408231000053,1.0001408231000053,0.0,0.0,True,False,predicted-supported,10,nonpaper diagnostic,5,cue,4,
60,0.004999999999999893,401,True,1.0001408231000364,0.8001126584800291,0.20002816462000728,0.0,False,False,burst-assisted,10,nonpaper diagnostic,5,cue,5,
68,0.061522352430555705,402,True,1.0001408231000364,0.8001126584800291,0.20002816462000728,0.0,False,False,burst-assisted,10,nonpaper diagnostic,5,cue,5,
91,0.11707790798611128,403,True,1.0001408231000364,0.8001126584800291,0.20002816462000728,0.0,False,False,burst-assisted,10,nonpaper diagnostic,5,cue,5,
4,0.17263346354166664,404,True,1.0001408231000193,0.8001126584800151,0.20002816462000417,0.0,False,False,burst-assisted,10,nonpaper diagnostic,5,cue,5,
22,0.22818901909722222,405,True,1.0001408231000193,0.8001126584800151,0.20002816462000417,0.0,False,False,burst-assisted,10,nonpaper diagnostic,5,cue,5,
28,0.2837445746527778,406,True,1.0001408231000193,0.8001126584800151,0.20002816462000417,0.0,False,False,burst-assisted,10,nonpaper diagnostic,5,cue,5,
34,0.3393001302083334,407,True,1.0001408231000364,0.8001126584800291,0.20002816462000728,0.0,False,False,burst-assisted,10,nonpaper diagnostic,5,cue,5,
99,0.39485568576388896,408,True,1.0001408231000364,0.8001126584800291,0.20002816462000728,0.0,False,False,burst-assisted,10,nonpaper diagnostic,5,cue,5,
44,0.4499999999999904,409,True,1.0001408231000364,0.8001126584800291,0.20002816462000728,0.0,False,False,burst-assisted,10,nonpaper diagnostic,5,cue,5,
69,0.5059667968749892,410,True,1.0001408231000053,0.8001126584800042,0.20002816462000106,0.0,False,False,burst-assisted,10,nonpaper diagnostic,5,cue,5,
14,0.24892022026909721,385,False,0.9999827246701011,0.0,0.9999827246701011,0.0,False,True,burst-only,3,nonpaper diagnostic,5,cue,5,
2,0.004999999999999893,411,True,1.0001408231000364,1.0001408231000364,0.0,0.0,True,False,predicted-supported,10,nonpaper diagnostic,5,suffix,1,True
60,0.061522352430555705,412,True,1.0001408231000364,1.0001408231000364,0.0,0.0,True,False,predicted-supported,10,nonpaper diagnostic,5,suffix,1,True
45,0.11707790798611128,413,True,1.0001408231000364,1.0001408231000364,0.0,0.0,True,False,predicted-supported,10,nonpaper diagnostic,5,suffix,1,True
89,0.17263346354166664,414,True,1.0001408231000193,1.0001408231000193,0.0,0.0,True,False,predicted-supported,10,nonpaper diagnostic,5,suffix,1,True
39,0.22818901909722222,415,True,1.0001408231000193,1.0001408231000193,0.0,0.0,True,False,predicted-supported,10,nonpaper diagnostic,5,suffix,1,True
4,0.2837445746527778,416,True,1.0001408231000193,1.0001408231000193,0.0,0.0,True,False,predicted-supported,10,nonpaper diagnostic,5,suffix,1,True
76,0.3393001302083334,417,True,1.0001408231000364,1.0001408231000364,0.0,0.0,True,False,predicted-supported,10,nonpaper diagnostic,5,suffix,1,True
81,0.39485568576388896,418,True,1.0001408231000364,1.0001408231000364,0.0,0.0,True,False,predicted-supported,10,nonpaper diagnostic,5,suffix,1,True
9,0.4499999999999904,419,True,1.0001408231000364,1.0001408231000364,0.0,0.0,True,False,predicted-supported,10,nonpaper diagnostic,5,suffix,1,True
61,0.5059667968749892,420,True,1.0001408231000053,1.0001408231000053,0.0,0.0,True,False,predicted-supported,10,nonpaper diagnostic,5,suffix,1,True
89,0.011798095703124956,421,True,1.0000619626736396,1.0000619626736396,0.0,0.0,True,False,predicted-supported,10,nonpaper diagnostic,5,suffix,2,True
66,0.06735365125868054,422,True,1.0000619626736396,1.0000619626736396,0.0,0.0,True,False,predicted-supported,10,nonpaper diagnostic,5,suffix,2,True
64,0.12290920681423612,423,True,1.0000619626736396,1.0000619626736396,0.0,0.0,True,False,predicted-supported,10,nonpaper diagnostic,5,suffix,2,True
78,0.17846476236979147,424,True,1.0000619626736258,1.0000619626736258,0.0,0.0,True,False,predicted-supported,10,nonpaper diagnostic,5,suffix,2,True
96,0.23402031792534705,425,True,1.0000619626736258,1.0000619626736258,0.0,0.0,True,False,predicted-supported,10,nonpaper diagnostic,5,suffix,2,True
20,0.28957587348090263,426,True,1.0000619626736258,1.0000619626736258,0.0,0.0,True,False,predicted-supported,10,nonpaper diagnostic,5,suffix,2,True
50,0.34499999999999265,427,True,1.0000619626736396,1.0000619626736396,0.0,0.0,True,False,predicted-supported,10,nonpaper diagnostic,5,suffix,2,True
28,0.3999999999999915,428,True,1.0000619626736396,1.0000619626736396,0.0,0.0,True,False,predicted-supported,10,nonpaper diagnostic,5,suffix,2,True
11,0.4549999999999903,429,True,1.0000619626736396,1.0000619626736396,0.0,0.0,True,False,predicted-supported,10,nonpaper diagnostic,5,suffix,2,True
52,0.5117980957031143,430,True,1.000061962673635,1.000061962673635,0.0,0.0,True,False,predicted-supported,10,nonpaper diagnostic,5,suffix,2,True
92,0.017563612196170864,431,True,1.000108060819273,1.000108060819273,0.0,0.0,True,False,predicted-supported,10,nonpaper diagnostic,5,suffix,3,True
49,0.07311916775172644,432,True,1.000108060819273,1.000108060819273,0.0,0.0,True,False,predicted-supported,10,nonpaper diagnostic,5,suffix,3,True
16,0.12867472330728202,433,True,1.000108060819273,1.000108060819273,0.0,0.0,True,False,predicted-supported,10,nonpaper diagnostic,5,suffix,3,True
57,0.18423027886283738,434,True,1.000108060819259,1.000108060819259,0.0,0.0,True,False,predicted-supported,10,nonpaper diagnostic,5,suffix,3,True
58,0.23978583441839296,435,True,1.000108060819259,1.000108060819259,0.0,0.0,True,False,predicted-supported,10,nonpaper diagnostic,5,suffix,3,True
25,0.2949999999999937,436,True,1.000108060819259,1.000108060819259,0.0,0.0,True,False,predicted-supported,10,nonpaper diagnostic,5,suffix,3,True
80,0.34999999999999254,437,True,1.000108060819273,1.000108060819273,0.0,0.0,True,False,predicted-supported,10,nonpaper diagnostic,5,suffix,3,True
0,0.4064525010850597,438,True,1.000108060819273,1.000108060819273,0.0,0.0,True,False,predicted-supported,10,nonpaper diagnostic,5,suffix,3,True
48,0.4620080566406153,439,True,1.000108060819273,1.000108060819273,0.0,0.0,True,False,predicted-supported,10,nonpaper diagnostic,5,suffix,3,True
70,0.5175636121961598,440,True,1.0001080608192163,1.0001080608192163,0.0,0.0,True,False,predicted-supported,10,nonpaper diagnostic,5,suffix,3,True
72,0.02340861002603445,441,True,1.000087928092668,1.000087928092668,0.0,0.0,True,False,predicted-supported,10,nonpaper diagnostic,5,suffix,4,True
83,0.07896416558159003,442,True,1.000087928092668,1.000087928092668,0.0,0.0,True,False,predicted-supported,10,nonpaper diagnostic,5,suffix,4,True
64,0.1345197211371456,443,True,1.000087928092668,1.000087928092668,0.0,0.0,True,False,predicted-supported,10,nonpaper diagnostic,5,suffix,4,True
43,0.18999999999999595,444,True,1.000087928092654,1.000087928092654,0.0,0.0,True,False,predicted-supported,10,nonpaper diagnostic,5,suffix,4,True
59,0.24499999999999478,445,True,1.000087928092654,1.000087928092654,0.0,0.0,True,False,predicted-supported,10,nonpaper diagnostic,5,suffix,4,True
41,0.2999999999999936,446,True,1.000087928092654,1.000087928092654,0.0,0.0,True,False,predicted-supported,10,nonpaper diagnostic,5,suffix,4,True
26,0.3567419433593677,447,True,1.000087928092668,1.000087928092668,0.0,0.0,True,False,predicted-supported,10,nonpaper diagnostic,5,suffix,4,True
12,0.4122974989149233,448,True,1.000087928092668,1.000087928092668,0.0,0.0,True,False,predicted-supported,10,nonpaper diagnostic,5,suffix,4,True
92,0.46785305447047887,449,True,1.000087928092668,1.000087928092668,0.0,0.0,True,False,predicted-supported,10,nonpaper diagnostic,5,suffix,4,True
82,0.5234086100260236,450,True,1.000087928092639,1.000087928092639,0.0,0.0,True,False,predicted-supported,10,nonpaper diagnostic,5,suffix,4,True
71,0.004999999999999893,91,False,1.000078878138213,0.0,1.000078878138213,0.0,False,True,burst-only,10,nonpaper diagnostic,6,cue,1,
24,0.0616700575086806,92,False,1.000078878138213,0.0,1.000078878138213,0.0,False,True,burst-only,10,nonpaper diagnostic,6,cue,1,
57,0.11722561306423618,93,False,1.000078878138213,0.0,1.000078878138213,0.0,False,True,burst-only,10,nonpaper diagnostic,6,cue,1,
65,0.17278116861979176,94,False,1.0000788781382262,0.0,1.0000788781382262,0.0,False,True,burst-only,10,nonpaper diagnostic,6,cue,1,
93,0.22833672417534734,95,False,1.0000788781382262,0.0,1.0000788781382262,0.0,False,True,burst-only,10,nonpaper diagnostic,6,cue,1,
98,0.2838922797309029,96,False,1.0000788781382262,0.0,1.0000788781382262,0.0,False,True,burst-only,10,nonpaper diagnostic,6,cue,1,
16,0.3394478352864583,97,False,1.000078878138213,0.0,1.000078878138213,0.0,False,True,burst-only,10,nonpaper diagnostic,6,cue,1,
53,0.3949999999999916,98,False,1.000078878138213,0.0,1.000078878138213,0.0,False,True,burst-only,10,nonpaper diagnostic,6,cue,1,
82,0.4499999999999904,99,False,1.000078878138213,0.0,1.000078878138213,0.0,False,True,burst-only,10,nonpaper diagnostic,6,cue,1,
49,0.22818901909722222,455,True,1.0001408231000193,0.0,1.0001408231000193,0.0,False,True,burst-only,10,nonpaper diagnostic,6,cue,1,
91,0.004999999999999893,451,True,1.0001408231000364,0.0,1.0001408231000364,0.0,False,True,burst-only,10,nonpaper diagnostic,6,cue,1,
15,0.061522352430555705,452,True,1.0001408231000364,0.0,1.0001408231000364,0.0,False,True,burst-only,10,nonpaper diagnostic,6,cue,1,
27,0.11707790798611128,453,True,1.0001408231000364,0.0,1.0001408231000364,0.0,False,True,burst-only,10,nonpaper diagnostic,6,cue,1,
31,0.17263346354166664,454,True,1.0001408231000193,0.0,1.0001408231000193,0.0,False,True,burst-only,10,nonpaper diagnostic,6,cue,1,
11,0.2837445746527778,456,True,1.0001408231000193,0.0,1.0001408231000193,0.0,False,True,burst-only,10,nonpaper diagnostic,6,cue,1,
39,0.3393001302083334,457,True,1.0001408231000364,0.0,1.0001408231000364,0.0,False,True,burst-only,10,nonpaper diagnostic,6,cue,1,
68,0.39485568576388896,458,True,1.0001408231000364,0.0,1.0001408231000364,0.0,False,True,burst-only,10,nonpaper diagnostic,6,cue,1,
41,0.4499999999999904,459,True,1.0001408231000364,0.0,1.0001408231000364,0.0,False,True,burst-only,10,nonpaper diagnostic,6,cue,1,
33,0.5059667968749892,460,True,1.0001408231000053,0.0,1.0001408231000053,0.0,False,True,burst-only,10,nonpaper diagnostic,6,cue,1,
91,0.004999999999999893,461,True,1.0001408231000364,1.0001408231000364,0.0,0.0,True,False,predicted-supported,10,nonpaper diagnostic,6,cue,2,
2,0.061522352430555705,462,True,1.0001408231000364,1.0001408231000364,0.0,0.0,True,False,predicted-supported,10,nonpaper diagnostic,6,cue,2,
44,0.11707790798611128,463,True,1.0001408231000364,1.0001408231000364,0.0,0.0,True,False,predicted-supported,10,nonpaper diagnostic,6,cue,2,
64,0.17263346354166664,464,True,1.0001408231000193,1.0001408231000193,0.0,0.0,True,False,predicted-supported,10,nonpaper diagnostic,6,cue,2,
10,0.22818901909722222,465,True,1.0001408231000193,1.0001408231000193,0.0,0.0,True,False,predicted-supported,10,nonpaper diagnostic,6,cue,2,
4,0.2837445746527778,466,True,1.0001408231000193,1.0001408231000193,0.0,0.0,True,False,predicted-supported,10,nonpaper diagnostic,6,cue,2,
56,0.3393001302083334,467,True,1.0001408231000364,1.0001408231000364,0.0,0.0,True,False,predicted-supported,10,nonpaper diagnostic,6,cue,2,
43,0.39485568576388896,468,True,1.0001408231000364,1.0001408231000364,0.0,0.0,True,False,predicted-supported,10,nonpaper diagnostic,6,cue,2,
70,0.4499999999999904,469,True,1.0001408231000364,1.0001408231000364,0.0,0.0,True,False,predicted-supported,10,nonpaper diagnostic,6,cue,2,
53,0.5059667968749892,470,True,1.0001408231000053,1.0001408231000053,0.0,0.0,True,False,predicted-supported,10,nonpaper diagnostic,6,cue,2,
98,0.004999999999999893,471,True,1.0001408231000364,1.0001408231000364,0.0,0.0,True,False,predicted-supported,10,nonpaper diagnostic,6,cue,3,
35,0.061522352430555705,472,True,1.0001408231000364,1.0001408231000364,0.0,0.0,True,False,predicted-supported,10,nonpaper diagnostic,6,cue,3,
62,0.11707790798611128,473,True,1.0001408231000364,1.0001408231000364,0.0,0.0,True,False,predicted-supported,10,nonpaper diagnostic,6,cue,3,
3,0.17263346354166664,474,True,1.0001408231000193,1.0001408231000193,0.0,0.0,True,False,predicted-supported,10,nonpaper diagnostic,6,cue,3,
27,0.22818901909722222,475,True,1.0001408231000193,1.0001408231000193,0.0,0.0,True,False,predicted-supported,10,nonpaper diagnostic,6,cue,3,
8,0.2837445746527778,476,True,1.0001408231000193,1.0001408231000193,0.0,0.0,True,False,predicted-supported,10,nonpaper diagnostic,6,cue,3,
54,0.3393001302083334,477,True,1.0001408231000364,1.0001408231000364,0.0,0.0,True,False,predicted-supported,10,nonpaper diagnostic,6,cue,3,
4,0.39485568576388896,478,True,1.0001408231000364,1.0001408231000364,0.0,0.0,True,False,predicted-supported,10,nonpaper diagnostic,6,cue,3,
22,0.4499999999999904,479,True,1.0001408231000364,1.0001408231000364,0.0,0.0,True,False,predicted-supported,10,nonpaper diagnostic,6,cue,3,
68,0.5059667968749892,480,True,1.0001408231000053,1.0001408231000053,0.0,0.0,True,False,predicted-supported,10,nonpaper diagnostic,6,cue,3,
42,0.004999999999999893,481,True,1.0001408231000364,1.0001408231000364,0.0,0.0,True,False,predicted-supported,10,nonpaper diagnostic,6,cue,4,
87,0.061522352430555705,482,True,1.0001408231000364,1.0001408231000364,0.0,0.0,True,False,predicted-supported,10,nonpaper diagnostic,6,cue,4,
17,0.11707790798611128,483,True,1.0001408231000364,1.0001408231000364,0.0,0.0,True,False,predicted-supported,10,nonpaper diagnostic,6,cue,4,
60,0.17263346354166664,484,True,1.0001408231000193,1.0001408231000193,0.0,0.0,True,False,predicted-supported,10,nonpaper diagnostic,6,cue,4,
19,0.22818901909722222,485,True,1.0001408231000193,1.0001408231000193,0.0,0.0,True,False,predicted-supported,10,nonpaper diagnostic,6,cue,4,
66,0.2837445746527778,486,True,1.0001408231000193,1.0001408231000193,0.0,0.0,True,False,predicted-supported,10,nonpaper diagnostic,6,cue,4,
92,0.3393001302083334,487,True,1.0001408231000364,1.0001408231000364,0.0,0.0,True,False,predicted-supported,10,nonpaper diagnostic,6,cue,4,
86,0.39485568576388896,488,True,1.0001408231000364,1.0001408231000364,0.0,0.0,True,False,predicted-supported,10,nonpaper diagnostic,6,cue,4,
88,0.4499999999999904,489,True,1.0001408231000364,1.0001408231000364,0.0,0.0,True,False,predicted-supported,10,nonpaper diagnostic,6,cue,4,
56,0.5059667968749892,490,True,1.0001408231000053,1.0001408231000053,0.0,0.0,True,False,predicted-supported,10,nonpaper diagnostic,6,cue,4,
63,0.004999999999999893,491,True,1.0001408231000364,1.0001408231000364,0.0,0.0,True,False,predicted-supported,10,nonpaper diagnostic,6,cue,5,
74,0.061522352430555705,492,True,1.0001408231000364,1.0001408231000364,0.0,0.0,True,False,predicted-supported,10,nonpaper diagnostic,6,cue,5,
88,0.11707790798611128,493,True,1.0001408231000364,1.0001408231000364,0.0,0.0,True,False,predicted-supported,10,nonpaper diagnostic,6,cue,5,
11,0.17263346354166664,494,True,1.0001408231000193,1.0001408231000193,0.0,0.0,True,False,predicted-supported,10,nonpaper diagnostic,6,cue,5,
97,0.22818901909722222,495,True,1.0001408231000193,1.0001408231000193,0.0,0.0,True,False,predicted-supported,10,nonpaper diagnostic,6,cue,5,
28,0.2837445746527778,496,True,1.0001408231000193,1.0001408231000193,0.0,0.0,True,False,predicted-supported,10,nonpaper diagnostic,6,cue,5,
56,0.3393001302083334,497,True,1.0001408231000364,1.0001408231000364,0.0,0.0,True,False,predicted-supported,10,nonpaper diagnostic,6,cue,5,
67,0.39485568576388896,498,True,1.0001408231000364,1.0001408231000364,0.0,0.0,True,False,predicted-supported,10,nonpaper diagnostic,6,cue,5,
71,0.4499999999999904,499,True,1.0001408231000364,1.0001408231000364,0.0,0.0,True,False,predicted-supported,10,nonpaper diagnostic,6,cue,5,
37,0.5059667968749892,500,True,1.0001408231000053,1.0001408231000053,0.0,0.0,True,False,predicted-supported,10,nonpaper diagnostic,6,cue,5,
93,0.004999999999999893,501,True,1.0001408231000364,1.0001408231000364,0.0,0.0,True,False,predicted-supported,10,nonpaper diagnostic,6,suffix,1,True
71,0.061522352430555705,502,True,1.0001408231000364,1.0001408231000364,0.0,0.0,True,False,predicted-supported,10,nonpaper diagnostic,6,suffix,1,True
81,0.11707790798611128,503,True,1.0001408231000364,1.0001408231000364,0.0,0.0,True,False,predicted-supported,10,nonpaper diagnostic,6,suffix,1,True
21,0.17263346354166664,504,True,1.0001408231000193,1.0001408231000193,0.0,0.0,True,False,predicted-supported,10,nonpaper diagnostic,6,suffix,1,True
66,0.22818901909722222,505,True,1.0001408231000193,1.0001408231000193,0.0,0.0,True,False,predicted-supported,10,nonpaper diagnostic,6,suffix,1,True
65,0.2837445746527778,506,True,1.0001408231000193,1.0001408231000193,0.0,0.0,True,False,predicted-supported,10,nonpaper diagnostic,6,suffix,1,True
32,0.3393001302083334,507,True,1.0001408231000364,1.0001408231000364,0.0,0.0,True,False,predicted-supported,10,nonpaper diagnostic,6,suffix,1,True
39,0.39485568576388896,508,True,1.0001408231000364,1.0001408231000364,0.0,0.0,True,False,predicted-supported,10,nonpaper diagnostic,6,suffix,1,True
85,0.4499999999999904,509,True,1.0001408231000364,1.0001408231000364,0.0,0.0,True,False,predicted-supported,10,nonpaper diagnostic,6,suffix,1,True
48,0.5059667968749892,510,True,1.0001408231000053,1.0001408231000053,0.0,0.0,True,False,predicted-supported,10,nonpaper diagnostic,6,suffix,1,True
78,0.013717041015624876,511,True,0.9999824754562288,0.9999824754562288,0.0,0.0,True,False,predicted-supported,10,nonpaper diagnostic,6,suffix,2,True
26,0.06735365125868054,512,True,1.0000619626736396,1.0000619626736396,0.0,0.0,True,False,predicted-supported,10,nonpaper diagnostic,6,suffix,2,True
38,0.12290920681423612,513,True,1.0000619626736396,1.0000619626736396,0.0,0.0,True,False,predicted-supported,10,nonpaper diagnostic,6,suffix,2,True
18,0.17846476236979147,514,True,1.0000619626736258,1.0000619626736258,0.0,0.0,True,False,predicted-supported,10,nonpaper diagnostic,6,suffix,2,True
69,0.23402031792534705,515,True,1.0000619626736258,1.0000619626736258,0.0,0.0,True,False,predicted-supported,10,nonpaper diagnostic,6,suffix,2,True
67,0.28957587348090263,516,True,1.0000619626736258,1.0000619626736258,0.0,0.0,True,False,predicted-supported,10,nonpaper diagnostic,6,suffix,2,True
34,0.34499999999999265,517,True,1.0000619626736396,1.0000619626736396,0.0,0.0,True,False,predicted-supported,10,nonpaper diagnostic,6,suffix,2,True
73,0.3999999999999915,518,True,1.0000619626736396,1.0000619626736396,0.0,0.0,True,False,predicted-supported,10,nonpaper diagnostic,6,suffix,2,True
63,0.4549999999999903,519,True,1.0000619626736396,1.0000619626736396,0.0,0.0,True,False,predicted-supported,10,nonpaper diagnostic,6,suffix,2,True
25,0.5117980957031143,520,True,1.000061962673635,1.000061962673635,0.0,0.0,True,False,predicted-supported,10,nonpaper diagnostic,6,suffix,2,True
9,0.0177686903211709,521,True,1.0000773579612678,1.0000773579612678,0.0,0.0,True,False,predicted-supported,10,nonpaper diagnostic,6,suffix,3,True
10,0.07332424587672648,522,True,1.0000773579612678,1.0000773579612678,0.0,0.0,True,False,predicted-supported,10,nonpaper diagnostic,6,suffix,3,True
11,0.12887980143228206,523,True,1.0000773579612678,1.0000773579612678,0.0,0.0,True,False,predicted-supported,10,nonpaper diagnostic,6,suffix,3,True
81,0.18499999999999606,524,True,1.0000768236807067,1.0000768236807067,0.0,0.0,True,False,predicted-supported,10,nonpaper diagnostic,6,suffix,3,True
14,0.239990912543393,525,True,1.000077357961254,1.000077357961254,0.0,0.0,True,False,predicted-supported,10,nonpaper diagnostic,6,suffix,3,True
32,0.29746663411457375,526,True,1.0000768236807067,1.0000768236807067,0.0,0.0,True,False,predicted-supported,10,nonpaper diagnostic,6,suffix,3,True
53,0.34999999999999254,527,True,1.0000773579612678,1.0000773579612678,0.0,0.0,True,False,predicted-supported,10,nonpaper diagnostic,6,suffix,3,True
93,0.40665757921005974,528,True,1.0000773579612678,1.0000773579612678,0.0,0.0,True,False,predicted-supported,10,nonpaper diagnostic,6,suffix,3,True
42,0.4622131347656153,529,True,1.0000773579612678,1.0000773579612678,0.0,0.0,True,False,predicted-supported,10,nonpaper diagnostic,6,suffix,3,True
49,0.5177686903211602,530,True,1.0000773579612725,1.0000773579612725,0.0,0.0,True,False,predicted-supported,10,nonpaper diagnostic,6,suffix,3,True
52,0.024999999999999467,531,True,1.0000869260398546,1.0000869260398546,0.0,0.0,True,False,predicted-supported,10,nonpaper diagnostic,6,suffix,4,True
68,0.0799999999999983,532,True,1.000029938660196,1.000029938660196,0.0,0.0,True,False,predicted-supported,10,nonpaper diagnostic,6,suffix,4,True
14,0.1369208441840204,533,True,1.0000869260398546,1.0000869260398546,0.0,0.0,True,False,predicted-supported,10,nonpaper diagnostic,6,suffix,4,True
64,0.18999999999999595,534,True,0.9999997830583626,0.9999997830583626,0.0,0.0,True,False,predicted-supported,10,nonpaper diagnostic,6,suffix,4,True
0,0.24755221896700652,535,True,1.0000299386601854,1.0000299386601854,0.0,0.0,True,False,predicted-supported,10,nonpaper diagnostic,6,suffix,4,True
77,0.3031077745225621,536,True,1.0000299386601854,1.0000299386601854,0.0,0.0,True,False,predicted-supported,10,nonpaper diagnostic,6,suffix,4,True
48,0.3591430664062425,537,True,1.0000869260398546,1.0000869260398546,0.0,0.0,True,False,predicted-supported,10,nonpaper diagnostic,6,suffix,4,True
3,0.41379652235242315,538,True,1.0001096718382523,1.0001096718382523,0.0,0.0,True,False,predicted-supported,10,nonpaper diagnostic,6,suffix,4,True
5,0.4691579861111037,539,True,1.000048479325459,1.000048479325459,0.0,0.0,True,False,predicted-supported,10,nonpaper diagnostic,6,suffix,4,True
66,0.5247135416666486,540,True,1.0000484793254574,1.0000484793254574,0.0,0.0,True,False,predicted-supported,10,nonpaper diagnostic,6,suffix,4,True
58,0.004999999999999893,541,True,1.0001339352033731,0.0,1.0001339352033731,0.0,False,True,burst-only,10,nonpaper diagnostic,7,cue,1,
52,0.06182630750868068,542,True,1.0001339352033731,0.0,1.0001339352033731,0.0,False,True,burst-only,10,nonpaper diagnostic,7,cue,1,
51,0.11738186306423626,543,True,1.0001339352033731,0.0,1.0001339352033731,0.0,False,True,burst-only,10,nonpaper diagnostic,7,cue,1,
34,0.17293741861979162,544,True,1.0001339352033576,0.0,1.0001339352033576,0.0,False,True,burst-only,10,nonpaper diagnostic,7,cue,1,
31,0.2284929741753472,545,True,1.0001339352033576,0.0,1.0001339352033576,0.0,False,True,burst-only,10,nonpaper diagnostic,7,cue,1,
60,0.2840485297309028,546,True,1.0001339352033576,0.0,1.0001339352033576,0.0,False,True,burst-only,10,nonpaper diagnostic,7,cue,1,
63,0.33960408528645836,547,True,1.0001339352033731,0.0,1.0001339352033731,0.0,False,True,burst-only,10,nonpaper diagnostic,7,cue,1,
16,0.22833672417534734,1071,False,1.0000788781382262,0.0,1.0000788781382262,0.0,False,True,burst-only,10,nonpaper diagnostic,7,cue,1,
43,0.4499999999999904,549,True,1.0001339352033731,0.0,1.0001339352033731,0.0,False,True,burst-only,10,nonpaper diagnostic,7,cue,1,
55,0.5062707519531144,550,True,1.0001339352033731,0.0,1.0001339352033731,0.0,False,True,burst-only,10,nonpaper diagnostic,7,cue,1,
67,0.004999999999999893,1067,False,1.000078878138213,0.0,1.000078878138213,0.0,False,True,burst-only,10,nonpaper diagnostic,7,cue,1,
17,0.05999999999999872,1068,False,1.0000917488016692,0.0,1.0000917488016692,0.0,False,True,burst-only,10,nonpaper diagnostic,7,cue,1,
37,0.11722561306423618,1069,False,1.000078878138213,0.0,1.000078878138213,0.0,False,True,burst-only,10,nonpaper diagnostic,7,cue,1,
93,0.17278116861979176,1070,False,1.0000788781382262,0.0,1.0000788781382262,0.0,False,True,burst-only,10,nonpaper diagnostic,7,cue,1,
30,0.2838922797309029,1072,False,1.0000788781382262,0.0,1.0000788781382262,0.0,False,True,burst-only,10,nonpaper diagnostic,7,cue,1,
61,0.3394478352864583,1073,False,1.000078878138213,0.0,1.000078878138213,0.0,False,True,burst-only,10,nonpaper diagnostic,7,cue,1,
14,0.3949999999999916,1074,False,1.000078878138213,0.0,1.000078878138213,0.0,False,True,burst-only,10,nonpaper diagnostic,7,cue,1,
64,0.4499999999999904,1075,False,1.000078878138213,0.0,1.000078878138213,0.0,False,True,burst-only,10,nonpaper diagnostic,7,cue,1,
39,0.5061145019531141,1076,False,1.0000788781381833,0.0,1.0000788781381833,0.0,False,True,burst-only,10,nonpaper diagnostic,7,cue,1,
27,0.004999999999999893,1503,False,1.0001408231000364,0.0,1.0001408231000364,0.0,False,True,burst-only,10,nonpaper diagnostic,7,cue,1,
49,0.11707790798611128,1504,False,1.0001408231000364,0.0,1.0001408231000364,0.0,False,True,burst-only,10,nonpaper diagnostic,7,cue,1,
66,0.22818901909722222,1506,False,1.0001408231000193,0.0,1.0001408231000193,0.0,False,True,burst-only,10,nonpaper diagnostic,7,cue,1,
99,0.2837445746527778,1507,False,1.0001408231000193,0.0,1.0001408231000193,0.0,False,True,burst-only,10,nonpaper diagnostic,7,cue,1,
35,0.3393001302083334,1508,False,1.0001408231000364,0.0,1.0001408231000364,0.0,False,True,burst-only,10,nonpaper diagnostic,7,cue,1,
7,0.39485568576388896,1509,False,1.0001408231000364,0.0,1.0001408231000364,0.0,False,True,burst-only,10,nonpaper diagnostic,7,cue,1,
84,0.4499999999999904,1510,False,1.0001408231000364,0.0,1.0001408231000364,0.0,False,True,burst-only,10,nonpaper diagnostic,7,cue,1,
80,0.3472406684027778,626,False,0.9999902704296966,0.0,0.9999902704296966,0.0,False,True,burst-only,4,nonpaper diagnostic,7,cue,1,
97,0.004999999999999893,551,True,1.0001408231000364,0.9001267407900327,0.10001408231000364,0.0,False,False,burst-assisted,10,nonpaper diagnostic,7,cue,2,
29,0.061522352430555705,552,True,1.0001408231000364,0.9001267407900327,0.10001408231000364,0.0,False,False,burst-assisted,10,nonpaper diagnostic,7,cue,2,
65,0.11707790798611128,553,True,1.0001408231000364,0.9001267407900327,0.10001408231000364,0.0,False,False,burst-assisted,10,nonpaper diagnostic,7,cue,2,
36,0.17263346354166664,554,True,1.0001408231000193,0.9001267407900172,0.10001408231000208,0.0,False,False,burst-assisted,10,nonpaper diagnostic,7,cue,2,
3,0.22818901909722222,555,True,1.0001408231000193,0.9001267407900172,0.10001408231000208,0.0,False,False,burst-assisted,10,nonpaper diagnostic,7,cue,2,
8,0.2837445746527778,556,True,1.0001408231000193,0.9001267407900172,0.10001408231000208,0.0,False,False,burst-assisted,10,nonpaper diagnostic,7,cue,2,
72,0.3393001302083334,557,True,1.0001408231000364,0.9001267407900327,0.10001408231000364,0.0,False,False,burst-assisted,10,nonpaper diagnostic,7,cue,2,
98,0.39485568576388896,558,True,1.0001408231000364,0.9001267407900327,0.10001408231000364,0.0,False,False,burst-assisted,10,nonpaper diagnostic,7,cue,2,
13,0.4499999999999904,559,True,1.0001408231000364,0.9001267407900327,0.10001408231000364,0.0,False,False,burst-assisted,10,nonpaper diagnostic,7,cue,2,
51,0.5059667968749892,560,True,1.0001408231000053,0.9001267407900048,0.10001408231000053,0.0,False,False,burst-assisted,10,nonpaper diagnostic,7,cue,2,
60,0.004999999999999893,561,True,1.000078878138213,1.000078878138213,0.0,0.0,True,False,predicted-supported,10,nonpaper diagnostic,7,cue,3,
67,0.0616700575086806,562,True,1.000078878138213,1.000078878138213,0.0,0.0,True,False,predicted-supported,10,nonpaper diagnostic,7,cue,3,
40,0.11722561306423618,563,True,1.000078878138213,1.000078878138213,0.0,0.0,True,False,predicted-supported,10,nonpaper diagnostic,7,cue,3,
13,0.17263346354166664,564,True,1.0001408231000193,1.0001408231000193,0.0,0.0,True,False,predicted-supported,10,nonpaper diagnostic,7,cue,3,
24,0.22833672417534734,565,True,1.0000788781382262,1.0000788781382262,0.0,0.0,True,False,predicted-supported,10,nonpaper diagnostic,7,cue,3,
53,0.2838922797309029,566,True,1.0000788781382262,1.0000788781382262,0.0,0.0,True,False,predicted-supported,10,nonpaper diagnostic,7,cue,3,
79,0.3394478352864583,567,True,1.000078878138213,1.000078878138213,0.0,0.0,True,False,predicted-supported,10,nonpaper diagnostic,7,cue,3,
3,0.3949999999999916,568,True,1.000078878138213,1.000078878138213,0.0,0.0,True,False,predicted-supported,10,nonpaper diagnostic,7,cue,3,
33,0.4499999999999904,569,True,1.000078878138213,1.000078878138213,0.0,0.0,True,False,predicted-supported,10,nonpaper diagnostic,7,cue,3,
16,0.5061145019531141,570,True,1.0000788781381833,1.0000788781381833,0.0,0.0,True,False,predicted-supported,10,nonpaper diagnostic,7,cue,3,
89,0.004999999999999893,571,True,0.9999834028136905,0.9999834028136905,0.0,0.0,True,False,predicted-supported,10,nonpaper diagnostic,7,cue,4,
99,0.061793348524305625,572,True,0.9999834028136905,0.9999834028136905,0.0,0.0,True,False,predicted-supported,10,nonpaper diagnostic,7,cue,4,
2,0.1173489040798612,573,True,0.9999834028136905,0.9999834028136905,0.0,0.0,True,False,predicted-supported,10,nonpaper diagnostic,7,cue,4,
4,0.17290445963541656,574,True,0.9999834028136743,0.9999834028136743,0.0,0.0,True,False,predicted-supported,10,nonpaper diagnostic,7,cue,4,
24,0.22846001519097214,575,True,0.9999834028136743,0.9999834028136743,0.0,0.0,True,False,predicted-supported,10,nonpaper diagnostic,7,cue,4,
19,0.2840155707465277,576,True,0.9999834028136743,0.9999834028136743,0.0,0.0,True,False,predicted-supported,10,nonpaper diagnostic,7,cue,4,
29,0.3395711263020833,577,True,0.9999834028136905,0.9999834028136905,0.0,0.0,True,False,predicted-supported,10,nonpaper diagnostic,7,cue,4,
1,0.3949999999999916,578,True,0.9999834028136905,0.9999834028136905,0.0,0.0,True,False,predicted-supported,10,nonpaper diagnostic,7,cue,4,
87,0.4499999999999904,579,True,0.9999834028136905,0.9999834028136905,0.0,0.0,True,False,predicted-supported,10,nonpaper diagnostic,7,cue,4,
36,0.5062377929687392,580,True,0.9999834028136609,0.9999834028136609,0.0,0.0,True,False,predicted-supported,10,nonpaper diagnostic,7,cue,4,
41,0.004805908203125098,581,True,1.0000917488016692,1.0000917488016692,0.0,0.0,True,False,predicted-supported,10,nonpaper diagnostic,7,cue,5,
92,0.0616700575086806,582,True,1.000078878138213,1.000078878138213,0.0,0.0,True,False,predicted-supported,10,nonpaper diagnostic,7,cue,5,
45,0.11722561306423618,583,True,1.000078878138213,1.000078878138213,0.0,0.0,True,False,predicted-supported,10,nonpaper diagnostic,7,cue,5,
31,0.17278116861979176,584,True,1.0000788781382262,1.0000788781382262,0.0,0.0,True,False,predicted-supported,10,nonpaper diagnostic,7,cue,5,
79,0.22833672417534734,585,True,1.0000788781382262,1.0000788781382262,0.0,0.0,True,False,predicted-supported,10,nonpaper diagnostic,7,cue,5,
63,0.2838922797309029,586,True,1.0000788781382262,1.0000788781382262,0.0,0.0,True,False,predicted-supported,10,nonpaper diagnostic,7,cue,5,
13,0.3394478352864583,587,True,1.000078878138213,1.000078878138213,0.0,0.0,True,False,predicted-supported,10,nonpaper diagnostic,7,cue,5,
93,0.3949999999999916,588,True,1.000078878138213,1.000078878138213,0.0,0.0,True,False,predicted-supported,10,nonpaper diagnostic,7,cue,5,
74,0.4499999999999904,589,True,1.000078878138213,1.000078878138213,0.0,0.0,True,False,predicted-supported,10,nonpaper diagnostic,7,cue,5,
15,0.5061145019531141,590,True,1.0000788781381833,1.0000788781381833,0.0,0.0,True,False,predicted-supported,10,nonpaper diagnostic,7,cue,5,
65,0.004999999999999893,591,True,1.0001408231000364,1.0001408231000364,0.0,0.0,True,False,predicted-supported,10,nonpaper diagnostic,7,suffix,1,True
79,0.061522352430555705,592,True,1.0001408231000364,1.0001408231000364,0.0,0.0,True,False,predicted-supported,10,nonpaper diagnostic,7,suffix,1,True
32,0.11707790798611128,593,True,1.0001408231000364,1.0001408231000364,0.0,0.0,True,False,predicted-supported,10,nonpaper diagnostic,7,suffix,1,True
91,0.17263346354166664,594,True,1.0001408231000193,1.0001408231000193,0.0,0.0,True,False,predicted-supported,10,nonpaper diagnostic,7,suffix,1,True
25,0.22818901909722222,595,True,1.0001408231000193,1.0001408231000193,0.0,0.0,True,False,predicted-supported,10,nonpaper diagnostic,7,suffix,1,True
89,0.2837445746527778,596,True,1.0001408231000193,1.0001408231000193,0.0,0.0,True,False,predicted-supported,10,nonpaper diagnostic,7,suffix,1,True
67,0.3393001302083334,597,True,1.0001408231000364,1.0001408231000364,0.0,0.0,True,False,predicted-supported,10,nonpaper diagnostic,7,suffix,1,True
55,0.39485568576388896,598,True,1.0001408231000364,1.0001408231000364,0.0,0.0,True,False,predicted-supported,10,nonpaper diagnostic,7,suffix,1,True
2,0.4499999999999904,599,True,1.0001408231000364,1.0001408231000364,0.0,0.0,True,False,predicted-supported,10,nonpaper diagnostic,7,suffix,1,True
48,0.5059667968749892,600,True,1.0001408231000053,1.0001408231000053,0.0,0.0,True,False,predicted-supported,10,nonpaper diagnostic,7,suffix,1,True
9,0.011798095703124956,601,True,1.0000619626736396,1.0000619626736396,0.0,0.0,True,False,predicted-supported,10,nonpaper diagnostic,7,suffix,2,True
10,0.06735365125868054,602,True,1.0000619626736396,1.0000619626736396,0.0,0.0,True,False,predicted-supported,10,nonpaper diagnostic,7,suffix,2,True
11,0.12290920681423612,603,True,1.0000619626736396,1.0000619626736396,0.0,0.0,True,False,predicted-supported,10,nonpaper diagnostic,7,suffix,2,True
81,0.17999999999999616,604,True,0.9999824754562189,0.9999824754562189,0.0,0.0,True,False,predicted-supported,10,nonpaper diagnostic,7,suffix,2,True
14,0.23402031792534705,605,True,1.0000619626736258,1.0000619626736258,0.0,0.0,True,False,predicted-supported,10,nonpaper diagnostic,7,suffix,2,True
32,0.28957587348090263,606,True,1.0000619626736258,1.0000619626736258,0.0,0.0,True,False,predicted-supported,10,nonpaper diagnostic,7,suffix,2,True
53,0.34499999999999265,607,True,1.0000619626736396,1.0000619626736396,0.0,0.0,True,False,predicted-supported,10,nonpaper diagnostic,7,suffix,2,True
93,0.3999999999999915,608,True,1.0000619626736396,1.0000619626736396,0.0,0.0,True,False,predicted-supported,10,nonpaper diagnostic,7,suffix,2,True
42,0.4549999999999903,609,True,1.0000619626736396,1.0000619626736396,0.0,0.0,True,False,predicted-supported,10,nonpaper diagnostic,7,suffix,2,True
49,0.5117980957031143,610,True,1.000061962673635,1.000061962673635,0.0,0.0,True,False,predicted-supported,10,nonpaper diagnostic,7,suffix,2,True
23,0.07472195095485157,612,True,1.0000405957239118,1.0000405957239118,0.0,0.0,True,False,predicted-supported,10,nonpaper diagnostic,7,suffix,3,True
12,0.12999999999999723,613,True,1.0000470942851458,1.0000470942851458,0.0,0.0,True,False,predicted-supported,10,nonpaper diagnostic,7,suffix,3,True
57,0.18499999999999606,614,True,1.0000470942851583,1.0000470942851583,0.0,0.0,True,False,predicted-supported,10,nonpaper diagnostic,7,suffix,3,True
38,0.23999999999999488,615,True,1.0000405957239011,1.0000405957239011,0.0,0.0,True,False,predicted-supported,10,nonpaper diagnostic,7,suffix,3,True
18,0.2949999999999937,616,True,1.0000290900508502,1.0000290900508502,0.0,0.0,True,False,predicted-supported,10,nonpaper diagnostic,7,suffix,3,True
11,0.352731662326379,617,True,1.0000470942851458,1.0000470942851458,0.0,0.0,True,False,predicted-supported,10,nonpaper diagnostic,7,suffix,3,True
68,0.4047630479600597,388,True,1.0002123482352787,1.0002123482352787,0.0,0.0,True,False,predicted-supported,10,nonpaper diagnostic,7,suffix,3,True
88,0.4629943847656153,618,True,1.0000583445483922,1.0000583445483922,0.0,0.0,True,False,predicted-supported,10,nonpaper diagnostic,7,suffix,3,True
81,0.02650648328992089,619,True,0.9999813974459122,0.9999813974459122,0.0,0.0,True,False,predicted-supported,8,nonpaper diagnostic,7,suffix,4,True
52,0.08206203884547647,620,True,0.9999813974459122,0.9999813974459122,0.0,0.0,True,False,predicted-supported,8,nonpaper diagnostic,7,suffix,4,True
67,0.13761759440103205,621,True,0.9999813974459122,0.9999813974459122,0.0,0.0,True,False,predicted-supported,8,nonpaper diagnostic,7,suffix,4,True
78,0.19274224175346233,622,True,1.0000848234823332,1.0000848234823332,0.0,0.0,True,False,predicted-supported,8,nonpaper diagnostic,7,suffix,4,True
20,0.248728705512143,623,True,0.9999813974459032,0.9999813974459032,0.0,0.0,True,False,predicted-supported,8,nonpaper diagnostic,7,suffix,4,True
68,0.30428426106769857,624,True,0.9999813974459032,0.9999813974459032,0.0,0.0,True,False,predicted-supported,8,nonpaper diagnostic,7,suffix,4,True
26,0.35983981662325415,625,True,0.9999813974459122,0.9999813974459122,0.0,0.0,True,False,predicted-supported,8,nonpaper diagnostic,7,suffix,4,True
80,0.4134312608506847,626,True,1.0001174700669733,1.0001174700669733,0.0,0.0,True,False,predicted-supported,8,nonpaper diagnostic,7,suffix,4,True
27,0.46999999999999,627,True,0.9999813974459122,0.9999813974459122,0.0,0.0,True,False,predicted-supported,8,nonpaper diagnostic,7,suffix,4,True
69,0.5265064832899102,628,True,0.9999813974459111,0.9999813974459111,0.0,0.0,True,False,predicted-supported,8,nonpaper diagnostic,7,suffix,4,True
14,0.004999999999999893,709,False,1.0001339352033731,0.0,1.0001339352033731,0.0,False,True,burst-only,10,nonpaper diagnostic,8,cue,1,
26,0.004999999999999893,1590,False,1.0001408231000364,0.0,1.0001408231000364,0.0,False,True,burst-only,10,nonpaper diagnostic,8,cue,1,
22,0.11738186306423626,711,False,1.0001339352033731,0.0,1.0001339352033731,0.0,False,True,burst-only,10,nonpaper diagnostic,8,cue,1,
20,0.17293741861979162,712,False,1.0001339352033576,0.0,1.0001339352033576,0.0,False,True,burst-only,10,nonpaper diagnostic,8,cue,1,
36,0.2284929741753472,713,False,1.0001339352033576,0.0,1.0001339352033576,0.0,False,True,burst-only,10,nonpaper diagnostic,8,cue,1,
86,0.2840485297309028,714,False,1.0001339352033576,0.0,1.0001339352033576,0.0,False,True,burst-only,10,nonpaper diagnostic,8,cue,1,
12,0.11499999999999755,3,True,0.9999875742488296,0.0,0.9999875742488296,0.0,False,True,burst-only,10,nonpaper diagnostic,8,cue,1,
74,0.3949999999999916,716,False,1.0001339352033731,0.0,1.0001339352033731,0.0,False,True,burst-only,10,nonpaper diagnostic,8,cue,1,
7,0.4499999999999904,717,False,1.0001339352033731,0.0,1.0001339352033731,0.0,False,True,burst-only,10,nonpaper diagnostic,8,cue,1,
17,0.5062707519531144,718,False,1.0001339352033731,0.0,1.0001339352033731,0.0,False,True,burst-only,10,nonpaper diagnostic,8,cue,1,
90,0.004999999999999893,1336,False,1.000078878138213,0.0,1.000078878138213,0.0,False,True,burst-only,10,nonpaper diagnostic,8,cue,1,
1,0.0616700575086806,1337,False,1.000078878138213,0.0,1.000078878138213,0.0,False,True,burst-only,10,nonpaper diagnostic,8,cue,1,
53,0.17278116861979176,1339,False,1.0000788781382262,0.0,1.0000788781382262,0.0,False,True,burst-only,10,nonpaper diagnostic,8,cue,1,
18,0.22833672417534734,1340,False,1.0000788781382262,0.0,1.0000788781382262,0.0,False,True,burst-only,10,nonpaper diagnostic,8,cue,1,
31,0.2838922797309029,1341,False,1.0000788781382262,0.0,1.0000788781382262,0.0,False,True,burst-only,10,nonpaper diagnostic,8,cue,1,
94,0.3394478352864583,1342,False,1.000078878138213,0.0,1.000078878138213,0.0,False,True,burst-only,10,nonpaper diagnostic,8,cue,1,
81,0.4499999999999904,1344,False,1.000078878138213,0.0,1.000078878138213,0.0,False,True,burst-only,10,nonpaper diagnostic,8,cue,1,
48,0.5061145019531141,1345,False,1.0000788781381833,0.0,1.0000788781381833,0.0,False,True,burst-only,10,nonpaper diagnostic,8,cue,1,
4,0.061522352430555705,1591,False,1.0001408231000364,0.0,1.0001408231000364,0.0,False,True,burst-only,10,nonpaper diagnostic,8,cue,1,
69,0.11707790798611128,1592,False,1.0001408231000364,0.0,1.0001408231000364,0.0,False,True,burst-only,10,nonpaper diagnostic,8,cue,1,
52,0.17263346354166664,1593,False,1.0001408231000193,0.0,1.0001408231000193,0.0,False,True,burst-only,10,nonpaper diagnostic,8,cue,1,
67,0.22818901909722222,1594,False,1.0001408231000193,0.0,1.0001408231000193,0.0,False,True,burst-only,10,nonpaper diagnostic,8,cue,1,
63,0.2837445746527778,1595,False,1.0001408231000193,0.0,1.0001408231000193,0.0,False,True,burst-only,10,nonpaper diagnostic,8,cue,1,
39,0.39485568576388896,1597,False,1.0001408231000364,0.0,1.0001408231000364,0.0,False,True,burst-only,10,nonpaper diagnostic,8,cue,1,
40,0.4499999999999904,1598,False,1.0001408231000364,0.0,1.0001408231000364,0.0,False,True,burst-only,10,nonpaper diagnostic,8,cue,1,
51,0.5059667968749892,1599,False,1.0001408231000053,0.0,1.0001408231000053,0.0,False,True,burst-only,10,nonpaper diagnostic,8,cue,1,
78,0.004999999999999893,1,True,0.9999875742488296,0.0,0.9999875742488296,0.0,False,True,burst-only,10,nonpaper diagnostic,8,cue,1,
23,0.05999999999999872,2,True,0.9999875742488296,0.0,0.9999875742488296,0.0,False,True,burst-only,10,nonpaper diagnostic,8,cue,1,
57,0.17176920572916643,4,True,0.9999875742488091,0.0,0.9999875742488091,0.0,False,True,burst-only,10,nonpaper diagnostic,8,cue,1,
68,0.39399142795138875,8,True,0.9999875742488296,0.0,0.9999875742488296,0.0,False,True,burst-only,10,nonpaper diagnostic,8,cue,1,
5,0.006589355468749947,11,False,1.0000198739912305,0.4989253167418286,0.5010945572494018,0.0,False,False,burst-assisted,10,nonpaper diagnostic,8,cue,2,
50,0.11770046657986111,13,False,1.0000198739912305,0.4989253167418286,0.5010945572494018,0.0,False,False,burst-assisted,10,nonpaper diagnostic,8,cue,2,
83,0.22881157769097205,15,False,1.0000198739912152,0.49892531674182033,0.5010945572493949,0.0,False,False,burst-assisted,10,nonpaper diagnostic,8,cue,2,
94,0.2284929741753472,633,True,1.0001339352033576,0.500066967601678,0.5000669676016796,0.0,False,False,burst-assisted,10,nonpaper diagnostic,8,cue,2,
20,0.23925469292534718,623,False,1.0000064289344415,0.0,1.0000064289344415,0.0,False,True,burst-only,5,nonpaper diagnostic,8,cue,2,
79,0.4499999999999904,19,False,1.0000198739912305,0.4989253167418286,0.5010945572494018,0.0,False,False,burst-assisted,10,nonpaper diagnostic,8,cue,2,
1,0.01174560546874992,1522,False,1.000027892317259,0.16667131538620983,0.8333565769310491,0.0,False,False,burst-assisted,6,nonpaper diagnostic,8,cue,2,
78,0.004999999999999893,629,True,1.000133935203373,0.5000669676016865,0.5000669676016865,0.0,False,False,burst-assisted,10,nonpaper diagnostic,8,cue,2,
75,0.06182630750868068,630,True,1.000133935203373,0.5000669676016865,0.5000669676016865,0.0,False,False,burst-assisted,10,nonpaper diagnostic,8,cue,2,
17,0.11738186306423626,631,True,1.000133935203373,0.5000669676016865,0.5000669676016865,0.0,False,False,burst-assisted,10,nonpaper diagnostic,8,cue,2,
29,0.17293741861979162,632,True,1.0001339352033576,0.500066967601678,0.5000669676016796,0.0,False,False,burst-assisted,10,nonpaper diagnostic,8,cue,2,
80,0.2840485297309028,634,True,1.0001339352033576,0.500066967601678,0.5000669676016796,0.0,False,False,burst-assisted,10,nonpaper diagnostic,8,cue,2,
44,0.33960408528645836,635,True,1.000133935203373,0.5000669676016865,0.5000669676016865,0.0,False,False,burst-assisted,10,nonpaper diagnostic,8,cue,2,
23,0.3949999999999916,636,True,1.000133935203373,0.5000669676016865,0.5000669676016865,0.0,False,False,burst-assisted,10,nonpaper diagnostic,8,cue,2,
40,0.4499999999999904,637,True,1.000133935203373,0.5000669676016865,0.5000669676016865,0.0,False,False,burst-assisted,10,nonpaper diagnostic,8,cue,2,
77,0.3999999999999915,1528,False,1.000027892317259,0.16667131538620983,0.8333565769310491,0.0,False,False,burst-assisted,6,nonpaper diagnostic,8,cue,2,
60,0.01499999999999968,1356,False,1.0000008186590603,0.0,1.0000008186590603,0.0,False,True,burst-only,5,nonpaper diagnostic,8,cue,2,
47,0.12285671657986108,1524,False,1.000027892317259,0.16667131538620983,0.8333565769310491,0.0,False,False,burst-assisted,6,nonpaper diagnostic,8,cue,2,
31,0.23396782769097224,1525,False,1.0000278923172654,0.16667131538621088,0.8333565769310545,0.0,False,False,burst-assisted,6,nonpaper diagnostic,8,cue,2,
91,0.2895233832465278,1526,False,1.0000278923172654,0.16667131538621088,0.8333565769310545,0.0,False,False,burst-assisted,6,nonpaper diagnostic,8,cue,2,
53,0.23861138237847213,1360,False,1.0000008186590565,0.0,1.0000008186590565,0.0,False,True,burst-only,5,nonpaper diagnostic,8,cue,2,
98,0.5117456054687395,1530,False,1.0000278923172716,0.16667131538621194,0.8333565769310597,0.0,False,False,burst-assisted,6,nonpaper diagnostic,8,cue,2,
48,0.0719447157118056,1357,False,1.0000008186590603,0.0,1.0000008186590603,0.0,False,True,burst-only,5,nonpaper diagnostic,8,cue,2,
90,0.1275002712673612,1358,False,1.0000008186590603,0.0,1.0000008186590603,0.0,False,True,burst-only,5,nonpaper diagnostic,8,cue,2,
9,0.2941669379340277,1361,False,1.0000008186590565,0.0,1.0000008186590565,0.0,False,True,burst-only,5,nonpaper diagnostic,8,cue,2,
72,0.3497224934895833,1362,False,1.0000008186590603,0.0,1.0000008186590603,0.0,False,True,burst-only,5,nonpaper diagnostic,8,cue,2,
25,0.4599999999999902,1363,False,1.0000008186590603,0.0,1.0000008186590603,0.0,False,True,burst-only,5,nonpaper diagnostic,8,cue,2,
99,0.5163891601562391,1364,False,1.000000818659053,0.0,1.000000818659053,0.0,False,True,burst-only,5,nonpaper diagnostic,8,cue,2,
81,0.01703247070312508,619,False,1.0000064289344448,0.0,1.0000064289344448,0.0,False,True,burst-only,5,nonpaper diagnostic,8,cue,2,
52,0.07258802625868066,620,False,1.0000064289344448,0.0,1.0000064289344448,0.0,False,True,burst-only,5,nonpaper diagnostic,8,cue,2,
67,0.12814358181423624,621,False,1.0000064289344448,0.0,1.0000064289344448,0.0,False,True,burst-only,5,nonpaper diagnostic,8,cue,2,
68,0.29481024848090276,624,False,1.0000064289344415,0.0,1.0000064289344415,0.0,False,True,burst-only,5,nonpaper diagnostic,8,cue,2,
26,0.34999999999999254,625,False,1.0000064289344448,0.0,1.0000064289344448,0.0,False,True,burst-only,5,nonpaper diagnostic,8,cue,2,
27,0.4614769151475695,627,False,1.0000064289344448,0.0,1.0000064289344448,0.0,False,True,burst-only,5,nonpaper diagnostic,8,cue,2,
69,0.517032470703114,628,False,1.000006428934431,0.0,1.000006428934431,0.0,False,True,burst-only,5,nonpaper diagnostic,8,cue,2,
14,0.46999999999999,385,False,0.9999827246701025,0.0,0.9999827246701025,0.0,False,True,burst-only,3,nonpaper diagnostic,8,cue,2,
40,0.004999999999999893,639,True,1.000078878138213,0.9000709903243918,0.1000078878138213,0.0,False,False,burst-assisted,10,nonpaper diagnostic,8,cue,3,
24,0.0616700575086806,640,True,1.000078878138213,0.9000709903243918,0.1000078878138213,0.0,False,False,burst-assisted,10,nonpaper diagnostic,8,cue,3,
27,0.11722561306423618,641,True,1.000078878138213,0.9000709903243918,0.1000078878138213,0.0,False,False,burst-assisted,10,nonpaper diagnostic,8,cue,3,
99,0.17278116861979176,642,True,1.0000788781382262,0.9000709903244034,0.10000788781382278,0.0,False,False,burst-assisted,10,nonpaper diagnostic,8,cue,3,
12,0.22833672417534734,643,True,1.0000788781382262,0.9000709903244034,0.10000788781382278,0.0,False,False,burst-assisted,10,nonpaper diagnostic,8,cue,3,
17,0.2838922797309029,644,True,1.0000788781382262,0.9000709903244034,0.10000788781382278,0.0,False,False,burst-assisted,10,nonpaper diagnostic,8,cue,3,
30,0.3394478352864583,645,True,1.000078878138213,0.9000709903243918,0.1000078878138213,0.0,False,False,burst-assisted,10,nonpaper diagnostic,8,cue,3,
16,0.3949999999999916,646,True,1.000078878138213,0.9000709903243918,0.1000078878138213,0.0,False,False,burst-assisted,10,nonpaper diagnostic,8,cue,3,
93,0.4499999999999904,647,True,1.000078878138213,0.9000709903243918,0.1000078878138213,0.0,False,False,burst-assisted,10,nonpaper diagnostic,8,cue,3,
11,0.5081494140624891,648,True,0.9999879529275573,0.8999891576348016,0.09999879529275574,0.0,False,False,burst-assisted,10,nonpaper diagnostic,8,cue,3,
33,0.004999999999999893,649,True,1.0001408231000364,1.0001408231000364,0.0,0.0,True,False,predicted-supported,10,nonpaper diagnostic,8,cue,4,
49,0.061522352430555705,650,True,1.0001408231000364,1.0001408231000364,0.0,0.0,True,False,predicted-supported,10,nonpaper diagnostic,8,cue,4,
12,0.11707790798611128,651,True,1.0001408231000364,1.0001408231000364,0.0,0.0,True,False,predicted-supported,10,nonpaper diagnostic,8,cue,4,
55,0.17263346354166664,652,True,1.0001408231000193,1.0001408231000193,0.0,0.0,True,False,predicted-supported,10,nonpaper diagnostic,8,cue,4,
53,0.22818901909722222,653,True,1.0001408231000193,1.0001408231000193,0.0,0.0,True,False,predicted-supported,10,nonpaper diagnostic,8,cue,4,
69,0.2837445746527778,654,True,1.0001408231000193,1.0001408231000193,0.0,0.0,True,False,predicted-supported,10,nonpaper diagnostic,8,cue,4,
90,0.3393001302083334,655,True,1.0001408231000364,1.0001408231000364,0.0,0.0,True,False,predicted-supported,10,nonpaper diagnostic,8,cue,4,
16,0.39485568576388896,656,True,1.0001408231000364,1.0001408231000364,0.0,0.0,True,False,predicted-supported,10,nonpaper diagnostic,8,cue,4,
25,0.4499999999999904,657,True,1.0001408231000364,1.0001408231000364,0.0,0.0,True,False,predicted-supported,10,nonpaper diagnostic,8,cue,4,
51,0.5059667968749892,658,True,1.0001408231000053,1.0001408231000053,0.0,0.0,True,False,predicted-supported,10,nonpaper diagnostic,8,cue,4,
9,0.004999999999999893,659,True,1.0001408231000364,1.0001408231000364,0.0,0.0,True,False,predicted-supported,10,nonpaper diagnostic,8,cue,5,
10,0.061522352430555705,660,True,1.0001408231000364,1.0001408231000364,0.0,0.0,True,False,predicted-supported,10,nonpaper diagnostic,8,cue,5,
11,0.11707790798611128,661,True,1.0001408231000364,1.0001408231000364,0.0,0.0,True,False,predicted-supported,10,nonpaper diagnostic,8,cue,5,
81,0.17263346354166664,662,True,1.0001408231000193,1.0001408231000193,0.0,0.0,True,False,predicted-supported,10,nonpaper diagnostic,8,cue,5,
14,0.22818901909722222,663,True,1.0001408231000193,1.0001408231000193,0.0,0.0,True,False,predicted-supported,10,nonpaper diagnostic,8,cue,5,
32,0.2837445746527778,664,True,1.0001408231000193,1.0001408231000193,0.0,0.0,True,False,predicted-supported,10,nonpaper diagnostic,8,cue,5,
53,0.3393001302083334,665,True,1.0001408231000364,1.0001408231000364,0.0,0.0,True,False,predicted-supported,10,nonpaper diagnostic,8,cue,5,
93,0.39485568576388896,666,True,1.0001408231000364,1.0001408231000364,0.0,0.0,True,False,predicted-supported,10,nonpaper diagnostic,8,cue,5,
42,0.4499999999999904,667,True,1.0001408231000364,1.0001408231000364,0.0,0.0,True,False,predicted-supported,10,nonpaper diagnostic,8,cue,5,
49,0.5059667968749892,668,True,1.0001408231000053,1.0001408231000053,0.0,0.0,True,False,predicted-supported,10,nonpaper diagnostic,8,cue,5,
80,0.0074072265625000355,669,True,1.0001031232246094,1.0001031232246094,0.0,0.0,True,False,predicted-supported,10,nonpaper diagnostic,8,suffix,1,True
87,0.06182630750868068,670,True,1.0001339352033731,1.0001339352033731,0.0,0.0,True,False,predicted-supported,10,nonpaper diagnostic,8,suffix,1,True
2,0.1185183376736112,671,True,1.0001031232246094,1.0001031232246094,0.0,0.0,True,False,predicted-supported,10,nonpaper diagnostic,8,suffix,1,True
12,0.17263346354166664,672,True,1.0001408231000193,1.0001408231000193,0.0,0.0,True,False,predicted-supported,10,nonpaper diagnostic,8,suffix,1,True
72,0.2849999999999939,674,True,1.0001031232245967,1.0001031232245967,0.0,0.0,True,False,predicted-supported,10,nonpaper diagnostic,8,suffix,1,True
45,0.33999999999999275,675,True,1.0001154069229399,1.0001154069229399,0.0,0.0,True,False,predicted-supported,10,nonpaper diagnostic,8,suffix,1,True
46,0.3949999999999916,676,True,1.0001031232246094,1.0001031232246094,0.0,0.0,True,False,predicted-supported,10,nonpaper diagnostic,8,suffix,1,True
14,0.4499999999999904,677,True,1.0001408231000364,1.0001408231000364,0.0,0.0,True,False,predicted-supported,10,nonpaper diagnostic,8,suffix,1,True
90,0.5069836425781142,678,True,1.000039385320208,1.000039385320208,0.0,0.0,True,False,predicted-supported,10,nonpaper diagnostic,8,suffix,1,True
9,0.013424207899295881,679,True,1.000008886893611,1.000008886893611,0.0,0.0,True,False,predicted-supported,9,nonpaper diagnostic,8,suffix,2,True
10,0.06897976345485146,680,True,1.000008886893611,1.000008886893611,0.0,0.0,True,False,predicted-supported,9,nonpaper diagnostic,8,suffix,2,True
11,0.12453531901040704,681,True,1.000008886893611,1.000008886893611,0.0,0.0,True,False,predicted-supported,9,nonpaper diagnostic,8,suffix,2,True
81,0.17999999999999616,682,True,1.0000088868935995,1.0000088868935995,0.0,0.0,True,False,predicted-supported,9,nonpaper diagnostic,8,suffix,2,True
14,0.234999999999995,683,True,1.0000088868935995,1.0000088868935995,0.0,0.0,True,False,predicted-supported,9,nonpaper diagnostic,8,suffix,2,True
32,0.2899999999999938,684,True,1.0000088868935995,1.0000088868935995,0.0,0.0,True,False,predicted-supported,9,nonpaper diagnostic,8,suffix,2,True
53,0.34675754123262914,685,True,1.000008886893611,1.000008886893611,0.0,0.0,True,False,predicted-supported,9,nonpaper diagnostic,8,suffix,2,True
93,0.4023130967881847,686,True,1.000008886893611,1.000008886893611,0.0,0.0,True,False,predicted-supported,9,nonpaper diagnostic,8,suffix,2,True
42,0.4578686523437403,687,True,1.000008886893611,1.000008886893611,0.0,0.0,True,False,predicted-supported,9,nonpaper diagnostic,8,suffix,2,True
49,0.513424207899285,688,True,1.0000088868935821,1.0000088868935821,0.0,0.0,True,False,predicted-supported,9,nonpaper diagnostic,8,suffix,2,True
64,0.018674858940965988,689,True,1.0000607199725446,1.0000607199725446,0.0,0.0,True,False,predicted-supported,10,nonpaper diagnostic,8,suffix,3,True
81,0.07423041449652157,690,True,1.0000607199725446,1.0000607199725446,0.0,0.0,True,False,predicted-supported,10,nonpaper diagnostic,8,suffix,3,True
97,0.12978597005207715,691,True,1.0000607199725446,1.0000607199725446,0.0,0.0,True,False,predicted-supported,10,nonpaper diagnostic,8,suffix,3,True
43,0.18499999999999606,692,True,1.0000607199725637,1.0000607199725637,0.0,0.0,True,False,predicted-supported,10,nonpaper diagnostic,8,suffix,3,True
87,0.23999999999999488,693,True,1.0001795211239173,1.0001795211239173,0.0,0.0,True,False,predicted-supported,10,nonpaper diagnostic,8,suffix,3,True
24,0.2964526367187439,694,True,1.0000607199725637,1.0000607199725637,0.0,0.0,True,False,predicted-supported,10,nonpaper diagnostic,8,suffix,3,True
9,0.35147840711804923,695,True,1.000043980622561,1.000043980622561,0.0,0.0,True,False,predicted-supported,10,nonpaper diagnostic,8,suffix,3,True
61,0.40734524197047994,696,True,1.0001019818105847,1.0001019818105847,0.0,0.0,True,False,predicted-supported,10,nonpaper diagnostic,8,suffix,3,True
13,0.4624943033854103,697,True,1.0000934385332771,1.0000934385332771,0.0,0.0,True,False,predicted-supported,10,nonpaper diagnostic,8,suffix,3,True
3,0.5180498589409557,698,True,1.0000934385333546,1.0000934385333546,0.0,0.0,True,False,predicted-supported,10,nonpaper diagnostic,8,suffix,3,True
4,0.02315985785589758,699,True,1.0000380153359012,1.0000380153359012,0.0,0.0,True,False,predicted-supported,10,nonpaper diagnostic,8,suffix,4,True
97,0.07871541341145316,700,True,1.0000380153359012,1.0000380153359012,0.0,0.0,True,False,predicted-supported,10,nonpaper diagnostic,8,suffix,4,True
70,0.13427096896700874,701,True,1.0000380153359012,1.0000380153359012,0.0,0.0,True,False,predicted-supported,10,nonpaper diagnostic,8,suffix,4,True
78,0.18982652452256432,702,True,1.0000380153359227,1.0000380153359227,0.0,0.0,True,False,predicted-supported,10,nonpaper diagnostic,8,suffix,4,True
65,0.24499999999999478,703,True,1.0000380153359227,1.0000380153359227,0.0,0.0,True,False,predicted-supported,10,nonpaper diagnostic,8,suffix,4,True
72,0.2999999999999936,704,True,1.0000380153359227,1.0000380153359227,0.0,0.0,True,False,predicted-supported,10,nonpaper diagnostic,8,suffix,4,True
61,0.35649319118923084,705,True,1.0000380153359012,1.0000380153359012,0.0,0.0,True,False,predicted-supported,10,nonpaper diagnostic,8,suffix,4,True
18,0.4120487467447864,706,True,1.0000380153359012,1.0000380153359012,0.0,0.0,True,False,predicted-supported,10,nonpaper diagnostic,8,suffix,4,True
24,0.467604302300342,707,True,1.0000380153359012,1.0000380153359012,0.0,0.0,True,False,predicted-supported,10,nonpaper diagnostic,8,suffix,4,True
23,0.5231598578558869,708,True,1.0000380153358992,1.0000380153358992,0.0,0.0,True,False,predicted-supported,10,nonpaper diagnostic,8,suffix,4,True
14,0.004999999999999893,709,True,1.0001339352033731,0.0,1.0001339352033731,0.0,False,True,burst-only,10,nonpaper diagnostic,9,cue,1,
26,0.004999999999999893,1590,False,1.0001408231000364,0.0,1.0001408231000364,0.0,False,True,burst-only,10,nonpaper diagnostic,9,cue,1,
22,0.11738186306423626,711,True,1.0001339352033731,0.0,1.0001339352033731,0.0,False,True,burst-only,10,nonpaper diagnostic,9,cue,1,
20,0.17293741861979162,712,True,1.0001339352033576,0.0,1.0001339352033576,0.0,False,True,burst-only,10,nonpaper diagnostic,9,cue,1,
36,0.2284929741753472,713,True,1.0001339352033576,0.0,1.0001339352033576,0.0,False,True,burst-only,10,nonpaper diagnostic,9,cue,1,
86,0.2840485297309028,714,True,1.0001339352033576,0.0,1.0001339352033576,0.0,False,True,burst-only,10,nonpaper diagnostic,9,cue,1,
12,0.11499999999999755,3,False,0.9999875742488296,0.0,0.9999875742488296,0.0,False,True,burst-only,10,nonpaper diagnostic,9,cue,1,
74,0.3949999999999916,716,True,1.0001339352033731,0.0,1.0001339352033731,0.0,False,True,burst-only,10,nonpaper diagnostic,9,cue,1,
7,0.4499999999999904,717,True,1.0001339352033731,0.0,1.0001339352033731,0.0,False,True,burst-only,10,nonpaper diagnostic,9,cue,1,
17,0.5062707519531144,718,True,1.0001339352033731,0.0,1.0001339352033731,0.0,False,True,burst-only,10,nonpaper diagnostic,9,cue,1,
90,0.004999999999999893,1336,False,1.000078878138213,0.0,1.000078878138213,0.0,False,True,burst-only,10,nonpaper diagnostic,9,cue,1,
1,0.0616700575086806,1337,False,1.000078878138213,0.0,1.000078878138213,0.0,False,True,burst-only,10,nonpaper diagnostic,9,cue,1,
53,0.17278116861979176,1339,False,1.0000788781382262,0.0,1.0000788781382262,0.0,False,True,burst-only,10,nonpaper diagnostic,9,cue,1,
18,0.22833672417534734,1340,False,1.0000788781382262,0.0,1.0000788781382262,0.0,False,True,burst-only,10,nonpaper diagnostic,9,cue,1,
31,0.2838922797309029,1341,False,1.0000788781382262,0.0,1.0000788781382262,0.0,False,True,burst-only,10,nonpaper diagnostic,9,cue,1,
94,0.3394478352864583,1342,False,1.000078878138213,0.0,1.000078878138213,0.0,False,True,burst-only,10,nonpaper diagnostic,9,cue,1,
81,0.4499999999999904,1344,False,1.000078878138213,0.0,1.000078878138213,0.0,False,True,burst-only,10,nonpaper diagnostic,9,cue,1,
48,0.5061145019531141,1345,False,1.0000788781381833,0.0,1.0000788781381833,0.0,False,True,burst-only,10,nonpaper diagnostic,9,cue,1,
4,0.061522352430555705,1591,False,1.0001408231000364,0.0,1.0001408231000364,0.0,False,True,burst-only,10,nonpaper diagnostic,9,cue,1,
69,0.11707790798611128,1592,False,1.0001408231000364,0.0,1.0001408231000364,0.0,False,True,burst-only,10,nonpaper diagnostic,9,cue,1,
52,0.17263346354166664,1593,False,1.0001408231000193,0.0,1.0001408231000193,0.0,False,True,burst-only,10,nonpaper diagnostic,9,cue,1,
67,0.22818901909722222,1594,False,1.0001408231000193,0.0,1.0001408231000193,0.0,False,True,burst-only,10,nonpaper diagnostic,9,cue,1,
63,0.2837445746527778,1595,False,1.0001408231000193,0.0,1.0001408231000193,0.0,False,True,burst-only,10,nonpaper diagnostic,9,cue,1,
39,0.39485568576388896,1597,False,1.0001408231000364,0.0,1.0001408231000364,0.0,False,True,burst-only,10,nonpaper diagnostic,9,cue,1,
40,0.4499999999999904,1598,False,1.0001408231000364,0.0,1.0001408231000364,0.0,False,True,burst-only,10,nonpaper diagnostic,9,cue,1,
51,0.5059667968749892,1599,False,1.0001408231000053,0.0,1.0001408231000053,0.0,False,True,burst-only,10,nonpaper diagnostic,9,cue,1,
78,0.004999999999999893,1,False,0.9999875742488296,0.0,0.9999875742488296,0.0,False,True,burst-only,10,nonpaper diagnostic,9,cue,1,
23,0.05999999999999872,2,False,0.9999875742488296,0.0,0.9999875742488296,0.0,False,True,burst-only,10,nonpaper diagnostic,9,cue,1,
57,0.17176920572916643,4,False,0.9999875742488091,0.0,0.9999875742488091,0.0,False,True,burst-only,10,nonpaper diagnostic,9,cue,1,
68,0.39399142795138875,8,False,0.9999875742488296,0.0,0.9999875742488296,0.0,False,True,burst-only,10,nonpaper diagnostic,9,cue,1,
9,0.004999999999999893,719,True,1.0001408231000364,0.8001126584800291,0.20002816462000728,0.0,False,False,burst-assisted,10,nonpaper diagnostic,9,cue,2,
10,0.061522352430555705,720,True,1.0001408231000364,0.8001126584800291,0.20002816462000728,0.0,False,False,burst-assisted,10,nonpaper diagnostic,9,cue,2,
11,0.11707790798611128,721,True,1.0001408231000364,0.8001126584800291,0.20002816462000728,0.0,False,False,burst-assisted,10,nonpaper diagnostic,9,cue,2,
81,0.17263346354166664,722,True,1.0001408231000193,0.8001126584800151,0.20002816462000417,0.0,False,False,burst-assisted,10,nonpaper diagnostic,9,cue,2,
14,0.22818901909722222,723,True,1.0001408231000193,0.8001126584800151,0.20002816462000417,0.0,False,False,burst-assisted,10,nonpaper diagnostic,9,cue,2,
32,0.2837445746527778,724,True,1.0001408231000193,0.8001126584800151,0.20002816462000417,0.0,False,False,burst-assisted,10,nonpaper diagnostic,9,cue,2,
53,0.3393001302083334,725,True,1.0001408231000364,0.8001126584800291,0.20002816462000728,0.0,False,False,burst-assisted,10,nonpaper diagnostic,9,cue,2,
93,0.39485568576388896,726,True,1.0001408231000364,0.8001126584800291,0.20002816462000728,0.0,False,False,burst-assisted,10,nonpaper diagnostic,9,cue,2,
42,0.4499999999999904,727,True,1.0001408231000364,0.8001126584800291,0.20002816462000728,0.0,False,False,burst-assisted,10,nonpaper diagnostic,9,cue,2,
49,0.5059667968749892,728,True,1.0001408231000053,0.8001126584800042,0.20002816462000106,0.0,False,False,burst-assisted,10,nonpaper diagnostic,9,cue,2,
87,0.0069836425781251155,729,True,1.000039385320233,1.000039385320233,0.0,0.0,True,False,predicted-supported,10,nonpaper diagnostic,9,cue,3,
59,0.0625391981336807,730,True,1.000039385320233,1.000039385320233,0.0,0.0,True,False,predicted-supported,10,nonpaper diagnostic,9,cue,3,
9,0.11809475368923628,731,True,1.000039385320233,1.000039385320233,0.0,0.0,True,False,predicted-supported,10,nonpaper diagnostic,9,cue,3,
97,0.17263346354166664,732,True,1.0001408231000193,1.0001408231000193,0.0,0.0,True,False,predicted-supported,10,nonpaper diagnostic,9,cue,3,
12,0.22818901909722222,733,True,1.0001408231000193,1.0001408231000193,0.0,0.0,True,False,predicted-supported,10,nonpaper diagnostic,9,cue,3,
41,0.2847614203559028,734,True,1.0000393853202192,1.0000393853202192,0.0,0.0,True,False,predicted-supported,10,nonpaper diagnostic,9,cue,3,
50,0.33999999999999275,735,True,1.000039385320233,1.000039385320233,0.0,0.0,True,False,predicted-supported,10,nonpaper diagnostic,9,cue,3,
54,0.3949999999999916,736,True,1.000039385320233,1.000039385320233,0.0,0.0,True,False,predicted-supported,10,nonpaper diagnostic,9,cue,3,
65,0.45142808702256954,737,True,1.000039385320233,1.000039385320233,0.0,0.0,True,False,predicted-supported,10,nonpaper diagnostic,9,cue,3,
45,0.5059667968749892,738,True,1.0001408231000053,1.0001408231000053,0.0,0.0,True,False,predicted-supported,10,nonpaper diagnostic,9,cue,3,
18,0.02999999999999936,1395,False,0.9999803293899003,0.9999803293899003,0.0,0.0,True,False,predicted-supported,4,nonpaper diagnostic,9,cue,3,
31,0.08644178602430563,1396,False,0.9999803293899003,0.9999803293899003,0.0,0.0,True,False,predicted-supported,4,nonpaper diagnostic,9,cue,3,
77,0.1419973415798612,1397,False,0.9999803293899003,0.9999803293899003,0.0,0.0,True,False,predicted-supported,4,nonpaper diagnostic,9,cue,3,
90,0.19755289713541657,1398,False,0.9999803293898997,0.9999803293898997,0.0,0.0,True,False,predicted-supported,4,nonpaper diagnostic,9,cue,3,
14,0.22854058159722213,385,False,1.0000393105736878,1.0000393105736878,0.0,0.0,True,False,predicted-supported,7,nonpaper diagnostic,9,cue,3,
79,0.3642195638020833,1400,False,0.9999803293899003,0.9999803293899003,0.0,0.0,True,False,predicted-supported,4,nonpaper diagnostic,9,cue,3,
53,0.4197751193576389,1401,False,0.9999803293899003,0.9999803293899003,0.0,0.0,True,False,predicted-supported,4,nonpaper diagnostic,9,cue,3,
58,0.4749999999999899,1402,False,0.9999803293899003,0.9999803293899003,0.0,0.0,True,False,predicted-supported,4,nonpaper diagnostic,9,cue,3,
80,0.18455485026041663,384,False,1.0000121490780438,1.0000121490780438,0.0,0.0,True,False,predicted-supported,4,nonpaper diagnostic,9,cue,3,
57,0.2949999999999937,386,False,1.0000044257160485,1.0000044257160485,0.0,0.0,True,False,predicted-supported,4,nonpaper diagnostic,9,cue,3,
83,0.46401841905381946,389,False,0.9999951287635191,0.9999951287635191,0.0,0.0,True,False,predicted-supported,4,nonpaper diagnostic,9,cue,3,
81,0.5153613281249891,390,False,0.9999837625117578,0.9999837625117578,0.0,0.0,True,False,predicted-supported,4,nonpaper diagnostic,9,cue,3,
9,0.004999999999999893,739,True,1.0001408231000364,1.0001408231000364,0.0,0.0,True,False,predicted-supported,10,nonpaper diagnostic,9,cue,4,
10,0.061522352430555705,740,True,1.0001408231000364,1.0001408231000364,0.0,0.0,True,False,predicted-supported,10,nonpaper diagnostic,9,cue,4,
11,0.11707790798611128,741,True,1.0001408231000364,1.0001408231000364,0.0,0.0,True,False,predicted-supported,10,nonpaper diagnostic,9,cue,4,
81,0.17263346354166664,742,True,1.0001408231000193,1.0001408231000193,0.0,0.0,True,False,predicted-supported,10,nonpaper diagnostic,9,cue,4,
14,0.22818901909722222,743,True,1.0001408231000193,1.0001408231000193,0.0,0.0,True,False,predicted-supported,10,nonpaper diagnostic,9,cue,4,
32,0.2837445746527778,744,True,1.0001408231000193,1.0001408231000193,0.0,0.0,True,False,predicted-supported,10,nonpaper diagnostic,9,cue,4,
53,0.3393001302083334,745,True,1.0001408231000364,1.0001408231000364,0.0,0.0,True,False,predicted-supported,10,nonpaper diagnostic,9,cue,4,
93,0.39485568576388896,746,True,1.0001408231000364,1.0001408231000364,0.0,0.0,True,False,predicted-supported,10,nonpaper diagnostic,9,cue,4,
42,0.4499999999999904,747,True,1.0001408231000364,1.0001408231000364,0.0,0.0,True,False,predicted-supported,10,nonpaper diagnostic,9,cue,4,
49,0.5059667968749892,748,True,1.0001408231000053,1.0001408231000053,0.0,0.0,True,False,predicted-supported,10,nonpaper diagnostic,9,cue,4,
55,0.006790771484375124,749,True,1.0001154069229399,1.0001154069229399,0.0,0.0,True,False,predicted-supported,10,nonpaper diagnostic,9,cue,5,
26,0.062346327039930705,750,True,1.0001154069229399,1.0001154069229399,0.0,0.0,True,False,predicted-supported,10,nonpaper diagnostic,9,cue,5,
76,0.11790188259548628,751,True,1.0001154069229399,1.0001154069229399,0.0,0.0,True,False,predicted-supported,10,nonpaper diagnostic,9,cue,5,
47,0.17187784830729158,752,True,1.0001717434012956,1.0001717434012956,0.0,0.0,True,False,predicted-supported,10,nonpaper diagnostic,9,cue,5,
1,0.22833672417534734,753,True,1.0000788781382262,1.0000788781382262,0.0,0.0,True,False,predicted-supported,10,nonpaper diagnostic,9,cue,5,
81,0.2837445746527778,754,True,1.0001408231000193,1.0001408231000193,0.0,0.0,True,False,predicted-supported,10,nonpaper diagnostic,9,cue,5,
89,0.33999999999999275,755,True,1.0001154069229399,1.0001154069229399,0.0,0.0,True,False,predicted-supported,10,nonpaper diagnostic,9,cue,5,
5,0.3949999999999916,756,True,1.000078878138213,1.000078878138213,0.0,0.0,True,False,predicted-supported,10,nonpaper diagnostic,9,cue,5,
25,0.4499999999999904,757,True,1.0001408231000364,1.0001408231000364,0.0,0.0,True,False,predicted-supported,10,nonpaper diagnostic,9,cue,5,
23,0.5061145019531141,758,True,1.0000788781381833,1.0000788781381833,0.0,0.0,True,False,predicted-supported,10,nonpaper diagnostic,9,cue,5,
84,0.004999999999999893,759,True,1.000078878138213,1.000078878138213,0.0,0.0,True,False,predicted-supported,10,nonpaper diagnostic,9,suffix,1,True
10,0.0616700575086806,760,True,1.000078878138213,1.000078878138213,0.0,0.0,True,False,predicted-supported,10,nonpaper diagnostic,9,suffix,1,True
58,0.11722561306423618,761,True,1.000078878138213,1.000078878138213,0.0,0.0,True,False,predicted-supported,10,nonpaper diagnostic,9,suffix,1,True
83,0.17278116861979176,762,True,1.0000788781382262,1.0000788781382262,0.0,0.0,True,False,predicted-supported,10,nonpaper diagnostic,9,suffix,1,True
35,0.22833672417534734,763,True,1.0000788781382262,1.0000788781382262,0.0,0.0,True,False,predicted-supported,10,nonpaper diagnostic,9,suffix,1,True
52,0.2838922797309029,764,True,1.0000788781382262,1.0000788781382262,0.0,0.0,True,False,predicted-supported,10,nonpaper diagnostic,9,suffix,1,True
70,0.3394478352864583,765,True,1.000078878138213,1.000078878138213,0.0,0.0,True,False,predicted-supported,10,nonpaper diagnostic,9,suffix,1,True
90,0.3949999999999916,766,True,1.000078878138213,1.000078878138213,0.0,0.0,True,False,predicted-supported,10,nonpaper diagnostic,9,suffix,1,True
32,0.4499999999999904,767,True,1.000078878138213,1.000078878138213,0.0,0.0,True,False,predicted-supported,10,nonpaper diagnostic,9,suffix,1,True
40,0.5061145019531141,768,True,1.0000788781381833,1.0000788781381833,0.0,0.0,True,False,predicted-supported,10,nonpaper diagnostic,9,suffix,1,True
41,0.012385253906250115,769,True,1.0000733603224934,1.0000733603224934,0.0,0.0,True,False,predicted-supported,10,nonpaper diagnostic,9,suffix,2,True
56,0.0679408094618057,770,True,1.0000733603224934,1.0000733603224934,0.0,0.0,True,False,predicted-supported,10,nonpaper diagnostic,9,suffix,2,True
75,0.12349636501736128,771,True,1.0000733603224934,1.0000733603224934,0.0,0.0,True,False,predicted-supported,10,nonpaper diagnostic,9,suffix,2,True
25,0.17905192057291663,772,True,1.0000733603224805,1.0000733603224805,0.0,0.0,True,False,predicted-supported,10,nonpaper diagnostic,9,suffix,2,True
66,0.23460747612847221,773,True,1.0000733603224805,1.0000733603224805,0.0,0.0,True,False,predicted-supported,10,nonpaper diagnostic,9,suffix,2,True
29,0.2896942816840278,774,True,0.9999867445088144,0.9999867445088144,0.0,0.0,True,False,predicted-supported,10,nonpaper diagnostic,9,suffix,2,True
81,0.34499999999999265,775,True,1.0000733603224934,1.0000733603224934,0.0,0.0,True,False,predicted-supported,10,nonpaper diagnostic,9,suffix,2,True
37,0.3999999999999915,776,True,1.0000733603224934,1.0000733603224934,0.0,0.0,True,False,predicted-supported,10,nonpaper diagnostic,9,suffix,2,True
63,0.45682969835069454,777,True,1.0000733603224934,1.0000733603224934,0.0,0.0,True,False,predicted-supported,10,nonpaper diagnostic,9,suffix,2,True
0,0.5123852539062392,778,True,1.0000733603224694,1.0000733603224694,0.0,0.0,True,False,predicted-supported,10,nonpaper diagnostic,9,suffix,2,True
52,0.01811062282985265,779,True,1.0000304929535986,1.0000304929535986,0.0,0.0,True,False,predicted-supported,10,nonpaper diagnostic,9,suffix,3,True
58,0.07366617838540823,780,True,1.0000304929535986,1.0000304929535986,0.0,0.0,True,False,predicted-supported,10,nonpaper diagnostic,9,suffix,3,True
46,0.1292217339409638,781,True,1.0000304929535986,1.0000304929535986,0.0,0.0,True,False,predicted-supported,10,nonpaper diagnostic,9,suffix,3,True
94,0.18477728949651917,782,True,1.0000304929535844,1.0000304929535844,0.0,0.0,True,False,predicted-supported,10,nonpaper diagnostic,9,suffix,3,True
47,0.23999999999999488,783,True,1.0000304929535844,1.0000304929535844,0.0,0.0,True,False,predicted-supported,10,nonpaper diagnostic,9,suffix,3,True
51,0.2949999999999937,784,True,1.0000304929535844,1.0000304929535844,0.0,0.0,True,False,predicted-supported,10,nonpaper diagnostic,9,suffix,3,True
24,0.3514439561631859,785,True,1.0000304929535986,1.0000304929535986,0.0,0.0,True,False,predicted-supported,10,nonpaper diagnostic,9,suffix,3,True
77,0.4069995117187415,786,True,1.0000304929535986,1.0000304929535986,0.0,0.0,True,False,predicted-supported,10,nonpaper diagnostic,9,suffix,3,True
21,0.46255506727429707,787,True,1.0000304929535986,1.0000304929535986,0.0,0.0,True,False,predicted-supported,10,nonpaper diagnostic,9,suffix,3,True
12,0.518110622829842,788,True,1.000030492953603,1.000030492953603,0.0,0.0,True,False,predicted-supported,10,nonpaper diagnostic,9,suffix,3,True
65,0.02395684136284082,789,True,1.0000276520720157,1.0000276520720157,0.0,0.0,True,False,predicted-supported,10,nonpaper diagnostic,9,suffix,4,True
1,0.0795123969183964,790,True,1.0000276520720157,1.0000276520720157,0.0,0.0,True,False,predicted-supported,10,nonpaper diagnostic,9,suffix,4,True
41,0.13499999999999712,791,True,1.0000276520720157,1.0000276520720157,0.0,0.0,True,False,predicted-supported,10,nonpaper diagnostic,9,suffix,4,True
10,0.18999999999999595,792,True,1.0000276520720326,1.0000276520720326,0.0,0.0,True,False,predicted-supported,10,nonpaper diagnostic,9,suffix,4,True
90,0.24499999999999478,793,True,1.0000276520720326,1.0000276520720326,0.0,0.0,True,False,predicted-supported,10,nonpaper diagnostic,9,suffix,4,True
80,0.3017346191406187,794,True,1.0000276520720326,1.0000276520720326,0.0,0.0,True,False,predicted-supported,10,nonpaper diagnostic,9,suffix,4,True
51,0.3572901746961741,795,True,1.0000276520720157,1.0000276520720157,0.0,0.0,True,False,predicted-supported,10,nonpaper diagnostic,9,suffix,4,True
72,0.41284573025172966,796,True,1.0000276520720157,1.0000276520720157,0.0,0.0,True,False,predicted-supported,10,nonpaper diagnostic,9,suffix,4,True
76,0.46840128580728524,797,True,1.0000276520720157,1.0000276520720157,0.0,0.0,True,False,predicted-supported,10,nonpaper diagnostic,9,suffix,4,True
24,0.5239568413628304,798,True,1.000027652072045,1.000027652072045,0.0,0.0,True,False,predicted-supported,10,nonpaper diagnostic,9,suffix,4,True
51,0.004999999999999893,799,True,1.0001408231000364,0.0,1.0001408231000364,0.0,False,True,burst-only,10,nonpaper diagnostic,10,cue,1,
17,0.061522352430555705,800,True,1.0001408231000364,0.0,1.0001408231000364,0.0,False,True,burst-only,10,nonpaper diagnostic,10,cue,1,
42,0.11707790798611128,801,True,1.0001408231000364,0.0,1.0001408231000364,0.0,False,True,burst-only,10,nonpaper diagnostic,10,cue,1,
68,0.17263346354166664,802,True,1.0001408231000193,0.0,1.0001408231000193,0.0,False,True,burst-only,10,nonpaper diagnostic,10,cue,1,
88,0.22818901909722222,803,True,1.0001408231000193,0.0,1.0001408231000193,0.0,False,True,burst-only,10,nonpaper diagnostic,10,cue,1,
47,0.2837445746527778,804,True,1.0001408231000193,0.0,1.0001408231000193,0.0,False,True,burst-only,10,nonpaper diagnostic,10,cue,1,
98,0.3393001302083334,805,True,1.0001408231000364,0.0,1.0001408231000364,0.0,False,True,burst-only,10,nonpaper diagnostic,10,cue,1,
55,0.39485568576388896,806,True,1.0001408231000364,0.0,1.0001408231000364,0.0,False,True,burst-only,10,nonpaper diagnostic,10,cue,1,
97,0.4499999999999904,807,True,1.0001408231000364,0.0,1.0001408231000364,0.0,False,True,burst-only,10,nonpaper diagnostic,10,cue,1,
23,0.5059667968749892,808,True,1.0001408231000053,0.0,1.0001408231000053,0.0,False,True,burst-only,10,nonpaper diagnostic,10,cue,1,
14,0.3615474446614584,385,False,0.9999844920193582,0.0,0.9999844920193582,0.0,False,True,burst-only,3,nonpaper diagnostic,10,cue,1,
5,0.004999999999999893,809,True,1.000078878138213,1.000078878138213,0.0,0.0,True,False,predicted-supported,10,nonpaper diagnostic,10,cue,2,
94,0.0616700575086806,810,True,1.000078878138213,1.000078878138213,0.0,0.0,True,False,predicted-supported,10,nonpaper diagnostic,10,cue,2,
90,0.11722561306423618,811,True,1.000078878138213,1.000078878138213,0.0,0.0,True,False,predicted-supported,10,nonpaper diagnostic,10,cue,2,
16,0.17278116861979176,812,True,1.0000788781382262,1.0000788781382262,0.0,0.0,True,False,predicted-supported,10,nonpaper diagnostic,10,cue,2,
43,0.22833672417534734,813,True,1.0000788781382262,1.0000788781382262,0.0,0.0,True,False,predicted-supported,10,nonpaper diagnostic,10,cue,2,
45,0.2838922797309029,814,True,1.0000788781382262,1.0000788781382262,0.0,0.0,True,False,predicted-supported,10,nonpaper diagnostic,10,cue,2,
10,0.3394478352864583,815,True,1.000078878138213,1.000078878138213,0.0,0.0,True,False,predicted-supported,10,nonpaper diagnostic,10,cue,2,
87,0.3949999999999916,816,True,1.000078878138213,1.000078878138213,0.0,0.0,True,False,predicted-supported,10,nonpaper diagnostic,10,cue,2,
60,0.4499999999999904,817,True,1.000078878138213,1.000078878138213,0.0,0.0,True,False,predicted-supported,10,nonpaper diagnostic,10,cue,2,
9,0.5061145019531141,818,True,1.0000788781381833,1.0000788781381833,0.0,0.0,True,False,predicted-supported,10,nonpaper diagnostic,10,cue,2,
51,0.004999999999999893,819,True,1.0001408231000364,1.0001408231000364,0.0,0.0,True,False,predicted-supported,10,nonpaper diagnostic,10,cue,3,
26,0.061522352430555705,820,True,1.0001408231000364,1.0001408231000364,0.0,0.0,True,False,predicted-supported,10,nonpaper diagnostic,10,cue,3,
92,0.11707790798611128,821,True,1.0001408231000364,1.0001408231000364,0.0,0.0,True,False,predicted-supported,10,nonpaper diagnostic,10,cue,3,
23,0.17263346354166664,822,True,1.0001408231000193,1.0001408231000193,0.0,0.0,True,False,predicted-supported,10,nonpaper diagnostic,10,cue,3,
9,0.22818901909722222,823,True,1.0001408231000193,1.0001408231000193,0.0,0.0,True,False,predicted-supported,10,nonpaper diagnostic,10,cue,3,
43,0.2837445746527778,824,True,1.0001408231000193,1.0001408231000193,0.0,0.0,True,False,predicted-supported,10,nonpaper diagnostic,10,cue,3,
38,0.3393001302083334,825,True,1.0001408231000364,1.0001408231000364,0.0,0.0,True,False,predicted-supported,10,nonpaper diagnostic,10,cue,3,
60,0.39485568576388896,826,True,1.0001408231000364,1.0001408231000364,0.0,0.0,True,False,predicted-supported,10,nonpaper diagnostic,10,cue,3,
12,0.4499999999999904,827,True,1.0001408231000364,1.0001408231000364,0.0,0.0,True,False,predicted-supported,10,nonpaper diagnostic,10,cue,3,
1,0.5059667968749892,828,True,1.0001408231000053,1.0001408231000053,0.0,0.0,True,False,predicted-supported,10,nonpaper diagnostic,10,cue,3,
99,0.004999999999999893,829,True,1.0001408231000364,1.0001408231000364,0.0,0.0,True,False,predicted-supported,10,nonpaper diagnostic,10,cue,4,
18,0.061522352430555705,830,True,1.0001408231000364,1.0001408231000364,0.0,0.0,True,False,predicted-supported,10,nonpaper diagnostic,10,cue,4,
6,0.11707790798611128,831,True,1.0001408231000364,1.0001408231000364,0.0,0.0,True,False,predicted-supported,10,nonpaper diagnostic,10,cue,4,
80,0.17263346354166664,832,True,1.0001408231000193,1.0001408231000193,0.0,0.0,True,False,predicted-supported,10,nonpaper diagnostic,10,cue,4,
14,0.22818901909722222,833,True,1.0001408231000193,1.0001408231000193,0.0,0.0,True,False,predicted-supported,10,nonpaper diagnostic,10,cue,4,
57,0.2837445746527778,834,True,1.0001408231000193,1.0001408231000193,0.0,0.0,True,False,predicted-supported,10,nonpaper diagnostic,10,cue,4,
13,0.3393001302083334,835,True,1.0001408231000364,1.0001408231000364,0.0,0.0,True,False,predicted-supported,10,nonpaper diagnostic,10,cue,4,
68,0.39485568576388896,836,True,1.0001408231000364,1.0001408231000364,0.0,0.0,True,False,predicted-supported,10,nonpaper diagnostic,10,cue,4,
83,0.4499999999999904,837,True,1.0001408231000364,1.0001408231000364,0.0,0.0,True,False,predicted-supported,10,nonpaper diagnostic,10,cue,4,
81,0.5078857421874892,838,True,1.0000448442291552,1.0000448442291552,0.0,0.0,True,False,predicted-supported,10,nonpaper diagnostic,10,cue,4,
45,0.004999999999999893,839,True,1.000078878138213,1.000078878138213,0.0,0.0,True,False,predicted-supported,10,nonpaper diagnostic,10,cue,5,
81,0.061762830946180625,840,True,1.0001100605753661,1.0001100605753661,0.0,0.0,True,False,predicted-supported,10,nonpaper diagnostic,10,cue,5,
79,0.11722561306423618,841,True,1.000078878138213,1.000078878138213,0.0,0.0,True,False,predicted-supported,10,nonpaper diagnostic,10,cue,5,
6,0.17287394205729156,842,True,1.00011006057535,1.00011006057535,0.0,0.0,True,False,predicted-supported,10,nonpaper diagnostic,10,cue,5,
29,0.22833672417534734,843,True,1.0000788781382262,1.0000788781382262,0.0,0.0,True,False,predicted-supported,10,nonpaper diagnostic,10,cue,5,
34,0.2839850531684027,844,True,1.00011006057535,1.00011006057535,0.0,0.0,True,False,predicted-supported,10,nonpaper diagnostic,10,cue,5,
85,0.3395406087239583,845,True,1.0001100605753661,1.0001100605753661,0.0,0.0,True,False,predicted-supported,10,nonpaper diagnostic,10,cue,5,
38,0.3949999999999916,846,True,1.0001100605753661,1.0001100605753661,0.0,0.0,True,False,predicted-supported,10,nonpaper diagnostic,10,cue,5,
43,0.4499999999999904,847,True,1.0001100605753661,1.0001100605753661,0.0,0.0,True,False,predicted-supported,10,nonpaper diagnostic,10,cue,5,
27,0.5062072753906139,848,True,1.0001100605753075,1.0001100605753075,0.0,0.0,True,False,predicted-supported,10,nonpaper diagnostic,10,cue,5,
97,0.004999999999999893,849,True,1.000078878138213,1.000078878138213,0.0,0.0,True,False,predicted-supported,10,nonpaper diagnostic,10,suffix,1,True
29,0.0616700575086806,850,True,1.000078878138213,1.000078878138213,0.0,0.0,True,False,predicted-supported,10,nonpaper diagnostic,10,suffix,1,True
65,0.11722561306423618,851,True,1.000078878138213,1.000078878138213,0.0,0.0,True,False,predicted-supported,10,nonpaper diagnostic,10,suffix,1,True
36,0.17278116861979176,852,True,1.0000788781382262,1.0000788781382262,0.0,0.0,True,False,predicted-supported,10,nonpaper diagnostic,10,suffix,1,True
3,0.22833672417534734,853,True,1.0000788781382262,1.0000788781382262,0.0,0.0,True,False,predicted-supported,10,nonpaper diagnostic,10,suffix,1,True
8,0.2838922797309029,854,True,1.0000788781382262,1.0000788781382262,0.0,0.0,True,False,predicted-supported,10,nonpaper diagnostic,10,suffix,1,True
72,0.3394478352864583,855,True,1.000078878138213,1.000078878138213,0.0,0.0,True,False,predicted-supported,10,nonpaper diagnostic,10,suffix,1,True
98,0.3949999999999916,856,True,1.000078878138213,1.000078878138213,0.0,0.0,True,False,predicted-supported,10,nonpaper diagnostic,10,suffix,1,True
13,0.4499999999999904,857,True,1.000078878138213,1.000078878138213,0.0,0.0,True,False,predicted-supported,10,nonpaper diagnostic,10,suffix,1,True
51,0.5061145019531141,858,True,1.0000788781381833,1.0000788781381833,0.0,0.0,True,False,predicted-supported,10,nonpaper diagnostic,10,suffix,1,True
84,0.011916503906250098,859,True,0.9999867445088282,0.9999867445088282,0.0,0.0,True,False,predicted-supported,10,nonpaper diagnostic,10,suffix,2,True
51,0.06747205946180568,860,True,0.9999867445088282,0.9999867445088282,0.0,0.0,True,False,predicted-supported,10,nonpaper diagnostic,10,suffix,2,True
72,0.12302761501736126,861,True,0.9999867445088282,0.9999867445088282,0.0,0.0,True,False,predicted-supported,10,nonpaper diagnostic,10,suffix,2,True
23,0.17858317057291662,862,True,0.9999867445088144,0.9999867445088144,0.0,0.0,True,False,predicted-supported,10,nonpaper diagnostic,10,suffix,2,True
68,0.2341387261284722,863,True,0.9999867445088144,0.9999867445088144,0.0,0.0,True,False,predicted-supported,10,nonpaper diagnostic,10,suffix,2,True
9,0.2896942816840278,864,True,0.9999867445088144,0.9999867445088144,0.0,0.0,True,False,predicted-supported,10,nonpaper diagnostic,10,suffix,2,True
49,0.34499999999999265,865,True,0.9999867445088282,0.9999867445088282,0.0,0.0,True,False,predicted-supported,10,nonpaper diagnostic,10,suffix,2,True
65,0.3999999999999915,866,True,0.9999867445088282,0.9999867445088282,0.0,0.0,True,False,predicted-supported,10,nonpaper diagnostic,10,suffix,2,True
63,0.4549999999999903,867,True,0.9999867445088282,0.9999867445088282,0.0,0.0,True,False,predicted-supported,10,nonpaper diagnostic,10,suffix,2,True
82,0.5119165039062392,868,True,0.9999867445088022,0.9999867445088022,0.0,0.0,True,False,predicted-supported,10,nonpaper diagnostic,10,suffix,2,True
84,0.017647840711795926,869,True,1.0001329861389485,1.0001329861389485,0.0,0.0,True,False,predicted-supported,10,nonpaper diagnostic,10,suffix,3,True
10,0.0732033962673515,870,True,1.0001329861389485,1.0001329861389485,0.0,0.0,True,False,predicted-supported,10,nonpaper diagnostic,10,suffix,3,True
58,0.1287589518229071,871,True,1.0001329861389485,1.0001329861389485,0.0,0.0,True,False,predicted-supported,10,nonpaper diagnostic,10,suffix,3,True
83,0.18431450737846244,872,True,1.0001329861389343,1.0001329861389343,0.0,0.0,True,False,predicted-supported,10,nonpaper diagnostic,10,suffix,3,True
35,0.23987006293401802,873,True,1.0001329861389343,1.0001329861389343,0.0,0.0,True,False,predicted-supported,10,nonpaper diagnostic,10,suffix,3,True
52,0.2949999999999937,874,True,1.0001329861389343,1.0001329861389343,0.0,0.0,True,False,predicted-supported,10,nonpaper diagnostic,10,suffix,3,True
70,0.34999999999999254,875,True,1.0001329861389485,1.0001329861389485,0.0,0.0,True,False,predicted-supported,10,nonpaper diagnostic,10,suffix,3,True
90,0.40653672960068477,876,True,1.0001329861389485,1.0001329861389485,0.0,0.0,True,False,predicted-supported,10,nonpaper diagnostic,10,suffix,3,True
32,0.46209228515624035,877,True,1.0001329861389485,1.0001329861389485,0.0,0.0,True,False,predicted-supported,10,nonpaper diagnostic,10,suffix,3,True
40,0.5176478407117853,878,True,1.0001329861389532,1.0001329861389532,0.0,0.0,True,False,predicted-supported,10,nonpaper diagnostic,10,suffix,3,True
60,0.02378092447915936,879,True,1.0001371373215053,1.0001371373215053,0.0,0.0,True,False,predicted-supported,10,nonpaper diagnostic,10,suffix,4,True
48,0.07918023003471486,880,True,1.0000829063591268,1.0000829063591268,0.0,0.0,True,False,predicted-supported,10,nonpaper diagnostic,10,suffix,4,True
90,0.13489203559027052,881,True,1.0001371373215053,1.0001371373215053,0.0,0.0,True,False,predicted-supported,10,nonpaper diagnostic,10,suffix,4,True
50,0.18999999999999595,882,True,1.000137137321492,1.000137137321492,0.0,0.0,True,False,predicted-supported,10,nonpaper diagnostic,10,suffix,4,True
53,0.24499999999999478,883,True,1.000137137321492,1.000137137321492,0.0,0.0,True,False,predicted-supported,10,nonpaper diagnostic,10,suffix,4,True
9,0.30155870225693704,884,True,1.000137137321492,1.000137137321492,0.0,0.0,True,False,predicted-supported,10,nonpaper diagnostic,10,suffix,4,True
80,0.4126698133680482,885,True,1.0001371373215053,1.0001371373215053,0.0,0.0,True,False,predicted-supported,10,nonpaper diagnostic,10,suffix,4,True
25,0.4679214138454788,886,True,1.000145672706115,1.000145672706115,0.0,0.0,True,False,predicted-supported,10,nonpaper diagnostic,10,suffix,4,True
99,0.5237809244791487,887,True,1.000137137321501,1.000137137321501,0.0,0.0,True,False,predicted-supported,10,nonpaper diagnostic,10,suffix,4,True
74,0.004999999999999893,888,True,1.0001408231000364,0.0,1.0001408231000364,0.0,False,True,burst-only,10,nonpaper diagnostic,11,cue,1,
81,0.061522352430555705,889,True,1.0001408231000364,0.0,1.0001408231000364,0.0,False,True,burst-only,10,nonpaper diagnostic,11,cue,1,
31,0.11707790798611128,890,True,1.0001408231000364,0.0,1.0001408231000364,0.0,False,True,burst-only,10,nonpaper diagnostic,11,cue,1,
1,0.17455240885416656,891,True,1.0000448442291643,0.0,1.0000448442291643,0.0,False,True,burst-only,10,nonpaper diagnostic,11,cue,1,
76,0.22818901909722222,892,True,1.0001408231000193,0.0,1.0001408231000193,0.0,False,True,burst-only,10,nonpaper diagnostic,11,cue,1,
47,0.2837445746527778,893,True,1.0001408231000193,0.0,1.0001408231000193,0.0,False,True,burst-only,10,nonpaper diagnostic,11,cue,1,
79,0.3393001302083334,894,True,1.0001408231000364,0.0,1.0001408231000364,0.0,False,True,burst-only,10,nonpaper diagnostic,11,cue,1,
58,0.39485568576388896,895,True,1.0001408231000364,0.0,1.0001408231000364,0.0,False,True,burst-only,10,nonpaper diagnostic,11,cue,1,
16,0.4499999999999904,896,True,1.0001408231000364,0.0,1.0001408231000364,0.0,False,True,burst-only,10,nonpaper diagnostic,11,cue,1,
75,0.5059667968749892,897,True,1.0001408231000053,0.0,1.0001408231000053,0.0,False,True,burst-only,10,nonpaper diagnostic,11,cue,1,
14,0.41710300021701396,385,False,0.9999844920193582,0.0,0.9999844920193582,0.0,False,True,burst-only,3,nonpaper diagnostic,11,cue,1,
60,0.004999999999999893,898,True,1.000078878138213,1.000078878138213,0.0,0.0,True,False,predicted-supported,10,nonpaper diagnostic,11,cue,2,
67,0.0616700575086806,899,True,1.000078878138213,1.000078878138213,0.0,0.0,True,False,predicted-supported,10,nonpaper diagnostic,11,cue,2,
40,0.11722561306423618,900,True,1.000078878138213,1.000078878138213,0.0,0.0,True,False,predicted-supported,10,nonpaper diagnostic,11,cue,2,
24,0.2299999999999951,902,True,0.999987952927577,0.999987952927577,0.0,0.0,True,False,predicted-supported,10,nonpaper diagnostic,11,cue,2,
53,0.2838922797309029,903,True,1.0000788781382262,1.0000788781382262,0.0,0.0,True,False,predicted-supported,10,nonpaper diagnostic,11,cue,2,
79,0.3394478352864583,904,True,1.000078878138213,1.000078878138213,0.0,0.0,True,False,predicted-supported,10,nonpaper diagnostic,11,cue,2,
3,0.3949999999999916,905,True,1.000078878138213,1.000078878138213,0.0,0.0,True,False,predicted-supported,10,nonpaper diagnostic,11,cue,2,
33,0.4499999999999904,906,True,1.000078878138213,1.000078878138213,0.0,0.0,True,False,predicted-supported,10,nonpaper diagnostic,11,cue,2,
16,0.5061145019531141,907,True,1.0000788781381833,1.0000788781381833,0.0,0.0,True,False,predicted-supported,10,nonpaper diagnostic,11,cue,2,
94,0.004999999999999893,908,True,0.9999820760180033,0.9001875307534775,0.09979454526452579,0.0,False,False,burst-assisted,10,nonpaper diagnostic,11,cue,3,
32,0.11720974392361105,910,True,0.9999820760180033,0.9001875307534775,0.09979454526452579,0.0,False,False,burst-assisted,10,nonpaper diagnostic,11,cue,3,
56,0.17276529947916663,911,True,0.9999820760180019,0.9001875307534761,0.09979454526452579,0.0,False,False,burst-assisted,10,nonpaper diagnostic,11,cue,3,
51,0.22832085503472221,912,True,0.9999820760180019,0.9001875307534761,0.09979454526452579,0.0,False,False,burst-assisted,10,nonpaper diagnostic,11,cue,3,
64,0.2838764105902778,913,True,0.9999820760180019,0.9001875307534761,0.09979454526452579,0.0,False,False,burst-assisted,10,nonpaper diagnostic,11,cue,3,
97,0.39498752170138873,915,True,0.9999820760180033,0.9001875307534775,0.09979454526452579,0.0,False,False,burst-assisted,10,nonpaper diagnostic,11,cue,3,
25,0.4499999999999904,916,True,0.9999820760180033,0.9001875307534775,0.09979454526452579,0.0,False,False,burst-assisted,10,nonpaper diagnostic,11,cue,3,
82,0.5060986328124892,917,True,0.9999820760179879,0.9001875307534637,0.09979454526452426,0.0,False,False,burst-assisted,10,nonpaper diagnostic,11,cue,3,
23,0.004999999999999893,918,True,1.0001408231000364,0.8001126584800291,0.20002816462000728,0.0,False,False,burst-assisted,10,nonpaper diagnostic,11,cue,4,
50,0.061522352430555705,919,True,1.0001408231000364,0.8001126584800291,0.20002816462000728,0.0,False,False,burst-assisted,10,nonpaper diagnostic,11,cue,4,
77,0.11707790798611128,920,True,1.0001408231000364,0.8001126584800291,0.20002816462000728,0.0,False,False,burst-assisted,10,nonpaper diagnostic,11,cue,4,
82,0.17263346354166664,921,True,1.0001408231000193,0.8001126584800151,0.20002816462000417,0.0,False,False,burst-assisted,10,nonpaper diagnostic,11,cue,4,
73,0.22818901909722222,922,True,1.0001408231000193,0.8001126584800151,0.20002816462000417,0.0,False,False,burst-assisted,10,nonpaper diagnostic,11,cue,4,
12,0.2837445746527778,923,True,1.0001408231000193,0.8001126584800151,0.20002816462000417,0.0,False,False,burst-assisted,10,nonpaper diagnostic,11,cue,4,
5,0.3393001302083334,924,True,1.0001408231000364,0.8001126584800291,0.20002816462000728,0.0,False,False,burst-assisted,10,nonpaper diagnostic,11,cue,4,
18,0.39485568576388896,925,True,1.0001408231000364,0.8001126584800291,0.20002816462000728,0.0,False,False,burst-assisted,10,nonpaper diagnostic,11,cue,4,
27,0.4499999999999904,926,True,1.0001408231000364,0.8001126584800291,0.20002816462000728,0.0,False,False,burst-assisted,10,nonpaper diagnostic,11,cue,4,
56,0.5059667968749892,927,True,1.0001408231000053,0.8001126584800042,0.20002816462000106,0.0,False,False,burst-assisted,10,nonpaper diagnostic,11,cue,4,
84,0.004999999999999893,928,True,1.0001408231000364,1.0001408231000364,0.0,0.0,True,False,predicted-supported,10,nonpaper diagnostic,11,cue,5,
10,0.061522352430555705,929,True,1.0001408231000364,1.0001408231000364,0.0,0.0,True,False,predicted-supported,10,nonpaper diagnostic,11,cue,5,
58,0.11707790798611128,930,True,1.0001408231000364,1.0001408231000364,0.0,0.0,True,False,predicted-supported,10,nonpaper diagnostic,11,cue,5,
83,0.17263346354166664,931,True,1.0001408231000193,1.0001408231000193,0.0,0.0,True,False,predicted-supported,10,nonpaper diagnostic,11,cue,5,
35,0.22818901909722222,932,True,1.0001408231000193,1.0001408231000193,0.0,0.0,True,False,predicted-supported,10,nonpaper diagnostic,11,cue,5,
52,0.2849999999999939,933,True,1.0000448442291643,1.0000448442291643,0.0,0.0,True,False,predicted-supported,10,nonpaper diagnostic,11,cue,5,
70,0.3393001302083334,934,True,1.0001408231000364,1.0001408231000364,0.0,0.0,True,False,predicted-supported,10,nonpaper diagnostic,11,cue,5,
90,0.39485568576388896,935,True,1.0001408231000364,1.0001408231000364,0.0,0.0,True,False,predicted-supported,10,nonpaper diagnostic,11,cue,5,
32,0.4499999999999904,936,True,1.0001408231000364,1.0001408231000364,0.0,0.0,True,False,predicted-supported,10,nonpaper diagnostic,11,cue,5,
40,0.5059667968749892,937,True,1.0001408231000053,1.0001408231000053,0.0,0.0,True,False,predicted-supported,10,nonpaper diagnostic,11,cue,5,
48,0.004999999999999893,938,True,1.000078878138213,1.000078878138213,0.0,0.0,True,False,predicted-supported,10,nonpaper diagnostic,11,suffix,1,True
1,0.0616700575086806,939,True,1.000078878138213,1.000078878138213,0.0,0.0,True,False,predicted-supported,10,nonpaper diagnostic,11,suffix,1,True
12,0.11722561306423618,940,True,1.000078878138213,1.000078878138213,0.0,0.0,True,False,predicted-supported,10,nonpaper diagnostic,11,suffix,1,True
33,0.17278116861979176,941,True,1.0000788781382262,1.0000788781382262,0.0,0.0,True,False,predicted-supported,10,nonpaper diagnostic,11,suffix,1,True
32,0.22833672417534734,942,True,1.0000788781382262,1.0000788781382262,0.0,0.0,True,False,predicted-supported,10,nonpaper diagnostic,11,suffix,1,True
35,0.2838922797309029,943,True,1.0000788781382262,1.0000788781382262,0.0,0.0,True,False,predicted-supported,10,nonpaper diagnostic,11,suffix,1,True
43,0.3394478352864583,944,True,1.000078878138213,1.000078878138213,0.0,0.0,True,False,predicted-supported,10,nonpaper diagnostic,11,suffix,1,True
70,0.3949999999999916,945,True,1.000078878138213,1.000078878138213,0.0,0.0,True,False,predicted-supported,10,nonpaper diagnostic,11,suffix,1,True
69,0.4499999999999904,946,True,1.000078878138213,1.000078878138213,0.0,0.0,True,False,predicted-supported,10,nonpaper diagnostic,11,suffix,1,True
65,0.5059667968749892,947,True,1.0001408231000053,1.0001408231000053,0.0,0.0,True,False,predicted-supported,10,nonpaper diagnostic,11,suffix,1,True
53,0.01190185546875,948,True,1.0000164204812751,1.0000164204812751,0.0,0.0,True,False,predicted-supported,10,nonpaper diagnostic,11,suffix,2,True
66,0.06745741102430558,949,True,1.0000164204812751,1.0000164204812751,0.0,0.0,True,False,predicted-supported,10,nonpaper diagnostic,11,suffix,2,True
72,0.12301296657986116,950,True,1.0000164204812751,1.0000164204812751,0.0,0.0,True,False,predicted-supported,10,nonpaper diagnostic,11,suffix,2,True
12,0.17856852213541652,951,True,1.0000164204812616,1.0000164204812616,0.0,0.0,True,False,predicted-supported,10,nonpaper diagnostic,11,suffix,2,True
81,0.2341240776909721,952,True,1.0000164204812616,1.0000164204812616,0.0,0.0,True,False,predicted-supported,10,nonpaper diagnostic,11,suffix,2,True
56,0.2896796332465277,953,True,1.0000164204812616,1.0000164204812616,0.0,0.0,True,False,predicted-supported,10,nonpaper diagnostic,11,suffix,2,True
82,0.34499999999999265,954,True,1.0000164204812751,1.0000164204812751,0.0,0.0,True,False,predicted-supported,10,nonpaper diagnostic,11,suffix,2,True
9,0.3999999999999915,955,True,1.0000164204812751,1.0000164204812751,0.0,0.0,True,False,predicted-supported,10,nonpaper diagnostic,11,suffix,2,True
70,0.4549999999999903,956,True,1.0000164204812751,1.0000164204812751,0.0,0.0,True,False,predicted-supported,10,nonpaper diagnostic,11,suffix,2,True
76,0.5119018554687393,957,True,1.00001642048128,1.00001642048128,0.0,0.0,True,False,predicted-supported,10,nonpaper diagnostic,11,suffix,2,True
85,0.017636854383670908,958,True,1.0000529075116744,1.0000529075116744,0.0,0.0,True,False,predicted-supported,10,nonpaper diagnostic,11,suffix,3,True
97,0.07319240993922649,959,True,1.0000529075116744,1.0000529075116744,0.0,0.0,True,False,predicted-supported,10,nonpaper diagnostic,11,suffix,3,True
5,0.12874796549478207,960,True,1.0000529075116744,1.0000529075116744,0.0,0.0,True,False,predicted-supported,10,nonpaper diagnostic,11,suffix,3,True
49,0.18430352105033743,961,True,1.0000529075116606,1.0000529075116606,0.0,0.0,True,False,predicted-supported,10,nonpaper diagnostic,11,suffix,3,True
20,0.239859076605893,962,True,1.0000529075116606,1.0000529075116606,0.0,0.0,True,False,predicted-supported,10,nonpaper diagnostic,11,suffix,3,True
60,0.2949999999999937,963,True,1.0000529075116606,1.0000529075116606,0.0,0.0,True,False,predicted-supported,10,nonpaper diagnostic,11,suffix,3,True
21,0.34999999999999254,964,True,1.0000529075116744,1.0000529075116744,0.0,0.0,True,False,predicted-supported,10,nonpaper diagnostic,11,suffix,3,True
63,0.40652574327255975,965,True,1.0000529075116744,1.0000529075116744,0.0,0.0,True,False,predicted-supported,10,nonpaper diagnostic,11,suffix,3,True
69,0.4620812988281153,966,True,1.0000529075116744,1.0000529075116744,0.0,0.0,True,False,predicted-supported,10,nonpaper diagnostic,11,suffix,3,True
78,0.5176368543836602,967,True,1.00005290751167,1.00005290751167,0.0,0.0,True,False,predicted-supported,10,nonpaper diagnostic,11,suffix,3,True
9,0.023467203776034395,968,True,1.0000211621249675,1.0000211621249675,0.0,0.0,True,False,predicted-supported,10,nonpaper diagnostic,11,suffix,4,True
10,0.07902275933158998,969,True,1.0000211621249675,1.0000211621249675,0.0,0.0,True,False,predicted-supported,10,nonpaper diagnostic,11,suffix,4,True
11,0.13457831488714556,970,True,1.0000211621249675,1.0000211621249675,0.0,0.0,True,False,predicted-supported,10,nonpaper diagnostic,11,suffix,4,True
81,0.18999999999999595,971,True,1.0000211621249537,1.0000211621249537,0.0,0.0,True,False,predicted-supported,10,nonpaper diagnostic,11,suffix,4,True
14,0.24499999999999478,972,True,1.0000211621249537,1.0000211621249537,0.0,0.0,True,False,predicted-supported,10,nonpaper diagnostic,11,suffix,4,True
32,0.2999999999999936,973,True,1.0000211621249537,1.0000211621249537,0.0,0.0,True,False,predicted-supported,10,nonpaper diagnostic,11,suffix,4,True
53,0.35680053710936765,974,True,1.0000211621249675,1.0000211621249675,0.0,0.0,True,False,predicted-supported,10,nonpaper diagnostic,11,suffix,4,True
93,0.41235609266492323,975,True,1.0000211621249675,1.0000211621249675,0.0,0.0,True,False,predicted-supported,10,nonpaper diagnostic,11,suffix,4,True
42,0.4679116482204788,976,True,1.0000211621249675,1.0000211621249675,0.0,0.0,True,False,predicted-supported,10,nonpaper diagnostic,11,suffix,4,True
49,0.5234672037760235,977,True,1.0000211621249324,1.0000211621249324,0.0,0.0,True,False,predicted-supported,10,nonpaper diagnostic,11,suffix,4,True
67,0.004999999999999893,978,True,1.0001408231000364,0.0,1.0001408231000364,0.0,False,True,burst-only,10,nonpaper diagnostic,12,cue,1,
36,0.061522352430555705,979,True,1.0001408231000364,0.0,1.0001408231000364,0.0,False,True,burst-only,10,nonpaper diagnostic,12,cue,1,
61,0.11707790798611128,980,True,1.0001408231000364,0.0,1.0001408231000364,0.0,False,True,burst-only,10,nonpaper diagnostic,12,cue,1,
83,0.17263346354166664,981,True,1.0001408231000193,0.0,1.0001408231000193,0.0,False,True,burst-only,10,nonpaper diagnostic,12,cue,1,
34,0.22818901909722222,982,True,1.0001408231000193,0.0,1.0001408231000193,0.0,False,True,burst-only,10,nonpaper diagnostic,12,cue,1,
71,0.2837445746527778,983,True,1.0001408231000193,0.0,1.0001408231000193,0.0,False,True,burst-only,10,nonpaper diagnostic,12,cue,1,
84,0.3393001302083334,984,True,1.0001408231000364,0.0,1.0001408231000364,0.0,False,True,burst-only,10,nonpaper diagnostic,12,cue,1,
91,0.39485568576388896,985,True,1.0001408231000364,0.0,1.0001408231000364,0.0,False,True,burst-only,10,nonpaper diagnostic,12,cue,1,
95,0.4499999999999904,986,True,1.0001408231000364,0.0,1.0001408231000364,0.0,False,True,burst-only,10,nonpaper diagnostic,12,cue,1,
37,0.5059667968749892,987,True,1.0001408231000053,0.0,1.0001408231000053,0.0,False,True,burst-only,10,nonpaper diagnostic,12,cue,1,
14,0.13878567165798628,385,False,0.9999817695314477,0.0,0.9999817695314477,0.0,False,True,burst-only,3,nonpaper diagnostic,12,cue,1,
9,0.004999999999999893,988,True,1.0001408231000364,1.0001408231000364,0.0,0.0,True,False,predicted-supported,10,nonpaper diagnostic,12,cue,2,
10,0.061522352430555705,989,True,1.0001408231000364,1.0001408231000364,0.0,0.0,True,False,predicted-supported,10,nonpaper diagnostic,12,cue,2,
11,0.11707790798611128,990,True,1.0001408231000364,1.0001408231000364,0.0,0.0,True,False,predicted-supported,10,nonpaper diagnostic,12,cue,2,
81,0.17263346354166664,991,True,1.0001408231000193,1.0001408231000193,0.0,0.0,True,False,predicted-supported,10,nonpaper diagnostic,12,cue,2,
14,0.22818901909722222,992,True,1.0001408231000193,1.0001408231000193,0.0,0.0,True,False,predicted-supported,10,nonpaper diagnostic,12,cue,2,
32,0.2837445746527778,993,True,1.0001408231000193,1.0001408231000193,0.0,0.0,True,False,predicted-supported,10,nonpaper diagnostic,12,cue,2,
53,0.3393001302083334,994,True,1.0001408231000364,1.0001408231000364,0.0,0.0,True,False,predicted-supported,10,nonpaper diagnostic,12,cue,2,
93,0.39485568576388896,995,True,1.0001408231000364,1.0001408231000364,0.0,0.0,True,False,predicted-supported,10,nonpaper diagnostic,12,cue,2,
42,0.4499999999999904,996,True,1.0001408231000364,1.0001408231000364,0.0,0.0,True,False,predicted-supported,10,nonpaper diagnostic,12,cue,2,
49,0.5059667968749892,997,True,1.0001408231000053,1.0001408231000053,0.0,0.0,True,False,predicted-supported,10,nonpaper diagnostic,12,cue,2,
3,0.006607666015624902,998,True,1.00009005211924,1.00009005211924,0.0,0.0,True,False,predicted-supported,10,nonpaper diagnostic,12,cue,3,
1,0.06216322157118048,999,True,1.00009005211924,1.00009005211924,0.0,0.0,True,False,predicted-supported,10,nonpaper diagnostic,12,cue,3,
98,0.11771877712673606,1000,True,1.00009005211924,1.00009005211924,0.0,0.0,True,False,predicted-supported,10,nonpaper diagnostic,12,cue,3,
31,0.17293741861979162,1001,True,1.0001339352033576,1.0001339352033576,0.0,0.0,True,False,predicted-supported,10,nonpaper diagnostic,12,cue,3,
74,0.2284929741753472,1002,True,1.0001339352033576,1.0001339352033576,0.0,0.0,True,False,predicted-supported,10,nonpaper diagnostic,12,cue,3,
5,0.2843854437934026,1003,True,1.0000900521192253,1.0000900521192253,0.0,0.0,True,False,predicted-supported,10,nonpaper diagnostic,12,cue,3,
81,0.3393001302083334,1004,True,1.0001408231000364,1.0001408231000364,0.0,0.0,True,False,predicted-supported,10,nonpaper diagnostic,12,cue,3,
20,0.3949999999999916,1005,True,1.00009005211924,1.00009005211924,0.0,0.0,True,False,predicted-supported,10,nonpaper diagnostic,12,cue,3,
52,0.4499999999999904,1006,True,1.0001408231000364,1.0001408231000364,0.0,0.0,True,False,predicted-supported,10,nonpaper diagnostic,12,cue,3,
18,0.07375135633680574,382,False,0.9999840288086967,0.9999840288086967,0.0,0.0,True,False,predicted-supported,4,nonpaper diagnostic,12,cue,3,
80,0.18411417643229155,384,False,0.9999984008305911,0.9999984008305911,0.0,0.0,True,False,predicted-supported,4,nonpaper diagnostic,12,cue,3,
14,0.23825127495659726,385,False,0.9999844285524213,0.9999844285524213,0.0,0.0,True,False,predicted-supported,4,nonpaper diagnostic,12,cue,3,
57,0.2949999999999937,386,False,0.9999825424010312,0.9999825424010312,0.0,0.0,True,False,predicted-supported,4,nonpaper diagnostic,12,cue,3,
68,0.4128891330295137,388,False,0.9999969350070634,0.9999969350070634,0.0,0.0,True,False,predicted-supported,3,nonpaper diagnostic,12,cue,3,
83,0.4626402452256946,389,False,0.9999840288086967,0.9999840288086967,0.0,0.0,True,False,predicted-supported,4,nonpaper diagnostic,12,cue,3,
87,0.004999999999999893,1007,True,1.0001408231000364,0.9001267407900327,0.10001408231000364,0.0,False,False,burst-assisted,10,nonpaper diagnostic,12,cue,4,
49,0.061522352430555705,1008,True,1.0001408231000364,0.9001267407900327,0.10001408231000364,0.0,False,False,burst-assisted,10,nonpaper diagnostic,12,cue,4,
6,0.11707790798611128,1009,True,1.0001408231000364,0.9001267407900327,0.10001408231000364,0.0,False,False,burst-assisted,10,nonpaper diagnostic,12,cue,4,
40,0.17263346354166664,1010,True,1.0001408231000193,0.9001267407900172,0.10001408231000208,0.0,False,False,burst-assisted,10,nonpaper diagnostic,12,cue,4,
95,0.22818901909722222,1011,True,1.0001408231000193,0.9001267407900172,0.10001408231000208,0.0,False,False,burst-assisted,10,nonpaper diagnostic,12,cue,4,
50,0.2837445746527778,1012,True,1.0001408231000193,0.9001267407900172,0.10001408231000208,0.0,False,False,burst-assisted,10,nonpaper diagnostic,12,cue,4,
74,0.3393001302083334,1013,True,1.0001408231000364,0.9001267407900327,0.10001408231000364,0.0,False,False,burst-assisted,10,nonpaper diagnostic,12,cue,4,
92,0.39485568576388896,1014,True,1.0001408231000364,0.9001267407900327,0.10001408231000364,0.0,False,False,burst-assisted,10,nonpaper diagnostic,12,cue,4,
9,0.4499999999999904,1015,True,1.0001408231000364,0.9001267407900327,0.10001408231000364,0.0,False,False,burst-assisted,10,nonpaper diagnostic,12,cue,4,
28,0.5059667968749892,1016,True,1.0001408231000053,0.9001267407900048,0.10001408231000053,0.0,False,False,burst-assisted,10,nonpaper diagnostic,12,cue,4,
54,0.004999999999999893,1017,True,1.0001408231000364,1.0001408231000364,0.0,0.0,True,False,predicted-supported,10,nonpaper diagnostic,12,cue,5,
92,0.061522352430555705,1018,True,1.0001408231000364,1.0001408231000364,0.0,0.0,True,False,predicted-supported,10,nonpaper diagnostic,12,cue,5,
61,0.11707790798611128,1019,True,1.0001408231000364,1.0001408231000364,0.0,0.0,True,False,predicted-supported,10,nonpaper diagnostic,12,cue,5,
32,0.17263346354166664,1020,True,1.0001408231000193,1.0001408231000193,0.0,0.0,True,False,predicted-supported,10,nonpaper diagnostic,12,cue,5,
96,0.22818901909722222,1021,True,1.0001408231000193,1.0001408231000193,0.0,0.0,True,False,predicted-supported,10,nonpaper diagnostic,12,cue,5,
31,0.2837445746527778,1022,True,1.0001408231000193,1.0001408231000193,0.0,0.0,True,False,predicted-supported,10,nonpaper diagnostic,12,cue,5,
5,0.3393001302083334,1023,True,1.0001408231000364,1.0001408231000364,0.0,0.0,True,False,predicted-supported,10,nonpaper diagnostic,12,cue,5,
66,0.39485568576388896,1024,True,1.0001408231000364,1.0001408231000364,0.0,0.0,True,False,predicted-supported,10,nonpaper diagnostic,12,cue,5,
12,0.4499999999999904,1025,True,1.0001408231000364,1.0001408231000364,0.0,0.0,True,False,predicted-supported,10,nonpaper diagnostic,12,cue,5,
59,0.5059667968749892,1026,True,1.0001408231000053,1.0001408231000053,0.0,0.0,True,False,predicted-supported,10,nonpaper diagnostic,12,cue,5,
55,0.004999999999999893,1027,True,1.000078878138213,1.000078878138213,0.0,0.0,True,False,predicted-supported,10,nonpaper diagnostic,12,suffix,1,True
26,0.0616700575086806,1028,True,1.000078878138213,1.000078878138213,0.0,0.0,True,False,predicted-supported,10,nonpaper diagnostic,12,suffix,1,True
76,0.11722561306423618,1029,True,1.000078878138213,1.000078878138213,0.0,0.0,True,False,predicted-supported,10,nonpaper diagnostic,12,suffix,1,True
47,0.17278116861979176,1030,True,1.0000788781382262,1.0000788781382262,0.0,0.0,True,False,predicted-supported,10,nonpaper diagnostic,12,suffix,1,True
1,0.22833672417534734,1031,True,1.0000788781382262,1.0000788781382262,0.0,0.0,True,False,predicted-supported,10,nonpaper diagnostic,12,suffix,1,True
81,0.2838922797309029,1032,True,1.0000788781382262,1.0000788781382262,0.0,0.0,True,False,predicted-supported,10,nonpaper diagnostic,12,suffix,1,True
89,0.3394478352864583,1033,True,1.000078878138213,1.000078878138213,0.0,0.0,True,False,predicted-supported,10,nonpaper diagnostic,12,suffix,1,True
5,0.3949999999999916,1034,True,1.000078878138213,1.000078878138213,0.0,0.0,True,False,predicted-supported,10,nonpaper diagnostic,12,suffix,1,True
25,0.4499999999999904,1035,True,1.000078878138213,1.000078878138213,0.0,0.0,True,False,predicted-supported,10,nonpaper diagnostic,12,suffix,1,True
23,0.5061145019531141,1036,True,1.0000788781381833,1.0000788781381833,0.0,0.0,True,False,predicted-supported,10,nonpaper diagnostic,12,suffix,1,True
18,0.011916503906250098,1037,True,0.9999867445088282,0.9999867445088282,0.0,0.0,True,False,predicted-supported,10,nonpaper diagnostic,12,suffix,2,True
31,0.06747205946180568,1038,True,0.9999867445088282,0.9999867445088282,0.0,0.0,True,False,predicted-supported,10,nonpaper diagnostic,12,suffix,2,True
77,0.12302761501736126,1039,True,0.9999867445088282,0.9999867445088282,0.0,0.0,True,False,predicted-supported,10,nonpaper diagnostic,12,suffix,2,True
90,0.17858317057291662,1040,True,0.9999867445088144,0.9999867445088144,0.0,0.0,True,False,predicted-supported,10,nonpaper diagnostic,12,suffix,2,True
14,0.2341387261284722,1041,True,0.9999867445088144,0.9999867445088144,0.0,0.0,True,False,predicted-supported,10,nonpaper diagnostic,12,suffix,2,True
6,0.2896942816840278,1042,True,0.9999867445088144,0.9999867445088144,0.0,0.0,True,False,predicted-supported,10,nonpaper diagnostic,12,suffix,2,True
79,0.34499999999999265,1043,True,0.9999867445088282,0.9999867445088282,0.0,0.0,True,False,predicted-supported,10,nonpaper diagnostic,12,suffix,2,True
53,0.3999999999999915,1044,True,0.9999867445088282,0.9999867445088282,0.0,0.0,True,False,predicted-supported,10,nonpaper diagnostic,12,suffix,2,True
58,0.4549999999999903,1045,True,0.9999867445088282,0.9999867445088282,0.0,0.0,True,False,predicted-supported,10,nonpaper diagnostic,12,suffix,2,True
15,0.5119165039062392,1046,True,0.9999867445088022,0.9999867445088022,0.0,0.0,True,False,predicted-supported,10,nonpaper diagnostic,12,suffix,2,True
26,0.01779554578992104,1047,True,1.0000698505282337,1.0000698505282337,0.0,0.0,True,False,predicted-supported,10,nonpaper diagnostic,12,suffix,3,True
6,0.07335110134547662,1048,True,1.0000698505282337,1.0000698505282337,0.0,0.0,True,False,predicted-supported,10,nonpaper diagnostic,12,suffix,3,True
45,0.1289066569010322,1049,True,1.0000698505282337,1.0000698505282337,0.0,0.0,True,False,predicted-supported,10,nonpaper diagnostic,12,suffix,3,True
67,0.18446221245658756,1050,True,1.0000698505282204,1.0000698505282204,0.0,0.0,True,False,predicted-supported,10,nonpaper diagnostic,12,suffix,3,True
19,0.23999999999999488,1051,True,1.0000698505282204,1.0000698505282204,0.0,0.0,True,False,predicted-supported,10,nonpaper diagnostic,12,suffix,3,True
15,0.2949999999999937,1052,True,1.0000698505282204,1.0000698505282204,0.0,0.0,True,False,predicted-supported,10,nonpaper diagnostic,12,suffix,3,True
46,0.34999999999999254,1053,True,1.0000698505282337,1.0000698505282337,0.0,0.0,True,False,predicted-supported,10,nonpaper diagnostic,12,suffix,3,True
56,0.4066844346788099,1054,True,1.0000698505282337,1.0000698505282337,0.0,0.0,True,False,predicted-supported,10,nonpaper diagnostic,12,suffix,3,True
17,0.46223999023436546,1055,True,1.0000698505282337,1.0000698505282337,0.0,0.0,True,False,predicted-supported,10,nonpaper diagnostic,12,suffix,3,True
85,0.5177955457899099,1056,True,1.0000698505281789,1.0000698505281789,0.0,0.0,True,False,predicted-supported,10,nonpaper diagnostic,12,suffix,3,True
53,0.023594156901034502,1057,True,1.0000995806204396,1.0000995806204396,0.0,0.0,True,False,predicted-supported,10,nonpaper diagnostic,12,suffix,4,True
58,0.07914971245659008,1058,True,1.0000995806204396,1.0000995806204396,0.0,0.0,True,False,predicted-supported,10,nonpaper diagnostic,12,suffix,4,True
76,0.13470526801214566,1059,True,1.0000995806204396,1.0000995806204396,0.0,0.0,True,False,predicted-supported,10,nonpaper diagnostic,12,suffix,4,True
33,0.18999999999999595,1060,True,1.0000995806204256,1.0000995806204256,0.0,0.0,True,False,predicted-supported,10,nonpaper diagnostic,12,suffix,4,True
81,0.24499999999999478,1061,True,1.0000995806204256,1.0000995806204256,0.0,0.0,True,False,predicted-supported,10,nonpaper diagnostic,12,suffix,4,True
74,0.2999999999999936,1062,True,1.0000995806204256,1.0000995806204256,0.0,0.0,True,False,predicted-supported,10,nonpaper diagnostic,12,suffix,4,True
87,0.35692749023436776,1063,True,1.0000995806204396,1.0000995806204396,0.0,0.0,True,False,predicted-supported,10,nonpaper diagnostic,12,suffix,4,True
46,0.41248304578992334,1064,True,1.0000995806204396,1.0000995806204396,0.0,0.0,True,False,predicted-supported,10,nonpaper diagnostic,12,suffix,4,True
99,0.4680386013454789,1065,True,1.0000995806204396,1.0000995806204396,0.0,0.0,True,False,predicted-supported,10,nonpaper diagnostic,12,suffix,4,True
95,0.5235941569010232,1066,True,1.000099580620349,1.000099580620349,0.0,0.0,True,False,predicted-supported,10,nonpaper diagnostic,12,suffix,4,True
58,0.004999999999999893,541,False,1.0001339352033731,0.0,1.0001339352033731,0.0,False,True,burst-only,10,nonpaper diagnostic,13,cue,1,
52,0.06182630750868068,542,False,1.0001339352033731,0.0,1.0001339352033731,0.0,False,True,burst-only,10,nonpaper diagnostic,13,cue,1,
51,0.11738186306423626,543,False,1.0001339352033731,0.0,1.0001339352033731,0.0,False,True,burst-only,10,nonpaper diagnostic,13,cue,1,
34,0.17293741861979162,544,False,1.0001339352033576,0.0,1.0001339352033576,0.0,False,True,burst-only,10,nonpaper diagnostic,13,cue,1,
31,0.2284929741753472,545,False,1.0001339352033576,0.0,1.0001339352033576,0.0,False,True,burst-only,10,nonpaper diagnostic,13,cue,1,
60,0.2840485297309028,546,False,1.0001339352033576,0.0,1.0001339352033576,0.0,False,True,burst-only,10,nonpaper diagnostic,13,cue,1,
63,0.33960408528645836,547,False,1.0001339352033731,0.0,1.0001339352033731,0.0,False,True,burst-only,10,nonpaper diagnostic,13,cue,1,
16,0.22833672417534734,1071,True,1.0000788781382262,0.0,1.0000788781382262,0.0,False,True,burst-only,10,nonpaper diagnostic,13,cue,1,
43,0.4499999999999904,549,False,1.0001339352033731,0.0,1.0001339352033731,0.0,False,True,burst-only,10,nonpaper diagnostic,13,cue,1,
55,0.5062707519531144,550,False,1.0001339352033731,0.0,1.0001339352033731,0.0,False,True,burst-only,10,nonpaper diagnostic,13,cue,1,
67,0.004999999999999893,1067,True,1.000078878138213,0.0,1.000078878138213,0.0,False,True,burst-only,10,nonpaper diagnostic,13,cue,1,
17,0.05999999999999872,1068,True,1.0000917488016692,0.0,1.0000917488016692,0.0,False,True,burst-only,10,nonpaper diagnostic,13,cue,1,
37,0.11722561306423618,1069,True,1.000078878138213,0.0,1.000078878138213,0.0,False,True,burst-only,10,nonpaper diagnostic,13,cue,1,
93,0.17278116861979176,1070,True,1.0000788781382262,0.0,1.0000788781382262,0.0,False,True,burst-only,10,nonpaper diagnostic,13,cue,1,
30,0.2838922797309029,1072,True,1.0000788781382262,0.0,1.0000788781382262,0.0,False,True,burst-only,10,nonpaper diagnostic,13,cue,1,
61,0.3394478352864583,1073,True,1.000078878138213,0.0,1.000078878138213,0.0,False,True,burst-only,10,nonpaper diagnostic,13,cue,1,
14,0.3949999999999916,1074,True,1.000078878138213,0.0,1.000078878138213,0.0,False,True,burst-only,10,nonpaper diagnostic,13,cue,1,
64,0.4499999999999904,1075,True,1.000078878138213,0.0,1.000078878138213,0.0,False,True,burst-only,10,nonpaper diagnostic,13,cue,1,
39,0.5061145019531141,1076,True,1.0000788781381833,0.0,1.0000788781381833,0.0,False,True,burst-only,10,nonpaper diagnostic,13,cue,1,
27,0.004999999999999893,1503,False,1.0001408231000364,0.0,1.0001408231000364,0.0,False,True,burst-only,10,nonpaper diagnostic,13,cue,1,
49,0.11707790798611128,1504,False,1.0001408231000364,0.0,1.0001408231000364,0.0,False,True,burst-only,10,nonpaper diagnostic,13,cue,1,
66,0.22818901909722222,1506,False,1.0001408231000193,0.0,1.0001408231000193,0.0,False,True,burst-only,10,nonpaper diagnostic,13,cue,1,
99,0.2837445746527778,1507,False,1.0001408231000193,0.0,1.0001408231000193,0.0,False,True,burst-only,10,nonpaper diagnostic,13,cue,1,
35,0.3393001302083334,1508,False,1.0001408231000364,0.0,1.0001408231000364,0.0,False,True,burst-only,10,nonpaper diagnostic,13,cue,1,
7,0.39485568576388896,1509,False,1.0001408231000364,0.0,1.0001408231000364,0.0,False,True,burst-only,10,nonpaper diagnostic,13,cue,1,
84,0.4499999999999904,1510,False,1.0001408231000364,0.0,1.0001408231000364,0.0,False,True,burst-only,10,nonpaper diagnostic,13,cue,1,
80,0.3472406684027778,626,False,0.9999902704296966,0.0,0.9999902704296966,0.0,False,True,burst-only,4,nonpaper diagnostic,13,cue,1,
64,0.004999999999999893,1077,True,1.0001408231000364,1.0001408231000364,0.0,0.0,True,False,predicted-supported,10,nonpaper diagnostic,13,cue,2,
79,0.061522352430555705,1078,True,1.0001408231000364,1.0001408231000364,0.0,0.0,True,False,predicted-supported,10,nonpaper diagnostic,13,cue,2,
45,0.11707790798611128,1079,True,1.0001408231000364,1.0001408231000364,0.0,0.0,True,False,predicted-supported,10,nonpaper diagnostic,13,cue,2,
35,0.17263346354166664,1080,True,1.0001408231000193,1.0001408231000193,0.0,0.0,True,False,predicted-supported,10,nonpaper diagnostic,13,cue,2,
34,0.22818901909722222,1081,True,1.0001408231000193,1.0001408231000193,0.0,0.0,True,False,predicted-supported,10,nonpaper diagnostic,13,cue,2,
78,0.2837445746527778,1082,True,1.0001408231000193,1.0001408231000193,0.0,0.0,True,False,predicted-supported,10,nonpaper diagnostic,13,cue,2,
87,0.3393001302083334,1083,True,1.0001408231000364,1.0001408231000364,0.0,0.0,True,False,predicted-supported,10,nonpaper diagnostic,13,cue,2,
92,0.39485568576388896,1084,True,1.0001408231000364,1.0001408231000364,0.0,0.0,True,False,predicted-supported,10,nonpaper diagnostic,13,cue,2,
72,0.4499999999999904,1085,True,1.0001408231000364,1.0001408231000364,0.0,0.0,True,False,predicted-supported,10,nonpaper diagnostic,13,cue,2,
89,0.5059667968749892,1086,True,1.0001408231000053,1.0001408231000053,0.0,0.0,True,False,predicted-supported,10,nonpaper diagnostic,13,cue,2,
51,0.004999999999999893,1087,True,1.0001408231000364,1.0001408231000364,0.0,0.0,True,False,predicted-supported,10,nonpaper diagnostic,13,cue,3,
17,0.061522352430555705,1088,True,1.0001408231000364,1.0001408231000364,0.0,0.0,True,False,predicted-supported,10,nonpaper diagnostic,13,cue,3,
42,0.11707790798611128,1089,True,1.0001408231000364,1.0001408231000364,0.0,0.0,True,False,predicted-supported,10,nonpaper diagnostic,13,cue,3,
68,0.17263346354166664,1090,True,1.0001408231000193,1.0001408231000193,0.0,0.0,True,False,predicted-supported,10,nonpaper diagnostic,13,cue,3,
88,0.22818901909722222,1091,True,1.0001408231000193,1.0001408231000193,0.0,0.0,True,False,predicted-supported,10,nonpaper diagnostic,13,cue,3,
47,0.2837445746527778,1092,True,1.0001408231000193,1.0001408231000193,0.0,0.0,True,False,predicted-supported,10,nonpaper diagnostic,13,cue,3,
98,0.3393001302083334,1093,True,1.0001408231000364,1.0001408231000364,0.0,0.0,True,False,predicted-supported,10,nonpaper diagnostic,13,cue,3,
55,0.39485568576388896,1094,True,1.0001408231000364,1.0001408231000364,0.0,0.0,True,False,predicted-supported,10,nonpaper diagnostic,13,cue,3,
97,0.4499999999999904,1095,True,1.0001408231000364,1.0001408231000364,0.0,0.0,True,False,predicted-supported,10,nonpaper diagnostic,13,cue,3,
23,0.5059667968749892,1096,True,1.0001408231000053,1.0001408231000053,0.0,0.0,True,False,predicted-supported,10,nonpaper diagnostic,13,cue,3,
75,0.004999999999999893,1097,True,1.0001408231000364,1.0001408231000364,0.0,0.0,True,False,predicted-supported,10,nonpaper diagnostic,13,cue,4,
24,0.061522352430555705,1098,True,1.0001408231000364,1.0001408231000364,0.0,0.0,True,False,predicted-supported,10,nonpaper diagnostic,13,cue,4,
81,0.11707790798611128,1099,True,1.0001408231000364,1.0001408231000364,0.0,0.0,True,False,predicted-supported,10,nonpaper diagnostic,13,cue,4,
35,0.17263346354166664,1100,True,1.0001408231000193,1.0001408231000193,0.0,0.0,True,False,predicted-supported,10,nonpaper diagnostic,13,cue,4,
96,0.22818901909722222,1101,True,1.0001408231000193,1.0001408231000193,0.0,0.0,True,False,predicted-supported,10,nonpaper diagnostic,13,cue,4,
30,0.2837445746527778,1102,True,1.0001408231000193,1.0001408231000193,0.0,0.0,True,False,predicted-supported,10,nonpaper diagnostic,13,cue,4,
31,0.3393001302083334,1103,True,1.0001408231000364,1.0001408231000364,0.0,0.0,True,False,predicted-supported,10,nonpaper diagnostic,13,cue,4,
64,0.39485568576388896,1104,True,1.0001408231000364,1.0001408231000364,0.0,0.0,True,False,predicted-supported,10,nonpaper diagnostic,13,cue,4,
83,0.4499999999999904,1105,True,1.0001408231000364,1.0001408231000364,0.0,0.0,True,False,predicted-supported,10,nonpaper diagnostic,13,cue,4,
25,0.5059667968749892,1106,True,1.0001408231000053,1.0001408231000053,0.0,0.0,True,False,predicted-supported,10,nonpaper diagnostic,13,cue,4,
87,0.004999999999999893,1107,True,1.0001408231000364,1.0001408231000364,0.0,0.0,True,False,predicted-supported,10,nonpaper diagnostic,13,cue,5,
5,0.061522352430555705,1108,True,1.0001408231000364,1.0001408231000364,0.0,0.0,True,False,predicted-supported,10,nonpaper diagnostic,13,cue,5,
80,0.11707790798611128,1109,True,1.0001408231000364,1.0001408231000364,0.0,0.0,True,False,predicted-supported,10,nonpaper diagnostic,13,cue,5,
7,0.17263346354166664,1110,True,1.0001408231000193,1.0001408231000193,0.0,0.0,True,False,predicted-supported,10,nonpaper diagnostic,13,cue,5,
1,0.22818901909722222,1111,True,1.0001408231000193,1.0001408231000193,0.0,0.0,True,False,predicted-supported,10,nonpaper diagnostic,13,cue,5,
34,0.2837445746527778,1112,True,1.0001408231000193,1.0001408231000193,0.0,0.0,True,False,predicted-supported,10,nonpaper diagnostic,13,cue,5,
33,0.3393001302083334,1113,True,1.0001408231000364,1.0001408231000364,0.0,0.0,True,False,predicted-supported,10,nonpaper diagnostic,13,cue,5,
54,0.39485568576388896,1114,True,1.0001408231000364,1.0001408231000364,0.0,0.0,True,False,predicted-supported,10,nonpaper diagnostic,13,cue,5,
3,0.4499999999999904,1115,True,1.0001408231000364,1.0001408231000364,0.0,0.0,True,False,predicted-supported,10,nonpaper diagnostic,13,cue,5,
79,0.5059667968749892,1116,True,1.0001408231000053,1.0001408231000053,0.0,0.0,True,False,predicted-supported,10,nonpaper diagnostic,13,cue,5,
4,0.004999999999999893,1117,True,1.0001408231000364,1.0001408231000364,0.0,0.0,True,False,predicted-supported,10,nonpaper diagnostic,13,suffix,1,True
13,0.061522352430555705,1118,True,1.0001408231000364,1.0001408231000364,0.0,0.0,True,False,predicted-supported,10,nonpaper diagnostic,13,suffix,1,True
28,0.11707790798611128,1119,True,1.0001408231000364,1.0001408231000364,0.0,0.0,True,False,predicted-supported,10,nonpaper diagnostic,13,suffix,1,True
69,0.17263346354166664,1120,True,1.0001408231000193,1.0001408231000193,0.0,0.0,True,False,predicted-supported,10,nonpaper diagnostic,13,suffix,1,True
35,0.22818901909722222,1121,True,1.0001408231000193,1.0001408231000193,0.0,0.0,True,False,predicted-supported,10,nonpaper diagnostic,13,suffix,1,True
9,0.2837445746527778,1122,True,1.0001408231000193,1.0001408231000193,0.0,0.0,True,False,predicted-supported,10,nonpaper diagnostic,13,suffix,1,True
96,0.3393001302083334,1123,True,1.0001408231000364,1.0001408231000364,0.0,0.0,True,False,predicted-supported,10,nonpaper diagnostic,13,suffix,1,True
11,0.39485568576388896,1124,True,1.0001408231000364,1.0001408231000364,0.0,0.0,True,False,predicted-supported,10,nonpaper diagnostic,13,suffix,1,True
86,0.4499999999999904,1125,True,1.0001408231000364,1.0001408231000364,0.0,0.0,True,False,predicted-supported,10,nonpaper diagnostic,13,suffix,1,True
20,0.5059667968749892,1126,True,1.0001408231000053,1.0001408231000053,0.0,0.0,True,False,predicted-supported,10,nonpaper diagnostic,13,suffix,1,True
9,0.011798095703124956,1127,True,1.0000619626736396,1.0000619626736396,0.0,0.0,True,False,predicted-supported,10,nonpaper diagnostic,13,suffix,2,True
10,0.06735365125868054,1128,True,1.0000619626736396,1.0000619626736396,0.0,0.0,True,False,predicted-supported,10,nonpaper diagnostic,13,suffix,2,True
11,0.12290920681423612,1129,True,1.0000619626736396,1.0000619626736396,0.0,0.0,True,False,predicted-supported,10,nonpaper diagnostic,13,suffix,2,True
81,0.17846476236979147,1130,True,1.0000619626736258,1.0000619626736258,0.0,0.0,True,False,predicted-supported,10,nonpaper diagnostic,13,suffix,2,True
14,0.23402031792534705,1131,True,1.0000619626736258,1.0000619626736258,0.0,0.0,True,False,predicted-supported,10,nonpaper diagnostic,13,suffix,2,True
32,0.28957587348090263,1132,True,1.0000619626736258,1.0000619626736258,0.0,0.0,True,False,predicted-supported,10,nonpaper diagnostic,13,suffix,2,True
53,0.34499999999999265,1133,True,1.0000619626736396,1.0000619626736396,0.0,0.0,True,False,predicted-supported,10,nonpaper diagnostic,13,suffix,2,True
93,0.3999999999999915,1134,True,1.0000619626736396,1.0000619626736396,0.0,0.0,True,False,predicted-supported,10,nonpaper diagnostic,13,suffix,2,True
42,0.4549999999999903,1135,True,1.0000619626736396,1.0000619626736396,0.0,0.0,True,False,predicted-supported,10,nonpaper diagnostic,13,suffix,2,True
49,0.5117980957031143,1136,True,1.000061962673635,1.000061962673635,0.0,0.0,True,False,predicted-supported,10,nonpaper diagnostic,13,suffix,2,True
70,0.018031141493045855,1137,True,1.0000291767322376,1.0000291767322376,0.0,0.0,True,False,predicted-supported,10,nonpaper diagnostic,13,suffix,3,True
80,0.12867472330728202,1139,True,1.000108060819273,1.000108060819273,0.0,0.0,True,False,predicted-supported,10,nonpaper diagnostic,13,suffix,3,True
61,0.23999999999999488,1140,True,1.0000291767322251,1.0000291767322251,0.0,0.0,True,False,predicted-supported,10,nonpaper diagnostic,13,suffix,3,True
45,0.2949999999999937,1141,True,1.0000291767322251,1.0000291767322251,0.0,0.0,True,False,predicted-supported,10,nonpaper diagnostic,13,suffix,3,True
26,0.34999999999999254,1142,True,1.000108060819273,1.000108060819273,0.0,0.0,True,False,predicted-supported,10,nonpaper diagnostic,13,suffix,3,True
43,0.4064525010850597,1143,True,1.000108060819273,1.000108060819273,0.0,0.0,True,False,predicted-supported,10,nonpaper diagnostic,13,suffix,3,True
63,0.4621557617187404,1144,True,1.0000459177985372,1.0000459177985372,0.0,0.0,True,False,predicted-supported,10,nonpaper diagnostic,13,suffix,3,True
95,0.5180311414930348,1145,True,1.0000291767321718,1.0000291767321718,0.0,0.0,True,False,predicted-supported,10,nonpaper diagnostic,13,suffix,3,True
14,0.25999999999999446,385,False,0.9999819532597549,0.9999819532597549,0.0,0.0,True,False,predicted-supported,3,nonpaper diagnostic,13,suffix,3,True
17,0.024999999999999467,1146,True,0.9999855532397726,0.9999855532397726,0.0,0.0,True,False,predicted-supported,8,nonpaper diagnostic,13,suffix,4,True
9,0.0799999999999983,1147,True,0.9999855532397726,0.9999855532397726,0.0,0.0,True,False,predicted-supported,8,nonpaper diagnostic,13,suffix,4,True
15,0.13657294379339535,1148,True,0.9999855532397726,0.9999855532397726,0.0,0.0,True,False,predicted-supported,8,nonpaper diagnostic,13,suffix,4,True
57,0.1921284993489507,1149,True,0.9999855532397632,0.9999855532397632,0.0,0.0,True,False,predicted-supported,8,nonpaper diagnostic,13,suffix,4,True
79,0.2476840549045063,1150,True,0.9999855532397632,0.9999855532397632,0.0,0.0,True,False,predicted-supported,8,nonpaper diagnostic,13,suffix,4,True
98,0.30323961046006187,1151,True,0.9999855532397632,0.9999855532397632,0.0,0.0,True,False,predicted-supported,8,nonpaper diagnostic,13,suffix,4,True
27,0.35879516601561745,1152,True,0.9999855532397726,0.9999855532397726,0.0,0.0,True,False,predicted-supported,8,nonpaper diagnostic,13,suffix,4,True
56,0.41435072157117303,1153,True,0.9999855532397726,0.9999855532397726,0.0,0.0,True,False,predicted-supported,8,nonpaper diagnostic,13,suffix,4,True
54,0.4699062771267286,1154,True,0.9999855532397726,0.9999855532397726,0.0,0.0,True,False,predicted-supported,8,nonpaper diagnostic,13,suffix,4,True
95,0.5254618326822735,1155,True,0.9999855532397726,0.9999855532397726,0.0,0.0,True,False,predicted-supported,8,nonpaper diagnostic,13,suffix,4,True
95,0.004999999999999893,1156,True,1.0001408231000364,0.0,1.0001408231000364,0.0,False,True,burst-only,10,nonpaper diagnostic,14,cue,1,
23,0.061522352430555705,1157,True,1.0001408231000364,0.0,1.0001408231000364,0.0,False,True,burst-only,10,nonpaper diagnostic,14,cue,1,
54,0.11707790798611128,1158,True,1.0001408231000364,0.0,1.0001408231000364,0.0,False,True,burst-only,10,nonpaper diagnostic,14,cue,1,
83,0.17263346354166664,1159,True,1.0001408231000193,0.0,1.0001408231000193,0.0,False,True,burst-only,10,nonpaper diagnostic,14,cue,1,
47,0.22818901909722222,1160,True,1.0001408231000193,0.0,1.0001408231000193,0.0,False,True,burst-only,10,nonpaper diagnostic,14,cue,1,
74,0.2837445746527778,1161,True,1.0001408231000193,0.0,1.0001408231000193,0.0,False,True,burst-only,10,nonpaper diagnostic,14,cue,1,
12,0.3393001302083334,1162,True,1.0001408231000364,0.0,1.0001408231000364,0.0,False,True,burst-only,10,nonpaper diagnostic,14,cue,1,
59,0.39485568576388896,1163,True,1.0001408231000364,0.0,1.0001408231000364,0.0,False,True,burst-only,10,nonpaper diagnostic,14,cue,1,
41,0.4499999999999904,1164,True,1.0001408231000364,0.0,1.0001408231000364,0.0,False,True,burst-only,10,nonpaper diagnostic,14,cue,1,
10,0.5059667968749892,1165,True,1.0001408231000053,0.0,1.0001408231000053,0.0,False,True,burst-only,10,nonpaper diagnostic,14,cue,1,
63,0.004999999999999893,1166,True,1.0001408231000364,1.0001408231000364,0.0,0.0,True,False,predicted-supported,10,nonpaper diagnostic,14,cue,2,
99,0.061522352430555705,1167,True,1.0001408231000364,1.0001408231000364,0.0,0.0,True,False,predicted-supported,10,nonpaper diagnostic,14,cue,2,
78,0.11707790798611128,1168,True,1.0001408231000364,1.0001408231000364,0.0,0.0,True,False,predicted-supported,10,nonpaper diagnostic,14,cue,2,
84,0.17263346354166664,1169,True,1.0001408231000193,1.0001408231000193,0.0,0.0,True,False,predicted-supported,10,nonpaper diagnostic,14,cue,2,
62,0.22818901909722222,1170,True,1.0001408231000193,1.0001408231000193,0.0,0.0,True,False,predicted-supported,10,nonpaper diagnostic,14,cue,2,
32,0.2849999999999939,1171,True,1.0000448442291643,1.0000448442291643,0.0,0.0,True,False,predicted-supported,10,nonpaper diagnostic,14,cue,2,
1,0.3393001302083334,1172,True,1.0001408231000364,1.0001408231000364,0.0,0.0,True,False,predicted-supported,10,nonpaper diagnostic,14,cue,2,
47,0.39485568576388896,1173,True,1.0001408231000364,1.0001408231000364,0.0,0.0,True,False,predicted-supported,10,nonpaper diagnostic,14,cue,2,
38,0.4499999999999904,1174,True,1.0001408231000364,1.0001408231000364,0.0,0.0,True,False,predicted-supported,10,nonpaper diagnostic,14,cue,2,
18,0.5078857421874892,1175,True,1.0000448442291552,1.0000448442291552,0.0,0.0,True,False,predicted-supported,10,nonpaper diagnostic,14,cue,2,
69,0.004999999999999893,1176,True,1.0001339352033731,1.0001339352033731,0.0,0.0,True,False,predicted-supported,10,nonpaper diagnostic,14,cue,3,
10,0.06182630750868068,1177,True,1.0001339352033731,1.0001339352033731,0.0,0.0,True,False,predicted-supported,10,nonpaper diagnostic,14,cue,3,
55,0.11738186306423626,1178,True,1.0001339352033731,1.0001339352033731,0.0,0.0,True,False,predicted-supported,10,nonpaper diagnostic,14,cue,3,
72,0.17293741861979162,1179,True,1.0001339352033576,1.0001339352033576,0.0,0.0,True,False,predicted-supported,10,nonpaper diagnostic,14,cue,3,
62,0.22833672417534734,1180,True,1.0000788781382262,1.0000788781382262,0.0,0.0,True,False,predicted-supported,10,nonpaper diagnostic,14,cue,3,
87,0.2840485297309028,1181,True,1.0001339352033576,1.0001339352033576,0.0,0.0,True,False,predicted-supported,10,nonpaper diagnostic,14,cue,3,
59,0.33960408528645836,1182,True,1.0001339352033731,1.0001339352033731,0.0,0.0,True,False,predicted-supported,10,nonpaper diagnostic,14,cue,3,
38,0.3949999999999916,1183,True,1.0001339352033731,1.0001339352033731,0.0,0.0,True,False,predicted-supported,10,nonpaper diagnostic,14,cue,3,
99,0.4499999999999904,1184,True,1.0001339352033731,1.0001339352033731,0.0,0.0,True,False,predicted-supported,10,nonpaper diagnostic,14,cue,3,
1,0.5062707519531144,1185,True,1.0001339352033731,1.0001339352033731,0.0,0.0,True,False,predicted-supported,10,nonpaper diagnostic,14,cue,3,
9,0.004999999999999893,1186,True,1.0001408231000364,1.0001408231000364,0.0,0.0,True,False,predicted-supported,10,nonpaper diagnostic,14,cue,4,
39,0.061522352430555705,1187,True,1.0001408231000364,1.0001408231000364,0.0,0.0,True,False,predicted-supported,10,nonpaper diagnostic,14,cue,4,
27,0.11707790798611128,1188,True,1.0001408231000364,1.0001408231000364,0.0,0.0,True,False,predicted-supported,10,nonpaper diagnostic,14,cue,4,
84,0.17263346354166664,1189,True,1.0001408231000193,1.0001408231000193,0.0,0.0,True,False,predicted-supported,10,nonpaper diagnostic,14,cue,4,
77,0.22818901909722222,1190,True,1.0001408231000193,1.0001408231000193,0.0,0.0,True,False,predicted-supported,10,nonpaper diagnostic,14,cue,4,
10,0.2837445746527778,1191,True,1.0001408231000193,1.0001408231000193,0.0,0.0,True,False,predicted-supported,10,nonpaper diagnostic,14,cue,4,
88,0.3393001302083334,1192,True,1.0001408231000364,1.0001408231000364,0.0,0.0,True,False,predicted-supported,10,nonpaper diagnostic,14,cue,4,
38,0.39485568576388896,1193,True,1.0001408231000364,1.0001408231000364,0.0,0.0,True,False,predicted-supported,10,nonpaper diagnostic,14,cue,4,
63,0.4499999999999904,1194,True,1.0001408231000364,1.0001408231000364,0.0,0.0,True,False,predicted-supported,10,nonpaper diagnostic,14,cue,4,
92,0.5059667968749892,1195,True,1.0001408231000053,1.0001408231000053,0.0,0.0,True,False,predicted-supported,10,nonpaper diagnostic,14,cue,4,
49,0.004999999999999893,1196,True,1.0001408231000364,1.0001408231000364,0.0,0.0,True,False,predicted-supported,10,nonpaper diagnostic,14,cue,5,
28,0.061522352430555705,1197,True,1.0001408231000364,1.0001408231000364,0.0,0.0,True,False,predicted-supported,10,nonpaper diagnostic,14,cue,5,
74,0.11707790798611128,1198,True,1.0001408231000364,1.0001408231000364,0.0,0.0,True,False,predicted-supported,10,nonpaper diagnostic,14,cue,5,
40,0.17263346354166664,1199,True,1.0001408231000193,1.0001408231000193,0.0,0.0,True,False,predicted-supported,10,nonpaper diagnostic,14,cue,5,
26,0.22818901909722222,1200,True,1.0001408231000193,1.0001408231000193,0.0,0.0,True,False,predicted-supported,10,nonpaper diagnostic,14,cue,5,
17,0.2837445746527778,1201,True,1.0001408231000193,1.0001408231000193,0.0,0.0,True,False,predicted-supported,10,nonpaper diagnostic,14,cue,5,
63,0.3393001302083334,1202,True,1.0001408231000364,1.0001408231000364,0.0,0.0,True,False,predicted-supported,10,nonpaper diagnostic,14,cue,5,
44,0.39485568576388896,1203,True,1.0001408231000364,1.0001408231000364,0.0,0.0,True,False,predicted-supported,10,nonpaper diagnostic,14,cue,5,
5,0.4499999999999904,1204,True,1.0001408231000364,1.0001408231000364,0.0,0.0,True,False,predicted-supported,10,nonpaper diagnostic,14,cue,5,
91,0.5059667968749892,1205,True,1.0001408231000053,1.0001408231000053,0.0,0.0,True,False,predicted-supported,10,nonpaper diagnostic,14,cue,5,
97,0.007885742187500044,1206,True,1.0000448442291763,1.0000448442291763,0.0,0.0,True,False,predicted-supported,10,nonpaper diagnostic,14,suffix,1,True
88,0.061522352430555705,1207,True,1.0001408231000364,1.0001408231000364,0.0,0.0,True,False,predicted-supported,10,nonpaper diagnostic,14,suffix,1,True
41,0.1189968532986112,1208,True,1.0000448442291763,1.0000448442291763,0.0,0.0,True,False,predicted-supported,10,nonpaper diagnostic,14,suffix,1,True
36,0.17263346354166664,1209,True,1.0001408231000193,1.0001408231000193,0.0,0.0,True,False,predicted-supported,10,nonpaper diagnostic,14,suffix,1,True
18,0.22818901909722222,1210,True,1.0001408231000193,1.0001408231000193,0.0,0.0,True,False,predicted-supported,10,nonpaper diagnostic,14,suffix,1,True
28,0.2837445746527778,1211,True,1.0001408231000193,1.0001408231000193,0.0,0.0,True,False,predicted-supported,10,nonpaper diagnostic,14,suffix,1,True
45,0.3393001302083334,1212,True,1.0001408231000364,1.0001408231000364,0.0,0.0,True,False,predicted-supported,10,nonpaper diagnostic,14,suffix,1,True
84,0.39485568576388896,1213,True,1.0001408231000364,1.0001408231000364,0.0,0.0,True,False,predicted-supported,10,nonpaper diagnostic,14,suffix,1,True
92,0.4499999999999904,1214,True,1.0001408231000364,1.0001408231000364,0.0,0.0,True,False,predicted-supported,10,nonpaper diagnostic,14,suffix,1,True
46,0.5059667968749892,1215,True,1.0001408231000053,1.0001408231000053,0.0,0.0,True,False,predicted-supported,10,nonpaper diagnostic,14,suffix,1,True
15,0.01229627821179613,1216,True,1.0000574681268897,1.0000574681268897,0.0,0.0,True,False,predicted-supported,10,nonpaper diagnostic,14,suffix,2,True
41,0.06785183376735171,1217,True,1.0000574681268897,1.0000574681268897,0.0,0.0,True,False,predicted-supported,10,nonpaper diagnostic,14,suffix,2,True
90,0.12340738932290729,1218,True,1.0000574681268897,1.0000574681268897,0.0,0.0,True,False,predicted-supported,10,nonpaper diagnostic,14,suffix,2,True
56,0.17896294487846265,1219,True,1.0000574681268757,1.0000574681268757,0.0,0.0,True,False,predicted-supported,10,nonpaper diagnostic,14,suffix,2,True
72,0.23451850043401823,1220,True,1.0000574681268757,1.0000574681268757,0.0,0.0,True,False,predicted-supported,10,nonpaper diagnostic,14,suffix,2,True
76,0.2899999999999938,1221,True,1.0000574681268757,1.0000574681268757,0.0,0.0,True,False,predicted-supported,10,nonpaper diagnostic,14,suffix,2,True
87,0.34499999999999265,1222,True,1.0000574681268897,1.0000574681268897,0.0,0.0,True,False,predicted-supported,10,nonpaper diagnostic,14,suffix,2,True
35,0.3999999999999915,1223,True,1.0000574681268897,1.0000574681268897,0.0,0.0,True,False,predicted-supported,10,nonpaper diagnostic,14,suffix,2,True
67,0.45674072265624055,1224,True,1.0000574681268897,1.0000574681268897,0.0,0.0,True,False,predicted-supported,10,nonpaper diagnostic,14,suffix,2,True
39,0.5122962782117852,1225,True,1.0000574681268546,1.0000574681268546,0.0,0.0,True,False,predicted-supported,10,nonpaper diagnostic,14,suffix,2,True
58,0.01807766384547782,1226,True,0.9999909990277772,0.9999909990277772,0.0,0.0,True,False,predicted-supported,10,nonpaper diagnostic,14,suffix,3,True
40,0.0736332194010334,1227,True,0.9999909990277772,0.9999909990277772,0.0,0.0,True,False,predicted-supported,10,nonpaper diagnostic,14,suffix,3,True
28,0.12918877495658898,1228,True,0.9999909990277772,0.9999909990277772,0.0,0.0,True,False,predicted-supported,10,nonpaper diagnostic,14,suffix,3,True
51,0.18474433051214434,1229,True,0.9999909990277633,0.9999909990277633,0.0,0.0,True,False,predicted-supported,10,nonpaper diagnostic,14,suffix,3,True
93,0.23999999999999488,1230,True,0.9999909990277633,0.9999909990277633,0.0,0.0,True,False,predicted-supported,10,nonpaper diagnostic,14,suffix,3,True
66,0.2949999999999937,1231,True,0.9999909990277633,0.9999909990277633,0.0,0.0,True,False,predicted-supported,10,nonpaper diagnostic,14,suffix,3,True
31,0.34999999999999254,1232,True,0.9999909990277772,0.9999909990277772,0.0,0.0,True,False,predicted-supported,10,nonpaper diagnostic,14,suffix,3,True
10,0.40696655273436666,1233,True,0.9999909990277772,0.9999909990277772,0.0,0.0,True,False,predicted-supported,10,nonpaper diagnostic,14,suffix,3,True
46,0.46252210828992224,1234,True,0.9999909990277772,0.9999909990277772,0.0,0.0,True,False,predicted-supported,10,nonpaper diagnostic,14,suffix,3,True
3,0.5180776638454667,1235,True,0.9999909990277176,0.9999909990277176,0.0,0.0,True,False,predicted-supported,10,nonpaper diagnostic,14,suffix,3,True
46,0.02379435221353443,1236,True,1.0001079883450954,1.0001079883450954,0.0,0.0,True,False,predicted-supported,10,nonpaper diagnostic,14,suffix,4,True
86,0.07934990776909001,1237,True,1.0001079883450954,1.0001079883450954,0.0,0.0,True,False,predicted-supported,10,nonpaper diagnostic,14,suffix,4,True
50,0.1349054633246456,1238,True,1.0001079883450954,1.0001079883450954,0.0,0.0,True,False,predicted-supported,10,nonpaper diagnostic,14,suffix,4,True
74,0.18999999999999595,1239,True,1.0001079883450816,1.0001079883450816,0.0,0.0,True,False,predicted-supported,10,nonpaper diagnostic,14,suffix,4,True
49,0.24499999999999478,1240,True,1.0001079883450816,1.0001079883450816,0.0,0.0,True,False,predicted-supported,10,nonpaper diagnostic,14,suffix,4,True
24,0.3015721299913121,1241,True,1.0001079883450816,1.0001079883450816,0.0,0.0,True,False,predicted-supported,10,nonpaper diagnostic,14,suffix,4,True
94,0.3571276855468677,1242,True,1.0001079883450954,1.0001079883450954,0.0,0.0,True,False,predicted-supported,10,nonpaper diagnostic,14,suffix,4,True
72,0.41268324110242327,1243,True,1.0001079883450954,1.0001079883450954,0.0,0.0,True,False,predicted-supported,10,nonpaper diagnostic,14,suffix,4,True
47,0.46823879665797885,1244,True,1.0001079883450954,1.0001079883450954,0.0,0.0,True,False,predicted-supported,10,nonpaper diagnostic,14,suffix,4,True
69,0.5237943522135236,1245,True,1.0001079883450663,1.0001079883450663,0.0,0.0,True,False,predicted-supported,10,nonpaper diagnostic,14,suffix,4,True
66,0.004999999999999893,1246,True,1.0001408231000364,0.0,1.0001408231000364,0.0,False,True,burst-only,10,nonpaper diagnostic,15,cue,1,
7,0.061522352430555705,1247,True,1.0001408231000364,0.0,1.0001408231000364,0.0,False,True,burst-only,10,nonpaper diagnostic,15,cue,1,
69,0.11707790798611128,1248,True,1.0001408231000364,0.0,1.0001408231000364,0.0,False,True,burst-only,10,nonpaper diagnostic,15,cue,1,
20,0.17263346354166664,1249,True,1.0001408231000193,0.0,1.0001408231000193,0.0,False,True,burst-only,10,nonpaper diagnostic,15,cue,1,
72,0.22818901909722222,1250,True,1.0001408231000193,0.0,1.0001408231000193,0.0,False,True,burst-only,10,nonpaper diagnostic,15,cue,1,
37,0.2837445746527778,1251,True,1.0001408231000193,0.0,1.0001408231000193,0.0,False,True,burst-only,10,nonpaper diagnostic,15,cue,1,
2,0.3393001302083334,1252,True,1.0001408231000364,0.0,1.0001408231000364,0.0,False,True,burst-only,10,nonpaper diagnostic,15,cue,1,
83,0.39485568576388896,1253,True,1.0001408231000364,0.0,1.0001408231000364,0.0,False,True,burst-only,10,nonpaper diagnostic,15,cue,1,
54,0.4499999999999904,1254,True,1.0001408231000364,0.0,1.0001408231000364,0.0,False,True,burst-only,10,nonpaper diagnostic,15,cue,1,
8,0.5059667968749892,1255,True,1.0001408231000053,0.0,1.0001408231000053,0.0,False,True,burst-only,10,nonpaper diagnostic,15,cue,1,
14,0.3599999999999923,385,False,0.9999827246701011,0.0,0.9999827246701011,0.0,False,True,burst-only,3,nonpaper diagnostic,15,cue,1,
74,0.004999999999999893,1256,True,1.0001408231000364,1.0001408231000364,0.0,0.0,True,False,predicted-supported,10,nonpaper diagnostic,15,cue,2,
69,0.061522352430555705,1257,True,1.0001408231000364,1.0001408231000364,0.0,0.0,True,False,predicted-supported,10,nonpaper diagnostic,15,cue,2,
39,0.11707790798611128,1258,True,1.0001408231000364,1.0001408231000364,0.0,0.0,True,False,predicted-supported,10,nonpaper diagnostic,15,cue,2,
10,0.17263346354166664,1259,True,1.0001408231000193,1.0001408231000193,0.0,0.0,True,False,predicted-supported,10,nonpaper diagnostic,15,cue,2,
42,0.2299999999999951,1260,True,1.0000448442291643,1.0000448442291643,0.0,0.0,True,False,predicted-supported,10,nonpaper diagnostic,15,cue,2,
35,0.2837445746527778,1261,True,1.0001408231000193,1.0001408231000193,0.0,0.0,True,False,predicted-supported,10,nonpaper diagnostic,15,cue,2,
94,0.3393001302083334,1262,True,1.0001408231000364,1.0001408231000364,0.0,0.0,True,False,predicted-supported,10,nonpaper diagnostic,15,cue,2,
13,0.39485568576388896,1263,True,1.0001408231000364,1.0001408231000364,0.0,0.0,True,False,predicted-supported,10,nonpaper diagnostic,15,cue,2,
40,0.4499999999999904,1264,True,1.0001408231000364,1.0001408231000364,0.0,0.0,True,False,predicted-supported,10,nonpaper diagnostic,15,cue,2,
3,0.5059667968749892,1265,True,1.0001408231000053,1.0001408231000053,0.0,0.0,True,False,predicted-supported,10,nonpaper diagnostic,15,cue,2,
74,0.004999999999999893,1266,True,1.0001408231000364,1.0001408231000364,0.0,0.0,True,False,predicted-supported,10,nonpaper diagnostic,15,cue,3,
81,0.061522352430555705,1267,True,1.0001408231000364,1.0001408231000364,0.0,0.0,True,False,predicted-supported,10,nonpaper diagnostic,15,cue,3,
31,0.11707790798611128,1268,True,1.0001408231000364,1.0001408231000364,0.0,0.0,True,False,predicted-supported,10,nonpaper diagnostic,15,cue,3,
1,0.17263346354166664,1269,True,1.0001408231000193,1.0001408231000193,0.0,0.0,True,False,predicted-supported,10,nonpaper diagnostic,15,cue,3,
76,0.22818901909722222,1270,True,1.0001408231000193,1.0001408231000193,0.0,0.0,True,False,predicted-supported,10,nonpaper diagnostic,15,cue,3,
47,0.2837445746527778,1271,True,1.0001408231000193,1.0001408231000193,0.0,0.0,True,False,predicted-supported,10,nonpaper diagnostic,15,cue,3,
79,0.3393001302083334,1272,True,1.0001408231000364,1.0001408231000364,0.0,0.0,True,False,predicted-supported,10,nonpaper diagnostic,15,cue,3,
58,0.39485568576388896,1273,True,1.0001408231000364,1.0001408231000364,0.0,0.0,True,False,predicted-supported,10,nonpaper diagnostic,15,cue,3,
16,0.4499999999999904,1274,True,1.0001408231000364,1.0001408231000364,0.0,0.0,True,False,predicted-supported,10,nonpaper diagnostic,15,cue,3,
75,0.5059667968749892,1275,True,1.0001408231000053,1.0001408231000053,0.0,0.0,True,False,predicted-supported,10,nonpaper diagnostic,15,cue,3,
8,0.004999999999999893,1276,True,1.0001408231000364,1.0001408231000364,0.0,0.0,True,False,predicted-supported,10,nonpaper diagnostic,15,cue,4,
35,0.061522352430555705,1277,True,1.0001408231000364,1.0001408231000364,0.0,0.0,True,False,predicted-supported,10,nonpaper diagnostic,15,cue,4,
21,0.11707790798611128,1278,True,1.0001408231000364,1.0001408231000364,0.0,0.0,True,False,predicted-supported,10,nonpaper diagnostic,15,cue,4,
14,0.17263346354166664,1279,True,1.0001408231000193,1.0001408231000193,0.0,0.0,True,False,predicted-supported,10,nonpaper diagnostic,15,cue,4,
57,0.22818901909722222,1280,True,1.0001408231000193,1.0001408231000193,0.0,0.0,True,False,predicted-supported,10,nonpaper diagnostic,15,cue,4,
60,0.2837445746527778,1281,True,1.0001408231000193,1.0001408231000193,0.0,0.0,True,False,predicted-supported,10,nonpaper diagnostic,15,cue,4,
27,0.3393001302083334,1282,True,1.0001408231000364,1.0001408231000364,0.0,0.0,True,False,predicted-supported,10,nonpaper diagnostic,15,cue,4,
52,0.39485568576388896,1283,True,1.0001408231000364,1.0001408231000364,0.0,0.0,True,False,predicted-supported,10,nonpaper diagnostic,15,cue,4,
48,0.4499999999999904,1284,True,1.0001408231000364,1.0001408231000364,0.0,0.0,True,False,predicted-supported,10,nonpaper diagnostic,15,cue,4,
80,0.5059667968749892,1285,True,1.0001408231000053,1.0001408231000053,0.0,0.0,True,False,predicted-supported,10,nonpaper diagnostic,15,cue,4,
81,0.004999999999999893,1286,True,1.000078878138213,1.000078878138213,0.0,0.0,True,False,predicted-supported,10,nonpaper diagnostic,15,cue,5,
83,0.0616700575086806,1287,True,1.000078878138213,1.000078878138213,0.0,0.0,True,False,predicted-supported,10,nonpaper diagnostic,15,cue,5,
18,0.11722561306423618,1288,True,1.000078878138213,1.000078878138213,0.0,0.0,True,False,predicted-supported,10,nonpaper diagnostic,15,cue,5,
12,0.17278116861979176,1289,True,1.0000788781382262,1.0000788781382262,0.0,0.0,True,False,predicted-supported,10,nonpaper diagnostic,15,cue,5,
95,0.22833672417534734,1290,True,1.0000788781382262,1.0000788781382262,0.0,0.0,True,False,predicted-supported,10,nonpaper diagnostic,15,cue,5,
54,0.2838922797309029,1291,True,1.0000788781382262,1.0000788781382262,0.0,0.0,True,False,predicted-supported,10,nonpaper diagnostic,15,cue,5,
31,0.3394478352864583,1292,True,1.000078878138213,1.000078878138213,0.0,0.0,True,False,predicted-supported,10,nonpaper diagnostic,15,cue,5,
91,0.3949999999999916,1293,True,1.000078878138213,1.000078878138213,0.0,0.0,True,False,predicted-supported,10,nonpaper diagnostic,15,cue,5,
28,0.4499999999999904,1294,True,1.000078878138213,1.000078878138213,0.0,0.0,True,False,predicted-supported,10,nonpaper diagnostic,15,cue,5,
62,0.5061145019531141,1295,True,1.0000788781381833,1.0000788781381833,0.0,0.0,True,False,predicted-supported,10,nonpaper diagnostic,15,cue,5,
97,0.007885742187500044,1296,True,1.0000448442291763,1.0000448442291763,0.0,0.0,True,False,predicted-supported,10,nonpaper diagnostic,15,suffix,1,True
66,0.061522352430555705,1297,True,1.0001408231000364,1.0001408231000364,0.0,0.0,True,False,predicted-supported,10,nonpaper diagnostic,15,suffix,1,True
43,0.1189968532986112,1298,True,1.0000448442291763,1.0000448442291763,0.0,0.0,True,False,predicted-supported,10,nonpaper diagnostic,15,suffix,1,True
58,0.17263346354166664,1299,True,1.0001408231000193,1.0001408231000193,0.0,0.0,True,False,predicted-supported,10,nonpaper diagnostic,15,suffix,1,True
50,0.22818901909722222,1300,True,1.0001408231000193,1.0001408231000193,0.0,0.0,True,False,predicted-supported,10,nonpaper diagnostic,15,suffix,1,True
44,0.2837445746527778,1301,True,1.0001408231000193,1.0001408231000193,0.0,0.0,True,False,predicted-supported,10,nonpaper diagnostic,15,suffix,1,True
42,0.3393001302083334,1302,True,1.0001408231000364,1.0001408231000364,0.0,0.0,True,False,predicted-supported,10,nonpaper diagnostic,15,suffix,1,True
86,0.39485568576388896,1303,True,1.0001408231000364,1.0001408231000364,0.0,0.0,True,False,predicted-supported,10,nonpaper diagnostic,15,suffix,1,True
17,0.4499999999999904,1304,True,1.0001408231000364,1.0001408231000364,0.0,0.0,True,False,predicted-supported,10,nonpaper diagnostic,15,suffix,1,True
63,0.5059667968749892,1305,True,1.0001408231000053,1.0001408231000053,0.0,0.0,True,False,predicted-supported,10,nonpaper diagnostic,15,suffix,1,True
62,0.01229627821179613,1306,True,1.0000574681268897,1.0000574681268897,0.0,0.0,True,False,predicted-supported,10,nonpaper diagnostic,15,suffix,2,True
68,0.06785183376735171,1307,True,1.0000574681268897,1.0000574681268897,0.0,0.0,True,False,predicted-supported,10,nonpaper diagnostic,15,suffix,2,True
92,0.12340738932290729,1308,True,1.0000574681268897,1.0000574681268897,0.0,0.0,True,False,predicted-supported,10,nonpaper diagnostic,15,suffix,2,True
9,0.17896294487846265,1309,True,1.0000574681268757,1.0000574681268757,0.0,0.0,True,False,predicted-supported,10,nonpaper diagnostic,15,suffix,2,True
90,0.23451850043401823,1310,True,1.0000574681268757,1.0000574681268757,0.0,0.0,True,False,predicted-supported,10,nonpaper diagnostic,15,suffix,2,True
79,0.2899999999999938,1311,True,1.0000574681268757,1.0000574681268757,0.0,0.0,True,False,predicted-supported,10,nonpaper diagnostic,15,suffix,2,True
5,0.34499999999999265,1312,True,1.0000574681268897,1.0000574681268897,0.0,0.0,True,False,predicted-supported,10,nonpaper diagnostic,15,suffix,2,True
52,0.3999999999999915,1313,True,1.0000574681268897,1.0000574681268897,0.0,0.0,True,False,predicted-supported,10,nonpaper diagnostic,15,suffix,2,True
96,0.45674072265624055,1314,True,1.0000574681268897,1.0000574681268897,0.0,0.0,True,False,predicted-supported,10,nonpaper diagnostic,15,suffix,2,True
85,0.5122962782117852,1315,True,1.0000574681268546,1.0000574681268546,0.0,0.0,True,False,predicted-supported,10,nonpaper diagnostic,15,suffix,2,True
99,0.01807766384547782,1316,True,0.9999909990277772,0.9999909990277772,0.0,0.0,True,False,predicted-supported,10,nonpaper diagnostic,15,suffix,3,True
18,0.0736332194010334,1317,True,0.9999909990277772,0.9999909990277772,0.0,0.0,True,False,predicted-supported,10,nonpaper diagnostic,15,suffix,3,True
6,0.12918877495658898,1318,True,0.9999909990277772,0.9999909990277772,0.0,0.0,True,False,predicted-supported,10,nonpaper diagnostic,15,suffix,3,True
80,0.18474433051214434,1319,True,0.9999909990277633,0.9999909990277633,0.0,0.0,True,False,predicted-supported,10,nonpaper diagnostic,15,suffix,3,True
14,0.23999999999999488,1320,True,0.9999909990277633,0.9999909990277633,0.0,0.0,True,False,predicted-supported,10,nonpaper diagnostic,15,suffix,3,True
57,0.2949999999999937,1321,True,0.9999909990277633,0.9999909990277633,0.0,0.0,True,False,predicted-supported,10,nonpaper diagnostic,15,suffix,3,True
13,0.34999999999999254,1322,True,0.9999909990277772,0.9999909990277772,0.0,0.0,True,False,predicted-supported,10,nonpaper diagnostic,15,suffix,3,True
68,0.40696655273436666,1323,True,0.9999909990277772,0.9999909990277772,0.0,0.0,True,False,predicted-supported,10,nonpaper diagnostic,15,suffix,3,True
83,0.46252210828992224,1324,True,0.9999909990277772,0.9999909990277772,0.0,0.0,True,False,predicted-supported,10,nonpaper diagnostic,15,suffix,3,True
81,0.5180776638454667,1325,True,0.9999909990277176,0.9999909990277176,0.0,0.0,True,False,predicted-supported,10,nonpaper diagnostic,15,suffix,3,True
44,0.023881022135409324,1326,True,1.0000252946570722,1.0000252946570722,0.0,0.0,True,False,predicted-supported,10,nonpaper diagnostic,15,suffix,4,True
0,0.0794365776909649,1327,True,1.0000252946570722,1.0000252946570722,0.0,0.0,True,False,predicted-supported,10,nonpaper diagnostic,15,suffix,4,True
48,0.13499213324652048,1328,True,1.0000252946570722,1.0000252946570722,0.0,0.0,True,False,predicted-supported,10,nonpaper diagnostic,15,suffix,4,True
11,0.18999999999999595,1329,True,1.0000252946570585,1.0000252946570585,0.0,0.0,True,False,predicted-supported,10,nonpaper diagnostic,15,suffix,4,True
59,0.24499999999999478,1330,True,1.0000252946570585,1.0000252946570585,0.0,0.0,True,False,predicted-supported,10,nonpaper diagnostic,15,suffix,4,True
69,0.301658799913187,1331,True,1.0000252946570585,1.0000252946570585,0.0,0.0,True,False,predicted-supported,10,nonpaper diagnostic,15,suffix,4,True
81,0.3571276855468677,1332,True,1.0001079883450954,1.0001079883450954,0.0,0.0,True,False,predicted-supported,10,nonpaper diagnostic,15,suffix,4,True
3,0.41276991102429816,1333,True,1.0000252946570722,1.0000252946570722,0.0,0.0,True,False,predicted-supported,10,nonpaper diagnostic,15,suffix,4,True
67,0.46832546657985374,1334,True,1.0000252946570722,1.0000252946570722,0.0,0.0,True,False,predicted-supported,10,nonpaper diagnostic,15,suffix,4,True
46,0.5238810221353987,1335,True,1.0000252946570738,1.0000252946570738,0.0,0.0,True,False,predicted-supported,10,nonpaper diagnostic,15,suffix,4,True
14,0.004999999999999893,709,False,1.0001339352033731,0.0,1.0001339352033731,0.0,False,True,burst-only,10,nonpaper diagnostic,16,cue,1,
26,0.004999999999999893,1590,False,1.0001408231000364,0.0,1.0001408231000364,0.0,False,True,burst-only,10,nonpaper diagnostic,16,cue,1,
22,0.11738186306423626,711,False,1.0001339352033731,0.0,1.0001339352033731,0.0,False,True,burst-only,10,nonpaper diagnostic,16,cue,1,
20,0.17293741861979162,712,False,1.0001339352033576,0.0,1.0001339352033576,0.0,False,True,burst-only,10,nonpaper diagnostic,16,cue,1,
36,0.2284929741753472,713,False,1.0001339352033576,0.0,1.0001339352033576,0.0,False,True,burst-only,10,nonpaper diagnostic,16,cue,1,
86,0.2840485297309028,714,False,1.0001339352033576,0.0,1.0001339352033576,0.0,False,True,burst-only,10,nonpaper diagnostic,16,cue,1,
12,0.11499999999999755,3,False,0.9999875742488296,0.0,0.9999875742488296,0.0,False,True,burst-only,10,nonpaper diagnostic,16,cue,1,
74,0.3949999999999916,716,False,1.0001339352033731,0.0,1.0001339352033731,0.0,False,True,burst-only,10,nonpaper diagnostic,16,cue,1,
7,0.4499999999999904,717,False,1.0001339352033731,0.0,1.0001339352033731,0.0,False,True,burst-only,10,nonpaper diagnostic,16,cue,1,
17,0.5062707519531144,718,False,1.0001339352033731,0.0,1.0001339352033731,0.0,False,True,burst-only,10,nonpaper diagnostic,16,cue,1,
90,0.004999999999999893,1336,True,1.000078878138213,0.0,1.000078878138213,0.0,False,True,burst-only,10,nonpaper diagnostic,16,cue,1,
1,0.0616700575086806,1337,True,1.000078878138213,0.0,1.000078878138213,0.0,False,True,burst-only,10,nonpaper diagnostic,16,cue,1,
53,0.17278116861979176,1339,True,1.0000788781382262,0.0,1.0000788781382262,0.0,False,True,burst-only,10,nonpaper diagnostic,16,cue,1,
18,0.22833672417534734,1340,True,1.0000788781382262,0.0,1.0000788781382262,0.0,False,True,burst-only,10,nonpaper diagnostic,16,cue,1,
31,0.2838922797309029,1341,True,1.0000788781382262,0.0,1.0000788781382262,0.0,False,True,burst-only,10,nonpaper diagnostic,16,cue,1,
94,0.3394478352864583,1342,True,1.000078878138213,0.0,1.000078878138213,0.0,False,True,burst-only,10,nonpaper diagnostic,16,cue,1,
81,0.4499999999999904,1344,True,1.000078878138213,0.0,1.000078878138213,0.0,False,True,burst-only,10,nonpaper diagnostic,16,cue,1,
48,0.5061145019531141,1345,True,1.0000788781381833,0.0,1.0000788781381833,0.0,False,True,burst-only,10,nonpaper diagnostic,16,cue,1,
4,0.061522352430555705,1591,False,1.0001408231000364,0.0,1.0001408231000364,0.0,False,True,burst-only,10,nonpaper diagnostic,16,cue,1,
69,0.11707790798611128,1592,False,1.0001408231000364,0.0,1.0001408231000364,0.0,False,True,burst-only,10,nonpaper diagnostic,16,cue,1,
52,0.17263346354166664,1593,False,1.0001408231000193,0.0,1.0001408231000193,0.0,False,True,burst-only,10,nonpaper diagnostic,16,cue,1,
67,0.22818901909722222,1594,False,1.0001408231000193,0.0,1.0001408231000193,0.0,False,True,burst-only,10,nonpaper diagnostic,16,cue,1,
63,0.2837445746527778,1595,False,1.0001408231000193,0.0,1.0001408231000193,0.0,False,True,burst-only,10,nonpaper diagnostic,16,cue,1,
39,0.39485568576388896,1597,False,1.0001408231000364,0.0,1.0001408231000364,0.0,False,True,burst-only,10,nonpaper diagnostic,16,cue,1,
40,0.4499999999999904,1598,False,1.0001408231000364,0.0,1.0001408231000364,0.0,False,True,burst-only,10,nonpaper diagnostic,16,cue,1,
51,0.5059667968749892,1599,False,1.0001408231000053,0.0,1.0001408231000053,0.0,False,True,burst-only,10,nonpaper diagnostic,16,cue,1,
78,0.004999999999999893,1,False,0.9999875742488296,0.0,0.9999875742488296,0.0,False,True,burst-only,10,nonpaper diagnostic,16,cue,1,
23,0.05999999999999872,2,False,0.9999875742488296,0.0,0.9999875742488296,0.0,False,True,burst-only,10,nonpaper diagnostic,16,cue,1,
57,0.17176920572916643,4,False,0.9999875742488091,0.0,0.9999875742488091,0.0,False,True,burst-only,10,nonpaper diagnostic,16,cue,1,
68,0.39399142795138875,8,False,0.9999875742488296,0.0,0.9999875742488296,0.0,False,True,burst-only,10,nonpaper diagnostic,16,cue,1,
78,0.004999999999999893,1346,True,1.0001408231000364,0.8001126584800291,0.20002816462000728,0.0,False,False,burst-assisted,10,nonpaper diagnostic,16,cue,2,
23,0.061522352430555705,1347,True,1.0001408231000364,0.8001126584800291,0.20002816462000728,0.0,False,False,burst-assisted,10,nonpaper diagnostic,16,cue,2,
12,0.11707790798611128,1348,True,1.0001408231000364,0.8001126584800291,0.20002816462000728,0.0,False,False,burst-assisted,10,nonpaper diagnostic,16,cue,2,
57,0.17263346354166664,1349,True,1.0001408231000193,0.8001126584800167,0.2000281646200026,0.0,False,False,burst-assisted,10,nonpaper diagnostic,16,cue,2,
38,0.22818901909722222,1350,True,1.0001408231000193,0.8001126584800167,0.2000281646200026,0.0,False,False,burst-assisted,10,nonpaper diagnostic,16,cue,2,
18,0.2837445746527778,1351,True,1.0001408231000193,0.8001126584800167,0.2000281646200026,0.0,False,False,burst-assisted,10,nonpaper diagnostic,16,cue,2,
11,0.3393001302083334,1352,True,1.0001408231000364,0.8001126584800291,0.20002816462000728,0.0,False,False,burst-assisted,10,nonpaper diagnostic,16,cue,2,
68,0.39485568576388896,1353,True,1.0001408231000364,0.8001126584800291,0.20002816462000728,0.0,False,False,burst-assisted,10,nonpaper diagnostic,16,cue,2,
88,0.4499999999999904,1354,True,1.0001408231000364,0.8001126584800291,0.20002816462000728,0.0,False,False,burst-assisted,10,nonpaper diagnostic,16,cue,2,
81,0.5059667968749892,1355,True,1.0001408231000053,0.8001126584800042,0.20002816462000106,0.0,False,False,burst-assisted,10,nonpaper diagnostic,16,cue,2,
14,0.13932522243923628,385,False,0.9999844920193582,0.0,0.9999844920193582,0.0,False,True,burst-only,3,nonpaper diagnostic,16,cue,2,
60,0.004999999999999893,1356,True,1.000078878138213,1.000078878138213,0.0,0.0,True,False,predicted-supported,10,nonpaper diagnostic,16,cue,3,
48,0.0616700575086806,1357,True,1.000078878138213,1.000078878138213,0.0,0.0,True,False,predicted-supported,10,nonpaper diagnostic,16,cue,3,
90,0.11722561306423618,1358,True,1.000078878138213,1.000078878138213,0.0,0.0,True,False,predicted-supported,10,nonpaper diagnostic,16,cue,3,
50,0.17263346354166664,1359,True,1.0001408231000193,1.0001408231000193,0.0,0.0,True,False,predicted-supported,10,nonpaper diagnostic,16,cue,3,
53,0.22833672417534734,1360,True,1.0000788781382262,1.0000788781382262,0.0,0.0,True,False,predicted-supported,10,nonpaper diagnostic,16,cue,3,
9,0.2838922797309029,1361,True,1.0000788781382262,1.0000788781382262,0.0,0.0,True,False,predicted-supported,10,nonpaper diagnostic,16,cue,3,
72,0.3394478352864583,1362,True,1.000078878138213,1.000078878138213,0.0,0.0,True,False,predicted-supported,10,nonpaper diagnostic,16,cue,3,
80,0.39375094943576383,626,True,1.0000093001154304,1.0000093001154304,0.0,0.0,True,False,predicted-supported,10,nonpaper diagnostic,16,cue,3,
25,0.4499999999999904,1363,True,1.000078878138213,1.000078878138213,0.0,0.0,True,False,predicted-supported,10,nonpaper diagnostic,16,cue,3,
99,0.5061145019531141,1364,True,1.0000788781381833,1.0000788781381833,0.0,0.0,True,False,predicted-supported,10,nonpaper diagnostic,16,cue,3,
87,0.004999999999999893,1365,True,1.0001408231000364,0.0,1.0001408231000364,0.0,False,True,burst-only,10,nonpaper diagnostic,16,cue,5,
21,0.061522352430555705,1366,True,1.0001408231000364,0.0,1.0001408231000364,0.0,False,True,burst-only,10,nonpaper diagnostic,16,cue,5,
41,0.11707790798611128,1367,True,1.0001408231000364,0.0,1.0001408231000364,0.0,False,True,burst-only,10,nonpaper diagnostic,16,cue,5,
26,0.17263346354166664,1368,True,1.0001408231000193,0.0,1.0001408231000193,0.0,False,True,burst-only,10,nonpaper diagnostic,16,cue,5,
49,0.22818901909722222,1369,True,1.0001408231000193,0.0,1.0001408231000193,0.0,False,True,burst-only,10,nonpaper diagnostic,16,cue,5,
54,0.2837445746527778,1370,True,1.0001408231000193,0.0,1.0001408231000193,0.0,False,True,burst-only,10,nonpaper diagnostic,16,cue,5,
67,0.3393001302083334,1371,True,1.0001408231000364,0.0,1.0001408231000364,0.0,False,True,burst-only,10,nonpaper diagnostic,16,cue,5,
37,0.39485568576388896,1372,True,1.0001408231000364,0.0,1.0001408231000364,0.0,False,True,burst-only,10,nonpaper diagnostic,16,cue,5,
35,0.4499999999999904,1373,True,1.0001408231000364,0.0,1.0001408231000364,0.0,False,True,burst-only,10,nonpaper diagnostic,16,cue,5,
7,0.5059667968749892,1374,True,1.0001408231000053,0.0,1.0001408231000053,0.0,False,True,burst-only,10,nonpaper diagnostic,16,cue,5,
14,0.0822535536024307,385,False,0.9999827246701024,0.0,0.9999827246701024,0.0,False,True,burst-only,3,nonpaper diagnostic,16,cue,5,
60,0.004999999999999893,1375,True,1.0001408231000364,1.0001408231000364,0.0,0.0,True,False,predicted-supported,10,nonpaper diagnostic,16,suffix,1,True
39,0.061522352430555705,1376,True,1.0001408231000364,1.0001408231000364,0.0,0.0,True,False,predicted-supported,10,nonpaper diagnostic,16,suffix,1,True
93,0.11707790798611128,1377,True,1.0001408231000364,1.0001408231000364,0.0,0.0,True,False,predicted-supported,10,nonpaper diagnostic,16,suffix,1,True
14,0.17263346354166664,1378,True,1.0001408231000193,1.0001408231000193,0.0,0.0,True,False,predicted-supported,10,nonpaper diagnostic,16,suffix,1,True
38,0.22818901909722222,1379,True,1.0001408231000193,1.0001408231000193,0.0,0.0,True,False,predicted-supported,10,nonpaper diagnostic,16,suffix,1,True
82,0.2837445746527778,1380,True,1.0001408231000193,1.0001408231000193,0.0,0.0,True,False,predicted-supported,10,nonpaper diagnostic,16,suffix,1,True
19,0.3393001302083334,1381,True,1.0001408231000364,1.0001408231000364,0.0,0.0,True,False,predicted-supported,10,nonpaper diagnostic,16,suffix,1,True
99,0.39485568576388896,1382,True,1.0001408231000364,1.0001408231000364,0.0,0.0,True,False,predicted-supported,10,nonpaper diagnostic,16,suffix,1,True
22,0.4499999999999904,1383,True,1.0001408231000364,1.0001408231000364,0.0,0.0,True,False,predicted-supported,10,nonpaper diagnostic,16,suffix,1,True
7,0.5059667968749892,1384,True,1.0001408231000053,1.0001408231000053,0.0,0.0,True,False,predicted-supported,10,nonpaper diagnostic,16,suffix,1,True
9,0.011798095703124956,1385,True,1.0000619626736396,1.0000619626736396,0.0,0.0,True,False,predicted-supported,10,nonpaper diagnostic,16,suffix,2,True
10,0.06735365125868054,1386,True,1.0000619626736396,1.0000619626736396,0.0,0.0,True,False,predicted-supported,10,nonpaper diagnostic,16,suffix,2,True
11,0.12290920681423612,1387,True,1.0000619626736396,1.0000619626736396,0.0,0.0,True,False,predicted-supported,10,nonpaper diagnostic,16,suffix,2,True
81,0.17999999999999616,1388,True,0.9999824754562189,0.9999824754562189,0.0,0.0,True,False,predicted-supported,10,nonpaper diagnostic,16,suffix,2,True
14,0.23402031792534705,1389,True,1.0000619626736258,1.0000619626736258,0.0,0.0,True,False,predicted-supported,10,nonpaper diagnostic,16,suffix,2,True
32,0.28957587348090263,1390,True,1.0000619626736258,1.0000619626736258,0.0,0.0,True,False,predicted-supported,10,nonpaper diagnostic,16,suffix,2,True
53,0.34499999999999265,1391,True,1.0000619626736396,1.0000619626736396,0.0,0.0,True,False,predicted-supported,10,nonpaper diagnostic,16,suffix,2,True
93,0.3999999999999915,1392,True,1.0000619626736396,1.0000619626736396,0.0,0.0,True,False,predicted-supported,10,nonpaper diagnostic,16,suffix,2,True
42,0.4549999999999903,1393,True,1.0000619626736396,1.0000619626736396,0.0,0.0,True,False,predicted-supported,10,nonpaper diagnostic,16,suffix,2,True
49,0.5117980957031143,1394,True,1.000061962673635,1.000061962673635,0.0,0.0,True,False,predicted-supported,10,nonpaper diagnostic,16,suffix,2,True
18,0.01802992078992105,1395,True,1.00008232394709,1.00008232394709,0.0,0.0,True,False,predicted-supported,10,nonpaper diagnostic,16,suffix,3,True
31,0.07358547634547663,1396,True,1.00008232394709,1.00008232394709,0.0,0.0,True,False,predicted-supported,10,nonpaper diagnostic,16,suffix,3,True
77,0.1291410319010322,1397,True,1.00008232394709,1.00008232394709,0.0,0.0,True,False,predicted-supported,10,nonpaper diagnostic,16,suffix,3,True
90,0.18469658745658757,1398,True,1.0000823239470769,1.0000823239470769,0.0,0.0,True,False,predicted-supported,10,nonpaper diagnostic,16,suffix,3,True
14,0.23802069769964307,385,True,1.000125585795706,1.000125585795706,0.0,0.0,True,False,predicted-supported,10,nonpaper diagnostic,16,suffix,3,True
6,0.2974239095051987,1399,True,1.0000981138726837,1.0000981138726837,0.0,0.0,True,False,predicted-supported,10,nonpaper diagnostic,16,suffix,3,True
79,0.34999999999999254,1400,True,1.00008232394709,1.00008232394709,0.0,0.0,True,False,predicted-supported,10,nonpaper diagnostic,16,suffix,3,True
53,0.4069188096788099,1401,True,1.00008232394709,1.00008232394709,0.0,0.0,True,False,predicted-supported,10,nonpaper diagnostic,16,suffix,3,True
58,0.46247436523436547,1402,True,1.00008232394709,1.00008232394709,0.0,0.0,True,False,predicted-supported,10,nonpaper diagnostic,16,suffix,3,True
15,0.5180299207899097,1403,True,1.0000823239470045,1.0000823239470045,0.0,0.0,True,False,predicted-supported,10,nonpaper diagnostic,16,suffix,3,True
97,0.20424858940971236,732,False,0.999985864792029,0.999985864792029,0.0,0.0,True,False,predicted-supported,4,nonpaper diagnostic,16,suffix,3,True
89,0.0238270399305458,1404,True,1.0000819597033472,1.0000819597033472,0.0,0.0,True,False,predicted-supported,10,nonpaper diagnostic,16,suffix,4,True
66,0.07938259548610138,1405,True,1.0000819597033472,1.0000819597033472,0.0,0.0,True,False,predicted-supported,10,nonpaper diagnostic,16,suffix,4,True
64,0.13493815104165696,1406,True,1.0000819597033472,1.0000819597033472,0.0,0.0,True,False,predicted-supported,10,nonpaper diagnostic,16,suffix,4,True
78,0.18999999999999595,1407,True,1.000081959703364,1.000081959703364,0.0,0.0,True,False,predicted-supported,10,nonpaper diagnostic,16,suffix,4,True
96,0.24499999999999478,1408,True,1.000081959703364,1.000081959703364,0.0,0.0,True,False,predicted-supported,10,nonpaper diagnostic,16,suffix,4,True
20,0.3016048177083237,1409,True,1.000081959703364,1.000081959703364,0.0,0.0,True,False,predicted-supported,10,nonpaper diagnostic,16,suffix,4,True
50,0.35716037326387906,1410,True,1.0000819597033472,1.0000819597033472,0.0,0.0,True,False,predicted-supported,10,nonpaper diagnostic,16,suffix,4,True
28,0.41271592881943464,1411,True,1.0000819597033472,1.0000819597033472,0.0,0.0,True,False,predicted-supported,10,nonpaper diagnostic,16,suffix,4,True
11,0.4682714843749902,1412,True,1.0000819597033472,1.0000819597033472,0.0,0.0,True,False,predicted-supported,10,nonpaper diagnostic,16,suffix,4,True
52,0.5238270399305349,1413,True,1.0000819597033181,1.0000819597033181,0.0,0.0,True,False,predicted-supported,10,nonpaper diagnostic,16,suffix,4,True
54,0.004999999999999893,1414,True,1.0001408231000364,0.0,1.0001408231000364,0.0,False,True,burst-only,10,nonpaper diagnostic,17,cue,1,
92,0.061522352430555705,1415,True,1.0001408231000364,0.0,1.0001408231000364,0.0,False,True,burst-only,10,nonpaper diagnostic,17,cue,1,
61,0.11707790798611128,1416,True,1.0001408231000364,0.0,1.0001408231000364,0.0,False,True,burst-only,10,nonpaper diagnostic,17,cue,1,
32,0.17263346354166664,1417,True,1.0001408231000193,0.0,1.0001408231000193,0.0,False,True,burst-only,10,nonpaper diagnostic,17,cue,1,
96,0.22818901909722222,1418,True,1.0001408231000193,0.0,1.0001408231000193,0.0,False,True,burst-only,10,nonpaper diagnostic,17,cue,1,
31,0.2837445746527778,1419,True,1.0001408231000193,0.0,1.0001408231000193,0.0,False,True,burst-only,10,nonpaper diagnostic,17,cue,1,
5,0.3393001302083334,1420,True,1.0001408231000364,0.0,1.0001408231000364,0.0,False,True,burst-only,10,nonpaper diagnostic,17,cue,1,
66,0.39485568576388896,1421,True,1.0001408231000364,0.0,1.0001408231000364,0.0,False,True,burst-only,10,nonpaper diagnostic,17,cue,1,
12,0.4499999999999904,1422,True,1.0001408231000364,0.0,1.0001408231000364,0.0,False,True,burst-only,10,nonpaper diagnostic,17,cue,1,
59,0.5059667968749892,1423,True,1.0001408231000053,0.0,1.0001408231000053,0.0,False,True,burst-only,10,nonpaper diagnostic,17,cue,1,
45,0.004999999999999893,1424,True,1.0001408231000364,1.0001408231000364,0.0,0.0,True,False,predicted-supported,10,nonpaper diagnostic,17,cue,2,
27,0.061522352430555705,1425,True,1.0001408231000364,1.0001408231000364,0.0,0.0,True,False,predicted-supported,10,nonpaper diagnostic,17,cue,2,
75,0.11707790798611128,1426,True,1.0001408231000364,1.0001408231000364,0.0,0.0,True,False,predicted-supported,10,nonpaper diagnostic,17,cue,2,
30,0.17263346354166664,1427,True,1.0001408231000193,1.0001408231000193,0.0,0.0,True,False,predicted-supported,10,nonpaper diagnostic,17,cue,2,
76,0.22818901909722222,1428,True,1.0001408231000193,1.0001408231000193,0.0,0.0,True,False,predicted-supported,10,nonpaper diagnostic,17,cue,2,
91,0.2837445746527778,1429,True,1.0001408231000193,1.0001408231000193,0.0,0.0,True,False,predicted-supported,10,nonpaper diagnostic,17,cue,2,
60,0.3393001302083334,1430,True,1.0001408231000364,1.0001408231000364,0.0,0.0,True,False,predicted-supported,10,nonpaper diagnostic,17,cue,2,
65,0.39485568576388896,1431,True,1.0001408231000364,1.0001408231000364,0.0,0.0,True,False,predicted-supported,10,nonpaper diagnostic,17,cue,2,
28,0.4499999999999904,1432,True,1.0001408231000364,1.0001408231000364,0.0,0.0,True,False,predicted-supported,10,nonpaper diagnostic,17,cue,2,
56,0.5059667968749892,1433,True,1.0001408231000053,1.0001408231000053,0.0,0.0,True,False,predicted-supported,10,nonpaper diagnostic,17,cue,2,
60,0.004999999999999893,1434,True,1.0001408231000364,1.0001408231000364,0.0,0.0,True,False,predicted-supported,10,nonpaper diagnostic,17,cue,3,
48,0.061522352430555705,1435,True,1.0001408231000364,1.0001408231000364,0.0,0.0,True,False,predicted-supported,10,nonpaper diagnostic,17,cue,3,
90,0.11707790798611128,1436,True,1.0001408231000364,1.0001408231000364,0.0,0.0,True,False,predicted-supported,10,nonpaper diagnostic,17,cue,3,
50,0.17263346354166664,1437,True,1.0001408231000193,1.0001408231000193,0.0,0.0,True,False,predicted-supported,10,nonpaper diagnostic,17,cue,3,
53,0.22818901909722222,1438,True,1.0001408231000193,1.0001408231000193,0.0,0.0,True,False,predicted-supported,10,nonpaper diagnostic,17,cue,3,
9,0.2837445746527778,1439,True,1.0001408231000193,1.0001408231000193,0.0,0.0,True,False,predicted-supported,10,nonpaper diagnostic,17,cue,3,
72,0.3393001302083334,1440,True,1.0001408231000364,1.0001408231000364,0.0,0.0,True,False,predicted-supported,10,nonpaper diagnostic,17,cue,3,
80,0.39485568576388896,1441,True,1.0001408231000364,1.0001408231000364,0.0,0.0,True,False,predicted-supported,10,nonpaper diagnostic,17,cue,3,
25,0.4499999999999904,1442,True,1.0001408231000364,1.0001408231000364,0.0,0.0,True,False,predicted-supported,10,nonpaper diagnostic,17,cue,3,
99,0.5059667968749892,1443,True,1.0001408231000053,1.0001408231000053,0.0,0.0,True,False,predicted-supported,10,nonpaper diagnostic,17,cue,3,
23,0.004999999999999893,1444,True,1.000078878138213,1.000078878138213,0.0,0.0,True,False,predicted-supported,10,nonpaper diagnostic,17,cue,4,
35,0.0616700575086806,1445,True,1.000078878138213,1.000078878138213,0.0,0.0,True,False,predicted-supported,10,nonpaper diagnostic,17,cue,4,
51,0.11722561306423618,1446,True,1.000078878138213,1.000078878138213,0.0,0.0,True,False,predicted-supported,10,nonpaper diagnostic,17,cue,4,
22,0.17278116861979176,1447,True,1.0000788781382262,1.0000788781382262,0.0,0.0,True,False,predicted-supported,10,nonpaper diagnostic,17,cue,4,
96,0.22833672417534734,1448,True,1.0000788781382262,1.0000788781382262,0.0,0.0,True,False,predicted-supported,10,nonpaper diagnostic,17,cue,4,
39,0.2837445746527778,1449,True,1.0001408231000193,1.0001408231000193,0.0,0.0,True,False,predicted-supported,10,nonpaper diagnostic,17,cue,4,
80,0.3394478352864583,1450,True,1.000078878138213,1.000078878138213,0.0,0.0,True,False,predicted-supported,10,nonpaper diagnostic,17,cue,4,
70,0.3949999999999916,1451,True,1.000078878138213,1.000078878138213,0.0,0.0,True,False,predicted-supported,10,nonpaper diagnostic,17,cue,4,
61,0.4499999999999904,1452,True,1.000078878138213,1.000078878138213,0.0,0.0,True,False,predicted-supported,10,nonpaper diagnostic,17,cue,4,
33,0.5061145019531141,1453,True,1.0000788781381833,1.0000788781381833,0.0,0.0,True,False,predicted-supported,10,nonpaper diagnostic,17,cue,4,
63,0.004999999999999893,1454,True,1.0001408231000364,1.0001408231000364,0.0,0.0,True,False,predicted-supported,10,nonpaper diagnostic,17,cue,5,
99,0.061522352430555705,1455,True,1.0001408231000364,1.0001408231000364,0.0,0.0,True,False,predicted-supported,10,nonpaper diagnostic,17,cue,5,
78,0.11707790798611128,1456,True,1.0001408231000364,1.0001408231000364,0.0,0.0,True,False,predicted-supported,10,nonpaper diagnostic,17,cue,5,
84,0.17263346354166664,1457,True,1.0001408231000193,1.0001408231000193,0.0,0.0,True,False,predicted-supported,10,nonpaper diagnostic,17,cue,5,
62,0.22818901909722222,1458,True,1.0001408231000193,1.0001408231000193,0.0,0.0,True,False,predicted-supported,10,nonpaper diagnostic,17,cue,5,
32,0.2837445746527778,1459,True,1.0001408231000193,1.0001408231000193,0.0,0.0,True,False,predicted-supported,10,nonpaper diagnostic,17,cue,5,
1,0.3393001302083334,1460,True,1.0001408231000364,1.0001408231000364,0.0,0.0,True,False,predicted-supported,10,nonpaper diagnostic,17,cue,5,
47,0.39485568576388896,1461,True,1.0001408231000364,1.0001408231000364,0.0,0.0,True,False,predicted-supported,10,nonpaper diagnostic,17,cue,5,
38,0.4499999999999904,1462,True,1.0001408231000364,1.0001408231000364,0.0,0.0,True,False,predicted-supported,10,nonpaper diagnostic,17,cue,5,
18,0.5059667968749892,1463,True,1.0001408231000053,1.0001408231000053,0.0,0.0,True,False,predicted-supported,10,nonpaper diagnostic,17,cue,5,
62,0.004999999999999893,1464,True,0.9999820760180034,0.9999820760180034,0.0,0.0,True,False,predicted-supported,10,nonpaper diagnostic,17,suffix,1,True
43,0.11720974392361105,1466,True,0.9999820760180034,0.9999820760180034,0.0,0.0,True,False,predicted-supported,10,nonpaper diagnostic,17,suffix,1,True
84,0.17276529947916663,1467,True,0.9999820760180018,0.9999820760180018,0.0,0.0,True,False,predicted-supported,10,nonpaper diagnostic,17,suffix,1,True
70,0.22832085503472221,1468,True,0.9999820760180018,0.9999820760180018,0.0,0.0,True,False,predicted-supported,10,nonpaper diagnostic,17,suffix,1,True
98,0.2838764105902778,1469,True,0.9999820760180018,0.9999820760180018,0.0,0.0,True,False,predicted-supported,10,nonpaper diagnostic,17,suffix,1,True
61,0.39701144748263895,1471,True,1.0000245284085552,1.0000245284085552,0.0,0.0,True,False,predicted-supported,10,nonpaper diagnostic,17,suffix,1,True
28,0.4499999999999904,1472,True,0.9999820760180034,0.9999820760180034,0.0,0.0,True,False,predicted-supported,10,nonpaper diagnostic,17,suffix,1,True
6,0.5060986328124892,1473,True,0.9999820760179879,0.9999820760179879,0.0,0.0,True,False,predicted-supported,10,nonpaper diagnostic,17,suffix,1,True
8,0.014055175781249929,1474,True,1.0000337018559438,1.0000337018559438,0.0,0.0,True,False,predicted-supported,8,nonpaper diagnostic,17,suffix,2,True
35,0.06961073133680551,1475,True,1.0000337018559438,1.0000337018559438,0.0,0.0,True,False,predicted-supported,8,nonpaper diagnostic,17,suffix,2,True
21,0.12499999999999734,1476,True,1.0000337018559438,1.0000337018559438,0.0,0.0,True,False,predicted-supported,8,nonpaper diagnostic,17,suffix,2,True
14,0.17999999999999616,1477,True,1.000033701855933,1.000033701855933,0.0,0.0,True,False,predicted-supported,8,nonpaper diagnostic,17,suffix,2,True
57,0.234999999999995,1478,True,1.000033701855933,1.000033701855933,0.0,0.0,True,False,predicted-supported,8,nonpaper diagnostic,17,suffix,2,True
60,0.2918329535590276,1479,True,1.000033701855933,1.000033701855933,0.0,0.0,True,False,predicted-supported,8,nonpaper diagnostic,17,suffix,2,True
27,0.3473885091145832,1480,True,1.0000337018559438,1.0000337018559438,0.0,0.0,True,False,predicted-supported,8,nonpaper diagnostic,17,suffix,2,True
52,0.40294406467013877,1481,True,1.0000337018559438,1.0000337018559438,0.0,0.0,True,False,predicted-supported,8,nonpaper diagnostic,17,suffix,2,True
48,0.45849962022569435,1482,True,1.0000337018559438,1.0000337018559438,0.0,0.0,True,False,predicted-supported,8,nonpaper diagnostic,17,suffix,2,True
80,0.5140551757812388,1483,True,1.0000337018559042,1.0000337018559042,0.0,0.0,True,False,predicted-supported,8,nonpaper diagnostic,17,suffix,2,True
63,0.01981024848089774,1484,True,1.0000652164534105,1.0000652164534105,0.0,0.0,True,False,predicted-supported,10,nonpaper diagnostic,17,suffix,3,True
99,0.07728597005207827,1485,True,1.0000984925564482,1.0000984925564482,0.0,0.0,True,False,predicted-supported,10,nonpaper diagnostic,17,suffix,3,True
78,0.12999999999999723,1486,True,1.0000652164534105,1.0000652164534105,0.0,0.0,True,False,predicted-supported,10,nonpaper diagnostic,17,suffix,3,True
84,0.18647691514756448,1487,True,1.0000652164534274,1.0000652164534274,0.0,0.0,True,False,predicted-supported,10,nonpaper diagnostic,17,suffix,3,True
62,0.24203247070312006,1488,True,1.0000652164534274,1.0000652164534274,0.0,0.0,True,False,predicted-supported,10,nonpaper diagnostic,17,suffix,3,True
1,0.353143581814231,1489,True,1.0000652164534105,1.0000652164534105,0.0,0.0,True,False,predicted-supported,10,nonpaper diagnostic,17,suffix,3,True
47,0.4086991373697866,1490,True,1.0000652164534105,1.0000652164534105,0.0,0.0,True,False,predicted-supported,10,nonpaper diagnostic,17,suffix,3,True
38,0.46425469292534216,1491,True,1.0000652164534105,1.0000652164534105,0.0,0.0,True,False,predicted-supported,10,nonpaper diagnostic,17,suffix,3,True
18,0.5198102484808869,1492,True,1.000065216453378,1.000065216453378,0.0,0.0,True,False,predicted-supported,10,nonpaper diagnostic,17,suffix,3,True
27,0.026727023654510962,1493,True,0.9999891594558794,0.9999891594558794,0.0,0.0,True,False,predicted-supported,9,nonpaper diagnostic,17,suffix,4,True
26,0.08228257921006654,1494,True,0.9999891594558794,0.9999891594558794,0.0,0.0,True,False,predicted-supported,9,nonpaper diagnostic,17,suffix,4,True
95,0.13783813476562212,1495,True,0.9999891594558794,0.9999891594558794,0.0,0.0,True,False,predicted-supported,9,nonpaper diagnostic,17,suffix,4,True
2,0.1933936903211777,1496,True,0.9999891594558941,0.9999891594558941,0.0,0.0,True,False,predicted-supported,9,nonpaper diagnostic,17,suffix,4,True
8,0.24894924587673328,1497,True,0.9999891594558941,0.9999891594558941,0.0,0.0,True,False,predicted-supported,9,nonpaper diagnostic,17,suffix,4,True
34,0.30450480143228886,1498,True,0.9999891594558941,0.9999891594558941,0.0,0.0,True,False,predicted-supported,9,nonpaper diagnostic,17,suffix,4,True
52,0.3599999999999923,1499,True,0.9999891594558794,0.9999891594558794,0.0,0.0,True,False,predicted-supported,9,nonpaper diagnostic,17,suffix,4,True
57,0.41789252387152476,1500,True,1.0000693213499396,1.0000693213499396,0.0,0.0,True,False,predicted-supported,9,nonpaper diagnostic,17,suffix,4,True
31,0.46999999999999,1501,True,0.9999891594558794,0.9999891594558794,0.0,0.0,True,False,predicted-supported,9,nonpaper diagnostic,17,suffix,4,True
7,0.5267270236545005,1502,True,0.9999891594559085,0.9999891594559085,0.0,0.0,True,False,predicted-supported,9,nonpaper diagnostic,17,suffix,4,True
58,0.004999999999999893,541,False,1.0001339352033731,0.0,1.0001339352033731,0.0,False,True,burst-only,10,nonpaper diagnostic,18,cue,1,
52,0.06182630750868068,542,False,1.0001339352033731,0.0,1.0001339352033731,0.0,False,True,burst-only,10,nonpaper diagnostic,18,cue,1,
51,0.11738186306423626,543,False,1.0001339352033731,0.0,1.0001339352033731,0.0,False,True,burst-only,10,nonpaper diagnostic,18,cue,1,
34,0.17293741861979162,544,False,1.0001339352033576,0.0,1.0001339352033576,0.0,False,True,burst-only,10,nonpaper diagnostic,18,cue,1,
31,0.2284929741753472,545,False,1.0001339352033576,0.0,1.0001339352033576,0.0,False,True,burst-only,10,nonpaper diagnostic,18,cue,1,
60,0.2840485297309028,546,False,1.0001339352033576,0.0,1.0001339352033576,0.0,False,True,burst-only,10,nonpaper diagnostic,18,cue,1,
63,0.33960408528645836,547,False,1.0001339352033731,0.0,1.0001339352033731,0.0,False,True,burst-only,10,nonpaper diagnostic,18,cue,1,
16,0.22833672417534734,1071,False,1.0000788781382262,0.0,1.0000788781382262,0.0,False,True,burst-only,10,nonpaper diagnostic,18,cue,1,
43,0.4499999999999904,549,False,1.0001339352033731,0.0,1.0001339352033731,0.0,False,True,burst-only,10,nonpaper diagnostic,18,cue,1,
55,0.5062707519531144,550,False,1.0001339352033731,0.0,1.0001339352033731,0.0,False,True,burst-only,10,nonpaper diagnostic,18,cue,1,
67,0.004999999999999893,1067,False,1.000078878138213,0.0,1.000078878138213,0.0,False,True,burst-only,10,nonpaper diagnostic,18,cue,1,
17,0.05999999999999872,1068,True,1.0000917488016692,0.0,1.0000917488016692,0.0,False,True,burst-only,10,nonpaper diagnostic,18,cue,1,
37,0.11722561306423618,1069,False,1.000078878138213,0.0,1.000078878138213,0.0,False,True,burst-only,10,nonpaper diagnostic,18,cue,1,
93,0.17278116861979176,1070,False,1.0000788781382262,0.0,1.0000788781382262,0.0,False,True,burst-only,10,nonpaper diagnostic,18,cue,1,
30,0.2838922797309029,1072,False,1.0000788781382262,0.0,1.0000788781382262,0.0,False,True,burst-only,10,nonpaper diagnostic,18,cue,1,
61,0.3394478352864583,1073,False,1.000078878138213,0.0,1.000078878138213,0.0,False,True,burst-only,10,nonpaper diagnostic,18,cue,1,
14,0.3949999999999916,1074,False,1.000078878138213,0.0,1.000078878138213,0.0,False,True,burst-only,10,nonpaper diagnostic,18,cue,1,
64,0.4499999999999904,1075,False,1.000078878138213,0.0,1.000078878138213,0.0,False,True,burst-only,10,nonpaper diagnostic,18,cue,1,
39,0.5061145019531141,1076,False,1.0000788781381833,0.0,1.0000788781381833,0.0,False,True,burst-only,10,nonpaper diagnostic,18,cue,1,
27,0.004999999999999893,1503,True,1.0001408231000364,0.0,1.0001408231000364,0.0,False,True,burst-only,10,nonpaper diagnostic,18,cue,1,
49,0.11707790798611128,1504,True,1.0001408231000364,0.0,1.0001408231000364,0.0,False,True,burst-only,10,nonpaper diagnostic,18,cue,1,
66,0.22818901909722222,1506,True,1.0001408231000193,0.0,1.0001408231000193,0.0,False,True,burst-only,10,nonpaper diagnostic,18,cue,1,
99,0.2837445746527778,1507,True,1.0001408231000193,0.0,1.0001408231000193,0.0,False,True,burst-only,10,nonpaper diagnostic,18,cue,1,
35,0.3393001302083334,1508,True,1.0001408231000364,0.0,1.0001408231000364,0.0,False,True,burst-only,10,nonpaper diagnostic,18,cue,1,
7,0.39485568576388896,1509,True,1.0001408231000364,0.0,1.0001408231000364,0.0,False,True,burst-only,10,nonpaper diagnostic,18,cue,1,
84,0.4499999999999904,1510,True,1.0001408231000364,0.0,1.0001408231000364,0.0,False,True,burst-only,10,nonpaper diagnostic,18,cue,1,
80,0.3472406684027778,626,False,0.9999902704296966,0.0,0.9999902704296966,0.0,False,True,burst-only,4,nonpaper diagnostic,18,cue,1,
78,0.004999999999999893,1512,True,1.0001408231000364,0.8001126584800291,0.20002816462000728,0.0,False,False,burst-assisted,10,nonpaper diagnostic,18,cue,2,
23,0.061522352430555705,1513,True,1.0001408231000364,0.8001126584800291,0.20002816462000728,0.0,False,False,burst-assisted,10,nonpaper diagnostic,18,cue,2,
12,0.11707790798611128,1514,True,1.0001408231000364,0.8001126584800291,0.20002816462000728,0.0,False,False,burst-assisted,10,nonpaper diagnostic,18,cue,2,
57,0.17263346354166664,1515,True,1.0001408231000193,0.8001126584800151,0.20002816462000417,0.0,False,False,burst-assisted,10,nonpaper diagnostic,18,cue,2,
38,0.22818901909722222,1516,True,1.0001408231000193,0.8001126584800151,0.20002816462000417,0.0,False,False,burst-assisted,10,nonpaper diagnostic,18,cue,2,
18,0.2837445746527778,1517,True,1.0001408231000193,0.8001126584800151,0.20002816462000417,0.0,False,False,burst-assisted,10,nonpaper diagnostic,18,cue,2,
11,0.3393001302083334,1518,True,1.0001408231000364,0.8001126584800291,0.20002816462000728,0.0,False,False,burst-assisted,10,nonpaper diagnostic,18,cue,2,
68,0.39485568576388896,1519,True,1.0001408231000364,0.8001126584800291,0.20002816462000728,0.0,False,False,burst-assisted,10,nonpaper diagnostic,18,cue,2,
88,0.4499999999999904,1520,True,1.0001408231000364,0.8001126584800291,0.20002816462000728,0.0,False,False,burst-assisted,10,nonpaper diagnostic,18,cue,2,
81,0.5078857421874892,1521,True,1.0000448442291552,0.8000358753833241,0.200008968845831,0.0,False,False,burst-assisted,10,nonpaper diagnostic,18,cue,2,
1,0.004999999999999893,1522,True,1.0001408231000364,1.0001408231000364,0.0,0.0,True,False,predicted-supported,10,nonpaper diagnostic,18,cue,3,
60,0.061522352430555705,1523,True,1.0001408231000364,1.0001408231000364,0.0,0.0,True,False,predicted-supported,10,nonpaper diagnostic,18,cue,3,
47,0.11707790798611128,1524,True,1.0001408231000364,1.0001408231000364,0.0,0.0,True,False,predicted-supported,10,nonpaper diagnostic,18,cue,3,
31,0.22818901909722222,1525,True,1.0001408231000193,1.0001408231000193,0.0,0.0,True,False,predicted-supported,10,nonpaper diagnostic,18,cue,3,
91,0.2837445746527778,1526,True,1.0001408231000193,1.0001408231000193,0.0,0.0,True,False,predicted-supported,10,nonpaper diagnostic,18,cue,3,
53,0.3393001302083334,1527,True,1.0001408231000364,1.0001408231000364,0.0,0.0,True,False,predicted-supported,10,nonpaper diagnostic,18,cue,3,
77,0.39485568576388896,1528,True,1.0001408231000364,1.0001408231000364,0.0,0.0,True,False,predicted-supported,10,nonpaper diagnostic,18,cue,3,
20,0.4499999999999904,1529,True,1.0001408231000364,1.0001408231000364,0.0,0.0,True,False,predicted-supported,10,nonpaper diagnostic,18,cue,3,
98,0.5059667968749892,1530,True,1.0001408231000053,1.0001408231000053,0.0,0.0,True,False,predicted-supported,10,nonpaper diagnostic,18,cue,3,
89,0.004999999999999893,1531,True,1.0001408231000364,0.9001267407900327,0.10001408231000364,0.0,False,False,burst-assisted,10,nonpaper diagnostic,18,cue,4,
99,0.061522352430555705,1532,True,1.0001408231000364,0.9001267407900327,0.10001408231000364,0.0,False,False,burst-assisted,10,nonpaper diagnostic,18,cue,4,
2,0.11707790798611128,1533,True,1.0001408231000364,0.9001267407900327,0.10001408231000364,0.0,False,False,burst-assisted,10,nonpaper diagnostic,18,cue,4,
4,0.17263346354166664,1534,True,1.0001408231000193,0.9001267407900172,0.10001408231000208,0.0,False,False,burst-assisted,10,nonpaper diagnostic,18,cue,4,
24,0.22818901909722222,1535,True,1.0001408231000193,0.9001267407900172,0.10001408231000208,0.0,False,False,burst-assisted,10,nonpaper diagnostic,18,cue,4,
19,0.2837445746527778,1536,True,1.0001408231000193,0.9001267407900172,0.10001408231000208,0.0,False,False,burst-assisted,10,nonpaper diagnostic,18,cue,4,
29,0.3393001302083334,1537,True,1.0001408231000364,0.9001267407900327,0.10001408231000364,0.0,False,False,burst-assisted,10,nonpaper diagnostic,18,cue,4,
1,0.39485568576388896,1538,True,1.0001408231000364,0.9001267407900327,0.10001408231000364,0.0,False,False,burst-assisted,10,nonpaper diagnostic,18,cue,4,
87,0.4499999999999904,1539,True,1.0001408231000364,0.9001267407900327,0.10001408231000364,0.0,False,False,burst-assisted,10,nonpaper diagnostic,18,cue,4,
36,0.5059667968749892,1540,True,1.0001408231000053,0.9001267407900048,0.10001408231000053,0.0,False,False,burst-assisted,10,nonpaper diagnostic,18,cue,4,
18,0.061522352430555705,1541,True,1.0001408231000364,1.0001408231000364,0.0,0.0,True,False,predicted-supported,10,nonpaper diagnostic,18,cue,5,
33,0.11707790798611128,1542,True,1.0001408231000364,1.0001408231000364,0.0,0.0,True,False,predicted-supported,10,nonpaper diagnostic,18,cue,5,
66,0.17263346354166664,1543,True,1.0001408231000193,1.0001408231000193,0.0,0.0,True,False,predicted-supported,10,nonpaper diagnostic,18,cue,5,
16,0.22818901909722222,1544,True,1.0001408231000193,1.0001408231000193,0.0,0.0,True,False,predicted-supported,10,nonpaper diagnostic,18,cue,5,
81,0.2837445746527778,1545,True,1.0001408231000193,1.0001408231000193,0.0,0.0,True,False,predicted-supported,10,nonpaper diagnostic,18,cue,5,
94,0.3393001302083334,1546,True,1.0001408231000364,1.0001408231000364,0.0,0.0,True,False,predicted-supported,10,nonpaper diagnostic,18,cue,5,
79,0.39485568576388896,1547,True,1.0001408231000364,1.0001408231000364,0.0,0.0,True,False,predicted-supported,10,nonpaper diagnostic,18,cue,5,
34,0.4499999999999904,1548,True,1.0001408231000364,1.0001408231000364,0.0,0.0,True,False,predicted-supported,10,nonpaper diagnostic,18,cue,5,
68,0.5078857421874892,1549,True,1.0000448442291552,1.0000448442291552,0.0,0.0,True,False,predicted-supported,10,nonpaper diagnostic,18,cue,5,
60,0.004999999999999893,1550,True,1.0001408231000364,0.9001267407900327,0.10001408231000364,0.0,False,False,burst-assisted,10,nonpaper diagnostic,18,suffix,1,True
48,0.061522352430555705,1551,True,1.0001408231000364,0.9001267407900327,0.10001408231000364,0.0,False,False,burst-assisted,10,nonpaper diagnostic,18,suffix,1,True
90,0.11707790798611128,1552,True,1.0001408231000364,0.9001267407900327,0.10001408231000364,0.0,False,False,burst-assisted,10,nonpaper diagnostic,18,suffix,1,True
50,0.17263346354166664,1553,True,1.0001408231000193,0.9001267407900172,0.10001408231000208,0.0,False,False,burst-assisted,10,nonpaper diagnostic,18,suffix,1,True
53,0.22818901909722222,1554,True,1.0001408231000193,0.9001267407900172,0.10001408231000208,0.0,False,False,burst-assisted,10,nonpaper diagnostic,18,suffix,1,True
9,0.2837445746527778,1555,True,1.0001408231000193,0.9001267407900172,0.10001408231000208,0.0,False,False,burst-assisted,10,nonpaper diagnostic,18,suffix,1,True
72,0.3393001302083334,1556,True,1.0001408231000364,0.9001267407900327,0.10001408231000364,0.0,False,False,burst-assisted,10,nonpaper diagnostic,18,suffix,1,True
80,0.39485568576388896,1557,True,1.0001408231000364,0.9001267407900327,0.10001408231000364,0.0,False,False,burst-assisted,10,nonpaper diagnostic,18,suffix,1,True
25,0.4499999999999904,1558,True,1.0001408231000364,0.9001267407900327,0.10001408231000364,0.0,False,False,burst-assisted,10,nonpaper diagnostic,18,suffix,1,True
99,0.5059667968749892,1559,True,1.0001408231000053,0.9001267407900048,0.10001408231000053,0.0,False,False,burst-assisted,10,nonpaper diagnostic,18,suffix,1,True
6,0.011798095703124956,1560,True,1.0000619626736396,1.0000619626736396,0.0,0.0,True,False,predicted-supported,10,nonpaper diagnostic,18,suffix,2,True
19,0.06735365125868054,1561,True,1.0000619626736396,1.0000619626736396,0.0,0.0,True,False,predicted-supported,10,nonpaper diagnostic,18,suffix,2,True
73,0.12290920681423612,1562,True,1.0000619626736396,1.0000619626736396,0.0,0.0,True,False,predicted-supported,10,nonpaper diagnostic,18,suffix,2,True
98,0.17846476236979147,1563,True,1.0000619626736258,1.0000619626736258,0.0,0.0,True,False,predicted-supported,10,nonpaper diagnostic,18,suffix,2,True
22,0.23402031792534705,1564,True,1.0000619626736258,1.0000619626736258,0.0,0.0,True,False,predicted-supported,10,nonpaper diagnostic,18,suffix,2,True
0,0.28957587348090263,1565,True,1.0000619626736258,1.0000619626736258,0.0,0.0,True,False,predicted-supported,10,nonpaper diagnostic,18,suffix,2,True
26,0.34499999999999265,1566,True,1.0000619626736396,1.0000619626736396,0.0,0.0,True,False,predicted-supported,10,nonpaper diagnostic,18,suffix,2,True
16,0.3999999999999915,1567,True,1.0000619626736396,1.0000619626736396,0.0,0.0,True,False,predicted-supported,10,nonpaper diagnostic,18,suffix,2,True
10,0.4549999999999903,1568,True,1.0000619626736396,1.0000619626736396,0.0,0.0,True,False,predicted-supported,10,nonpaper diagnostic,18,suffix,2,True
45,0.5117980957031143,1569,True,1.000061962673635,1.000061962673635,0.0,0.0,True,False,predicted-supported,10,nonpaper diagnostic,18,suffix,2,True
34,0.017563612196170864,1570,True,1.000108060819273,1.000108060819273,0.0,0.0,True,False,predicted-supported,10,nonpaper diagnostic,18,suffix,3,True
78,0.07311916775172644,1571,True,1.000108060819273,1.000108060819273,0.0,0.0,True,False,predicted-supported,10,nonpaper diagnostic,18,suffix,3,True
91,0.12867472330728202,1572,True,1.000108060819273,1.000108060819273,0.0,0.0,True,False,predicted-supported,10,nonpaper diagnostic,18,suffix,3,True
67,0.18423027886283738,1573,True,1.000108060819259,1.000108060819259,0.0,0.0,True,False,predicted-supported,10,nonpaper diagnostic,18,suffix,3,True
12,0.23978583441839296,1574,True,1.000108060819259,1.000108060819259,0.0,0.0,True,False,predicted-supported,10,nonpaper diagnostic,18,suffix,3,True
61,0.2949999999999937,1575,True,1.000108060819259,1.000108060819259,0.0,0.0,True,False,predicted-supported,10,nonpaper diagnostic,18,suffix,3,True
88,0.34999999999999254,1576,True,1.000108060819273,1.000108060819273,0.0,0.0,True,False,predicted-supported,10,nonpaper diagnostic,18,suffix,3,True
59,0.4064525010850597,1577,True,1.000108060819273,1.000108060819273,0.0,0.0,True,False,predicted-supported,10,nonpaper diagnostic,18,suffix,3,True
10,0.4620080566406153,1578,True,1.000108060819273,1.000108060819273,0.0,0.0,True,False,predicted-supported,10,nonpaper diagnostic,18,suffix,3,True
95,0.5175636121961598,1579,True,1.0001080608192163,1.0001080608192163,0.0,0.0,True,False,predicted-supported,10,nonpaper diagnostic,18,suffix,3,True
75,0.02340861002603445,1580,True,1.000087928092668,1.000087928092668,0.0,0.0,True,False,predicted-supported,10,nonpaper diagnostic,18,suffix,4,True
69,0.07896416558159003,1581,True,1.000087928092668,1.000087928092668,0.0,0.0,True,False,predicted-supported,10,nonpaper diagnostic,18,suffix,4,True
64,0.1345197211371456,1582,True,1.000087928092668,1.000087928092668,0.0,0.0,True,False,predicted-supported,10,nonpaper diagnostic,18,suffix,4,True
38,0.18999999999999595,1583,True,1.000087928092654,1.000087928092654,0.0,0.0,True,False,predicted-supported,10,nonpaper diagnostic,18,suffix,4,True
2,0.24499999999999478,1584,True,1.000087928092654,1.000087928092654,0.0,0.0,True,False,predicted-supported,10,nonpaper diagnostic,18,suffix,4,True
24,0.2999999999999936,1585,True,1.000087928092654,1.000087928092654,0.0,0.0,True,False,predicted-supported,10,nonpaper diagnostic,18,suffix,4,True
53,0.3567419433593677,1586,True,1.000087928092668,1.000087928092668,0.0,0.0,True,False,predicted-supported,10,nonpaper diagnostic,18,suffix,4,True
87,0.4122974989149233,1587,True,1.000087928092668,1.000087928092668,0.0,0.0,True,False,predicted-supported,10,nonpaper diagnostic,18,suffix,4,True
11,0.46785305447047887,1588,True,1.000087928092668,1.000087928092668,0.0,0.0,True,False,predicted-supported,10,nonpaper diagnostic,18,suffix,4,True
56,0.5234086100260236,1589,True,1.000087928092639,1.000087928092639,0.0,0.0,True,False,predicted-supported,10,nonpaper diagnostic,18,suffix,4,True
14,0.004999999999999893,709,False,1.0001339352033731,0.0,1.0001339352033731,0.0,False,True,burst-only,10,nonpaper diagnostic,19,cue,1,
26,0.004999999999999893,1590,True,1.0001408231000364,0.0,1.0001408231000364,0.0,False,True,burst-only,10,nonpaper diagnostic,19,cue,1,
22,0.11738186306423626,711,False,1.0001339352033731,0.0,1.0001339352033731,0.0,False,True,burst-only,10,nonpaper diagnostic,19,cue,1,
20,0.17293741861979162,712,False,1.0001339352033576,0.0,1.0001339352033576,0.0,False,True,burst-only,10,nonpaper diagnostic,19,cue,1,
36,0.2284929741753472,713,False,1.0001339352033576,0.0,1.0001339352033576,0.0,False,True,burst-only,10,nonpaper diagnostic,19,cue,1,
86,0.2840485297309028,714,False,1.0001339352033576,0.0,1.0001339352033576,0.0,False,True,burst-only,10,nonpaper diagnostic,19,cue,1,
12,0.11499999999999755,3,False,0.9999875742488296,0.0,0.9999875742488296,0.0,False,True,burst-only,10,nonpaper diagnostic,19,cue,1,
74,0.3949999999999916,716,False,1.0001339352033731,0.0,1.0001339352033731,0.0,False,True,burst-only,10,nonpaper diagnostic,19,cue,1,
7,0.4499999999999904,717,False,1.0001339352033731,0.0,1.0001339352033731,0.0,False,True,burst-only,10,nonpaper diagnostic,19,cue,1,
17,0.5062707519531144,718,False,1.0001339352033731,0.0,1.0001339352033731,0.0,False,True,burst-only,10,nonpaper diagnostic,19,cue,1,
90,0.004999999999999893,1336,False,1.000078878138213,0.0,1.000078878138213,0.0,False,True,burst-only,10,nonpaper diagnostic,19,cue,1,
1,0.0616700575086806,1337,False,1.000078878138213,0.0,1.000078878138213,0.0,False,True,burst-only,10,nonpaper diagnostic,19,cue,1,
53,0.17278116861979176,1339,False,1.0000788781382262,0.0,1.0000788781382262,0.0,False,True,burst-only,10,nonpaper diagnostic,19,cue,1,
18,0.22833672417534734,1340,False,1.0000788781382262,0.0,1.0000788781382262,0.0,False,True,burst-only,10,nonpaper diagnostic,19,cue,1,
31,0.2838922797309029,1341,False,1.0000788781382262,0.0,1.0000788781382262,0.0,False,True,burst-only,10,nonpaper diagnostic,19,cue,1,
94,0.3394478352864583,1342,False,1.000078878138213,0.0,1.000078878138213,0.0,False,True,burst-only,10,nonpaper diagnostic,19,cue,1,
81,0.4499999999999904,1344,False,1.000078878138213,0.0,1.000078878138213,0.0,False,True,burst-only,10,nonpaper diagnostic,19,cue,1,
48,0.5061145019531141,1345,False,1.0000788781381833,0.0,1.0000788781381833,0.0,False,True,burst-only,10,nonpaper diagnostic,19,cue,1,
4,0.061522352430555705,1591,True,1.0001408231000364,0.0,1.0001408231000364,0.0,False,True,burst-only,10,nonpaper diagnostic,19,cue,1,
69,0.11707790798611128,1592,True,1.0001408231000364,0.0,1.0001408231000364,0.0,False,True,burst-only,10,nonpaper diagnostic,19,cue,1,
52,0.17263346354166664,1593,True,1.0001408231000193,0.0,1.0001408231000193,0.0,False,True,burst-only,10,nonpaper diagnostic,19,cue,1,
67,0.22818901909722222,1594,True,1.0001408231000193,0.0,1.0001408231000193,0.0,False,True,burst-only,10,nonpaper diagnostic,19,cue,1,
63,0.2837445746527778,1595,True,1.0001408231000193,0.0,1.0001408231000193,0.0,False,True,burst-only,10,nonpaper diagnostic,19,cue,1,
39,0.39485568576388896,1597,True,1.0001408231000364,0.0,1.0001408231000364,0.0,False,True,burst-only,10,nonpaper diagnostic,19,cue,1,
40,0.4499999999999904,1598,True,1.0001408231000364,0.0,1.0001408231000364,0.0,False,True,burst-only,10,nonpaper diagnostic,19,cue,1,
51,0.5059667968749892,1599,True,1.0001408231000053,0.0,1.0001408231000053,0.0,False,True,burst-only,10,nonpaper diagnostic,19,cue,1,
78,0.004999999999999893,1,False,0.9999875742488296,0.0,0.9999875742488296,0.0,False,True,burst-only,10,nonpaper diagnostic,19,cue,1,
23,0.05999999999999872,2,False,0.9999875742488296,0.0,0.9999875742488296,0.0,False,True,burst-only,10,nonpaper diagnostic,19,cue,1,
57,0.17176920572916643,4,False,0.9999875742488091,0.0,0.9999875742488091,0.0,False,True,burst-only,10,nonpaper diagnostic,19,cue,1,
68,0.39399142795138875,8,False,0.9999875742488296,0.0,0.9999875742488296,0.0,False,True,burst-only,10,nonpaper diagnostic,19,cue,1,
9,0.004999999999999893,1600,True,1.0001408231000364,0.9001267407900327,0.10001408231000364,0.0,False,False,burst-assisted,10,nonpaper diagnostic,19,cue,2,
71,0.061522352430555705,1601,True,1.0001408231000364,0.9001267407900327,0.10001408231000364,0.0,False,False,burst-assisted,10,nonpaper diagnostic,19,cue,2,
39,0.11707790798611128,1602,True,1.0001408231000364,0.9001267407900327,0.10001408231000364,0.0,False,False,burst-assisted,10,nonpaper diagnostic,19,cue,2,
59,0.17263346354166664,1603,True,1.0001408231000193,0.9001267407900172,0.10001408231000208,0.0,False,False,burst-assisted,10,nonpaper diagnostic,19,cue,2,
85,0.22818901909722222,1604,True,1.0001408231000193,0.9001267407900172,0.10001408231000208,0.0,False,False,burst-assisted,10,nonpaper diagnostic,19,cue,2,
91,0.2837445746527778,1605,True,1.0001408231000193,0.9001267407900172,0.10001408231000208,0.0,False,False,burst-assisted,10,nonpaper diagnostic,19,cue,2,
8,0.3393001302083334,1606,True,1.0001408231000364,0.9001267407900327,0.10001408231000364,0.0,False,False,burst-assisted,10,nonpaper diagnostic,19,cue,2,
46,0.39485568576388896,1607,True,1.0001408231000364,0.9001267407900327,0.10001408231000364,0.0,False,False,burst-assisted,10,nonpaper diagnostic,19,cue,2,
87,0.4499999999999904,1608,True,1.0001408231000364,0.9001267407900327,0.10001408231000364,0.0,False,False,burst-assisted,10,nonpaper diagnostic,19,cue,2,
17,0.5059667968749892,1609,True,1.0001408231000053,0.9001267407900048,0.10001408231000053,0.0,False,False,burst-assisted,10,nonpaper diagnostic,19,cue,2,
84,0.004999999999999893,1610,True,1.0001408231000364,1.0001408231000364,0.0,0.0,True,False,predicted-supported,10,nonpaper diagnostic,19,cue,3,
10,0.061522352430555705,1611,True,1.0001408231000364,1.0001408231000364,0.0,0.0,True,False,predicted-supported,10,nonpaper diagnostic,19,cue,3,
58,0.11707790798611128,1612,True,1.0001408231000364,1.0001408231000364,0.0,0.0,True,False,predicted-supported,10,nonpaper diagnostic,19,cue,3,
83,0.17263346354166664,1613,True,1.0001408231000193,1.0001408231000193,0.0,0.0,True,False,predicted-supported,10,nonpaper diagnostic,19,cue,3,
35,0.22818901909722222,1614,True,1.0001408231000193,1.0001408231000193,0.0,0.0,True,False,predicted-supported,10,nonpaper diagnostic,19,cue,3,
52,0.2837445746527778,1615,True,1.0001408231000193,1.0001408231000193,0.0,0.0,True,False,predicted-supported,10,nonpaper diagnostic,19,cue,3,
70,0.3393001302083334,1616,True,1.0001408231000364,1.0001408231000364,0.0,0.0,True,False,predicted-supported,10,nonpaper diagnostic,19,cue,3,
90,0.39485568576388896,1617,True,1.0001408231000364,1.0001408231000364,0.0,0.0,True,False,predicted-supported,10,nonpaper diagnostic,19,cue,3,
32,0.4499999999999904,1618,True,1.0001408231000364,1.0001408231000364,0.0,0.0,True,False,predicted-supported,10,nonpaper diagnostic,19,cue,3,
40,0.5059667968749892,1619,True,1.0001408231000053,1.0001408231000053,0.0,0.0,True,False,predicted-supported,10,nonpaper diagnostic,19,cue,3,
13,0.004999999999999893,1620,True,1.0001408231000364,1.0001408231000364,0.0,0.0,True,False,predicted-supported,10,nonpaper diagnostic,19,cue,4,
85,0.061522352430555705,1621,True,1.0001408231000364,1.0001408231000364,0.0,0.0,True,False,predicted-supported,10,nonpaper diagnostic,19,cue,4,
50,0.11707790798611128,1622,True,1.0001408231000364,1.0001408231000364,0.0,0.0,True,False,predicted-supported,10,nonpaper diagnostic,19,cue,4,
86,0.17263346354166664,1623,True,1.0001408231000193,1.0001408231000193,0.0,0.0,True,False,predicted-supported,10,nonpaper diagnostic,19,cue,4,
59,0.22818901909722222,1624,True,1.0001408231000193,1.0001408231000193,0.0,0.0,True,False,predicted-supported,10,nonpaper diagnostic,19,cue,4,
95,0.2837445746527778,1625,True,1.0001408231000193,1.0001408231000193,0.0,0.0,True,False,predicted-supported,10,nonpaper diagnostic,19,cue,4,
15,0.3393001302083334,1626,True,1.0001408231000364,1.0001408231000364,0.0,0.0,True,False,predicted-supported,10,nonpaper diagnostic,19,cue,4,
83,0.39485568576388896,1627,True,1.0001408231000364,1.0001408231000364,0.0,0.0,True,False,predicted-supported,10,nonpaper diagnostic,19,cue,4,
56,0.4499999999999904,1628,True,1.0001408231000364,1.0001408231000364,0.0,0.0,True,False,predicted-supported,10,nonpaper diagnostic,19,cue,4,
1,0.5059667968749892,1629,True,1.0001408231000053,1.0001408231000053,0.0,0.0,True,False,predicted-supported,10,nonpaper diagnostic,19,cue,4,
78,0.004999999999999893,1630,True,1.0001408231000364,1.0001408231000364,0.0,0.0,True,False,predicted-supported,10,nonpaper diagnostic,19,cue,5,
75,0.061522352430555705,1631,True,1.0001408231000364,1.0001408231000364,0.0,0.0,True,False,predicted-supported,10,nonpaper diagnostic,19,cue,5,
17,0.11707790798611128,1632,True,1.0001408231000364,1.0001408231000364,0.0,0.0,True,False,predicted-supported,10,nonpaper diagnostic,19,cue,5,
29,0.17263346354166664,1633,True,1.0001408231000193,1.0001408231000193,0.0,0.0,True,False,predicted-supported,10,nonpaper diagnostic,19,cue,5,
94,0.22818901909722222,1634,True,1.0001408231000193,1.0001408231000193,0.0,0.0,True,False,predicted-supported,10,nonpaper diagnostic,19,cue,5,
80,0.2837445746527778,1635,True,1.0001408231000193,1.0001408231000193,0.0,0.0,True,False,predicted-supported,10,nonpaper diagnostic,19,cue,5,
44,0.3393001302083334,1636,True,1.0001408231000364,1.0001408231000364,0.0,0.0,True,False,predicted-supported,10,nonpaper diagnostic,19,cue,5,
23,0.39485568576388896,1637,True,1.0001408231000364,1.0001408231000364,0.0,0.0,True,False,predicted-supported,10,nonpaper diagnostic,19,cue,5,
40,0.4499999999999904,1638,True,1.0001408231000364,1.0001408231000364,0.0,0.0,True,False,predicted-supported,10,nonpaper diagnostic,19,cue,5,
77,0.5059667968749892,1639,True,1.0001408231000053,1.0001408231000053,0.0,0.0,True,False,predicted-supported,10,nonpaper diagnostic,19,cue,5,
45,0.004999999999999893,1640,True,1.0001408231000364,1.0001408231000364,0.0,0.0,True,False,predicted-supported,10,nonpaper diagnostic,19,suffix,1,True
81,0.061522352430555705,1641,True,1.0001408231000364,1.0001408231000364,0.0,0.0,True,False,predicted-supported,10,nonpaper diagnostic,19,suffix,1,True
79,0.11707790798611128,1642,True,1.0001408231000364,1.0001408231000364,0.0,0.0,True,False,predicted-supported,10,nonpaper diagnostic,19,suffix,1,True
6,0.17263346354166664,1643,True,1.0001408231000193,1.0001408231000193,0.0,0.0,True,False,predicted-supported,10,nonpaper diagnostic,19,suffix,1,True
29,0.22818901909722222,1644,True,1.0001408231000193,1.0001408231000193,0.0,0.0,True,False,predicted-supported,10,nonpaper diagnostic,19,suffix,1,True
34,0.2837445746527778,1645,True,1.0001408231000193,1.0001408231000193,0.0,0.0,True,False,predicted-supported,10,nonpaper diagnostic,19,suffix,1,True
85,0.3393001302083334,1646,True,1.0001408231000364,1.0001408231000364,0.0,0.0,True,False,predicted-supported,10,nonpaper diagnostic,19,suffix,1,True
38,0.39485568576388896,1647,True,1.0001408231000364,1.0001408231000364,0.0,0.0,True,False,predicted-supported,10,nonpaper diagnostic,19,suffix,1,True
43,0.4499999999999904,1648,True,1.0001408231000364,1.0001408231000364,0.0,0.0,True,False,predicted-supported,10,nonpaper diagnostic,19,suffix,1,True
27,0.5059667968749892,1649,True,1.0001408231000053,1.0001408231000053,0.0,0.0,True,False,predicted-supported,10,nonpaper diagnostic,19,suffix,1,True
9,0.011798095703124956,1650,True,1.0000619626736396,1.0000619626736396,0.0,0.0,True,False,predicted-supported,10,nonpaper diagnostic,19,suffix,2,True
10,0.06735365125868054,1651,True,1.0000619626736396,1.0000619626736396,0.0,0.0,True,False,predicted-supported,10,nonpaper diagnostic,19,suffix,2,True
11,0.12290920681423612,1652,True,1.0000619626736396,1.0000619626736396,0.0,0.0,True,False,predicted-supported,10,nonpaper diagnostic,19,suffix,2,True
81,0.17846476236979147,1653,True,1.0000619626736258,1.0000619626736258,0.0,0.0,True,False,predicted-supported,10,nonpaper diagnostic,19,suffix,2,True
14,0.23402031792534705,1654,True,1.0000619626736258,1.0000619626736258,0.0,0.0,True,False,predicted-supported,10,nonpaper diagnostic,19,suffix,2,True
32,0.28957587348090263,1655,True,1.0000619626736258,1.0000619626736258,0.0,0.0,True,False,predicted-supported,10,nonpaper diagnostic,19,suffix,2,True
53,0.34499999999999265,1656,True,1.0000619626736396,1.0000619626736396,0.0,0.0,True,False,predicted-supported,10,nonpaper diagnostic,19,suffix,2,True
93,0.3999999999999915,1657,True,1.0000619626736396,1.0000619626736396,0.0,0.0,True,False,predicted-supported,10,nonpaper diagnostic,19,suffix,2,True
42,0.4549999999999903,1658,True,1.0000619626736396,1.0000619626736396,0.0,0.0,True,False,predicted-supported,10,nonpaper diagnostic,19,suffix,2,True
49,0.5117980957031143,1659,True,1.000061962673635,1.000061962673635,0.0,0.0,True,False,predicted-supported,10,nonpaper diagnostic,19,suffix,2,True
87,0.23862494574651794,693,True,1.0000609910292761,1.0000609910292761,0.0,0.0,True,False,predicted-supported,10,nonpaper diagnostic,19,suffix,3,True
9,0.34976535373262907,695,True,1.000086476713752,1.000086476713752,0.0,0.0,True,False,predicted-supported,10,nonpaper diagnostic,19,suffix,3,True
61,0.40499999999999137,696,True,1.0000300411405267,1.0000300411405267,0.0,0.0,True,False,predicted-supported,10,nonpaper diagnostic,19,suffix,3,True
13,0.4599999999999902,697,True,1.0000537568858197,1.0000537568858197,0.0,0.0,True,False,predicted-supported,10,nonpaper diagnostic,19,suffix,3,True
3,0.51641370985241,698,True,1.0000537568857861,1.0000537568857861,0.0,0.0,True,False,predicted-supported,10,nonpaper diagnostic,19,suffix,3,True
99,0.09499999999999797,332,False,0.9999844920192857,0.9999844920192857,0.0,0.0,True,False,predicted-supported,4,nonpaper diagnostic,19,suffix,3,True
78,0.15855862087672534,333,False,0.9999805859582623,0.9999805859582623,0.0,0.0,True,False,predicted-supported,4,nonpaper diagnostic,19,suffix,3,True
14,0.2577498372395748,385,False,0.9999859584729123,0.9999859584729123,0.0,0.0,True,False,predicted-supported,3,nonpaper diagnostic,19,suffix,3,True
4,0.027932264539920926,699,True,1.0000159939718143,1.0000159939718143,0.0,0.0,True,False,predicted-supported,5,nonpaper diagnostic,19,suffix,4,True
97,0.0834878200954765,700,True,1.0000159939718143,1.0000159939718143,0.0,0.0,True,False,predicted-supported,5,nonpaper diagnostic,19,suffix,4,True
70,0.1390433756510321,701,True,1.0000159939718143,1.0000159939718143,0.0,0.0,True,False,predicted-supported,5,nonpaper diagnostic,19,suffix,4,True
78,0.19459893120658767,702,True,1.000015993971823,1.000015993971823,0.0,0.0,True,False,predicted-supported,5,nonpaper diagnostic,19,suffix,4,True
65,0.24999999999999467,703,True,1.000015993971823,1.000015993971823,0.0,0.0,True,False,predicted-supported,5,nonpaper diagnostic,19,suffix,4,True
72,0.3049999999999935,704,True,1.000015993971823,1.000015993971823,0.0,0.0,True,False,predicted-supported,5,nonpaper diagnostic,19,suffix,4,True
61,0.3599999999999923,705,True,1.0000159939718143,1.0000159939718143,0.0,0.0,True,False,predicted-supported,5,nonpaper diagnostic,19,suffix,4,True
18,0.41682115342880977,706,True,1.0000159939718143,1.0000159939718143,0.0,0.0,True,False,predicted-supported,5,nonpaper diagnostic,19,suffix,4,True
24,0.47237670898436535,707,True,1.0000159939718143,1.0000159939718143,0.0,0.0,True,False,predicted-supported,5,nonpaper diagnostic,19,suffix,4,True
23,0.5279322645399096,708,True,1.000015993971775,1.000015993971775,0.0,0.0,True,False,predicted-supported,5,nonpaper diagnostic,19,suffix,4,True
5,0.004999999999999893,1660,True,1.0001408231000364,0.0,1.0001408231000364,0.0,False,True,burst-only,10,nonpaper diagnostic,20,cue,1,
76,0.061522352430555705,1661,True,1.0001408231000364,0.0,1.0001408231000364,0.0,False,True,burst-only,10,nonpaper diagnostic,20,cue,1,
50,0.11707790798611128,1662,True,1.0001408231000364,0.0,1.0001408231000364,0.0,False,True,burst-only,10,nonpaper diagnostic,20,cue,1,
57,0.17263346354166664,1663,True,1.0001408231000193,0.0,1.0001408231000193,0.0,False,True,burst-only,10,nonpaper diagnostic,20,cue,1,
83,0.22818901909722222,1664,True,1.0001408231000193,0.0,1.0001408231000193,0.0,False,True,burst-only,10,nonpaper diagnostic,20,cue,1,
94,0.2837445746527778,1665,True,1.0001408231000193,0.0,1.0001408231000193,0.0,False,True,burst-only,10,nonpaper diagnostic,20,cue,1,
78,0.3393001302083334,1666,True,1.0001408231000364,0.0,1.0001408231000364,0.0,False,True,burst-only,10,nonpaper diagnostic,20,cue,1,
20,0.39485568576388896,1667,True,1.0001408231000364,0.0,1.0001408231000364,0.0,False,True,burst-only,10,nonpaper diagnostic,20,cue,1,
79,0.4499999999999904,1668,True,1.0001408231000364,0.0,1.0001408231000364,0.0,False,True,burst-only,10,nonpaper diagnostic,20,cue,1,
1,0.5059667968749892,1669,True,1.0001408231000053,0.0,1.0001408231000053,0.0,False,True,burst-only,10,nonpaper diagnostic,20,cue,1,
14,0.41710300021701396,385,False,0.9999844920193582,0.0,0.9999844920193582,0.0,False,True,burst-only,3,nonpaper diagnostic,20,cue,1,
60,0.004999999999999893,1670,True,1.0001408231000364,1.0001408231000364,0.0,0.0,True,False,predicted-supported,10,nonpaper diagnostic,20,cue,2,
67,0.061522352430555705,1671,True,1.0001408231000364,1.0001408231000364,0.0,0.0,True,False,predicted-supported,10,nonpaper diagnostic,20,cue,2,
40,0.11707790798611128,1672,True,1.0001408231000364,1.0001408231000364,0.0,0.0,True,False,predicted-supported,10,nonpaper diagnostic,20,cue,2,
13,0.17263346354166664,1673,True,1.0001408231000193,1.0001408231000193,0.0,0.0,True,False,predicted-supported,10,nonpaper diagnostic,20,cue,2,
53,0.2837445746527778,1674,True,1.0001408231000193,1.0001408231000193,0.0,0.0,True,False,predicted-supported,10,nonpaper diagnostic,20,cue,2,
79,0.3393001302083334,1675,True,1.0001408231000364,1.0001408231000364,0.0,0.0,True,False,predicted-supported,10,nonpaper diagnostic,20,cue,2,
33,0.4499999999999904,1676,True,1.0001408231000364,1.0001408231000364,0.0,0.0,True,False,predicted-supported,10,nonpaper diagnostic,20,cue,2,
16,0.5059667968749892,1677,True,1.0001408231000053,1.0001408231000053,0.0,0.0,True,False,predicted-supported,10,nonpaper diagnostic,20,cue,2,
1,0.004999999999999893,1678,True,1.0001408231000364,0.8001126584800291,0.20002816462000728,0.0,False,False,burst-assisted,10,nonpaper diagnostic,20,cue,3,
92,0.061522352430555705,1679,True,1.0001408231000364,0.8001126584800291,0.20002816462000728,0.0,False,False,burst-assisted,10,nonpaper diagnostic,20,cue,3,
26,0.11707790798611128,1680,True,1.0001408231000364,0.8001126584800291,0.20002816462000728,0.0,False,False,burst-assisted,10,nonpaper diagnostic,20,cue,3,
78,0.17263346354166664,1681,True,1.0001408231000193,0.8001126584800151,0.20002816462000417,0.0,False,False,burst-assisted,10,nonpaper diagnostic,20,cue,3,
19,0.22818901909722222,1682,True,1.0001408231000193,0.8001126584800151,0.20002816462000417,0.0,False,False,burst-assisted,10,nonpaper diagnostic,20,cue,3,
37,0.2837445746527778,1683,True,1.0001408231000193,0.8001126584800151,0.20002816462000417,0.0,False,False,burst-assisted,10,nonpaper diagnostic,20,cue,3,
80,0.3393001302083334,1684,True,1.0001408231000364,0.8001126584800291,0.20002816462000728,0.0,False,False,burst-assisted,10,nonpaper diagnostic,20,cue,3,
48,0.39485568576388896,1685,True,1.0001408231000364,0.8001126584800291,0.20002816462000728,0.0,False,False,burst-assisted,10,nonpaper diagnostic,20,cue,3,
69,0.4499999999999904,1686,True,1.0001408231000364,0.8001126584800291,0.20002816462000728,0.0,False,False,burst-assisted,10,nonpaper diagnostic,20,cue,3,
95,0.5059667968749892,1687,True,1.0001408231000053,0.8001126584800042,0.20002816462000106,0.0,False,False,burst-assisted,10,nonpaper diagnostic,20,cue,3,
38,0.004999999999999893,1688,True,1.0001408231000364,1.0001408231000364,0.0,0.0,True,False,predicted-supported,10,nonpaper diagnostic,20,cue,4,
43,0.061522352430555705,1689,True,1.0001408231000364,1.0001408231000364,0.0,0.0,True,False,predicted-supported,10,nonpaper diagnostic,20,cue,4,
96,0.11707790798611128,1690,True,1.0001408231000364,1.0001408231000364,0.0,0.0,True,False,predicted-supported,10,nonpaper diagnostic,20,cue,4,
50,0.17263346354166664,1691,True,1.0001408231000193,1.0001408231000193,0.0,0.0,True,False,predicted-supported,10,nonpaper diagnostic,20,cue,4,
71,0.22818901909722222,1692,True,1.0001408231000193,1.0001408231000193,0.0,0.0,True,False,predicted-supported,10,nonpaper diagnostic,20,cue,4,
85,0.2837445746527778,1693,True,1.0001408231000193,1.0001408231000193,0.0,0.0,True,False,predicted-supported,10,nonpaper diagnostic,20,cue,4,
11,0.3393001302083334,1694,True,1.0001408231000364,1.0001408231000364,0.0,0.0,True,False,predicted-supported,10,nonpaper diagnostic,20,cue,4,
32,0.39485568576388896,1695,True,1.0001408231000364,1.0001408231000364,0.0,0.0,True,False,predicted-supported,10,nonpaper diagnostic,20,cue,4,
24,0.4499999999999904,1696,True,1.0001408231000364,1.0001408231000364,0.0,0.0,True,False,predicted-supported,10,nonpaper diagnostic,20,cue,4,
25,0.5059667968749892,1697,True,1.0001408231000053,1.0001408231000053,0.0,0.0,True,False,predicted-supported,10,nonpaper diagnostic,20,cue,4,
48,0.004999999999999893,1698,True,1.0001408231000364,1.0001408231000364,0.0,0.0,True,False,predicted-supported,10,nonpaper diagnostic,20,cue,5,
93,0.061522352430555705,1699,True,1.0001408231000364,1.0001408231000364,0.0,0.0,True,False,predicted-supported,10,nonpaper diagnostic,20,cue,5,
14,0.11707790798611128,1700,True,1.0001408231000364,1.0001408231000364,0.0,0.0,True,False,predicted-supported,10,nonpaper diagnostic,20,cue,5,
42,0.17263346354166664,1701,True,1.0001408231000193,1.0001408231000193,0.0,0.0,True,False,predicted-supported,10,nonpaper diagnostic,20,cue,5,
39,0.22818901909722222,1702,True,1.0001408231000193,1.0001408231000193,0.0,0.0,True,False,predicted-supported,10,nonpaper diagnostic,20,cue,5,
35,0.2837445746527778,1703,True,1.0001408231000193,1.0001408231000193,0.0,0.0,True,False,predicted-supported,10,nonpaper diagnostic,20,cue,5,
72,0.3393001302083334,1704,True,1.0001408231000364,1.0001408231000364,0.0,0.0,True,False,predicted-supported,10,nonpaper diagnostic,20,cue,5,
60,0.39485568576388896,1705,True,1.0001408231000364,1.0001408231000364,0.0,0.0,True,False,predicted-supported,10,nonpaper diagnostic,20,cue,5,
92,0.4499999999999904,1706,True,1.0001408231000364,1.0001408231000364,0.0,0.0,True,False,predicted-supported,10,nonpaper diagnostic,20,cue,5,
81,0.5059667968749892,1707,True,1.0001408231000053,1.0001408231000053,0.0,0.0,True,False,predicted-supported,10,nonpaper diagnostic,20,cue,5,
42,0.004999999999999893,1708,True,1.0001408231000364,1.0001408231000364,0.0,0.0,True,False,predicted-supported,10,nonpaper diagnostic,20,suffix,1,True
57,0.061522352430555705,1709,True,1.0001408231000364,1.0001408231000364,0.0,0.0,True,False,predicted-supported,10,nonpaper diagnostic,20,suffix,1,True
48,0.11707790798611128,1710,True,1.0001408231000364,1.0001408231000364,0.0,0.0,True,False,predicted-supported,10,nonpaper diagnostic,20,suffix,1,True
11,0.17263346354166664,1711,True,1.0001408231000193,1.0001408231000193,0.0,0.0,True,False,predicted-supported,10,nonpaper diagnostic,20,suffix,1,True
13,0.22818901909722222,1712,True,1.0001408231000193,1.0001408231000193,0.0,0.0,True,False,predicted-supported,10,nonpaper diagnostic,20,suffix,1,True
18,0.2837445746527778,1713,True,1.0001408231000193,1.0001408231000193,0.0,0.0,True,False,predicted-supported,10,nonpaper diagnostic,20,suffix,1,True
79,0.3393001302083334,1714,True,1.0001408231000364,1.0001408231000364,0.0,0.0,True,False,predicted-supported,10,nonpaper diagnostic,20,suffix,1,True
12,0.39485568576388896,1715,True,1.0001408231000364,1.0001408231000364,0.0,0.0,True,False,predicted-supported,10,nonpaper diagnostic,20,suffix,1,True
16,0.4499999999999904,1716,True,1.0001408231000364,1.0001408231000364,0.0,0.0,True,False,predicted-supported,10,nonpaper diagnostic,20,suffix,1,True
86,0.5059667968749892,1717,True,1.0001408231000053,1.0001408231000053,0.0,0.0,True,False,predicted-supported,10,nonpaper diagnostic,20,suffix,1,True
9,0.011798095703124956,1718,True,1.0000619626736396,1.0000619626736396,0.0,0.0,True,False,predicted-supported,10,nonpaper diagnostic,20,suffix,2,True
10,0.06735365125868054,1719,True,1.0000619626736396,1.0000619626736396,0.0,0.0,True,False,predicted-supported,10,nonpaper diagnostic,20,suffix,2,True
11,0.12290920681423612,1720,True,1.0000619626736396,1.0000619626736396,0.0,0.0,True,False,predicted-supported,10,nonpaper diagnostic,20,suffix,2,True
81,0.17846476236979147,1721,True,1.0000619626736258,1.0000619626736258,0.0,0.0,True,False,predicted-supported,10,nonpaper diagnostic,20,suffix,2,True
14,0.23402031792534705,1722,True,1.0000619626736258,1.0000619626736258,0.0,0.0,True,False,predicted-supported,10,nonpaper diagnostic,20,suffix,2,True
32,0.28957587348090263,1723,True,1.0000619626736258,1.0000619626736258,0.0,0.0,True,False,predicted-supported,10,nonpaper diagnostic,20,suffix,2,True
53,0.34499999999999265,1724,True,1.0000619626736396,1.0000619626736396,0.0,0.0,True,False,predicted-supported,10,nonpaper diagnostic,20,suffix,2,True
93,0.3999999999999915,1725,True,1.0000619626736396,1.0000619626736396,0.0,0.0,True,False,predicted-supported,10,nonpaper diagnostic,20,suffix,2,True
42,0.4549999999999903,1726,True,1.0000619626736396,1.0000619626736396,0.0,0.0,True,False,predicted-supported,10,nonpaper diagnostic,20,suffix,2,True
49,0.5117980957031143,1727,True,1.000061962673635,1.000061962673635,0.0,0.0,True,False,predicted-supported,10,nonpaper diagnostic,20,suffix,2,True
18,0.07203152126735146,382,True,1.0000930383550797,1.0000930383550797,0.0,0.0,True,False,predicted-supported,10,nonpaper diagnostic,20,suffix,3,True
80,0.1830962456597125,384,True,1.0000130017960485,1.0000130017960485,0.0,0.0,True,False,predicted-supported,10,nonpaper diagnostic,20,suffix,3,True
14,0.23846869574651808,385,True,1.0000616292535653,1.0000616292535653,0.0,0.0,True,False,predicted-supported,10,nonpaper diagnostic,20,suffix,3,True
57,0.2941988118489487,386,True,1.000107686494151,1.000107686494151,0.0,0.0,True,False,predicted-supported,10,nonpaper diagnostic,20,suffix,3,True
83,0.4599999999999902,389,True,1.0000930383550797,1.0000930383550797,0.0,0.0,True,False,predicted-supported,10,nonpaper diagnostic,20,suffix,3,True
81,0.5163404676649102,390,True,1.0000260890848147,1.0000260890848147,0.0,0.0,True,False,predicted-supported,10,nonpaper diagnostic,20,suffix,3,True
47,0.029165174696170748,391,False,0.9999858138821922,0.9999858138821922,0.0,0.0,True,False,predicted-supported,6,nonpaper diagnostic,20,suffix,4,True
9,0.08472073025172633,392,False,0.9999858138821922,0.9999858138821922,0.0,0.0,True,False,predicted-supported,6,nonpaper diagnostic,20,suffix,4,True
87,0.13999999999999702,393,False,0.9999858138821922,0.9999858138821922,0.0,0.0,True,False,predicted-supported,6,nonpaper diagnostic,20,suffix,4,True
25,0.19499999999999584,394,False,0.9999858138821974,0.9999858138821974,0.0,0.0,True,False,predicted-supported,6,nonpaper diagnostic,20,suffix,4,True
60,0.24999999999999467,395,False,0.9999858138821974,0.9999858138821974,0.0,0.0,True,False,predicted-supported,6,nonpaper diagnostic,20,suffix,4,True
32,0.19465996636283744,1731,True,0.9999950890256526,0.9999950890256526,0.0,0.0,True,False,predicted-supported,6,nonpaper diagnostic,20,suffix,4,True
22,0.362498508029504,397,False,0.9999858138821922,0.9999858138821922,0.0,0.0,True,False,predicted-supported,6,nonpaper diagnostic,20,suffix,4,True
91,0.4180540635850596,398,False,0.9999858138821922,0.9999858138821922,0.0,0.0,True,False,predicted-supported,6,nonpaper diagnostic,20,suffix,4,True
1,0.47360961914061517,399,False,0.9999858138821922,0.9999858138821922,0.0,0.0,True,False,predicted-supported,6,nonpaper diagnostic,20,suffix,4,True
96,0.24999999999999467,1732,True,0.9999950890256526,0.9999950890256526,0.0,0.0,True,False,predicted-supported,6,nonpaper diagnostic,20,suffix,4,True
54,0.027993299696170704,1728,True,0.9999950890256463,0.9999950890256463,0.0,0.0,True,False,predicted-supported,6,nonpaper diagnostic,20,suffix,4,True
92,0.08354885525172628,1729,True,0.9999950890256463,0.9999950890256463,0.0,0.0,True,False,predicted-supported,6,nonpaper diagnostic,20,suffix,4,True
61,0.13910441080728186,1730,True,0.9999950890256463,0.9999950890256463,0.0,0.0,True,False,predicted-supported,6,nonpaper diagnostic,20,suffix,4,True
31,0.3049999999999935,1733,True,0.9999950890256526,0.9999950890256526,0.0,0.0,True,False,predicted-supported,6,nonpaper diagnostic,20,suffix,4,True
5,0.3599999999999923,1734,True,0.9999950890256463,0.9999950890256463,0.0,0.0,True,False,predicted-supported,6,nonpaper diagnostic,20,suffix,4,True
66,0.41688218858505954,1735,True,0.9999950890256463,0.9999950890256463,0.0,0.0,True,False,predicted-supported,6,nonpaper diagnostic,20,suffix,4,True
12,0.4724377441406151,1736,True,0.9999950890256463,0.9999950890256463,0.0,0.0,True,False,predicted-supported,6,nonpaper diagnostic,20,suffix,4,True
59,0.5279932996961596,1737,True,0.999995089025618,0.999995089025618,0.0,0.0,True,False,predicted-supported,6,nonpaper diagnostic,20,suffix,4,True
