input_index,input_timestamp,target_timestamp,target,prediction
12194,2017-11-21 02:00:00,2017-11-21 03:00:00,4.8540000915527335,6.07277032491323
12195,2017-11-21 03:00:00,2017-11-21 04:00:00,4.501999855041504,4.823198602006241
12196,2017-11-21 04:00:00,2017-11-21 05:00:00,4.64300012588501,9.24876512063516
12197,2017-11-21 05:00:00,2017-11-21 06:00:00,4.501999855041504,14.351182989172031
12198,2017-11-21 06:00:00,2017-11-21 07:00:00,4.150000095367432,13.93465908153637
12199,2017-11-21 07:00:00,2017-11-21 08:00:00,4.361999988555908,24.139494818610114
12200,2017-11-21 08:00:00,2017-11-21 09:00:00,4.290999889373778,8.858273957226727
12201,2017-11-21 09:00:00,2017-11-21 10:00:00,4.361999988555908,16.485868015804805
12202,2017-11-21 10:00:00,2017-11-21 11:00:00,4.290999889373778,22.629595653430833
12203,2017-11-21 11:00:00,2017-11-21 12:00:00,4.572999954223633,8.415717305363835
12204,2017-11-21 12:00:00,2017-11-21 13:00:00,4.8540000915527335,11.695843077994681
12205,2017-11-21 13:00:00,2017-11-21 14:00:00,4.7129998207092285,5.500049951914193
12206,2017-11-21 14:00:00,2017-11-21 15:00:00,4.7129998207092285,11.695843077994681
12207,2017-11-21 15:00:00,2017-11-21 16:00:00,4.994999885559082,5.291787998096361
12208,2017-11-21 16:00:00,2017-11-21 17:00:00,5.065000057220459,4.875264090460699
12209,2017-11-21 17:00:00,2017-11-21 18:00:00,4.994999885559082,14.66357591989878
12210,2017-11-21 18:00:00,2017-11-21 19:00:00,5.135000228881836,16.64206448116818
12211,2017-11-21 19:00:00,2017-11-21 20:00:00,5.276000022888184,5.291787998096361
12212,2017-11-21 20:00:00,2017-11-21 21:00:00,5.9790000915527335,5.291787998096361
12213,2017-11-21 21:00:00,2017-11-21 22:00:00,6.050000190734862,12.841283823992754
12214,2017-11-21 22:00:00,2017-11-21 23:00:00,6.050000190734862,15.1321653159889
12215,2017-11-21 23:00:00,2017-11-22 00:00:00,5.9790000915527335,12.737152847083838
12216,2017-11-22 00:00:00,2017-11-22 01:00:00,5.627999782562256,6.80168716327564
12217,2017-11-22 01:00:00,2017-11-22 02:00:00,5.627999782562256,11.314029495995323
12218,2017-11-22 02:00:00,2017-11-22 03:00:00,5.839000225067139,15.080099827534443
12219,2017-11-22 03:00:00,2017-11-22 04:00:00,5.697999954223633,15.106132571761671
12220,2017-11-22 04:00:00,2017-11-22 05:00:00,5.486999988555908,16.277606061986972
12221,2017-11-22 05:00:00,2017-11-22 06:00:00,5.3460001945495605,12.94541480090167
12222,2017-11-22 06:00:00,2017-11-22 07:00:00,5.276000022888184,21.48415490743276
12223,2017-11-22 07:00:00,2017-11-22 08:00:00,5.205999851226807,6.80168716327564
12224,2017-11-22 08:00:00,2017-11-22 09:00:00,5.416999816894531,9.387606423180381
12225,2017-11-22 09:00:00,2017-11-22 10:00:00,5.276000022888184,18.04783266943854
12226,2017-11-22 10:00:00,2017-11-22 11:00:00,5.697999954223633,7.114080094002387
12227,2017-11-22 11:00:00,2017-11-22 12:00:00,5.697999954223633,5.916573859549856
12228,2017-11-22 12:00:00,2017-11-22 13:00:00,7.315999984741211,25.05064086656313
12229,2017-11-22 13:00:00,2017-11-22 14:00:00,6.752999782562256,7.426473024729135
12230,2017-11-22 14:00:00,2017-11-22 15:00:00,6.752999782562256,16.694129969622637
12231,2017-11-22 15:00:00,2017-11-22 16:00:00,6.752999782562256,23.46264346870216
12232,2017-11-22 16:00:00,2017-11-22 17:00:00,6.683000087738037,17.449079552212275
12233,2017-11-22 17:00:00,2017-11-22 18:00:00,7.315999984741211,23.306447003338786
12234,2017-11-22 18:00:00,2017-11-22 19:00:00,6.964000225067139,16.09537685239637
12235,2017-11-22 19:00:00,2017-11-22 20:00:00,6.3309998512268075,6.645490697912266
12236,2017-11-22 20:00:00,2017-11-22 21:00:00,6.190999984741211,8.181422607318774
12237,2017-11-22 21:00:00,2017-11-22 22:00:00,6.119999885559082,6.645490697912266
12238,2017-11-22 22:00:00,2017-11-22 23:00:00,6.190999984741211,21.744482349705052
12239,2017-11-22 23:00:00,2017-11-23 00:00:00,5.3460001945495605,9.613223539816364
12240,2017-11-23 00:00:00,2017-11-23 01:00:00,5.3460001945495605,7.322342047820219
12241,2017-11-23 01:00:00,2017-11-23 02:00:00,5.627999782562256,5.6562464172775675
12242,2017-11-23 02:00:00,2017-11-23 03:00:00,5.065000057220459,7.322342047820219
12243,2017-11-23 03:00:00,2017-11-23 04:00:00,4.923999786376953,15.522656479397336
12244,2017-11-23 04:00:00,2017-11-23 05:00:00,5.3460001945495605,19.870124765344567
12245,2017-11-23 05:00:00,2017-11-23 06:00:00,4.432000160217285,16.329671550441432
12246,2017-11-23 06:00:00,2017-11-23 07:00:00,4.501999855041504,16.954457411894925
12247,2017-11-23 07:00:00,2017-11-23 08:00:00,4.8540000915527335,5.291787998096361
12248,2017-11-23 08:00:00,2017-11-23 09:00:00,4.7839999198913565,20.70317258061589
12249,2017-11-23 09:00:00,2017-11-23 10:00:00,4.994999885559082,17.449079552212275
12250,2017-11-23 10:00:00,2017-11-23 11:00:00,5.697999954223633,13.049545777810586
12251,2017-11-23 11:00:00,2017-11-23 12:00:00,5.557000160217285,12.893349312447214
12252,2017-11-23 12:00:00,2017-11-23 13:00:00,6.894000053405763,5.916573859549856
12253,2017-11-23 13:00:00,2017-11-23 14:00:00,7.245999813079834,6.957883628639014
12254,2017-11-23 14:00:00,2017-11-23 15:00:00,6.61299991607666,13.101611266265042
12255,2017-11-23 15:00:00,2017-11-23 16:00:00,7.0349998474121085,36.73934302458892
12256,2017-11-23 16:00:00,2017-11-23 17:00:00,7.315999984741211,21.432089418978304
12257,2017-11-23 17:00:00,2017-11-23 18:00:00,6.894000053405763,16.56396624848649
12258,2017-11-23 18:00:00,2017-11-23 19:00:00,6.190999984741211,6.80168716327564
12259,2017-11-23 19:00:00,2017-11-23 20:00:00,6.261000156402588,6.228966790276604
12260,2017-11-23 20:00:00,2017-11-23 21:00:00,6.261000156402588,7.114080094002387
12261,2017-11-23 21:00:00,2017-11-23 22:00:00,5.908999919891357,21.874646070841195
12262,2017-11-23 22:00:00,2017-11-23 23:00:00,5.908999919891357,16.954457411894925
12263,2017-11-23 23:00:00,2017-11-24 00:00:00,5.839000225067139,17.735439738711793
12264,2017-11-24 00:00:00,2017-11-24 01:00:00,5.3460001945495605,16.485868015804805
12265,2017-11-24 01:00:00,2017-11-24 02:00:00,5.908999919891357,17.266850342621673
12266,2017-11-24 02:00:00,2017-11-24 03:00:00,5.9790000915527335,12.060301497175885
12267,2017-11-24 03:00:00,2017-11-24 04:00:00,5.3460001945495605,16.694129969622637
12268,2017-11-24 04:00:00,2017-11-24 05:00:00,5.276000022888184,8.181422607318774
12269,2017-11-24 05:00:00,2017-11-24 06:00:00,4.994999885559082,11.018991728086728
12270,2017-11-24 06:00:00,2017-11-24 07:00:00,5.908999919891357,11.018991728086728
12271,2017-11-24 07:00:00,2017-11-24 08:00:00,5.908999919891357,18.04783266943854
12272,2017-11-24 08:00:00,2017-11-24 09:00:00,5.3460001945495605,6.07277032491323
12273,2017-11-24 09:00:00,2017-11-24 10:00:00,6.050000190734862,6.645490697912266
12274,2017-11-24 10:00:00,2017-11-24 11:00:00,6.261000156402588,7.114080094002387
12275,2017-11-24 11:00:00,2017-11-24 12:00:00,7.175000190734862,7.478538513183593
12276,2017-11-24 12:00:00,2017-11-24 13:00:00,7.809000015258789,7.114080094002387
12277,2017-11-24 13:00:00,2017-11-24 14:00:00,8.020000457763674,8.46778279381829
12278,2017-11-24 14:00:00,2017-11-24 15:00:00,8.51200008392334,8.181422607318774
12279,2017-11-24 15:00:00,2017-11-24 16:00:00,8.51200008392334,8.181422607318774
12280,2017-11-24 16:00:00,2017-11-24 17:00:00,7.879000186920166,8.181422607318774
12281,2017-11-24 17:00:00,2017-11-24 18:00:00,7.456999778747559,7.582669490092509
12282,2017-11-24 18:00:00,2017-11-24 19:00:00,7.668000221252441,8.28555358422769
12283,2017-11-24 19:00:00,2017-11-24 20:00:00,7.315999984741211,7.114080094002387
12284,2017-11-24 20:00:00,2017-11-24 21:00:00,6.964000225067139,8.28555358422769
12285,2017-11-24 21:00:00,2017-11-24 22:00:00,6.964000225067139,7.842996932364797
12286,2017-11-24 22:00:00,2017-11-24 23:00:00,6.964000225067139,6.957883628639014
12287,2017-11-24 23:00:00,2017-11-25 00:00:00,6.894000053405763,6.957883628639014
12288,2017-11-25 00:00:00,2017-11-25 01:00:00,6.752999782562256,9.821485493634196
12289,2017-11-25 01:00:00,2017-11-25 02:00:00,6.752999782562256,10.914860751177812
12290,2017-11-25 02:00:00,2017-11-25 03:00:00,6.61299991607666,33.87574115959374
12291,2017-11-25 03:00:00,2017-11-25 04:00:00,6.4720001220703125,6.645490697912266
12292,2017-11-25 04:00:00,2017-11-25 05:00:00,6.541999816894531,6.020704836458772
12293,2017-11-25 05:00:00,2017-11-25 06:00:00,6.050000190734862,16.64206448116818
12294,2017-11-25 06:00:00,2017-11-25 07:00:00,6.4720001220703125,5.916573859549856
12295,2017-11-25 07:00:00,2017-11-25 08:00:00,6.894000053405763,10.602467820451064
12296,2017-11-25 08:00:00,2017-11-25 09:00:00,7.0349998474121085,20.62507434793421
12297,2017-11-25 09:00:00,2017-11-25 10:00:00,6.752999782562256,10.914860751177812
12298,2017-11-25 10:00:00,2017-11-25 11:00:00,6.964000225067139,11.852039543358055
12299,2017-11-25 11:00:00,2017-11-25 12:00:00,7.105000019073486,13.023513033583358
12300,2017-11-25 12:00:00,2017-11-25 13:00:00,7.526999950408935,10.914860751177812
12301,2017-11-25 13:00:00,2017-11-25 14:00:00,7.668000221252441,8.181422607318774
12302,2017-11-25 14:00:00,2017-11-25 15:00:00,8.159999847412111,22.889923095703125
12303,2017-11-25 15:00:00,2017-11-25 16:00:00,8.159999847412111,7.582669490092509
12304,2017-11-25 16:00:00,2017-11-25 17:00:00,7.809000015258789,25.49319751842602
12305,2017-11-25 17:00:00,2017-11-25 18:00:00,7.597000122070312,22.056875280431797
12306,2017-11-25 18:00:00,2017-11-25 19:00:00,7.315999984741211,10.741309122996286
12307,2017-11-25 19:00:00,2017-11-25 20:00:00,7.456999778747559,10.914860751177812
12308,2017-11-25 20:00:00,2017-11-25 21:00:00,7.105000019073486,11.22725368190456
12309,2017-11-25 21:00:00,2017-11-25 22:00:00,7.456999778747559,10.290074889724316
12310,2017-11-25 22:00:00,2017-11-25 23:00:00,7.456999778747559,7.270276559365761
12311,2017-11-25 23:00:00,2017-11-26 00:00:00,7.245999813079834,7.322342047820219
12312,2017-11-26 00:00:00,2017-11-26 01:00:00,7.105000019073486,7.270276559365761
12313,2017-11-26 01:00:00,2017-11-26 02:00:00,7.526999950408935,13.032190614992432
12314,2017-11-26 02:00:00,2017-11-26 03:00:00,6.401999950408936,6.80168716327564
12315,2017-11-26 03:00:00,2017-11-26 04:00:00,7.668000221252441,18.516422065528662
12316,2017-11-26 04:00:00,2017-11-26 05:00:00,6.964000225067139,7.478538513183593
12317,2017-11-26 05:00:00,2017-11-26 06:00:00,6.61299991607666,9.821485493634196
12318,2017-11-26 06:00:00,2017-11-26 07:00:00,6.894000053405763,18.662205433201144
12319,2017-11-26 07:00:00,2017-11-26 08:00:00,7.526999950408935,7.322342047820219
12320,2017-11-26 08:00:00,2017-11-26 09:00:00,6.964000225067139,8.415717305363835
12321,2017-11-26 09:00:00,2017-11-26 10:00:00,7.668000221252441,17.943701692529626
12322,2017-11-26 10:00:00,2017-11-26 11:00:00,6.894000053405763,7.738865955455881
12323,2017-11-26 11:00:00,2017-11-26 12:00:00,7.809000015258789,5.916573859549856
12324,2017-11-26 12:00:00,2017-11-26 13:00:00,9.777999877929688,10.211976657042632
12325,2017-11-26 13:00:00,2017-11-26 14:00:00,9.98900032043457,11.539646612631305
12326,2017-11-26 14:00:00,2017-11-26 15:00:00,9.777999877929688,22.44736644384023
12327,2017-11-26 15:00:00,2017-11-26 16:00:00,9.425999641418457,19.0891424385277
12328,2017-11-26 16:00:00,2017-11-26 17:00:00,8.442000389099121,9.24876512063516
12329,2017-11-26 17:00:00,2017-11-26 18:00:00,7.105000019073486,8.077291630409858
12330,2017-11-26 18:00:00,2017-11-26 19:00:00,6.3309998512268075,7.999193397728171
12331,2017-11-26 19:00:00,2017-11-26 20:00:00,5.697999954223633,5.81244288264094
12332,2017-11-26 20:00:00,2017-11-26 21:00:00,5.276000022888184,16.694129969622637
12333,2017-11-26 21:00:00,2017-11-26 22:00:00,4.923999786376953,16.668097225395407
12334,2017-11-26 22:00:00,2017-11-26 23:00:00,4.64300012588501,17.318915831076133
12335,2017-11-26 23:00:00,2017-11-27 00:00:00,4.2210001945495605,17.631308761802877
12336,2017-11-27 00:00:00,2017-11-27 01:00:00,4.079999923706056,16.87635917921324
12337,2017-11-27 01:00:00,2017-11-27 02:00:00,3.7279999256134033,14.845805129489383
12338,2017-11-27 02:00:00,2017-11-27 03:00:00,3.7279999256134033,18.698651275119268
12339,2017-11-27 03:00:00,2017-11-27 04:00:00,3.5169999599456787,3.0009065061002156
12340,2017-11-27 04:00:00,2017-11-27 05:00:00,3.3059999942779537,14.455313966080947
12341,2017-11-27 05:00:00,2017-11-27 06:00:00,3.4470000267028813,23.098185049520957
12342,2017-11-27 06:00:00,2017-11-27 07:00:00,3.377000093460083,19.037076950073242
12343,2017-11-27 07:00:00,2017-11-27 08:00:00,3.7279999256134033,9.821485493634196
12344,2017-11-27 08:00:00,2017-11-27 09:00:00,4.010000228881837,17.266850342621673
12345,2017-11-27 09:00:00,2017-11-27 10:00:00,4.2210001945495605,24.347756772427946
12346,2017-11-27 10:00:00,2017-11-27 11:00:00,4.8540000915527335,16.87635917921324
12347,2017-11-27 11:00:00,2017-11-27 12:00:00,5.065000057220459,5.6041809288231095
12348,2017-11-27 12:00:00,2017-11-27 13:00:00,6.61299991607666,16.09537685239637
12349,2017-11-27 13:00:00,2017-11-27 14:00:00,6.541999816894531,7.660767722774195
12350,2017-11-27 14:00:00,2017-11-27 15:00:00,6.4720001220703125,24.920477145426982
12351,2017-11-27 15:00:00,2017-11-27 16:00:00,6.541999816894531,16.87635917921324
12352,2017-11-27 16:00:00,2017-11-27 17:00:00,7.456999778747559,8.51984828227275
12353,2017-11-27 17:00:00,2017-11-27 18:00:00,6.964000225067139,14.802417222444001
12354,2017-11-27 18:00:00,2017-11-27 19:00:00,6.683000087738037,7.660767722774195
12355,2017-11-27 19:00:00,2017-11-27 20:00:00,6.4720001220703125,19.0891424385277
12356,2017-11-27 20:00:00,2017-11-27 21:00:00,6.261000156402588,20.130452207616855
12357,2017-11-27 21:00:00,2017-11-27 22:00:00,6.401999950408936,15.1321653159889
12358,2017-11-27 22:00:00,2017-11-27 23:00:00,6.4720001220703125,18.620553042437578
12359,2017-11-27 23:00:00,2017-11-28 00:00:00,6.823999881744385,14.715641408353239
12360,2017-11-28 00:00:00,2017-11-28 01:00:00,7.386000156402588,6.957883628639014
12361,2017-11-28 01:00:00,2017-11-28 02:00:00,7.597000122070312,14.66357591989878
12362,2017-11-28 02:00:00,2017-11-28 03:00:00,7.809000015258789,14.351182989172031
12363,2017-11-28 03:00:00,2017-11-28 04:00:00,7.948999881744385,8.623979259181667
12364,2017-11-28 04:00:00,2017-11-28 05:00:00,7.668000221252441,7.973160653500942
12365,2017-11-28 05:00:00,2017-11-28 06:00:00,7.948999881744385,14.351182989172031
12366,2017-11-28 06:00:00,2017-11-28 07:00:00,8.230999946594237,7.973160653500942
12367,2017-11-28 07:00:00,2017-11-28 08:00:00,7.948999881744385,7.947127909273713
12368,2017-11-28 08:00:00,2017-11-28 09:00:00,7.315999984741211,8.858273957226727
12369,2017-11-28 09:00:00,2017-11-28 10:00:00,7.0349998474121085,16.485868015804805
12370,2017-11-28 10:00:00,2017-11-28 11:00:00,7.526999950408935,6.957883628639014
12371,2017-11-28 11:00:00,2017-11-28 12:00:00,7.456999778747559,8.415717305363835
12372,2017-11-28 12:00:00,2017-11-28 13:00:00,7.456999778747559,11.695843077994681
12373,2017-11-28 13:00:00,2017-11-28 14:00:00,8.020000457763674,17.9176689483024
12374,2017-11-28 14:00:00,2017-11-28 15:00:00,8.581999778747559,11.695843077994681
12375,2017-11-28 15:00:00,2017-11-28 16:00:00,9.21500015258789,20.494910626798063
12376,2017-11-28 16:00:00,2017-11-28 17:00:00,9.21500015258789,9.430994330225763
12377,2017-11-28 17:00:00,2017-11-28 18:00:00,8.51200008392334,14.66357591989878
12378,2017-11-28 18:00:00,2017-11-28 19:00:00,8.230999946594237,16.64206448116818
12379,2017-11-28 19:00:00,2017-11-28 20:00:00,7.809000015258789,5.291787998096361
12380,2017-11-28 20:00:00,2017-11-28 21:00:00,7.73799991607666,32.730300413595664
12381,2017-11-28 21:00:00,2017-11-28 22:00:00,8.090000152587889,7.035981861320701
12382,2017-11-28 22:00:00,2017-11-28 23:00:00,7.879000186920166,5.6562464172775675
12383,2017-11-28 23:00:00,2017-11-29 00:00:00,8.090000152587889,7.999193397728171
12384,2017-11-29 00:00:00,2017-11-29 01:00:00,7.456999778747559,7.426473024729135
12385,2017-11-29 01:00:00,2017-11-29 02:00:00,8.230999946594237,7.322342047820219
12386,2017-11-29 02:00:00,2017-11-29 03:00:00,7.809000015258789,11.097089960768415
12387,2017-11-29 03:00:00,2017-11-29 04:00:00,5.135000228881836,15.106132571761671
12388,2017-11-29 04:00:00,2017-11-29 05:00:00,5.205999851226807,5.6041809288231095
12389,2017-11-29 05:00:00,2017-11-29 06:00:00,4.923999786376953,12.94541480090167
12390,2017-11-29 06:00:00,2017-11-29 07:00:00,4.64300012588501,21.48415490743276
12391,2017-11-29 07:00:00,2017-11-29 08:00:00,4.8540000915527335,7.452505768956364
12392,2017-11-29 08:00:00,2017-11-29 09:00:00,4.64300012588501,5.291787998096361
12393,2017-11-29 09:00:00,2017-11-29 10:00:00,4.8540000915527335,18.04783266943854
12394,2017-11-29 10:00:00,2017-11-29 11:00:00,4.501999855041504,7.114080094002387
12395,2017-11-29 11:00:00,2017-11-29 12:00:00,4.8540000915527335,21.432089418978304
12396,2017-11-29 12:00:00,2017-11-29 13:00:00,4.572999954223633,27.54110673096803
12397,2017-11-29 13:00:00,2017-11-29 14:00:00,4.994999885559082,17.05858838880384
12398,2017-11-29 14:00:00,2017-11-29 15:00:00,4.7129998207092285,16.694129969622637
12399,2017-11-29 15:00:00,2017-11-29 16:00:00,4.923999786376953,23.46264346870216
12400,2017-11-29 16:00:00,2017-11-29 17:00:00,4.361999988555908,17.449079552212275
12401,2017-11-29 17:00:00,2017-11-29 18:00:00,4.150000095367432,23.306447003338786
12402,2017-11-29 18:00:00,2017-11-29 19:00:00,4.150000095367432,16.09537685239637
12403,2017-11-29 19:00:00,2017-11-29 20:00:00,4.079999923706056,21.53622039588722
12404,2017-11-29 20:00:00,2017-11-29 21:00:00,4.361999988555908,8.181422607318774
12405,2017-11-29 21:00:00,2017-11-29 22:00:00,3.938999891281128,23.540741701383844
12406,2017-11-29 22:00:00,2017-11-29 23:00:00,3.5169999599456787,21.744482349705052
12407,2017-11-29 23:00:00,2017-11-30 00:00:00,3.799000024795532,9.613223539816364
12408,2017-11-30 00:00:00,2017-11-30 01:00:00,3.588000059127808,7.322342047820219
12409,2017-11-30 01:00:00,2017-11-30 02:00:00,3.4470000267028813,15.522656479397336
12410,2017-11-30 02:00:00,2017-11-30 03:00:00,1.758999943733215,20.494910626798063
12411,2017-11-30 03:00:00,2017-11-30 04:00:00,1.618000030517578,15.522656479397336
12412,2017-11-30 04:00:00,2017-11-30 05:00:00,2.532000064849853,19.870124765344567
12413,2017-11-30 05:00:00,2017-11-30 06:00:00,2.74399995803833,16.329671550441432
12414,2017-11-30 06:00:00,2017-11-30 07:00:00,2.74399995803833,16.954457411894925
12415,2017-11-30 07:00:00,2017-11-30 08:00:00,2.813999891281128,4.3546092059161206
12416,2017-11-30 08:00:00,2017-11-30 09:00:00,2.74399995803833,20.70317258061589
12417,2017-11-30 09:00:00,2017-11-30 10:00:00,2.884000062942505,17.475112296439505
12418,2017-11-30 10:00:00,2017-11-30 11:00:00,2.9549999237060547,13.049545777810586
12419,2017-11-30 11:00:00,2017-11-30 12:00:00,2.884000062942505,12.893349312447214
12420,2017-11-30 12:00:00,2017-11-30 13:00:00,3.1659998893737797,25.90972142606168
12421,2017-11-30 13:00:00,2017-11-30 14:00:00,3.377000093460083,33.25095529814024
12422,2017-11-30 14:00:00,2017-11-30 15:00:00,3.5169999599456787,13.101611266265042
12423,2017-11-30 15:00:00,2017-11-30 16:00:00,3.4470000267028813,36.73934302458892
12424,2017-11-30 16:00:00,2017-11-30 17:00:00,3.7279999256134033,21.432089418978304
12425,2017-11-30 17:00:00,2017-11-30 18:00:00,4.2210001945495605,6.853752651730098
12426,2017-11-30 18:00:00,2017-11-30 19:00:00,3.588000059127808,21.53622039588722
12427,2017-11-30 19:00:00,2017-11-30 20:00:00,3.236000061035156,18.82881499625541
12428,2017-11-30 20:00:00,2017-11-30 21:00:00,3.377000093460083,16.64206448116818
12429,2017-11-30 21:00:00,2017-11-30 22:00:00,3.5169999599456787,21.874646070841195
12430,2017-11-30 22:00:00,2017-11-30 23:00:00,3.86899995803833,16.954457411894925
12431,2017-11-30 23:00:00,2017-12-01 00:00:00,3.5169999599456787,17.735439738711793
12432,2017-12-01 00:00:00,2017-12-01 01:00:00,3.095000028610228,16.485868015804805
12433,2017-12-01 01:00:00,2017-12-01 02:00:00,3.236000061035156,17.266850342621673
12434,2017-12-01 02:00:00,2017-12-01 03:00:00,2.74399995803833,12.060301497175885
12435,2017-12-01 03:00:00,2017-12-01 04:00:00,3.1659998893737797,16.694129969622637
12436,2017-12-01 04:00:00,2017-12-01 05:00:00,3.025000095367432,8.181422607318774
12437,2017-12-01 05:00:00,2017-12-01 06:00:00,3.588000059127808,11.018991728086728
12438,2017-12-01 06:00:00,2017-12-01 07:00:00,3.3059999942779537,11.018991728086728
12439,2017-12-01 07:00:00,2017-12-01 08:00:00,3.3059999942779537,18.04783266943854
12440,2017-12-01 08:00:00,2017-12-01 09:00:00,3.095000028610228,17.735439738711793
12441,2017-12-01 09:00:00,2017-12-01 10:00:00,3.095000028610228,18.256094623256374
12442,2017-12-01 10:00:00,2017-12-01 11:00:00,3.095000028610228,7.478538513183593
12443,2017-12-01 11:00:00,2017-12-01 12:00:00,3.799000024795532,19.505666346163363
12444,2017-12-01 12:00:00,2017-12-01 13:00:00,4.079999923706056,7.114080094002387
12445,2017-12-01 13:00:00,2017-12-01 14:00:00,4.290999889373778,11.826006799130825
12446,2017-12-01 14:00:00,2017-12-01 15:00:00,4.150000095367432,7.114080094002387
12447,2017-12-01 15:00:00,2017-12-01 16:00:00,4.290999889373778,10.107845680133716
12448,2017-12-01 16:00:00,2017-12-01 17:00:00,4.923999786376953,12.40740475353894
12449,2017-12-01 17:00:00,2017-12-01 18:00:00,4.7129998207092285,14.92390336217107
12450,2017-12-01 18:00:00,2017-12-01 19:00:00,4.923999786376953,19.505666346163363
12451,2017-12-01 19:00:00,2017-12-01 20:00:00,4.994999885559082,19.245338903891074
12452,2017-12-01 20:00:00,2017-12-01 21:00:00,4.150000095367432,18.932945973164326
12453,2017-12-01 21:00:00,2017-12-01 22:00:00,3.799000024795532,19.037076950073242
12454,2017-12-01 22:00:00,2017-12-01 23:00:00,4.2210001945495605,18.12593090212023
12455,2017-12-01 23:00:00,2017-12-02 00:00:00,3.799000024795532,12.806573498356448
12456,2017-12-02 00:00:00,2017-12-02 01:00:00,3.799000024795532,4.484772927052265
12457,2017-12-02 01:00:00,2017-12-02 02:00:00,3.6579999923706055,10.914860751177812
12458,2017-12-02 02:00:00,2017-12-02 03:00:00,3.6579999923706055,33.87574115959374
12459,2017-12-02 03:00:00,2017-12-02 04:00:00,3.938999891281128,21.48415490743276
12460,2017-12-02 04:00:00,2017-12-02 05:00:00,4.432000160217285,6.281032278731062
12461,2017-12-02 05:00:00,2017-12-02 06:00:00,4.290999889373778,16.64206448116818
12462,2017-12-02 06:00:00,2017-12-02 07:00:00,4.432000160217285,10.914860751177812
12463,2017-12-02 07:00:00,2017-12-02 08:00:00,4.290999889373778,10.602467820451064
12464,2017-12-02 08:00:00,2017-12-02 09:00:00,4.290999889373778,20.62507434793421
12465,2017-12-02 09:00:00,2017-12-02 10:00:00,4.501999855041504,10.914860751177812
12466,2017-12-02 10:00:00,2017-12-02 11:00:00,4.923999786376953,11.852039543358055
12467,2017-12-02 11:00:00,2017-12-02 12:00:00,5.908999919891357,13.023513033583358
12468,2017-12-02 12:00:00,2017-12-02 13:00:00,6.683000087738037,10.914860751177812
12469,2017-12-02 13:00:00,2017-12-02 14:00:00,7.245999813079834,20.130452207616855
12470,2017-12-02 14:00:00,2017-12-02 15:00:00,7.0349998474121085,8.571913770727207
12471,2017-12-02 15:00:00,2017-12-02 16:00:00,7.245999813079834,23.931232864792282
12472,2017-12-02 16:00:00,2017-12-02 17:00:00,6.894000053405763,25.49319751842602
12473,2017-12-02 17:00:00,2017-12-02 18:00:00,6.3309998512268075,22.056875280431797
12474,2017-12-02 18:00:00,2017-12-02 19:00:00,6.050000190734862,10.741309122996286
12475,2017-12-02 19:00:00,2017-12-02 20:00:00,5.557000160217285,6.07277032491323
12476,2017-12-02 20:00:00,2017-12-02 21:00:00,5.416999816894531,11.22725368190456
12477,2017-12-02 21:00:00,2017-12-02 22:00:00,5.486999988555908,10.290074889724316
12478,2017-12-02 22:00:00,2017-12-02 23:00:00,5.557000160217285,17.05858838880384
12479,2017-12-02 23:00:00,2017-12-03 00:00:00,5.3460001945495605,38.301307678222656
12480,2017-12-03 00:00:00,2017-12-03 01:00:00,5.486999988555908,7.270276559365761
12481,2017-12-03 01:00:00,2017-12-03 02:00:00,5.416999816894531,15.913147642805768
12482,2017-12-03 02:00:00,2017-12-03 03:00:00,5.276000022888184,22.161006257340713
12483,2017-12-03 03:00:00,2017-12-03 04:00:00,5.135000228881836,18.516422065528662
12484,2017-12-03 04:00:00,2017-12-03 05:00:00,4.923999786376953,16.069344108169144
12485,2017-12-03 05:00:00,2017-12-03 06:00:00,4.290999889373778,9.821485493634196
12486,2017-12-03 06:00:00,2017-12-03 07:00:00,4.923999786376953,18.662205433201144
12487,2017-12-03 07:00:00,2017-12-03 08:00:00,4.8540000915527335,22.49943193229469
12488,2017-12-03 08:00:00,2017-12-03 09:00:00,4.501999855041504,19.453600857708903
12489,2017-12-03 09:00:00,2017-12-03 10:00:00,5.135000228881836,7.660767722774195
12490,2017-12-03 10:00:00,2017-12-03 11:00:00,6.894000053405763,19.453600857708903
12491,2017-12-03 11:00:00,2017-12-03 12:00:00,6.261000156402588,7.842996932364797
12492,2017-12-03 12:00:00,2017-12-03 13:00:00,6.894000053405763,21.432089418978304
12493,2017-12-03 13:00:00,2017-12-03 14:00:00,7.386000156402588,21.53622039588722
12494,2017-12-03 14:00:00,2017-12-03 15:00:00,7.456999778747559,22.44736644384023
12495,2017-12-03 15:00:00,2017-12-03 16:00:00,7.668000221252441,7.478538513183593
12496,2017-12-03 16:00:00,2017-12-03 17:00:00,7.105000019073486,23.358512491793245
12497,2017-12-03 17:00:00,2017-12-03 18:00:00,6.401999950408936,18.693444726273817
12498,2017-12-03 18:00:00,2017-12-03 19:00:00,6.3309998512268075,6.281032278731062
12499,2017-12-03 19:00:00,2017-12-03 20:00:00,6.3309998512268075,5.81244288264094
12500,2017-12-03 20:00:00,2017-12-03 21:00:00,6.61299991607666,16.694129969622637
12501,2017-12-03 21:00:00,2017-12-03 22:00:00,6.752999782562256,16.668097225395407
12502,2017-12-03 22:00:00,2017-12-03 23:00:00,5.205999851226807,17.318915831076133
12503,2017-12-03 23:00:00,2017-12-04 00:00:00,4.8540000915527335,17.631308761802877
12504,2017-12-04 00:00:00,2017-12-04 01:00:00,5.557000160217285,16.87635917921324
12505,2017-12-04 01:00:00,2017-12-04 02:00:00,5.839000225067139,3.8860198098259993
12506,2017-12-04 02:00:00,2017-12-04 03:00:00,5.627999782562256,18.698651275119268
12507,2017-12-04 03:00:00,2017-12-04 04:00:00,5.3460001945495605,13.309873220082874
12508,2017-12-04 04:00:00,2017-12-04 05:00:00,5.627999782562256,14.455313966080947
12509,2017-12-04 05:00:00,2017-12-04 06:00:00,6.261000156402588,23.098185049520957
12510,2017-12-04 06:00:00,2017-12-04 07:00:00,5.276000022888184,6.645490697912266
12511,2017-12-04 07:00:00,2017-12-04 08:00:00,4.432000160217285,9.821485493634196
12512,2017-12-04 08:00:00,2017-12-04 09:00:00,4.010000228881837,17.266850342621673
12513,2017-12-04 09:00:00,2017-12-04 10:00:00,4.64300012588501,4.2504782290072045
12514,2017-12-04 10:00:00,2017-12-04 11:00:00,4.994999885559082,16.87635917921324
12515,2017-12-04 11:00:00,2017-12-04 12:00:00,5.416999816894531,22.629595653430833
12516,2017-12-04 12:00:00,2017-12-04 13:00:00,6.119999885559082,13.101611266265044
12517,2017-12-04 13:00:00,2017-12-04 14:00:00,6.050000190734862,24.035363841701198
12518,2017-12-04 14:00:00,2017-12-04 15:00:00,6.190999984741211,14.694815212971454
12519,2017-12-04 15:00:00,2017-12-04 16:00:00,5.839000225067139,9.430994330225763
12520,2017-12-04 16:00:00,2017-12-04 17:00:00,5.839000225067139,8.51984828227275
12521,2017-12-04 17:00:00,2017-12-04 18:00:00,5.276000022888184,25.96178691451614
12522,2017-12-04 18:00:00,2017-12-04 19:00:00,4.923999786376953,27.055162172059752
12523,2017-12-04 19:00:00,2017-12-04 20:00:00,5.627999782562256,4.719067625097325
12524,2017-12-04 20:00:00,2017-12-04 21:00:00,3.5169999599456787,20.130452207616855
12525,2017-12-04 21:00:00,2017-12-04 22:00:00,3.025000095367432,15.1321653159889
12526,2017-12-04 22:00:00,2017-12-04 23:00:00,2.6730000972747803,18.620553042437578
12527,2017-12-04 23:00:00,2017-12-05 00:00:00,2.602999925613404,14.715641408353239
12528,2017-12-05 00:00:00,2017-12-05 01:00:00,3.095000028610228,10.290074889724316
12529,2017-12-05 01:00:00,2017-12-05 02:00:00,3.095000028610228,14.66357591989878
12530,2017-12-05 02:00:00,2017-12-05 03:00:00,3.7279999256134033,14.351182989172031
12531,2017-12-05 03:00:00,2017-12-05 04:00:00,3.5169999599456787,8.623979259181667
12532,2017-12-05 04:00:00,2017-12-05 05:00:00,3.5169999599456787,9.24876512063516
12533,2017-12-05 05:00:00,2017-12-05 06:00:00,2.884000062942505,14.351182989172031
12534,2017-12-05 06:00:00,2017-12-05 07:00:00,3.095000028610228,13.93465908153637
12535,2017-12-05 07:00:00,2017-12-05 08:00:00,3.4470000267028813,7.947127909273713
12536,2017-12-05 08:00:00,2017-12-05 09:00:00,2.532000064849853,8.858273957226727
12537,2017-12-05 09:00:00,2017-12-05 10:00:00,3.236000061035156,16.485868015804805
12538,2017-12-05 10:00:00,2017-12-05 11:00:00,4.7839999198913565,22.629595653430833
12539,2017-12-05 11:00:00,2017-12-05 12:00:00,4.432000160217285,8.415717305363835
12540,2017-12-05 12:00:00,2017-12-05 13:00:00,4.994999885559082,11.695843077994681
12541,2017-12-05 13:00:00,2017-12-05 14:00:00,4.8540000915527335,17.9176689483024
12542,2017-12-05 14:00:00,2017-12-05 15:00:00,5.065000057220459,11.695843077994681
12543,2017-12-05 15:00:00,2017-12-05 16:00:00,5.205999851226807,9.24876512063516
12544,2017-12-05 16:00:00,2017-12-05 17:00:00,3.799000024795532,20.963500022888184
12545,2017-12-05 17:00:00,2017-12-05 18:00:00,4.7129998207092285,14.66357591989878
12546,2017-12-05 18:00:00,2017-12-05 19:00:00,4.501999855041504,5.291787998096361
12547,2017-12-05 19:00:00,2017-12-05 20:00:00,4.010000228881837,5.291787998096361
12548,2017-12-05 20:00:00,2017-12-05 21:00:00,3.799000024795532,32.730300413595664
12549,2017-12-05 21:00:00,2017-12-05 22:00:00,3.6579999923706055,12.841283823992754
12550,2017-12-05 22:00:00,2017-12-05 23:00:00,3.5169999599456787,15.1321653159889
12551,2017-12-05 23:00:00,2017-12-06 00:00:00,3.377000093460083,12.737152847083838
12552,2017-12-06 00:00:00,2017-12-06 01:00:00,2.884000062942505,22.26513723424963
12553,2017-12-06 01:00:00,2017-12-06 02:00:00,3.7279999256134033,11.314029495995323
12554,2017-12-06 02:00:00,2017-12-06 03:00:00,3.377000093460083,15.080099827534443
12555,2017-12-06 03:00:00,2017-12-06 04:00:00,3.236000061035156,15.080099827534443
12556,2017-12-06 04:00:00,2017-12-06 05:00:00,3.095000028610228,16.277606061986972
12557,2017-12-06 05:00:00,2017-12-06 06:00:00,3.1659998893737797,12.94541480090167
12558,2017-12-06 06:00:00,2017-12-06 07:00:00,3.236000061035156,21.48415490743276
12559,2017-12-06 07:00:00,2017-12-06 08:00:00,3.588000059127808,7.452505768956364
12560,2017-12-06 08:00:00,2017-12-06 09:00:00,3.236000061035156,9.387606423180381
12561,2017-12-06 09:00:00,2017-12-06 10:00:00,3.377000093460083,18.04783266943854
12562,2017-12-06 10:00:00,2017-12-06 11:00:00,4.290999889373778,7.114080094002387
12563,2017-12-06 11:00:00,2017-12-06 12:00:00,4.501999855041504,21.432089418978304
12564,2017-12-06 12:00:00,2017-12-06 13:00:00,5.065000057220459,27.54110673096803
12565,2017-12-06 13:00:00,2017-12-06 14:00:00,5.697999954223633,17.05858838880384
12566,2017-12-06 14:00:00,2017-12-06 15:00:00,5.908999919891357,16.694129969622637
12567,2017-12-06 15:00:00,2017-12-06 16:00:00,5.697999954223633,23.46264346870216
12568,2017-12-06 16:00:00,2017-12-06 17:00:00,5.76800012588501,17.449079552212275
12569,2017-12-06 17:00:00,2017-12-06 18:00:00,5.486999988555908,23.306447003338786
12570,2017-12-06 18:00:00,2017-12-06 19:00:00,5.205999851226807,16.09537685239637
12571,2017-12-06 19:00:00,2017-12-06 20:00:00,5.065000057220459,6.645490697912266
12572,2017-12-06 20:00:00,2017-12-06 21:00:00,5.065000057220459,8.181422607318774
12573,2017-12-06 21:00:00,2017-12-06 22:00:00,4.994999885559082,6.645490697912266
12574,2017-12-06 22:00:00,2017-12-06 23:00:00,5.065000057220459,21.744482349705052
12575,2017-12-06 23:00:00,2017-12-07 00:00:00,4.994999885559082,9.613223539816364
12576,2017-12-07 00:00:00,2017-12-07 01:00:00,4.7839999198913565,7.322342047820219
12577,2017-12-07 01:00:00,2017-12-07 02:00:00,4.994999885559082,15.522656479397336
12578,2017-12-07 02:00:00,2017-12-07 03:00:00,4.994999885559082,20.494910626798063
12579,2017-12-07 03:00:00,2017-12-07 04:00:00,4.923999786376953,15.522656479397336
12580,2017-12-07 04:00:00,2017-12-07 05:00:00,4.7129998207092285,5.395918975005277
12581,2017-12-07 05:00:00,2017-12-07 06:00:00,4.64300012588501,16.329671550441432
12582,2017-12-07 06:00:00,2017-12-07 07:00:00,4.8540000915527335,4.3546092059161206
12583,2017-12-07 07:00:00,2017-12-07 08:00:00,5.135000228881836,5.291787998096361
12584,2017-12-07 08:00:00,2017-12-07 09:00:00,5.627999782562256,7.973160653500943
12585,2017-12-07 09:00:00,2017-12-07 10:00:00,5.76800012588501,13.639621313627776
12586,2017-12-07 10:00:00,2017-12-07 11:00:00,5.697999954223633,13.049545777810586
12587,2017-12-07 11:00:00,2017-12-07 12:00:00,5.908999919891357,5.5781481845958805
12588,2017-12-07 12:00:00,2017-12-07 13:00:00,5.276000022888184,6.80168716327564
12589,2017-12-07 13:00:00,2017-12-07 14:00:00,5.627999782562256,33.25095529814024
12590,2017-12-07 14:00:00,2017-12-07 15:00:00,5.697999954223633,13.101611266265042
12591,2017-12-07 15:00:00,2017-12-07 16:00:00,5.697999954223633,36.73934302458892
12592,2017-12-07 16:00:00,2017-12-07 17:00:00,5.065000057220459,21.432089418978304
12593,2017-12-07 17:00:00,2017-12-07 18:00:00,4.923999786376953,6.853752651730098
12594,2017-12-07 18:00:00,2017-12-07 19:00:00,4.923999786376953,21.53622039588722
12595,2017-12-07 19:00:00,2017-12-07 20:00:00,4.8540000915527335,18.82881499625541
12596,2017-12-07 20:00:00,2017-12-07 21:00:00,5.065000057220459,16.64206448116818
12597,2017-12-07 21:00:00,2017-12-07 22:00:00,4.7839999198913565,21.874646070841195
12598,2017-12-07 22:00:00,2017-12-07 23:00:00,4.361999988555908,16.954457411894925
12599,2017-12-07 23:00:00,2017-12-08 00:00:00,4.079999923706056,17.735439738711793
12600,2017-12-08 00:00:00,2017-12-08 01:00:00,4.150000095367432,16.485868015804805
12601,2017-12-08 01:00:00,2017-12-08 02:00:00,3.799000024795532,17.266850342621673
12602,2017-12-08 02:00:00,2017-12-08 03:00:00,3.236000061035156,12.060301497175885
12603,2017-12-08 03:00:00,2017-12-08 04:00:00,2.180999994277954,16.694129969622637
12604,2017-12-08 04:00:00,2017-12-08 05:00:00,1.0549999475479126,8.181422607318774
12605,2017-12-08 05:00:00,2017-12-08 06:00:00,1.1260000467300415,11.018991728086728
12606,2017-12-08 06:00:00,2017-12-08 07:00:00,1.758999943733215,11.018991728086728
12607,2017-12-08 07:00:00,2017-12-08 08:00:00,1.1260000467300415,18.04783266943854
12608,2017-12-08 08:00:00,2017-12-08 09:00:00,1.8289999961853027,17.735439738711793
12609,2017-12-08 09:00:00,2017-12-08 10:00:00,3.1659998893737797,18.256094623256374
12610,2017-12-08 10:00:00,2017-12-08 11:00:00,3.5169999599456787,7.478538513183593
12611,2017-12-08 11:00:00,2017-12-08 12:00:00,3.095000028610228,19.505666346163363
12612,2017-12-08 12:00:00,2017-12-08 13:00:00,4.994999885559082,11.852039543358053
12613,2017-12-08 13:00:00,2017-12-08 14:00:00,4.290999889373778,11.826006799130825
12614,2017-12-08 14:00:00,2017-12-08 15:00:00,4.2210001945495605,7.114080094002387
12615,2017-12-08 15:00:00,2017-12-08 16:00:00,4.079999923706056,7.114080094002387
12616,2017-12-08 16:00:00,2017-12-08 17:00:00,4.290999889373778,12.40740475353894
12617,2017-12-08 17:00:00,2017-12-08 18:00:00,3.86899995803833,7.114080094002387
12618,2017-12-08 18:00:00,2017-12-08 19:00:00,3.86899995803833,19.505666346163363
12619,2017-12-08 19:00:00,2017-12-08 20:00:00,4.079999923706056,19.245338903891074
12620,2017-12-08 20:00:00,2017-12-08 21:00:00,3.7279999256134033,18.932945973164326
12621,2017-12-08 21:00:00,2017-12-08 22:00:00,3.7279999256134033,19.037076950073242
12622,2017-12-08 22:00:00,2017-12-08 23:00:00,3.236000061035156,18.12593090212023
12623,2017-12-08 23:00:00,2017-12-09 00:00:00,3.377000093460083,12.806573498356448
12624,2017-12-09 00:00:00,2017-12-09 01:00:00,2.9549999237060547,9.821485493634196
12625,2017-12-09 01:00:00,2017-12-09 02:00:00,3.236000061035156,10.914860751177812
12626,2017-12-09 02:00:00,2017-12-09 03:00:00,2.813999891281128,33.87574115959374
12627,2017-12-09 03:00:00,2017-12-09 04:00:00,2.6730000972747803,21.48415490743276
12628,2017-12-09 04:00:00,2017-12-09 05:00:00,2.9549999237060547,6.281032278731062
12629,2017-12-09 05:00:00,2017-12-09 06:00:00,3.095000028610228,16.64206448116818
12630,2017-12-09 06:00:00,2017-12-09 07:00:00,2.813999891281128,10.914860751177812
12631,2017-12-09 07:00:00,2017-12-09 08:00:00,2.813999891281128,10.602467820451064
12632,2017-12-09 08:00:00,2017-12-09 09:00:00,3.799000024795532,20.62507434793421
12633,2017-12-09 09:00:00,2017-12-09 10:00:00,4.150000095367432,10.914860751177812
12634,2017-12-09 10:00:00,2017-12-09 11:00:00,4.994999885559082,11.852039543358055
12635,2017-12-09 11:00:00,2017-12-09 12:00:00,5.3460001945495605,13.023513033583358
12636,2017-12-09 12:00:00,2017-12-09 13:00:00,5.9790000915527335,10.914860751177812
12637,2017-12-09 13:00:00,2017-12-09 14:00:00,6.964000225067139,20.130452207616855
12638,2017-12-09 14:00:00,2017-12-09 15:00:00,6.190999984741211,8.571913770727207
12639,2017-12-09 15:00:00,2017-12-09 16:00:00,6.401999950408936,6.80168716327564
12640,2017-12-09 16:00:00,2017-12-09 17:00:00,6.752999782562256,25.49319751842602
12641,2017-12-09 17:00:00,2017-12-09 18:00:00,5.908999919891357,22.056875280431797
12642,2017-12-09 18:00:00,2017-12-09 19:00:00,5.908999919891357,10.741309122996286
12643,2017-12-09 19:00:00,2017-12-09 20:00:00,5.205999851226807,10.914860751177812
12644,2017-12-09 20:00:00,2017-12-09 21:00:00,5.839000225067139,11.22725368190456
12645,2017-12-09 21:00:00,2017-12-09 22:00:00,5.557000160217285,10.290074889724316
12646,2017-12-09 22:00:00,2017-12-09 23:00:00,5.065000057220459,17.05858838880384
12647,2017-12-09 23:00:00,2017-12-10 00:00:00,4.501999855041504,38.301307678222656
12648,2017-12-10 00:00:00,2017-12-10 01:00:00,4.501999855041504,19.271371648118304
12649,2017-12-10 01:00:00,2017-12-10 02:00:00,3.938999891281128,15.913147642805768
12650,2017-12-10 02:00:00,2017-12-10 03:00:00,4.361999988555908,22.161006257340713
12651,2017-12-10 03:00:00,2017-12-10 04:00:00,4.2210001945495605,18.516422065528662
12652,2017-12-10 04:00:00,2017-12-10 05:00:00,3.4470000267028813,16.069344108169144
12653,2017-12-10 05:00:00,2017-12-10 06:00:00,3.938999891281128,9.821485493634196
12654,2017-12-10 06:00:00,2017-12-10 07:00:00,3.095000028610228,18.662205433201144
12655,2017-12-10 07:00:00,2017-12-10 08:00:00,4.501999855041504,22.49943193229469
12656,2017-12-10 08:00:00,2017-12-10 09:00:00,4.923999786376953,4.2504782290072045
12657,2017-12-10 09:00:00,2017-12-10 10:00:00,4.7839999198913565,7.660767722774195
12658,2017-12-10 10:00:00,2017-12-10 11:00:00,4.8540000915527335,6.853752651730098
12659,2017-12-10 11:00:00,2017-12-10 12:00:00,5.135000228881836,5.916573859549856
12660,2017-12-10 12:00:00,2017-12-10 13:00:00,6.261000156402588,21.432089418978304
12661,2017-12-10 13:00:00,2017-12-10 14:00:00,5.9790000915527335,21.53622039588722
12662,2017-12-10 14:00:00,2017-12-10 15:00:00,4.994999885559082,22.44736644384023
12663,2017-12-10 15:00:00,2017-12-10 16:00:00,4.7839999198913565,19.0891424385277
12664,2017-12-10 16:00:00,2017-12-10 17:00:00,5.486999988555908,23.358512491793245
12665,2017-12-10 17:00:00,2017-12-10 18:00:00,5.76800012588501,17.52717778489396
12666,2017-12-10 18:00:00,2017-12-10 19:00:00,5.486999988555908,6.281032278731062
12667,2017-12-10 19:00:00,2017-12-10 20:00:00,5.486999988555908,9.24876512063516
12668,2017-12-10 20:00:00,2017-12-10 21:00:00,4.7839999198913565,16.694129969622637
12669,2017-12-10 21:00:00,2017-12-10 22:00:00,4.994999885559082,16.668097225395407
12670,2017-12-10 22:00:00,2017-12-10 23:00:00,4.8540000915527335,17.318915831076133
12671,2017-12-10 23:00:00,2017-12-11 00:00:00,4.994999885559082,17.631308761802877
12672,2017-12-11 00:00:00,2017-12-11 01:00:00,4.994999885559082,16.87635917921324
12673,2017-12-11 01:00:00,2017-12-11 02:00:00,4.8540000915527335,14.845805129489383
12674,2017-12-11 02:00:00,2017-12-11 03:00:00,4.994999885559082,18.698651275119268
12675,2017-12-11 03:00:00,2017-12-11 04:00:00,5.3460001945495605,13.309873220082874
12676,2017-12-11 04:00:00,2017-12-11 05:00:00,5.839000225067139,5.6041809288231095
12677,2017-12-11 05:00:00,2017-12-11 06:00:00,5.3460001945495605,23.098185049520957
12678,2017-12-11 06:00:00,2017-12-11 07:00:00,4.994999885559082,19.037076950073242
12679,2017-12-11 07:00:00,2017-12-11 08:00:00,5.76800012588501,9.821485493634196
12680,2017-12-11 08:00:00,2017-12-11 09:00:00,6.823999881744385,17.266850342621673
12681,2017-12-11 09:00:00,2017-12-11 10:00:00,7.0349998474121085,24.347756772427946
12682,2017-12-11 10:00:00,2017-12-11 11:00:00,7.456999778747559,16.87635917921324
12683,2017-12-11 11:00:00,2017-12-11 12:00:00,7.105000019073486,6.228966790276604
12684,2017-12-11 12:00:00,2017-12-11 13:00:00,8.300999641418457,13.101611266265044
12685,2017-12-11 13:00:00,2017-12-11 14:00:00,8.442000389099121,24.035363841701198
12686,2017-12-11 14:00:00,2017-12-11 15:00:00,7.73799991607666,24.920477145426982
12687,2017-12-11 15:00:00,2017-12-11 16:00:00,7.315999984741211,16.87635917921324
12688,2017-12-11 16:00:00,2017-12-11 17:00:00,7.0349998474121085,8.51984828227275
12689,2017-12-11 17:00:00,2017-12-11 18:00:00,6.3309998512268075,14.802417222444001
12690,2017-12-11 18:00:00,2017-12-11 19:00:00,6.3309998512268075,6.697556186366724
12691,2017-12-11 19:00:00,2017-12-11 20:00:00,5.908999919891357,19.0891424385277
12692,2017-12-11 20:00:00,2017-12-11 21:00:00,5.486999988555908,5.6562464172775675
12693,2017-12-11 21:00:00,2017-12-11 22:00:00,5.627999782562256,15.1321653159889
12694,2017-12-11 22:00:00,2017-12-11 23:00:00,5.276000022888184,5.031460555824073
12695,2017-12-11 23:00:00,2017-12-12 00:00:00,4.8540000915527335,4.2504782290072045
12696,2017-12-12 00:00:00,2017-12-12 01:00:00,4.150000095367432,4.979395067369615
12697,2017-12-12 01:00:00,2017-12-12 02:00:00,2.884000062942505,14.66357591989878
12698,2017-12-12 02:00:00,2017-12-12 03:00:00,2.180999994277954,14.351182989172031
12699,2017-12-12 03:00:00,2017-12-12 04:00:00,1.758999943733215,8.623979259181667
12700,2017-12-12 04:00:00,2017-12-12 05:00:00,1.618000030517578,9.24876512063516
12701,2017-12-12 05:00:00,2017-12-12 06:00:00,1.406999945640564,14.351182989172031
12702,2017-12-12 06:00:00,2017-12-12 07:00:00,1.406999945640564,13.93465908153637
12703,2017-12-12 07:00:00,2017-12-12 08:00:00,1.2660000324249268,7.947127909273713
12704,2017-12-12 08:00:00,2017-12-12 09:00:00,1.8289999961853027,8.858273957226727
12705,2017-12-12 09:00:00,2017-12-12 10:00:00,2.3919999599456787,16.485868015804805
12706,2017-12-12 10:00:00,2017-12-12 11:00:00,2.884000062942505,22.629595653430833
12707,2017-12-12 11:00:00,2017-12-12 12:00:00,2.6730000972747803,8.415717305363835
12708,2017-12-12 12:00:00,2017-12-12 13:00:00,3.86899995803833,11.695843077994681
12709,2017-12-12 13:00:00,2017-12-12 14:00:00,3.799000024795532,17.9176689483024
12710,2017-12-12 14:00:00,2017-12-12 15:00:00,3.377000093460083,11.695843077994681
12711,2017-12-12 15:00:00,2017-12-12 16:00:00,3.3059999942779537,9.24876512063516
12712,2017-12-12 16:00:00,2017-12-12 17:00:00,3.588000059127808,20.963500022888184
12713,2017-12-12 17:00:00,2017-12-12 18:00:00,3.5169999599456787,14.66357591989878
12714,2017-12-12 18:00:00,2017-12-12 19:00:00,2.884000062942505,16.64206448116818
12715,2017-12-12 19:00:00,2017-12-12 20:00:00,2.461999893188477,5.291787998096361
12716,2017-12-12 20:00:00,2017-12-12 21:00:00,2.180999994277954,32.730300413595664
12717,2017-12-12 21:00:00,2017-12-12 22:00:00,2.180999994277954,12.841283823992754
12718,2017-12-12 22:00:00,2017-12-12 23:00:00,1.89900004863739,15.1321653159889
12719,2017-12-12 23:00:00,2017-12-13 00:00:00,2.039999961853028,12.737152847083838
12720,2017-12-13 00:00:00,2017-12-13 01:00:00,1.687999963760376,22.26513723424963
12721,2017-12-13 01:00:00,2017-12-13 02:00:00,1.758999943733215,11.314029495995323
12722,2017-12-13 02:00:00,2017-12-13 03:00:00,1.337000012397766,15.080099827534443
12723,2017-12-13 03:00:00,2017-12-13 04:00:00,1.758999943733215,15.080099827534443
12724,2017-12-13 04:00:00,2017-12-13 05:00:00,1.758999943733215,16.277606061986972
12725,2017-12-13 05:00:00,2017-12-13 06:00:00,1.337000012397766,12.94541480090167
12726,2017-12-13 06:00:00,2017-12-13 07:00:00,1.406999945640564,21.48415490743276
12727,2017-12-13 07:00:00,2017-12-13 08:00:00,1.337000012397766,7.452505768956364
12728,2017-12-13 08:00:00,2017-12-13 09:00:00,1.687999963760376,9.387606423180381
12729,2017-12-13 09:00:00,2017-12-13 10:00:00,2.039999961853028,18.04783266943854
12730,2017-12-13 10:00:00,2017-12-13 11:00:00,1.8289999961853027,7.114080094002387
12731,2017-12-13 11:00:00,2017-12-13 12:00:00,2.039999961853028,2.219924179283347
12732,2017-12-13 12:00:00,2017-12-13 13:00:00,2.250999927520752,27.54110673096803
12733,2017-12-13 13:00:00,2017-12-13 14:00:00,2.180999994277954,17.05858838880384
12734,2017-12-13 14:00:00,2017-12-13 15:00:00,2.3919999599456787,16.694129969622637
12735,2017-12-13 15:00:00,2017-12-13 16:00:00,2.039999961853028,23.46264346870216
12736,2017-12-13 16:00:00,2017-12-13 17:00:00,2.250999927520752,17.449079552212275
12737,2017-12-13 17:00:00,2017-12-13 18:00:00,2.321000099182129,23.306447003338786
12738,2017-12-13 18:00:00,2017-12-13 19:00:00,2.74399995803833,16.09537685239637
12739,2017-12-13 19:00:00,2017-12-13 20:00:00,2.74399995803833,21.53622039588722
12740,2017-12-13 20:00:00,2017-12-13 21:00:00,2.180999994277954,8.181422607318774
12741,2017-12-13 21:00:00,2017-12-13 22:00:00,0.0,23.540741701383844
12742,2017-12-13 22:00:00,2017-12-13 23:00:00,0.421999990940094,21.744482349705052
12743,2017-12-13 23:00:00,2017-12-14 00:00:00,0.0,9.613223539816364
12744,2017-12-14 00:00:00,2017-12-14 01:00:00,-0.5630000233650208,7.322342047820219
12745,2017-12-14 01:00:00,2017-12-14 02:00:00,0.0,15.522656479397336
12746,2017-12-14 02:00:00,2017-12-14 03:00:00,0.0,20.494910626798063
12747,2017-12-14 03:00:00,2017-12-14 04:00:00,-0.7739999890327454,15.522656479397336
12748,2017-12-14 04:00:00,2017-12-14 05:00:00,-0.5630000233650208,19.870124765344567
12749,2017-12-14 05:00:00,2017-12-14 06:00:00,0.0,16.329671550441432
12750,2017-12-14 06:00:00,2017-12-14 07:00:00,0.0,16.954457411894925
12751,2017-12-14 07:00:00,2017-12-14 08:00:00,1.1260000467300415,20.23458318452577
12752,2017-12-14 08:00:00,2017-12-14 09:00:00,1.406999945640564,20.70317258061589
12753,2017-12-14 09:00:00,2017-12-14 10:00:00,1.2660000324249268,17.475112296439505
12754,2017-12-14 10:00:00,2017-12-14 11:00:00,1.5479999780654907,13.049545777810586
12755,2017-12-14 11:00:00,2017-12-14 12:00:00,1.8289999961853027,12.893349312447214
12756,2017-12-14 12:00:00,2017-12-14 13:00:00,1.8289999961853027,25.90972142606168
12757,2017-12-14 13:00:00,2017-12-14 14:00:00,1.8289999961853027,33.25095529814024
12758,2017-12-14 14:00:00,2017-12-14 15:00:00,1.5479999780654907,13.101611266265042
12759,2017-12-14 15:00:00,2017-12-14 16:00:00,1.0549999475479126,36.73934302458892
12760,2017-12-14 16:00:00,2017-12-14 17:00:00,1.5479999780654907,21.432089418978304
12761,2017-12-14 17:00:00,2017-12-14 18:00:00,1.89900004863739,6.853752651730098
12762,2017-12-14 18:00:00,2017-12-14 19:00:00,1.4769999980926514,21.53622039588722
12763,2017-12-14 19:00:00,2017-12-14 20:00:00,2.461999893188477,18.82881499625541
12764,2017-12-14 20:00:00,2017-12-14 21:00:00,2.6730000972747803,16.64206448116818
12765,2017-12-14 21:00:00,2017-12-14 22:00:00,3.025000095367432,21.874646070841195
12766,2017-12-14 22:00:00,2017-12-14 23:00:00,2.532000064849853,16.954457411894925
12767,2017-12-14 23:00:00,2017-12-15 00:00:00,2.9549999237060547,17.735439738711793
12768,2017-12-15 00:00:00,2017-12-15 01:00:00,2.884000062942505,16.485868015804805
12769,2017-12-15 01:00:00,2017-12-15 02:00:00,3.4470000267028813,17.266850342621673
12770,2017-12-15 02:00:00,2017-12-15 03:00:00,3.025000095367432,12.060301497175885
12771,2017-12-15 03:00:00,2017-12-15 04:00:00,3.095000028610228,16.694129969622637
12772,2017-12-15 04:00:00,2017-12-15 05:00:00,2.321000099182129,8.181422607318774
12773,2017-12-15 05:00:00,2017-12-15 06:00:00,2.6730000972747803,11.018991728086728
12774,2017-12-15 06:00:00,2017-12-15 07:00:00,4.079999923706056,11.018991728086728
12775,2017-12-15 07:00:00,2017-12-15 08:00:00,4.079999923706056,18.04783266943854
12776,2017-12-15 08:00:00,2017-12-15 09:00:00,4.361999988555908,17.735439738711793
12777,2017-12-15 09:00:00,2017-12-15 10:00:00,4.2210001945495605,18.256094623256374
12778,2017-12-15 10:00:00,2017-12-15 11:00:00,3.938999891281128,7.035981861320701
12779,2017-12-15 11:00:00,2017-12-15 12:00:00,2.884000062942505,19.063109694300472
12780,2017-12-15 12:00:00,2017-12-15 13:00:00,2.74399995803833,11.852039543358053
12781,2017-12-15 13:00:00,2017-12-15 14:00:00,2.884000062942505,11.826006799130825
12782,2017-12-15 14:00:00,2017-12-15 15:00:00,2.3919999599456787,8.181422607318774
12783,2017-12-15 15:00:00,2017-12-15 16:00:00,2.9549999237060547,10.107845680133716
12784,2017-12-15 16:00:00,2017-12-15 17:00:00,2.180999994277954,12.40740475353894
12785,2017-12-15 17:00:00,2017-12-15 18:00:00,2.74399995803833,14.92390336217107
12786,2017-12-15 18:00:00,2017-12-15 19:00:00,3.236000061035156,19.505666346163363
12787,2017-12-15 19:00:00,2017-12-15 20:00:00,2.602999925613404,11.695843077994681
12788,2017-12-15 20:00:00,2017-12-15 21:00:00,2.602999925613404,18.932945973164326
12789,2017-12-15 21:00:00,2017-12-15 22:00:00,2.461999893188477,19.037076950073242
12790,2017-12-15 22:00:00,2017-12-15 23:00:00,2.532000064849853,18.12593090212023
12791,2017-12-15 23:00:00,2017-12-16 00:00:00,2.74399995803833,12.806573498356448
12792,2017-12-16 00:00:00,2017-12-16 01:00:00,2.461999893188477,9.821485493634196
12793,2017-12-16 01:00:00,2017-12-16 02:00:00,3.588000059127808,10.914860751177812
12794,2017-12-16 02:00:00,2017-12-16 03:00:00,3.236000061035156,33.87574115959374
12795,2017-12-16 03:00:00,2017-12-16 04:00:00,3.4470000267028813,21.48415490743276
12796,2017-12-16 04:00:00,2017-12-16 05:00:00,3.095000028610228,6.281032278731062
12797,2017-12-16 05:00:00,2017-12-16 06:00:00,4.010000228881837,16.64206448116818
12798,2017-12-16 06:00:00,2017-12-16 07:00:00,3.1659998893737797,10.914860751177812
12799,2017-12-16 07:00:00,2017-12-16 08:00:00,3.799000024795532,2.8967755291912995
12800,2017-12-16 08:00:00,2017-12-16 09:00:00,4.150000095367432,20.62507434793421
12801,2017-12-16 09:00:00,2017-12-16 10:00:00,3.5169999599456787,10.914860751177812
12802,2017-12-16 10:00:00,2017-12-16 11:00:00,4.290999889373778,11.852039543358055
12803,2017-12-16 11:00:00,2017-12-16 12:00:00,3.86899995803833,13.023513033583358
12804,2017-12-16 12:00:00,2017-12-16 13:00:00,3.6579999923706055,10.914860751177812
12805,2017-12-16 13:00:00,2017-12-16 14:00:00,3.3059999942779537,20.130452207616855
12806,2017-12-16 14:00:00,2017-12-16 15:00:00,3.7279999256134033,8.571913770727207
12807,2017-12-16 15:00:00,2017-12-16 16:00:00,3.5169999599456787,23.931232864792282
12808,2017-12-16 16:00:00,2017-12-16 17:00:00,4.150000095367432,25.49319751842602
12809,2017-12-16 17:00:00,2017-12-16 18:00:00,3.6579999923706055,22.09592439677264
12810,2017-12-16 18:00:00,2017-12-16 19:00:00,3.4470000267028813,10.741309122996286
12811,2017-12-16 19:00:00,2017-12-16 20:00:00,3.7279999256134033,10.914860751177812
12812,2017-12-16 20:00:00,2017-12-16 21:00:00,3.799000024795532,11.22725368190456
12813,2017-12-16 21:00:00,2017-12-16 22:00:00,3.4470000267028813,10.290074889724316
12814,2017-12-16 22:00:00,2017-12-16 23:00:00,3.236000061035156,17.05858838880384
12815,2017-12-16 23:00:00,2017-12-17 00:00:00,2.602999925613404,38.301307678222656
12816,2017-12-17 00:00:00,2017-12-17 01:00:00,3.095000028610228,19.271371648118304
12817,2017-12-17 01:00:00,2017-12-17 02:00:00,2.74399995803833,15.913147642805768
12818,2017-12-17 02:00:00,2017-12-17 03:00:00,3.025000095367432,22.161006257340713
12819,2017-12-17 03:00:00,2017-12-17 04:00:00,2.6730000972747803,18.516422065528662
12820,2017-12-17 04:00:00,2017-12-17 05:00:00,2.3919999599456787,16.069344108169144
12821,2017-12-17 05:00:00,2017-12-17 06:00:00,2.532000064849853,9.821485493634196
12822,2017-12-17 06:00:00,2017-12-17 07:00:00,2.3919999599456787,18.662205433201144
12823,2017-12-17 07:00:00,2017-12-17 08:00:00,2.3919999599456787,22.49943193229469
12824,2017-12-17 08:00:00,2017-12-17 09:00:00,2.74399995803833,19.453600857708903
12825,2017-12-17 09:00:00,2017-12-17 10:00:00,3.799000024795532,7.660767722774195
12826,2017-12-17 10:00:00,2017-12-17 11:00:00,5.205999851226807,6.853752651730098
12827,2017-12-17 11:00:00,2017-12-17 12:00:00,3.799000024795532,5.916573859549856
12828,2017-12-17 12:00:00,2017-12-17 13:00:00,5.557000160217285,21.432089418978304
12829,2017-12-17 13:00:00,2017-12-17 14:00:00,6.050000190734862,21.53622039588722
12830,2017-12-17 14:00:00,2017-12-17 15:00:00,5.135000228881836,6.281032278731062
12831,2017-12-17 15:00:00,2017-12-17 16:00:00,5.065000057220459,19.0891424385277
12832,2017-12-17 16:00:00,2017-12-17 17:00:00,4.572999954223633,23.358512491793245
12833,2017-12-17 17:00:00,2017-12-17 18:00:00,4.361999988555908,17.52717778489396
12834,2017-12-17 18:00:00,2017-12-17 19:00:00,3.799000024795532,6.281032278731062
12835,2017-12-17 19:00:00,2017-12-17 20:00:00,3.86899995803833,9.24876512063516
12836,2017-12-17 20:00:00,2017-12-17 21:00:00,3.5169999599456787,3.8339543213715412
12837,2017-12-17 21:00:00,2017-12-17 22:00:00,3.7279999256134033,16.668097225395407
12838,2017-12-17 22:00:00,2017-12-17 23:00:00,3.6579999923706055,17.318915831076133
12839,2017-12-17 23:00:00,2017-12-18 00:00:00,3.7279999256134033,17.631308761802877
12840,2017-12-18 00:00:00,2017-12-18 01:00:00,3.4470000267028813,16.87635917921324
12841,2017-12-18 01:00:00,2017-12-18 02:00:00,3.095000028610228,14.845805129489383
12842,2017-12-18 02:00:00,2017-12-18 03:00:00,2.884000062942505,18.698651275119268
12843,2017-12-18 03:00:00,2017-12-18 04:00:00,3.588000059127808,13.309873220082874
12844,2017-12-18 04:00:00,2017-12-18 05:00:00,3.3059999942779537,14.455313966080947
12845,2017-12-18 05:00:00,2017-12-18 06:00:00,3.588000059127808,3.469495902190336
12846,2017-12-18 06:00:00,2017-12-18 07:00:00,3.6579999923706055,19.037076950073242
12847,2017-12-18 07:00:00,2017-12-18 08:00:00,3.799000024795532,9.821485493634196
12848,2017-12-18 08:00:00,2017-12-18 09:00:00,3.6579999923706055,17.266850342621673
12849,2017-12-18 09:00:00,2017-12-18 10:00:00,3.4470000267028813,4.1984127405527465
12850,2017-12-18 10:00:00,2017-12-18 11:00:00,4.8540000915527335,16.87635917921324
12851,2017-12-18 11:00:00,2017-12-18 12:00:00,3.4470000267028813,5.6041809288231095
12852,2017-12-18 12:00:00,2017-12-18 13:00:00,4.501999855041504,16.09537685239637
12853,2017-12-18 13:00:00,2017-12-18 14:00:00,6.190999984741211,24.035363841701198
12854,2017-12-18 14:00:00,2017-12-18 15:00:00,5.76800012588501,4.3546092059161206
12855,2017-12-18 15:00:00,2017-12-18 16:00:00,5.416999816894531,9.430994330225763
12856,2017-12-18 16:00:00,2017-12-18 17:00:00,5.697999954223633,5.6041809288231095
12857,2017-12-18 17:00:00,2017-12-18 18:00:00,4.923999786376953,5.239722509641903
12858,2017-12-18 18:00:00,2017-12-18 19:00:00,5.276000022888184,20.269293510162075
12859,2017-12-18 19:00:00,2017-12-18 20:00:00,4.994999885559082,19.0891424385277
12860,2017-12-18 20:00:00,2017-12-18 21:00:00,5.416999816894531,20.130452207616855
12861,2017-12-18 21:00:00,2017-12-18 22:00:00,5.135000228881836,15.1321653159889
12862,2017-12-18 22:00:00,2017-12-18 23:00:00,4.7129998207092285,5.031460555824073
12863,2017-12-18 23:00:00,2017-12-19 00:00:00,4.361999988555908,4.875264090460699
12864,2017-12-19 00:00:00,2017-12-19 01:00:00,4.432000160217285,10.290074889724316
12865,2017-12-19 01:00:00,2017-12-19 02:00:00,4.501999855041504,14.66357591989878
12866,2017-12-19 02:00:00,2017-12-19 03:00:00,4.8540000915527335,14.351182989172031
12867,2017-12-19 03:00:00,2017-12-19 04:00:00,4.432000160217285,4.823198602006241
12868,2017-12-19 04:00:00,2017-12-19 05:00:00,3.377000093460083,9.24876512063516
12869,2017-12-19 05:00:00,2017-12-19 06:00:00,2.74399995803833,14.351182989172031
12870,2017-12-19 06:00:00,2017-12-19 07:00:00,4.361999988555908,2.8967755291912995
12871,2017-12-19 07:00:00,2017-12-19 08:00:00,3.86899995803833,7.947127909273713
12872,2017-12-19 08:00:00,2017-12-19 09:00:00,4.64300012588501,8.858273957226727
12873,2017-12-19 09:00:00,2017-12-19 10:00:00,3.7279999256134033,16.485868015804805
12874,2017-12-19 10:00:00,2017-12-19 11:00:00,4.2210001945495605,22.629595653430833
12875,2017-12-19 11:00:00,2017-12-19 12:00:00,3.7279999256134033,8.415717305363835
12876,2017-12-19 12:00:00,2017-12-19 13:00:00,4.64300012588501,11.695843077994681
12877,2017-12-19 13:00:00,2017-12-19 14:00:00,5.135000228881836,17.9176689483024
12878,2017-12-19 14:00:00,2017-12-19 15:00:00,5.276000022888184,11.695843077994681
12879,2017-12-19 15:00:00,2017-12-19 16:00:00,5.416999816894531,5.291787998096361
12880,2017-12-19 16:00:00,2017-12-19 17:00:00,5.697999954223633,20.963500022888184
12881,2017-12-19 17:00:00,2017-12-19 18:00:00,4.994999885559082,14.66357591989878
12882,2017-12-19 18:00:00,2017-12-19 19:00:00,4.572999954223633,5.109558788505759
12883,2017-12-19 19:00:00,2017-12-19 20:00:00,4.572999954223633,5.291787998096361
12884,2017-12-19 20:00:00,2017-12-19 21:00:00,4.8540000915527335,32.730300413595664
12885,2017-12-19 21:00:00,2017-12-19 22:00:00,4.572999954223633,5.291787998096361
12886,2017-12-19 22:00:00,2017-12-19 23:00:00,4.64300012588501,15.1321653159889
12887,2017-12-19 23:00:00,2017-12-20 00:00:00,4.501999855041504,12.737152847083838
12888,2017-12-20 00:00:00,2017-12-20 01:00:00,4.150000095367432,22.26513723424963
12889,2017-12-20 01:00:00,2017-12-20 02:00:00,4.079999923706056,11.314029495995323
12890,2017-12-20 02:00:00,2017-12-20 03:00:00,3.86899995803833,15.080099827534443
12891,2017-12-20 03:00:00,2017-12-20 04:00:00,4.361999988555908,15.080099827534443
12892,2017-12-20 04:00:00,2017-12-20 05:00:00,4.572999954223633,16.277606061986972
12893,2017-12-20 05:00:00,2017-12-20 06:00:00,4.501999855041504,12.94541480090167
12894,2017-12-20 06:00:00,2017-12-20 07:00:00,4.923999786376953,21.48415490743276
12895,2017-12-20 07:00:00,2017-12-20 08:00:00,5.3460001945495605,7.452505768956364
12896,2017-12-20 08:00:00,2017-12-20 09:00:00,4.290999889373778,9.387606423180381
12897,2017-12-20 09:00:00,2017-12-20 10:00:00,3.938999891281128,18.04783266943854
12898,2017-12-20 10:00:00,2017-12-20 11:00:00,4.64300012588501,2.6364480869190103
12899,2017-12-20 11:00:00,2017-12-20 12:00:00,3.799000024795532,21.432089418978304
12900,2017-12-20 12:00:00,2017-12-20 13:00:00,4.7129998207092285,27.54110673096803
12901,2017-12-20 13:00:00,2017-12-20 14:00:00,5.557000160217285,17.05858838880384
12902,2017-12-20 14:00:00,2017-12-20 15:00:00,4.64300012588501,16.694129969622637
12903,2017-12-20 15:00:00,2017-12-20 16:00:00,4.7129998207092285,23.46264346870216
12904,2017-12-20 16:00:00,2017-12-20 17:00:00,5.839000225067139,17.449079552212275
12905,2017-12-20 17:00:00,2017-12-20 18:00:00,5.3460001945495605,6.411195999867206
12906,2017-12-20 18:00:00,2017-12-20 19:00:00,5.557000160217285,4.719067625097325
12907,2017-12-20 19:00:00,2017-12-20 20:00:00,5.416999816894531,20.130452207616855
12908,2017-12-20 20:00:00,2017-12-20 21:00:00,4.7129998207092285,8.181422607318774
12909,2017-12-20 21:00:00,2017-12-20 22:00:00,4.923999786376953,2.9488410176457576
12910,2017-12-20 22:00:00,2017-12-20 23:00:00,4.994999885559082,21.744482349705052
12911,2017-12-20 23:00:00,2017-12-21 00:00:00,4.572999954223633,9.613223539816364
12912,2017-12-21 00:00:00,2017-12-21 01:00:00,4.923999786376953,7.322342047820219
12913,2017-12-21 01:00:00,2017-12-21 02:00:00,4.923999786376953,12.815251079765526
12914,2017-12-21 02:00:00,2017-12-21 03:00:00,4.994999885559082,20.494910626798063
12915,2017-12-21 03:00:00,2017-12-21 04:00:00,4.64300012588501,4.927329578915157
12916,2017-12-21 04:00:00,2017-12-21 05:00:00,4.8540000915527335,19.870124765344567
12917,2017-12-21 05:00:00,2017-12-21 06:00:00,4.010000228881837,4.667002136642867
12918,2017-12-21 06:00:00,2017-12-21 07:00:00,4.432000160217285,16.954457411894925
12919,2017-12-21 07:00:00,2017-12-21 08:00:00,4.361999988555908,5.291787998096361
12920,2017-12-21 08:00:00,2017-12-21 09:00:00,4.7129998207092285,3.521561390644794
12921,2017-12-21 09:00:00,2017-12-21 10:00:00,5.3460001945495605,17.475112296439505
12922,2017-12-21 10:00:00,2017-12-21 11:00:00,5.908999919891357,6.827719907502869
12923,2017-12-21 11:00:00,2017-12-21 12:00:00,5.135000228881836,12.893349312447214
12924,2017-12-21 12:00:00,2017-12-21 13:00:00,7.879000186920166,25.90972142606168
12925,2017-12-21 13:00:00,2017-12-21 14:00:00,8.51200008392334,33.25095529814024
12926,2017-12-21 14:00:00,2017-12-21 15:00:00,7.526999950408935,13.101611266265042
12927,2017-12-21 15:00:00,2017-12-21 16:00:00,7.879000186920166,7.322342047820219
12928,2017-12-21 16:00:00,2017-12-21 17:00:00,6.894000053405763,21.432089418978304
12929,2017-12-21 17:00:00,2017-12-21 18:00:00,6.401999950408936,7.660767722774195
12930,2017-12-21 18:00:00,2017-12-21 19:00:00,5.3460001945495605,6.202934046049375
12931,2017-12-21 19:00:00,2017-12-21 20:00:00,5.276000022888184,18.82881499625541
12932,2017-12-21 20:00:00,2017-12-21 21:00:00,4.8540000915527335,16.64206448116818
12933,2017-12-21 21:00:00,2017-12-21 22:00:00,4.7839999198913565,21.874646070841195
12934,2017-12-21 22:00:00,2017-12-21 23:00:00,4.7839999198913565,4.3546092059161206
12935,2017-12-21 23:00:00,2017-12-22 00:00:00,4.8540000915527335,17.735439738711793
12936,2017-12-22 00:00:00,2017-12-22 01:00:00,4.994999885559082,16.485868015804805
12937,2017-12-22 01:00:00,2017-12-22 02:00:00,5.205999851226807,17.1106538772583
12938,2017-12-22 02:00:00,2017-12-22 03:00:00,4.994999885559082,12.060301497175885
12939,2017-12-22 03:00:00,2017-12-22 04:00:00,4.923999786376953,16.694129969622637
12940,2017-12-22 04:00:00,2017-12-22 05:00:00,4.7129998207092285,6.281032278731062
12941,2017-12-22 05:00:00,2017-12-22 06:00:00,4.8540000915527335,11.018991728086728
12942,2017-12-22 06:00:00,2017-12-22 07:00:00,5.135000228881836,11.018991728086728
12943,2017-12-22 07:00:00,2017-12-22 08:00:00,5.3460001945495605,18.04783266943854
12944,2017-12-22 08:00:00,2017-12-22 09:00:00,5.276000022888184,6.07277032491323
12945,2017-12-22 09:00:00,2017-12-22 10:00:00,6.119999885559082,7.478538513183593
12946,2017-12-22 10:00:00,2017-12-22 11:00:00,7.809000015258789,6.228966790276604
12947,2017-12-22 11:00:00,2017-12-22 12:00:00,7.456999778747559,8.181422607318774
12948,2017-12-22 12:00:00,2017-12-22 13:00:00,9.28600025177002,6.853752651730098
12949,2017-12-22 13:00:00,2017-12-22 14:00:00,9.708000183105467,9.24876512063516
12950,2017-12-22 14:00:00,2017-12-22 15:00:00,7.879000186920166,10.290074889724316
12951,2017-12-22 15:00:00,2017-12-22 16:00:00,7.809000015258789,7.660767722774195
12952,2017-12-22 16:00:00,2017-12-22 17:00:00,7.386000156402588,7.869029676592026
12953,2017-12-22 17:00:00,2017-12-22 18:00:00,6.61299991607666,7.452505768956364
12954,2017-12-22 18:00:00,2017-12-22 19:00:00,6.261000156402588,6.489294232548892
12955,2017-12-22 19:00:00,2017-12-22 20:00:00,6.261000156402588,6.411195999867206
12956,2017-12-22 20:00:00,2017-12-22 21:00:00,5.9790000915527335,6.697556186366724
12957,2017-12-22 21:00:00,2017-12-22 22:00:00,5.135000228881836,6.107480650549536
12958,2017-12-22 22:00:00,2017-12-22 23:00:00,5.486999988555908,18.12593090212023
12959,2017-12-22 23:00:00,2017-12-23 00:00:00,5.416999816894531,6.957883628639014
12960,2017-12-23 00:00:00,2017-12-23 01:00:00,5.065000057220459,9.821485493634196
12961,2017-12-23 01:00:00,2017-12-23 02:00:00,5.9790000915527335,10.914860751177812
12962,2017-12-23 02:00:00,2017-12-23 03:00:00,4.994999885559082,6.80168716327564
12963,2017-12-23 03:00:00,2017-12-23 04:00:00,5.205999851226807,4.2765109732344335
12964,2017-12-23 04:00:00,2017-12-23 05:00:00,5.697999954223633,6.281032278731062
12965,2017-12-23 05:00:00,2017-12-23 06:00:00,5.416999816894531,6.07277032491323
12966,2017-12-23 06:00:00,2017-12-23 07:00:00,4.994999885559082,10.914860751177812
12967,2017-12-23 07:00:00,2017-12-23 08:00:00,5.065000057220459,10.602467820451064
12968,2017-12-23 08:00:00,2017-12-23 09:00:00,6.401999950408936,20.62507434793421
12969,2017-12-23 09:00:00,2017-12-23 10:00:00,6.541999816894531,6.853752651730098
12970,2017-12-23 10:00:00,2017-12-23 11:00:00,7.456999778747559,11.852039543358055
12971,2017-12-23 11:00:00,2017-12-23 12:00:00,7.597000122070312,13.023513033583358
12972,2017-12-23 12:00:00,2017-12-23 13:00:00,7.879000186920166,7.478538513183593
12973,2017-12-23 13:00:00,2017-12-23 14:00:00,8.230999946594237,20.130452207616855
12974,2017-12-23 14:00:00,2017-12-23 15:00:00,6.4720001220703125,9.24876512063516
12975,2017-12-23 15:00:00,2017-12-23 16:00:00,6.190999984741211,23.931232864792282
12976,2017-12-23 16:00:00,2017-12-23 17:00:00,6.61299991607666,25.49319751842602
12977,2017-12-23 17:00:00,2017-12-23 18:00:00,5.697999954223633,22.056875280431797
12978,2017-12-23 18:00:00,2017-12-23 19:00:00,5.908999919891357,10.741309122996286
12979,2017-12-23 19:00:00,2017-12-23 20:00:00,5.697999954223633,5.239722509641903
12980,2017-12-23 20:00:00,2017-12-23 21:00:00,4.64300012588501,11.22725368190456
12981,2017-12-23 21:00:00,2017-12-23 22:00:00,3.6579999923706055,10.290074889724316
12982,2017-12-23 22:00:00,2017-12-23 23:00:00,3.6579999923706055,17.05858838880384
12983,2017-12-23 23:00:00,2017-12-24 00:00:00,3.588000059127808,38.301307678222656
12984,2017-12-24 00:00:00,2017-12-24 01:00:00,3.6579999923706055,19.271371648118304
12985,2017-12-24 01:00:00,2017-12-24 02:00:00,4.361999988555908,15.913147642805768
12986,2017-12-24 02:00:00,2017-12-24 03:00:00,4.010000228881837,22.161006257340713
12987,2017-12-24 03:00:00,2017-12-24 04:00:00,4.150000095367432,18.516422065528662
12988,2017-12-24 04:00:00,2017-12-24 05:00:00,2.9549999237060547,16.069344108169144
12989,2017-12-24 05:00:00,2017-12-24 06:00:00,3.095000028610228,9.821485493634196
12990,2017-12-24 06:00:00,2017-12-24 07:00:00,2.602999925613404,18.662205433201144
12991,2017-12-24 07:00:00,2017-12-24 08:00:00,3.095000028610228,18.594520298210348
12992,2017-12-24 08:00:00,2017-12-24 09:00:00,2.3919999599456787,19.453600857708903
12993,2017-12-24 09:00:00,2017-12-24 10:00:00,2.9549999237060547,6.385163255639977
12994,2017-12-24 10:00:00,2017-12-24 11:00:00,4.501999855041504,6.853752651730098
12995,2017-12-24 11:00:00,2017-12-24 12:00:00,2.884000062942505,26.846900218241924
12996,2017-12-24 12:00:00,2017-12-24 13:00:00,3.86899995803833,21.432089418978304
12997,2017-12-24 13:00:00,2017-12-24 14:00:00,4.2210001945495605,21.53622039588722
12998,2017-12-24 14:00:00,2017-12-24 15:00:00,3.5169999599456787,22.44736644384023
12999,2017-12-24 15:00:00,2017-12-24 16:00:00,3.6579999923706055,19.0891424385277
13000,2017-12-24 16:00:00,2017-12-24 17:00:00,4.64300012588501,23.358512491793245
13001,2017-12-24 17:00:00,2017-12-24 18:00:00,4.994999885559082,17.52717778489396
13002,2017-12-24 18:00:00,2017-12-24 19:00:00,4.64300012588501,6.281032278731062
13003,2017-12-24 19:00:00,2017-12-24 20:00:00,4.994999885559082,9.24876512063516
13004,2017-12-24 20:00:00,2017-12-24 21:00:00,4.7839999198913565,16.694129969622637
13005,2017-12-24 21:00:00,2017-12-24 22:00:00,4.64300012588501,4.979395067369615
13006,2017-12-24 22:00:00,2017-12-24 23:00:00,4.2210001945495605,17.318915831076133
13007,2017-12-24 23:00:00,2017-12-25 00:00:00,4.501999855041504,3.8339543213715412
13008,2017-12-25 00:00:00,2017-12-25 01:00:00,3.86899995803833,16.87635917921324
13009,2017-12-25 01:00:00,2017-12-25 02:00:00,4.572999954223633,14.845805129489383
13010,2017-12-25 02:00:00,2017-12-25 03:00:00,5.276000022888184,7.114080094002387
13011,2017-12-25 03:00:00,2017-12-25 04:00:00,5.3460001945495605,13.309873220082874
13012,2017-12-25 04:00:00,2017-12-25 05:00:00,4.994999885559082,5.864508371095398
13013,2017-12-25 05:00:00,2017-12-25 06:00:00,4.923999786376953,6.07277032491323
13014,2017-12-25 06:00:00,2017-12-25 07:00:00,4.7839999198913565,19.037076950073242
13015,2017-12-25 07:00:00,2017-12-25 08:00:00,5.3460001945495605,9.821485493634196
13016,2017-12-25 08:00:00,2017-12-25 09:00:00,4.8540000915527335,17.266850342621673
13017,2017-12-25 09:00:00,2017-12-25 10:00:00,5.205999851226807,4.614936648188409
13018,2017-12-25 10:00:00,2017-12-25 11:00:00,5.908999919891357,16.87635917921324
13019,2017-12-25 11:00:00,2017-12-25 12:00:00,5.486999988555908,22.629595653430833
13020,2017-12-25 12:00:00,2017-12-25 13:00:00,7.0349998474121085,6.645490697912266
13021,2017-12-25 13:00:00,2017-12-25 14:00:00,7.456999778747559,24.035363841701198
13022,2017-12-25 14:00:00,2017-12-25 15:00:00,6.261000156402588,6.228966790276604
13023,2017-12-25 15:00:00,2017-12-25 16:00:00,5.9790000915527335,9.430994330225763
13024,2017-12-25 16:00:00,2017-12-25 17:00:00,6.050000190734862,8.51984828227275
13025,2017-12-25 17:00:00,2017-12-25 18:00:00,5.205999851226807,25.96178691451614
13026,2017-12-25 18:00:00,2017-12-25 19:00:00,4.7129998207092285,4.875264090460699
13027,2017-12-25 19:00:00,2017-12-25 20:00:00,4.572999954223633,4.719067625097325
13028,2017-12-25 20:00:00,2017-12-25 21:00:00,4.8540000915527335,3.9901507867349144
13029,2017-12-25 21:00:00,2017-12-25 22:00:00,4.7839999198913565,4.406674694370579
13030,2017-12-25 22:00:00,2017-12-25 23:00:00,4.432000160217285,18.620553042437578
13031,2017-12-25 23:00:00,2017-12-26 00:00:00,4.290999889373778,4.2504782290072045
13032,2017-12-26 00:00:00,2017-12-26 01:00:00,4.994999885559082,4.3546092059161206
13033,2017-12-26 01:00:00,2017-12-26 02:00:00,4.8540000915527335,4.719067625097325
13034,2017-12-26 02:00:00,2017-12-26 03:00:00,4.290999889373778,4.875264090460699
13035,2017-12-26 03:00:00,2017-12-26 04:00:00,4.079999923706056,8.623979259181667
13036,2017-12-26 04:00:00,2017-12-26 05:00:00,4.290999889373778,9.24876512063516
13037,2017-12-26 05:00:00,2017-12-26 06:00:00,3.86899995803833,14.351182989172031
13038,2017-12-26 06:00:00,2017-12-26 07:00:00,4.150000095367432,13.93465908153637
13039,2017-12-26 07:00:00,2017-12-26 08:00:00,4.432000160217285,4.3546092059161206
13040,2017-12-26 08:00:00,2017-12-26 09:00:00,4.7129998207092285,8.858273957226727
13041,2017-12-26 09:00:00,2017-12-26 10:00:00,4.079999923706056,16.485868015804805
13042,2017-12-26 10:00:00,2017-12-26 11:00:00,4.8540000915527335,22.629595653430833
13043,2017-12-26 11:00:00,2017-12-26 12:00:00,5.3460001945495605,5.109558788505759
13044,2017-12-26 12:00:00,2017-12-26 13:00:00,5.416999816894531,11.695843077994681
13045,2017-12-26 13:00:00,2017-12-26 14:00:00,5.486999988555908,17.9176689483024
13046,2017-12-26 14:00:00,2017-12-26 15:00:00,5.486999988555908,5.500049951914193
13047,2017-12-26 15:00:00,2017-12-26 16:00:00,5.486999988555908,5.395918975005277
13048,2017-12-26 16:00:00,2017-12-26 17:00:00,5.908999919891357,20.963500022888184
13049,2017-12-26 17:00:00,2017-12-26 18:00:00,5.76800012588501,14.66357591989878
13050,2017-12-26 18:00:00,2017-12-26 19:00:00,5.697999954223633,16.64206448116818
13051,2017-12-26 19:00:00,2017-12-26 20:00:00,5.135000228881836,5.291787998096361
13052,2017-12-26 20:00:00,2017-12-26 21:00:00,4.290999889373778,5.291787998096361
13053,2017-12-26 21:00:00,2017-12-26 22:00:00,3.938999891281128,3.261233948372505
13054,2017-12-26 22:00:00,2017-12-26 23:00:00,3.7279999256134033,15.1321653159889
13055,2017-12-26 23:00:00,2017-12-27 00:00:00,3.3059999942779537,12.737152847083838
13056,2017-12-27 00:00:00,2017-12-27 01:00:00,3.236000061035156,22.26513723424963
13057,2017-12-27 01:00:00,2017-12-27 02:00:00,2.9549999237060547,11.314029495995323
13058,2017-12-27 02:00:00,2017-12-27 03:00:00,2.602999925613404,15.080099827534443
13059,2017-12-27 03:00:00,2017-12-27 04:00:00,2.602999925613404,15.080099827534443
13060,2017-12-27 04:00:00,2017-12-27 05:00:00,2.180999994277954,16.277606061986972
13061,2017-12-27 05:00:00,2017-12-27 06:00:00,1.89900004863739,12.94541480090167
13062,2017-12-27 06:00:00,2017-12-27 07:00:00,2.321000099182129,21.48415490743276
13063,2017-12-27 07:00:00,2017-12-27 08:00:00,2.180999994277954,7.452505768956364
13064,2017-12-27 08:00:00,2017-12-27 09:00:00,2.180999994277954,9.387606423180381
13065,2017-12-27 09:00:00,2017-12-27 10:00:00,2.3919999599456787,18.04783266943854
13066,2017-12-27 10:00:00,2017-12-27 11:00:00,2.461999893188477,7.114080094002387
13067,2017-12-27 11:00:00,2017-12-27 12:00:00,2.813999891281128,21.432089418978304
13068,2017-12-27 12:00:00,2017-12-27 13:00:00,3.095000028610228,27.54110673096803
13069,2017-12-27 13:00:00,2017-12-27 14:00:00,2.813999891281128,3.573626879099252
13070,2017-12-27 14:00:00,2017-12-27 15:00:00,2.884000062942505,16.694129969622637
13071,2017-12-27 15:00:00,2017-12-27 16:00:00,3.025000095367432,23.46264346870216
13072,2017-12-27 16:00:00,2017-12-27 17:00:00,3.4470000267028813,17.449079552212275
13073,2017-12-27 17:00:00,2017-12-27 18:00:00,3.3059999942779537,23.306447003338786
13074,2017-12-27 18:00:00,2017-12-27 19:00:00,3.3059999942779537,16.09537685239637
13075,2017-12-27 19:00:00,2017-12-27 20:00:00,3.7279999256134033,20.130452207616855
13076,2017-12-27 20:00:00,2017-12-27 21:00:00,4.079999923706056,8.181422607318774
13077,2017-12-27 21:00:00,2017-12-27 22:00:00,3.799000024795532,6.228966790276604
13078,2017-12-27 22:00:00,2017-12-27 23:00:00,4.079999923706056,21.744482349705052
13079,2017-12-27 23:00:00,2017-12-28 00:00:00,4.150000095367432,9.613223539816364
13080,2017-12-28 00:00:00,2017-12-28 01:00:00,4.290999889373778,7.322342047820219
13081,2017-12-28 01:00:00,2017-12-28 02:00:00,4.361999988555908,12.815251079765526
13082,2017-12-28 02:00:00,2017-12-28 03:00:00,4.64300012588501,20.494910626798063
13083,2017-12-28 03:00:00,2017-12-28 04:00:00,4.7839999198913565,15.522656479397336
13084,2017-12-28 04:00:00,2017-12-28 05:00:00,5.205999851226807,19.870124765344567
13085,2017-12-28 05:00:00,2017-12-28 06:00:00,5.135000228881836,4.667002136642867
13086,2017-12-28 06:00:00,2017-12-28 07:00:00,5.3460001945495605,16.954457411894925
13087,2017-12-28 07:00:00,2017-12-28 08:00:00,4.501999855041504,20.23458318452577
13088,2017-12-28 08:00:00,2017-12-28 09:00:00,5.135000228881836,3.7037906002353966
13089,2017-12-28 09:00:00,2017-12-28 10:00:00,4.572999954223633,17.449079552212275
13090,2017-12-28 10:00:00,2017-12-28 11:00:00,4.994999885559082,13.049545777810586
13091,2017-12-28 11:00:00,2017-12-28 12:00:00,4.8540000915527335,12.893349312447214
13092,2017-12-28 12:00:00,2017-12-28 13:00:00,5.416999816894531,6.80168716327564
13093,2017-12-28 13:00:00,2017-12-28 14:00:00,5.135000228881836,5.395918975005277
13094,2017-12-28 14:00:00,2017-12-28 15:00:00,6.050000190734862,13.101611266265042
13095,2017-12-28 15:00:00,2017-12-28 16:00:00,6.4720001220703125,6.827719907502869
13096,2017-12-28 16:00:00,2017-12-28 17:00:00,6.261000156402588,5.916573859549856
13097,2017-12-28 17:00:00,2017-12-28 18:00:00,5.557000160217285,6.853752651730098
13098,2017-12-28 18:00:00,2017-12-28 19:00:00,5.3460001945495605,6.202934046049375
13099,2017-12-28 19:00:00,2017-12-28 20:00:00,5.697999954223633,5.291787998096361
13100,2017-12-28 20:00:00,2017-12-28 21:00:00,5.839000225067139,16.64206448116818
13101,2017-12-28 21:00:00,2017-12-28 22:00:00,6.261000156402588,21.874646070841195
13102,2017-12-28 22:00:00,2017-12-28 23:00:00,6.190999984741211,6.202934046049375
13103,2017-12-28 23:00:00,2017-12-29 00:00:00,6.541999816894531,7.478538513183593
13104,2017-12-29 00:00:00,2017-12-29 01:00:00,6.61299991607666,16.485868015804805
13105,2017-12-29 01:00:00,2017-12-29 02:00:00,6.541999816894531,6.411195999867206
13106,2017-12-29 02:00:00,2017-12-29 03:00:00,6.541999816894531,7.452505768956364
13107,2017-12-29 03:00:00,2017-12-29 04:00:00,6.683000087738037,6.697556186366724
13108,2017-12-29 04:00:00,2017-12-29 05:00:00,7.0349998474121085,7.114080094002387
13109,2017-12-29 05:00:00,2017-12-29 06:00:00,6.894000053405763,12.815251079765526
13110,2017-12-29 06:00:00,2017-12-29 07:00:00,6.823999881744385,6.957883628639014
13111,2017-12-29 07:00:00,2017-12-29 08:00:00,7.668000221252441,18.04783266943854
13112,2017-12-29 08:00:00,2017-12-29 09:00:00,7.105000019073486,8.28555358422769
13113,2017-12-29 09:00:00,2017-12-29 10:00:00,8.020000457763674,10.290074889724316
13114,2017-12-29 10:00:00,2017-12-29 11:00:00,8.020000457763674,8.28555358422769
13115,2017-12-29 11:00:00,2017-12-29 12:00:00,6.541999816894531,7.738865955455881
13116,2017-12-29 12:00:00,2017-12-29 13:00:00,6.752999782562256,9.30083060908962
13117,2017-12-29 13:00:00,2017-12-29 14:00:00,7.105000019073486,6.80168716327564
13118,2017-12-29 14:00:00,2017-12-29 15:00:00,7.175000190734862,8.181422607318774
13119,2017-12-29 15:00:00,2017-12-29 16:00:00,7.245999813079834,7.842996932364797
13120,2017-12-29 16:00:00,2017-12-29 17:00:00,7.879000186920166,14.845805129489383
13121,2017-12-29 17:00:00,2017-12-29 18:00:00,6.541999816894531,7.895062420819255
13122,2017-12-29 18:00:00,2017-12-29 19:00:00,6.61299991607666,9.30083060908962
13123,2017-12-29 19:00:00,2017-12-29 20:00:00,6.964000225067139,6.228966790276604
13124,2017-12-29 20:00:00,2017-12-29 21:00:00,6.3309998512268075,6.957883628639014
13125,2017-12-29 21:00:00,2017-12-29 22:00:00,5.839000225067139,6.020704836458772
13126,2017-12-29 22:00:00,2017-12-29 23:00:00,7.245999813079834,7.114080094002387
13127,2017-12-29 23:00:00,2017-12-30 00:00:00,7.105000019073486,7.895062420819255
13128,2017-12-30 00:00:00,2017-12-30 01:00:00,7.456999778747559,10.290074889724316
13129,2017-12-30 01:00:00,2017-12-30 02:00:00,6.752999782562256,6.853752651730098
13130,2017-12-30 02:00:00,2017-12-30 03:00:00,5.065000057220459,6.645490697912266
13131,2017-12-30 03:00:00,2017-12-30 04:00:00,4.572999954223633,21.48415490743276
13132,2017-12-30 04:00:00,2017-12-30 05:00:00,3.236000061035156,6.281032278731062
13133,2017-12-30 05:00:00,2017-12-30 06:00:00,3.377000093460083,16.64206448116818
13134,2017-12-30 06:00:00,2017-12-30 07:00:00,4.010000228881837,10.914860751177812
13135,2017-12-30 07:00:00,2017-12-30 08:00:00,4.361999988555908,10.602467820451064
13136,2017-12-30 08:00:00,2017-12-30 09:00:00,3.236000061035156,20.62507434793421
13137,2017-12-30 09:00:00,2017-12-30 10:00:00,3.3059999942779537,3.261233948372505
13138,2017-12-30 10:00:00,2017-12-30 11:00:00,4.010000228881837,11.852039543358055
13139,2017-12-30 11:00:00,2017-12-30 12:00:00,2.6730000972747803,13.023513033583358
13140,2017-12-30 12:00:00,2017-12-30 13:00:00,2.532000064849853,10.914860751177812
13141,2017-12-30 13:00:00,2017-12-30 14:00:00,3.7279999256134033,20.130452207616855
13142,2017-12-30 14:00:00,2017-12-30 15:00:00,2.6730000972747803,8.571913770727207
13143,2017-12-30 15:00:00,2017-12-30 16:00:00,3.3059999942779537,23.931232864792282
13144,2017-12-30 16:00:00,2017-12-30 17:00:00,3.938999891281128,25.49319751842602
13145,2017-12-30 17:00:00,2017-12-30 18:00:00,4.7129998207092285,22.056875280431797
13146,2017-12-30 18:00:00,2017-12-30 19:00:00,4.150000095367432,10.741309122996286
13147,2017-12-30 19:00:00,2017-12-30 20:00:00,4.2210001945495605,10.914860751177812
13148,2017-12-30 20:00:00,2017-12-30 21:00:00,4.290999889373778,11.22725368190456
13149,2017-12-30 21:00:00,2017-12-30 22:00:00,4.290999889373778,10.290074889724316
13150,2017-12-30 22:00:00,2017-12-30 23:00:00,4.432000160217285,17.05858838880384
13151,2017-12-30 23:00:00,2017-12-31 00:00:00,4.2210001945495605,38.301307678222656
13152,2017-12-31 00:00:00,2017-12-31 01:00:00,4.2210001945495605,19.271371648118304
13153,2017-12-31 01:00:00,2017-12-31 02:00:00,4.2210001945495605,15.913147642805768
13154,2017-12-31 02:00:00,2017-12-31 03:00:00,4.2210001945495605,22.161006257340713
13155,2017-12-31 03:00:00,2017-12-31 04:00:00,4.2210001945495605,18.516422065528662
13156,2017-12-31 04:00:00,2017-12-31 05:00:00,4.2210001945495605,3.469495902190336
13157,2017-12-31 05:00:00,2017-12-31 06:00:00,4.2210001945495605,9.821485493634196
13158,2017-12-31 06:00:00,2017-12-31 07:00:00,4.2210001945495605,18.662205433201144
13159,2017-12-31 07:00:00,2017-12-31 08:00:00,4.2210001945495605,4.484772927052265
13160,2017-12-31 08:00:00,2017-12-31 09:00:00,4.2210001945495605,19.453600857708903
13161,2017-12-31 09:00:00,2017-12-31 10:00:00,4.2210001945495605,4.719067625097325
13162,2017-12-31 10:00:00,2017-12-31 11:00:00,4.2210001945495605,6.853752651730098
13163,2017-12-31 11:00:00,2017-12-31 12:00:00,4.2210001945495605,5.916573859549856
13164,2017-12-31 12:00:00,2017-12-31 13:00:00,4.2210001945495605,21.432089418978304
13165,2017-12-31 13:00:00,2017-12-31 14:00:00,4.2210001945495605,21.53622039588722
13166,2017-12-31 14:00:00,2017-12-31 15:00:00,4.2210001945495605,3.521561390644794
13167,2017-12-31 15:00:00,2017-12-31 16:00:00,4.2210001945495605,19.0891424385277
13168,2017-12-31 16:00:00,2017-12-31 17:00:00,4.2210001945495605,23.358512491793245
13169,2017-12-31 17:00:00,2017-12-31 18:00:00,4.2210001945495605,17.52717778489396
13170,2017-12-31 18:00:00,2017-12-31 19:00:00,4.2210001945495605,6.281032278731062
13171,2017-12-31 19:00:00,2017-12-31 20:00:00,4.2210001945495605,9.24876512063516
13172,2017-12-31 20:00:00,2017-12-31 21:00:00,4.2210001945495605,7.660767722774195
13173,2017-12-31 21:00:00,2017-12-31 22:00:00,4.2210001945495605,16.668097225395407
13174,2017-12-31 22:00:00,2017-12-31 23:00:00,4.2210001945495605,17.318915831076133
13175,2017-12-31 23:00:00,2018-01-01 00:00:00,5.205999851226807,4.484772927052265
13176,2018-01-01 00:00:00,2018-01-01 01:00:00,4.501999855041504,16.87635917921324
13177,2018-01-01 01:00:00,2018-01-01 02:00:00,4.994999885559082,14.845805129489383
13178,2018-01-01 02:00:00,2018-01-01 03:00:00,4.290999889373778,18.698651275119268
13179,2018-01-01 03:00:00,2018-01-01 04:00:00,4.150000095367432,4.2504782290072045
13180,2018-01-01 04:00:00,2018-01-01 05:00:00,4.010000228881837,3.313299436826963
13181,2018-01-01 05:00:00,2018-01-01 06:00:00,4.010000228881837,23.098185049520957
13182,2018-01-01 06:00:00,2018-01-01 07:00:00,3.588000059127808,19.037076950073242
13183,2018-01-01 07:00:00,2018-01-01 08:00:00,3.236000061035156,9.821485493634196
13184,2018-01-01 08:00:00,2018-01-01 09:00:00,3.4470000267028813,4.042216275189372
13185,2018-01-01 09:00:00,2018-01-01 10:00:00,3.377000093460083,24.347756772427946
13186,2018-01-01 10:00:00,2018-01-01 11:00:00,4.432000160217285,4.875264090460699
13187,2018-01-01 11:00:00,2018-01-01 12:00:00,3.86899995803833,22.629595653430833
13188,2018-01-01 12:00:00,2018-01-01 13:00:00,4.2210001945495605,16.09537685239637
13189,2018-01-01 13:00:00,2018-01-01 14:00:00,4.923999786376953,6.202934046049375
13190,2018-01-01 14:00:00,2018-01-01 15:00:00,3.938999891281128,6.228966790276604
13191,2018-01-01 15:00:00,2018-01-01 16:00:00,4.150000095367432,16.87635917921324
13192,2018-01-01 16:00:00,2018-01-01 17:00:00,3.938999891281128,5.031460555824073
13193,2018-01-01 17:00:00,2018-01-01 18:00:00,3.7279999256134033,5.239722509641903
13194,2018-01-01 18:00:00,2018-01-01 19:00:00,3.4470000267028813,27.055162172059752
13195,2018-01-01 19:00:00,2018-01-01 20:00:00,3.236000061035156,19.0891424385277
13196,2018-01-01 20:00:00,2018-01-01 21:00:00,3.095000028610228,20.130452207616855
13197,2018-01-01 21:00:00,2018-01-01 22:00:00,2.884000062942505,15.1321653159889
13198,2018-01-01 22:00:00,2018-01-01 23:00:00,2.884000062942505,18.620553042437578
13199,2018-01-01 23:00:00,2018-01-02 00:00:00,2.884000062942505,4.2504782290072045
13200,2018-01-02 00:00:00,2018-01-02 01:00:00,3.5169999599456787,10.290074889724316
13201,2018-01-02 01:00:00,2018-01-02 02:00:00,3.799000024795532,14.66357591989878
13202,2018-01-02 02:00:00,2018-01-02 03:00:00,3.86899995803833,4.875264090460699
13203,2018-01-02 03:00:00,2018-01-02 04:00:00,3.86899995803833,8.623979259181667
13204,2018-01-02 04:00:00,2018-01-02 05:00:00,3.86899995803833,9.24876512063516
13205,2018-01-02 05:00:00,2018-01-02 06:00:00,4.64300012588501,14.351182989172031
13206,2018-01-02 06:00:00,2018-01-02 07:00:00,4.8540000915527335,13.93465908153637
13207,2018-01-02 07:00:00,2018-01-02 08:00:00,4.7129998207092285,7.947127909273713
13208,2018-01-02 08:00:00,2018-01-02 09:00:00,4.8540000915527335,7.947127909273714
13209,2018-01-02 09:00:00,2018-01-02 10:00:00,5.065000057220459,16.485868015804805
13210,2018-01-02 10:00:00,2018-01-02 11:00:00,5.697999954223633,4.875264090460699
13211,2018-01-02 11:00:00,2018-01-02 12:00:00,5.9790000915527335,8.415717305363835
13212,2018-01-02 12:00:00,2018-01-02 13:00:00,5.486999988555908,11.695843077994681
13213,2018-01-02 13:00:00,2018-01-02 14:00:00,5.908999919891357,6.697556186366724
13214,2018-01-02 14:00:00,2018-01-02 15:00:00,6.894000053405763,11.695843077994681
13215,2018-01-02 15:00:00,2018-01-02 16:00:00,6.190999984741211,9.24876512063516
13216,2018-01-02 16:00:00,2018-01-02 17:00:00,6.61299991607666,6.489294232548892
13217,2018-01-02 17:00:00,2018-01-02 18:00:00,5.065000057220459,14.66357591989878
13218,2018-01-02 18:00:00,2018-01-02 19:00:00,4.432000160217285,5.291787998096361
13219,2018-01-02 19:00:00,2018-01-02 20:00:00,4.150000095367432,5.291787998096361
13220,2018-01-02 20:00:00,2018-01-02 21:00:00,3.86899995803833,4.2504782290072045
13221,2018-01-02 21:00:00,2018-01-02 22:00:00,4.361999988555908,12.841283823992754
13222,2018-01-02 22:00:00,2018-01-02 23:00:00,3.5169999599456787,15.1321653159889
13223,2018-01-02 23:00:00,2018-01-03 00:00:00,3.4470000267028813,3.3913976695086494
13224,2018-01-03 00:00:00,2018-01-03 01:00:00,2.6730000972747803,22.26513723424963
13225,2018-01-03 01:00:00,2018-01-03 02:00:00,1.8289999961853027,9.430994330225763
13226,2018-01-03 02:00:00,2018-01-03 03:00:00,2.180999994277954,15.080099827534443
13227,2018-01-03 03:00:00,2018-01-03 04:00:00,0.703000009059906,15.080099827534443
13228,2018-01-03 04:00:00,2018-01-03 05:00:00,1.8289999961853027,16.277606061986972
13229,2018-01-03 05:00:00,2018-01-03 06:00:00,2.180999994277954,12.94541480090167
13230,2018-01-03 06:00:00,2018-01-03 07:00:00,1.89900004863739,21.48415490743276
13231,2018-01-03 07:00:00,2018-01-03 08:00:00,0.843999981880188,7.452505768956364
13232,2018-01-03 08:00:00,2018-01-03 09:00:00,0.0,9.387606423180381
13233,2018-01-03 09:00:00,2018-01-03 10:00:00,1.618000030517578,18.04783266943854
13234,2018-01-03 10:00:00,2018-01-03 11:00:00,0.0,7.114080094002387
13235,2018-01-03 11:00:00,2018-01-03 12:00:00,0.0,21.432089418978304
13236,2018-01-03 12:00:00,2018-01-03 13:00:00,-0.6330000162124634,27.54110673096803
13237,2018-01-03 13:00:00,2018-01-03 14:00:00,0.0,17.05858838880384
13238,2018-01-03 14:00:00,2018-01-03 15:00:00,-1.2660000324249268,16.694129969622637
13239,2018-01-03 15:00:00,2018-01-03 16:00:00,-1.1959999799728394,23.46264346870216
13240,2018-01-03 16:00:00,2018-01-03 17:00:00,-1.89900004863739,17.449079552212275
13241,2018-01-03 17:00:00,2018-01-03 18:00:00,-2.039999961853028,23.306447003338786
13242,2018-01-03 18:00:00,2018-01-03 19:00:00,-2.1099998950958248,16.09537685239637
13243,2018-01-03 19:00:00,2018-01-03 20:00:00,-2.250999927520752,21.53622039588722
13244,2018-01-03 20:00:00,2018-01-03 21:00:00,-2.250999927520752,8.181422607318774
13245,2018-01-03 21:00:00,2018-01-03 22:00:00,-2.321000099182129,23.540741701383844
13246,2018-01-03 22:00:00,2018-01-03 23:00:00,-2.3919999599456787,21.744482349705052
13247,2018-01-03 23:00:00,2018-01-04 00:00:00,-2.039999961853028,9.613223539816364
13248,2018-01-04 00:00:00,2018-01-04 01:00:00,-2.6730000972747803,7.322342047820219
13249,2018-01-04 01:00:00,2018-01-04 02:00:00,-2.74399995803833,15.522656479397336
13250,2018-01-04 02:00:00,2018-01-04 03:00:00,-2.532000064849853,20.494910626798063
13251,2018-01-04 03:00:00,2018-01-04 04:00:00,-2.6730000972747803,15.522656479397336
13252,2018-01-04 04:00:00,2018-01-04 05:00:00,-2.461999893188477,19.870124765344567
13253,2018-01-04 05:00:00,2018-01-04 06:00:00,-2.602999925613404,16.329671550441432
13254,2018-01-04 06:00:00,2018-01-04 07:00:00,-2.461999893188477,16.954457411894925
13255,2018-01-04 07:00:00,2018-01-04 08:00:00,-2.321000099182129,20.23458318452577
13256,2018-01-04 08:00:00,2018-01-04 09:00:00,-2.250999927520752,20.70317258061589
13257,2018-01-04 09:00:00,2018-01-04 10:00:00,-2.250999927520752,13.431359359809944
13258,2018-01-04 10:00:00,2018-01-04 11:00:00,-2.180999994277954,13.049545777810586
13259,2018-01-04 11:00:00,2018-01-04 12:00:00,-1.9700000286102293,12.893349312447214
13260,2018-01-04 12:00:00,2018-01-04 13:00:00,-2.1099998950958248,25.90972142606168
13261,2018-01-04 13:00:00,2018-01-04 14:00:00,-2.039999961853028,33.25095529814024
13262,2018-01-04 14:00:00,2018-01-04 15:00:00,-2.039999961853028,13.101611266265042
13263,2018-01-04 15:00:00,2018-01-04 16:00:00,-2.1099998950958248,36.73934302458892
13264,2018-01-04 16:00:00,2018-01-04 17:00:00,-2.1099998950958248,21.432089418978304
13265,2018-01-04 17:00:00,2018-01-04 18:00:00,-2.532000064849853,6.853752651730098
13266,2018-01-04 18:00:00,2018-01-04 19:00:00,-2.180999994277954,21.53622039588722
13267,2018-01-04 19:00:00,2018-01-04 20:00:00,-2.1099998950958248,18.82881499625541
13268,2018-01-04 20:00:00,2018-01-04 21:00:00,-1.5479999780654907,16.64206448116818
13269,2018-01-04 21:00:00,2018-01-04 22:00:00,-1.406999945640564,21.874646070841195
13270,2018-01-04 22:00:00,2018-01-04 23:00:00,-1.0549999475479126,16.954457411894925
13271,2018-01-04 23:00:00,2018-01-05 00:00:00,0.0,17.735439738711793
13272,2018-01-05 00:00:00,2018-01-05 01:00:00,0.0,16.485868015804805
13273,2018-01-05 01:00:00,2018-01-05 02:00:00,0.0,17.1106538772583
13274,2018-01-05 02:00:00,2018-01-05 03:00:00,0.0,12.060301497175885
13275,2018-01-05 03:00:00,2018-01-05 04:00:00,0.0,16.694129969622637
13276,2018-01-05 04:00:00,2018-01-05 05:00:00,0.0,8.181422607318774
13277,2018-01-05 05:00:00,2018-01-05 06:00:00,0.0,12.667732195811228
13278,2018-01-05 06:00:00,2018-01-05 07:00:00,0.0,11.018991728086728
13279,2018-01-05 07:00:00,2018-01-05 08:00:00,0.0,18.04783266943854
13280,2018-01-05 08:00:00,2018-01-05 09:00:00,0.6330000162124634,17.735439738711793
13281,2018-01-05 09:00:00,2018-01-05 10:00:00,0.9850000143051147,18.256094623256374
13282,2018-01-05 10:00:00,2018-01-05 11:00:00,0.7739999890327454,7.478538513183593
13283,2018-01-05 11:00:00,2018-01-05 12:00:00,1.618000030517578,7.478538513183593
13284,2018-01-05 12:00:00,2018-01-05 13:00:00,2.180999994277954,9.48305981868022
13285,2018-01-05 13:00:00,2018-01-05 14:00:00,3.588000059127808,11.826006799130825
13286,2018-01-05 14:00:00,2018-01-05 15:00:00,2.884000062942505,5.682279161504796
13287,2018-01-05 15:00:00,2018-01-05 16:00:00,2.602999925613404,10.107845680133716
13288,2018-01-05 16:00:00,2018-01-05 17:00:00,2.9549999237060547,12.40740475353894
13289,2018-01-05 17:00:00,2018-01-05 18:00:00,2.9549999237060547,14.92390336217107
13290,2018-01-05 18:00:00,2018-01-05 19:00:00,3.377000093460083,19.505666346163363
13291,2018-01-05 19:00:00,2018-01-05 20:00:00,3.4470000267028813,11.695843077994681
13292,2018-01-05 20:00:00,2018-01-05 21:00:00,2.6730000972747803,18.932945973164326
13293,2018-01-05 21:00:00,2018-01-05 22:00:00,2.884000062942505,19.037076950073242
13294,2018-01-05 22:00:00,2018-01-05 23:00:00,2.6730000972747803,15.704885688987938
13295,2018-01-05 23:00:00,2018-01-06 00:00:00,2.74399995803833,12.806573498356448
13296,2018-01-06 00:00:00,2018-01-06 01:00:00,2.6730000972747803,2.4802516215556363
13297,2018-01-06 01:00:00,2018-01-06 02:00:00,2.321000099182129,10.914860751177812
13298,2018-01-06 02:00:00,2018-01-06 03:00:00,2.813999891281128,2.011662225465516
13299,2018-01-06 03:00:00,2018-01-06 04:00:00,1.758999943733215,2.6364480869190103
13300,2018-01-06 04:00:00,2018-01-06 05:00:00,2.1099998950958248,6.281032278731062
13301,2018-01-06 05:00:00,2018-01-06 06:00:00,0.7739999890327454,16.64206448116818
13302,2018-01-06 06:00:00,2018-01-06 07:00:00,0.9850000143051147,10.914860751177812
13303,2018-01-06 07:00:00,2018-01-06 08:00:00,0.915000021457672,10.602467820451064
13304,2018-01-06 08:00:00,2018-01-06 09:00:00,0.492000013589859,20.62507434793421
13305,2018-01-06 09:00:00,2018-01-06 10:00:00,1.1959999799728394,10.914860751177812
13306,2018-01-06 10:00:00,2018-01-06 11:00:00,1.758999943733215,11.852039543358055
13307,2018-01-06 11:00:00,2018-01-06 12:00:00,1.1260000467300415,13.023513033583358
13308,2018-01-06 12:00:00,2018-01-06 13:00:00,1.337000012397766,10.914860751177812
13309,2018-01-06 13:00:00,2018-01-06 14:00:00,1.2660000324249268,20.130452207616855
13310,2018-01-06 14:00:00,2018-01-06 15:00:00,1.1959999799728394,8.571913770727207
13311,2018-01-06 15:00:00,2018-01-06 16:00:00,1.2660000324249268,23.931232864792282
13312,2018-01-06 16:00:00,2018-01-06 17:00:00,-0.492000013589859,25.49319751842602
13313,2018-01-06 17:00:00,2018-01-06 18:00:00,-0.843999981880188,22.056875280431797
13314,2018-01-06 18:00:00,2018-01-06 19:00:00,0.0,10.741309122996286
13315,2018-01-06 19:00:00,2018-01-06 20:00:00,0.0,10.914860751177812
13316,2018-01-06 20:00:00,2018-01-06 21:00:00,0.0,11.22725368190456
13317,2018-01-06 21:00:00,2018-01-06 22:00:00,0.0,10.290074889724316
13318,2018-01-06 22:00:00,2018-01-06 23:00:00,0.843999981880188,17.05858838880384
13319,2018-01-06 23:00:00,2018-01-07 00:00:00,1.1260000467300415,38.301307678222656
13320,2018-01-07 00:00:00,2018-01-07 01:00:00,1.406999945640564,19.271371648118304
13321,2018-01-07 01:00:00,2018-01-07 02:00:00,1.8289999961853027,15.913147642805768
13322,2018-01-07 02:00:00,2018-01-07 03:00:00,2.3919999599456787,22.161006257340713
13323,2018-01-07 03:00:00,2018-01-07 04:00:00,2.532000064849853,18.516422065528662
13324,2018-01-07 04:00:00,2018-01-07 05:00:00,3.236000061035156,16.069344108169144
13325,2018-01-07 05:00:00,2018-01-07 06:00:00,3.588000059127808,2.8447100407368415
13326,2018-01-07 06:00:00,2018-01-07 07:00:00,0.0,18.662205433201144
13327,2018-01-07 07:00:00,2018-01-07 08:00:00,0.843999981880188,22.49943193229469
13328,2018-01-07 08:00:00,2018-01-07 09:00:00,0.6330000162124634,19.453600857708903
13329,2018-01-07 09:00:00,2018-01-07 10:00:00,0.0,7.660767722774195
13330,2018-01-07 10:00:00,2018-01-07 11:00:00,0.0,6.853752651730098
13331,2018-01-07 11:00:00,2018-01-07 12:00:00,0.0,26.846900218241924
13332,2018-01-07 12:00:00,2018-01-07 13:00:00,0.0,21.432089418978304
13333,2018-01-07 13:00:00,2018-01-07 14:00:00,0.0,21.53622039588722
13334,2018-01-07 14:00:00,2018-01-07 15:00:00,0.0,22.44736644384023
13335,2018-01-07 15:00:00,2018-01-07 16:00:00,0.7739999890327454,19.0891424385277
13336,2018-01-07 16:00:00,2018-01-07 17:00:00,0.0,23.358512491793245
13337,2018-01-07 17:00:00,2018-01-07 18:00:00,0.0,17.52717778489396
13338,2018-01-07 18:00:00,2018-01-07 19:00:00,1.4769999980926514,6.281032278731062
13339,2018-01-07 19:00:00,2018-01-07 20:00:00,0.7739999890327454,9.24876512063516
13340,2018-01-07 20:00:00,2018-01-07 21:00:00,0.5630000233650208,16.694129969622637
13341,2018-01-07 21:00:00,2018-01-07 22:00:00,-0.6330000162124634,16.668097225395407
13342,2018-01-07 22:00:00,2018-01-07 23:00:00,0.0,17.318915831076133
13343,2018-01-07 23:00:00,2018-01-08 00:00:00,0.0,17.631308761802877
13344,2018-01-08 00:00:00,2018-01-08 01:00:00,0.6330000162124634,16.87635917921324
13345,2018-01-08 01:00:00,2018-01-08 02:00:00,0.9850000143051147,14.845805129489383
13346,2018-01-08 02:00:00,2018-01-08 03:00:00,1.618000030517578,18.698651275119268
13347,2018-01-08 03:00:00,2018-01-08 04:00:00,0.915000021457672,13.309873220082874
13348,2018-01-08 04:00:00,2018-01-08 05:00:00,0.6330000162124634,20.338714161434687
13349,2018-01-08 05:00:00,2018-01-08 06:00:00,0.6330000162124634,23.098185049520957
13350,2018-01-08 06:00:00,2018-01-08 07:00:00,0.0,19.037076950073242
13351,2018-01-08 07:00:00,2018-01-08 08:00:00,1.8289999961853027,9.821485493634196
13352,2018-01-08 08:00:00,2018-01-08 09:00:00,0.6330000162124634,17.266850342621673
13353,2018-01-08 09:00:00,2018-01-08 10:00:00,0.6330000162124634,24.347756772427946
13354,2018-01-08 10:00:00,2018-01-08 11:00:00,1.618000030517578,16.87635917921324
13355,2018-01-08 11:00:00,2018-01-08 12:00:00,1.0549999475479126,22.629595653430833
13356,2018-01-08 12:00:00,2018-01-08 13:00:00,0.6330000162124634,16.09537685239637
13357,2018-01-08 13:00:00,2018-01-08 14:00:00,0.843999981880188,24.035363841701198
13358,2018-01-08 14:00:00,2018-01-08 15:00:00,0.0,6.228966790276604
13359,2018-01-08 15:00:00,2018-01-08 16:00:00,0.0,16.87635917921324
13360,2018-01-08 16:00:00,2018-01-08 17:00:00,0.0,8.51984828227275
13361,2018-01-08 17:00:00,2018-01-08 18:00:00,0.0,5.239722509641903
13362,2018-01-08 18:00:00,2018-01-08 19:00:00,-0.7739999890327454,27.055162172059752
13363,2018-01-08 19:00:00,2018-01-08 20:00:00,-0.843999981880188,19.0891424385277
13364,2018-01-08 20:00:00,2018-01-08 21:00:00,0.0,20.130452207616855
13365,2018-01-08 21:00:00,2018-01-08 22:00:00,0.0,15.1321653159889
13366,2018-01-08 22:00:00,2018-01-08 23:00:00,-0.492000013589859,18.620553042437578
13367,2018-01-08 23:00:00,2018-01-09 00:00:00,0.0,4.2504782290072045
13368,2018-01-09 00:00:00,2018-01-09 01:00:00,0.9850000143051147,10.290074889724316
13369,2018-01-09 01:00:00,2018-01-09 02:00:00,2.321000099182129,14.66357591989878
13370,2018-01-09 02:00:00,2018-01-09 03:00:00,2.532000064849853,14.351182989172031
13371,2018-01-09 03:00:00,2018-01-09 04:00:00,2.6730000972747803,8.623979259181667
13372,2018-01-09 04:00:00,2018-01-09 05:00:00,2.6730000972747803,9.24876512063516
13373,2018-01-09 05:00:00,2018-01-09 06:00:00,2.884000062942505,14.351182989172031
13374,2018-01-09 06:00:00,2018-01-09 07:00:00,3.025000095367432,3.079004738781902
13375,2018-01-09 07:00:00,2018-01-09 08:00:00,3.588000059127808,7.947127909273713
13376,2018-01-09 08:00:00,2018-01-09 09:00:00,2.74399995803833,8.858273957226727
13377,2018-01-09 09:00:00,2018-01-09 10:00:00,2.602999925613404,16.485868015804805
13378,2018-01-09 10:00:00,2018-01-09 11:00:00,2.74399995803833,22.629595653430833
13379,2018-01-09 11:00:00,2018-01-09 12:00:00,2.180999994277954,8.415717305363835
13380,2018-01-09 12:00:00,2018-01-09 13:00:00,3.1659998893737797,11.695843077994681
13381,2018-01-09 13:00:00,2018-01-09 14:00:00,3.7279999256134033,17.9176689483024
13382,2018-01-09 14:00:00,2018-01-09 15:00:00,3.236000061035156,11.695843077994681
13383,2018-01-09 15:00:00,2018-01-09 16:00:00,3.588000059127808,9.24876512063516
13384,2018-01-09 16:00:00,2018-01-09 17:00:00,4.2210001945495605,20.963500022888184
13385,2018-01-09 17:00:00,2018-01-09 18:00:00,4.2210001945495605,14.66357591989878
13386,2018-01-09 18:00:00,2018-01-09 19:00:00,3.7279999256134033,8.537203445090903
13387,2018-01-09 19:00:00,2018-01-09 20:00:00,4.7129998207092285,5.291787998096361
13388,2018-01-09 20:00:00,2018-01-09 21:00:00,3.799000024795532,5.291787998096361
13389,2018-01-09 21:00:00,2018-01-09 22:00:00,4.432000160217285,3.62569236755371
13390,2018-01-09 22:00:00,2018-01-09 23:00:00,3.1659998893737797,3.521561390644794
13391,2018-01-09 23:00:00,2018-01-10 00:00:00,2.180999994277954,12.737152847083838
13392,2018-01-10 00:00:00,2018-01-10 01:00:00,2.039999961853028,22.26513723424963
13393,2018-01-10 01:00:00,2018-01-10 02:00:00,2.039999961853028,9.430994330225763
13394,2018-01-10 02:00:00,2018-01-10 03:00:00,2.1099998950958248,15.080099827534443
13395,2018-01-10 03:00:00,2018-01-10 04:00:00,2.1099998950958248,15.080099827534443
13396,2018-01-10 04:00:00,2018-01-10 05:00:00,2.602999925613404,16.277606061986972
13397,2018-01-10 05:00:00,2018-01-10 06:00:00,2.532000064849853,12.94541480090167
13398,2018-01-10 06:00:00,2018-01-10 07:00:00,2.532000064849853,21.48415490743276
13399,2018-01-10 07:00:00,2018-01-10 08:00:00,1.758999943733215,7.452505768956364
13400,2018-01-10 08:00:00,2018-01-10 09:00:00,1.618000030517578,9.387606423180381
13401,2018-01-10 09:00:00,2018-01-10 10:00:00,2.884000062942505,18.04783266943854
13402,2018-01-10 10:00:00,2018-01-10 11:00:00,3.86899995803833,7.114080094002387
13403,2018-01-10 11:00:00,2018-01-10 12:00:00,2.884000062942505,21.432089418978304
13404,2018-01-10 12:00:00,2018-01-10 13:00:00,2.602999925613404,27.54110673096803
13405,2018-01-10 13:00:00,2018-01-10 14:00:00,2.461999893188477,17.05858838880384
13406,2018-01-10 14:00:00,2018-01-10 15:00:00,2.884000062942505,16.694129969622637
13407,2018-01-10 15:00:00,2018-01-10 16:00:00,2.74399995803833,3.0009065061002156
13408,2018-01-10 16:00:00,2018-01-10 17:00:00,2.250999927520752,17.449079552212275
13409,2018-01-10 17:00:00,2018-01-10 18:00:00,3.095000028610228,2.324055156192263
13410,2018-01-10 18:00:00,2018-01-10 19:00:00,2.74399995803833,16.09537685239637
13411,2018-01-10 19:00:00,2018-01-10 20:00:00,3.377000093460083,2.766611808055155
13412,2018-01-10 20:00:00,2018-01-10 21:00:00,3.025000095367432,8.181422607318774
13413,2018-01-10 21:00:00,2018-01-10 22:00:00,3.236000061035156,23.540741701383844
13414,2018-01-10 22:00:00,2018-01-10 23:00:00,3.588000059127808,21.744482349705052
13415,2018-01-10 23:00:00,2018-01-11 00:00:00,3.1659998893737797,9.613223539816364
13416,2018-01-11 00:00:00,2018-01-11 01:00:00,3.1659998893737797,7.322342047820219
13417,2018-01-11 01:00:00,2018-01-11 02:00:00,2.6730000972747803,15.522656479397336
13418,2018-01-11 02:00:00,2018-01-11 03:00:00,3.6579999923706055,20.494910626798063
13419,2018-01-11 03:00:00,2018-01-11 04:00:00,3.236000061035156,15.522656479397336
13420,2018-01-11 04:00:00,2018-01-11 05:00:00,3.377000093460083,19.870124765344567
13421,2018-01-11 05:00:00,2018-01-11 06:00:00,3.5169999599456787,3.469495902190336
13422,2018-01-11 06:00:00,2018-01-11 07:00:00,2.602999925613404,16.954457411894925
13423,2018-01-11 07:00:00,2018-01-11 08:00:00,3.86899995803833,4.3546092059161206
13424,2018-01-11 08:00:00,2018-01-11 09:00:00,4.010000228881837,3.7037906002353966
13425,2018-01-11 09:00:00,2018-01-11 10:00:00,4.501999855041504,5.395918975005277
13426,2018-01-11 10:00:00,2018-01-11 11:00:00,5.205999851226807,4.484772927052265
13427,2018-01-11 11:00:00,2018-01-11 12:00:00,4.079999923706056,12.893349312447214
13428,2018-01-11 12:00:00,2018-01-11 13:00:00,4.079999923706056,5.447984463459735
13429,2018-01-11 13:00:00,2018-01-11 14:00:00,4.501999855041504,33.25095529814024
13430,2018-01-11 14:00:00,2018-01-11 15:00:00,2.884000062942505,13.101611266265042
13431,2018-01-11 15:00:00,2018-01-11 16:00:00,4.150000095367432,36.73934302458892
13432,2018-01-11 16:00:00,2018-01-11 17:00:00,3.377000093460083,21.432089418978304
13433,2018-01-11 17:00:00,2018-01-11 18:00:00,3.377000093460083,6.853752651730098
13434,2018-01-11 18:00:00,2018-01-11 19:00:00,2.813999891281128,21.53622039588722
13435,2018-01-11 19:00:00,2018-01-11 20:00:00,2.813999891281128,18.82881499625541
13436,2018-01-11 20:00:00,2018-01-11 21:00:00,2.532000064849853,16.64206448116818
13437,2018-01-11 21:00:00,2018-01-11 22:00:00,1.8289999961853027,21.874646070841195
13438,2018-01-11 22:00:00,2018-01-11 23:00:00,2.180999994277954,16.954457411894925
13439,2018-01-11 23:00:00,2018-01-12 00:00:00,2.6730000972747803,17.735439738711793
13440,2018-01-12 00:00:00,2018-01-12 01:00:00,2.6730000972747803,16.485868015804805
13441,2018-01-12 01:00:00,2018-01-12 02:00:00,2.602999925613404,17.1106538772583
13442,2018-01-12 02:00:00,2018-01-12 03:00:00,3.095000028610228,12.060301497175885
13443,2018-01-12 03:00:00,2018-01-12 04:00:00,2.532000064849853,16.694129969622637
13444,2018-01-12 04:00:00,2018-01-12 05:00:00,2.532000064849853,8.181422607318774
13445,2018-01-12 05:00:00,2018-01-12 06:00:00,2.532000064849853,12.667732195811228
13446,2018-01-12 06:00:00,2018-01-12 07:00:00,2.3919999599456787,11.018991728086728
13447,2018-01-12 07:00:00,2018-01-12 08:00:00,2.6730000972747803,18.04783266943854
13448,2018-01-12 08:00:00,2018-01-12 09:00:00,2.250999927520752,17.735439738711793
13449,2018-01-12 09:00:00,2018-01-12 10:00:00,2.532000064849853,18.256094623256374
13450,2018-01-12 10:00:00,2018-01-12 11:00:00,4.7129998207092285,7.478538513183593
13451,2018-01-12 11:00:00,2018-01-12 12:00:00,4.150000095367432,5.864508371095398
13452,2018-01-12 12:00:00,2018-01-12 13:00:00,3.799000024795532,11.852039543358053
13453,2018-01-12 13:00:00,2018-01-12 14:00:00,4.8540000915527335,4.2765109732344335
13454,2018-01-12 14:00:00,2018-01-12 15:00:00,3.799000024795532,5.916573859549856
13455,2018-01-12 15:00:00,2018-01-12 16:00:00,4.8540000915527335,4.0942817636438305
13456,2018-01-12 16:00:00,2018-01-12 17:00:00,4.010000228881837,5.916573859549856
13457,2018-01-12 17:00:00,2018-01-12 18:00:00,3.6579999923706055,11.018991728086728
13458,2018-01-12 18:00:00,2018-01-12 19:00:00,3.4470000267028813,19.505666346163363
13459,2018-01-12 19:00:00,2018-01-12 20:00:00,3.095000028610228,11.695843077994681
13460,2018-01-12 20:00:00,2018-01-12 21:00:00,2.180999994277954,18.932945973164326
13461,2018-01-12 21:00:00,2018-01-12 22:00:00,2.180999994277954,19.037076950073242
13462,2018-01-12 22:00:00,2018-01-12 23:00:00,2.74399995803833,15.704885688987938
13463,2018-01-12 23:00:00,2018-01-13 00:00:00,2.3919999599456787,3.261233948372505
13464,2018-01-13 00:00:00,2018-01-13 01:00:00,1.687999963760376,9.821485493634196
13465,2018-01-13 01:00:00,2018-01-13 02:00:00,2.039999961853028,10.914860751177812
13466,2018-01-13 02:00:00,2018-01-13 03:00:00,2.250999927520752,2.8447100407368415
13467,2018-01-13 03:00:00,2018-01-13 04:00:00,1.687999963760376,21.48415490743276
13468,2018-01-13 04:00:00,2018-01-13 05:00:00,2.250999927520752,6.281032278731062
13469,2018-01-13 05:00:00,2018-01-13 06:00:00,2.180999994277954,16.64206448116818
13470,2018-01-13 06:00:00,2018-01-13 07:00:00,1.5479999780654907,10.914860751177812
13471,2018-01-13 07:00:00,2018-01-13 08:00:00,1.618000030517578,10.602467820451064
13472,2018-01-13 08:00:00,2018-01-13 09:00:00,1.9700000286102293,20.62507434793421
13473,2018-01-13 09:00:00,2018-01-13 10:00:00,1.758999943733215,10.914860751177812
13474,2018-01-13 10:00:00,2018-01-13 11:00:00,2.039999961853028,11.852039543358055
13475,2018-01-13 11:00:00,2018-01-13 12:00:00,2.1099998950958248,13.023513033583358
13476,2018-01-13 12:00:00,2018-01-13 13:00:00,2.039999961853028,10.914860751177812
13477,2018-01-13 13:00:00,2018-01-13 14:00:00,2.532000064849853,20.130452207616855
13478,2018-01-13 14:00:00,2018-01-13 15:00:00,2.532000064849853,8.571913770727207
13479,2018-01-13 15:00:00,2018-01-13 16:00:00,2.321000099182129,23.931232864792282
13480,2018-01-13 16:00:00,2018-01-13 17:00:00,2.532000064849853,25.49319751842602
13481,2018-01-13 17:00:00,2018-01-13 18:00:00,2.321000099182129,22.056875280431797
13482,2018-01-13 18:00:00,2018-01-13 19:00:00,2.180999994277954,10.741309122996286
13483,2018-01-13 19:00:00,2018-01-13 20:00:00,2.602999925613404,10.914860751177812
13484,2018-01-13 20:00:00,2018-01-13 21:00:00,2.250999927520752,11.22725368190456
13485,2018-01-13 21:00:00,2018-01-13 22:00:00,2.532000064849853,10.290074889724316
13486,2018-01-13 22:00:00,2018-01-13 23:00:00,2.532000064849853,17.05858838880384
13487,2018-01-13 23:00:00,2018-01-14 00:00:00,2.039999961853028,38.301307678222656
13488,2018-01-14 00:00:00,2018-01-14 01:00:00,2.9549999237060547,19.271371648118304
13489,2018-01-14 01:00:00,2018-01-14 02:00:00,2.602999925613404,15.913147642805768
13490,2018-01-14 02:00:00,2018-01-14 03:00:00,3.1659998893737797,22.161006257340713
13491,2018-01-14 03:00:00,2018-01-14 04:00:00,3.095000028610228,18.516422065528662
13492,2018-01-14 04:00:00,2018-01-14 05:00:00,2.884000062942505,3.261233948372505
13493,2018-01-14 05:00:00,2018-01-14 06:00:00,3.1659998893737797,9.821485493634196
13494,2018-01-14 06:00:00,2018-01-14 07:00:00,2.813999891281128,18.662205433201144
13495,2018-01-14 07:00:00,2018-01-14 08:00:00,3.3059999942779537,4.484772927052265
13496,2018-01-14 08:00:00,2018-01-14 09:00:00,2.884000062942505,19.453600857708903
13497,2018-01-14 09:00:00,2018-01-14 10:00:00,4.501999855041504,7.660767722774195
13498,2018-01-14 10:00:00,2018-01-14 11:00:00,5.416999816894531,6.853752651730098
13499,2018-01-14 11:00:00,2018-01-14 12:00:00,5.557000160217285,5.916573859549856
13500,2018-01-14 12:00:00,2018-01-14 13:00:00,5.76800012588501,6.437228744094435
13501,2018-01-14 13:00:00,2018-01-14 14:00:00,6.683000087738037,21.53622039588722
13502,2018-01-14 14:00:00,2018-01-14 15:00:00,6.752999782562256,19.0891424385277
13503,2018-01-14 15:00:00,2018-01-14 16:00:00,7.105000019073486,19.0891424385277
13504,2018-01-14 16:00:00,2018-01-14 17:00:00,8.159999847412111,23.358512491793245
13505,2018-01-14 17:00:00,2018-01-14 18:00:00,6.4720001220703125,17.709406994484567
13506,2018-01-14 18:00:00,2018-01-14 19:00:00,6.61299991607666,6.281032278731062
13507,2018-01-14 19:00:00,2018-01-14 20:00:00,5.697999954223633,9.24876512063516
13508,2018-01-14 20:00:00,2018-01-14 21:00:00,5.76800012588501,5.291787998096361
13509,2018-01-14 21:00:00,2018-01-14 22:00:00,5.9790000915527335,16.668097225395407
13510,2018-01-14 22:00:00,2018-01-14 23:00:00,5.76800012588501,17.318915831076133
13511,2018-01-14 23:00:00,2018-01-15 00:00:00,5.908999919891357,5.239722509641903
13512,2018-01-15 00:00:00,2018-01-15 01:00:00,6.050000190734862,16.87635917921324
13513,2018-01-15 01:00:00,2018-01-15 02:00:00,5.9790000915527335,14.845805129489383
13514,2018-01-15 02:00:00,2018-01-15 03:00:00,5.908999919891357,18.698651275119268
13515,2018-01-15 03:00:00,2018-01-15 04:00:00,5.839000225067139,5.395918975005277
13516,2018-01-15 04:00:00,2018-01-15 05:00:00,5.76800012588501,4.406674694370579
13517,2018-01-15 05:00:00,2018-01-15 06:00:00,4.64300012588501,5.864508371095398
13518,2018-01-15 06:00:00,2018-01-15 07:00:00,4.010000228881837,19.037076950073242
13519,2018-01-15 07:00:00,2018-01-15 08:00:00,4.361999988555908,9.821485493634196
13520,2018-01-15 08:00:00,2018-01-15 09:00:00,3.86899995803833,4.042216275189372
13521,2018-01-15 09:00:00,2018-01-15 10:00:00,4.8540000915527335,24.347756772427946
13522,2018-01-15 10:00:00,2018-01-15 11:00:00,6.119999885559082,16.87635917921324
13523,2018-01-15 11:00:00,2018-01-15 12:00:00,5.627999782562256,5.291787998096361
13524,2018-01-15 12:00:00,2018-01-15 13:00:00,6.190999984741211,5.447984463459735
13525,2018-01-15 13:00:00,2018-01-15 14:00:00,7.105000019073486,8.181422607318774
13526,2018-01-15 14:00:00,2018-01-15 15:00:00,5.9790000915527335,6.228966790276604
13527,2018-01-15 15:00:00,2018-01-15 16:00:00,5.9790000915527335,16.87635917921324
13528,2018-01-15 16:00:00,2018-01-15 17:00:00,6.3309998512268075,6.07277032491323
13529,2018-01-15 17:00:00,2018-01-15 18:00:00,6.261000156402588,5.239722509641903
13530,2018-01-15 18:00:00,2018-01-15 19:00:00,6.61299991607666,16.87635917921324
13531,2018-01-15 19:00:00,2018-01-15 20:00:00,6.050000190734862,19.0891424385277
13532,2018-01-15 20:00:00,2018-01-15 21:00:00,5.416999816894531,20.130452207616855
13533,2018-01-15 21:00:00,2018-01-15 22:00:00,6.261000156402588,5.109558788505759
13534,2018-01-15 22:00:00,2018-01-15 23:00:00,5.627999782562256,18.620553042437578
13535,2018-01-15 23:00:00,2018-01-16 00:00:00,6.190999984741211,4.2504782290072045
13536,2018-01-16 00:00:00,2018-01-16 01:00:00,6.823999881744385,10.290074889724316
13537,2018-01-16 01:00:00,2018-01-16 02:00:00,7.105000019073486,14.66357591989878
13538,2018-01-16 02:00:00,2018-01-16 03:00:00,7.456999778747559,6.411195999867206
13539,2018-01-16 03:00:00,2018-01-16 04:00:00,7.315999984741211,8.623979259181667
13540,2018-01-16 04:00:00,2018-01-16 05:00:00,7.597000122070312,9.24876512063516
13541,2018-01-16 05:00:00,2018-01-16 06:00:00,5.697999954223633,14.351182989172031
13542,2018-01-16 06:00:00,2018-01-16 07:00:00,5.557000160217285,13.93465908153637
13543,2018-01-16 07:00:00,2018-01-16 08:00:00,5.065000057220459,7.999193397728171
13544,2018-01-16 08:00:00,2018-01-16 09:00:00,4.923999786376953,8.858273957226727
13545,2018-01-16 09:00:00,2018-01-16 10:00:00,3.7279999256134033,16.485868015804805
13546,2018-01-16 10:00:00,2018-01-16 11:00:00,5.486999988555908,4.2504782290072045
13547,2018-01-16 11:00:00,2018-01-16 12:00:00,4.64300012588501,8.415717305363835
13548,2018-01-16 12:00:00,2018-01-16 13:00:00,2.813999891281128,11.695843077994681
13549,2018-01-16 13:00:00,2018-01-16 14:00:00,2.3919999599456787,17.9176689483024
13550,2018-01-16 14:00:00,2018-01-16 15:00:00,3.4470000267028813,11.695843077994681
13551,2018-01-16 15:00:00,2018-01-16 16:00:00,4.079999923706056,9.24876512063516
13552,2018-01-16 16:00:00,2018-01-16 17:00:00,3.588000059127808,20.963500022888184
13553,2018-01-16 17:00:00,2018-01-16 18:00:00,3.588000059127808,14.66357591989878
13554,2018-01-16 18:00:00,2018-01-16 19:00:00,4.501999855041504,16.64206448116818
13555,2018-01-16 19:00:00,2018-01-16 20:00:00,4.7129998207092285,5.291787998096361
13556,2018-01-16 20:00:00,2018-01-16 21:00:00,4.7839999198913565,3.8339543213715412
13557,2018-01-16 21:00:00,2018-01-16 22:00:00,5.416999816894531,12.841283823992754
13558,2018-01-16 22:00:00,2018-01-16 23:00:00,3.5169999599456787,15.1321653159889
13559,2018-01-16 23:00:00,2018-01-17 00:00:00,2.884000062942505,3.469495902190336
13560,2018-01-17 00:00:00,2018-01-17 01:00:00,3.4470000267028813,22.26513723424963
13561,2018-01-17 01:00:00,2018-01-17 02:00:00,3.6579999923706055,11.314029495995323
13562,2018-01-17 02:00:00,2018-01-17 03:00:00,4.923999786376953,15.080099827534443
13563,2018-01-17 03:00:00,2018-01-17 04:00:00,5.697999954223633,15.080099827534443
13564,2018-01-17 04:00:00,2018-01-17 05:00:00,6.050000190734862,5.500049951914193
13565,2018-01-17 05:00:00,2018-01-17 06:00:00,6.61299991607666,12.94541480090167
13566,2018-01-17 06:00:00,2018-01-17 07:00:00,5.9790000915527335,21.48415490743276
13567,2018-01-17 07:00:00,2018-01-17 08:00:00,5.486999988555908,7.452505768956364
13568,2018-01-17 08:00:00,2018-01-17 09:00:00,6.401999950408936,9.387606423180381
13569,2018-01-17 09:00:00,2018-01-17 10:00:00,6.964000225067139,18.04783266943854
13570,2018-01-17 10:00:00,2018-01-17 11:00:00,7.105000019073486,7.114080094002387
13571,2018-01-17 11:00:00,2018-01-17 12:00:00,6.190999984741211,7.478538513183593
13572,2018-01-17 12:00:00,2018-01-17 13:00:00,5.276000022888184,27.54110673096803
13573,2018-01-17 13:00:00,2018-01-17 14:00:00,4.923999786376953,17.05858838880384
13574,2018-01-17 14:00:00,2018-01-17 15:00:00,5.76800012588501,16.694129969622637
13575,2018-01-17 15:00:00,2018-01-17 16:00:00,6.4720001220703125,23.46264346870216
13576,2018-01-17 16:00:00,2018-01-17 17:00:00,5.839000225067139,5.864508371095398
13577,2018-01-17 17:00:00,2018-01-17 18:00:00,5.065000057220459,5.395918975005277
13578,2018-01-17 18:00:00,2018-01-17 19:00:00,4.8540000915527335,16.09537685239637
13579,2018-01-17 19:00:00,2018-01-17 20:00:00,5.205999851226807,5.395918975005277
13580,2018-01-17 20:00:00,2018-01-17 21:00:00,5.627999782562256,8.181422607318774
13581,2018-01-17 21:00:00,2018-01-17 22:00:00,5.065000057220459,6.489294232548892
13582,2018-01-17 22:00:00,2018-01-17 23:00:00,4.994999885559082,21.744482349705052
13583,2018-01-17 23:00:00,2018-01-18 00:00:00,4.572999954223633,4.614936648188409
13584,2018-01-18 00:00:00,2018-01-18 01:00:00,4.7129998207092285,4.927329578915157
13585,2018-01-18 01:00:00,2018-01-18 02:00:00,4.572999954223633,5.395918975005277
13586,2018-01-18 02:00:00,2018-01-18 03:00:00,4.361999988555908,20.494910626798063
13587,2018-01-18 03:00:00,2018-01-18 04:00:00,4.079999923706056,15.522656479397336
13588,2018-01-18 04:00:00,2018-01-18 05:00:00,4.290999889373778,19.870124765344567
13589,2018-01-18 05:00:00,2018-01-18 06:00:00,3.86899995803833,16.329671550441432
13590,2018-01-18 06:00:00,2018-01-18 07:00:00,4.290999889373778,16.954457411894925
13591,2018-01-18 07:00:00,2018-01-18 08:00:00,4.290999889373778,5.291787998096361
13592,2018-01-18 08:00:00,2018-01-18 09:00:00,4.290999889373778,4.2504782290072045
13593,2018-01-18 09:00:00,2018-01-18 10:00:00,4.150000095367432,4.0942817636438305
13594,2018-01-18 10:00:00,2018-01-18 11:00:00,4.290999889373778,13.049545777810586
13595,2018-01-18 11:00:00,2018-01-18 12:00:00,3.799000024795532,12.893349312447214
13596,2018-01-18 12:00:00,2018-01-18 13:00:00,4.290999889373778,6.80168716327564
13597,2018-01-18 13:00:00,2018-01-18 14:00:00,4.501999855041504,33.25095529814024
13598,2018-01-18 14:00:00,2018-01-18 15:00:00,4.2210001945495605,2.8967755291912995
13599,2018-01-18 15:00:00,2018-01-18 16:00:00,4.501999855041504,36.73934302458892
13600,2018-01-18 16:00:00,2018-01-18 17:00:00,4.572999954223633,21.432089418978304
13601,2018-01-18 17:00:00,2018-01-18 18:00:00,4.7129998207092285,6.853752651730098
13602,2018-01-18 18:00:00,2018-01-18 19:00:00,3.799000024795532,5.395918975005277
13603,2018-01-18 19:00:00,2018-01-18 20:00:00,3.7279999256134033,18.82881499625541
13604,2018-01-18 20:00:00,2018-01-18 21:00:00,3.86899995803833,16.64206448116818
13605,2018-01-18 21:00:00,2018-01-18 22:00:00,4.432000160217285,17.449079552212275
13606,2018-01-18 22:00:00,2018-01-18 23:00:00,4.64300012588501,16.954457411894925
13607,2018-01-18 23:00:00,2018-01-19 00:00:00,4.994999885559082,17.735439738711793
13608,2018-01-19 00:00:00,2018-01-19 01:00:00,4.572999954223633,16.485868015804805
13609,2018-01-19 01:00:00,2018-01-19 02:00:00,4.994999885559082,17.1106538772583
13610,2018-01-19 02:00:00,2018-01-19 03:00:00,4.923999786376953,12.060301497175885
13611,2018-01-19 03:00:00,2018-01-19 04:00:00,5.135000228881836,16.694129969622637
13612,2018-01-19 04:00:00,2018-01-19 05:00:00,5.3460001945495605,8.181422607318774
13613,2018-01-19 05:00:00,2018-01-19 06:00:00,5.3460001945495605,12.667732195811228
13614,2018-01-19 06:00:00,2018-01-19 07:00:00,5.908999919891357,11.018991728086728
13615,2018-01-19 07:00:00,2018-01-19 08:00:00,5.9790000915527335,5.916573859549856
13616,2018-01-19 08:00:00,2018-01-19 09:00:00,4.7839999198913565,6.07277032491323
13617,2018-01-19 09:00:00,2018-01-19 10:00:00,5.205999851226807,18.256094623256374
13618,2018-01-19 10:00:00,2018-01-19 11:00:00,5.416999816894531,6.645490697912266
13619,2018-01-19 11:00:00,2018-01-19 12:00:00,6.261000156402588,7.478538513183593
13620,2018-01-19 12:00:00,2018-01-19 13:00:00,6.61299991607666,7.218211070911303
13621,2018-01-19 13:00:00,2018-01-19 14:00:00,5.9790000915527335,6.957883628639014
13622,2018-01-19 14:00:00,2018-01-19 15:00:00,6.261000156402588,7.114080094002387
13623,2018-01-19 15:00:00,2018-01-19 16:00:00,6.541999816894531,7.114080094002387
13624,2018-01-19 16:00:00,2018-01-19 17:00:00,6.964000225067139,6.80168716327564
13625,2018-01-19 17:00:00,2018-01-19 18:00:00,6.050000190734862,7.582669490092509
13626,2018-01-19 18:00:00,2018-01-19 19:00:00,6.050000190734862,6.411195999867206
13627,2018-01-19 19:00:00,2018-01-19 20:00:00,6.119999885559082,6.411195999867206
13628,2018-01-19 20:00:00,2018-01-19 21:00:00,5.9790000915527335,7.842996932364797
13629,2018-01-19 21:00:00,2018-01-19 22:00:00,5.908999919891357,5.109558788505759
13630,2018-01-19 22:00:00,2018-01-19 23:00:00,6.261000156402588,6.645490697912266
13631,2018-01-19 23:00:00,2018-01-20 00:00:00,5.697999954223633,6.645490697912266
13632,2018-01-20 00:00:00,2018-01-20 01:00:00,6.401999950408936,9.821485493634196
13633,2018-01-20 01:00:00,2018-01-20 02:00:00,6.119999885559082,7.374407536274677
13634,2018-01-20 02:00:00,2018-01-20 03:00:00,5.908999919891357,4.927329578915157
13635,2018-01-20 03:00:00,2018-01-20 04:00:00,5.486999988555908,5.864508371095398
13636,2018-01-20 04:00:00,2018-01-20 05:00:00,6.119999885559082,6.281032278731062
13637,2018-01-20 05:00:00,2018-01-20 06:00:00,5.908999919891357,6.07277032491323
13638,2018-01-20 06:00:00,2018-01-20 07:00:00,5.416999816894531,10.914860751177812
13639,2018-01-20 07:00:00,2018-01-20 08:00:00,5.205999851226807,10.602467820451064
13640,2018-01-20 08:00:00,2018-01-20 09:00:00,5.135000228881836,20.62507434793421
13641,2018-01-20 09:00:00,2018-01-20 10:00:00,4.7129998207092285,10.914860751177812
13642,2018-01-20 10:00:00,2018-01-20 11:00:00,4.501999855041504,11.852039543358055
13643,2018-01-20 11:00:00,2018-01-20 12:00:00,4.923999786376953,13.023513033583358
13644,2018-01-20 12:00:00,2018-01-20 13:00:00,4.923999786376953,10.914860751177812
13645,2018-01-20 13:00:00,2018-01-20 14:00:00,4.994999885559082,20.130452207616855
13646,2018-01-20 14:00:00,2018-01-20 15:00:00,4.7129998207092285,8.571913770727207
13647,2018-01-20 15:00:00,2018-01-20 16:00:00,4.994999885559082,23.931232864792282
13648,2018-01-20 16:00:00,2018-01-20 17:00:00,4.8540000915527335,25.49319751842602
13649,2018-01-20 17:00:00,2018-01-20 18:00:00,5.205999851226807,4.406674694370579
13650,2018-01-20 18:00:00,2018-01-20 19:00:00,5.3460001945495605,10.741309122996286
13651,2018-01-20 19:00:00,2018-01-20 20:00:00,5.697999954223633,10.914860751177812
13652,2018-01-20 20:00:00,2018-01-20 21:00:00,5.76800012588501,4.667002136642867
13653,2018-01-20 21:00:00,2018-01-20 22:00:00,5.9790000915527335,10.290074889724316
13654,2018-01-20 22:00:00,2018-01-20 23:00:00,5.627999782562256,17.05858838880384
13655,2018-01-20 23:00:00,2018-01-21 00:00:00,5.416999816894531,21.848613326613968
13656,2018-01-21 00:00:00,2018-01-21 01:00:00,5.76800012588501,5.239722509641903
13657,2018-01-21 01:00:00,2018-01-21 02:00:00,5.697999954223633,15.913147642805768
13658,2018-01-21 02:00:00,2018-01-21 03:00:00,5.3460001945495605,22.161006257340713
13659,2018-01-21 03:00:00,2018-01-21 04:00:00,4.923999786376953,18.516422065528662
13660,2018-01-21 04:00:00,2018-01-21 05:00:00,4.7839999198913565,14.455313966080947
13661,2018-01-21 05:00:00,2018-01-21 06:00:00,4.572999954223633,9.821485493634196
13662,2018-01-21 06:00:00,2018-01-21 07:00:00,4.150000095367432,18.662205433201144
13663,2018-01-21 07:00:00,2018-01-21 08:00:00,4.501999855041504,22.49943193229469
13664,2018-01-21 08:00:00,2018-01-21 09:00:00,4.8540000915527335,4.1984127405527465
13665,2018-01-21 09:00:00,2018-01-21 10:00:00,4.501999855041504,5.239722509641903
13666,2018-01-21 10:00:00,2018-01-21 11:00:00,4.572999954223633,5.447984463459735
13667,2018-01-21 11:00:00,2018-01-21 12:00:00,4.290999889373778,26.846900218241924
13668,2018-01-21 12:00:00,2018-01-21 13:00:00,5.065000057220459,21.432089418978304
13669,2018-01-21 13:00:00,2018-01-21 14:00:00,3.86899995803833,21.53622039588722
13670,2018-01-21 14:00:00,2018-01-21 15:00:00,4.150000095367432,19.0891424385277
13671,2018-01-21 15:00:00,2018-01-21 16:00:00,3.6579999923706055,19.0891424385277
13672,2018-01-21 16:00:00,2018-01-21 17:00:00,2.180999994277954,4.667002136642867
13673,2018-01-21 17:00:00,2018-01-21 18:00:00,2.602999925613404,17.52717778489396
13674,2018-01-21 18:00:00,2018-01-21 19:00:00,2.532000064849853,6.281032278731062
13675,2018-01-21 19:00:00,2018-01-21 20:00:00,3.236000061035156,9.24876512063516
13676,2018-01-21 20:00:00,2018-01-21 21:00:00,4.7129998207092285,16.694129969622637
13677,2018-01-21 21:00:00,2018-01-21 22:00:00,4.7839999198913565,16.668097225395407
13678,2018-01-21 22:00:00,2018-01-21 23:00:00,5.276000022888184,17.318915831076133
13679,2018-01-21 23:00:00,2018-01-22 00:00:00,5.839000225067139,17.631308761802877
13680,2018-01-22 00:00:00,2018-01-22 01:00:00,5.76800012588501,16.87635917921324
13681,2018-01-22 01:00:00,2018-01-22 02:00:00,5.557000160217285,4.927329578915157
13682,2018-01-22 02:00:00,2018-01-22 03:00:00,4.501999855041504,18.698651275119268
13683,2018-01-22 03:00:00,2018-01-22 04:00:00,4.7129998207092285,5.395918975005277
13684,2018-01-22 04:00:00,2018-01-22 05:00:00,4.994999885559082,5.81244288264094
13685,2018-01-22 05:00:00,2018-01-22 06:00:00,3.5169999599456787,6.07277032491323
13686,2018-01-22 06:00:00,2018-01-22 07:00:00,3.6579999923706055,19.037076950073242
13687,2018-01-22 07:00:00,2018-01-22 08:00:00,3.588000059127808,3.8339543213715412
13688,2018-01-22 08:00:00,2018-01-22 09:00:00,4.994999885559082,4.042216275189372
13689,2018-01-22 09:00:00,2018-01-22 10:00:00,5.486999988555908,24.347756772427946
13690,2018-01-22 10:00:00,2018-01-22 11:00:00,5.76800012588501,16.87635917921324
13691,2018-01-22 11:00:00,2018-01-22 12:00:00,6.119999885559082,22.629595653430833
13692,2018-01-22 12:00:00,2018-01-22 13:00:00,5.065000057220459,6.202934046049375
13693,2018-01-22 13:00:00,2018-01-22 14:00:00,5.065000057220459,6.202934046049375
13694,2018-01-22 14:00:00,2018-01-22 15:00:00,5.486999988555908,6.228966790276604
13695,2018-01-22 15:00:00,2018-01-22 16:00:00,5.3460001945495605,16.87635917921324
13696,2018-01-22 16:00:00,2018-01-22 17:00:00,5.697999954223633,8.51984828227275
13697,2018-01-22 17:00:00,2018-01-22 18:00:00,5.486999988555908,4.927329578915157
13698,2018-01-22 18:00:00,2018-01-22 19:00:00,5.276000022888184,16.87635917921324
13699,2018-01-22 19:00:00,2018-01-22 20:00:00,5.3460001945495605,4.979395067369615
13700,2018-01-22 20:00:00,2018-01-22 21:00:00,4.923999786376953,4.979395067369615
13701,2018-01-22 21:00:00,2018-01-22 22:00:00,4.7129998207092285,15.1321653159889
13702,2018-01-22 22:00:00,2018-01-22 23:00:00,4.994999885559082,4.484772927052265
13703,2018-01-22 23:00:00,2018-01-23 00:00:00,5.065000057220459,4.2504782290072045
13704,2018-01-23 00:00:00,2018-01-23 01:00:00,4.7839999198913565,4.979395067369615
13705,2018-01-23 01:00:00,2018-01-23 02:00:00,4.432000160217285,14.66357591989878
13706,2018-01-23 02:00:00,2018-01-23 03:00:00,3.236000061035156,4.875264090460699
13707,2018-01-23 03:00:00,2018-01-23 04:00:00,4.432000160217285,8.623979259181667
13708,2018-01-23 04:00:00,2018-01-23 05:00:00,2.321000099182129,3.3913976695086494
13709,2018-01-23 05:00:00,2018-01-23 06:00:00,1.687999963760376,14.351182989172031
13710,2018-01-23 06:00:00,2018-01-23 07:00:00,2.039999961853028,13.93465908153637
13711,2018-01-23 07:00:00,2018-01-23 08:00:00,3.7279999256134033,7.947127909273713
13712,2018-01-23 08:00:00,2018-01-23 09:00:00,2.602999925613404,8.858273957226727
13713,2018-01-23 09:00:00,2018-01-23 10:00:00,2.6730000972747803,16.485868015804805
13714,2018-01-23 10:00:00,2018-01-23 11:00:00,2.532000064849853,22.629595653430833
13715,2018-01-23 11:00:00,2018-01-23 12:00:00,2.6730000972747803,8.415717305363835
13716,2018-01-23 12:00:00,2018-01-23 13:00:00,3.025000095367432,3.8860198098259993
13717,2018-01-23 13:00:00,2018-01-23 14:00:00,3.1659998893737797,17.9176689483024
13718,2018-01-23 14:00:00,2018-01-23 15:00:00,2.3919999599456787,11.695843077994681
13719,2018-01-23 15:00:00,2018-01-23 16:00:00,2.884000062942505,9.24876512063516
13720,2018-01-23 16:00:00,2018-01-23 17:00:00,2.3919999599456787,20.963500022888184
13721,2018-01-23 17:00:00,2018-01-23 18:00:00,2.039999961853028,14.66357591989878
13722,2018-01-23 18:00:00,2018-01-23 19:00:00,2.039999961853028,8.537203445090903
13723,2018-01-23 19:00:00,2018-01-23 20:00:00,2.039999961853028,5.291787998096361
13724,2018-01-23 20:00:00,2018-01-23 21:00:00,1.8289999961853027,4.2504782290072045
13725,2018-01-23 21:00:00,2018-01-23 22:00:00,1.9700000286102293,12.841283823992754
13726,2018-01-23 22:00:00,2018-01-23 23:00:00,2.039999961853028,3.521561390644794
13727,2018-01-23 23:00:00,2018-01-24 00:00:00,1.618000030517578,12.737152847083838
13728,2018-01-24 00:00:00,2018-01-24 01:00:00,1.4769999980926514,22.26513723424963
13729,2018-01-24 01:00:00,2018-01-24 02:00:00,1.2660000324249268,9.430994330225763
13730,2018-01-24 02:00:00,2018-01-24 03:00:00,0.915000021457672,15.080099827534443
13731,2018-01-24 03:00:00,2018-01-24 04:00:00,0.915000021457672,2.4802516215556363
13732,2018-01-24 04:00:00,2018-01-24 05:00:00,1.1260000467300415,16.277606061986972
13733,2018-01-24 05:00:00,2018-01-24 06:00:00,0.7739999890327454,12.94541480090167
13734,2018-01-24 06:00:00,2018-01-24 07:00:00,0.421999990940094,21.48415490743276
13735,2018-01-24 07:00:00,2018-01-24 08:00:00,0.0,7.452505768956364
13736,2018-01-24 08:00:00,2018-01-24 09:00:00,0.0,1.3868763640120214
13737,2018-01-24 09:00:00,2018-01-24 10:00:00,0.0,1.6472038062843106
13738,2018-01-24 10:00:00,2018-01-24 11:00:00,0.0,7.114080094002387
13739,2018-01-24 11:00:00,2018-01-24 12:00:00,0.0,0.03317366419611645
13740,2018-01-24 12:00:00,2018-01-24 13:00:00,0.0,-0.591612197257378
13741,2018-01-24 13:00:00,2018-01-24 14:00:00,0.0,17.05858838880384
13742,2018-01-24 14:00:00,2018-01-24 15:00:00,-0.9850000143051147,-1.2163980587108725
13743,2018-01-24 15:00:00,2018-01-24 16:00:00,-1.337000012397766,23.46264346870216
13744,2018-01-24 16:00:00,2018-01-24 17:00:00,-1.1260000467300415,5.864508371095398
13745,2018-01-24 17:00:00,2018-01-24 18:00:00,-0.843999981880188,23.306447003338786
13746,2018-01-24 18:00:00,2018-01-24 19:00:00,0.0,16.09537685239637
13747,2018-01-24 19:00:00,2018-01-24 20:00:00,-0.843999981880188,21.53622039588722
13748,2018-01-24 20:00:00,2018-01-24 21:00:00,-1.618000030517578,8.181422607318774
13749,2018-01-24 21:00:00,2018-01-24 22:00:00,-2.1099998950958248,23.540741701383844
13750,2018-01-24 22:00:00,2018-01-24 23:00:00,-1.618000030517578,21.744482349705052
13751,2018-01-24 23:00:00,2018-01-25 00:00:00,-1.2660000324249268,9.613223539816364
13752,2018-01-25 00:00:00,2018-01-25 01:00:00,-1.89900004863739,7.322342047820219
13753,2018-01-25 01:00:00,2018-01-25 02:00:00,-2.039999961853028,15.522656479397336
13754,2018-01-25 02:00:00,2018-01-25 03:00:00,-2.321000099182129,20.494910626798063
13755,2018-01-25 03:00:00,2018-01-25 04:00:00,-1.8289999961853027,15.522656479397336
13756,2018-01-25 04:00:00,2018-01-25 05:00:00,-1.618000030517578,19.870124765344567
13757,2018-01-25 05:00:00,2018-01-25 06:00:00,-2.461999893188477,16.329671550441432
13758,2018-01-25 06:00:00,2018-01-25 07:00:00,-2.461999893188477,16.954457411894925
13759,2018-01-25 07:00:00,2018-01-25 08:00:00,-2.180999994277954,-2.309773316254488
13760,2018-01-25 08:00:00,2018-01-25 09:00:00,-2.321000099182129,20.70317258061589
13761,2018-01-25 09:00:00,2018-01-25 10:00:00,-2.3919999599456787,13.431359359809944
13762,2018-01-25 10:00:00,2018-01-25 11:00:00,-2.813999891281128,13.049545777810586
13763,2018-01-25 11:00:00,2018-01-25 12:00:00,-2.74399995803833,12.893349312447214
13764,2018-01-25 12:00:00,2018-01-25 13:00:00,-3.025000095367432,25.90972142606168
13765,2018-01-25 13:00:00,2018-01-25 14:00:00,-2.461999893188477,33.25095529814024
13766,2018-01-25 14:00:00,2018-01-25 15:00:00,-3.095000028610228,13.101611266265042
13767,2018-01-25 15:00:00,2018-01-25 16:00:00,-2.884000062942505,36.73934302458892
13768,2018-01-25 16:00:00,2018-01-25 17:00:00,-2.3919999599456787,21.432089418978304
13769,2018-01-25 17:00:00,2018-01-25 18:00:00,-3.095000028610228,6.853752651730098
13770,2018-01-25 18:00:00,2018-01-25 19:00:00,-3.025000095367432,21.53622039588722
13771,2018-01-25 19:00:00,2018-01-25 20:00:00,-2.9549999237060547,18.82881499625541
13772,2018-01-25 20:00:00,2018-01-25 21:00:00,-1.687999963760376,16.64206448116818
13773,2018-01-25 21:00:00,2018-01-25 22:00:00,-1.618000030517578,21.874646070841195
13774,2018-01-25 22:00:00,2018-01-25 23:00:00,-1.337000012397766,16.954457411894925
13775,2018-01-25 23:00:00,2018-01-26 00:00:00,-1.618000030517578,17.735439738711793
13776,2018-01-26 00:00:00,2018-01-26 01:00:00,-1.5479999780654907,16.485868015804805
13777,2018-01-26 01:00:00,2018-01-26 02:00:00,-1.89900004863739,17.1106538772583
13778,2018-01-26 02:00:00,2018-01-26 03:00:00,-1.89900004863739,12.060301497175885
13779,2018-01-26 03:00:00,2018-01-26 04:00:00,-1.89900004863739,16.694129969622637
13780,2018-01-26 04:00:00,2018-01-26 05:00:00,-1.618000030517578,8.181422607318774
13781,2018-01-26 05:00:00,2018-01-26 06:00:00,-0.843999981880188,12.667732195811228
13782,2018-01-26 06:00:00,2018-01-26 07:00:00,-1.2660000324249268,11.018991728086728
13783,2018-01-26 07:00:00,2018-01-26 08:00:00,-1.1260000467300415,18.04783266943854
13784,2018-01-26 08:00:00,2018-01-26 09:00:00,-1.0549999475479126,17.735439738711793
13785,2018-01-26 09:00:00,2018-01-26 10:00:00,0.0,18.256094623256374
13786,2018-01-26 10:00:00,2018-01-26 11:00:00,-1.337000012397766,7.478538513183593
13787,2018-01-26 11:00:00,2018-01-26 12:00:00,-0.5630000233650208,7.478538513183593
13788,2018-01-26 12:00:00,2018-01-26 13:00:00,0.0,7.114080094002387
13789,2018-01-26 13:00:00,2018-01-26 14:00:00,0.0,11.826006799130825
13790,2018-01-26 14:00:00,2018-01-26 15:00:00,0.0,8.181422607318774
13791,2018-01-26 15:00:00,2018-01-26 16:00:00,0.0,10.107845680133716
13792,2018-01-26 16:00:00,2018-01-26 17:00:00,0.0,0.03317366419611645
13793,2018-01-26 17:00:00,2018-01-26 18:00:00,0.0,0.03317366419611645
13794,2018-01-26 18:00:00,2018-01-26 19:00:00,0.492000013589859,0.03317366419611645
13795,2018-01-26 19:00:00,2018-01-26 20:00:00,0.843999981880188,19.245338903891074
13796,2018-01-26 20:00:00,2018-01-26 21:00:00,0.0,18.932945973164326
13797,2018-01-26 21:00:00,2018-01-26 22:00:00,0.0,0.03317366419611645
13798,2018-01-26 22:00:00,2018-01-26 23:00:00,0.0,0.03317366419611645
13799,2018-01-26 23:00:00,2018-01-27 00:00:00,0.0,0.03317366419611645
13800,2018-01-27 00:00:00,2018-01-27 01:00:00,0.0,0.03317366419611645
13801,2018-01-27 01:00:00,2018-01-27 02:00:00,0.0,2.324055156192263
13802,2018-01-27 02:00:00,2018-01-27 03:00:00,-0.6330000162124634,33.87574115959374
13803,2018-01-27 03:00:00,2018-01-27 04:00:00,-0.6330000162124634,21.48415490743276
13804,2018-01-27 04:00:00,2018-01-27 05:00:00,-0.703000009059906,6.281032278731062
13805,2018-01-27 05:00:00,2018-01-27 06:00:00,-1.2660000324249268,16.64206448116818
13806,2018-01-27 06:00:00,2018-01-27 07:00:00,-2.039999961853028,10.914860751177812
13807,2018-01-27 07:00:00,2018-01-27 08:00:00,-2.461999893188477,10.602467820451064
13808,2018-01-27 08:00:00,2018-01-27 09:00:00,-3.7279999256134033,20.62507434793421
13809,2018-01-27 09:00:00,2018-01-27 10:00:00,-3.377000093460083,10.914860751177812
13810,2018-01-27 10:00:00,2018-01-27 11:00:00,-3.236000061035156,11.852039543358055
13811,2018-01-27 11:00:00,2018-01-27 12:00:00,-3.3059999942779537,13.023513033583358
13812,2018-01-27 12:00:00,2018-01-27 13:00:00,-3.095000028610228,10.914860751177812
13813,2018-01-27 13:00:00,2018-01-27 14:00:00,-2.6730000972747803,20.130452207616855
13814,2018-01-27 14:00:00,2018-01-27 15:00:00,-1.9700000286102293,8.571913770727207
13815,2018-01-27 15:00:00,2018-01-27 16:00:00,-2.1099998950958248,23.931232864792282
13816,2018-01-27 16:00:00,2018-01-27 17:00:00,-1.1959999799728394,25.49319751842602
13817,2018-01-27 17:00:00,2018-01-27 18:00:00,-1.1260000467300415,22.056875280431797
13818,2018-01-27 18:00:00,2018-01-27 19:00:00,0.0,10.741309122996286
13819,2018-01-27 19:00:00,2018-01-27 20:00:00,0.0,0.03317366419611645
13820,2018-01-27 20:00:00,2018-01-27 21:00:00,0.0,0.03317366419611645
13821,2018-01-27 21:00:00,2018-01-27 22:00:00,0.0,0.03317366419611645
13822,2018-01-27 22:00:00,2018-01-27 23:00:00,0.0,0.8662214794674421
13823,2018-01-27 23:00:00,2018-01-28 00:00:00,0.0,21.848613326613968
13824,2018-01-28 00:00:00,2018-01-28 01:00:00,-0.7739999890327454,19.271371648118304
13825,2018-01-28 01:00:00,2018-01-28 02:00:00,-0.7739999890327454,15.913147642805768
13826,2018-01-28 02:00:00,2018-01-28 03:00:00,-0.915000021457672,22.161006257340713
13827,2018-01-28 03:00:00,2018-01-28 04:00:00,-0.843999981880188,18.516422065528662
13828,2018-01-28 04:00:00,2018-01-28 05:00:00,-1.337000012397766,16.069344108169144
13829,2018-01-28 05:00:00,2018-01-28 06:00:00,-0.915000021457672,9.821485493634196
13830,2018-01-28 06:00:00,2018-01-28 07:00:00,-0.915000021457672,18.662205433201144
13831,2018-01-28 07:00:00,2018-01-28 08:00:00,-1.1959999799728394,4.484772927052265
13832,2018-01-28 08:00:00,2018-01-28 09:00:00,-1.337000012397766,4.614936648188409
13833,2018-01-28 09:00:00,2018-01-28 10:00:00,-1.4769999980926514,4.484772927052265
13834,2018-01-28 10:00:00,2018-01-28 11:00:00,-0.915000021457672,6.853752651730098
13835,2018-01-28 11:00:00,2018-01-28 12:00:00,-1.1959999799728394,26.846900218241924
13836,2018-01-28 12:00:00,2018-01-28 13:00:00,0.0,21.432089418978304
13837,2018-01-28 13:00:00,2018-01-28 14:00:00,-0.9850000143051147,0.03317366419611645
13838,2018-01-28 14:00:00,2018-01-28 15:00:00,-0.9850000143051147,22.44736644384023
13839,2018-01-28 15:00:00,2018-01-28 16:00:00,0.0,19.0891424385277
13840,2018-01-28 16:00:00,2018-01-28 17:00:00,0.6330000162124634,23.358512491793245
13841,2018-01-28 17:00:00,2018-01-28 18:00:00,1.0549999475479126,17.52717778489396
13842,2018-01-28 18:00:00,2018-01-28 19:00:00,0.703000009059906,6.281032278731062
13843,2018-01-28 19:00:00,2018-01-28 20:00:00,0.0,9.24876512063516
13844,2018-01-28 20:00:00,2018-01-28 21:00:00,0.0,16.694129969622637
13845,2018-01-28 21:00:00,2018-01-28 22:00:00,0.0,16.668097225395407
13846,2018-01-28 22:00:00,2018-01-28 23:00:00,0.0,17.318915831076133
13847,2018-01-28 23:00:00,2018-01-29 00:00:00,0.0,0.03317366419611645
13848,2018-01-29 00:00:00,2018-01-29 01:00:00,0.5630000233650208,16.87635917921324
13849,2018-01-29 01:00:00,2018-01-29 02:00:00,0.5630000233650208,14.845805129489383
13850,2018-01-29 02:00:00,2018-01-29 03:00:00,1.1260000467300415,18.698651275119268
13851,2018-01-29 03:00:00,2018-01-29 04:00:00,0.915000021457672,13.309873220082874
13852,2018-01-29 04:00:00,2018-01-29 05:00:00,1.0549999475479126,0.6579595256496109
13853,2018-01-29 05:00:00,2018-01-29 06:00:00,1.4769999980926514,23.098185049520957
13854,2018-01-29 06:00:00,2018-01-29 07:00:00,0.7739999890327454,19.037076950073242
13855,2018-01-29 07:00:00,2018-01-29 08:00:00,0.7739999890327454,9.821485493634196
13856,2018-01-29 08:00:00,2018-01-29 09:00:00,1.337000012397766,17.266850342621673
13857,2018-01-29 09:00:00,2018-01-29 10:00:00,0.703000009059906,24.347756772427946
13858,2018-01-29 10:00:00,2018-01-29 11:00:00,0.7739999890327454,16.87635917921324
13859,2018-01-29 11:00:00,2018-01-29 12:00:00,0.492000013589859,22.629595653430833
13860,2018-01-29 12:00:00,2018-01-29 13:00:00,1.1260000467300415,16.09537685239637
13861,2018-01-29 13:00:00,2018-01-29 14:00:00,1.4769999980926514,24.035363841701198
13862,2018-01-29 14:00:00,2018-01-29 15:00:00,1.687999963760376,6.228966790276604
13863,2018-01-29 15:00:00,2018-01-29 16:00:00,1.618000030517578,16.87635917921324
13864,2018-01-29 16:00:00,2018-01-29 17:00:00,1.9700000286102293,8.51984828227275
13865,2018-01-29 17:00:00,2018-01-29 18:00:00,1.758999943733215,5.239722509641903
13866,2018-01-29 18:00:00,2018-01-29 19:00:00,1.4769999980926514,16.87635917921324
13867,2018-01-29 19:00:00,2018-01-29 20:00:00,1.5479999780654907,19.0891424385277
13868,2018-01-29 20:00:00,2018-01-29 21:00:00,1.618000030517578,20.130452207616855
13869,2018-01-29 21:00:00,2018-01-29 22:00:00,1.687999963760376,15.1321653159889
13870,2018-01-29 22:00:00,2018-01-29 23:00:00,1.89900004863739,18.620553042437578
13871,2018-01-29 23:00:00,2018-01-30 00:00:00,1.8289999961853027,4.2504782290072045
13872,2018-01-30 00:00:00,2018-01-30 01:00:00,1.337000012397766,10.290074889724316
13873,2018-01-30 01:00:00,2018-01-30 02:00:00,1.618000030517578,14.66357591989878
13874,2018-01-30 02:00:00,2018-01-30 03:00:00,1.0549999475479126,14.351182989172031
13875,2018-01-30 03:00:00,2018-01-30 04:00:00,1.2660000324249268,8.623979259181667
13876,2018-01-30 04:00:00,2018-01-30 05:00:00,0.9850000143051147,9.24876512063516
13877,2018-01-30 05:00:00,2018-01-30 06:00:00,1.0549999475479126,14.351182989172031
13878,2018-01-30 06:00:00,2018-01-30 07:00:00,0.9850000143051147,13.93465908153637
13879,2018-01-30 07:00:00,2018-01-30 08:00:00,0.915000021457672,7.947127909273713
13880,2018-01-30 08:00:00,2018-01-30 09:00:00,1.687999963760376,8.858273957226727
13881,2018-01-30 09:00:00,2018-01-30 10:00:00,2.1099998950958248,16.485868015804805
13882,2018-01-30 10:00:00,2018-01-30 11:00:00,2.3919999599456787,22.629595653430833
13883,2018-01-30 11:00:00,2018-01-30 12:00:00,3.025000095367432,8.415717305363835
13884,2018-01-30 12:00:00,2018-01-30 13:00:00,3.095000028610228,11.695843077994681
13885,2018-01-30 13:00:00,2018-01-30 14:00:00,4.150000095367432,17.9176689483024
13886,2018-01-30 14:00:00,2018-01-30 15:00:00,3.377000093460083,11.695843077994681
13887,2018-01-30 15:00:00,2018-01-30 16:00:00,3.4470000267028813,3.261233948372505
13888,2018-01-30 16:00:00,2018-01-30 17:00:00,2.74399995803833,3.573626879099252
13889,2018-01-30 17:00:00,2018-01-30 18:00:00,2.3919999599456787,14.66357591989878
13890,2018-01-30 18:00:00,2018-01-30 19:00:00,2.180999994277954,8.537203445090903
13891,2018-01-30 19:00:00,2018-01-30 20:00:00,2.74399995803833,5.291787998096361
13892,2018-01-30 20:00:00,2018-01-30 21:00:00,2.532000064849853,4.2504782290072045
13893,2018-01-30 21:00:00,2018-01-30 22:00:00,2.74399995803833,12.841283823992754
13894,2018-01-30 22:00:00,2018-01-30 23:00:00,3.025000095367432,3.521561390644794
13895,2018-01-30 23:00:00,2018-01-31 00:00:00,1.758999943733215,12.737152847083838
13896,2018-01-31 00:00:00,2018-01-31 01:00:00,1.758999943733215,2.4281861331011783
13897,2018-01-31 01:00:00,2018-01-31 02:00:00,1.758999943733215,11.314029495995323
13898,2018-01-31 02:00:00,2018-01-31 03:00:00,1.758999943733215,1.3868763640120214
13899,2018-01-31 03:00:00,2018-01-31 04:00:00,1.758999943733215,10.02974744745203
13900,2018-01-31 04:00:00,2018-01-31 05:00:00,1.758999943733215,1.8034002716476838
13901,2018-01-31 05:00:00,2018-01-31 06:00:00,1.758999943733215,1.3868763640120214
13902,2018-01-31 06:00:00,2018-01-31 07:00:00,1.758999943733215,21.48415490743276
13903,2018-01-31 07:00:00,2018-01-31 08:00:00,1.758999943733215,7.452505768956364
13904,2018-01-31 08:00:00,2018-01-31 09:00:00,1.758999943733215,1.6472038062843106
13905,2018-01-31 09:00:00,2018-01-31 10:00:00,1.758999943733215,18.04783266943854
13906,2018-01-31 10:00:00,2018-01-31 11:00:00,1.758999943733215,7.114080094002387
13907,2018-01-31 11:00:00,2018-01-31 12:00:00,1.758999943733215,21.432089418978304
13908,2018-01-31 12:00:00,2018-01-31 13:00:00,1.758999943733215,27.54110673096803
13909,2018-01-31 13:00:00,2018-01-31 14:00:00,1.758999943733215,17.05858838880384
13910,2018-01-31 14:00:00,2018-01-31 15:00:00,1.758999943733215,16.694129969622637
13911,2018-01-31 15:00:00,2018-01-31 16:00:00,1.758999943733215,23.46264346870216
13912,2018-01-31 16:00:00,2018-01-31 17:00:00,1.758999943733215,5.864508371095398
13913,2018-01-31 17:00:00,2018-01-31 18:00:00,1.758999943733215,4.484772927052265
13914,2018-01-31 18:00:00,2018-01-31 19:00:00,1.758999943733215,16.09537685239637
13915,2018-01-31 19:00:00,2018-01-31 20:00:00,1.758999943733215,21.53622039588722
13916,2018-01-31 20:00:00,2018-01-31 21:00:00,1.758999943733215,8.181422607318774
13917,2018-01-31 21:00:00,2018-01-31 22:00:00,1.758999943733215,23.540741701383844
13918,2018-01-31 22:00:00,2018-01-31 23:00:00,1.758999943733215,21.744482349705052
13919,2018-01-31 23:00:00,2018-02-01 00:00:00,2.74399995803833,9.613223539816364
13920,2018-02-01 00:00:00,2018-02-01 01:00:00,3.025000095367432,7.322342047820219
13921,2018-02-01 01:00:00,2018-02-01 02:00:00,3.025000095367432,15.522656479397336
13922,2018-02-01 02:00:00,2018-02-01 03:00:00,3.236000061035156,20.494910626798063
13923,2018-02-01 03:00:00,2018-02-01 04:00:00,2.884000062942505,3.62569236755371
13924,2018-02-01 04:00:00,2018-02-01 05:00:00,2.74399995803833,19.870124765344567
13925,2018-02-01 05:00:00,2018-02-01 06:00:00,2.461999893188477,16.329671550441432
13926,2018-02-01 06:00:00,2018-02-01 07:00:00,2.039999961853028,16.954457411894925
13927,2018-02-01 07:00:00,2018-02-01 08:00:00,2.3919999599456787,20.23458318452577
13928,2018-02-01 08:00:00,2018-02-01 09:00:00,3.1659998893737797,20.70317258061589
13929,2018-02-01 09:00:00,2018-02-01 10:00:00,3.799000024795532,13.431359359809944
13930,2018-02-01 10:00:00,2018-02-01 11:00:00,4.7129998207092285,8.767159352431426
13931,2018-02-01 11:00:00,2018-02-01 12:00:00,4.290999889373778,12.893349312447214
13932,2018-02-01 12:00:00,2018-02-01 13:00:00,4.290999889373778,4.719067625097325
13933,2018-02-01 13:00:00,2018-02-01 14:00:00,6.261000156402588,4.484772927052265
13934,2018-02-01 14:00:00,2018-02-01 15:00:00,3.938999891281128,13.101611266265042
13935,2018-02-01 15:00:00,2018-02-01 16:00:00,3.799000024795532,36.73934302458892
13936,2018-02-01 16:00:00,2018-02-01 17:00:00,3.588000059127808,21.432089418978304
13937,2018-02-01 17:00:00,2018-02-01 18:00:00,3.799000024795532,6.853752651730098
13938,2018-02-01 18:00:00,2018-02-01 19:00:00,3.588000059127808,21.53622039588722
13939,2018-02-01 19:00:00,2018-02-01 20:00:00,3.3059999942779537,3.261233948372505
13940,2018-02-01 20:00:00,2018-02-01 21:00:00,3.6579999923706055,3.261233948372505
13941,2018-02-01 21:00:00,2018-02-01 22:00:00,4.290999889373778,21.874646070841195
13942,2018-02-01 22:00:00,2018-02-01 23:00:00,3.938999891281128,16.954457411894925
13943,2018-02-01 23:00:00,2018-02-02 00:00:00,3.799000024795532,17.735439738711793
13944,2018-02-02 00:00:00,2018-02-02 01:00:00,4.361999988555908,16.485868015804805
13945,2018-02-02 01:00:00,2018-02-02 02:00:00,4.64300012588501,17.1106538772583
13946,2018-02-02 02:00:00,2018-02-02 03:00:00,4.2210001945495605,12.060301497175885
13947,2018-02-02 03:00:00,2018-02-02 04:00:00,4.079999923706056,16.694129969622637
13948,2018-02-02 04:00:00,2018-02-02 05:00:00,3.86899995803833,8.181422607318774
13949,2018-02-02 05:00:00,2018-02-02 06:00:00,3.938999891281128,12.667732195811228
13950,2018-02-02 06:00:00,2018-02-02 07:00:00,3.7279999256134033,11.018991728086728
13951,2018-02-02 07:00:00,2018-02-02 08:00:00,3.86899995803833,18.04783266943854
13952,2018-02-02 08:00:00,2018-02-02 09:00:00,4.432000160217285,17.735439738711793
13953,2018-02-02 09:00:00,2018-02-02 10:00:00,3.377000093460083,18.256094623256374
13954,2018-02-02 10:00:00,2018-02-02 11:00:00,4.079999923706056,7.478538513183593
13955,2018-02-02 11:00:00,2018-02-02 12:00:00,3.588000059127808,4.2504782290072045
13956,2018-02-02 12:00:00,2018-02-02 13:00:00,3.4470000267028813,7.114080094002387
13957,2018-02-02 13:00:00,2018-02-02 14:00:00,3.3059999942779537,4.2504782290072045
13958,2018-02-02 14:00:00,2018-02-02 15:00:00,3.86899995803833,16.87635917921324
13959,2018-02-02 15:00:00,2018-02-02 16:00:00,3.3059999942779537,4.0942817636438305
13960,2018-02-02 16:00:00,2018-02-02 17:00:00,3.5169999599456787,10.316107633951548
13961,2018-02-02 17:00:00,2018-02-02 18:00:00,2.321000099182129,14.92390336217107
13962,2018-02-02 18:00:00,2018-02-02 19:00:00,2.039999961853028,19.505666346163363
13963,2018-02-02 19:00:00,2018-02-02 20:00:00,1.89900004863739,19.245338903891074
13964,2018-02-02 20:00:00,2018-02-02 21:00:00,2.461999893188477,18.932945973164326
13965,2018-02-02 21:00:00,2018-02-02 22:00:00,2.532000064849853,2.5323171100100943
13966,2018-02-02 22:00:00,2018-02-02 23:00:00,2.039999961853028,2.766611808055155
13967,2018-02-02 23:00:00,2018-02-03 00:00:00,2.039999961853028,12.806573498356448
13968,2018-02-03 00:00:00,2018-02-03 01:00:00,0.843999981880188,9.821485493634196
13969,2018-02-03 01:00:00,2018-02-03 02:00:00,0.703000009059906,10.914860751177812
13970,2018-02-03 02:00:00,2018-02-03 03:00:00,0.703000009059906,33.87574115959374
13971,2018-02-03 03:00:00,2018-02-03 04:00:00,1.337000012397766,21.48415490743276
13972,2018-02-03 04:00:00,2018-02-03 05:00:00,0.7739999890327454,6.281032278731062
13973,2018-02-03 05:00:00,2018-02-03 06:00:00,0.0,16.64206448116818
13974,2018-02-03 06:00:00,2018-02-03 07:00:00,0.0,10.914860751177812
13975,2018-02-03 07:00:00,2018-02-03 08:00:00,0.0,10.602467820451064
13976,2018-02-03 08:00:00,2018-02-03 09:00:00,0.7739999890327454,20.62507434793421
13977,2018-02-03 09:00:00,2018-02-03 10:00:00,1.406999945640564,10.914860751177812
13978,2018-02-03 10:00:00,2018-02-03 11:00:00,2.039999961853028,11.852039543358055
13979,2018-02-03 11:00:00,2018-02-03 12:00:00,1.2660000324249268,2.115793202374431
13980,2018-02-03 12:00:00,2018-02-03 13:00:00,1.9700000286102293,10.914860751177812
13981,2018-02-03 13:00:00,2018-02-03 14:00:00,3.4470000267028813,20.130452207616855
13982,2018-02-03 14:00:00,2018-02-03 15:00:00,3.4470000267028813,8.571913770727207
13983,2018-02-03 15:00:00,2018-02-03 16:00:00,3.6579999923706055,23.931232864792282
13984,2018-02-03 16:00:00,2018-02-03 17:00:00,3.236000061035156,25.49319751842602
13985,2018-02-03 17:00:00,2018-02-03 18:00:00,2.461999893188477,22.056875280431797
13986,2018-02-03 18:00:00,2018-02-03 19:00:00,2.3919999599456787,10.741309122996286
13987,2018-02-03 19:00:00,2018-02-03 20:00:00,1.687999963760376,10.914860751177812
13988,2018-02-03 20:00:00,2018-02-03 21:00:00,1.2660000324249268,11.22725368190456
13989,2018-02-03 21:00:00,2018-02-03 22:00:00,2.180999994277954,10.290074889724316
13990,2018-02-03 22:00:00,2018-02-03 23:00:00,0.7739999890327454,17.05858838880384
13991,2018-02-03 23:00:00,2018-02-04 00:00:00,1.89900004863739,21.848613326613968
13992,2018-02-04 00:00:00,2018-02-04 01:00:00,1.8289999961853027,7.270276559365761
13993,2018-02-04 01:00:00,2018-02-04 02:00:00,2.250999927520752,15.913147642805768
13994,2018-02-04 02:00:00,2018-02-04 03:00:00,2.039999961853028,22.161006257340713
13995,2018-02-04 03:00:00,2018-02-04 04:00:00,2.180999994277954,18.516422065528662
13996,2018-02-04 04:00:00,2018-02-04 05:00:00,2.3919999599456787,16.069344108169144
13997,2018-02-04 05:00:00,2018-02-04 06:00:00,1.687999963760376,2.5323171100100943
13998,2018-02-04 06:00:00,2018-02-04 07:00:00,1.5479999780654907,18.662205433201144
13999,2018-02-04 07:00:00,2018-02-04 08:00:00,1.89900004863739,4.484772927052265
14000,2018-02-04 08:00:00,2018-02-04 09:00:00,2.6730000972747803,4.614936648188409
14001,2018-02-04 09:00:00,2018-02-04 10:00:00,2.884000062942505,4.484772927052265
14002,2018-02-04 10:00:00,2018-02-04 11:00:00,3.799000024795532,6.853752651730098
14003,2018-02-04 11:00:00,2018-02-04 12:00:00,2.9549999237060547,26.846900218241924
14004,2018-02-04 12:00:00,2018-02-04 13:00:00,3.377000093460083,21.432089418978304
14005,2018-02-04 13:00:00,2018-02-04 14:00:00,4.432000160217285,21.53622039588722
14006,2018-02-04 14:00:00,2018-02-04 15:00:00,3.86899995803833,19.0891424385277
14007,2018-02-04 15:00:00,2018-02-04 16:00:00,4.150000095367432,19.0891424385277
14008,2018-02-04 16:00:00,2018-02-04 17:00:00,4.150000095367432,23.358512491793245
14009,2018-02-04 17:00:00,2018-02-04 18:00:00,3.236000061035156,17.52717778489396
14010,2018-02-04 18:00:00,2018-02-04 19:00:00,2.884000062942505,6.281032278731062
14011,2018-02-04 19:00:00,2018-02-04 20:00:00,2.461999893188477,2.271989667737805
14012,2018-02-04 20:00:00,2018-02-04 21:00:00,3.4470000267028813,16.694129969622637
14013,2018-02-04 21:00:00,2018-02-04 22:00:00,4.079999923706056,16.668097225395407
14014,2018-02-04 22:00:00,2018-02-04 23:00:00,3.588000059127808,4.2504782290072045
14015,2018-02-04 23:00:00,2018-02-05 00:00:00,4.290999889373778,17.631308761802877
14016,2018-02-05 00:00:00,2018-02-05 01:00:00,3.799000024795532,16.87635917921324
14017,2018-02-05 01:00:00,2018-02-05 02:00:00,3.1659998893737797,14.845805129489383
14018,2018-02-05 02:00:00,2018-02-05 03:00:00,4.079999923706056,18.698651275119268
14019,2018-02-05 03:00:00,2018-02-05 04:00:00,3.095000028610228,13.309873220082874
14020,2018-02-05 04:00:00,2018-02-05 05:00:00,3.588000059127808,5.395918975005277
14021,2018-02-05 05:00:00,2018-02-05 06:00:00,2.884000062942505,23.098185049520957
14022,2018-02-05 06:00:00,2018-02-05 07:00:00,3.025000095367432,3.62569236755371
14023,2018-02-05 07:00:00,2018-02-05 08:00:00,3.588000059127808,9.821485493634196
14024,2018-02-05 08:00:00,2018-02-05 09:00:00,3.4470000267028813,4.979395067369615
14025,2018-02-05 09:00:00,2018-02-05 10:00:00,2.884000062942505,3.3913976695086494
14026,2018-02-05 10:00:00,2018-02-05 11:00:00,3.86899995803833,16.87635917921324
14027,2018-02-05 11:00:00,2018-02-05 12:00:00,2.884000062942505,5.6302136730503385
14028,2018-02-05 12:00:00,2018-02-05 13:00:00,3.3059999942779537,16.09537685239637
14029,2018-02-05 13:00:00,2018-02-05 14:00:00,4.501999855041504,24.035363841701198
14030,2018-02-05 14:00:00,2018-02-05 15:00:00,4.010000228881837,6.228966790276604
14031,2018-02-05 15:00:00,2018-02-05 16:00:00,4.079999923706056,16.87635917921324
14032,2018-02-05 16:00:00,2018-02-05 17:00:00,5.205999851226807,8.51984828227275
14033,2018-02-05 17:00:00,2018-02-05 18:00:00,4.290999889373778,5.239722509641903
14034,2018-02-05 18:00:00,2018-02-05 19:00:00,4.290999889373778,16.87635917921324
14035,2018-02-05 19:00:00,2018-02-05 20:00:00,3.938999891281128,4.719067625097325
14036,2018-02-05 20:00:00,2018-02-05 21:00:00,4.2210001945495605,20.130452207616855
14037,2018-02-05 21:00:00,2018-02-05 22:00:00,4.290999889373778,9.925616470543112
14038,2018-02-05 22:00:00,2018-02-05 23:00:00,3.799000024795532,5.031460555824073
14039,2018-02-05 23:00:00,2018-02-06 00:00:00,3.938999891281128,4.2504782290072045
14040,2018-02-06 00:00:00,2018-02-06 01:00:00,4.2210001945495605,10.290074889724316
14041,2018-02-06 01:00:00,2018-02-06 02:00:00,3.799000024795532,14.66357591989878
14042,2018-02-06 02:00:00,2018-02-06 03:00:00,3.5169999599456787,4.875264090460699
14043,2018-02-06 03:00:00,2018-02-06 04:00:00,4.290999889373778,8.623979259181667
14044,2018-02-06 04:00:00,2018-02-06 05:00:00,4.010000228881837,9.24876512063516
14045,2018-02-06 05:00:00,2018-02-06 06:00:00,4.010000228881837,14.351182989172031
14046,2018-02-06 06:00:00,2018-02-06 07:00:00,1.5479999780654907,13.93465908153637
14047,2018-02-06 07:00:00,2018-02-06 08:00:00,1.1959999799728394,1.0744834332852742
14048,2018-02-06 08:00:00,2018-02-06 09:00:00,1.1260000467300415,8.858273957226727
14049,2018-02-06 09:00:00,2018-02-06 10:00:00,1.4769999980926514,16.485868015804805
14050,2018-02-06 10:00:00,2018-02-06 11:00:00,1.687999963760376,22.629595653430833
14051,2018-02-06 11:00:00,2018-02-06 12:00:00,1.758999943733215,8.415717305363835
14052,2018-02-06 12:00:00,2018-02-06 13:00:00,2.461999893188477,11.695843077994681
14053,2018-02-06 13:00:00,2018-02-06 14:00:00,4.501999855041504,17.9176689483024
14054,2018-02-06 14:00:00,2018-02-06 15:00:00,3.799000024795532,3.3913976695086494
14055,2018-02-06 15:00:00,2018-02-06 16:00:00,2.6730000972747803,9.24876512063516
14056,2018-02-06 16:00:00,2018-02-06 17:00:00,2.6730000972747803,20.963500022888184
14057,2018-02-06 17:00:00,2018-02-06 18:00:00,2.602999925613404,14.66357591989878
14058,2018-02-06 18:00:00,2018-02-06 19:00:00,2.250999927520752,4.484772927052265
14059,2018-02-06 19:00:00,2018-02-06 20:00:00,2.180999994277954,5.291787998096361
14060,2018-02-06 20:00:00,2018-02-06 21:00:00,2.532000064849853,4.2504782290072045
14061,2018-02-06 21:00:00,2018-02-06 22:00:00,2.602999925613404,2.766611808055155
14062,2018-02-06 22:00:00,2018-02-06 23:00:00,2.250999927520752,3.521561390644794
14063,2018-02-06 23:00:00,2018-02-07 00:00:00,1.8289999961853027,12.737152847083838
14064,2018-02-07 00:00:00,2018-02-07 01:00:00,2.039999961853028,22.26513723424963
14065,2018-02-07 01:00:00,2018-02-07 02:00:00,1.9700000286102293,2.011662225465516
14066,2018-02-07 02:00:00,2018-02-07 03:00:00,2.461999893188477,0.9182869679219001
14067,2018-02-07 03:00:00,2018-02-07 04:00:00,2.250999927520752,10.02974744745203
14068,2018-02-07 04:00:00,2018-02-07 05:00:00,2.321000099182129,16.277606061986972
14069,2018-02-07 05:00:00,2018-02-07 06:00:00,2.461999893188477,12.94541480090167
14070,2018-02-07 06:00:00,2018-02-07 07:00:00,2.602999925613404,21.48415490743276
14071,2018-02-07 07:00:00,2018-02-07 08:00:00,2.884000062942505,0.03317366419611645
14072,2018-02-07 08:00:00,2018-02-07 09:00:00,3.588000059127808,9.387606423180381
14073,2018-02-07 09:00:00,2018-02-07 10:00:00,4.150000095367432,18.04783266943854
14074,2018-02-07 10:00:00,2018-02-07 11:00:00,4.501999855041504,7.114080094002387
14075,2018-02-07 11:00:00,2018-02-07 12:00:00,4.010000228881837,4.875264090460699
14076,2018-02-07 12:00:00,2018-02-07 13:00:00,4.290999889373778,27.54110673096803
14077,2018-02-07 13:00:00,2018-02-07 14:00:00,4.572999954223633,17.05858838880384
14078,2018-02-07 14:00:00,2018-02-07 15:00:00,4.923999786376953,16.694129969622637
14079,2018-02-07 15:00:00,2018-02-07 16:00:00,4.64300012588501,23.46264346870216
14080,2018-02-07 16:00:00,2018-02-07 17:00:00,5.065000057220459,5.864508371095398
14081,2018-02-07 17:00:00,2018-02-07 18:00:00,4.994999885559082,5.395918975005277
14082,2018-02-07 18:00:00,2018-02-07 19:00:00,5.135000228881836,6.202934046049375
14083,2018-02-07 19:00:00,2018-02-07 20:00:00,5.135000228881836,12.68508735862938
14084,2018-02-07 20:00:00,2018-02-07 21:00:00,4.64300012588501,7.131435256820541
14085,2018-02-07 21:00:00,2018-02-07 22:00:00,4.64300012588501,6.645490697912266
14086,2018-02-07 22:00:00,2018-02-07 23:00:00,3.588000059127808,5.005427811596844
14087,2018-02-07 23:00:00,2018-02-08 00:00:00,1.89900004863739,3.209168459918047
14088,2018-02-08 00:00:00,2018-02-08 01:00:00,2.1099998950958248,7.322342047820219
14089,2018-02-08 01:00:00,2018-02-08 02:00:00,4.150000095367432,15.522656479397336
14090,2018-02-08 02:00:00,2018-02-08 03:00:00,4.2210001945495605,2.4802516215556363
14091,2018-02-08 03:00:00,2018-02-08 04:00:00,3.7279999256134033,15.522656479397336
14092,2018-02-08 04:00:00,2018-02-08 05:00:00,3.588000059127808,19.870124765344567
14093,2018-02-08 05:00:00,2018-02-08 06:00:00,3.7279999256134033,3.8860198098259993
14094,2018-02-08 06:00:00,2018-02-08 07:00:00,3.1659998893737797,16.954457411894925
14095,2018-02-08 07:00:00,2018-02-08 08:00:00,3.025000095367432,4.979395067369615
14096,2018-02-08 08:00:00,2018-02-08 09:00:00,2.180999994277954,3.7037906002353966
14097,2018-02-08 09:00:00,2018-02-08 10:00:00,2.532000064849853,4.484772927052265
14098,2018-02-08 10:00:00,2018-02-08 11:00:00,2.884000062942505,13.049545777810586
14099,2018-02-08 11:00:00,2018-02-08 12:00:00,3.025000095367432,12.893349312447214
14100,2018-02-08 12:00:00,2018-02-08 13:00:00,2.884000062942505,4.2504782290072045
14101,2018-02-08 13:00:00,2018-02-08 14:00:00,3.938999891281128,33.25095529814024
14102,2018-02-08 14:00:00,2018-02-08 15:00:00,3.588000059127808,13.101611266265042
14103,2018-02-08 15:00:00,2018-02-08 16:00:00,3.4470000267028813,36.73934302458892
14104,2018-02-08 16:00:00,2018-02-08 17:00:00,3.86899995803833,3.7037906002353966
14105,2018-02-08 17:00:00,2018-02-08 18:00:00,3.377000093460083,6.853752651730098
14106,2018-02-08 18:00:00,2018-02-08 19:00:00,2.813999891281128,2.8447100407368415
14107,2018-02-08 19:00:00,2018-02-08 20:00:00,2.74399995803833,2.8447100407368415
14108,2018-02-08 20:00:00,2018-02-08 21:00:00,2.884000062942505,16.64206448116818
14109,2018-02-08 21:00:00,2018-02-08 22:00:00,2.813999891281128,21.874646070841195
14110,2018-02-08 22:00:00,2018-02-08 23:00:00,2.602999925613404,16.954457411894925
14111,2018-02-08 23:00:00,2018-02-09 00:00:00,2.813999891281128,17.735439738711793
14112,2018-02-09 00:00:00,2018-02-09 01:00:00,2.602999925613404,16.485868015804805
14113,2018-02-09 01:00:00,2018-02-09 02:00:00,2.9549999237060547,17.1106538772583
14114,2018-02-09 02:00:00,2018-02-09 03:00:00,2.884000062942505,12.060301497175885
14115,2018-02-09 03:00:00,2018-02-09 04:00:00,3.377000093460083,16.694129969622637
14116,2018-02-09 04:00:00,2018-02-09 05:00:00,3.3059999942779537,8.181422607318774
14117,2018-02-09 05:00:00,2018-02-09 06:00:00,3.3059999942779537,12.667732195811228
14118,2018-02-09 06:00:00,2018-02-09 07:00:00,3.3059999942779537,11.018991728086728
14119,2018-02-09 07:00:00,2018-02-09 08:00:00,3.377000093460083,18.04783266943854
14120,2018-02-09 08:00:00,2018-02-09 09:00:00,3.588000059127808,17.735439738711793
14121,2018-02-09 09:00:00,2018-02-09 10:00:00,3.7279999256134033,3.469495902190336
14122,2018-02-09 10:00:00,2018-02-09 11:00:00,4.64300012588501,7.088047349775159
14123,2018-02-09 11:00:00,2018-02-09 12:00:00,5.697999954223633,7.478538513183593
14124,2018-02-09 12:00:00,2018-02-09 13:00:00,5.486999988555908,7.114080094002387
14125,2018-02-09 13:00:00,2018-02-09 14:00:00,5.76800012588501,6.957883628639014
14126,2018-02-09 14:00:00,2018-02-09 15:00:00,5.76800012588501,6.228966790276604
14127,2018-02-09 15:00:00,2018-02-09 16:00:00,5.76800012588501,7.114080094002387
14128,2018-02-09 16:00:00,2018-02-09 17:00:00,5.76800012588501,5.81244288264094
14129,2018-02-09 17:00:00,2018-02-09 18:00:00,5.627999782562256,6.07277032491323
14130,2018-02-09 18:00:00,2018-02-09 19:00:00,5.3460001945495605,6.07277032491323
14131,2018-02-09 19:00:00,2018-02-09 20:00:00,5.839000225067139,6.645490697912266
14132,2018-02-09 20:00:00,2018-02-09 21:00:00,5.697999954223633,6.020704836458772
14133,2018-02-09 21:00:00,2018-02-09 22:00:00,5.416999816894531,17.89163620407517
14134,2018-02-09 22:00:00,2018-02-09 23:00:00,5.76800012588501,6.228966790276604
14135,2018-02-09 23:00:00,2018-02-10 00:00:00,5.839000225067139,5.81244288264094
14136,2018-02-10 00:00:00,2018-02-10 01:00:00,5.908999919891357,9.821485493634196
14137,2018-02-10 01:00:00,2018-02-10 02:00:00,6.190999984741211,5.864508371095398
14138,2018-02-10 02:00:00,2018-02-10 03:00:00,5.697999954223633,6.80168716327564
14139,2018-02-10 03:00:00,2018-02-10 04:00:00,4.7129998207092285,21.48415490743276
14140,2018-02-10 04:00:00,2018-02-10 05:00:00,4.64300012588501,6.281032278731062
14141,2018-02-10 05:00:00,2018-02-10 06:00:00,3.095000028610228,16.64206448116818
14142,2018-02-10 06:00:00,2018-02-10 07:00:00,2.813999891281128,2.8447100407368415
14143,2018-02-10 07:00:00,2018-02-10 08:00:00,3.4470000267028813,2.8447100407368415
14144,2018-02-10 08:00:00,2018-02-10 09:00:00,2.321000099182129,20.62507434793421
14145,2018-02-10 09:00:00,2018-02-10 10:00:00,1.89900004863739,10.914860751177812
14146,2018-02-10 10:00:00,2018-02-10 11:00:00,2.250999927520752,11.852039543358055
14147,2018-02-10 11:00:00,2018-02-10 12:00:00,3.025000095367432,13.023513033583358
14148,2018-02-10 12:00:00,2018-02-10 13:00:00,3.025000095367432,10.914860751177812
14149,2018-02-10 13:00:00,2018-02-10 14:00:00,3.938999891281128,20.130452207616855
14150,2018-02-10 14:00:00,2018-02-10 15:00:00,3.236000061035156,8.571913770727207
14151,2018-02-10 15:00:00,2018-02-10 16:00:00,3.7279999256134033,23.931232864792282
14152,2018-02-10 16:00:00,2018-02-10 17:00:00,4.150000095367432,25.49319751842602
14153,2018-02-10 17:00:00,2018-02-10 18:00:00,4.2210001945495605,3.62569236755371
14154,2018-02-10 18:00:00,2018-02-10 19:00:00,3.7279999256134033,10.741309122996286
14155,2018-02-10 19:00:00,2018-02-10 20:00:00,3.799000024795532,3.261233948372505
14156,2018-02-10 20:00:00,2018-02-10 21:00:00,3.86899995803833,11.22725368190456
14157,2018-02-10 21:00:00,2018-02-10 22:00:00,3.095000028610228,10.290074889724316
14158,2018-02-10 22:00:00,2018-02-10 23:00:00,1.337000012397766,17.05858838880384
14159,2018-02-10 23:00:00,2018-02-11 00:00:00,2.532000064849853,21.848613326613968
14160,2018-02-11 00:00:00,2018-02-11 01:00:00,3.095000028610228,7.270276559365761
14161,2018-02-11 01:00:00,2018-02-11 02:00:00,4.290999889373778,2.766611808055155
14162,2018-02-11 02:00:00,2018-02-11 03:00:00,3.938999891281128,22.161006257340713
14163,2018-02-11 03:00:00,2018-02-11 04:00:00,3.86899995803833,18.516422065528662
14164,2018-02-11 04:00:00,2018-02-11 05:00:00,3.6579999923706055,14.455313966080947
14165,2018-02-11 05:00:00,2018-02-11 06:00:00,2.6730000972747803,9.821485493634196
14166,2018-02-11 06:00:00,2018-02-11 07:00:00,3.095000028610228,18.662205433201144
14167,2018-02-11 07:00:00,2018-02-11 08:00:00,4.079999923706056,4.484772927052265
14168,2018-02-11 08:00:00,2018-02-11 09:00:00,3.377000093460083,4.1984127405527465
14169,2018-02-11 09:00:00,2018-02-11 10:00:00,2.813999891281128,4.484772927052265
14170,2018-02-11 10:00:00,2018-02-11 11:00:00,3.377000093460083,3.209168459918047
14171,2018-02-11 11:00:00,2018-02-11 12:00:00,2.9549999237060547,26.846900218241924
14172,2018-02-11 12:00:00,2018-02-11 13:00:00,2.74399995803833,3.3913976695086494
14173,2018-02-11 13:00:00,2018-02-11 14:00:00,3.4470000267028813,21.53622039588722
14174,2018-02-11 14:00:00,2018-02-11 15:00:00,3.095000028610228,19.0891424385277
14175,2018-02-11 15:00:00,2018-02-11 16:00:00,3.095000028610228,19.0891424385277
14176,2018-02-11 16:00:00,2018-02-11 17:00:00,2.461999893188477,23.358512491793245
14177,2018-02-11 17:00:00,2018-02-11 18:00:00,1.9700000286102293,17.52717778489396
14178,2018-02-11 18:00:00,2018-02-11 19:00:00,3.095000028610228,6.281032278731062
14179,2018-02-11 19:00:00,2018-02-11 20:00:00,1.89900004863739,9.24876512063516
14180,2018-02-11 20:00:00,2018-02-11 21:00:00,2.74399995803833,16.694129969622637
14181,2018-02-11 21:00:00,2018-02-11 22:00:00,3.6579999923706055,16.668097225395407
14182,2018-02-11 22:00:00,2018-02-11 23:00:00,3.1659998893737797,4.2504782290072045
14183,2018-02-11 23:00:00,2018-02-12 00:00:00,3.095000028610228,17.631308761802877
14184,2018-02-12 00:00:00,2018-02-12 01:00:00,3.095000028610228,16.87635917921324
14185,2018-02-12 01:00:00,2018-02-12 02:00:00,2.74399995803833,14.845805129489383
14186,2018-02-12 02:00:00,2018-02-12 03:00:00,2.74399995803833,18.698651275119268
14187,2018-02-12 03:00:00,2018-02-12 04:00:00,2.884000062942505,13.309873220082874
14188,2018-02-12 04:00:00,2018-02-12 05:00:00,2.884000062942505,5.395918975005277
14189,2018-02-12 05:00:00,2018-02-12 06:00:00,2.6730000972747803,23.098185049520957
14190,2018-02-12 06:00:00,2018-02-12 07:00:00,2.532000064849853,19.037076950073242
14191,2018-02-12 07:00:00,2018-02-12 08:00:00,1.618000030517578,9.821485493634196
14192,2018-02-12 08:00:00,2018-02-12 09:00:00,1.758999943733215,17.266850342621673
14193,2018-02-12 09:00:00,2018-02-12 10:00:00,1.0549999475479126,24.347756772427946
