checkpoint_sentences,sentence_index,retrieval_mode,recall_step,expected_word,decoded_word,raw_event_count,raw_predicted_column_count,prediction_active_cell_count,advance_success,timed_overlap_of_selected_word,column_overlap_of_selected_word,timed_overlap_of_expected_word,column_overlap_of_expected_word,expected_word_rank,number_of_ranked_candidates,top_5_candidates,stopped_reason,previous_active_cell_count,previous_winner_count,burst_cell_count
500,1,neural,1,would,Fox,100,100,100,True,2,2,0,0,,144,"[{""word"": ""Fox"", ""timed_overlap"": 2, ""column_overlap"": 2}, {""word"": ""AND"", ""timed_overlap"": 1, ""column_overlap"": 4}, {""word"": ""Sultan"", ""timed_overlap"": 1, ""column_overlap"": 4}, {""word"": ""hopelessly"", ""timed_overlap"": 1, ""column_overlap"": 4}, {""word"": ""give"", ""timed_overlap"": 1, ""column_overlap"": 4}]",completed,91,10,0
500,1,neural,2,want,by,99,99,99,True,3,3,0,0,,73,"[{""word"": ""by"", ""timed_overlap"": 3, ""column_overlap"": 3}, {""word"": ""tired"", ""timed_overlap"": 3, ""column_overlap"": 3}, {""word"": ""forgotten"", ""timed_overlap"": 2, ""column_overlap"": 2}, {""word"": ""glanced"", ""timed_overlap"": 2, ""column_overlap"": 2}, {""word"": ""obstinate"", ""timed_overlap"": 1, ""column_overlap"": 3}]",completed,100,100,0
500,1,neural,3,to,hopelessly,100,100,100,True,2,3,1,2,31,72,"[{""word"": ""hopelessly"", ""timed_overlap"": 2, ""column_overlap"": 3}, {""word"": ""DO"", ""timed_overlap"": 2, ""column_overlap"": 2}, {""word"": ""hate"", ""timed_overlap"": 2, ""column_overlap"": 2}, {""word"": ""Chuck"", ""timed_overlap"": 1, ""column_overlap"": 3}, {""word"": ""our"", ""timed_overlap"": 1, ""column_overlap"": 3}]",completed,99,99,0
500,1,neural,4,see,central,99,99,99,True,2,4,0,0,,98,"[{""word"": ""central"", ""timed_overlap"": 2, ""column_overlap"": 4}, {""word"": ""from"", ""timed_overlap"": 2, ""column_overlap"": 2}, {""word"": ""blue"", ""timed_overlap"": 1, ""column_overlap"": 3}, {""word"": ""--"", ""timed_overlap"": 1, ""column_overlap"": 3}, {""word"": ""order"", ""timed_overlap"": 1, ""column_overlap"": 3}]",completed,100,100,0
500,2,neural,1,over,sweetens,100,100,100,True,2,3,0,0,,84,"[{""word"": ""sweetens"", ""timed_overlap"": 2, ""column_overlap"": 3}, {""word"": ""Reddy"", ""timed_overlap"": 2, ""column_overlap"": 2}, {""word"": ""sensible"", ""timed_overlap"": 2, ""column_overlap"": 2}, {""word"": ""HAD"", ""timed_overlap"": 1, ""column_overlap"": 3}, {""word"": ""her"", ""timed_overlap"": 1, ""column_overlap"": 3}]",completed,91,10,0
500,2,neural,2,our,cake,100,100,100,True,2,4,0,0,,101,"[{""word"": ""cake"", ""timed_overlap"": 2, ""column_overlap"": 4}, {""word"": ""Oh"", ""timed_overlap"": 2, ""column_overlap"": 2}, {""word"": ""tiny"", ""timed_overlap"": 2, ""column_overlap"": 2}, {""word"": ""1715"", ""timed_overlap"": 1, ""column_overlap"": 4}, {""word"": ""where"", ""timed_overlap"": 1, ""column_overlap"": 3}]",completed,100,100,0
500,2,neural,3,heads,killed,99,99,99,True,2,3,0,0,,127,"[{""word"": ""killed"", ""timed_overlap"": 2, ""column_overlap"": 3}, {""word"": ""slim"", ""timed_overlap"": 2, ""column_overlap"": 3}, {""word"": ""Don"", ""timed_overlap"": 2, ""column_overlap"": 2}, {""word"": ""sister"", ""timed_overlap"": 2, ""column_overlap"": 2}, {""word"": ""rock"", ""timed_overlap"": 1, ""column_overlap"": 3}]",completed,100,100,0
500,2,neural,4,.,Magyars,98,98,98,True,3,4,0,0,,111,"[{""word"": ""Magyars"", ""timed_overlap"": 3, ""column_overlap"": 4}, {""word"": ""Johnny"", ""timed_overlap"": 2, ""column_overlap"": 3}, {""word"": ""Marilla"", ""timed_overlap"": 2, ""column_overlap"": 3}, {""word"": ""writing"", ""timed_overlap"": 2, ""column_overlap"": 3}, {""word"": ""cup"", ""timed_overlap"": 2, ""column_overlap"": 2}]",completed,99,99,0
500,3,neural,1,a,spur,100,100,100,True,2,4,0,0,,130,"[{""word"": ""spur"", ""timed_overlap"": 2, ""column_overlap"": 4}, {""word"": ""heated"", ""timed_overlap"": 2, ""column_overlap"": 3}, {""word"": ""Bowser"", ""timed_overlap"": 2, ""column_overlap"": 2}, {""word"": ""habit"", ""timed_overlap"": 2, ""column_overlap"": 2}, {""word"": ""sorry"", ""timed_overlap"": 2, ""column_overlap"": 2}]",completed,64,10,0
500,3,neural,2,woman,trim,99,99,99,True,2,4,0,0,,110,"[{""word"": ""trim"", ""timed_overlap"": 2, ""column_overlap"": 4}, {""word"": ""Thereupon"", ""timed_overlap"": 2, ""column_overlap"": 3}, {""word"": ""Saturday"", ""timed_overlap"": 2, ""column_overlap"": 3}, {""word"": ""wand"", ""timed_overlap"": 2, ""column_overlap"": 2}, {""word"": ""Skunk"", ""timed_overlap"": 2, ""column_overlap"": 2}]",completed,100,100,0
500,3,neural,3,",",right,97,97,97,True,2,2,0,0,,88,"[{""word"": ""right"", ""timed_overlap"": 2, ""column_overlap"": 2}, {""word"": ""tantrum"", ""timed_overlap"": 1, ""column_overlap"": 4}, {""word"": ""here"", ""timed_overlap"": 1, ""column_overlap"": 3}, {""word"": ""ruther"", ""timed_overlap"": 1, ""column_overlap"": 3}, {""word"": ""Leslie"", ""timed_overlap"": 1, ""column_overlap"": 2}]",completed,99,99,0
500,3,neural,4,splendid,Messua,100,100,100,True,2,3,0,0,,144,"[{""word"": ""Messua"", ""timed_overlap"": 2, ""column_overlap"": 3}, {""word"": ""blow"", ""timed_overlap"": 2, ""column_overlap"": 3}, {""word"": ""keep"", ""timed_overlap"": 2, ""column_overlap"": 3}, {""word"": ""to-morrow"", ""timed_overlap"": 2, ""column_overlap"": 2}, {""word"": ""cake"", ""timed_overlap"": 2, ""column_overlap"": 2}]",completed,97,97,0
500,4,neural,1,",",Peter,100,100,100,True,1,3,0,0,,76,"[{""word"": ""Peter"", ""timed_overlap"": 1, ""column_overlap"": 3}, {""word"": ""Ginger"", ""timed_overlap"": 1, ""column_overlap"": 3}, {""word"": ""mother"", ""timed_overlap"": 1, ""column_overlap"": 3}, {""word"": ""timidly"", ""timed_overlap"": 1, ""column_overlap"": 3}, {""word"": ""Murray"", ""timed_overlap"": 1, ""column_overlap"": 2}]",completed,91,10,0
500,4,neural,2,the,longer,100,100,100,True,2,3,1,1,64,67,"[{""word"": ""longer"", ""timed_overlap"": 2, ""column_overlap"": 3}, {""word"": ""?"", ""timed_overlap"": 2, ""column_overlap"": 2}, {""word"": ""evening"", ""timed_overlap"": 2, ""column_overlap"": 2}, {""word"": ""taking"", ""timed_overlap"": 1, ""column_overlap"": 3}, {""word"": ""washerman"", ""timed_overlap"": 1, ""column_overlap"": 2}]",completed,100,100,0
500,4,neural,3,doctor,drawing,99,99,99,True,2,3,0,0,,108,"[{""word"": ""drawing"", ""timed_overlap"": 2, ""column_overlap"": 3}, {""word"": ""early"", ""timed_overlap"": 2, ""column_overlap"": 2}, {""word"": ""sure"", ""timed_overlap"": 2, ""column_overlap"": 2}, {""word"": ""terrify"", ""timed_overlap"": 1, ""column_overlap"": 3}, {""word"": ""disappointment"", ""timed_overlap"": 1, ""column_overlap"": 3}]",completed,100,100,0
500,4,neural,4,",",parents,99,99,99,True,2,2,0,0,,106,"[{""word"": ""parents"", ""timed_overlap"": 2, ""column_overlap"": 2}, {""word"": ""fine"", ""timed_overlap"": 1, ""column_overlap"": 4}, {""word"": ""heads"", ""timed_overlap"": 1, ""column_overlap"": 3}, {""word"": ""Elder"", ""timed_overlap"": 1, ""column_overlap"": 3}, {""word"": ""fought"", ""timed_overlap"": 1, ""column_overlap"": 3}]",completed,99,99,0
500,5,neural,1,had,Abraham,95,95,95,True,2,3,0,0,,132,"[{""word"": ""Abraham"", ""timed_overlap"": 2, ""column_overlap"": 3}, {""word"": ""Being"", ""timed_overlap"": 2, ""column_overlap"": 2}, {""word"": ""clothes"", ""timed_overlap"": 2, ""column_overlap"": 2}, {""word"": ""broad"", ""timed_overlap"": 2, ""column_overlap"": 2}, {""word"": ""peeped"", ""timed_overlap"": 2, ""column_overlap"": 2}]",completed,91,10,0
500,5,neural,2,no,Herr,98,98,98,True,1,3,0,0,,73,"[{""word"": ""Herr"", ""timed_overlap"": 1, ""column_overlap"": 3}, {""word"": ""disrepitable"", ""timed_overlap"": 1, ""column_overlap"": 3}, {""word"": ""KEEP"", ""timed_overlap"": 1, ""column_overlap"": 3}, {""word"": ""already"", ""timed_overlap"": 1, ""column_overlap"": 3}, {""word"": ""Puck"", ""timed_overlap"": 1, ""column_overlap"": 3}]",completed,95,95,0
500,5,neural,3,chance,bag,99,99,99,True,2,3,0,0,,98,"[{""word"": ""bag"", ""timed_overlap"": 2, ""column_overlap"": 3}, {""word"": ""caught"", ""timed_overlap"": 2, ""column_overlap"": 3}, {""word"": ""Something"", ""timed_overlap"": 2, ""column_overlap"": 3}, {""word"": ""Every"", ""timed_overlap"": 2, ""column_overlap"": 2}, {""word"": ""to-morrow"", ""timed_overlap"": 2, ""column_overlap"": 2}]",completed,98,98,0
500,5,neural,4,after,snowshoeing,99,99,99,True,2,3,0,0,,96,"[{""word"": ""snowshoeing"", ""timed_overlap"": 2, ""column_overlap"": 3}, {""word"": ""rose"", ""timed_overlap"": 2, ""column_overlap"": 2}, {""word"": ""saw"", ""timed_overlap"": 2, ""column_overlap"": 2}, {""word"": ""disrepitable"", ""timed_overlap"": 1, ""column_overlap"": 3}, {""word"": ""be"", ""timed_overlap"": 1, ""column_overlap"": 3}]",completed,99,99,0
500,6,neural,1,old,border,100,100,100,True,2,2,0,0,,95,"[{""word"": ""border"", ""timed_overlap"": 2, ""column_overlap"": 2}, {""word"": ""spear"", ""timed_overlap"": 2, ""column_overlap"": 2}, {""word"": ""Jane"", ""timed_overlap"": 1, ""column_overlap"": 3}, {""word"": ""!"", ""timed_overlap"": 1, ""column_overlap"": 3}, {""word"": ""wore"", ""timed_overlap"": 1, ""column_overlap"": 3}]",completed,100,10,0
500,6,neural,2,pictures,Quicksilver,100,100,100,True,2,2,0,0,,79,"[{""word"": ""Quicksilver"", ""timed_overlap"": 2, ""column_overlap"": 2}, {""word"": ""ate"", ""timed_overlap"": 2, ""column_overlap"": 2}, {""word"": ""however"", ""timed_overlap"": 1, ""column_overlap"": 3}, {""word"": ""sweetens"", ""timed_overlap"": 1, ""column_overlap"": 3}, {""word"": ""Davis"", ""timed_overlap"": 1, ""column_overlap"": 3}]",completed,100,100,0
500,6,neural,3,",",wilt,98,98,98,True,2,2,0,0,,115,"[{""word"": ""wilt"", ""timed_overlap"": 2, ""column_overlap"": 2}, {""word"": ""touched"", ""timed_overlap"": 2, ""column_overlap"": 2}, {""word"": ""youth"", ""timed_overlap"": 1, ""column_overlap"": 3}, {""word"": ""ended"", ""timed_overlap"": 1, ""column_overlap"": 3}, {""word"": ""six"", ""timed_overlap"": 1, ""column_overlap"": 2}]",completed,100,100,0
500,6,neural,4,sustaining,Sir,100,100,100,True,2,2,0,0,,106,"[{""word"": ""Sir"", ""timed_overlap"": 2, ""column_overlap"": 2}, {""word"": ""trim"", ""timed_overlap"": 1, ""column_overlap"": 4}, {""word"": ""Thereupon"", ""timed_overlap"": 1, ""column_overlap"": 4}, {""word"": ""Daisy"", ""timed_overlap"": 1, ""column_overlap"": 4}, {""word"": ""Hugh"", ""timed_overlap"": 1, ""column_overlap"": 3}]",completed,98,98,0
500,7,neural,1,nice,comfortingly,100,100,100,True,2,4,0,0,,128,"[{""word"": ""comfortingly"", ""timed_overlap"": 2, ""column_overlap"": 4}, {""word"": ""lean"", ""timed_overlap"": 2, ""column_overlap"": 4}, {""word"": ""motives"", ""timed_overlap"": 2, ""column_overlap"": 3}, {""word"": ""church"", ""timed_overlap"": 2, ""column_overlap"": 3}, {""word"": ""amiss"", ""timed_overlap"": 2, ""column_overlap"": 2}]",completed,100,10,0
500,7,neural,2,",",tell,100,100,100,True,3,5,0,0,,95,"[{""word"": ""tell"", ""timed_overlap"": 3, ""column_overlap"": 5}, {""word"": ""Marilla"", ""timed_overlap"": 2, ""column_overlap"": 2}, {""word"": ""Search"", ""timed_overlap"": 2, ""column_overlap"": 2}, {""word"": ""walls"", ""timed_overlap"": 2, ""column_overlap"": 2}, {""word"": ""green"", ""timed_overlap"": 1, ""column_overlap"": 3}]",completed,100,100,0
500,7,neural,3,I,Dorinda,98,98,98,True,2,4,0,0,,126,"[{""word"": ""Dorinda"", ""timed_overlap"": 2, ""column_overlap"": 4}, {""word"": ""PERCINET"", ""timed_overlap"": 2, ""column_overlap"": 3}, {""word"": ""clothes"", ""timed_overlap"": 2, ""column_overlap"": 2}, {""word"": ""while"", ""timed_overlap"": 2, ""column_overlap"": 2}, {""word"": ""suddenly"", ""timed_overlap"": 2, ""column_overlap"": 2}]",completed,100,100,0
500,7,neural,4,'m,Ida,97,97,97,True,2,2,0,0,,106,"[{""word"": ""Ida"", ""timed_overlap"": 2, ""column_overlap"": 2}, {""word"": ""played"", ""timed_overlap"": 2, ""column_overlap"": 2}, {""word"": ""timid"", ""timed_overlap"": 2, ""column_overlap"": 2}, {""word"": ""reason"", ""timed_overlap"": 1, ""column_overlap"": 3}, {""word"": ""stand"", ""timed_overlap"": 1, ""column_overlap"": 3}]",completed,98,98,0
500,8,neural,1,certainly,'',100,100,100,True,2,2,0,0,,94,"[{""word"": ""''"", ""timed_overlap"": 2, ""column_overlap"": 2}, {""word"": ""enough"", ""timed_overlap"": 1, ""column_overlap"": 4}, {""word"": ""departs"", ""timed_overlap"": 1, ""column_overlap"": 3}, {""word"": ""own"", ""timed_overlap"": 1, ""column_overlap"": 3}, {""word"": ""tell"", ""timed_overlap"": 1, ""column_overlap"": 3}]",completed,100,10,0
500,8,neural,2,",",Don,100,100,100,True,2,3,0,0,,106,"[{""word"": ""Don"", ""timed_overlap"": 2, ""column_overlap"": 3}, {""word"": ""XXIII"", ""timed_overlap"": 2, ""column_overlap"": 2}, {""word"": ""tree"", ""timed_overlap"": 1, ""column_overlap"": 4}, {""word"": ""rare"", ""timed_overlap"": 1, ""column_overlap"": 3}, {""word"": ""golden"", ""timed_overlap"": 1, ""column_overlap"": 3}]",completed,100,100,0
500,8,neural,3,'',forget,100,100,100,True,2,3,1,1,46,72,"[{""word"": ""forget"", ""timed_overlap"": 2, ""column_overlap"": 3}, {""word"": ""healthful"", ""timed_overlap"": 2, ""column_overlap"": 2}, {""word"": ""was"", ""timed_overlap"": 2, ""column_overlap"": 2}, {""word"": ""prettier"", ""timed_overlap"": 1, ""column_overlap"": 3}, {""word"": ""Good-bye"", ""timed_overlap"": 1, ""column_overlap"": 3}]",completed,100,100,0
500,8,neural,4,said,talk,94,94,94,True,2,3,0,0,,98,"[{""word"": ""talk"", ""timed_overlap"": 2, ""column_overlap"": 3}, {""word"": ""strong"", ""timed_overlap"": 2, ""column_overlap"": 2}, {""word"": ""Everybody"", ""timed_overlap"": 1, ""column_overlap"": 3}, {""word"": ""money"", ""timed_overlap"": 1, ""column_overlap"": 3}, {""word"": ""Taffy"", ""timed_overlap"": 1, ""column_overlap"": 3}]",completed,100,100,0
500,9,neural,1,you,Gilbert,100,100,100,True,2,3,0,0,,87,"[{""word"": ""Gilbert"", ""timed_overlap"": 2, ""column_overlap"": 3}, {""word"": ""sisters"", ""timed_overlap"": 2, ""column_overlap"": 3}, {""word"": ""heard"", ""timed_overlap"": 2, ""column_overlap"": 3}, {""word"": ""Pekoe"", ""timed_overlap"": 1, ""column_overlap"": 3}, {""word"": ""feebly"", ""timed_overlap"": 1, ""column_overlap"": 3}]",completed,91,10,0
500,9,neural,2,think,keep,99,99,99,True,2,3,0,0,,97,"[{""word"": ""keep"", ""timed_overlap"": 2, ""column_overlap"": 3}, {""word"": ""thousand"", ""timed_overlap"": 1, ""column_overlap"": 3}, {""word"": ""men"", ""timed_overlap"": 1, ""column_overlap"": 3}, {""word"": ""mercy"", ""timed_overlap"": 1, ""column_overlap"": 3}, {""word"": ""snowshoeing"", ""timed_overlap"": 1, ""column_overlap"": 3}]",completed,100,100,0
500,9,neural,3,Mrs.,talks,99,99,99,True,2,2,0,0,,89,"[{""word"": ""talks"", ""timed_overlap"": 2, ""column_overlap"": 2}, {""word"": ""check"", ""timed_overlap"": 2, ""column_overlap"": 2}, {""word"": ""ladylike"", ""timed_overlap"": 2, ""column_overlap"": 2}, {""word"": ""sigh"", ""timed_overlap"": 1, ""column_overlap"": 3}, {""word"": ""turning"", ""timed_overlap"": 1, ""column_overlap"": 3}]",completed,99,99,0
500,9,neural,4,Elliott,Don,94,94,94,True,2,2,1,1,58,103,"[{""word"": ""Don"", ""timed_overlap"": 2, ""column_overlap"": 2}, {""word"": ""is"", ""timed_overlap"": 2, ""column_overlap"": 2}, {""word"": ""Pivi"", ""timed_overlap"": 1, ""column_overlap"": 3}, {""word"": ""man"", ""timed_overlap"": 1, ""column_overlap"": 3}, {""word"": ""'ll"", ""timed_overlap"": 1, ""column_overlap"": 3}]",completed,99,99,0
500,10,neural,1,would,is,100,100,100,True,2,3,0,0,,93,"[{""word"": ""is"", ""timed_overlap"": 2, ""column_overlap"": 3}, {""word"": ""rejoined"", ""timed_overlap"": 2, ""column_overlap"": 2}, {""word"": ""preferred"", ""timed_overlap"": 1, ""column_overlap"": 4}, {""word"": ""royal"", ""timed_overlap"": 1, ""column_overlap"": 3}, {""word"": ""Magyars"", ""timed_overlap"": 1, ""column_overlap"": 3}]",completed,100,10,0
500,10,neural,2,ruin,foremost,99,99,99,True,1,3,0,0,,89,"[{""word"": ""foremost"", ""timed_overlap"": 1, ""column_overlap"": 3}, {""word"": ""nearly"", ""timed_overlap"": 1, ""column_overlap"": 3}, {""word"": ""faults"", ""timed_overlap"": 1, ""column_overlap"": 3}, {""word"": ""Davis"", ""timed_overlap"": 1, ""column_overlap"": 3}, {""word"": ""Sammy"", ""timed_overlap"": 1, ""column_overlap"": 2}]",completed,100,100,0
500,10,neural,3,you,Why,99,99,99,True,2,3,0,0,,108,"[{""word"": ""Why"", ""timed_overlap"": 2, ""column_overlap"": 3}, {""word"": ""filled"", ""timed_overlap"": 2, ""column_overlap"": 3}, {""word"": ""some"", ""timed_overlap"": 2, ""column_overlap"": 3}, {""word"": ""bared"", ""timed_overlap"": 2, ""column_overlap"": 3}, {""word"": ""like"", ""timed_overlap"": 2, ""column_overlap"": 2}]",completed,99,99,0
500,10,neural,4,to,boys,98,98,98,True,2,2,0,0,,107,"[{""word"": ""boys"", ""timed_overlap"": 2, ""column_overlap"": 2}, {""word"": ""blue"", ""timed_overlap"": 1, ""column_overlap"": 4}, {""word"": ""glanced"", ""timed_overlap"": 1, ""column_overlap"": 3}, {""word"": ""highness"", ""timed_overlap"": 1, ""column_overlap"": 3}, {""word"": ""these"", ""timed_overlap"": 1, ""column_overlap"": 3}]",completed,99,99,0
500,11,neural,1,dared,tobacco,100,100,100,True,2,2,0,0,,105,"[{""word"": ""tobacco"", ""timed_overlap"": 2, ""column_overlap"": 2}, {""word"": ""Skunk"", ""timed_overlap"": 2, ""column_overlap"": 2}, {""word"": ""train"", ""timed_overlap"": 1, ""column_overlap"": 4}, {""word"": ""Jack"", ""timed_overlap"": 1, ""column_overlap"": 3}, {""word"": ""Meredith"", ""timed_overlap"": 1, ""column_overlap"": 3}]",completed,82,10,0
500,11,neural,2,face,drew,98,98,98,True,2,2,0,0,,96,"[{""word"": ""drew"", ""timed_overlap"": 2, ""column_overlap"": 2}, {""word"": ""at"", ""timed_overlap"": 2, ""column_overlap"": 2}, {""word"": ""deny"", ""timed_overlap"": 2, ""column_overlap"": 2}, {""word"": ""Chuck"", ""timed_overlap"": 2, ""column_overlap"": 2}, {""word"": ""stern"", ""timed_overlap"": 1, ""column_overlap"": 4}]",completed,100,100,0
500,11,neural,3,Bill,though,99,99,99,True,2,3,1,1,108,131,"[{""word"": ""though"", ""timed_overlap"": 2, ""column_overlap"": 3}, {""word"": ""hands"", ""timed_overlap"": 2, ""column_overlap"": 3}, {""word"": ""remembering"", ""timed_overlap"": 2, ""column_overlap"": 2}, {""word"": ""hate"", ""timed_overlap"": 2, ""column_overlap"": 2}, {""word"": ""would"", ""timed_overlap"": 2, ""column_overlap"": 2}]",completed,98,98,0
500,11,neural,4,",",tells,99,99,99,True,2,2,0,0,,59,"[{""word"": ""tells"", ""timed_overlap"": 2, ""column_overlap"": 2}, {""word"": ""late"", ""timed_overlap"": 1, ""column_overlap"": 4}, {""word"": ""month"", ""timed_overlap"": 1, ""column_overlap"": 4}, {""word"": ""squealed"", ""timed_overlap"": 1, ""column_overlap"": 3}, {""word"": ""bait"", ""timed_overlap"": 1, ""column_overlap"": 3}]",completed,99,99,0
500,12,neural,1,do,ogress,100,100,100,True,3,3,0,0,,91,"[{""word"": ""ogress"", ""timed_overlap"": 3, ""column_overlap"": 3}, {""word"": ""reluctantly"", ""timed_overlap"": 2, ""column_overlap"": 2}, {""word"": ""pride"", ""timed_overlap"": 1, ""column_overlap"": 3}, {""word"": ""run"", ""timed_overlap"": 1, ""column_overlap"": 3}, {""word"": ""wished"", ""timed_overlap"": 1, ""column_overlap"": 3}]",completed,73,10,0
500,12,neural,2,but,our,100,100,100,True,2,3,0,0,,110,"[{""word"": ""our"", ""timed_overlap"": 2, ""column_overlap"": 3}, {""word"": ""Emmy"", ""timed_overlap"": 2, ""column_overlap"": 2}, {""word"": ""terrible"", ""timed_overlap"": 2, ""column_overlap"": 2}, {""word"": ""eagerly"", ""timed_overlap"": 1, ""column_overlap"": 3}, {""word"": ""already"", ""timed_overlap"": 1, ""column_overlap"": 3}]",completed,100,100,0
500,12,neural,3,run,'ve,98,98,98,True,2,2,0,0,,113,"[{""word"": ""'ve"", ""timed_overlap"": 2, ""column_overlap"": 2}, {""word"": ""skins"", ""timed_overlap"": 2, ""column_overlap"": 2}, {""word"": ""recalled"", ""timed_overlap"": 1, ""column_overlap"": 4}, {""word"": ""house"", ""timed_overlap"": 1, ""column_overlap"": 3}, {""word"": ""Laurie"", ""timed_overlap"": 1, ""column_overlap"": 3}]",completed,100,100,0
500,12,neural,4,away,have,100,100,100,True,2,3,0,0,,95,"[{""word"": ""have"", ""timed_overlap"": 2, ""column_overlap"": 3}, {""word"": ""keep"", ""timed_overlap"": 2, ""column_overlap"": 2}, {""word"": ""pay"", ""timed_overlap"": 1, ""column_overlap"": 3}, {""word"": ""keen"", ""timed_overlap"": 1, ""column_overlap"": 3}, {""word"": ""came"", ""timed_overlap"": 1, ""column_overlap"": 3}]",completed,98,98,0
500,13,neural,1,close,humanity,100,100,100,True,2,2,0,0,,77,"[{""word"": ""humanity"", ""timed_overlap"": 2, ""column_overlap"": 2}, {""word"": ""Carrots"", ""timed_overlap"": 2, ""column_overlap"": 2}, {""word"": ""denied"", ""timed_overlap"": 2, ""column_overlap"": 2}, {""word"": ""CHAPTER"", ""timed_overlap"": 1, ""column_overlap"": 3}, {""word"": ""Glen"", ""timed_overlap"": 1, ""column_overlap"": 3}]",completed,91,10,0
500,13,neural,2,",",place,99,99,99,True,2,3,0,0,,94,"[{""word"": ""place"", ""timed_overlap"": 2, ""column_overlap"": 3}, {""word"": ""there"", ""timed_overlap"": 2, ""column_overlap"": 2}, {""word"": ""confessed"", ""timed_overlap"": 2, ""column_overlap"": 2}, {""word"": ""Tumultuous"", ""timed_overlap"": 1, ""column_overlap"": 4}, {""word"": ""doubt"", ""timed_overlap"": 1, ""column_overlap"": 3}]",completed,100,100,0
500,13,neural,3,almost,Hannah,97,97,97,True,3,3,0,0,,90,"[{""word"": ""Hannah"", ""timed_overlap"": 3, ""column_overlap"": 3}, {""word"": ""How"", ""timed_overlap"": 2, ""column_overlap"": 2}, {""word"": ""Beautiful"", ""timed_overlap"": 2, ""column_overlap"": 2}, {""word"": ""pile"", ""timed_overlap"": 2, ""column_overlap"": 2}, {""word"": ""Emmy"", ""timed_overlap"": 1, ""column_overlap"": 4}]",completed,99,99,0
500,13,neural,4,like,as,98,98,98,True,2,3,0,0,,123,"[{""word"": ""as"", ""timed_overlap"": 2, ""column_overlap"": 3}, {""word"": ""dares"", ""timed_overlap"": 2, ""column_overlap"": 3}, {""word"": ""faithfully"", ""timed_overlap"": 2, ""column_overlap"": 2}, {""word"": ""sentiment"", ""timed_overlap"": 2, ""column_overlap"": 2}, {""word"": ""delighted"", ""timed_overlap"": 2, ""column_overlap"": 2}]",completed,97,97,0
500,14,neural,1,dragging,gathered,96,96,96,True,2,4,0,0,,112,"[{""word"": ""gathered"", ""timed_overlap"": 2, ""column_overlap"": 4}, {""word"": ""'ve"", ""timed_overlap"": 2, ""column_overlap"": 2}, {""word"": ""promise"", ""timed_overlap"": 2, ""column_overlap"": 2}, {""word"": ""Marilla"", ""timed_overlap"": 2, ""column_overlap"": 2}, {""word"": ""do"", ""timed_overlap"": 1, ""column_overlap"": 4}]",completed,91,10,0
500,14,neural,2,so,Grange,98,98,98,True,2,3,0,0,,119,"[{""word"": ""Grange"", ""timed_overlap"": 2, ""column_overlap"": 3}, {""word"": ""Truly"", ""timed_overlap"": 2, ""column_overlap"": 2}, {""word"": ""thanked"", ""timed_overlap"": 2, ""column_overlap"": 2}, {""word"": ""Look"", ""timed_overlap"": 1, ""column_overlap"": 5}, {""word"": ""smile"", ""timed_overlap"": 1, ""column_overlap"": 4}]",completed,96,96,0
500,14,neural,3,much,III,98,98,98,True,2,2,0,0,,87,"[{""word"": ""III"", ""timed_overlap"": 2, ""column_overlap"": 2}, {""word"": ""Priscilla"", ""timed_overlap"": 1, ""column_overlap"": 4}, {""word"": ""lean"", ""timed_overlap"": 1, ""column_overlap"": 2}, {""word"": ""require"", ""timed_overlap"": 1, ""column_overlap"": 2}, {""word"": ""Messua"", ""timed_overlap"": 1, ""column_overlap"": 2}]",completed,98,98,0
500,14,neural,4,silver,hive,100,100,100,True,2,2,0,0,,92,"[{""word"": ""hive"", ""timed_overlap"": 2, ""column_overlap"": 2}, {""word"": ""tents"", ""timed_overlap"": 2, ""column_overlap"": 2}, {""word"": ""seen"", ""timed_overlap"": 1, ""column_overlap"": 3}, {""word"": ""hearty"", ""timed_overlap"": 1, ""column_overlap"": 3}, {""word"": ""mistress"", ""timed_overlap"": 1, ""column_overlap"": 2}]",completed,98,98,0
500,15,neural,1,with,pink,97,97,97,True,3,3,0,0,,133,"[{""word"": ""pink"", ""timed_overlap"": 3, ""column_overlap"": 3}, {""word"": ""quaggi"", ""timed_overlap"": 2, ""column_overlap"": 3}, {""word"": ""clouded"", ""timed_overlap"": 2, ""column_overlap"": 2}, {""word"": ""'s"", ""timed_overlap"": 1, ""column_overlap"": 4}, {""word"": ""ordered"", ""timed_overlap"": 1, ""column_overlap"": 4}]",completed,91,10,0
500,15,neural,2,alarm,Una,98,98,98,True,1,3,0,0,,97,"[{""word"": ""Una"", ""timed_overlap"": 1, ""column_overlap"": 3}, {""word"": ""disappointment"", ""timed_overlap"": 1, ""column_overlap"": 3}, {""word"": ""Jo"", ""timed_overlap"": 1, ""column_overlap"": 3}, {""word"": ""Schmidt"", ""timed_overlap"": 1, ""column_overlap"": 3}, {""word"": ""blue"", ""timed_overlap"": 1, ""column_overlap"": 2}]",completed,97,97,0
500,15,neural,3,and,I,99,99,99,True,2,2,0,0,,85,"[{""word"": ""I"", ""timed_overlap"": 2, ""column_overlap"": 2}, {""word"": ""room"", ""timed_overlap"": 1, ""column_overlap"": 4}, {""word"": ""Most"", ""timed_overlap"": 1, ""column_overlap"": 3}, {""word"": ""ten"", ""timed_overlap"": 1, ""column_overlap"": 3}, {""word"": ""Dick"", ""timed_overlap"": 1, ""column_overlap"": 3}]",completed,98,98,0
500,15,neural,4,jealousy,talked,99,99,99,True,2,3,0,0,,108,"[{""word"": ""talked"", ""timed_overlap"": 2, ""column_overlap"": 3}, {""word"": ""O"", ""timed_overlap"": 2, ""column_overlap"": 2}, {""word"": ""dragon"", ""timed_overlap"": 2, ""column_overlap"": 2}, {""word"": ""dragging"", ""timed_overlap"": 1, ""column_overlap"": 3}, {""word"": ""stranger"", ""timed_overlap"": 1, ""column_overlap"": 3}]",completed,99,99,0
500,16,neural,1,Marsch,length,98,98,98,True,2,3,0,0,,133,"[{""word"": ""length"", ""timed_overlap"": 2, ""column_overlap"": 3}, {""word"": ""trim"", ""timed_overlap"": 2, ""column_overlap"": 3}, {""word"": ""bronze-colored"", ""timed_overlap"": 2, ""column_overlap"": 2}, {""word"": ""apart"", ""timed_overlap"": 2, ""column_overlap"": 2}, {""word"": ""drew"", ""timed_overlap"": 2, ""column_overlap"": 2}]",completed,82,10,0
500,16,neural,2,",",CHAPTER,100,100,100,True,2,2,0,0,,80,"[{""word"": ""CHAPTER"", ""timed_overlap"": 2, ""column_overlap"": 2}, {""word"": ""pen"", ""timed_overlap"": 1, ""column_overlap"": 3}, {""word"": ""thinks"", ""timed_overlap"": 1, ""column_overlap"": 2}, {""word"": ""golden"", ""timed_overlap"": 1, ""column_overlap"": 2}, {""word"": ""thank"", ""timed_overlap"": 1, ""column_overlap"": 2}]",completed,98,98,0
500,16,neural,3,but,coming,98,98,98,True,2,2,0,0,,100,"[{""word"": ""coming"", ""timed_overlap"": 2, ""column_overlap"": 2}, {""word"": ""stories"", ""timed_overlap"": 1, ""column_overlap"": 4}, {""word"": ""poor"", ""timed_overlap"": 1, ""column_overlap"": 3}, {""word"": ""another"", ""timed_overlap"": 1, ""column_overlap"": 3}, {""word"": ""to-morrow"", ""timed_overlap"": 1, ""column_overlap"": 3}]",completed,100,100,0
500,16,neural,4,no,stylish,98,98,98,True,2,2,0,0,,102,"[{""word"": ""stylish"", ""timed_overlap"": 2, ""column_overlap"": 2}, {""word"": ""recommended"", ""timed_overlap"": 2, ""column_overlap"": 2}, {""word"": ""every"", ""timed_overlap"": 1, ""column_overlap"": 3}, {""word"": ""frog"", ""timed_overlap"": 1, ""column_overlap"": 3}, {""word"": ""Jumping"", ""timed_overlap"": 1, ""column_overlap"": 3}]",completed,98,98,0
500,17,neural,1,Spirit,maiden,100,100,100,True,2,2,0,0,,90,"[{""word"": ""maiden"", ""timed_overlap"": 2, ""column_overlap"": 2}, {""word"": ""violently"", ""timed_overlap"": 1, ""column_overlap"": 4}, {""word"": ""Oh"", ""timed_overlap"": 1, ""column_overlap"": 3}, {""word"": ""breath"", ""timed_overlap"": 1, ""column_overlap"": 2}, {""word"": ""mount"", ""timed_overlap"": 1, ""column_overlap"": 2}]",completed,100,10,0
500,17,neural,2,on,audacity,100,100,100,True,2,2,0,0,,98,"[{""word"": ""audacity"", ""timed_overlap"": 2, ""column_overlap"": 2}, {""word"": ""timid"", ""timed_overlap"": 2, ""column_overlap"": 2}, {""word"": ""may"", ""timed_overlap"": 2, ""column_overlap"": 2}, {""word"": ""silver"", ""timed_overlap"": 1, ""column_overlap"": 3}, {""word"": ""Frank"", ""timed_overlap"": 1, ""column_overlap"": 3}]",completed,100,100,0
500,17,neural,3,the,WHY,99,99,99,True,2,3,0,0,,109,"[{""word"": ""WHY"", ""timed_overlap"": 2, ""column_overlap"": 3}, {""word"": ""smoothly"", ""timed_overlap"": 2, ""column_overlap"": 2}, {""word"": ""mud"", ""timed_overlap"": 2, ""column_overlap"": 2}, {""word"": ""central"", ""timed_overlap"": 1, ""column_overlap"": 3}, {""word"": ""Taffy"", ""timed_overlap"": 1, ""column_overlap"": 3}]",completed,100,100,0
500,17,neural,4,moment,snow,99,99,99,True,3,3,0,0,,114,"[{""word"": ""snow"", ""timed_overlap"": 3, ""column_overlap"": 3}, {""word"": ""worked"", ""timed_overlap"": 3, ""column_overlap"": 3}, {""word"": ""doubt"", ""timed_overlap"": 2, ""column_overlap"": 2}, {""word"": ""felt"", ""timed_overlap"": 2, ""column_overlap"": 2}, {""word"": ""WHY"", ""timed_overlap"": 2, ""column_overlap"": 2}]",completed,99,99,0
500,18,neural,1,to,Felicity,100,100,100,True,2,3,0,0,,126,"[{""word"": ""Felicity"", ""timed_overlap"": 2, ""column_overlap"": 3}, {""word"": ""noticed"", ""timed_overlap"": 2, ""column_overlap"": 3}, {""word"": ""beneath"", ""timed_overlap"": 2, ""column_overlap"": 2}, {""word"": ""talking"", ""timed_overlap"": 1, ""column_overlap"": 4}, {""word"": ""lamp"", ""timed_overlap"": 1, ""column_overlap"": 4}]",completed,91,10,0
500,18,neural,2,get,tone,100,100,100,True,1,3,0,0,,98,"[{""word"": ""tone"", ""timed_overlap"": 1, ""column_overlap"": 3}, {""word"": ""ate"", ""timed_overlap"": 1, ""column_overlap"": 3}, {""word"": ""four"", ""timed_overlap"": 1, ""column_overlap"": 3}, {""word"": ""taking"", ""timed_overlap"": 1, ""column_overlap"": 3}, {""word"": ""hair"", ""timed_overlap"": 1, ""column_overlap"": 3}]",completed,100,100,0
500,18,neural,3,in,Laurie,99,99,99,True,2,3,0,0,,97,"[{""word"": ""Laurie"", ""timed_overlap"": 2, ""column_overlap"": 3}, {""word"": ""worked"", ""timed_overlap"": 2, ""column_overlap"": 3}, {""word"": ""Anne"", ""timed_overlap"": 2, ""column_overlap"": 3}, {""word"": ""woman"", ""timed_overlap"": 2, ""column_overlap"": 2}, {""word"": ""must"", ""timed_overlap"": 2, ""column_overlap"": 2}]",completed,100,100,0
500,18,neural,4,there,knew,98,98,98,True,2,2,0,0,,131,"[{""word"": ""knew"", ""timed_overlap"": 2, ""column_overlap"": 2}, {""word"": ""worse"", ""timed_overlap"": 2, ""column_overlap"": 2}, {""word"": ""Taylor"", ""timed_overlap"": 1, ""column_overlap"": 3}, {""word"": ""lady"", ""timed_overlap"": 1, ""column_overlap"": 3}, {""word"": ""dragging"", ""timed_overlap"": 1, ""column_overlap"": 3}]",completed,99,99,0
500,19,neural,1,it,drawing,100,100,100,True,3,3,0,0,,91,"[{""word"": ""drawing"", ""timed_overlap"": 3, ""column_overlap"": 3}, {""word"": ""round"", ""timed_overlap"": 2, ""column_overlap"": 4}, {""word"": ""early"", ""timed_overlap"": 2, ""column_overlap"": 2}, {""word"": ""Lady"", ""timed_overlap"": 2, ""column_overlap"": 2}, {""word"": ""spur"", ""timed_overlap"": 1, ""column_overlap"": 3}]",completed,82,10,0
500,19,neural,2,",",shrugged,99,99,99,True,2,3,0,0,,112,"[{""word"": ""shrugged"", ""timed_overlap"": 2, ""column_overlap"": 3}, {""word"": ""deny"", ""timed_overlap"": 2, ""column_overlap"": 3}, {""word"": ""Twice"", ""timed_overlap"": 2, ""column_overlap"": 2}, {""word"": ""recalled"", ""timed_overlap"": 2, ""column_overlap"": 2}, {""word"": ""also"", ""timed_overlap"": 1, ""column_overlap"": 3}]",completed,100,100,0
500,19,neural,3,'',indeed,98,98,98,True,2,3,0,0,,106,"[{""word"": ""indeed"", ""timed_overlap"": 2, ""column_overlap"": 3}, {""word"": ""BILLY"", ""timed_overlap"": 2, ""column_overlap"": 2}, {""word"": ""till"", ""timed_overlap"": 2, ""column_overlap"": 2}, {""word"": ""speak"", ""timed_overlap"": 1, ""column_overlap"": 3}, {""word"": ""birthday"", ""timed_overlap"": 1, ""column_overlap"": 3}]",completed,99,99,0
500,19,neural,4,said,always,96,96,96,True,2,4,1,1,105,105,"[{""word"": ""always"", ""timed_overlap"": 2, ""column_overlap"": 4}, {""word"": ""blue"", ""timed_overlap"": 2, ""column_overlap"": 3}, {""word"": ""Williamson"", ""timed_overlap"": 2, ""column_overlap"": 2}, {""word"": ""better"", ""timed_overlap"": 2, ""column_overlap"": 2}, {""word"": ""calmly"", ""timed_overlap"": 2, ""column_overlap"": 2}]",completed,98,98,0
500,20,neural,1,harm,which,99,99,99,True,2,3,0,0,,98,"[{""word"": ""which"", ""timed_overlap"": 2, ""column_overlap"": 3}, {""word"": ""want"", ""timed_overlap"": 2, ""column_overlap"": 3}, {""word"": ""mercy"", ""timed_overlap"": 2, ""column_overlap"": 3}, {""word"": ""grotto"", ""timed_overlap"": 2, ""column_overlap"": 2}, {""word"": ""gathering"", ""timed_overlap"": 2, ""column_overlap"": 2}]",completed,100,10,0
500,20,neural,2,",",Instead,99,99,99,True,2,3,0,0,,106,"[{""word"": ""Instead"", ""timed_overlap"": 2, ""column_overlap"": 3}, {""word"": ""Lapsing"", ""timed_overlap"": 1, ""column_overlap"": 4}, {""word"": ""Elsa"", ""timed_overlap"": 1, ""column_overlap"": 3}, {""word"": ""woods"", ""timed_overlap"": 1, ""column_overlap"": 3}, {""word"": ""through"", ""timed_overlap"": 1, ""column_overlap"": 3}]",completed,99,99,0
500,20,neural,3,and,bookcase,94,94,94,True,2,4,0,0,,96,"[{""word"": ""bookcase"", ""timed_overlap"": 2, ""column_overlap"": 4}, {""word"": ""romantic"", ""timed_overlap"": 2, ""column_overlap"": 3}, {""word"": ""Sodnos"", ""timed_overlap"": 2, ""column_overlap"": 2}, {""word"": ""Clever"", ""timed_overlap"": 1, ""column_overlap"": 3}, {""word"": ""years"", ""timed_overlap"": 1, ""column_overlap"": 3}]",completed,99,99,0
500,20,neural,4,he,Lida,99,99,99,True,2,2,0,0,,98,"[{""word"": ""Lida"", ""timed_overlap"": 2, ""column_overlap"": 2}, {""word"": ""whole"", ""timed_overlap"": 1, ""column_overlap"": 4}, {""word"": ""brave"", ""timed_overlap"": 1, ""column_overlap"": 3}, {""word"": ""later"", ""timed_overlap"": 1, ""column_overlap"": 3}, {""word"": ""imps"", ""timed_overlap"": 1, ""column_overlap"": 3}]",completed,94,94,0
500,21,neural,1,have,'',100,100,100,True,2,2,0,0,,94,"[{""word"": ""''"", ""timed_overlap"": 2, ""column_overlap"": 2}, {""word"": ""enough"", ""timed_overlap"": 1, ""column_overlap"": 4}, {""word"": ""tell"", ""timed_overlap"": 1, ""column_overlap"": 3}, {""word"": ""those"", ""timed_overlap"": 1, ""column_overlap"": 3}, {""word"": ""own"", ""timed_overlap"": 1, ""column_overlap"": 3}]",completed,100,10,0
500,21,neural,2,n't,Don,100,100,100,True,2,3,0,0,,106,"[{""word"": ""Don"", ""timed_overlap"": 2, ""column_overlap"": 3}, {""word"": ""XXIII"", ""timed_overlap"": 2, ""column_overlap"": 2}, {""word"": ""tree"", ""timed_overlap"": 1, ""column_overlap"": 4}, {""word"": ""golden"", ""timed_overlap"": 1, ""column_overlap"": 3}, {""word"": ""ladies"", ""timed_overlap"": 1, ""column_overlap"": 3}]",completed,100,100,0
500,21,neural,3,you,forget,100,100,100,True,2,3,0,0,,72,"[{""word"": ""forget"", ""timed_overlap"": 2, ""column_overlap"": 3}, {""word"": ""was"", ""timed_overlap"": 2, ""column_overlap"": 2}, {""word"": ""healthful"", ""timed_overlap"": 2, ""column_overlap"": 2}, {""word"": ""prettier"", ""timed_overlap"": 1, ""column_overlap"": 3}, {""word"": ""Good-bye"", ""timed_overlap"": 1, ""column_overlap"": 3}]",completed,100,100,0
500,21,neural,4,?,talk,94,94,94,True,2,3,0,0,,98,"[{""word"": ""talk"", ""timed_overlap"": 2, ""column_overlap"": 3}, {""word"": ""strong"", ""timed_overlap"": 2, ""column_overlap"": 2}, {""word"": ""Taffy"", ""timed_overlap"": 1, ""column_overlap"": 3}, {""word"": ""money"", ""timed_overlap"": 1, ""column_overlap"": 3}, {""word"": ""Everybody"", ""timed_overlap"": 1, ""column_overlap"": 3}]",completed,100,100,0
500,22,neural,1,take,can,99,99,99,True,3,3,0,0,,128,"[{""word"": ""can"", ""timed_overlap"": 3, ""column_overlap"": 3}, {""word"": ""shall"", ""timed_overlap"": 3, ""column_overlap"": 3}, {""word"": ""Louisa"", ""timed_overlap"": 2, ""column_overlap"": 3}, {""word"": ""Moreover"", ""timed_overlap"": 2, ""column_overlap"": 2}, {""word"": ""They"", ""timed_overlap"": 2, ""column_overlap"": 2}]",completed,82,10,0
500,22,neural,2,place,wo,99,99,99,True,2,2,0,0,,110,"[{""word"": ""wo"", ""timed_overlap"": 2, ""column_overlap"": 2}, {""word"": ""Susan"", ""timed_overlap"": 2, ""column_overlap"": 2}, {""word"": ""soft"", ""timed_overlap"": 2, ""column_overlap"": 2}, {""word"": ""leafy"", ""timed_overlap"": 2, ""column_overlap"": 2}, {""word"": ""remember"", ""timed_overlap"": 2, ""column_overlap"": 2}]",completed,99,99,0
500,22,neural,3,this,after,98,98,98,True,2,3,0,0,,91,"[{""word"": ""after"", ""timed_overlap"": 2, ""column_overlap"": 3}, {""word"": ""Bumble"", ""timed_overlap"": 1, ""column_overlap"": 3}, {""word"": ""sailor"", ""timed_overlap"": 1, ""column_overlap"": 3}, {""word"": ""Miller"", ""timed_overlap"": 1, ""column_overlap"": 3}, {""word"": ""lifting"", ""timed_overlap"": 1, ""column_overlap"": 3}]",completed,99,99,0
500,22,neural,4,evening,Lucinda,99,99,99,True,3,3,0,0,,97,"[{""word"": ""Lucinda"", ""timed_overlap"": 3, ""column_overlap"": 3}, {""word"": ""till"", ""timed_overlap"": 2, ""column_overlap"": 3}, {""word"": ""worn"", ""timed_overlap"": 2, ""column_overlap"": 3}, {""word"": ""get"", ""timed_overlap"": 2, ""column_overlap"": 2}, {""word"": ""Dacca"", ""timed_overlap"": 2, ""column_overlap"": 2}]",completed,98,98,0
500,23,neural,1,look,our,98,98,98,True,2,3,0,0,,103,"[{""word"": ""our"", ""timed_overlap"": 2, ""column_overlap"": 3}, {""word"": ""Thereupon"", ""timed_overlap"": 2, ""column_overlap"": 3}, {""word"": ""have"", ""timed_overlap"": 2, ""column_overlap"": 2}, {""word"": ""twilight"", ""timed_overlap"": 1, ""column_overlap"": 3}, {""word"": ""yonder"", ""timed_overlap"": 1, ""column_overlap"": 3}]",completed,82,10,0
500,23,neural,2,at,if,99,99,99,True,2,2,1,1,52,91,"[{""word"": ""if"", ""timed_overlap"": 2, ""column_overlap"": 2}, {""word"": ""Molly"", ""timed_overlap"": 2, ""column_overlap"": 2}, {""word"": ""have"", ""timed_overlap"": 1, ""column_overlap"": 3}, {""word"": ""eye"", ""timed_overlap"": 1, ""column_overlap"": 3}, {""word"": ""time"", ""timed_overlap"": 1, ""column_overlap"": 2}]",completed,98,98,0
500,23,neural,3,the,Skunk,98,98,98,True,2,2,0,0,,79,"[{""word"": ""Skunk"", ""timed_overlap"": 2, ""column_overlap"": 2}, {""word"": ""strong"", ""timed_overlap"": 2, ""column_overlap"": 2}, {""word"": ""right"", ""timed_overlap"": 2, ""column_overlap"": 2}, {""word"": ""Sooty"", ""timed_overlap"": 2, ""column_overlap"": 2}, {""word"": ""Lung"", ""timed_overlap"": 1, ""column_overlap"": 4}]",completed,99,99,0
500,23,neural,4,motionless,faults,99,99,99,True,2,3,0,0,,101,"[{""word"": ""faults"", ""timed_overlap"": 2, ""column_overlap"": 3}, {""word"": ""Hannah"", ""timed_overlap"": 2, ""column_overlap"": 3}, {""word"": ""hive"", ""timed_overlap"": 1, ""column_overlap"": 3}, {""word"": ""beauty"", ""timed_overlap"": 1, ""column_overlap"": 3}, {""word"": ""approved"", ""timed_overlap"": 1, ""column_overlap"": 3}]",completed,98,98,0
500,24,neural,1,might,recommended,100,100,100,True,2,2,0,0,,136,"[{""word"": ""recommended"", ""timed_overlap"": 2, ""column_overlap"": 2}, {""word"": ""makes"", ""timed_overlap"": 2, ""column_overlap"": 2}, {""word"": ""hopelessly"", ""timed_overlap"": 1, ""column_overlap"": 5}, {""word"": ""AND"", ""timed_overlap"": 1, ""column_overlap"": 4}, {""word"": ""studied"", ""timed_overlap"": 1, ""column_overlap"": 4}]",completed,73,10,0
500,24,neural,2,fall,today,99,99,99,True,1,2,0,0,,70,"[{""word"": ""today"", ""timed_overlap"": 1, ""column_overlap"": 2}, {""word"": ""And"", ""timed_overlap"": 1, ""column_overlap"": 2}, {""word"": ""Gilbert"", ""timed_overlap"": 1, ""column_overlap"": 2}, {""word"": ""seems"", ""timed_overlap"": 1, ""column_overlap"": 2}, {""word"": ""gulps"", ""timed_overlap"": 1, ""column_overlap"": 2}]",completed,100,100,0
500,24,neural,3,on,solemnly,99,99,99,True,2,3,0,0,,98,"[{""word"": ""solemnly"", ""timed_overlap"": 2, ""column_overlap"": 3}, {""word"": ""beauty"", ""timed_overlap"": 2, ""column_overlap"": 2}, {""word"": ""cake"", ""timed_overlap"": 1, ""column_overlap"": 4}, {""word"": ""Skunk"", ""timed_overlap"": 1, ""column_overlap"": 3}, {""word"": ""studied"", ""timed_overlap"": 1, ""column_overlap"": 3}]",completed,99,99,0
500,24,neural,4,that,Quite,98,98,98,True,2,2,0,0,,89,"[{""word"": ""Quite"", ""timed_overlap"": 2, ""column_overlap"": 2}, {""word"": ""length"", ""timed_overlap"": 2, ""column_overlap"": 2}, {""word"": ""haunting"", ""timed_overlap"": 1, ""column_overlap"": 4}, {""word"": ""feel"", ""timed_overlap"": 1, ""column_overlap"": 3}, {""word"": ""Lynde"", ""timed_overlap"": 1, ""column_overlap"": 3}]",completed,99,99,0
500,25,neural,1,",",SOMEBODY,99,99,99,True,2,3,0,0,,84,"[{""word"": ""SOMEBODY"", ""timed_overlap"": 2, ""column_overlap"": 3}, {""word"": ""seen"", ""timed_overlap"": 2, ""column_overlap"": 2}, {""word"": ""themselves"", ""timed_overlap"": 2, ""column_overlap"": 2}, {""word"": ""breath"", ""timed_overlap"": 2, ""column_overlap"": 2}, {""word"": ""palace"", ""timed_overlap"": 2, ""column_overlap"": 2}]",completed,82,10,0
500,25,neural,2,Aunt,through,100,100,100,True,2,2,0,0,,84,"[{""word"": ""through"", ""timed_overlap"": 2, ""column_overlap"": 2}, {""word"": ""can"", ""timed_overlap"": 1, ""column_overlap"": 4}, {""word"": ""mid-afternoon"", ""timed_overlap"": 1, ""column_overlap"": 3}, {""word"": ""growled"", ""timed_overlap"": 1, ""column_overlap"": 3}, {""word"": ""With"", ""timed_overlap"": 1, ""column_overlap"": 3}]",completed,99,99,0
500,25,neural,3,Emmy,fast,99,99,99,True,2,3,0,0,,98,"[{""word"": ""fast"", ""timed_overlap"": 2, ""column_overlap"": 3}, {""word"": ""few"", ""timed_overlap"": 2, ""column_overlap"": 2}, {""word"": ""early"", ""timed_overlap"": 1, ""column_overlap"": 3}, {""word"": ""felt"", ""timed_overlap"": 1, ""column_overlap"": 3}, {""word"": ""green"", ""timed_overlap"": 1, ""column_overlap"": 3}]",completed,100,100,0
500,25,neural,4,",",sweetens,98,98,98,True,2,3,0,0,,118,"[{""word"": ""sweetens"", ""timed_overlap"": 2, ""column_overlap"": 3}, {""word"": ""rubbed"", ""timed_overlap"": 2, ""column_overlap"": 2}, {""word"": ""most"", ""timed_overlap"": 2, ""column_overlap"": 2}, {""word"": ""pity"", ""timed_overlap"": 2, ""column_overlap"": 2}, {""word"": ""ago"", ""timed_overlap"": 1, ""column_overlap"": 4}]",completed,99,99,0
500,26,neural,1,good,voice,100,100,100,True,2,2,0,0,,89,"[{""word"": ""voice"", ""timed_overlap"": 2, ""column_overlap"": 2}, {""word"": ""hair"", ""timed_overlap"": 2, ""column_overlap"": 2}, {""word"": ""none"", ""timed_overlap"": 1, ""column_overlap"": 4}, {""word"": ""kind"", ""timed_overlap"": 1, ""column_overlap"": 4}, {""word"": ""which"", ""timed_overlap"": 1, ""column_overlap"": 3}]",completed,91,10,0
500,26,neural,2,--,concluded,97,97,97,True,2,2,0,0,,79,"[{""word"": ""concluded"", ""timed_overlap"": 2, ""column_overlap"": 2}, {""word"": ""dear"", ""timed_overlap"": 1, ""column_overlap"": 3}, {""word"": ""nice"", ""timed_overlap"": 1, ""column_overlap"": 2}, {""word"": ""back"", ""timed_overlap"": 1, ""column_overlap"": 2}, {""word"": ""bright"", ""timed_overlap"": 1, ""column_overlap"": 2}]",completed,100,100,0
500,26,neural,3,that,III,99,99,99,True,2,2,0,0,,86,"[{""word"": ""III"", ""timed_overlap"": 2, ""column_overlap"": 2}, {""word"": ""wo"", ""timed_overlap"": 2, ""column_overlap"": 2}, {""word"": ""blue"", ""timed_overlap"": 1, ""column_overlap"": 3}, {""word"": ""Quicksilver"", ""timed_overlap"": 1, ""column_overlap"": 2}, {""word"": ""gay"", ""timed_overlap"": 1, ""column_overlap"": 2}]",completed,97,97,0
500,26,neural,4,there,-LCB-,99,99,99,True,1,4,0,0,,89,"[{""word"": ""-LCB-"", ""timed_overlap"": 1, ""column_overlap"": 4}, {""word"": ""money"", ""timed_overlap"": 1, ""column_overlap"": 3}, {""word"": ""tore"", ""timed_overlap"": 1, ""column_overlap"": 2}, {""word"": ""snow"", ""timed_overlap"": 1, ""column_overlap"": 2}, {""word"": ""few"", ""timed_overlap"": 1, ""column_overlap"": 2}]",completed,99,99,0
500,27,neural,1,great,Dot,100,100,100,True,2,2,0,0,,102,"[{""word"": ""Dot"", ""timed_overlap"": 2, ""column_overlap"": 2}, {""word"": ""canvas"", ""timed_overlap"": 2, ""column_overlap"": 2}, {""word"": ""looking"", ""timed_overlap"": 2, ""column_overlap"": 2}, {""word"": ""sisters"", ""timed_overlap"": 2, ""column_overlap"": 2}, {""word"": ""pointed"", ""timed_overlap"": 1, ""column_overlap"": 3}]",completed,100,10,0
500,27,neural,2,deal,room,100,100,100,True,2,3,0,0,,83,"[{""word"": ""room"", ""timed_overlap"": 2, ""column_overlap"": 3}, {""word"": ""gone"", ""timed_overlap"": 1, ""column_overlap"": 3}, {""word"": ""times"", ""timed_overlap"": 1, ""column_overlap"": 3}, {""word"": ""Am"", ""timed_overlap"": 1, ""column_overlap"": 3}, {""word"": ""Look"", ""timed_overlap"": 1, ""column_overlap"": 3}]",completed,100,100,0
500,27,neural,3,of,Messua,98,98,98,True,2,4,0,0,,126,"[{""word"": ""Messua"", ""timed_overlap"": 2, ""column_overlap"": 4}, {""word"": ""fourth"", ""timed_overlap"": 2, ""column_overlap"": 3}, {""word"": ""consent"", ""timed_overlap"": 2, ""column_overlap"": 3}, {""word"": ""Saturday"", ""timed_overlap"": 2, ""column_overlap"": 2}, {""word"": ""Thorny"", ""timed_overlap"": 2, ""column_overlap"": 2}]",completed,100,100,0
500,27,neural,4,common,turning,99,99,99,True,2,3,0,0,,115,"[{""word"": ""turning"", ""timed_overlap"": 2, ""column_overlap"": 3}, {""word"": ""happily"", ""timed_overlap"": 2, ""column_overlap"": 2}, {""word"": ""bookcase"", ""timed_overlap"": 2, ""column_overlap"": 2}, {""word"": ""Over"", ""timed_overlap"": 2, ""column_overlap"": 2}, {""word"": ""such"", ""timed_overlap"": 1, ""column_overlap"": 4}]",completed,98,98,0
500,28,neural,1,",",rock,98,98,98,True,2,4,0,0,,108,"[{""word"": ""rock"", ""timed_overlap"": 2, ""column_overlap"": 4}, {""word"": ""happily"", ""timed_overlap"": 2, ""column_overlap"": 4}, {""word"": ""bookcase"", ""timed_overlap"": 2, ""column_overlap"": 3}, {""word"": ""settle"", ""timed_overlap"": 2, ""column_overlap"": 3}, {""word"": ""ought"", ""timed_overlap"": 2, ""column_overlap"": 3}]",completed,91,10,0
500,28,neural,2,praised,Head,100,100,100,True,2,3,0,0,,79,"[{""word"": ""Head"", ""timed_overlap"": 2, ""column_overlap"": 3}, {""word"": ""Bumble"", ""timed_overlap"": 2, ""column_overlap"": 2}, {""word"": ""unexpected"", ""timed_overlap"": 1, ""column_overlap"": 4}, {""word"": ""days"", ""timed_overlap"": 1, ""column_overlap"": 3}, {""word"": ""yours"", ""timed_overlap"": 1, ""column_overlap"": 3}]",completed,98,98,0
500,28,neural,3,be,III,97,97,97,True,2,2,0,0,,87,"[{""word"": ""III"", ""timed_overlap"": 2, ""column_overlap"": 2}, {""word"": ""feebly"", ""timed_overlap"": 2, ""column_overlap"": 2}, {""word"": ""washed"", ""timed_overlap"": 2, ""column_overlap"": 2}, {""word"": ""noticed"", ""timed_overlap"": 1, ""column_overlap"": 3}, {""word"": ""faithfully"", ""timed_overlap"": 1, ""column_overlap"": 3}]",completed,100,100,0
500,28,neural,4,the,vase,99,99,99,True,3,4,0,0,,132,"[{""word"": ""vase"", ""timed_overlap"": 3, ""column_overlap"": 4}, {""word"": ""Many"", ""timed_overlap"": 3, ""column_overlap"": 3}, {""word"": ""Squirrel"", ""timed_overlap"": 2, ""column_overlap"": 3}, {""word"": ""reason"", ""timed_overlap"": 2, ""column_overlap"": 2}, {""word"": ""made"", ""timed_overlap"": 2, ""column_overlap"": 2}]",completed,97,97,0
500,29,neural,1,",",intended,94,94,94,True,2,3,0,0,,101,"[{""word"": ""intended"", ""timed_overlap"": 2, ""column_overlap"": 3}, {""word"": ""garret"", ""timed_overlap"": 2, ""column_overlap"": 3}, {""word"": ""hive"", ""timed_overlap"": 2, ""column_overlap"": 3}, {""word"": ""kindest"", ""timed_overlap"": 2, ""column_overlap"": 2}, {""word"": ""SAMMY"", ""timed_overlap"": 1, ""column_overlap"": 4}]",completed,82,10,0
500,29,neural,2,for,carriage,100,100,100,True,2,3,0,0,,92,"[{""word"": ""carriage"", ""timed_overlap"": 2, ""column_overlap"": 3}, {""word"": ""disrepitable"", ""timed_overlap"": 2, ""column_overlap"": 3}, {""word"": ""swears"", ""timed_overlap"": 1, ""column_overlap"": 4}, {""word"": ""deal"", ""timed_overlap"": 1, ""column_overlap"": 3}, {""word"": ""fast"", ""timed_overlap"": 1, ""column_overlap"": 3}]",completed,94,94,0
500,29,neural,3,at,doctor,98,98,98,True,2,2,0,0,,77,"[{""word"": ""doctor"", ""timed_overlap"": 2, ""column_overlap"": 2}, {""word"": ""Jem"", ""timed_overlap"": 1, ""column_overlap"": 2}, {""word"": ""Even"", ""timed_overlap"": 1, ""column_overlap"": 2}, {""word"": ""coming"", ""timed_overlap"": 1, ""column_overlap"": 2}, {""word"": ""Abel"", ""timed_overlap"": 1, ""column_overlap"": 2}]",completed,100,100,0
500,29,neural,4,the,says,99,99,99,True,2,3,0,0,,77,"[{""word"": ""says"", ""timed_overlap"": 2, ""column_overlap"": 3}, {""word"": ""hearth"", ""timed_overlap"": 1, ""column_overlap"": 4}, {""word"": ""snowshoeing"", ""timed_overlap"": 1, ""column_overlap"": 3}, {""word"": ""hive"", ""timed_overlap"": 1, ""column_overlap"": 3}, {""word"": ""Bessy"", ""timed_overlap"": 1, ""column_overlap"": 3}]",completed,98,98,0
500,30,neural,1,try,nearer,100,100,100,True,2,3,0,0,,98,"[{""word"": ""nearer"", ""timed_overlap"": 2, ""column_overlap"": 3}, {""word"": ""She"", ""timed_overlap"": 2, ""column_overlap"": 3}, {""word"": ""impossible"", ""timed_overlap"": 2, ""column_overlap"": 3}, {""word"": ""Fox"", ""timed_overlap"": 1, ""column_overlap"": 3}, {""word"": ""dark"", ""timed_overlap"": 1, ""column_overlap"": 3}]",completed,91,10,0
500,30,neural,2,to,put,98,98,98,True,2,3,0,0,,97,"[{""word"": ""put"", ""timed_overlap"": 2, ""column_overlap"": 3}, {""word"": ""practice"", ""timed_overlap"": 1, ""column_overlap"": 3}, {""word"": ""rank"", ""timed_overlap"": 1, ""column_overlap"": 3}, {""word"": ""timidly"", ""timed_overlap"": 1, ""column_overlap"": 3}, {""word"": ""terrible"", ""timed_overlap"": 1, ""column_overlap"": 3}]",completed,100,100,0
500,30,neural,3,save,early,99,99,99,True,2,3,0,0,,86,"[{""word"": ""early"", ""timed_overlap"": 2, ""column_overlap"": 3}, {""word"": ""heated"", ""timed_overlap"": 2, ""column_overlap"": 2}, {""word"": ""Daisy"", ""timed_overlap"": 2, ""column_overlap"": 2}, {""word"": ""Porcupine"", ""timed_overlap"": 1, ""column_overlap"": 3}, {""word"": ""HAD"", ""timed_overlap"": 1, ""column_overlap"": 2}]",completed,98,98,0
500,30,neural,4,her,Beautiful,100,100,100,True,2,2,0,0,,86,"[{""word"": ""Beautiful"", ""timed_overlap"": 2, ""column_overlap"": 2}, {""word"": ""John"", ""timed_overlap"": 2, ""column_overlap"": 2}, {""word"": ""could"", ""timed_overlap"": 1, ""column_overlap"": 4}, {""word"": ""beauty"", ""timed_overlap"": 1, ""column_overlap"": 3}, {""word"": ""sword"", ""timed_overlap"": 1, ""column_overlap"": 3}]",completed,99,99,0
500,31,neural,1,'','',100,100,100,True,2,2,2,2,1,121,"[{""word"": ""''"", ""timed_overlap"": 2, ""column_overlap"": 2}, {""word"": ""he"", ""timed_overlap"": 2, ""column_overlap"": 2}, {""word"": ""inches"", ""timed_overlap"": 1, ""column_overlap"": 4}, {""word"": ""those"", ""timed_overlap"": 1, ""column_overlap"": 4}, {""word"": ""tell"", ""timed_overlap"": 1, ""column_overlap"": 3}]",completed,82,10,0
500,31,neural,2,said,people,100,100,100,True,2,2,1,1,100,104,"[{""word"": ""people"", ""timed_overlap"": 2, ""column_overlap"": 2}, {""word"": ""snowshoeing"", ""timed_overlap"": 2, ""column_overlap"": 2}, {""word"": ""paw"", ""timed_overlap"": 2, ""column_overlap"": 2}, {""word"": ""dear"", ""timed_overlap"": 1, ""column_overlap"": 4}, {""word"": ""tell"", ""timed_overlap"": 1, ""column_overlap"": 3}]",completed,100,100,0
500,31,neural,3,Dick,name,100,100,100,True,2,3,0,0,,100,"[{""word"": ""name"", ""timed_overlap"": 2, ""column_overlap"": 3}, {""word"": ""fellow"", ""timed_overlap"": 2, ""column_overlap"": 3}, {""word"": ""hanging"", ""timed_overlap"": 2, ""column_overlap"": 2}, {""word"": ""Dacca"", ""timed_overlap"": 2, ""column_overlap"": 2}, {""word"": ""but"", ""timed_overlap"": 2, ""column_overlap"": 2}]",completed,100,100,0
500,31,neural,4,",",however,100,100,100,True,2,3,0,0,,103,"[{""word"": ""however"", ""timed_overlap"": 2, ""column_overlap"": 3}, {""word"": ""pleased"", ""timed_overlap"": 2, ""column_overlap"": 3}, {""word"": ""for"", ""timed_overlap"": 2, ""column_overlap"": 2}, {""word"": ""With"", ""timed_overlap"": 2, ""column_overlap"": 2}, {""word"": ""First"", ""timed_overlap"": 2, ""column_overlap"": 2}]",completed,100,100,0
500,32,neural,1,one,'',100,100,100,True,2,2,0,0,,94,"[{""word"": ""''"", ""timed_overlap"": 2, ""column_overlap"": 2}, {""word"": ""enough"", ""timed_overlap"": 1, ""column_overlap"": 4}, {""word"": ""departs"", ""timed_overlap"": 1, ""column_overlap"": 3}, {""word"": ""wind"", ""timed_overlap"": 1, ""column_overlap"": 3}, {""word"": ""tell"", ""timed_overlap"": 1, ""column_overlap"": 3}]",completed,100,10,0
500,32,neural,2,after,Don,100,100,100,True,2,3,0,0,,106,"[{""word"": ""Don"", ""timed_overlap"": 2, ""column_overlap"": 3}, {""word"": ""XXIII"", ""timed_overlap"": 2, ""column_overlap"": 2}, {""word"": ""tree"", ""timed_overlap"": 1, ""column_overlap"": 4}, {""word"": ""rare"", ""timed_overlap"": 1, ""column_overlap"": 3}, {""word"": ""excluded"", ""timed_overlap"": 1, ""column_overlap"": 3}]",completed,100,100,0
500,32,neural,3,the,forget,100,100,100,True,2,3,0,0,,72,"[{""word"": ""forget"", ""timed_overlap"": 2, ""column_overlap"": 3}, {""word"": ""healthful"", ""timed_overlap"": 2, ""column_overlap"": 2}, {""word"": ""was"", ""timed_overlap"": 2, ""column_overlap"": 2}, {""word"": ""prettier"", ""timed_overlap"": 1, ""column_overlap"": 3}, {""word"": ""Good-bye"", ""timed_overlap"": 1, ""column_overlap"": 3}]",completed,100,100,0
500,32,neural,4,other,talk,94,94,94,True,2,3,0,0,,98,"[{""word"": ""talk"", ""timed_overlap"": 2, ""column_overlap"": 3}, {""word"": ""strong"", ""timed_overlap"": 2, ""column_overlap"": 2}, {""word"": ""Everybody"", ""timed_overlap"": 1, ""column_overlap"": 3}, {""word"": ""Taffy"", ""timed_overlap"": 1, ""column_overlap"": 3}, {""word"": ""money"", ""timed_overlap"": 1, ""column_overlap"": 3}]",completed,100,100,0
500,33,neural,1,humanity,cows,97,97,97,True,2,4,1,1,102,124,"[{""word"": ""cows"", ""timed_overlap"": 2, ""column_overlap"": 4}, {""word"": ""stop"", ""timed_overlap"": 2, ""column_overlap"": 3}, {""word"": ""even"", ""timed_overlap"": 2, ""column_overlap"": 2}, {""word"": ""ONCE"", ""timed_overlap"": 2, ""column_overlap"": 2}, {""word"": ""evening"", ""timed_overlap"": 2, ""column_overlap"": 2}]",completed,91,10,0
500,33,neural,2,must,-LCB-,98,98,98,True,2,3,0,0,,88,"[{""word"": ""-LCB-"", ""timed_overlap"": 2, ""column_overlap"": 3}, {""word"": ""turning"", ""timed_overlap"": 2, ""column_overlap"": 2}, {""word"": ""bookcase"", ""timed_overlap"": 2, ""column_overlap"": 2}, {""word"": ""XV"", ""timed_overlap"": 1, ""column_overlap"": 3}, {""word"": ""Thereupon"", ""timed_overlap"": 1, ""column_overlap"": 3}]",completed,97,97,0
500,33,neural,3,pay,window,100,100,100,True,2,3,0,0,,92,"[{""word"": ""window"", ""timed_overlap"": 2, ""column_overlap"": 3}, {""word"": ""Bassett"", ""timed_overlap"": 2, ""column_overlap"": 2}, {""word"": ""mind"", ""timed_overlap"": 1, ""column_overlap"": 3}, {""word"": ""astray"", ""timed_overlap"": 1, ""column_overlap"": 3}, {""word"": ""Though"", ""timed_overlap"": 1, ""column_overlap"": 3}]",completed,98,98,0
500,33,neural,4,for,lump,100,100,100,True,2,3,0,0,,112,"[{""word"": ""lump"", ""timed_overlap"": 2, ""column_overlap"": 3}, {""word"": ""'m"", ""timed_overlap"": 2, ""column_overlap"": 2}, {""word"": ""able"", ""timed_overlap"": 1, ""column_overlap"": 4}, {""word"": ""roar"", ""timed_overlap"": 1, ""column_overlap"": 3}, {""word"": ""Peerless"", ""timed_overlap"": 1, ""column_overlap"": 3}]",completed,100,100,0
500,34,neural,1,another,soon,100,100,100,True,2,2,0,0,,90,"[{""word"": ""soon"", ""timed_overlap"": 2, ""column_overlap"": 2}, {""word"": ""lump"", ""timed_overlap"": 2, ""column_overlap"": 2}, {""word"": ""commanded"", ""timed_overlap"": 1, ""column_overlap"": 3}, {""word"": ""months"", ""timed_overlap"": 1, ""column_overlap"": 3}, {""word"": ""lady"", ""timed_overlap"": 1, ""column_overlap"": 3}]",completed,82,10,0
500,34,neural,2,laughed,poured,100,100,100,True,2,2,0,0,,97,"[{""word"": ""poured"", ""timed_overlap"": 2, ""column_overlap"": 2}, {""word"": ""A"", ""timed_overlap"": 2, ""column_overlap"": 2}, {""word"": ""stern"", ""timed_overlap"": 2, ""column_overlap"": 2}, {""word"": ""should"", ""timed_overlap"": 2, ""column_overlap"": 2}, {""word"": ""clouded"", ""timed_overlap"": 1, ""column_overlap"": 4}]",completed,100,100,0
500,34,neural,3,",",closing,99,99,99,True,2,2,0,0,,93,"[{""word"": ""closing"", ""timed_overlap"": 2, ""column_overlap"": 2}, {""word"": ""satisfied"", ""timed_overlap"": 1, ""column_overlap"": 3}, {""word"": ""creature"", ""timed_overlap"": 1, ""column_overlap"": 3}, {""word"": ""Carrots"", ""timed_overlap"": 1, ""column_overlap"": 3}, {""word"": ""wore"", ""timed_overlap"": 1, ""column_overlap"": 2}]",completed,100,100,0
500,34,neural,4,and,coming,98,98,98,True,2,3,0,0,,98,"[{""word"": ""coming"", ""timed_overlap"": 2, ""column_overlap"": 3}, {""word"": ""me"", ""timed_overlap"": 2, ""column_overlap"": 3}, {""word"": ""Ben"", ""timed_overlap"": 2, ""column_overlap"": 2}, {""word"": ""Sue"", ""timed_overlap"": 2, ""column_overlap"": 2}, {""word"": ""say"", ""timed_overlap"": 2, ""column_overlap"": 2}]",completed,99,99,0
500,35,neural,1,me,tyrannize,99,99,99,True,2,3,0,0,,146,"[{""word"": ""tyrannize"", ""timed_overlap"": 2, ""column_overlap"": 3}, {""word"": ""shall"", ""timed_overlap"": 2, ""column_overlap"": 3}, {""word"": ""Kindly"", ""timed_overlap"": 2, ""column_overlap"": 2}, {""word"": ""this"", ""timed_overlap"": 2, ""column_overlap"": 2}, {""word"": ""voice"", ""timed_overlap"": 1, ""column_overlap"": 4}]",completed,82,10,0
500,35,neural,2,",",sentence,97,97,97,True,2,3,0,0,,106,"[{""word"": ""sentence"", ""timed_overlap"": 2, ""column_overlap"": 3}, {""word"": ""youth"", ""timed_overlap"": 2, ""column_overlap"": 2}, {""word"": ""Quite"", ""timed_overlap"": 2, ""column_overlap"": 2}, {""word"": ""small"", ""timed_overlap"": 2, ""column_overlap"": 2}, {""word"": ""Because"", ""timed_overlap"": 1, ""column_overlap"": 3}]",completed,99,99,0
500,35,neural,3,',Skunk,97,97,97,True,3,4,0,0,,131,"[{""word"": ""Skunk"", ""timed_overlap"": 3, ""column_overlap"": 4}, {""word"": ""departs"", ""timed_overlap"": 2, ""column_overlap"": 4}, {""word"": ""Felicity"", ""timed_overlap"": 2, ""column_overlap"": 3}, {""word"": ""Williamson"", ""timed_overlap"": 2, ""column_overlap"": 3}, {""word"": ""already"", ""timed_overlap"": 2, ""column_overlap"": 2}]",completed,97,97,0
500,35,neural,4,answered,till,100,100,100,True,2,3,0,0,,127,"[{""word"": ""till"", ""timed_overlap"": 2, ""column_overlap"": 3}, {""word"": ""puzzling"", ""timed_overlap"": 2, ""column_overlap"": 2}, {""word"": ""comfortingly"", ""timed_overlap"": 1, ""column_overlap"": 3}, {""word"": ""Folk"", ""timed_overlap"": 1, ""column_overlap"": 3}, {""word"": ""bearing"", ""timed_overlap"": 1, ""column_overlap"": 3}]",completed,97,97,0
500,36,neural,1,said,said,100,100,100,True,3,3,3,3,1,115,"[{""word"": ""said"", ""timed_overlap"": 3, ""column_overlap"": 3}, {""word"": ""Bill"", ""timed_overlap"": 2, ""column_overlap"": 3}, {""word"": ""golden"", ""timed_overlap"": 2, ""column_overlap"": 3}, {""word"": ""without"", ""timed_overlap"": 2, ""column_overlap"": 3}, {""word"": ""pump"", ""timed_overlap"": 2, ""column_overlap"": 3}]",completed,73,10,0
500,36,neural,2,the,elapsed,100,100,100,True,1,3,0,0,,69,"[{""word"": ""elapsed"", ""timed_overlap"": 1, ""column_overlap"": 3}, {""word"": ""headpiece"", ""timed_overlap"": 1, ""column_overlap"": 3}, {""word"": ""Bumble"", ""timed_overlap"": 1, ""column_overlap"": 3}, {""word"": ""wore"", ""timed_overlap"": 1, ""column_overlap"": 2}, {""word"": ""visored"", ""timed_overlap"": 1, ""column_overlap"": 2}]",completed,100,100,0
500,36,neural,3,bear,mother,98,98,98,True,2,2,0,0,,80,"[{""word"": ""mother"", ""timed_overlap"": 2, ""column_overlap"": 2}, {""word"": ""Old"", ""timed_overlap"": 1, ""column_overlap"": 3}, {""word"": ""deep"", ""timed_overlap"": 1, ""column_overlap"": 3}, {""word"": ""beauty"", ""timed_overlap"": 1, ""column_overlap"": 3}, {""word"": ""herring"", ""timed_overlap"": 1, ""column_overlap"": 3}]",completed,100,100,0
500,36,neural,4,",",Wildrose,100,100,100,True,2,3,0,0,,99,"[{""word"": ""Wildrose"", ""timed_overlap"": 2, ""column_overlap"": 3}, {""word"": ""six"", ""timed_overlap"": 2, ""column_overlap"": 3}, {""word"": ""one"", ""timed_overlap"": 2, ""column_overlap"": 2}, {""word"": ""almost"", ""timed_overlap"": 1, ""column_overlap"": 3}, {""word"": ""UNC"", ""timed_overlap"": 1, ""column_overlap"": 3}]",completed,98,98,0
500,37,neural,1,even,'',100,100,100,True,2,2,0,0,,94,"[{""word"": ""''"", ""timed_overlap"": 2, ""column_overlap"": 2}, {""word"": ""enough"", ""timed_overlap"": 1, ""column_overlap"": 4}, {""word"": ""wind"", ""timed_overlap"": 1, ""column_overlap"": 3}, {""word"": ""those"", ""timed_overlap"": 1, ""column_overlap"": 3}, {""word"": ""tell"", ""timed_overlap"": 1, ""column_overlap"": 3}]",completed,100,10,0
500,37,neural,2,if,Don,100,100,100,True,2,3,0,0,,106,"[{""word"": ""Don"", ""timed_overlap"": 2, ""column_overlap"": 3}, {""word"": ""XXIII"", ""timed_overlap"": 2, ""column_overlap"": 2}, {""word"": ""tree"", ""timed_overlap"": 1, ""column_overlap"": 4}, {""word"": ""birds"", ""timed_overlap"": 1, ""column_overlap"": 3}, {""word"": ""Fairy"", ""timed_overlap"": 1, ""column_overlap"": 3}]",completed,100,100,0
500,37,neural,3,you,forget,100,100,100,True,2,3,0,0,,72,"[{""word"": ""forget"", ""timed_overlap"": 2, ""column_overlap"": 3}, {""word"": ""healthful"", ""timed_overlap"": 2, ""column_overlap"": 2}, {""word"": ""was"", ""timed_overlap"": 2, ""column_overlap"": 2}, {""word"": ""prettier"", ""timed_overlap"": 1, ""column_overlap"": 3}, {""word"": ""Good-bye"", ""timed_overlap"": 1, ""column_overlap"": 3}]",completed,100,100,0
500,37,neural,4,tried,talk,94,94,94,True,2,3,0,0,,98,"[{""word"": ""talk"", ""timed_overlap"": 2, ""column_overlap"": 3}, {""word"": ""strong"", ""timed_overlap"": 2, ""column_overlap"": 2}, {""word"": ""Everybody"", ""timed_overlap"": 1, ""column_overlap"": 3}, {""word"": ""money"", ""timed_overlap"": 1, ""column_overlap"": 3}, {""word"": ""Taffy"", ""timed_overlap"": 1, ""column_overlap"": 3}]",completed,100,100,0
500,38,neural,1,and,kill,100,100,100,True,2,3,0,0,,103,"[{""word"": ""kill"", ""timed_overlap"": 2, ""column_overlap"": 3}, {""word"": ""Jay"", ""timed_overlap"": 2, ""column_overlap"": 3}, {""word"": ""Grange"", ""timed_overlap"": 2, ""column_overlap"": 2}, {""word"": ""That"", ""timed_overlap"": 2, ""column_overlap"": 2}, {""word"": ""wine"", ""timed_overlap"": 1, ""column_overlap"": 4}]",completed,91,10,0
500,38,neural,2,drop,;,100,100,100,True,2,2,0,0,,96,"[{""word"": "";"", ""timed_overlap"": 2, ""column_overlap"": 2}, {""word"": ""COMES"", ""timed_overlap"": 2, ""column_overlap"": 2}, {""word"": ""puzzling"", ""timed_overlap"": 1, ""column_overlap"": 3}, {""word"": ""palace"", ""timed_overlap"": 1, ""column_overlap"": 3}, {""word"": ""lifted"", ""timed_overlap"": 1, ""column_overlap"": 3}]",completed,100,100,0
500,38,neural,3,remorsefully,most,97,97,97,True,2,3,0,0,,104,"[{""word"": ""most"", ""timed_overlap"": 2, ""column_overlap"": 3}, {""word"": ""makes"", ""timed_overlap"": 2, ""column_overlap"": 2}, {""word"": ""tell"", ""timed_overlap"": 2, ""column_overlap"": 2}, {""word"": ""bewildered"", ""timed_overlap"": 2, ""column_overlap"": 2}, {""word"": ""nodding"", ""timed_overlap"": 2, ""column_overlap"": 2}]",completed,100,100,0
500,38,neural,4,at,round,100,100,100,True,2,3,0,0,,116,"[{""word"": ""round"", ""timed_overlap"": 2, ""column_overlap"": 3}, {""word"": ""warm"", ""timed_overlap"": 2, ""column_overlap"": 2}, {""word"": ""tantrum"", ""timed_overlap"": 2, ""column_overlap"": 2}, {""word"": ""mouth"", ""timed_overlap"": 1, ""column_overlap"": 3}, {""word"": ""lamassery"", ""timed_overlap"": 1, ""column_overlap"": 3}]",completed,97,97,0
500,39,neural,1,spoke,disagreeable,100,100,100,True,2,2,0,0,,65,"[{""word"": ""disagreeable"", ""timed_overlap"": 2, ""column_overlap"": 2}, {""word"": ""thrifty"", ""timed_overlap"": 2, ""column_overlap"": 2}, {""word"": ""Thorny"", ""timed_overlap"": 2, ""column_overlap"": 2}, {""word"": ""calmly"", ""timed_overlap"": 2, ""column_overlap"": 2}, {""word"": ""Dacca"", ""timed_overlap"": 1, ""column_overlap"": 3}]",completed,91,10,0
500,39,neural,2,in,Elsa,100,100,100,True,2,2,0,0,,76,"[{""word"": ""Elsa"", ""timed_overlap"": 2, ""column_overlap"": 2}, {""word"": ""unexpected"", ""timed_overlap"": 2, ""column_overlap"": 2}, {""word"": ""hearts"", ""timed_overlap"": 2, ""column_overlap"": 2}, {""word"": ""chair"", ""timed_overlap"": 2, ""column_overlap"": 2}, {""word"": ""demons"", ""timed_overlap"": 1, ""column_overlap"": 3}]",completed,100,100,0
500,39,neural,3,soft,Frank,100,100,100,True,2,4,0,0,,110,"[{""word"": ""Frank"", ""timed_overlap"": 2, ""column_overlap"": 4}, {""word"": ""JAY"", ""timed_overlap"": 2, ""column_overlap"": 2}, {""word"": ""Bessy"", ""timed_overlap"": 2, ""column_overlap"": 2}, {""word"": ""puzzling"", ""timed_overlap"": 2, ""column_overlap"": 2}, {""word"": ""CHAPTER"", ""timed_overlap"": 2, ""column_overlap"": 2}]",completed,100,100,0
500,39,neural,4,and,snowshoeing,99,99,99,True,2,3,0,0,,77,"[{""word"": ""snowshoeing"", ""timed_overlap"": 2, ""column_overlap"": 3}, {""word"": ""Jesse"", ""timed_overlap"": 2, ""column_overlap"": 2}, {""word"": ""Paul"", ""timed_overlap"": 2, ""column_overlap"": 2}, {""word"": ""would"", ""timed_overlap"": 2, ""column_overlap"": 2}, {""word"": ""though"", ""timed_overlap"": 2, ""column_overlap"": 2}]",completed,100,100,0
500,40,neural,1,of,under,96,96,96,True,2,4,1,1,71,110,"[{""word"": ""under"", ""timed_overlap"": 2, ""column_overlap"": 4}, {""word"": ""deary"", ""timed_overlap"": 2, ""column_overlap"": 2}, {""word"": ""broad"", ""timed_overlap"": 2, ""column_overlap"": 2}, {""word"": ""Hippocrates"", ""timed_overlap"": 1, ""column_overlap"": 4}, {""word"": ""Johnny"", ""timed_overlap"": 1, ""column_overlap"": 3}]",completed,91,10,0
500,40,neural,2,the,Cecily,97,97,97,True,1,3,0,0,,65,"[{""word"": ""Cecily"", ""timed_overlap"": 1, ""column_overlap"": 3}, {""word"": ""as"", ""timed_overlap"": 1, ""column_overlap"": 2}, {""word"": ""bringing"", ""timed_overlap"": 1, ""column_overlap"": 2}, {""word"": ""enchanted"", ""timed_overlap"": 1, ""column_overlap"": 2}, {""word"": ""much"", ""timed_overlap"": 1, ""column_overlap"": 2}]",completed,96,96,0
500,40,neural,3,desert,Priscilla,94,94,94,True,2,3,0,0,,107,"[{""word"": ""Priscilla"", ""timed_overlap"": 2, ""column_overlap"": 3}, {""word"": ""dwelt"", ""timed_overlap"": 2, ""column_overlap"": 3}, {""word"": ""though"", ""timed_overlap"": 1, ""column_overlap"": 3}, {""word"": ""say"", ""timed_overlap"": 1, ""column_overlap"": 3}, {""word"": ""In"", ""timed_overlap"": 1, ""column_overlap"": 3}]",completed,97,97,0
500,40,neural,4,appeared,grotto,97,97,97,True,2,2,0,0,,121,"[{""word"": ""grotto"", ""timed_overlap"": 2, ""column_overlap"": 2}, {""word"": ""at"", ""timed_overlap"": 2, ""column_overlap"": 2}, {""word"": ""Saturday"", ""timed_overlap"": 1, ""column_overlap"": 3}, {""word"": ""now"", ""timed_overlap"": 1, ""column_overlap"": 3}, {""word"": ""eggs"", ""timed_overlap"": 1, ""column_overlap"": 3}]",completed,94,94,0
500,41,neural,1,girl,now,100,100,100,True,2,2,0,0,,76,"[{""word"": ""now"", ""timed_overlap"": 2, ""column_overlap"": 2}, {""word"": ""than"", ""timed_overlap"": 2, ""column_overlap"": 2}, {""word"": ""Bessy"", ""timed_overlap"": 2, ""column_overlap"": 2}, {""word"": ""another"", ""timed_overlap"": 1, ""column_overlap"": 3}, {""word"": ""broadest"", ""timed_overlap"": 1, ""column_overlap"": 2}]",completed,91,10,0
500,41,neural,2,in,certainly,98,98,98,True,2,3,0,0,,95,"[{""word"": ""certainly"", ""timed_overlap"": 2, ""column_overlap"": 3}, {""word"": ""dragging"", ""timed_overlap"": 2, ""column_overlap"": 3}, {""word"": ""ordered"", ""timed_overlap"": 1, ""column_overlap"": 4}, {""word"": ""as"", ""timed_overlap"": 1, ""column_overlap"": 3}, {""word"": ""than"", ""timed_overlap"": 1, ""column_overlap"": 3}]",completed,100,100,0
500,41,neural,3,the,most,100,100,100,True,2,2,0,0,,74,"[{""word"": ""most"", ""timed_overlap"": 2, ""column_overlap"": 2}, {""word"": ""goodness"", ""timed_overlap"": 1, ""column_overlap"": 3}, {""word"": ""worn"", ""timed_overlap"": 1, ""column_overlap"": 3}, {""word"": ""mature"", ""timed_overlap"": 1, ""column_overlap"": 3}, {""word"": ""Herr"", ""timed_overlap"": 1, ""column_overlap"": 2}]",completed,98,98,0
500,41,neural,4,world,Put,94,94,94,True,2,4,0,0,,129,"[{""word"": ""Put"", ""timed_overlap"": 2, ""column_overlap"": 4}, {""word"": ""glided"", ""timed_overlap"": 2, ""column_overlap"": 3}, {""word"": ""recommended"", ""timed_overlap"": 2, ""column_overlap"": 3}, {""word"": ""hearts"", ""timed_overlap"": 2, ""column_overlap"": 2}, {""word"": ""sweep"", ""timed_overlap"": 2, ""column_overlap"": 2}]",completed,100,100,0
500,42,neural,1,",",Their,96,96,96,True,2,3,0,0,,131,"[{""word"": ""Their"", ""timed_overlap"": 2, ""column_overlap"": 3}, {""word"": ""See"", ""timed_overlap"": 2, ""column_overlap"": 2}, {""word"": ""pride"", ""timed_overlap"": 2, ""column_overlap"": 2}, {""word"": ""audacity"", ""timed_overlap"": 2, ""column_overlap"": 2}, {""word"": ""however"", ""timed_overlap"": 1, ""column_overlap"": 4}]",completed,73,10,0
500,42,neural,2,not,disappointment,100,100,100,True,2,2,0,0,,116,"[{""word"": ""disappointment"", ""timed_overlap"": 2, ""column_overlap"": 2}, {""word"": ""many"", ""timed_overlap"": 1, ""column_overlap"": 4}, {""word"": ""forget"", ""timed_overlap"": 1, ""column_overlap"": 3}, {""word"": ""growled"", ""timed_overlap"": 1, ""column_overlap"": 3}, {""word"": ""Davis"", ""timed_overlap"": 1, ""column_overlap"": 3}]",completed,96,96,0
500,42,neural,3,exactly,Lynde,100,100,100,True,2,3,0,0,,71,"[{""word"": ""Lynde"", ""timed_overlap"": 2, ""column_overlap"": 3}, {""word"": ""Nobody"", ""timed_overlap"": 2, ""column_overlap"": 2}, {""word"": ""deep"", ""timed_overlap"": 2, ""column_overlap"": 2}, {""word"": ""Magyars"", ""timed_overlap"": 2, ""column_overlap"": 2}, {""word"": ""Bumble"", ""timed_overlap"": 2, ""column_overlap"": 2}]",completed,100,100,0
500,42,neural,4,.,distance,99,99,99,True,1,3,0,0,,126,"[{""word"": ""distance"", ""timed_overlap"": 1, ""column_overlap"": 3}, {""word"": ""paw"", ""timed_overlap"": 1, ""column_overlap"": 3}, {""word"": ""eggs"", ""timed_overlap"": 1, ""column_overlap"": 3}, {""word"": ""hopes"", ""timed_overlap"": 1, ""column_overlap"": 3}, {""word"": ""hate"", ""timed_overlap"": 1, ""column_overlap"": 2}]",completed,100,100,0
500,43,neural,1,her,heard,100,100,100,True,2,2,0,0,,98,"[{""word"": ""heard"", ""timed_overlap"": 2, ""column_overlap"": 2}, {""word"": ""inches"", ""timed_overlap"": 2, ""column_overlap"": 2}, {""word"": ""herring"", ""timed_overlap"": 2, ""column_overlap"": 2}, {""word"": ""helmet"", ""timed_overlap"": 2, ""column_overlap"": 2}, {""word"": ""catechism"", ""timed_overlap"": 2, ""column_overlap"": 2}]",completed,91,10,0
500,43,neural,2,ambitions,feet,100,100,100,True,2,3,0,0,,109,"[{""word"": ""feet"", ""timed_overlap"": 2, ""column_overlap"": 3}, {""word"": ""hopes"", ""timed_overlap"": 2, ""column_overlap"": 3}, {""word"": ""bought"", ""timed_overlap"": 2, ""column_overlap"": 2}, {""word"": ""Bowser"", ""timed_overlap"": 2, ""column_overlap"": 2}, {""word"": ""helmet"", ""timed_overlap"": 2, ""column_overlap"": 2}]",completed,100,100,0
500,43,neural,3,last,III,100,100,100,True,2,3,0,0,,107,"[{""word"": ""III"", ""timed_overlap"": 2, ""column_overlap"": 3}, {""word"": ""vase"", ""timed_overlap"": 2, ""column_overlap"": 3}, {""word"": ""locked"", ""timed_overlap"": 2, ""column_overlap"": 3}, {""word"": ""long"", ""timed_overlap"": 2, ""column_overlap"": 2}, {""word"": ""dragging"", ""timed_overlap"": 1, ""column_overlap"": 4}]",completed,100,100,0
500,43,neural,4,night,price,98,98,98,True,2,3,0,0,,102,"[{""word"": ""price"", ""timed_overlap"": 2, ""column_overlap"": 3}, {""word"": ""lamp"", ""timed_overlap"": 2, ""column_overlap"": 2}, {""word"": ""Lucinda"", ""timed_overlap"": 2, ""column_overlap"": 2}, {""word"": ""birthday"", ""timed_overlap"": 2, ""column_overlap"": 2}, {""word"": ""shy"", ""timed_overlap"": 1, ""column_overlap"": 3}]",completed,100,100,0
500,44,neural,1,chop,be,100,100,100,True,2,2,0,0,,81,"[{""word"": ""be"", ""timed_overlap"": 2, ""column_overlap"": 2}, {""word"": ""Straight"", ""timed_overlap"": 1, ""column_overlap"": 3}, {""word"": ""Sue"", ""timed_overlap"": 1, ""column_overlap"": 3}, {""word"": ""Pekoe"", ""timed_overlap"": 1, ""column_overlap"": 2}, {""word"": ""begging"", ""timed_overlap"": 1, ""column_overlap"": 2}]",completed,91,10,0
500,44,neural,2,it,besought,100,100,100,True,1,3,0,0,,52,"[{""word"": ""besought"", ""timed_overlap"": 1, ""column_overlap"": 3}, {""word"": ""glazed"", ""timed_overlap"": 1, ""column_overlap"": 3}, {""word"": ""pile"", ""timed_overlap"": 1, ""column_overlap"": 2}, {""word"": ""departs"", ""timed_overlap"": 1, ""column_overlap"": 2}, {""word"": ""talked"", ""timed_overlap"": 1, ""column_overlap"": 2}]",completed,100,100,0
500,44,neural,3,off,Reddy,98,98,98,True,2,2,1,3,4,81,"[{""word"": ""Reddy"", ""timed_overlap"": 2, ""column_overlap"": 2}, {""word"": ""white"", ""timed_overlap"": 2, ""column_overlap"": 2}, {""word"": ""Afghans"", ""timed_overlap"": 1, ""column_overlap"": 3}, {""word"": ""off"", ""timed_overlap"": 1, ""column_overlap"": 3}, {""word"": ""Magyars"", ""timed_overlap"": 1, ""column_overlap"": 3}]",completed,100,100,0
500,44,neural,4,",",course,97,97,97,True,2,3,0,0,,94,"[{""word"": ""course"", ""timed_overlap"": 2, ""column_overlap"": 3}, {""word"": ""what"", ""timed_overlap"": 2, ""column_overlap"": 2}, {""word"": ""dress"", ""timed_overlap"": 2, ""column_overlap"": 2}, {""word"": ""Look"", ""timed_overlap"": 1, ""column_overlap"": 4}, {""word"": ""until"", ""timed_overlap"": 1, ""column_overlap"": 3}]",completed,98,98,0
500,45,neural,1,awful,these,99,99,99,True,2,3,0,0,,114,"[{""word"": ""these"", ""timed_overlap"": 2, ""column_overlap"": 3}, {""word"": ""XV"", ""timed_overlap"": 2, ""column_overlap"": 2}, {""word"": ""twitch"", ""timed_overlap"": 2, ""column_overlap"": 2}, {""word"": ""ought"", ""timed_overlap"": 2, ""column_overlap"": 2}, {""word"": ""with"", ""timed_overlap"": 2, ""column_overlap"": 2}]",completed,73,10,0
500,45,neural,2,early,companioned,99,99,99,True,2,3,0,0,,103,"[{""word"": ""companioned"", ""timed_overlap"": 2, ""column_overlap"": 3}, {""word"": ""Head"", ""timed_overlap"": 2, ""column_overlap"": 2}, {""word"": ""Lightfoot"", ""timed_overlap"": 2, ""column_overlap"": 2}, {""word"": ""pity"", ""timed_overlap"": 2, ""column_overlap"": 2}, {""word"": ""enchantress"", ""timed_overlap"": 1, ""column_overlap"": 4}]",completed,99,99,0
500,45,neural,3,",",unexpected,100,100,100,True,2,3,0,0,,72,"[{""word"": ""unexpected"", ""timed_overlap"": 2, ""column_overlap"": 3}, {""word"": ""roar"", ""timed_overlap"": 2, ""column_overlap"": 3}, {""word"": ""died"", ""timed_overlap"": 2, ""column_overlap"": 3}, {""word"": ""broad"", ""timed_overlap"": 1, ""column_overlap"": 3}, {""word"": ""worse"", ""timed_overlap"": 1, ""column_overlap"": 3}]",completed,99,99,0
500,45,neural,4,and,pity,100,100,100,True,2,3,0,0,,97,"[{""word"": ""pity"", ""timed_overlap"": 2, ""column_overlap"": 3}, {""word"": ""fellows"", ""timed_overlap"": 1, ""column_overlap"": 3}, {""word"": ""sprang"", ""timed_overlap"": 1, ""column_overlap"": 3}, {""word"": ""paw"", ""timed_overlap"": 1, ""column_overlap"": 3}, {""word"": ""high"", ""timed_overlap"": 1, ""column_overlap"": 3}]",completed,100,100,0
500,46,neural,1,--,craoudin,98,98,98,True,2,3,1,1,50,117,"[{""word"": ""craoudin"", ""timed_overlap"": 2, ""column_overlap"": 3}, {""word"": ""Billy"", ""timed_overlap"": 2, ""column_overlap"": 2}, {""word"": ""whither"", ""timed_overlap"": 2, ""column_overlap"": 2}, {""word"": ""while"", ""timed_overlap"": 2, ""column_overlap"": 2}, {""word"": ""His"", ""timed_overlap"": 1, ""column_overlap"": 3}]",completed,91,10,0
500,46,neural,2,it,mean,100,100,100,True,2,4,0,0,,82,"[{""word"": ""mean"", ""timed_overlap"": 2, ""column_overlap"": 4}, {""word"": ""1715"", ""timed_overlap"": 2, ""column_overlap"": 3}, {""word"": ""Balkis"", ""timed_overlap"": 2, ""column_overlap"": 2}, {""word"": ""mid-afternoon"", ""timed_overlap"": 2, ""column_overlap"": 2}, {""word"": ""such"", ""timed_overlap"": 1, ""column_overlap"": 4}]",completed,98,98,0
500,46,neural,3,was,faults,99,99,99,True,2,2,0,0,,122,"[{""word"": ""faults"", ""timed_overlap"": 2, ""column_overlap"": 2}, {""word"": ""Mollie"", ""timed_overlap"": 2, ""column_overlap"": 2}, {""word"": ""fixed"", ""timed_overlap"": 2, ""column_overlap"": 2}, {""word"": ""snow"", ""timed_overlap"": 2, ""column_overlap"": 2}, {""word"": ""ceased"", ""timed_overlap"": 2, ""column_overlap"": 2}]",completed,100,100,0
500,46,neural,4,an,WHY,98,98,98,True,2,4,0,0,,103,"[{""word"": ""WHY"", ""timed_overlap"": 2, ""column_overlap"": 4}, {""word"": ""aunt"", ""timed_overlap"": 2, ""column_overlap"": 3}, {""word"": ""foremost"", ""timed_overlap"": 2, ""column_overlap"": 3}, {""word"": ""let"", ""timed_overlap"": 2, ""column_overlap"": 2}, {""word"": ""-LCB-"", ""timed_overlap"": 1, ""column_overlap"": 3}]",completed,99,99,0
500,47,neural,1,but,'',100,100,100,True,2,2,0,0,,94,"[{""word"": ""''"", ""timed_overlap"": 2, ""column_overlap"": 2}, {""word"": ""enough"", ""timed_overlap"": 1, ""column_overlap"": 4}, {""word"": ""wind"", ""timed_overlap"": 1, ""column_overlap"": 3}, {""word"": ""tell"", ""timed_overlap"": 1, ""column_overlap"": 3}, {""word"": ""those"", ""timed_overlap"": 1, ""column_overlap"": 3}]",completed,100,10,0
500,47,neural,2,somehow,Don,100,100,100,True,2,3,0,0,,106,"[{""word"": ""Don"", ""timed_overlap"": 2, ""column_overlap"": 3}, {""word"": ""XXIII"", ""timed_overlap"": 2, ""column_overlap"": 2}, {""word"": ""tree"", ""timed_overlap"": 1, ""column_overlap"": 4}, {""word"": ""nothing"", ""timed_overlap"": 1, ""column_overlap"": 3}, {""word"": ""pity"", ""timed_overlap"": 1, ""column_overlap"": 3}]",completed,100,100,0
500,47,neural,3,we,forget,100,100,100,True,2,3,0,0,,72,"[{""word"": ""forget"", ""timed_overlap"": 2, ""column_overlap"": 3}, {""word"": ""healthful"", ""timed_overlap"": 2, ""column_overlap"": 2}, {""word"": ""was"", ""timed_overlap"": 2, ""column_overlap"": 2}, {""word"": ""prettier"", ""timed_overlap"": 1, ""column_overlap"": 3}, {""word"": ""Good-bye"", ""timed_overlap"": 1, ""column_overlap"": 3}]",completed,100,100,0
500,47,neural,4,do,talk,94,94,94,True,2,3,0,0,,98,"[{""word"": ""talk"", ""timed_overlap"": 2, ""column_overlap"": 3}, {""word"": ""strong"", ""timed_overlap"": 2, ""column_overlap"": 2}, {""word"": ""Everybody"", ""timed_overlap"": 1, ""column_overlap"": 3}, {""word"": ""Taffy"", ""timed_overlap"": 1, ""column_overlap"": 3}, {""word"": ""money"", ""timed_overlap"": 1, ""column_overlap"": 3}]",completed,100,100,0
500,48,neural,1,leafy,mother,100,100,100,True,2,4,0,0,,152,"[{""word"": ""mother"", ""timed_overlap"": 2, ""column_overlap"": 4}, {""word"": ""canvas"", ""timed_overlap"": 2, ""column_overlap"": 3}, {""word"": ""sisters"", ""timed_overlap"": 2, ""column_overlap"": 3}, {""word"": ""Why"", ""timed_overlap"": 2, ""column_overlap"": 3}, {""word"": ""applause"", ""timed_overlap"": 2, ""column_overlap"": 3}]",completed,91,10,0
500,48,neural,2,branch,snowshoeing,100,100,100,True,2,3,0,0,,118,"[{""word"": ""snowshoeing"", ""timed_overlap"": 2, ""column_overlap"": 3}, {""word"": ""wonder"", ""timed_overlap"": 2, ""column_overlap"": 3}, {""word"": ""Meanwhile"", ""timed_overlap"": 2, ""column_overlap"": 3}, {""word"": ""mouth"", ""timed_overlap"": 2, ""column_overlap"": 2}, {""word"": ""Alfin"", ""timed_overlap"": 1, ""column_overlap"": 5}]",completed,100,100,0
500,48,neural,3,and,drank,98,98,98,True,2,3,0,0,,105,"[{""word"": ""drank"", ""timed_overlap"": 2, ""column_overlap"": 3}, {""word"": ""body"", ""timed_overlap"": 1, ""column_overlap"": 3}, {""word"": ""away"", ""timed_overlap"": 1, ""column_overlap"": 3}, {""word"": ""voice"", ""timed_overlap"": 1, ""column_overlap"": 3}, {""word"": ""blue"", ""timed_overlap"": 1, ""column_overlap"": 3}]",completed,100,100,0
500,48,neural,4,look,III,99,99,99,True,1,3,0,0,,86,"[{""word"": ""III"", ""timed_overlap"": 1, ""column_overlap"": 3}, {""word"": ""talented"", ""timed_overlap"": 1, ""column_overlap"": 2}, {""word"": ""went"", ""timed_overlap"": 1, ""column_overlap"": 2}, {""word"": ""Pegasus"", ""timed_overlap"": 1, ""column_overlap"": 2}, {""word"": ""this"", ""timed_overlap"": 1, ""column_overlap"": 2}]",completed,98,98,0
500,49,neural,1,'s,new,100,100,100,True,2,2,0,0,,93,"[{""word"": ""new"", ""timed_overlap"": 2, ""column_overlap"": 2}, {""word"": ""sensible"", ""timed_overlap"": 2, ""column_overlap"": 2}, {""word"": ""enough"", ""timed_overlap"": 1, ""column_overlap"": 4}, {""word"": ""Raising"", ""timed_overlap"": 1, ""column_overlap"": 4}, {""word"": ""sable"", ""timed_overlap"": 1, ""column_overlap"": 3}]",completed,91,10,0
500,49,neural,2,very,whither,100,100,100,True,2,2,0,0,,86,"[{""word"": ""whither"", ""timed_overlap"": 2, ""column_overlap"": 2}, {""word"": ""dares"", ""timed_overlap"": 1, ""column_overlap"": 3}, {""word"": ""lamassery"", ""timed_overlap"": 1, ""column_overlap"": 3}, {""word"": ""Put"", ""timed_overlap"": 1, ""column_overlap"": 3}, {""word"": ""her"", ""timed_overlap"": 1, ""column_overlap"": 3}]",completed,100,100,0
500,49,neural,3,nice,hopes,98,98,98,True,2,2,0,0,,112,"[{""word"": ""hopes"", ""timed_overlap"": 2, ""column_overlap"": 2}, {""word"": ""pride"", ""timed_overlap"": 1, ""column_overlap"": 3}, {""word"": ""round"", ""timed_overlap"": 1, ""column_overlap"": 3}, {""word"": ""Meadow"", ""timed_overlap"": 1, ""column_overlap"": 3}, {""word"": ""most"", ""timed_overlap"": 1, ""column_overlap"": 3}]",completed,100,100,0
500,49,neural,4,to,departs,96,96,96,True,3,3,0,0,,105,"[{""word"": ""departs"", ""timed_overlap"": 3, ""column_overlap"": 3}, {""word"": ""Mollie"", ""timed_overlap"": 2, ""column_overlap"": 3}, {""word"": ""whistle"", ""timed_overlap"": 2, ""column_overlap"": 3}, {""word"": ""might"", ""timed_overlap"": 2, ""column_overlap"": 3}, {""word"": ""dragging"", ""timed_overlap"": 1, ""column_overlap"": 4}]",completed,98,98,0
500,50,neural,1,value,Instead,100,100,100,True,2,3,0,0,,135,"[{""word"": ""Instead"", ""timed_overlap"": 2, ""column_overlap"": 3}, {""word"": ""sisters"", ""timed_overlap"": 2, ""column_overlap"": 2}, {""word"": ""by"", ""timed_overlap"": 2, ""column_overlap"": 2}, {""word"": ""fellow"", ""timed_overlap"": 1, ""column_overlap"": 3}, {""word"": ""through"", ""timed_overlap"": 1, ""column_overlap"": 3}]",completed,82,10,0
500,50,neural,2,on,leave,99,99,99,True,2,3,0,0,,89,"[{""word"": ""leave"", ""timed_overlap"": 2, ""column_overlap"": 3}, {""word"": ""up"", ""timed_overlap"": 2, ""column_overlap"": 2}, {""word"": ""Nan"", ""timed_overlap"": 2, ""column_overlap"": 2}, {""word"": ""feel"", ""timed_overlap"": 1, ""column_overlap"": 3}, {""word"": ""times"", ""timed_overlap"": 1, ""column_overlap"": 3}]",completed,100,100,0
500,50,neural,3,beauty,They,99,99,99,True,2,3,0,0,,104,"[{""word"": ""They"", ""timed_overlap"": 2, ""column_overlap"": 3}, {""word"": ""helmet"", ""timed_overlap"": 2, ""column_overlap"": 2}, {""word"": ""denied"", ""timed_overlap"": 2, ""column_overlap"": 2}, {""word"": ""Marsch"", ""timed_overlap"": 2, ""column_overlap"": 2}, {""word"": ""Obey"", ""timed_overlap"": 1, ""column_overlap"": 4}]",completed,99,99,0
500,50,neural,4,",",Because,97,97,97,True,2,2,0,0,,103,"[{""word"": ""Because"", ""timed_overlap"": 2, ""column_overlap"": 2}, {""word"": ""east"", ""timed_overlap"": 1, ""column_overlap"": 4}, {""word"": ""withdrew"", ""timed_overlap"": 1, ""column_overlap"": 3}, {""word"": ""worse"", ""timed_overlap"": 1, ""column_overlap"": 3}, {""word"": ""sure"", ""timed_overlap"": 1, ""column_overlap"": 3}]",completed,99,99,0
500,51,neural,1,highness,worn,98,98,98,True,2,3,0,0,,106,"[{""word"": ""worn"", ""timed_overlap"": 2, ""column_overlap"": 3}, {""word"": ""spear"", ""timed_overlap"": 2, ""column_overlap"": 2}, {""word"": ""pay"", ""timed_overlap"": 2, ""column_overlap"": 2}, {""word"": ""immensely"", ""timed_overlap"": 2, ""column_overlap"": 2}, {""word"": ""pictures"", ""timed_overlap"": 1, ""column_overlap"": 4}]",completed,73,10,0
500,51,neural,2,mean,lovely,100,100,100,True,2,3,0,0,,78,"[{""word"": ""lovely"", ""timed_overlap"": 2, ""column_overlap"": 3}, {""word"": ""tree"", ""timed_overlap"": 2, ""column_overlap"": 3}, {""word"": ""pity"", ""timed_overlap"": 2, ""column_overlap"": 2}, {""word"": ""the"", ""timed_overlap"": 2, ""column_overlap"": 2}, {""word"": ""Bull"", ""timed_overlap"": 1, ""column_overlap"": 4}]",completed,98,98,0
500,51,neural,3,to,Peerless,98,98,98,True,2,2,0,0,,93,"[{""word"": ""Peerless"", ""timed_overlap"": 2, ""column_overlap"": 2}, {""word"": ""caught"", ""timed_overlap"": 2, ""column_overlap"": 2}, {""word"": ""Put"", ""timed_overlap"": 2, ""column_overlap"": 2}, {""word"": ""run"", ""timed_overlap"": 1, ""column_overlap"": 3}, {""word"": ""flowers"", ""timed_overlap"": 1, ""column_overlap"": 3}]",completed,100,100,0
500,51,neural,4,treat,Uncle,97,97,97,True,2,2,0,0,,91,"[{""word"": ""Uncle"", ""timed_overlap"": 2, ""column_overlap"": 2}, {""word"": ""Square"", ""timed_overlap"": 2, ""column_overlap"": 2}, {""word"": ""birds"", ""timed_overlap"": 2, ""column_overlap"": 2}, {""word"": ""Amy"", ""timed_overlap"": 2, ""column_overlap"": 2}, {""word"": ""besought"", ""timed_overlap"": 1, ""column_overlap"": 4}]",completed,98,98,0
500,52,neural,1,drug-vendor,helplessly,100,100,100,True,2,3,0,0,,110,"[{""word"": ""helplessly"", ""timed_overlap"": 2, ""column_overlap"": 3}, {""word"": ""hive"", ""timed_overlap"": 2, ""column_overlap"": 2}, {""word"": ""many"", ""timed_overlap"": 2, ""column_overlap"": 2}, {""word"": ""plans"", ""timed_overlap"": 2, ""column_overlap"": 2}, {""word"": ""afternoon"", ""timed_overlap"": 2, ""column_overlap"": 2}]",completed,82,10,0
500,52,neural,2,of,spur,100,100,100,True,2,3,0,0,,96,"[{""word"": ""spur"", ""timed_overlap"": 2, ""column_overlap"": 3}, {""word"": ""rank"", ""timed_overlap"": 2, ""column_overlap"": 2}, {""word"": ""departs"", ""timed_overlap"": 1, ""column_overlap"": 3}, {""word"": ""be"", ""timed_overlap"": 1, ""column_overlap"": 3}, {""word"": ""lips"", ""timed_overlap"": 1, ""column_overlap"": 3}]",completed,100,100,0
500,52,neural,3,two,',98,98,98,True,2,4,0,0,,106,"[{""word"": ""'"", ""timed_overlap"": 2, ""column_overlap"": 4}, {""word"": ""haunting"", ""timed_overlap"": 2, ""column_overlap"": 3}, {""word"": ""around"", ""timed_overlap"": 2, ""column_overlap"": 3}, {""word"": ""yesterday"", ""timed_overlap"": 2, ""column_overlap"": 2}, {""word"": ""Skunk"", ""timed_overlap"": 2, ""column_overlap"": 2}]",completed,100,100,0
500,52,neural,4,months,caught,99,99,99,True,2,2,0,0,,97,"[{""word"": ""caught"", ""timed_overlap"": 2, ""column_overlap"": 2}, {""word"": ""Elliott"", ""timed_overlap"": 2, ""column_overlap"": 2}, {""word"": ""Williamson"", ""timed_overlap"": 2, ""column_overlap"": 2}, {""word"": ""pen"", ""timed_overlap"": 2, ""column_overlap"": 2}, {""word"": ""dared"", ""timed_overlap"": 1, ""column_overlap"": 4}]",completed,98,98,0
500,53,neural,1,howled,would,99,99,99,True,2,4,0,0,,99,"[{""word"": ""would"", ""timed_overlap"": 2, ""column_overlap"": 4}, {""word"": ""Blair"", ""timed_overlap"": 2, ""column_overlap"": 2}, {""word"": ""turning"", ""timed_overlap"": 2, ""column_overlap"": 2}, {""word"": ""give"", ""timed_overlap"": 2, ""column_overlap"": 2}, {""word"": ""east"", ""timed_overlap"": 1, ""column_overlap"": 3}]",completed,100,10,0
500,53,neural,2,",",denied,98,98,98,True,2,3,0,0,,98,"[{""word"": ""denied"", ""timed_overlap"": 2, ""column_overlap"": 3}, {""word"": ""might"", ""timed_overlap"": 2, ""column_overlap"": 2}, {""word"": ""Leslie"", ""timed_overlap"": 1, ""column_overlap"": 3}, {""word"": ""Inspiration"", ""timed_overlap"": 1, ""column_overlap"": 3}, {""word"": ""place"", ""timed_overlap"": 1, ""column_overlap"": 3}]",completed,99,99,0
500,53,neural,3,and,sisters,97,97,97,True,2,4,0,0,,128,"[{""word"": ""sisters"", ""timed_overlap"": 2, ""column_overlap"": 4}, {""word"": ""close"", ""timed_overlap"": 2, ""column_overlap"": 2}, {""word"": ""next"", ""timed_overlap"": 2, ""column_overlap"": 2}, {""word"": ""whither"", ""timed_overlap"": 2, ""column_overlap"": 2}, {""word"": ""until"", ""timed_overlap"": 1, ""column_overlap"": 4}]",completed,98,98,0
500,53,neural,4,torrents,lump,99,99,99,True,2,3,1,1,84,120,"[{""word"": ""lump"", ""timed_overlap"": 2, ""column_overlap"": 3}, {""word"": ""Laurie"", ""timed_overlap"": 2, ""column_overlap"": 2}, {""word"": ""whither"", ""timed_overlap"": 1, ""column_overlap"": 4}, {""word"": ""Gilbert"", ""timed_overlap"": 1, ""column_overlap"": 4}, {""word"": ""rat"", ""timed_overlap"": 1, ""column_overlap"": 4}]",completed,97,97,0
500,54,neural,1,",",Felicity,100,100,100,True,2,4,0,0,,139,"[{""word"": ""Felicity"", ""timed_overlap"": 2, ""column_overlap"": 4}, {""word"": ""Robert"", ""timed_overlap"": 2, ""column_overlap"": 3}, {""word"": ""terrified"", ""timed_overlap"": 2, ""column_overlap"": 3}, {""word"": ""withdrew"", ""timed_overlap"": 2, ""column_overlap"": 3}, {""word"": ""ruin"", ""timed_overlap"": 2, ""column_overlap"": 2}]",completed,82,10,0
500,54,neural,2,there,swears,99,99,99,True,2,3,0,0,,94,"[{""word"": ""swears"", ""timed_overlap"": 2, ""column_overlap"": 3}, {""word"": ""spur"", ""timed_overlap"": 2, ""column_overlap"": 2}, {""word"": ""Unc"", ""timed_overlap"": 2, ""column_overlap"": 2}, {""word"": ""sorry"", ""timed_overlap"": 2, ""column_overlap"": 2}, {""word"": ""salt"", ""timed_overlap"": 1, ""column_overlap"": 3}]",completed,100,100,0
500,54,neural,3,is,daughter,99,99,99,True,2,4,0,0,,103,"[{""word"": ""daughter"", ""timed_overlap"": 2, ""column_overlap"": 4}, {""word"": ""recalled"", ""timed_overlap"": 2, ""column_overlap"": 2}, {""word"": ""In"", ""timed_overlap"": 1, ""column_overlap"": 5}, {""word"": ""probably"", ""timed_overlap"": 1, ""column_overlap"": 4}, {""word"": ""pity"", ""timed_overlap"": 1, ""column_overlap"": 3}]",completed,99,99,0
500,54,neural,4,a,head,99,99,99,True,2,3,0,0,,113,"[{""word"": ""head"", ""timed_overlap"": 2, ""column_overlap"": 3}, {""word"": ""pricked"", ""timed_overlap"": 2, ""column_overlap"": 2}, {""word"": ""lived"", ""timed_overlap"": 2, ""column_overlap"": 2}, {""word"": ""one"", ""timed_overlap"": 2, ""column_overlap"": 2}, {""word"": ""gray"", ""timed_overlap"": 1, ""column_overlap"": 3}]",completed,99,99,0
500,55,neural,1,as,angel,93,93,93,True,2,3,0,0,,92,"[{""word"": ""angel"", ""timed_overlap"": 2, ""column_overlap"": 3}, {""word"": ""Truly"", ""timed_overlap"": 1, ""column_overlap"": 4}, {""word"": ""breakfast"", ""timed_overlap"": 1, ""column_overlap"": 3}, {""word"": ""pride"", ""timed_overlap"": 1, ""column_overlap"": 3}, {""word"": ""sweetens"", ""timed_overlap"": 1, ""column_overlap"": 3}]",completed,82,10,0
500,55,neural,2,thou,hive,97,97,97,True,2,3,0,0,,84,"[{""word"": ""hive"", ""timed_overlap"": 2, ""column_overlap"": 3}, {""word"": ""received"", ""timed_overlap"": 1, ""column_overlap"": 3}, {""word"": ""enchantress"", ""timed_overlap"": 1, ""column_overlap"": 3}, {""word"": ""pet"", ""timed_overlap"": 1, ""column_overlap"": 3}, {""word"": ""recalled"", ""timed_overlap"": 1, ""column_overlap"": 3}]",completed,93,93,0
500,55,neural,3,wilt,Quite,97,97,97,True,2,3,0,0,,123,"[{""word"": ""Quite"", ""timed_overlap"": 2, ""column_overlap"": 3}, {""word"": ""mean"", ""timed_overlap"": 2, ""column_overlap"": 3}, {""word"": ""underneath"", ""timed_overlap"": 2, ""column_overlap"": 2}, {""word"": ""Lung"", ""timed_overlap"": 2, ""column_overlap"": 2}, {""word"": ""On"", ""timed_overlap"": 1, ""column_overlap"": 3}]",completed,97,97,0
500,55,neural,4,",",am,99,99,99,True,2,3,1,2,20,112,"[{""word"": ""am"", ""timed_overlap"": 2, ""column_overlap"": 3}, {""word"": ""wand"", ""timed_overlap"": 2, ""column_overlap"": 3}, {""word"": ""holiday"", ""timed_overlap"": 2, ""column_overlap"": 2}, {""word"": ""jollier"", ""timed_overlap"": 2, ""column_overlap"": 2}, {""word"": ""order"", ""timed_overlap"": 1, ""column_overlap"": 4}]",completed,97,97,0
500,56,neural,1,a,cleverness,98,98,98,True,1,3,0,0,,79,"[{""word"": ""cleverness"", ""timed_overlap"": 1, ""column_overlap"": 3}, {""word"": ""cats"", ""timed_overlap"": 1, ""column_overlap"": 3}, {""word"": ""order"", ""timed_overlap"": 1, ""column_overlap"": 3}, {""word"": ""Twice"", ""timed_overlap"": 1, ""column_overlap"": 3}, {""word"": ""maiden"", ""timed_overlap"": 1, ""column_overlap"": 2}]",completed,82,10,0
500,56,neural,2,thing,Spirit,97,97,97,True,2,4,0,0,,69,"[{""word"": ""Spirit"", ""timed_overlap"": 2, ""column_overlap"": 4}, {""word"": ""whereon"", ""timed_overlap"": 2, ""column_overlap"": 2}, {""word"": ""frivolous"", ""timed_overlap"": 2, ""column_overlap"": 2}, {""word"": ""morning"", ""timed_overlap"": 1, ""column_overlap"": 3}, {""word"": ""Wendy"", ""timed_overlap"": 1, ""column_overlap"": 3}]",completed,98,98,0
500,56,neural,3,into,Everybody,97,97,97,True,2,2,0,0,,92,"[{""word"": ""Everybody"", ""timed_overlap"": 2, ""column_overlap"": 2}, {""word"": ""came"", ""timed_overlap"": 1, ""column_overlap"": 3}, {""word"": ""seems"", ""timed_overlap"": 1, ""column_overlap"": 3}, {""word"": ""Davis"", ""timed_overlap"": 1, ""column_overlap"": 3}, {""word"": ""cake"", ""timed_overlap"": 1, ""column_overlap"": 3}]",completed,97,97,0
500,56,neural,4,his,unexpected,100,100,100,True,2,3,0,0,,92,"[{""word"": ""unexpected"", ""timed_overlap"": 2, ""column_overlap"": 3}, {""word"": ""chair"", ""timed_overlap"": 2, ""column_overlap"": 3}, {""word"": ""DO"", ""timed_overlap"": 2, ""column_overlap"": 2}, {""word"": ""tickled"", ""timed_overlap"": 2, ""column_overlap"": 2}, {""word"": ""distance"", ""timed_overlap"": 2, ""column_overlap"": 2}]",completed,97,97,0
500,57,neural,1,have,hundred,100,100,100,True,2,3,0,0,,98,"[{""word"": ""hundred"", ""timed_overlap"": 2, ""column_overlap"": 3}, {""word"": ""the"", ""timed_overlap"": 2, ""column_overlap"": 2}, {""word"": ""be"", ""timed_overlap"": 2, ""column_overlap"": 2}, {""word"": ""did"", ""timed_overlap"": 2, ""column_overlap"": 2}, {""word"": ""Fellow"", ""timed_overlap"": 1, ""column_overlap"": 4}]",completed,64,10,0
500,57,neural,2,grown,In,100,100,100,True,2,2,0,0,,88,"[{""word"": ""In"", ""timed_overlap"": 2, ""column_overlap"": 2}, {""word"": ""belt"", ""timed_overlap"": 2, ""column_overlap"": 2}, {""word"": ""whither"", ""timed_overlap"": 2, ""column_overlap"": 2}, {""word"": ""setting"", ""timed_overlap"": 1, ""column_overlap"": 3}, {""word"": ""Isabel"", ""timed_overlap"": 1, ""column_overlap"": 3}]",completed,100,100,0
500,57,neural,3,very,eagerly,100,100,100,True,2,2,0,0,,102,"[{""word"": ""eagerly"", ""timed_overlap"": 2, ""column_overlap"": 2}, {""word"": ""Laurie"", ""timed_overlap"": 2, ""column_overlap"": 2}, {""word"": ""puzzling"", ""timed_overlap"": 2, ""column_overlap"": 2}, {""word"": ""ceased"", ""timed_overlap"": 2, ""column_overlap"": 2}, {""word"": ""felt"", ""timed_overlap"": 2, ""column_overlap"": 2}]",completed,100,100,0
500,57,neural,4,still,gathering,96,96,96,True,2,3,0,0,,88,"[{""word"": ""gathering"", ""timed_overlap"": 2, ""column_overlap"": 3}, {""word"": ""whither"", ""timed_overlap"": 2, ""column_overlap"": 2}, {""word"": ""calmly"", ""timed_overlap"": 1, ""column_overlap"": 2}, {""word"": ""nothing"", ""timed_overlap"": 1, ""column_overlap"": 2}, {""word"": ""wiped"", ""timed_overlap"": 1, ""column_overlap"": 2}]",completed,100,100,0
500,58,neural,1,for,Gray,100,100,100,True,2,3,1,2,19,111,"[{""word"": ""Gray"", ""timed_overlap"": 2, ""column_overlap"": 3}, {""word"": ""what"", ""timed_overlap"": 2, ""column_overlap"": 2}, {""word"": ""afternoon"", ""timed_overlap"": 2, ""column_overlap"": 2}, {""word"": ""course"", ""timed_overlap"": 2, ""column_overlap"": 2}, {""word"": ""remarked"", ""timed_overlap"": 1, ""column_overlap"": 4}]",completed,100,10,0
500,58,neural,2,him,snow,99,99,99,True,2,2,0,0,,62,"[{""word"": ""snow"", ""timed_overlap"": 2, ""column_overlap"": 2}, {""word"": ""thing"", ""timed_overlap"": 1, ""column_overlap"": 2}, {""word"": ""glanced"", ""timed_overlap"": 1, ""column_overlap"": 2}, {""word"": ""tired"", ""timed_overlap"": 1, ""column_overlap"": 2}, {""word"": ""uncoil"", ""timed_overlap"": 1, ""column_overlap"": 2}]",completed,100,100,0
500,58,neural,3,",",Fox,96,96,96,True,2,3,0,0,,84,"[{""word"": ""Fox"", ""timed_overlap"": 2, ""column_overlap"": 3}, {""word"": ""everlasting"", ""timed_overlap"": 2, ""column_overlap"": 2}, {""word"": ""Sultan"", ""timed_overlap"": 1, ""column_overlap"": 3}, {""word"": ""After"", ""timed_overlap"": 1, ""column_overlap"": 3}, {""word"": ""little"", ""timed_overlap"": 1, ""column_overlap"": 3}]",completed,99,99,0
500,58,neural,4,all,whole,97,97,97,True,1,3,0,0,,103,"[{""word"": ""whole"", ""timed_overlap"": 1, ""column_overlap"": 3}, {""word"": ""likes"", ""timed_overlap"": 1, ""column_overlap"": 3}, {""word"": ""Wind"", ""timed_overlap"": 1, ""column_overlap"": 2}, {""word"": ""image"", ""timed_overlap"": 1, ""column_overlap"": 2}, {""word"": ""brave"", ""timed_overlap"": 1, ""column_overlap"": 2}]",completed,96,96,0
500,59,neural,1,coming,returned,100,100,100,True,2,3,0,0,,134,"[{""word"": ""returned"", ""timed_overlap"": 2, ""column_overlap"": 3}, {""word"": ""David"", ""timed_overlap"": 2, ""column_overlap"": 2}, {""word"": ""now"", ""timed_overlap"": 2, ""column_overlap"": 2}, {""word"": ""all"", ""timed_overlap"": 2, ""column_overlap"": 2}, {""word"": ""skins"", ""timed_overlap"": 2, ""column_overlap"": 2}]",completed,73,10,0
500,59,neural,2,out,feet,97,97,97,True,2,3,0,0,,106,"[{""word"": ""feet"", ""timed_overlap"": 2, ""column_overlap"": 3}, {""word"": ""meddling"", ""timed_overlap"": 2, ""column_overlap"": 3}, {""word"": ""field"", ""timed_overlap"": 2, ""column_overlap"": 3}, {""word"": ""confidences"", ""timed_overlap"": 2, ""column_overlap"": 2}, {""word"": ""youth"", ""timed_overlap"": 1, ""column_overlap"": 4}]",completed,100,100,0
500,59,neural,3,now,teach,100,100,100,True,2,2,0,0,,127,"[{""word"": ""teach"", ""timed_overlap"": 2, ""column_overlap"": 2}, {""word"": ""visited"", ""timed_overlap"": 1, ""column_overlap"": 3}, {""word"": ""Unc"", ""timed_overlap"": 1, ""column_overlap"": 3}, {""word"": ""Meanwhile"", ""timed_overlap"": 1, ""column_overlap"": 3}, {""word"": ""Saturday"", ""timed_overlap"": 1, ""column_overlap"": 3}]",completed,97,97,0
500,59,neural,4,",",smile,97,97,97,True,2,2,0,0,,85,"[{""word"": ""smile"", ""timed_overlap"": 2, ""column_overlap"": 2}, {""word"": ""bait"", ""timed_overlap"": 1, ""column_overlap"": 3}, {""word"": ""Grange"", ""timed_overlap"": 1, ""column_overlap"": 2}, {""word"": ""really"", ""timed_overlap"": 1, ""column_overlap"": 2}, {""word"": ""Frank"", ""timed_overlap"": 1, ""column_overlap"": 2}]",completed,100,100,0
500,60,neural,1,plenty,However,100,100,100,True,2,3,0,0,,118,"[{""word"": ""However"", ""timed_overlap"": 2, ""column_overlap"": 3}, {""word"": ""Felicity"", ""timed_overlap"": 2, ""column_overlap"": 3}, {""word"": ""for"", ""timed_overlap"": 2, ""column_overlap"": 3}, {""word"": ""cake"", ""timed_overlap"": 2, ""column_overlap"": 2}, {""word"": ""beautiful"", ""timed_overlap"": 2, ""column_overlap"": 2}]",completed,100,10,0
500,60,neural,2,of,ask,99,99,99,True,2,3,0,0,,69,"[{""word"": ""ask"", ""timed_overlap"": 2, ""column_overlap"": 3}, {""word"": ""netting"", ""timed_overlap"": 2, ""column_overlap"": 2}, {""word"": ""stern-sheets"", ""timed_overlap"": 2, ""column_overlap"": 2}, {""word"": ""kind"", ""timed_overlap"": 2, ""column_overlap"": 2}, {""word"": ""intended"", ""timed_overlap"": 1, ""column_overlap"": 3}]",completed,100,100,0
500,60,neural,3,the,III,100,100,100,True,2,3,0,0,,86,"[{""word"": ""III"", ""timed_overlap"": 2, ""column_overlap"": 3}, {""word"": ""grotto"", ""timed_overlap"": 2, ""column_overlap"": 3}, {""word"": ""Square"", ""timed_overlap"": 2, ""column_overlap"": 2}, {""word"": ""doubly"", ""timed_overlap"": 1, ""column_overlap"": 3}, {""word"": ""Parsee"", ""timed_overlap"": 1, ""column_overlap"": 2}]",completed,99,99,0
500,60,neural,4,kind,PERCINET,97,97,97,True,2,3,0,0,,94,"[{""word"": ""PERCINET"", ""timed_overlap"": 2, ""column_overlap"": 3}, {""word"": ""flew"", ""timed_overlap"": 2, ""column_overlap"": 3}, {""word"": ""room"", ""timed_overlap"": 2, ""column_overlap"": 3}, {""word"": ""planned"", ""timed_overlap"": 2, ""column_overlap"": 2}, {""word"": ""from"", ""timed_overlap"": 2, ""column_overlap"": 2}]",completed,100,100,0
500,61,neural,1,her,To,100,100,100,True,2,3,0,0,,137,"[{""word"": ""To"", ""timed_overlap"": 2, ""column_overlap"": 3}, {""word"": ""Jo"", ""timed_overlap"": 2, ""column_overlap"": 3}, {""word"": ""deny"", ""timed_overlap"": 2, ""column_overlap"": 3}, {""word"": ""Joe"", ""timed_overlap"": 2, ""column_overlap"": 2}, {""word"": ""suddenly"", ""timed_overlap"": 2, ""column_overlap"": 2}]",completed,91,10,0
500,61,neural,2,long,enchanted,100,100,100,True,2,4,0,0,,82,"[{""word"": ""enchanted"", ""timed_overlap"": 2, ""column_overlap"": 4}, {""word"": ""tired"", ""timed_overlap"": 2, ""column_overlap"": 3}, {""word"": ""glanced"", ""timed_overlap"": 2, ""column_overlap"": 2}, {""word"": ""volume"", ""timed_overlap"": 1, ""column_overlap"": 3}, {""word"": ""month"", ""timed_overlap"": 1, ""column_overlap"": 3}]",completed,100,100,0
500,61,neural,3,",",Dacca,97,97,97,True,2,2,0,0,,105,"[{""word"": ""Dacca"", ""timed_overlap"": 2, ""column_overlap"": 2}, {""word"": ""till"", ""timed_overlap"": 1, ""column_overlap"": 4}, {""word"": ""birthday"", ""timed_overlap"": 1, ""column_overlap"": 4}, {""word"": ""speak"", ""timed_overlap"": 1, ""column_overlap"": 4}, {""word"": ""particular"", ""timed_overlap"": 1, ""column_overlap"": 4}]",completed,100,100,0
500,61,neural,4,and,Instead,97,97,97,True,2,2,0,0,,94,"[{""word"": ""Instead"", ""timed_overlap"": 2, ""column_overlap"": 2}, {""word"": ""recommended"", ""timed_overlap"": 2, ""column_overlap"": 2}, {""word"": ""frog"", ""timed_overlap"": 1, ""column_overlap"": 4}, {""word"": ""Jumping"", ""timed_overlap"": 1, ""column_overlap"": 4}, {""word"": ""stranger"", ""timed_overlap"": 1, ""column_overlap"": 3}]",completed,97,97,0
500,62,neural,1,now,JAY,99,99,99,True,2,2,0,0,,114,"[{""word"": ""JAY"", ""timed_overlap"": 2, ""column_overlap"": 2}, {""word"": ""upon"", ""timed_overlap"": 1, ""column_overlap"": 3}, {""word"": ""taste"", ""timed_overlap"": 1, ""column_overlap"": 3}, {""word"": ""Priscilla"", ""timed_overlap"": 1, ""column_overlap"": 3}, {""word"": ""These"", ""timed_overlap"": 1, ""column_overlap"": 3}]",completed,91,10,0
500,62,neural,2,;,while,99,99,99,True,2,3,0,0,,119,"[{""word"": ""while"", ""timed_overlap"": 2, ""column_overlap"": 3}, {""word"": ""Susan"", ""timed_overlap"": 2, ""column_overlap"": 3}, {""word"": ""bad"", ""timed_overlap"": 2, ""column_overlap"": 2}, {""word"": ""mind"", ""timed_overlap"": 2, ""column_overlap"": 2}, {""word"": ""dares"", ""timed_overlap"": 2, ""column_overlap"": 2}]",completed,99,99,0
500,62,neural,3,'',no,98,98,98,True,2,3,0,0,,101,"[{""word"": ""no"", ""timed_overlap"": 2, ""column_overlap"": 3}, {""word"": ""week"", ""timed_overlap"": 2, ""column_overlap"": 2}, {""word"": ""grasshoppers"", ""timed_overlap"": 1, ""column_overlap"": 3}, {""word"": ""in"", ""timed_overlap"": 1, ""column_overlap"": 3}, {""word"": ""suppose"", ""timed_overlap"": 1, ""column_overlap"": 3}]",completed,99,99,0
500,62,neural,4,and,more,98,98,98,True,2,3,1,1,75,122,"[{""word"": ""more"", ""timed_overlap"": 2, ""column_overlap"": 3}, {""word"": ""sable"", ""timed_overlap"": 2, ""column_overlap"": 3}, {""word"": ""Sodnos"", ""timed_overlap"": 2, ""column_overlap"": 3}, {""word"": ""herself"", ""timed_overlap"": 2, ""column_overlap"": 2}, {""word"": ""III"", ""timed_overlap"": 2, ""column_overlap"": 2}]",completed,98,98,0
500,63,neural,1,a,a,100,100,100,True,3,3,3,3,1,85,"[{""word"": ""a"", ""timed_overlap"": 3, ""column_overlap"": 3}, {""word"": ""sweetens"", ""timed_overlap"": 2, ""column_overlap"": 3}, {""word"": ""Hippocrates"", ""timed_overlap"": 2, ""column_overlap"": 2}, {""word"": ""gallant"", ""timed_overlap"": 1, ""column_overlap"": 3}, {""word"": ""He"", ""timed_overlap"": 1, ""column_overlap"": 3}]",completed,73,10,0
500,63,neural,2,great,Thorny,100,100,100,True,2,2,0,0,,82,"[{""word"": ""Thorny"", ""timed_overlap"": 2, ""column_overlap"": 2}, {""word"": ""frog"", ""timed_overlap"": 1, ""column_overlap"": 4}, {""word"": ""Each"", ""timed_overlap"": 1, ""column_overlap"": 3}, {""word"": ""pink"", ""timed_overlap"": 1, ""column_overlap"": 3}, {""word"": ""hopelessly"", ""timed_overlap"": 1, ""column_overlap"": 3}]",completed,100,100,0
500,63,neural,3,pile,men,99,99,99,True,2,2,0,0,,115,"[{""word"": ""men"", ""timed_overlap"": 2, ""column_overlap"": 2}, {""word"": ""make"", ""timed_overlap"": 1, ""column_overlap"": 5}, {""word"": ""deny"", ""timed_overlap"": 1, ""column_overlap"": 4}, {""word"": ""netting"", ""timed_overlap"": 1, ""column_overlap"": 3}, {""word"": ""am"", ""timed_overlap"": 1, ""column_overlap"": 3}]",completed,100,100,0
500,63,neural,4,of,mud,98,98,98,True,2,3,0,0,,109,"[{""word"": ""mud"", ""timed_overlap"": 2, ""column_overlap"": 3}, {""word"": ""humanity"", ""timed_overlap"": 2, ""column_overlap"": 2}, {""word"": ""feel"", ""timed_overlap"": 1, ""column_overlap"": 4}, {""word"": ""rock"", ""timed_overlap"": 1, ""column_overlap"": 3}, {""word"": ""Saturday"", ""timed_overlap"": 1, ""column_overlap"": 3}]",completed,99,99,0
500,64,neural,1,were,felt,95,95,95,True,2,4,0,0,,142,"[{""word"": ""felt"", ""timed_overlap"": 2, ""column_overlap"": 4}, {""word"": ""Taffy"", ""timed_overlap"": 2, ""column_overlap"": 4}, {""word"": ""peck"", ""timed_overlap"": 2, ""column_overlap"": 4}, {""word"": ""late"", ""timed_overlap"": 2, ""column_overlap"": 3}, {""word"": ""seemed"", ""timed_overlap"": 2, ""column_overlap"": 3}]",completed,73,10,0
500,64,neural,2,full,deny,100,100,100,True,3,3,1,3,6,118,"[{""word"": ""deny"", ""timed_overlap"": 3, ""column_overlap"": 3}, {""word"": ""around"", ""timed_overlap"": 2, ""column_overlap"": 3}, {""word"": ""most"", ""timed_overlap"": 2, ""column_overlap"": 2}, {""word"": ""length"", ""timed_overlap"": 1, ""column_overlap"": 3}, {""word"": ""!"", ""timed_overlap"": 1, ""column_overlap"": 3}]",completed,95,95,0
500,64,neural,3,of,shy,100,100,100,True,2,3,0,0,,66,"[{""word"": ""shy"", ""timed_overlap"": 2, ""column_overlap"": 3}, {""word"": ""unto"", ""timed_overlap"": 1, ""column_overlap"": 4}, {""word"": ""fire"", ""timed_overlap"": 1, ""column_overlap"": 3}, {""word"": ""peck"", ""timed_overlap"": 1, ""column_overlap"": 3}, {""word"": ""queer"", ""timed_overlap"": 1, ""column_overlap"": 3}]",completed,100,100,0
500,64,neural,4,amused,calmly,97,97,97,True,2,3,1,2,51,120,"[{""word"": ""calmly"", ""timed_overlap"": 2, ""column_overlap"": 3}, {""word"": ""recovered"", ""timed_overlap"": 2, ""column_overlap"": 2}, {""word"": ""suppose"", ""timed_overlap"": 1, ""column_overlap"": 4}, {""word"": ""eat"", ""timed_overlap"": 1, ""column_overlap"": 3}, {""word"": ""Williamson"", ""timed_overlap"": 1, ""column_overlap"": 3}]",completed,100,100,0
500,65,neural,1,Clow,alarm,98,98,98,True,2,3,1,2,28,104,"[{""word"": ""alarm"", ""timed_overlap"": 2, ""column_overlap"": 3}, {""word"": ""Presently"", ""timed_overlap"": 2, ""column_overlap"": 3}, {""word"": ""Scrooge"", ""timed_overlap"": 1, ""column_overlap"": 3}, {""word"": ""tree"", ""timed_overlap"": 1, ""column_overlap"": 3}, {""word"": ""carefully"", ""timed_overlap"": 1, ""column_overlap"": 3}]",completed,82,10,0
500,65,neural,2,and,Lawful,98,98,98,True,2,3,0,0,,77,"[{""word"": ""Lawful"", ""timed_overlap"": 2, ""column_overlap"": 3}, {""word"": ""nodding"", ""timed_overlap"": 1, ""column_overlap"": 2}, {""word"": ""likely"", ""timed_overlap"": 1, ""column_overlap"": 2}, {""word"": ""At"", ""timed_overlap"": 1, ""column_overlap"": 2}, {""word"": ""faithfully"", ""timed_overlap"": 1, ""column_overlap"": 2}]",completed,98,98,0
500,65,neural,3,his,tittered,97,97,97,True,2,2,0,0,,127,"[{""word"": ""tittered"", ""timed_overlap"": 2, ""column_overlap"": 2}, {""word"": ""frog"", ""timed_overlap"": 2, ""column_overlap"": 2}, {""word"": ""lifted"", ""timed_overlap"": 2, ""column_overlap"": 2}, {""word"": ""gray"", ""timed_overlap"": 2, ""column_overlap"": 2}, {""word"": ""eat"", ""timed_overlap"": 1, ""column_overlap"": 4}]",completed,98,98,0
500,65,neural,4,wife,disagreeable,98,98,98,True,2,3,0,0,,113,"[{""word"": ""disagreeable"", ""timed_overlap"": 2, ""column_overlap"": 3}, {""word"": ""blue"", ""timed_overlap"": 1, ""column_overlap"": 4}, {""word"": ""fact"", ""timed_overlap"": 1, ""column_overlap"": 4}, {""word"": ""applause"", ""timed_overlap"": 1, ""column_overlap"": 3}, {""word"": ""dragging"", ""timed_overlap"": 1, ""column_overlap"": 3}]",completed,97,97,0
500,66,neural,1,good,they,100,100,100,True,2,3,0,0,,97,"[{""word"": ""they"", ""timed_overlap"": 2, ""column_overlap"": 3}, {""word"": ""doubly"", ""timed_overlap"": 2, ""column_overlap"": 2}, {""word"": ""Robert"", ""timed_overlap"": 2, ""column_overlap"": 2}, {""word"": ""tell"", ""timed_overlap"": 1, ""column_overlap"": 3}, {""word"": ""turns"", ""timed_overlap"": 1, ""column_overlap"": 3}]",completed,100,10,0
500,66,neural,2,",",sign,98,98,98,True,2,3,0,0,,99,"[{""word"": ""sign"", ""timed_overlap"": 2, ""column_overlap"": 3}, {""word"": ""times"", ""timed_overlap"": 2, ""column_overlap"": 2}, {""word"": ""axe"", ""timed_overlap"": 2, ""column_overlap"": 2}, {""word"": ""wore"", ""timed_overlap"": 2, ""column_overlap"": 2}, {""word"": ""HAS"", ""timed_overlap"": 1, ""column_overlap"": 3}]",completed,100,100,0
500,66,neural,3,it,snow,100,100,100,True,2,4,0,0,,92,"[{""word"": ""snow"", ""timed_overlap"": 2, ""column_overlap"": 4}, {""word"": ""Carmody"", ""timed_overlap"": 2, ""column_overlap"": 2}, {""word"": ""herring"", ""timed_overlap"": 1, ""column_overlap"": 3}, {""word"": ""willow"", ""timed_overlap"": 1, ""column_overlap"": 3}, {""word"": ""Daisy"", ""timed_overlap"": 1, ""column_overlap"": 3}]",completed,98,98,0
500,66,neural,4,'s,solemnly,100,100,100,True,2,3,0,0,,64,"[{""word"": ""solemnly"", ""timed_overlap"": 2, ""column_overlap"": 3}, {""word"": ""Wind"", ""timed_overlap"": 2, ""column_overlap"": 2}, {""word"": ""Peerless"", ""timed_overlap"": 1, ""column_overlap"": 3}, {""word"": ""While"", ""timed_overlap"": 1, ""column_overlap"": 3}, {""word"": ""whither"", ""timed_overlap"": 1, ""column_overlap"": 2}]",completed,100,100,0
500,67,neural,1,feet,Williamson,99,99,99,True,2,3,0,0,,107,"[{""word"": ""Williamson"", ""timed_overlap"": 2, ""column_overlap"": 3}, {""word"": ""hands"", ""timed_overlap"": 2, ""column_overlap"": 2}, {""word"": ""gathering"", ""timed_overlap"": 1, ""column_overlap"": 3}, {""word"": ""everlasting"", ""timed_overlap"": 1, ""column_overlap"": 3}, {""word"": ""Pekoe"", ""timed_overlap"": 1, ""column_overlap"": 3}]",completed,91,10,0
500,67,neural,2,and,sort,100,100,100,True,2,2,0,0,,67,"[{""word"": ""sort"", ""timed_overlap"": 2, ""column_overlap"": 2}, {""word"": ""bait"", ""timed_overlap"": 2, ""column_overlap"": 2}, {""word"": ""exactly"", ""timed_overlap"": 1, ""column_overlap"": 4}, {""word"": ""probably"", ""timed_overlap"": 1, ""column_overlap"": 3}, {""word"": ""deal"", ""timed_overlap"": 1, ""column_overlap"": 3}]",completed,99,99,0
500,67,neural,3,then,says,100,100,100,True,2,2,0,0,,88,"[{""word"": ""says"", ""timed_overlap"": 2, ""column_overlap"": 2}, {""word"": ""him"", ""timed_overlap"": 2, ""column_overlap"": 2}, {""word"": ""Daisy"", ""timed_overlap"": 2, ""column_overlap"": 2}, {""word"": ""bronze"", ""timed_overlap"": 2, ""column_overlap"": 2}, {""word"": ""church"", ""timed_overlap"": 2, ""column_overlap"": 2}]",completed,100,100,0
500,67,neural,4,shook,broadest,94,94,94,True,2,3,0,0,,78,"[{""word"": ""broadest"", ""timed_overlap"": 2, ""column_overlap"": 3}, {""word"": ""long"", ""timed_overlap"": 2, ""column_overlap"": 3}, {""word"": ""grotto"", ""timed_overlap"": 2, ""column_overlap"": 2}, {""word"": ""lord"", ""timed_overlap"": 1, ""column_overlap"": 3}, {""word"": ""artistic"", ""timed_overlap"": 1, ""column_overlap"": 3}]",completed,100,100,0
500,68,neural,1,eaten,Marcella,98,98,98,True,3,5,0,0,,106,"[{""word"": ""Marcella"", ""timed_overlap"": 3, ""column_overlap"": 5}, {""word"": ""ones"", ""timed_overlap"": 2, ""column_overlap"": 3}, {""word"": ""exclaimed"", ""timed_overlap"": 2, ""column_overlap"": 3}, {""word"": ""Sometimes"", ""timed_overlap"": 2, ""column_overlap"": 3}, {""word"": ""been"", ""timed_overlap"": 2, ""column_overlap"": 2}]",completed,82,10,0
500,68,neural,2,and,snowshoeing,100,100,100,True,2,5,0,0,,78,"[{""word"": ""snowshoeing"", ""timed_overlap"": 2, ""column_overlap"": 5}, {""word"": ""``"", ""timed_overlap"": 2, ""column_overlap"": 3}, {""word"": ""an"", ""timed_overlap"": 2, ""column_overlap"": 3}, {""word"": ""agreement"", ""timed_overlap"": 2, ""column_overlap"": 2}, {""word"": ""admitted"", ""timed_overlap"": 2, ""column_overlap"": 2}]",completed,98,98,0
500,68,neural,3,drunk,Eric,98,98,98,True,2,2,0,0,,72,"[{""word"": ""Eric"", ""timed_overlap"": 2, ""column_overlap"": 2}, {""word"": ""Miss"", ""timed_overlap"": 1, ""column_overlap"": 2}, {""word"": ""netting"", ""timed_overlap"": 1, ""column_overlap"": 2}, {""word"": ""heard"", ""timed_overlap"": 1, ""column_overlap"": 2}, {""word"": ""try"", ""timed_overlap"": 1, ""column_overlap"": 2}]",completed,100,100,0
500,68,neural,4,",",disagreeable,99,99,99,True,2,3,0,0,,115,"[{""word"": ""disagreeable"", ""timed_overlap"": 2, ""column_overlap"": 3}, {""word"": ""nicer"", ""timed_overlap"": 2, ""column_overlap"": 3}, {""word"": ""to-morrow"", ""timed_overlap"": 2, ""column_overlap"": 2}, {""word"": ""gallant"", ""timed_overlap"": 2, ""column_overlap"": 2}, {""word"": ""Take"", ""timed_overlap"": 2, ""column_overlap"": 2}]",completed,98,98,0
500,69,neural,1,snow,tents,98,98,98,True,2,3,0,0,,110,"[{""word"": ""tents"", ""timed_overlap"": 2, ""column_overlap"": 3}, {""word"": ""belt"", ""timed_overlap"": 2, ""column_overlap"": 2}, {""word"": ""bared"", ""timed_overlap"": 2, ""column_overlap"": 2}, {""word"": ""Abel"", ""timed_overlap"": 2, ""column_overlap"": 2}, {""word"": ""BEN"", ""timed_overlap"": 2, ""column_overlap"": 2}]",completed,100,10,0
500,69,neural,2,",",They,100,100,100,True,2,2,0,0,,77,"[{""word"": ""They"", ""timed_overlap"": 2, ""column_overlap"": 2}, {""word"": ""Aunt"", ""timed_overlap"": 1, ""column_overlap"": 3}, {""word"": ""dropped"", ""timed_overlap"": 1, ""column_overlap"": 3}, {""word"": ""who"", ""timed_overlap"": 1, ""column_overlap"": 3}, {""word"": ""four"", ""timed_overlap"": 1, ""column_overlap"": 2}]",completed,98,98,0
500,69,neural,3,is,twitch,99,99,99,True,2,3,0,0,,111,"[{""word"": ""twitch"", ""timed_overlap"": 2, ""column_overlap"": 3}, {""word"": ""All"", ""timed_overlap"": 2, ""column_overlap"": 3}, {""word"": ""river"", ""timed_overlap"": 2, ""column_overlap"": 2}, {""word"": ""'em"", ""timed_overlap"": 2, ""column_overlap"": 2}, {""word"": ""COMES"", ""timed_overlap"": 2, ""column_overlap"": 2}]",completed,100,100,0
500,69,neural,4,bearing,artistic,97,97,97,True,2,4,0,0,,130,"[{""word"": ""artistic"", ""timed_overlap"": 2, ""column_overlap"": 4}, {""word"": ""gradual"", ""timed_overlap"": 2, ""column_overlap"": 3}, {""word"": ""somehow"", ""timed_overlap"": 2, ""column_overlap"": 3}, {""word"": ""exactly"", ""timed_overlap"": 2, ""column_overlap"": 2}, {""word"": ""pictures"", ""timed_overlap"": 2, ""column_overlap"": 2}]",completed,99,99,0
500,70,neural,1,found,Skunk,100,100,100,True,2,3,0,0,,87,"[{""word"": ""Skunk"", ""timed_overlap"": 2, ""column_overlap"": 3}, {""word"": ""teach"", ""timed_overlap"": 2, ""column_overlap"": 2}, {""word"": ""Thereupon"", ""timed_overlap"": 1, ""column_overlap"": 3}, {""word"": ""having"", ""timed_overlap"": 1, ""column_overlap"": 3}, {""word"": ""wand"", ""timed_overlap"": 1, ""column_overlap"": 3}]",completed,91,10,0
500,70,neural,2,Reddy,neither,99,99,99,True,2,2,1,1,65,68,"[{""word"": ""neither"", ""timed_overlap"": 2, ""column_overlap"": 2}, {""word"": ""enough"", ""timed_overlap"": 2, ""column_overlap"": 2}, {""word"": ""sensible"", ""timed_overlap"": 2, ""column_overlap"": 2}, {""word"": ""going"", ""timed_overlap"": 1, ""column_overlap"": 2}, {""word"": ""look"", ""timed_overlap"": 1, ""column_overlap"": 2}]",completed,100,100,0
500,70,neural,3,'s,such,97,97,97,True,2,3,0,0,,117,"[{""word"": ""such"", ""timed_overlap"": 2, ""column_overlap"": 3}, {""word"": ""remembering"", ""timed_overlap"": 2, ""column_overlap"": 3}, {""word"": ""furious"", ""timed_overlap"": 1, ""column_overlap"": 4}, {""word"": ""tremble"", ""timed_overlap"": 1, ""column_overlap"": 3}, {""word"": ""forget"", ""timed_overlap"": 1, ""column_overlap"": 3}]",completed,99,99,0
500,70,neural,4,tracks,It,97,97,97,True,1,3,0,0,,90,"[{""word"": ""It"", ""timed_overlap"": 1, ""column_overlap"": 3}, {""word"": ""dragon"", ""timed_overlap"": 1, ""column_overlap"": 2}, {""word"": ""though"", ""timed_overlap"": 1, ""column_overlap"": 2}, {""word"": ""told"", ""timed_overlap"": 1, ""column_overlap"": 2}, {""word"": ""O"", ""timed_overlap"": 1, ""column_overlap"": 2}]",completed,97,97,0
500,71,neural,1,",",his,100,100,100,True,2,2,0,0,,112,"[{""word"": ""his"", ""timed_overlap"": 2, ""column_overlap"": 2}, {""word"": ""'d"", ""timed_overlap"": 2, ""column_overlap"": 2}, {""word"": ""tree"", ""timed_overlap"": 1, ""column_overlap"": 4}, {""word"": ""weigh"", ""timed_overlap"": 1, ""column_overlap"": 3}, {""word"": ""SAMMY"", ""timed_overlap"": 1, ""column_overlap"": 3}]",completed,100,10,0
500,71,neural,2,`,worse,99,99,99,True,2,2,0,0,,104,"[{""word"": ""worse"", ""timed_overlap"": 2, ""column_overlap"": 2}, {""word"": ""wheeled"", ""timed_overlap"": 2, ""column_overlap"": 2}, {""word"": ""says"", ""timed_overlap"": 1, ""column_overlap"": 3}, {""word"": ""garret"", ""timed_overlap"": 1, ""column_overlap"": 3}, {""word"": ""pricked"", ""timed_overlap"": 1, ""column_overlap"": 3}]",completed,100,100,0
500,71,neural,3,if,;,99,99,99,True,2,3,0,0,,82,"[{""word"": "";"", ""timed_overlap"": 2, ""column_overlap"": 3}, {""word"": ""mutinously"", ""timed_overlap"": 2, ""column_overlap"": 2}, {""word"": ""tore"", ""timed_overlap"": 2, ""column_overlap"": 2}, {""word"": ""Fox"", ""timed_overlap"": 1, ""column_overlap"": 3}, {""word"": ""snow"", ""timed_overlap"": 1, ""column_overlap"": 3}]",completed,99,99,0
500,71,neural,4,you,heard,100,100,100,True,2,3,0,0,,84,"[{""word"": ""heard"", ""timed_overlap"": 2, ""column_overlap"": 3}, {""word"": ""You"", ""timed_overlap"": 2, ""column_overlap"": 2}, {""word"": ""clothes"", ""timed_overlap"": 2, ""column_overlap"": 2}, {""word"": ""Jack"", ""timed_overlap"": 1, ""column_overlap"": 3}, {""word"": ""even"", ""timed_overlap"": 1, ""column_overlap"": 3}]",completed,99,99,0
500,72,neural,1,when,queen,100,100,100,True,2,3,2,2,4,96,"[{""word"": ""queen"", ""timed_overlap"": 2, ""column_overlap"": 3}, {""word"": ""birds"", ""timed_overlap"": 2, ""column_overlap"": 3}, {""word"": ""post"", ""timed_overlap"": 2, ""column_overlap"": 2}, {""word"": ""when"", ""timed_overlap"": 2, ""column_overlap"": 2}, {""word"": ""with"", ""timed_overlap"": 2, ""column_overlap"": 2}]",completed,82,10,0
500,72,neural,2,he,unexpected,100,100,100,True,1,3,0,0,,50,"[{""word"": ""unexpected"", ""timed_overlap"": 1, ""column_overlap"": 3}, {""word"": ""Meredith"", ""timed_overlap"": 1, ""column_overlap"": 2}, {""word"": ""hours"", ""timed_overlap"": 1, ""column_overlap"": 2}, {""word"": ""particular"", ""timed_overlap"": 1, ""column_overlap"": 2}, {""word"": ""Una"", ""timed_overlap"": 1, ""column_overlap"": 2}]",completed,100,100,0
500,72,neural,3,caught,whenever,98,98,98,True,2,2,0,0,,83,"[{""word"": ""whenever"", ""timed_overlap"": 2, ""column_overlap"": 2}, {""word"": ""Play"", ""timed_overlap"": 1, ""column_overlap"": 3}, {""word"": ""studied"", ""timed_overlap"": 1, ""column_overlap"": 3}, {""word"": ""eat"", ""timed_overlap"": 1, ""column_overlap"": 3}, {""word"": ""On"", ""timed_overlap"": 1, ""column_overlap"": 3}]",completed,100,100,0
500,72,neural,4,my,concluded,96,96,96,True,2,3,0,0,,105,"[{""word"": ""concluded"", ""timed_overlap"": 2, ""column_overlap"": 3}, {""word"": ""pen"", ""timed_overlap"": 2, ""column_overlap"": 2}, {""word"": ""tittered"", ""timed_overlap"": 2, ""column_overlap"": 2}, {""word"": ""writ"", ""timed_overlap"": 2, ""column_overlap"": 2}, {""word"": ""unexpected"", ""timed_overlap"": 1, ""column_overlap"": 3}]",completed,98,98,0
500,73,neural,1,only,they,100,100,100,True,2,3,0,0,,97,"[{""word"": ""they"", ""timed_overlap"": 2, ""column_overlap"": 3}, {""word"": ""Robert"", ""timed_overlap"": 2, ""column_overlap"": 2}, {""word"": ""doubly"", ""timed_overlap"": 2, ""column_overlap"": 2}, {""word"": ""tell"", ""timed_overlap"": 1, ""column_overlap"": 3}, {""word"": ""She"", ""timed_overlap"": 1, ""column_overlap"": 3}]",completed,100,10,0
500,73,neural,2,pardon,sign,98,98,98,True,2,3,0,0,,99,"[{""word"": ""sign"", ""timed_overlap"": 2, ""column_overlap"": 3}, {""word"": ""axe"", ""timed_overlap"": 2, ""column_overlap"": 2}, {""word"": ""times"", ""timed_overlap"": 2, ""column_overlap"": 2}, {""word"": ""wore"", ""timed_overlap"": 2, ""column_overlap"": 2}, {""word"": ""studied"", ""timed_overlap"": 1, ""column_overlap"": 3}]",completed,100,100,0
500,73,neural,3,you,snow,100,100,100,True,2,4,0,0,,92,"[{""word"": ""snow"", ""timed_overlap"": 2, ""column_overlap"": 4}, {""word"": ""Carmody"", ""timed_overlap"": 2, ""column_overlap"": 2}, {""word"": ""Daisy"", ""timed_overlap"": 1, ""column_overlap"": 3}, {""word"": ""willow"", ""timed_overlap"": 1, ""column_overlap"": 3}, {""word"": ""herring"", ""timed_overlap"": 1, ""column_overlap"": 3}]",completed,98,98,0
500,73,neural,4,all,solemnly,100,100,100,True,2,3,0,0,,64,"[{""word"": ""solemnly"", ""timed_overlap"": 2, ""column_overlap"": 3}, {""word"": ""Wind"", ""timed_overlap"": 2, ""column_overlap"": 2}, {""word"": ""While"", ""timed_overlap"": 1, ""column_overlap"": 3}, {""word"": ""Peerless"", ""timed_overlap"": 1, ""column_overlap"": 3}, {""word"": ""took"", ""timed_overlap"": 1, ""column_overlap"": 2}]",completed,100,100,0
500,74,neural,1,sensible,others,100,100,100,True,2,4,0,0,,113,"[{""word"": ""others"", ""timed_overlap"": 2, ""column_overlap"": 4}, {""word"": ""sisters"", ""timed_overlap"": 2, ""column_overlap"": 2}, {""word"": ""very"", ""timed_overlap"": 2, ""column_overlap"": 2}, {""word"": ""canvas"", ""timed_overlap"": 2, ""column_overlap"": 2}, {""word"": ""wish"", ""timed_overlap"": 2, ""column_overlap"": 2}]",completed,91,10,0
500,74,neural,2,girl,Billy,98,98,98,True,2,3,0,0,,96,"[{""word"": ""Billy"", ""timed_overlap"": 2, ""column_overlap"": 3}, {""word"": ""lifted"", ""timed_overlap"": 2, ""column_overlap"": 3}, {""word"": ""Truly"", ""timed_overlap"": 2, ""column_overlap"": 2}, {""word"": ""accounts"", ""timed_overlap"": 2, ""column_overlap"": 2}, {""word"": ""Please"", ""timed_overlap"": 1, ""column_overlap"": 4}]",completed,100,100,0
500,74,neural,3,",",lot,100,100,100,True,2,3,0,0,,119,"[{""word"": ""lot"", ""timed_overlap"": 2, ""column_overlap"": 3}, {""word"": ""III"", ""timed_overlap"": 2, ""column_overlap"": 2}, {""word"": ""UNC"", ""timed_overlap"": 1, ""column_overlap"": 3}, {""word"": ""Schmidt"", ""timed_overlap"": 1, ""column_overlap"": 3}, {""word"": ""Nobody"", ""timed_overlap"": 1, ""column_overlap"": 3}]",completed,98,98,0
500,74,neural,4,'',dark,100,100,100,True,2,3,0,0,,112,"[{""word"": ""dark"", ""timed_overlap"": 2, ""column_overlap"": 3}, {""word"": ""Oh"", ""timed_overlap"": 2, ""column_overlap"": 3}, {""word"": ""garret"", ""timed_overlap"": 2, ""column_overlap"": 3}, {""word"": ""tailing"", ""timed_overlap"": 2, ""column_overlap"": 2}, {""word"": ""wheeled"", ""timed_overlap"": 2, ""column_overlap"": 2}]",completed,100,100,0
500,75,neural,1,finish,be,100,100,100,True,2,4,1,1,68,112,"[{""word"": ""be"", ""timed_overlap"": 2, ""column_overlap"": 4}, {""word"": ""mud"", ""timed_overlap"": 2, ""column_overlap"": 2}, {""word"": ""things"", ""timed_overlap"": 2, ""column_overlap"": 2}, {""word"": ""There"", ""timed_overlap"": 2, ""column_overlap"": 2}, {""word"": ""Fellow"", ""timed_overlap"": 1, ""column_overlap"": 4}]",completed,73,10,0
500,75,neural,2,my,upon,100,100,100,True,2,2,0,0,,78,"[{""word"": ""upon"", ""timed_overlap"": 2, ""column_overlap"": 2}, {""word"": ""imps"", ""timed_overlap"": 2, ""column_overlap"": 2}, {""word"": ""lay"", ""timed_overlap"": 2, ""column_overlap"": 2}, {""word"": ""has"", ""timed_overlap"": 1, ""column_overlap"": 3}, {""word"": ""denied"", ""timed_overlap"": 1, ""column_overlap"": 3}]",completed,100,100,0
500,75,neural,3,Arts,snowshoeing,99,99,99,True,2,2,1,1,67,85,"[{""word"": ""snowshoeing"", ""timed_overlap"": 2, ""column_overlap"": 2}, {""word"": ""mercy"", ""timed_overlap"": 2, ""column_overlap"": 2}, {""word"": ""neither"", ""timed_overlap"": 1, ""column_overlap"": 3}, {""word"": ""whole"", ""timed_overlap"": 1, ""column_overlap"": 2}, {""word"": ""spur"", ""timed_overlap"": 1, ""column_overlap"": 2}]",completed,100,100,0
500,75,neural,4,course,as,98,98,98,True,2,2,0,0,,81,"[{""word"": ""as"", ""timed_overlap"": 2, ""column_overlap"": 2}, {""word"": ""kiss"", ""timed_overlap"": 2, ""column_overlap"": 2}, {""word"": ""Hannah"", ""timed_overlap"": 1, ""column_overlap"": 3}, {""word"": ""tittered"", ""timed_overlap"": 1, ""column_overlap"": 3}, {""word"": ""received"", ""timed_overlap"": 1, ""column_overlap"": 3}]",completed,99,99,0
500,76,neural,1,",",Now,99,99,99,True,2,3,0,0,,86,"[{""word"": ""Now"", ""timed_overlap"": 2, ""column_overlap"": 3}, {""word"": ""closing"", ""timed_overlap"": 2, ""column_overlap"": 2}, {""word"": ""other"", ""timed_overlap"": 2, ""column_overlap"": 2}, {""word"": ""pricked"", ""timed_overlap"": 1, ""column_overlap"": 4}, {""word"": ""sweetens"", ""timed_overlap"": 1, ""column_overlap"": 3}]",completed,91,10,0
500,76,neural,2,',rest,99,99,99,True,2,2,0,0,,62,"[{""word"": ""rest"", ""timed_overlap"": 2, ""column_overlap"": 2}, {""word"": ""scene"", ""timed_overlap"": 1, ""column_overlap"": 3}, {""word"": ""on"", ""timed_overlap"": 1, ""column_overlap"": 2}, {""word"": ""whether"", ""timed_overlap"": 1, ""column_overlap"": 2}, {""word"": ""sultan"", ""timed_overlap"": 1, ""column_overlap"": 2}]",completed,99,99,0
500,76,neural,3,rejoined,able,98,98,98,True,2,2,0,0,,90,"[{""word"": ""able"", ""timed_overlap"": 2, ""column_overlap"": 2}, {""word"": ""mercy"", ""timed_overlap"": 1, ""column_overlap"": 3}, {""word"": ""Daisy"", ""timed_overlap"": 1, ""column_overlap"": 2}, {""word"": ""Quite"", ""timed_overlap"": 1, ""column_overlap"": 2}, {""word"": ""poured"", ""timed_overlap"": 1, ""column_overlap"": 2}]",completed,99,99,0
500,76,neural,4,his,smile,98,98,98,True,2,3,0,0,,100,"[{""word"": ""smile"", ""timed_overlap"": 2, ""column_overlap"": 3}, {""word"": ""faults"", ""timed_overlap"": 2, ""column_overlap"": 3}, {""word"": ""hold"", ""timed_overlap"": 2, ""column_overlap"": 2}, {""word"": ""boys"", ""timed_overlap"": 2, ""column_overlap"": 2}, {""word"": ""Bill"", ""timed_overlap"": 1, ""column_overlap"": 3}]",completed,98,98,0
500,77,neural,1,a,Behind,99,99,99,True,2,4,0,0,,111,"[{""word"": ""Behind"", ""timed_overlap"": 2, ""column_overlap"": 4}, {""word"": ""command"", ""timed_overlap"": 2, ""column_overlap"": 3}, {""word"": ""SAMMY"", ""timed_overlap"": 2, ""column_overlap"": 3}, {""word"": ""resisted"", ""timed_overlap"": 2, ""column_overlap"": 2}, {""word"": ""recitations"", ""timed_overlap"": 1, ""column_overlap"": 4}]",completed,73,10,0
500,77,neural,2,fine,scoop,99,99,99,True,1,3,0,0,,83,"[{""word"": ""scoop"", ""timed_overlap"": 1, ""column_overlap"": 3}, {""word"": ""heard"", ""timed_overlap"": 1, ""column_overlap"": 3}, {""word"": ""holiday"", ""timed_overlap"": 1, ""column_overlap"": 3}, {""word"": ""recovered"", ""timed_overlap"": 1, ""column_overlap"": 3}, {""word"": ""Gray"", ""timed_overlap"": 1, ""column_overlap"": 3}]",completed,99,99,0
500,77,neural,3,lot,leaving,99,99,99,True,2,4,0,0,,93,"[{""word"": ""leaving"", ""timed_overlap"": 2, ""column_overlap"": 4}, {""word"": ""Tumultuous"", ""timed_overlap"": 2, ""column_overlap"": 3}, {""word"": ""belt"", ""timed_overlap"": 2, ""column_overlap"": 2}, {""word"": ""Lynde"", ""timed_overlap"": 1, ""column_overlap"": 4}, {""word"": ""rare"", ""timed_overlap"": 1, ""column_overlap"": 3}]",completed,99,99,0
500,77,neural,4,of,holiday,100,100,100,True,1,3,0,0,,66,"[{""word"": ""holiday"", ""timed_overlap"": 1, ""column_overlap"": 3}, {""word"": ""fellow"", ""timed_overlap"": 1, ""column_overlap"": 3}, {""word"": ""Sooty"", ""timed_overlap"": 1, ""column_overlap"": 3}, {""word"": ""ate"", ""timed_overlap"": 1, ""column_overlap"": 2}, {""word"": ""Quicksilver"", ""timed_overlap"": 1, ""column_overlap"": 2}]",completed,99,99,0
500,78,neural,1,that,as,100,100,100,True,2,3,0,0,,111,"[{""word"": ""as"", ""timed_overlap"": 2, ""column_overlap"": 3}, {""word"": ""Williamson"", ""timed_overlap"": 2, ""column_overlap"": 3}, {""word"": ""closing"", ""timed_overlap"": 2, ""column_overlap"": 3}, {""word"": ""Providence"", ""timed_overlap"": 2, ""column_overlap"": 2}, {""word"": ""highness"", ""timed_overlap"": 2, ""column_overlap"": 2}]",completed,100,10,0
500,78,neural,2,bought,Lightfoot,100,100,100,True,2,2,0,0,,70,"[{""word"": ""Lightfoot"", ""timed_overlap"": 2, ""column_overlap"": 2}, {""word"": ""imps"", ""timed_overlap"": 1, ""column_overlap"": 3}, {""word"": ""wanted"", ""timed_overlap"": 1, ""column_overlap"": 3}, {""word"": ""and"", ""timed_overlap"": 1, ""column_overlap"": 2}, {""word"": ""old"", ""timed_overlap"": 1, ""column_overlap"": 2}]",completed,100,100,0
500,78,neural,3,me,Lapsing,98,98,98,True,2,3,0,0,,100,"[{""word"": ""Lapsing"", ""timed_overlap"": 2, ""column_overlap"": 3}, {""word"": ""running"", ""timed_overlap"": 2, ""column_overlap"": 2}, {""word"": ""Bowser"", ""timed_overlap"": 2, ""column_overlap"": 2}, {""word"": ""Eric"", ""timed_overlap"": 2, ""column_overlap"": 2}, {""word"": ""heated"", ""timed_overlap"": 2, ""column_overlap"": 2}]",completed,100,100,0
500,78,neural,4,",",Magyars,97,97,97,True,2,3,0,0,,79,"[{""word"": ""Magyars"", ""timed_overlap"": 2, ""column_overlap"": 3}, {""word"": ""tried"", ""timed_overlap"": 1, ""column_overlap"": 3}, {""word"": ""fast"", ""timed_overlap"": 1, ""column_overlap"": 3}, {""word"": ""Taylor"", ""timed_overlap"": 1, ""column_overlap"": 3}, {""word"": ""Arts"", ""timed_overlap"": 1, ""column_overlap"": 3}]",completed,98,98,0
500,79,neural,1,the,somehow,100,100,100,True,2,3,0,0,,95,"[{""word"": ""somehow"", ""timed_overlap"": 2, ""column_overlap"": 3}, {""word"": ""why"", ""timed_overlap"": 1, ""column_overlap"": 3}, {""word"": ""wilt"", ""timed_overlap"": 1, ""column_overlap"": 3}, {""word"": ""reigned"", ""timed_overlap"": 1, ""column_overlap"": 3}, {""word"": ""tittered"", ""timed_overlap"": 1, ""column_overlap"": 3}]",completed,73,10,0
500,79,neural,2,prince,frozen,99,99,99,True,1,3,0,0,,59,"[{""word"": ""frozen"", ""timed_overlap"": 1, ""column_overlap"": 3}, {""word"": ""bait"", ""timed_overlap"": 1, ""column_overlap"": 2}, {""word"": ""whistle"", ""timed_overlap"": 1, ""column_overlap"": 2}, {""word"": ""calmly"", ""timed_overlap"": 1, ""column_overlap"": 2}, {""word"": ""ago"", ""timed_overlap"": 1, ""column_overlap"": 2}]",completed,100,100,0
500,79,neural,3,",",Hugh,99,99,99,True,2,2,0,0,,115,"[{""word"": ""Hugh"", ""timed_overlap"": 2, ""column_overlap"": 2}, {""word"": ""Emmy"", ""timed_overlap"": 1, ""column_overlap"": 4}, {""word"": ""am"", ""timed_overlap"": 1, ""column_overlap"": 4}, {""word"": ""remembered"", ""timed_overlap"": 1, ""column_overlap"": 3}, {""word"": ""n't"", ""timed_overlap"": 1, ""column_overlap"": 3}]",completed,99,99,0
500,79,neural,4,who,Carrots,97,97,97,True,2,4,0,0,,121,"[{""word"": ""Carrots"", ""timed_overlap"": 2, ""column_overlap"": 4}, {""word"": ""desert"", ""timed_overlap"": 2, ""column_overlap"": 3}, {""word"": ""heard"", ""timed_overlap"": 2, ""column_overlap"": 3}, {""word"": ""bait"", ""timed_overlap"": 2, ""column_overlap"": 2}, {""word"": ""moving"", ""timed_overlap"": 2, ""column_overlap"": 2}]",completed,99,99,0
500,80,neural,1,fry,the,100,100,100,True,2,3,0,0,,93,"[{""word"": ""the"", ""timed_overlap"": 2, ""column_overlap"": 3}, {""word"": ""Most"", ""timed_overlap"": 2, ""column_overlap"": 2}, {""word"": ""Molly"", ""timed_overlap"": 2, ""column_overlap"": 2}, {""word"": ""Spirit"", ""timed_overlap"": 2, ""column_overlap"": 2}, {""word"": ""be"", ""timed_overlap"": 2, ""column_overlap"": 2}]",completed,82,10,0
500,80,neural,2,fish,Bowser,100,100,100,True,2,2,0,0,,61,"[{""word"": ""Bowser"", ""timed_overlap"": 2, ""column_overlap"": 2}, {""word"": ""me"", ""timed_overlap"": 1, ""column_overlap"": 3}, {""word"": ""Sue"", ""timed_overlap"": 1, ""column_overlap"": 3}, {""word"": ""Dorinda"", ""timed_overlap"": 1, ""column_overlap"": 3}, {""word"": ""angel"", ""timed_overlap"": 1, ""column_overlap"": 2}]",completed,100,100,0
500,80,neural,3,on,enchantress,98,98,98,True,2,3,0,0,,86,"[{""word"": ""enchantress"", ""timed_overlap"": 2, ""column_overlap"": 3}, {""word"": ""others"", ""timed_overlap"": 1, ""column_overlap"": 3}, {""word"": ""terrified"", ""timed_overlap"": 1, ""column_overlap"": 3}, {""word"": ""weigh"", ""timed_overlap"": 1, ""column_overlap"": 3}, {""word"": ""The"", ""timed_overlap"": 1, ""column_overlap"": 3}]",completed,100,100,0
500,80,neural,4,my,faithfully,99,99,99,True,2,3,0,0,,96,"[{""word"": ""faithfully"", ""timed_overlap"": 2, ""column_overlap"": 3}, {""word"": ""warm"", ""timed_overlap"": 2, ""column_overlap"": 2}, {""word"": ""blades"", ""timed_overlap"": 2, ""column_overlap"": 2}, {""word"": ""Instead"", ""timed_overlap"": 2, ""column_overlap"": 2}, {""word"": ""stylish"", ""timed_overlap"": 2, ""column_overlap"": 2}]",completed,98,98,0
500,81,neural,1,face,Anne,99,99,99,True,2,4,0,0,,116,"[{""word"": ""Anne"", ""timed_overlap"": 2, ""column_overlap"": 4}, {""word"": ""even"", ""timed_overlap"": 2, ""column_overlap"": 3}, {""word"": ""given"", ""timed_overlap"": 2, ""column_overlap"": 2}, {""word"": ""evening"", ""timed_overlap"": 2, ""column_overlap"": 2}, {""word"": ""Magyars"", ""timed_overlap"": 1, ""column_overlap"": 4}]",completed,73,10,0
500,81,neural,2,for,end,99,99,99,True,2,2,0,0,,115,"[{""word"": ""end"", ""timed_overlap"": 2, ""column_overlap"": 2}, {""word"": ""doctor"", ""timed_overlap"": 2, ""column_overlap"": 2}, {""word"": ""call"", ""timed_overlap"": 1, ""column_overlap"": 3}, {""word"": ""desert"", ""timed_overlap"": 1, ""column_overlap"": 3}, {""word"": ""thief"", ""timed_overlap"": 1, ""column_overlap"": 3}]",completed,99,99,0
500,81,neural,3,a,river,100,100,100,True,2,3,0,0,,103,"[{""word"": ""river"", ""timed_overlap"": 2, ""column_overlap"": 3}, {""word"": ""bought"", ""timed_overlap"": 2, ""column_overlap"": 2}, {""word"": ""always"", ""timed_overlap"": 2, ""column_overlap"": 2}, {""word"": ""your"", ""timed_overlap"": 1, ""column_overlap"": 3}, {""word"": ""shoots"", ""timed_overlap"": 1, ""column_overlap"": 3}]",completed,99,99,0
500,81,neural,4,moment,Once,96,96,96,True,2,2,0,0,,82,"[{""word"": ""Once"", ""timed_overlap"": 2, ""column_overlap"": 2}, {""word"": ""forgotten"", ""timed_overlap"": 2, ""column_overlap"": 2}, {""word"": ""tells"", ""timed_overlap"": 1, ""column_overlap"": 3}, {""word"": ""First"", ""timed_overlap"": 1, ""column_overlap"": 3}, {""word"": ""look"", ""timed_overlap"": 1, ""column_overlap"": 3}]",completed,100,100,0
500,82,neural,1,queen,birds,100,100,100,True,2,2,0,0,,75,"[{""word"": ""birds"", ""timed_overlap"": 2, ""column_overlap"": 2}, {""word"": ""Sometimes"", ""timed_overlap"": 2, ""column_overlap"": 2}, {""word"": ""doctor"", ""timed_overlap"": 1, ""column_overlap"": 4}, {""word"": ""Look"", ""timed_overlap"": 1, ""column_overlap"": 4}, {""word"": ""heard"", ""timed_overlap"": 1, ""column_overlap"": 3}]",completed,91,10,0
500,82,neural,2,",",scene,99,99,99,True,2,2,0,0,,125,"[{""word"": ""scene"", ""timed_overlap"": 2, ""column_overlap"": 2}, {""word"": ""stranger"", ""timed_overlap"": 2, ""column_overlap"": 2}, {""word"": ""clothes"", ""timed_overlap"": 2, ""column_overlap"": 2}, {""word"": ""--"", ""timed_overlap"": 2, ""column_overlap"": 2}, {""word"": ""withdrew"", ""timed_overlap"": 1, ""column_overlap"": 5}]",completed,100,100,0
500,82,neural,3,bringing,rest,99,99,99,True,2,3,0,0,,89,"[{""word"": ""rest"", ""timed_overlap"": 2, ""column_overlap"": 3}, {""word"": ""washerman"", ""timed_overlap"": 2, ""column_overlap"": 2}, {""word"": ""require"", ""timed_overlap"": 2, ""column_overlap"": 2}, {""word"": ""COAT"", ""timed_overlap"": 2, ""column_overlap"": 2}, {""word"": ""worn"", ""timed_overlap"": 2, ""column_overlap"": 2}]",completed,99,99,0
500,82,neural,4,forward,bared,99,99,99,True,2,2,0,0,,107,"[{""word"": ""bared"", ""timed_overlap"": 2, ""column_overlap"": 2}, {""word"": ""Before"", ""timed_overlap"": 2, ""column_overlap"": 2}, {""word"": ""clouded"", ""timed_overlap"": 1, ""column_overlap"": 3}, {""word"": ""dismounted"", ""timed_overlap"": 1, ""column_overlap"": 3}, {""word"": ""hearth"", ""timed_overlap"": 1, ""column_overlap"": 3}]",completed,99,99,0
500,83,neural,1,for,added,98,98,98,True,2,3,1,1,110,123,"[{""word"": ""added"", ""timed_overlap"": 2, ""column_overlap"": 3}, {""word"": ""Truly"", ""timed_overlap"": 2, ""column_overlap"": 3}, {""word"": ""find"", ""timed_overlap"": 2, ""column_overlap"": 3}, {""word"": ""wished"", ""timed_overlap"": 2, ""column_overlap"": 3}, {""word"": ""Hugh"", ""timed_overlap"": 2, ""column_overlap"": 3}]",completed,82,10,0
500,83,neural,2,an,killed,100,100,100,True,1,3,0,0,,79,"[{""word"": ""killed"", ""timed_overlap"": 1, ""column_overlap"": 3}, {""word"": ""certain"", ""timed_overlap"": 1, ""column_overlap"": 3}, {""word"": ""How"", ""timed_overlap"": 1, ""column_overlap"": 3}, {""word"": ""Assam"", ""timed_overlap"": 1, ""column_overlap"": 2}, {""word"": ""pen"", ""timed_overlap"": 1, ""column_overlap"": 2}]",completed,98,98,0
500,83,neural,3,excuse,Matthew,94,94,94,True,2,2,0,0,,117,"[{""word"": ""Matthew"", ""timed_overlap"": 2, ""column_overlap"": 2}, {""word"": ""Inspiration"", ""timed_overlap"": 2, ""column_overlap"": 2}, {""word"": ""use"", ""timed_overlap"": 2, ""column_overlap"": 2}, {""word"": ""hard"", ""timed_overlap"": 1, ""column_overlap"": 4}, {""word"": ""1715"", ""timed_overlap"": 1, ""column_overlap"": 3}]",completed,100,100,0
500,83,neural,4,to,sure,97,97,97,True,2,2,0,0,,135,"[{""word"": ""sure"", ""timed_overlap"": 2, ""column_overlap"": 2}, {""word"": ""walls"", ""timed_overlap"": 2, ""column_overlap"": 2}, {""word"": ""oranges"", ""timed_overlap"": 2, ""column_overlap"": 2}, {""word"": ""hall"", ""timed_overlap"": 1, ""column_overlap"": 3}, {""word"": ""break"", ""timed_overlap"": 1, ""column_overlap"": 3}]",completed,94,94,0
500,84,neural,1,that,tobacco,100,100,100,True,2,4,0,0,,94,"[{""word"": ""tobacco"", ""timed_overlap"": 2, ""column_overlap"": 4}, {""word"": ""sisters"", ""timed_overlap"": 2, ""column_overlap"": 3}, {""word"": ""Jesse"", ""timed_overlap"": 2, ""column_overlap"": 3}, {""word"": ""recommended"", ""timed_overlap"": 2, ""column_overlap"": 2}, {""word"": ""Mary"", ""timed_overlap"": 1, ""column_overlap"": 3}]",completed,91,10,0
500,84,neural,2,night,pine-fringed,99,99,99,True,3,3,0,0,,112,"[{""word"": ""pine-fringed"", ""timed_overlap"": 3, ""column_overlap"": 3}, {""word"": ""Lapsing"", ""timed_overlap"": 2, ""column_overlap"": 4}, {""word"": ""sultan"", ""timed_overlap"": 2, ""column_overlap"": 3}, {""word"": ""Eric"", ""timed_overlap"": 2, ""column_overlap"": 2}, {""word"": ""Peter"", ""timed_overlap"": 2, ""column_overlap"": 2}]",completed,100,100,0
500,84,neural,3,companioned,Hans,99,99,99,True,2,2,1,1,91,101,"[{""word"": ""Hans"", ""timed_overlap"": 2, ""column_overlap"": 2}, {""word"": ""mean"", ""timed_overlap"": 2, ""column_overlap"": 2}, {""word"": ""ruther"", ""timed_overlap"": 2, ""column_overlap"": 2}, {""word"": ""fast"", ""timed_overlap"": 1, ""column_overlap"": 3}, {""word"": ""except"", ""timed_overlap"": 1, ""column_overlap"": 3}]",completed,99,99,0
500,84,neural,4,by,Hans,99,99,99,True,2,3,0,0,,117,"[{""word"": ""Hans"", ""timed_overlap"": 2, ""column_overlap"": 3}, {""word"": ""egg"", ""timed_overlap"": 2, ""column_overlap"": 2}, {""word"": ""be"", ""timed_overlap"": 2, ""column_overlap"": 2}, {""word"": ""seeking"", ""timed_overlap"": 2, ""column_overlap"": 2}, {""word"": ""central"", ""timed_overlap"": 1, ""column_overlap"": 4}]",completed,99,99,0
500,85,neural,1,are,Meredith,100,100,100,True,2,3,0,0,,110,"[{""word"": ""Meredith"", ""timed_overlap"": 2, ""column_overlap"": 3}, {""word"": ""of"", ""timed_overlap"": 2, ""column_overlap"": 2}, {""word"": ""Aunt"", ""timed_overlap"": 2, ""column_overlap"": 2}, {""word"": ""eye"", ""timed_overlap"": 2, ""column_overlap"": 2}, {""word"": ""recommended"", ""timed_overlap"": 2, ""column_overlap"": 2}]",completed,82,10,0
500,85,neural,2,Happy,paw,100,100,100,True,2,3,0,0,,89,"[{""word"": ""paw"", ""timed_overlap"": 2, ""column_overlap"": 3}, {""word"": ""Cecily"", ""timed_overlap"": 2, ""column_overlap"": 2}, {""word"": ""till"", ""timed_overlap"": 2, ""column_overlap"": 2}, {""word"": ""Lynde"", ""timed_overlap"": 1, ""column_overlap"": 3}, {""word"": ""hat"", ""timed_overlap"": 1, ""column_overlap"": 3}]",completed,100,100,0
500,85,neural,3,Jack,rented,98,98,98,True,3,3,0,0,,113,"[{""word"": ""rented"", ""timed_overlap"": 3, ""column_overlap"": 3}, {""word"": ""praised"", ""timed_overlap"": 2, ""column_overlap"": 3}, {""word"": ""Besides"", ""timed_overlap"": 2, ""column_overlap"": 3}, {""word"": ""foremost"", ""timed_overlap"": 1, ""column_overlap"": 4}, {""word"": ""mother"", ""timed_overlap"": 1, ""column_overlap"": 3}]",completed,100,100,0
500,85,neural,4,Squirrel,fire,98,98,98,True,2,2,0,0,,97,"[{""word"": ""fire"", ""timed_overlap"": 2, ""column_overlap"": 2}, {""word"": ""1715"", ""timed_overlap"": 2, ""column_overlap"": 2}, {""word"": ""mistress"", ""timed_overlap"": 2, ""column_overlap"": 2}, {""word"": ""it"", ""timed_overlap"": 2, ""column_overlap"": 2}, {""word"": ""puzzling"", ""timed_overlap"": 1, ""column_overlap"": 3}]",completed,98,98,0
500,86,neural,1,the,headlands,100,100,100,True,2,4,0,0,,89,"[{""word"": ""headlands"", ""timed_overlap"": 2, ""column_overlap"": 4}, {""word"": ""indeed"", ""timed_overlap"": 2, ""column_overlap"": 2}, {""word"": ""return"", ""timed_overlap"": 1, ""column_overlap"": 3}, {""word"": ""after"", ""timed_overlap"": 1, ""column_overlap"": 3}, {""word"": ""astray"", ""timed_overlap"": 1, ""column_overlap"": 3}]",completed,91,10,0
500,86,neural,2,whitest,faithfully,98,98,98,True,2,2,0,0,,97,"[{""word"": ""faithfully"", ""timed_overlap"": 2, ""column_overlap"": 2}, {""word"": ""stylish"", ""timed_overlap"": 1, ""column_overlap"": 3}, {""word"": ""sisters"", ""timed_overlap"": 1, ""column_overlap"": 3}, {""word"": ""BEN"", ""timed_overlap"": 1, ""column_overlap"": 3}, {""word"": ""voice"", ""timed_overlap"": 1, ""column_overlap"": 3}]",completed,100,100,0
500,86,neural,3,of,came,97,97,97,True,1,3,0,0,,85,"[{""word"": ""came"", ""timed_overlap"": 1, ""column_overlap"": 3}, {""word"": ""Then"", ""timed_overlap"": 1, ""column_overlap"": 3}, {""word"": ""reason"", ""timed_overlap"": 1, ""column_overlap"": 3}, {""word"": ""scene"", ""timed_overlap"": 1, ""column_overlap"": 3}, {""word"": ""mosquito"", ""timed_overlap"": 1, ""column_overlap"": 3}]",completed,98,98,0
500,86,neural,4,skins,pity,99,99,99,True,2,3,0,0,,97,"[{""word"": ""pity"", ""timed_overlap"": 2, ""column_overlap"": 3}, {""word"": ""forget"", ""timed_overlap"": 2, ""column_overlap"": 3}, {""word"": ""One"", ""timed_overlap"": 2, ""column_overlap"": 2}, {""word"": ""motionless"", ""timed_overlap"": 2, ""column_overlap"": 2}, {""word"": ""Davis"", ""timed_overlap"": 2, ""column_overlap"": 2}]",completed,97,97,0
500,87,neural,1,face,most,98,98,98,True,2,3,0,0,,101,"[{""word"": ""most"", ""timed_overlap"": 2, ""column_overlap"": 3}, {""word"": ""artistic"", ""timed_overlap"": 2, ""column_overlap"": 2}, {""word"": ""take"", ""timed_overlap"": 2, ""column_overlap"": 2}, {""word"": ""grotto"", ""timed_overlap"": 2, ""column_overlap"": 2}, {""word"": ""worn"", ""timed_overlap"": 2, ""column_overlap"": 2}]",completed,82,10,0
500,87,neural,2,twitch,frog,100,100,100,True,3,3,0,0,,95,"[{""word"": ""frog"", ""timed_overlap"": 3, ""column_overlap"": 3}, {""word"": ""Alice"", ""timed_overlap"": 2, ""column_overlap"": 3}, {""word"": ""from"", ""timed_overlap"": 2, ""column_overlap"": 2}, {""word"": ""-RSB-"", ""timed_overlap"": 2, ""column_overlap"": 2}, {""word"": ""Not"", ""timed_overlap"": 2, ""column_overlap"": 2}]",completed,98,98,0
500,87,neural,3,mutinously,spending,98,98,98,True,2,4,0,0,,142,"[{""word"": ""spending"", ""timed_overlap"": 2, ""column_overlap"": 4}, {""word"": ""most"", ""timed_overlap"": 2, ""column_overlap"": 3}, {""word"": ""terribly"", ""timed_overlap"": 2, ""column_overlap"": 2}, {""word"": ""Jimmy"", ""timed_overlap"": 2, ""column_overlap"": 2}, {""word"": ""many"", ""timed_overlap"": 2, ""column_overlap"": 2}]",completed,100,100,0
500,87,neural,4,whenever,might,99,99,99,True,2,3,0,0,,84,"[{""word"": ""might"", ""timed_overlap"": 2, ""column_overlap"": 3}, {""word"": ""sisters"", ""timed_overlap"": 2, ""column_overlap"": 2}, {""word"": ""thief"", ""timed_overlap"": 1, ""column_overlap"": 4}, {""word"": ""Frank"", ""timed_overlap"": 1, ""column_overlap"": 3}, {""word"": ""demons"", ""timed_overlap"": 1, ""column_overlap"": 3}]",completed,98,98,0
500,88,neural,1,was,is,100,100,100,True,2,3,1,1,62,93,"[{""word"": ""is"", ""timed_overlap"": 2, ""column_overlap"": 3}, {""word"": ""rejoined"", ""timed_overlap"": 2, ""column_overlap"": 2}, {""word"": ""preferred"", ""timed_overlap"": 1, ""column_overlap"": 4}, {""word"": ""taken"", ""timed_overlap"": 1, ""column_overlap"": 3}, {""word"": ""Magyars"", ""timed_overlap"": 1, ""column_overlap"": 3}]",completed,100,10,0
500,88,neural,2,heated,faults,99,99,99,True,1,3,0,0,,89,"[{""word"": ""faults"", ""timed_overlap"": 1, ""column_overlap"": 3}, {""word"": ""nearly"", ""timed_overlap"": 1, ""column_overlap"": 3}, {""word"": ""foremost"", ""timed_overlap"": 1, ""column_overlap"": 3}, {""word"": ""Davis"", ""timed_overlap"": 1, ""column_overlap"": 3}, {""word"": ""border"", ""timed_overlap"": 1, ""column_overlap"": 2}]",completed,100,100,0
500,88,neural,3,",",Why,99,99,99,True,2,3,0,0,,108,"[{""word"": ""Why"", ""timed_overlap"": 2, ""column_overlap"": 3}, {""word"": ""filled"", ""timed_overlap"": 2, ""column_overlap"": 3}, {""word"": ""some"", ""timed_overlap"": 2, ""column_overlap"": 3}, {""word"": ""bared"", ""timed_overlap"": 2, ""column_overlap"": 3}, {""word"": ""like"", ""timed_overlap"": 2, ""column_overlap"": 2}]",completed,99,99,0
500,88,neural,4,and,boys,98,98,98,True,2,2,0,0,,107,"[{""word"": ""boys"", ""timed_overlap"": 2, ""column_overlap"": 2}, {""word"": ""blue"", ""timed_overlap"": 1, ""column_overlap"": 4}, {""word"": ""highness"", ""timed_overlap"": 1, ""column_overlap"": 3}, {""word"": ""glanced"", ""timed_overlap"": 1, ""column_overlap"": 3}, {""word"": ""also"", ""timed_overlap"": 1, ""column_overlap"": 3}]",completed,99,99,0
500,89,neural,1,of,danced,97,97,97,True,3,3,0,0,,131,"[{""word"": ""danced"", ""timed_overlap"": 3, ""column_overlap"": 3}, {""word"": ""sword"", ""timed_overlap"": 2, ""column_overlap"": 3}, {""word"": ""--"", ""timed_overlap"": 2, ""column_overlap"": 3}, {""word"": ""pleased"", ""timed_overlap"": 1, ""column_overlap"": 4}, {""word"": ""What"", ""timed_overlap"": 1, ""column_overlap"": 4}]",completed,82,10,0
500,89,neural,2,grass,price,99,99,99,True,2,2,1,1,108,113,"[{""word"": ""price"", ""timed_overlap"": 2, ""column_overlap"": 2}, {""word"": ""sentence"", ""timed_overlap"": 2, ""column_overlap"": 2}, {""word"": ""lips"", ""timed_overlap"": 2, ""column_overlap"": 2}, {""word"": ""question"", ""timed_overlap"": 1, ""column_overlap"": 3}, {""word"": ""amiss"", ""timed_overlap"": 1, ""column_overlap"": 3}]",completed,97,97,0
500,89,neural,3,",",Dear,99,99,99,True,2,2,0,0,,121,"[{""word"": ""Dear"", ""timed_overlap"": 2, ""column_overlap"": 2}, {""word"": ""Instead"", ""timed_overlap"": 2, ""column_overlap"": 2}, {""word"": ""great"", ""timed_overlap"": 2, ""column_overlap"": 2}, {""word"": ""--"", ""timed_overlap"": 1, ""column_overlap"": 3}, {""word"": ""desert"", ""timed_overlap"": 1, ""column_overlap"": 3}]",completed,99,99,0
500,89,neural,4,and,underneath,98,98,98,True,2,2,0,0,,117,"[{""word"": ""underneath"", ""timed_overlap"": 2, ""column_overlap"": 2}, {""word"": ""Hannah"", ""timed_overlap"": 2, ""column_overlap"": 2}, {""word"": ""interrupted"", ""timed_overlap"": 2, ""column_overlap"": 2}, {""word"": ""foremost"", ""timed_overlap"": 1, ""column_overlap"": 4}, {""word"": ""lifting"", ""timed_overlap"": 1, ""column_overlap"": 4}]",completed,99,99,0
500,90,neural,1,at,dinner,94,94,94,True,2,2,0,0,,132,"[{""word"": ""dinner"", ""timed_overlap"": 2, ""column_overlap"": 2}, {""word"": ""Cecily"", ""timed_overlap"": 2, ""column_overlap"": 2}, {""word"": ""Cursed"", ""timed_overlap"": 1, ""column_overlap"": 6}, {""word"": ""Grant"", ""timed_overlap"": 1, ""column_overlap"": 4}, {""word"": ""pity"", ""timed_overlap"": 1, ""column_overlap"": 4}]",completed,82,10,0
500,90,neural,2,once,glad,100,100,100,True,1,3,0,0,,80,"[{""word"": ""glad"", ""timed_overlap"": 1, ""column_overlap"": 3}, {""word"": ""curious"", ""timed_overlap"": 1, ""column_overlap"": 3}, {""word"": ""demons"", ""timed_overlap"": 1, ""column_overlap"": 2}, {""word"": ""Mr."", ""timed_overlap"": 1, ""column_overlap"": 2}, {""word"": ""suddenly"", ""timed_overlap"": 1, ""column_overlap"": 2}]",completed,94,94,0
500,90,neural,3,and,ones,99,99,99,True,2,3,0,0,,107,"[{""word"": ""ones"", ""timed_overlap"": 2, ""column_overlap"": 3}, {""word"": ""solemnly"", ""timed_overlap"": 2, ""column_overlap"": 2}, {""word"": ""Ripple"", ""timed_overlap"": 2, ""column_overlap"": 2}, {""word"": ""ground"", ""timed_overlap"": 2, ""column_overlap"": 2}, {""word"": ""Jimmy"", ""timed_overlap"": 2, ""column_overlap"": 2}]",completed,100,100,0
500,90,neural,4,ride,eat,97,97,97,True,2,3,1,1,54,107,"[{""word"": ""eat"", ""timed_overlap"": 2, ""column_overlap"": 3}, {""word"": ""chatter"", ""timed_overlap"": 2, ""column_overlap"": 3}, {""word"": ""letter"", ""timed_overlap"": 2, ""column_overlap"": 2}, {""word"": ""early"", ""timed_overlap"": 2, ""column_overlap"": 2}, {""word"": ""Buster"", ""timed_overlap"": 2, ""column_overlap"": 2}]",completed,99,99,0
500,91,neural,1,",",dreams,100,100,100,True,2,3,0,0,,108,"[{""word"": ""dreams"", ""timed_overlap"": 2, ""column_overlap"": 3}, {""word"": ""lonesome"", ""timed_overlap"": 2, ""column_overlap"": 2}, {""word"": ""Because"", ""timed_overlap"": 2, ""column_overlap"": 2}, {""word"": ""sure"", ""timed_overlap"": 2, ""column_overlap"": 2}, {""word"": ""many"", ""timed_overlap"": 2, ""column_overlap"": 2}]",completed,91,10,0
500,91,neural,2,and,Oh,97,97,97,True,2,2,0,0,,72,"[{""word"": ""Oh"", ""timed_overlap"": 2, ""column_overlap"": 2}, {""word"": ""many"", ""timed_overlap"": 1, ""column_overlap"": 2}, {""word"": ""little"", ""timed_overlap"": 1, ""column_overlap"": 2}, {""word"": ""east"", ""timed_overlap"": 1, ""column_overlap"": 2}, {""word"": ""distant"", ""timed_overlap"": 1, ""column_overlap"": 2}]",completed,100,100,0
500,91,neural,3,you,spur,99,99,99,True,2,4,0,0,,96,"[{""word"": ""spur"", ""timed_overlap"": 2, ""column_overlap"": 4}, {""word"": ""Sammy"", ""timed_overlap"": 2, ""column_overlap"": 3}, {""word"": ""hive"", ""timed_overlap"": 1, ""column_overlap"": 4}, {""word"": ""Straight"", ""timed_overlap"": 1, ""column_overlap"": 3}, {""word"": ""forget"", ""timed_overlap"": 1, ""column_overlap"": 3}]",completed,97,97,0
500,91,neural,4,will,hive,98,98,98,True,2,2,0,0,,98,"[{""word"": ""hive"", ""timed_overlap"": 2, ""column_overlap"": 2}, {""word"": ""Assam"", ""timed_overlap"": 2, ""column_overlap"": 2}, {""word"": ""fast"", ""timed_overlap"": 2, ""column_overlap"": 2}, {""word"": ""basket"", ""timed_overlap"": 1, ""column_overlap"": 3}, {""word"": ""calmly"", ""timed_overlap"": 1, ""column_overlap"": 3}]",completed,99,99,0
500,92,neural,1,calmly,impudent,98,98,98,True,2,3,1,1,72,109,"[{""word"": ""impudent"", ""timed_overlap"": 2, ""column_overlap"": 3}, {""word"": ""taste"", ""timed_overlap"": 2, ""column_overlap"": 2}, {""word"": ""time"", ""timed_overlap"": 2, ""column_overlap"": 2}, {""word"": ""Daisy"", ""timed_overlap"": 1, ""column_overlap"": 4}, {""word"": ""Sooty"", ""timed_overlap"": 1, ""column_overlap"": 4}]",completed,64,10,0
500,92,neural,2,",",Buster,100,100,100,True,1,3,0,0,,49,"[{""word"": ""Buster"", ""timed_overlap"": 1, ""column_overlap"": 3}, {""word"": ""bust"", ""timed_overlap"": 1, ""column_overlap"": 2}, {""word"": ""dragon"", ""timed_overlap"": 1, ""column_overlap"": 2}, {""word"": ""fast"", ""timed_overlap"": 1, ""column_overlap"": 2}, {""word"": ""caught"", ""timed_overlap"": 1, ""column_overlap"": 2}]",completed,98,98,0
500,92,neural,3,`,Marsch,99,99,99,True,2,2,0,0,,87,"[{""word"": ""Marsch"", ""timed_overlap"": 2, ""column_overlap"": 2}, {""word"": ""lived"", ""timed_overlap"": 2, ""column_overlap"": 2}, {""word"": ""Herr"", ""timed_overlap"": 2, ""column_overlap"": 2}, {""word"": ""hive"", ""timed_overlap"": 2, ""column_overlap"": 2}, {""word"": ""east"", ""timed_overlap"": 1, ""column_overlap"": 3}]",completed,100,100,0
500,92,neural,4,what,Wildrose,98,98,98,True,2,3,0,0,,89,"[{""word"": ""Wildrose"", ""timed_overlap"": 2, ""column_overlap"": 3}, {""word"": ""ma'am"", ""timed_overlap"": 2, ""column_overlap"": 3}, {""word"": ""hours"", ""timed_overlap"": 2, ""column_overlap"": 2}, {""word"": ""body"", ""timed_overlap"": 1, ""column_overlap"": 3}, {""word"": ""there"", ""timed_overlap"": 1, ""column_overlap"": 3}]",completed,99,99,0
500,93,neural,1,I,'',100,100,100,True,2,2,0,0,,94,"[{""word"": ""''"", ""timed_overlap"": 2, ""column_overlap"": 2}, {""word"": ""enough"", ""timed_overlap"": 1, ""column_overlap"": 4}, {""word"": ""wind"", ""timed_overlap"": 1, ""column_overlap"": 3}, {""word"": ""those"", ""timed_overlap"": 1, ""column_overlap"": 3}, {""word"": ""own"", ""timed_overlap"": 1, ""column_overlap"": 3}]",completed,100,10,0
500,93,neural,2,guess,Don,100,100,100,True,2,3,0,0,,106,"[{""word"": ""Don"", ""timed_overlap"": 2, ""column_overlap"": 3}, {""word"": ""XXIII"", ""timed_overlap"": 2, ""column_overlap"": 2}, {""word"": ""tree"", ""timed_overlap"": 1, ""column_overlap"": 4}, {""word"": ""excluded"", ""timed_overlap"": 1, ""column_overlap"": 3}, {""word"": ""golden"", ""timed_overlap"": 1, ""column_overlap"": 3}]",completed,100,100,0
500,93,neural,3,.,forget,100,100,100,True,2,3,0,0,,72,"[{""word"": ""forget"", ""timed_overlap"": 2, ""column_overlap"": 3}, {""word"": ""was"", ""timed_overlap"": 2, ""column_overlap"": 2}, {""word"": ""healthful"", ""timed_overlap"": 2, ""column_overlap"": 2}, {""word"": ""prettier"", ""timed_overlap"": 1, ""column_overlap"": 3}, {""word"": ""Good-bye"", ""timed_overlap"": 1, ""column_overlap"": 3}]",completed,100,100,0
500,93,neural,4,'',talk,94,94,94,True,2,3,0,0,,98,"[{""word"": ""talk"", ""timed_overlap"": 2, ""column_overlap"": 3}, {""word"": ""strong"", ""timed_overlap"": 2, ""column_overlap"": 2}, {""word"": ""money"", ""timed_overlap"": 1, ""column_overlap"": 3}, {""word"": ""Taffy"", ""timed_overlap"": 1, ""column_overlap"": 3}, {""word"": ""Everybody"", ""timed_overlap"": 1, ""column_overlap"": 3}]",completed,100,100,0
500,94,neural,1,best,humanity,100,100,100,True,2,4,0,0,,162,"[{""word"": ""humanity"", ""timed_overlap"": 2, ""column_overlap"": 4}, {""word"": ""make"", ""timed_overlap"": 2, ""column_overlap"": 4}, {""word"": ""blow"", ""timed_overlap"": 2, ""column_overlap"": 3}, {""word"": ""lean"", ""timed_overlap"": 2, ""column_overlap"": 3}, {""word"": ""Dacca"", ""timed_overlap"": 2, ""column_overlap"": 2}]",completed,82,10,0
500,94,neural,2,",",church,100,100,100,True,1,4,0,0,,95,"[{""word"": ""church"", ""timed_overlap"": 1, ""column_overlap"": 4}, {""word"": ""Millie"", ""timed_overlap"": 1, ""column_overlap"": 3}, {""word"": ""time"", ""timed_overlap"": 1, ""column_overlap"": 3}, {""word"": ""sadly"", ""timed_overlap"": 1, ""column_overlap"": 3}, {""word"": ""asked"", ""timed_overlap"": 1, ""column_overlap"": 3}]",completed,100,100,0
500,94,neural,3,and,recovered,99,99,99,True,2,4,0,0,,112,"[{""word"": ""recovered"", ""timed_overlap"": 2, ""column_overlap"": 4}, {""word"": ""Put"", ""timed_overlap"": 2, ""column_overlap"": 3}, {""word"": ""swearing"", ""timed_overlap"": 2, ""column_overlap"": 2}, {""word"": ""-LCB-"", ""timed_overlap"": 1, ""column_overlap"": 4}, {""word"": ""Priscilla"", ""timed_overlap"": 1, ""column_overlap"": 3}]",completed,100,100,0
500,94,neural,4,Gilbert,office,99,99,99,True,1,3,0,0,,97,"[{""word"": ""office"", ""timed_overlap"": 1, ""column_overlap"": 3}, {""word"": ""Lung"", ""timed_overlap"": 1, ""column_overlap"": 3}, {""word"": ""hole"", ""timed_overlap"": 1, ""column_overlap"": 3}, {""word"": ""ran"", ""timed_overlap"": 1, ""column_overlap"": 3}, {""word"": ""money"", ""timed_overlap"": 1, ""column_overlap"": 3}]",completed,99,99,0
500,95,neural,1,for,Pekoe,100,100,100,True,2,4,0,0,,97,"[{""word"": ""Pekoe"", ""timed_overlap"": 2, ""column_overlap"": 4}, {""word"": ""Gilbert"", ""timed_overlap"": 2, ""column_overlap"": 2}, {""word"": ""heard"", ""timed_overlap"": 2, ""column_overlap"": 2}, {""word"": ""recommended"", ""timed_overlap"": 2, ""column_overlap"": 2}, {""word"": ""glanced"", ""timed_overlap"": 1, ""column_overlap"": 3}]",completed,100,10,0
500,95,neural,2,the,snowshoeing,99,99,99,True,2,3,0,0,,108,"[{""word"": ""snowshoeing"", ""timed_overlap"": 2, ""column_overlap"": 3}, {""word"": ""dear"", ""timed_overlap"": 2, ""column_overlap"": 2}, {""word"": ""That"", ""timed_overlap"": 2, ""column_overlap"": 2}, {""word"": ""month"", ""timed_overlap"": 2, ""column_overlap"": 2}, {""word"": ""thundered"", ""timed_overlap"": 2, ""column_overlap"": 2}]",completed,100,100,0
500,95,neural,3,present,Johnny,100,100,100,True,2,3,0,0,,103,"[{""word"": ""Johnny"", ""timed_overlap"": 2, ""column_overlap"": 3}, {""word"": ""His"", ""timed_overlap"": 2, ""column_overlap"": 3}, {""word"": ""rejoined"", ""timed_overlap"": 2, ""column_overlap"": 2}, {""word"": ""bearing"", ""timed_overlap"": 2, ""column_overlap"": 2}, {""word"": ""sign"", ""timed_overlap"": 1, ""column_overlap"": 3}]",completed,99,99,0
500,95,neural,4,.,gray,97,97,97,True,2,3,0,0,,99,"[{""word"": ""gray"", ""timed_overlap"": 2, ""column_overlap"": 3}, {""word"": ""Put"", ""timed_overlap"": 2, ""column_overlap"": 3}, {""word"": ""dreams"", ""timed_overlap"": 1, ""column_overlap"": 4}, {""word"": ""clothes"", ""timed_overlap"": 1, ""column_overlap"": 4}, {""word"": ""hundred"", ""timed_overlap"": 1, ""column_overlap"": 3}]",completed,100,100,0
500,96,neural,1,",",is,100,100,100,True,3,3,0,0,,90,"[{""word"": ""is"", ""timed_overlap"": 3, ""column_overlap"": 3}, {""word"": ""Jane"", ""timed_overlap"": 2, ""column_overlap"": 3}, {""word"": ""rejoined"", ""timed_overlap"": 2, ""column_overlap"": 3}, {""word"": ""Johnny"", ""timed_overlap"": 1, ""column_overlap"": 3}, {""word"": ""feebly"", ""timed_overlap"": 1, ""column_overlap"": 3}]",completed,82,10,0
500,96,neural,2,'cause,belt,100,100,100,True,2,2,0,0,,66,"[{""word"": ""belt"", ""timed_overlap"": 2, ""column_overlap"": 2}, {""word"": ""man"", ""timed_overlap"": 2, ""column_overlap"": 2}, {""word"": ""altogether"", ""timed_overlap"": 1, ""column_overlap"": 3}, {""word"": ""Susan"", ""timed_overlap"": 1, ""column_overlap"": 2}, {""word"": ""fellow"", ""timed_overlap"": 1, ""column_overlap"": 2}]",completed,100,100,0
500,96,neural,3,she,'ve,99,99,99,True,2,2,0,0,,109,"[{""word"": ""'ve"", ""timed_overlap"": 2, ""column_overlap"": 2}, {""word"": ""already"", ""timed_overlap"": 1, ""column_overlap"": 3}, {""word"": ""helmet"", ""timed_overlap"": 1, ""column_overlap"": 2}, {""word"": ""wonder"", ""timed_overlap"": 1, ""column_overlap"": 2}, {""word"": ""tunnels"", ""timed_overlap"": 1, ""column_overlap"": 2}]",completed,100,100,0
500,96,neural,4,led,nobody,98,98,98,True,1,4,0,0,,113,"[{""word"": ""nobody"", ""timed_overlap"": 1, ""column_overlap"": 4}, {""word"": ""beneath"", ""timed_overlap"": 1, ""column_overlap"": 4}, {""word"": ""pardon"", ""timed_overlap"": 1, ""column_overlap"": 3}, {""word"": ""nodding"", ""timed_overlap"": 1, ""column_overlap"": 3}, {""word"": ""withdrew"", ""timed_overlap"": 1, ""column_overlap"": 3}]",completed,99,99,0
500,97,neural,1,'s,is,100,100,100,True,3,3,0,0,,106,"[{""word"": ""is"", ""timed_overlap"": 3, ""column_overlap"": 3}, {""word"": ""course"", ""timed_overlap"": 2, ""column_overlap"": 4}, {""word"": ""what"", ""timed_overlap"": 2, ""column_overlap"": 3}, {""word"": ""fry"", ""timed_overlap"": 2, ""column_overlap"": 2}, {""word"": ""rejoined"", ""timed_overlap"": 2, ""column_overlap"": 2}]",completed,82,10,0
500,97,neural,2,so,months,100,100,100,True,2,2,0,0,,81,"[{""word"": ""months"", ""timed_overlap"": 2, ""column_overlap"": 2}, {""word"": ""were"", ""timed_overlap"": 2, ""column_overlap"": 2}, {""word"": ""Besides"", ""timed_overlap"": 2, ""column_overlap"": 2}, {""word"": ""See"", ""timed_overlap"": 1, ""column_overlap"": 3}, {""word"": ""Gray"", ""timed_overlap"": 1, ""column_overlap"": 3}]",completed,100,100,0
500,97,neural,3,--,Afghans,98,98,98,True,2,3,0,0,,102,"[{""word"": ""Afghans"", ""timed_overlap"": 2, ""column_overlap"": 3}, {""word"": ""put"", ""timed_overlap"": 2, ""column_overlap"": 2}, {""word"": ""command"", ""timed_overlap"": 1, ""column_overlap"": 4}, {""word"": ""gay"", ""timed_overlap"": 1, ""column_overlap"": 3}, {""word"": ""Behind"", ""timed_overlap"": 1, ""column_overlap"": 3}]",completed,100,100,0
500,97,neural,4,so,approved,98,98,98,True,2,3,0,0,,101,"[{""word"": ""approved"", ""timed_overlap"": 2, ""column_overlap"": 3}, {""word"": ""Ben"", ""timed_overlap"": 2, ""column_overlap"": 3}, {""word"": ""evangelist"", ""timed_overlap"": 2, ""column_overlap"": 2}, {""word"": ""room"", ""timed_overlap"": 2, ""column_overlap"": 2}, {""word"": ""fry"", ""timed_overlap"": 2, ""column_overlap"": 2}]",completed,98,98,0
500,98,neural,1,and,ladies,98,98,98,True,2,4,0,0,,124,"[{""word"": ""ladies"", ""timed_overlap"": 2, ""column_overlap"": 4}, {""word"": ""Felicity"", ""timed_overlap"": 2, ""column_overlap"": 4}, {""word"": ""use"", ""timed_overlap"": 2, ""column_overlap"": 3}, {""word"": ""Oh"", ""timed_overlap"": 2, ""column_overlap"": 3}, {""word"": ""strange"", ""timed_overlap"": 2, ""column_overlap"": 2}]",completed,91,10,0
500,98,neural,2,let,desert,100,100,100,True,2,3,0,0,,77,"[{""word"": ""desert"", ""timed_overlap"": 2, ""column_overlap"": 3}, {""word"": ""Ida"", ""timed_overlap"": 2, ""column_overlap"": 2}, {""word"": ""hopelessly"", ""timed_overlap"": 1, ""column_overlap"": 3}, {""word"": ""warm"", ""timed_overlap"": 1, ""column_overlap"": 3}, {""word"": ""except"", ""timed_overlap"": 1, ""column_overlap"": 2}]",completed,98,98,0
500,98,neural,3,him,ocean,96,96,96,True,2,3,1,1,72,102,"[{""word"": ""ocean"", ""timed_overlap"": 2, ""column_overlap"": 3}, {""word"": ""another"", ""timed_overlap"": 2, ""column_overlap"": 2}, {""word"": ""open"", ""timed_overlap"": 1, ""column_overlap"": 4}, {""word"": ""Schmidt"", ""timed_overlap"": 1, ""column_overlap"": 3}, {""word"": ""Lucinda"", ""timed_overlap"": 1, ""column_overlap"": 3}]",completed,100,100,0
500,98,neural,4,go,leafy,97,97,97,True,2,3,0,0,,117,"[{""word"": ""leafy"", ""timed_overlap"": 2, ""column_overlap"": 3}, {""word"": ""disagreeable"", ""timed_overlap"": 2, ""column_overlap"": 3}, {""word"": ""both"", ""timed_overlap"": 2, ""column_overlap"": 2}, {""word"": ""consent"", ""timed_overlap"": 2, ""column_overlap"": 2}, {""word"": ""Jo"", ""timed_overlap"": 2, ""column_overlap"": 2}]",completed,96,96,0
500,99,neural,1,I,'',100,100,100,True,2,2,0,0,,94,"[{""word"": ""''"", ""timed_overlap"": 2, ""column_overlap"": 2}, {""word"": ""enough"", ""timed_overlap"": 1, ""column_overlap"": 4}, {""word"": ""tell"", ""timed_overlap"": 1, ""column_overlap"": 3}, {""word"": ""own"", ""timed_overlap"": 1, ""column_overlap"": 3}, {""word"": ""wind"", ""timed_overlap"": 1, ""column_overlap"": 3}]",completed,100,10,0
500,99,neural,2,am,Don,100,100,100,True,2,3,0,0,,106,"[{""word"": ""Don"", ""timed_overlap"": 2, ""column_overlap"": 3}, {""word"": ""XXIII"", ""timed_overlap"": 2, ""column_overlap"": 2}, {""word"": ""tree"", ""timed_overlap"": 1, ""column_overlap"": 4}, {""word"": ""Fairy"", ""timed_overlap"": 1, ""column_overlap"": 3}, {""word"": ""golden"", ""timed_overlap"": 1, ""column_overlap"": 3}]",completed,100,100,0
500,99,neural,3,not,forget,100,100,100,True,2,3,0,0,,72,"[{""word"": ""forget"", ""timed_overlap"": 2, ""column_overlap"": 3}, {""word"": ""was"", ""timed_overlap"": 2, ""column_overlap"": 2}, {""word"": ""healthful"", ""timed_overlap"": 2, ""column_overlap"": 2}, {""word"": ""prettier"", ""timed_overlap"": 1, ""column_overlap"": 3}, {""word"": ""Good-bye"", ""timed_overlap"": 1, ""column_overlap"": 3}]",completed,100,100,0
500,99,neural,4,going,talk,94,94,94,True,2,3,0,0,,98,"[{""word"": ""talk"", ""timed_overlap"": 2, ""column_overlap"": 3}, {""word"": ""strong"", ""timed_overlap"": 2, ""column_overlap"": 2}, {""word"": ""money"", ""timed_overlap"": 1, ""column_overlap"": 3}, {""word"": ""Taffy"", ""timed_overlap"": 1, ""column_overlap"": 3}, {""word"": ""Everybody"", ""timed_overlap"": 1, ""column_overlap"": 3}]",completed,100,100,0
500,100,neural,1,think,the,100,100,100,True,2,2,0,0,,80,"[{""word"": ""the"", ""timed_overlap"": 2, ""column_overlap"": 2}, {""word"": ""however"", ""timed_overlap"": 1, ""column_overlap"": 4}, {""word"": ""Here"", ""timed_overlap"": 1, ""column_overlap"": 3}, {""word"": ""talk"", ""timed_overlap"": 1, ""column_overlap"": 3}, {""word"": ""washerman"", ""timed_overlap"": 1, ""column_overlap"": 2}]",completed,91,10,0
500,100,neural,2,that,against,100,100,100,True,2,2,0,0,,89,"[{""word"": ""against"", ""timed_overlap"": 2, ""column_overlap"": 2}, {""word"": ""troublous"", ""timed_overlap"": 1, ""column_overlap"": 3}, {""word"": ""Sara"", ""timed_overlap"": 1, ""column_overlap"": 3}, {""word"": ""Bowser"", ""timed_overlap"": 1, ""column_overlap"": 3}, {""word"": ""Quite"", ""timed_overlap"": 1, ""column_overlap"": 3}]",completed,100,100,0
500,100,neural,3,anything,closed,99,99,99,True,2,3,0,0,,83,"[{""word"": ""closed"", ""timed_overlap"": 2, ""column_overlap"": 3}, {""word"": ""sensible"", ""timed_overlap"": 2, ""column_overlap"": 3}, {""word"": ""Oh"", ""timed_overlap"": 2, ""column_overlap"": 3}, {""word"": ""common"", ""timed_overlap"": 1, ""column_overlap"": 3}, {""word"": ""HAD"", ""timed_overlap"": 1, ""column_overlap"": 2}]",completed,100,100,0
500,100,neural,4,should,calmly,97,97,97,True,2,2,0,0,,104,"[{""word"": ""calmly"", ""timed_overlap"": 2, ""column_overlap"": 2}, {""word"": ""Grange"", ""timed_overlap"": 1, ""column_overlap"": 3}, {""word"": ""disagreeable"", ""timed_overlap"": 1, ""column_overlap"": 3}, {""word"": ""distant"", ""timed_overlap"": 1, ""column_overlap"": 3}, {""word"": ""jollier"", ""timed_overlap"": 1, ""column_overlap"": 3}]",completed,99,99,0
500,101,neural,1,beautiful,Down,100,100,100,True,3,3,2,2,5,126,"[{""word"": ""Down"", ""timed_overlap"": 3, ""column_overlap"": 3}, {""word"": ""parents"", ""timed_overlap"": 2, ""column_overlap"": 3}, {""word"": ""shake"", ""timed_overlap"": 2, ""column_overlap"": 2}, {""word"": ""dropped"", ""timed_overlap"": 2, ""column_overlap"": 2}, {""word"": ""beautiful"", ""timed_overlap"": 2, ""column_overlap"": 2}]",completed,82,10,0
500,101,neural,2,oranges,feebly,99,99,99,True,2,3,0,0,,69,"[{""word"": ""feebly"", ""timed_overlap"": 2, ""column_overlap"": 3}, {""word"": ""Herr"", ""timed_overlap"": 1, ""column_overlap"": 3}, {""word"": ""glided"", ""timed_overlap"": 1, ""column_overlap"": 3}, {""word"": ""Williamson"", ""timed_overlap"": 1, ""column_overlap"": 3}, {""word"": ""Lawful"", ""timed_overlap"": 1, ""column_overlap"": 3}]",completed,100,100,0
500,101,neural,3,he,kerchief,98,98,98,True,2,3,0,0,,103,"[{""word"": ""kerchief"", ""timed_overlap"": 2, ""column_overlap"": 3}, {""word"": ""than"", ""timed_overlap"": 2, ""column_overlap"": 2}, {""word"": ""from"", ""timed_overlap"": 2, ""column_overlap"": 2}, {""word"": ""fact"", ""timed_overlap"": 1, ""column_overlap"": 3}, {""word"": ""departs"", ""timed_overlap"": 1, ""column_overlap"": 3}]",completed,99,99,0
500,101,neural,4,could,Marsch,98,98,98,True,3,3,0,0,,100,"[{""word"": ""Marsch"", ""timed_overlap"": 3, ""column_overlap"": 3}, {""word"": ""having"", ""timed_overlap"": 2, ""column_overlap"": 2}, {""word"": ""Messua"", ""timed_overlap"": 1, ""column_overlap"": 4}, {""word"": ""He"", ""timed_overlap"": 1, ""column_overlap"": 3}, {""word"": ""common"", ""timed_overlap"": 1, ""column_overlap"": 3}]",completed,98,98,0
500,102,neural,1,told,Search,100,100,100,True,2,2,0,0,,106,"[{""word"": ""Search"", ""timed_overlap"": 2, ""column_overlap"": 2}, {""word"": ""Presently"", ""timed_overlap"": 2, ""column_overlap"": 2}, {""word"": ""Folk"", ""timed_overlap"": 2, ""column_overlap"": 2}, {""word"": ""indeed"", ""timed_overlap"": 2, ""column_overlap"": 2}, {""word"": ""gallant"", ""timed_overlap"": 2, ""column_overlap"": 2}]",completed,100,10,0
500,102,neural,2,him,bearing,98,98,98,True,1,3,0,0,,79,"[{""word"": ""bearing"", ""timed_overlap"": 1, ""column_overlap"": 3}, {""word"": ""fire"", ""timed_overlap"": 1, ""column_overlap"": 3}, {""word"": ""rest"", ""timed_overlap"": 1, ""column_overlap"": 3}, {""word"": ""monarch"", ""timed_overlap"": 1, ""column_overlap"": 2}, {""word"": ""scene"", ""timed_overlap"": 1, ""column_overlap"": 2}]",completed,100,100,0
500,102,neural,3,",",Half,97,97,97,True,2,3,0,0,,84,"[{""word"": ""Half"", ""timed_overlap"": 2, ""column_overlap"": 3}, {""word"": ""ladies"", ""timed_overlap"": 2, ""column_overlap"": 3}, {""word"": ""whereupon"", ""timed_overlap"": 2, ""column_overlap"": 2}, {""word"": ""these"", ""timed_overlap"": 2, ""column_overlap"": 2}, {""word"": ""tittered"", ""timed_overlap"": 2, ""column_overlap"": 2}]",completed,98,98,0
500,102,neural,4,`,faithfully,100,100,100,True,2,3,0,0,,91,"[{""word"": ""faithfully"", ""timed_overlap"": 2, ""column_overlap"": 3}, {""word"": ""Jem"", ""timed_overlap"": 2, ""column_overlap"": 2}, {""word"": ""Instead"", ""timed_overlap"": 2, ""column_overlap"": 2}, {""word"": ""beautifully"", ""timed_overlap"": 2, ""column_overlap"": 2}, {""word"": ""Search"", ""timed_overlap"": 2, ""column_overlap"": 2}]",completed,97,97,0
500,103,neural,1,pleasant,sustaining,100,100,100,True,3,3,0,0,,107,"[{""word"": ""sustaining"", ""timed_overlap"": 3, ""column_overlap"": 3}, {""word"": ""Straight"", ""timed_overlap"": 2, ""column_overlap"": 2}, {""word"": ""closing"", ""timed_overlap"": 2, ""column_overlap"": 2}, {""word"": ""seem"", ""timed_overlap"": 2, ""column_overlap"": 2}, {""word"": ""brought"", ""timed_overlap"": 2, ""column_overlap"": 2}]",completed,82,10,0
500,103,neural,2,after,train,100,100,100,True,2,3,0,0,,130,"[{""word"": ""train"", ""timed_overlap"": 2, ""column_overlap"": 3}, {""word"": ""months"", ""timed_overlap"": 2, ""column_overlap"": 3}, {""word"": ""eggs"", ""timed_overlap"": 2, ""column_overlap"": 2}, {""word"": ""rejoined"", ""timed_overlap"": 2, ""column_overlap"": 2}, {""word"": ""themselves"", ""timed_overlap"": 2, ""column_overlap"": 2}]",completed,100,100,0
500,103,neural,3,the,seen,99,99,99,True,2,3,0,0,,117,"[{""word"": ""seen"", ""timed_overlap"": 2, ""column_overlap"": 3}, {""word"": ""some"", ""timed_overlap"": 2, ""column_overlap"": 2}, {""word"": ""Nobody"", ""timed_overlap"": 2, ""column_overlap"": 2}, {""word"": ""even"", ""timed_overlap"": 2, ""column_overlap"": 2}, {""word"": ""A"", ""timed_overlap"": 2, ""column_overlap"": 2}]",completed,100,100,0
500,103,neural,4,troublous,ladies,99,99,99,True,2,3,0,0,,115,"[{""word"": ""ladies"", ""timed_overlap"": 2, ""column_overlap"": 3}, {""word"": ""rare"", ""timed_overlap"": 2, ""column_overlap"": 3}, {""word"": ""closing"", ""timed_overlap"": 2, ""column_overlap"": 2}, {""word"": ""Scott"", ""timed_overlap"": 2, ""column_overlap"": 2}, {""word"": ""indeed"", ""timed_overlap"": 1, ""column_overlap"": 4}]",completed,99,99,0
500,104,neural,1,once,a,100,100,100,True,2,2,0,0,,67,"[{""word"": ""a"", ""timed_overlap"": 2, ""column_overlap"": 2}, {""word"": ""sweetens"", ""timed_overlap"": 2, ""column_overlap"": 2}, {""word"": ""elapsed"", ""timed_overlap"": 1, ""column_overlap"": 3}, {""word"": ""XV"", ""timed_overlap"": 1, ""column_overlap"": 2}, {""word"": ""visored"", ""timed_overlap"": 1, ""column_overlap"": 2}]",completed,100,10,0
500,104,neural,2,more,bait,100,100,100,True,3,3,0,0,,70,"[{""word"": ""bait"", ""timed_overlap"": 3, ""column_overlap"": 3}, {""word"": ""heard"", ""timed_overlap"": 2, ""column_overlap"": 2}, {""word"": ""Meanwhile"", ""timed_overlap"": 2, ""column_overlap"": 2}, {""word"": ""curious"", ""timed_overlap"": 1, ""column_overlap"": 3}, {""word"": ""while"", ""timed_overlap"": 1, ""column_overlap"": 2}]",completed,100,100,0
500,104,neural,3,back,demons,98,98,98,True,2,3,0,0,,95,"[{""word"": ""demons"", ""timed_overlap"": 2, ""column_overlap"": 3}, {""word"": ""squealed"", ""timed_overlap"": 2, ""column_overlap"": 2}, {""word"": ""naturally"", ""timed_overlap"": 2, ""column_overlap"": 2}, {""word"": ""'m"", ""timed_overlap"": 1, ""column_overlap"": 3}, {""word"": ""Peerless"", ""timed_overlap"": 1, ""column_overlap"": 3}]",completed,100,100,0
500,104,neural,4,.,Molly,97,97,97,True,2,5,0,0,,107,"[{""word"": ""Molly"", ""timed_overlap"": 2, ""column_overlap"": 5}, {""word"": ""stranger"", ""timed_overlap"": 2, ""column_overlap"": 3}, {""word"": ""violently"", ""timed_overlap"": 2, ""column_overlap"": 3}, {""word"": ""immensely"", ""timed_overlap"": 2, ""column_overlap"": 2}, {""word"": ""aunt"", ""timed_overlap"": 1, ""column_overlap"": 4}]",completed,98,98,0
500,105,neural,1,youth,applause,100,100,100,True,2,2,0,0,,86,"[{""word"": ""applause"", ""timed_overlap"": 2, ""column_overlap"": 2}, {""word"": ""Johnny"", ""timed_overlap"": 1, ""column_overlap"": 3}, {""word"": ""For"", ""timed_overlap"": 1, ""column_overlap"": 3}, {""word"": ""talked"", ""timed_overlap"": 1, ""column_overlap"": 3}, {""word"": ""know"", ""timed_overlap"": 1, ""column_overlap"": 3}]",completed,91,10,0
500,105,neural,2,and,see,99,99,99,True,2,2,0,0,,78,"[{""word"": ""see"", ""timed_overlap"": 2, ""column_overlap"": 2}, {""word"": ""haunting"", ""timed_overlap"": 1, ""column_overlap"": 2}, {""word"": ""around"", ""timed_overlap"": 1, ""column_overlap"": 2}, {""word"": ""Blair"", ""timed_overlap"": 1, ""column_overlap"": 2}, {""word"": ""-LSB-"", ""timed_overlap"": 1, ""column_overlap"": 2}]",completed,100,100,0
500,105,neural,3,want,approve,100,100,100,True,2,3,0,0,,131,"[{""word"": ""approve"", ""timed_overlap"": 2, ""column_overlap"": 3}, {""word"": ""trying"", ""timed_overlap"": 1, ""column_overlap"": 3}, {""word"": ""Daisy"", ""timed_overlap"": 1, ""column_overlap"": 3}, {""word"": ""Miss"", ""timed_overlap"": 1, ""column_overlap"": 3}, {""word"": ""blow"", ""timed_overlap"": 1, ""column_overlap"": 3}]",completed,99,99,0
500,105,neural,4,of,taking,100,100,100,True,2,3,0,0,,82,"[{""word"": ""taking"", ""timed_overlap"": 2, ""column_overlap"": 3}, {""word"": ""ladylike"", ""timed_overlap"": 2, ""column_overlap"": 3}, {""word"": ""dine"", ""timed_overlap"": 1, ""column_overlap"": 3}, {""word"": ""some"", ""timed_overlap"": 1, ""column_overlap"": 3}, {""word"": ""teeth"", ""timed_overlap"": 1, ""column_overlap"": 3}]",completed,100,100,0
500,106,neural,1,am,sleep,100,100,100,True,2,3,0,0,,92,"[{""word"": ""sleep"", ""timed_overlap"": 2, ""column_overlap"": 3}, {""word"": ""put"", ""timed_overlap"": 2, ""column_overlap"": 3}, {""word"": ""hate"", ""timed_overlap"": 2, ""column_overlap"": 2}, {""word"": ""ought"", ""timed_overlap"": 2, ""column_overlap"": 2}, {""word"": ""Meadow"", ""timed_overlap"": 2, ""column_overlap"": 2}]",completed,91,10,0
500,106,neural,2,now,day,100,100,100,True,2,3,0,0,,79,"[{""word"": ""day"", ""timed_overlap"": 2, ""column_overlap"": 3}, {""word"": ""course"", ""timed_overlap"": 2, ""column_overlap"": 2}, {""word"": ""In"", ""timed_overlap"": 2, ""column_overlap"": 2}, {""word"": ""carriage"", ""timed_overlap"": 1, ""column_overlap"": 4}, {""word"": ""wilt"", ""timed_overlap"": 1, ""column_overlap"": 3}]",completed,100,100,0
500,106,neural,3,",",terribly,99,99,99,True,2,3,0,0,,90,"[{""word"": ""terribly"", ""timed_overlap"": 2, ""column_overlap"": 3}, {""word"": ""feel"", ""timed_overlap"": 2, ""column_overlap"": 2}, {""word"": ""Frank"", ""timed_overlap"": 2, ""column_overlap"": 2}, {""word"": ""certainly"", ""timed_overlap"": 2, ""column_overlap"": 2}, {""word"": ""remarked"", ""timed_overlap"": 1, ""column_overlap"": 4}]",completed,100,100,0
500,106,neural,4,I,Their,98,98,98,True,2,2,0,0,,105,"[{""word"": ""Their"", ""timed_overlap"": 2, ""column_overlap"": 2}, {""word"": ""Squirrel"", ""timed_overlap"": 2, ""column_overlap"": 2}, {""word"": ""Lida"", ""timed_overlap"": 2, ""column_overlap"": 2}, {""word"": ""kiss"", ""timed_overlap"": 2, ""column_overlap"": 2}, {""word"": ""comfortingly"", ""timed_overlap"": 1, ""column_overlap"": 3}]",completed,99,99,0
500,107,neural,1,he,he,100,100,100,True,2,2,2,2,1,121,"[{""word"": ""he"", ""timed_overlap"": 2, ""column_overlap"": 2}, {""word"": ""''"", ""timed_overlap"": 2, ""column_overlap"": 2}, {""word"": ""those"", ""timed_overlap"": 1, ""column_overlap"": 4}, {""word"": ""inches"", ""timed_overlap"": 1, ""column_overlap"": 4}, {""word"": ""friend"", ""timed_overlap"": 1, ""column_overlap"": 3}]",completed,91,10,0
500,107,neural,2,gave,said,99,99,99,True,2,3,0,0,,67,"[{""word"": ""said"", ""timed_overlap"": 2, ""column_overlap"": 3}, {""word"": ""Sometimes"", ""timed_overlap"": 2, ""column_overlap"": 2}, {""word"": ""dine"", ""timed_overlap"": 1, ""column_overlap"": 3}, {""word"": ""church"", ""timed_overlap"": 1, ""column_overlap"": 2}, {""word"": ""break"", ""timed_overlap"": 1, ""column_overlap"": 2}]",completed,100,100,0
500,107,neural,3,an,terrified,100,100,100,True,1,4,0,0,,80,"[{""word"": ""terrified"", ""timed_overlap"": 1, ""column_overlap"": 4}, {""word"": ""am"", ""timed_overlap"": 1, ""column_overlap"": 4}, {""word"": ""doubt"", ""timed_overlap"": 1, ""column_overlap"": 3}, {""word"": ""died"", ""timed_overlap"": 1, ""column_overlap"": 3}, {""word"": ""suppose"", ""timed_overlap"": 1, ""column_overlap"": 3}]",completed,99,99,0
500,107,neural,4,order,stern-sheets,97,97,97,True,2,4,0,0,,122,"[{""word"": ""stern-sheets"", ""timed_overlap"": 2, ""column_overlap"": 4}, {""word"": ""well"", ""timed_overlap"": 2, ""column_overlap"": 2}, {""word"": ""eye"", ""timed_overlap"": 1, ""column_overlap"": 4}, {""word"": ""terribly"", ""timed_overlap"": 1, ""column_overlap"": 3}, {""word"": ""times"", ""timed_overlap"": 1, ""column_overlap"": 3}]",completed,100,100,0
500,108,neural,1,off,week,98,98,98,True,2,2,0,0,,156,"[{""word"": ""week"", ""timed_overlap"": 2, ""column_overlap"": 2}, {""word"": ""brought"", ""timed_overlap"": 2, ""column_overlap"": 2}, {""word"": ""others"", ""timed_overlap"": 2, ""column_overlap"": 2}, {""word"": ""twitch"", ""timed_overlap"": 2, ""column_overlap"": 2}, {""word"": ""Wendy"", ""timed_overlap"": 2, ""column_overlap"": 2}]",completed,82,10,0
500,108,neural,2,to,deal,99,99,99,True,2,2,0,0,,107,"[{""word"": ""deal"", ""timed_overlap"": 2, ""column_overlap"": 2}, {""word"": ""bought"", ""timed_overlap"": 2, ""column_overlap"": 2}, {""word"": ""at"", ""timed_overlap"": 1, ""column_overlap"": 3}, {""word"": ""deny"", ""timed_overlap"": 1, ""column_overlap"": 3}, {""word"": ""ladies"", ""timed_overlap"": 1, ""column_overlap"": 3}]",completed,98,98,0
500,108,neural,3,see,dares,99,99,99,True,2,2,0,0,,124,"[{""word"": ""dares"", ""timed_overlap"": 2, ""column_overlap"": 2}, {""word"": ""As"", ""timed_overlap"": 2, ""column_overlap"": 2}, {""word"": ""months"", ""timed_overlap"": 1, ""column_overlap"": 5}, {""word"": ""Messua"", ""timed_overlap"": 1, ""column_overlap"": 3}, {""word"": ""good"", ""timed_overlap"": 1, ""column_overlap"": 3}]",completed,99,99,0
500,108,neural,4,Bessy,snowshoeing,96,96,96,True,2,2,1,2,32,101,"[{""word"": ""snowshoeing"", ""timed_overlap"": 2, ""column_overlap"": 2}, {""word"": ""denied"", ""timed_overlap"": 2, ""column_overlap"": 2}, {""word"": ""these"", ""timed_overlap"": 2, ""column_overlap"": 2}, {""word"": ""east"", ""timed_overlap"": 2, ""column_overlap"": 2}, {""word"": ""sable"", ""timed_overlap"": 1, ""column_overlap"": 4}]",completed,99,99,0
500,109,neural,1,a,seem,100,100,100,True,2,2,0,0,,98,"[{""word"": ""seem"", ""timed_overlap"": 2, ""column_overlap"": 2}, {""word"": ""herring"", ""timed_overlap"": 2, ""column_overlap"": 2}, {""word"": ""heard"", ""timed_overlap"": 2, ""column_overlap"": 2}, {""word"": ""helmet"", ""timed_overlap"": 2, ""column_overlap"": 2}, {""word"": ""him"", ""timed_overlap"": 2, ""column_overlap"": 2}]",completed,91,10,0
500,109,neural,2,lump,swearing,99,99,99,True,2,3,0,0,,78,"[{""word"": ""swearing"", ""timed_overlap"": 2, ""column_overlap"": 3}, {""word"": ""being"", ""timed_overlap"": 2, ""column_overlap"": 2}, {""word"": ""nor"", ""timed_overlap"": 1, ""column_overlap"": 4}, {""word"": ""ladylike"", ""timed_overlap"": 1, ""column_overlap"": 3}, {""word"": ""taking"", ""timed_overlap"": 1, ""column_overlap"": 3}]",completed,100,100,0
500,109,neural,3,came,Sara,98,98,98,True,2,4,0,0,,101,"[{""word"": ""Sara"", ""timed_overlap"": 2, ""column_overlap"": 4}, {""word"": ""common"", ""timed_overlap"": 2, ""column_overlap"": 2}, {""word"": ""Reddy"", ""timed_overlap"": 2, ""column_overlap"": 2}, {""word"": ""says"", ""timed_overlap"": 2, ""column_overlap"": 2}, {""word"": ""howled"", ""timed_overlap"": 2, ""column_overlap"": 2}]",completed,99,99,0
500,109,neural,4,into,carriage,99,99,99,True,2,3,0,0,,120,"[{""word"": ""carriage"", ""timed_overlap"": 2, ""column_overlap"": 3}, {""word"": ""long"", ""timed_overlap"": 2, ""column_overlap"": 2}, {""word"": ""rented"", ""timed_overlap"": 2, ""column_overlap"": 2}, {""word"": ""salt"", ""timed_overlap"": 1, ""column_overlap"": 4}, {""word"": ""wondered"", ""timed_overlap"": 1, ""column_overlap"": 3}]",completed,98,98,0
500,110,neural,1,and,detest,100,100,100,True,2,3,2,2,2,121,"[{""word"": ""detest"", ""timed_overlap"": 2, ""column_overlap"": 3}, {""word"": ""and"", ""timed_overlap"": 2, ""column_overlap"": 2}, {""word"": ""he"", ""timed_overlap"": 2, ""column_overlap"": 2}, {""word"": ""well"", ""timed_overlap"": 2, ""column_overlap"": 2}, {""word"": ""lump"", ""timed_overlap"": 1, ""column_overlap"": 4}]",completed,82,10,0
500,110,neural,2,they,most,100,100,100,True,2,3,0,0,,89,"[{""word"": ""most"", ""timed_overlap"": 2, ""column_overlap"": 3}, {""word"": ""said"", ""timed_overlap"": 2, ""column_overlap"": 3}, {""word"": ""running"", ""timed_overlap"": 2, ""column_overlap"": 2}, {""word"": ""helmet"", ""timed_overlap"": 2, ""column_overlap"": 2}, {""word"": ""COAT"", ""timed_overlap"": 1, ""column_overlap"": 3}]",completed,100,100,0
500,110,neural,3,could,grotto,100,100,100,True,3,3,0,0,,99,"[{""word"": ""grotto"", ""timed_overlap"": 3, ""column_overlap"": 3}, {""word"": ""terrified"", ""timed_overlap"": 2, ""column_overlap"": 2}, {""word"": ""artistic"", ""timed_overlap"": 2, ""column_overlap"": 2}, {""word"": ""knows"", ""timed_overlap"": 2, ""column_overlap"": 2}, {""word"": ""one"", ""timed_overlap"": 1, ""column_overlap"": 4}]",completed,100,100,0
500,110,neural,4,hear,Elder,99,99,99,True,2,2,0,0,,91,"[{""word"": ""Elder"", ""timed_overlap"": 2, ""column_overlap"": 2}, {""word"": ""Seek"", ""timed_overlap"": 2, ""column_overlap"": 2}, {""word"": ""close"", ""timed_overlap"": 2, ""column_overlap"": 2}, {""word"": ""at"", ""timed_overlap"": 2, ""column_overlap"": 2}, {""word"": ""appeared"", ""timed_overlap"": 1, ""column_overlap"": 3}]",completed,100,100,0
500,111,neural,1,quaggi,Carrots,100,100,100,True,2,2,0,0,,97,"[{""word"": ""Carrots"", ""timed_overlap"": 2, ""column_overlap"": 2}, {""word"": ""indeed"", ""timed_overlap"": 2, ""column_overlap"": 2}, {""word"": ""rank"", ""timed_overlap"": 2, ""column_overlap"": 2}, {""word"": ""beautiful"", ""timed_overlap"": 2, ""column_overlap"": 2}, {""word"": ""heard"", ""timed_overlap"": 1, ""column_overlap"": 3}]",completed,91,10,0
500,111,neural,2,",",But,98,98,98,True,2,2,0,0,,96,"[{""word"": ""But"", ""timed_overlap"": 2, ""column_overlap"": 2}, {""word"": ""Aunt"", ""timed_overlap"": 1, ""column_overlap"": 3}, {""word"": ""Sometimes"", ""timed_overlap"": 1, ""column_overlap"": 3}, {""word"": ""speak"", ""timed_overlap"": 1, ""column_overlap"": 2}, {""word"": ""bewildered"", ""timed_overlap"": 1, ""column_overlap"": 2}]",completed,100,100,0
500,111,neural,3,but,month,97,97,97,True,2,3,0,0,,60,"[{""word"": ""month"", ""timed_overlap"": 2, ""column_overlap"": 3}, {""word"": ""Marcella"", ""timed_overlap"": 2, ""column_overlap"": 2}, {""word"": ""WHY"", ""timed_overlap"": 2, ""column_overlap"": 2}, {""word"": ""ruther"", ""timed_overlap"": 1, ""column_overlap"": 3}, {""word"": ""PETER"", ""timed_overlap"": 1, ""column_overlap"": 2}]",completed,98,98,0
500,111,neural,4,my,as,99,99,99,True,2,3,0,0,,119,"[{""word"": ""as"", ""timed_overlap"": 2, ""column_overlap"": 3}, {""word"": ""every"", ""timed_overlap"": 2, ""column_overlap"": 2}, {""word"": ""nobody"", ""timed_overlap"": 1, ""column_overlap"": 4}, {""word"": ""Cecily"", ""timed_overlap"": 1, ""column_overlap"": 4}, {""word"": ""Felicity"", ""timed_overlap"": 1, ""column_overlap"": 3}]",completed,97,97,0
500,112,neural,1,you,glanced,99,99,99,True,2,3,0,0,,101,"[{""word"": ""glanced"", ""timed_overlap"": 2, ""column_overlap"": 3}, {""word"": ""HAS"", ""timed_overlap"": 2, ""column_overlap"": 2}, {""word"": ""Instead"", ""timed_overlap"": 1, ""column_overlap"": 3}, {""word"": ""agreement"", ""timed_overlap"": 1, ""column_overlap"": 3}, {""word"": ""doctor"", ""timed_overlap"": 1, ""column_overlap"": 3}]",completed,100,10,0
500,112,neural,2,were,mosquito,100,100,100,True,3,3,0,0,,118,"[{""word"": ""mosquito"", ""timed_overlap"": 3, ""column_overlap"": 3}, {""word"": ""Thereupon"", ""timed_overlap"": 2, ""column_overlap"": 2}, {""word"": ""ago"", ""timed_overlap"": 1, ""column_overlap"": 4}, {""word"": ""months"", ""timed_overlap"": 1, ""column_overlap"": 3}, {""word"": ""fellow"", ""timed_overlap"": 1, ""column_overlap"": 3}]",completed,99,99,0
500,112,neural,3,fighting,remembering,98,98,98,True,2,3,1,2,29,92,"[{""word"": ""remembering"", ""timed_overlap"": 2, ""column_overlap"": 3}, {""word"": ""than"", ""timed_overlap"": 2, ""column_overlap"": 2}, {""word"": ""-LCB-"", ""timed_overlap"": 2, ""column_overlap"": 2}, {""word"": "":"", ""timed_overlap"": 1, ""column_overlap"": 3}, {""word"": ""strokes"", ""timed_overlap"": 1, ""column_overlap"": 3}]",completed,100,100,0
500,112,neural,4,about,Skunk,99,99,99,True,2,3,0,0,,94,"[{""word"": ""Skunk"", ""timed_overlap"": 2, ""column_overlap"": 3}, {""word"": ""Aunt"", ""timed_overlap"": 2, ""column_overlap"": 3}, {""word"": ""says"", ""timed_overlap"": 1, ""column_overlap"": 3}, {""word"": ""parents"", ""timed_overlap"": 1, ""column_overlap"": 3}, {""word"": ""walls"", ""timed_overlap"": 1, ""column_overlap"": 3}]",completed,98,98,0
500,113,neural,1,find,be,100,100,100,True,2,2,0,0,,73,"[{""word"": ""be"", ""timed_overlap"": 2, ""column_overlap"": 2}, {""word"": ""rainy"", ""timed_overlap"": 1, ""column_overlap"": 3}, {""word"": ""Kenneth"", ""timed_overlap"": 1, ""column_overlap"": 3}, {""word"": ""begging"", ""timed_overlap"": 1, ""column_overlap"": 3}, {""word"": ""however"", ""timed_overlap"": 1, ""column_overlap"": 3}]",completed,91,10,0
500,113,neural,2,that,Sue,100,100,100,True,2,3,0,0,,111,"[{""word"": ""Sue"", ""timed_overlap"": 2, ""column_overlap"": 3}, {""word"": ""deny"", ""timed_overlap"": 2, ""column_overlap"": 3}, {""word"": ""hat"", ""timed_overlap"": 2, ""column_overlap"": 3}, {""word"": ""hearts"", ""timed_overlap"": 2, ""column_overlap"": 2}, {""word"": ""from"", ""timed_overlap"": 2, ""column_overlap"": 2}]",completed,100,100,0
500,113,neural,3,she,Jem,99,99,99,True,2,4,0,0,,123,"[{""word"": ""Jem"", ""timed_overlap"": 2, ""column_overlap"": 4}, {""word"": ""tongue"", ""timed_overlap"": 2, ""column_overlap"": 4}, {""word"": ""Put"", ""timed_overlap"": 2, ""column_overlap"": 4}, {""word"": ""sword"", ""timed_overlap"": 2, ""column_overlap"": 3}, {""word"": ""world"", ""timed_overlap"": 2, ""column_overlap"": 2}]",completed,100,100,0
500,113,neural,4,HAD,pink,99,99,99,True,2,3,0,0,,119,"[{""word"": ""pink"", ""timed_overlap"": 2, ""column_overlap"": 3}, {""word"": ""Jay"", ""timed_overlap"": 2, ""column_overlap"": 2}, {""word"": ""ground"", ""timed_overlap"": 1, ""column_overlap"": 3}, {""word"": ""faults"", ""timed_overlap"": 1, ""column_overlap"": 3}, {""word"": ""chatter"", ""timed_overlap"": 1, ""column_overlap"": 3}]",completed,99,99,0
500,114,neural,1,is,pen,99,99,99,True,2,4,0,0,,109,"[{""word"": ""pen"", ""timed_overlap"": 2, ""column_overlap"": 4}, {""word"": "":"", ""timed_overlap"": 2, ""column_overlap"": 4}, {""word"": ""men"", ""timed_overlap"": 2, ""column_overlap"": 2}, {""word"": ""HAS"", ""timed_overlap"": 2, ""column_overlap"": 2}, {""word"": ""round"", ""timed_overlap"": 1, ""column_overlap"": 4}]",completed,91,10,0
500,114,neural,2,ended,quite,100,100,100,True,2,2,0,0,,72,"[{""word"": ""quite"", ""timed_overlap"": 2, ""column_overlap"": 2}, {""word"": ""ride"", ""timed_overlap"": 1, ""column_overlap"": 3}, {""word"": ""Sir"", ""timed_overlap"": 1, ""column_overlap"": 2}, {""word"": ""agreement"", ""timed_overlap"": 1, ""column_overlap"": 2}, {""word"": ""started"", ""timed_overlap"": 1, ""column_overlap"": 2}]",completed,99,99,0
500,114,neural,3,",",months,99,99,99,True,2,3,0,0,,90,"[{""word"": ""months"", ""timed_overlap"": 2, ""column_overlap"": 3}, {""word"": ""Saturday"", ""timed_overlap"": 2, ""column_overlap"": 2}, {""word"": ""hearse"", ""timed_overlap"": 2, ""column_overlap"": 2}, {""word"": ""Well"", ""timed_overlap"": 2, ""column_overlap"": 2}, {""word"": ""fear"", ""timed_overlap"": 2, ""column_overlap"": 2}]",completed,100,100,0
500,114,neural,4,'',recovered,99,99,99,True,2,4,0,0,,92,"[{""word"": ""recovered"", ""timed_overlap"": 2, ""column_overlap"": 4}, {""word"": ""cake"", ""timed_overlap"": 2, ""column_overlap"": 4}, {""word"": ""more"", ""timed_overlap"": 2, ""column_overlap"": 2}, {""word"": ""Oh"", ""timed_overlap"": 2, ""column_overlap"": 2}, {""word"": ""Then"", ""timed_overlap"": 2, ""column_overlap"": 2}]",completed,99,99,0
500,115,neural,1,that,Meredith,91,91,91,True,2,3,0,0,,165,"[{""word"": ""Meredith"", ""timed_overlap"": 2, ""column_overlap"": 3}, {""word"": ""dwelt"", ""timed_overlap"": 2, ""column_overlap"": 2}, {""word"": ""See"", ""timed_overlap"": 2, ""column_overlap"": 2}, {""word"": ""ogress"", ""timed_overlap"": 1, ""column_overlap"": 4}, {""word"": ""order"", ""timed_overlap"": 1, ""column_overlap"": 4}]",completed,64,10,0
500,115,neural,2,there,Peoples,99,99,99,True,2,3,0,0,,85,"[{""word"": ""Peoples"", ""timed_overlap"": 2, ""column_overlap"": 3}, {""word"": ""nobody"", ""timed_overlap"": 2, ""column_overlap"": 2}, {""word"": ""Take"", ""timed_overlap"": 2, ""column_overlap"": 2}, {""word"": ""thanked"", ""timed_overlap"": 2, ""column_overlap"": 2}, {""word"": ""talked"", ""timed_overlap"": 1, ""column_overlap"": 3}]",completed,91,91,0
500,115,neural,3,was,denied,99,99,99,True,2,3,0,0,,87,"[{""word"": ""denied"", ""timed_overlap"": 2, ""column_overlap"": 3}, {""word"": ""stern"", ""timed_overlap"": 2, ""column_overlap"": 2}, {""word"": ""amused"", ""timed_overlap"": 2, ""column_overlap"": 2}, {""word"": ""danced"", ""timed_overlap"": 2, ""column_overlap"": 2}, {""word"": ""these"", ""timed_overlap"": 1, ""column_overlap"": 3}]",completed,99,99,0
500,115,neural,4,something,round,98,98,98,True,2,2,1,3,4,105,"[{""word"": ""round"", ""timed_overlap"": 2, ""column_overlap"": 2}, {""word"": ""early"", ""timed_overlap"": 2, ""column_overlap"": 2}, {""word"": ""months"", ""timed_overlap"": 2, ""column_overlap"": 2}, {""word"": ""something"", ""timed_overlap"": 1, ""column_overlap"": 3}, {""word"": ""till"", ""timed_overlap"": 1, ""column_overlap"": 3}]",completed,99,99,0
500,116,neural,1,could,Schmidt,100,100,100,True,2,3,0,0,,80,"[{""word"": ""Schmidt"", ""timed_overlap"": 2, ""column_overlap"": 3}, {""word"": ""holiday"", ""timed_overlap"": 1, ""column_overlap"": 3}, {""word"": ""Paul"", ""timed_overlap"": 1, ""column_overlap"": 3}, {""word"": ""its"", ""timed_overlap"": 1, ""column_overlap"": 3}, {""word"": ""wife"", ""timed_overlap"": 1, ""column_overlap"": 2}]",completed,82,10,0
500,116,neural,2,n't,suppose,98,98,98,True,2,2,1,2,7,68,"[{""word"": ""suppose"", ""timed_overlap"": 2, ""column_overlap"": 2}, {""word"": ""'re"", ""timed_overlap"": 1, ""column_overlap"": 3}, {""word"": ""Sammy"", ""timed_overlap"": 1, ""column_overlap"": 3}, {""word"": ""whereon"", ""timed_overlap"": 1, ""column_overlap"": 2}, {""word"": ""sorry"", ""timed_overlap"": 1, ""column_overlap"": 2}]",completed,100,100,0
500,116,neural,3,help,children,98,98,98,True,2,2,0,0,,122,"[{""word"": ""children"", ""timed_overlap"": 2, ""column_overlap"": 2}, {""word"": ""stern"", ""timed_overlap"": 2, ""column_overlap"": 2}, {""word"": ""wished"", ""timed_overlap"": 1, ""column_overlap"": 3}, {""word"": ""denied"", ""timed_overlap"": 1, ""column_overlap"": 3}, {""word"": ""get"", ""timed_overlap"": 1, ""column_overlap"": 3}]",completed,98,98,0
500,116,neural,4,feeling,should,98,98,98,True,2,3,0,0,,98,"[{""word"": ""should"", ""timed_overlap"": 2, ""column_overlap"": 3}, {""word"": ""speak"", ""timed_overlap"": 2, ""column_overlap"": 3}, {""word"": ""misty"", ""timed_overlap"": 2, ""column_overlap"": 2}, {""word"": ""Put"", ""timed_overlap"": 2, ""column_overlap"": 2}, {""word"": ""peck"", ""timed_overlap"": 1, ""column_overlap"": 3}]",completed,98,98,0
500,117,neural,1,Old,be,100,100,100,True,2,4,0,0,,112,"[{""word"": ""be"", ""timed_overlap"": 2, ""column_overlap"": 4}, {""word"": ""There"", ""timed_overlap"": 2, ""column_overlap"": 2}, {""word"": ""things"", ""timed_overlap"": 2, ""column_overlap"": 2}, {""word"": ""mud"", ""timed_overlap"": 2, ""column_overlap"": 2}, {""word"": ""Fellow"", ""timed_overlap"": 1, ""column_overlap"": 4}]",completed,73,10,0
500,117,neural,2,Mother,imps,100,100,100,True,2,2,0,0,,78,"[{""word"": ""imps"", ""timed_overlap"": 2, ""column_overlap"": 2}, {""word"": ""lay"", ""timed_overlap"": 2, ""column_overlap"": 2}, {""word"": ""upon"", ""timed_overlap"": 2, ""column_overlap"": 2}, {""word"": ""has"", ""timed_overlap"": 1, ""column_overlap"": 3}, {""word"": ""denied"", ""timed_overlap"": 1, ""column_overlap"": 3}]",completed,100,100,0
500,117,neural,3,West,mercy,99,99,99,True,2,2,0,0,,85,"[{""word"": ""mercy"", ""timed_overlap"": 2, ""column_overlap"": 2}, {""word"": ""snowshoeing"", ""timed_overlap"": 2, ""column_overlap"": 2}, {""word"": ""neither"", ""timed_overlap"": 1, ""column_overlap"": 3}, {""word"": ""men"", ""timed_overlap"": 1, ""column_overlap"": 2}, {""word"": ""mind"", ""timed_overlap"": 1, ""column_overlap"": 2}]",completed,100,100,0
500,117,neural,4,Wind,kiss,98,98,98,True,2,2,0,0,,81,"[{""word"": ""kiss"", ""timed_overlap"": 2, ""column_overlap"": 2}, {""word"": ""as"", ""timed_overlap"": 2, ""column_overlap"": 2}, {""word"": ""tittered"", ""timed_overlap"": 1, ""column_overlap"": 3}, {""word"": ""received"", ""timed_overlap"": 1, ""column_overlap"": 3}, {""word"": ""glad"", ""timed_overlap"": 1, ""column_overlap"": 3}]",completed,99,99,0
500,118,neural,1,of,Raising,96,96,96,True,2,3,1,1,72,119,"[{""word"": ""Raising"", ""timed_overlap"": 2, ""column_overlap"": 3}, {""word"": ""bestrewn"", ""timed_overlap"": 2, ""column_overlap"": 2}, {""word"": ""sensible"", ""timed_overlap"": 2, ""column_overlap"": 2}, {""word"": ""such"", ""timed_overlap"": 1, ""column_overlap"": 4}, {""word"": ""go"", ""timed_overlap"": 1, ""column_overlap"": 3}]",completed,91,10,0
500,118,neural,2,a,round,100,100,100,True,2,3,0,0,,84,"[{""word"": ""round"", ""timed_overlap"": 2, ""column_overlap"": 3}, {""word"": ""visored"", ""timed_overlap"": 2, ""column_overlap"": 2}, {""word"": ""Lida"", ""timed_overlap"": 1, ""column_overlap"": 3}, {""word"": ""nurse"", ""timed_overlap"": 1, ""column_overlap"": 2}, {""word"": ""once"", ""timed_overlap"": 1, ""column_overlap"": 2}]",completed,96,96,0
500,118,neural,3,smile,statelier,100,100,100,True,2,2,0,0,,63,"[{""word"": ""statelier"", ""timed_overlap"": 2, ""column_overlap"": 2}, {""word"": ""withdrew"", ""timed_overlap"": 2, ""column_overlap"": 2}, {""word"": ""Bab"", ""timed_overlap"": 2, ""column_overlap"": 2}, {""word"": ""Felicity"", ""timed_overlap"": 1, ""column_overlap"": 4}, {""word"": ""closing"", ""timed_overlap"": 1, ""column_overlap"": 3}]",completed,100,100,0
500,118,neural,4,.,ten,98,98,98,True,2,3,0,0,,90,"[{""word"": ""ten"", ""timed_overlap"": 2, ""column_overlap"": 3}, {""word"": ""sable"", ""timed_overlap"": 2, ""column_overlap"": 2}, {""word"": ""Most"", ""timed_overlap"": 2, ""column_overlap"": 2}, {""word"": ""bestrewn"", ""timed_overlap"": 1, ""column_overlap"": 4}, {""word"": ""blades"", ""timed_overlap"": 1, ""column_overlap"": 3}]",completed,100,100,0
500,119,neural,1,",",GRACIOSA,100,100,100,True,3,4,0,0,,144,"[{""word"": ""GRACIOSA"", ""timed_overlap"": 3, ""column_overlap"": 4}, {""word"": ""with"", ""timed_overlap"": 3, ""column_overlap"": 3}, {""word"": ""You"", ""timed_overlap"": 2, ""column_overlap"": 4}, {""word"": ""would"", ""timed_overlap"": 2, ""column_overlap"": 3}, {""word"": ""departs"", ""timed_overlap"": 2, ""column_overlap"": 3}]",completed,82,10,0
500,119,neural,2,my,were,98,98,98,True,1,3,1,1,45,69,"[{""word"": ""were"", ""timed_overlap"": 1, ""column_overlap"": 3}, {""word"": ""willow"", ""timed_overlap"": 1, ""column_overlap"": 3}, {""word"": ""poor"", ""timed_overlap"": 1, ""column_overlap"": 2}, {""word"": ""hand"", ""timed_overlap"": 1, ""column_overlap"": 2}, {""word"": ""Charlotte"", ""timed_overlap"": 1, ""column_overlap"": 2}]",completed,100,100,0
500,119,neural,3,frozen,broadest,100,100,100,True,2,3,0,0,,50,"[{""word"": ""broadest"", ""timed_overlap"": 2, ""column_overlap"": 3}, {""word"": ""Leslie"", ""timed_overlap"": 2, ""column_overlap"": 2}, {""word"": ""But"", ""timed_overlap"": 1, ""column_overlap"": 3}, {""word"": ""asked"", ""timed_overlap"": 1, ""column_overlap"": 3}, {""word"": ""silence"", ""timed_overlap"": 1, ""column_overlap"": 2}]",completed,98,98,0
500,119,neural,4,friend,Gray,100,100,100,True,2,3,0,0,,103,"[{""word"": ""Gray"", ""timed_overlap"": 2, ""column_overlap"": 3}, {""word"": ""calmly"", ""timed_overlap"": 2, ""column_overlap"": 2}, {""word"": ""habit"", ""timed_overlap"": 2, ""column_overlap"": 2}, {""word"": ""jewels"", ""timed_overlap"": 2, ""column_overlap"": 2}, {""word"": ""hair"", ""timed_overlap"": 2, ""column_overlap"": 2}]",completed,100,100,0
500,120,neural,1,Clever,Dorinda,100,100,100,True,2,3,0,0,,135,"[{""word"": ""Dorinda"", ""timed_overlap"": 2, ""column_overlap"": 3}, {""word"": ""remembering"", ""timed_overlap"": 2, ""column_overlap"": 3}, {""word"": ""One"", ""timed_overlap"": 2, ""column_overlap"": 3}, {""word"": ""ran"", ""timed_overlap"": 2, ""column_overlap"": 3}, {""word"": ""reserved"", ""timed_overlap"": 2, ""column_overlap"": 2}]",completed,73,10,0
500,120,neural,2,Alice,Jem,99,99,99,True,2,3,0,0,,104,"[{""word"": ""Jem"", ""timed_overlap"": 2, ""column_overlap"": 3}, {""word"": ""ate"", ""timed_overlap"": 1, ""column_overlap"": 4}, {""word"": ""below"", ""timed_overlap"": 1, ""column_overlap"": 3}, {""word"": ""chair"", ""timed_overlap"": 1, ""column_overlap"": 3}, {""word"": ""hearty"", ""timed_overlap"": 1, ""column_overlap"": 3}]",completed,100,100,0
500,120,neural,3,in,Prince,99,99,99,True,2,2,0,0,,92,"[{""word"": ""Prince"", ""timed_overlap"": 2, ""column_overlap"": 2}, {""word"": ""some"", ""timed_overlap"": 2, ""column_overlap"": 2}, {""word"": ""calmly"", ""timed_overlap"": 1, ""column_overlap"": 3}, {""word"": ""good"", ""timed_overlap"": 1, ""column_overlap"": 3}, {""word"": ""cried"", ""timed_overlap"": 1, ""column_overlap"": 3}]",completed,99,99,0
500,120,neural,4,the,Ideal,99,99,99,True,2,2,1,1,40,88,"[{""word"": ""Ideal"", ""timed_overlap"": 2, ""column_overlap"": 2}, {""word"": ""squealed"", ""timed_overlap"": 2, ""column_overlap"": 2}, {""word"": ""fell"", ""timed_overlap"": 2, ""column_overlap"": 2}, {""word"": ""once"", ""timed_overlap"": 2, ""column_overlap"": 2}, {""word"": ""those"", ""timed_overlap"": 1, ""column_overlap"": 3}]",completed,99,99,0
500,121,neural,1,",",See,100,100,100,True,2,3,0,0,,131,"[{""word"": ""See"", ""timed_overlap"": 2, ""column_overlap"": 3}, {""word"": ""sentence"", ""timed_overlap"": 2, ""column_overlap"": 3}, {""word"": ""wore"", ""timed_overlap"": 2, ""column_overlap"": 2}, {""word"": ""grass"", ""timed_overlap"": 2, ""column_overlap"": 2}, {""word"": ""Then"", ""timed_overlap"": 2, ""column_overlap"": 2}]",completed,64,10,0
500,121,neural,2,',tell,98,98,98,True,2,2,1,1,67,97,"[{""word"": ""tell"", ""timed_overlap"": 2, ""column_overlap"": 2}, {""word"": ""Gray"", ""timed_overlap"": 1, ""column_overlap"": 4}, {""word"": ""her"", ""timed_overlap"": 1, ""column_overlap"": 3}, {""word"": ""ceased"", ""timed_overlap"": 1, ""column_overlap"": 3}, {""word"": ""Aunt"", ""timed_overlap"": 1, ""column_overlap"": 3}]",completed,100,100,0
500,121,neural,3,O,Murray,96,96,96,True,2,3,0,0,,74,"[{""word"": ""Murray"", ""timed_overlap"": 2, ""column_overlap"": 3}, {""word"": ""month"", ""timed_overlap"": 1, ""column_overlap"": 3}, {""word"": ""two"", ""timed_overlap"": 1, ""column_overlap"": 3}, {""word"": ""Marsch"", ""timed_overlap"": 1, ""column_overlap"": 3}, {""word"": ""slaves"", ""timed_overlap"": 1, ""column_overlap"": 2}]",completed,98,98,0
500,121,neural,4,my,-LCB-,95,95,95,True,2,3,0,0,,100,"[{""word"": ""-LCB-"", ""timed_overlap"": 2, ""column_overlap"": 3}, {""word"": ""leaving"", ""timed_overlap"": 2, ""column_overlap"": 2}, {""word"": ""silence"", ""timed_overlap"": 2, ""column_overlap"": 2}, {""word"": ""!"", ""timed_overlap"": 1, ""column_overlap"": 4}, {""word"": ""eat"", ""timed_overlap"": 1, ""column_overlap"": 3}]",completed,96,96,0
500,122,neural,1,with,Jimmy,96,96,96,True,2,4,1,1,111,141,"[{""word"": ""Jimmy"", ""timed_overlap"": 2, ""column_overlap"": 4}, {""word"": ""months"", ""timed_overlap"": 2, ""column_overlap"": 4}, {""word"": ""married"", ""timed_overlap"": 2, ""column_overlap"": 3}, {""word"": ""companioned"", ""timed_overlap"": 2, ""column_overlap"": 3}, {""word"": ""turned"", ""timed_overlap"": 2, ""column_overlap"": 2}]",completed,82,10,0
500,122,neural,2,her,Hans,100,100,100,True,1,3,0,0,,71,"[{""word"": ""Hans"", ""timed_overlap"": 1, ""column_overlap"": 3}, {""word"": ""Taylor"", ""timed_overlap"": 1, ""column_overlap"": 2}, {""word"": ""threw"", ""timed_overlap"": 1, ""column_overlap"": 2}, {""word"": ""clothes"", ""timed_overlap"": 1, ""column_overlap"": 2}, {""word"": ""knew"", ""timed_overlap"": 1, ""column_overlap"": 2}]",completed,96,96,0
500,122,neural,3,so,commanded,100,100,100,True,2,3,0,0,,111,"[{""word"": ""commanded"", ""timed_overlap"": 2, ""column_overlap"": 3}, {""word"": ""return"", ""timed_overlap"": 2, ""column_overlap"": 3}, {""word"": ""yonder"", ""timed_overlap"": 2, ""column_overlap"": 2}, {""word"": ""border"", ""timed_overlap"": 1, ""column_overlap"": 3}, {""word"": ""Susan"", ""timed_overlap"": 1, ""column_overlap"": 3}]",completed,100,100,0
500,122,neural,4,she,Miss,98,98,98,True,2,3,0,0,,123,"[{""word"": ""Miss"", ""timed_overlap"": 2, ""column_overlap"": 3}, {""word"": ""welcome"", ""timed_overlap"": 2, ""column_overlap"": 2}, {""word"": ""heated"", ""timed_overlap"": 2, ""column_overlap"": 2}, {""word"": ""rest"", ""timed_overlap"": 1, ""column_overlap"": 4}, {""word"": ""sweetens"", ""timed_overlap"": 1, ""column_overlap"": 4}]",completed,100,100,0
500,123,neural,1,as,detest,100,100,100,True,2,3,0,0,,121,"[{""word"": ""detest"", ""timed_overlap"": 2, ""column_overlap"": 3}, {""word"": ""well"", ""timed_overlap"": 2, ""column_overlap"": 2}, {""word"": ""and"", ""timed_overlap"": 2, ""column_overlap"": 2}, {""word"": ""he"", ""timed_overlap"": 2, ""column_overlap"": 2}, {""word"": ""lump"", ""timed_overlap"": 1, ""column_overlap"": 4}]",completed,82,10,0
500,123,neural,2,he,running,99,99,99,True,2,2,0,0,,82,"[{""word"": ""running"", ""timed_overlap"": 2, ""column_overlap"": 2}, {""word"": ""bust"", ""timed_overlap"": 2, ""column_overlap"": 2}, {""word"": ""III"", ""timed_overlap"": 1, ""column_overlap"": 3}, {""word"": ""These"", ""timed_overlap"": 1, ""column_overlap"": 2}, {""word"": ""reply"", ""timed_overlap"": 1, ""column_overlap"": 2}]",completed,100,100,0
500,123,neural,3,knew,Alice,99,99,99,True,2,2,0,0,,83,"[{""word"": ""Alice"", ""timed_overlap"": 2, ""column_overlap"": 2}, {""word"": ""dreams"", ""timed_overlap"": 1, ""column_overlap"": 4}, {""word"": ""dragging"", ""timed_overlap"": 1, ""column_overlap"": 3}, {""word"": ""WHY"", ""timed_overlap"": 1, ""column_overlap"": 3}, {""word"": ""made"", ""timed_overlap"": 1, ""column_overlap"": 3}]",completed,99,99,0
500,123,neural,4,the,growled,99,99,99,True,2,3,0,0,,89,"[{""word"": ""growled"", ""timed_overlap"": 2, ""column_overlap"": 3}, {""word"": ""to-morrow"", ""timed_overlap"": 2, ""column_overlap"": 2}, {""word"": ""swearing"", ""timed_overlap"": 2, ""column_overlap"": 2}, {""word"": ""ladylike"", ""timed_overlap"": 2, ""column_overlap"": 2}, {""word"": ""wilt"", ""timed_overlap"": 1, ""column_overlap"": 3}]",completed,99,99,0
500,124,neural,1,Abel,remarked,100,100,100,True,3,3,0,0,,105,"[{""word"": ""remarked"", ""timed_overlap"": 3, ""column_overlap"": 3}, {""word"": ""promise"", ""timed_overlap"": 2, ""column_overlap"": 4}, {""word"": ""grass"", ""timed_overlap"": 2, ""column_overlap"": 3}, {""word"": ""Behind"", ""timed_overlap"": 2, ""column_overlap"": 3}, {""word"": ""impudent"", ""timed_overlap"": 2, ""column_overlap"": 2}]",completed,91,10,0
500,124,neural,2,Blair,Jesse,100,100,100,True,3,3,0,0,,84,"[{""word"": ""Jesse"", ""timed_overlap"": 3, ""column_overlap"": 3}, {""word"": ""Mary"", ""timed_overlap"": 2, ""column_overlap"": 4}, {""word"": ""him"", ""timed_overlap"": 2, ""column_overlap"": 2}, {""word"": ""would"", ""timed_overlap"": 2, ""column_overlap"": 2}, {""word"": ""Look"", ""timed_overlap"": 1, ""column_overlap"": 4}]",completed,100,100,0
500,124,neural,3,;,under,98,98,98,True,2,3,0,0,,107,"[{""word"": ""under"", ""timed_overlap"": 2, ""column_overlap"": 3}, {""word"": ""sigh"", ""timed_overlap"": 2, ""column_overlap"": 2}, {""word"": ""hour"", ""timed_overlap"": 2, ""column_overlap"": 2}, {""word"": ""forward"", ""timed_overlap"": 1, ""column_overlap"": 3}, {""word"": ""dinner"", ""timed_overlap"": 1, ""column_overlap"": 3}]",completed,100,100,0
500,124,neural,4,and,eyes,95,95,95,True,2,2,0,0,,106,"[{""word"": ""eyes"", ""timed_overlap"": 2, ""column_overlap"": 2}, {""word"": ""worse"", ""timed_overlap"": 2, ""column_overlap"": 2}, {""word"": ""development"", ""timed_overlap"": 2, ""column_overlap"": 2}, {""word"": ""Clever"", ""timed_overlap"": 1, ""column_overlap"": 4}, {""word"": ""-RSB-"", ""timed_overlap"": 1, ""column_overlap"": 3}]",completed,98,98,0
500,125,neural,1,to,helmet,98,98,98,True,3,3,0,0,,100,"[{""word"": ""helmet"", ""timed_overlap"": 3, ""column_overlap"": 3}, {""word"": ""bought"", ""timed_overlap"": 2, ""column_overlap"": 3}, {""word"": ""nice"", ""timed_overlap"": 2, ""column_overlap"": 2}, {""word"": ""heard"", ""timed_overlap"": 2, ""column_overlap"": 2}, {""word"": ""Williamson"", ""timed_overlap"": 1, ""column_overlap"": 3}]",completed,82,10,0
500,125,neural,2,ask,milk,100,100,100,True,2,3,0,0,,82,"[{""word"": ""milk"", ""timed_overlap"": 2, ""column_overlap"": 3}, {""word"": ""sorry"", ""timed_overlap"": 2, ""column_overlap"": 3}, {""word"": ""Because"", ""timed_overlap"": 2, ""column_overlap"": 2}, {""word"": ""Obey"", ""timed_overlap"": 2, ""column_overlap"": 2}, {""word"": ""First"", ""timed_overlap"": 2, ""column_overlap"": 2}]",completed,98,98,0
500,125,neural,3,Robert,satisfied,97,97,97,True,2,4,0,0,,97,"[{""word"": ""satisfied"", ""timed_overlap"": 2, ""column_overlap"": 4}, {""word"": "":"", ""timed_overlap"": 2, ""column_overlap"": 3}, {""word"": ""sisters"", ""timed_overlap"": 2, ""column_overlap"": 3}, {""word"": ""Cyrilla"", ""timed_overlap"": 2, ""column_overlap"": 2}, {""word"": ""common"", ""timed_overlap"": 1, ""column_overlap"": 4}]",completed,100,100,0
500,125,neural,4,Williamson,deal,97,97,97,True,2,2,0,0,,123,"[{""word"": ""deal"", ""timed_overlap"": 2, ""column_overlap"": 2}, {""word"": ""wonder"", ""timed_overlap"": 1, ""column_overlap"": 4}, {""word"": ""drop"", ""timed_overlap"": 1, ""column_overlap"": 4}, {""word"": ""effort"", ""timed_overlap"": 1, ""column_overlap"": 3}, {""word"": ""mean"", ""timed_overlap"": 1, ""column_overlap"": 3}]",completed,97,97,0
500,126,neural,1,to,length,98,98,98,True,2,3,0,0,,92,"[{""word"": ""length"", ""timed_overlap"": 2, ""column_overlap"": 3}, {""word"": ""course"", ""timed_overlap"": 2, ""column_overlap"": 2}, {""word"": ""many"", ""timed_overlap"": 2, ""column_overlap"": 2}, {""word"": ""nurse"", ""timed_overlap"": 2, ""column_overlap"": 2}, {""word"": ""heard"", ""timed_overlap"": 1, ""column_overlap"": 3}]",completed,73,10,0
500,126,neural,2,have,broad,100,100,100,True,2,2,0,0,,81,"[{""word"": ""broad"", ""timed_overlap"": 2, ""column_overlap"": 2}, {""word"": ""best"", ""timed_overlap"": 2, ""column_overlap"": 2}, {""word"": ""ate"", ""timed_overlap"": 1, ""column_overlap"": 4}, {""word"": ""happily"", ""timed_overlap"": 1, ""column_overlap"": 3}, {""word"": ""make"", ""timed_overlap"": 1, ""column_overlap"": 3}]",completed,98,98,0
500,126,neural,3,a,'re,100,100,100,True,2,3,0,0,,89,"[{""word"": ""'re"", ""timed_overlap"": 2, ""column_overlap"": 3}, {""word"": ""themselves"", ""timed_overlap"": 2, ""column_overlap"": 3}, {""word"": ""ambitions"", ""timed_overlap"": 2, ""column_overlap"": 2}, {""word"": ""See"", ""timed_overlap"": 2, ""column_overlap"": 2}, {""word"": ""tremble"", ""timed_overlap"": 1, ""column_overlap"": 3}]",completed,100,100,0
500,126,neural,4,feast,however,98,98,98,True,2,3,0,0,,87,"[{""word"": ""however"", ""timed_overlap"": 2, ""column_overlap"": 3}, {""word"": ""Marsch"", ""timed_overlap"": 2, ""column_overlap"": 2}, {""word"": ""lonesome"", ""timed_overlap"": 2, ""column_overlap"": 2}, {""word"": ""speak"", ""timed_overlap"": 1, ""column_overlap"": 3}, {""word"": ""pleased"", ""timed_overlap"": 1, ""column_overlap"": 3}]",completed,100,100,0
500,127,neural,1,",",Priscilla,100,100,100,True,2,3,0,0,,86,"[{""word"": ""Priscilla"", ""timed_overlap"": 2, ""column_overlap"": 3}, {""word"": ""shimmer"", ""timed_overlap"": 2, ""column_overlap"": 2}, {""word"": ""entered"", ""timed_overlap"": 2, ""column_overlap"": 2}, {""word"": ""how"", ""timed_overlap"": 1, ""column_overlap"": 3}, {""word"": ""better"", ""timed_overlap"": 1, ""column_overlap"": 3}]",completed,91,10,0
500,127,neural,2,with,more,100,100,100,True,2,3,0,0,,85,"[{""word"": ""more"", ""timed_overlap"": 2, ""column_overlap"": 3}, {""word"": ""probably"", ""timed_overlap"": 2, ""column_overlap"": 3}, {""word"": ""sometimes"", ""timed_overlap"": 2, ""column_overlap"": 2}, {""word"": ""DO"", ""timed_overlap"": 2, ""column_overlap"": 2}, {""word"": ""In"", ""timed_overlap"": 1, ""column_overlap"": 4}]",completed,100,100,0
500,127,neural,3,a,himself,99,99,99,True,2,2,0,0,,117,"[{""word"": ""himself"", ""timed_overlap"": 2, ""column_overlap"": 2}, {""word"": ""Johnny"", ""timed_overlap"": 2, ""column_overlap"": 2}, {""word"": ""whole"", ""timed_overlap"": 1, ""column_overlap"": 3}, {""word"": ""remembering"", ""timed_overlap"": 1, ""column_overlap"": 3}, {""word"": ""till"", ""timed_overlap"": 1, ""column_overlap"": 3}]",completed,100,100,0
500,127,neural,4,spear,Aunt,98,98,98,True,2,3,0,0,,81,"[{""word"": ""Aunt"", ""timed_overlap"": 2, ""column_overlap"": 3}, {""word"": ""o"", ""timed_overlap"": 2, ""column_overlap"": 2}, {""word"": ""says"", ""timed_overlap"": 2, ""column_overlap"": 2}, {""word"": ""hearth"", ""timed_overlap"": 1, ""column_overlap"": 3}, {""word"": ""boy"", ""timed_overlap"": 1, ""column_overlap"": 2}]",completed,99,99,0
500,128,neural,1,care,sultan,98,98,98,True,2,3,0,0,,101,"[{""word"": ""sultan"", ""timed_overlap"": 2, ""column_overlap"": 3}, {""word"": ""an"", ""timed_overlap"": 2, ""column_overlap"": 2}, {""word"": ""Miller"", ""timed_overlap"": 2, ""column_overlap"": 2}, {""word"": ""hive"", ""timed_overlap"": 1, ""column_overlap"": 4}, {""word"": ""distant"", ""timed_overlap"": 1, ""column_overlap"": 4}]",completed,73,10,0
500,128,neural,2,of,Anzacs,100,100,100,True,2,3,0,0,,89,"[{""word"": ""Anzacs"", ""timed_overlap"": 2, ""column_overlap"": 3}, {""word"": ""rose"", ""timed_overlap"": 2, ""column_overlap"": 3}, {""word"": ""swears"", ""timed_overlap"": 2, ""column_overlap"": 2}, {""word"": ""Lida"", ""timed_overlap"": 1, ""column_overlap"": 4}, {""word"": ""gay"", ""timed_overlap"": 1, ""column_overlap"": 4}]",completed,98,98,0
500,128,neural,3,you,artistic,100,100,100,True,2,3,0,0,,88,"[{""word"": ""artistic"", ""timed_overlap"": 2, ""column_overlap"": 3}, {""word"": ""hopes"", ""timed_overlap"": 2, ""column_overlap"": 2}, {""word"": ""Skunk"", ""timed_overlap"": 1, ""column_overlap"": 3}, {""word"": ""sure"", ""timed_overlap"": 1, ""column_overlap"": 3}, {""word"": ""her"", ""timed_overlap"": 1, ""column_overlap"": 3}]",completed,100,100,0
500,128,neural,4,as,about,99,99,99,True,2,3,0,0,,92,"[{""word"": ""about"", ""timed_overlap"": 2, ""column_overlap"": 3}, {""word"": ""twitch"", ""timed_overlap"": 2, ""column_overlap"": 2}, {""word"": ""however"", ""timed_overlap"": 2, ""column_overlap"": 2}, {""word"": ""AND"", ""timed_overlap"": 2, ""column_overlap"": 2}, {""word"": ""misty"", ""timed_overlap"": 2, ""column_overlap"": 2}]",completed,100,100,0
500,129,neural,1,the,'',100,100,100,True,2,2,0,0,,94,"[{""word"": ""''"", ""timed_overlap"": 2, ""column_overlap"": 2}, {""word"": ""enough"", ""timed_overlap"": 1, ""column_overlap"": 4}, {""word"": ""wind"", ""timed_overlap"": 1, ""column_overlap"": 3}, {""word"": ""departs"", ""timed_overlap"": 1, ""column_overlap"": 3}, {""word"": ""tell"", ""timed_overlap"": 1, ""column_overlap"": 3}]",completed,100,10,0
500,129,neural,2,monarch,Don,100,100,100,True,2,3,0,0,,106,"[{""word"": ""Don"", ""timed_overlap"": 2, ""column_overlap"": 3}, {""word"": ""XXIII"", ""timed_overlap"": 2, ""column_overlap"": 2}, {""word"": ""tree"", ""timed_overlap"": 1, ""column_overlap"": 4}, {""word"": ""pity"", ""timed_overlap"": 1, ""column_overlap"": 3}, {""word"": ""rare"", ""timed_overlap"": 1, ""column_overlap"": 3}]",completed,100,100,0
500,129,neural,3,'s,forget,100,100,100,True,2,3,0,0,,72,"[{""word"": ""forget"", ""timed_overlap"": 2, ""column_overlap"": 3}, {""word"": ""healthful"", ""timed_overlap"": 2, ""column_overlap"": 2}, {""word"": ""was"", ""timed_overlap"": 2, ""column_overlap"": 2}, {""word"": ""Good-bye"", ""timed_overlap"": 1, ""column_overlap"": 3}, {""word"": ""prettier"", ""timed_overlap"": 1, ""column_overlap"": 3}]",completed,100,100,0
500,129,neural,4,most,talk,94,94,94,True,2,3,0,0,,98,"[{""word"": ""talk"", ""timed_overlap"": 2, ""column_overlap"": 3}, {""word"": ""strong"", ""timed_overlap"": 2, ""column_overlap"": 2}, {""word"": ""Everybody"", ""timed_overlap"": 1, ""column_overlap"": 3}, {""word"": ""Taffy"", ""timed_overlap"": 1, ""column_overlap"": 3}, {""word"": ""money"", ""timed_overlap"": 1, ""column_overlap"": 3}]",completed,100,100,0
500,130,neural,1,wrongs,admitted,100,100,100,True,2,2,0,0,,96,"[{""word"": ""admitted"", ""timed_overlap"": 2, ""column_overlap"": 2}, {""word"": ""mean"", ""timed_overlap"": 1, ""column_overlap"": 4}, {""word"": ""Look"", ""timed_overlap"": 1, ""column_overlap"": 4}, {""word"": ""yours"", ""timed_overlap"": 1, ""column_overlap"": 3}, {""word"": ""Skunk"", ""timed_overlap"": 1, ""column_overlap"": 2}]",completed,91,10,0
500,130,neural,2,weigh,none,98,98,98,True,2,3,0,0,,112,"[{""word"": ""none"", ""timed_overlap"": 2, ""column_overlap"": 3}, {""word"": ""Ida"", ""timed_overlap"": 1, ""column_overlap"": 4}, {""word"": ""ogress"", ""timed_overlap"": 1, ""column_overlap"": 4}, {""word"": ""rose"", ""timed_overlap"": 1, ""column_overlap"": 3}, {""word"": ""blue"", ""timed_overlap"": 1, ""column_overlap"": 3}]",completed,100,100,0
500,130,neural,3,upon,mosquito,99,99,99,True,2,3,0,0,,105,"[{""word"": ""mosquito"", ""timed_overlap"": 2, ""column_overlap"": 3}, {""word"": ""whitest"", ""timed_overlap"": 2, ""column_overlap"": 3}, {""word"": ""heard"", ""timed_overlap"": 2, ""column_overlap"": 2}, {""word"": ""fortunate"", ""timed_overlap"": 2, ""column_overlap"": 2}, {""word"": ""deny"", ""timed_overlap"": 2, ""column_overlap"": 2}]",completed,98,98,0
500,130,neural,4,his,Good-bye,99,99,99,True,2,4,0,0,,96,"[{""word"": ""Good-bye"", ""timed_overlap"": 2, ""column_overlap"": 4}, {""word"": ""breakfast"", ""timed_overlap"": 2, ""column_overlap"": 3}, {""word"": ""worse"", ""timed_overlap"": 2, ""column_overlap"": 3}, {""word"": ""remembered"", ""timed_overlap"": 1, ""column_overlap"": 4}, {""word"": ""Quicksilver"", ""timed_overlap"": 1, ""column_overlap"": 3}]",completed,99,99,0
500,131,neural,1,beautiful,Pekoe,99,99,99,True,2,3,1,2,21,126,"[{""word"": ""Pekoe"", ""timed_overlap"": 2, ""column_overlap"": 3}, {""word"": ""splendid"", ""timed_overlap"": 2, ""column_overlap"": 2}, {""word"": ""washerman"", ""timed_overlap"": 2, ""column_overlap"": 2}, {""word"": ""doctor"", ""timed_overlap"": 2, ""column_overlap"": 2}, {""word"": ""found"", ""timed_overlap"": 1, ""column_overlap"": 4}]",completed,82,10,0
500,131,neural,2,girl,Alan,99,99,99,True,2,2,0,0,,66,"[{""word"": ""Alan"", ""timed_overlap"": 2, ""column_overlap"": 2}, {""word"": ""worn"", ""timed_overlap"": 2, ""column_overlap"": 2}, {""word"": ""everything"", ""timed_overlap"": 2, ""column_overlap"": 2}, {""word"": ""drank"", ""timed_overlap"": 1, ""column_overlap"": 3}, {""word"": ""spoke"", ""timed_overlap"": 1, ""column_overlap"": 2}]",completed,99,99,0
500,131,neural,3,in,bronze,100,100,100,True,2,2,0,0,,78,"[{""word"": ""bronze"", ""timed_overlap"": 2, ""column_overlap"": 2}, {""word"": ""mere"", ""timed_overlap"": 2, ""column_overlap"": 2}, {""word"": ""dead"", ""timed_overlap"": 2, ""column_overlap"": 2}, {""word"": ""stranger"", ""timed_overlap"": 1, ""column_overlap"": 3}, {""word"": ""lamassery"", ""timed_overlap"": 1, ""column_overlap"": 3}]",completed,99,99,0
500,131,neural,4,the,hate,99,99,99,True,2,4,0,0,,79,"[{""word"": ""hate"", ""timed_overlap"": 2, ""column_overlap"": 4}, {""word"": ""Cheering"", ""timed_overlap"": 2, ""column_overlap"": 3}, {""word"": ""Providence"", ""timed_overlap"": 2, ""column_overlap"": 2}, {""word"": ""bait"", ""timed_overlap"": 1, ""column_overlap"": 3}, {""word"": ""than"", ""timed_overlap"": 1, ""column_overlap"": 3}]",completed,100,100,0
500,132,neural,1,them,rainy,100,100,100,True,1,4,0,0,,93,"[{""word"": ""rainy"", ""timed_overlap"": 1, ""column_overlap"": 4}, {""word"": ""sign"", ""timed_overlap"": 1, ""column_overlap"": 4}, {""word"": ""sentiment"", ""timed_overlap"": 1, ""column_overlap"": 3}, {""word"": ""Sammy"", ""timed_overlap"": 1, ""column_overlap"": 3}, {""word"": ""guess"", ""timed_overlap"": 1, ""column_overlap"": 3}]",completed,91,10,0
500,132,neural,2,when,sultan,99,99,99,True,2,2,0,0,,86,"[{""word"": ""sultan"", ""timed_overlap"": 2, ""column_overlap"": 2}, {""word"": ""fear"", ""timed_overlap"": 1, ""column_overlap"": 3}, {""word"": ""?"", ""timed_overlap"": 1, ""column_overlap"": 2}, {""word"": ""snow"", ""timed_overlap"": 1, ""column_overlap"": 2}, {""word"": ""hate"", ""timed_overlap"": 1, ""column_overlap"": 2}]",completed,100,100,0
500,132,neural,3,she,rest,98,98,98,True,2,4,0,0,,157,"[{""word"": ""rest"", ""timed_overlap"": 2, ""column_overlap"": 4}, {""word"": ""Dacca"", ""timed_overlap"": 2, ""column_overlap"": 3}, {""word"": ""what"", ""timed_overlap"": 2, ""column_overlap"": 3}, {""word"": ""growled"", ""timed_overlap"": 2, ""column_overlap"": 2}, {""word"": ""till"", ""timed_overlap"": 2, ""column_overlap"": 2}]",completed,99,99,0
500,132,neural,4,went,As,99,99,99,True,3,4,1,2,54,131,"[{""word"": ""As"", ""timed_overlap"": 3, ""column_overlap"": 4}, {""word"": ""underneath"", ""timed_overlap"": 2, ""column_overlap"": 2}, {""word"": ""pride"", ""timed_overlap"": 1, ""column_overlap"": 4}, {""word"": ""around"", ""timed_overlap"": 1, ""column_overlap"": 3}, {""word"": ""need"", ""timed_overlap"": 1, ""column_overlap"": 3}]",completed,98,98,0
500,133,neural,1,",",Chief,100,100,100,True,2,3,0,0,,98,"[{""word"": ""Chief"", ""timed_overlap"": 2, ""column_overlap"": 3}, {""word"": ""glad"", ""timed_overlap"": 2, ""column_overlap"": 2}, {""word"": ""ought"", ""timed_overlap"": 2, ""column_overlap"": 2}, {""word"": ""six"", ""timed_overlap"": 2, ""column_overlap"": 2}, {""word"": ""its"", ""timed_overlap"": 2, ""column_overlap"": 2}]",completed,91,10,0
500,133,neural,2,',said,99,99,99,True,2,2,0,0,,73,"[{""word"": ""said"", ""timed_overlap"": 2, ""column_overlap"": 2}, {""word"": ""snubbed"", ""timed_overlap"": 1, ""column_overlap"": 3}, {""word"": ""Peerless"", ""timed_overlap"": 1, ""column_overlap"": 3}, {""word"": ""bared"", ""timed_overlap"": 1, ""column_overlap"": 3}, {""word"": ""Nan"", ""timed_overlap"": 1, ""column_overlap"": 3}]",completed,100,100,0
500,133,neural,3,Alice,dragging,99,99,99,True,1,3,0,0,,93,"[{""word"": ""dragging"", ""timed_overlap"": 1, ""column_overlap"": 3}, {""word"": ""locked"", ""timed_overlap"": 1, ""column_overlap"": 3}, {""word"": ""CHAPTER"", ""timed_overlap"": 1, ""column_overlap"": 3}, {""word"": ""rose"", ""timed_overlap"": 1, ""column_overlap"": 3}, {""word"": ""Nan"", ""timed_overlap"": 1, ""column_overlap"": 2}]",completed,99,99,0
500,133,neural,4,said,Put,96,96,96,True,2,3,0,0,,121,"[{""word"": ""Put"", ""timed_overlap"": 2, ""column_overlap"": 3}, {""word"": ""ago"", ""timed_overlap"": 2, ""column_overlap"": 2}, {""word"": ""tongue"", ""timed_overlap"": 2, ""column_overlap"": 2}, {""word"": ""Scrooge"", ""timed_overlap"": 2, ""column_overlap"": 2}, {""word"": ""dwelt"", ""timed_overlap"": 1, ""column_overlap"": 4}]",completed,99,99,0
500,134,neural,1,Lady,settle,100,100,100,True,1,3,0,0,,93,"[{""word"": ""settle"", ""timed_overlap"": 1, ""column_overlap"": 3}, {""word"": ""'"", ""timed_overlap"": 1, ""column_overlap"": 3}, {""word"": ""fry"", ""timed_overlap"": 1, ""column_overlap"": 3}, {""word"": ""dropped"", ""timed_overlap"": 1, ""column_overlap"": 2}, {""word"": ""Thus"", ""timed_overlap"": 1, ""column_overlap"": 2}]",completed,91,10,0
500,134,neural,2,fought,Each,99,99,99,True,1,3,0,0,,74,"[{""word"": ""Each"", ""timed_overlap"": 1, ""column_overlap"": 3}, {""word"": ""miles"", ""timed_overlap"": 1, ""column_overlap"": 3}, {""word"": ""consent"", ""timed_overlap"": 1, ""column_overlap"": 3}, {""word"": ""Head"", ""timed_overlap"": 1, ""column_overlap"": 2}, {""word"": ""fry"", ""timed_overlap"": 1, ""column_overlap"": 2}]",completed,100,100,0
500,134,neural,3,her,my,99,99,99,True,2,3,0,0,,97,"[{""word"": ""my"", ""timed_overlap"": 2, ""column_overlap"": 3}, {""word"": ""put"", ""timed_overlap"": 2, ""column_overlap"": 3}, {""word"": ""of"", ""timed_overlap"": 2, ""column_overlap"": 2}, {""word"": ""heads"", ""timed_overlap"": 1, ""column_overlap"": 3}, {""word"": ""six"", ""timed_overlap"": 1, ""column_overlap"": 3}]",completed,99,99,0
500,134,neural,4,pride,squishing,99,99,99,True,2,3,0,0,,111,"[{""word"": ""squishing"", ""timed_overlap"": 2, ""column_overlap"": 3}, {""word"": ""Amy"", ""timed_overlap"": 2, ""column_overlap"": 2}, {""word"": ""lot"", ""timed_overlap"": 1, ""column_overlap"": 4}, {""word"": ""lay"", ""timed_overlap"": 1, ""column_overlap"": 3}, {""word"": ""anxious"", ""timed_overlap"": 1, ""column_overlap"": 3}]",completed,99,99,0
500,135,neural,1,','',100,100,100,True,2,3,0,0,,124,"[{""word"": ""''"", ""timed_overlap"": 2, ""column_overlap"": 3}, {""word"": ""he"", ""timed_overlap"": 2, ""column_overlap"": 2}, {""word"": ""and"", ""timed_overlap"": 1, ""column_overlap"": 3}, {""word"": ""wind"", ""timed_overlap"": 1, ""column_overlap"": 3}, {""word"": ""friend"", ""timed_overlap"": 1, ""column_overlap"": 3}]",completed,82,10,0
500,135,neural,2,said,Why,99,99,99,True,2,2,1,1,60,79,"[{""word"": ""Why"", ""timed_overlap"": 2, ""column_overlap"": 2}, {""word"": ""The"", ""timed_overlap"": 2, ""column_overlap"": 2}, {""word"": ""tickled"", ""timed_overlap"": 1, ""column_overlap"": 3}, {""word"": ""part"", ""timed_overlap"": 1, ""column_overlap"": 3}, {""word"": ""Clever"", ""timed_overlap"": 1, ""column_overlap"": 3}]",completed,100,100,0
500,135,neural,3,the,Ideal,99,99,99,True,2,2,1,3,9,97,"[{""word"": ""Ideal"", ""timed_overlap"": 2, ""column_overlap"": 2}, {""word"": ""demons"", ""timed_overlap"": 2, ""column_overlap"": 2}, {""word"": ""admitted"", ""timed_overlap"": 2, ""column_overlap"": 2}, {""word"": ""headpiece"", ""timed_overlap"": 2, ""column_overlap"": 2}, {""word"": ""came"", ""timed_overlap"": 1, ""column_overlap"": 3}]",completed,99,99,0
500,135,neural,4,Miller,kind,96,96,96,True,2,3,0,0,,103,"[{""word"": ""kind"", ""timed_overlap"": 2, ""column_overlap"": 3}, {""word"": ""certain"", ""timed_overlap"": 2, ""column_overlap"": 2}, {""word"": ""drug-vendor"", ""timed_overlap"": 1, ""column_overlap"": 3}, {""word"": ""bewildered"", ""timed_overlap"": 1, ""column_overlap"": 3}, {""word"": ""Thus"", ""timed_overlap"": 1, ""column_overlap"": 3}]",completed,99,99,0
500,136,neural,1,Tribe,rank,100,100,100,True,2,3,0,0,,92,"[{""word"": ""rank"", ""timed_overlap"": 2, ""column_overlap"": 3}, {""word"": ""beautiful"", ""timed_overlap"": 2, ""column_overlap"": 2}, {""word"": ""heard"", ""timed_overlap"": 1, ""column_overlap"": 4}, {""word"": ""Elizabeth"", ""timed_overlap"": 1, ""column_overlap"": 3}, {""word"": ""doctor"", ""timed_overlap"": 1, ""column_overlap"": 3}]",completed,91,10,0
500,136,neural,2,of,instead,99,99,99,True,2,2,0,0,,97,"[{""word"": ""instead"", ""timed_overlap"": 2, ""column_overlap"": 2}, {""word"": ""feel"", ""timed_overlap"": 1, ""column_overlap"": 3}, {""word"": ""spur"", ""timed_overlap"": 1, ""column_overlap"": 3}, {""word"": ""post"", ""timed_overlap"": 1, ""column_overlap"": 3}, {""word"": ""rubbed"", ""timed_overlap"": 1, ""column_overlap"": 3}]",completed,100,100,0
500,136,neural,3,Tegumai,If,99,99,99,True,2,3,0,0,,82,"[{""word"": ""If"", ""timed_overlap"": 2, ""column_overlap"": 3}, {""word"": ""Bumble"", ""timed_overlap"": 2, ""column_overlap"": 2}, {""word"": ""snuff-box"", ""timed_overlap"": 2, ""column_overlap"": 2}, {""word"": ""lean"", ""timed_overlap"": 1, ""column_overlap"": 3}, {""word"": ""Amy"", ""timed_overlap"": 1, ""column_overlap"": 3}]",completed,99,99,0
500,136,neural,4,",",will,96,96,96,True,2,3,0,0,,116,"[{""word"": ""will"", ""timed_overlap"": 2, ""column_overlap"": 3}, {""word"": ""hard"", ""timed_overlap"": 2, ""column_overlap"": 2}, {""word"": ""most"", ""timed_overlap"": 2, ""column_overlap"": 2}, {""word"": ""old"", ""timed_overlap"": 2, ""column_overlap"": 2}, {""word"": ""beautifully"", ""timed_overlap"": 2, ""column_overlap"": 2}]",completed,99,99,0
500,137,neural,1,the,'',100,100,100,True,2,2,0,0,,94,"[{""word"": ""''"", ""timed_overlap"": 2, ""column_overlap"": 2}, {""word"": ""enough"", ""timed_overlap"": 1, ""column_overlap"": 4}, {""word"": ""wind"", ""timed_overlap"": 1, ""column_overlap"": 3}, {""word"": ""tell"", ""timed_overlap"": 1, ""column_overlap"": 3}, {""word"": ""departs"", ""timed_overlap"": 1, ""column_overlap"": 3}]",completed,100,10,0
500,137,neural,2,air,Don,100,100,100,True,2,3,0,0,,106,"[{""word"": ""Don"", ""timed_overlap"": 2, ""column_overlap"": 3}, {""word"": ""XXIII"", ""timed_overlap"": 2, ""column_overlap"": 2}, {""word"": ""tree"", ""timed_overlap"": 1, ""column_overlap"": 4}, {""word"": ""ladies"", ""timed_overlap"": 1, ""column_overlap"": 3}, {""word"": ""birds"", ""timed_overlap"": 1, ""column_overlap"": 3}]",completed,100,100,0
500,137,neural,3,had,forget,100,100,100,True,2,3,0,0,,72,"[{""word"": ""forget"", ""timed_overlap"": 2, ""column_overlap"": 3}, {""word"": ""healthful"", ""timed_overlap"": 2, ""column_overlap"": 2}, {""word"": ""was"", ""timed_overlap"": 2, ""column_overlap"": 2}, {""word"": ""prettier"", ""timed_overlap"": 1, ""column_overlap"": 3}, {""word"": ""Good-bye"", ""timed_overlap"": 1, ""column_overlap"": 3}]",completed,100,100,0
500,137,neural,4,now,talk,94,94,94,True,2,3,0,0,,98,"[{""word"": ""talk"", ""timed_overlap"": 2, ""column_overlap"": 3}, {""word"": ""strong"", ""timed_overlap"": 2, ""column_overlap"": 2}, {""word"": ""Everybody"", ""timed_overlap"": 1, ""column_overlap"": 3}, {""word"": ""money"", ""timed_overlap"": 1, ""column_overlap"": 3}, {""word"": ""Taffy"", ""timed_overlap"": 1, ""column_overlap"": 3}]",completed,100,100,0
500,138,neural,1,that,ye,98,98,98,True,2,3,1,1,87,107,"[{""word"": ""ye"", ""timed_overlap"": 2, ""column_overlap"": 3}, {""word"": ""to"", ""timed_overlap"": 2, ""column_overlap"": 2}, {""word"": ""Trevor"", ""timed_overlap"": 2, ""column_overlap"": 2}, {""word"": ""mouth"", ""timed_overlap"": 2, ""column_overlap"": 2}, {""word"": ""Good-bye"", ""timed_overlap"": 1, ""column_overlap"": 4}]",completed,73,10,0
500,138,neural,2,the,fixed,99,99,99,True,2,2,0,0,,66,"[{""word"": ""fixed"", ""timed_overlap"": 2, ""column_overlap"": 2}, {""word"": ""leave"", ""timed_overlap"": 2, ""column_overlap"": 2}, {""word"": ""leaves"", ""timed_overlap"": 1, ""column_overlap"": 2}, {""word"": ""head"", ""timed_overlap"": 1, ""column_overlap"": 2}, {""word"": ""see"", ""timed_overlap"": 1, ""column_overlap"": 2}]",completed,98,98,0
500,138,neural,3,king,welcome,98,98,98,True,2,2,0,0,,83,"[{""word"": ""welcome"", ""timed_overlap"": 2, ""column_overlap"": 2}, {""word"": ""sigh"", ""timed_overlap"": 2, ""column_overlap"": 2}, {""word"": ""Besides"", ""timed_overlap"": 2, ""column_overlap"": 2}, {""word"": ""simply"", ""timed_overlap"": 1, ""column_overlap"": 3}, {""word"": ""running"", ""timed_overlap"": 1, ""column_overlap"": 3}]",completed,99,99,0
500,138,neural,4,had,pretence,97,97,97,True,2,3,0,0,,81,"[{""word"": ""pretence"", ""timed_overlap"": 2, ""column_overlap"": 3}, {""word"": ""motives"", ""timed_overlap"": 1, ""column_overlap"": 3}, {""word"": ""reason"", ""timed_overlap"": 1, ""column_overlap"": 2}, {""word"": ""Now"", ""timed_overlap"": 1, ""column_overlap"": 2}, {""word"": ""admitted"", ""timed_overlap"": 1, ""column_overlap"": 2}]",completed,98,98,0
500,139,neural,1,",",awful,99,99,99,True,2,3,0,0,,133,"[{""word"": ""awful"", ""timed_overlap"": 2, ""column_overlap"": 3}, {""word"": ""again"", ""timed_overlap"": 2, ""column_overlap"": 3}, {""word"": ""distance"", ""timed_overlap"": 2, ""column_overlap"": 3}, {""word"": ""forget"", ""timed_overlap"": 2, ""column_overlap"": 2}, {""word"": ""our"", ""timed_overlap"": 2, ""column_overlap"": 2}]",completed,73,10,0
500,139,neural,2,the,clouded,99,99,99,True,2,3,0,0,,95,"[{""word"": ""clouded"", ""timed_overlap"": 2, ""column_overlap"": 3}, {""word"": ""basket"", ""timed_overlap"": 2, ""column_overlap"": 2}, {""word"": ""lay"", ""timed_overlap"": 2, ""column_overlap"": 2}, {""word"": ""Nan"", ""timed_overlap"": 2, ""column_overlap"": 2}, {""word"": ""up"", ""timed_overlap"": 2, ""column_overlap"": 2}]",completed,99,99,0
500,139,neural,3,merchant,Lucinda,96,96,96,True,2,3,0,0,,111,"[{""word"": ""Lucinda"", ""timed_overlap"": 2, ""column_overlap"": 3}, {""word"": ""say"", ""timed_overlap"": 2, ""column_overlap"": 3}, {""word"": ""Williamson"", ""timed_overlap"": 2, ""column_overlap"": 3}, {""word"": ""Gray"", ""timed_overlap"": 2, ""column_overlap"": 2}, {""word"": ""hair"", ""timed_overlap"": 2, ""column_overlap"": 2}]",completed,99,99,0
500,139,neural,4,found,heard,99,99,99,True,2,2,0,0,,57,"[{""word"": ""heard"", ""timed_overlap"": 2, ""column_overlap"": 2}, {""word"": ""real"", ""timed_overlap"": 1, ""column_overlap"": 4}, {""word"": ""Anne"", ""timed_overlap"": 1, ""column_overlap"": 3}, {""word"": ""Ismay"", ""timed_overlap"": 1, ""column_overlap"": 3}, {""word"": ""train"", ""timed_overlap"": 1, ""column_overlap"": 2}]",completed,96,96,0
500,140,neural,1,Dot,'',100,100,100,True,2,2,0,0,,94,"[{""word"": ""''"", ""timed_overlap"": 2, ""column_overlap"": 2}, {""word"": ""enough"", ""timed_overlap"": 1, ""column_overlap"": 4}, {""word"": ""those"", ""timed_overlap"": 1, ""column_overlap"": 3}, {""word"": ""tell"", ""timed_overlap"": 1, ""column_overlap"": 3}, {""word"": ""own"", ""timed_overlap"": 1, ""column_overlap"": 3}]",completed,100,10,0
500,140,neural,2,was,Don,100,100,100,True,2,3,0,0,,106,"[{""word"": ""Don"", ""timed_overlap"": 2, ""column_overlap"": 3}, {""word"": ""XXIII"", ""timed_overlap"": 2, ""column_overlap"": 2}, {""word"": ""tree"", ""timed_overlap"": 1, ""column_overlap"": 4}, {""word"": ""pity"", ""timed_overlap"": 1, ""column_overlap"": 3}, {""word"": ""birds"", ""timed_overlap"": 1, ""column_overlap"": 3}]",completed,100,100,0
500,140,neural,3,the,forget,100,100,100,True,2,3,0,0,,72,"[{""word"": ""forget"", ""timed_overlap"": 2, ""column_overlap"": 3}, {""word"": ""healthful"", ""timed_overlap"": 2, ""column_overlap"": 2}, {""word"": ""was"", ""timed_overlap"": 2, ""column_overlap"": 2}, {""word"": ""prettier"", ""timed_overlap"": 1, ""column_overlap"": 3}, {""word"": ""Good-bye"", ""timed_overlap"": 1, ""column_overlap"": 3}]",completed,100,100,0
500,140,neural,4,amused,talk,94,94,94,True,2,3,0,0,,98,"[{""word"": ""talk"", ""timed_overlap"": 2, ""column_overlap"": 3}, {""word"": ""strong"", ""timed_overlap"": 2, ""column_overlap"": 2}, {""word"": ""Taffy"", ""timed_overlap"": 1, ""column_overlap"": 3}, {""word"": ""Everybody"", ""timed_overlap"": 1, ""column_overlap"": 3}, {""word"": ""money"", ""timed_overlap"": 1, ""column_overlap"": 3}]",completed,100,100,0
500,141,neural,1,Assam,he,100,100,100,True,2,2,0,0,,121,"[{""word"": ""he"", ""timed_overlap"": 2, ""column_overlap"": 2}, {""word"": ""''"", ""timed_overlap"": 2, ""column_overlap"": 2}, {""word"": ""inches"", ""timed_overlap"": 1, ""column_overlap"": 4}, {""word"": ""those"", ""timed_overlap"": 1, ""column_overlap"": 4}, {""word"": ""own"", ""timed_overlap"": 1, ""column_overlap"": 3}]",completed,91,10,0
500,141,neural,2,Pekoe,said,99,99,99,True,2,3,0,0,,67,"[{""word"": ""said"", ""timed_overlap"": 2, ""column_overlap"": 3}, {""word"": ""Sometimes"", ""timed_overlap"": 2, ""column_overlap"": 2}, {""word"": ""dine"", ""timed_overlap"": 1, ""column_overlap"": 3}, {""word"": ""furious"", ""timed_overlap"": 1, ""column_overlap"": 2}, {""word"": ""later"", ""timed_overlap"": 1, ""column_overlap"": 2}]",completed,100,100,0
500,141,neural,3,",",terrified,100,100,100,True,1,4,0,0,,80,"[{""word"": ""terrified"", ""timed_overlap"": 1, ""column_overlap"": 4}, {""word"": ""am"", ""timed_overlap"": 1, ""column_overlap"": 4}, {""word"": ""died"", ""timed_overlap"": 1, ""column_overlap"": 3}, {""word"": ""doubt"", ""timed_overlap"": 1, ""column_overlap"": 3}, {""word"": ""suppose"", ""timed_overlap"": 1, ""column_overlap"": 3}]",completed,99,99,0
500,141,neural,4,rare,stern-sheets,97,97,97,True,2,4,0,0,,122,"[{""word"": ""stern-sheets"", ""timed_overlap"": 2, ""column_overlap"": 4}, {""word"": ""well"", ""timed_overlap"": 2, ""column_overlap"": 2}, {""word"": ""eye"", ""timed_overlap"": 1, ""column_overlap"": 4}, {""word"": ""months"", ""timed_overlap"": 1, ""column_overlap"": 3}, {""word"": ""feel"", ""timed_overlap"": 1, ""column_overlap"": 3}]",completed,100,100,0
500,142,neural,1,day,chop,100,100,100,True,2,2,0,0,,97,"[{""word"": ""chop"", ""timed_overlap"": 2, ""column_overlap"": 2}, {""word"": ""visited"", ""timed_overlap"": 2, ""column_overlap"": 2}, {""word"": ""merchant"", ""timed_overlap"": 2, ""column_overlap"": 2}, {""word"": ""Quite"", ""timed_overlap"": 2, ""column_overlap"": 2}, {""word"": ""evening"", ""timed_overlap"": 1, ""column_overlap"": 3}]",completed,73,10,0
500,142,neural,2,at,My,100,100,100,True,2,2,0,0,,63,"[{""word"": ""My"", ""timed_overlap"": 2, ""column_overlap"": 2}, {""word"": ""lonesome"", ""timed_overlap"": 1, ""column_overlap"": 2}, {""word"": ""Rabbit"", ""timed_overlap"": 1, ""column_overlap"": 2}, {""word"": ""consent"", ""timed_overlap"": 1, ""column_overlap"": 2}, {""word"": ""donkey"", ""timed_overlap"": 1, ""column_overlap"": 2}]",completed,100,100,0
500,142,neural,3,the,unto,96,96,96,True,1,3,0,0,,59,"[{""word"": ""unto"", ""timed_overlap"": 1, ""column_overlap"": 3}, {""word"": ""save"", ""timed_overlap"": 1, ""column_overlap"": 3}, {""word"": ""Marcella"", ""timed_overlap"": 1, ""column_overlap"": 3}, {""word"": ""Italy"", ""timed_overlap"": 1, ""column_overlap"": 3}, {""word"": ""III"", ""timed_overlap"": 1, ""column_overlap"": 2}]",completed,100,100,0
500,142,neural,4,Grange,sign,97,97,97,True,2,3,0,0,,122,"[{""word"": ""sign"", ""timed_overlap"": 2, ""column_overlap"": 3}, {""word"": ""Abel"", ""timed_overlap"": 2, ""column_overlap"": 3}, {""word"": ""piece"", ""timed_overlap"": 2, ""column_overlap"": 3}, {""word"": ""It"", ""timed_overlap"": 2, ""column_overlap"": 2}, {""word"": ""ever"", ""timed_overlap"": 2, ""column_overlap"": 2}]",completed,96,96,0
500,143,neural,1,'','',100,100,100,True,2,2,2,2,1,121,"[{""word"": ""''"", ""timed_overlap"": 2, ""column_overlap"": 2}, {""word"": ""he"", ""timed_overlap"": 2, ""column_overlap"": 2}, {""word"": ""inches"", ""timed_overlap"": 1, ""column_overlap"": 4}, {""word"": ""those"", ""timed_overlap"": 1, ""column_overlap"": 4}, {""word"": ""tell"", ""timed_overlap"": 1, ""column_overlap"": 3}]",completed,91,10,0
500,143,neural,2,said,most,99,99,99,True,2,3,2,2,3,86,"[{""word"": ""most"", ""timed_overlap"": 2, ""column_overlap"": 3}, {""word"": ""Douglas"", ""timed_overlap"": 2, ""column_overlap"": 3}, {""word"": ""said"", ""timed_overlap"": 2, ""column_overlap"": 2}, {""word"": ""helmet"", ""timed_overlap"": 2, ""column_overlap"": 2}, {""word"": ""Porcupine"", ""timed_overlap"": 2, ""column_overlap"": 2}]",completed,100,100,0
500,143,neural,3,the,Ben,98,98,98,True,2,3,0,0,,109,"[{""word"": ""Ben"", ""timed_overlap"": 2, ""column_overlap"": 3}, {""word"": ""returned"", ""timed_overlap"": 2, ""column_overlap"": 2}, {""word"": ""Bring"", ""timed_overlap"": 2, ""column_overlap"": 2}, {""word"": ""breakfast"", ""timed_overlap"": 2, ""column_overlap"": 2}, {""word"": ""Schmidt"", ""timed_overlap"": 1, ""column_overlap"": 4}]",completed,99,99,0
500,143,neural,4,major,run,95,95,95,True,2,4,0,0,,106,"[{""word"": ""run"", ""timed_overlap"": 2, ""column_overlap"": 4}, {""word"": ""makes"", ""timed_overlap"": 2, ""column_overlap"": 3}, {""word"": ""frog"", ""timed_overlap"": 2, ""column_overlap"": 3}, {""word"": ""helplessly"", ""timed_overlap"": 2, ""column_overlap"": 2}, {""word"": ""many"", ""timed_overlap"": 1, ""column_overlap"": 4}]",completed,98,98,0
500,144,neural,1,dark,beautiful,100,100,100,True,2,2,0,0,,85,"[{""word"": ""beautiful"", ""timed_overlap"": 2, ""column_overlap"": 2}, {""word"": ""rank"", ""timed_overlap"": 2, ""column_overlap"": 2}, {""word"": ""Carrots"", ""timed_overlap"": 2, ""column_overlap"": 2}, {""word"": ""instead"", ""timed_overlap"": 1, ""column_overlap"": 3}, {""word"": ""-LCB-"", ""timed_overlap"": 1, ""column_overlap"": 3}]",completed,91,10,0
500,144,neural,2,lady,GRACIOSA,99,99,99,True,2,2,0,0,,85,"[{""word"": ""GRACIOSA"", ""timed_overlap"": 2, ""column_overlap"": 2}, {""word"": ""consent"", ""timed_overlap"": 1, ""column_overlap"": 3}, {""word"": ""ladylike"", ""timed_overlap"": 1, ""column_overlap"": 3}, {""word"": ""bewildered"", ""timed_overlap"": 1, ""column_overlap"": 3}, {""word"": ""remembered"", ""timed_overlap"": 1, ""column_overlap"": 2}]",completed,100,100,0
500,144,neural,3,",",gradual,97,97,97,True,2,3,0,0,,85,"[{""word"": ""gradual"", ""timed_overlap"": 2, ""column_overlap"": 3}, {""word"": ""run"", ""timed_overlap"": 2, ""column_overlap"": 2}, {""word"": ""nothing"", ""timed_overlap"": 1, ""column_overlap"": 3}, {""word"": ""concluded"", ""timed_overlap"": 1, ""column_overlap"": 3}, {""word"": ""wish"", ""timed_overlap"": 1, ""column_overlap"": 3}]",completed,99,99,0
500,144,neural,4,``,Gray,98,98,98,True,2,4,0,0,,133,"[{""word"": ""Gray"", ""timed_overlap"": 2, ""column_overlap"": 4}, {""word"": ""himself"", ""timed_overlap"": 2, ""column_overlap"": 3}, {""word"": ""shy"", ""timed_overlap"": 2, ""column_overlap"": 2}, {""word"": ""earthly"", ""timed_overlap"": 2, ""column_overlap"": 2}, {""word"": ""queer"", ""timed_overlap"": 1, ""column_overlap"": 4}]",completed,97,97,0
500,145,neural,1,did,Presently,100,100,100,True,2,2,0,0,,106,"[{""word"": ""Presently"", ""timed_overlap"": 2, ""column_overlap"": 2}, {""word"": ""indeed"", ""timed_overlap"": 2, ""column_overlap"": 2}, {""word"": ""Folk"", ""timed_overlap"": 2, ""column_overlap"": 2}, {""word"": ""Search"", ""timed_overlap"": 2, ""column_overlap"": 2}, {""word"": ""gallant"", ""timed_overlap"": 2, ""column_overlap"": 2}]",completed,100,10,0
500,145,neural,2,n't,bearing,98,98,98,True,1,3,0,0,,79,"[{""word"": ""bearing"", ""timed_overlap"": 1, ""column_overlap"": 3}, {""word"": ""fire"", ""timed_overlap"": 1, ""column_overlap"": 3}, {""word"": ""rest"", ""timed_overlap"": 1, ""column_overlap"": 3}, {""word"": ""sorry"", ""timed_overlap"": 1, ""column_overlap"": 2}, {""word"": ""heated"", ""timed_overlap"": 1, ""column_overlap"": 2}]",completed,100,100,0
500,145,neural,3,look,ladies,97,97,97,True,2,3,0,0,,84,"[{""word"": ""ladies"", ""timed_overlap"": 2, ""column_overlap"": 3}, {""word"": ""Half"", ""timed_overlap"": 2, ""column_overlap"": 3}, {""word"": ""tittered"", ""timed_overlap"": 2, ""column_overlap"": 2}, {""word"": ""these"", ""timed_overlap"": 2, ""column_overlap"": 2}, {""word"": ""whereupon"", ""timed_overlap"": 2, ""column_overlap"": 2}]",completed,98,98,0
500,145,neural,4,at,faithfully,100,100,100,True,2,3,0,0,,91,"[{""word"": ""faithfully"", ""timed_overlap"": 2, ""column_overlap"": 3}, {""word"": ""Search"", ""timed_overlap"": 2, ""column_overlap"": 2}, {""word"": ""Jem"", ""timed_overlap"": 2, ""column_overlap"": 2}, {""word"": ""Instead"", ""timed_overlap"": 2, ""column_overlap"": 2}, {""word"": ""beautifully"", ""timed_overlap"": 2, ""column_overlap"": 2}]",completed,97,97,0
500,146,neural,1,;,Janet,94,94,94,True,2,4,0,0,,107,"[{""word"": ""Janet"", ""timed_overlap"": 2, ""column_overlap"": 4}, {""word"": ""Every"", ""timed_overlap"": 2, ""column_overlap"": 4}, {""word"": ""that"", ""timed_overlap"": 2, ""column_overlap"": 3}, {""word"": ""Worth"", ""timed_overlap"": 1, ""column_overlap"": 4}, {""word"": ""hall"", ""timed_overlap"": 1, ""column_overlap"": 4}]",completed,82,10,0
500,146,neural,2,I,swears,100,100,100,True,2,3,0,0,,86,"[{""word"": ""swears"", ""timed_overlap"": 2, ""column_overlap"": 3}, {""word"": ""looking"", ""timed_overlap"": 1, ""column_overlap"": 4}, {""word"": ""hive"", ""timed_overlap"": 1, ""column_overlap"": 3}, {""word"": ""lived"", ""timed_overlap"": 1, ""column_overlap"": 3}, {""word"": ""Cursed"", ""timed_overlap"": 1, ""column_overlap"": 2}]",completed,94,94,0
500,146,neural,3,saw,river,100,100,100,True,3,3,0,0,,91,"[{""word"": ""river"", ""timed_overlap"": 3, ""column_overlap"": 3}, {""word"": ""make"", ""timed_overlap"": 2, ""column_overlap"": 3}, {""word"": ""six"", ""timed_overlap"": 1, ""column_overlap"": 3}, {""word"": ""except"", ""timed_overlap"": 1, ""column_overlap"": 3}, {""word"": ""commanded"", ""timed_overlap"": 1, ""column_overlap"": 3}]",completed,100,100,0
500,146,neural,4,he,three,99,99,99,True,2,3,0,0,,111,"[{""word"": ""three"", ""timed_overlap"": 2, ""column_overlap"": 3}, {""word"": ""willow"", ""timed_overlap"": 2, ""column_overlap"": 2}, {""word"": ""motionless"", ""timed_overlap"": 2, ""column_overlap"": 2}, {""word"": ""habit"", ""timed_overlap"": 2, ""column_overlap"": 2}, {""word"": ""tittered"", ""timed_overlap"": 2, ""column_overlap"": 2}]",completed,100,100,0
500,147,neural,1,to,value,99,99,99,True,2,3,0,0,,155,"[{""word"": ""value"", ""timed_overlap"": 2, ""column_overlap"": 3}, {""word"": ""At"", ""timed_overlap"": 2, ""column_overlap"": 3}, {""word"": ""beckoned"", ""timed_overlap"": 2, ""column_overlap"": 3}, {""word"": ""tree"", ""timed_overlap"": 2, ""column_overlap"": 2}, {""word"": ""palm-tree"", ""timed_overlap"": 2, ""column_overlap"": 2}]",completed,82,10,0
500,147,neural,2,little,taking,100,100,100,True,1,4,0,0,,65,"[{""word"": ""taking"", ""timed_overlap"": 1, ""column_overlap"": 4}, {""word"": ""Neither"", ""timed_overlap"": 1, ""column_overlap"": 3}, {""word"": ""frivolous"", ""timed_overlap"": 1, ""column_overlap"": 2}, {""word"": ""happened"", ""timed_overlap"": 1, ""column_overlap"": 2}, {""word"": ""'re"", ""timed_overlap"": 1, ""column_overlap"": 2}]",completed,99,99,0
500,147,neural,3,Joe,fancied,99,99,99,True,2,2,0,0,,71,"[{""word"": ""fancied"", ""timed_overlap"": 2, ""column_overlap"": 2}, {""word"": ""upon"", ""timed_overlap"": 2, ""column_overlap"": 2}, {""word"": ""locked"", ""timed_overlap"": 1, ""column_overlap"": 3}, {""word"": ""boy"", ""timed_overlap"": 1, ""column_overlap"": 3}, {""word"": ""tyrannize"", ""timed_overlap"": 1, ""column_overlap"": 3}]",completed,100,100,0
500,147,neural,4,",",wandered,99,99,99,True,2,3,0,0,,120,"[{""word"": ""wandered"", ""timed_overlap"": 2, ""column_overlap"": 3}, {""word"": ""am"", ""timed_overlap"": 2, ""column_overlap"": 3}, {""word"": ""smile"", ""timed_overlap"": 2, ""column_overlap"": 3}, {""word"": ""staring"", ""timed_overlap"": 2, ""column_overlap"": 2}, {""word"": ""dragon"", ""timed_overlap"": 2, ""column_overlap"": 2}]",completed,99,99,0
500,148,neural,1,than,terrified,100,100,100,True,2,4,1,3,12,118,"[{""word"": ""terrified"", ""timed_overlap"": 2, ""column_overlap"": 4}, {""word"": ""'re"", ""timed_overlap"": 2, ""column_overlap"": 3}, {""word"": ""remarked"", ""timed_overlap"": 1, ""column_overlap"": 4}, {""word"": ""our"", ""timed_overlap"": 1, ""column_overlap"": 3}, {""word"": ""``"", ""timed_overlap"": 1, ""column_overlap"": 3}]",completed,82,10,0
500,148,neural,2,twilight,Bassett,100,100,100,True,2,2,0,0,,52,"[{""word"": ""Bassett"", ""timed_overlap"": 2, ""column_overlap"": 2}, {""word"": ""Wildrose"", ""timed_overlap"": 1, ""column_overlap"": 3}, {""word"": ""only"", ""timed_overlap"": 1, ""column_overlap"": 2}, {""word"": ""astray"", ""timed_overlap"": 1, ""column_overlap"": 2}, {""word"": ""accounts"", ""timed_overlap"": 1, ""column_overlap"": 2}]",completed,100,100,0
500,148,neural,3,confidences,hopes,99,99,99,True,2,2,0,0,,106,"[{""word"": ""hopes"", ""timed_overlap"": 2, ""column_overlap"": 2}, {""word"": ""withdrew"", ""timed_overlap"": 1, ""column_overlap"": 3}, {""word"": ""dear"", ""timed_overlap"": 1, ""column_overlap"": 3}, {""word"": ""pricked"", ""timed_overlap"": 1, ""column_overlap"": 3}, {""word"": ""most"", ""timed_overlap"": 1, ""column_overlap"": 3}]",completed,100,100,0
500,148,neural,4,",",every,97,97,97,True,2,2,0,0,,87,"[{""word"": ""every"", ""timed_overlap"": 2, ""column_overlap"": 2}, {""word"": ""tasted"", ""timed_overlap"": 1, ""column_overlap"": 3}, {""word"": ""chatter"", ""timed_overlap"": 1, ""column_overlap"": 3}, {""word"": ""Priscilla"", ""timed_overlap"": 1, ""column_overlap"": 3}, {""word"": ""Alice"", ""timed_overlap"": 1, ""column_overlap"": 2}]",completed,99,99,0
500,149,neural,1,last,those,100,100,100,True,3,3,0,0,,131,"[{""word"": ""those"", ""timed_overlap"": 3, ""column_overlap"": 3}, {""word"": ""But"", ""timed_overlap"": 2, ""column_overlap"": 2}, {""word"": ""rejoined"", ""timed_overlap"": 2, ""column_overlap"": 2}, {""word"": ""Priscilla"", ""timed_overlap"": 1, ""column_overlap"": 4}, {""word"": ""Put"", ""timed_overlap"": 1, ""column_overlap"": 3}]",completed,64,10,0
500,149,neural,2,that,fighting,99,99,99,True,2,3,0,0,,66,"[{""word"": ""fighting"", ""timed_overlap"": 2, ""column_overlap"": 3}, {""word"": ""try"", ""timed_overlap"": 1, ""column_overlap"": 4}, {""word"": ""Raising"", ""timed_overlap"": 1, ""column_overlap"": 2}, {""word"": ""Look"", ""timed_overlap"": 1, ""column_overlap"": 2}, {""word"": ""are"", ""timed_overlap"": 1, ""column_overlap"": 2}]",completed,100,100,0
500,149,neural,3,it,Marsch,99,99,99,True,2,2,0,0,,110,"[{""word"": ""Marsch"", ""timed_overlap"": 2, ""column_overlap"": 2}, {""word"": ""whenever"", ""timed_overlap"": 1, ""column_overlap"": 3}, {""word"": ""agreement"", ""timed_overlap"": 1, ""column_overlap"": 3}, {""word"": ""kind"", ""timed_overlap"": 1, ""column_overlap"": 3}, {""word"": ""?"", ""timed_overlap"": 1, ""column_overlap"": 3}]",completed,99,99,0
500,149,neural,4,was,sure,98,98,98,True,2,3,0,0,,98,"[{""word"": ""sure"", ""timed_overlap"": 2, ""column_overlap"": 3}, {""word"": ""too"", ""timed_overlap"": 2, ""column_overlap"": 2}, {""word"": ""Carrots"", ""timed_overlap"": 1, ""column_overlap"": 4}, {""word"": ""talking"", ""timed_overlap"": 1, ""column_overlap"": 3}, {""word"": ""elapsed"", ""timed_overlap"": 1, ""column_overlap"": 3}]",completed,99,99,0
500,150,neural,1,and,'',100,100,100,True,2,2,1,2,29,100,"[{""word"": ""''"", ""timed_overlap"": 2, ""column_overlap"": 2}, {""word"": ""care"", ""timed_overlap"": 1, ""column_overlap"": 4}, {""word"": ""Aunt"", ""timed_overlap"": 1, ""column_overlap"": 3}, {""word"": ""tell"", ""timed_overlap"": 1, ""column_overlap"": 3}, {""word"": ""boy"", ""timed_overlap"": 1, ""column_overlap"": 3}]",completed,91,10,0
500,150,neural,2,put,Lapsing,99,99,99,True,2,4,0,0,,81,"[{""word"": ""Lapsing"", ""timed_overlap"": 2, ""column_overlap"": 4}, {""word"": ""Peerless"", ""timed_overlap"": 2, ""column_overlap"": 2}, {""word"": ""said"", ""timed_overlap"": 2, ""column_overlap"": 2}, {""word"": ""close"", ""timed_overlap"": 2, ""column_overlap"": 2}, {""word"": ""elapsed"", ""timed_overlap"": 2, ""column_overlap"": 2}]",completed,100,100,0
500,150,neural,3,out,milk,100,100,100,True,2,3,0,0,,99,"[{""word"": ""milk"", ""timed_overlap"": 2, ""column_overlap"": 3}, {""word"": ""bearing"", ""timed_overlap"": 1, ""column_overlap"": 4}, {""word"": ""till"", ""timed_overlap"": 1, ""column_overlap"": 3}, {""word"": ""reserved"", ""timed_overlap"": 1, ""column_overlap"": 3}, {""word"": ""certain"", ""timed_overlap"": 1, ""column_overlap"": 3}]",completed,99,99,0
500,150,neural,4,the,just,99,99,99,True,2,3,0,0,,109,"[{""word"": ""just"", ""timed_overlap"": 2, ""column_overlap"": 3}, {""word"": ""Lucinda"", ""timed_overlap"": 2, ""column_overlap"": 2}, {""word"": ""sweet"", ""timed_overlap"": 2, ""column_overlap"": 2}, {""word"": ""WHY"", ""timed_overlap"": 2, ""column_overlap"": 2}, {""word"": ""till"", ""timed_overlap"": 2, ""column_overlap"": 2}]",completed,100,100,0
500,151,neural,1,some,appeal,99,99,99,True,2,4,2,2,5,118,"[{""word"": ""appeal"", ""timed_overlap"": 2, ""column_overlap"": 4}, {""word"": ""Meanwhile"", ""timed_overlap"": 2, ""column_overlap"": 3}, {""word"": ""Folks"", ""timed_overlap"": 2, ""column_overlap"": 2}, {""word"": ""instead"", ""timed_overlap"": 2, ""column_overlap"": 2}, {""word"": ""some"", ""timed_overlap"": 2, ""column_overlap"": 2}]",completed,82,10,0
500,151,neural,2,distance,hard,99,99,99,True,2,3,0,0,,83,"[{""word"": ""hard"", ""timed_overlap"": 2, ""column_overlap"": 3}, {""word"": ""might"", ""timed_overlap"": 1, ""column_overlap"": 3}, {""word"": ""angrily"", ""timed_overlap"": 1, ""column_overlap"": 3}, {""word"": ""woods"", ""timed_overlap"": 1, ""column_overlap"": 3}, {""word"": ""--"", ""timed_overlap"": 1, ""column_overlap"": 3}]",completed,99,99,0
500,151,neural,3,",",sisters,97,97,97,True,2,2,0,0,,110,"[{""word"": ""sisters"", ""timed_overlap"": 2, ""column_overlap"": 2}, {""word"": ""until"", ""timed_overlap"": 2, ""column_overlap"": 2}, {""word"": ""altogether"", ""timed_overlap"": 1, ""column_overlap"": 4}, {""word"": ""chair"", ""timed_overlap"": 1, ""column_overlap"": 3}, {""word"": ""next"", ""timed_overlap"": 1, ""column_overlap"": 3}]",completed,99,99,0
500,151,neural,4,and,David,100,100,100,True,2,3,0,0,,105,"[{""word"": ""David"", ""timed_overlap"": 2, ""column_overlap"": 3}, {""word"": ""broidered"", ""timed_overlap"": 1, ""column_overlap"": 4}, {""word"": ""mischievous"", ""timed_overlap"": 1, ""column_overlap"": 3}, {""word"": ""beneath"", ""timed_overlap"": 1, ""column_overlap"": 3}, {""word"": ""Joe"", ""timed_overlap"": 1, ""column_overlap"": 3}]",completed,97,97,0
500,152,neural,1,the,feeling,100,100,100,True,2,4,0,0,,105,"[{""word"": ""feeling"", ""timed_overlap"": 2, ""column_overlap"": 4}, {""word"": ""moving"", ""timed_overlap"": 2, ""column_overlap"": 3}, {""word"": ""wanted"", ""timed_overlap"": 2, ""column_overlap"": 2}, {""word"": ""mud"", ""timed_overlap"": 2, ""column_overlap"": 2}, {""word"": ""milk"", ""timed_overlap"": 2, ""column_overlap"": 2}]",completed,73,10,0
500,152,neural,2,land,One,99,99,99,True,2,3,0,0,,91,"[{""word"": ""One"", ""timed_overlap"": 2, ""column_overlap"": 3}, {""word"": ""Jem"", ""timed_overlap"": 2, ""column_overlap"": 2}, {""word"": ""kind"", ""timed_overlap"": 1, ""column_overlap"": 4}, {""word"": ""window"", ""timed_overlap"": 1, ""column_overlap"": 4}, {""word"": ""glided"", ""timed_overlap"": 1, ""column_overlap"": 3}]",completed,100,100,0
500,152,neural,3,of,seen,100,100,100,True,1,2,0,0,,90,"[{""word"": ""seen"", ""timed_overlap"": 1, ""column_overlap"": 2}, {""word"": ""recovered"", ""timed_overlap"": 1, ""column_overlap"": 2}, {""word"": ""hopelessly"", ""timed_overlap"": 1, ""column_overlap"": 2}, {""word"": ""haunting"", ""timed_overlap"": 1, ""column_overlap"": 2}, {""word"": ""particular"", ""timed_overlap"": 1, ""column_overlap"": 2}]",completed,99,99,0
500,152,neural,4,the,six,95,95,95,True,2,3,0,0,,108,"[{""word"": ""six"", ""timed_overlap"": 2, ""column_overlap"": 3}, {""word"": ""ruin"", ""timed_overlap"": 2, ""column_overlap"": 3}, {""word"": ""Sammy"", ""timed_overlap"": 1, ""column_overlap"": 3}, {""word"": ""last"", ""timed_overlap"": 1, ""column_overlap"": 3}, {""word"": ""ought"", ""timed_overlap"": 1, ""column_overlap"": 3}]",completed,100,100,0
500,153,neural,1,lady,grass,100,100,100,True,2,2,0,0,,105,"[{""word"": ""grass"", ""timed_overlap"": 2, ""column_overlap"": 2}, {""word"": ""bringing"", ""timed_overlap"": 2, ""column_overlap"": 2}, {""word"": ""promise"", ""timed_overlap"": 2, ""column_overlap"": 2}, {""word"": ""ye"", ""timed_overlap"": 1, ""column_overlap"": 4}, {""word"": ""house"", ""timed_overlap"": 1, ""column_overlap"": 3}]",completed,82,10,0
500,153,neural,2,",",require,99,99,99,True,2,3,0,0,,115,"[{""word"": ""require"", ""timed_overlap"": 2, ""column_overlap"": 3}, {""word"": ""value"", ""timed_overlap"": 2, ""column_overlap"": 2}, {""word"": ""Fellow"", ""timed_overlap"": 2, ""column_overlap"": 2}, {""word"": ""carefully"", ""timed_overlap"": 2, ""column_overlap"": 2}, {""word"": ""Dick"", ""timed_overlap"": 2, ""column_overlap"": 2}]",completed,100,100,0
500,153,neural,3,and,anxious,100,100,100,True,2,2,0,0,,96,"[{""word"": ""anxious"", ""timed_overlap"": 2, ""column_overlap"": 2}, {""word"": ""highness"", ""timed_overlap"": 2, ""column_overlap"": 2}, {""word"": ""trying"", ""timed_overlap"": 2, ""column_overlap"": 2}, {""word"": ""be"", ""timed_overlap"": 1, ""column_overlap"": 3}, {""word"": ""hive"", ""timed_overlap"": 1, ""column_overlap"": 3}]",completed,99,99,0
500,153,neural,4,when,Souchong,99,99,99,True,2,3,0,0,,78,"[{""word"": ""Souchong"", ""timed_overlap"": 2, ""column_overlap"": 3}, {""word"": ""him"", ""timed_overlap"": 2, ""column_overlap"": 2}, {""word"": ""Tegumai"", ""timed_overlap"": 1, ""column_overlap"": 4}, {""word"": ""say"", ""timed_overlap"": 1, ""column_overlap"": 3}, {""word"": ""happened"", ""timed_overlap"": 1, ""column_overlap"": 3}]",completed,100,100,0
500,154,neural,1,much,been,99,99,99,True,4,4,0,0,,98,"[{""word"": ""been"", ""timed_overlap"": 4, ""column_overlap"": 4}, {""word"": ""ask"", ""timed_overlap"": 2, ""column_overlap"": 2}, {""word"": ""Henderland"", ""timed_overlap"": 1, ""column_overlap"": 4}, {""word"": ""pricked"", ""timed_overlap"": 1, ""column_overlap"": 3}, {""word"": ""exclaimed"", ""timed_overlap"": 1, ""column_overlap"": 3}]",completed,82,10,0
500,154,neural,2,weight,mother-bird,99,99,99,True,2,2,0,0,,69,"[{""word"": ""mother-bird"", ""timed_overlap"": 2, ""column_overlap"": 2}, {""word"": ""Sodnos"", ""timed_overlap"": 1, ""column_overlap"": 3}, {""word"": ""dwelt"", ""timed_overlap"": 1, ""column_overlap"": 2}, {""word"": ""steps"", ""timed_overlap"": 1, ""column_overlap"": 2}, {""word"": ""recommended"", ""timed_overlap"": 1, ""column_overlap"": 2}]",completed,99,99,0
500,154,neural,3,with,bringing,100,100,100,True,2,2,0,0,,93,"[{""word"": ""bringing"", ""timed_overlap"": 2, ""column_overlap"": 2}, {""word"": ""He"", ""timed_overlap"": 1, ""column_overlap"": 4}, {""word"": ""ones"", ""timed_overlap"": 1, ""column_overlap"": 3}, {""word"": ""wished"", ""timed_overlap"": 1, ""column_overlap"": 3}, {""word"": ""for"", ""timed_overlap"": 1, ""column_overlap"": 3}]",completed,99,99,0
500,154,neural,4,the,lamp,98,98,98,True,2,3,0,0,,81,"[{""word"": ""lamp"", ""timed_overlap"": 2, ""column_overlap"": 3}, {""word"": ""worn"", ""timed_overlap"": 2, ""column_overlap"": 3}, {""word"": ""rest"", ""timed_overlap"": 2, ""column_overlap"": 2}, {""word"": ""bearing"", ""timed_overlap"": 2, ""column_overlap"": 2}, {""word"": ""real"", ""timed_overlap"": 1, ""column_overlap"": 3}]",completed,100,100,0
500,155,neural,1,or,altogether,100,100,100,True,2,5,0,0,,105,"[{""word"": ""altogether"", ""timed_overlap"": 2, ""column_overlap"": 5}, {""word"": ""put"", ""timed_overlap"": 2, ""column_overlap"": 2}, {""word"": ""sisters"", ""timed_overlap"": 2, ""column_overlap"": 2}, {""word"": ""wasting"", ""timed_overlap"": 1, ""column_overlap"": 4}, {""word"": ""Herr"", ""timed_overlap"": 1, ""column_overlap"": 4}]",completed,91,10,0
500,155,neural,2,ten,if,100,100,100,True,2,2,0,0,,67,"[{""word"": ""if"", ""timed_overlap"": 2, ""column_overlap"": 2}, {""word"": ""pity"", ""timed_overlap"": 1, ""column_overlap"": 4}, {""word"": ""knows"", ""timed_overlap"": 1, ""column_overlap"": 3}, {""word"": ""honey"", ""timed_overlap"": 1, ""column_overlap"": 2}, {""word"": ""sight"", ""timed_overlap"": 1, ""column_overlap"": 2}]",completed,100,100,0
500,155,neural,3,inches,'s,96,96,96,True,2,2,0,0,,117,"[{""word"": ""'s"", ""timed_overlap"": 2, ""column_overlap"": 2}, {""word"": ""Quite"", ""timed_overlap"": 2, ""column_overlap"": 2}, {""word"": ""led"", ""timed_overlap"": 1, ""column_overlap"": 5}, {""word"": ""bait"", ""timed_overlap"": 1, ""column_overlap"": 4}, {""word"": ""worked"", ""timed_overlap"": 1, ""column_overlap"": 4}]",completed,100,100,0
500,155,neural,4,of,excluded,98,98,98,True,2,2,1,1,91,99,"[{""word"": ""excluded"", ""timed_overlap"": 2, ""column_overlap"": 2}, {""word"": ""small"", ""timed_overlap"": 1, ""column_overlap"": 3}, {""word"": ""captain"", ""timed_overlap"": 1, ""column_overlap"": 2}, {""word"": ""Hannah"", ""timed_overlap"": 1, ""column_overlap"": 2}, {""word"": ""even"", ""timed_overlap"": 1, ""column_overlap"": 2}]",completed,96,96,0
500,156,neural,1,think,However,100,100,100,True,2,3,0,0,,118,"[{""word"": ""However"", ""timed_overlap"": 2, ""column_overlap"": 3}, {""word"": ""for"", ""timed_overlap"": 2, ""column_overlap"": 3}, {""word"": ""Felicity"", ""timed_overlap"": 2, ""column_overlap"": 3}, {""word"": ""cake"", ""timed_overlap"": 2, ""column_overlap"": 2}, {""word"": ""beautiful"", ""timed_overlap"": 2, ""column_overlap"": 2}]",completed,100,10,0
500,156,neural,2,so,ask,99,99,99,True,2,3,0,0,,69,"[{""word"": ""ask"", ""timed_overlap"": 2, ""column_overlap"": 3}, {""word"": ""netting"", ""timed_overlap"": 2, ""column_overlap"": 2}, {""word"": ""stern-sheets"", ""timed_overlap"": 2, ""column_overlap"": 2}, {""word"": ""kind"", ""timed_overlap"": 2, ""column_overlap"": 2}, {""word"": ""intended"", ""timed_overlap"": 1, ""column_overlap"": 3}]",completed,100,100,0
500,156,neural,3,.,grotto,100,100,100,True,2,3,0,0,,86,"[{""word"": ""grotto"", ""timed_overlap"": 2, ""column_overlap"": 3}, {""word"": ""III"", ""timed_overlap"": 2, ""column_overlap"": 3}, {""word"": ""Square"", ""timed_overlap"": 2, ""column_overlap"": 2}, {""word"": ""doubly"", ""timed_overlap"": 1, ""column_overlap"": 3}, {""word"": ""such"", ""timed_overlap"": 1, ""column_overlap"": 2}]",completed,99,99,0
500,156,neural,4,',room,97,97,97,True,2,3,0,0,,94,"[{""word"": ""room"", ""timed_overlap"": 2, ""column_overlap"": 3}, {""word"": ""PERCINET"", ""timed_overlap"": 2, ""column_overlap"": 3}, {""word"": ""flew"", ""timed_overlap"": 2, ""column_overlap"": 3}, {""word"": ""planned"", ""timed_overlap"": 2, ""column_overlap"": 2}, {""word"": ""from"", ""timed_overlap"": 2, ""column_overlap"": 2}]",completed,100,100,0
500,157,neural,1,began,locked,99,99,99,True,2,3,0,0,,100,"[{""word"": ""locked"", ""timed_overlap"": 2, ""column_overlap"": 3}, {""word"": ""AND"", ""timed_overlap"": 2, ""column_overlap"": 2}, {""word"": ""about"", ""timed_overlap"": 2, ""column_overlap"": 2}, {""word"": ""Jay"", ""timed_overlap"": 1, ""column_overlap"": 5}, {""word"": ""To"", ""timed_overlap"": 1, ""column_overlap"": 3}]",completed,82,10,0
500,157,neural,2,to,bought,100,100,100,True,2,2,0,0,,101,"[{""word"": ""bought"", ""timed_overlap"": 2, ""column_overlap"": 2}, {""word"": ""That"", ""timed_overlap"": 1, ""column_overlap"": 3}, {""word"": ""motives"", ""timed_overlap"": 1, ""column_overlap"": 3}, {""word"": ""already"", ""timed_overlap"": 1, ""column_overlap"": 3}, {""word"": ""Spirit"", ""timed_overlap"": 1, ""column_overlap"": 3}]",completed,99,99,0
500,157,neural,3,terrify,letter,99,99,99,True,2,2,0,0,,102,"[{""word"": ""letter"", ""timed_overlap"": 2, ""column_overlap"": 2}, {""word"": ""Christ-child"", ""timed_overlap"": 2, ""column_overlap"": 2}, {""word"": ""lest"", ""timed_overlap"": 2, ""column_overlap"": 2}, {""word"": ""garret"", ""timed_overlap"": 2, ""column_overlap"": 2}, {""word"": ""locked"", ""timed_overlap"": 1, ""column_overlap"": 4}]",completed,100,100,0
500,157,neural,4,him,snowshoeing,98,98,98,True,2,2,0,0,,100,"[{""word"": ""snowshoeing"", ""timed_overlap"": 2, ""column_overlap"": 2}, {""word"": ""royal"", ""timed_overlap"": 2, ""column_overlap"": 2}, {""word"": ""amused"", ""timed_overlap"": 1, ""column_overlap"": 3}, {""word"": ""fixed"", ""timed_overlap"": 1, ""column_overlap"": 3}, {""word"": ""veil"", ""timed_overlap"": 1, ""column_overlap"": 3}]",completed,99,99,0
500,158,neural,1,unpractical,said,100,100,100,True,2,3,0,0,,102,"[{""word"": ""said"", ""timed_overlap"": 2, ""column_overlap"": 3}, {""word"": ""month"", ""timed_overlap"": 2, ""column_overlap"": 2}, {""word"": ""chop"", ""timed_overlap"": 2, ""column_overlap"": 2}, {""word"": ""locked"", ""timed_overlap"": 1, ""column_overlap"": 4}, {""word"": ""dragging"", ""timed_overlap"": 1, ""column_overlap"": 3}]",completed,82,10,0
500,158,neural,2,",",early,98,98,98,True,2,3,0,0,,77,"[{""word"": ""early"", ""timed_overlap"": 2, ""column_overlap"": 3}, {""word"": ""Lightfoot"", ""timed_overlap"": 1, ""column_overlap"": 2}, {""word"": ""am"", ""timed_overlap"": 1, ""column_overlap"": 2}, {""word"": ""letter"", ""timed_overlap"": 1, ""column_overlap"": 2}, {""word"": ""chatter"", ""timed_overlap"": 1, ""column_overlap"": 2}]",completed,100,100,0
500,158,neural,3,and,Besides,97,97,97,True,2,2,0,0,,88,"[{""word"": ""Besides"", ""timed_overlap"": 2, ""column_overlap"": 2}, {""word"": ""like"", ""timed_overlap"": 2, ""column_overlap"": 2}, {""word"": ""besought"", ""timed_overlap"": 1, ""column_overlap"": 3}, {""word"": ""lest"", ""timed_overlap"": 1, ""column_overlap"": 3}, {""word"": ""tantrum"", ""timed_overlap"": 1, ""column_overlap"": 2}]",completed,98,98,0
500,158,neural,4,",",CHAPTER,95,95,95,True,2,2,0,0,,123,"[{""word"": ""CHAPTER"", ""timed_overlap"": 2, ""column_overlap"": 2}, {""word"": ""King"", ""timed_overlap"": 2, ""column_overlap"": 2}, {""word"": ""green"", ""timed_overlap"": 2, ""column_overlap"": 2}, {""word"": ""Felicity"", ""timed_overlap"": 1, ""column_overlap"": 4}, {""word"": ""What"", ""timed_overlap"": 1, ""column_overlap"": 3}]",completed,97,97,0
500,159,neural,1,'m,added,100,100,100,True,2,3,2,2,3,110,"[{""word"": ""added"", ""timed_overlap"": 2, ""column_overlap"": 3}, {""word"": ""Davis"", ""timed_overlap"": 2, ""column_overlap"": 3}, {""word"": ""'m"", ""timed_overlap"": 2, ""column_overlap"": 2}, {""word"": ""fry"", ""timed_overlap"": 1, ""column_overlap"": 4}, {""word"": ""puzzling"", ""timed_overlap"": 1, ""column_overlap"": 3}]",completed,91,10,0
500,159,neural,2,sure,Cyrilla,100,100,100,True,2,2,0,0,,70,"[{""word"": ""Cyrilla"", ""timed_overlap"": 2, ""column_overlap"": 2}, {""word"": ""Christ-child"", ""timed_overlap"": 1, ""column_overlap"": 4}, {""word"": ""Quite"", ""timed_overlap"": 1, ""column_overlap"": 2}, {""word"": ""certain"", ""timed_overlap"": 1, ""column_overlap"": 2}, {""word"": ""want"", ""timed_overlap"": 1, ""column_overlap"": 2}]",completed,100,100,0
500,159,neural,3,you,blue,99,99,99,True,2,3,0,0,,115,"[{""word"": ""blue"", ""timed_overlap"": 2, ""column_overlap"": 3}, {""word"": ""keep"", ""timed_overlap"": 2, ""column_overlap"": 3}, {""word"": ""story"", ""timed_overlap"": 2, ""column_overlap"": 2}, {""word"": ""What"", ""timed_overlap"": 2, ""column_overlap"": 2}, {""word"": ""shook"", ""timed_overlap"": 2, ""column_overlap"": 2}]",completed,100,100,0
500,159,neural,4,ought,agreement,99,99,99,True,2,3,0,0,,91,"[{""word"": ""agreement"", ""timed_overlap"": 2, ""column_overlap"": 3}, {""word"": ""sultan"", ""timed_overlap"": 2, ""column_overlap"": 2}, {""word"": ""stranger"", ""timed_overlap"": 1, ""column_overlap"": 4}, {""word"": ""highness"", ""timed_overlap"": 1, ""column_overlap"": 3}, {""word"": ""border"", ""timed_overlap"": 1, ""column_overlap"": 3}]",completed,99,99,0
500,160,neural,1,ever,blades,100,100,100,True,2,2,0,0,,93,"[{""word"": ""blades"", ""timed_overlap"": 2, ""column_overlap"": 2}, {""word"": ""dress"", ""timed_overlap"": 2, ""column_overlap"": 2}, {""word"": ""aunt"", ""timed_overlap"": 2, ""column_overlap"": 2}, {""word"": ""PERCINET"", ""timed_overlap"": 2, ""column_overlap"": 2}, {""word"": ""mercy"", ""timed_overlap"": 2, ""column_overlap"": 2}]",completed,100,10,0
500,160,neural,2,forget,blades,100,100,100,True,2,3,0,0,,98,"[{""word"": ""blades"", ""timed_overlap"": 2, ""column_overlap"": 3}, {""word"": ""from"", ""timed_overlap"": 1, ""column_overlap"": 4}, {""word"": ""dragging"", ""timed_overlap"": 1, ""column_overlap"": 3}, {""word"": ""certain"", ""timed_overlap"": 1, ""column_overlap"": 3}, {""word"": ""Lucinda"", ""timed_overlap"": 1, ""column_overlap"": 3}]",completed,100,100,0
500,160,neural,3,that,what,96,96,96,True,1,3,0,0,,82,"[{""word"": ""what"", ""timed_overlap"": 1, ""column_overlap"": 3}, {""word"": ""visited"", ""timed_overlap"": 1, ""column_overlap"": 3}, {""word"": ""did"", ""timed_overlap"": 1, ""column_overlap"": 3}, {""word"": ""bait"", ""timed_overlap"": 1, ""column_overlap"": 3}, {""word"": ""poured"", ""timed_overlap"": 1, ""column_overlap"": 3}]",completed,100,100,0
500,160,neural,4,tantrum,window,99,99,99,True,3,3,0,0,,86,"[{""word"": ""window"", ""timed_overlap"": 3, ""column_overlap"": 3}, {""word"": ""Sara"", ""timed_overlap"": 2, ""column_overlap"": 3}, {""word"": ""Put"", ""timed_overlap"": 2, ""column_overlap"": 2}, {""word"": ""Gallipoli"", ""timed_overlap"": 2, ""column_overlap"": 2}, {""word"": ""sweetens"", ""timed_overlap"": 1, ""column_overlap"": 4}]",completed,96,96,0
500,161,neural,1,ye,worse,98,98,98,True,2,3,1,2,62,143,"[{""word"": ""worse"", ""timed_overlap"": 2, ""column_overlap"": 3}, {""word"": ""pink"", ""timed_overlap"": 2, ""column_overlap"": 3}, {""word"": ""anxious"", ""timed_overlap"": 2, ""column_overlap"": 2}, {""word"": ""simply"", ""timed_overlap"": 2, ""column_overlap"": 2}, {""word"": ""romantic"", ""timed_overlap"": 2, ""column_overlap"": 2}]",completed,73,10,0
500,161,neural,2,be,bad,99,99,99,True,2,2,0,0,,87,"[{""word"": ""bad"", ""timed_overlap"": 2, ""column_overlap"": 2}, {""word"": ""snowshoeing"", ""timed_overlap"": 1, ""column_overlap"": 3}, {""word"": ""angel"", ""timed_overlap"": 1, ""column_overlap"": 3}, {""word"": ""ruther"", ""timed_overlap"": 1, ""column_overlap"": 3}, {""word"": ""fry"", ""timed_overlap"": 1, ""column_overlap"": 2}]",completed,98,98,0
500,161,neural,3,not,Cyrilla,99,99,99,True,2,3,0,0,,122,"[{""word"": ""Cyrilla"", ""timed_overlap"": 2, ""column_overlap"": 3}, {""word"": ""Meadow"", ""timed_overlap"": 2, ""column_overlap"": 2}, {""word"": ""put"", ""timed_overlap"": 2, ""column_overlap"": 2}, {""word"": ""run"", ""timed_overlap"": 2, ""column_overlap"": 2}, {""word"": ""recovered"", ""timed_overlap"": 1, ""column_overlap"": 3}]",completed,99,99,0
500,161,neural,4,of,dragon,99,99,99,True,2,3,0,0,,92,"[{""word"": ""dragon"", ""timed_overlap"": 2, ""column_overlap"": 3}, {""word"": ""remembering"", ""timed_overlap"": 2, ""column_overlap"": 3}, {""word"": ""old"", ""timed_overlap"": 2, ""column_overlap"": 2}, {""word"": ""taken"", ""timed_overlap"": 1, ""column_overlap"": 3}, {""word"": ""enchanted"", ""timed_overlap"": 1, ""column_overlap"": 3}]",completed,99,99,0
500,162,neural,1,of,knows,98,98,98,True,2,4,1,1,95,149,"[{""word"": ""knows"", ""timed_overlap"": 2, ""column_overlap"": 4}, {""word"": ""But"", ""timed_overlap"": 2, ""column_overlap"": 3}, {""word"": ""beneath"", ""timed_overlap"": 2, ""column_overlap"": 3}, {""word"": ""red"", ""timed_overlap"": 2, ""column_overlap"": 3}, {""word"": ""scoop"", ""timed_overlap"": 2, ""column_overlap"": 2}]",completed,91,10,0
500,162,neural,2,the,hopes,100,100,100,True,2,2,0,0,,92,"[{""word"": ""hopes"", ""timed_overlap"": 2, ""column_overlap"": 2}, {""word"": ""window"", ""timed_overlap"": 2, ""column_overlap"": 2}, {""word"": ""with"", ""timed_overlap"": 1, ""column_overlap"": 3}, {""word"": ""instead"", ""timed_overlap"": 1, ""column_overlap"": 3}, {""word"": ""thief"", ""timed_overlap"": 1, ""column_overlap"": 3}]",completed,98,98,0
500,162,neural,3,sort,Don,97,97,97,True,1,3,0,0,,90,"[{""word"": ""Don"", ""timed_overlap"": 1, ""column_overlap"": 3}, {""word"": ""Leslie"", ""timed_overlap"": 1, ""column_overlap"": 3}, {""word"": ""Remember"", ""timed_overlap"": 1, ""column_overlap"": 3}, {""word"": ""though"", ""timed_overlap"": 1, ""column_overlap"": 3}, {""word"": ""day"", ""timed_overlap"": 1, ""column_overlap"": 3}]",completed,100,100,0
500,162,neural,4,",",cow,97,97,97,True,2,2,0,0,,89,"[{""word"": ""cow"", ""timed_overlap"": 2, ""column_overlap"": 2}, {""word"": ""squishing"", ""timed_overlap"": 2, ""column_overlap"": 2}, {""word"": ""now"", ""timed_overlap"": 1, ""column_overlap"": 3}, {""word"": ""ruin"", ""timed_overlap"": 1, ""column_overlap"": 3}, {""word"": ""business"", ""timed_overlap"": 1, ""column_overlap"": 2}]",completed,97,97,0
500,163,neural,1,some,appeal,99,99,99,True,2,4,2,2,6,136,"[{""word"": ""appeal"", ""timed_overlap"": 2, ""column_overlap"": 4}, {""word"": ""Elder"", ""timed_overlap"": 2, ""column_overlap"": 3}, {""word"": ""rock"", ""timed_overlap"": 2, ""column_overlap"": 3}, {""word"": ""Meanwhile"", ""timed_overlap"": 2, ""column_overlap"": 2}, {""word"": ""day"", ""timed_overlap"": 2, ""column_overlap"": 2}]",completed,82,10,0
500,163,neural,2,time,Prince,100,100,100,True,2,3,0,0,,115,"[{""word"": ""Prince"", ""timed_overlap"": 2, ""column_overlap"": 3}, {""word"": ""lay"", ""timed_overlap"": 2, ""column_overlap"": 2}, {""word"": ""there"", ""timed_overlap"": 1, ""column_overlap"": 3}, {""word"": ""mutinously"", ""timed_overlap"": 1, ""column_overlap"": 3}, {""word"": ""Herr"", ""timed_overlap"": 1, ""column_overlap"": 3}]",completed,99,99,0
500,163,neural,3,",",touched,96,96,96,True,2,2,0,0,,94,"[{""word"": ""touched"", ""timed_overlap"": 2, ""column_overlap"": 2}, {""word"": ""leaving"", ""timed_overlap"": 2, ""column_overlap"": 2}, {""word"": ""arrived"", ""timed_overlap"": 2, ""column_overlap"": 2}, {""word"": ""rare"", ""timed_overlap"": 1, ""column_overlap"": 4}, {""word"": ""'ve"", ""timed_overlap"": 1, ""column_overlap"": 3}]",completed,100,100,0
500,163,neural,4,but,Daisy,98,98,98,True,2,3,0,0,,97,"[{""word"": ""Daisy"", ""timed_overlap"": 2, ""column_overlap"": 3}, {""word"": ""Porcupine"", ""timed_overlap"": 2, ""column_overlap"": 2}, {""word"": ""remorsefully"", ""timed_overlap"": 2, ""column_overlap"": 2}, {""word"": ""1715"", ""timed_overlap"": 1, ""column_overlap"": 3}, {""word"": ""Cyrilla"", ""timed_overlap"": 1, ""column_overlap"": 3}]",completed,96,96,0
500,164,neural,1,a,tale,97,97,97,True,2,3,0,0,,125,"[{""word"": ""tale"", ""timed_overlap"": 2, ""column_overlap"": 3}, {""word"": ""Take"", ""timed_overlap"": 2, ""column_overlap"": 3}, {""word"": ""Jo"", ""timed_overlap"": 2, ""column_overlap"": 2}, {""word"": ""get"", ""timed_overlap"": 2, ""column_overlap"": 2}, {""word"": ""recitations"", ""timed_overlap"": 2, ""column_overlap"": 2}]",completed,100,10,0
500,164,neural,2,world,snowshoeing,99,99,99,True,2,3,0,0,,95,"[{""word"": ""snowshoeing"", ""timed_overlap"": 2, ""column_overlap"": 3}, {""word"": ""certain"", ""timed_overlap"": 2, ""column_overlap"": 2}, {""word"": ""could"", ""timed_overlap"": 2, ""column_overlap"": 2}, {""word"": ""just"", ""timed_overlap"": 1, ""column_overlap"": 4}, {""word"": ""east"", ""timed_overlap"": 1, ""column_overlap"": 3}]",completed,97,97,0
500,164,neural,3,whither,Schmidt,98,98,98,True,2,3,0,0,,118,"[{""word"": ""Schmidt"", ""timed_overlap"": 2, ""column_overlap"": 3}, {""word"": ""sit"", ""timed_overlap"": 2, ""column_overlap"": 2}, {""word"": ""habit"", ""timed_overlap"": 2, ""column_overlap"": 2}, {""word"": ""sorry"", ""timed_overlap"": 1, ""column_overlap"": 4}, {""word"": ""sweetens"", ""timed_overlap"": 1, ""column_overlap"": 3}]",completed,99,99,0
500,164,neural,4,none,However,97,97,97,True,2,3,0,0,,108,"[{""word"": ""However"", ""timed_overlap"": 2, ""column_overlap"": 3}, {""word"": ""good"", ""timed_overlap"": 2, ""column_overlap"": 2}, {""word"": ""running"", ""timed_overlap"": 2, ""column_overlap"": 2}, {""word"": ""require"", ""timed_overlap"": 1, ""column_overlap"": 3}, {""word"": ""already"", ""timed_overlap"": 1, ""column_overlap"": 3}]",completed,98,98,0
500,165,neural,1,Louisa,his,98,98,98,True,2,4,0,0,,124,"[{""word"": ""his"", ""timed_overlap"": 2, ""column_overlap"": 4}, {""word"": ""Marco"", ""timed_overlap"": 2, ""column_overlap"": 2}, {""word"": ""yesterday"", ""timed_overlap"": 2, ""column_overlap"": 2}, {""word"": ""glanced"", ""timed_overlap"": 1, ""column_overlap"": 4}, {""word"": ""tells"", ""timed_overlap"": 1, ""column_overlap"": 3}]",completed,82,10,0
500,165,neural,2,'s,goodness,100,100,100,True,2,2,0,0,,62,"[{""word"": ""goodness"", ""timed_overlap"": 2, ""column_overlap"": 2}, {""word"": ""such"", ""timed_overlap"": 1, ""column_overlap"": 2}, {""word"": ""saw"", ""timed_overlap"": 1, ""column_overlap"": 2}, {""word"": ""April"", ""timed_overlap"": 1, ""column_overlap"": 2}, {""word"": ""butter"", ""timed_overlap"": 1, ""column_overlap"": 2}]",completed,98,98,0
500,165,neural,3,thumb,pen,99,99,99,True,2,3,0,0,,99,"[{""word"": ""pen"", ""timed_overlap"": 2, ""column_overlap"": 3}, {""word"": ""bewildered"", ""timed_overlap"": 2, ""column_overlap"": 3}, {""word"": ""snowshoeing"", ""timed_overlap"": 2, ""column_overlap"": 2}, {""word"": ""leaving"", ""timed_overlap"": 1, ""column_overlap"": 4}, {""word"": ""'cause"", ""timed_overlap"": 1, ""column_overlap"": 3}]",completed,100,100,0
500,165,neural,4,.,Amy,95,95,95,True,2,2,0,0,,101,"[{""word"": ""Amy"", ""timed_overlap"": 2, ""column_overlap"": 2}, {""word"": ""Quicksilver"", ""timed_overlap"": 2, ""column_overlap"": 2}, {""word"": ""Matthew"", ""timed_overlap"": 1, ""column_overlap"": 3}, {""word"": ""stern-sheets"", ""timed_overlap"": 1, ""column_overlap"": 3}, {""word"": ""fellow"", ""timed_overlap"": 1, ""column_overlap"": 3}]",completed,99,99,0
500,166,neural,1,kindest,hive,100,100,100,True,2,3,0,0,,116,"[{""word"": ""hive"", ""timed_overlap"": 2, ""column_overlap"": 3}, {""word"": ""Sammy"", ""timed_overlap"": 2, ""column_overlap"": 3}, {""word"": ""Sometimes"", ""timed_overlap"": 2, ""column_overlap"": 3}, {""word"": ""drop"", ""timed_overlap"": 2, ""column_overlap"": 2}, {""word"": ""door"", ""timed_overlap"": 2, ""column_overlap"": 2}]",completed,73,10,0
500,166,neural,2,old,misty,100,100,100,True,1,3,0,0,,73,"[{""word"": ""misty"", ""timed_overlap"": 1, ""column_overlap"": 3}, {""word"": ""water"", ""timed_overlap"": 1, ""column_overlap"": 3}, {""word"": ""This"", ""timed_overlap"": 1, ""column_overlap"": 2}, {""word"": ""every"", ""timed_overlap"": 1, ""column_overlap"": 2}, {""word"": ""John"", ""timed_overlap"": 1, ""column_overlap"": 2}]",completed,100,100,0
500,166,neural,3,people,rejoined,98,98,98,True,3,3,0,0,,97,"[{""word"": ""rejoined"", ""timed_overlap"": 3, ""column_overlap"": 3}, {""word"": ""But"", ""timed_overlap"": 2, ""column_overlap"": 2}, {""word"": ""which"", ""timed_overlap"": 2, ""column_overlap"": 2}, {""word"": ""off"", ""timed_overlap"": 1, ""column_overlap"": 4}, {""word"": ""skating"", ""timed_overlap"": 1, ""column_overlap"": 3}]",completed,100,100,0
500,166,neural,4,in,Put,98,98,98,True,2,3,0,0,,95,"[{""word"": ""Put"", ""timed_overlap"": 2, ""column_overlap"": 3}, {""word"": ""washed"", ""timed_overlap"": 2, ""column_overlap"": 3}, {""word"": ""peeped"", ""timed_overlap"": 2, ""column_overlap"": 2}, {""word"": ""shook"", ""timed_overlap"": 2, ""column_overlap"": 2}, {""word"": ""beneath"", ""timed_overlap"": 2, ""column_overlap"": 2}]",completed,98,98,0
500,167,neural,1,",",Fellow,96,96,96,True,2,3,0,0,,117,"[{""word"": ""Fellow"", ""timed_overlap"": 2, ""column_overlap"": 3}, {""word"": ""magic"", ""timed_overlap"": 2, ""column_overlap"": 2}, {""word"": ""say"", ""timed_overlap"": 2, ""column_overlap"": 2}, {""word"": ""afford"", ""timed_overlap"": 2, ""column_overlap"": 2}, {""word"": ""from"", ""timed_overlap"": 1, ""column_overlap"": 4}]",completed,73,10,0
500,167,neural,2,',gray,99,99,99,True,2,4,0,0,,102,"[{""word"": ""gray"", ""timed_overlap"": 2, ""column_overlap"": 4}, {""word"": ""lived"", ""timed_overlap"": 2, ""column_overlap"": 2}, {""word"": ""home"", ""timed_overlap"": 2, ""column_overlap"": 2}, {""word"": ""blow"", ""timed_overlap"": 2, ""column_overlap"": 2}, {""word"": ""withdrew"", ""timed_overlap"": 2, ""column_overlap"": 2}]",completed,96,96,0
500,167,neural,3,answered,frivolous,98,98,98,True,3,3,0,0,,99,"[{""word"": ""frivolous"", ""timed_overlap"": 3, ""column_overlap"": 3}, {""word"": ""Paul"", ""timed_overlap"": 2, ""column_overlap"": 4}, {""word"": ""Lucinda"", ""timed_overlap"": 2, ""column_overlap"": 3}, {""word"": ""Herr"", ""timed_overlap"": 2, ""column_overlap"": 2}, {""word"": ""flies"", ""timed_overlap"": 2, ""column_overlap"": 2}]",completed,99,99,0
500,167,neural,4,Hans,too,98,98,98,True,2,3,0,0,,116,"[{""word"": ""too"", ""timed_overlap"": 2, ""column_overlap"": 3}, {""word"": ""sprang"", ""timed_overlap"": 2, ""column_overlap"": 3}, {""word"": ""tell"", ""timed_overlap"": 1, ""column_overlap"": 4}, {""word"": ""church"", ""timed_overlap"": 1, ""column_overlap"": 4}, {""word"": ""cake"", ""timed_overlap"": 1, ""column_overlap"": 3}]",completed,98,98,0
500,168,neural,1,Grant,chance,96,96,96,True,2,4,0,0,,141,"[{""word"": ""chance"", ""timed_overlap"": 2, ""column_overlap"": 4}, {""word"": ""never"", ""timed_overlap"": 2, ""column_overlap"": 3}, {""word"": ""some"", ""timed_overlap"": 2, ""column_overlap"": 2}, {""word"": ""I"", ""timed_overlap"": 2, ""column_overlap"": 2}, {""word"": ""pet"", ""timed_overlap"": 2, ""column_overlap"": 2}]",completed,73,10,0
500,168,neural,2,--,flew,100,100,100,True,2,3,1,1,97,106,"[{""word"": ""flew"", ""timed_overlap"": 2, ""column_overlap"": 3}, {""word"": ""can"", ""timed_overlap"": 2, ""column_overlap"": 3}, {""word"": ""instead"", ""timed_overlap"": 2, ""column_overlap"": 2}, {""word"": ""lovely"", ""timed_overlap"": 2, ""column_overlap"": 2}, {""word"": ""tree"", ""timed_overlap"": 1, ""column_overlap"": 3}]",completed,96,96,0
500,168,neural,3,do,setting,98,98,98,True,2,2,0,0,,96,"[{""word"": ""setting"", ""timed_overlap"": 2, ""column_overlap"": 2}, {""word"": ""Hannah"", ""timed_overlap"": 2, ""column_overlap"": 2}, {""word"": ""drug-vendor"", ""timed_overlap"": 1, ""column_overlap"": 4}, {""word"": ""evening"", ""timed_overlap"": 1, ""column_overlap"": 3}, {""word"": ""grown"", ""timed_overlap"": 1, ""column_overlap"": 3}]",completed,100,100,0
500,168,neural,4,n't,Take,98,98,98,True,2,4,0,0,,131,"[{""word"": ""Take"", ""timed_overlap"": 2, ""column_overlap"": 4}, {""word"": ""delighted"", ""timed_overlap"": 2, ""column_overlap"": 2}, {""word"": ""Miss"", ""timed_overlap"": 2, ""column_overlap"": 2}, {""word"": ""tasted"", ""timed_overlap"": 2, ""column_overlap"": 2}, {""word"": ""below"", ""timed_overlap"": 1, ""column_overlap"": 4}]",completed,98,98,0
500,169,neural,1,the,evangelist,100,100,100,True,2,3,1,1,119,127,"[{""word"": ""evangelist"", ""timed_overlap"": 2, ""column_overlap"": 3}, {""word"": ""Johnny"", ""timed_overlap"": 2, ""column_overlap"": 3}, {""word"": ""maiden"", ""timed_overlap"": 2, ""column_overlap"": 2}, {""word"": ""immensely"", ""timed_overlap"": 1, ""column_overlap"": 4}, {""word"": ""value"", ""timed_overlap"": 1, ""column_overlap"": 4}]",completed,100,10,0
500,169,neural,2,frock,monotonous,100,100,100,True,2,2,0,0,,113,"[{""word"": ""monotonous"", ""timed_overlap"": 2, ""column_overlap"": 2}, {""word"": ""cats"", ""timed_overlap"": 2, ""column_overlap"": 2}, {""word"": ""flashes"", ""timed_overlap"": 1, ""column_overlap"": 3}, {""word"": ""Jay"", ""timed_overlap"": 1, ""column_overlap"": 3}, {""word"": ""uneasy"", ""timed_overlap"": 1, ""column_overlap"": 3}]",completed,100,100,0
500,169,neural,3,she,tittered,99,99,99,True,2,3,0,0,,114,"[{""word"": ""tittered"", ""timed_overlap"": 2, ""column_overlap"": 3}, {""word"": ""Millie"", ""timed_overlap"": 2, ""column_overlap"": 2}, {""word"": ""talked"", ""timed_overlap"": 2, ""column_overlap"": 2}, {""word"": ""body"", ""timed_overlap"": 2, ""column_overlap"": 2}, {""word"": ""meeting-house"", ""timed_overlap"": 1, ""column_overlap"": 3}]",completed,100,100,0
500,169,neural,4,had,tore,99,99,99,True,2,3,0,0,,93,"[{""word"": ""tore"", ""timed_overlap"": 2, ""column_overlap"": 3}, {""word"": ""ocean"", ""timed_overlap"": 1, ""column_overlap"": 3}, {""word"": ""teeth"", ""timed_overlap"": 1, ""column_overlap"": 3}, {""word"": ""'m"", ""timed_overlap"": 1, ""column_overlap"": 3}, {""word"": ""keen"", ""timed_overlap"": 1, ""column_overlap"": 2}]",completed,99,99,0
500,170,neural,1,his,be,100,100,100,True,3,3,0,0,,78,"[{""word"": ""be"", ""timed_overlap"": 3, ""column_overlap"": 3}, {""word"": ""finish"", ""timed_overlap"": 2, ""column_overlap"": 2}, {""word"": ""its"", ""timed_overlap"": 2, ""column_overlap"": 2}, {""word"": ""ladylike"", ""timed_overlap"": 2, ""column_overlap"": 2}, {""word"": ""flowers"", ""timed_overlap"": 1, ""column_overlap"": 3}]",completed,82,10,0
500,170,neural,2,horse,branch,100,100,100,True,2,2,0,0,,83,"[{""word"": ""branch"", ""timed_overlap"": 2, ""column_overlap"": 2}, {""word"": ""could"", ""timed_overlap"": 1, ""column_overlap"": 3}, {""word"": ""sisters"", ""timed_overlap"": 1, ""column_overlap"": 3}, {""word"": ""chance"", ""timed_overlap"": 1, ""column_overlap"": 3}, {""word"": ""planned"", ""timed_overlap"": 1, ""column_overlap"": 2}]",completed,100,100,0
500,170,neural,3,",",Mollie,98,98,98,True,2,3,0,0,,96,"[{""word"": ""Mollie"", ""timed_overlap"": 2, ""column_overlap"": 3}, {""word"": ""beautifully"", ""timed_overlap"": 2, ""column_overlap"": 3}, {""word"": ""appeal"", ""timed_overlap"": 2, ""column_overlap"": 3}, {""word"": ""indeed"", ""timed_overlap"": 2, ""column_overlap"": 2}, {""word"": ""flowers"", ""timed_overlap"": 1, ""column_overlap"": 4}]",completed,100,100,0
500,170,neural,4,began,whether,97,97,97,True,2,3,0,0,,92,"[{""word"": ""whether"", ""timed_overlap"": 2, ""column_overlap"": 3}, {""word"": ""Marcella"", ""timed_overlap"": 2, ""column_overlap"": 2}, {""word"": ""minutes"", ""timed_overlap"": 1, ""column_overlap"": 4}, {""word"": ""Squirrel"", ""timed_overlap"": 1, ""column_overlap"": 3}, {""word"": ""added"", ""timed_overlap"": 1, ""column_overlap"": 3}]",completed,98,98,0
500,171,neural,1,took,deep,98,98,98,True,2,4,0,0,,157,"[{""word"": ""deep"", ""timed_overlap"": 2, ""column_overlap"": 4}, {""word"": ""too"", ""timed_overlap"": 2, ""column_overlap"": 3}, {""word"": ""denied"", ""timed_overlap"": 2, ""column_overlap"": 3}, {""word"": ""bewildered"", ""timed_overlap"": 2, ""column_overlap"": 2}, {""word"": ""well"", ""timed_overlap"": 2, ""column_overlap"": 2}]",completed,91,10,0
500,171,neural,2,him,Cyrilla,100,100,100,True,3,4,0,0,,113,"[{""word"": ""Cyrilla"", ""timed_overlap"": 3, ""column_overlap"": 4}, {""word"": ""also"", ""timed_overlap"": 2, ""column_overlap"": 5}, {""word"": ""run"", ""timed_overlap"": 2, ""column_overlap"": 3}, {""word"": ""lips"", ""timed_overlap"": 2, ""column_overlap"": 2}, {""word"": ""highness"", ""timed_overlap"": 2, ""column_overlap"": 2}]",completed,98,98,0
500,171,neural,3,up,Marsch,100,100,100,True,2,3,0,0,,99,"[{""word"": ""Marsch"", ""timed_overlap"": 2, ""column_overlap"": 3}, {""word"": ""taking"", ""timed_overlap"": 1, ""column_overlap"": 3}, {""word"": ""who"", ""timed_overlap"": 1, ""column_overlap"": 3}, {""word"": ""such"", ""timed_overlap"": 1, ""column_overlap"": 3}, {""word"": ""Why"", ""timed_overlap"": 1, ""column_overlap"": 3}]",completed,100,100,0
500,171,neural,4,and,gilded,98,98,98,True,2,3,0,0,,108,"[{""word"": ""gilded"", ""timed_overlap"": 2, ""column_overlap"": 3}, {""word"": ""herself"", ""timed_overlap"": 2, ""column_overlap"": 2}, {""word"": ""Rogers"", ""timed_overlap"": 2, ""column_overlap"": 2}, {""word"": ""three"", ""timed_overlap"": 1, ""column_overlap"": 3}, {""word"": ""Emmy"", ""timed_overlap"": 1, ""column_overlap"": 3}]",completed,100,100,0
500,172,neural,1,'m,'',100,100,100,True,2,2,0,0,,94,"[{""word"": ""''"", ""timed_overlap"": 2, ""column_overlap"": 2}, {""word"": ""enough"", ""timed_overlap"": 1, ""column_overlap"": 4}, {""word"": ""those"", ""timed_overlap"": 1, ""column_overlap"": 3}, {""word"": ""wind"", ""timed_overlap"": 1, ""column_overlap"": 3}, {""word"": ""departs"", ""timed_overlap"": 1, ""column_overlap"": 3}]",completed,100,10,0
500,172,neural,2,",",Don,100,100,100,True,2,3,0,0,,106,"[{""word"": ""Don"", ""timed_overlap"": 2, ""column_overlap"": 3}, {""word"": ""XXIII"", ""timed_overlap"": 2, ""column_overlap"": 2}, {""word"": ""tree"", ""timed_overlap"": 1, ""column_overlap"": 4}, {""word"": ""nothing"", ""timed_overlap"": 1, ""column_overlap"": 3}, {""word"": ""golden"", ""timed_overlap"": 1, ""column_overlap"": 3}]",completed,100,100,0
500,172,neural,3,my,forget,100,100,100,True,2,3,0,0,,72,"[{""word"": ""forget"", ""timed_overlap"": 2, ""column_overlap"": 3}, {""word"": ""healthful"", ""timed_overlap"": 2, ""column_overlap"": 2}, {""word"": ""was"", ""timed_overlap"": 2, ""column_overlap"": 2}, {""word"": ""Good-bye"", ""timed_overlap"": 1, ""column_overlap"": 3}, {""word"": ""prettier"", ""timed_overlap"": 1, ""column_overlap"": 3}]",completed,100,100,0
500,172,neural,4,name,talk,94,94,94,True,2,3,0,0,,98,"[{""word"": ""talk"", ""timed_overlap"": 2, ""column_overlap"": 3}, {""word"": ""strong"", ""timed_overlap"": 2, ""column_overlap"": 2}, {""word"": ""money"", ""timed_overlap"": 1, ""column_overlap"": 3}, {""word"": ""Taffy"", ""timed_overlap"": 1, ""column_overlap"": 3}, {""word"": ""Everybody"", ""timed_overlap"": 1, ""column_overlap"": 3}]",completed,100,100,0
500,173,neural,1,'',he,100,100,100,True,2,2,1,1,75,122,"[{""word"": ""he"", ""timed_overlap"": 2, ""column_overlap"": 2}, {""word"": ""Next"", ""timed_overlap"": 2, ""column_overlap"": 2}, {""word"": ""inches"", ""timed_overlap"": 1, ""column_overlap"": 4}, {""word"": ""remembering"", ""timed_overlap"": 1, ""column_overlap"": 3}, {""word"": ""large"", ""timed_overlap"": 1, ""column_overlap"": 3}]",completed,82,10,0
500,173,neural,2,said,III,100,100,100,True,1,4,1,1,92,105,"[{""word"": ""III"", ""timed_overlap"": 1, ""column_overlap"": 4}, {""word"": ""behind"", ""timed_overlap"": 1, ""column_overlap"": 4}, {""word"": ""boys"", ""timed_overlap"": 1, ""column_overlap"": 4}, {""word"": ""Gray"", ""timed_overlap"": 1, ""column_overlap"": 3}, {""word"": ""whenever"", ""timed_overlap"": 1, ""column_overlap"": 3}]",completed,100,100,0
500,173,neural,3,Frank,UNC,99,99,99,True,2,2,1,2,17,87,"[{""word"": ""UNC"", ""timed_overlap"": 2, ""column_overlap"": 2}, {""word"": ""makes"", ""timed_overlap"": 1, ""column_overlap"": 3}, {""word"": ""elder"", ""timed_overlap"": 1, ""column_overlap"": 3}, {""word"": ""remembering"", ""timed_overlap"": 1, ""column_overlap"": 3}, {""word"": ""six"", ""timed_overlap"": 1, ""column_overlap"": 3}]",completed,100,100,0
500,173,neural,4,",",Mother,96,96,96,True,2,3,0,0,,117,"[{""word"": ""Mother"", ""timed_overlap"": 2, ""column_overlap"": 3}, {""word"": ""hard"", ""timed_overlap"": 2, ""column_overlap"": 2}, {""word"": ""netting"", ""timed_overlap"": 2, ""column_overlap"": 2}, {""word"": ""must"", ""timed_overlap"": 2, ""column_overlap"": 2}, {""word"": ""beautifully"", ""timed_overlap"": 2, ""column_overlap"": 2}]",completed,99,99,0
500,174,neural,1,says,said,99,99,99,True,3,3,0,0,,95,"[{""word"": ""said"", ""timed_overlap"": 3, ""column_overlap"": 3}, {""word"": ""Sometimes"", ""timed_overlap"": 2, ""column_overlap"": 3}, {""word"": ""bust"", ""timed_overlap"": 2, ""column_overlap"": 3}, {""word"": ""Matthew"", ""timed_overlap"": 2, ""column_overlap"": 2}, {""word"": ""locked"", ""timed_overlap"": 1, ""column_overlap"": 3}]",completed,64,10,0
500,174,neural,2,he,Square,100,100,100,True,1,3,0,0,,66,"[{""word"": ""Square"", ""timed_overlap"": 1, ""column_overlap"": 3}, {""word"": ""apparently"", ""timed_overlap"": 1, ""column_overlap"": 3}, {""word"": ""fought"", ""timed_overlap"": 1, ""column_overlap"": 2}, {""word"": ""Elder"", ""timed_overlap"": 1, ""column_overlap"": 2}, {""word"": ""ten"", ""timed_overlap"": 1, ""column_overlap"": 2}]",completed,99,99,0
500,174,neural,3,",",Everybody,100,100,100,True,3,4,0,0,,131,"[{""word"": ""Everybody"", ""timed_overlap"": 3, ""column_overlap"": 4}, {""word"": ""kind"", ""timed_overlap"": 2, ""column_overlap"": 3}, {""word"": ""Half"", ""timed_overlap"": 2, ""column_overlap"": 3}, {""word"": ""Marco"", ""timed_overlap"": 2, ""column_overlap"": 3}, {""word"": ""Frank"", ""timed_overlap"": 2, ""column_overlap"": 2}]",completed,100,100,0
500,174,neural,4,``,early,100,100,100,True,2,2,0,0,,93,"[{""word"": ""early"", ""timed_overlap"": 2, ""column_overlap"": 2}, {""word"": ""would"", ""timed_overlap"": 1, ""column_overlap"": 3}, {""word"": ""holiday"", ""timed_overlap"": 1, ""column_overlap"": 3}, {""word"": ""course"", ""timed_overlap"": 1, ""column_overlap"": 3}, {""word"": ""upon"", ""timed_overlap"": 1, ""column_overlap"": 3}]",completed,100,100,0
500,175,neural,1,",",bookcase,100,100,100,True,2,4,0,0,,127,"[{""word"": ""bookcase"", ""timed_overlap"": 2, ""column_overlap"": 4}, {""word"": ""about"", ""timed_overlap"": 2, ""column_overlap"": 4}, {""word"": ""ladies"", ""timed_overlap"": 2, ""column_overlap"": 3}, {""word"": ""carriage"", ""timed_overlap"": 2, ""column_overlap"": 3}, {""word"": ""hard"", ""timed_overlap"": 2, ""column_overlap"": 2}]",completed,82,10,0
500,175,neural,2,but,children,100,100,100,True,2,4,0,0,,74,"[{""word"": ""children"", ""timed_overlap"": 2, ""column_overlap"": 4}, {""word"": ""dress"", ""timed_overlap"": 1, ""column_overlap"": 3}, {""word"": ""trying"", ""timed_overlap"": 1, ""column_overlap"": 3}, {""word"": ""Please"", ""timed_overlap"": 1, ""column_overlap"": 3}, {""word"": ""Molly"", ""timed_overlap"": 1, ""column_overlap"": 2}]",completed,100,100,0
500,175,neural,3,very,Elliott,98,98,98,True,2,3,0,0,,94,"[{""word"": ""Elliott"", ""timed_overlap"": 2, ""column_overlap"": 3}, {""word"": ""bearing"", ""timed_overlap"": 2, ""column_overlap"": 3}, {""word"": ""know"", ""timed_overlap"": 2, ""column_overlap"": 2}, {""word"": ""paw"", ""timed_overlap"": 2, ""column_overlap"": 2}, {""word"": ""what"", ""timed_overlap"": 2, ""column_overlap"": 2}]",completed,100,100,0
500,175,neural,4,good,yonder,97,97,97,True,2,2,0,0,,75,"[{""word"": ""yonder"", ""timed_overlap"": 2, ""column_overlap"": 2}, {""word"": ""pet"", ""timed_overlap"": 1, ""column_overlap"": 3}, {""word"": ""headlands"", ""timed_overlap"": 1, ""column_overlap"": 3}, {""word"": ""COAT"", ""timed_overlap"": 1, ""column_overlap"": 3}, {""word"": ""Kindly"", ""timed_overlap"": 1, ""column_overlap"": 3}]",completed,98,98,0
500,176,neural,1,busybodies,Davis,99,99,99,True,2,3,0,0,,138,"[{""word"": ""Davis"", ""timed_overlap"": 2, ""column_overlap"": 3}, {""word"": ""here"", ""timed_overlap"": 2, ""column_overlap"": 2}, {""word"": ""more"", ""timed_overlap"": 1, ""column_overlap"": 4}, {""word"": ""ruther"", ""timed_overlap"": 1, ""column_overlap"": 4}, {""word"": ""away"", ""timed_overlap"": 1, ""column_overlap"": 3}]",completed,82,10,0
500,176,neural,2,",",cows,100,100,100,True,2,3,0,0,,82,"[{""word"": ""cows"", ""timed_overlap"": 2, ""column_overlap"": 3}, {""word"": ""chop"", ""timed_overlap"": 1, ""column_overlap"": 3}, {""word"": ""Bassett"", ""timed_overlap"": 1, ""column_overlap"": 3}, {""word"": ""almost"", ""timed_overlap"": 1, ""column_overlap"": 3}, {""word"": ""Jed"", ""timed_overlap"": 1, ""column_overlap"": 2}]",completed,99,99,0
500,176,neural,3,she,rat,99,99,99,True,2,3,0,0,,92,"[{""word"": ""rat"", ""timed_overlap"": 2, ""column_overlap"": 3}, {""word"": ""hearty"", ""timed_overlap"": 2, ""column_overlap"": 2}, {""word"": ""below"", ""timed_overlap"": 2, ""column_overlap"": 2}, {""word"": ""maiden"", ""timed_overlap"": 1, ""column_overlap"": 4}, {""word"": ""cake"", ""timed_overlap"": 1, ""column_overlap"": 3}]",completed,100,100,0
500,176,neural,4,wanted,ruther,99,99,99,True,2,5,0,0,,121,"[{""word"": ""ruther"", ""timed_overlap"": 2, ""column_overlap"": 5}, {""word"": ""talked"", ""timed_overlap"": 2, ""column_overlap"": 4}, {""word"": ""April"", ""timed_overlap"": 2, ""column_overlap"": 3}, {""word"": ""Jesse"", ""timed_overlap"": 2, ""column_overlap"": 3}, {""word"": ""made"", ""timed_overlap"": 2, ""column_overlap"": 3}]",completed,99,99,0
500,177,neural,1,helmet,indeed,100,100,100,True,2,3,0,0,,108,"[{""word"": ""indeed"", ""timed_overlap"": 2, ""column_overlap"": 3}, {""word"": ""Jem"", ""timed_overlap"": 2, ""column_overlap"": 2}, {""word"": ""eye"", ""timed_overlap"": 2, ""column_overlap"": 2}, {""word"": ""red"", ""timed_overlap"": 1, ""column_overlap"": 3}, {""word"": ""early"", ""timed_overlap"": 1, ""column_overlap"": 3}]",completed,91,10,0
500,177,neural,2,off,SAMMY,98,98,98,True,2,4,0,0,,104,"[{""word"": ""SAMMY"", ""timed_overlap"": 2, ""column_overlap"": 4}, {""word"": ""reason"", ""timed_overlap"": 1, ""column_overlap"": 3}, {""word"": ""consent"", ""timed_overlap"": 1, ""column_overlap"": 3}, {""word"": ""very"", ""timed_overlap"": 1, ""column_overlap"": 3}, {""word"": ""kindest"", ""timed_overlap"": 1, ""column_overlap"": 3}]",completed,100,100,0
500,177,neural,3,again,busybodies,99,99,99,True,2,2,0,0,,124,"[{""word"": ""busybodies"", ""timed_overlap"": 2, ""column_overlap"": 2}, {""word"": ""rest"", ""timed_overlap"": 2, ""column_overlap"": 2}, {""word"": ""Besides"", ""timed_overlap"": 1, ""column_overlap"": 3}, {""word"": ""goat"", ""timed_overlap"": 1, ""column_overlap"": 3}, {""word"": ""only"", ""timed_overlap"": 1, ""column_overlap"": 3}]",completed,98,98,0
500,177,neural,4,--,lamassery,99,99,99,True,2,2,0,0,,97,"[{""word"": ""lamassery"", ""timed_overlap"": 2, ""column_overlap"": 2}, {""word"": ""mere"", ""timed_overlap"": 1, ""column_overlap"": 4}, {""word"": ""thrifty"", ""timed_overlap"": 1, ""column_overlap"": 3}, {""word"": ""hopelessly"", ""timed_overlap"": 1, ""column_overlap"": 3}, {""word"": ""coming"", ""timed_overlap"": 1, ""column_overlap"": 3}]",completed,99,99,0
500,178,neural,1,he,enchantress,100,100,100,True,2,3,0,0,,121,"[{""word"": ""enchantress"", ""timed_overlap"": 2, ""column_overlap"": 3}, {""word"": ""heard"", ""timed_overlap"": 2, ""column_overlap"": 3}, {""word"": ""Suddenly"", ""timed_overlap"": 2, ""column_overlap"": 2}, {""word"": ""sensible"", ""timed_overlap"": 2, ""column_overlap"": 2}, {""word"": ""shy"", ""timed_overlap"": 2, ""column_overlap"": 2}]",completed,91,10,0
500,178,neural,2,will,probably,100,100,100,True,2,2,1,1,94,100,"[{""word"": ""probably"", ""timed_overlap"": 2, ""column_overlap"": 2}, {""word"": ""if"", ""timed_overlap"": 2, ""column_overlap"": 2}, {""word"": ""went"", ""timed_overlap"": 1, ""column_overlap"": 4}, {""word"": ""Laurie"", ""timed_overlap"": 1, ""column_overlap"": 4}, {""word"": ""headpiece"", ""timed_overlap"": 1, ""column_overlap"": 4}]",completed,100,100,0
500,178,neural,3,be,wheeled,100,100,100,True,2,2,0,0,,125,"[{""word"": ""wheeled"", ""timed_overlap"": 2, ""column_overlap"": 2}, {""word"": ""water"", ""timed_overlap"": 2, ""column_overlap"": 2}, {""word"": ""long"", ""timed_overlap"": 2, ""column_overlap"": 2}, {""word"": ""distance"", ""timed_overlap"": 1, ""column_overlap"": 4}, {""word"": ""wrote"", ""timed_overlap"": 1, ""column_overlap"": 4}]",completed,100,100,0
500,178,neural,4,here,fell,96,96,96,True,2,3,0,0,,118,"[{""word"": ""fell"", ""timed_overlap"": 2, ""column_overlap"": 3}, {""word"": ""Lucinda"", ""timed_overlap"": 2, ""column_overlap"": 2}, {""word"": ""exactly"", ""timed_overlap"": 2, ""column_overlap"": 2}, {""word"": ""ruther"", ""timed_overlap"": 2, ""column_overlap"": 2}, {""word"": ""bearing"", ""timed_overlap"": 1, ""column_overlap"": 4}]",completed,100,100,0
500,179,neural,1,the,lonesome,98,98,98,True,2,3,0,0,,115,"[{""word"": ""lonesome"", ""timed_overlap"": 2, ""column_overlap"": 3}, {""word"": ""however"", ""timed_overlap"": 2, ""column_overlap"": 3}, {""word"": ""about"", ""timed_overlap"": 2, ""column_overlap"": 2}, {""word"": ""running"", ""timed_overlap"": 2, ""column_overlap"": 2}, {""word"": ""BEN"", ""timed_overlap"": 2, ""column_overlap"": 2}]",completed,73,10,0
500,179,neural,2,snow,spur,99,99,99,True,2,2,0,0,,80,"[{""word"": ""spur"", ""timed_overlap"": 2, ""column_overlap"": 2}, {""word"": ""Elsa"", ""timed_overlap"": 2, ""column_overlap"": 2}, {""word"": ""Christ-child"", ""timed_overlap"": 2, ""column_overlap"": 2}, {""word"": ""Cyrilla"", ""timed_overlap"": 1, ""column_overlap"": 3}, {""word"": ""concluded"", ""timed_overlap"": 1, ""column_overlap"": 3}]",completed,98,98,0
500,179,neural,3,Danny,forward,99,99,99,True,2,2,0,0,,111,"[{""word"": ""forward"", ""timed_overlap"": 2, ""column_overlap"": 2}, {""word"": ""blow"", ""timed_overlap"": 2, ""column_overlap"": 2}, {""word"": ""have"", ""timed_overlap"": 2, ""column_overlap"": 2}, {""word"": ""maiden"", ""timed_overlap"": 1, ""column_overlap"": 4}, {""word"": ""ate"", ""timed_overlap"": 1, ""column_overlap"": 3}]",completed,99,99,0
500,179,neural,4,Meadow,Jo,98,98,98,True,2,3,0,0,,136,"[{""word"": ""Jo"", ""timed_overlap"": 2, ""column_overlap"": 3}, {""word"": ""These"", ""timed_overlap"": 2, ""column_overlap"": 3}, {""word"": ""till"", ""timed_overlap"": 2, ""column_overlap"": 2}, {""word"": ""from"", ""timed_overlap"": 2, ""column_overlap"": 2}, {""word"": ""-LSB-"", ""timed_overlap"": 2, ""column_overlap"": 2}]",completed,99,99,0
500,180,neural,1,'','',100,100,100,True,2,2,2,2,1,94,"[{""word"": ""''"", ""timed_overlap"": 2, ""column_overlap"": 2}, {""word"": ""enough"", ""timed_overlap"": 1, ""column_overlap"": 4}, {""word"": ""those"", ""timed_overlap"": 1, ""column_overlap"": 3}, {""word"": ""wind"", ""timed_overlap"": 1, ""column_overlap"": 3}, {""word"": ""own"", ""timed_overlap"": 1, ""column_overlap"": 3}]",completed,100,10,0
500,180,neural,2,cried,Don,100,100,100,True,2,3,0,0,,106,"[{""word"": ""Don"", ""timed_overlap"": 2, ""column_overlap"": 3}, {""word"": ""XXIII"", ""timed_overlap"": 2, ""column_overlap"": 2}, {""word"": ""tree"", ""timed_overlap"": 1, ""column_overlap"": 4}, {""word"": ""excluded"", ""timed_overlap"": 1, ""column_overlap"": 3}, {""word"": ""reached"", ""timed_overlap"": 1, ""column_overlap"": 3}]",completed,100,100,0
500,180,neural,3,my,forget,100,100,100,True,2,3,0,0,,72,"[{""word"": ""forget"", ""timed_overlap"": 2, ""column_overlap"": 3}, {""word"": ""was"", ""timed_overlap"": 2, ""column_overlap"": 2}, {""word"": ""healthful"", ""timed_overlap"": 2, ""column_overlap"": 2}, {""word"": ""prettier"", ""timed_overlap"": 1, ""column_overlap"": 3}, {""word"": ""Good-bye"", ""timed_overlap"": 1, ""column_overlap"": 3}]",completed,100,100,0
500,180,neural,4,mother,talk,94,94,94,True,2,3,1,1,70,98,"[{""word"": ""talk"", ""timed_overlap"": 2, ""column_overlap"": 3}, {""word"": ""strong"", ""timed_overlap"": 2, ""column_overlap"": 2}, {""word"": ""Taffy"", ""timed_overlap"": 1, ""column_overlap"": 3}, {""word"": ""money"", ""timed_overlap"": 1, ""column_overlap"": 3}, {""word"": ""Everybody"", ""timed_overlap"": 1, ""column_overlap"": 3}]",completed,100,100,0
500,181,neural,1,of,Spirit,100,100,100,True,2,2,0,0,,94,"[{""word"": ""Spirit"", ""timed_overlap"": 2, ""column_overlap"": 2}, {""word"": ""Marco"", ""timed_overlap"": 2, ""column_overlap"": 2}, {""word"": ""habit"", ""timed_overlap"": 2, ""column_overlap"": 2}, {""word"": ""twinkle"", ""timed_overlap"": 1, ""column_overlap"": 3}, {""word"": ""indeed"", ""timed_overlap"": 1, ""column_overlap"": 3}]",completed,100,10,0
500,181,neural,2,clouded,paw,97,97,97,True,2,3,0,0,,64,"[{""word"": ""paw"", ""timed_overlap"": 2, ""column_overlap"": 3}, {""word"": ""green"", ""timed_overlap"": 1, ""column_overlap"": 3}, {""word"": ""tell"", ""timed_overlap"": 1, ""column_overlap"": 3}, {""word"": ""altogether"", ""timed_overlap"": 1, ""column_overlap"": 2}, {""word"": ""tents"", ""timed_overlap"": 1, ""column_overlap"": 2}]",completed,100,100,0
500,181,neural,3,blue,order,98,98,98,True,2,3,0,0,,108,"[{""word"": ""order"", ""timed_overlap"": 2, ""column_overlap"": 3}, {""word"": ""ended"", ""timed_overlap"": 2, ""column_overlap"": 3}, {""word"": ""habit"", ""timed_overlap"": 2, ""column_overlap"": 2}, {""word"": ""task"", ""timed_overlap"": 1, ""column_overlap"": 3}, {""word"": ""fish"", ""timed_overlap"": 1, ""column_overlap"": 3}]",completed,97,97,0
500,181,neural,4,with,departs,97,97,97,True,1,4,0,0,,84,"[{""word"": ""departs"", ""timed_overlap"": 1, ""column_overlap"": 4}, {""word"": ""talked"", ""timed_overlap"": 1, ""column_overlap"": 4}, {""word"": ""Taylor"", ""timed_overlap"": 1, ""column_overlap"": 3}, {""word"": ""One"", ""timed_overlap"": 1, ""column_overlap"": 3}, {""word"": ""sight"", ""timed_overlap"": 1, ""column_overlap"": 3}]",completed,98,98,0
500,182,neural,1,",",miles,99,99,99,True,2,3,0,0,,115,"[{""word"": ""miles"", ""timed_overlap"": 2, ""column_overlap"": 3}, {""word"": ""lord"", ""timed_overlap"": 2, ""column_overlap"": 2}, {""word"": ""Please"", ""timed_overlap"": 2, ""column_overlap"": 2}, {""word"": ""came"", ""timed_overlap"": 2, ""column_overlap"": 2}, {""word"": ""field"", ""timed_overlap"": 2, ""column_overlap"": 2}]",completed,73,10,0
500,182,neural,2,',broidered,98,98,98,True,2,3,0,0,,102,"[{""word"": ""broidered"", ""timed_overlap"": 2, ""column_overlap"": 3}, {""word"": ""astray"", ""timed_overlap"": 2, ""column_overlap"": 2}, {""word"": ""lord"", ""timed_overlap"": 2, ""column_overlap"": 2}, {""word"": ""spoke"", ""timed_overlap"": 2, ""column_overlap"": 2}, {""word"": ""somehow"", ""timed_overlap"": 2, ""column_overlap"": 2}]",completed,99,99,0
500,182,neural,3,I,worse,100,100,100,True,2,3,1,1,105,107,"[{""word"": ""worse"", ""timed_overlap"": 2, ""column_overlap"": 3}, {""word"": ""gadding"", ""timed_overlap"": 2, ""column_overlap"": 2}, {""word"": ""effect"", ""timed_overlap"": 1, ""column_overlap"": 3}, {""word"": ""rubbed"", ""timed_overlap"": 1, ""column_overlap"": 3}, {""word"": ""monotonous"", ""timed_overlap"": 1, ""column_overlap"": 3}]",completed,98,98,0
500,182,neural,4,said,Grange,98,98,98,True,2,2,0,0,,95,"[{""word"": ""Grange"", ""timed_overlap"": 2, ""column_overlap"": 2}, {""word"": ""blades"", ""timed_overlap"": 2, ""column_overlap"": 2}, {""word"": ""wife"", ""timed_overlap"": 2, ""column_overlap"": 2}, {""word"": ""Bull"", ""timed_overlap"": 1, ""column_overlap"": 3}, {""word"": ""'re"", ""timed_overlap"": 1, ""column_overlap"": 3}]",completed,100,100,0
500,183,neural,1,a,many,100,100,100,True,2,4,0,0,,143,"[{""word"": ""many"", ""timed_overlap"": 2, ""column_overlap"": 4}, {""word"": ""promise"", ""timed_overlap"": 2, ""column_overlap"": 4}, {""word"": ""XXIII"", ""timed_overlap"": 2, ""column_overlap"": 3}, {""word"": ""approved"", ""timed_overlap"": 2, ""column_overlap"": 3}, {""word"": ""father"", ""timed_overlap"": 2, ""column_overlap"": 3}]",completed,100,10,0
500,183,neural,2,few,Johnny,99,99,99,True,2,3,0,0,,104,"[{""word"": ""Johnny"", ""timed_overlap"": 2, ""column_overlap"": 3}, {""word"": ""However"", ""timed_overlap"": 2, ""column_overlap"": 2}, {""word"": ""paw"", ""timed_overlap"": 1, ""column_overlap"": 4}, {""word"": ""Herr"", ""timed_overlap"": 1, ""column_overlap"": 3}, {""word"": ""river"", ""timed_overlap"": 1, ""column_overlap"": 3}]",completed,100,100,0
500,183,neural,3,minutes,birthday,98,98,98,True,2,2,0,0,,100,"[{""word"": ""birthday"", ""timed_overlap"": 2, ""column_overlap"": 2}, {""word"": ""walls"", ""timed_overlap"": 1, ""column_overlap"": 3}, {""word"": ""skins"", ""timed_overlap"": 1, ""column_overlap"": 3}, {""word"": ""bearing"", ""timed_overlap"": 1, ""column_overlap"": 3}, {""word"": ""coming"", ""timed_overlap"": 1, ""column_overlap"": 3}]",completed,99,99,0
500,183,neural,4,sat,seen,98,98,98,True,2,2,0,0,,68,"[{""word"": ""seen"", ""timed_overlap"": 2, ""column_overlap"": 2}, {""word"": ""King"", ""timed_overlap"": 1, ""column_overlap"": 4}, {""word"": ""happened"", ""timed_overlap"": 1, ""column_overlap"": 4}, {""word"": ""knew"", ""timed_overlap"": 1, ""column_overlap"": 4}, {""word"": ""salt"", ""timed_overlap"": 1, ""column_overlap"": 3}]",completed,98,98,0
500,184,neural,1,it,times,98,98,98,True,2,3,0,0,,140,"[{""word"": ""times"", ""timed_overlap"": 2, ""column_overlap"": 3}, {""word"": ""ordered"", ""timed_overlap"": 2, ""column_overlap"": 3}, {""word"": ""pen"", ""timed_overlap"": 2, ""column_overlap"": 3}, {""word"": ""practice"", ""timed_overlap"": 2, ""column_overlap"": 2}, {""word"": ""overhead"", ""timed_overlap"": 2, ""column_overlap"": 2}]",completed,82,10,0
500,184,neural,2,terrible,those,100,100,100,True,1,3,0,0,,76,"[{""word"": ""those"", ""timed_overlap"": 1, ""column_overlap"": 3}, {""word"": ""ran"", ""timed_overlap"": 1, ""column_overlap"": 3}, {""word"": ""Anzacs"", ""timed_overlap"": 1, ""column_overlap"": 3}, {""word"": ""solemnly"", ""timed_overlap"": 1, ""column_overlap"": 3}, {""word"": ""tale"", ""timed_overlap"": 1, ""column_overlap"": 2}]",completed,98,98,0
500,184,neural,3,frivolous,green,96,96,96,True,2,3,0,0,,85,"[{""word"": ""green"", ""timed_overlap"": 2, ""column_overlap"": 3}, {""word"": ""tell"", ""timed_overlap"": 2, ""column_overlap"": 3}, {""word"": ""DO"", ""timed_overlap"": 2, ""column_overlap"": 2}, {""word"": ""some"", ""timed_overlap"": 2, ""column_overlap"": 2}, {""word"": ""worked"", ""timed_overlap"": 1, ""column_overlap"": 3}]",completed,100,100,0
500,184,neural,4,and,little,99,99,99,True,2,2,1,1,37,83,"[{""word"": ""little"", ""timed_overlap"": 2, ""column_overlap"": 2}, {""word"": ""spur"", ""timed_overlap"": 1, ""column_overlap"": 4}, {""word"": ""distant"", ""timed_overlap"": 1, ""column_overlap"": 3}, {""word"": ""large"", ""timed_overlap"": 1, ""column_overlap"": 3}, {""word"": ""Bessy"", ""timed_overlap"": 1, ""column_overlap"": 2}]",completed,96,96,0
500,185,neural,1,daughter,gay,99,99,99,True,2,4,0,0,,109,"[{""word"": ""gay"", ""timed_overlap"": 2, ""column_overlap"": 4}, {""word"": ""talked"", ""timed_overlap"": 2, ""column_overlap"": 3}, {""word"": ""most"", ""timed_overlap"": 2, ""column_overlap"": 2}, {""word"": ""Williamson"", ""timed_overlap"": 1, ""column_overlap"": 4}, {""word"": ""III"", ""timed_overlap"": 1, ""column_overlap"": 4}]",completed,91,10,0
500,185,neural,2,the,come,100,100,100,True,3,4,0,0,,66,"[{""word"": ""come"", ""timed_overlap"": 3, ""column_overlap"": 4}, {""word"": ""make"", ""timed_overlap"": 2, ""column_overlap"": 2}, {""word"": ""turns"", ""timed_overlap"": 1, ""column_overlap"": 2}, {""word"": ""door"", ""timed_overlap"": 1, ""column_overlap"": 2}, {""word"": ""shy"", ""timed_overlap"": 1, ""column_overlap"": 2}]",completed,99,99,0
500,185,neural,3,price,Dear,99,99,99,True,2,4,0,0,,121,"[{""word"": ""Dear"", ""timed_overlap"": 2, ""column_overlap"": 4}, {""word"": ""feebly"", ""timed_overlap"": 2, ""column_overlap"": 4}, {""word"": ""Sometimes"", ""timed_overlap"": 2, ""column_overlap"": 2}, {""word"": ""if"", ""timed_overlap"": 2, ""column_overlap"": 2}, {""word"": ""'d"", ""timed_overlap"": 2, ""column_overlap"": 2}]",completed,100,100,0
500,185,neural,4,of,Good-bye,99,99,99,True,2,2,0,0,,100,"[{""word"": ""Good-bye"", ""timed_overlap"": 2, ""column_overlap"": 2}, {""word"": ""received"", ""timed_overlap"": 2, ""column_overlap"": 2}, {""word"": ""wilt"", ""timed_overlap"": 1, ""column_overlap"": 3}, {""word"": ""effort"", ""timed_overlap"": 1, ""column_overlap"": 3}, {""word"": ""few"", ""timed_overlap"": 1, ""column_overlap"": 3}]",completed,99,99,0
500,186,neural,1,far,Hugh,99,99,99,True,2,4,0,0,,131,"[{""word"": ""Hugh"", ""timed_overlap"": 2, ""column_overlap"": 4}, {""word"": ""--"", ""timed_overlap"": 2, ""column_overlap"": 3}, {""word"": ""glazed"", ""timed_overlap"": 2, ""column_overlap"": 2}, {""word"": ""little"", ""timed_overlap"": 2, ""column_overlap"": 2}, {""word"": "","", ""timed_overlap"": 2, ""column_overlap"": 2}]",completed,73,10,0
500,186,neural,2,a,bust,100,100,100,True,1,3,0,0,,71,"[{""word"": ""bust"", ""timed_overlap"": 1, ""column_overlap"": 3}, {""word"": ""?"", ""timed_overlap"": 1, ""column_overlap"": 2}, {""word"": ""crow"", ""timed_overlap"": 1, ""column_overlap"": 2}, {""word"": ""took"", ""timed_overlap"": 1, ""column_overlap"": 2}, {""word"": ""Pretty"", ""timed_overlap"": 1, ""column_overlap"": 2}]",completed,99,99,0
500,186,neural,3,way,killed,99,99,99,True,2,3,0,0,,102,"[{""word"": ""killed"", ""timed_overlap"": 2, ""column_overlap"": 3}, {""word"": ""Lucinda"", ""timed_overlap"": 2, ""column_overlap"": 3}, {""word"": ""chair"", ""timed_overlap"": 2, ""column_overlap"": 3}, {""word"": ""worn"", ""timed_overlap"": 2, ""column_overlap"": 2}, {""word"": ""amused"", ""timed_overlap"": 1, ""column_overlap"": 3}]",completed,100,100,0
500,186,neural,4,already,sentence,98,98,98,True,2,3,0,0,,94,"[{""word"": ""sentence"", ""timed_overlap"": 2, ""column_overlap"": 3}, {""word"": ""mother"", ""timed_overlap"": 2, ""column_overlap"": 2}, {""word"": ""knew"", ""timed_overlap"": 2, ""column_overlap"": 2}, {""word"": ""dragging"", ""timed_overlap"": 1, ""column_overlap"": 3}, {""word"": ""deal"", ""timed_overlap"": 1, ""column_overlap"": 3}]",completed,99,99,0
500,187,neural,1,curious,Dot,100,100,100,True,2,2,0,0,,110,"[{""word"": ""Dot"", ""timed_overlap"": 2, ""column_overlap"": 2}, {""word"": ""canvas"", ""timed_overlap"": 2, ""column_overlap"": 2}, {""word"": ""sisters"", ""timed_overlap"": 2, ""column_overlap"": 2}, {""word"": ""moment"", ""timed_overlap"": 1, ""column_overlap"": 3}, {""word"": ""Buster"", ""timed_overlap"": 1, ""column_overlap"": 3}]",completed,91,10,0
500,187,neural,2,thing,These,99,99,99,True,2,3,0,0,,111,"[{""word"": ""These"", ""timed_overlap"": 2, ""column_overlap"": 3}, {""word"": ""nine"", ""timed_overlap"": 2, ""column_overlap"": 2}, {""word"": ""money"", ""timed_overlap"": 2, ""column_overlap"": 2}, {""word"": ""Miller"", ""timed_overlap"": 1, ""column_overlap"": 3}, {""word"": ""Laurie"", ""timed_overlap"": 1, ""column_overlap"": 3}]",completed,100,100,0
500,187,neural,3,happened,nearly,99,99,99,True,2,3,0,0,,116,"[{""word"": ""nearly"", ""timed_overlap"": 2, ""column_overlap"": 3}, {""word"": ""Meadow"", ""timed_overlap"": 2, ""column_overlap"": 2}, {""word"": ""put"", ""timed_overlap"": 2, ""column_overlap"": 2}, {""word"": ""Play"", ""timed_overlap"": 2, ""column_overlap"": 2}, {""word"": ""blow"", ""timed_overlap"": 1, ""column_overlap"": 4}]",completed,99,99,0
500,187,neural,4,.,indeed,98,98,98,True,2,2,0,0,,98,"[{""word"": ""indeed"", ""timed_overlap"": 2, ""column_overlap"": 2}, {""word"": ""sure"", ""timed_overlap"": 2, ""column_overlap"": 2}, {""word"": ""feller"", ""timed_overlap"": 2, ""column_overlap"": 2}, {""word"": ""stranger"", ""timed_overlap"": 2, ""column_overlap"": 2}, {""word"": ""rest"", ""timed_overlap"": 1, ""column_overlap"": 4}]",completed,99,99,0
500,188,neural,1,the,tired,100,100,100,True,2,3,0,0,,146,"[{""word"": ""tired"", ""timed_overlap"": 2, ""column_overlap"": 3}, {""word"": ""foremost"", ""timed_overlap"": 2, ""column_overlap"": 2}, {""word"": ""reigned"", ""timed_overlap"": 2, ""column_overlap"": 2}, {""word"": ""hearts"", ""timed_overlap"": 2, ""column_overlap"": 2}, {""word"": ""spending"", ""timed_overlap"": 2, ""column_overlap"": 2}]",completed,82,10,0
500,188,neural,2,poor,denied,99,99,99,True,2,3,0,0,,99,"[{""word"": ""denied"", ""timed_overlap"": 2, ""column_overlap"": 3}, {""word"": ""sentence"", ""timed_overlap"": 2, ""column_overlap"": 2}, {""word"": ""trim"", ""timed_overlap"": 1, ""column_overlap"": 3}, {""word"": ""ate"", ""timed_overlap"": 1, ""column_overlap"": 3}, {""word"": ""DO"", ""timed_overlap"": 1, ""column_overlap"": 3}]",completed,100,100,0
500,188,neural,3,girl,three,100,100,100,True,2,3,0,0,,102,"[{""word"": ""three"", ""timed_overlap"": 2, ""column_overlap"": 3}, {""word"": ""FINE"", ""timed_overlap"": 2, ""column_overlap"": 2}, {""word"": ""fear"", ""timed_overlap"": 2, ""column_overlap"": 2}, {""word"": ""cleverness"", ""timed_overlap"": 2, ""column_overlap"": 2}, {""word"": ""lay"", ""timed_overlap"": 1, ""column_overlap"": 3}]",completed,99,99,0
500,188,neural,4,",",Betty,97,97,97,True,2,4,0,0,,104,"[{""word"": ""Betty"", ""timed_overlap"": 2, ""column_overlap"": 4}, {""word"": ""beckoned"", ""timed_overlap"": 2, ""column_overlap"": 3}, {""word"": ""Arts"", ""timed_overlap"": 2, ""column_overlap"": 3}, {""word"": ""frivolous"", ""timed_overlap"": 2, ""column_overlap"": 2}, {""word"": ""UNC"", ""timed_overlap"": 2, ""column_overlap"": 2}]",completed,100,100,0
500,189,neural,1,image,lest,100,100,100,True,2,4,0,0,,112,"[{""word"": ""lest"", ""timed_overlap"": 2, ""column_overlap"": 4}, {""word"": ""hive"", ""timed_overlap"": 2, ""column_overlap"": 2}, {""word"": ""seemed"", ""timed_overlap"": 2, ""column_overlap"": 2}, {""word"": ""Sammy"", ""timed_overlap"": 2, ""column_overlap"": 2}, {""word"": ""Jem"", ""timed_overlap"": 2, ""column_overlap"": 2}]",completed,82,10,0
500,189,neural,2,of,lamassery,100,100,100,True,2,2,0,0,,92,"[{""word"": ""lamassery"", ""timed_overlap"": 2, ""column_overlap"": 2}, {""word"": ""Gray"", ""timed_overlap"": 2, ""column_overlap"": 2}, {""word"": ""Look"", ""timed_overlap"": 2, ""column_overlap"": 2}, {""word"": ""apart"", ""timed_overlap"": 1, ""column_overlap"": 3}, {""word"": ""church"", ""timed_overlap"": 1, ""column_overlap"": 3}]",completed,100,100,0
500,189,neural,3,Wildrose,even,99,99,99,True,2,2,0,0,,86,"[{""word"": ""even"", ""timed_overlap"": 2, ""column_overlap"": 2}, {""word"": ""guess"", ""timed_overlap"": 2, ""column_overlap"": 2}, {""word"": ""A"", ""timed_overlap"": 2, ""column_overlap"": 2}, {""word"": ""Grange"", ""timed_overlap"": 2, ""column_overlap"": 2}, {""word"": ""wondered"", ""timed_overlap"": 1, ""column_overlap"": 3}]",completed,100,100,0
500,189,neural,4,filled,jewels,96,96,96,True,2,3,0,0,,99,"[{""word"": ""jewels"", ""timed_overlap"": 2, ""column_overlap"": 3}, {""word"": ""Lung"", ""timed_overlap"": 2, ""column_overlap"": 3}, {""word"": ""stories"", ""timed_overlap"": 2, ""column_overlap"": 2}, {""word"": ""Good-bye"", ""timed_overlap"": 2, ""column_overlap"": 2}, {""word"": ""them"", ""timed_overlap"": 2, ""column_overlap"": 2}]",completed,99,99,0
500,190,neural,1,be,Princess,100,100,100,True,2,3,0,0,,117,"[{""word"": ""Princess"", ""timed_overlap"": 2, ""column_overlap"": 3}, {""word"": ""Eric"", ""timed_overlap"": 2, ""column_overlap"": 3}, {""word"": ""worse"", ""timed_overlap"": 2, ""column_overlap"": 3}, {""word"": ""She"", ""timed_overlap"": 2, ""column_overlap"": 2}, {""word"": ""ran"", ""timed_overlap"": 2, ""column_overlap"": 2}]",completed,100,10,0
500,190,neural,2,admitted,Quite,99,99,99,True,2,2,0,0,,81,"[{""word"": ""Quite"", ""timed_overlap"": 2, ""column_overlap"": 2}, {""word"": ""him"", ""timed_overlap"": 2, ""column_overlap"": 2}, {""word"": ""kind"", ""timed_overlap"": 2, ""column_overlap"": 2}, {""word"": ""just"", ""timed_overlap"": 1, ""column_overlap"": 3}, {""word"": ""talks"", ""timed_overlap"": 1, ""column_overlap"": 3}]",completed,100,100,0
500,190,neural,3,to,forward,98,98,98,True,2,3,0,0,,132,"[{""word"": ""forward"", ""timed_overlap"": 2, ""column_overlap"": 3}, {""word"": ""Peoples"", ""timed_overlap"": 2, ""column_overlap"": 2}, {""word"": ""three"", ""timed_overlap"": 2, ""column_overlap"": 2}, {""word"": ""audacity"", ""timed_overlap"": 2, ""column_overlap"": 2}, {""word"": ""bluntly"", ""timed_overlap"": 2, ""column_overlap"": 2}]",completed,99,99,0
500,190,neural,4,his,nurse,99,99,99,True,2,3,0,0,,104,"[{""word"": ""nurse"", ""timed_overlap"": 2, ""column_overlap"": 3}, {""word"": ""heard"", ""timed_overlap"": 2, ""column_overlap"": 3}, {""word"": ""course"", ""timed_overlap"": 2, ""column_overlap"": 2}, {""word"": ""round"", ""timed_overlap"": 2, ""column_overlap"": 2}, {""word"": ""fighting"", ""timed_overlap"": 2, ""column_overlap"": 2}]",completed,98,98,0
500,191,neural,1,the,agreement,100,100,100,True,2,3,0,0,,124,"[{""word"": ""agreement"", ""timed_overlap"": 2, ""column_overlap"": 3}, {""word"": ""break"", ""timed_overlap"": 2, ""column_overlap"": 2}, {""word"": ""stand"", ""timed_overlap"": 2, ""column_overlap"": 2}, {""word"": ""or"", ""timed_overlap"": 2, ""column_overlap"": 2}, {""word"": ""snow"", ""timed_overlap"": 1, ""column_overlap"": 4}]",completed,91,10,0
500,191,neural,2,Queen,Christ-child,98,98,98,True,2,2,0,0,,77,"[{""word"": ""Christ-child"", ""timed_overlap"": 2, ""column_overlap"": 2}, {""word"": ""feebly"", ""timed_overlap"": 1, ""column_overlap"": 3}, {""word"": ""Taffy"", ""timed_overlap"": 1, ""column_overlap"": 3}, {""word"": ""soon"", ""timed_overlap"": 1, ""column_overlap"": 3}, {""word"": ""underneath"", ""timed_overlap"": 1, ""column_overlap"": 3}]",completed,100,100,0
500,191,neural,3,spoke,Gwythyr,97,97,97,True,2,2,1,1,113,113,"[{""word"": ""Gwythyr"", ""timed_overlap"": 2, ""column_overlap"": 2}, {""word"": ""UNC"", ""timed_overlap"": 2, ""column_overlap"": 2}, {""word"": ""Johnny"", ""timed_overlap"": 1, ""column_overlap"": 4}, {""word"": ""closing"", ""timed_overlap"": 1, ""column_overlap"": 4}, {""word"": ""sign"", ""timed_overlap"": 1, ""column_overlap"": 3}]",completed,98,98,0
500,191,neural,4,one,remorsefully,98,98,98,True,2,3,0,0,,97,"[{""word"": ""remorsefully"", ""timed_overlap"": 2, ""column_overlap"": 3}, {""word"": ""if"", ""timed_overlap"": 2, ""column_overlap"": 2}, {""word"": ""sluggish"", ""timed_overlap"": 2, ""column_overlap"": 2}, {""word"": ""forgotten"", ""timed_overlap"": 2, ""column_overlap"": 2}, {""word"": ""."", ""timed_overlap"": 2, ""column_overlap"": 2}]",completed,97,97,0
500,192,neural,1,recovered,been,99,99,99,True,2,4,0,0,,102,"[{""word"": ""been"", ""timed_overlap"": 2, ""column_overlap"": 4}, {""word"": ""Marcella"", ""timed_overlap"": 2, ""column_overlap"": 3}, {""word"": ""believe"", ""timed_overlap"": 2, ""column_overlap"": 3}, {""word"": ""admitted"", ""timed_overlap"": 2, ""column_overlap"": 3}, {""word"": ""Henderland"", ""timed_overlap"": 1, ""column_overlap"": 3}]",completed,73,10,0
500,192,neural,2,himself,ago,99,99,99,True,2,3,0,0,,86,"[{""word"": ""ago"", ""timed_overlap"": 2, ""column_overlap"": 3}, {""word"": ""Put"", ""timed_overlap"": 1, ""column_overlap"": 4}, {""word"": ""opening"", ""timed_overlap"": 1, ""column_overlap"": 3}, {""word"": ""meeting-house"", ""timed_overlap"": 1, ""column_overlap"": 3}, {""word"": ""letter"", ""timed_overlap"": 1, ""column_overlap"": 3}]",completed,99,99,0
500,192,neural,3,a,put,99,99,99,True,2,3,0,0,,97,"[{""word"": ""put"", ""timed_overlap"": 2, ""column_overlap"": 3}, {""word"": ""Though"", ""timed_overlap"": 2, ""column_overlap"": 2}, {""word"": ""whither"", ""timed_overlap"": 2, ""column_overlap"": 2}, {""word"": ""palace"", ""timed_overlap"": 2, ""column_overlap"": 2}, {""word"": ""did"", ""timed_overlap"": 1, ""column_overlap"": 3}]",completed,99,99,0
500,192,neural,4,little,clothes,97,97,97,True,2,3,0,0,,91,"[{""word"": ""clothes"", ""timed_overlap"": 2, ""column_overlap"": 3}, {""word"": ""sure"", ""timed_overlap"": 2, ""column_overlap"": 3}, {""word"": ""salt"", ""timed_overlap"": 2, ""column_overlap"": 2}, {""word"": ""gray"", ""timed_overlap"": 2, ""column_overlap"": 2}, {""word"": ""much"", ""timed_overlap"": 1, ""column_overlap"": 3}]",completed,99,99,0
500,193,neural,1,me,the,100,100,100,True,2,2,1,1,58,66,"[{""word"": ""the"", ""timed_overlap"": 2, ""column_overlap"": 2}, {""word"": ""however"", ""timed_overlap"": 1, ""column_overlap"": 4}, {""word"": ""swelled"", ""timed_overlap"": 1, ""column_overlap"": 2}, {""word"": ""Kenneth"", ""timed_overlap"": 1, ""column_overlap"": 2}, {""word"": ""inches"", ""timed_overlap"": 1, ""column_overlap"": 2}]",completed,100,10,0
500,193,neural,2,in,!,100,100,100,True,3,3,0,0,,114,"[{""word"": ""!"", ""timed_overlap"": 3, ""column_overlap"": 3}, {""word"": ""tumbling"", ""timed_overlap"": 2, ""column_overlap"": 5}, {""word"": ""solemnly"", ""timed_overlap"": 2, ""column_overlap"": 3}, {""word"": ""weight"", ""timed_overlap"": 2, ""column_overlap"": 3}, {""word"": ""full"", ""timed_overlap"": 1, ""column_overlap"": 4}]",completed,100,100,0
500,193,neural,3,the,rank,98,98,98,True,3,3,0,0,,98,"[{""word"": ""rank"", ""timed_overlap"": 3, ""column_overlap"": 3}, {""word"": ""Put"", ""timed_overlap"": 2, ""column_overlap"": 4}, {""word"": ""sure"", ""timed_overlap"": 2, ""column_overlap"": 3}, {""word"": ""dreams"", ""timed_overlap"": 2, ""column_overlap"": 3}, {""word"": ""Mrs."", ""timed_overlap"": 2, ""column_overlap"": 2}]",completed,100,100,0
500,193,neural,4,study,Now,100,100,100,True,2,2,1,1,69,117,"[{""word"": ""Now"", ""timed_overlap"": 2, ""column_overlap"": 2}, {""word"": ""tents"", ""timed_overlap"": 2, ""column_overlap"": 2}, {""word"": ""Behind"", ""timed_overlap"": 2, ""column_overlap"": 2}, {""word"": ""One"", ""timed_overlap"": 1, ""column_overlap"": 3}, {""word"": ""fellow"", ""timed_overlap"": 1, ""column_overlap"": 3}]",completed,98,98,0
500,194,neural,1,river,dreams,100,100,100,True,2,3,0,0,,100,"[{""word"": ""dreams"", ""timed_overlap"": 2, ""column_overlap"": 3}, {""word"": ""Dot"", ""timed_overlap"": 2, ""column_overlap"": 3}, {""word"": ""your"", ""timed_overlap"": 2, ""column_overlap"": 2}, {""word"": ""Because"", ""timed_overlap"": 2, ""column_overlap"": 2}, {""word"": ""Alfin"", ""timed_overlap"": 1, ""column_overlap"": 4}]",completed,91,10,0
500,194,neural,2,glided,keep,100,100,100,True,1,3,0,0,,116,"[{""word"": ""keep"", ""timed_overlap"": 1, ""column_overlap"": 3}, {""word"": ""days"", ""timed_overlap"": 1, ""column_overlap"": 3}, {""word"": ""glanced"", ""timed_overlap"": 1, ""column_overlap"": 3}, {""word"": ""Anzacs"", ""timed_overlap"": 1, ""column_overlap"": 3}, {""word"": ""Amy"", ""timed_overlap"": 1, ""column_overlap"": 3}]",completed,100,100,0
500,194,neural,3,",",gray,97,97,97,True,1,3,0,0,,93,"[{""word"": ""gray"", ""timed_overlap"": 1, ""column_overlap"": 3}, {""word"": ""Rogers"", ""timed_overlap"": 1, ""column_overlap"": 3}, {""word"": ""Now"", ""timed_overlap"": 1, ""column_overlap"": 3}, {""word"": ""confessed"", ""timed_overlap"": 1, ""column_overlap"": 3}, {""word"": ""praised"", ""timed_overlap"": 1, ""column_overlap"": 3}]",completed,100,100,0
500,194,neural,4,like,poured,98,98,98,True,2,2,0,0,,70,"[{""word"": ""poured"", ""timed_overlap"": 2, ""column_overlap"": 2}, {""word"": ""Balkis"", ""timed_overlap"": 2, ""column_overlap"": 2}, {""word"": ""Marco"", ""timed_overlap"": 1, ""column_overlap"": 3}, {""word"": ""run"", ""timed_overlap"": 1, ""column_overlap"": 2}, {""word"": ""meeting-house"", ""timed_overlap"": 1, ""column_overlap"": 2}]",completed,97,97,0
500,195,neural,1,of,XXIII,98,98,98,True,2,4,0,0,,151,"[{""word"": ""XXIII"", ""timed_overlap"": 2, ""column_overlap"": 4}, {""word"": ""take"", ""timed_overlap"": 2, ""column_overlap"": 3}, {""word"": ""gray"", ""timed_overlap"": 2, ""column_overlap"": 3}, {""word"": ""remarked"", ""timed_overlap"": 2, ""column_overlap"": 2}, {""word"": ""broadest"", ""timed_overlap"": 2, ""column_overlap"": 2}]",completed,82,10,0
500,195,neural,2,my,blades,100,100,100,True,2,3,0,0,,114,"[{""word"": ""blades"", ""timed_overlap"": 2, ""column_overlap"": 3}, {""word"": ""worse"", ""timed_overlap"": 2, ""column_overlap"": 3}, {""word"": ""tantrum"", ""timed_overlap"": 2, ""column_overlap"": 3}, {""word"": ""says"", ""timed_overlap"": 2, ""column_overlap"": 2}, {""word"": ""lest"", ""timed_overlap"": 2, ""column_overlap"": 2}]",completed,98,98,0
500,195,neural,3,pen,'re,98,98,98,True,2,2,0,0,,76,"[{""word"": ""'re"", ""timed_overlap"": 2, ""column_overlap"": 2}, {""word"": ""Sammy"", ""timed_overlap"": 1, ""column_overlap"": 3}, {""word"": ""Very"", ""timed_overlap"": 1, ""column_overlap"": 3}, {""word"": ""jewels"", ""timed_overlap"": 1, ""column_overlap"": 3}, {""word"": ""Lady"", ""timed_overlap"": 1, ""column_overlap"": 3}]",completed,100,100,0
500,195,neural,4,.,Jed,96,96,96,True,2,2,0,0,,69,"[{""word"": ""Jed"", ""timed_overlap"": 2, ""column_overlap"": 2}, {""word"": ""astray"", ""timed_overlap"": 2, ""column_overlap"": 2}, {""word"": ""--"", ""timed_overlap"": 2, ""column_overlap"": 2}, {""word"": ""knows"", ""timed_overlap"": 2, ""column_overlap"": 2}, {""word"": ""hopelessly"", ""timed_overlap"": 2, ""column_overlap"": 2}]",completed,98,98,0
500,196,neural,1,around,companioned,100,100,100,True,2,4,0,0,,141,"[{""word"": ""companioned"", ""timed_overlap"": 2, ""column_overlap"": 4}, {""word"": ""disagreeable"", ""timed_overlap"": 2, ""column_overlap"": 3}, {""word"": ""bookcase"", ""timed_overlap"": 2, ""column_overlap"": 3}, {""word"": ""reached"", ""timed_overlap"": 2, ""column_overlap"": 3}, {""word"": ""price"", ""timed_overlap"": 2, ""column_overlap"": 2}]",completed,91,10,0
500,196,neural,2,him,See,99,99,99,True,2,2,0,0,,89,"[{""word"": ""See"", ""timed_overlap"": 2, ""column_overlap"": 2}, {""word"": ""pride"", ""timed_overlap"": 2, ""column_overlap"": 2}, {""word"": ""others"", ""timed_overlap"": 1, ""column_overlap"": 2}, {""word"": ""As"", ""timed_overlap"": 1, ""column_overlap"": 2}, {""word"": ""Soon"", ""timed_overlap"": 1, ""column_overlap"": 2}]",completed,100,100,0
500,196,neural,3,a,says,99,99,99,True,2,3,0,0,,123,"[{""word"": ""says"", ""timed_overlap"": 2, ""column_overlap"": 3}, {""word"": ""boy"", ""timed_overlap"": 2, ""column_overlap"": 2}, {""word"": ""Hannah"", ""timed_overlap"": 2, ""column_overlap"": 2}, {""word"": ""months"", ""timed_overlap"": 1, ""column_overlap"": 4}, {""word"": ""Every"", ""timed_overlap"": 1, ""column_overlap"": 3}]",completed,99,99,0
500,196,neural,4,long,Besides,100,100,100,True,2,2,0,0,,116,"[{""word"": ""Besides"", ""timed_overlap"": 2, ""column_overlap"": 2}, {""word"": ""Good-bye"", ""timed_overlap"": 2, ""column_overlap"": 2}, {""word"": ""minutes"", ""timed_overlap"": 2, ""column_overlap"": 2}, {""word"": ""resisted"", ""timed_overlap"": 2, ""column_overlap"": 2}, {""word"": ""value"", ""timed_overlap"": 2, ""column_overlap"": 2}]",completed,99,99,0
500,197,neural,1,twinkle,none,100,100,100,True,2,4,1,1,133,133,"[{""word"": ""none"", ""timed_overlap"": 2, ""column_overlap"": 4}, {""word"": ""Rogers"", ""timed_overlap"": 2, ""column_overlap"": 4}, {""word"": ""Peoples"", ""timed_overlap"": 2, ""column_overlap"": 4}, {""word"": ""voice"", ""timed_overlap"": 2, ""column_overlap"": 2}, {""word"": ""knew"", ""timed_overlap"": 2, ""column_overlap"": 2}]",completed,91,10,0
500,197,neural,2,in,thinks,98,98,98,True,2,3,0,0,,107,"[{""word"": ""thinks"", ""timed_overlap"": 2, ""column_overlap"": 3}, {""word"": ""speak"", ""timed_overlap"": 2, ""column_overlap"": 2}, {""word"": ""UNC"", ""timed_overlap"": 2, ""column_overlap"": 2}, {""word"": ""something"", ""timed_overlap"": 1, ""column_overlap"": 4}, {""word"": ""vase"", ""timed_overlap"": 1, ""column_overlap"": 3}]",completed,100,100,0
500,197,neural,3,the,suited,98,98,98,True,2,2,0,0,,85,"[{""word"": ""suited"", ""timed_overlap"": 2, ""column_overlap"": 2}, {""word"": ""often"", ""timed_overlap"": 2, ""column_overlap"": 2}, {""word"": ""do"", ""timed_overlap"": 2, ""column_overlap"": 2}, {""word"": ""writ"", ""timed_overlap"": 1, ""column_overlap"": 4}, {""word"": ""whither"", ""timed_overlap"": 1, ""column_overlap"": 3}]",completed,98,98,0
500,197,neural,4,eye,CHAPTER,94,94,94,True,2,2,0,0,,99,"[{""word"": ""CHAPTER"", ""timed_overlap"": 2, ""column_overlap"": 2}, {""word"": ""Cyrilla"", ""timed_overlap"": 1, ""column_overlap"": 4}, {""word"": ""carriage"", ""timed_overlap"": 1, ""column_overlap"": 3}, {""word"": ""tore"", ""timed_overlap"": 1, ""column_overlap"": 3}, {""word"": ""Messua"", ""timed_overlap"": 1, ""column_overlap"": 3}]",completed,98,98,0
500,198,neural,1,she,puzzling,99,99,99,True,2,3,0,0,,127,"[{""word"": ""puzzling"", ""timed_overlap"": 2, ""column_overlap"": 3}, {""word"": ""AND"", ""timed_overlap"": 2, ""column_overlap"": 2}, {""word"": ""confessed"", ""timed_overlap"": 2, ""column_overlap"": 2}, {""word"": ""before"", ""timed_overlap"": 1, ""column_overlap"": 4}, {""word"": ""thoughtfully"", ""timed_overlap"": 1, ""column_overlap"": 4}]",completed,73,10,0
500,198,neural,2,had,till,100,100,100,True,2,2,0,0,,73,"[{""word"": ""till"", ""timed_overlap"": 2, ""column_overlap"": 2}, {""word"": ""Lucinda"", ""timed_overlap"": 2, ""column_overlap"": 2}, {""word"": ""Now"", ""timed_overlap"": 2, ""column_overlap"": 2}, {""word"": ""Mary"", ""timed_overlap"": 1, ""column_overlap"": 2}, {""word"": ""happily"", ""timed_overlap"": 1, ""column_overlap"": 2}]",completed,99,99,0
500,198,neural,3,not,In,97,97,97,True,1,4,0,0,,120,"[{""word"": ""In"", ""timed_overlap"": 1, ""column_overlap"": 4}, {""word"": ""dreams"", ""timed_overlap"": 1, ""column_overlap"": 4}, {""word"": ""others"", ""timed_overlap"": 1, ""column_overlap"": 3}, {""word"": ""Something"", ""timed_overlap"": 1, ""column_overlap"": 3}, {""word"": ""basket"", ""timed_overlap"": 1, ""column_overlap"": 3}]",completed,100,100,0
500,198,neural,4,heard,good,96,96,96,True,2,2,0,0,,102,"[{""word"": ""good"", ""timed_overlap"": 2, ""column_overlap"": 2}, {""word"": ""cake"", ""timed_overlap"": 2, ""column_overlap"": 2}, {""word"": ""That"", ""timed_overlap"": 2, ""column_overlap"": 2}, {""word"": ""whither"", ""timed_overlap"": 1, ""column_overlap"": 5}, {""word"": ""Joseph"", ""timed_overlap"": 1, ""column_overlap"": 4}]",completed,97,97,0
500,199,neural,1,began,look,99,99,99,True,3,3,0,0,,100,"[{""word"": ""look"", ""timed_overlap"": 3, ""column_overlap"": 3}, {""word"": ""nicer"", ""timed_overlap"": 2, ""column_overlap"": 2}, {""word"": ""running"", ""timed_overlap"": 2, ""column_overlap"": 2}, {""word"": ""wand"", ""timed_overlap"": 2, ""column_overlap"": 2}, {""word"": ""be"", ""timed_overlap"": 1, ""column_overlap"": 4}]",completed,91,10,0
500,199,neural,2,Amy,from,100,100,100,True,2,3,0,0,,112,"[{""word"": ""from"", ""timed_overlap"": 2, ""column_overlap"": 3}, {""word"": ""hopes"", ""timed_overlap"": 2, ""column_overlap"": 2}, {""word"": ""yearned"", ""timed_overlap"": 2, ""column_overlap"": 2}, {""word"": ""hive"", ""timed_overlap"": 2, ""column_overlap"": 2}, {""word"": ""mean"", ""timed_overlap"": 1, ""column_overlap"": 3}]",completed,99,99,0
500,199,neural,3,",",indeed,99,99,99,True,2,3,0,0,,93,"[{""word"": ""indeed"", ""timed_overlap"": 2, ""column_overlap"": 3}, {""word"": ""gather"", ""timed_overlap"": 2, ""column_overlap"": 2}, {""word"": ""cow"", ""timed_overlap"": 2, ""column_overlap"": 2}, {""word"": ""tell"", ""timed_overlap"": 2, ""column_overlap"": 2}, {""word"": ""reply"", ""timed_overlap"": 1, ""column_overlap"": 3}]",completed,100,100,0
500,199,neural,4,staring,Quicksilver,99,99,99,True,2,3,0,0,,114,"[{""word"": ""Quicksilver"", ""timed_overlap"": 2, ""column_overlap"": 3}, {""word"": ""wrote"", ""timed_overlap"": 2, ""column_overlap"": 2}, {""word"": ""ended"", ""timed_overlap"": 2, ""column_overlap"": 2}, {""word"": ""One"", ""timed_overlap"": 1, ""column_overlap"": 3}, {""word"": ""recovered"", ""timed_overlap"": 1, ""column_overlap"": 3}]",completed,99,99,0
500,200,neural,1,he,before,97,97,97,True,2,3,0,0,,137,"[{""word"": ""before"", ""timed_overlap"": 2, ""column_overlap"": 3}, {""word"": ""closing"", ""timed_overlap"": 2, ""column_overlap"": 3}, {""word"": ""snow"", ""timed_overlap"": 1, ""column_overlap"": 4}, {""word"": ""terrified"", ""timed_overlap"": 1, ""column_overlap"": 4}, {""word"": ""Don"", ""timed_overlap"": 1, ""column_overlap"": 4}]",completed,91,10,0
500,200,neural,2,should,make,100,100,100,True,2,4,0,0,,69,"[{""word"": ""make"", ""timed_overlap"": 2, ""column_overlap"": 4}, {""word"": ""newspapers"", ""timed_overlap"": 2, ""column_overlap"": 3}, {""word"": ""ate"", ""timed_overlap"": 2, ""column_overlap"": 2}, {""word"": ""At"", ""timed_overlap"": 2, ""column_overlap"": 2}, {""word"": ""Blair"", ""timed_overlap"": 2, ""column_overlap"": 2}]",completed,97,97,0
500,200,neural,3,feel,probably,96,96,96,True,2,3,0,0,,92,"[{""word"": ""probably"", ""timed_overlap"": 2, ""column_overlap"": 3}, {""word"": ""later"", ""timed_overlap"": 2, ""column_overlap"": 2}, {""word"": ""elapsed"", ""timed_overlap"": 2, ""column_overlap"": 2}, {""word"": ""more"", ""timed_overlap"": 2, ""column_overlap"": 2}, {""word"": ""at"", ""timed_overlap"": 1, ""column_overlap"": 3}]",completed,100,100,0
500,200,neural,4,as,Danny,100,100,100,True,2,2,0,0,,88,"[{""word"": ""Danny"", ""timed_overlap"": 2, ""column_overlap"": 2}, {""word"": ""smile"", ""timed_overlap"": 2, ""column_overlap"": 2}, {""word"": ""pink"", ""timed_overlap"": 1, ""column_overlap"": 3}, {""word"": ""Bill"", ""timed_overlap"": 1, ""column_overlap"": 2}, {""word"": ""You"", ""timed_overlap"": 1, ""column_overlap"": 2}]",completed,96,96,0
500,201,neural,1,gray,breath,95,95,95,True,2,3,1,1,88,128,"[{""word"": ""breath"", ""timed_overlap"": 2, ""column_overlap"": 3}, {""word"": ""seek"", ""timed_overlap"": 2, ""column_overlap"": 2}, {""word"": ""that"", ""timed_overlap"": 2, ""column_overlap"": 2}, {""word"": ""staff"", ""timed_overlap"": 1, ""column_overlap"": 4}, {""word"": ""task"", ""timed_overlap"": 1, ""column_overlap"": 4}]",completed,73,10,0
500,201,neural,2,rat,till,100,100,100,True,3,3,0,0,,97,"[{""word"": ""till"", ""timed_overlap"": 3, ""column_overlap"": 3}, {""word"": ""imps"", ""timed_overlap"": 2, ""column_overlap"": 4}, {""word"": ""whole"", ""timed_overlap"": 2, ""column_overlap"": 3}, {""word"": ""with"", ""timed_overlap"": 2, ""column_overlap"": 3}, {""word"": ""stranger"", ""timed_overlap"": 2, ""column_overlap"": 3}]",completed,95,95,0
500,201,neural,3,peeped,be,99,99,99,True,2,4,0,0,,86,"[{""word"": ""be"", ""timed_overlap"": 2, ""column_overlap"": 4}, {""word"": ""tone"", ""timed_overlap"": 2, ""column_overlap"": 2}, {""word"": ""dinner"", ""timed_overlap"": 2, ""column_overlap"": 2}, {""word"": ""lonesome"", ""timed_overlap"": 1, ""column_overlap"": 3}, {""word"": ""Once"", ""timed_overlap"": 1, ""column_overlap"": 3}]",completed,100,100,0
500,201,neural,4,forth,closing,98,98,98,True,2,2,0,0,,84,"[{""word"": ""closing"", ""timed_overlap"": 2, ""column_overlap"": 2}, {""word"": ""captain"", ""timed_overlap"": 2, ""column_overlap"": 2}, {""word"": ""KEEP"", ""timed_overlap"": 1, ""column_overlap"": 3}, {""word"": ""Search"", ""timed_overlap"": 1, ""column_overlap"": 3}, {""word"": ""demons"", ""timed_overlap"": 1, ""column_overlap"": 3}]",completed,99,99,0
500,202,neural,1,in,look,100,100,100,True,2,2,0,0,,97,"[{""word"": ""look"", ""timed_overlap"": 2, ""column_overlap"": 2}, {""word"": ""washerman"", ""timed_overlap"": 2, ""column_overlap"": 2}, {""word"": ""dismounted"", ""timed_overlap"": 2, ""column_overlap"": 2}, {""word"": ""enough"", ""timed_overlap"": 1, ""column_overlap"": 3}, {""word"": ""whenever"", ""timed_overlap"": 1, ""column_overlap"": 3}]",completed,100,10,0
500,202,neural,2,it,Now,100,100,100,True,2,2,0,0,,106,"[{""word"": ""Now"", ""timed_overlap"": 2, ""column_overlap"": 2}, {""word"": ""below"", ""timed_overlap"": 2, ""column_overlap"": 2}, {""word"": ""good"", ""timed_overlap"": 2, ""column_overlap"": 2}, {""word"": ""thank"", ""timed_overlap"": 2, ""column_overlap"": 2}, {""word"": ""already"", ""timed_overlap"": 2, ""column_overlap"": 2}]",completed,100,100,0
500,202,neural,3,",",donkey,97,97,97,True,2,4,0,0,,129,"[{""word"": ""donkey"", ""timed_overlap"": 2, ""column_overlap"": 4}, {""word"": ""desert"", ""timed_overlap"": 2, ""column_overlap"": 3}, {""word"": ""misty"", ""timed_overlap"": 2, ""column_overlap"": 3}, {""word"": ""faithfully"", ""timed_overlap"": 2, ""column_overlap"": 3}, {""word"": ""RABBIT"", ""timed_overlap"": 2, ""column_overlap"": 2}]",completed,100,100,0
500,202,neural,4,too,early,99,99,99,True,2,3,0,0,,99,"[{""word"": ""early"", ""timed_overlap"": 2, ""column_overlap"": 3}, {""word"": ""elapsed"", ""timed_overlap"": 2, ""column_overlap"": 3}, {""word"": ""Princess"", ""timed_overlap"": 2, ""column_overlap"": 2}, {""word"": ""letter"", ""timed_overlap"": 2, ""column_overlap"": 2}, {""word"": ""embrace"", ""timed_overlap"": 1, ""column_overlap"": 3}]",completed,97,97,0
500,203,neural,1,'s,woods,98,98,98,True,2,3,1,1,121,136,"[{""word"": ""woods"", ""timed_overlap"": 2, ""column_overlap"": 3}, {""word"": ""fire"", ""timed_overlap"": 2, ""column_overlap"": 2}, {""word"": ""There"", ""timed_overlap"": 2, ""column_overlap"": 2}, {""word"": ""central"", ""timed_overlap"": 2, ""column_overlap"": 2}, {""word"": ""Queen"", ""timed_overlap"": 2, ""column_overlap"": 2}]",completed,82,10,0
500,203,neural,2,",",Abel,98,98,98,True,1,3,0,0,,86,"[{""word"": ""Abel"", ""timed_overlap"": 1, ""column_overlap"": 3}, {""word"": ""sigh"", ""timed_overlap"": 1, ""column_overlap"": 3}, {""word"": ""Play"", ""timed_overlap"": 1, ""column_overlap"": 3}, {""word"": ""make"", ""timed_overlap"": 1, ""column_overlap"": 3}, {""word"": ""fast"", ""timed_overlap"": 1, ""column_overlap"": 3}]",completed,98,98,0
500,203,neural,3,and,Skunk,99,99,99,True,2,2,0,0,,99,"[{""word"": ""Skunk"", ""timed_overlap"": 2, ""column_overlap"": 2}, {""word"": ""visited"", ""timed_overlap"": 2, ""column_overlap"": 2}, {""word"": ""palm-tree"", ""timed_overlap"": 2, ""column_overlap"": 2}, {""word"": ""Herr"", ""timed_overlap"": 1, ""column_overlap"": 3}, {""word"": ""wandered"", ""timed_overlap"": 1, ""column_overlap"": 3}]",completed,98,98,0
500,203,neural,4,tell,Hugh,97,97,97,True,2,2,0,0,,114,"[{""word"": ""Hugh"", ""timed_overlap"": 2, ""column_overlap"": 2}, {""word"": ""while"", ""timed_overlap"": 2, ""column_overlap"": 2}, {""word"": ""On"", ""timed_overlap"": 2, ""column_overlap"": 2}, {""word"": ""John"", ""timed_overlap"": 2, ""column_overlap"": 2}, {""word"": ""whither"", ""timed_overlap"": 2, ""column_overlap"": 2}]",completed,99,99,0
500,204,neural,1,and,settle,99,99,99,True,2,3,1,2,46,128,"[{""word"": ""settle"", ""timed_overlap"": 2, ""column_overlap"": 3}, {""word"": ""kiss"", ""timed_overlap"": 2, ""column_overlap"": 3}, {""word"": ""must"", ""timed_overlap"": 2, ""column_overlap"": 3}, {""word"": ""Pekoe"", ""timed_overlap"": 2, ""column_overlap"": 2}, {""word"": ""of"", ""timed_overlap"": 2, ""column_overlap"": 2}]",completed,55,10,0
500,204,neural,2,see,milk,99,99,99,True,3,3,0,0,,94,"[{""word"": ""milk"", ""timed_overlap"": 3, ""column_overlap"": 3}, {""word"": ""Lawful"", ""timed_overlap"": 2, ""column_overlap"": 3}, {""word"": ""ladylike"", ""timed_overlap"": 2, ""column_overlap"": 2}, {""word"": ""For"", ""timed_overlap"": 2, ""column_overlap"": 2}, {""word"": ""color"", ""timed_overlap"": 1, ""column_overlap"": 3}]",completed,99,99,0
500,204,neural,3,what,CHAPTER,100,100,100,True,2,2,0,0,,86,"[{""word"": ""CHAPTER"", ""timed_overlap"": 2, ""column_overlap"": 2}, {""word"": ""haunting"", ""timed_overlap"": 1, ""column_overlap"": 3}, {""word"": ""whenever"", ""timed_overlap"": 1, ""column_overlap"": 3}, {""word"": ""Lucinda"", ""timed_overlap"": 1, ""column_overlap"": 3}, {""word"": ""excluded"", ""timed_overlap"": 1, ""column_overlap"": 3}]",completed,99,99,0
500,204,neural,4,they,away,98,98,98,True,2,2,1,1,86,121,"[{""word"": ""away"", ""timed_overlap"": 2, ""column_overlap"": 2}, {""word"": ""highness"", ""timed_overlap"": 2, ""column_overlap"": 2}, {""word"": "":"", ""timed_overlap"": 2, ""column_overlap"": 2}, {""word"": ""pity"", ""timed_overlap"": 2, ""column_overlap"": 2}, {""word"": ""lay"", ""timed_overlap"": 2, ""column_overlap"": 2}]",completed,100,100,0
500,205,neural,1,have,added,100,100,100,True,2,3,1,2,17,88,"[{""word"": ""added"", ""timed_overlap"": 2, ""column_overlap"": 3}, {""word"": ""put"", ""timed_overlap"": 2, ""column_overlap"": 3}, {""word"": ""Truly"", ""timed_overlap"": 2, ""column_overlap"": 2}, {""word"": ""'m"", ""timed_overlap"": 2, ""column_overlap"": 2}, {""word"": ""ought"", ""timed_overlap"": 2, ""column_overlap"": 2}]",completed,82,10,0
500,205,neural,2,an,naturally,100,100,100,True,2,4,0,0,,92,"[{""word"": ""naturally"", ""timed_overlap"": 2, ""column_overlap"": 4}, {""word"": ""next"", ""timed_overlap"": 2, ""column_overlap"": 3}, {""word"": ""off"", ""timed_overlap"": 1, ""column_overlap"": 3}, {""word"": ""`"", ""timed_overlap"": 1, ""column_overlap"": 3}, {""word"": ""grown"", ""timed_overlap"": 1, ""column_overlap"": 3}]",completed,100,100,0
500,205,neural,3,uneasy,romantic,96,96,96,True,2,4,0,0,,94,"[{""word"": ""romantic"", ""timed_overlap"": 2, ""column_overlap"": 4}, {""word"": ""concluded"", ""timed_overlap"": 1, ""column_overlap"": 3}, {""word"": ""Miss"", ""timed_overlap"": 1, ""column_overlap"": 3}, {""word"": ""Please"", ""timed_overlap"": 1, ""column_overlap"": 3}, {""word"": ""mean"", ""timed_overlap"": 1, ""column_overlap"": 3}]",completed,100,100,0
500,205,neural,4,feeling,save,98,98,98,True,2,2,0,0,,90,"[{""word"": ""save"", ""timed_overlap"": 2, ""column_overlap"": 2}, {""word"": ""Trevor"", ""timed_overlap"": 2, ""column_overlap"": 2}, {""word"": ""ogress"", ""timed_overlap"": 2, ""column_overlap"": 2}, {""word"": ""away"", ""timed_overlap"": 1, ""column_overlap"": 4}, {""word"": ""writ"", ""timed_overlap"": 1, ""column_overlap"": 3}]",completed,96,96,0
500,206,neural,1,lips,must,100,100,100,True,2,3,0,0,,95,"[{""word"": ""must"", ""timed_overlap"": 2, ""column_overlap"": 3}, {""word"": ""mean"", ""timed_overlap"": 1, ""column_overlap"": 4}, {""word"": ""Look"", ""timed_overlap"": 1, ""column_overlap"": 4}, {""word"": ""came"", ""timed_overlap"": 1, ""column_overlap"": 3}, {""word"": ""apparently"", ""timed_overlap"": 1, ""column_overlap"": 3}]",completed,100,10,0
500,206,neural,2,and,sign,98,98,98,True,2,2,0,0,,79,"[{""word"": ""sign"", ""timed_overlap"": 2, ""column_overlap"": 2}, {""word"": ""Ripple"", ""timed_overlap"": 2, ""column_overlap"": 2}, {""word"": ""wondered"", ""timed_overlap"": 1, ""column_overlap"": 3}, {""word"": ""wish"", ""timed_overlap"": 1, ""column_overlap"": 3}, {""word"": ""John"", ""timed_overlap"": 1, ""column_overlap"": 3}]",completed,100,100,0
500,206,neural,3,beckoned,stylish,97,97,97,True,2,3,0,0,,105,"[{""word"": ""stylish"", ""timed_overlap"": 2, ""column_overlap"": 3}, {""word"": ""run"", ""timed_overlap"": 2, ""column_overlap"": 2}, {""word"": ""these"", ""timed_overlap"": 2, ""column_overlap"": 2}, {""word"": ""danced"", ""timed_overlap"": 2, ""column_overlap"": 2}, {""word"": ""Inspiration"", ""timed_overlap"": 2, ""column_overlap"": 2}]",completed,98,98,0
500,206,neural,4,Bumble,Matthew,98,98,98,True,2,3,0,0,,131,"[{""word"": ""Matthew"", ""timed_overlap"": 2, ""column_overlap"": 3}, {""word"": ""mosquito"", ""timed_overlap"": 2, ""column_overlap"": 3}, {""word"": ""visited"", ""timed_overlap"": 2, ""column_overlap"": 3}, {""word"": ""made"", ""timed_overlap"": 2, ""column_overlap"": 2}, {""word"": ""feebly"", ""timed_overlap"": 2, ""column_overlap"": 2}]",completed,97,97,0
500,207,neural,1,",",cake,98,98,98,True,2,4,0,0,,134,"[{""word"": ""cake"", ""timed_overlap"": 2, ""column_overlap"": 4}, {""word"": ""thoughtfully"", ""timed_overlap"": 2, ""column_overlap"": 3}, {""word"": ""white"", ""timed_overlap"": 2, ""column_overlap"": 3}, {""word"": ""Miss"", ""timed_overlap"": 2, ""column_overlap"": 3}, {""word"": ""herring"", ""timed_overlap"": 2, ""column_overlap"": 2}]",completed,82,10,0
500,207,neural,2,',hard,99,99,99,True,2,3,0,0,,76,"[{""word"": ""hard"", ""timed_overlap"": 2, ""column_overlap"": 3}, {""word"": ""writing"", ""timed_overlap"": 2, ""column_overlap"": 3}, {""word"": ""another"", ""timed_overlap"": 2, ""column_overlap"": 2}, {""word"": ""ladylike"", ""timed_overlap"": 2, ""column_overlap"": 2}, {""word"": ""bearing"", ""timed_overlap"": 1, ""column_overlap"": 4}]",completed,98,98,0
500,207,neural,3,said,Chuck,99,99,99,True,2,3,0,0,,105,"[{""word"": ""Chuck"", ""timed_overlap"": 2, ""column_overlap"": 3}, {""word"": ""Lapsing"", ""timed_overlap"": 2, ""column_overlap"": 2}, {""word"": ""humanity"", ""timed_overlap"": 1, ""column_overlap"": 4}, {""word"": ""doubt"", ""timed_overlap"": 1, ""column_overlap"": 3}, {""word"": ""rock"", ""timed_overlap"": 1, ""column_overlap"": 3}]",completed,99,99,0
500,207,neural,4,he,terrify,98,98,98,True,2,3,0,0,,78,"[{""word"": ""terrify"", ""timed_overlap"": 2, ""column_overlap"": 3}, {""word"": ""dress"", ""timed_overlap"": 2, ""column_overlap"": 2}, {""word"": ""every"", ""timed_overlap"": 2, ""column_overlap"": 2}, {""word"": ""such"", ""timed_overlap"": 1, ""column_overlap"": 4}, {""word"": ""anything"", ""timed_overlap"": 1, ""column_overlap"": 3}]",completed,99,99,0
500,208,neural,1,she,Danny,100,100,100,True,2,3,1,1,74,117,"[{""word"": ""Danny"", ""timed_overlap"": 2, ""column_overlap"": 3}, {""word"": ""try"", ""timed_overlap"": 2, ""column_overlap"": 2}, {""word"": ""horse"", ""timed_overlap"": 2, ""column_overlap"": 2}, {""word"": ""rented"", ""timed_overlap"": 2, ""column_overlap"": 2}, {""word"": ""''"", ""timed_overlap"": 2, ""column_overlap"": 2}]",completed,91,10,0
500,208,neural,2,is,shook,100,100,100,True,2,3,0,0,,75,"[{""word"": ""shook"", ""timed_overlap"": 2, ""column_overlap"": 3}, {""word"": ""Schmidt"", ""timed_overlap"": 2, ""column_overlap"": 2}, {""word"": ""just"", ""timed_overlap"": 2, ""column_overlap"": 2}, {""word"": ""ate"", ""timed_overlap"": 2, ""column_overlap"": 2}, {""word"": ""thousand"", ""timed_overlap"": 2, ""column_overlap"": 2}]",completed,100,100,0
500,208,neural,3,very,Jesse,99,99,99,True,2,2,0,0,,107,"[{""word"": ""Jesse"", ""timed_overlap"": 2, ""column_overlap"": 2}, {""word"": ""frozen"", ""timed_overlap"": 2, ""column_overlap"": 2}, {""word"": ""ma'am"", ""timed_overlap"": 2, ""column_overlap"": 2}, {""word"": ""Williamson"", ""timed_overlap"": 1, ""column_overlap"": 4}, {""word"": ""warm"", ""timed_overlap"": 1, ""column_overlap"": 3}]",completed,100,100,0
500,208,neural,4,obstinate,snowshoeing,98,98,98,True,2,2,0,0,,91,"[{""word"": ""snowshoeing"", ""timed_overlap"": 2, ""column_overlap"": 2}, {""word"": ""Bumble"", ""timed_overlap"": 2, ""column_overlap"": 2}, {""word"": ""Lung"", ""timed_overlap"": 1, ""column_overlap"": 3}, {""word"": ""locked"", ""timed_overlap"": 1, ""column_overlap"": 3}, {""word"": ""teach"", ""timed_overlap"": 1, ""column_overlap"": 3}]",completed,99,99,0
500,209,neural,1,if,once,100,100,100,True,1,3,0,0,,80,"[{""word"": ""once"", ""timed_overlap"": 1, ""column_overlap"": 3}, {""word"": ""Presently"", ""timed_overlap"": 1, ""column_overlap"": 3}, {""word"": ""leaving"", ""timed_overlap"": 1, ""column_overlap"": 3}, {""word"": ""roar"", ""timed_overlap"": 1, ""column_overlap"": 3}, {""word"": ""Of"", ""timed_overlap"": 1, ""column_overlap"": 3}]",completed,91,10,0
500,209,neural,2,all,bait,100,100,100,True,1,3,0,0,,66,"[{""word"": ""bait"", ""timed_overlap"": 1, ""column_overlap"": 3}, {""word"": ""lads"", ""timed_overlap"": 1, ""column_overlap"": 3}, {""word"": ""till"", ""timed_overlap"": 1, ""column_overlap"": 2}, {""word"": ""fell"", ""timed_overlap"": 1, ""column_overlap"": 2}, {""word"": ""torrents"", ""timed_overlap"": 1, ""column_overlap"": 2}]",completed,100,100,0
500,209,neural,3,you,Reddy,99,99,99,True,2,2,0,0,,69,"[{""word"": ""Reddy"", ""timed_overlap"": 2, ""column_overlap"": 2}, {""word"": ""SOMEBODY"", ""timed_overlap"": 2, ""column_overlap"": 2}, {""word"": ""Pegasus"", ""timed_overlap"": 2, ""column_overlap"": 2}, {""word"": ""Of"", ""timed_overlap"": 2, ""column_overlap"": 2}, {""word"": ""Williamson"", ""timed_overlap"": 2, ""column_overlap"": 2}]",completed,100,100,0
500,209,neural,4,fellows,faithfully,98,98,98,True,2,3,0,0,,91,"[{""word"": ""faithfully"", ""timed_overlap"": 2, ""column_overlap"": 3}, {""word"": ""Messua"", ""timed_overlap"": 2, ""column_overlap"": 3}, {""word"": ""other"", ""timed_overlap"": 2, ""column_overlap"": 2}, {""word"": ""Queen"", ""timed_overlap"": 1, ""column_overlap"": 3}, {""word"": "":"", ""timed_overlap"": 1, ""column_overlap"": 3}]",completed,99,99,0
500,210,neural,1,a,course,100,100,100,True,2,3,0,0,,134,"[{""word"": ""course"", ""timed_overlap"": 2, ""column_overlap"": 3}, {""word"": ""Meredith"", ""timed_overlap"": 2, ""column_overlap"": 2}, {""word"": ""Pivi"", ""timed_overlap"": 1, ""column_overlap"": 3}, {""word"": ""alarm"", ""timed_overlap"": 1, ""column_overlap"": 3}, {""word"": ""added"", ""timed_overlap"": 1, ""column_overlap"": 3}]",completed,73,10,0
500,210,neural,2,child,Bill,100,100,100,True,2,3,0,0,,96,"[{""word"": ""Bill"", ""timed_overlap"": 2, ""column_overlap"": 3}, {""word"": ""Laurie"", ""timed_overlap"": 2, ""column_overlap"": 2}, {""word"": ""heard"", ""timed_overlap"": 2, ""column_overlap"": 2}, {""word"": ""Silver"", ""timed_overlap"": 2, ""column_overlap"": 2}, {""word"": ""paw"", ""timed_overlap"": 2, ""column_overlap"": 2}]",completed,100,100,0
500,210,neural,3,that,highness,99,99,99,True,1,3,0,0,,104,"[{""word"": ""highness"", ""timed_overlap"": 1, ""column_overlap"": 3}, {""word"": ""ago"", ""timed_overlap"": 1, ""column_overlap"": 3}, {""word"": ""remembering"", ""timed_overlap"": 1, ""column_overlap"": 3}, {""word"": ""these"", ""timed_overlap"": 1, ""column_overlap"": 3}, {""word"": ""rest"", ""timed_overlap"": 1, ""column_overlap"": 2}]",completed,100,100,0
500,210,neural,4,had,fighting,100,100,100,True,2,3,0,0,,116,"[{""word"": ""fighting"", ""timed_overlap"": 2, ""column_overlap"": 3}, {""word"": ""pleasant"", ""timed_overlap"": 2, ""column_overlap"": 2}, {""word"": ""hopelessly"", ""timed_overlap"": 2, ""column_overlap"": 2}, {""word"": ""furious"", ""timed_overlap"": 1, ""column_overlap"": 3}, {""word"": ""to-morrow"", ""timed_overlap"": 1, ""column_overlap"": 3}]",completed,99,99,0
500,211,neural,1,'s,nine,100,100,100,True,2,2,1,1,51,95,"[{""word"": ""nine"", ""timed_overlap"": 2, ""column_overlap"": 2}, {""word"": ""walls"", ""timed_overlap"": 2, ""column_overlap"": 2}, {""word"": ""Oh"", ""timed_overlap"": 1, ""column_overlap"": 4}, {""word"": ""asked"", ""timed_overlap"": 1, ""column_overlap"": 3}, {""word"": ""fortunate"", ""timed_overlap"": 1, ""column_overlap"": 3}]",completed,91,10,0
500,211,neural,2,some,air,99,99,99,True,2,2,0,0,,99,"[{""word"": ""air"", ""timed_overlap"": 2, ""column_overlap"": 2}, {""word"": ""spur"", ""timed_overlap"": 2, ""column_overlap"": 2}, {""word"": ""A"", ""timed_overlap"": 1, ""column_overlap"": 4}, {""word"": ""witch"", ""timed_overlap"": 1, ""column_overlap"": 4}, {""word"": ""Quite"", ""timed_overlap"": 1, ""column_overlap"": 3}]",completed,100,100,0
500,211,neural,3,good,On,96,96,96,True,2,2,0,0,,112,"[{""word"": ""On"", ""timed_overlap"": 2, ""column_overlap"": 2}, {""word"": ""whither"", ""timed_overlap"": 2, ""column_overlap"": 2}, {""word"": ""went"", ""timed_overlap"": 2, ""column_overlap"": 2}, {""word"": ""beauty"", ""timed_overlap"": 2, ""column_overlap"": 2}, {""word"": ""mother"", ""timed_overlap"": 2, ""column_overlap"": 2}]",completed,99,99,0
500,211,neural,4,in,upon,98,98,98,True,2,2,0,0,,122,"[{""word"": ""upon"", ""timed_overlap"": 2, ""column_overlap"": 2}, {""word"": ""weight"", ""timed_overlap"": 2, ""column_overlap"": 2}, {""word"": ""glided"", ""timed_overlap"": 2, ""column_overlap"": 2}, {""word"": ""'d"", ""timed_overlap"": 2, ""column_overlap"": 2}, {""word"": ""till"", ""timed_overlap"": 1, ""column_overlap"": 4}]",completed,96,96,0
500,212,neural,1,white,'s,99,99,99,True,2,4,0,0,,130,"[{""word"": ""'s"", ""timed_overlap"": 2, ""column_overlap"": 4}, {""word"": ""Aunt"", ""timed_overlap"": 2, ""column_overlap"": 3}, {""word"": ""canvas"", ""timed_overlap"": 2, ""column_overlap"": 3}, {""word"": ""hold"", ""timed_overlap"": 2, ""column_overlap"": 2}, {""word"": ""gay"", ""timed_overlap"": 1, ""column_overlap"": 4}]",completed,82,10,0
500,212,neural,2,Regiment,garret,100,100,100,True,2,2,0,0,,91,"[{""word"": ""garret"", ""timed_overlap"": 2, ""column_overlap"": 2}, {""word"": ""treat"", ""timed_overlap"": 2, ""column_overlap"": 2}, {""word"": ""remembered"", ""timed_overlap"": 1, ""column_overlap"": 4}, {""word"": ""agreement"", ""timed_overlap"": 1, ""column_overlap"": 3}, {""word"": ""teeth"", ""timed_overlap"": 1, ""column_overlap"": 3}]",completed,99,99,0
500,212,neural,3,I,church,97,97,97,True,2,2,0,0,,115,"[{""word"": ""church"", ""timed_overlap"": 2, ""column_overlap"": 2}, {""word"": ""headpiece"", ""timed_overlap"": 2, ""column_overlap"": 2}, {""word"": ""came"", ""timed_overlap"": 1, ""column_overlap"": 4}, {""word"": ""praised"", ""timed_overlap"": 1, ""column_overlap"": 3}, {""word"": ""Hannah"", ""timed_overlap"": 1, ""column_overlap"": 3}]",completed,100,100,0
500,212,neural,4,was,recovered,99,99,99,True,2,2,0,0,,84,"[{""word"": ""recovered"", ""timed_overlap"": 2, ""column_overlap"": 2}, {""word"": ""exactly"", ""timed_overlap"": 1, ""column_overlap"": 3}, {""word"": ""before"", ""timed_overlap"": 1, ""column_overlap"": 3}, {""word"": ""habit"", ""timed_overlap"": 1, ""column_overlap"": 3}, {""word"": ""kiss"", ""timed_overlap"": 1, ""column_overlap"": 3}]",completed,97,97,0
500,213,neural,1,headpiece,themselves,99,99,99,True,2,2,0,0,,111,"[{""word"": ""themselves"", ""timed_overlap"": 2, ""column_overlap"": 2}, {""word"": ""instead"", ""timed_overlap"": 2, ""column_overlap"": 2}, {""word"": ""Sometimes"", ""timed_overlap"": 1, ""column_overlap"": 3}, {""word"": ""day"", ""timed_overlap"": 1, ""column_overlap"": 3}, {""word"": ""Balkis"", ""timed_overlap"": 1, ""column_overlap"": 3}]",completed,91,10,0
500,213,neural,2,",",enough,100,100,100,True,1,3,0,0,,75,"[{""word"": ""enough"", ""timed_overlap"": 1, ""column_overlap"": 3}, {""word"": ""sable"", ""timed_overlap"": 1, ""column_overlap"": 3}, {""word"": ""dreams"", ""timed_overlap"": 1, ""column_overlap"": 3}, {""word"": ""Put"", ""timed_overlap"": 1, ""column_overlap"": 3}, {""word"": ""sorry"", ""timed_overlap"": 1, ""column_overlap"": 2}]",completed,99,99,0
500,213,neural,3,and,me,94,94,94,True,2,2,0,0,,97,"[{""word"": ""me"", ""timed_overlap"": 2, ""column_overlap"": 2}, {""word"": ""accounts"", ""timed_overlap"": 2, ""column_overlap"": 2}, {""word"": ""lonesome"", ""timed_overlap"": 1, ""column_overlap"": 3}, {""word"": ""again"", ""timed_overlap"": 1, ""column_overlap"": 3}, {""word"": ""seemed"", ""timed_overlap"": 1, ""column_overlap"": 2}]",completed,100,100,0
500,213,neural,4,sat,sentiment,97,97,97,True,2,3,0,0,,72,"[{""word"": ""sentiment"", ""timed_overlap"": 2, ""column_overlap"": 3}, {""word"": ""belt"", ""timed_overlap"": 2, ""column_overlap"": 3}, {""word"": ""swearing"", ""timed_overlap"": 2, ""column_overlap"": 2}, {""word"": ""commanded"", ""timed_overlap"": 1, ""column_overlap"": 4}, {""word"": ""bared"", ""timed_overlap"": 1, ""column_overlap"": 3}]",completed,94,94,0
500,214,neural,1,could,blades,100,100,100,True,2,2,1,2,23,93,"[{""word"": ""blades"", ""timed_overlap"": 2, ""column_overlap"": 2}, {""word"": ""mercy"", ""timed_overlap"": 2, ""column_overlap"": 2}, {""word"": ""aunt"", ""timed_overlap"": 2, ""column_overlap"": 2}, {""word"": ""dress"", ""timed_overlap"": 2, ""column_overlap"": 2}, {""word"": ""PERCINET"", ""timed_overlap"": 2, ""column_overlap"": 2}]",completed,100,10,0
500,214,neural,2,hear,blades,100,100,100,True,2,3,0,0,,98,"[{""word"": ""blades"", ""timed_overlap"": 2, ""column_overlap"": 3}, {""word"": ""from"", ""timed_overlap"": 1, ""column_overlap"": 4}, {""word"": ""certain"", ""timed_overlap"": 1, ""column_overlap"": 3}, {""word"": ""Joe"", ""timed_overlap"": 1, ""column_overlap"": 3}, {""word"": ""Wendy"", ""timed_overlap"": 1, ""column_overlap"": 3}]",completed,100,100,0
500,214,neural,3,the,keep,96,96,96,True,1,3,0,0,,82,"[{""word"": ""keep"", ""timed_overlap"": 1, ""column_overlap"": 3}, {""word"": ""what"", ""timed_overlap"": 1, ""column_overlap"": 3}, {""word"": ""did"", ""timed_overlap"": 1, ""column_overlap"": 3}, {""word"": ""bait"", ""timed_overlap"": 1, ""column_overlap"": 3}, {""word"": ""visited"", ""timed_overlap"": 1, ""column_overlap"": 3}]",completed,100,100,0
500,214,neural,4,noise,window,99,99,99,True,3,3,0,0,,86,"[{""word"": ""window"", ""timed_overlap"": 3, ""column_overlap"": 3}, {""word"": ""Sara"", ""timed_overlap"": 2, ""column_overlap"": 3}, {""word"": ""Put"", ""timed_overlap"": 2, ""column_overlap"": 2}, {""word"": ""Gallipoli"", ""timed_overlap"": 2, ""column_overlap"": 2}, {""word"": ""sweetens"", ""timed_overlap"": 1, ""column_overlap"": 4}]",completed,96,96,0
500,215,neural,1,him,tittered,94,94,94,True,3,4,0,0,,101,"[{""word"": ""tittered"", ""timed_overlap"": 3, ""column_overlap"": 4}, {""word"": ""statelier"", ""timed_overlap"": 2, ""column_overlap"": 3}, {""word"": ""why"", ""timed_overlap"": 2, ""column_overlap"": 3}, {""word"": ""mature"", ""timed_overlap"": 2, ""column_overlap"": 2}, {""word"": ""Her"", ""timed_overlap"": 2, ""column_overlap"": 2}]",completed,82,10,0
500,215,neural,2,to,great,98,98,98,True,2,2,0,0,,100,"[{""word"": ""great"", ""timed_overlap"": 2, ""column_overlap"": 2}, {""word"": ""It"", ""timed_overlap"": 2, ""column_overlap"": 2}, {""word"": ""shrugged"", ""timed_overlap"": 1, ""column_overlap"": 3}, {""word"": ""those"", ""timed_overlap"": 1, ""column_overlap"": 3}, {""word"": ""Fox"", ""timed_overlap"": 1, ""column_overlap"": 3}]",completed,94,94,0
500,215,neural,3,remember,Bagheera,98,98,98,True,3,4,1,1,101,148,"[{""word"": ""Bagheera"", ""timed_overlap"": 3, ""column_overlap"": 4}, {""word"": ""three"", ""timed_overlap"": 2, ""column_overlap"": 5}, {""word"": ""Nobody"", ""timed_overlap"": 2, ""column_overlap"": 4}, {""word"": ""deal"", ""timed_overlap"": 2, ""column_overlap"": 3}, {""word"": ""close"", ""timed_overlap"": 2, ""column_overlap"": 3}]",completed,98,98,0
500,215,neural,4,his,will,99,99,99,True,2,2,0,0,,80,"[{""word"": ""will"", ""timed_overlap"": 2, ""column_overlap"": 2}, {""word"": ""border"", ""timed_overlap"": 2, ""column_overlap"": 2}, {""word"": ""terrify"", ""timed_overlap"": 2, ""column_overlap"": 2}, {""word"": ""Ripple"", ""timed_overlap"": 2, ""column_overlap"": 2}, {""word"": ""Marilla"", ""timed_overlap"": 1, ""column_overlap"": 3}]",completed,98,98,0
500,216,neural,1,hair,entered,99,99,99,True,2,4,1,2,27,114,"[{""word"": ""entered"", ""timed_overlap"": 2, ""column_overlap"": 4}, {""word"": ""wore"", ""timed_overlap"": 2, ""column_overlap"": 2}, {""word"": ""Danny"", ""timed_overlap"": 2, ""column_overlap"": 2}, {""word"": ""yours"", ""timed_overlap"": 2, ""column_overlap"": 2}, {""word"": ""gay"", ""timed_overlap"": 2, ""column_overlap"": 2}]",completed,82,10,0
500,216,neural,2,by,naturally,99,99,99,True,2,2,0,0,,73,"[{""word"": ""naturally"", ""timed_overlap"": 2, ""column_overlap"": 2}, {""word"": ""also"", ""timed_overlap"": 1, ""column_overlap"": 3}, {""word"": ""mother"", ""timed_overlap"": 1, ""column_overlap"": 3}, {""word"": ""months"", ""timed_overlap"": 1, ""column_overlap"": 3}, {""word"": ""run"", ""timed_overlap"": 1, ""column_overlap"": 2}]",completed,99,99,0
500,216,neural,3,way,sentence,98,98,98,True,3,4,0,0,,75,"[{""word"": ""sentence"", ""timed_overlap"": 3, ""column_overlap"": 4}, {""word"": ""rest"", ""timed_overlap"": 1, ""column_overlap"": 3}, {""word"": ""withdrew"", ""timed_overlap"": 1, ""column_overlap"": 3}, {""word"": ""Now"", ""timed_overlap"": 1, ""column_overlap"": 3}, {""word"": ""to-morrow"", ""timed_overlap"": 1, ""column_overlap"": 2}]",completed,99,99,0
500,216,neural,4,of,puzzling,99,99,99,True,2,3,0,0,,108,"[{""word"": ""puzzling"", ""timed_overlap"": 2, ""column_overlap"": 3}, {""word"": ""They"", ""timed_overlap"": 2, ""column_overlap"": 2}, {""word"": ""break"", ""timed_overlap"": 2, ""column_overlap"": 2}, {""word"": ""snubbed"", ""timed_overlap"": 2, ""column_overlap"": 2}, {""word"": ""writ"", ""timed_overlap"": 1, ""column_overlap"": 4}]",completed,98,98,0
500,217,neural,1,was,added,100,100,100,True,3,4,0,0,,149,"[{""word"": ""added"", ""timed_overlap"": 3, ""column_overlap"": 4}, {""word"": ""mere"", ""timed_overlap"": 2, ""column_overlap"": 3}, {""word"": ""will"", ""timed_overlap"": 2, ""column_overlap"": 3}, {""word"": ""asked"", ""timed_overlap"": 2, ""column_overlap"": 3}, {""word"": ""Truly"", ""timed_overlap"": 2, ""column_overlap"": 2}]",completed,82,10,0
500,217,neural,2,certainly,Fox,99,99,99,True,2,4,0,0,,114,"[{""word"": ""Fox"", ""timed_overlap"": 2, ""column_overlap"": 4}, {""word"": ""recalled"", ""timed_overlap"": 2, ""column_overlap"": 3}, {""word"": ""soft"", ""timed_overlap"": 2, ""column_overlap"": 2}, {""word"": ""thrifty"", ""timed_overlap"": 1, ""column_overlap"": 4}, {""word"": ""sensible"", ""timed_overlap"": 1, ""column_overlap"": 4}]",completed,100,100,0
500,217,neural,3,her,birthday,100,100,100,True,2,3,0,0,,113,"[{""word"": ""birthday"", ""timed_overlap"": 2, ""column_overlap"": 3}, {""word"": ""Felicity"", ""timed_overlap"": 2, ""column_overlap"": 2}, {""word"": ""furious"", ""timed_overlap"": 2, ""column_overlap"": 2}, {""word"": ""what"", ""timed_overlap"": 2, ""column_overlap"": 2}, {""word"": ""father"", ""timed_overlap"": 1, ""column_overlap"": 3}]",completed,99,99,0
500,217,neural,4,own,forget,98,98,98,True,2,2,1,1,80,85,"[{""word"": ""forget"", ""timed_overlap"": 2, ""column_overlap"": 2}, {""word"": ""Leslie"", ""timed_overlap"": 2, ""column_overlap"": 2}, {""word"": ""others"", ""timed_overlap"": 1, ""column_overlap"": 3}, {""word"": ""prince"", ""timed_overlap"": 1, ""column_overlap"": 3}, {""word"": ""anything"", ""timed_overlap"": 1, ""column_overlap"": 3}]",completed,100,100,0
500,218,neural,1,to,Take,99,99,99,True,2,4,1,1,66,108,"[{""word"": ""Take"", ""timed_overlap"": 2, ""column_overlap"": 4}, {""word"": ""n't"", ""timed_overlap"": 2, ""column_overlap"": 2}, {""word"": ""lest"", ""timed_overlap"": 2, ""column_overlap"": 2}, {""word"": ""yesterday"", ""timed_overlap"": 2, ""column_overlap"": 2}, {""word"": ""Hugh"", ""timed_overlap"": 1, ""column_overlap"": 4}]",completed,82,10,0
500,218,neural,2,look,roar,100,100,100,True,2,3,0,0,,90,"[{""word"": ""roar"", ""timed_overlap"": 2, ""column_overlap"": 3}, {""word"": ""o"", ""timed_overlap"": 2, ""column_overlap"": 2}, {""word"": ""everything"", ""timed_overlap"": 2, ""column_overlap"": 2}, {""word"": ""boy"", ""timed_overlap"": 2, ""column_overlap"": 2}, {""word"": ""Quite"", ""timed_overlap"": 1, ""column_overlap"": 3}]",completed,99,99,0
500,218,neural,3,carefully,Jesse,98,98,98,True,2,2,0,0,,86,"[{""word"": ""Jesse"", ""timed_overlap"": 2, ""column_overlap"": 2}, {""word"": ""April"", ""timed_overlap"": 2, ""column_overlap"": 2}, {""word"": ""steeple"", ""timed_overlap"": 1, ""column_overlap"": 3}, {""word"": ""Gwythyr"", ""timed_overlap"": 1, ""column_overlap"": 3}, {""word"": ""Joseph"", ""timed_overlap"": 1, ""column_overlap"": 3}]",completed,100,100,0
500,218,neural,4,in,sipping,98,98,98,True,2,2,0,0,,108,"[{""word"": ""sipping"", ""timed_overlap"": 2, ""column_overlap"": 2}, {""word"": ""have"", ""timed_overlap"": 2, ""column_overlap"": 2}, {""word"": ""caught"", ""timed_overlap"": 2, ""column_overlap"": 2}, {""word"": ""servants"", ""timed_overlap"": 2, ""column_overlap"": 2}, {""word"": ""frightened"", ""timed_overlap"": 2, ""column_overlap"": 2}]",completed,98,98,0
500,219,neural,1,hall,angel,94,94,94,True,2,2,0,0,,93,"[{""word"": ""angel"", ""timed_overlap"": 2, ""column_overlap"": 2}, {""word"": ""Elsa"", ""timed_overlap"": 1, ""column_overlap"": 3}, {""word"": ""Truly"", ""timed_overlap"": 1, ""column_overlap"": 3}, {""word"": ""Assam"", ""timed_overlap"": 1, ""column_overlap"": 3}, {""word"": ""Billy"", ""timed_overlap"": 1, ""column_overlap"": 3}]",completed,91,10,0
500,219,neural,2,",",face,97,97,97,True,2,2,0,0,,67,"[{""word"": ""face"", ""timed_overlap"": 2, ""column_overlap"": 2}, {""word"": ""terrified"", ""timed_overlap"": 1, ""column_overlap"": 3}, {""word"": ""than"", ""timed_overlap"": 1, ""column_overlap"": 3}, {""word"": ""killed"", ""timed_overlap"": 1, ""column_overlap"": 2}, {""word"": ""moment"", ""timed_overlap"": 1, ""column_overlap"": 2}]",completed,94,94,0
500,219,neural,3,but,bronze,99,99,99,True,1,3,0,0,,123,"[{""word"": ""bronze"", ""timed_overlap"": 1, ""column_overlap"": 3}, {""word"": ""practice"", ""timed_overlap"": 1, ""column_overlap"": 3}, {""word"": ""spoke"", ""timed_overlap"": 1, ""column_overlap"": 3}, {""word"": ""Pekoe"", ""timed_overlap"": 1, ""column_overlap"": 3}, {""word"": ""to-morrow"", ""timed_overlap"": 1, ""column_overlap"": 3}]",completed,97,97,0
500,219,neural,4,turned,color,97,97,97,True,2,2,0,0,,95,"[{""word"": ""color"", ""timed_overlap"": 2, ""column_overlap"": 2}, {""word"": ""gallant"", ""timed_overlap"": 2, ""column_overlap"": 2}, {""word"": ""Lawful"", ""timed_overlap"": 1, ""column_overlap"": 3}, {""word"": ""high"", ""timed_overlap"": 1, ""column_overlap"": 3}, {""word"": ""girl"", ""timed_overlap"": 1, ""column_overlap"": 3}]",completed,99,99,0
500,220,neural,1,;,welcome,97,97,97,True,2,3,0,0,,119,"[{""word"": ""welcome"", ""timed_overlap"": 2, ""column_overlap"": 3}, {""word"": ""pictures"", ""timed_overlap"": 2, ""column_overlap"": 3}, {""word"": ""at"", ""timed_overlap"": 2, ""column_overlap"": 2}, {""word"": ""boys"", ""timed_overlap"": 1, ""column_overlap"": 4}, {""word"": ""worn"", ""timed_overlap"": 1, ""column_overlap"": 3}]",completed,82,10,0
500,220,neural,2,it,be,100,100,100,True,2,2,0,0,,74,"[{""word"": ""be"", ""timed_overlap"": 2, ""column_overlap"": 2}, {""word"": ""ladylike"", ""timed_overlap"": 2, ""column_overlap"": 2}, {""word"": ""tore"", ""timed_overlap"": 1, ""column_overlap"": 3}, {""word"": ""highness"", ""timed_overlap"": 1, ""column_overlap"": 3}, {""word"": ""snowshoeing"", ""timed_overlap"": 1, ""column_overlap"": 3}]",completed,97,97,0
500,220,neural,3,was,to-morrow,96,96,96,True,2,2,0,0,,105,"[{""word"": ""to-morrow"", ""timed_overlap"": 2, ""column_overlap"": 2}, {""word"": ""Porcupine"", ""timed_overlap"": 1, ""column_overlap"": 4}, {""word"": ""tittered"", ""timed_overlap"": 1, ""column_overlap"": 3}, {""word"": ""heated"", ""timed_overlap"": 1, ""column_overlap"": 3}, {""word"": ""agreement"", ""timed_overlap"": 1, ""column_overlap"": 3}]",completed,100,100,0
500,220,neural,4,an,drop,95,95,95,True,1,4,0,0,,82,"[{""word"": ""drop"", ""timed_overlap"": 1, ""column_overlap"": 4}, {""word"": ""Faith"", ""timed_overlap"": 1, ""column_overlap"": 3}, {""word"": ""behind"", ""timed_overlap"": 1, ""column_overlap"": 3}, {""word"": ""chair"", ""timed_overlap"": 1, ""column_overlap"": 3}, {""word"": ""pity"", ""timed_overlap"": 1, ""column_overlap"": 3}]",completed,96,96,0
500,221,neural,1,find,mean,100,100,100,True,2,3,0,0,,79,"[{""word"": ""mean"", ""timed_overlap"": 2, ""column_overlap"": 3}, {""word"": ""reserved"", ""timed_overlap"": 1, ""column_overlap"": 3}, {""word"": ""tickled"", ""timed_overlap"": 1, ""column_overlap"": 3}, {""word"": ""mother"", ""timed_overlap"": 1, ""column_overlap"": 2}, {""word"": ""Molly"", ""timed_overlap"": 1, ""column_overlap"": 2}]",completed,91,10,0
500,221,neural,2,",",recommended,100,100,100,True,1,3,0,0,,70,"[{""word"": ""recommended"", ""timed_overlap"": 1, ""column_overlap"": 3}, {""word"": ""jewels"", ""timed_overlap"": 1, ""column_overlap"": 2}, {""word"": ""Wildrose"", ""timed_overlap"": 1, ""column_overlap"": 2}, {""word"": ""around"", ""timed_overlap"": 1, ""column_overlap"": 2}, {""word"": ""UNC"", ""timed_overlap"": 1, ""column_overlap"": 2}]",completed,100,100,0
500,221,neural,3,for,sorry,99,99,99,True,3,3,0,0,,102,"[{""word"": ""sorry"", ""timed_overlap"": 3, ""column_overlap"": 3}, {""word"": ""sprang"", ""timed_overlap"": 2, ""column_overlap"": 2}, {""word"": ""sailor"", ""timed_overlap"": 2, ""column_overlap"": 2}, {""word"": ""distance"", ""timed_overlap"": 2, ""column_overlap"": 2}, {""word"": ""minutes"", ""timed_overlap"": 2, ""column_overlap"": 2}]",completed,100,100,0
500,221,neural,4,the,fourth,99,99,99,True,2,3,0,0,,108,"[{""word"": ""fourth"", ""timed_overlap"": 2, ""column_overlap"": 3}, {""word"": ""study"", ""timed_overlap"": 2, ""column_overlap"": 2}, {""word"": ""happily"", ""timed_overlap"": 2, ""column_overlap"": 2}, {""word"": ""our"", ""timed_overlap"": 1, ""column_overlap"": 4}, {""word"": ""wand"", ""timed_overlap"": 1, ""column_overlap"": 3}]",completed,99,99,0
500,222,neural,1,and,'',100,100,100,True,2,2,1,2,16,100,"[{""word"": ""''"", ""timed_overlap"": 2, ""column_overlap"": 2}, {""word"": ""care"", ""timed_overlap"": 1, ""column_overlap"": 4}, {""word"": ""tell"", ""timed_overlap"": 1, ""column_overlap"": 3}, {""word"": ""boy"", ""timed_overlap"": 1, ""column_overlap"": 3}, {""word"": ""worse"", ""timed_overlap"": 1, ""column_overlap"": 3}]",completed,91,10,0
500,222,neural,2,I,Lapsing,99,99,99,True,2,4,0,0,,81,"[{""word"": ""Lapsing"", ""timed_overlap"": 2, ""column_overlap"": 4}, {""word"": ""Peerless"", ""timed_overlap"": 2, ""column_overlap"": 2}, {""word"": ""Sara"", ""timed_overlap"": 2, ""column_overlap"": 2}, {""word"": ""said"", ""timed_overlap"": 2, ""column_overlap"": 2}, {""word"": ""elapsed"", ""timed_overlap"": 2, ""column_overlap"": 2}]",completed,100,100,0
500,222,neural,3,tremble,milk,100,100,100,True,2,3,0,0,,99,"[{""word"": ""milk"", ""timed_overlap"": 2, ""column_overlap"": 3}, {""word"": ""bearing"", ""timed_overlap"": 1, ""column_overlap"": 4}, {""word"": ""reserved"", ""timed_overlap"": 1, ""column_overlap"": 3}, {""word"": ""worn"", ""timed_overlap"": 1, ""column_overlap"": 3}, {""word"": ""certain"", ""timed_overlap"": 1, ""column_overlap"": 3}]",completed,99,99,0
500,222,neural,4,to,just,99,99,99,True,2,3,0,0,,109,"[{""word"": ""just"", ""timed_overlap"": 2, ""column_overlap"": 3}, {""word"": ""Lucinda"", ""timed_overlap"": 2, ""column_overlap"": 2}, {""word"": ""sweet"", ""timed_overlap"": 2, ""column_overlap"": 2}, {""word"": ""WHY"", ""timed_overlap"": 2, ""column_overlap"": 2}, {""word"": ""month"", ""timed_overlap"": 2, ""column_overlap"": 2}]",completed,100,100,0
500,223,neural,1,talented,tremble,99,99,99,True,3,3,0,0,,129,"[{""word"": ""tremble"", ""timed_overlap"": 3, ""column_overlap"": 3}, {""word"": ""lean"", ""timed_overlap"": 2, ""column_overlap"": 4}, {""word"": ""'s"", ""timed_overlap"": 2, ""column_overlap"": 3}, {""word"": ""hard"", ""timed_overlap"": 2, ""column_overlap"": 2}, {""word"": ""-LCB-"", ""timed_overlap"": 1, ""column_overlap"": 4}]",completed,82,10,0
500,223,neural,2,and,Magyars,100,100,100,True,1,3,0,0,,87,"[{""word"": ""Magyars"", ""timed_overlap"": 1, ""column_overlap"": 3}, {""word"": ""shoulders"", ""timed_overlap"": 1, ""column_overlap"": 2}, {""word"": ""Providence"", ""timed_overlap"": 1, ""column_overlap"": 2}, {""word"": ""marry"", ""timed_overlap"": 1, ""column_overlap"": 2}, {""word"": ""Cheering"", ""timed_overlap"": 1, ""column_overlap"": 2}]",completed,99,99,0
500,223,neural,3,had,thousand,98,98,98,True,2,2,0,0,,125,"[{""word"": ""thousand"", ""timed_overlap"": 2, ""column_overlap"": 2}, {""word"": ""whereupon"", ""timed_overlap"": 2, ""column_overlap"": 2}, {""word"": ""exactly"", ""timed_overlap"": 2, ""column_overlap"": 2}, {""word"": ""At"", ""timed_overlap"": 1, ""column_overlap"": 4}, {""word"": ""Johnny"", ""timed_overlap"": 1, ""column_overlap"": 4}]",completed,100,100,0
500,223,neural,4,a,lamassery,100,100,100,True,2,3,0,0,,88,"[{""word"": ""lamassery"", ""timed_overlap"": 2, ""column_overlap"": 3}, {""word"": ""COAT"", ""timed_overlap"": 2, ""column_overlap"": 3}, {""word"": ""heard"", ""timed_overlap"": 2, ""column_overlap"": 3}, {""word"": ""half"", ""timed_overlap"": 2, ""column_overlap"": 2}, {""word"": ""Mollie"", ""timed_overlap"": 2, ""column_overlap"": 2}]",completed,98,98,0
500,224,neural,1,I,Lapsing,97,97,97,True,2,4,1,1,77,123,"[{""word"": ""Lapsing"", ""timed_overlap"": 2, ""column_overlap"": 4}, {""word"": ""Because"", ""timed_overlap"": 2, ""column_overlap"": 3}, {""word"": ""tree"", ""timed_overlap"": 2, ""column_overlap"": 3}, {""word"": ""carriage"", ""timed_overlap"": 2, ""column_overlap"": 2}, {""word"": ""order"", ""timed_overlap"": 1, ""column_overlap"": 4}]",completed,64,10,0
500,224,neural,2,am,Uncle,100,100,100,True,2,3,0,0,,121,"[{""word"": ""Uncle"", ""timed_overlap"": 2, ""column_overlap"": 3}, {""word"": ""them"", ""timed_overlap"": 2, ""column_overlap"": 2}, {""word"": ""Folk"", ""timed_overlap"": 2, ""column_overlap"": 2}, {""word"": ""snowshoeing"", ""timed_overlap"": 2, ""column_overlap"": 2}, {""word"": ""really"", ""timed_overlap"": 1, ""column_overlap"": 4}]",completed,97,97,0
500,224,neural,3,to,Quite,99,99,99,True,3,3,0,0,,95,"[{""word"": ""Quite"", ""timed_overlap"": 3, ""column_overlap"": 3}, {""word"": ""hole"", ""timed_overlap"": 2, ""column_overlap"": 2}, {""word"": ""Skunk"", ""timed_overlap"": 1, ""column_overlap"": 3}, {""word"": ""yours"", ""timed_overlap"": 1, ""column_overlap"": 3}, {""word"": ""require"", ""timed_overlap"": 1, ""column_overlap"": 3}]",completed,100,100,0
500,224,neural,4,find,SOMEBODY,97,97,97,True,2,2,0,0,,94,"[{""word"": ""SOMEBODY"", ""timed_overlap"": 2, ""column_overlap"": 2}, {""word"": ""grass"", ""timed_overlap"": 1, ""column_overlap"": 3}, {""word"": ""spur"", ""timed_overlap"": 1, ""column_overlap"": 3}, {""word"": ""raised"", ""timed_overlap"": 1, ""column_overlap"": 3}, {""word"": ""wish"", ""timed_overlap"": 1, ""column_overlap"": 3}]",completed,99,99,0
500,225,neural,1,",",sustaining,100,100,100,True,3,4,0,0,,127,"[{""word"": ""sustaining"", ""timed_overlap"": 3, ""column_overlap"": 4}, {""word"": ""must"", ""timed_overlap"": 3, ""column_overlap"": 3}, {""word"": ""fast"", ""timed_overlap"": 2, ""column_overlap"": 5}, {""word"": ""Miss"", ""timed_overlap"": 2, ""column_overlap"": 2}, {""word"": ""herring"", ""timed_overlap"": 2, ""column_overlap"": 2}]",completed,100,10,0
500,225,neural,2,and,garret,99,99,99,True,2,3,0,0,,111,"[{""word"": ""garret"", ""timed_overlap"": 2, ""column_overlap"": 3}, {""word"": ""-LCB-"", ""timed_overlap"": 2, ""column_overlap"": 3}, {""word"": ""recovered"", ""timed_overlap"": 2, ""column_overlap"": 2}, {""word"": ""years"", ""timed_overlap"": 2, ""column_overlap"": 2}, {""word"": ""Mrs."", ""timed_overlap"": 1, ""column_overlap"": 4}]",completed,100,100,0
500,225,neural,3,at,frightened,97,97,97,True,2,3,0,0,,94,"[{""word"": ""frightened"", ""timed_overlap"": 2, ""column_overlap"": 3}, {""word"": ""Good-bye"", ""timed_overlap"": 2, ""column_overlap"": 2}, {""word"": ""Head"", ""timed_overlap"": 2, ""column_overlap"": 2}, {""word"": ""easel"", ""timed_overlap"": 2, ""column_overlap"": 2}, {""word"": ""Quicksilver"", ""timed_overlap"": 1, ""column_overlap"": 4}]",completed,99,99,0
500,225,neural,4,length,ruther,99,99,99,True,2,4,0,0,,110,"[{""word"": ""ruther"", ""timed_overlap"": 2, ""column_overlap"": 4}, {""word"": ""III"", ""timed_overlap"": 2, ""column_overlap"": 4}, {""word"": ""month"", ""timed_overlap"": 2, ""column_overlap"": 3}, {""word"": ""made"", ""timed_overlap"": 2, ""column_overlap"": 3}, {""word"": ""going"", ""timed_overlap"": 2, ""column_overlap"": 2}]",completed,97,97,0
500,226,neural,1,a,Most,94,94,94,True,2,3,0,0,,115,"[{""word"": ""Most"", ""timed_overlap"": 2, ""column_overlap"": 3}, {""word"": ""spear"", ""timed_overlap"": 2, ""column_overlap"": 2}, {""word"": ""added"", ""timed_overlap"": 2, ""column_overlap"": 2}, {""word"": ""Spirit"", ""timed_overlap"": 2, ""column_overlap"": 2}, {""word"": ""sentiment"", ""timed_overlap"": 2, ""column_overlap"": 2}]",completed,82,10,0
500,226,neural,2,washerman,marry,100,100,100,True,2,2,0,0,,94,"[{""word"": ""marry"", ""timed_overlap"": 2, ""column_overlap"": 2}, {""word"": ""afraid"", ""timed_overlap"": 2, ""column_overlap"": 2}, {""word"": ""said"", ""timed_overlap"": 2, ""column_overlap"": 2}, {""word"": ""Marilla"", ""timed_overlap"": 2, ""column_overlap"": 2}, {""word"": ""order"", ""timed_overlap"": 1, ""column_overlap"": 3}]",completed,94,94,0
500,226,neural,3,'s,DO,99,99,99,True,2,2,0,0,,84,"[{""word"": ""DO"", ""timed_overlap"": 2, ""column_overlap"": 2}, {""word"": ""as"", ""timed_overlap"": 1, ""column_overlap"": 3}, {""word"": ""suddenly"", ""timed_overlap"": 1, ""column_overlap"": 2}, {""word"": ""These"", ""timed_overlap"": 1, ""column_overlap"": 2}, {""word"": ""feeling"", ""timed_overlap"": 1, ""column_overlap"": 2}]",completed,100,100,0
500,226,neural,4,donkey,As,98,98,98,True,2,3,0,0,,91,"[{""word"": ""As"", ""timed_overlap"": 2, ""column_overlap"": 3}, {""word"": ""blow"", ""timed_overlap"": 1, ""column_overlap"": 4}, {""word"": ""Anne"", ""timed_overlap"": 1, ""column_overlap"": 3}, {""word"": ""BEN"", ""timed_overlap"": 1, ""column_overlap"": 3}, {""word"": ""jollier"", ""timed_overlap"": 1, ""column_overlap"": 3}]",completed,99,99,0
500,227,neural,1,the,sentiment,100,100,100,True,2,2,0,0,,118,"[{""word"": ""sentiment"", ""timed_overlap"": 2, ""column_overlap"": 2}, {""word"": ""exactly"", ""timed_overlap"": 2, ""column_overlap"": 2}, {""word"": ""people"", ""timed_overlap"": 2, ""column_overlap"": 2}, {""word"": ""forget"", ""timed_overlap"": 1, ""column_overlap"": 3}, {""word"": ""West"", ""timed_overlap"": 1, ""column_overlap"": 3}]",completed,91,10,0
500,227,neural,2,Magyars,Abel,99,99,99,True,2,3,1,1,28,78,"[{""word"": ""Abel"", ""timed_overlap"": 2, ""column_overlap"": 3}, {""word"": ""swearing"", ""timed_overlap"": 2, ""column_overlap"": 2}, {""word"": ""returned"", ""timed_overlap"": 2, ""column_overlap"": 2}, {""word"": ""shimmer"", ""timed_overlap"": 1, ""column_overlap"": 4}, {""word"": ""upon"", ""timed_overlap"": 1, ""column_overlap"": 2}]",completed,100,100,0
500,227,neural,3,.,sensible,100,100,100,True,2,2,0,0,,100,"[{""word"": ""sensible"", ""timed_overlap"": 2, ""column_overlap"": 2}, {""word"": ""indeed"", ""timed_overlap"": 2, ""column_overlap"": 2}, {""word"": ""One"", ""timed_overlap"": 2, ""column_overlap"": 2}, {""word"": ""Hugh"", ""timed_overlap"": 1, ""column_overlap"": 3}, {""word"": ""Ideal"", ""timed_overlap"": 1, ""column_overlap"": 3}]",completed,99,99,0
500,227,neural,4,-RSB-,Elder,99,99,99,True,3,3,0,0,,107,"[{""word"": ""Elder"", ""timed_overlap"": 3, ""column_overlap"": 3}, {""word"": ""One"", ""timed_overlap"": 2, ""column_overlap"": 3}, {""word"": ""Jem"", ""timed_overlap"": 2, ""column_overlap"": 3}, {""word"": ""river"", ""timed_overlap"": 2, ""column_overlap"": 2}, {""word"": ""Herr"", ""timed_overlap"": 2, ""column_overlap"": 2}]",completed,100,100,0
500,228,neural,1,know,for,100,100,100,True,2,3,1,2,23,118,"[{""word"": ""for"", ""timed_overlap"": 2, ""column_overlap"": 3}, {""word"": ""However"", ""timed_overlap"": 2, ""column_overlap"": 3}, {""word"": ""Felicity"", ""timed_overlap"": 2, ""column_overlap"": 3}, {""word"": ""beautiful"", ""timed_overlap"": 2, ""column_overlap"": 2}, {""word"": ""cake"", ""timed_overlap"": 2, ""column_overlap"": 2}]",completed,100,10,0
500,228,neural,2,any,ask,99,99,99,True,2,3,0,0,,69,"[{""word"": ""ask"", ""timed_overlap"": 2, ""column_overlap"": 3}, {""word"": ""stern-sheets"", ""timed_overlap"": 2, ""column_overlap"": 2}, {""word"": ""kind"", ""timed_overlap"": 2, ""column_overlap"": 2}, {""word"": ""netting"", ""timed_overlap"": 2, ""column_overlap"": 2}, {""word"": ""brought"", ""timed_overlap"": 1, ""column_overlap"": 3}]",completed,100,100,0
500,228,neural,3,stories,grotto,100,100,100,True,2,3,0,0,,86,"[{""word"": ""grotto"", ""timed_overlap"": 2, ""column_overlap"": 3}, {""word"": ""III"", ""timed_overlap"": 2, ""column_overlap"": 3}, {""word"": ""Square"", ""timed_overlap"": 2, ""column_overlap"": 2}, {""word"": ""doubly"", ""timed_overlap"": 1, ""column_overlap"": 3}, {""word"": ""teeth"", ""timed_overlap"": 1, ""column_overlap"": 2}]",completed,99,99,0
500,228,neural,4,.,PERCINET,97,97,97,True,2,3,0,0,,94,"[{""word"": ""PERCINET"", ""timed_overlap"": 2, ""column_overlap"": 3}, {""word"": ""flew"", ""timed_overlap"": 2, ""column_overlap"": 3}, {""word"": ""room"", ""timed_overlap"": 2, ""column_overlap"": 3}, {""word"": ""planned"", ""timed_overlap"": 2, ""column_overlap"": 2}, {""word"": ""from"", ""timed_overlap"": 2, ""column_overlap"": 2}]",completed,100,100,0
500,229,neural,1,me,Ginger,99,99,99,True,2,2,0,0,,85,"[{""word"": ""Ginger"", ""timed_overlap"": 2, ""column_overlap"": 2}, {""word"": ""bookcase"", ""timed_overlap"": 1, ""column_overlap"": 3}, {""word"": ""begging"", ""timed_overlap"": 1, ""column_overlap"": 2}, {""word"": ""Chief"", ""timed_overlap"": 1, ""column_overlap"": 2}, {""word"": ""ten"", ""timed_overlap"": 1, ""column_overlap"": 2}]",completed,82,10,0
500,229,neural,2,yours,One,100,100,100,True,2,2,0,0,,126,"[{""word"": ""One"", ""timed_overlap"": 2, ""column_overlap"": 2}, {""word"": ""fell"", ""timed_overlap"": 2, ""column_overlap"": 2}, {""word"": ""exactly"", ""timed_overlap"": 1, ""column_overlap"": 4}, {""word"": ""enchantress"", ""timed_overlap"": 1, ""column_overlap"": 4}, {""word"": ""rat"", ""timed_overlap"": 1, ""column_overlap"": 4}]",completed,99,99,0
500,229,neural,3,",",tore,98,98,98,True,2,3,0,0,,84,"[{""word"": ""tore"", ""timed_overlap"": 2, ""column_overlap"": 3}, {""word"": ""sign"", ""timed_overlap"": 2, ""column_overlap"": 2}, {""word"": ""Grange"", ""timed_overlap"": 1, ""column_overlap"": 3}, {""word"": ""had"", ""timed_overlap"": 1, ""column_overlap"": 3}, {""word"": ""Jay"", ""timed_overlap"": 1, ""column_overlap"": 3}]",completed,100,100,0
500,229,neural,4,Jo,growled,98,98,98,True,2,3,0,0,,68,"[{""word"": ""growled"", ""timed_overlap"": 2, ""column_overlap"": 3}, {""word"": ""mistress"", ""timed_overlap"": 1, ""column_overlap"": 4}, {""word"": ""SOMEBODY"", ""timed_overlap"": 1, ""column_overlap"": 4}, {""word"": ""Before"", ""timed_overlap"": 1, ""column_overlap"": 3}, {""word"": ""servant"", ""timed_overlap"": 1, ""column_overlap"": 2}]",completed,98,98,0
500,230,neural,1,night,Una,100,100,100,True,2,3,0,0,,92,"[{""word"": ""Una"", ""timed_overlap"": 2, ""column_overlap"": 3}, {""word"": ""in"", ""timed_overlap"": 2, ""column_overlap"": 2}, {""word"": ""large"", ""timed_overlap"": 1, ""column_overlap"": 3}, {""word"": ""miles"", ""timed_overlap"": 1, ""column_overlap"": 3}, {""word"": ""O"", ""timed_overlap"": 1, ""column_overlap"": 3}]",completed,100,10,0
500,230,neural,2,for,put,98,98,98,True,1,3,0,0,,67,"[{""word"": ""put"", ""timed_overlap"": 1, ""column_overlap"": 3}, {""word"": ""comfortingly"", ""timed_overlap"": 1, ""column_overlap"": 2}, {""word"": ""added"", ""timed_overlap"": 1, ""column_overlap"": 2}, {""word"": ""departs"", ""timed_overlap"": 1, ""column_overlap"": 2}, {""word"": ""accounts"", ""timed_overlap"": 1, ""column_overlap"": 2}]",completed,100,100,0
500,230,neural,3,ever,naturally,99,99,99,True,2,3,0,0,,129,"[{""word"": ""naturally"", ""timed_overlap"": 2, ""column_overlap"": 3}, {""word"": ""indeed"", ""timed_overlap"": 2, ""column_overlap"": 2}, {""word"": ""him"", ""timed_overlap"": 2, ""column_overlap"": 2}, {""word"": ""terrible"", ""timed_overlap"": 2, ""column_overlap"": 2}, {""word"": ""Spirit"", ""timed_overlap"": 2, ""column_overlap"": 2}]",completed,98,98,0
500,230,neural,4,so,audacity,99,99,99,True,2,2,0,0,,93,"[{""word"": ""audacity"", ""timed_overlap"": 2, ""column_overlap"": 2}, {""word"": ""harmless"", ""timed_overlap"": 2, ""column_overlap"": 2}, {""word"": ""be"", ""timed_overlap"": 2, ""column_overlap"": 2}, {""word"": ""impudent"", ""timed_overlap"": 1, ""column_overlap"": 3}, {""word"": ""lips"", ""timed_overlap"": 1, ""column_overlap"": 3}]",completed,99,99,0
500,231,neural,1,things,mount,99,99,99,True,2,3,0,0,,124,"[{""word"": ""mount"", ""timed_overlap"": 2, ""column_overlap"": 3}, {""word"": ""tells"", ""timed_overlap"": 2, ""column_overlap"": 2}, {""word"": ""jollier"", ""timed_overlap"": 2, ""column_overlap"": 2}, {""word"": ""hearts"", ""timed_overlap"": 1, ""column_overlap"": 3}, {""word"": ""feebly"", ""timed_overlap"": 1, ""column_overlap"": 3}]",completed,64,10,0
500,231,neural,2,should,kerchief,100,100,100,True,2,3,1,2,12,90,"[{""word"": ""kerchief"", ""timed_overlap"": 2, ""column_overlap"": 3}, {""word"": ""bought"", ""timed_overlap"": 2, ""column_overlap"": 2}, {""word"": ""mean"", ""timed_overlap"": 1, ""column_overlap"": 3}, {""word"": ""Soon"", ""timed_overlap"": 1, ""column_overlap"": 3}, {""word"": ""being"", ""timed_overlap"": 1, ""column_overlap"": 2}]",completed,99,99,0
500,231,neural,3,go,bewildered,98,98,98,True,1,3,0,0,,90,"[{""word"": ""bewildered"", ""timed_overlap"": 1, ""column_overlap"": 3}, {""word"": ""Sara"", ""timed_overlap"": 1, ""column_overlap"": 3}, {""word"": ""tone"", ""timed_overlap"": 1, ""column_overlap"": 3}, {""word"": ""swears"", ""timed_overlap"": 1, ""column_overlap"": 3}, {""word"": ""require"", ""timed_overlap"": 1, ""column_overlap"": 3}]",completed,100,100,0
500,231,neural,4,smoothly,Blair,97,97,97,True,2,2,0,0,,96,"[{""word"": ""Blair"", ""timed_overlap"": 2, ""column_overlap"": 2}, {""word"": ""nurse"", ""timed_overlap"": 2, ""column_overlap"": 2}, {""word"": ""whither"", ""timed_overlap"": 1, ""column_overlap"": 3}, {""word"": ""water"", ""timed_overlap"": 1, ""column_overlap"": 3}, {""word"": ""rat"", ""timed_overlap"": 1, ""column_overlap"": 2}]",completed,98,98,0
500,232,neural,1,over,grasshoppers,99,99,99,True,2,3,0,0,,109,"[{""word"": ""grasshoppers"", ""timed_overlap"": 2, ""column_overlap"": 3}, {""word"": ""king"", ""timed_overlap"": 2, ""column_overlap"": 2}, {""word"": ""nothing"", ""timed_overlap"": 2, ""column_overlap"": 2}, {""word"": ""moving"", ""timed_overlap"": 1, ""column_overlap"": 4}, {""word"": ""Sir"", ""timed_overlap"": 1, ""column_overlap"": 4}]",completed,100,10,0
500,232,neural,2,the,snowshoeing,99,99,99,True,1,5,0,0,,103,"[{""word"": ""snowshoeing"", ""timed_overlap"": 1, ""column_overlap"": 5}, {""word"": ""When"", ""timed_overlap"": 1, ""column_overlap"": 3}, {""word"": ""tired"", ""timed_overlap"": 1, ""column_overlap"": 3}, {""word"": ""locked"", ""timed_overlap"": 1, ""column_overlap"": 3}, {""word"": ""overhead"", ""timed_overlap"": 1, ""column_overlap"": 3}]",completed,99,99,0
500,232,neural,3,field,Ideal,98,98,98,True,2,3,0,0,,138,"[{""word"": ""Ideal"", ""timed_overlap"": 2, ""column_overlap"": 3}, {""word"": ""Johnny"", ""timed_overlap"": 2, ""column_overlap"": 3}, {""word"": ""bared"", ""timed_overlap"": 2, ""column_overlap"": 2}, {""word"": ""dear"", ""timed_overlap"": 2, ""column_overlap"": 2}, {""word"": ""ladies"", ""timed_overlap"": 2, ""column_overlap"": 2}]",completed,99,99,0
500,232,neural,4,",",seemed,95,95,95,True,2,2,0,0,,108,"[{""word"": ""seemed"", ""timed_overlap"": 2, ""column_overlap"": 2}, {""word"": ""Raising"", ""timed_overlap"": 1, ""column_overlap"": 3}, {""word"": ""Peerless"", ""timed_overlap"": 1, ""column_overlap"": 3}, {""word"": ""said"", ""timed_overlap"": 1, ""column_overlap"": 3}, {""word"": ""dwelt"", ""timed_overlap"": 1, ""column_overlap"": 3}]",completed,98,98,0
500,233,neural,1,",",lump,100,100,100,True,2,2,0,0,,90,"[{""word"": ""lump"", ""timed_overlap"": 2, ""column_overlap"": 2}, {""word"": ""soon"", ""timed_overlap"": 2, ""column_overlap"": 2}, {""word"": ""Pekoe"", ""timed_overlap"": 1, ""column_overlap"": 3}, {""word"": ""lady"", ""timed_overlap"": 1, ""column_overlap"": 3}, {""word"": ""months"", ""timed_overlap"": 1, ""column_overlap"": 3}]",completed,82,10,0
500,233,neural,2,leaving,poured,100,100,100,True,2,2,1,1,58,97,"[{""word"": ""poured"", ""timed_overlap"": 2, ""column_overlap"": 2}, {""word"": ""stern"", ""timed_overlap"": 2, ""column_overlap"": 2}, {""word"": ""should"", ""timed_overlap"": 2, ""column_overlap"": 2}, {""word"": ""A"", ""timed_overlap"": 2, ""column_overlap"": 2}, {""word"": ""clouded"", ""timed_overlap"": 1, ""column_overlap"": 4}]",completed,100,100,0
500,233,neural,3,his,closing,99,99,99,True,2,2,0,0,,93,"[{""word"": ""closing"", ""timed_overlap"": 2, ""column_overlap"": 2}, {""word"": ""satisfied"", ""timed_overlap"": 1, ""column_overlap"": 3}, {""word"": ""Carrots"", ""timed_overlap"": 1, ""column_overlap"": 3}, {""word"": ""creature"", ""timed_overlap"": 1, ""column_overlap"": 3}, {""word"": ""caught"", ""timed_overlap"": 1, ""column_overlap"": 2}]",completed,100,100,0
500,233,neural,4,horses,me,98,98,98,True,2,3,1,1,53,98,"[{""word"": ""me"", ""timed_overlap"": 2, ""column_overlap"": 3}, {""word"": ""coming"", ""timed_overlap"": 2, ""column_overlap"": 3}, {""word"": ""say"", ""timed_overlap"": 2, ""column_overlap"": 2}, {""word"": ""Ben"", ""timed_overlap"": 2, ""column_overlap"": 2}, {""word"": ""Sue"", ""timed_overlap"": 2, ""column_overlap"": 2}]",completed,99,99,0
500,234,neural,1,morning,breath,100,100,100,True,2,2,1,1,94,113,"[{""word"": ""breath"", ""timed_overlap"": 2, ""column_overlap"": 2}, {""word"": ""Not"", ""timed_overlap"": 2, ""column_overlap"": 2}, {""word"": ""many"", ""timed_overlap"": 2, ""column_overlap"": 2}, {""word"": ""Assam"", ""timed_overlap"": 1, ""column_overlap"": 4}, {""word"": ""Bill"", ""timed_overlap"": 1, ""column_overlap"": 4}]",completed,100,10,0
500,234,neural,2,with,wand,100,100,100,True,3,3,0,0,,86,"[{""word"": ""wand"", ""timed_overlap"": 3, ""column_overlap"": 3}, {""word"": ""Thereupon"", ""timed_overlap"": 2, ""column_overlap"": 3}, {""word"": ""tore"", ""timed_overlap"": 2, ""column_overlap"": 3}, {""word"": ""tired"", ""timed_overlap"": 2, ""column_overlap"": 2}, {""word"": ""Marsch"", ""timed_overlap"": 2, ""column_overlap"": 2}]",completed,100,100,0
500,234,neural,3,a,Quicksilver,100,100,100,True,2,4,0,0,,107,"[{""word"": ""Quicksilver"", ""timed_overlap"": 2, ""column_overlap"": 4}, {""word"": ""chair"", ""timed_overlap"": 2, ""column_overlap"": 3}, {""word"": ""JAY"", ""timed_overlap"": 2, ""column_overlap"": 3}, {""word"": ""church"", ""timed_overlap"": 2, ""column_overlap"": 2}, {""word"": ""rubbed"", ""timed_overlap"": 2, ""column_overlap"": 2}]",completed,100,100,0
500,234,neural,4,border,given,100,100,100,True,2,5,0,0,,114,"[{""word"": ""given"", ""timed_overlap"": 2, ""column_overlap"": 5}, {""word"": ""responded"", ""timed_overlap"": 2, ""column_overlap"": 2}, {""word"": ""lamp"", ""timed_overlap"": 2, ""column_overlap"": 2}, {""word"": ""audacity"", ""timed_overlap"": 1, ""column_overlap"": 4}, {""word"": ""reserved"", ""timed_overlap"": 1, ""column_overlap"": 3}]",completed,100,100,0
500,235,neural,1,than,Many,98,98,98,True,3,3,0,0,,132,"[{""word"": ""Many"", ""timed_overlap"": 3, ""column_overlap"": 3}, {""word"": ""worn"", ""timed_overlap"": 2, ""column_overlap"": 3}, {""word"": ""lads"", ""timed_overlap"": 2, ""column_overlap"": 3}, {""word"": ""inches"", ""timed_overlap"": 2, ""column_overlap"": 2}, {""word"": ""ruther"", ""timed_overlap"": 2, ""column_overlap"": 2}]",completed,82,10,0
500,235,neural,2,going,require,100,100,100,True,1,3,1,1,70,82,"[{""word"": ""require"", ""timed_overlap"": 1, ""column_overlap"": 3}, {""word"": ""Skunk"", ""timed_overlap"": 1, ""column_overlap"": 3}, {""word"": ""Felicity"", ""timed_overlap"": 1, ""column_overlap"": 3}, {""word"": ""her"", ""timed_overlap"": 1, ""column_overlap"": 3}, {""word"": ""ladies"", ""timed_overlap"": 1, ""column_overlap"": 3}]",completed,98,98,0
500,235,neural,3,round,Good-bye,99,99,99,True,2,3,0,0,,97,"[{""word"": ""Good-bye"", ""timed_overlap"": 2, ""column_overlap"": 3}, {""word"": ""took"", ""timed_overlap"": 2, ""column_overlap"": 2}, {""word"": ""Grange"", ""timed_overlap"": 1, ""column_overlap"": 3}, {""word"": ""butter"", ""timed_overlap"": 1, ""column_overlap"": 3}, {""word"": ""like"", ""timed_overlap"": 1, ""column_overlap"": 2}]",completed,100,100,0
500,235,neural,4,by,took,98,98,98,True,2,3,0,0,,126,"[{""word"": ""took"", ""timed_overlap"": 2, ""column_overlap"": 3}, {""word"": ""Marco"", ""timed_overlap"": 2, ""column_overlap"": 2}, {""word"": ""Even"", ""timed_overlap"": 2, ""column_overlap"": 2}, {""word"": ""-LSB-"", ""timed_overlap"": 2, ""column_overlap"": 2}, {""word"": ""beholding"", ""timed_overlap"": 1, ""column_overlap"": 3}]",completed,99,99,0
500,236,neural,1,an,'',100,100,100,True,2,2,0,0,,110,"[{""word"": ""''"", ""timed_overlap"": 2, ""column_overlap"": 2}, {""word"": ""She"", ""timed_overlap"": 2, ""column_overlap"": 2}, {""word"": ""own"", ""timed_overlap"": 1, ""column_overlap"": 4}, {""word"": ""those"", ""timed_overlap"": 1, ""column_overlap"": 4}, {""word"": ""care"", ""timed_overlap"": 1, ""column_overlap"": 4}]",completed,91,10,0
500,236,neural,2,ogress,effort,99,99,99,True,2,3,0,0,,81,"[{""word"": ""effort"", ""timed_overlap"": 2, ""column_overlap"": 3}, {""word"": ""writ"", ""timed_overlap"": 2, ""column_overlap"": 2}, {""word"": ""Peerless"", ""timed_overlap"": 2, ""column_overlap"": 2}, {""word"": ""tree"", ""timed_overlap"": 1, ""column_overlap"": 3}, {""word"": ""excluded"", ""timed_overlap"": 1, ""column_overlap"": 3}]",completed,100,100,0
500,236,neural,3,passed,hard,99,99,99,True,2,2,0,0,,93,"[{""word"": ""hard"", ""timed_overlap"": 2, ""column_overlap"": 2}, {""word"": ""treat"", ""timed_overlap"": 1, ""column_overlap"": 4}, {""word"": ""Sammy"", ""timed_overlap"": 1, ""column_overlap"": 2}, {""word"": ""palace"", ""timed_overlap"": 1, ""column_overlap"": 2}, {""word"": ""tremble"", ""timed_overlap"": 1, ""column_overlap"": 2}]",completed,99,99,0
500,236,neural,4,by,wanted,97,97,97,True,2,2,0,0,,111,"[{""word"": ""wanted"", ""timed_overlap"": 2, ""column_overlap"": 2}, {""word"": ""Hippocrates"", ""timed_overlap"": 1, ""column_overlap"": 4}, {""word"": ""broidered"", ""timed_overlap"": 1, ""column_overlap"": 3}, {""word"": ""Lawful"", ""timed_overlap"": 1, ""column_overlap"": 3}, {""word"": ""-LCB-"", ""timed_overlap"": 1, ""column_overlap"": 3}]",completed,99,99,0
500,237,neural,1,the,be,100,100,100,True,2,2,1,2,28,81,"[{""word"": ""be"", ""timed_overlap"": 2, ""column_overlap"": 2}, {""word"": ""Sue"", ""timed_overlap"": 1, ""column_overlap"": 3}, {""word"": ""Straight"", ""timed_overlap"": 1, ""column_overlap"": 3}, {""word"": ""honey"", ""timed_overlap"": 1, ""column_overlap"": 2}, {""word"": ""ride"", ""timed_overlap"": 1, ""column_overlap"": 2}]",completed,91,10,0
500,237,neural,2,whole,besought,100,100,100,True,1,3,0,0,,52,"[{""word"": ""besought"", ""timed_overlap"": 1, ""column_overlap"": 3}, {""word"": ""glazed"", ""timed_overlap"": 1, ""column_overlap"": 3}, {""word"": ""Next"", ""timed_overlap"": 1, ""column_overlap"": 2}, {""word"": ""departs"", ""timed_overlap"": 1, ""column_overlap"": 2}, {""word"": ""pile"", ""timed_overlap"": 1, ""column_overlap"": 2}]",completed,100,100,0
500,237,neural,3,scene,Reddy,98,98,98,True,2,2,0,0,,81,"[{""word"": ""Reddy"", ""timed_overlap"": 2, ""column_overlap"": 2}, {""word"": ""white"", ""timed_overlap"": 2, ""column_overlap"": 2}, {""word"": ""Magyars"", ""timed_overlap"": 1, ""column_overlap"": 3}, {""word"": ""Ismay"", ""timed_overlap"": 1, ""column_overlap"": 3}, {""word"": ""bait"", ""timed_overlap"": 1, ""column_overlap"": 3}]",completed,100,100,0
500,237,neural,4,with,course,97,97,97,True,2,3,0,0,,94,"[{""word"": ""course"", ""timed_overlap"": 2, ""column_overlap"": 3}, {""word"": ""dress"", ""timed_overlap"": 2, ""column_overlap"": 2}, {""word"": ""what"", ""timed_overlap"": 2, ""column_overlap"": 2}, {""word"": ""Look"", ""timed_overlap"": 1, ""column_overlap"": 4}, {""word"": ""until"", ""timed_overlap"": 1, ""column_overlap"": 3}]",completed,98,98,0
500,238,neural,1,speak,be,100,100,100,True,2,2,0,0,,81,"[{""word"": ""be"", ""timed_overlap"": 2, ""column_overlap"": 2}, {""word"": ""Straight"", ""timed_overlap"": 1, ""column_overlap"": 3}, {""word"": ""Sue"", ""timed_overlap"": 1, ""column_overlap"": 3}, {""word"": ""sorry"", ""timed_overlap"": 1, ""column_overlap"": 2}, {""word"": ""fought"", ""timed_overlap"": 1, ""column_overlap"": 2}]",completed,91,10,0
500,238,neural,2,my,besought,100,100,100,True,1,3,0,0,,52,"[{""word"": ""besought"", ""timed_overlap"": 1, ""column_overlap"": 3}, {""word"": ""glazed"", ""timed_overlap"": 1, ""column_overlap"": 3}, {""word"": ""Lung"", ""timed_overlap"": 1, ""column_overlap"": 2}, {""word"": ""talked"", ""timed_overlap"": 1, ""column_overlap"": 2}, {""word"": ""pile"", ""timed_overlap"": 1, ""column_overlap"": 2}]",completed,100,100,0
500,238,neural,3,mind,Reddy,98,98,98,True,2,2,0,0,,81,"[{""word"": ""Reddy"", ""timed_overlap"": 2, ""column_overlap"": 2}, {""word"": ""white"", ""timed_overlap"": 2, ""column_overlap"": 2}, {""word"": ""Magyars"", ""timed_overlap"": 1, ""column_overlap"": 3}, {""word"": ""Afghans"", ""timed_overlap"": 1, ""column_overlap"": 3}, {""word"": ""Ismay"", ""timed_overlap"": 1, ""column_overlap"": 3}]",completed,100,100,0
500,238,neural,4,to,course,97,97,97,True,2,3,0,0,,94,"[{""word"": ""course"", ""timed_overlap"": 2, ""column_overlap"": 3}, {""word"": ""dress"", ""timed_overlap"": 2, ""column_overlap"": 2}, {""word"": ""what"", ""timed_overlap"": 2, ""column_overlap"": 2}, {""word"": ""Look"", ""timed_overlap"": 1, ""column_overlap"": 4}, {""word"": ""hopelessly"", ""timed_overlap"": 1, ""column_overlap"": 3}]",completed,98,98,0
500,239,neural,1,could,Then,95,95,95,True,2,4,0,0,,144,"[{""word"": ""Then"", ""timed_overlap"": 2, ""column_overlap"": 4}, {""word"": ""haunting"", ""timed_overlap"": 2, ""column_overlap"": 2}, {""word"": ""speak"", ""timed_overlap"": 2, ""column_overlap"": 2}, {""word"": ""Janet"", ""timed_overlap"": 2, ""column_overlap"": 2}, {""word"": ""Jed"", ""timed_overlap"": 2, ""column_overlap"": 2}]",completed,64,10,0
500,239,neural,2,remember,seen,100,100,100,True,2,3,1,1,30,104,"[{""word"": ""seen"", ""timed_overlap"": 2, ""column_overlap"": 3}, {""word"": ""Worth"", ""timed_overlap"": 2, ""column_overlap"": 3}, {""word"": ""glad"", ""timed_overlap"": 2, ""column_overlap"": 2}, {""word"": ""whenever"", ""timed_overlap"": 2, ""column_overlap"": 2}, {""word"": ""room"", ""timed_overlap"": 1, ""column_overlap"": 3}]",completed,95,95,0
500,239,neural,3,of,incidents,100,100,100,True,2,2,0,0,,93,"[{""word"": ""incidents"", ""timed_overlap"": 2, ""column_overlap"": 2}, {""word"": ""enchantress"", ""timed_overlap"": 2, ""column_overlap"": 2}, {""word"": ""other"", ""timed_overlap"": 2, ""column_overlap"": 2}, {""word"": ""Susan"", ""timed_overlap"": 1, ""column_overlap"": 3}, {""word"": ""paw"", ""timed_overlap"": 1, ""column_overlap"": 3}]",completed,100,100,0
500,239,neural,4,his,Grant,100,100,100,True,2,3,0,0,,102,"[{""word"": ""Grant"", ""timed_overlap"": 2, ""column_overlap"": 3}, {""word"": ""up"", ""timed_overlap"": 1, ""column_overlap"": 3}, {""word"": ""dress"", ""timed_overlap"": 1, ""column_overlap"": 3}, {""word"": ""tremble"", ""timed_overlap"": 1, ""column_overlap"": 3}, {""word"": ""talks"", ""timed_overlap"": 1, ""column_overlap"": 2}]",completed,100,100,0
500,240,neural,1,up,Thorny,100,100,100,True,2,3,0,0,,97,"[{""word"": ""Thorny"", ""timed_overlap"": 2, ""column_overlap"": 3}, {""word"": ""pink"", ""timed_overlap"": 2, ""column_overlap"": 2}, {""word"": ""weigh"", ""timed_overlap"": 2, ""column_overlap"": 2}, {""word"": ""some"", ""timed_overlap"": 2, ""column_overlap"": 2}, {""word"": ""SAMMY"", ""timed_overlap"": 1, ""column_overlap"": 3}]",completed,82,10,0
500,240,neural,2,towards,glazed,99,99,99,True,3,3,0,0,,80,"[{""word"": ""glazed"", ""timed_overlap"": 3, ""column_overlap"": 3}, {""word"": ""Mother"", ""timed_overlap"": 2, ""column_overlap"": 2}, {""word"": ""Frank"", ""timed_overlap"": 1, ""column_overlap"": 3}, {""word"": ""lovely"", ""timed_overlap"": 1, ""column_overlap"": 2}, {""word"": ""sister"", ""timed_overlap"": 1, ""column_overlap"": 2}]",completed,100,100,0
500,240,neural,3,the,Prince,100,100,100,True,2,3,0,0,,109,"[{""word"": ""Prince"", ""timed_overlap"": 2, ""column_overlap"": 3}, {""word"": ""Put"", ""timed_overlap"": 2, ""column_overlap"": 2}, {""word"": ""boys"", ""timed_overlap"": 2, ""column_overlap"": 2}, {""word"": ""sister"", ""timed_overlap"": 2, ""column_overlap"": 2}, {""word"": ""fast"", ""timed_overlap"": 1, ""column_overlap"": 3}]",completed,99,99,0
500,240,neural,4,old,egg,98,98,98,True,3,4,0,0,,120,"[{""word"": ""egg"", ""timed_overlap"": 3, ""column_overlap"": 4}, {""word"": ""instead"", ""timed_overlap"": 2, ""column_overlap"": 2}, {""word"": ""stranger"", ""timed_overlap"": 2, ""column_overlap"": 2}, {""word"": ""an"", ""timed_overlap"": 1, ""column_overlap"": 3}, {""word"": ""snow"", ""timed_overlap"": 1, ""column_overlap"": 3}]",completed,100,100,0
500,241,neural,1,puzzling,sweetens,100,100,100,True,2,2,0,0,,67,"[{""word"": ""sweetens"", ""timed_overlap"": 2, ""column_overlap"": 2}, {""word"": ""a"", ""timed_overlap"": 2, ""column_overlap"": 2}, {""word"": ""elapsed"", ""timed_overlap"": 1, ""column_overlap"": 3}, {""word"": ""Elsa"", ""timed_overlap"": 1, ""column_overlap"": 2}, {""word"": ""Hippocrates"", ""timed_overlap"": 1, ""column_overlap"": 2}]",completed,100,10,0
500,241,neural,2,all,bait,100,100,100,True,3,3,0,0,,70,"[{""word"": ""bait"", ""timed_overlap"": 3, ""column_overlap"": 3}, {""word"": ""Meanwhile"", ""timed_overlap"": 2, ""column_overlap"": 2}, {""word"": ""heard"", ""timed_overlap"": 2, ""column_overlap"": 2}, {""word"": ""curious"", ""timed_overlap"": 1, ""column_overlap"": 3}, {""word"": ""belt"", ""timed_overlap"": 1, ""column_overlap"": 2}]",completed,100,100,0
500,241,neural,3,the,demons,98,98,98,True,2,3,1,1,95,95,"[{""word"": ""demons"", ""timed_overlap"": 2, ""column_overlap"": 3}, {""word"": ""naturally"", ""timed_overlap"": 2, ""column_overlap"": 2}, {""word"": ""squealed"", ""timed_overlap"": 2, ""column_overlap"": 2}, {""word"": ""'m"", ""timed_overlap"": 1, ""column_overlap"": 3}, {""word"": ""Peerless"", ""timed_overlap"": 1, ""column_overlap"": 3}]",completed,100,100,0
500,241,neural,4,little,Molly,97,97,97,True,2,5,0,0,,107,"[{""word"": ""Molly"", ""timed_overlap"": 2, ""column_overlap"": 5}, {""word"": ""violently"", ""timed_overlap"": 2, ""column_overlap"": 3}, {""word"": ""stranger"", ""timed_overlap"": 2, ""column_overlap"": 3}, {""word"": ""immensely"", ""timed_overlap"": 2, ""column_overlap"": 2}, {""word"": ""aunt"", ""timed_overlap"": 1, ""column_overlap"": 4}]",completed,98,98,0
500,242,neural,1,",",boy,100,100,100,True,2,4,0,0,,123,"[{""word"": ""boy"", ""timed_overlap"": 2, ""column_overlap"": 4}, {""word"": ""bookcase"", ""timed_overlap"": 2, ""column_overlap"": 3}, {""word"": ""rock"", ""timed_overlap"": 2, ""column_overlap"": 3}, {""word"": ""ran"", ""timed_overlap"": 2, ""column_overlap"": 2}, {""word"": ""rose"", ""timed_overlap"": 2, ""column_overlap"": 2}]",completed,82,10,0
500,242,neural,2,Mr.,ladylike,99,99,99,True,2,3,0,0,,74,"[{""word"": ""ladylike"", ""timed_overlap"": 2, ""column_overlap"": 3}, {""word"": ""Carrots"", ""timed_overlap"": 2, ""column_overlap"": 2}, {""word"": ""little"", ""timed_overlap"": 1, ""column_overlap"": 3}, {""word"": ""Sammy"", ""timed_overlap"": 1, ""column_overlap"": 3}, {""word"": ""sigh"", ""timed_overlap"": 1, ""column_overlap"": 2}]",completed,100,100,0
500,242,neural,3,Meredith,Twice,99,99,99,True,2,3,0,0,,111,"[{""word"": ""Twice"", ""timed_overlap"": 2, ""column_overlap"": 3}, {""word"": ""hand"", ""timed_overlap"": 1, ""column_overlap"": 4}, {""word"": ""bewildered"", ""timed_overlap"": 1, ""column_overlap"": 4}, {""word"": ""PERCINET"", ""timed_overlap"": 1, ""column_overlap"": 4}, {""word"": ""those"", ""timed_overlap"": 1, ""column_overlap"": 3}]",completed,99,99,0
500,242,neural,4,had,month,99,99,99,True,2,4,1,2,34,107,"[{""word"": ""month"", ""timed_overlap"": 2, ""column_overlap"": 4}, {""word"": ""never"", ""timed_overlap"": 2, ""column_overlap"": 3}, {""word"": ""rare"", ""timed_overlap"": 2, ""column_overlap"": 2}, {""word"": ""Tribe"", ""timed_overlap"": 1, ""column_overlap"": 4}, {""word"": ""herring"", ""timed_overlap"": 1, ""column_overlap"": 3}]",completed,99,99,0
500,243,neural,1,they,nurse,98,98,98,True,2,3,0,0,,140,"[{""word"": ""nurse"", ""timed_overlap"": 2, ""column_overlap"": 3}, {""word"": ""glad"", ""timed_overlap"": 2, ""column_overlap"": 3}, {""word"": ""poor"", ""timed_overlap"": 2, ""column_overlap"": 3}, {""word"": ""Worth"", ""timed_overlap"": 2, ""column_overlap"": 2}, {""word"": ""cats"", ""timed_overlap"": 2, ""column_overlap"": 2}]",completed,64,10,0
500,243,neural,2,say,Sue,100,100,100,True,2,3,0,0,,109,"[{""word"": ""Sue"", ""timed_overlap"": 2, ""column_overlap"": 3}, {""word"": ""III"", ""timed_overlap"": 2, ""column_overlap"": 2}, {""word"": ""large"", ""timed_overlap"": 2, ""column_overlap"": 2}, {""word"": ""One"", ""timed_overlap"": 2, ""column_overlap"": 2}, {""word"": ""therefore"", ""timed_overlap"": 1, ""column_overlap"": 4}]",completed,98,98,0
500,243,neural,3,",",church,98,98,98,True,2,3,0,0,,69,"[{""word"": ""church"", ""timed_overlap"": 2, ""column_overlap"": 3}, {""word"": ""thanked"", ""timed_overlap"": 2, ""column_overlap"": 3}, {""word"": ""almost"", ""timed_overlap"": 2, ""column_overlap"": 2}, {""word"": ""Marco"", ""timed_overlap"": 1, ""column_overlap"": 3}, {""word"": ""Look"", ""timed_overlap"": 1, ""column_overlap"": 2}]",completed,100,100,0
500,243,neural,4,`,'re,98,98,98,True,2,3,0,0,,99,"[{""word"": ""'re"", ""timed_overlap"": 2, ""column_overlap"": 3}, {""word"": ""rubbed"", ""timed_overlap"": 2, ""column_overlap"": 2}, {""word"": ""sigh"", ""timed_overlap"": 1, ""column_overlap"": 4}, {""word"": ""recovered"", ""timed_overlap"": 1, ""column_overlap"": 3}, {""word"": ""faithfully"", ""timed_overlap"": 1, ""column_overlap"": 3}]",completed,98,98,0
500,244,neural,1,door,must,100,100,100,True,2,3,0,0,,95,"[{""word"": ""must"", ""timed_overlap"": 2, ""column_overlap"": 3}, {""word"": ""Look"", ""timed_overlap"": 1, ""column_overlap"": 4}, {""word"": ""mean"", ""timed_overlap"": 1, ""column_overlap"": 4}, {""word"": ""yours"", ""timed_overlap"": 1, ""column_overlap"": 3}, {""word"": ""came"", ""timed_overlap"": 1, ""column_overlap"": 3}]",completed,100,10,0
500,244,neural,2,",",Ripple,98,98,98,True,2,2,0,0,,79,"[{""word"": ""Ripple"", ""timed_overlap"": 2, ""column_overlap"": 2}, {""word"": ""sign"", ""timed_overlap"": 2, ""column_overlap"": 2}, {""word"": ""John"", ""timed_overlap"": 1, ""column_overlap"": 3}, {""word"": ""wish"", ""timed_overlap"": 1, ""column_overlap"": 3}, {""word"": ""wondered"", ""timed_overlap"": 1, ""column_overlap"": 3}]",completed,100,100,0
500,244,neural,3,and,stylish,97,97,97,True,2,3,1,1,58,105,"[{""word"": ""stylish"", ""timed_overlap"": 2, ""column_overlap"": 3}, {""word"": ""He"", ""timed_overlap"": 2, ""column_overlap"": 2}, {""word"": ""danced"", ""timed_overlap"": 2, ""column_overlap"": 2}, {""word"": ""Bowser"", ""timed_overlap"": 2, ""column_overlap"": 2}, {""word"": ""these"", ""timed_overlap"": 2, ""column_overlap"": 2}]",completed,98,98,0
500,244,neural,4,locked,visited,98,98,98,True,2,3,1,1,86,131,"[{""word"": ""visited"", ""timed_overlap"": 2, ""column_overlap"": 3}, {""word"": ""Matthew"", ""timed_overlap"": 2, ""column_overlap"": 3}, {""word"": ""mosquito"", ""timed_overlap"": 2, ""column_overlap"": 3}, {""word"": ""blades"", ""timed_overlap"": 2, ""column_overlap"": 2}, {""word"": ""feebly"", ""timed_overlap"": 2, ""column_overlap"": 2}]",completed,97,97,0
500,245,neural,1,bronze,lonesome,100,100,100,True,2,4,0,0,,113,"[{""word"": ""lonesome"", ""timed_overlap"": 2, ""column_overlap"": 4}, {""word"": ""sight"", ""timed_overlap"": 2, ""column_overlap"": 2}, {""word"": ""by"", ""timed_overlap"": 2, ""column_overlap"": 2}, {""word"": ""price"", ""timed_overlap"": 2, ""column_overlap"": 2}, {""word"": ""Joseph"", ""timed_overlap"": 2, ""column_overlap"": 2}]",completed,73,10,0
500,245,neural,2,bust,Quicksilver,100,100,100,True,3,4,0,0,,142,"[{""word"": ""Quicksilver"", ""timed_overlap"": 3, ""column_overlap"": 4}, {""word"": ""Amy"", ""timed_overlap"": 2, ""column_overlap"": 3}, {""word"": ""ago"", ""timed_overlap"": 2, ""column_overlap"": 3}, {""word"": ""commanded"", ""timed_overlap"": 2, ""column_overlap"": 3}, {""word"": ""INSIDE"", ""timed_overlap"": 2, ""column_overlap"": 2}]",completed,100,100,0
500,245,neural,3,of,felt,100,100,100,True,2,3,0,0,,83,"[{""word"": ""felt"", ""timed_overlap"": 2, ""column_overlap"": 3}, {""word"": ""part"", ""timed_overlap"": 1, ""column_overlap"": 3}, {""word"": ""into"", ""timed_overlap"": 1, ""column_overlap"": 3}, {""word"": ""forth"", ""timed_overlap"": 1, ""column_overlap"": 3}, {""word"": ""beholding"", ""timed_overlap"": 1, ""column_overlap"": 3}]",completed,100,100,0
500,245,neural,4,Hippocrates,end,100,100,100,True,1,3,0,0,,90,"[{""word"": ""end"", ""timed_overlap"": 1, ""column_overlap"": 3}, {""word"": ""him"", ""timed_overlap"": 1, ""column_overlap"": 3}, {""word"": ""headlands"", ""timed_overlap"": 1, ""column_overlap"": 3}, {""word"": ""resent"", ""timed_overlap"": 1, ""column_overlap"": 3}, {""word"": ""beneath"", ""timed_overlap"": 1, ""column_overlap"": 3}]",completed,100,100,0
500,246,neural,1,",",fighting,100,100,100,True,2,2,0,0,,111,"[{""word"": ""fighting"", ""timed_overlap"": 2, ""column_overlap"": 2}, {""word"": ""moment"", ""timed_overlap"": 1, ""column_overlap"": 4}, {""word"": ""knew"", ""timed_overlap"": 1, ""column_overlap"": 3}, {""word"": ""right"", ""timed_overlap"": 1, ""column_overlap"": 3}, {""word"": ""cheering"", ""timed_overlap"": 1, ""column_overlap"": 3}]",completed,91,10,0
500,246,neural,2,they,best,99,99,99,True,2,2,0,0,,102,"[{""word"": ""best"", ""timed_overlap"": 2, ""column_overlap"": 2}, {""word"": ""Even"", ""timed_overlap"": 2, ""column_overlap"": 2}, {""word"": ""That"", ""timed_overlap"": 1, ""column_overlap"": 4}, {""word"": ""caught"", ""timed_overlap"": 1, ""column_overlap"": 3}, {""word"": ""against"", ""timed_overlap"": 1, ""column_overlap"": 3}]",completed,100,100,0
500,246,neural,3,did,sable,94,94,94,True,2,3,0,0,,87,"[{""word"": ""sable"", ""timed_overlap"": 2, ""column_overlap"": 3}, {""word"": ""gray"", ""timed_overlap"": 2, ""column_overlap"": 3}, {""word"": ""gay"", ""timed_overlap"": 2, ""column_overlap"": 2}, {""word"": ""started"", ""timed_overlap"": 1, ""column_overlap"": 3}, {""word"": ""Look"", ""timed_overlap"": 1, ""column_overlap"": 3}]",completed,99,99,0
500,246,neural,4,not,until,96,96,96,True,2,2,0,0,,113,"[{""word"": ""until"", ""timed_overlap"": 2, ""column_overlap"": 2}, {""word"": ""grotto"", ""timed_overlap"": 2, ""column_overlap"": 2}, {""word"": ""parents"", ""timed_overlap"": 2, ""column_overlap"": 2}, {""word"": ""hope"", ""timed_overlap"": 1, ""column_overlap"": 4}, {""word"": ""later"", ""timed_overlap"": 1, ""column_overlap"": 3}]",completed,94,94,0
500,247,neural,1,hole,bookcase,100,100,100,True,2,4,1,1,65,80,"[{""word"": ""bookcase"", ""timed_overlap"": 2, ""column_overlap"": 4}, {""word"": ""crow"", ""timed_overlap"": 2, ""column_overlap"": 3}, {""word"": ""awake"", ""timed_overlap"": 2, ""column_overlap"": 2}, {""word"": ""mean"", ""timed_overlap"": 1, ""column_overlap"": 3}, {""word"": ""sort"", ""timed_overlap"": 1, ""column_overlap"": 3}]",completed,73,10,0
500,247,neural,2,as,glad,99,99,99,True,2,3,0,0,,63,"[{""word"": ""glad"", ""timed_overlap"": 2, ""column_overlap"": 3}, {""word"": ""bookcase"", ""timed_overlap"": 1, ""column_overlap"": 3}, {""word"": ""hotel"", ""timed_overlap"": 1, ""column_overlap"": 2}, {""word"": ""gay"", ""timed_overlap"": 1, ""column_overlap"": 2}, {""word"": ""XV"", ""timed_overlap"": 1, ""column_overlap"": 2}]",completed,100,100,0
500,247,neural,3,fast,Aunt,100,100,100,True,2,3,0,0,,108,"[{""word"": ""Aunt"", ""timed_overlap"": 2, ""column_overlap"": 3}, {""word"": ""solemnly"", ""timed_overlap"": 2, ""column_overlap"": 2}, {""word"": ""Once"", ""timed_overlap"": 2, ""column_overlap"": 2}, {""word"": ""times"", ""timed_overlap"": 2, ""column_overlap"": 2}, {""word"": ""walls"", ""timed_overlap"": 1, ""column_overlap"": 3}]",completed,99,99,0
500,247,neural,4,as,received,98,98,98,True,2,2,0,0,,95,"[{""word"": ""received"", ""timed_overlap"": 2, ""column_overlap"": 2}, {""word"": ""six"", ""timed_overlap"": 1, ""column_overlap"": 4}, {""word"": ""Soon"", ""timed_overlap"": 1, ""column_overlap"": 3}, {""word"": ""best"", ""timed_overlap"": 1, ""column_overlap"": 3}, {""word"": ""Alan"", ""timed_overlap"": 1, ""column_overlap"": 3}]",completed,100,100,0
500,248,neural,1,",",Oh,100,100,100,True,2,3,0,0,,93,"[{""word"": ""Oh"", ""timed_overlap"": 2, ""column_overlap"": 3}, {""word"": ""cake"", ""timed_overlap"": 2, ""column_overlap"": 2}, {""word"": ""Skunk"", ""timed_overlap"": 2, ""column_overlap"": 2}, {""word"": ""In"", ""timed_overlap"": 1, ""column_overlap"": 3}, {""word"": ""moment"", ""timed_overlap"": 1, ""column_overlap"": 3}]",completed,100,10,0
500,248,neural,2,'',Squirrel,99,99,99,True,2,4,0,0,,85,"[{""word"": ""Squirrel"", ""timed_overlap"": 2, ""column_overlap"": 4}, {""word"": ""volume"", ""timed_overlap"": 2, ""column_overlap"": 3}, {""word"": ""III"", ""timed_overlap"": 2, ""column_overlap"": 2}, {""word"": ""stranger"", ""timed_overlap"": 1, ""column_overlap"": 4}, {""word"": ""Bozzaris"", ""timed_overlap"": 1, ""column_overlap"": 3}]",completed,100,100,0
500,248,neural,3,said,Jesse,98,98,98,True,2,3,0,0,,114,"[{""word"": ""Jesse"", ""timed_overlap"": 2, ""column_overlap"": 3}, {""word"": ""Mary"", ""timed_overlap"": 1, ""column_overlap"": 3}, {""word"": ""worse"", ""timed_overlap"": 1, ""column_overlap"": 3}, {""word"": ""denied"", ""timed_overlap"": 1, ""column_overlap"": 3}, {""word"": ""most"", ""timed_overlap"": 1, ""column_overlap"": 3}]",completed,99,99,0
500,248,neural,4,Lynde,One,100,100,100,True,2,4,0,0,,130,"[{""word"": ""One"", ""timed_overlap"": 2, ""column_overlap"": 4}, {""word"": ""sweet"", ""timed_overlap"": 2, ""column_overlap"": 3}, {""word"": ""glided"", ""timed_overlap"": 2, ""column_overlap"": 3}, {""word"": ""Jem"", ""timed_overlap"": 2, ""column_overlap"": 3}, {""word"": ""sultan"", ""timed_overlap"": 2, ""column_overlap"": 3}]",completed,98,98,0
500,249,neural,1,us,God,97,97,97,True,2,3,0,0,,124,"[{""word"": ""God"", ""timed_overlap"": 2, ""column_overlap"": 3}, {""word"": ""something"", ""timed_overlap"": 2, ""column_overlap"": 3}, {""word"": ""fellows"", ""timed_overlap"": 2, ""column_overlap"": 2}, {""word"": ""mud"", ""timed_overlap"": 2, ""column_overlap"": 2}, {""word"": ""tried"", ""timed_overlap"": 2, ""column_overlap"": 2}]",completed,64,10,0
500,249,neural,2,such,big,99,99,99,True,2,3,0,0,,102,"[{""word"": ""big"", ""timed_overlap"": 2, ""column_overlap"": 3}, {""word"": ""make"", ""timed_overlap"": 2, ""column_overlap"": 3}, {""word"": ""order"", ""timed_overlap"": 1, ""column_overlap"": 4}, {""word"": ""Sara"", ""timed_overlap"": 1, ""column_overlap"": 4}, {""word"": ""exclaimed"", ""timed_overlap"": 1, ""column_overlap"": 3}]",completed,97,97,0
500,249,neural,3,lovely,more,99,99,99,True,2,3,1,1,39,77,"[{""word"": ""more"", ""timed_overlap"": 2, ""column_overlap"": 3}, {""word"": ""save"", ""timed_overlap"": 2, ""column_overlap"": 3}, {""word"": ""Even"", ""timed_overlap"": 1, ""column_overlap"": 3}, {""word"": ""To"", ""timed_overlap"": 1, ""column_overlap"": 2}, {""word"": ""old"", ""timed_overlap"": 1, ""column_overlap"": 2}]",completed,99,99,0
500,249,neural,4,things,Carrots,100,100,100,True,2,3,0,0,,113,"[{""word"": ""Carrots"", ""timed_overlap"": 2, ""column_overlap"": 3}, {""word"": ""faithfully"", ""timed_overlap"": 2, ""column_overlap"": 2}, {""word"": ""thundered"", ""timed_overlap"": 1, ""column_overlap"": 3}, {""word"": ""probably"", ""timed_overlap"": 1, ""column_overlap"": 3}, {""word"": ""."", ""timed_overlap"": 1, ""column_overlap"": 3}]",completed,99,99,0
500,250,neural,1,saw,mud,100,100,100,True,2,5,0,0,,88,"[{""word"": ""mud"", ""timed_overlap"": 2, ""column_overlap"": 5}, {""word"": ""feeling"", ""timed_overlap"": 1, ""column_overlap"": 3}, {""word"": ""statelier"", ""timed_overlap"": 1, ""column_overlap"": 3}, {""word"": ""needle"", ""timed_overlap"": 1, ""column_overlap"": 3}, {""word"": ""passed"", ""timed_overlap"": 1, ""column_overlap"": 3}]",completed,82,10,0
500,250,neural,2,it,gay,100,100,100,True,2,2,0,0,,95,"[{""word"": ""gay"", ""timed_overlap"": 2, ""column_overlap"": 2}, {""word"": ""dwelt"", ""timed_overlap"": 1, ""column_overlap"": 3}, {""word"": ""faithfully"", ""timed_overlap"": 1, ""column_overlap"": 3}, {""word"": ""royal"", ""timed_overlap"": 1, ""column_overlap"": 3}, {""word"": ""red"", ""timed_overlap"": 1, ""column_overlap"": 3}]",completed,100,100,0
500,250,neural,3,right,put,99,99,99,True,3,4,0,0,,105,"[{""word"": ""put"", ""timed_overlap"": 3, ""column_overlap"": 4}, {""word"": ""worse"", ""timed_overlap"": 2, ""column_overlap"": 3}, {""word"": ""dead"", ""timed_overlap"": 2, ""column_overlap"": 2}, {""word"": ""faithfully"", ""timed_overlap"": 1, ""column_overlap"": 5}, {""word"": ""mercy"", ""timed_overlap"": 1, ""column_overlap"": 3}]",completed,100,100,0
500,250,neural,4,away,motives,99,99,99,True,2,3,0,0,,100,"[{""word"": ""motives"", ""timed_overlap"": 2, ""column_overlap"": 3}, {""word"": ""whitest"", ""timed_overlap"": 2, ""column_overlap"": 3}, {""word"": ""embrace"", ""timed_overlap"": 2, ""column_overlap"": 2}, {""word"": ""O"", ""timed_overlap"": 2, ""column_overlap"": 2}, {""word"": ""mosquito"", ""timed_overlap"": 2, ""column_overlap"": 2}]",completed,99,99,0
500,251,neural,1,;,Suddenly,94,94,94,True,2,4,2,3,2,144,"[{""word"": ""Suddenly"", ""timed_overlap"": 2, ""column_overlap"": 4}, {""word"": "";"", ""timed_overlap"": 2, ""column_overlap"": 3}, {""word"": ""breakfast"", ""timed_overlap"": 2, ""column_overlap"": 3}, {""word"": ""Magyars"", ""timed_overlap"": 2, ""column_overlap"": 3}, {""word"": ""Meanwhile"", ""timed_overlap"": 2, ""column_overlap"": 3}]",completed,91,10,0
500,251,neural,2,',Gallipoli,100,100,100,True,2,2,0,0,,98,"[{""word"": ""Gallipoli"", ""timed_overlap"": 2, ""column_overlap"": 2}, {""word"": ""hole"", ""timed_overlap"": 1, ""column_overlap"": 3}, {""word"": ""till"", ""timed_overlap"": 1, ""column_overlap"": 3}, {""word"": ""wandered"", ""timed_overlap"": 1, ""column_overlap"": 3}, {""word"": ""Miss"", ""timed_overlap"": 1, ""column_overlap"": 3}]",completed,94,94,0
500,251,neural,3,he,Tribe,99,99,99,True,2,3,0,0,,87,"[{""word"": ""Tribe"", ""timed_overlap"": 2, ""column_overlap"": 3}, {""word"": ""three"", ""timed_overlap"": 2, ""column_overlap"": 2}, {""word"": ""shall"", ""timed_overlap"": 2, ""column_overlap"": 2}, {""word"": ""lot"", ""timed_overlap"": 1, ""column_overlap"": 4}, {""word"": ""determined"", ""timed_overlap"": 1, ""column_overlap"": 3}]",completed,100,100,0
500,251,neural,4,swears,Lawful,99,99,99,True,2,4,0,0,,112,"[{""word"": ""Lawful"", ""timed_overlap"": 2, ""column_overlap"": 4}, {""word"": ""present"", ""timed_overlap"": 2, ""column_overlap"": 2}, {""word"": ""Jed"", ""timed_overlap"": 2, ""column_overlap"": 2}, {""word"": ""sorry"", ""timed_overlap"": 1, ""column_overlap"": 4}, {""word"": ""Taylor"", ""timed_overlap"": 1, ""column_overlap"": 3}]",completed,99,99,0
500,252,neural,1,",",tasted,100,100,100,True,1,4,0,0,,84,"[{""word"": ""tasted"", ""timed_overlap"": 1, ""column_overlap"": 4}, {""word"": ""require"", ""timed_overlap"": 1, ""column_overlap"": 3}, {""word"": ""hope"", ""timed_overlap"": 1, ""column_overlap"": 3}, {""word"": ""They"", ""timed_overlap"": 1, ""column_overlap"": 3}, {""word"": ""married"", ""timed_overlap"": 1, ""column_overlap"": 3}]",completed,91,10,0
500,252,neural,2,but,AND,99,99,99,True,2,3,0,0,,93,"[{""word"": ""AND"", ""timed_overlap"": 2, ""column_overlap"": 3}, {""word"": ""At"", ""timed_overlap"": 2, ""column_overlap"": 2}, {""word"": ""require"", ""timed_overlap"": 2, ""column_overlap"": 2}, {""word"": ""hopelessly"", ""timed_overlap"": 2, ""column_overlap"": 2}, {""word"": ""newspapers"", ""timed_overlap"": 2, ""column_overlap"": 2}]",completed,100,100,0
500,252,neural,3,as,Blythe,98,98,98,True,2,4,0,0,,111,"[{""word"": ""Blythe"", ""timed_overlap"": 2, ""column_overlap"": 4}, {""word"": ""sensible"", ""timed_overlap"": 2, ""column_overlap"": 3}, {""word"": ""dear"", ""timed_overlap"": 2, ""column_overlap"": 3}, {""word"": ""talks"", ""timed_overlap"": 2, ""column_overlap"": 2}, {""word"": ""my"", ""timed_overlap"": 2, ""column_overlap"": 2}]",completed,99,99,0
500,252,neural,4,they,faults,96,96,96,True,2,4,0,0,,89,"[{""word"": ""faults"", ""timed_overlap"": 2, ""column_overlap"": 4}, {""word"": ""praised"", ""timed_overlap"": 2, ""column_overlap"": 2}, {""word"": ""artistic"", ""timed_overlap"": 2, ""column_overlap"": 2}, {""word"": ""seems"", ""timed_overlap"": 2, ""column_overlap"": 2}, {""word"": ""often"", ""timed_overlap"": 1, ""column_overlap"": 4}]",completed,98,98,0
500,253,neural,1,very,timid,100,100,100,True,2,3,0,0,,86,"[{""word"": ""timid"", ""timed_overlap"": 2, ""column_overlap"": 3}, {""word"": ""awake"", ""timed_overlap"": 2, ""column_overlap"": 2}, {""word"": ""God"", ""timed_overlap"": 2, ""column_overlap"": 2}, {""word"": ""mouth"", ""timed_overlap"": 1, ""column_overlap"": 3}, {""word"": ""gone"", ""timed_overlap"": 1, ""column_overlap"": 3}]",completed,91,10,0
500,253,neural,2,gaily,teach,98,98,98,True,2,2,0,0,,92,"[{""word"": ""teach"", ""timed_overlap"": 2, ""column_overlap"": 2}, {""word"": ""tells"", ""timed_overlap"": 1, ""column_overlap"": 3}, {""word"": ""look"", ""timed_overlap"": 1, ""column_overlap"": 3}, {""word"": ""First"", ""timed_overlap"": 1, ""column_overlap"": 3}, {""word"": ""aunt"", ""timed_overlap"": 1, ""column_overlap"": 3}]",completed,100,100,0
500,253,neural,3,while,Sometimes,98,98,98,True,2,3,0,0,,67,"[{""word"": ""Sometimes"", ""timed_overlap"": 2, ""column_overlap"": 3}, {""word"": ""care"", ""timed_overlap"": 2, ""column_overlap"": 2}, {""word"": ""tree"", ""timed_overlap"": 1, ""column_overlap"": 3}, {""word"": ""fixed"", ""timed_overlap"": 1, ""column_overlap"": 2}, {""word"": ""taken"", ""timed_overlap"": 1, ""column_overlap"": 2}]",completed,98,98,0
500,253,neural,4,she,given,99,99,99,True,2,3,0,0,,95,"[{""word"": ""given"", ""timed_overlap"": 2, ""column_overlap"": 3}, {""word"": ""also"", ""timed_overlap"": 2, ""column_overlap"": 3}, {""word"": ""hours"", ""timed_overlap"": 2, ""column_overlap"": 3}, {""word"": ""sit"", ""timed_overlap"": 2, ""column_overlap"": 2}, {""word"": ""meeting-house"", ""timed_overlap"": 2, ""column_overlap"": 2}]",completed,98,98,0
500,254,neural,1,of,cup,100,100,100,True,2,2,0,0,,128,"[{""word"": ""cup"", ""timed_overlap"": 2, ""column_overlap"": 2}, {""word"": ""time"", ""timed_overlap"": 2, ""column_overlap"": 2}, {""word"": ""besought"", ""timed_overlap"": 2, ""column_overlap"": 2}, {""word"": ""remarked"", ""timed_overlap"": 2, ""column_overlap"": 2}, {""word"": ""fellow"", ""timed_overlap"": 2, ""column_overlap"": 2}]",completed,82,10,0
500,254,neural,2,the,cows,100,100,100,True,2,2,0,0,,102,"[{""word"": ""cows"", ""timed_overlap"": 2, ""column_overlap"": 2}, {""word"": ""ate"", ""timed_overlap"": 1, ""column_overlap"": 4}, {""word"": ""while"", ""timed_overlap"": 1, ""column_overlap"": 4}, {""word"": ""Cheering"", ""timed_overlap"": 1, ""column_overlap"": 4}, {""word"": ""Seek"", ""timed_overlap"": 1, ""column_overlap"": 3}]",completed,100,100,0
500,254,neural,3,meeting-house,brave,99,99,99,True,2,2,0,0,,124,"[{""word"": ""brave"", ""timed_overlap"": 2, ""column_overlap"": 2}, {""word"": ""Girl"", ""timed_overlap"": 2, ""column_overlap"": 2}, {""word"": ""royal"", ""timed_overlap"": 1, ""column_overlap"": 4}, {""word"": ""moment"", ""timed_overlap"": 1, ""column_overlap"": 3}, {""word"": ""But"", ""timed_overlap"": 1, ""column_overlap"": 3}]",completed,100,100,0
500,254,neural,4,.,wished,96,96,96,True,2,3,0,0,,114,"[{""word"": ""wished"", ""timed_overlap"": 2, ""column_overlap"": 3}, {""word"": ""beautifully"", ""timed_overlap"": 2, ""column_overlap"": 2}, {""word"": ""faithfully"", ""timed_overlap"": 2, ""column_overlap"": 2}, {""word"": ""should"", ""timed_overlap"": 1, ""column_overlap"": 3}, {""word"": ""Wendy"", ""timed_overlap"": 1, ""column_overlap"": 3}]",completed,99,99,0
500,255,neural,1,began,cried,100,100,100,True,2,3,0,0,,104,"[{""word"": ""cried"", ""timed_overlap"": 2, ""column_overlap"": 3}, {""word"": ""Ginger"", ""timed_overlap"": 2, ""column_overlap"": 2}, {""word"": ""reluctantly"", ""timed_overlap"": 2, ""column_overlap"": 2}, {""word"": ""wished"", ""timed_overlap"": 1, ""column_overlap"": 3}, {""word"": ""neither"", ""timed_overlap"": 1, ""column_overlap"": 3}]",completed,91,10,0
500,255,neural,2,",",drew,100,100,100,True,2,3,0,0,,100,"[{""word"": ""drew"", ""timed_overlap"": 2, ""column_overlap"": 3}, {""word"": ""nearly"", ""timed_overlap"": 2, ""column_overlap"": 2}, {""word"": ""minister"", ""timed_overlap"": 2, ""column_overlap"": 2}, {""word"": ""moment"", ""timed_overlap"": 1, ""column_overlap"": 3}, {""word"": ""incidents"", ""timed_overlap"": 1, ""column_overlap"": 3}]",completed,100,100,0
500,255,neural,3,nodding,For,99,99,99,True,2,3,0,0,,120,"[{""word"": ""For"", ""timed_overlap"": 2, ""column_overlap"": 3}, {""word"": ""nothing"", ""timed_overlap"": 2, ""column_overlap"": 3}, {""word"": ""Here"", ""timed_overlap"": 2, ""column_overlap"": 3}, {""word"": ""Put"", ""timed_overlap"": 2, ""column_overlap"": 2}, {""word"": ""its"", ""timed_overlap"": 2, ""column_overlap"": 2}]",completed,100,100,0
500,255,neural,4,feebly,drew,98,98,98,True,2,4,0,0,,109,"[{""word"": ""drew"", ""timed_overlap"": 2, ""column_overlap"": 4}, {""word"": ""chime"", ""timed_overlap"": 2, ""column_overlap"": 3}, {""word"": ""his"", ""timed_overlap"": 2, ""column_overlap"": 2}, {""word"": ""twinkle"", ""timed_overlap"": 2, ""column_overlap"": 2}, {""word"": ""Marco"", ""timed_overlap"": 1, ""column_overlap"": 4}]",completed,99,99,0
500,256,neural,1,feet,must,100,100,100,True,2,3,0,0,,95,"[{""word"": ""must"", ""timed_overlap"": 2, ""column_overlap"": 3}, {""word"": ""Look"", ""timed_overlap"": 1, ""column_overlap"": 4}, {""word"": ""mean"", ""timed_overlap"": 1, ""column_overlap"": 4}, {""word"": ""apparently"", ""timed_overlap"": 1, ""column_overlap"": 3}, {""word"": ""yours"", ""timed_overlap"": 1, ""column_overlap"": 3}]",completed,100,10,0
500,256,neural,2,",",Ripple,98,98,98,True,2,2,0,0,,79,"[{""word"": ""Ripple"", ""timed_overlap"": 2, ""column_overlap"": 2}, {""word"": ""sign"", ""timed_overlap"": 2, ""column_overlap"": 2}, {""word"": ""John"", ""timed_overlap"": 1, ""column_overlap"": 3}, {""word"": ""wondered"", ""timed_overlap"": 1, ""column_overlap"": 3}, {""word"": ""wish"", ""timed_overlap"": 1, ""column_overlap"": 3}]",completed,100,100,0
500,256,neural,3,and,stylish,97,97,97,True,2,3,1,1,85,105,"[{""word"": ""stylish"", ""timed_overlap"": 2, ""column_overlap"": 3}, {""word"": ""put"", ""timed_overlap"": 2, ""column_overlap"": 2}, {""word"": ""danced"", ""timed_overlap"": 2, ""column_overlap"": 2}, {""word"": ""these"", ""timed_overlap"": 2, ""column_overlap"": 2}, {""word"": ""run"", ""timed_overlap"": 2, ""column_overlap"": 2}]",completed,98,98,0
500,256,neural,4,gathering,Matthew,98,98,98,True,2,3,0,0,,131,"[{""word"": ""Matthew"", ""timed_overlap"": 2, ""column_overlap"": 3}, {""word"": ""mosquito"", ""timed_overlap"": 2, ""column_overlap"": 3}, {""word"": ""visited"", ""timed_overlap"": 2, ""column_overlap"": 3}, {""word"": ""made"", ""timed_overlap"": 2, ""column_overlap"": 2}, {""word"": ""blades"", ""timed_overlap"": 2, ""column_overlap"": 2}]",completed,97,97,0
500,257,neural,1,the,beholding,100,100,100,True,2,2,0,0,,101,"[{""word"": ""beholding"", ""timed_overlap"": 2, ""column_overlap"": 2}, {""word"": ""locked"", ""timed_overlap"": 2, ""column_overlap"": 2}, {""word"": ""There"", ""timed_overlap"": 1, ""column_overlap"": 3}, {""word"": ""promise"", ""timed_overlap"": 1, ""column_overlap"": 3}, {""word"": ""bewildered"", ""timed_overlap"": 1, ""column_overlap"": 3}]",completed,100,10,0
500,257,neural,2,Old,were,100,100,100,True,2,2,0,0,,91,"[{""word"": ""were"", ""timed_overlap"": 2, ""column_overlap"": 2}, {""word"": ""Sue"", ""timed_overlap"": 2, ""column_overlap"": 2}, {""word"": ""against"", ""timed_overlap"": 1, ""column_overlap"": 3}, {""word"": ""holiday"", ""timed_overlap"": 1, ""column_overlap"": 3}, {""word"": ""steps"", ""timed_overlap"": 1, ""column_overlap"": 3}]",completed,100,100,0
500,257,neural,3,Fellow,rainy,99,99,99,True,2,4,0,0,,117,"[{""word"": ""rainy"", ""timed_overlap"": 2, ""column_overlap"": 4}, {""word"": ""world"", ""timed_overlap"": 2, ""column_overlap"": 2}, {""word"": ""the"", ""timed_overlap"": 2, ""column_overlap"": 2}, {""word"": ""knees"", ""timed_overlap"": 1, ""column_overlap"": 4}, {""word"": ""save"", ""timed_overlap"": 1, ""column_overlap"": 3}]",completed,100,100,0
500,257,neural,4,a,wife,96,96,96,True,2,2,0,0,,86,"[{""word"": ""wife"", ""timed_overlap"": 2, ""column_overlap"": 2}, {""word"": ""certainly"", ""timed_overlap"": 1, ""column_overlap"": 3}, {""word"": ""lay"", ""timed_overlap"": 1, ""column_overlap"": 3}, {""word"": ""Dacca"", ""timed_overlap"": 1, ""column_overlap"": 3}, {""word"": ""order"", ""timed_overlap"": 1, ""column_overlap"": 2}]",completed,99,99,0
500,258,neural,1,done,seen,99,99,99,True,2,4,0,0,,109,"[{""word"": ""seen"", ""timed_overlap"": 2, ""column_overlap"": 4}, {""word"": ""bronze-colored"", ""timed_overlap"": 2, ""column_overlap"": 3}, {""word"": ""enchantress"", ""timed_overlap"": 2, ""column_overlap"": 2}, {""word"": ""skins"", ""timed_overlap"": 2, ""column_overlap"": 2}, {""word"": ""recalled"", ""timed_overlap"": 2, ""column_overlap"": 2}]",completed,64,10,0
500,258,neural,2,but,tents,99,99,99,True,2,2,0,0,,82,"[{""word"": ""tents"", ""timed_overlap"": 2, ""column_overlap"": 2}, {""word"": ""rock"", ""timed_overlap"": 1, ""column_overlap"": 3}, {""word"": ""swears"", ""timed_overlap"": 1, ""column_overlap"": 3}, {""word"": ""lonesome"", ""timed_overlap"": 1, ""column_overlap"": 2}, {""word"": ""want"", ""timed_overlap"": 1, ""column_overlap"": 2}]",completed,99,99,0
500,258,neural,3,to,flashes,99,99,99,True,2,4,0,0,,123,"[{""word"": ""flashes"", ""timed_overlap"": 2, ""column_overlap"": 4}, {""word"": ""Oh"", ""timed_overlap"": 2, ""column_overlap"": 3}, {""word"": ""Felicity"", ""timed_overlap"": 2, ""column_overlap"": 3}, {""word"": ""your"", ""timed_overlap"": 2, ""column_overlap"": 2}, {""word"": ""pen"", ""timed_overlap"": 1, ""column_overlap"": 4}]",completed,99,99,0
500,258,neural,4,pump,walls,95,95,95,True,2,2,0,0,,132,"[{""word"": ""walls"", ""timed_overlap"": 2, ""column_overlap"": 2}, {""word"": ""washerman"", ""timed_overlap"": 1, ""column_overlap"": 4}, {""word"": ""David"", ""timed_overlap"": 1, ""column_overlap"": 4}, {""word"": ""Search"", ""timed_overlap"": 1, ""column_overlap"": 4}, {""word"": ""expect"", ""timed_overlap"": 1, ""column_overlap"": 3}]",completed,99,99,0
500,259,neural,1,ate,alarm,100,100,100,True,2,3,1,1,44,98,"[{""word"": ""alarm"", ""timed_overlap"": 2, ""column_overlap"": 3}, {""word"": ""Folk"", ""timed_overlap"": 2, ""column_overlap"": 2}, {""word"": ""inches"", ""timed_overlap"": 2, ""column_overlap"": 2}, {""word"": ""herring"", ""timed_overlap"": 2, ""column_overlap"": 2}, {""word"": ""servants"", ""timed_overlap"": 1, ""column_overlap"": 4}]",completed,91,10,0
500,259,neural,2,and,helmet,99,99,99,True,2,3,0,0,,89,"[{""word"": ""helmet"", ""timed_overlap"": 2, ""column_overlap"": 3}, {""word"": ""being"", ""timed_overlap"": 2, ""column_overlap"": 3}, {""word"": ""bought"", ""timed_overlap"": 2, ""column_overlap"": 3}, {""word"": ""Bowser"", ""timed_overlap"": 2, ""column_overlap"": 2}, {""word"": ""Over"", ""timed_overlap"": 1, ""column_overlap"": 3}]",completed,100,100,0
500,259,neural,3,then,knees,99,99,99,True,2,3,0,0,,100,"[{""word"": ""knees"", ""timed_overlap"": 2, ""column_overlap"": 3}, {""word"": ""newspapers"", ""timed_overlap"": 2, ""column_overlap"": 3}, {""word"": ""beauty"", ""timed_overlap"": 2, ""column_overlap"": 2}, {""word"": ""minutes"", ""timed_overlap"": 2, ""column_overlap"": 2}, {""word"": ""mischievous"", ""timed_overlap"": 2, ""column_overlap"": 2}]",completed,99,99,0
500,259,neural,4,what,awake,96,96,96,True,2,2,0,0,,81,"[{""word"": ""awake"", ""timed_overlap"": 2, ""column_overlap"": 2}, {""word"": ""Alice"", ""timed_overlap"": 2, ""column_overlap"": 2}, {""word"": ""talked"", ""timed_overlap"": 1, ""column_overlap"": 3}, {""word"": ""happily"", ""timed_overlap"": 1, ""column_overlap"": 3}, {""word"": ""In"", ""timed_overlap"": 1, ""column_overlap"": 3}]",completed,99,99,0
500,260,neural,1,in,sorry,100,100,100,True,2,4,0,0,,125,"[{""word"": ""sorry"", ""timed_overlap"": 2, ""column_overlap"": 4}, {""word"": ""bookcase"", ""timed_overlap"": 2, ""column_overlap"": 3}, {""word"": ""bad"", ""timed_overlap"": 2, ""column_overlap"": 3}, {""word"": ""glazed"", ""timed_overlap"": 2, ""column_overlap"": 2}, {""word"": ""be"", ""timed_overlap"": 2, ""column_overlap"": 2}]",completed,82,10,0
500,260,neural,2,the,mere,100,100,100,True,2,4,0,0,,85,"[{""word"": ""mere"", ""timed_overlap"": 2, ""column_overlap"": 4}, {""word"": ""In"", ""timed_overlap"": 2, ""column_overlap"": 3}, {""word"": ""wilt"", ""timed_overlap"": 2, ""column_overlap"": 3}, {""word"": ""spied"", ""timed_overlap"": 2, ""column_overlap"": 2}, {""word"": ""while"", ""timed_overlap"": 2, ""column_overlap"": 2}]",completed,100,100,0
500,260,neural,3,juggling,friend,98,98,98,True,2,2,0,0,,95,"[{""word"": ""friend"", ""timed_overlap"": 2, ""column_overlap"": 2}, {""word"": ""quite"", ""timed_overlap"": 2, ""column_overlap"": 2}, {""word"": ""hive"", ""timed_overlap"": 1, ""column_overlap"": 3}, {""word"": ""Quite"", ""timed_overlap"": 1, ""column_overlap"": 3}, {""word"": ""make"", ""timed_overlap"": 1, ""column_overlap"": 3}]",completed,100,100,0
500,260,neural,4,business,who,98,98,98,True,1,3,0,0,,87,"[{""word"": ""who"", ""timed_overlap"": 1, ""column_overlap"": 3}, {""word"": ""How"", ""timed_overlap"": 1, ""column_overlap"": 3}, {""word"": ""of"", ""timed_overlap"": 1, ""column_overlap"": 3}, {""word"": ""years"", ""timed_overlap"": 1, ""column_overlap"": 3}, {""word"": ""Lung"", ""timed_overlap"": 1, ""column_overlap"": 3}]",completed,98,98,0
500,261,neural,1,but,he,100,100,100,True,2,2,0,0,,121,"[{""word"": ""he"", ""timed_overlap"": 2, ""column_overlap"": 2}, {""word"": ""''"", ""timed_overlap"": 2, ""column_overlap"": 2}, {""word"": ""those"", ""timed_overlap"": 1, ""column_overlap"": 4}, {""word"": ""inches"", ""timed_overlap"": 1, ""column_overlap"": 4}, {""word"": ""friend"", ""timed_overlap"": 1, ""column_overlap"": 3}]",completed,82,10,0
500,261,neural,2,Ben,said,100,100,100,True,2,2,0,0,,85,"[{""word"": ""said"", ""timed_overlap"": 2, ""column_overlap"": 2}, {""word"": ""Lightfoot"", ""timed_overlap"": 2, ""column_overlap"": 2}, {""word"": ""heated"", ""timed_overlap"": 1, ""column_overlap"": 3}, {""word"": ""Don"", ""timed_overlap"": 1, ""column_overlap"": 3}, {""word"": ""suit"", ""timed_overlap"": 1, ""column_overlap"": 3}]",completed,100,100,0
500,261,neural,3,preferred,Gray,100,100,100,True,2,3,0,0,,91,"[{""word"": ""Gray"", ""timed_overlap"": 2, ""column_overlap"": 3}, {""word"": ""Kim"", ""timed_overlap"": 2, ""column_overlap"": 2}, {""word"": ""monotonous"", ""timed_overlap"": 2, ""column_overlap"": 2}, {""word"": ""big"", ""timed_overlap"": 1, ""column_overlap"": 3}, {""word"": ""cats"", ""timed_overlap"": 1, ""column_overlap"": 3}]",completed,100,100,0
500,261,neural,4,John,Douglas,100,100,100,True,2,2,0,0,,93,"[{""word"": ""Douglas"", ""timed_overlap"": 2, ""column_overlap"": 2}, {""word"": ""tents"", ""timed_overlap"": 2, ""column_overlap"": 2}, {""word"": ""shoulders"", ""timed_overlap"": 2, ""column_overlap"": 2}, {""word"": ""tumbling"", ""timed_overlap"": 1, ""column_overlap"": 3}, {""word"": ""tree"", ""timed_overlap"": 1, ""column_overlap"": 3}]",completed,100,100,0
500,262,neural,1,",",on,96,96,96,True,2,3,0,0,,141,"[{""word"": ""on"", ""timed_overlap"": 2, ""column_overlap"": 3}, {""word"": ""scoop"", ""timed_overlap"": 2, ""column_overlap"": 3}, {""word"": ""God"", ""timed_overlap"": 2, ""column_overlap"": 3}, {""word"": ""sluggish"", ""timed_overlap"": 2, ""column_overlap"": 2}, {""word"": ""laid"", ""timed_overlap"": 1, ""column_overlap"": 4}]",completed,82,10,0
500,262,neural,2,she,Captain,100,100,100,True,2,2,0,0,,68,"[{""word"": ""Captain"", ""timed_overlap"": 2, ""column_overlap"": 2}, {""word"": ""passed"", ""timed_overlap"": 2, ""column_overlap"": 2}, {""word"": ""wanted"", ""timed_overlap"": 2, ""column_overlap"": 2}, {""word"": ""it"", ""timed_overlap"": 2, ""column_overlap"": 2}, {""word"": ""those"", ""timed_overlap"": 1, ""column_overlap"": 3}]",completed,96,96,0
500,262,neural,3,said,Felicity,99,99,99,True,2,3,0,0,,89,"[{""word"": ""Felicity"", ""timed_overlap"": 2, ""column_overlap"": 3}, {""word"": ""return"", ""timed_overlap"": 2, ""column_overlap"": 2}, {""word"": ""Oh"", ""timed_overlap"": 2, ""column_overlap"": 2}, {""word"": ""Leslie"", ""timed_overlap"": 1, ""column_overlap"": 3}, {""word"": ""sorry"", ""timed_overlap"": 1, ""column_overlap"": 3}]",completed,100,100,0
500,262,neural,4,:,worn,99,99,99,True,2,3,0,0,,96,"[{""word"": ""worn"", ""timed_overlap"": 2, ""column_overlap"": 3}, {""word"": ""hole"", ""timed_overlap"": 2, ""column_overlap"": 2}, {""word"": ""birthday"", ""timed_overlap"": 2, ""column_overlap"": 2}, {""word"": ""PETER"", ""timed_overlap"": 2, ""column_overlap"": 2}, {""word"": ""arrived"", ""timed_overlap"": 1, ""column_overlap"": 3}]",completed,99,99,0
500,263,neural,1,and,'',100,100,100,True,2,2,1,2,12,94,"[{""word"": ""''"", ""timed_overlap"": 2, ""column_overlap"": 2}, {""word"": ""enough"", ""timed_overlap"": 1, ""column_overlap"": 4}, {""word"": ""those"", ""timed_overlap"": 1, ""column_overlap"": 3}, {""word"": ""wind"", ""timed_overlap"": 1, ""column_overlap"": 3}, {""word"": ""tell"", ""timed_overlap"": 1, ""column_overlap"": 3}]",completed,100,10,0
500,263,neural,2,Barbaik,Don,100,100,100,True,2,3,0,0,,106,"[{""word"": ""Don"", ""timed_overlap"": 2, ""column_overlap"": 3}, {""word"": ""XXIII"", ""timed_overlap"": 2, ""column_overlap"": 2}, {""word"": ""tree"", ""timed_overlap"": 1, ""column_overlap"": 4}, {""word"": ""rare"", ""timed_overlap"": 1, ""column_overlap"": 3}, {""word"": ""golden"", ""timed_overlap"": 1, ""column_overlap"": 3}]",completed,100,100,0
500,263,neural,3,was,forget,100,100,100,True,2,3,2,2,2,72,"[{""word"": ""forget"", ""timed_overlap"": 2, ""column_overlap"": 3}, {""word"": ""was"", ""timed_overlap"": 2, ""column_overlap"": 2}, {""word"": ""healthful"", ""timed_overlap"": 2, ""column_overlap"": 2}, {""word"": ""prettier"", ""timed_overlap"": 1, ""column_overlap"": 3}, {""word"": ""Good-bye"", ""timed_overlap"": 1, ""column_overlap"": 3}]",completed,100,100,0
500,263,neural,4,awake,talk,94,94,94,True,2,3,0,0,,98,"[{""word"": ""talk"", ""timed_overlap"": 2, ""column_overlap"": 3}, {""word"": ""strong"", ""timed_overlap"": 2, ""column_overlap"": 2}, {""word"": ""Taffy"", ""timed_overlap"": 1, ""column_overlap"": 3}, {""word"": ""Everybody"", ""timed_overlap"": 1, ""column_overlap"": 3}, {""word"": ""money"", ""timed_overlap"": 1, ""column_overlap"": 3}]",completed,100,100,0
500,264,neural,1,",",dinner,98,98,98,True,2,2,0,0,,95,"[{""word"": ""dinner"", ""timed_overlap"": 2, ""column_overlap"": 2}, {""word"": ""bestrewn"", ""timed_overlap"": 1, ""column_overlap"": 3}, {""word"": ""hive"", ""timed_overlap"": 1, ""column_overlap"": 3}, {""word"": ""Davy"", ""timed_overlap"": 1, ""column_overlap"": 3}, {""word"": ""length"", ""timed_overlap"": 1, ""column_overlap"": 3}]",completed,82,10,0
500,264,neural,2,',now,100,100,100,True,2,2,1,1,32,79,"[{""word"": ""now"", ""timed_overlap"": 2, ""column_overlap"": 2}, {""word"": ""around"", ""timed_overlap"": 1, ""column_overlap"": 3}, {""word"": ""holiday"", ""timed_overlap"": 1, ""column_overlap"": 3}, {""word"": ""line"", ""timed_overlap"": 1, ""column_overlap"": 3}, {""word"": ""Joe"", ""timed_overlap"": 1, ""column_overlap"": 3}]",completed,98,98,0
500,264,neural,3,said,make,98,98,98,True,2,3,0,0,,99,"[{""word"": ""make"", ""timed_overlap"": 2, ""column_overlap"": 3}, {""word"": ""month"", ""timed_overlap"": 2, ""column_overlap"": 2}, {""word"": ""she"", ""timed_overlap"": 2, ""column_overlap"": 2}, {""word"": ""ate"", ""timed_overlap"": 1, ""column_overlap"": 3}, {""word"": ""Lucinda"", ""timed_overlap"": 1, ""column_overlap"": 3}]",completed,100,100,0
500,264,neural,4,the,married,97,97,97,True,2,2,0,0,,85,"[{""word"": ""married"", ""timed_overlap"": 2, ""column_overlap"": 2}, {""word"": ""Dear"", ""timed_overlap"": 2, ""column_overlap"": 2}, {""word"": ""KEEP"", ""timed_overlap"": 2, ""column_overlap"": 2}, {""word"": ""recovered"", ""timed_overlap"": 1, ""column_overlap"": 4}, {""word"": ""most"", ""timed_overlap"": 1, ""column_overlap"": 3}]",completed,98,98,0
500,265,neural,1,rainy,Pekoe,100,100,100,True,2,4,0,0,,101,"[{""word"": ""Pekoe"", ""timed_overlap"": 2, ""column_overlap"": 4}, {""word"": ""closed"", ""timed_overlap"": 2, ""column_overlap"": 2}, {""word"": ""angel"", ""timed_overlap"": 2, ""column_overlap"": 2}, {""word"": ""Raising"", ""timed_overlap"": 1, ""column_overlap"": 3}, {""word"": ""Instead"", ""timed_overlap"": 1, ""column_overlap"": 3}]",completed,82,10,0
500,265,neural,2,Saturday,evening,99,99,99,True,2,2,0,0,,90,"[{""word"": ""evening"", ""timed_overlap"": 2, ""column_overlap"": 2}, {""word"": ""clothes"", ""timed_overlap"": 2, ""column_overlap"": 2}, {""word"": ""blue"", ""timed_overlap"": 2, ""column_overlap"": 2}, {""word"": ""Quicksilver"", ""timed_overlap"": 2, ""column_overlap"": 2}, {""word"": ""--"", ""timed_overlap"": 1, ""column_overlap"": 2}]",completed,100,100,0
500,265,neural,3,afternoon,easel,100,100,100,True,2,3,0,0,,108,"[{""word"": ""easel"", ""timed_overlap"": 2, ""column_overlap"": 3}, {""word"": ""withdrew"", ""timed_overlap"": 2, ""column_overlap"": 2}, {""word"": ""Please"", ""timed_overlap"": 2, ""column_overlap"": 2}, {""word"": ""Instead"", ""timed_overlap"": 1, ""column_overlap"": 4}, {""word"": ""Search"", ""timed_overlap"": 1, ""column_overlap"": 4}]",completed,99,99,0
500,265,neural,4,and,She,94,94,94,True,2,3,0,0,,98,"[{""word"": ""She"", ""timed_overlap"": 2, ""column_overlap"": 3}, {""word"": ""furious"", ""timed_overlap"": 2, ""column_overlap"": 3}, {""word"": ""head"", ""timed_overlap"": 1, ""column_overlap"": 3}, {""word"": ""dragging"", ""timed_overlap"": 1, ""column_overlap"": 3}, {""word"": ""sweep"", ""timed_overlap"": 1, ""column_overlap"": 3}]",completed,100,100,0
500,266,neural,1,breakfast,order,100,100,100,True,2,3,0,0,,109,"[{""word"": ""order"", ""timed_overlap"": 2, ""column_overlap"": 3}, {""word"": ""pen"", ""timed_overlap"": 2, ""column_overlap"": 3}, {""word"": ""unexpected"", ""timed_overlap"": 2, ""column_overlap"": 3}, {""word"": ""such"", ""timed_overlap"": 1, ""column_overlap"": 3}, {""word"": ""Every"", ""timed_overlap"": 1, ""column_overlap"": 3}]",completed,100,10,0
500,266,neural,2,was,leave,98,98,98,True,2,2,0,0,,87,"[{""word"": ""leave"", ""timed_overlap"": 2, ""column_overlap"": 2}, {""word"": ""responded"", ""timed_overlap"": 2, ""column_overlap"": 2}, {""word"": ""hat"", ""timed_overlap"": 2, ""column_overlap"": 2}, {""word"": ""if"", ""timed_overlap"": 2, ""column_overlap"": 2}, {""word"": ""Besides"", ""timed_overlap"": 2, ""column_overlap"": 2}]",completed,100,100,0
500,266,neural,3,half,In,98,98,98,True,2,2,0,0,,86,"[{""word"": ""In"", ""timed_overlap"": 2, ""column_overlap"": 2}, {""word"": ""Obey"", ""timed_overlap"": 1, ""column_overlap"": 4}, {""word"": ""done"", ""timed_overlap"": 1, ""column_overlap"": 3}, {""word"": ""flowers"", ""timed_overlap"": 1, ""column_overlap"": 3}, {""word"": ""for"", ""timed_overlap"": 1, ""column_overlap"": 3}]",completed,98,98,0
500,266,neural,4,over,bait,99,99,99,True,2,3,0,0,,100,"[{""word"": ""bait"", ""timed_overlap"": 2, ""column_overlap"": 3}, {""word"": ""whereon"", ""timed_overlap"": 2, ""column_overlap"": 3}, {""word"": ""hearth"", ""timed_overlap"": 2, ""column_overlap"": 2}, {""word"": ""end"", ""timed_overlap"": 1, ""column_overlap"": 3}, {""word"": ""fair"", ""timed_overlap"": 1, ""column_overlap"": 3}]",completed,98,98,0
500,267,neural,1,has,calmly,100,100,100,True,2,2,0,0,,65,"[{""word"": ""calmly"", ""timed_overlap"": 2, ""column_overlap"": 2}, {""word"": ""Thorny"", ""timed_overlap"": 2, ""column_overlap"": 2}, {""word"": ""thrifty"", ""timed_overlap"": 2, ""column_overlap"": 2}, {""word"": ""disagreeable"", ""timed_overlap"": 2, ""column_overlap"": 2}, {""word"": ""whole"", ""timed_overlap"": 1, ""column_overlap"": 3}]",completed,91,10,0
500,267,neural,2,such,Elsa,100,100,100,True,2,2,0,0,,76,"[{""word"": ""Elsa"", ""timed_overlap"": 2, ""column_overlap"": 2}, {""word"": ""chair"", ""timed_overlap"": 2, ""column_overlap"": 2}, {""word"": ""unexpected"", ""timed_overlap"": 2, ""column_overlap"": 2}, {""word"": ""hearts"", ""timed_overlap"": 2, ""column_overlap"": 2}, {""word"": ""demons"", ""timed_overlap"": 1, ""column_overlap"": 3}]",completed,100,100,0
500,267,neural,3,a,Frank,100,100,100,True,2,4,0,0,,110,"[{""word"": ""Frank"", ""timed_overlap"": 2, ""column_overlap"": 4}, {""word"": ""puzzling"", ""timed_overlap"": 2, ""column_overlap"": 2}, {""word"": ""Bessy"", ""timed_overlap"": 2, ""column_overlap"": 2}, {""word"": ""JAY"", ""timed_overlap"": 2, ""column_overlap"": 2}, {""word"": ""CHAPTER"", ""timed_overlap"": 2, ""column_overlap"": 2}]",completed,100,100,0
500,267,neural,4,sweet,snowshoeing,99,99,99,True,2,3,0,0,,77,"[{""word"": ""snowshoeing"", ""timed_overlap"": 2, ""column_overlap"": 3}, {""word"": ""though"", ""timed_overlap"": 2, ""column_overlap"": 2}, {""word"": ""would"", ""timed_overlap"": 2, ""column_overlap"": 2}, {""word"": ""Paul"", ""timed_overlap"": 2, ""column_overlap"": 2}, {""word"": ""Jesse"", ""timed_overlap"": 2, ""column_overlap"": 2}]",completed,100,100,0
500,268,neural,1,has,habit,100,100,100,True,2,2,1,1,93,135,"[{""word"": ""habit"", ""timed_overlap"": 2, ""column_overlap"": 2}, {""word"": ""forget"", ""timed_overlap"": 2, ""column_overlap"": 2}, {""word"": ""Schmidt"", ""timed_overlap"": 2, ""column_overlap"": 2}, {""word"": ""withdrew"", ""timed_overlap"": 2, ""column_overlap"": 2}, {""word"": ""sweetens"", ""timed_overlap"": 2, ""column_overlap"": 2}]",completed,82,10,0
500,268,neural,2,been,says,100,100,100,True,3,3,0,0,,138,"[{""word"": ""says"", ""timed_overlap"": 3, ""column_overlap"": 3}, {""word"": ""Jane"", ""timed_overlap"": 2, ""column_overlap"": 3}, {""word"": ""danced"", ""timed_overlap"": 2, ""column_overlap"": 2}, {""word"": ""willing"", ""timed_overlap"": 2, ""column_overlap"": 2}, {""word"": ""Sara"", ""timed_overlap"": 1, ""column_overlap"": 4}]",completed,100,100,0
500,268,neural,3,here,busybodies,98,98,98,True,2,2,1,1,83,96,"[{""word"": ""busybodies"", ""timed_overlap"": 2, ""column_overlap"": 2}, {""word"": ""Please"", ""timed_overlap"": 2, ""column_overlap"": 2}, {""word"": ""'d"", ""timed_overlap"": 2, ""column_overlap"": 2}, {""word"": ""Truly"", ""timed_overlap"": 1, ""column_overlap"": 3}, {""word"": ""From"", ""timed_overlap"": 1, ""column_overlap"": 3}]",completed,100,100,0
500,268,neural,4,",",stylish,100,100,100,True,2,3,0,0,,125,"[{""word"": ""stylish"", ""timed_overlap"": 2, ""column_overlap"": 3}, {""word"": ""nurse"", ""timed_overlap"": 2, ""column_overlap"": 3}, {""word"": ""twinkle"", ""timed_overlap"": 2, ""column_overlap"": 3}, {""word"": ""lady"", ""timed_overlap"": 2, ""column_overlap"": 3}, {""word"": ""As"", ""timed_overlap"": 2, ""column_overlap"": 2}]",completed,98,98,0
500,269,neural,1,take,however,100,100,100,True,1,3,0,0,,66,"[{""word"": ""however"", ""timed_overlap"": 1, ""column_overlap"": 3}, {""word"": ""begging"", ""timed_overlap"": 1, ""column_overlap"": 3}, {""word"": ""rainy"", ""timed_overlap"": 1, ""column_overlap"": 3}, {""word"": ""Kenneth"", ""timed_overlap"": 1, ""column_overlap"": 3}, {""word"": ""Here"", ""timed_overlap"": 1, ""column_overlap"": 2}]",completed,91,10,0
500,269,neural,2,the,jealousy,100,100,100,True,2,2,0,0,,82,"[{""word"": ""jealousy"", ""timed_overlap"": 2, ""column_overlap"": 2}, {""word"": ""worse"", ""timed_overlap"": 1, ""column_overlap"": 4}, {""word"": ""caught"", ""timed_overlap"": 1, ""column_overlap"": 4}, {""word"": ""statelier"", ""timed_overlap"": 1, ""column_overlap"": 3}, {""word"": ""queer"", ""timed_overlap"": 1, ""column_overlap"": 2}]",completed,100,100,0
500,269,neural,3,boy,gulps,97,97,97,True,2,2,0,0,,94,"[{""word"": ""gulps"", ""timed_overlap"": 2, ""column_overlap"": 2}, {""word"": ""If"", ""timed_overlap"": 2, ""column_overlap"": 2}, {""word"": ""servants"", ""timed_overlap"": 1, ""column_overlap"": 3}, {""word"": ""dragon"", ""timed_overlap"": 1, ""column_overlap"": 3}, {""word"": ""SAMMY"", ""timed_overlap"": 1, ""column_overlap"": 3}]",completed,100,100,0
500,269,neural,4,into,Why,98,98,98,True,2,3,0,0,,105,"[{""word"": ""Why"", ""timed_overlap"": 2, ""column_overlap"": 3}, {""word"": ""minister"", ""timed_overlap"": 2, ""column_overlap"": 2}, {""word"": ""fighting"", ""timed_overlap"": 2, ""column_overlap"": 2}, {""word"": ""afford"", ""timed_overlap"": 2, ""column_overlap"": 2}, {""word"": ""filled"", ""timed_overlap"": 2, ""column_overlap"": 2}]",completed,97,97,0
500,270,neural,1,looking,Eric,100,100,100,True,2,2,0,0,,129,"[{""word"": ""Eric"", ""timed_overlap"": 2, ""column_overlap"": 2}, {""word"": ""If"", ""timed_overlap"": 2, ""column_overlap"": 2}, {""word"": ""able"", ""timed_overlap"": 1, ""column_overlap"": 4}, {""word"": ""marry"", ""timed_overlap"": 1, ""column_overlap"": 3}, {""word"": ""ruther"", ""timed_overlap"": 1, ""column_overlap"": 3}]",completed,82,10,0
500,270,neural,2,thing,eat,99,99,99,True,1,3,0,0,,92,"[{""word"": ""eat"", ""timed_overlap"": 1, ""column_overlap"": 3}, {""word"": ""Lucinda"", ""timed_overlap"": 1, ""column_overlap"": 3}, {""word"": ""longer"", ""timed_overlap"": 1, ""column_overlap"": 3}, {""word"": ""wo"", ""timed_overlap"": 1, ""column_overlap"": 3}, {""word"": ""task"", ""timed_overlap"": 1, ""column_overlap"": 3}]",completed,100,100,0
500,270,neural,3,near,passed,100,100,100,True,2,2,0,0,,95,"[{""word"": ""passed"", ""timed_overlap"": 2, ""column_overlap"": 2}, {""word"": ""Dick"", ""timed_overlap"": 2, ""column_overlap"": 2}, {""word"": ""INSIDE"", ""timed_overlap"": 2, ""column_overlap"": 2}, {""word"": ""fireworks"", ""timed_overlap"": 1, ""column_overlap"": 3}, {""word"": ""Tribe"", ""timed_overlap"": 1, ""column_overlap"": 3}]",completed,99,99,0
500,270,neural,4,it,need,98,98,98,True,1,3,0,0,,73,"[{""word"": ""need"", ""timed_overlap"": 1, ""column_overlap"": 3}, {""word"": ""Bessy"", ""timed_overlap"": 1, ""column_overlap"": 2}, {""word"": ""just"", ""timed_overlap"": 1, ""column_overlap"": 2}, {""word"": ""whether"", ""timed_overlap"": 1, ""column_overlap"": 2}, {""word"": ""returned"", ""timed_overlap"": 1, ""column_overlap"": 2}]",completed,100,100,0
500,271,neural,1,more,maiden,100,100,100,True,2,2,0,0,,90,"[{""word"": ""maiden"", ""timed_overlap"": 2, ""column_overlap"": 2}, {""word"": ""violently"", ""timed_overlap"": 1, ""column_overlap"": 4}, {""word"": ""Oh"", ""timed_overlap"": 1, ""column_overlap"": 3}, {""word"": ""yours"", ""timed_overlap"": 1, ""column_overlap"": 2}, {""word"": ""Princess"", ""timed_overlap"": 1, ""column_overlap"": 2}]",completed,100,10,0
500,271,neural,2,harmless,timid,100,100,100,True,2,2,0,0,,98,"[{""word"": ""timid"", ""timed_overlap"": 2, ""column_overlap"": 2}, {""word"": ""audacity"", ""timed_overlap"": 2, ""column_overlap"": 2}, {""word"": ""may"", ""timed_overlap"": 2, ""column_overlap"": 2}, {""word"": ""silver"", ""timed_overlap"": 1, ""column_overlap"": 3}, {""word"": ""Frank"", ""timed_overlap"": 1, ""column_overlap"": 3}]",completed,100,100,0
500,271,neural,3,they,WHY,99,99,99,True,2,3,0,0,,109,"[{""word"": ""WHY"", ""timed_overlap"": 2, ""column_overlap"": 3}, {""word"": ""smoothly"", ""timed_overlap"": 2, ""column_overlap"": 2}, {""word"": ""mud"", ""timed_overlap"": 2, ""column_overlap"": 2}, {""word"": ""Felicity"", ""timed_overlap"": 1, ""column_overlap"": 3}, {""word"": ""thank"", ""timed_overlap"": 1, ""column_overlap"": 3}]",completed,100,100,0
500,271,neural,4,looked,worked,99,99,99,True,3,3,0,0,,114,"[{""word"": ""worked"", ""timed_overlap"": 3, ""column_overlap"": 3}, {""word"": ""snow"", ""timed_overlap"": 3, ""column_overlap"": 3}, {""word"": ""though"", ""timed_overlap"": 2, ""column_overlap"": 2}, {""word"": ""felt"", ""timed_overlap"": 2, ""column_overlap"": 2}, {""word"": ""doubt"", ""timed_overlap"": 2, ""column_overlap"": 2}]",completed,99,99,0
500,272,neural,1,would,slaves,100,100,100,True,2,4,1,1,111,146,"[{""word"": ""slaves"", ""timed_overlap"": 2, ""column_overlap"": 4}, {""word"": ""like"", ""timed_overlap"": 2, ""column_overlap"": 3}, {""word"": ""turning"", ""timed_overlap"": 2, ""column_overlap"": 2}, {""word"": ""shook"", ""timed_overlap"": 2, ""column_overlap"": 2}, {""word"": ""elder"", ""timed_overlap"": 1, ""column_overlap"": 4}]",completed,73,10,0
500,272,neural,2,lose,Abel,98,98,98,True,2,2,1,1,60,60,"[{""word"": ""Abel"", ""timed_overlap"": 2, ""column_overlap"": 2}, {""word"": ""leafy"", ""timed_overlap"": 1, ""column_overlap"": 2}, {""word"": ""later"", ""timed_overlap"": 1, ""column_overlap"": 2}, {""word"": ""round"", ""timed_overlap"": 1, ""column_overlap"": 2}, {""word"": ""Balkis"", ""timed_overlap"": 1, ""column_overlap"": 2}]",completed,100,100,0
500,272,neural,3,your,goat,100,100,100,True,2,3,0,0,,113,"[{""word"": ""goat"", ""timed_overlap"": 2, ""column_overlap"": 3}, {""word"": ""tailing"", ""timed_overlap"": 1, ""column_overlap"": 3}, {""word"": ""In"", ""timed_overlap"": 1, ""column_overlap"": 3}, {""word"": ""Sodnos"", ""timed_overlap"": 1, ""column_overlap"": 3}, {""word"": ""garret"", ""timed_overlap"": 1, ""column_overlap"": 3}]",completed,98,98,0
500,272,neural,4,tongue,butter,100,100,100,True,2,2,0,0,,99,"[{""word"": ""butter"", ""timed_overlap"": 2, ""column_overlap"": 2}, {""word"": ""away"", ""timed_overlap"": 2, ""column_overlap"": 2}, {""word"": ""Tumultuous"", ""timed_overlap"": 1, ""column_overlap"": 4}, {""word"": ""tried"", ""timed_overlap"": 1, ""column_overlap"": 3}, {""word"": ""tantrum"", ""timed_overlap"": 1, ""column_overlap"": 2}]",completed,100,100,0
500,273,neural,1,said,into,97,97,97,True,3,4,0,0,,140,"[{""word"": ""into"", ""timed_overlap"": 3, ""column_overlap"": 4}, {""word"": ""drawing"", ""timed_overlap"": 3, ""column_overlap"": 3}, {""word"": ""Girl"", ""timed_overlap"": 2, ""column_overlap"": 3}, {""word"": ""take"", ""timed_overlap"": 2, ""column_overlap"": 3}, {""word"": ""gray"", ""timed_overlap"": 2, ""column_overlap"": 3}]",completed,64,10,0
500,273,neural,2,the,return,100,100,100,True,2,2,0,0,,95,"[{""word"": ""return"", ""timed_overlap"": 2, ""column_overlap"": 2}, {""word"": ""bad"", ""timed_overlap"": 2, ""column_overlap"": 2}, {""word"": ""exactly"", ""timed_overlap"": 2, ""column_overlap"": 2}, {""word"": ""writ"", ""timed_overlap"": 1, ""column_overlap"": 4}, {""word"": ""glanced"", ""timed_overlap"": 1, ""column_overlap"": 3}]",completed,97,97,0
500,273,neural,3,truth,Instead,98,98,98,True,3,3,0,0,,110,"[{""word"": ""Instead"", ""timed_overlap"": 3, ""column_overlap"": 3}, {""word"": ""some"", ""timed_overlap"": 2, ""column_overlap"": 3}, {""word"": ""twinkle"", ""timed_overlap"": 2, ""column_overlap"": 3}, {""word"": ""king"", ""timed_overlap"": 2, ""column_overlap"": 2}, {""word"": ""faithfully"", ""timed_overlap"": 2, ""column_overlap"": 2}]",completed,100,100,0
500,273,neural,4,--,flashes,98,98,98,True,2,3,0,0,,113,"[{""word"": ""flashes"", ""timed_overlap"": 2, ""column_overlap"": 3}, {""word"": ""talked"", ""timed_overlap"": 2, ""column_overlap"": 3}, {""word"": ""terrified"", ""timed_overlap"": 1, ""column_overlap"": 3}, {""word"": ""ladies"", ""timed_overlap"": 1, ""column_overlap"": 2}, {""word"": ""grown"", ""timed_overlap"": 1, ""column_overlap"": 2}]",completed,98,98,0
500,274,neural,1,much,tale,100,100,100,True,2,3,0,0,,124,"[{""word"": ""tale"", ""timed_overlap"": 2, ""column_overlap"": 3}, {""word"": ""hopes"", ""timed_overlap"": 2, ""column_overlap"": 3}, {""word"": ""awful"", ""timed_overlap"": 2, ""column_overlap"": 2}, {""word"": ""sustaining"", ""timed_overlap"": 2, ""column_overlap"": 2}, {""word"": ""servant"", ""timed_overlap"": 2, ""column_overlap"": 2}]",completed,91,10,0
500,274,neural,2,worse,whereupon,100,100,100,True,2,3,0,0,,76,"[{""word"": ""whereupon"", ""timed_overlap"": 2, ""column_overlap"": 3}, {""word"": ""ladies"", ""timed_overlap"": 2, ""column_overlap"": 2}, {""word"": ""bought"", ""timed_overlap"": 2, ""column_overlap"": 2}, {""word"": ""or"", ""timed_overlap"": 1, ""column_overlap"": 3}, {""word"": ""both"", ""timed_overlap"": 1, ""column_overlap"": 2}]",completed,100,100,0
500,274,neural,3,than,eaten,99,99,99,True,2,2,0,0,,73,"[{""word"": ""eaten"", ""timed_overlap"": 2, ""column_overlap"": 2}, {""word"": ""sweetens"", ""timed_overlap"": 1, ""column_overlap"": 3}, {""word"": ""Next"", ""timed_overlap"": 1, ""column_overlap"": 3}, {""word"": ""remarked"", ""timed_overlap"": 1, ""column_overlap"": 3}, {""word"": ""astray"", ""timed_overlap"": 1, ""column_overlap"": 3}]",completed,100,100,0
500,274,neural,4,the,we,98,98,98,True,2,2,0,0,,92,"[{""word"": ""we"", ""timed_overlap"": 2, ""column_overlap"": 2}, {""word"": ""only"", ""timed_overlap"": 2, ""column_overlap"": 2}, {""word"": ""Darkness"", ""timed_overlap"": 2, ""column_overlap"": 2}, {""word"": ""underneath"", ""timed_overlap"": 2, ""column_overlap"": 2}, {""word"": ""intended"", ""timed_overlap"": 1, ""column_overlap"": 3}]",completed,99,99,0
500,275,neural,1,swearing,parents,100,100,100,True,2,2,1,2,34,120,"[{""word"": ""parents"", ""timed_overlap"": 2, ""column_overlap"": 2}, {""word"": ""exactly"", ""timed_overlap"": 2, ""column_overlap"": 2}, {""word"": ""people"", ""timed_overlap"": 2, ""column_overlap"": 2}, {""word"": ""thanked"", ""timed_overlap"": 1, ""column_overlap"": 4}, {""word"": ""our"", ""timed_overlap"": 1, ""column_overlap"": 4}]",completed,73,10,0
500,275,neural,2,but,recovered,98,98,98,True,3,3,0,0,,94,"[{""word"": ""recovered"", ""timed_overlap"": 3, ""column_overlap"": 3}, {""word"": ""For"", ""timed_overlap"": 2, ""column_overlap"": 2}, {""word"": ""beautiful"", ""timed_overlap"": 2, ""column_overlap"": 2}, {""word"": ""Bowser"", ""timed_overlap"": 2, ""column_overlap"": 2}, {""word"": ""Cursed"", ""timed_overlap"": 1, ""column_overlap"": 3}]",completed,100,100,0
500,275,neural,3,she,Blair,99,99,99,True,2,3,0,0,,75,"[{""word"": ""Blair"", ""timed_overlap"": 2, ""column_overlap"": 3}, {""word"": ""COAT"", ""timed_overlap"": 2, ""column_overlap"": 2}, {""word"": ""humanity"", ""timed_overlap"": 1, ""column_overlap"": 3}, {""word"": ""bust"", ""timed_overlap"": 1, ""column_overlap"": 3}, {""word"": ""blue"", ""timed_overlap"": 1, ""column_overlap"": 2}]",completed,98,98,0
500,275,neural,4,had,Nobody,99,99,99,True,2,3,0,0,,122,"[{""word"": ""Nobody"", ""timed_overlap"": 2, ""column_overlap"": 3}, {""word"": ""even"", ""timed_overlap"": 2, ""column_overlap"": 2}, {""word"": ""'m"", ""timed_overlap"": 2, ""column_overlap"": 2}, {""word"": ""wo"", ""timed_overlap"": 1, ""column_overlap"": 5}, {""word"": ""longer"", ""timed_overlap"": 1, ""column_overlap"": 3}]",completed,99,99,0
500,276,neural,1,than,pretence,100,100,100,True,2,3,0,0,,125,"[{""word"": ""pretence"", ""timed_overlap"": 2, ""column_overlap"": 3}, {""word"": ""locked"", ""timed_overlap"": 2, ""column_overlap"": 3}, {""word"": ""goat"", ""timed_overlap"": 2, ""column_overlap"": 3}, {""word"": ""concluded"", ""timed_overlap"": 2, ""column_overlap"": 2}, {""word"": ""upon"", ""timed_overlap"": 2, ""column_overlap"": 2}]",completed,64,10,0
500,276,neural,2,ever,'d,100,100,100,True,2,2,0,0,,83,"[{""word"": ""'d"", ""timed_overlap"": 2, ""column_overlap"": 2}, {""word"": ""stylish"", ""timed_overlap"": 2, ""column_overlap"": 2}, {""word"": ""silence"", ""timed_overlap"": 1, ""column_overlap"": 3}, {""word"": ""slim"", ""timed_overlap"": 1, ""column_overlap"": 3}, {""word"": ""ladylike"", ""timed_overlap"": 1, ""column_overlap"": 2}]",completed,100,100,0
500,276,neural,3,they,blow,96,96,96,True,2,2,0,0,,108,"[{""word"": ""blow"", ""timed_overlap"": 2, ""column_overlap"": 2}, {""word"": ""fire"", ""timed_overlap"": 2, ""column_overlap"": 2}, {""word"": ""dress"", ""timed_overlap"": 1, ""column_overlap"": 3}, {""word"": ""Carrots"", ""timed_overlap"": 1, ""column_overlap"": 3}, {""word"": ""Very"", ""timed_overlap"": 1, ""column_overlap"": 3}]",completed,100,100,0
500,276,neural,4,had,enchantress,98,98,98,True,2,3,0,0,,98,"[{""word"": ""enchantress"", ""timed_overlap"": 2, ""column_overlap"": 3}, {""word"": ""Carmody"", ""timed_overlap"": 1, ""column_overlap"": 4}, {""word"": ""Put"", ""timed_overlap"": 1, ""column_overlap"": 4}, {""word"": ""pails"", ""timed_overlap"": 1, ""column_overlap"": 3}, {""word"": ""Skunk"", ""timed_overlap"": 1, ""column_overlap"": 3}]",completed,96,96,0
500,277,neural,1,egg,sight,100,100,100,True,2,3,0,0,,132,"[{""word"": ""sight"", ""timed_overlap"": 2, ""column_overlap"": 3}, {""word"": ""mosquito"", ""timed_overlap"": 2, ""column_overlap"": 3}, {""word"": ""laid"", ""timed_overlap"": 2, ""column_overlap"": 2}, {""word"": ""hand"", ""timed_overlap"": 2, ""column_overlap"": 2}, {""word"": ""remember"", ""timed_overlap"": 1, ""column_overlap"": 3}]",completed,73,10,0
500,277,neural,2,would,dragging,99,99,99,True,2,3,1,1,39,88,"[{""word"": ""dragging"", ""timed_overlap"": 2, ""column_overlap"": 3}, {""word"": ""month"", ""timed_overlap"": 2, ""column_overlap"": 2}, {""word"": ""made"", ""timed_overlap"": 2, ""column_overlap"": 2}, {""word"": ""settle"", ""timed_overlap"": 2, ""column_overlap"": 2}, {""word"": ""denied"", ""timed_overlap"": 1, ""column_overlap"": 3}]",completed,100,100,0
500,277,neural,3,taste,broadest,99,99,99,True,2,3,0,0,,103,"[{""word"": ""broadest"", ""timed_overlap"": 2, ""column_overlap"": 3}, {""word"": ""might"", ""timed_overlap"": 2, ""column_overlap"": 2}, {""word"": ""asked"", ""timed_overlap"": 2, ""column_overlap"": 2}, {""word"": ""highness"", ""timed_overlap"": 1, ""column_overlap"": 3}, {""word"": ""deny"", ""timed_overlap"": 1, ""column_overlap"": 3}]",completed,99,99,0
500,277,neural,4,right,Dick,99,99,99,True,2,3,0,0,,104,"[{""word"": ""Dick"", ""timed_overlap"": 2, ""column_overlap"": 3}, {""word"": ""yonder"", ""timed_overlap"": 2, ""column_overlap"": 3}, {""word"": ""Anzacs"", ""timed_overlap"": 2, ""column_overlap"": 2}, {""word"": ""breakfast"", ""timed_overlap"": 2, ""column_overlap"": 2}, {""word"": ""who"", ""timed_overlap"": 1, ""column_overlap"": 4}]",completed,99,99,0
500,278,neural,1,haunting,frivolous,96,96,96,True,2,3,2,2,5,99,"[{""word"": ""frivolous"", ""timed_overlap"": 2, ""column_overlap"": 3}, {""word"": ""months"", ""timed_overlap"": 2, ""column_overlap"": 3}, {""word"": ""sit"", ""timed_overlap"": 2, ""column_overlap"": 2}, {""word"": ""spur"", ""timed_overlap"": 2, ""column_overlap"": 2}, {""word"": ""haunting"", ""timed_overlap"": 2, ""column_overlap"": 2}]",completed,91,10,0
500,278,neural,2,thoughts,red,99,99,99,True,2,2,0,0,,126,"[{""word"": ""red"", ""timed_overlap"": 2, ""column_overlap"": 2}, {""word"": ""beauty"", ""timed_overlap"": 2, ""column_overlap"": 2}, {""word"": ""headpiece"", ""timed_overlap"": 2, ""column_overlap"": 2}, {""word"": ""Am"", ""timed_overlap"": 1, ""column_overlap"": 4}, {""word"": ""Grange"", ""timed_overlap"": 1, ""column_overlap"": 3}]",completed,96,96,0
500,278,neural,3,into,Carrots,98,98,98,True,2,3,0,0,,77,"[{""word"": ""Carrots"", ""timed_overlap"": 2, ""column_overlap"": 3}, {""word"": ""lest"", ""timed_overlap"": 2, ""column_overlap"": 2}, {""word"": ""Jem"", ""timed_overlap"": 1, ""column_overlap"": 4}, {""word"": ""wore"", ""timed_overlap"": 1, ""column_overlap"": 4}, {""word"": ""moving"", ""timed_overlap"": 1, ""column_overlap"": 3}]",completed,99,99,0
500,278,neural,4,words,COAT,99,99,99,True,2,4,0,0,,109,"[{""word"": ""COAT"", ""timed_overlap"": 2, ""column_overlap"": 4}, {""word"": ""whether"", ""timed_overlap"": 2, ""column_overlap"": 3}, {""word"": ""You"", ""timed_overlap"": 2, ""column_overlap"": 2}, {""word"": ""Magyars"", ""timed_overlap"": 2, ""column_overlap"": 2}, {""word"": ""have"", ""timed_overlap"": 2, ""column_overlap"": 2}]",completed,98,98,0
500,279,neural,1,exclaimed,said,100,100,100,True,3,3,1,1,75,115,"[{""word"": ""said"", ""timed_overlap"": 3, ""column_overlap"": 3}, {""word"": ""care"", ""timed_overlap"": 2, ""column_overlap"": 3}, {""word"": ""without"", ""timed_overlap"": 2, ""column_overlap"": 3}, {""word"": ""golden"", ""timed_overlap"": 2, ""column_overlap"": 3}, {""word"": ""pump"", ""timed_overlap"": 2, ""column_overlap"": 3}]",completed,73,10,0
500,279,neural,2,the,headpiece,100,100,100,True,1,3,0,0,,69,"[{""word"": ""headpiece"", ""timed_overlap"": 1, ""column_overlap"": 3}, {""word"": ""Bumble"", ""timed_overlap"": 1, ""column_overlap"": 3}, {""word"": ""elapsed"", ""timed_overlap"": 1, ""column_overlap"": 3}, {""word"": ""Up"", ""timed_overlap"": 1, ""column_overlap"": 2}, {""word"": ""heart"", ""timed_overlap"": 1, ""column_overlap"": 2}]",completed,100,100,0
500,279,neural,3,other,mother,98,98,98,True,2,2,0,0,,80,"[{""word"": ""mother"", ""timed_overlap"": 2, ""column_overlap"": 2}, {""word"": ""Old"", ""timed_overlap"": 1, ""column_overlap"": 3}, {""word"": ""deep"", ""timed_overlap"": 1, ""column_overlap"": 3}, {""word"": ""herring"", ""timed_overlap"": 1, ""column_overlap"": 3}, {""word"": ""beauty"", ""timed_overlap"": 1, ""column_overlap"": 3}]",completed,100,100,0
500,279,neural,4,two,Wildrose,100,100,100,True,2,3,0,0,,99,"[{""word"": ""Wildrose"", ""timed_overlap"": 2, ""column_overlap"": 3}, {""word"": ""six"", ""timed_overlap"": 2, ""column_overlap"": 3}, {""word"": ""one"", ""timed_overlap"": 2, ""column_overlap"": 2}, {""word"": ""even"", ""timed_overlap"": 1, ""column_overlap"": 3}, {""word"": ""mosquito"", ""timed_overlap"": 1, ""column_overlap"": 3}]",completed,98,98,0
500,280,neural,1,after,'',100,100,100,True,2,2,0,0,,94,"[{""word"": ""''"", ""timed_overlap"": 2, ""column_overlap"": 2}, {""word"": ""enough"", ""timed_overlap"": 1, ""column_overlap"": 4}, {""word"": ""wind"", ""timed_overlap"": 1, ""column_overlap"": 3}, {""word"": ""departs"", ""timed_overlap"": 1, ""column_overlap"": 3}, {""word"": ""own"", ""timed_overlap"": 1, ""column_overlap"": 3}]",completed,100,10,0
500,280,neural,2,a,Don,100,100,100,True,2,3,0,0,,106,"[{""word"": ""Don"", ""timed_overlap"": 2, ""column_overlap"": 3}, {""word"": ""XXIII"", ""timed_overlap"": 2, ""column_overlap"": 2}, {""word"": ""tree"", ""timed_overlap"": 1, ""column_overlap"": 4}, {""word"": ""pity"", ""timed_overlap"": 1, ""column_overlap"": 3}, {""word"": ""golden"", ""timed_overlap"": 1, ""column_overlap"": 3}]",completed,100,100,0
500,280,neural,3,closing,forget,100,100,100,True,2,3,0,0,,72,"[{""word"": ""forget"", ""timed_overlap"": 2, ""column_overlap"": 3}, {""word"": ""healthful"", ""timed_overlap"": 2, ""column_overlap"": 2}, {""word"": ""was"", ""timed_overlap"": 2, ""column_overlap"": 2}, {""word"": ""prettier"", ""timed_overlap"": 1, ""column_overlap"": 3}, {""word"": ""Good-bye"", ""timed_overlap"": 1, ""column_overlap"": 3}]",completed,100,100,0
500,280,neural,4,appeal,talk,94,94,94,True,2,3,0,0,,98,"[{""word"": ""talk"", ""timed_overlap"": 2, ""column_overlap"": 3}, {""word"": ""strong"", ""timed_overlap"": 2, ""column_overlap"": 2}, {""word"": ""Taffy"", ""timed_overlap"": 1, ""column_overlap"": 3}, {""word"": ""Everybody"", ""timed_overlap"": 1, ""column_overlap"": 3}, {""word"": ""money"", ""timed_overlap"": 1, ""column_overlap"": 3}]",completed,100,100,0
500,281,neural,1,Truly,drop,100,100,100,True,2,3,0,0,,111,"[{""word"": ""drop"", ""timed_overlap"": 2, ""column_overlap"": 3}, {""word"": ""often"", ""timed_overlap"": 2, ""column_overlap"": 3}, {""word"": ""tantrum"", ""timed_overlap"": 2, ""column_overlap"": 2}, {""word"": ""almost"", ""timed_overlap"": 2, ""column_overlap"": 2}, {""word"": ""hillock"", ""timed_overlap"": 2, ""column_overlap"": 2}]",completed,100,10,0
500,281,neural,2,",",Danny,99,99,99,True,2,2,0,0,,89,"[{""word"": ""Danny"", ""timed_overlap"": 2, ""column_overlap"": 2}, {""word"": ""bronze-colored"", ""timed_overlap"": 1, ""column_overlap"": 4}, {""word"": ""foremost"", ""timed_overlap"": 1, ""column_overlap"": 3}, {""word"": ""one"", ""timed_overlap"": 1, ""column_overlap"": 3}, {""word"": ""Bessy"", ""timed_overlap"": 1, ""column_overlap"": 3}]",completed,100,100,0
500,281,neural,3,father,rose,99,99,99,True,1,3,0,0,,75,"[{""word"": ""rose"", ""timed_overlap"": 1, ""column_overlap"": 3}, {""word"": ""Wildrose"", ""timed_overlap"": 1, ""column_overlap"": 3}, {""word"": ""Cyrilla"", ""timed_overlap"": 1, ""column_overlap"": 3}, {""word"": ""certain"", ""timed_overlap"": 1, ""column_overlap"": 3}, {""word"": ""felt"", ""timed_overlap"": 1, ""column_overlap"": 3}]",completed,99,99,0
500,281,neural,4,!,Most,98,98,98,True,2,2,0,0,,93,"[{""word"": ""Most"", ""timed_overlap"": 2, ""column_overlap"": 2}, {""word"": ""Meadow"", ""timed_overlap"": 1, ""column_overlap"": 4}, {""word"": ""oh"", ""timed_overlap"": 1, ""column_overlap"": 3}, {""word"": ""flashes"", ""timed_overlap"": 1, ""column_overlap"": 3}, {""word"": ""hate"", ""timed_overlap"": 1, ""column_overlap"": 3}]",completed,99,99,0
500,282,neural,1,to,turned,96,96,96,True,2,4,0,0,,127,"[{""word"": ""turned"", ""timed_overlap"": 2, ""column_overlap"": 4}, {""word"": ""incidents"", ""timed_overlap"": 2, ""column_overlap"": 3}, {""word"": ""great"", ""timed_overlap"": 2, ""column_overlap"": 3}, {""word"": ""COAT"", ""timed_overlap"": 1, ""column_overlap"": 4}, {""word"": ""She"", ""timed_overlap"": 1, ""column_overlap"": 4}]",completed,82,10,0
500,282,neural,2,marry,Next,100,100,100,True,2,3,1,1,106,125,"[{""word"": ""Next"", ""timed_overlap"": 2, ""column_overlap"": 3}, {""word"": ""Amy"", ""timed_overlap"": 2, ""column_overlap"": 2}, {""word"": ""trim"", ""timed_overlap"": 2, ""column_overlap"": 2}, {""word"": ""tunnels"", ""timed_overlap"": 2, ""column_overlap"": 2}, {""word"": ""Joe"", ""timed_overlap"": 2, ""column_overlap"": 2}]",completed,96,96,0
500,282,neural,3,and,require,96,96,96,True,2,3,0,0,,121,"[{""word"": ""require"", ""timed_overlap"": 2, ""column_overlap"": 3}, {""word"": ""Oh"", ""timed_overlap"": 2, ""column_overlap"": 3}, {""word"": ""effort"", ""timed_overlap"": 2, ""column_overlap"": 3}, {""word"": ""In"", ""timed_overlap"": 2, ""column_overlap"": 3}, {""word"": ""dog"", ""timed_overlap"": 2, ""column_overlap"": 2}]",completed,100,100,0
500,282,neural,4,settle,naturally,97,97,97,True,2,3,0,0,,123,"[{""word"": ""naturally"", ""timed_overlap"": 2, ""column_overlap"": 3}, {""word"": ""blow"", ""timed_overlap"": 2, ""column_overlap"": 3}, {""word"": ""Pretty"", ""timed_overlap"": 2, ""column_overlap"": 2}, {""word"": ""dreams"", ""timed_overlap"": 2, ""column_overlap"": 2}, {""word"": ""require"", ""timed_overlap"": 2, ""column_overlap"": 2}]",completed,96,96,0
500,283,neural,1,palace,Sammy,100,100,100,True,2,2,0,0,,109,"[{""word"": ""Sammy"", ""timed_overlap"": 2, ""column_overlap"": 2}, {""word"": ""hive"", ""timed_overlap"": 2, ""column_overlap"": 2}, {""word"": ""Jem"", ""timed_overlap"": 2, ""column_overlap"": 2}, {""word"": ""lest"", ""timed_overlap"": 1, ""column_overlap"": 4}, {""word"": ""WATCH"", ""timed_overlap"": 1, ""column_overlap"": 3}]",completed,82,10,0
500,283,neural,2,",",green,99,99,99,True,2,2,0,0,,100,"[{""word"": ""green"", ""timed_overlap"": 2, ""column_overlap"": 2}, {""word"": ""Blythe"", ""timed_overlap"": 2, ""column_overlap"": 2}, {""word"": ""Laurie"", ""timed_overlap"": 2, ""column_overlap"": 2}, {""word"": ""Ripple"", ""timed_overlap"": 1, ""column_overlap"": 4}, {""word"": ""her"", ""timed_overlap"": 1, ""column_overlap"": 4}]",completed,100,100,0
500,283,neural,3,and,speak,98,98,98,True,3,3,0,0,,95,"[{""word"": ""speak"", ""timed_overlap"": 3, ""column_overlap"": 3}, {""word"": ""misty"", ""timed_overlap"": 2, ""column_overlap"": 3}, {""word"": ""started"", ""timed_overlap"": 2, ""column_overlap"": 2}, {""word"": ""Kim"", ""timed_overlap"": 1, ""column_overlap"": 6}, {""word"": ""brought"", ""timed_overlap"": 1, ""column_overlap"": 4}]",completed,99,99,0
500,283,neural,4,found,Quicksilver,100,100,100,True,2,2,0,0,,105,"[{""word"": ""Quicksilver"", ""timed_overlap"": 2, ""column_overlap"": 2}, {""word"": ""still"", ""timed_overlap"": 2, ""column_overlap"": 2}, {""word"": ""Thus"", ""timed_overlap"": 2, ""column_overlap"": 2}, {""word"": ""received"", ""timed_overlap"": 1, ""column_overlap"": 3}, {""word"": ""put"", ""timed_overlap"": 1, ""column_overlap"": 3}]",completed,98,98,0
500,284,neural,1,died,reluctantly,100,100,100,True,2,3,0,0,,82,"[{""word"": ""reluctantly"", ""timed_overlap"": 2, ""column_overlap"": 3}, {""word"": ""ogress"", ""timed_overlap"": 2, ""column_overlap"": 2}, {""word"": ""Scrooge"", ""timed_overlap"": 1, ""column_overlap"": 4}, {""word"": ""sometimes"", ""timed_overlap"": 1, ""column_overlap"": 3}, {""word"": ""others"", ""timed_overlap"": 1, ""column_overlap"": 3}]",completed,73,10,0
500,284,neural,2,",",bag,100,100,100,True,2,3,0,0,,114,"[{""word"": ""bag"", ""timed_overlap"": 2, ""column_overlap"": 3}, {""word"": ""received"", ""timed_overlap"": 2, ""column_overlap"": 3}, {""word"": ""afford"", ""timed_overlap"": 2, ""column_overlap"": 3}, {""word"": ""three"", ""timed_overlap"": 2, ""column_overlap"": 2}, {""word"": ""lest"", ""timed_overlap"": 1, ""column_overlap"": 3}]",completed,100,100,0
500,284,neural,3,and,besought,99,99,99,True,2,2,0,0,,87,"[{""word"": ""besought"", ""timed_overlap"": 2, ""column_overlap"": 2}, {""word"": ""voice"", ""timed_overlap"": 2, ""column_overlap"": 2}, {""word"": ""everlasting"", ""timed_overlap"": 1, ""column_overlap"": 4}, {""word"": ""nothing"", ""timed_overlap"": 1, ""column_overlap"": 3}, {""word"": ""Arts"", ""timed_overlap"": 1, ""column_overlap"": 2}]",completed,100,100,0
500,284,neural,4,reigned,motives,97,97,97,True,2,2,0,0,,91,"[{""word"": ""motives"", ""timed_overlap"": 2, ""column_overlap"": 2}, {""word"": ""maiden"", ""timed_overlap"": 1, ""column_overlap"": 4}, {""word"": ""impossible"", ""timed_overlap"": 1, ""column_overlap"": 4}, {""word"": ""woman"", ""timed_overlap"": 1, ""column_overlap"": 3}, {""word"": ""daughter"", ""timed_overlap"": 1, ""column_overlap"": 3}]",completed,99,99,0
500,285,neural,1,said,cried,100,100,100,True,2,3,0,0,,104,"[{""word"": ""cried"", ""timed_overlap"": 2, ""column_overlap"": 3}, {""word"": ""Ginger"", ""timed_overlap"": 2, ""column_overlap"": 2}, {""word"": ""reluctantly"", ""timed_overlap"": 2, ""column_overlap"": 2}, {""word"": ""Gwythyr"", ""timed_overlap"": 1, ""column_overlap"": 3}, {""word"": ""neither"", ""timed_overlap"": 1, ""column_overlap"": 3}]",completed,91,10,0
500,285,neural,2,",",drew,100,100,100,True,2,3,0,0,,100,"[{""word"": ""drew"", ""timed_overlap"": 2, ""column_overlap"": 3}, {""word"": ""minister"", ""timed_overlap"": 2, ""column_overlap"": 2}, {""word"": ""nearly"", ""timed_overlap"": 2, ""column_overlap"": 2}, {""word"": ""Christ-child"", ""timed_overlap"": 1, ""column_overlap"": 3}, {""word"": ""incidents"", ""timed_overlap"": 1, ""column_overlap"": 3}]",completed,100,100,0
500,285,neural,3,``,nothing,99,99,99,True,2,3,0,0,,120,"[{""word"": ""nothing"", ""timed_overlap"": 2, ""column_overlap"": 3}, {""word"": ""For"", ""timed_overlap"": 2, ""column_overlap"": 3}, {""word"": ""Here"", ""timed_overlap"": 2, ""column_overlap"": 3}, {""word"": ""Put"", ""timed_overlap"": 2, ""column_overlap"": 2}, {""word"": ""round"", ""timed_overlap"": 2, ""column_overlap"": 2}]",completed,100,100,0
500,285,neural,4,for,drew,98,98,98,True,2,4,0,0,,109,"[{""word"": ""drew"", ""timed_overlap"": 2, ""column_overlap"": 4}, {""word"": ""chime"", ""timed_overlap"": 2, ""column_overlap"": 3}, {""word"": ""his"", ""timed_overlap"": 2, ""column_overlap"": 2}, {""word"": ""twinkle"", ""timed_overlap"": 2, ""column_overlap"": 2}, {""word"": ""Marco"", ""timed_overlap"": 1, ""column_overlap"": 4}]",completed,99,99,0
500,286,neural,1,','',100,100,100,True,2,2,0,0,,94,"[{""word"": ""''"", ""timed_overlap"": 2, ""column_overlap"": 2}, {""word"": ""enough"", ""timed_overlap"": 1, ""column_overlap"": 4}, {""word"": ""departs"", ""timed_overlap"": 1, ""column_overlap"": 3}, {""word"": ""own"", ""timed_overlap"": 1, ""column_overlap"": 3}, {""word"": ""those"", ""timed_overlap"": 1, ""column_overlap"": 3}]",completed,100,10,0
500,286,neural,2,said,Don,100,100,100,True,2,3,1,2,42,106,"[{""word"": ""Don"", ""timed_overlap"": 2, ""column_overlap"": 3}, {""word"": ""XXIII"", ""timed_overlap"": 2, ""column_overlap"": 2}, {""word"": ""tree"", ""timed_overlap"": 1, ""column_overlap"": 4}, {""word"": ""rare"", ""timed_overlap"": 1, ""column_overlap"": 3}, {""word"": ""pity"", ""timed_overlap"": 1, ""column_overlap"": 3}]",completed,100,100,0
500,286,neural,3,Kim,forget,100,100,100,True,2,3,0,0,,72,"[{""word"": ""forget"", ""timed_overlap"": 2, ""column_overlap"": 3}, {""word"": ""healthful"", ""timed_overlap"": 2, ""column_overlap"": 2}, {""word"": ""was"", ""timed_overlap"": 2, ""column_overlap"": 2}, {""word"": ""prettier"", ""timed_overlap"": 1, ""column_overlap"": 3}, {""word"": ""Good-bye"", ""timed_overlap"": 1, ""column_overlap"": 3}]",completed,100,100,0
500,286,neural,4,",",talk,94,94,94,True,2,3,0,0,,98,"[{""word"": ""talk"", ""timed_overlap"": 2, ""column_overlap"": 3}, {""word"": ""strong"", ""timed_overlap"": 2, ""column_overlap"": 2}, {""word"": ""Everybody"", ""timed_overlap"": 1, ""column_overlap"": 3}, {""word"": ""money"", ""timed_overlap"": 1, ""column_overlap"": 3}, {""word"": ""Taffy"", ""timed_overlap"": 1, ""column_overlap"": 3}]",completed,100,100,0
500,287,neural,1,tell,such,99,99,99,True,2,2,0,0,,110,"[{""word"": ""such"", ""timed_overlap"": 2, ""column_overlap"": 2}, {""word"": ""hive"", ""timed_overlap"": 1, ""column_overlap"": 4}, {""word"": ""sable"", ""timed_overlap"": 1, ""column_overlap"": 3}, {""word"": ""taste"", ""timed_overlap"": 1, ""column_overlap"": 3}, {""word"": ""Cecily"", ""timed_overlap"": 1, ""column_overlap"": 3}]",completed,100,10,0
500,287,neural,2,God,till,99,99,99,True,2,4,0,0,,101,"[{""word"": ""till"", ""timed_overlap"": 2, ""column_overlap"": 4}, {""word"": ""early"", ""timed_overlap"": 2, ""column_overlap"": 3}, {""word"": ""sable"", ""timed_overlap"": 2, ""column_overlap"": 2}, {""word"": ""bearing"", ""timed_overlap"": 1, ""column_overlap"": 3}, {""word"": ""washerman"", ""timed_overlap"": 1, ""column_overlap"": 3}]",completed,99,99,0
500,287,neural,3,you,withdrew,99,99,99,True,2,3,1,1,83,99,"[{""word"": ""withdrew"", ""timed_overlap"": 2, ""column_overlap"": 3}, {""word"": ""Rogers"", ""timed_overlap"": 2, ""column_overlap"": 2}, {""word"": ""III"", ""timed_overlap"": 2, ""column_overlap"": 2}, {""word"": ""ruther"", ""timed_overlap"": 1, ""column_overlap"": 3}, {""word"": ""taken"", ""timed_overlap"": 1, ""column_overlap"": 3}]",completed,99,99,0
500,287,neural,4,are,gilded,97,97,97,True,2,3,0,0,,100,"[{""word"": ""gilded"", ""timed_overlap"": 2, ""column_overlap"": 3}, {""word"": ""deny"", ""timed_overlap"": 2, ""column_overlap"": 3}, {""word"": ""beautiful"", ""timed_overlap"": 2, ""column_overlap"": 3}, {""word"": ""ONCE"", ""timed_overlap"": 2, ""column_overlap"": 2}, {""word"": ""body"", ""timed_overlap"": 1, ""column_overlap"": 3}]",completed,99,99,0
500,288,neural,1,it,money,97,97,97,True,2,3,1,1,75,102,"[{""word"": ""money"", ""timed_overlap"": 2, ""column_overlap"": 3}, {""word"": ""posted"", ""timed_overlap"": 2, ""column_overlap"": 2}, {""word"": ""hour"", ""timed_overlap"": 2, ""column_overlap"": 2}, {""word"": ""Assam"", ""timed_overlap"": 2, ""column_overlap"": 2}, {""word"": ""beauty"", ""timed_overlap"": 2, ""column_overlap"": 2}]",completed,73,10,0
500,288,neural,2,in,tired,99,99,99,True,2,3,0,0,,75,"[{""word"": ""tired"", ""timed_overlap"": 2, ""column_overlap"": 3}, {""word"": ""comfortingly"", ""timed_overlap"": 2, ""column_overlap"": 3}, {""word"": ""'cause"", ""timed_overlap"": 2, ""column_overlap"": 3}, {""word"": ""church"", ""timed_overlap"": 2, ""column_overlap"": 2}, {""word"": ""air"", ""timed_overlap"": 1, ""column_overlap"": 3}]",completed,97,97,0
500,288,neural,3,my,Buster,100,100,100,True,2,2,0,0,,73,"[{""word"": ""Buster"", ""timed_overlap"": 2, ""column_overlap"": 2}, {""word"": ""afford"", ""timed_overlap"": 2, ""column_overlap"": 2}, {""word"": ""early"", ""timed_overlap"": 1, ""column_overlap"": 3}, {""word"": ""take"", ""timed_overlap"": 1, ""column_overlap"": 3}, {""word"": ""keep"", ""timed_overlap"": 1, ""column_overlap"": 3}]",completed,99,99,0
500,288,neural,4,mouth,'d,96,96,96,True,2,2,0,0,,101,"[{""word"": ""'d"", ""timed_overlap"": 2, ""column_overlap"": 2}, {""word"": ""fixed"", ""timed_overlap"": 2, ""column_overlap"": 2}, {""word"": ""gulps"", ""timed_overlap"": 1, ""column_overlap"": 3}, {""word"": ""thing"", ""timed_overlap"": 1, ""column_overlap"": 3}, {""word"": ""wore"", ""timed_overlap"": 1, ""column_overlap"": 3}]",completed,100,100,0
500,289,neural,1,the,shimmer,100,100,100,True,2,2,2,2,4,119,"[{""word"": ""shimmer"", ""timed_overlap"": 2, ""column_overlap"": 2}, {""word"": ""bit"", ""timed_overlap"": 2, ""column_overlap"": 2}, {""word"": ""wondered"", ""timed_overlap"": 2, ""column_overlap"": 2}, {""word"": ""the"", ""timed_overlap"": 2, ""column_overlap"": 2}, {""word"": ""Priscilla"", ""timed_overlap"": 2, ""column_overlap"": 2}]",completed,73,10,0
500,289,neural,2,gilded,damsel,98,98,98,True,2,3,0,0,,83,"[{""word"": ""damsel"", ""timed_overlap"": 2, ""column_overlap"": 3}, {""word"": ""moment"", ""timed_overlap"": 2, ""column_overlap"": 2}, {""word"": ""tore"", ""timed_overlap"": 2, ""column_overlap"": 2}, {""word"": ""pictures"", ""timed_overlap"": 2, ""column_overlap"": 2}, {""word"": ""fry"", ""timed_overlap"": 2, ""column_overlap"": 2}]",completed,100,100,0
500,289,neural,3,staff,thief,99,99,99,True,1,4,0,0,,94,"[{""word"": ""thief"", ""timed_overlap"": 1, ""column_overlap"": 4}, {""word"": ""Search"", ""timed_overlap"": 1, ""column_overlap"": 3}, {""word"": ""dress"", ""timed_overlap"": 1, ""column_overlap"": 3}, {""word"": ""welcome"", ""timed_overlap"": 1, ""column_overlap"": 3}, {""word"": ""Sara"", ""timed_overlap"": 1, ""column_overlap"": 3}]",completed,98,98,0
500,289,neural,4,--,departs,97,97,97,True,2,2,0,0,,105,"[{""word"": ""departs"", ""timed_overlap"": 2, ""column_overlap"": 2}, {""word"": ""highness"", ""timed_overlap"": 1, ""column_overlap"": 4}, {""word"": ""snowshoeing"", ""timed_overlap"": 1, ""column_overlap"": 4}, {""word"": ""course"", ""timed_overlap"": 1, ""column_overlap"": 3}, {""word"": ""Aunt"", ""timed_overlap"": 1, ""column_overlap"": 3}]",completed,99,99,0
500,290,neural,1,heard,breath,100,100,100,True,2,4,0,0,,96,"[{""word"": ""breath"", ""timed_overlap"": 2, ""column_overlap"": 4}, {""word"": ""cried"", ""timed_overlap"": 2, ""column_overlap"": 3}, {""word"": ""palace"", ""timed_overlap"": 2, ""column_overlap"": 3}, {""word"": ""Ginger"", ""timed_overlap"": 2, ""column_overlap"": 2}, {""word"": ""'s"", ""timed_overlap"": 2, ""column_overlap"": 2}]",completed,91,10,0
500,290,neural,2,a,cake,100,100,100,True,2,3,0,0,,79,"[{""word"": ""cake"", ""timed_overlap"": 2, ""column_overlap"": 3}, {""word"": ""Bill"", ""timed_overlap"": 2, ""column_overlap"": 2}, {""word"": ""At"", ""timed_overlap"": 1, ""column_overlap"": 3}, {""word"": ""exactly"", ""timed_overlap"": 1, ""column_overlap"": 3}, {""word"": ""Of"", ""timed_overlap"": 1, ""column_overlap"": 3}]",completed,100,100,0
500,290,neural,3,voice,anxious,99,99,99,True,2,4,0,0,,126,"[{""word"": ""anxious"", ""timed_overlap"": 2, ""column_overlap"": 4}, {""word"": ""rose"", ""timed_overlap"": 2, ""column_overlap"": 3}, {""word"": ""trying"", ""timed_overlap"": 2, ""column_overlap"": 2}, {""word"": ""gay"", ""timed_overlap"": 2, ""column_overlap"": 2}, {""word"": ""frog"", ""timed_overlap"": 1, ""column_overlap"": 5}]",completed,100,100,0
500,290,neural,4,which,suppose,99,99,99,True,2,3,0,0,,93,"[{""word"": ""suppose"", ""timed_overlap"": 2, ""column_overlap"": 3}, {""word"": ""it"", ""timed_overlap"": 2, ""column_overlap"": 2}, {""word"": ""mistress"", ""timed_overlap"": 2, ""column_overlap"": 2}, {""word"": ""weight"", ""timed_overlap"": 1, ""column_overlap"": 4}, {""word"": ""UNC"", ""timed_overlap"": 1, ""column_overlap"": 3}]",completed,99,99,0
500,291,neural,1,spoke,pricked,100,100,100,True,2,2,0,0,,89,"[{""word"": ""pricked"", ""timed_overlap"": 2, ""column_overlap"": 2}, {""word"": ""wish"", ""timed_overlap"": 2, ""column_overlap"": 2}, {""word"": ""She"", ""timed_overlap"": 2, ""column_overlap"": 2}, {""word"": ""started"", ""timed_overlap"": 1, ""column_overlap"": 3}, {""word"": ""astray"", ""timed_overlap"": 1, ""column_overlap"": 3}]",completed,82,10,0
500,291,neural,2,with,thief,99,99,99,True,2,3,2,2,5,140,"[{""word"": ""thief"", ""timed_overlap"": 2, ""column_overlap"": 3}, {""word"": ""church"", ""timed_overlap"": 2, ""column_overlap"": 3}, {""word"": ""under"", ""timed_overlap"": 2, ""column_overlap"": 3}, {""word"": ""till"", ""timed_overlap"": 2, ""column_overlap"": 3}, {""word"": ""with"", ""timed_overlap"": 2, ""column_overlap"": 2}]",completed,100,100,0
500,291,neural,3,the,rose,100,100,100,True,2,4,0,0,,110,"[{""word"": ""rose"", ""timed_overlap"": 2, ""column_overlap"": 4}, {""word"": ""gay"", ""timed_overlap"": 2, ""column_overlap"": 3}, {""word"": ""ladies"", ""timed_overlap"": 2, ""column_overlap"": 3}, {""word"": ""stood"", ""timed_overlap"": 2, ""column_overlap"": 2}, {""word"": ""sable"", ""timed_overlap"": 2, ""column_overlap"": 2}]",completed,99,99,0
500,291,neural,4,broad,Sir,98,98,98,True,2,2,0,0,,98,"[{""word"": ""Sir"", ""timed_overlap"": 2, ""column_overlap"": 2}, {""word"": ""Schmidt"", ""timed_overlap"": 1, ""column_overlap"": 3}, {""word"": ""recovered"", ""timed_overlap"": 1, ""column_overlap"": 2}, {""word"": ""feebly"", ""timed_overlap"": 1, ""column_overlap"": 2}, {""word"": ""Put"", ""timed_overlap"": 1, ""column_overlap"": 2}]",completed,100,100,0
500,292,neural,1,'s,none,99,99,99,True,2,3,1,2,12,109,"[{""word"": ""none"", ""timed_overlap"": 2, ""column_overlap"": 3}, {""word"": ""boy"", ""timed_overlap"": 2, ""column_overlap"": 3}, {""word"": ""or"", ""timed_overlap"": 2, ""column_overlap"": 2}, {""word"": ""bared"", ""timed_overlap"": 1, ""column_overlap"": 3}, {""word"": ""speak"", ""timed_overlap"": 1, ""column_overlap"": 3}]",completed,100,10,0
500,292,neural,2,clothes,entered,98,98,98,True,1,3,0,0,,70,"[{""word"": ""entered"", ""timed_overlap"": 1, ""column_overlap"": 3}, {""word"": ""Susanna"", ""timed_overlap"": 1, ""column_overlap"": 3}, {""word"": ""This"", ""timed_overlap"": 1, ""column_overlap"": 2}, {""word"": ""so"", ""timed_overlap"": 1, ""column_overlap"": 2}, {""word"": ""bait"", ""timed_overlap"": 1, ""column_overlap"": 2}]",completed,99,99,0
500,292,neural,3,",",upon,99,99,99,True,2,4,0,0,,104,"[{""word"": ""upon"", ""timed_overlap"": 2, ""column_overlap"": 4}, {""word"": ""hive"", ""timed_overlap"": 2, ""column_overlap"": 4}, {""word"": ""many"", ""timed_overlap"": 2, ""column_overlap"": 3}, {""word"": ""whither"", ""timed_overlap"": 2, ""column_overlap"": 2}, {""word"": ""Janet"", ""timed_overlap"": 2, ""column_overlap"": 2}]",completed,98,98,0
500,292,neural,4,and,Put,99,99,99,True,2,4,0,0,,83,"[{""word"": ""Put"", ""timed_overlap"": 2, ""column_overlap"": 4}, {""word"": ""now"", ""timed_overlap"": 1, ""column_overlap"": 3}, {""word"": ""Am"", ""timed_overlap"": 1, ""column_overlap"": 3}, {""word"": ""new"", ""timed_overlap"": 1, ""column_overlap"": 3}, {""word"": ""tongue"", ""timed_overlap"": 1, ""column_overlap"": 3}]",completed,99,99,0
500,293,neural,1,that,into,98,98,98,True,2,4,1,1,117,139,"[{""word"": ""into"", ""timed_overlap"": 2, ""column_overlap"": 4}, {""word"": ""Kindly"", ""timed_overlap"": 2, ""column_overlap"": 3}, {""word"": ""Prince"", ""timed_overlap"": 2, ""column_overlap"": 3}, {""word"": ""gray"", ""timed_overlap"": 2, ""column_overlap"": 3}, {""word"": ""Souchong"", ""timed_overlap"": 2, ""column_overlap"": 2}]",completed,64,10,0
500,293,neural,2,lean,dog,100,100,100,True,1,4,0,0,,99,"[{""word"": ""dog"", ""timed_overlap"": 1, ""column_overlap"": 4}, {""word"": ""remembering"", ""timed_overlap"": 1, ""column_overlap"": 4}, {""word"": ""Every"", ""timed_overlap"": 1, ""column_overlap"": 3}, {""word"": ""Besides"", ""timed_overlap"": 1, ""column_overlap"": 3}, {""word"": ""lot"", ""timed_overlap"": 1, ""column_overlap"": 3}]",completed,98,98,0
500,293,neural,3,creature,newspapers,97,97,97,True,2,2,0,0,,112,"[{""word"": ""newspapers"", ""timed_overlap"": 2, ""column_overlap"": 2}, {""word"": ""SAMMY"", ""timed_overlap"": 2, ""column_overlap"": 2}, {""word"": ""mischievous"", ""timed_overlap"": 2, ""column_overlap"": 2}, {""word"": ""That"", ""timed_overlap"": 2, ""column_overlap"": 2}, {""word"": ""knees"", ""timed_overlap"": 2, ""column_overlap"": 2}]",completed,100,100,0
500,293,neural,4,",",clothes,100,100,100,True,2,3,0,0,,106,"[{""word"": ""clothes"", ""timed_overlap"": 2, ""column_overlap"": 3}, {""word"": ""there"", ""timed_overlap"": 2, ""column_overlap"": 2}, {""word"": ""prettier"", ""timed_overlap"": 2, ""column_overlap"": 2}, {""word"": ""deny"", ""timed_overlap"": 2, ""column_overlap"": 2}, {""word"": ""hotel"", ""timed_overlap"": 2, ""column_overlap"": 2}]",completed,97,97,0
500,294,neural,1,a,order,99,99,99,True,1,3,0,0,,82,"[{""word"": ""order"", ""timed_overlap"": 1, ""column_overlap"": 3}, {""word"": ""cleverness"", ""timed_overlap"": 1, ""column_overlap"": 3}, {""word"": ""heard"", ""timed_overlap"": 1, ""column_overlap"": 3}, {""word"": ""cats"", ""timed_overlap"": 1, ""column_overlap"": 3}, {""word"": ""Twice"", ""timed_overlap"": 1, ""column_overlap"": 3}]",completed,73,10,0
500,294,neural,2,being,hive,99,99,99,True,2,3,0,0,,90,"[{""word"": ""hive"", ""timed_overlap"": 2, ""column_overlap"": 3}, {""word"": ""confidences"", ""timed_overlap"": 2, ""column_overlap"": 2}, {""word"": ""locked"", ""timed_overlap"": 2, ""column_overlap"": 2}, {""word"": ""said"", ""timed_overlap"": 1, ""column_overlap"": 3}, {""word"": ""Priscilla"", ""timed_overlap"": 1, ""column_overlap"": 3}]",completed,99,99,0
500,294,neural,3,must,boys,97,97,97,True,1,3,0,0,,81,"[{""word"": ""boys"", ""timed_overlap"": 1, ""column_overlap"": 3}, {""word"": ""hard"", ""timed_overlap"": 1, ""column_overlap"": 3}, {""word"": ""welcome"", ""timed_overlap"": 1, ""column_overlap"": 3}, {""word"": ""Mrs."", ""timed_overlap"": 1, ""column_overlap"": 2}, {""word"": ""six"", ""timed_overlap"": 1, ""column_overlap"": 2}]",completed,99,99,0
500,294,neural,4,be,entered,95,95,95,True,3,3,0,0,,101,"[{""word"": ""entered"", ""timed_overlap"": 3, ""column_overlap"": 3}, {""word"": ""It"", ""timed_overlap"": 2, ""column_overlap"": 2}, {""word"": ""heard"", ""timed_overlap"": 2, ""column_overlap"": 2}, {""word"": ""stern"", ""timed_overlap"": 1, ""column_overlap"": 4}, {""word"": ""sultan"", ""timed_overlap"": 1, ""column_overlap"": 3}]",completed,97,97,0
500,295,neural,1,was,fire,100,100,100,True,2,3,0,0,,88,"[{""word"": ""fire"", ""timed_overlap"": 2, ""column_overlap"": 3}, {""word"": ""put"", ""timed_overlap"": 2, ""column_overlap"": 3}, {""word"": ""'m"", ""timed_overlap"": 2, ""column_overlap"": 2}, {""word"": ""flashes"", ""timed_overlap"": 1, ""column_overlap"": 3}, {""word"": ""Darkness"", ""timed_overlap"": 1, ""column_overlap"": 3}]",completed,82,10,0
500,295,neural,2,not,worse,99,99,99,True,2,2,0,0,,74,"[{""word"": ""worse"", ""timed_overlap"": 2, ""column_overlap"": 2}, {""word"": ""dreams"", ""timed_overlap"": 1, ""column_overlap"": 3}, {""word"": ""Suddenly"", ""timed_overlap"": 1, ""column_overlap"": 3}, {""word"": ""afford"", ""timed_overlap"": 1, ""column_overlap"": 2}, {""word"": ""below"", ""timed_overlap"": 1, ""column_overlap"": 2}]",completed,100,100,0
500,295,neural,3,much,squishing,99,99,99,True,2,3,0,0,,122,"[{""word"": ""squishing"", ""timed_overlap"": 2, ""column_overlap"": 3}, {""word"": ""also"", ""timed_overlap"": 2, ""column_overlap"": 3}, {""word"": ""chop"", ""timed_overlap"": 2, ""column_overlap"": 2}, {""word"": ""deny"", ""timed_overlap"": 1, ""column_overlap"": 4}, {""word"": ""pity"", ""timed_overlap"": 1, ""column_overlap"": 3}]",completed,99,99,0
500,295,neural,4,use,put,99,99,99,True,2,2,0,0,,114,"[{""word"": ""put"", ""timed_overlap"": 2, ""column_overlap"": 2}, {""word"": ""Up"", ""timed_overlap"": 2, ""column_overlap"": 2}, {""word"": ""blades"", ""timed_overlap"": 1, ""column_overlap"": 4}, {""word"": ""shook"", ""timed_overlap"": 1, ""column_overlap"": 3}, {""word"": ""dress"", ""timed_overlap"": 1, ""column_overlap"": 3}]",completed,99,99,0
500,296,neural,1,over,present,100,100,100,True,2,4,0,0,,122,"[{""word"": ""present"", ""timed_overlap"": 2, ""column_overlap"": 4}, {""word"": ""butter"", ""timed_overlap"": 2, ""column_overlap"": 3}, {""word"": ""tunnels"", ""timed_overlap"": 2, ""column_overlap"": 3}, {""word"": ""other"", ""timed_overlap"": 2, ""column_overlap"": 3}, {""word"": ""passed"", ""timed_overlap"": 2, ""column_overlap"": 2}]",completed,91,10,0
500,296,neural,2,his,am,99,99,99,True,2,4,0,0,,96,"[{""word"": ""am"", ""timed_overlap"": 2, ""column_overlap"": 4}, {""word"": ""youth"", ""timed_overlap"": 2, ""column_overlap"": 3}, {""word"": ""afternoon"", ""timed_overlap"": 2, ""column_overlap"": 2}, {""word"": ""promise"", ""timed_overlap"": 2, ""column_overlap"": 2}, {""word"": ""blue"", ""timed_overlap"": 2, ""column_overlap"": 2}]",completed,100,100,0
500,296,neural,3,eyes,roar,96,96,96,True,2,2,0,0,,82,"[{""word"": ""roar"", ""timed_overlap"": 2, ""column_overlap"": 2}, {""word"": ""others"", ""timed_overlap"": 1, ""column_overlap"": 3}, {""word"": ""sweetens"", ""timed_overlap"": 1, ""column_overlap"": 3}, {""word"": ""blue"", ""timed_overlap"": 1, ""column_overlap"": 3}, {""word"": ""stories"", ""timed_overlap"": 1, ""column_overlap"": 3}]",completed,99,99,0
500,296,neural,4,",",closing,98,98,98,True,1,3,0,0,,56,"[{""word"": ""closing"", ""timed_overlap"": 1, ""column_overlap"": 3}, {""word"": ""Lung"", ""timed_overlap"": 1, ""column_overlap"": 3}, {""word"": ""other"", ""timed_overlap"": 1, ""column_overlap"": 2}, {""word"": ""excluded"", ""timed_overlap"": 1, ""column_overlap"": 2}, {""word"": ""poured"", ""timed_overlap"": 1, ""column_overlap"": 2}]",completed,96,96,0
500,297,neural,1,carriage,chop,99,99,99,True,1,2,0,0,,90,"[{""word"": ""chop"", ""timed_overlap"": 1, ""column_overlap"": 2}, {""word"": ""Miss"", ""timed_overlap"": 1, ""column_overlap"": 2}, {""word"": ""palace"", ""timed_overlap"": 1, ""column_overlap"": 2}, {""word"": ""hearth"", ""timed_overlap"": 1, ""column_overlap"": 2}, {""word"": ""BEN"", ""timed_overlap"": 1, ""column_overlap"": 2}]",completed,91,10,0
500,297,neural,2,apparently,lamassery,99,99,99,True,2,3,1,1,37,61,"[{""word"": ""lamassery"", ""timed_overlap"": 2, ""column_overlap"": 3}, {""word"": ""Look"", ""timed_overlap"": 1, ""column_overlap"": 3}, {""word"": ""child"", ""timed_overlap"": 1, ""column_overlap"": 3}, {""word"": ""till"", ""timed_overlap"": 1, ""column_overlap"": 2}, {""word"": ""Sara"", ""timed_overlap"": 1, ""column_overlap"": 2}]",completed,99,99,0
500,297,neural,3,full,appeared,99,99,99,True,2,4,0,0,,116,"[{""word"": ""appeared"", ""timed_overlap"": 2, ""column_overlap"": 4}, {""word"": ""tunnels"", ""timed_overlap"": 2, ""column_overlap"": 2}, {""word"": ""III"", ""timed_overlap"": 2, ""column_overlap"": 2}, {""word"": ""fortunate"", ""timed_overlap"": 2, ""column_overlap"": 2}, {""word"": ""to-morrow"", ""timed_overlap"": 2, ""column_overlap"": 2}]",completed,99,99,0
500,297,neural,4,of,incidents,96,96,96,True,2,3,0,0,,137,"[{""word"": ""incidents"", ""timed_overlap"": 2, ""column_overlap"": 3}, {""word"": ""stylish"", ""timed_overlap"": 2, ""column_overlap"": 2}, {""word"": ""marriage"", ""timed_overlap"": 2, ""column_overlap"": 2}, {""word"": ""Kindly"", ""timed_overlap"": 2, ""column_overlap"": 2}, {""word"": ""whether"", ""timed_overlap"": 2, ""column_overlap"": 2}]",completed,99,99,0
500,298,neural,1,right,be,100,100,100,True,3,3,0,0,,78,"[{""word"": ""be"", ""timed_overlap"": 3, ""column_overlap"": 3}, {""word"": ""its"", ""timed_overlap"": 2, ""column_overlap"": 2}, {""word"": ""ladylike"", ""timed_overlap"": 2, ""column_overlap"": 2}, {""word"": ""finish"", ""timed_overlap"": 2, ""column_overlap"": 2}, {""word"": ""See"", ""timed_overlap"": 1, ""column_overlap"": 3}]",completed,82,10,0
500,298,neural,2,away,branch,100,100,100,True,2,2,0,0,,83,"[{""word"": ""branch"", ""timed_overlap"": 2, ""column_overlap"": 2}, {""word"": ""could"", ""timed_overlap"": 1, ""column_overlap"": 3}, {""word"": ""chance"", ""timed_overlap"": 1, ""column_overlap"": 3}, {""word"": ""sisters"", ""timed_overlap"": 1, ""column_overlap"": 3}, {""word"": ""almost"", ""timed_overlap"": 1, ""column_overlap"": 2}]",completed,100,100,0
500,298,neural,3,.,Mollie,98,98,98,True,2,3,0,0,,96,"[{""word"": ""Mollie"", ""timed_overlap"": 2, ""column_overlap"": 3}, {""word"": ""appeal"", ""timed_overlap"": 2, ""column_overlap"": 3}, {""word"": ""beautifully"", ""timed_overlap"": 2, ""column_overlap"": 3}, {""word"": ""indeed"", ""timed_overlap"": 2, ""column_overlap"": 2}, {""word"": ""flowers"", ""timed_overlap"": 1, ""column_overlap"": 4}]",completed,100,100,0
500,298,neural,4,'',whether,97,97,97,True,2,3,1,2,9,92,"[{""word"": ""whether"", ""timed_overlap"": 2, ""column_overlap"": 3}, {""word"": ""Marcella"", ""timed_overlap"": 2, ""column_overlap"": 2}, {""word"": ""minutes"", ""timed_overlap"": 1, ""column_overlap"": 4}, {""word"": ""mud"", ""timed_overlap"": 1, ""column_overlap"": 3}, {""word"": ""Squirrel"", ""timed_overlap"": 1, ""column_overlap"": 3}]",completed,98,98,0
500,299,neural,1,was,Once,99,99,99,True,2,2,0,0,,95,"[{""word"": ""Once"", ""timed_overlap"": 2, ""column_overlap"": 2}, {""word"": ""why"", ""timed_overlap"": 2, ""column_overlap"": 2}, {""word"": ""Dacca"", ""timed_overlap"": 2, ""column_overlap"": 2}, {""word"": ""heads"", ""timed_overlap"": 1, ""column_overlap"": 4}, {""word"": ""post"", ""timed_overlap"": 1, ""column_overlap"": 4}]",completed,91,10,0
500,299,neural,2,running,Joe,100,100,100,True,2,3,0,0,,90,"[{""word"": ""Joe"", ""timed_overlap"": 2, ""column_overlap"": 3}, {""word"": ""Reddy"", ""timed_overlap"": 2, ""column_overlap"": 2}, {""word"": ""snubbed"", ""timed_overlap"": 1, ""column_overlap"": 3}, {""word"": ""jewels"", ""timed_overlap"": 1, ""column_overlap"": 2}, {""word"": ""whither"", ""timed_overlap"": 1, ""column_overlap"": 2}]",completed,99,99,0
500,299,neural,3,away,bared,98,98,98,True,2,2,0,0,,73,"[{""word"": ""bared"", ""timed_overlap"": 2, ""column_overlap"": 2}, {""word"": ""Play"", ""timed_overlap"": 2, ""column_overlap"": 2}, {""word"": ""Skunk"", ""timed_overlap"": 2, ""column_overlap"": 2}, {""word"": ""glad"", ""timed_overlap"": 2, ""column_overlap"": 2}, {""word"": ""rare"", ""timed_overlap"": 1, ""column_overlap"": 3}]",completed,100,100,0
500,299,neural,4,from,bared,99,99,99,True,2,2,0,0,,86,"[{""word"": ""bared"", ""timed_overlap"": 2, ""column_overlap"": 2}, {""word"": ""approve"", ""timed_overlap"": 1, ""column_overlap"": 3}, {""word"": ""belt"", ""timed_overlap"": 1, ""column_overlap"": 2}, {""word"": ""frozen"", ""timed_overlap"": 1, ""column_overlap"": 2}, {""word"": ""bait"", ""timed_overlap"": 1, ""column_overlap"": 2}]",completed,98,98,0
500,300,neural,1,in,is,100,100,100,True,3,3,0,0,,100,"[{""word"": ""is"", ""timed_overlap"": 3, ""column_overlap"": 3}, {""word"": ""seems"", ""timed_overlap"": 2, ""column_overlap"": 2}, {""word"": ""rejoined"", ""timed_overlap"": 2, ""column_overlap"": 2}, {""word"": ""Alfin"", ""timed_overlap"": 2, ""column_overlap"": 2}, {""word"": ""Up"", ""timed_overlap"": 2, ""column_overlap"": 2}]",completed,82,10,0
500,300,neural,2,your,lady,100,100,100,True,2,3,0,0,,90,"[{""word"": ""lady"", ""timed_overlap"": 2, ""column_overlap"": 3}, {""word"": ""hands"", ""timed_overlap"": 2, ""column_overlap"": 2}, {""word"": ""fortunate"", ""timed_overlap"": 2, ""column_overlap"": 2}, {""word"": ""First"", ""timed_overlap"": 2, ""column_overlap"": 2}, {""word"": ""Hannah"", ""timed_overlap"": 1, ""column_overlap"": 3}]",completed,100,100,0
500,300,neural,3,eyes,Quicksilver,100,100,100,True,2,3,0,0,,111,"[{""word"": ""Quicksilver"", ""timed_overlap"": 2, ""column_overlap"": 3}, {""word"": ""Behind"", ""timed_overlap"": 2, ""column_overlap"": 2}, {""word"": ""Cyrilla"", ""timed_overlap"": 2, ""column_overlap"": 2}, {""word"": ""Wildrose"", ""timed_overlap"": 2, ""column_overlap"": 2}, {""word"": ""one"", ""timed_overlap"": 2, ""column_overlap"": 2}]",completed,100,100,0
500,300,neural,4,.,face,99,99,99,True,2,3,0,0,,92,"[{""word"": ""face"", ""timed_overlap"": 2, ""column_overlap"": 3}, {""word"": ""cows"", ""timed_overlap"": 2, ""column_overlap"": 2}, {""word"": ""wandered"", ""timed_overlap"": 2, ""column_overlap"": 2}, {""word"": ""particular"", ""timed_overlap"": 1, ""column_overlap"": 4}, {""word"": ""talk"", ""timed_overlap"": 1, ""column_overlap"": 3}]",completed,100,100,0
500,301,neural,1,that,hate,99,99,99,True,2,3,0,0,,78,"[{""word"": ""hate"", ""timed_overlap"": 2, ""column_overlap"": 3}, {""word"": ""Gallipoli"", ""timed_overlap"": 2, ""column_overlap"": 2}, {""word"": ""ordered"", ""timed_overlap"": 1, ""column_overlap"": 4}, {""word"": ""Meadow"", ""timed_overlap"": 1, ""column_overlap"": 3}, {""word"": ""astray"", ""timed_overlap"": 1, ""column_overlap"": 2}]",completed,91,10,0
500,301,neural,2,yesterday,birthday,99,99,99,True,1,3,0,0,,80,"[{""word"": ""birthday"", ""timed_overlap"": 1, ""column_overlap"": 3}, {""word"": ""Sodnos"", ""timed_overlap"": 1, ""column_overlap"": 3}, {""word"": ""excluded"", ""timed_overlap"": 1, ""column_overlap"": 3}, {""word"": ""Peerless"", ""timed_overlap"": 1, ""column_overlap"": 3}, {""word"": ""BILLY"", ""timed_overlap"": 1, ""column_overlap"": 3}]",completed,99,99,0
500,301,neural,3,and,calmly,99,99,99,True,2,3,0,0,,104,"[{""word"": ""calmly"", ""timed_overlap"": 2, ""column_overlap"": 3}, {""word"": ""Lucinda"", ""timed_overlap"": 2, ""column_overlap"": 2}, {""word"": ""rest"", ""timed_overlap"": 2, ""column_overlap"": 2}, {""word"": ""just"", ""timed_overlap"": 2, ""column_overlap"": 2}, {""word"": ""Dacca"", ""timed_overlap"": 1, ""column_overlap"": 3}]",completed,99,99,0
500,301,neural,4,it,sentence,98,98,98,True,2,4,0,0,,132,"[{""word"": ""sentence"", ""timed_overlap"": 2, ""column_overlap"": 4}, {""word"": ""distant"", ""timed_overlap"": 2, ""column_overlap"": 3}, {""word"": ""breakfast"", ""timed_overlap"": 2, ""column_overlap"": 3}, {""word"": ""knew"", ""timed_overlap"": 2, ""column_overlap"": 2}, {""word"": ""ogress"", ""timed_overlap"": 2, ""column_overlap"": 2}]",completed,99,99,0
500,302,neural,1,talking,people,100,100,100,True,2,3,0,0,,118,"[{""word"": ""people"", ""timed_overlap"": 2, ""column_overlap"": 3}, {""word"": ""prince"", ""timed_overlap"": 2, ""column_overlap"": 3}, {""word"": ""the"", ""timed_overlap"": 2, ""column_overlap"": 2}, {""word"": ""while"", ""timed_overlap"": 2, ""column_overlap"": 2}, {""word"": ""Priscilla"", ""timed_overlap"": 2, ""column_overlap"": 2}]",completed,82,10,0
500,302,neural,2,to,sit,99,99,99,True,2,3,0,0,,79,"[{""word"": ""sit"", ""timed_overlap"": 2, ""column_overlap"": 3}, {""word"": ""can"", ""timed_overlap"": 2, ""column_overlap"": 2}, {""word"": ""effort"", ""timed_overlap"": 2, ""column_overlap"": 2}, {""word"": ""such"", ""timed_overlap"": 1, ""column_overlap"": 3}, {""word"": ""Felicity"", ""timed_overlap"": 1, ""column_overlap"": 3}]",completed,100,100,0
500,302,neural,3,himself,wrote,98,98,98,True,3,3,0,0,,82,"[{""word"": ""wrote"", ""timed_overlap"": 3, ""column_overlap"": 3}, {""word"": ""pictures"", ""timed_overlap"": 1, ""column_overlap"": 4}, {""word"": ""hall"", ""timed_overlap"": 1, ""column_overlap"": 3}, {""word"": ""youth"", ""timed_overlap"": 1, ""column_overlap"": 3}, {""word"": ""frog"", ""timed_overlap"": 1, ""column_overlap"": 3}]",completed,99,99,0
500,302,neural,4,down,delighted,99,99,99,True,2,2,0,0,,86,"[{""word"": ""delighted"", ""timed_overlap"": 2, ""column_overlap"": 2}, {""word"": ""May-lord"", ""timed_overlap"": 2, ""column_overlap"": 2}, {""word"": ""green"", ""timed_overlap"": 2, ""column_overlap"": 2}, {""word"": ""ONCE"", ""timed_overlap"": 1, ""column_overlap"": 3}, {""word"": ""though"", ""timed_overlap"": 1, ""column_overlap"": 2}]",completed,98,98,0
500,303,neural,1,one,one,99,99,99,True,3,3,3,3,1,179,"[{""word"": ""one"", ""timed_overlap"": 3, ""column_overlap"": 3}, {""word"": ""gadding"", ""timed_overlap"": 2, ""column_overlap"": 4}, {""word"": ""closing"", ""timed_overlap"": 2, ""column_overlap"": 3}, {""word"": ""simply"", ""timed_overlap"": 2, ""column_overlap"": 2}, {""word"": ""UNC"", ""timed_overlap"": 2, ""column_overlap"": 2}]",completed,91,10,0
500,303,neural,2,was,Parsee,100,100,100,True,2,2,0,0,,95,"[{""word"": ""Parsee"", ""timed_overlap"": 2, ""column_overlap"": 2}, {""word"": ""her"", ""timed_overlap"": 2, ""column_overlap"": 2}, {""word"": ""bought"", ""timed_overlap"": 1, ""column_overlap"": 3}, {""word"": ""looking"", ""timed_overlap"": 1, ""column_overlap"": 3}, {""word"": ""such"", ""timed_overlap"": 1, ""column_overlap"": 3}]",completed,99,99,0
500,303,neural,3,so,altogether,99,99,99,True,2,3,0,0,,107,"[{""word"": ""altogether"", ""timed_overlap"": 2, ""column_overlap"": 3}, {""word"": ""RABBIT"", ""timed_overlap"": 2, ""column_overlap"": 3}, {""word"": ""Cheering"", ""timed_overlap"": 2, ""column_overlap"": 3}, {""word"": ""green"", ""timed_overlap"": 2, ""column_overlap"": 2}, {""word"": ""One"", ""timed_overlap"": 1, ""column_overlap"": 5}]",completed,100,100,0
500,303,neural,4,big,months,96,96,96,True,2,3,0,0,,99,"[{""word"": ""months"", ""timed_overlap"": 2, ""column_overlap"": 3}, {""word"": ""distance"", ""timed_overlap"": 2, ""column_overlap"": 3}, {""word"": ""UNC"", ""timed_overlap"": 2, ""column_overlap"": 2}, {""word"": ""fellow"", ""timed_overlap"": 1, ""column_overlap"": 4}, {""word"": ""killed"", ""timed_overlap"": 1, ""column_overlap"": 3}]",completed,99,99,0
500,304,neural,1,our,wind,100,100,100,True,2,3,0,0,,125,"[{""word"": ""wind"", ""timed_overlap"": 2, ""column_overlap"": 3}, {""word"": ""gallant"", ""timed_overlap"": 2, ""column_overlap"": 2}, {""word"": ""shimmer"", ""timed_overlap"": 1, ""column_overlap"": 4}, {""word"": ""value"", ""timed_overlap"": 1, ""column_overlap"": 4}, {""word"": ""Douglas"", ""timed_overlap"": 1, ""column_overlap"": 4}]",completed,82,10,0
500,304,neural,2,thoughts,her,99,99,99,True,3,4,0,0,,71,"[{""word"": ""her"", ""timed_overlap"": 3, ""column_overlap"": 4}, {""word"": ""agreement"", ""timed_overlap"": 1, ""column_overlap"": 4}, {""word"": ""Then"", ""timed_overlap"": 1, ""column_overlap"": 3}, {""word"": ""WHY"", ""timed_overlap"": 1, ""column_overlap"": 3}, {""word"": ""drop"", ""timed_overlap"": 1, ""column_overlap"": 3}]",completed,100,100,0
500,304,neural,3,",",horse,96,96,96,True,2,2,0,0,,69,"[{""word"": ""horse"", ""timed_overlap"": 2, ""column_overlap"": 2}, {""word"": ""wind"", ""timed_overlap"": 1, ""column_overlap"": 3}, {""word"": ""Betty"", ""timed_overlap"": 1, ""column_overlap"": 3}, {""word"": ""gallant"", ""timed_overlap"": 1, ""column_overlap"": 3}, {""word"": ""broidered"", ""timed_overlap"": 1, ""column_overlap"": 2}]",completed,99,99,0
500,304,neural,4,as,course,97,97,97,True,2,3,0,0,,74,"[{""word"": ""course"", ""timed_overlap"": 2, ""column_overlap"": 3}, {""word"": ""nurse"", ""timed_overlap"": 2, ""column_overlap"": 2}, {""word"": ""under"", ""timed_overlap"": 1, ""column_overlap"": 2}, {""word"": ""came"", ""timed_overlap"": 1, ""column_overlap"": 2}, {""word"": ""Hannah"", ""timed_overlap"": 1, ""column_overlap"": 2}]",completed,96,96,0
500,305,neural,1,the,lump,100,100,100,True,2,2,0,0,,90,"[{""word"": ""lump"", ""timed_overlap"": 2, ""column_overlap"": 2}, {""word"": ""soon"", ""timed_overlap"": 2, ""column_overlap"": 2}, {""word"": ""Pekoe"", ""timed_overlap"": 1, ""column_overlap"": 3}, {""word"": ""lady"", ""timed_overlap"": 1, ""column_overlap"": 3}, {""word"": ""n't"", ""timed_overlap"": 1, ""column_overlap"": 3}]",completed,82,10,0
500,305,neural,2,people,should,100,100,100,True,2,2,0,0,,97,"[{""word"": ""should"", ""timed_overlap"": 2, ""column_overlap"": 2}, {""word"": ""A"", ""timed_overlap"": 2, ""column_overlap"": 2}, {""word"": ""stern"", ""timed_overlap"": 2, ""column_overlap"": 2}, {""word"": ""poured"", ""timed_overlap"": 2, ""column_overlap"": 2}, {""word"": ""clouded"", ""timed_overlap"": 1, ""column_overlap"": 4}]",completed,100,100,0
500,305,neural,3,in,closing,99,99,99,True,2,2,0,0,,93,"[{""word"": ""closing"", ""timed_overlap"": 2, ""column_overlap"": 2}, {""word"": ""satisfied"", ""timed_overlap"": 1, ""column_overlap"": 3}, {""word"": ""creature"", ""timed_overlap"": 1, ""column_overlap"": 3}, {""word"": ""Carrots"", ""timed_overlap"": 1, ""column_overlap"": 3}, {""word"": ""sign"", ""timed_overlap"": 1, ""column_overlap"": 2}]",completed,100,100,0
500,305,neural,4,the,coming,98,98,98,True,2,3,0,0,,98,"[{""word"": ""coming"", ""timed_overlap"": 2, ""column_overlap"": 3}, {""word"": ""me"", ""timed_overlap"": 2, ""column_overlap"": 3}, {""word"": ""Sue"", ""timed_overlap"": 2, ""column_overlap"": 2}, {""word"": ""Ben"", ""timed_overlap"": 2, ""column_overlap"": 2}, {""word"": ""say"", ""timed_overlap"": 2, ""column_overlap"": 2}]",completed,99,99,0
500,306,neural,1,your,locked,100,100,100,True,2,3,0,0,,92,"[{""word"": ""locked"", ""timed_overlap"": 2, ""column_overlap"": 3}, {""word"": ""sentiment"", ""timed_overlap"": 2, ""column_overlap"": 2}, {""word"": ""get"", ""timed_overlap"": 2, ""column_overlap"": 2}, {""word"": ""Lawful"", ""timed_overlap"": 2, ""column_overlap"": 2}, {""word"": ""pretence"", ""timed_overlap"": 1, ""column_overlap"": 3}]",completed,100,10,0
500,306,neural,2,Uncle,They,99,99,99,True,1,3,0,0,,89,"[{""word"": ""They"", ""timed_overlap"": 1, ""column_overlap"": 3}, {""word"": ""hat"", ""timed_overlap"": 1, ""column_overlap"": 3}, {""word"": ""Amy"", ""timed_overlap"": 1, ""column_overlap"": 3}, {""word"": ""Schmidt"", ""timed_overlap"": 1, ""column_overlap"": 3}, {""word"": ""Nature"", ""timed_overlap"": 1, ""column_overlap"": 3}]",completed,100,100,0
500,306,neural,3,Robert,Lung,98,98,98,True,2,3,0,0,,100,"[{""word"": ""Lung"", ""timed_overlap"": 2, ""column_overlap"": 3}, {""word"": ""sleep"", ""timed_overlap"": 2, ""column_overlap"": 2}, {""word"": ""garret"", ""timed_overlap"": 2, ""column_overlap"": 2}, {""word"": ""broadest"", ""timed_overlap"": 1, ""column_overlap"": 4}, {""word"": ""whither"", ""timed_overlap"": 1, ""column_overlap"": 3}]",completed,99,99,0
500,306,neural,4,'s,sort,98,98,98,True,2,3,0,0,,126,"[{""word"": ""sort"", ""timed_overlap"": 2, ""column_overlap"": 3}, {""word"": ""mischievous"", ""timed_overlap"": 2, ""column_overlap"": 2}, {""word"": ""apparently"", ""timed_overlap"": 2, ""column_overlap"": 2}, {""word"": ""birthday"", ""timed_overlap"": 2, ""column_overlap"": 2}, {""word"": ""Meadow"", ""timed_overlap"": 2, ""column_overlap"": 2}]",completed,98,98,0
500,307,neural,1,of,mair,100,100,100,True,2,3,1,1,79,84,"[{""word"": ""mair"", ""timed_overlap"": 2, ""column_overlap"": 3}, {""word"": ""Ginger"", ""timed_overlap"": 2, ""column_overlap"": 2}, {""word"": ""Meredith"", ""timed_overlap"": 1, ""column_overlap"": 3}, {""word"": ""taken"", ""timed_overlap"": 1, ""column_overlap"": 3}, {""word"": ""See"", ""timed_overlap"": 1, ""column_overlap"": 3}]",completed,100,10,0
500,307,neural,2,silver,bait,98,98,98,True,3,3,0,0,,96,"[{""word"": ""bait"", ""timed_overlap"": 3, ""column_overlap"": 3}, {""word"": ""value"", ""timed_overlap"": 2, ""column_overlap"": 4}, {""word"": ""against"", ""timed_overlap"": 2, ""column_overlap"": 3}, {""word"": ""Bassett"", ""timed_overlap"": 2, ""column_overlap"": 2}, {""word"": ""fixed"", ""timed_overlap"": 1, ""column_overlap"": 3}]",completed,100,100,0
500,307,neural,3,and,teach,99,99,99,True,2,2,0,0,,98,"[{""word"": ""teach"", ""timed_overlap"": 2, ""column_overlap"": 2}, {""word"": ""heated"", ""timed_overlap"": 1, ""column_overlap"": 4}, {""word"": ""welcome"", ""timed_overlap"": 1, ""column_overlap"": 4}, {""word"": ""Unc"", ""timed_overlap"": 1, ""column_overlap"": 3}, {""word"": ""Emmy"", ""timed_overlap"": 1, ""column_overlap"": 3}]",completed,98,98,0
500,307,neural,4,the,mother-bird,99,99,99,True,2,3,0,0,,110,"[{""word"": ""mother-bird"", ""timed_overlap"": 2, ""column_overlap"": 3}, {""word"": ""except"", ""timed_overlap"": 2, ""column_overlap"": 3}, {""word"": ""awful"", ""timed_overlap"": 2, ""column_overlap"": 2}, {""word"": ""face"", ""timed_overlap"": 2, ""column_overlap"": 2}, {""word"": ""Poland"", ""timed_overlap"": 1, ""column_overlap"": 3}]",completed,99,99,0
500,308,neural,1,cake,by,100,100,100,True,2,3,0,0,,117,"[{""word"": ""by"", ""timed_overlap"": 2, ""column_overlap"": 3}, {""word"": ""Instead"", ""timed_overlap"": 2, ""column_overlap"": 3}, {""word"": ""morning"", ""timed_overlap"": 2, ""column_overlap"": 2}, {""word"": ""sight"", ""timed_overlap"": 2, ""column_overlap"": 2}, {""word"": ""yours"", ""timed_overlap"": 2, ""column_overlap"": 2}]",completed,82,10,0
500,308,neural,2,without,weight,100,100,100,True,2,3,0,0,,101,"[{""word"": ""weight"", ""timed_overlap"": 2, ""column_overlap"": 3}, {""word"": ""tobacco"", ""timed_overlap"": 2, ""column_overlap"": 2}, {""word"": ""make"", ""timed_overlap"": 2, ""column_overlap"": 2}, {""word"": ""speak"", ""timed_overlap"": 1, ""column_overlap"": 4}, {""word"": ""netting"", ""timed_overlap"": 1, ""column_overlap"": 4}]",completed,100,100,0
500,308,neural,3,butter,Dacca,96,96,96,True,2,3,1,1,33,101,"[{""word"": ""Dacca"", ""timed_overlap"": 2, ""column_overlap"": 3}, {""word"": ""hard"", ""timed_overlap"": 2, ""column_overlap"": 2}, {""word"": ""Sara"", ""timed_overlap"": 2, ""column_overlap"": 2}, {""word"": ""Truly"", ""timed_overlap"": 1, ""column_overlap"": 3}, {""word"": ""grown"", ""timed_overlap"": 1, ""column_overlap"": 3}]",completed,100,100,0
500,308,neural,4,or,confessed,96,96,96,True,2,2,0,0,,116,"[{""word"": ""confessed"", ""timed_overlap"": 2, ""column_overlap"": 2}, {""word"": ""whistle"", ""timed_overlap"": 2, ""column_overlap"": 2}, {""word"": ""pink"", ""timed_overlap"": 2, ""column_overlap"": 2}, {""word"": ""May-lord"", ""timed_overlap"": 2, ""column_overlap"": 2}, {""word"": ""state"", ""timed_overlap"": 1, ""column_overlap"": 3}]",completed,96,96,0
500,309,neural,1,disappointment,applause,100,100,100,True,2,2,0,0,,86,"[{""word"": ""applause"", ""timed_overlap"": 2, ""column_overlap"": 2}, {""word"": ""talked"", ""timed_overlap"": 1, ""column_overlap"": 3}, {""word"": ""know"", ""timed_overlap"": 1, ""column_overlap"": 3}, {""word"": ""Johnny"", ""timed_overlap"": 1, ""column_overlap"": 3}, {""word"": ""For"", ""timed_overlap"": 1, ""column_overlap"": 3}]",completed,91,10,0
500,309,neural,2,",",seems,98,98,98,True,1,4,0,0,,72,"[{""word"": ""seems"", ""timed_overlap"": 1, ""column_overlap"": 4}, {""word"": ""grasshoppers"", ""timed_overlap"": 1, ""column_overlap"": 2}, {""word"": ""these"", ""timed_overlap"": 1, ""column_overlap"": 2}, {""word"": ""Bessy"", ""timed_overlap"": 1, ""column_overlap"": 2}, {""word"": ""wife"", ""timed_overlap"": 1, ""column_overlap"": 2}]",completed,100,100,0
500,309,neural,3,flew,face,99,99,99,True,3,3,0,0,,110,"[{""word"": ""face"", ""timed_overlap"": 3, ""column_overlap"": 3}, {""word"": ""waiting"", ""timed_overlap"": 2, ""column_overlap"": 2}, {""word"": ""to-morrow"", ""timed_overlap"": 1, ""column_overlap"": 4}, {""word"": ""intended"", ""timed_overlap"": 1, ""column_overlap"": 3}, {""word"": ""faithfully"", ""timed_overlap"": 1, ""column_overlap"": 3}]",completed,98,98,0
500,309,neural,4,angrily,teeth,100,100,100,True,2,3,1,2,32,93,"[{""word"": ""teeth"", ""timed_overlap"": 2, ""column_overlap"": 3}, {""word"": ""river"", ""timed_overlap"": 2, ""column_overlap"": 2}, {""word"": ""where"", ""timed_overlap"": 1, ""column_overlap"": 3}, {""word"": ""gradual"", ""timed_overlap"": 1, ""column_overlap"": 3}, {""word"": ""Ida"", ""timed_overlap"": 1, ""column_overlap"": 2}]",completed,99,99,0
500,310,neural,1,reserved,'',100,100,100,True,2,2,0,0,,94,"[{""word"": ""''"", ""timed_overlap"": 2, ""column_overlap"": 2}, {""word"": ""enough"", ""timed_overlap"": 1, ""column_overlap"": 4}, {""word"": ""own"", ""timed_overlap"": 1, ""column_overlap"": 3}, {""word"": ""departs"", ""timed_overlap"": 1, ""column_overlap"": 3}, {""word"": ""those"", ""timed_overlap"": 1, ""column_overlap"": 3}]",completed,100,10,0
500,310,neural,2,man,Don,100,100,100,True,2,3,0,0,,106,"[{""word"": ""Don"", ""timed_overlap"": 2, ""column_overlap"": 3}, {""word"": ""XXIII"", ""timed_overlap"": 2, ""column_overlap"": 2}, {""word"": ""tree"", ""timed_overlap"": 1, ""column_overlap"": 4}, {""word"": ""Fairy"", ""timed_overlap"": 1, ""column_overlap"": 3}, {""word"": ""pity"", ""timed_overlap"": 1, ""column_overlap"": 3}]",completed,100,100,0
500,310,neural,3,many,forget,100,100,100,True,2,3,0,0,,72,"[{""word"": ""forget"", ""timed_overlap"": 2, ""column_overlap"": 3}, {""word"": ""was"", ""timed_overlap"": 2, ""column_overlap"": 2}, {""word"": ""healthful"", ""timed_overlap"": 2, ""column_overlap"": 2}, {""word"": ""prettier"", ""timed_overlap"": 1, ""column_overlap"": 3}, {""word"": ""Good-bye"", ""timed_overlap"": 1, ""column_overlap"": 3}]",completed,100,100,0
500,310,neural,4,years,talk,94,94,94,True,2,3,0,0,,98,"[{""word"": ""talk"", ""timed_overlap"": 2, ""column_overlap"": 3}, {""word"": ""strong"", ""timed_overlap"": 2, ""column_overlap"": 2}, {""word"": ""Taffy"", ""timed_overlap"": 1, ""column_overlap"": 3}, {""word"": ""Everybody"", ""timed_overlap"": 1, ""column_overlap"": 3}, {""word"": ""money"", ""timed_overlap"": 1, ""column_overlap"": 3}]",completed,100,100,0
500,311,neural,1,to,hive,97,97,97,True,2,2,0,0,,119,"[{""word"": ""hive"", ""timed_overlap"": 2, ""column_overlap"": 2}, {""word"": ""coming"", ""timed_overlap"": 2, ""column_overlap"": 2}, {""word"": ""Tumultuous"", ""timed_overlap"": 2, ""column_overlap"": 2}, {""word"": ""fellow"", ""timed_overlap"": 2, ""column_overlap"": 2}, {""word"": ""hopes"", ""timed_overlap"": 1, ""column_overlap"": 4}]",completed,73,10,0
500,311,neural,2,open,Aunt,100,100,100,True,2,2,0,0,,106,"[{""word"": ""Aunt"", ""timed_overlap"": 2, ""column_overlap"": 2}, {""word"": ""Susan"", ""timed_overlap"": 2, ""column_overlap"": 2}, {""word"": ""wheeled"", ""timed_overlap"": 1, ""column_overlap"": 3}, {""word"": ""playing"", ""timed_overlap"": 1, ""column_overlap"": 3}, {""word"": ""remorsefully"", ""timed_overlap"": 1, ""column_overlap"": 3}]",completed,97,97,0
500,311,neural,3,the,talks,97,97,97,True,2,4,0,0,,78,"[{""word"": ""talks"", ""timed_overlap"": 2, ""column_overlap"": 4}, {""word"": ""Then"", ""timed_overlap"": 2, ""column_overlap"": 3}, {""word"": ""III"", ""timed_overlap"": 2, ""column_overlap"": 3}, {""word"": ""These"", ""timed_overlap"": 2, ""column_overlap"": 2}, {""word"": ""ladies"", ""timed_overlap"": 2, ""column_overlap"": 2}]",completed,100,100,0
500,311,neural,4,door,hearth,100,100,100,True,2,2,0,0,,92,"[{""word"": ""hearth"", ""timed_overlap"": 2, ""column_overlap"": 2}, {""word"": ""disagreeable"", ""timed_overlap"": 1, ""column_overlap"": 4}, {""word"": ""fact"", ""timed_overlap"": 1, ""column_overlap"": 3}, {""word"": ""impudent"", ""timed_overlap"": 1, ""column_overlap"": 3}, {""word"": ""practice"", ""timed_overlap"": 1, ""column_overlap"": 3}]",completed,97,97,0
500,312,neural,1,Faith,Billy,100,100,100,True,2,3,1,1,103,108,"[{""word"": ""Billy"", ""timed_overlap"": 2, ""column_overlap"": 3}, {""word"": ""wind"", ""timed_overlap"": 2, ""column_overlap"": 2}, {""word"": ""of"", ""timed_overlap"": 2, ""column_overlap"": 2}, {""word"": ""thing"", ""timed_overlap"": 2, ""column_overlap"": 2}, {""word"": ""snow"", ""timed_overlap"": 1, ""column_overlap"": 3}]",completed,91,10,0
500,312,neural,2,and,mutinously,100,100,100,True,2,3,0,0,,88,"[{""word"": ""mutinously"", ""timed_overlap"": 2, ""column_overlap"": 3}, {""word"": ""Wildrose"", ""timed_overlap"": 2, ""column_overlap"": 2}, {""word"": ""flashes"", ""timed_overlap"": 1, ""column_overlap"": 3}, {""word"": ""thoughtfully"", ""timed_overlap"": 1, ""column_overlap"": 3}, {""word"": ""cats"", ""timed_overlap"": 1, ""column_overlap"": 3}]",completed,100,100,0
500,312,neural,3,Una,dared,95,95,95,True,2,2,0,0,,85,"[{""word"": ""dared"", ""timed_overlap"": 2, ""column_overlap"": 2}, {""word"": ""awful"", ""timed_overlap"": 1, ""column_overlap"": 3}, {""word"": ""Leslie"", ""timed_overlap"": 1, ""column_overlap"": 3}, {""word"": ""mosquito"", ""timed_overlap"": 1, ""column_overlap"": 3}, {""word"": ""stands"", ""timed_overlap"": 1, ""column_overlap"": 3}]",completed,100,100,0
500,312,neural,4,had,pity,99,99,99,True,3,3,0,0,,112,"[{""word"": ""pity"", ""timed_overlap"": 3, ""column_overlap"": 3}, {""word"": ""Bill"", ""timed_overlap"": 2, ""column_overlap"": 2}, {""word"": ""touched"", ""timed_overlap"": 1, ""column_overlap"": 4}, {""word"": ""CHAPTER"", ""timed_overlap"": 1, ""column_overlap"": 4}, {""word"": ""thinks"", ""timed_overlap"": 1, ""column_overlap"": 3}]",completed,95,95,0
500,313,neural,1,lay,Over,100,100,100,True,3,4,1,1,91,108,"[{""word"": ""Over"", ""timed_overlap"": 3, ""column_overlap"": 4}, {""word"": ""Besides"", ""timed_overlap"": 2, ""column_overlap"": 3}, {""word"": ""ran"", ""timed_overlap"": 2, ""column_overlap"": 3}, {""word"": ""enough"", ""timed_overlap"": 2, ""column_overlap"": 3}, {""word"": ""deal"", ""timed_overlap"": 2, ""column_overlap"": 3}]",completed,91,10,0
500,313,neural,2,upon,rest,97,97,97,True,2,2,0,0,,63,"[{""word"": ""rest"", ""timed_overlap"": 2, ""column_overlap"": 2}, {""word"": ""worn"", ""timed_overlap"": 2, ""column_overlap"": 2}, {""word"": ""arrived"", ""timed_overlap"": 1, ""column_overlap"": 3}, {""word"": ""bust"", ""timed_overlap"": 1, ""column_overlap"": 3}, {""word"": ""David"", ""timed_overlap"": 1, ""column_overlap"": 2}]",completed,100,100,0
500,313,neural,3,the,sorry,96,96,96,True,2,3,0,0,,103,"[{""word"": ""sorry"", ""timed_overlap"": 2, ""column_overlap"": 3}, {""word"": ""Old"", ""timed_overlap"": 2, ""column_overlap"": 2}, {""word"": ""Williamson"", ""timed_overlap"": 1, ""column_overlap"": 3}, {""word"": ""heard"", ""timed_overlap"": 1, ""column_overlap"": 3}, {""word"": ""To"", ""timed_overlap"": 1, ""column_overlap"": 3}]",completed,97,97,0
500,313,neural,4,ground,On,100,100,100,True,2,3,0,0,,115,"[{""word"": ""On"", ""timed_overlap"": 2, ""column_overlap"": 3}, {""word"": ""Put"", ""timed_overlap"": 2, ""column_overlap"": 3}, {""word"": ""long"", ""timed_overlap"": 2, ""column_overlap"": 2}, {""word"": ""drawing"", ""timed_overlap"": 1, ""column_overlap"": 4}, {""word"": ""danced"", ""timed_overlap"": 1, ""column_overlap"": 3}]",completed,96,96,0
500,314,neural,1,to,promise,100,100,100,True,2,2,1,1,51,105,"[{""word"": ""promise"", ""timed_overlap"": 2, ""column_overlap"": 2}, {""word"": ""sultan"", ""timed_overlap"": 1, ""column_overlap"": 4}, {""word"": ""played"", ""timed_overlap"": 1, ""column_overlap"": 4}, {""word"": ""eye"", ""timed_overlap"": 1, ""column_overlap"": 3}, {""word"": ""central"", ""timed_overlap"": 1, ""column_overlap"": 3}]",completed,100,10,0
500,314,neural,2,run,truth,100,100,100,True,2,2,0,0,,94,"[{""word"": ""truth"", ""timed_overlap"": 2, ""column_overlap"": 2}, {""word"": ""jollier"", ""timed_overlap"": 1, ""column_overlap"": 3}, {""word"": ""-LCB-"", ""timed_overlap"": 1, ""column_overlap"": 3}, {""word"": ""Every"", ""timed_overlap"": 1, ""column_overlap"": 3}, {""word"": ""have"", ""timed_overlap"": 1, ""column_overlap"": 3}]",completed,100,100,0
500,314,neural,3,and,sweetens,99,99,99,True,2,3,0,0,,114,"[{""word"": ""sweetens"", ""timed_overlap"": 2, ""column_overlap"": 3}, {""word"": ""gilded"", ""timed_overlap"": 2, ""column_overlap"": 3}, {""word"": ""Elliott"", ""timed_overlap"": 2, ""column_overlap"": 3}, {""word"": ""says"", ""timed_overlap"": 2, ""column_overlap"": 2}, {""word"": ""leave"", ""timed_overlap"": 1, ""column_overlap"": 4}]",completed,100,100,0
500,314,neural,4,embrace,seeking,98,98,98,True,2,4,0,0,,114,"[{""word"": ""seeking"", ""timed_overlap"": 2, ""column_overlap"": 4}, {""word"": ""birch"", ""timed_overlap"": 2, ""column_overlap"": 3}, {""word"": ""shy"", ""timed_overlap"": 2, ""column_overlap"": 2}, {""word"": ""Schmidt"", ""timed_overlap"": 2, ""column_overlap"": 2}, {""word"": ""Ideal"", ""timed_overlap"": 2, ""column_overlap"": 2}]",completed,99,99,0
500,315,neural,1,and,pen,96,96,96,True,2,3,0,0,,144,"[{""word"": ""pen"", ""timed_overlap"": 2, ""column_overlap"": 3}, {""word"": ""peck"", ""timed_overlap"": 2, ""column_overlap"": 2}, {""word"": ""furious"", ""timed_overlap"": 2, ""column_overlap"": 2}, {""word"": ""ruin"", ""timed_overlap"": 2, ""column_overlap"": 2}, {""word"": ""Jo"", ""timed_overlap"": 2, ""column_overlap"": 2}]",completed,73,10,0
500,315,neural,2,pulled,which,99,99,99,True,2,3,0,0,,75,"[{""word"": ""which"", ""timed_overlap"": 2, ""column_overlap"": 3}, {""word"": ""our"", ""timed_overlap"": 2, ""column_overlap"": 2}, {""word"": ""breath"", ""timed_overlap"": 1, ""column_overlap"": 3}, {""word"": ""fell"", ""timed_overlap"": 1, ""column_overlap"": 2}, {""word"": ""statelier"", ""timed_overlap"": 1, ""column_overlap"": 2}]",completed,96,96,0
500,315,neural,3,out,Skunk,99,99,99,True,2,2,0,0,,84,"[{""word"": ""Skunk"", ""timed_overlap"": 2, ""column_overlap"": 2}, {""word"": ""sisters"", ""timed_overlap"": 2, ""column_overlap"": 2}, {""word"": ""Anzacs"", ""timed_overlap"": 1, ""column_overlap"": 3}, {""word"": ""deep"", ""timed_overlap"": 1, ""column_overlap"": 3}, {""word"": ""Abel"", ""timed_overlap"": 1, ""column_overlap"": 2}]",completed,99,99,0
500,315,neural,4,a,feebly,98,98,98,True,2,3,0,0,,97,"[{""word"": ""feebly"", ""timed_overlap"": 2, ""column_overlap"": 3}, {""word"": ""Even"", ""timed_overlap"": 1, ""column_overlap"": 3}, {""word"": ""thinks"", ""timed_overlap"": 1, ""column_overlap"": 3}, {""word"": ""ruther"", ""timed_overlap"": 1, ""column_overlap"": 3}, {""word"": ""value"", ""timed_overlap"": 1, ""column_overlap"": 3}]",completed,99,99,0
500,316,neural,1,her,There,95,95,95,True,2,2,0,0,,135,"[{""word"": ""There"", ""timed_overlap"": 2, ""column_overlap"": 2}, {""word"": ""drank"", ""timed_overlap"": 1, ""column_overlap"": 4}, {""word"": ""remarked"", ""timed_overlap"": 1, ""column_overlap"": 4}, {""word"": ""tasted"", ""timed_overlap"": 1, ""column_overlap"": 3}, {""word"": ""For"", ""timed_overlap"": 1, ""column_overlap"": 3}]",completed,64,10,0
500,316,neural,2,;,confessed,99,99,99,True,2,4,1,1,63,95,"[{""word"": ""confessed"", ""timed_overlap"": 2, ""column_overlap"": 4}, {""word"": ""evening"", ""timed_overlap"": 2, ""column_overlap"": 2}, {""word"": ""ladylike"", ""timed_overlap"": 1, ""column_overlap"": 4}, {""word"": ""faithfully"", ""timed_overlap"": 1, ""column_overlap"": 3}, {""word"": ""ONCE"", ""timed_overlap"": 1, ""column_overlap"": 3}]",completed,95,95,0
500,316,neural,3,and,Half,100,100,100,True,2,2,0,0,,108,"[{""word"": ""Half"", ""timed_overlap"": 2, ""column_overlap"": 2}, {""word"": ""ought"", ""timed_overlap"": 1, ""column_overlap"": 3}, {""word"": ""away"", ""timed_overlap"": 1, ""column_overlap"": 3}, {""word"": ""rubbed"", ""timed_overlap"": 1, ""column_overlap"": 3}, {""word"": ""fast"", ""timed_overlap"": 1, ""column_overlap"": 3}]",completed,99,99,0
500,316,neural,4,only,running,98,98,98,True,2,3,0,0,,102,"[{""word"": ""running"", ""timed_overlap"": 2, ""column_overlap"": 3}, {""word"": ""Bassett"", ""timed_overlap"": 2, ""column_overlap"": 2}, {""word"": ""Even"", ""timed_overlap"": 2, ""column_overlap"": 2}, {""word"": ""GRACIOSA"", ""timed_overlap"": 1, ""column_overlap"": 3}, {""word"": ""answered"", ""timed_overlap"": 1, ""column_overlap"": 3}]",completed,100,100,0
500,317,neural,1,skating,heated,100,100,100,True,2,3,0,0,,95,"[{""word"": ""heated"", ""timed_overlap"": 2, ""column_overlap"": 3}, {""word"": ""given"", ""timed_overlap"": 2, ""column_overlap"": 3}, {""word"": ""pump"", ""timed_overlap"": 1, ""column_overlap"": 3}, {""word"": ""weigh"", ""timed_overlap"": 1, ""column_overlap"": 3}, {""word"": ""happened"", ""timed_overlap"": 1, ""column_overlap"": 3}]",completed,73,10,0
500,317,neural,2,or,must,100,100,100,True,2,2,0,0,,102,"[{""word"": ""must"", ""timed_overlap"": 2, ""column_overlap"": 2}, {""word"": ""experienced"", ""timed_overlap"": 2, ""column_overlap"": 2}, {""word"": ""arrived"", ""timed_overlap"": 1, ""column_overlap"": 3}, {""word"": ""First"", ""timed_overlap"": 1, ""column_overlap"": 3}, {""word"": ""Scott"", ""timed_overlap"": 1, ""column_overlap"": 3}]",completed,100,100,0
500,317,neural,3,snowshoeing,price,93,93,93,True,2,4,0,0,,107,"[{""word"": ""price"", ""timed_overlap"": 2, ""column_overlap"": 4}, {""word"": ""more"", ""timed_overlap"": 2, ""column_overlap"": 3}, {""word"": ""Jed"", ""timed_overlap"": 2, ""column_overlap"": 3}, {""word"": ""beneath"", ""timed_overlap"": 2, ""column_overlap"": 3}, {""word"": ""shoots"", ""timed_overlap"": 2, ""column_overlap"": 2}]",completed,100,100,0
500,317,neural,4,or,wheeled,98,98,98,True,2,3,0,0,,124,"[{""word"": ""wheeled"", ""timed_overlap"": 2, ""column_overlap"": 3}, {""word"": ""praised"", ""timed_overlap"": 2, ""column_overlap"": 3}, {""word"": ""Charlotte"", ""timed_overlap"": 2, ""column_overlap"": 2}, {""word"": ""ambitions"", ""timed_overlap"": 1, ""column_overlap"": 3}, {""word"": ""sentence"", ""timed_overlap"": 1, ""column_overlap"": 3}]",completed,93,93,0
500,318,neural,1,and,he,100,100,100,True,2,2,1,2,44,121,"[{""word"": ""he"", ""timed_overlap"": 2, ""column_overlap"": 2}, {""word"": ""''"", ""timed_overlap"": 2, ""column_overlap"": 2}, {""word"": ""inches"", ""timed_overlap"": 1, ""column_overlap"": 4}, {""word"": ""those"", ""timed_overlap"": 1, ""column_overlap"": 4}, {""word"": ""God"", ""timed_overlap"": 1, ""column_overlap"": 3}]",completed,91,10,0
500,318,neural,2,she,most,99,99,99,True,2,3,0,0,,86,"[{""word"": ""most"", ""timed_overlap"": 2, ""column_overlap"": 3}, {""word"": ""Douglas"", ""timed_overlap"": 2, ""column_overlap"": 3}, {""word"": ""said"", ""timed_overlap"": 2, ""column_overlap"": 2}, {""word"": ""Porcupine"", ""timed_overlap"": 2, ""column_overlap"": 2}, {""word"": ""helmet"", ""timed_overlap"": 2, ""column_overlap"": 2}]",completed,100,100,0
500,318,neural,3,had,Ben,98,98,98,True,2,3,0,0,,109,"[{""word"": ""Ben"", ""timed_overlap"": 2, ""column_overlap"": 3}, {""word"": ""returned"", ""timed_overlap"": 2, ""column_overlap"": 2}, {""word"": ""Bring"", ""timed_overlap"": 2, ""column_overlap"": 2}, {""word"": ""breakfast"", ""timed_overlap"": 2, ""column_overlap"": 2}, {""word"": ""Schmidt"", ""timed_overlap"": 1, ""column_overlap"": 4}]",completed,99,99,0
500,318,neural,4,no,run,95,95,95,True,2,4,0,0,,106,"[{""word"": ""run"", ""timed_overlap"": 2, ""column_overlap"": 4}, {""word"": ""frog"", ""timed_overlap"": 2, ""column_overlap"": 3}, {""word"": ""makes"", ""timed_overlap"": 2, ""column_overlap"": 3}, {""word"": ""helplessly"", ""timed_overlap"": 2, ""column_overlap"": 2}, {""word"": ""many"", ""timed_overlap"": 1, ""column_overlap"": 4}]",completed,98,98,0
500,319,neural,1,late,pink,100,100,100,True,3,3,0,0,,105,"[{""word"": ""pink"", ""timed_overlap"": 3, ""column_overlap"": 3}, {""word"": ""recovered"", ""timed_overlap"": 2, ""column_overlap"": 2}, {""word"": ""In"", ""timed_overlap"": 1, ""column_overlap"": 4}, {""word"": ""excuse"", ""timed_overlap"": 1, ""column_overlap"": 4}, {""word"": ""faithfully"", ""timed_overlap"": 1, ""column_overlap"": 4}]",completed,82,10,0
500,319,neural,2,for,altogether,98,98,98,True,2,3,0,0,,95,"[{""word"": ""altogether"", ""timed_overlap"": 2, ""column_overlap"": 3}, {""word"": ""Truly"", ""timed_overlap"": 2, ""column_overlap"": 3}, {""word"": ""foremost"", ""timed_overlap"": 2, ""column_overlap"": 2}, {""word"": ""make"", ""timed_overlap"": 2, ""column_overlap"": 2}, {""word"": ""commanded"", ""timed_overlap"": 2, ""column_overlap"": 2}]",completed,100,100,0
500,319,neural,3,everything,pet,98,98,98,True,2,3,0,0,,103,"[{""word"": ""pet"", ""timed_overlap"": 2, ""column_overlap"": 3}, {""word"": ""clothes"", ""timed_overlap"": 2, ""column_overlap"": 2}, {""word"": ""birch"", ""timed_overlap"": 2, ""column_overlap"": 2}, {""word"": ""man"", ""timed_overlap"": 2, ""column_overlap"": 2}, {""word"": ""hive"", ""timed_overlap"": 2, ""column_overlap"": 2}]",completed,98,98,0
500,319,neural,4,",",Amy,96,96,96,True,3,4,0,0,,121,"[{""word"": ""Amy"", ""timed_overlap"": 3, ""column_overlap"": 4}, {""word"": ""Cheering"", ""timed_overlap"": 3, ""column_overlap"": 3}, {""word"": ""astray"", ""timed_overlap"": 2, ""column_overlap"": 3}, {""word"": ""lifting"", ""timed_overlap"": 2, ""column_overlap"": 3}, {""word"": ""killed"", ""timed_overlap"": 2, ""column_overlap"": 2}]",completed,98,98,0
500,320,neural,1,the,closed,100,100,100,True,1,4,0,0,,126,"[{""word"": ""closed"", ""timed_overlap"": 1, ""column_overlap"": 4}, {""word"": ""every"", ""timed_overlap"": 1, ""column_overlap"": 4}, {""word"": ""Bessy"", ""timed_overlap"": 1, ""column_overlap"": 3}, {""word"": ""Take"", ""timed_overlap"": 1, ""column_overlap"": 3}, {""word"": ""towards"", ""timed_overlap"": 1, ""column_overlap"": 3}]",completed,82,10,0
500,320,neural,2,use,Neither,100,100,100,True,2,3,0,0,,86,"[{""word"": ""Neither"", ""timed_overlap"": 2, ""column_overlap"": 3}, {""word"": ""green"", ""timed_overlap"": 2, ""column_overlap"": 3}, {""word"": ""tree"", ""timed_overlap"": 2, ""column_overlap"": 2}, {""word"": ""everlasting"", ""timed_overlap"": 1, ""column_overlap"": 3}, {""word"": ""tell"", ""timed_overlap"": 1, ""column_overlap"": 3}]",completed,100,100,0
500,320,neural,3,of,kind,99,99,99,True,2,3,0,0,,80,"[{""word"": ""kind"", ""timed_overlap"": 2, ""column_overlap"": 3}, {""word"": ""pet"", ""timed_overlap"": 2, ""column_overlap"": 3}, {""word"": ""Alan"", ""timed_overlap"": 2, ""column_overlap"": 2}, {""word"": ""large"", ""timed_overlap"": 1, ""column_overlap"": 3}, {""word"": ""without"", ""timed_overlap"": 1, ""column_overlap"": 3}]",completed,100,100,0
500,320,neural,4,spending,bought,98,98,98,True,2,2,0,0,,93,"[{""word"": ""bought"", ""timed_overlap"": 2, ""column_overlap"": 2}, {""word"": ""Something"", ""timed_overlap"": 1, ""column_overlap"": 3}, {""word"": ""youth"", ""timed_overlap"": 1, ""column_overlap"": 3}, {""word"": ""Ginger"", ""timed_overlap"": 1, ""column_overlap"": 3}, {""word"": ""lamassery"", ""timed_overlap"": 1, ""column_overlap"": 3}]",completed,99,99,0
500,321,neural,1,time,sisters,100,100,100,True,2,2,0,0,,93,"[{""word"": ""sisters"", ""timed_overlap"": 2, ""column_overlap"": 2}, {""word"": ""Dot"", ""timed_overlap"": 2, ""column_overlap"": 2}, {""word"": ""canvas"", ""timed_overlap"": 2, ""column_overlap"": 2}, {""word"": ""twilight"", ""timed_overlap"": 2, ""column_overlap"": 2}, {""word"": ""afraid"", ""timed_overlap"": 1, ""column_overlap"": 4}]",completed,91,10,0
500,321,neural,2,there,from,98,98,98,True,2,2,0,0,,77,"[{""word"": ""from"", ""timed_overlap"": 2, ""column_overlap"": 2}, {""word"": ""dress"", ""timed_overlap"": 1, ""column_overlap"": 3}, {""word"": ""received"", ""timed_overlap"": 1, ""column_overlap"": 3}, {""word"": ""Quicksilver"", ""timed_overlap"": 1, ""column_overlap"": 2}, {""word"": ""Christ-child"", ""timed_overlap"": 1, ""column_overlap"": 2}]",completed,100,100,0
500,321,neural,3,lived,some,98,98,98,True,2,3,0,0,,127,"[{""word"": ""some"", ""timed_overlap"": 2, ""column_overlap"": 3}, {""word"": ""away"", ""timed_overlap"": 2, ""column_overlap"": 2}, {""word"": ""shoulders"", ""timed_overlap"": 2, ""column_overlap"": 2}, {""word"": ""turns"", ""timed_overlap"": 1, ""column_overlap"": 4}, {""word"": ""dragging"", ""timed_overlap"": 1, ""column_overlap"": 3}]",completed,98,98,0
500,321,neural,4,a,Dan,97,97,97,True,2,3,0,0,,109,"[{""word"": ""Dan"", ""timed_overlap"": 2, ""column_overlap"": 3}, {""word"": ""appeared"", ""timed_overlap"": 2, ""column_overlap"": 2}, {""word"": ""hand"", ""timed_overlap"": 1, ""column_overlap"": 4}, {""word"": ""Davy"", ""timed_overlap"": 1, ""column_overlap"": 3}, {""word"": ""months"", ""timed_overlap"": 1, ""column_overlap"": 3}]",completed,98,98,0
500,322,neural,1,the,gallant,99,99,99,True,2,3,2,2,3,123,"[{""word"": ""gallant"", ""timed_overlap"": 2, ""column_overlap"": 3}, {""word"": ""elder"", ""timed_overlap"": 2, ""column_overlap"": 3}, {""word"": ""the"", ""timed_overlap"": 2, ""column_overlap"": 2}, {""word"": ""check"", ""timed_overlap"": 1, ""column_overlap"": 3}, {""word"": ""Fellow"", ""timed_overlap"": 1, ""column_overlap"": 3}]",completed,73,10,0
500,322,neural,2,village,her,100,100,100,True,2,3,0,0,,89,"[{""word"": ""her"", ""timed_overlap"": 2, ""column_overlap"": 3}, {""word"": ""soon"", ""timed_overlap"": 2, ""column_overlap"": 3}, {""word"": ""Of"", ""timed_overlap"": 2, ""column_overlap"": 2}, {""word"": ""Alan"", ""timed_overlap"": 1, ""column_overlap"": 3}, {""word"": ""Laurie"", ""timed_overlap"": 1, ""column_overlap"": 3}]",completed,99,99,0
500,322,neural,3,",",ever,99,99,99,True,2,4,0,0,,88,"[{""word"": ""ever"", ""timed_overlap"": 2, ""column_overlap"": 4}, {""word"": ""departs"", ""timed_overlap"": 2, ""column_overlap"": 3}, {""word"": ""deep"", ""timed_overlap"": 2, ""column_overlap"": 2}, {""word"": ""Peter"", ""timed_overlap"": 2, ""column_overlap"": 2}, {""word"": ""Dot"", ""timed_overlap"": 1, ""column_overlap"": 3}]",completed,100,100,0
500,322,neural,4,married,stranger,98,98,98,True,2,3,0,0,,84,"[{""word"": ""stranger"", ""timed_overlap"": 2, ""column_overlap"": 3}, {""word"": ""near"", ""timed_overlap"": 2, ""column_overlap"": 2}, {""word"": ""sweep"", ""timed_overlap"": 2, ""column_overlap"": 2}, {""word"": ""Isabel"", ""timed_overlap"": 1, ""column_overlap"": 3}, {""word"": ""plans"", ""timed_overlap"": 1, ""column_overlap"": 3}]",completed,99,99,0
500,323,neural,1,it,he,100,100,100,True,2,2,1,1,71,125,"[{""word"": ""he"", ""timed_overlap"": 2, ""column_overlap"": 2}, {""word"": ""''"", ""timed_overlap"": 2, ""column_overlap"": 2}, {""word"": ""inches"", ""timed_overlap"": 1, ""column_overlap"": 4}, {""word"": ""those"", ""timed_overlap"": 1, ""column_overlap"": 4}, {""word"": ""wind"", ""timed_overlap"": 1, ""column_overlap"": 4}]",completed,82,10,0
500,323,neural,2,'s,said,100,100,100,True,2,2,0,0,,78,"[{""word"": ""said"", ""timed_overlap"": 2, ""column_overlap"": 2}, {""word"": ""Sara"", ""timed_overlap"": 1, ""column_overlap"": 4}, {""word"": ""Lightfoot"", ""timed_overlap"": 1, ""column_overlap"": 3}, {""word"": ""pink"", ""timed_overlap"": 1, ""column_overlap"": 3}, {""word"": ""close"", ""timed_overlap"": 1, ""column_overlap"": 2}]",completed,100,100,0
500,323,neural,3,fair,Messua,100,100,100,True,2,4,0,0,,91,"[{""word"": ""Messua"", ""timed_overlap"": 2, ""column_overlap"": 4}, {""word"": ""-LCB-"", ""timed_overlap"": 2, ""column_overlap"": 2}, {""word"": ""Blair"", ""timed_overlap"": 1, ""column_overlap"": 3}, {""word"": ""Now"", ""timed_overlap"": 1, ""column_overlap"": 3}, {""word"": ""development"", ""timed_overlap"": 1, ""column_overlap"": 3}]",completed,100,100,0
500,323,neural,4,disrepitable,tittered,97,97,97,True,2,2,0,0,,93,"[{""word"": ""tittered"", ""timed_overlap"": 2, ""column_overlap"": 2}, {""word"": ""likes"", ""timed_overlap"": 2, ""column_overlap"": 2}, {""word"": ""large"", ""timed_overlap"": 2, ""column_overlap"": 2}, {""word"": ""those"", ""timed_overlap"": 2, ""column_overlap"": 2}, {""word"": ""XXIII"", ""timed_overlap"": 1, ""column_overlap"": 3}]",completed,100,100,0
500,324,neural,1,canvas,canvas,100,100,100,True,3,4,3,4,1,149,"[{""word"": ""canvas"", ""timed_overlap"": 3, ""column_overlap"": 4}, {""word"": ""spending"", ""timed_overlap"": 2, ""column_overlap"": 4}, {""word"": ""Abraham"", ""timed_overlap"": 2, ""column_overlap"": 3}, {""word"": ""given"", ""timed_overlap"": 2, ""column_overlap"": 3}, {""word"": ""First"", ""timed_overlap"": 2, ""column_overlap"": 3}]",completed,82,10,0
500,324,neural,2,tents,Behind,99,99,99,True,3,3,1,1,31,84,"[{""word"": ""Behind"", ""timed_overlap"": 3, ""column_overlap"": 3}, {""word"": ""church"", ""timed_overlap"": 1, ""column_overlap"": 3}, {""word"": ""Quicksilver"", ""timed_overlap"": 1, ""column_overlap"": 2}, {""word"": ""Clow"", ""timed_overlap"": 1, ""column_overlap"": 2}, {""word"": ""Dick"", ""timed_overlap"": 1, ""column_overlap"": 2}]",completed,100,100,0
500,324,neural,3,against,Jesse,99,99,99,True,2,3,0,0,,112,"[{""word"": ""Jesse"", ""timed_overlap"": 2, ""column_overlap"": 3}, {""word"": ""Faith"", ""timed_overlap"": 2, ""column_overlap"": 3}, {""word"": ""after"", ""timed_overlap"": 2, ""column_overlap"": 2}, {""word"": ""shook"", ""timed_overlap"": 1, ""column_overlap"": 3}, {""word"": ""require"", ""timed_overlap"": 1, ""column_overlap"": 3}]",completed,99,99,0
500,324,neural,4,green,green,97,97,97,True,2,3,2,3,1,91,"[{""word"": ""green"", ""timed_overlap"": 2, ""column_overlap"": 3}, {""word"": ""hopes"", ""timed_overlap"": 2, ""column_overlap"": 2}, {""word"": ""order"", ""timed_overlap"": 1, ""column_overlap"": 4}, {""word"": ""Danny"", ""timed_overlap"": 1, ""column_overlap"": 3}, {""word"": ""month"", ""timed_overlap"": 1, ""column_overlap"": 3}]",completed,99,99,0
500,325,neural,1,hotel,hive,100,100,100,True,2,2,0,0,,109,"[{""word"": ""hive"", ""timed_overlap"": 2, ""column_overlap"": 2}, {""word"": ""Sammy"", ""timed_overlap"": 2, ""column_overlap"": 2}, {""word"": ""Jem"", ""timed_overlap"": 2, ""column_overlap"": 2}, {""word"": ""lest"", ""timed_overlap"": 1, ""column_overlap"": 4}, {""word"": ""Beautiful"", ""timed_overlap"": 1, ""column_overlap"": 3}]",completed,82,10,0
500,325,neural,2,Miss,green,99,99,99,True,2,2,1,2,30,100,"[{""word"": ""green"", ""timed_overlap"": 2, ""column_overlap"": 2}, {""word"": ""Blythe"", ""timed_overlap"": 2, ""column_overlap"": 2}, {""word"": ""Laurie"", ""timed_overlap"": 2, ""column_overlap"": 2}, {""word"": ""Ripple"", ""timed_overlap"": 1, ""column_overlap"": 4}, {""word"": ""her"", ""timed_overlap"": 1, ""column_overlap"": 4}]",completed,100,100,0
500,325,neural,3,Trevor,speak,98,98,98,True,3,3,0,0,,95,"[{""word"": ""speak"", ""timed_overlap"": 3, ""column_overlap"": 3}, {""word"": ""misty"", ""timed_overlap"": 2, ""column_overlap"": 3}, {""word"": ""started"", ""timed_overlap"": 2, ""column_overlap"": 2}, {""word"": ""Kim"", ""timed_overlap"": 1, ""column_overlap"": 6}, {""word"": ""brought"", ""timed_overlap"": 1, ""column_overlap"": 4}]",completed,99,99,0
500,325,neural,4,remembered,still,100,100,100,True,2,2,0,0,,105,"[{""word"": ""still"", ""timed_overlap"": 2, ""column_overlap"": 2}, {""word"": ""Quicksilver"", ""timed_overlap"": 2, ""column_overlap"": 2}, {""word"": ""Thus"", ""timed_overlap"": 2, ""column_overlap"": 2}, {""word"": ""interrupted"", ""timed_overlap"": 1, ""column_overlap"": 3}, {""word"": ""makes"", ""timed_overlap"": 1, ""column_overlap"": 3}]",completed,98,98,0
500,326,neural,1,",",Aunt,100,100,100,True,2,2,0,0,,120,"[{""word"": ""Aunt"", ""timed_overlap"": 2, ""column_overlap"": 2}, {""word"": ""gay"", ""timed_overlap"": 1, ""column_overlap"": 4}, {""word"": ""Alfin"", ""timed_overlap"": 1, ""column_overlap"": 4}, {""word"": ""Mrs."", ""timed_overlap"": 1, ""column_overlap"": 4}, {""word"": ""stern"", ""timed_overlap"": 1, ""column_overlap"": 3}]",completed,82,10,0
500,326,neural,2,and,anything,100,100,100,True,1,3,0,0,,110,"[{""word"": ""anything"", ""timed_overlap"": 1, ""column_overlap"": 3}, {""word"": ""tree"", ""timed_overlap"": 1, ""column_overlap"": 3}, {""word"": ""bought"", ""timed_overlap"": 1, ""column_overlap"": 3}, {""word"": ""reigned"", ""timed_overlap"": 1, ""column_overlap"": 3}, {""word"": ""O"", ""timed_overlap"": 1, ""column_overlap"": 3}]",completed,100,100,0
500,326,neural,3,got,tree,97,97,97,True,2,2,0,0,,100,"[{""word"": ""tree"", ""timed_overlap"": 2, ""column_overlap"": 2}, {""word"": ""ONCE"", ""timed_overlap"": 2, ""column_overlap"": 2}, {""word"": ""Priscilla"", ""timed_overlap"": 1, ""column_overlap"": 3}, {""word"": ""spur"", ""timed_overlap"": 1, ""column_overlap"": 3}, {""word"": ""forbidden"", ""timed_overlap"": 1, ""column_overlap"": 3}]",completed,100,100,0
500,326,neural,4,out,n't,98,98,98,True,2,2,0,0,,120,"[{""word"": ""n't"", ""timed_overlap"": 2, ""column_overlap"": 2}, {""word"": ""after"", ""timed_overlap"": 2, ""column_overlap"": 2}, {""word"": ""tyrannize"", ""timed_overlap"": 1, ""column_overlap"": 3}, {""word"": ""DO"", ""timed_overlap"": 1, ""column_overlap"": 3}, {""word"": ""sweet"", ""timed_overlap"": 1, ""column_overlap"": 3}]",completed,97,97,0
500,327,neural,1,but,soon,100,100,100,True,2,3,0,0,,85,"[{""word"": ""soon"", ""timed_overlap"": 2, ""column_overlap"": 3}, {""word"": ""drew"", ""timed_overlap"": 2, ""column_overlap"": 2}, {""word"": ""bought"", ""timed_overlap"": 1, ""column_overlap"": 4}, {""word"": ""XXIII"", ""timed_overlap"": 1, ""column_overlap"": 3}, {""word"": ""half"", ""timed_overlap"": 1, ""column_overlap"": 3}]",completed,82,10,0
500,327,neural,2,while,thumb,100,100,100,True,1,3,0,0,,69,"[{""word"": ""thumb"", ""timed_overlap"": 1, ""column_overlap"": 3}, {""word"": ""close"", ""timed_overlap"": 1, ""column_overlap"": 3}, {""word"": ""doctor"", ""timed_overlap"": 1, ""column_overlap"": 3}, {""word"": ""swearing"", ""timed_overlap"": 1, ""column_overlap"": 2}, {""word"": ""planned"", ""timed_overlap"": 1, ""column_overlap"": 2}]",completed,100,100,0
500,327,neural,3,she,Put,98,98,98,True,3,3,0,0,,122,"[{""word"": ""Put"", ""timed_overlap"": 3, ""column_overlap"": 3}, {""word"": ""Then"", ""timed_overlap"": 2, ""column_overlap"": 5}, {""word"": ""Peerless"", ""timed_overlap"": 2, ""column_overlap"": 3}, {""word"": ""everlasting"", ""timed_overlap"": 2, ""column_overlap"": 2}, {""word"": ""lifted"", ""timed_overlap"": 2, ""column_overlap"": 2}]",completed,100,100,0
500,327,neural,4,was,angrily,100,100,100,True,2,2,0,0,,97,"[{""word"": ""angrily"", ""timed_overlap"": 2, ""column_overlap"": 2}, {""word"": ""Beautiful"", ""timed_overlap"": 2, ""column_overlap"": 2}, {""word"": ""nurse"", ""timed_overlap"": 2, ""column_overlap"": 2}, {""word"": ""Sammy"", ""timed_overlap"": 2, ""column_overlap"": 2}, {""word"": ""Dick"", ""timed_overlap"": 1, ""column_overlap"": 3}]",completed,98,98,0
500,328,neural,1,recitations,gone,98,98,98,True,3,3,0,0,,115,"[{""word"": ""gone"", ""timed_overlap"": 3, ""column_overlap"": 3}, {""word"": ""pay"", ""timed_overlap"": 2, ""column_overlap"": 3}, {""word"": ""WATCH"", ""timed_overlap"": 2, ""column_overlap"": 2}, {""word"": ""chop"", ""timed_overlap"": 2, ""column_overlap"": 2}, {""word"": ""marriage"", ""timed_overlap"": 1, ""column_overlap"": 4}]",completed,82,10,0
500,328,neural,2,in,check,99,99,99,True,2,3,0,0,,129,"[{""word"": ""check"", ""timed_overlap"": 2, ""column_overlap"": 3}, {""word"": ""Being"", ""timed_overlap"": 2, ""column_overlap"": 3}, {""word"": ""times"", ""timed_overlap"": 1, ""column_overlap"": 4}, {""word"": ""Arts"", ""timed_overlap"": 1, ""column_overlap"": 3}, {""word"": ""leave"", ""timed_overlap"": 1, ""column_overlap"": 3}]",completed,98,98,0
500,328,neural,3,the,people,100,100,100,True,2,3,0,0,,137,"[{""word"": ""people"", ""timed_overlap"": 2, ""column_overlap"": 3}, {""word"": ""Cyrilla"", ""timed_overlap"": 2, ""column_overlap"": 3}, {""word"": ""Sodnos"", ""timed_overlap"": 2, ""column_overlap"": 2}, {""word"": ""happily"", ""timed_overlap"": 1, ""column_overlap"": 4}, {""word"": ""growled"", ""timed_overlap"": 1, ""column_overlap"": 3}]",completed,99,99,0
500,328,neural,4,garret,withdrew,97,97,97,True,2,3,0,0,,119,"[{""word"": ""withdrew"", ""timed_overlap"": 2, ""column_overlap"": 3}, {""word"": ""fellow"", ""timed_overlap"": 2, ""column_overlap"": 3}, {""word"": ""Something"", ""timed_overlap"": 2, ""column_overlap"": 2}, {""word"": ""fry"", ""timed_overlap"": 2, ""column_overlap"": 2}, {""word"": ""gadding"", ""timed_overlap"": 1, ""column_overlap"": 4}]",completed,100,100,0
500,329,neural,1,I,glanced,99,99,99,True,2,3,0,0,,114,"[{""word"": ""glanced"", ""timed_overlap"": 2, ""column_overlap"": 3}, {""word"": ""basket"", ""timed_overlap"": 2, ""column_overlap"": 2}, {""word"": ""Elizabeth"", ""timed_overlap"": 1, ""column_overlap"": 4}, {""word"": ""jewels"", ""timed_overlap"": 1, ""column_overlap"": 4}, {""word"": ""whitest"", ""timed_overlap"": 1, ""column_overlap"": 3}]",completed,91,10,0
500,329,neural,2,can,lady,99,99,99,True,2,2,0,0,,87,"[{""word"": ""lady"", ""timed_overlap"": 2, ""column_overlap"": 2}, {""word"": ""maiden"", ""timed_overlap"": 1, ""column_overlap"": 3}, {""word"": ""ate"", ""timed_overlap"": 1, ""column_overlap"": 3}, {""word"": ""disagreeable"", ""timed_overlap"": 1, ""column_overlap"": 3}, {""word"": ""monotonous"", ""timed_overlap"": 1, ""column_overlap"": 3}]",completed,99,99,0
500,329,neural,3,do,butter,98,98,98,True,2,3,0,0,,137,"[{""word"": ""butter"", ""timed_overlap"": 2, ""column_overlap"": 3}, {""word"": ""fry"", ""timed_overlap"": 2, ""column_overlap"": 3}, {""word"": ""skating"", ""timed_overlap"": 2, ""column_overlap"": 2}, {""word"": ""church"", ""timed_overlap"": 2, ""column_overlap"": 2}, {""word"": ""On"", ""timed_overlap"": 2, ""column_overlap"": 2}]",completed,99,99,0
500,329,neural,4,.,felt,99,99,99,True,2,3,0,0,,93,"[{""word"": ""felt"", ""timed_overlap"": 2, ""column_overlap"": 3}, {""word"": ""Cyrilla"", ""timed_overlap"": 2, ""column_overlap"": 2}, {""word"": ""Am"", ""timed_overlap"": 2, ""column_overlap"": 2}, {""word"": ""Taylor"", ""timed_overlap"": 1, ""column_overlap"": 3}, {""word"": ""happily"", ""timed_overlap"": 1, ""column_overlap"": 3}]",completed,98,98,0
500,330,neural,1,of,mercy,96,96,96,True,2,4,0,0,,99,"[{""word"": ""mercy"", ""timed_overlap"": 2, ""column_overlap"": 4}, {""word"": ""rock"", ""timed_overlap"": 2, ""column_overlap"": 3}, {""word"": ""make"", ""timed_overlap"": 2, ""column_overlap"": 2}, {""word"": ""lonesome"", ""timed_overlap"": 2, ""column_overlap"": 2}, {""word"": ""apart"", ""timed_overlap"": 2, ""column_overlap"": 2}]",completed,82,10,0
500,330,neural,2,it,speak,100,100,100,True,2,3,0,0,,89,"[{""word"": ""speak"", ""timed_overlap"": 2, ""column_overlap"": 3}, {""word"": ""went"", ""timed_overlap"": 2, ""column_overlap"": 2}, {""word"": ""scene"", ""timed_overlap"": 1, ""column_overlap"": 3}, {""word"": ""Quicksilver"", ""timed_overlap"": 1, ""column_overlap"": 3}, {""word"": ""angrily"", ""timed_overlap"": 1, ""column_overlap"": 3}]",completed,96,96,0
500,330,neural,3,?,wish,98,98,98,True,2,2,0,0,,76,"[{""word"": ""wish"", ""timed_overlap"": 2, ""column_overlap"": 2}, {""word"": ""feel"", ""timed_overlap"": 1, ""column_overlap"": 3}, {""word"": ""bluntly"", ""timed_overlap"": 1, ""column_overlap"": 2}, {""word"": ""run"", ""timed_overlap"": 1, ""column_overlap"": 2}, {""word"": ""Bowser"", ""timed_overlap"": 1, ""column_overlap"": 2}]",completed,100,100,0
500,330,neural,4,'',twitch,98,98,98,True,2,2,0,0,,121,"[{""word"": ""twitch"", ""timed_overlap"": 2, ""column_overlap"": 2}, {""word"": ""You"", ""timed_overlap"": 1, ""column_overlap"": 3}, {""word"": ""bait"", ""timed_overlap"": 1, ""column_overlap"": 3}, {""word"": ""Anne"", ""timed_overlap"": 1, ""column_overlap"": 3}, {""word"": ""bright"", ""timed_overlap"": 1, ""column_overlap"": 3}]",completed,98,98,0
500,331,neural,1,strokes,gallant,100,100,100,True,2,3,1,1,92,112,"[{""word"": ""gallant"", ""timed_overlap"": 2, ""column_overlap"": 3}, {""word"": ""finish"", ""timed_overlap"": 1, ""column_overlap"": 3}, {""word"": ""head"", ""timed_overlap"": 1, ""column_overlap"": 3}, {""word"": ""snubbed"", ""timed_overlap"": 1, ""column_overlap"": 3}, {""word"": ""added"", ""timed_overlap"": 1, ""column_overlap"": 3}]",completed,100,10,0
500,331,neural,2,",",new,98,98,98,True,2,2,0,0,,74,"[{""word"": ""new"", ""timed_overlap"": 2, ""column_overlap"": 2}, {""word"": ""spear"", ""timed_overlap"": 2, ""column_overlap"": 2}, {""word"": ""Even"", ""timed_overlap"": 1, ""column_overlap"": 3}, {""word"": ""sensible"", ""timed_overlap"": 1, ""column_overlap"": 2}, {""word"": ""Alfin"", ""timed_overlap"": 1, ""column_overlap"": 2}]",completed,100,100,0
500,331,neural,3,and,voice,97,97,97,True,2,2,0,0,,68,"[{""word"": ""voice"", ""timed_overlap"": 2, ""column_overlap"": 2}, {""word"": ""And"", ""timed_overlap"": 2, ""column_overlap"": 2}, {""word"": ""Elliott"", ""timed_overlap"": 1, ""column_overlap"": 3}, {""word"": ""cup"", ""timed_overlap"": 1, ""column_overlap"": 2}, {""word"": ""DO"", ""timed_overlap"": 1, ""column_overlap"": 2}]",completed,98,98,0
500,331,neural,4,only,Lawful,96,96,96,True,2,3,0,0,,107,"[{""word"": ""Lawful"", ""timed_overlap"": 2, ""column_overlap"": 3}, {""word"": ""value"", ""timed_overlap"": 2, ""column_overlap"": 2}, {""word"": ""teach"", ""timed_overlap"": 2, ""column_overlap"": 2}, {""word"": ""mischievous"", ""timed_overlap"": 1, ""column_overlap"": 4}, {""word"": ""great"", ""timed_overlap"": 1, ""column_overlap"": 3}]",completed,97,97,0
500,332,neural,1,Alan,alarm,100,100,100,True,2,3,0,0,,98,"[{""word"": ""alarm"", ""timed_overlap"": 2, ""column_overlap"": 3}, {""word"": ""inches"", ""timed_overlap"": 2, ""column_overlap"": 2}, {""word"": ""herring"", ""timed_overlap"": 2, ""column_overlap"": 2}, {""word"": ""Folk"", ""timed_overlap"": 2, ""column_overlap"": 2}, {""word"": ""servants"", ""timed_overlap"": 1, ""column_overlap"": 4}]",completed,91,10,0
500,332,neural,2,had,being,99,99,99,True,2,3,0,0,,89,"[{""word"": ""being"", ""timed_overlap"": 2, ""column_overlap"": 3}, {""word"": ""helmet"", ""timed_overlap"": 2, ""column_overlap"": 3}, {""word"": ""bought"", ""timed_overlap"": 2, ""column_overlap"": 3}, {""word"": ""Bowser"", ""timed_overlap"": 2, ""column_overlap"": 2}, {""word"": ""an"", ""timed_overlap"": 1, ""column_overlap"": 3}]",completed,100,100,0
500,332,neural,3,laid,knees,99,99,99,True,2,3,0,0,,100,"[{""word"": ""knees"", ""timed_overlap"": 2, ""column_overlap"": 3}, {""word"": ""newspapers"", ""timed_overlap"": 2, ""column_overlap"": 3}, {""word"": ""mischievous"", ""timed_overlap"": 2, ""column_overlap"": 2}, {""word"": ""hate"", ""timed_overlap"": 2, ""column_overlap"": 2}, {""word"": ""ye"", ""timed_overlap"": 2, ""column_overlap"": 2}]",completed,99,99,0
500,332,neural,4,the,Alice,96,96,96,True,2,2,0,0,,81,"[{""word"": ""Alice"", ""timed_overlap"": 2, ""column_overlap"": 2}, {""word"": ""awake"", ""timed_overlap"": 2, ""column_overlap"": 2}, {""word"": ""reply"", ""timed_overlap"": 1, ""column_overlap"": 3}, {""word"": ""anxious"", ""timed_overlap"": 1, ""column_overlap"": 3}, {""word"": ""talked"", ""timed_overlap"": 1, ""column_overlap"": 3}]",completed,99,99,0
500,333,neural,1,him,disagreeable,98,98,98,True,2,5,1,2,44,121,"[{""word"": ""disagreeable"", ""timed_overlap"": 2, ""column_overlap"": 5}, {""word"": ""confessed"", ""timed_overlap"": 2, ""column_overlap"": 4}, {""word"": ""Lucinda"", ""timed_overlap"": 2, ""column_overlap"": 2}, {""word"": ""carriage"", ""timed_overlap"": 2, ""column_overlap"": 2}, {""word"": ""lads"", ""timed_overlap"": 2, ""column_overlap"": 2}]",completed,91,10,0
500,333,neural,2,",",recalled,100,100,100,True,3,3,0,0,,74,"[{""word"": ""recalled"", ""timed_overlap"": 3, ""column_overlap"": 3}, {""word"": ""Ismay"", ""timed_overlap"": 1, ""column_overlap"": 3}, {""word"": ""For"", ""timed_overlap"": 1, ""column_overlap"": 3}, {""word"": ""money"", ""timed_overlap"": 1, ""column_overlap"": 2}, {""word"": ""underneath"", ""timed_overlap"": 1, ""column_overlap"": 2}]",completed,98,98,0
500,333,neural,3,well,upon,98,98,98,True,2,3,0,0,,100,"[{""word"": ""upon"", ""timed_overlap"": 2, ""column_overlap"": 3}, {""word"": ""remembered"", ""timed_overlap"": 2, ""column_overlap"": 2}, {""word"": ""suppose"", ""timed_overlap"": 2, ""column_overlap"": 2}, {""word"": ""sorry"", ""timed_overlap"": 1, ""column_overlap"": 4}, {""word"": ""WHY"", ""timed_overlap"": 1, ""column_overlap"": 3}]",completed,100,100,0
500,333,neural,4,pleased,able,98,98,98,True,2,3,0,0,,90,"[{""word"": ""able"", ""timed_overlap"": 2, ""column_overlap"": 3}, {""word"": ""check"", ""timed_overlap"": 2, ""column_overlap"": 2}, {""word"": ""Taylor"", ""timed_overlap"": 2, ""column_overlap"": 2}, {""word"": ""Taffy"", ""timed_overlap"": 1, ""column_overlap"": 3}, {""word"": ""thousand"", ""timed_overlap"": 1, ""column_overlap"": 3}]",completed,98,98,0
500,334,neural,1,him,challenge,100,100,100,True,3,3,1,1,80,127,"[{""word"": ""challenge"", ""timed_overlap"": 3, ""column_overlap"": 3}, {""word"": ""pen"", ""timed_overlap"": 2, ""column_overlap"": 3}, {""word"": ""Isabel"", ""timed_overlap"": 2, ""column_overlap"": 2}, {""word"": ""indeed"", ""timed_overlap"": 2, ""column_overlap"": 2}, {""word"": ""ambitions"", ""timed_overlap"": 1, ""column_overlap"": 3}]",completed,91,10,0
500,334,neural,2,he,letter,100,100,100,True,2,2,0,0,,76,"[{""word"": ""letter"", ""timed_overlap"": 2, ""column_overlap"": 2}, {""word"": ""preferred"", ""timed_overlap"": 2, ""column_overlap"": 2}, {""word"": ""hopelessly"", ""timed_overlap"": 1, ""column_overlap"": 3}, {""word"": ""broadest"", ""timed_overlap"": 1, ""column_overlap"": 3}, {""word"": ""now"", ""timed_overlap"": 1, ""column_overlap"": 3}]",completed,100,100,0
500,334,neural,3,should,Glen,100,100,100,True,2,3,0,0,,89,"[{""word"": ""Glen"", ""timed_overlap"": 2, ""column_overlap"": 3}, {""word"": ""got"", ""timed_overlap"": 1, ""column_overlap"": 3}, {""word"": ""nice"", ""timed_overlap"": 1, ""column_overlap"": 3}, {""word"": ""Besides"", ""timed_overlap"": 1, ""column_overlap"": 3}, {""word"": ""consent"", ""timed_overlap"": 1, ""column_overlap"": 2}]",completed,100,100,0
500,334,neural,4,marry,run,99,99,99,True,2,3,0,0,,96,"[{""word"": ""run"", ""timed_overlap"": 2, ""column_overlap"": 3}, {""word"": ""led"", ""timed_overlap"": 2, ""column_overlap"": 3}, {""word"": ""bait"", ""timed_overlap"": 2, ""column_overlap"": 2}, {""word"": ""more"", ""timed_overlap"": 1, ""column_overlap"": 3}, {""word"": ""foremost"", ""timed_overlap"": 1, ""column_overlap"": 3}]",completed,100,100,0
500,335,neural,1,",",brave,99,99,99,True,2,3,0,0,,152,"[{""word"": ""brave"", ""timed_overlap"": 2, ""column_overlap"": 3}, {""word"": ""sometimes"", ""timed_overlap"": 2, ""column_overlap"": 3}, {""word"": ""besought"", ""timed_overlap"": 2, ""column_overlap"": 3}, {""word"": ""timid"", ""timed_overlap"": 2, ""column_overlap"": 3}, {""word"": ""rat"", ""timed_overlap"": 2, ""column_overlap"": 2}]",completed,73,10,0
500,335,neural,2,and,our,99,99,99,True,2,2,0,0,,78,"[{""word"": ""our"", ""timed_overlap"": 2, ""column_overlap"": 2}, {""word"": ""can"", ""timed_overlap"": 2, ""column_overlap"": 2}, {""word"": ""turned"", ""timed_overlap"": 1, ""column_overlap"": 3}, {""word"": ""Laurie"", ""timed_overlap"": 1, ""column_overlap"": 3}, {""word"": ""answered"", ""timed_overlap"": 1, ""column_overlap"": 2}]",completed,99,99,0
500,335,neural,3,one,or,100,100,100,True,2,3,0,0,,79,"[{""word"": ""or"", ""timed_overlap"": 2, ""column_overlap"": 3}, {""word"": ""Sir"", ""timed_overlap"": 2, ""column_overlap"": 2}, {""word"": ""'cause"", ""timed_overlap"": 1, ""column_overlap"": 4}, {""word"": ""'ll"", ""timed_overlap"": 1, ""column_overlap"": 4}, {""word"": ""Taylor"", ""timed_overlap"": 1, ""column_overlap"": 3}]",completed,99,99,0
500,335,neural,4,day,impudent,96,96,96,True,2,3,0,0,,84,"[{""word"": ""impudent"", ""timed_overlap"": 2, ""column_overlap"": 3}, {""word"": ""fellow"", ""timed_overlap"": 2, ""column_overlap"": 2}, {""word"": ""Most"", ""timed_overlap"": 2, ""column_overlap"": 2}, {""word"": ""Jo"", ""timed_overlap"": 1, ""column_overlap"": 3}, {""word"": ""distance"", ""timed_overlap"": 1, ""column_overlap"": 3}]",completed,100,100,0
500,336,neural,1,line,our,97,97,97,True,2,4,0,0,,147,"[{""word"": ""our"", ""timed_overlap"": 2, ""column_overlap"": 4}, {""word"": ""you"", ""timed_overlap"": 2, ""column_overlap"": 3}, {""word"": ""distance"", ""timed_overlap"": 2, ""column_overlap"": 2}, {""word"": ""keep"", ""timed_overlap"": 2, ""column_overlap"": 2}, {""word"": ""Once"", ""timed_overlap"": 2, ""column_overlap"": 2}]",completed,64,10,0
500,336,neural,2,moving,motives,100,100,100,True,2,2,0,0,,84,"[{""word"": ""motives"", ""timed_overlap"": 2, ""column_overlap"": 2}, {""word"": ""In"", ""timed_overlap"": 2, ""column_overlap"": 2}, {""word"": ""comfortingly"", ""timed_overlap"": 1, ""column_overlap"": 3}, {""word"": ""to-morrow"", ""timed_overlap"": 1, ""column_overlap"": 3}, {""word"": ""church"", ""timed_overlap"": 1, ""column_overlap"": 3}]",completed,97,97,0
500,336,neural,3,towards,dares,100,100,100,True,2,3,0,0,,98,"[{""word"": ""dares"", ""timed_overlap"": 2, ""column_overlap"": 3}, {""word"": ""while"", ""timed_overlap"": 2, ""column_overlap"": 2}, {""word"": ""hearse"", ""timed_overlap"": 2, ""column_overlap"": 2}, {""word"": ""round"", ""timed_overlap"": 2, ""column_overlap"": 2}, {""word"": ""whither"", ""timed_overlap"": 1, ""column_overlap"": 3}]",completed,100,100,0
500,336,neural,4,them,teeth,99,99,99,True,2,5,0,0,,93,"[{""word"": ""teeth"", ""timed_overlap"": 2, ""column_overlap"": 5}, {""word"": ""stop"", ""timed_overlap"": 2, ""column_overlap"": 3}, {""word"": ""mere"", ""timed_overlap"": 2, ""column_overlap"": 2}, {""word"": ""angrily"", ""timed_overlap"": 2, ""column_overlap"": 2}, {""word"": ""mistress"", ""timed_overlap"": 2, ""column_overlap"": 2}]",completed,100,100,0
500,337,neural,1,avowed,said,99,99,99,True,3,3,0,0,,95,"[{""word"": ""said"", ""timed_overlap"": 3, ""column_overlap"": 3}, {""word"": ""bust"", ""timed_overlap"": 2, ""column_overlap"": 3}, {""word"": ""Sometimes"", ""timed_overlap"": 2, ""column_overlap"": 3}, {""word"": ""Matthew"", ""timed_overlap"": 2, ""column_overlap"": 2}, {""word"": ""taking"", ""timed_overlap"": 1, ""column_overlap"": 3}]",completed,64,10,0
500,337,neural,2,Davy,Square,100,100,100,True,1,3,0,0,,67,"[{""word"": ""Square"", ""timed_overlap"": 1, ""column_overlap"": 3}, {""word"": ""Nay"", ""timed_overlap"": 1, ""column_overlap"": 3}, {""word"": ""Priscilla"", ""timed_overlap"": 1, ""column_overlap"": 2}, {""word"": ""ten"", ""timed_overlap"": 1, ""column_overlap"": 2}, {""word"": ""give"", ""timed_overlap"": 1, ""column_overlap"": 2}]",completed,99,99,0
500,337,neural,3,solemnly,Everybody,100,100,100,True,3,4,0,0,,131,"[{""word"": ""Everybody"", ""timed_overlap"": 3, ""column_overlap"": 4}, {""word"": ""kind"", ""timed_overlap"": 2, ""column_overlap"": 3}, {""word"": ""Half"", ""timed_overlap"": 2, ""column_overlap"": 3}, {""word"": ""Marco"", ""timed_overlap"": 2, ""column_overlap"": 3}, {""word"": ""Frank"", ""timed_overlap"": 2, ""column_overlap"": 2}]",completed,100,100,0
500,337,neural,4,.,early,100,100,100,True,2,2,0,0,,93,"[{""word"": ""early"", ""timed_overlap"": 2, ""column_overlap"": 2}, {""word"": ""would"", ""timed_overlap"": 1, ""column_overlap"": 3}, {""word"": ""holiday"", ""timed_overlap"": 1, ""column_overlap"": 3}, {""word"": ""upon"", ""timed_overlap"": 1, ""column_overlap"": 3}, {""word"": ""course"", ""timed_overlap"": 1, ""column_overlap"": 3}]",completed,100,100,0
500,338,neural,1,the,garret,100,100,100,True,2,4,1,1,74,123,"[{""word"": ""garret"", ""timed_overlap"": 2, ""column_overlap"": 4}, {""word"": ""even"", ""timed_overlap"": 2, ""column_overlap"": 3}, {""word"": ""look"", ""timed_overlap"": 2, ""column_overlap"": 2}, {""word"": ""disagreeable"", ""timed_overlap"": 2, ""column_overlap"": 2}, {""word"": ""you"", ""timed_overlap"": 2, ""column_overlap"": 2}]",completed,82,10,0
500,338,neural,2,dark,sweep,98,98,98,True,1,3,0,0,,101,"[{""word"": ""sweep"", ""timed_overlap"": 1, ""column_overlap"": 3}, {""word"": ""chair"", ""timed_overlap"": 1, ""column_overlap"": 3}, {""word"": ""soon"", ""timed_overlap"": 1, ""column_overlap"": 3}, {""word"": ""us"", ""timed_overlap"": 1, ""column_overlap"": 3}, {""word"": ""mere"", ""timed_overlap"": 1, ""column_overlap"": 2}]",completed,100,100,0
500,338,neural,3,woods,With,97,97,97,True,2,3,0,0,,79,"[{""word"": ""With"", ""timed_overlap"": 2, ""column_overlap"": 3}, {""word"": ""Even"", ""timed_overlap"": 2, ""column_overlap"": 3}, {""word"": ""jealousy"", ""timed_overlap"": 2, ""column_overlap"": 2}, {""word"": ""In"", ""timed_overlap"": 1, ""column_overlap"": 4}, {""word"": ""girl"", ""timed_overlap"": 1, ""column_overlap"": 4}]",completed,98,98,0
500,338,neural,4,",",pen,96,96,96,True,2,3,0,0,,105,"[{""word"": ""pen"", ""timed_overlap"": 2, ""column_overlap"": 3}, {""word"": ""faithfully"", ""timed_overlap"": 2, ""column_overlap"": 2}, {""word"": ""desert"", ""timed_overlap"": 2, ""column_overlap"": 2}, {""word"": ""Jane"", ""timed_overlap"": 1, ""column_overlap"": 5}, {""word"": ""beneath"", ""timed_overlap"": 1, ""column_overlap"": 4}]",completed,97,97,0
500,339,neural,1,but,'',100,100,100,True,2,2,0,0,,121,"[{""word"": ""''"", ""timed_overlap"": 2, ""column_overlap"": 2}, {""word"": ""he"", ""timed_overlap"": 2, ""column_overlap"": 2}, {""word"": ""inches"", ""timed_overlap"": 1, ""column_overlap"": 4}, {""word"": ""those"", ""timed_overlap"": 1, ""column_overlap"": 4}, {""word"": ""'re"", ""timed_overlap"": 1, ""column_overlap"": 3}]",completed,91,10,0
500,339,neural,2,he,Sara,99,99,99,True,2,3,0,0,,96,"[{""word"": ""Sara"", ""timed_overlap"": 2, ""column_overlap"": 3}, {""word"": ""talked"", ""timed_overlap"": 2, ""column_overlap"": 2}, {""word"": ""nurse"", ""timed_overlap"": 2, ""column_overlap"": 2}, {""word"": ""palace"", ""timed_overlap"": 2, ""column_overlap"": 2}, {""word"": ""close"", ""timed_overlap"": 2, ""column_overlap"": 2}]",completed,100,100,0
500,339,neural,3,was,given,100,100,100,True,2,5,0,0,,97,"[{""word"": ""given"", ""timed_overlap"": 2, ""column_overlap"": 5}, {""word"": ""birthday"", ""timed_overlap"": 2, ""column_overlap"": 2}, {""word"": ""Please"", ""timed_overlap"": 2, ""column_overlap"": 2}, {""word"": ""recalled"", ""timed_overlap"": 2, ""column_overlap"": 2}, {""word"": ""preferred"", ""timed_overlap"": 1, ""column_overlap"": 3}]",completed,99,99,0
500,339,neural,4,not,apart,95,95,95,True,2,4,0,0,,112,"[{""word"": ""apart"", ""timed_overlap"": 2, ""column_overlap"": 4}, {""word"": ""an"", ""timed_overlap"": 2, ""column_overlap"": 4}, {""word"": ""eggs"", ""timed_overlap"": 2, ""column_overlap"": 2}, {""word"": ""also"", ""timed_overlap"": 2, ""column_overlap"": 2}, {""word"": ""apparently"", ""timed_overlap"": 1, ""column_overlap"": 4}]",completed,100,100,0
500,340,neural,1,n't,heard,100,100,100,True,2,3,0,0,,87,"[{""word"": ""heard"", ""timed_overlap"": 2, ""column_overlap"": 3}, {""word"": ""Gilbert"", ""timed_overlap"": 2, ""column_overlap"": 3}, {""word"": ""sisters"", ""timed_overlap"": 2, ""column_overlap"": 3}, {""word"": ""thief"", ""timed_overlap"": 1, ""column_overlap"": 3}, {""word"": ""Pekoe"", ""timed_overlap"": 1, ""column_overlap"": 3}]",completed,82,10,0
500,340,neural,2,understand,added,100,100,100,True,2,2,0,0,,80,"[{""word"": ""added"", ""timed_overlap"": 2, ""column_overlap"": 2}, {""word"": ""hands"", ""timed_overlap"": 2, ""column_overlap"": 2}, {""word"": ""nice"", ""timed_overlap"": 2, ""column_overlap"": 2}, {""word"": ""villagers"", ""timed_overlap"": 1, ""column_overlap"": 4}, {""word"": ""ate"", ""timed_overlap"": 1, ""column_overlap"": 3}]",completed,100,100,0
500,340,neural,3,",",UNC,99,99,99,True,3,4,0,0,,115,"[{""word"": ""UNC"", ""timed_overlap"": 3, ""column_overlap"": 4}, {""word"": ""First"", ""timed_overlap"": 2, ""column_overlap"": 3}, {""word"": ""sluggish"", ""timed_overlap"": 2, ""column_overlap"": 2}, {""word"": ""unexpected"", ""timed_overlap"": 2, ""column_overlap"": 2}, {""word"": ""Aunt"", ""timed_overlap"": 2, ""column_overlap"": 2}]",completed,100,100,0
500,340,neural,4,'',might,96,96,96,True,2,3,0,0,,84,"[{""word"": ""might"", ""timed_overlap"": 2, ""column_overlap"": 3}, {""word"": ""dark"", ""timed_overlap"": 2, ""column_overlap"": 2}, {""word"": ""Frank"", ""timed_overlap"": 1, ""column_overlap"": 3}, {""word"": ""in"", ""timed_overlap"": 1, ""column_overlap"": 3}, {""word"": ""departs"", ""timed_overlap"": 1, ""column_overlap"": 3}]",completed,99,99,0
500,341,neural,1,and,he,100,100,100,True,2,2,1,2,50,121,"[{""word"": ""he"", ""timed_overlap"": 2, ""column_overlap"": 2}, {""word"": ""''"", ""timed_overlap"": 2, ""column_overlap"": 2}, {""word"": ""inches"", ""timed_overlap"": 1, ""column_overlap"": 4}, {""word"": ""those"", ""timed_overlap"": 1, ""column_overlap"": 4}, {""word"": ""tell"", ""timed_overlap"": 1, ""column_overlap"": 3}]",completed,91,10,0
500,341,neural,2,I,said,98,98,98,True,2,2,0,0,,76,"[{""word"": ""said"", ""timed_overlap"": 2, ""column_overlap"": 2}, {""word"": ""ones"", ""timed_overlap"": 1, ""column_overlap"": 3}, {""word"": ""most"", ""timed_overlap"": 1, ""column_overlap"": 3}, {""word"": ""furious"", ""timed_overlap"": 1, ""column_overlap"": 3}, {""word"": ""later"", ""timed_overlap"": 1, ""column_overlap"": 2}]",completed,100,100,0
500,341,neural,3,'m,well,97,97,97,True,2,3,0,0,,97,"[{""word"": ""well"", ""timed_overlap"": 2, ""column_overlap"": 3}, {""word"": ""what"", ""timed_overlap"": 2, ""column_overlap"": 2}, {""word"": ""say"", ""timed_overlap"": 2, ""column_overlap"": 2}, {""word"": ""Jack"", ""timed_overlap"": 1, ""column_overlap"": 4}, {""word"": ""David"", ""timed_overlap"": 1, ""column_overlap"": 3}]",completed,98,98,0
500,341,neural,4,glad,Lucinda,97,97,97,True,2,3,0,0,,104,"[{""word"": ""Lucinda"", ""timed_overlap"": 2, ""column_overlap"": 3}, {""word"": ""Peerless"", ""timed_overlap"": 2, ""column_overlap"": 2}, {""word"": ""thinks"", ""timed_overlap"": 2, ""column_overlap"": 2}, {""word"": ""concluded"", ""timed_overlap"": 2, ""column_overlap"": 2}, {""word"": ""disagreeable"", ""timed_overlap"": 2, ""column_overlap"": 2}]",completed,97,97,0
500,342,neural,1,hopes,Search,100,100,100,True,2,2,0,0,,106,"[{""word"": ""Search"", ""timed_overlap"": 2, ""column_overlap"": 2}, {""word"": ""gallant"", ""timed_overlap"": 2, ""column_overlap"": 2}, {""word"": ""indeed"", ""timed_overlap"": 2, ""column_overlap"": 2}, {""word"": ""Folk"", ""timed_overlap"": 2, ""column_overlap"": 2}, {""word"": ""Presently"", ""timed_overlap"": 2, ""column_overlap"": 2}]",completed,100,10,0
500,342,neural,2,she,fire,98,98,98,True,1,3,0,0,,79,"[{""word"": ""fire"", ""timed_overlap"": 1, ""column_overlap"": 3}, {""word"": ""rest"", ""timed_overlap"": 1, ""column_overlap"": 3}, {""word"": ""bearing"", ""timed_overlap"": 1, ""column_overlap"": 3}, {""word"": ""help"", ""timed_overlap"": 1, ""column_overlap"": 2}, {""word"": ""distance"", ""timed_overlap"": 1, ""column_overlap"": 2}]",completed,100,100,0
500,342,neural,3,once,Half,97,97,97,True,2,3,0,0,,84,"[{""word"": ""Half"", ""timed_overlap"": 2, ""column_overlap"": 3}, {""word"": ""ladies"", ""timed_overlap"": 2, ""column_overlap"": 3}, {""word"": ""tittered"", ""timed_overlap"": 2, ""column_overlap"": 2}, {""word"": ""whereupon"", ""timed_overlap"": 2, ""column_overlap"": 2}, {""word"": ""these"", ""timed_overlap"": 2, ""column_overlap"": 2}]",completed,98,98,0
500,342,neural,4,had,faithfully,100,100,100,True,2,3,0,0,,91,"[{""word"": ""faithfully"", ""timed_overlap"": 2, ""column_overlap"": 3}, {""word"": ""Jem"", ""timed_overlap"": 2, ""column_overlap"": 2}, {""word"": ""Search"", ""timed_overlap"": 2, ""column_overlap"": 2}, {""word"": ""beautifully"", ""timed_overlap"": 2, ""column_overlap"": 2}, {""word"": ""Instead"", ""timed_overlap"": 2, ""column_overlap"": 2}]",completed,97,97,0
500,343,neural,1,detest,sultan,96,96,96,True,2,4,0,0,,143,"[{""word"": ""sultan"", ""timed_overlap"": 2, ""column_overlap"": 4}, {""word"": ""Every"", ""timed_overlap"": 2, ""column_overlap"": 3}, {""word"": ""birds"", ""timed_overlap"": 2, ""column_overlap"": 2}, {""word"": ""voice"", ""timed_overlap"": 2, ""column_overlap"": 2}, {""word"": ""hours"", ""timed_overlap"": 2, ""column_overlap"": 2}]",completed,100,10,0
500,343,neural,2,cats,sorry,98,98,98,True,2,4,0,0,,122,"[{""word"": ""sorry"", ""timed_overlap"": 2, ""column_overlap"": 4}, {""word"": ""Why"", ""timed_overlap"": 2, ""column_overlap"": 3}, {""word"": ""An"", ""timed_overlap"": 1, ""column_overlap"": 3}, {""word"": ""stern-sheets"", ""timed_overlap"": 1, ""column_overlap"": 3}, {""word"": ""distant"", ""timed_overlap"": 1, ""column_overlap"": 3}]",completed,96,96,0
500,343,neural,3,;,Peerless,99,99,99,True,2,3,0,0,,114,"[{""word"": ""Peerless"", ""timed_overlap"": 2, ""column_overlap"": 3}, {""word"": ""last"", ""timed_overlap"": 2, ""column_overlap"": 3}, {""word"": ""FINE"", ""timed_overlap"": 2, ""column_overlap"": 2}, {""word"": ""'ll"", ""timed_overlap"": 2, ""column_overlap"": 2}, {""word"": ""through"", ""timed_overlap"": 2, ""column_overlap"": 2}]",completed,98,98,0
500,343,neural,4,Ismay,an,98,98,98,True,2,3,0,0,,105,"[{""word"": ""an"", ""timed_overlap"": 2, ""column_overlap"": 3}, {""word"": ""withdrew"", ""timed_overlap"": 2, ""column_overlap"": 3}, {""word"": ""III"", ""timed_overlap"": 2, ""column_overlap"": 2}, {""word"": ""Blair"", ""timed_overlap"": 1, ""column_overlap"": 3}, {""word"": ""volume"", ""timed_overlap"": 1, ""column_overlap"": 3}]",completed,99,99,0
500,344,neural,1,",",put,99,99,99,True,1,3,0,0,,70,"[{""word"": ""put"", ""timed_overlap"": 1, ""column_overlap"": 3}, {""word"": ""departs"", ""timed_overlap"": 1, ""column_overlap"": 3}, {""word"": ""terrible"", ""timed_overlap"": 1, ""column_overlap"": 3}, {""word"": ""Queen"", ""timed_overlap"": 1, ""column_overlap"": 3}, {""word"": ""kerchief"", ""timed_overlap"": 1, ""column_overlap"": 2}]",completed,100,10,0
500,344,neural,2,for,run,99,99,99,True,2,2,0,0,,93,"[{""word"": ""run"", ""timed_overlap"": 2, ""column_overlap"": 2}, {""word"": ""marry"", ""timed_overlap"": 2, ""column_overlap"": 2}, {""word"": ""o"", ""timed_overlap"": 1, ""column_overlap"": 3}, {""word"": ""king"", ""timed_overlap"": 1, ""column_overlap"": 3}, {""word"": ""received"", ""timed_overlap"": 1, ""column_overlap"": 2}]",completed,99,99,0
500,344,neural,3,Hugh,talked,98,98,98,True,2,3,0,0,,99,"[{""word"": ""talked"", ""timed_overlap"": 2, ""column_overlap"": 3}, {""word"": ""whether"", ""timed_overlap"": 2, ""column_overlap"": 3}, {""word"": ""disagreeable"", ""timed_overlap"": 2, ""column_overlap"": 3}, {""word"": ""turned"", ""timed_overlap"": 2, ""column_overlap"": 2}, {""word"": ""lay"", ""timed_overlap"": 2, ""column_overlap"": 2}]",completed,99,99,0
500,344,neural,4,had,Jem,100,100,100,True,2,3,0,0,,79,"[{""word"": ""Jem"", ""timed_overlap"": 2, ""column_overlap"": 3}, {""word"": ""eggs"", ""timed_overlap"": 2, ""column_overlap"": 2}, {""word"": ""Marilla"", ""timed_overlap"": 1, ""column_overlap"": 3}, {""word"": ""trying"", ""timed_overlap"": 1, ""column_overlap"": 3}, {""word"": ""Ripple"", ""timed_overlap"": 1, ""column_overlap"": 3}]",completed,98,98,0
500,345,neural,1,she,led,99,99,99,True,2,3,0,0,,133,"[{""word"": ""led"", ""timed_overlap"": 2, ""column_overlap"": 3}, {""word"": ""spied"", ""timed_overlap"": 2, ""column_overlap"": 3}, {""word"": ""Jo"", ""timed_overlap"": 2, ""column_overlap"": 2}, {""word"": ""to"", ""timed_overlap"": 2, ""column_overlap"": 2}, {""word"": ""resisted"", ""timed_overlap"": 2, ""column_overlap"": 2}]",completed,73,10,0
500,345,neural,2,get,Half,99,99,99,True,2,3,0,0,,99,"[{""word"": ""Half"", ""timed_overlap"": 2, ""column_overlap"": 3}, {""word"": ""preferred"", ""timed_overlap"": 2, ""column_overlap"": 2}, {""word"": ""thanked"", ""timed_overlap"": 2, ""column_overlap"": 2}, {""word"": ""eye"", ""timed_overlap"": 1, ""column_overlap"": 4}, {""word"": ""sweetens"", ""timed_overlap"": 1, ""column_overlap"": 3}]",completed,99,99,0
500,345,neural,3,that,Lucinda,98,98,98,True,3,3,0,0,,134,"[{""word"": ""Lucinda"", ""timed_overlap"": 3, ""column_overlap"": 3}, {""word"": ""canvas"", ""timed_overlap"": 2, ""column_overlap"": 3}, {""word"": ""Please"", ""timed_overlap"": 2, ""column_overlap"": 2}, {""word"": ""Gray"", ""timed_overlap"": 2, ""column_overlap"": 2}, {""word"": ""Marco"", ""timed_overlap"": 2, ""column_overlap"": 2}]",completed,99,99,0
500,345,neural,4,stylish,Most,100,100,100,True,2,3,1,1,96,136,"[{""word"": ""Most"", ""timed_overlap"": 2, ""column_overlap"": 3}, {""word"": ""Murray"", ""timed_overlap"": 2, ""column_overlap"": 3}, {""word"": ""talking"", ""timed_overlap"": 2, ""column_overlap"": 2}, {""word"": ""Head"", ""timed_overlap"": 2, ""column_overlap"": 2}, {""word"": ""clothes"", ""timed_overlap"": 2, ""column_overlap"": 2}]",completed,98,98,0
500,346,neural,1,with,Search,100,100,100,True,2,2,0,0,,106,"[{""word"": ""Search"", ""timed_overlap"": 2, ""column_overlap"": 2}, {""word"": ""indeed"", ""timed_overlap"": 2, ""column_overlap"": 2}, {""word"": ""Folk"", ""timed_overlap"": 2, ""column_overlap"": 2}, {""word"": ""gallant"", ""timed_overlap"": 2, ""column_overlap"": 2}, {""word"": ""Presently"", ""timed_overlap"": 2, ""column_overlap"": 2}]",completed,100,10,0
500,346,neural,2,a,fire,98,98,98,True,1,3,0,0,,79,"[{""word"": ""fire"", ""timed_overlap"": 1, ""column_overlap"": 3}, {""word"": ""bearing"", ""timed_overlap"": 1, ""column_overlap"": 3}, {""word"": ""rest"", ""timed_overlap"": 1, ""column_overlap"": 3}, {""word"": ""scene"", ""timed_overlap"": 1, ""column_overlap"": 2}, {""word"": ""monarch"", ""timed_overlap"": 1, ""column_overlap"": 2}]",completed,100,100,0
500,346,neural,3,hearty,ladies,97,97,97,True,2,3,0,0,,84,"[{""word"": ""ladies"", ""timed_overlap"": 2, ""column_overlap"": 3}, {""word"": ""Half"", ""timed_overlap"": 2, ""column_overlap"": 3}, {""word"": ""tittered"", ""timed_overlap"": 2, ""column_overlap"": 2}, {""word"": ""whereupon"", ""timed_overlap"": 2, ""column_overlap"": 2}, {""word"": ""these"", ""timed_overlap"": 2, ""column_overlap"": 2}]",completed,98,98,0
500,346,neural,4,kiss,faithfully,100,100,100,True,2,3,0,0,,91,"[{""word"": ""faithfully"", ""timed_overlap"": 2, ""column_overlap"": 3}, {""word"": ""beautifully"", ""timed_overlap"": 2, ""column_overlap"": 2}, {""word"": ""Jem"", ""timed_overlap"": 2, ""column_overlap"": 2}, {""word"": ""Instead"", ""timed_overlap"": 2, ""column_overlap"": 2}, {""word"": ""Search"", ""timed_overlap"": 2, ""column_overlap"": 2}]",completed,97,97,0
500,347,neural,1,command,gallant,100,100,100,True,2,3,0,0,,125,"[{""word"": ""gallant"", ""timed_overlap"": 2, ""column_overlap"": 3}, {""word"": ""wind"", ""timed_overlap"": 2, ""column_overlap"": 3}, {""word"": ""elder"", ""timed_overlap"": 2, ""column_overlap"": 2}, {""word"": ""the"", ""timed_overlap"": 2, ""column_overlap"": 2}, {""word"": ""bought"", ""timed_overlap"": 1, ""column_overlap"": 4}]",completed,73,10,0
500,347,neural,2,;,Besides,99,99,99,True,2,3,0,0,,64,"[{""word"": ""Besides"", ""timed_overlap"": 2, ""column_overlap"": 3}, {""word"": ""Kindly"", ""timed_overlap"": 2, ""column_overlap"": 2}, {""word"": ""whose"", ""timed_overlap"": 2, ""column_overlap"": 2}, {""word"": ""beauty"", ""timed_overlap"": 1, ""column_overlap"": 2}, {""word"": ""very"", ""timed_overlap"": 1, ""column_overlap"": 2}]",completed,100,100,0
500,347,neural,3,and,call,100,100,100,True,2,3,0,0,,105,"[{""word"": ""call"", ""timed_overlap"": 2, ""column_overlap"": 3}, {""word"": ""uncoil"", ""timed_overlap"": 2, ""column_overlap"": 2}, {""word"": ""whitest"", ""timed_overlap"": 2, ""column_overlap"": 2}, {""word"": ""headpiece"", ""timed_overlap"": 1, ""column_overlap"": 4}, {""word"": ""remembered"", ""timed_overlap"": 1, ""column_overlap"": 3}]",completed,99,99,0
500,347,neural,4,every,teach,99,99,99,True,2,3,0,0,,118,"[{""word"": ""teach"", ""timed_overlap"": 2, ""column_overlap"": 3}, {""word"": ""before"", ""timed_overlap"": 2, ""column_overlap"": 3}, {""word"": ""Providence"", ""timed_overlap"": 2, ""column_overlap"": 2}, {""word"": ""forget"", ""timed_overlap"": 2, ""column_overlap"": 2}, {""word"": ""Happy"", ""timed_overlap"": 2, ""column_overlap"": 2}]",completed,100,100,0
500,348,neural,1,the,torrents,96,96,96,True,2,4,1,1,96,116,"[{""word"": ""torrents"", ""timed_overlap"": 2, ""column_overlap"": 4}, {""word"": ""taking"", ""timed_overlap"": 2, ""column_overlap"": 4}, {""word"": ""!"", ""timed_overlap"": 2, ""column_overlap"": 3}, {""word"": ""right"", ""timed_overlap"": 2, ""column_overlap"": 3}, {""word"": ""bookcase"", ""timed_overlap"": 2, ""column_overlap"": 2}]",completed,82,10,0
500,348,neural,2,vase,Grandma,99,99,99,True,1,4,0,0,,88,"[{""word"": ""Grandma"", ""timed_overlap"": 1, ""column_overlap"": 4}, {""word"": ""Nature"", ""timed_overlap"": 1, ""column_overlap"": 3}, {""word"": ""still"", ""timed_overlap"": 1, ""column_overlap"": 3}, {""word"": ""tremble"", ""timed_overlap"": 1, ""column_overlap"": 3}, {""word"": ""Ideal"", ""timed_overlap"": 1, ""column_overlap"": 3}]",completed,96,96,0
500,348,neural,3,full,alarm,99,99,99,True,2,2,0,0,,70,"[{""word"": ""alarm"", ""timed_overlap"": 2, ""column_overlap"": 2}, {""word"": ""arrived"", ""timed_overlap"": 2, ""column_overlap"": 2}, {""word"": ""denied"", ""timed_overlap"": 1, ""column_overlap"": 3}, {""word"": ""Dacca"", ""timed_overlap"": 1, ""column_overlap"": 3}, {""word"": ""furious"", ""timed_overlap"": 1, ""column_overlap"": 3}]",completed,99,99,0
500,348,neural,4,of,boy,98,98,98,True,2,4,0,0,,88,"[{""word"": ""boy"", ""timed_overlap"": 2, ""column_overlap"": 4}, {""word"": ""blue"", ""timed_overlap"": 1, ""column_overlap"": 3}, {""word"": ""everything"", ""timed_overlap"": 1, ""column_overlap"": 3}, {""word"": ""care"", ""timed_overlap"": 1, ""column_overlap"": 3}, {""word"": ""remembering"", ""timed_overlap"": 1, ""column_overlap"": 3}]",completed,99,99,0
500,349,neural,1,from,bear,100,100,100,True,2,4,0,0,,131,"[{""word"": ""bear"", ""timed_overlap"": 2, ""column_overlap"": 4}, {""word"": ""Girl"", ""timed_overlap"": 2, ""column_overlap"": 4}, {""word"": ""If"", ""timed_overlap"": 2, ""column_overlap"": 3}, {""word"": ""terrify"", ""timed_overlap"": 2, ""column_overlap"": 3}, {""word"": ""till"", ""timed_overlap"": 2, ""column_overlap"": 3}]",completed,82,10,0
500,349,neural,2,which,Amy,100,100,100,True,2,2,0,0,,78,"[{""word"": ""Amy"", ""timed_overlap"": 2, ""column_overlap"": 2}, {""word"": ""Our"", ""timed_overlap"": 2, ""column_overlap"": 2}, {""word"": ""my"", ""timed_overlap"": 2, ""column_overlap"": 2}, {""word"": ""Christ-child"", ""timed_overlap"": 1, ""column_overlap"": 3}, {""word"": ""Blair"", ""timed_overlap"": 1, ""column_overlap"": 3}]",completed,100,100,0
500,349,neural,3,he,stick,100,100,100,True,2,3,0,0,,114,"[{""word"": ""stick"", ""timed_overlap"": 2, ""column_overlap"": 3}, {""word"": ""say"", ""timed_overlap"": 2, ""column_overlap"": 2}, {""word"": ""doctor"", ""timed_overlap"": 2, ""column_overlap"": 2}, {""word"": ""Now"", ""timed_overlap"": 1, ""column_overlap"": 3}, {""word"": ""himself"", ""timed_overlap"": 1, ""column_overlap"": 3}]",completed,100,100,0
500,349,neural,4,had,closed,97,97,97,True,1,4,0,0,,78,"[{""word"": ""closed"", ""timed_overlap"": 1, ""column_overlap"": 4}, {""word"": ""writ"", ""timed_overlap"": 1, ""column_overlap"": 3}, {""word"": ""sluggish"", ""timed_overlap"": 1, ""column_overlap"": 3}, {""word"": ""tremble"", ""timed_overlap"": 1, ""column_overlap"": 3}, {""word"": ""none"", ""timed_overlap"": 1, ""column_overlap"": 3}]",completed,100,100,0
500,350,neural,1,catechism,rank,100,100,100,True,2,3,0,0,,92,"[{""word"": ""rank"", ""timed_overlap"": 2, ""column_overlap"": 3}, {""word"": ""beautiful"", ""timed_overlap"": 2, ""column_overlap"": 2}, {""word"": ""heard"", ""timed_overlap"": 1, ""column_overlap"": 4}, {""word"": ""spur"", ""timed_overlap"": 1, ""column_overlap"": 3}, {""word"": ""Elizabeth"", ""timed_overlap"": 1, ""column_overlap"": 3}]",completed,91,10,0
500,350,neural,2,",",instead,99,99,99,True,2,2,0,0,,97,"[{""word"": ""instead"", ""timed_overlap"": 2, ""column_overlap"": 2}, {""word"": ""none"", ""timed_overlap"": 1, ""column_overlap"": 3}, {""word"": ""feel"", ""timed_overlap"": 1, ""column_overlap"": 3}, {""word"": ""head"", ""timed_overlap"": 1, ""column_overlap"": 3}, {""word"": ""rubbed"", ""timed_overlap"": 1, ""column_overlap"": 3}]",completed,100,100,0
500,350,neural,3,also,If,99,99,99,True,2,3,0,0,,82,"[{""word"": ""If"", ""timed_overlap"": 2, ""column_overlap"": 3}, {""word"": ""snuff-box"", ""timed_overlap"": 2, ""column_overlap"": 2}, {""word"": ""Bumble"", ""timed_overlap"": 2, ""column_overlap"": 2}, {""word"": ""lean"", ""timed_overlap"": 1, ""column_overlap"": 3}, {""word"": ""Amy"", ""timed_overlap"": 1, ""column_overlap"": 3}]",completed,99,99,0
500,350,neural,4,to,will,96,96,96,True,2,3,0,0,,116,"[{""word"": ""will"", ""timed_overlap"": 2, ""column_overlap"": 3}, {""word"": ""old"", ""timed_overlap"": 2, ""column_overlap"": 2}, {""word"": ""beautifully"", ""timed_overlap"": 2, ""column_overlap"": 2}, {""word"": ""hard"", ""timed_overlap"": 2, ""column_overlap"": 2}, {""word"": ""most"", ""timed_overlap"": 2, ""column_overlap"": 2}]",completed,99,99,0
500,351,neural,1,with,Jay,100,100,100,True,2,3,1,1,45,91,"[{""word"": ""Jay"", ""timed_overlap"": 2, ""column_overlap"": 3}, {""word"": ""sentence"", ""timed_overlap"": 2, ""column_overlap"": 2}, {""word"": ""Carrots"", ""timed_overlap"": 2, ""column_overlap"": 2}, {""word"": ""denied"", ""timed_overlap"": 2, ""column_overlap"": 2}, {""word"": ""humanity"", ""timed_overlap"": 2, ""column_overlap"": 2}]",completed,82,10,0
500,351,neural,2,such,Quicksilver,99,99,99,True,2,3,0,0,,88,"[{""word"": ""Quicksilver"", ""timed_overlap"": 2, ""column_overlap"": 3}, {""word"": ""last"", ""timed_overlap"": 2, ""column_overlap"": 2}, {""word"": ""river"", ""timed_overlap"": 1, ""column_overlap"": 3}, {""word"": ""chair"", ""timed_overlap"": 1, ""column_overlap"": 3}, {""word"": ""wise"", ""timed_overlap"": 1, ""column_overlap"": 3}]",completed,100,100,0
500,351,neural,3,a,-RSB-,99,99,99,True,2,3,0,0,,101,"[{""word"": ""-RSB-"", ""timed_overlap"": 2, ""column_overlap"": 3}, {""word"": ""master"", ""timed_overlap"": 2, ""column_overlap"": 3}, {""word"": ""truth"", ""timed_overlap"": 2, ""column_overlap"": 2}, {""word"": ""furious"", ""timed_overlap"": 1, ""column_overlap"": 3}, {""word"": ""imps"", ""timed_overlap"": 1, ""column_overlap"": 3}]",completed,99,99,0
500,351,neural,4,tone,of,99,99,99,True,2,2,0,0,,97,"[{""word"": ""of"", ""timed_overlap"": 2, ""column_overlap"": 2}, {""word"": ""wasting"", ""timed_overlap"": 2, ""column_overlap"": 2}, {""word"": ""terrify"", ""timed_overlap"": 2, ""column_overlap"": 2}, {""word"": ""Meredith"", ""timed_overlap"": 2, ""column_overlap"": 2}, {""word"": ""money"", ""timed_overlap"": 2, ""column_overlap"": 2}]",completed,99,99,0
500,352,neural,1,ever,Now,94,94,94,True,3,4,2,2,6,122,"[{""word"": ""Now"", ""timed_overlap"": 3, ""column_overlap"": 4}, {""word"": ""tiny"", ""timed_overlap"": 2, ""column_overlap"": 3}, {""word"": ""Gray"", ""timed_overlap"": 2, ""column_overlap"": 3}, {""word"": ""a"", ""timed_overlap"": 2, ""column_overlap"": 3}, {""word"": ""day"", ""timed_overlap"": 2, ""column_overlap"": 3}]",completed,73,10,0
500,352,neural,2,made,running,100,100,100,True,2,4,0,0,,112,"[{""word"": ""running"", ""timed_overlap"": 2, ""column_overlap"": 4}, {""word"": ""terrified"", ""timed_overlap"": 2, ""column_overlap"": 2}, {""word"": ""How"", ""timed_overlap"": 1, ""column_overlap"": 4}, {""word"": ""turning"", ""timed_overlap"": 1, ""column_overlap"": 4}, {""word"": ""torrents"", ""timed_overlap"": 1, ""column_overlap"": 3}]",completed,94,94,0
500,352,neural,3,them,river,99,99,99,True,2,3,0,0,,92,"[{""word"": ""river"", ""timed_overlap"": 2, ""column_overlap"": 3}, {""word"": ""Jesse"", ""timed_overlap"": 2, ""column_overlap"": 2}, {""word"": ""Herr"", ""timed_overlap"": 2, ""column_overlap"": 2}, {""word"": ""dragging"", ""timed_overlap"": 1, ""column_overlap"": 3}, {""word"": ""Cecily"", ""timed_overlap"": 1, ""column_overlap"": 3}]",completed,100,100,0
500,352,neural,4,.,egg,100,100,100,True,2,2,0,0,,93,"[{""word"": ""egg"", ""timed_overlap"": 2, ""column_overlap"": 2}, {""word"": ""days"", ""timed_overlap"": 2, ""column_overlap"": 2}, {""word"": ""vase"", ""timed_overlap"": 1, ""column_overlap"": 3}, {""word"": ""Worth"", ""timed_overlap"": 1, ""column_overlap"": 3}, {""word"": ""washerman"", ""timed_overlap"": 1, ""column_overlap"": 3}]",completed,99,99,0
500,353,neural,1,threw,lump,100,100,100,True,2,2,0,0,,90,"[{""word"": ""lump"", ""timed_overlap"": 2, ""column_overlap"": 2}, {""word"": ""soon"", ""timed_overlap"": 2, ""column_overlap"": 2}, {""word"": ""months"", ""timed_overlap"": 1, ""column_overlap"": 3}, {""word"": ""n't"", ""timed_overlap"": 1, ""column_overlap"": 3}, {""word"": ""forbidden"", ""timed_overlap"": 1, ""column_overlap"": 3}]",completed,82,10,0
500,353,neural,2,it,stern,100,100,100,True,2,2,0,0,,97,"[{""word"": ""stern"", ""timed_overlap"": 2, ""column_overlap"": 2}, {""word"": ""poured"", ""timed_overlap"": 2, ""column_overlap"": 2}, {""word"": ""A"", ""timed_overlap"": 2, ""column_overlap"": 2}, {""word"": ""should"", ""timed_overlap"": 2, ""column_overlap"": 2}, {""word"": ""clouded"", ""timed_overlap"": 1, ""column_overlap"": 4}]",completed,100,100,0
500,353,neural,3,into,closing,99,99,99,True,2,2,0,0,,93,"[{""word"": ""closing"", ""timed_overlap"": 2, ""column_overlap"": 2}, {""word"": ""satisfied"", ""timed_overlap"": 1, ""column_overlap"": 3}, {""word"": ""creature"", ""timed_overlap"": 1, ""column_overlap"": 3}, {""word"": ""Carrots"", ""timed_overlap"": 1, ""column_overlap"": 3}, {""word"": ""foremost"", ""timed_overlap"": 1, ""column_overlap"": 2}]",completed,100,100,0
500,353,neural,4,her,coming,98,98,98,True,2,3,0,0,,98,"[{""word"": ""coming"", ""timed_overlap"": 2, ""column_overlap"": 3}, {""word"": ""me"", ""timed_overlap"": 2, ""column_overlap"": 3}, {""word"": ""say"", ""timed_overlap"": 2, ""column_overlap"": 2}, {""word"": ""Sue"", ""timed_overlap"": 2, ""column_overlap"": 2}, {""word"": ""Ben"", ""timed_overlap"": 2, ""column_overlap"": 2}]",completed,99,99,0
500,354,neural,1,suddenly,thing,96,96,96,True,2,2,2,2,3,99,"[{""word"": ""thing"", ""timed_overlap"": 2, ""column_overlap"": 2}, {""word"": ""turned"", ""timed_overlap"": 2, ""column_overlap"": 2}, {""word"": ""suddenly"", ""timed_overlap"": 2, ""column_overlap"": 2}, {""word"": ""Bumble"", ""timed_overlap"": 1, ""column_overlap"": 4}, {""word"": ""wrote"", ""timed_overlap"": 1, ""column_overlap"": 3}]",completed,82,10,0
500,354,neural,2,and,one,100,100,100,True,2,2,0,0,,83,"[{""word"": ""one"", ""timed_overlap"": 2, ""column_overlap"": 2}, {""word"": ""tantrum"", ""timed_overlap"": 1, ""column_overlap"": 3}, {""word"": ""Schmidt"", ""timed_overlap"": 1, ""column_overlap"": 3}, {""word"": ""settle"", ""timed_overlap"": 1, ""column_overlap"": 3}, {""word"": ""frivolous"", ""timed_overlap"": 1, ""column_overlap"": 2}]",completed,96,96,0
500,354,neural,3,violently,am,99,99,99,True,3,4,0,0,,104,"[{""word"": ""am"", ""timed_overlap"": 3, ""column_overlap"": 4}, {""word"": ""disagreeable"", ""timed_overlap"": 2, ""column_overlap"": 3}, {""word"": ""writing"", ""timed_overlap"": 2, ""column_overlap"": 2}, {""word"": ""Jack"", ""timed_overlap"": 2, ""column_overlap"": 2}, {""word"": ""talented"", ""timed_overlap"": 1, ""column_overlap"": 4}]",completed,100,100,0
500,354,neural,4,and,carriage,100,100,100,True,2,3,0,0,,122,"[{""word"": ""carriage"", ""timed_overlap"": 2, ""column_overlap"": 3}, {""word"": ""sigh"", ""timed_overlap"": 2, ""column_overlap"": 2}, {""word"": ""sleep"", ""timed_overlap"": 2, ""column_overlap"": 2}, {""word"": ""moment"", ""timed_overlap"": 1, ""column_overlap"": 4}, {""word"": ""All"", ""timed_overlap"": 1, ""column_overlap"": 3}]",completed,99,99,0
500,355,neural,1,",",Gray,100,100,100,True,2,5,0,0,,134,"[{""word"": ""Gray"", ""timed_overlap"": 2, ""column_overlap"": 5}, {""word"": ""two"", ""timed_overlap"": 2, ""column_overlap"": 3}, {""word"": ""great"", ""timed_overlap"": 2, ""column_overlap"": 2}, {""word"": ""interrupted"", ""timed_overlap"": 2, ""column_overlap"": 2}, {""word"": ""Quicksilver"", ""timed_overlap"": 1, ""column_overlap"": 4}]",completed,82,10,0
500,355,neural,2,--,can,100,100,100,True,2,3,0,0,,102,"[{""word"": ""can"", ""timed_overlap"": 2, ""column_overlap"": 3}, {""word"": ""name"", ""timed_overlap"": 2, ""column_overlap"": 2}, {""word"": ""Fellow"", ""timed_overlap"": 2, ""column_overlap"": 2}, {""word"": ""butter"", ""timed_overlap"": 1, ""column_overlap"": 4}, {""word"": ""require"", ""timed_overlap"": 1, ""column_overlap"": 3}]",completed,100,100,0
500,355,neural,3,they,Schmidt,97,97,97,True,2,3,0,0,,108,"[{""word"": ""Schmidt"", ""timed_overlap"": 2, ""column_overlap"": 3}, {""word"": ""glanced"", ""timed_overlap"": 2, ""column_overlap"": 2}, {""word"": ""paw"", ""timed_overlap"": 2, ""column_overlap"": 2}, {""word"": ""snow"", ""timed_overlap"": 1, ""column_overlap"": 4}, {""word"": ""blow"", ""timed_overlap"": 1, ""column_overlap"": 3}]",completed,100,100,0
500,355,neural,4,color,beautifully,99,99,99,True,2,2,0,0,,95,"[{""word"": ""beautifully"", ""timed_overlap"": 2, ""column_overlap"": 2}, {""word"": ""birthday"", ""timed_overlap"": 1, ""column_overlap"": 3}, {""word"": ""approved"", ""timed_overlap"": 1, ""column_overlap"": 3}, {""word"": ""deal"", ""timed_overlap"": 1, ""column_overlap"": 3}, {""word"": ""Reddy"", ""timed_overlap"": 1, ""column_overlap"": 3}]",completed,97,97,0
500,356,neural,1,angels,worked,97,97,97,True,3,3,0,0,,123,"[{""word"": ""worked"", ""timed_overlap"": 3, ""column_overlap"": 3}, {""word"": ""feeling"", ""timed_overlap"": 2, ""column_overlap"": 4}, {""word"": ""sustaining"", ""timed_overlap"": 2, ""column_overlap"": 2}, {""word"": ""ones"", ""timed_overlap"": 2, ""column_overlap"": 2}, {""word"": ""Sometimes"", ""timed_overlap"": 2, ""column_overlap"": 2}]",completed,64,10,0
500,356,neural,2,",",imps,100,100,100,True,2,3,0,0,,82,"[{""word"": ""imps"", ""timed_overlap"": 2, ""column_overlap"": 3}, {""word"": ""ruther"", ""timed_overlap"": 2, ""column_overlap"": 2}, {""word"": ""netting"", ""timed_overlap"": 1, ""column_overlap"": 3}, {""word"": ""PETER"", ""timed_overlap"": 1, ""column_overlap"": 2}, {""word"": ""has"", ""timed_overlap"": 1, ""column_overlap"": 2}]",completed,97,97,0
500,356,neural,3,but,fry,99,99,99,True,2,2,0,0,,112,"[{""word"": ""fry"", ""timed_overlap"": 2, ""column_overlap"": 2}, {""word"": ""hunt"", ""timed_overlap"": 2, ""column_overlap"": 2}, {""word"": ""pity"", ""timed_overlap"": 1, ""column_overlap"": 3}, {""word"": ""dear"", ""timed_overlap"": 1, ""column_overlap"": 3}, {""word"": ""cheering"", ""timed_overlap"": 1, ""column_overlap"": 3}]",completed,100,100,0
500,356,neural,4,just,Cheering,99,99,99,True,3,3,0,0,,99,"[{""word"": ""Cheering"", ""timed_overlap"": 3, ""column_overlap"": 3}, {""word"": ""SOMEBODY"", ""timed_overlap"": 2, ""column_overlap"": 3}, {""word"": ""fire"", ""timed_overlap"": 2, ""column_overlap"": 2}, {""word"": ""lifting"", ""timed_overlap"": 1, ""column_overlap"": 3}, {""word"": ""Just"", ""timed_overlap"": 1, ""column_overlap"": 3}]",completed,99,99,0
500,357,neural,1,bait,maiden,100,100,100,True,2,2,0,0,,90,"[{""word"": ""maiden"", ""timed_overlap"": 2, ""column_overlap"": 2}, {""word"": ""violently"", ""timed_overlap"": 1, ""column_overlap"": 4}, {""word"": ""Oh"", ""timed_overlap"": 1, ""column_overlap"": 3}, {""word"": ""suddenly"", ""timed_overlap"": 1, ""column_overlap"": 2}, {""word"": ""'s"", ""timed_overlap"": 1, ""column_overlap"": 2}]",completed,100,10,0
500,357,neural,2,took,audacity,100,100,100,True,2,2,0,0,,98,"[{""word"": ""audacity"", ""timed_overlap"": 2, ""column_overlap"": 2}, {""word"": ""timid"", ""timed_overlap"": 2, ""column_overlap"": 2}, {""word"": ""may"", ""timed_overlap"": 2, ""column_overlap"": 2}, {""word"": ""Frank"", ""timed_overlap"": 1, ""column_overlap"": 3}, {""word"": ""silver"", ""timed_overlap"": 1, ""column_overlap"": 3}]",completed,100,100,0
500,357,neural,3,",",WHY,99,99,99,True,2,3,0,0,,109,"[{""word"": ""WHY"", ""timed_overlap"": 2, ""column_overlap"": 3}, {""word"": ""mud"", ""timed_overlap"": 2, ""column_overlap"": 2}, {""word"": ""smoothly"", ""timed_overlap"": 2, ""column_overlap"": 2}, {""word"": ""Taffy"", ""timed_overlap"": 1, ""column_overlap"": 3}, {""word"": ""central"", ""timed_overlap"": 1, ""column_overlap"": 3}]",completed,100,100,0
500,357,neural,4,but,worked,99,99,99,True,3,3,0,0,,114,"[{""word"": ""worked"", ""timed_overlap"": 3, ""column_overlap"": 3}, {""word"": ""snow"", ""timed_overlap"": 3, ""column_overlap"": 3}, {""word"": ""doubt"", ""timed_overlap"": 2, ""column_overlap"": 2}, {""word"": ""WHY"", ""timed_overlap"": 2, ""column_overlap"": 2}, {""word"": ""felt"", ""timed_overlap"": 2, ""column_overlap"": 2}]",completed,99,99,0
500,358,neural,1,:,:,100,100,100,True,2,2,2,2,1,90,"[{""word"": "":"", ""timed_overlap"": 2, ""column_overlap"": 2}, {""word"": ""wind"", ""timed_overlap"": 1, ""column_overlap"": 4}, {""word"": ""Marsch"", ""timed_overlap"": 1, ""column_overlap"": 3}, {""word"": ""reigned"", ""timed_overlap"": 1, ""column_overlap"": 3}, {""word"": ""pictures"", ""timed_overlap"": 1, ""column_overlap"": 3}]",completed,73,10,0
500,358,neural,2,`,departs,99,99,99,True,2,3,0,0,,89,"[{""word"": ""departs"", ""timed_overlap"": 2, ""column_overlap"": 3}, {""word"": ""ago"", ""timed_overlap"": 2, ""column_overlap"": 2}, {""word"": ""DO"", ""timed_overlap"": 2, ""column_overlap"": 2}, {""word"": ""Skunk"", ""timed_overlap"": 1, ""column_overlap"": 3}, {""word"": ""dragging"", ""timed_overlap"": 1, ""column_overlap"": 3}]",completed,100,100,0
500,358,neural,3,Seek,green,98,98,98,True,3,4,0,0,,92,"[{""word"": ""green"", ""timed_overlap"": 3, ""column_overlap"": 4}, {""word"": ""tell"", ""timed_overlap"": 2, ""column_overlap"": 4}, {""word"": ""Instead"", ""timed_overlap"": 1, ""column_overlap"": 4}, {""word"": ""talked"", ""timed_overlap"": 1, ""column_overlap"": 3}, {""word"": ""everlasting"", ""timed_overlap"": 1, ""column_overlap"": 3}]",completed,99,99,0
500,358,neural,4,for,Rogers,97,97,97,True,2,3,0,0,,111,"[{""word"": ""Rogers"", ""timed_overlap"": 2, ""column_overlap"": 3}, {""word"": ""even"", ""timed_overlap"": 2, ""column_overlap"": 3}, {""word"": ""days"", ""timed_overlap"": 2, ""column_overlap"": 3}, {""word"": ""audacity"", ""timed_overlap"": 2, ""column_overlap"": 2}, {""word"": ""garret"", ""timed_overlap"": 2, ""column_overlap"": 2}]",completed,98,98,0
500,359,neural,1,him,mean,100,100,100,True,2,3,0,0,,92,"[{""word"": ""mean"", ""timed_overlap"": 2, ""column_overlap"": 3}, {""word"": ""dragging"", ""timed_overlap"": 2, ""column_overlap"": 3}, {""word"": ""finish"", ""timed_overlap"": 2, ""column_overlap"": 3}, {""word"": ""the"", ""timed_overlap"": 2, ""column_overlap"": 2}, {""word"": ""be"", ""timed_overlap"": 2, ""column_overlap"": 2}]",completed,82,10,0
500,359,neural,2,she,Oh,100,100,100,True,2,2,0,0,,89,"[{""word"": ""Oh"", ""timed_overlap"": 2, ""column_overlap"": 2}, {""word"": ""word"", ""timed_overlap"": 2, ""column_overlap"": 2}, {""word"": ""speak"", ""timed_overlap"": 1, ""column_overlap"": 3}, {""word"": ""Most"", ""timed_overlap"": 1, ""column_overlap"": 3}, {""word"": ""twitch"", ""timed_overlap"": 1, ""column_overlap"": 3}]",completed,100,100,0
500,359,neural,3,did,till,100,100,100,True,3,3,0,0,,127,"[{""word"": ""till"", ""timed_overlap"": 3, ""column_overlap"": 3}, {""word"": ""Dacca"", ""timed_overlap"": 2, ""column_overlap"": 4}, {""word"": ""Mrs."", ""timed_overlap"": 2, ""column_overlap"": 3}, {""word"": ""Nan"", ""timed_overlap"": 2, ""column_overlap"": 2}, {""word"": ""Like"", ""timed_overlap"": 2, ""column_overlap"": 2}]",completed,100,100,0
500,359,neural,4,n't,exclaimed,96,96,96,True,2,4,0,0,,145,"[{""word"": ""exclaimed"", ""timed_overlap"": 2, ""column_overlap"": 4}, {""word"": ""remember"", ""timed_overlap"": 2, ""column_overlap"": 4}, {""word"": ""after"", ""timed_overlap"": 2, ""column_overlap"": 3}, {""word"": ""timid"", ""timed_overlap"": 2, ""column_overlap"": 3}, {""word"": ""study"", ""timed_overlap"": 2, ""column_overlap"": 3}]",completed,100,100,0
500,360,neural,1,ever,rank,100,100,100,True,3,3,0,0,,120,"[{""word"": ""rank"", ""timed_overlap"": 3, ""column_overlap"": 3}, {""word"": ""maiden"", ""timed_overlap"": 2, ""column_overlap"": 3}, {""word"": ""Jem"", ""timed_overlap"": 2, ""column_overlap"": 3}, {""word"": ""guess"", ""timed_overlap"": 2, ""column_overlap"": 3}, {""word"": ""detest"", ""timed_overlap"": 2, ""column_overlap"": 2}]",completed,64,10,0
500,360,neural,2,so,Messua,100,100,100,True,2,2,0,0,,108,"[{""word"": ""Messua"", ""timed_overlap"": 2, ""column_overlap"": 2}, {""word"": ""Magyars"", ""timed_overlap"": 2, ""column_overlap"": 2}, {""word"": ""COAT"", ""timed_overlap"": 1, ""column_overlap"": 3}, {""word"": ""feel"", ""timed_overlap"": 1, ""column_overlap"": 3}, {""word"": ""men"", ""timed_overlap"": 1, ""column_overlap"": 3}]",completed,100,100,0
500,360,neural,3,much,went,99,99,99,True,2,3,0,0,,111,"[{""word"": ""went"", ""timed_overlap"": 2, ""column_overlap"": 3}, {""word"": ""RABBIT"", ""timed_overlap"": 2, ""column_overlap"": 3}, {""word"": ""lump"", ""timed_overlap"": 2, ""column_overlap"": 2}, {""word"": ""saw"", ""timed_overlap"": 2, ""column_overlap"": 2}, {""word"": ""value"", ""timed_overlap"": 2, ""column_overlap"": 2}]",completed,100,100,0
500,360,neural,4,better,get,96,96,96,True,2,2,0,0,,104,"[{""word"": ""get"", ""timed_overlap"": 2, ""column_overlap"": 2}, {""word"": ""lay"", ""timed_overlap"": 2, ""column_overlap"": 2}, {""word"": ""dragon"", ""timed_overlap"": 2, ""column_overlap"": 2}, {""word"": ""smoothly"", ""timed_overlap"": 1, ""column_overlap"": 3}, {""word"": ""Jo"", ""timed_overlap"": 1, ""column_overlap"": 3}]",completed,99,99,0
500,361,neural,1,sight,enchanted,100,100,100,True,2,3,0,0,,91,"[{""word"": ""enchanted"", ""timed_overlap"": 2, ""column_overlap"": 3}, {""word"": ""squishing"", ""timed_overlap"": 1, ""column_overlap"": 4}, {""word"": ""indeed"", ""timed_overlap"": 1, ""column_overlap"": 4}, {""word"": ""Though"", ""timed_overlap"": 1, ""column_overlap"": 3}, {""word"": ""touched"", ""timed_overlap"": 1, ""column_overlap"": 3}]",completed,91,10,0
500,361,neural,2,",",none,99,99,99,True,2,3,0,0,,76,"[{""word"": ""none"", ""timed_overlap"": 2, ""column_overlap"": 3}, {""word"": ""Hannah"", ""timed_overlap"": 2, ""column_overlap"": 3}, {""word"": ""talks"", ""timed_overlap"": 2, ""column_overlap"": 2}, {""word"": ""drug-vendor"", ""timed_overlap"": 2, ""column_overlap"": 2}, {""word"": ""AND"", ""timed_overlap"": 2, ""column_overlap"": 2}]",completed,100,100,0
500,361,neural,3,and,Jumping,98,98,98,True,2,3,0,0,,95,"[{""word"": ""Jumping"", ""timed_overlap"": 2, ""column_overlap"": 3}, {""word"": ""In"", ""timed_overlap"": 2, ""column_overlap"": 2}, {""word"": ""price"", ""timed_overlap"": 1, ""column_overlap"": 4}, {""word"": ""sword"", ""timed_overlap"": 1, ""column_overlap"": 4}, {""word"": ""recommended"", ""timed_overlap"": 1, ""column_overlap"": 4}]",completed,99,99,0
500,361,neural,4,eagerly,walked,100,100,100,True,2,2,0,0,,120,"[{""word"": ""walked"", ""timed_overlap"": 2, ""column_overlap"": 2}, {""word"": ""Miss"", ""timed_overlap"": 2, ""column_overlap"": 2}, {""word"": ""green"", ""timed_overlap"": 2, ""column_overlap"": 2}, {""word"": ""money"", ""timed_overlap"": 2, ""column_overlap"": 2}, {""word"": ""teach"", ""timed_overlap"": 1, ""column_overlap"": 4}]",completed,98,98,0
500,362,neural,1,said,said,99,99,99,True,3,3,3,3,1,95,"[{""word"": ""said"", ""timed_overlap"": 3, ""column_overlap"": 3}, {""word"": ""Sometimes"", ""timed_overlap"": 2, ""column_overlap"": 3}, {""word"": ""bust"", ""timed_overlap"": 2, ""column_overlap"": 3}, {""word"": ""Matthew"", ""timed_overlap"": 2, ""column_overlap"": 2}, {""word"": ""RABBIT"", ""timed_overlap"": 1, ""column_overlap"": 3}]",completed,64,10,0
500,362,neural,2,Peter,apparently,100,100,100,True,1,3,0,0,,66,"[{""word"": ""apparently"", ""timed_overlap"": 1, ""column_overlap"": 3}, {""word"": ""Square"", ""timed_overlap"": 1, ""column_overlap"": 3}, {""word"": ""wand"", ""timed_overlap"": 1, ""column_overlap"": 2}, {""word"": ""Priscilla"", ""timed_overlap"": 1, ""column_overlap"": 2}, {""word"": ""give"", ""timed_overlap"": 1, ""column_overlap"": 2}]",completed,99,99,0
500,362,neural,3,thoughtfully,Everybody,100,100,100,True,3,4,0,0,,131,"[{""word"": ""Everybody"", ""timed_overlap"": 3, ""column_overlap"": 4}, {""word"": ""Marco"", ""timed_overlap"": 2, ""column_overlap"": 3}, {""word"": ""kind"", ""timed_overlap"": 2, ""column_overlap"": 3}, {""word"": ""Half"", ""timed_overlap"": 2, ""column_overlap"": 3}, {""word"": ""Frank"", ""timed_overlap"": 2, ""column_overlap"": 2}]",completed,100,100,0
500,362,neural,4,.,early,100,100,100,True,2,2,0,0,,93,"[{""word"": ""early"", ""timed_overlap"": 2, ""column_overlap"": 2}, {""word"": ""upon"", ""timed_overlap"": 1, ""column_overlap"": 3}, {""word"": ""would"", ""timed_overlap"": 1, ""column_overlap"": 3}, {""word"": ""holiday"", ""timed_overlap"": 1, ""column_overlap"": 3}, {""word"": ""course"", ""timed_overlap"": 1, ""column_overlap"": 3}]",completed,100,100,0
500,363,neural,1,of,given,100,100,100,True,2,3,0,0,,85,"[{""word"": ""given"", ""timed_overlap"": 2, ""column_overlap"": 3}, {""word"": ""Nan"", ""timed_overlap"": 2, ""column_overlap"": 2}, {""word"": ""silence"", ""timed_overlap"": 2, ""column_overlap"": 2}, {""word"": ""happened"", ""timed_overlap"": 2, ""column_overlap"": 2}, {""word"": ""up"", ""timed_overlap"": 2, ""column_overlap"": 2}]",completed,100,10,0
500,363,neural,2,breath,coming,99,99,99,True,2,3,0,0,,95,"[{""word"": ""coming"", ""timed_overlap"": 2, ""column_overlap"": 3}, {""word"": ""found"", ""timed_overlap"": 2, ""column_overlap"": 2}, {""word"": ""seek"", ""timed_overlap"": 2, ""column_overlap"": 2}, {""word"": ""knew"", ""timed_overlap"": 1, ""column_overlap"": 4}, {""word"": ""April"", ""timed_overlap"": 1, ""column_overlap"": 3}]",completed,100,100,0
500,363,neural,3,and,running,98,98,98,True,2,4,0,0,,118,"[{""word"": ""running"", ""timed_overlap"": 2, ""column_overlap"": 4}, {""word"": ""faults"", ""timed_overlap"": 2, ""column_overlap"": 3}, {""word"": ""minutes"", ""timed_overlap"": 2, ""column_overlap"": 2}, {""word"": ""twitch"", ""timed_overlap"": 2, ""column_overlap"": 2}, {""word"": ""speak"", ""timed_overlap"": 2, ""column_overlap"": 2}]",completed,99,99,0
500,363,neural,4,furious,As,97,97,97,True,2,3,0,0,,90,"[{""word"": ""As"", ""timed_overlap"": 2, ""column_overlap"": 3}, {""word"": ""Take"", ""timed_overlap"": 2, ""column_overlap"": 2}, {""word"": ""monotonous"", ""timed_overlap"": 1, ""column_overlap"": 3}, {""word"": ""confessed"", ""timed_overlap"": 1, ""column_overlap"": 3}, {""word"": ""themselves"", ""timed_overlap"": 1, ""column_overlap"": 2}]",completed,98,98,0
500,364,neural,1,",",drawing,97,97,97,True,2,4,0,0,,122,"[{""word"": ""drawing"", ""timed_overlap"": 2, ""column_overlap"": 4}, {""word"": ""bronze"", ""timed_overlap"": 2, ""column_overlap"": 3}, {""word"": ""youth"", ""timed_overlap"": 2, ""column_overlap"": 3}, {""word"": ""well"", ""timed_overlap"": 2, ""column_overlap"": 2}, {""word"": ""Assam"", ""timed_overlap"": 2, ""column_overlap"": 2}]",completed,82,10,0
500,364,neural,2,Jo,hive,100,100,100,True,2,3,0,0,,118,"[{""word"": ""hive"", ""timed_overlap"": 2, ""column_overlap"": 3}, {""word"": ""bared"", ""timed_overlap"": 2, ""column_overlap"": 2}, {""word"": ""Williamson"", ""timed_overlap"": 2, ""column_overlap"": 2}, {""word"": ""Hannah"", ""timed_overlap"": 2, ""column_overlap"": 2}, {""word"": ""disagreeable"", ""timed_overlap"": 1, ""column_overlap"": 3}]",completed,97,97,0
500,364,neural,3,?,coming,98,98,98,True,2,3,0,0,,101,"[{""word"": ""coming"", ""timed_overlap"": 2, ""column_overlap"": 3}, {""word"": ""III"", ""timed_overlap"": 2, ""column_overlap"": 2}, {""word"": ""Eric"", ""timed_overlap"": 1, ""column_overlap"": 4}, {""word"": ""dared"", ""timed_overlap"": 1, ""column_overlap"": 4}, {""word"": ""Good-bye"", ""timed_overlap"": 1, ""column_overlap"": 3}]",completed,100,100,0
500,364,neural,4,'',donkey,98,98,98,True,2,2,0,0,,83,"[{""word"": ""donkey"", ""timed_overlap"": 2, ""column_overlap"": 2}, {""word"": ""stood"", ""timed_overlap"": 2, ""column_overlap"": 2}, {""word"": ""those"", ""timed_overlap"": 2, ""column_overlap"": 2}, {""word"": ""drew"", ""timed_overlap"": 2, ""column_overlap"": 2}, {""word"": ""Proscribed"", ""timed_overlap"": 1, ""column_overlap"": 3}]",completed,98,98,0
500,365,neural,1,had,had,94,94,94,True,3,3,3,3,1,148,"[{""word"": ""had"", ""timed_overlap"": 3, ""column_overlap"": 3}, {""word"": ""Unc"", ""timed_overlap"": 2, ""column_overlap"": 4}, {""word"": ""fixed"", ""timed_overlap"": 2, ""column_overlap"": 3}, {""word"": ""opening"", ""timed_overlap"": 2, ""column_overlap"": 3}, {""word"": ""east"", ""timed_overlap"": 2, ""column_overlap"": 3}]",completed,64,10,0
500,365,neural,2,her,probably,99,99,99,True,2,4,0,0,,123,"[{""word"": ""probably"", ""timed_overlap"": 2, ""column_overlap"": 4}, {""word"": ""said"", ""timed_overlap"": 2, ""column_overlap"": 2}, {""word"": ""running"", ""timed_overlap"": 2, ""column_overlap"": 2}, {""word"": ""feet"", ""timed_overlap"": 2, ""column_overlap"": 2}, {""word"": ""monarch"", ""timed_overlap"": 2, ""column_overlap"": 2}]",completed,94,94,0
500,365,neural,3,evening,fry,100,100,100,True,2,3,0,0,,83,"[{""word"": ""fry"", ""timed_overlap"": 2, ""column_overlap"": 3}, {""word"": ""Most"", ""timed_overlap"": 2, ""column_overlap"": 3}, {""word"": ""except"", ""timed_overlap"": 2, ""column_overlap"": 2}, {""word"": ""tittered"", ""timed_overlap"": 1, ""column_overlap"": 3}, {""word"": ""unexpected"", ""timed_overlap"": 1, ""column_overlap"": 3}]",completed,99,99,0
500,365,neural,4,off,be,96,96,96,True,2,3,0,0,,84,"[{""word"": ""be"", ""timed_overlap"": 2, ""column_overlap"": 3}, {""word"": ""sorry"", ""timed_overlap"": 2, ""column_overlap"": 2}, {""word"": ""bag"", ""timed_overlap"": 2, ""column_overlap"": 2}, {""word"": ""price"", ""timed_overlap"": 2, ""column_overlap"": 2}, {""word"": ""succeeded"", ""timed_overlap"": 2, ""column_overlap"": 2}]",completed,100,100,0
500,366,neural,1,her,tents,96,96,96,True,2,3,0,0,,116,"[{""word"": ""tents"", ""timed_overlap"": 2, ""column_overlap"": 3}, {""word"": ""BEN"", ""timed_overlap"": 2, ""column_overlap"": 2}, {""word"": ""belt"", ""timed_overlap"": 2, ""column_overlap"": 2}, {""word"": ""frozen"", ""timed_overlap"": 1, ""column_overlap"": 3}, {""word"": ""villagers"", ""timed_overlap"": 1, ""column_overlap"": 3}]",completed,82,10,0
500,366,neural,2,wand,simply,100,100,100,True,1,4,0,0,,91,"[{""word"": ""simply"", ""timed_overlap"": 1, ""column_overlap"": 4}, {""word"": ""furious"", ""timed_overlap"": 1, ""column_overlap"": 3}, {""word"": ""maidens"", ""timed_overlap"": 1, ""column_overlap"": 3}, {""word"": ""Emmy"", ""timed_overlap"": 1, ""column_overlap"": 3}, {""word"": ""Wildrose"", ""timed_overlap"": 1, ""column_overlap"": 3}]",completed,96,96,0
500,366,neural,3,",",That,99,99,99,True,3,4,0,0,,84,"[{""word"": ""That"", ""timed_overlap"": 3, ""column_overlap"": 4}, {""word"": ""much"", ""timed_overlap"": 1, ""column_overlap"": 3}, {""word"": ""silence"", ""timed_overlap"": 1, ""column_overlap"": 3}, {""word"": ""lamassery"", ""timed_overlap"": 1, ""column_overlap"": 3}, {""word"": ""new"", ""timed_overlap"": 1, ""column_overlap"": 3}]",completed,100,100,0
500,366,neural,4,and,quaggi,97,97,97,True,1,3,0,0,,93,"[{""word"": ""quaggi"", ""timed_overlap"": 1, ""column_overlap"": 3}, {""word"": ""wish"", ""timed_overlap"": 1, ""column_overlap"": 3}, {""word"": ""week"", ""timed_overlap"": 1, ""column_overlap"": 3}, {""word"": ""He"", ""timed_overlap"": 1, ""column_overlap"": 3}, {""word"": ""hate"", ""timed_overlap"": 1, ""column_overlap"": 3}]",completed,99,99,0
500,367,neural,1,return,be,100,100,100,True,2,2,0,0,,73,"[{""word"": ""be"", ""timed_overlap"": 2, ""column_overlap"": 2}, {""word"": ""begging"", ""timed_overlap"": 1, ""column_overlap"": 3}, {""word"": ""however"", ""timed_overlap"": 1, ""column_overlap"": 3}, {""word"": ""rainy"", ""timed_overlap"": 1, ""column_overlap"": 3}, {""word"": ""Kenneth"", ""timed_overlap"": 1, ""column_overlap"": 3}]",completed,82,10,0
500,367,neural,2,home,fireworks,100,100,100,True,2,4,0,0,,72,"[{""word"": ""fireworks"", ""timed_overlap"": 2, ""column_overlap"": 4}, {""word"": ""recitations"", ""timed_overlap"": 2, ""column_overlap"": 2}, {""word"": ""Look"", ""timed_overlap"": 2, ""column_overlap"": 2}, {""word"": ""nicer"", ""timed_overlap"": 1, ""column_overlap"": 3}, {""word"": ""rejoined"", ""timed_overlap"": 1, ""column_overlap"": 3}]",completed,100,100,0
500,367,neural,3,at,paw,97,97,97,True,2,4,0,0,,114,"[{""word"": ""paw"", ""timed_overlap"": 2, ""column_overlap"": 4}, {""word"": ""church"", ""timed_overlap"": 2, ""column_overlap"": 3}, {""word"": ""ladies"", ""timed_overlap"": 2, ""column_overlap"": 2}, {""word"": ""Queen"", ""timed_overlap"": 2, ""column_overlap"": 2}, {""word"": ""fancied"", ""timed_overlap"": 1, ""column_overlap"": 4}]",completed,100,100,0
500,367,neural,4,once,away,99,99,99,True,2,2,0,0,,85,"[{""word"": ""away"", ""timed_overlap"": 2, ""column_overlap"": 2}, {""word"": ""always"", ""timed_overlap"": 2, ""column_overlap"": 2}, {""word"": ""!"", ""timed_overlap"": 1, ""column_overlap"": 4}, {""word"": ""blue"", ""timed_overlap"": 1, ""column_overlap"": 3}, {""word"": ""-LCB-"", ""timed_overlap"": 1, ""column_overlap"": 3}]",completed,97,97,0
500,368,neural,1,'',he,100,100,100,True,2,2,2,2,2,124,"[{""word"": ""he"", ""timed_overlap"": 2, ""column_overlap"": 2}, {""word"": ""''"", ""timed_overlap"": 2, ""column_overlap"": 2}, {""word"": ""shall"", ""timed_overlap"": 2, ""column_overlap"": 2}, {""word"": ""rat"", ""timed_overlap"": 1, ""column_overlap"": 3}, {""word"": ""servant"", ""timed_overlap"": 1, ""column_overlap"": 3}]",completed,73,10,0
500,368,neural,2,I,bestrewn,100,100,100,True,1,3,0,0,,76,"[{""word"": ""bestrewn"", ""timed_overlap"": 1, ""column_overlap"": 3}, {""word"": ""whenever"", ""timed_overlap"": 1, ""column_overlap"": 3}, {""word"": ""While"", ""timed_overlap"": 1, ""column_overlap"": 3}, {""word"": ""is"", ""timed_overlap"": 1, ""column_overlap"": 2}, {""word"": ""even"", ""timed_overlap"": 1, ""column_overlap"": 2}]",completed,100,100,0
500,368,neural,3,said,Alan,99,99,99,True,2,2,0,0,,81,"[{""word"": ""Alan"", ""timed_overlap"": 2, ""column_overlap"": 2}, {""word"": ""mean"", ""timed_overlap"": 2, ""column_overlap"": 2}, {""word"": ""lord"", ""timed_overlap"": 2, ""column_overlap"": 2}, {""word"": ""helmet"", ""timed_overlap"": 1, ""column_overlap"": 3}, {""word"": ""Meredith"", ""timed_overlap"": 1, ""column_overlap"": 3}]",completed,100,100,0
500,368,neural,4,comfortingly,angels,99,99,99,True,2,2,0,0,,123,"[{""word"": ""angels"", ""timed_overlap"": 2, ""column_overlap"": 2}, {""word"": ""planned"", ""timed_overlap"": 1, ""column_overlap"": 4}, {""word"": ""minutes"", ""timed_overlap"": 1, ""column_overlap"": 4}, {""word"": ""wandered"", ""timed_overlap"": 1, ""column_overlap"": 3}, {""word"": ""snowshoeing"", ""timed_overlap"": 1, ""column_overlap"": 3}]",completed,99,99,0
500,369,neural,1,you,Most,100,100,100,True,2,4,0,0,,137,"[{""word"": ""Most"", ""timed_overlap"": 2, ""column_overlap"": 4}, {""word"": ""times"", ""timed_overlap"": 2, ""column_overlap"": 3}, {""word"": ""hot"", ""timed_overlap"": 2, ""column_overlap"": 3}, {""word"": ""amiss"", ""timed_overlap"": 1, ""column_overlap"": 4}, {""word"": ""RABBIT"", ""timed_overlap"": 1, ""column_overlap"": 3}]",completed,82,10,0
500,369,neural,2,lend,Jay,99,99,99,True,1,2,0,0,,56,"[{""word"": ""Jay"", ""timed_overlap"": 1, ""column_overlap"": 2}, {""word"": ""forth"", ""timed_overlap"": 1, ""column_overlap"": 2}, {""word"": ""Because"", ""timed_overlap"": 1, ""column_overlap"": 2}, {""word"": ""caress"", ""timed_overlap"": 1, ""column_overlap"": 2}, {""word"": ""ago"", ""timed_overlap"": 1, ""column_overlap"": 2}]",completed,100,100,0
500,369,neural,3,us,sure,100,100,100,True,2,4,0,0,,116,"[{""word"": ""sure"", ""timed_overlap"": 2, ""column_overlap"": 4}, {""word"": ""artistic"", ""timed_overlap"": 2, ""column_overlap"": 3}, {""word"": ""rank"", ""timed_overlap"": 2, ""column_overlap"": 2}, {""word"": ""very"", ""timed_overlap"": 1, ""column_overlap"": 3}, {""word"": ""plans"", ""timed_overlap"": 1, ""column_overlap"": 3}]",completed,99,99,0
500,369,neural,4,the,tell,97,97,97,True,2,2,0,0,,95,"[{""word"": ""tell"", ""timed_overlap"": 2, ""column_overlap"": 2}, {""word"": ""Poland"", ""timed_overlap"": 2, ""column_overlap"": 2}, {""word"": ""shall"", ""timed_overlap"": 1, ""column_overlap"": 3}, {""word"": ""slaves"", ""timed_overlap"": 1, ""column_overlap"": 2}, {""word"": ""those"", ""timed_overlap"": 1, ""column_overlap"": 2}]",completed,100,100,0
500,370,neural,1,of,married,100,100,100,True,2,4,0,0,,143,"[{""word"": ""married"", ""timed_overlap"": 2, ""column_overlap"": 4}, {""word"": ""shake"", ""timed_overlap"": 2, ""column_overlap"": 4}, {""word"": ""impudent"", ""timed_overlap"": 2, ""column_overlap"": 3}, {""word"": ""egg"", ""timed_overlap"": 2, ""column_overlap"": 3}, {""word"": ""gradual"", ""timed_overlap"": 2, ""column_overlap"": 2}]",completed,82,10,0
500,370,neural,2,sentiment,stop,99,99,99,True,2,2,0,0,,68,"[{""word"": ""stop"", ""timed_overlap"": 2, ""column_overlap"": 2}, {""word"": ""sight"", ""timed_overlap"": 1, ""column_overlap"": 3}, {""word"": ""if"", ""timed_overlap"": 1, ""column_overlap"": 3}, {""word"": ""Leslie"", ""timed_overlap"": 1, ""column_overlap"": 2}, {""word"": ""reigned"", ""timed_overlap"": 1, ""column_overlap"": 2}]",completed,100,100,0
500,370,neural,3,",",got,99,99,99,True,2,2,0,0,,95,"[{""word"": ""got"", ""timed_overlap"": 2, ""column_overlap"": 2}, {""word"": ""remembered"", ""timed_overlap"": 2, ""column_overlap"": 2}, {""word"": ""near"", ""timed_overlap"": 2, ""column_overlap"": 2}, {""word"": ""heads"", ""timed_overlap"": 2, ""column_overlap"": 2}, {""word"": ""Scrooge"", ""timed_overlap"": 2, ""column_overlap"": 2}]",completed,99,99,0
500,370,neural,4,but,Play,99,99,99,True,3,4,1,2,35,89,"[{""word"": ""Play"", ""timed_overlap"": 3, ""column_overlap"": 4}, {""word"": ""mistress"", ""timed_overlap"": 2, ""column_overlap"": 3}, {""word"": ""sweep"", ""timed_overlap"": 2, ""column_overlap"": 2}, {""word"": ""Meadow"", ""timed_overlap"": 1, ""column_overlap"": 4}, {""word"": ""make"", ""timed_overlap"": 1, ""column_overlap"": 3}]",completed,99,99,0
500,371,neural,1,development,Bring,97,97,97,True,2,4,1,3,13,129,"[{""word"": ""Bring"", ""timed_overlap"": 2, ""column_overlap"": 4}, {""word"": ""Buster"", ""timed_overlap"": 2, ""column_overlap"": 2}, {""word"": ""seemed"", ""timed_overlap"": 2, ""column_overlap"": 2}, {""word"": ""asked"", ""timed_overlap"": 2, ""column_overlap"": 2}, {""word"": ""good"", ""timed_overlap"": 2, ""column_overlap"": 2}]",completed,73,10,0
500,371,neural,2,of,'d,99,99,99,True,2,3,0,0,,107,"[{""word"": ""'d"", ""timed_overlap"": 2, ""column_overlap"": 3}, {""word"": ""feebly"", ""timed_overlap"": 2, ""column_overlap"": 3}, {""word"": ""leave"", ""timed_overlap"": 2, ""column_overlap"": 2}, {""word"": ""fry"", ""timed_overlap"": 2, ""column_overlap"": 2}, {""word"": ""birthday"", ""timed_overlap"": 2, ""column_overlap"": 2}]",completed,97,97,0
500,371,neural,3,some,speak,97,97,97,True,2,2,0,0,,92,"[{""word"": ""speak"", ""timed_overlap"": 2, ""column_overlap"": 2}, {""word"": ""impudent"", ""timed_overlap"": 2, ""column_overlap"": 2}, {""word"": ""bringing"", ""timed_overlap"": 2, ""column_overlap"": 2}, {""word"": ""peck"", ""timed_overlap"": 1, ""column_overlap"": 3}, {""word"": ""Marcella"", ""timed_overlap"": 1, ""column_overlap"": 3}]",completed,99,99,0
500,371,neural,4,rare,A,99,99,99,True,1,4,0,0,,97,"[{""word"": ""A"", ""timed_overlap"": 1, ""column_overlap"": 4}, {""word"": ""Quicksilver"", ""timed_overlap"": 1, ""column_overlap"": 4}, {""word"": ""1715"", ""timed_overlap"": 1, ""column_overlap"": 3}, {""word"": ""stern"", ""timed_overlap"": 1, ""column_overlap"": 3}, {""word"": ""am"", ""timed_overlap"": 1, ""column_overlap"": 3}]",completed,97,97,0
500,372,neural,1,say,Take,100,100,100,True,2,2,0,0,,119,"[{""word"": ""Take"", ""timed_overlap"": 2, ""column_overlap"": 2}, {""word"": ""locked"", ""timed_overlap"": 2, ""column_overlap"": 2}, {""word"": ""running"", ""timed_overlap"": 1, ""column_overlap"": 4}, {""word"": ""married"", ""timed_overlap"": 1, ""column_overlap"": 4}, {""word"": ""am"", ""timed_overlap"": 1, ""column_overlap"": 4}]",completed,100,10,0
500,372,neural,2,that,lived,100,100,100,True,2,2,1,2,21,94,"[{""word"": ""lived"", ""timed_overlap"": 2, ""column_overlap"": 2}, {""word"": ""pride"", ""timed_overlap"": 1, ""column_overlap"": 4}, {""word"": ""fast"", ""timed_overlap"": 1, ""column_overlap"": 3}, {""word"": ""mercy"", ""timed_overlap"": 1, ""column_overlap"": 3}, {""word"": ""tells"", ""timed_overlap"": 1, ""column_overlap"": 3}]",completed,100,100,0
500,372,neural,3,would,bust,99,99,99,True,2,2,0,0,,86,"[{""word"": ""bust"", ""timed_overlap"": 2, ""column_overlap"": 2}, {""word"": ""whenever"", ""timed_overlap"": 1, ""column_overlap"": 4}, {""word"": ""boys"", ""timed_overlap"": 1, ""column_overlap"": 3}, {""word"": ""hopelessly"", ""timed_overlap"": 1, ""column_overlap"": 3}, {""word"": ""made"", ""timed_overlap"": 1, ""column_overlap"": 3}]",completed,100,100,0
500,372,neural,4,help,:,98,98,98,True,2,2,0,0,,100,"[{""word"": "":"", ""timed_overlap"": 2, ""column_overlap"": 2}, {""word"": ""Pretty"", ""timed_overlap"": 2, ""column_overlap"": 2}, {""word"": ""boy"", ""timed_overlap"": 1, ""column_overlap"": 3}, {""word"": ""bared"", ""timed_overlap"": 1, ""column_overlap"": 3}, {""word"": ""order"", ""timed_overlap"": 1, ""column_overlap"": 3}]",completed,99,99,0
500,373,neural,1,",",and,99,99,99,True,2,3,0,0,,130,"[{""word"": ""and"", ""timed_overlap"": 2, ""column_overlap"": 3}, {""word"": ""Head"", ""timed_overlap"": 2, ""column_overlap"": 2}, {""word"": ""house"", ""timed_overlap"": 2, ""column_overlap"": 2}, {""word"": ""agreement"", ""timed_overlap"": 1, ""column_overlap"": 4}, {""word"": ""talked"", ""timed_overlap"": 1, ""column_overlap"": 4}]",completed,82,10,0
500,373,neural,2,in,Here,100,100,100,True,2,3,1,1,108,118,"[{""word"": ""Here"", ""timed_overlap"": 2, ""column_overlap"": 3}, {""word"": ""violently"", ""timed_overlap"": 2, ""column_overlap"": 3}, {""word"": ""coverings"", ""timed_overlap"": 2, ""column_overlap"": 3}, {""word"": ""eagerly"", ""timed_overlap"": 2, ""column_overlap"": 3}, {""word"": ""reserved"", ""timed_overlap"": 1, ""column_overlap"": 3}]",completed,99,99,0
500,373,neural,3,so,even,99,99,99,True,2,2,0,0,,95,"[{""word"": ""even"", ""timed_overlap"": 2, ""column_overlap"": 2}, {""word"": ""audacity"", ""timed_overlap"": 1, ""column_overlap"": 3}, {""word"": ""applause"", ""timed_overlap"": 1, ""column_overlap"": 3}, {""word"": ""playing"", ""timed_overlap"": 1, ""column_overlap"": 3}, {""word"": ""years"", ""timed_overlap"": 1, ""column_overlap"": 3}]",completed,100,100,0
500,373,neural,4,far,drew,96,96,96,True,2,2,0,0,,126,"[{""word"": ""drew"", ""timed_overlap"": 2, ""column_overlap"": 2}, {""word"": ""Kim"", ""timed_overlap"": 2, ""column_overlap"": 2}, {""word"": ""go"", ""timed_overlap"": 2, ""column_overlap"": 2}, {""word"": ""day"", ""timed_overlap"": 2, ""column_overlap"": 2}, {""word"": ""dragging"", ""timed_overlap"": 2, ""column_overlap"": 2}]",completed,99,99,0
500,374,neural,1,",",happened,99,99,99,True,2,4,0,0,,118,"[{""word"": ""happened"", ""timed_overlap"": 2, ""column_overlap"": 4}, {""word"": ""Nan"", ""timed_overlap"": 2, ""column_overlap"": 3}, {""word"": ""rat"", ""timed_overlap"": 2, ""column_overlap"": 3}, {""word"": ""spied"", ""timed_overlap"": 2, ""column_overlap"": 2}, {""word"": ""price"", ""timed_overlap"": 2, ""column_overlap"": 2}]",completed,82,10,0
500,374,neural,2,``,amused,100,100,100,True,2,2,0,0,,78,"[{""word"": ""amused"", ""timed_overlap"": 2, ""column_overlap"": 2}, {""word"": ""rank"", ""timed_overlap"": 1, ""column_overlap"": 4}, {""word"": ""sword"", ""timed_overlap"": 1, ""column_overlap"": 4}, {""word"": ""question"", ""timed_overlap"": 1, ""column_overlap"": 3}, {""word"": ""swearing"", ""timed_overlap"": 1, ""column_overlap"": 3}]",completed,99,99,0
500,374,neural,3,that,furious,99,99,99,True,2,3,0,0,,90,"[{""word"": ""furious"", ""timed_overlap"": 2, ""column_overlap"": 3}, {""word"": ""CHAPTER"", ""timed_overlap"": 2, ""column_overlap"": 3}, {""word"": ""fairy"", ""timed_overlap"": 2, ""column_overlap"": 2}, {""word"": ""Bessy"", ""timed_overlap"": 2, ""column_overlap"": 2}, {""word"": ""swearing"", ""timed_overlap"": 1, ""column_overlap"": 4}]",completed,100,100,0
500,374,neural,4,there,Grange,98,98,98,True,2,3,0,0,,104,"[{""word"": ""Grange"", ""timed_overlap"": 2, ""column_overlap"": 3}, {""word"": ""Marco"", ""timed_overlap"": 2, ""column_overlap"": 2}, {""word"": ""succeeded"", ""timed_overlap"": 2, ""column_overlap"": 2}, {""word"": ""wheeled"", ""timed_overlap"": 2, ""column_overlap"": 2}, {""word"": ""pails"", ""timed_overlap"": 1, ""column_overlap"": 3}]",completed,99,99,0
500,375,neural,1,said,said,99,99,99,True,3,3,3,3,1,95,"[{""word"": ""said"", ""timed_overlap"": 3, ""column_overlap"": 3}, {""word"": ""bust"", ""timed_overlap"": 2, ""column_overlap"": 3}, {""word"": ""Sometimes"", ""timed_overlap"": 2, ""column_overlap"": 3}, {""word"": ""Matthew"", ""timed_overlap"": 2, ""column_overlap"": 2}, {""word"": ""stood"", ""timed_overlap"": 1, ""column_overlap"": 3}]",completed,64,10,0
500,375,neural,2,the,apparently,100,100,100,True,1,3,0,0,,66,"[{""word"": ""apparently"", ""timed_overlap"": 1, ""column_overlap"": 3}, {""word"": ""Square"", ""timed_overlap"": 1, ""column_overlap"": 3}, {""word"": ""Elder"", ""timed_overlap"": 1, ""column_overlap"": 2}, {""word"": ""give"", ""timed_overlap"": 1, ""column_overlap"": 2}, {""word"": ""wand"", ""timed_overlap"": 1, ""column_overlap"": 2}]",completed,99,99,0
500,375,neural,3,red,Everybody,100,100,100,True,3,4,0,0,,131,"[{""word"": ""Everybody"", ""timed_overlap"": 3, ""column_overlap"": 4}, {""word"": ""Marco"", ""timed_overlap"": 2, ""column_overlap"": 3}, {""word"": ""kind"", ""timed_overlap"": 2, ""column_overlap"": 3}, {""word"": ""Half"", ""timed_overlap"": 2, ""column_overlap"": 3}, {""word"": ""Frank"", ""timed_overlap"": 2, ""column_overlap"": 2}]",completed,100,100,0
500,375,neural,4,woman,early,100,100,100,True,2,2,0,0,,93,"[{""word"": ""early"", ""timed_overlap"": 2, ""column_overlap"": 2}, {""word"": ""holiday"", ""timed_overlap"": 1, ""column_overlap"": 3}, {""word"": ""would"", ""timed_overlap"": 1, ""column_overlap"": 3}, {""word"": ""upon"", ""timed_overlap"": 1, ""column_overlap"": 3}, {""word"": ""course"", ""timed_overlap"": 1, ""column_overlap"": 3}]",completed,100,100,0
500,376,neural,1,we,sit,97,97,97,True,2,3,0,0,,119,"[{""word"": ""sit"", ""timed_overlap"": 2, ""column_overlap"": 3}, {""word"": ""danced"", ""timed_overlap"": 2, ""column_overlap"": 2}, {""word"": ""pleased"", ""timed_overlap"": 1, ""column_overlap"": 3}, {""word"": ""sword"", ""timed_overlap"": 1, ""column_overlap"": 3}, {""word"": ""every"", ""timed_overlap"": 1, ""column_overlap"": 3}]",completed,82,10,0
500,376,neural,2,know,set,100,100,100,True,2,2,1,1,75,110,"[{""word"": ""set"", ""timed_overlap"": 2, ""column_overlap"": 2}, {""word"": ""enough"", ""timed_overlap"": 2, ""column_overlap"": 2}, {""word"": ""bearing"", ""timed_overlap"": 1, ""column_overlap"": 5}, {""word"": ""terrify"", ""timed_overlap"": 1, ""column_overlap"": 3}, {""word"": ""disagreeable"", ""timed_overlap"": 1, ""column_overlap"": 3}]",completed,97,97,0
500,376,neural,3,Peoples,reason,99,99,99,True,2,2,0,0,,78,"[{""word"": ""reason"", ""timed_overlap"": 2, ""column_overlap"": 2}, {""word"": ""hearth"", ""timed_overlap"": 2, ""column_overlap"": 2}, {""word"": ""hole"", ""timed_overlap"": 2, ""column_overlap"": 2}, {""word"": ""suddenly"", ""timed_overlap"": 2, ""column_overlap"": 2}, {""word"": ""sword"", ""timed_overlap"": 1, ""column_overlap"": 3}]",completed,100,100,0
500,376,neural,4,that,stern,97,97,97,True,2,3,0,0,,94,"[{""word"": ""stern"", ""timed_overlap"": 2, ""column_overlap"": 3}, {""word"": ""uncoil"", ""timed_overlap"": 2, ""column_overlap"": 2}, {""word"": ""sentence"", ""timed_overlap"": 1, ""column_overlap"": 3}, {""word"": ""east"", ""timed_overlap"": 1, ""column_overlap"": 3}, {""word"": ""hard"", ""timed_overlap"": 1, ""column_overlap"": 3}]",completed,99,99,0
500,377,neural,1,the,should,98,98,98,True,2,4,0,0,,147,"[{""word"": ""should"", ""timed_overlap"": 2, ""column_overlap"": 4}, {""word"": ""concluded"", ""timed_overlap"": 2, ""column_overlap"": 3}, {""word"": ""good"", ""timed_overlap"": 2, ""column_overlap"": 3}, {""word"": ""drawing"", ""timed_overlap"": 2, ""column_overlap"": 3}, {""word"": ""Shall"", ""timed_overlap"": 2, ""column_overlap"": 3}]",completed,55,10,0
500,377,neural,2,boys,particular,100,100,100,True,2,3,0,0,,83,"[{""word"": ""particular"", ""timed_overlap"": 2, ""column_overlap"": 3}, {""word"": ""fair"", ""timed_overlap"": 2, ""column_overlap"": 2}, {""word"": ""Worth"", ""timed_overlap"": 2, ""column_overlap"": 2}, {""word"": ""Hannah"", ""timed_overlap"": 2, ""column_overlap"": 2}, {""word"": ""whither"", ""timed_overlap"": 1, ""column_overlap"": 3}]",completed,98,98,0
500,377,neural,3,immensely,dreams,97,97,97,True,2,3,0,0,,69,"[{""word"": ""dreams"", ""timed_overlap"": 2, ""column_overlap"": 3}, {""word"": ""found"", ""timed_overlap"": 2, ""column_overlap"": 3}, {""word"": ""sure"", ""timed_overlap"": 2, ""column_overlap"": 2}, {""word"": ""Joe"", ""timed_overlap"": 1, ""column_overlap"": 4}, {""word"": ""Twice"", ""timed_overlap"": 1, ""column_overlap"": 3}]",completed,100,100,0
500,377,neural,4,;,First,100,100,100,True,2,5,0,0,,121,"[{""word"": ""First"", ""timed_overlap"": 2, ""column_overlap"": 5}, {""word"": ""poured"", ""timed_overlap"": 2, ""column_overlap"": 3}, {""word"": ""rainy"", ""timed_overlap"": 2, ""column_overlap"": 3}, {""word"": ""Gray"", ""timed_overlap"": 2, ""column_overlap"": 2}, {""word"": ""leaving"", ""timed_overlap"": 2, ""column_overlap"": 2}]",completed,97,97,0
500,378,neural,1,think,Felicity,100,100,100,True,3,4,0,0,,123,"[{""word"": ""Felicity"", ""timed_overlap"": 3, ""column_overlap"": 4}, {""word"": ""dreams"", ""timed_overlap"": 2, ""column_overlap"": 3}, {""word"": ""beautiful"", ""timed_overlap"": 2, ""column_overlap"": 2}, {""word"": ""whenever"", ""timed_overlap"": 2, ""column_overlap"": 2}, {""word"": ""departs"", ""timed_overlap"": 2, ""column_overlap"": 2}]",completed,91,10,0
500,378,neural,2,of,lump,99,99,99,True,2,2,0,0,,87,"[{""word"": ""lump"", ""timed_overlap"": 2, ""column_overlap"": 2}, {""word"": ""mere"", ""timed_overlap"": 2, ""column_overlap"": 2}, {""word"": ""say"", ""timed_overlap"": 1, ""column_overlap"": 4}, {""word"": ""grotto"", ""timed_overlap"": 1, ""column_overlap"": 3}, {""word"": ""hearty"", ""timed_overlap"": 1, ""column_overlap"": 3}]",completed,100,100,0
500,378,neural,3,any,resisted,98,98,98,True,2,3,0,0,,105,"[{""word"": ""resisted"", ""timed_overlap"": 2, ""column_overlap"": 3}, {""word"": ""Captain"", ""timed_overlap"": 2, ""column_overlap"": 3}, {""word"": ""To"", ""timed_overlap"": 2, ""column_overlap"": 3}, {""word"": ""much"", ""timed_overlap"": 2, ""column_overlap"": 2}, {""word"": ""It"", ""timed_overlap"": 1, ""column_overlap"": 4}]",completed,99,99,0
500,378,neural,4,earthly,Put,99,99,99,True,1,4,0,0,,112,"[{""word"": ""Put"", ""timed_overlap"": 1, ""column_overlap"": 4}, {""word"": ""1715"", ""timed_overlap"": 1, ""column_overlap"": 3}, {""word"": ""forbidden"", ""timed_overlap"": 1, ""column_overlap"": 3}, {""word"": ""tired"", ""timed_overlap"": 1, ""column_overlap"": 3}, {""word"": ""forget"", ""timed_overlap"": 1, ""column_overlap"": 3}]",completed,98,98,0
500,379,neural,1,look,'',100,100,100,True,2,2,0,0,,125,"[{""word"": ""''"", ""timed_overlap"": 2, ""column_overlap"": 2}, {""word"": ""he"", ""timed_overlap"": 2, ""column_overlap"": 2}, {""word"": ""those"", ""timed_overlap"": 1, ""column_overlap"": 4}, {""word"": ""inches"", ""timed_overlap"": 1, ""column_overlap"": 4}, {""word"": ""wind"", ""timed_overlap"": 1, ""column_overlap"": 4}]",completed,82,10,0
500,379,neural,2,yonder,exactly,100,100,100,True,2,2,0,0,,60,"[{""word"": ""exactly"", ""timed_overlap"": 2, ""column_overlap"": 2}, {""word"": ""altogether"", ""timed_overlap"": 2, ""column_overlap"": 2}, {""word"": ""intended"", ""timed_overlap"": 1, ""column_overlap"": 3}, {""word"": ""Jo"", ""timed_overlap"": 1, ""column_overlap"": 3}, {""word"": ""writ"", ""timed_overlap"": 1, ""column_overlap"": 2}]",completed,100,100,0
500,379,neural,3,at,hand,99,99,99,True,2,2,0,0,,90,"[{""word"": ""hand"", ""timed_overlap"": 2, ""column_overlap"": 2}, {""word"": ""birthday"", ""timed_overlap"": 1, ""column_overlap"": 3}, {""word"": ""welcome"", ""timed_overlap"": 1, ""column_overlap"": 2}, {""word"": ""horse"", ""timed_overlap"": 1, ""column_overlap"": 2}, {""word"": ""Mollie"", ""timed_overlap"": 1, ""column_overlap"": 2}]",completed,100,100,0
500,379,neural,4,the,Bessy,99,99,99,True,3,4,0,0,,98,"[{""word"": ""Bessy"", ""timed_overlap"": 3, ""column_overlap"": 4}, {""word"": ""planned"", ""timed_overlap"": 2, ""column_overlap"": 2}, {""word"": ""east"", ""timed_overlap"": 1, ""column_overlap"": 4}, {""word"": ""-RSB-"", ""timed_overlap"": 1, ""column_overlap"": 3}, {""word"": ""an"", ""timed_overlap"": 1, ""column_overlap"": 3}]",completed,99,99,0
500,380,neural,1,made,been,97,97,97,True,3,4,1,1,122,123,"[{""word"": ""been"", ""timed_overlap"": 3, ""column_overlap"": 4}, {""word"": ""present"", ""timed_overlap"": 2, ""column_overlap"": 2}, {""word"": ""needle"", ""timed_overlap"": 2, ""column_overlap"": 2}, {""word"": ""caress"", ""timed_overlap"": 2, ""column_overlap"": 2}, {""word"": ""But"", ""timed_overlap"": 2, ""column_overlap"": 2}]",completed,64,10,0
500,380,neural,2,a,``,99,99,99,True,2,3,0,0,,80,"[{""word"": ""``"", ""timed_overlap"": 2, ""column_overlap"": 3}, {""word"": ""approve"", ""timed_overlap"": 1, ""column_overlap"": 3}, {""word"": ""pay"", ""timed_overlap"": 1, ""column_overlap"": 3}, {""word"": ""and"", ""timed_overlap"": 1, ""column_overlap"": 3}, {""word"": ""take"", ""timed_overlap"": 1, ""column_overlap"": 2}]",completed,97,97,0
500,380,neural,3,mistake,sable,95,95,95,True,3,4,0,0,,118,"[{""word"": ""sable"", ""timed_overlap"": 3, ""column_overlap"": 4}, {""word"": ""trying"", ""timed_overlap"": 2, ""column_overlap"": 3}, {""word"": ""Folks"", ""timed_overlap"": 2, ""column_overlap"": 2}, {""word"": ""Most"", ""timed_overlap"": 2, ""column_overlap"": 2}, {""word"": ""impossible"", ""timed_overlap"": 1, ""column_overlap"": 3}]",completed,99,99,0
500,380,neural,4,in,whistle,98,98,98,True,2,2,0,0,,116,"[{""word"": ""whistle"", ""timed_overlap"": 2, ""column_overlap"": 2}, {""word"": ""Lida"", ""timed_overlap"": 2, ""column_overlap"": 2}, {""word"": ""JAY"", ""timed_overlap"": 2, ""column_overlap"": 2}, {""word"": ""netting"", ""timed_overlap"": 1, ""column_overlap"": 4}, {""word"": ""Amy"", ""timed_overlap"": 1, ""column_overlap"": 4}]",completed,95,95,0
500,381,neural,1,of,these,100,100,100,True,2,2,0,0,,105,"[{""word"": ""these"", ""timed_overlap"": 2, ""column_overlap"": 2}, {""word"": ""excluded"", ""timed_overlap"": 1, ""column_overlap"": 3}, {""word"": ""kill"", ""timed_overlap"": 1, ""column_overlap"": 3}, {""word"": ""spur"", ""timed_overlap"": 1, ""column_overlap"": 3}, {""word"": ""those"", ""timed_overlap"": 1, ""column_overlap"": 3}]",completed,91,10,0
500,381,neural,2,mosquito,Peerless,99,99,99,True,3,4,0,0,,124,"[{""word"": ""Peerless"", ""timed_overlap"": 3, ""column_overlap"": 4}, {""word"": ""exactly"", ""timed_overlap"": 2, ""column_overlap"": 4}, {""word"": ""large"", ""timed_overlap"": 2, ""column_overlap"": 3}, {""word"": ""dress"", ""timed_overlap"": 2, ""column_overlap"": 3}, {""word"": ""faithfully"", ""timed_overlap"": 2, ""column_overlap"": 3}]",completed,100,100,0
500,381,neural,3,netting,more,100,100,100,True,2,2,0,0,,68,"[{""word"": ""more"", ""timed_overlap"": 2, ""column_overlap"": 2}, {""word"": ""probably"", ""timed_overlap"": 2, ""column_overlap"": 2}, {""word"": ""excuse"", ""timed_overlap"": 1, ""column_overlap"": 3}, {""word"": ""whereupon"", ""timed_overlap"": 1, ""column_overlap"": 3}, {""word"": ""followed"", ""timed_overlap"": 1, ""column_overlap"": 2}]",completed,99,99,0
500,381,neural,4,for,withdrew,96,96,96,True,3,4,0,0,,130,"[{""word"": ""withdrew"", ""timed_overlap"": 3, ""column_overlap"": 4}, {""word"": ""land"", ""timed_overlap"": 2, ""column_overlap"": 3}, {""word"": ""nicer"", ""timed_overlap"": 2, ""column_overlap"": 3}, {""word"": ""dark"", ""timed_overlap"": 2, ""column_overlap"": 2}, {""word"": ""swears"", ""timed_overlap"": 2, ""column_overlap"": 2}]",completed,100,100,0
500,382,neural,1,for,tracks,98,98,98,True,3,4,1,2,34,125,"[{""word"": ""tracks"", ""timed_overlap"": 3, ""column_overlap"": 4}, {""word"": ""Old"", ""timed_overlap"": 2, ""column_overlap"": 4}, {""word"": ""turns"", ""timed_overlap"": 2, ""column_overlap"": 3}, {""word"": ""soft"", ""timed_overlap"": 2, ""column_overlap"": 3}, {""word"": ""gather"", ""timed_overlap"": 2, ""column_overlap"": 3}]",completed,91,10,0
500,382,neural,2,trying,scoop,100,100,100,True,2,3,0,0,,69,"[{""word"": ""scoop"", ""timed_overlap"": 2, ""column_overlap"": 3}, {""word"": ""CHAPTER"", ""timed_overlap"": 2, ""column_overlap"": 2}, {""word"": ""common"", ""timed_overlap"": 1, ""column_overlap"": 3}, {""word"": ""church"", ""timed_overlap"": 1, ""column_overlap"": 3}, {""word"": ""captain"", ""timed_overlap"": 1, ""column_overlap"": 2}]",completed,98,98,0
500,382,neural,3,to,white,97,97,97,True,2,2,0,0,,97,"[{""word"": ""white"", ""timed_overlap"": 2, ""column_overlap"": 2}, {""word"": ""Afghans"", ""timed_overlap"": 2, ""column_overlap"": 2}, {""word"": ""Magyars"", ""timed_overlap"": 2, ""column_overlap"": 2}, {""word"": ""ordered"", ""timed_overlap"": 1, ""column_overlap"": 4}, {""word"": ""Story"", ""timed_overlap"": 1, ""column_overlap"": 3}]",completed,100,100,0
500,382,neural,4,peck,happened,99,99,99,True,2,3,0,0,,103,"[{""word"": ""happened"", ""timed_overlap"": 2, ""column_overlap"": 3}, {""word"": ""eat"", ""timed_overlap"": 2, ""column_overlap"": 3}, {""word"": ""lifting"", ""timed_overlap"": 2, ""column_overlap"": 2}, {""word"": ""girl"", ""timed_overlap"": 1, ""column_overlap"": 4}, {""word"": ""one"", ""timed_overlap"": 1, ""column_overlap"": 3}]",completed,97,97,0
500,383,neural,1,was,right,99,99,99,True,3,3,1,1,127,136,"[{""word"": ""right"", ""timed_overlap"": 3, ""column_overlap"": 3}, {""word"": ""of"", ""timed_overlap"": 2, ""column_overlap"": 4}, {""word"": ""growled"", ""timed_overlap"": 2, ""column_overlap"": 3}, {""word"": ""particular"", ""timed_overlap"": 2, ""column_overlap"": 2}, {""word"": ""behind"", ""timed_overlap"": 1, ""column_overlap"": 4}]",completed,73,10,0
500,383,neural,2,Lung,Ismay,100,100,100,True,2,3,0,0,,78,"[{""word"": ""Ismay"", ""timed_overlap"": 2, ""column_overlap"": 3}, {""word"": ""Carrots"", ""timed_overlap"": 2, ""column_overlap"": 2}, {""word"": ""Lapsing"", ""timed_overlap"": 2, ""column_overlap"": 2}, {""word"": ""You"", ""timed_overlap"": 2, ""column_overlap"": 2}, {""word"": ""night"", ""timed_overlap"": 2, ""column_overlap"": 2}]",completed,99,99,0
500,383,neural,3,Woman,coverings,95,95,95,True,2,2,0,0,,95,"[{""word"": ""coverings"", ""timed_overlap"": 2, ""column_overlap"": 2}, {""word"": ""at"", ""timed_overlap"": 2, ""column_overlap"": 2}, {""word"": ""grotto"", ""timed_overlap"": 2, ""column_overlap"": 2}, {""word"": ""Blair"", ""timed_overlap"": 1, ""column_overlap"": 3}, {""word"": ""recalled"", ""timed_overlap"": 1, ""column_overlap"": 3}]",completed,100,100,0
500,383,neural,4,",",Kim,99,99,99,True,2,2,0,0,,120,"[{""word"": ""Kim"", ""timed_overlap"": 2, ""column_overlap"": 2}, {""word"": ""UNC"", ""timed_overlap"": 2, ""column_overlap"": 2}, {""word"": ""rank"", ""timed_overlap"": 2, ""column_overlap"": 2}, {""word"": ""Gray"", ""timed_overlap"": 2, ""column_overlap"": 2}, {""word"": ""torrents"", ""timed_overlap"": 1, ""column_overlap"": 3}]",completed,95,95,0
500,384,neural,1,unexpected,solemnly,97,97,97,True,3,3,2,2,4,145,"[{""word"": ""solemnly"", ""timed_overlap"": 3, ""column_overlap"": 3}, {""word"": ""keen"", ""timed_overlap"": 2, ""column_overlap"": 4}, {""word"": ""excluded"", ""timed_overlap"": 2, ""column_overlap"": 3}, {""word"": ""unexpected"", ""timed_overlap"": 2, ""column_overlap"": 2}, {""word"": ""writ"", ""timed_overlap"": 2, ""column_overlap"": 2}]",completed,46,10,0
500,384,neural,2,check,intended,100,100,100,True,2,2,0,0,,95,"[{""word"": ""intended"", ""timed_overlap"": 2, ""column_overlap"": 2}, {""word"": ""Ismay"", ""timed_overlap"": 2, ""column_overlap"": 2}, {""word"": ""ladylike"", ""timed_overlap"": 2, ""column_overlap"": 2}, {""word"": ""Jack"", ""timed_overlap"": 1, ""column_overlap"": 3}, {""word"": ""green"", ""timed_overlap"": 1, ""column_overlap"": 3}]",completed,97,97,0
500,384,neural,3,",",remarked,98,98,98,True,2,4,0,0,,118,"[{""word"": ""remarked"", ""timed_overlap"": 2, ""column_overlap"": 4}, {""word"": ""flew"", ""timed_overlap"": 2, ""column_overlap"": 3}, {""word"": ""Amy"", ""timed_overlap"": 2, ""column_overlap"": 3}, {""word"": ""snow"", ""timed_overlap"": 2, ""column_overlap"": 3}, {""word"": ""pink"", ""timed_overlap"": 2, ""column_overlap"": 3}]",completed,100,100,0
500,384,neural,4,for,sort,100,100,100,True,2,2,0,0,,81,"[{""word"": ""sort"", ""timed_overlap"": 2, ""column_overlap"": 2}, {""word"": ""lady"", ""timed_overlap"": 2, ""column_overlap"": 2}, {""word"": ""terrified"", ""timed_overlap"": 1, ""column_overlap"": 3}, {""word"": ""HAD"", ""timed_overlap"": 1, ""column_overlap"": 3}, {""word"": ""hanging"", ""timed_overlap"": 1, ""column_overlap"": 3}]",completed,98,98,0
500,385,neural,1,on,fighting,100,100,100,True,2,2,0,0,,111,"[{""word"": ""fighting"", ""timed_overlap"": 2, ""column_overlap"": 2}, {""word"": ""moment"", ""timed_overlap"": 1, ""column_overlap"": 4}, {""word"": ""wonder"", ""timed_overlap"": 1, ""column_overlap"": 3}, {""word"": ""Shall"", ""timed_overlap"": 1, ""column_overlap"": 3}, {""word"": ""right"", ""timed_overlap"": 1, ""column_overlap"": 3}]",completed,91,10,0
500,385,neural,2,his,best,99,99,99,True,2,2,0,0,,102,"[{""word"": ""best"", ""timed_overlap"": 2, ""column_overlap"": 2}, {""word"": ""Even"", ""timed_overlap"": 2, ""column_overlap"": 2}, {""word"": ""That"", ""timed_overlap"": 1, ""column_overlap"": 4}, {""word"": ""caught"", ""timed_overlap"": 1, ""column_overlap"": 3}, {""word"": ""against"", ""timed_overlap"": 1, ""column_overlap"": 3}]",completed,100,100,0
500,385,neural,3,face,sable,94,94,94,True,2,3,0,0,,87,"[{""word"": ""sable"", ""timed_overlap"": 2, ""column_overlap"": 3}, {""word"": ""gray"", ""timed_overlap"": 2, ""column_overlap"": 3}, {""word"": ""gay"", ""timed_overlap"": 2, ""column_overlap"": 2}, {""word"": ""impossible"", ""timed_overlap"": 1, ""column_overlap"": 3}, {""word"": ""Look"", ""timed_overlap"": 1, ""column_overlap"": 3}]",completed,99,99,0
500,385,neural,4,",",until,96,96,96,True,2,2,0,0,,113,"[{""word"": ""until"", ""timed_overlap"": 2, ""column_overlap"": 2}, {""word"": ""parents"", ""timed_overlap"": 2, ""column_overlap"": 2}, {""word"": ""grotto"", ""timed_overlap"": 2, ""column_overlap"": 2}, {""word"": ""hope"", ""timed_overlap"": 1, ""column_overlap"": 4}, {""word"": ""sensible"", ""timed_overlap"": 1, ""column_overlap"": 3}]",completed,94,94,0
500,386,neural,1,for,succeeded,98,98,98,True,2,3,0,0,,107,"[{""word"": ""succeeded"", ""timed_overlap"": 2, ""column_overlap"": 3}, {""word"": ""lest"", ""timed_overlap"": 2, ""column_overlap"": 3}, {""word"": ""Carrots"", ""timed_overlap"": 2, ""column_overlap"": 2}, {""word"": ""Hugh"", ""timed_overlap"": 2, ""column_overlap"": 2}, {""word"": ""WATCH"", ""timed_overlap"": 2, ""column_overlap"": 2}]",completed,82,10,0
500,386,neural,2,some,men,99,99,99,True,1,3,0,0,,80,"[{""word"": ""men"", ""timed_overlap"": 1, ""column_overlap"": 3}, {""word"": ""silver"", ""timed_overlap"": 1, ""column_overlap"": 3}, {""word"": ""David"", ""timed_overlap"": 1, ""column_overlap"": 3}, {""word"": ""Jack"", ""timed_overlap"": 1, ""column_overlap"": 2}, {""word"": ""."", ""timed_overlap"": 1, ""column_overlap"": 2}]",completed,98,98,0
500,386,neural,3,way,pricked,99,99,99,True,2,3,0,0,,109,"[{""word"": ""pricked"", ""timed_overlap"": 2, ""column_overlap"": 3}, {""word"": ""Jo"", ""timed_overlap"": 1, ""column_overlap"": 3}, {""word"": ""value"", ""timed_overlap"": 1, ""column_overlap"": 3}, {""word"": ""six"", ""timed_overlap"": 1, ""column_overlap"": 3}, {""word"": ""impossible"", ""timed_overlap"": 1, ""column_overlap"": 3}]",completed,99,99,0
500,386,neural,4,",",Quicksilver,99,99,99,True,2,5,0,0,,136,"[{""word"": ""Quicksilver"", ""timed_overlap"": 2, ""column_overlap"": 5}, {""word"": ""mercy"", ""timed_overlap"": 2, ""column_overlap"": 4}, {""word"": ""as"", ""timed_overlap"": 2, ""column_overlap"": 3}, {""word"": ""boys"", ""timed_overlap"": 2, ""column_overlap"": 3}, {""word"": ""Jumping"", ""timed_overlap"": 2, ""column_overlap"": 3}]",completed,99,99,0
500,387,neural,1,and,She,100,100,100,True,2,2,1,2,25,110,"[{""word"": ""She"", ""timed_overlap"": 2, ""column_overlap"": 2}, {""word"": ""''"", ""timed_overlap"": 2, ""column_overlap"": 2}, {""word"": ""care"", ""timed_overlap"": 1, ""column_overlap"": 4}, {""word"": ""own"", ""timed_overlap"": 1, ""column_overlap"": 4}, {""word"": ""those"", ""timed_overlap"": 1, ""column_overlap"": 4}]",completed,91,10,0
500,387,neural,2,tore,Sara,99,99,99,True,2,3,0,0,,70,"[{""word"": ""Sara"", ""timed_overlap"": 2, ""column_overlap"": 3}, {""word"": ""close"", ""timed_overlap"": 2, ""column_overlap"": 2}, {""word"": ""said"", ""timed_overlap"": 2, ""column_overlap"": 2}, {""word"": ""marry"", ""timed_overlap"": 1, ""column_overlap"": 3}, {""word"": ""wasting"", ""timed_overlap"": 1, ""column_overlap"": 2}]",completed,100,100,0
500,387,neural,3,through,flowers,98,98,98,True,2,2,0,0,,90,"[{""word"": ""flowers"", ""timed_overlap"": 2, ""column_overlap"": 2}, {""word"": ""Herr"", ""timed_overlap"": 2, ""column_overlap"": 2}, {""word"": ""believe"", ""timed_overlap"": 2, ""column_overlap"": 2}, {""word"": ""grotto"", ""timed_overlap"": 1, ""column_overlap"": 3}, {""word"": ""round"", ""timed_overlap"": 1, ""column_overlap"": 3}]",completed,99,99,0
500,387,neural,4,the,witch,97,97,97,True,2,2,0,0,,120,"[{""word"": ""witch"", ""timed_overlap"": 2, ""column_overlap"": 2}, {""word"": ""whistle"", ""timed_overlap"": 2, ""column_overlap"": 2}, {""word"": ""beautiful"", ""timed_overlap"": 2, ""column_overlap"": 2}, {""word"": ""departs"", ""timed_overlap"": 2, ""column_overlap"": 2}, {""word"": ""Ida"", ""timed_overlap"": 2, ""column_overlap"": 2}]",completed,98,98,0
500,388,neural,1,had,breath,100,100,100,True,2,3,1,2,25,94,"[{""word"": ""breath"", ""timed_overlap"": 2, ""column_overlap"": 3}, {""word"": ""cried"", ""timed_overlap"": 2, ""column_overlap"": 3}, {""word"": ""palace"", ""timed_overlap"": 2, ""column_overlap"": 3}, {""word"": ""reluctantly"", ""timed_overlap"": 2, ""column_overlap"": 2}, {""word"": ""ogress"", ""timed_overlap"": 2, ""column_overlap"": 2}]",completed,82,10,0
500,388,neural,2,frightened,under,100,100,100,True,2,2,0,0,,87,"[{""word"": ""under"", ""timed_overlap"": 2, ""column_overlap"": 2}, {""word"": ""Being"", ""timed_overlap"": 1, ""column_overlap"": 3}, {""word"": ""wandered"", ""timed_overlap"": 1, ""column_overlap"": 3}, {""word"": ""goat"", ""timed_overlap"": 1, ""column_overlap"": 2}, {""word"": ""be"", ""timed_overlap"": 1, ""column_overlap"": 2}]",completed,100,100,0
500,388,neural,3,other,certain,99,99,99,True,2,3,0,0,,100,"[{""word"": ""certain"", ""timed_overlap"": 2, ""column_overlap"": 3}, {""word"": ""all"", ""timed_overlap"": 2, ""column_overlap"": 2}, {""word"": ""killed"", ""timed_overlap"": 2, ""column_overlap"": 2}, {""word"": ""drug-vendor"", ""timed_overlap"": 1, ""column_overlap"": 3}, {""word"": ""knows"", ""timed_overlap"": 1, ""column_overlap"": 3}]",completed,100,100,0
500,388,neural,4,people,'s,97,97,97,True,2,2,0,0,,79,"[{""word"": ""'s"", ""timed_overlap"": 2, ""column_overlap"": 2}, {""word"": ""-LCB-"", ""timed_overlap"": 1, ""column_overlap"": 3}, {""word"": ""Inspiration"", ""timed_overlap"": 1, ""column_overlap"": 3}, {""word"": ""returned"", ""timed_overlap"": 1, ""column_overlap"": 3}, {""word"": ""sure"", ""timed_overlap"": 1, ""column_overlap"": 3}]",completed,99,99,0
500,389,neural,1,to,Schmidt,97,97,97,True,2,4,0,0,,143,"[{""word"": ""Schmidt"", ""timed_overlap"": 2, ""column_overlap"": 4}, {""word"": ""Here"", ""timed_overlap"": 2, ""column_overlap"": 3}, {""word"": ""reserved"", ""timed_overlap"": 2, ""column_overlap"": 3}, {""word"": ""while"", ""timed_overlap"": 2, ""column_overlap"": 3}, {""word"": ""coverings"", ""timed_overlap"": 2, ""column_overlap"": 2}]",completed,82,10,0
500,389,neural,2,go,command,100,100,100,True,2,2,0,0,,91,"[{""word"": ""command"", ""timed_overlap"": 2, ""column_overlap"": 2}, {""word"": ""started"", ""timed_overlap"": 2, ""column_overlap"": 2}, {""word"": ""return"", ""timed_overlap"": 1, ""column_overlap"": 3}, {""word"": ""friend"", ""timed_overlap"": 1, ""column_overlap"": 2}, {""word"": ""shoulders"", ""timed_overlap"": 1, ""column_overlap"": 2}]",completed,97,97,0
500,389,neural,3,to,Of,98,98,98,True,2,3,0,0,,89,"[{""word"": ""Of"", ""timed_overlap"": 2, ""column_overlap"": 3}, {""word"": ""times"", ""timed_overlap"": 2, ""column_overlap"": 2}, {""word"": ""alarm"", ""timed_overlap"": 2, ""column_overlap"": 2}, {""word"": ""Elsa"", ""timed_overlap"": 1, ""column_overlap"": 3}, {""word"": ""JAY"", ""timed_overlap"": 1, ""column_overlap"": 3}]",completed,100,100,0
500,389,neural,4,her,rejoined,99,99,99,True,2,2,0,0,,85,"[{""word"": ""rejoined"", ""timed_overlap"": 2, ""column_overlap"": 2}, {""word"": ""Messua"", ""timed_overlap"": 1, ""column_overlap"": 3}, {""word"": ""inches"", ""timed_overlap"": 1, ""column_overlap"": 2}, {""word"": ""Every"", ""timed_overlap"": 1, ""column_overlap"": 2}, {""word"": ""near"", ""timed_overlap"": 1, ""column_overlap"": 2}]",completed,98,98,0
500,390,neural,1,very,drank,100,100,100,True,2,3,0,0,,107,"[{""word"": ""drank"", ""timed_overlap"": 2, ""column_overlap"": 3}, {""word"": ""worked"", ""timed_overlap"": 2, ""column_overlap"": 2}, {""word"": ""length"", ""timed_overlap"": 2, ""column_overlap"": 2}, {""word"": ""I"", ""timed_overlap"": 2, ""column_overlap"": 2}, {""word"": ""round"", ""timed_overlap"": 2, ""column_overlap"": 2}]",completed,73,10,0
500,390,neural,2,keen,wonder,100,100,100,True,2,3,0,0,,107,"[{""word"": ""wonder"", ""timed_overlap"": 2, ""column_overlap"": 3}, {""word"": ""bared"", ""timed_overlap"": 2, ""column_overlap"": 3}, {""word"": ""Sara"", ""timed_overlap"": 2, ""column_overlap"": 2}, {""word"": ""some"", ""timed_overlap"": 2, ""column_overlap"": 2}, {""word"": ""except"", ""timed_overlap"": 2, ""column_overlap"": 2}]",completed,100,100,0
500,390,neural,3,",",Hannah,97,97,97,True,2,3,0,0,,82,"[{""word"": ""Hannah"", ""timed_overlap"": 2, ""column_overlap"": 3}, {""word"": ""'"", ""timed_overlap"": 2, ""column_overlap"": 3}, {""word"": ""underneath"", ""timed_overlap"": 2, ""column_overlap"": 2}, {""word"": ""Beautiful"", ""timed_overlap"": 2, ""column_overlap"": 2}, {""word"": ""III"", ""timed_overlap"": 1, ""column_overlap"": 3}]",completed,100,100,0
500,390,neural,4,and,simply,98,98,98,True,2,3,0,0,,106,"[{""word"": ""simply"", ""timed_overlap"": 2, ""column_overlap"": 3}, {""word"": ""Her"", ""timed_overlap"": 2, ""column_overlap"": 3}, {""word"": ""chop"", ""timed_overlap"": 2, ""column_overlap"": 2}, {""word"": ""glided"", ""timed_overlap"": 2, ""column_overlap"": 2}, {""word"": ""tyrannize"", ""timed_overlap"": 1, ""column_overlap"": 3}]",completed,97,97,0
500,391,neural,1,wo,Betty,98,98,98,True,2,3,1,3,7,134,"[{""word"": ""Betty"", ""timed_overlap"": 2, ""column_overlap"": 3}, {""word"": ""seemed"", ""timed_overlap"": 2, ""column_overlap"": 2}, {""word"": ""tasted"", ""timed_overlap"": 1, ""column_overlap"": 4}, {""word"": ""Ismay"", ""timed_overlap"": 1, ""column_overlap"": 4}, {""word"": ""Jack"", ""timed_overlap"": 1, ""column_overlap"": 3}]",completed,73,10,0
500,391,neural,2,n't,It,99,99,99,True,2,2,0,0,,67,"[{""word"": ""It"", ""timed_overlap"": 2, ""column_overlap"": 2}, {""word"": ""dwelt"", ""timed_overlap"": 2, ""column_overlap"": 2}, {""word"": ""can"", ""timed_overlap"": 1, ""column_overlap"": 3}, {""word"": ""worn"", ""timed_overlap"": 1, ""column_overlap"": 2}, {""word"": ""bear"", ""timed_overlap"": 1, ""column_overlap"": 2}]",completed,98,98,0
500,391,neural,3,require,blow,96,96,96,True,2,3,1,2,65,138,"[{""word"": ""blow"", ""timed_overlap"": 2, ""column_overlap"": 3}, {""word"": ""Sodnos"", ""timed_overlap"": 2, ""column_overlap"": 3}, {""word"": ""Felicity"", ""timed_overlap"": 2, ""column_overlap"": 2}, {""word"": ""departs"", ""timed_overlap"": 2, ""column_overlap"": 2}, {""word"": ""newspapers"", ""timed_overlap"": 1, ""column_overlap"": 5}]",completed,99,99,0
500,391,neural,4,much,paw,98,98,98,True,2,2,0,0,,89,"[{""word"": ""paw"", ""timed_overlap"": 2, ""column_overlap"": 2}, {""word"": ""III"", ""timed_overlap"": 2, ""column_overlap"": 2}, {""word"": ""with"", ""timed_overlap"": 1, ""column_overlap"": 3}, {""word"": ""lend"", ""timed_overlap"": 1, ""column_overlap"": 3}, {""word"": ""timid"", ""timed_overlap"": 1, ""column_overlap"": 2}]",completed,96,96,0
500,392,neural,1,",",Captain,98,98,98,True,2,3,0,0,,127,"[{""word"": ""Captain"", ""timed_overlap"": 2, ""column_overlap"": 3}, {""word"": ""heated"", ""timed_overlap"": 2, ""column_overlap"": 2}, {""word"": ""shy"", ""timed_overlap"": 1, ""column_overlap"": 4}, {""word"": ""Abel"", ""timed_overlap"": 1, ""column_overlap"": 3}, {""word"": ""mount"", ""timed_overlap"": 1, ""column_overlap"": 3}]",completed,91,10,0
500,392,neural,2,but,blue,100,100,100,True,2,3,0,0,,106,"[{""word"": ""blue"", ""timed_overlap"": 2, ""column_overlap"": 3}, {""word"": ""pet"", ""timed_overlap"": 2, ""column_overlap"": 2}, {""word"": ""snow"", ""timed_overlap"": 2, ""column_overlap"": 2}, {""word"": ""bearing"", ""timed_overlap"": 2, ""column_overlap"": 2}, {""word"": ""such"", ""timed_overlap"": 1, ""column_overlap"": 3}]",completed,98,98,0
500,392,neural,3,he,Jumping,98,98,98,True,2,3,0,0,,105,"[{""word"": ""Jumping"", ""timed_overlap"": 2, ""column_overlap"": 3}, {""word"": ""head"", ""timed_overlap"": 2, ""column_overlap"": 2}, {""word"": ""bag"", ""timed_overlap"": 2, ""column_overlap"": 2}, {""word"": ""lest"", ""timed_overlap"": 1, ""column_overlap"": 4}, {""word"": ""price"", ""timed_overlap"": 1, ""column_overlap"": 3}]",completed,100,100,0
500,392,neural,4,had,woman,100,100,100,True,2,2,0,0,,118,"[{""word"": ""woman"", ""timed_overlap"": 2, ""column_overlap"": 2}, {""word"": ""must"", ""timed_overlap"": 2, ""column_overlap"": 2}, {""word"": ""give"", ""timed_overlap"": 2, ""column_overlap"": 2}, {""word"": ""indeed"", ""timed_overlap"": 2, ""column_overlap"": 2}, {""word"": ""your"", ""timed_overlap"": 2, ""column_overlap"": 2}]",completed,98,98,0
500,393,neural,1,broad,lonesome,100,100,100,True,2,4,0,0,,113,"[{""word"": ""lonesome"", ""timed_overlap"": 2, ""column_overlap"": 4}, {""word"": ""price"", ""timed_overlap"": 2, ""column_overlap"": 2}, {""word"": ""by"", ""timed_overlap"": 2, ""column_overlap"": 2}, {""word"": ""sight"", ""timed_overlap"": 2, ""column_overlap"": 2}, {""word"": ""Joseph"", ""timed_overlap"": 2, ""column_overlap"": 2}]",completed,73,10,0
500,393,neural,2,platform,Quicksilver,100,100,100,True,3,4,0,0,,142,"[{""word"": ""Quicksilver"", ""timed_overlap"": 3, ""column_overlap"": 4}, {""word"": ""Amy"", ""timed_overlap"": 2, ""column_overlap"": 3}, {""word"": ""ago"", ""timed_overlap"": 2, ""column_overlap"": 3}, {""word"": ""commanded"", ""timed_overlap"": 2, ""column_overlap"": 3}, {""word"": ""except"", ""timed_overlap"": 2, ""column_overlap"": 2}]",completed,100,100,0
500,393,neural,3,",",felt,100,100,100,True,2,3,0,0,,83,"[{""word"": ""felt"", ""timed_overlap"": 2, ""column_overlap"": 3}, {""word"": ""forth"", ""timed_overlap"": 1, ""column_overlap"": 3}, {""word"": ""worse"", ""timed_overlap"": 1, ""column_overlap"": 3}, {""word"": ""beholding"", ""timed_overlap"": 1, ""column_overlap"": 3}, {""word"": ""rose"", ""timed_overlap"": 1, ""column_overlap"": 3}]",completed,100,100,0
500,393,neural,4,',end,100,100,100,True,1,3,0,0,,90,"[{""word"": ""end"", ""timed_overlap"": 1, ""column_overlap"": 3}, {""word"": ""Assam"", ""timed_overlap"": 1, ""column_overlap"": 3}, {""word"": ""what"", ""timed_overlap"": 1, ""column_overlap"": 3}, {""word"": ""headlands"", ""timed_overlap"": 1, ""column_overlap"": 3}, {""word"": ""kind"", ""timed_overlap"": 1, ""column_overlap"": 3}]",completed,100,100,0
500,394,neural,1,sword,so,98,98,98,True,3,3,1,2,35,122,"[{""word"": ""so"", ""timed_overlap"": 3, ""column_overlap"": 3}, {""word"": ""entered"", ""timed_overlap"": 2, ""column_overlap"": 3}, {""word"": ""moving"", ""timed_overlap"": 2, ""column_overlap"": 2}, {""word"": ""Thereupon"", ""timed_overlap"": 2, ""column_overlap"": 2}, {""word"": ""preferred"", ""timed_overlap"": 2, ""column_overlap"": 2}]",completed,64,10,0
500,394,neural,2,",",bit,99,99,99,True,1,2,0,0,,60,"[{""word"": ""bit"", ""timed_overlap"": 1, ""column_overlap"": 2}, {""word"": ""wiped"", ""timed_overlap"": 1, ""column_overlap"": 2}, {""word"": ""angrily"", ""timed_overlap"": 1, ""column_overlap"": 2}, {""word"": ""hearse"", ""timed_overlap"": 1, ""column_overlap"": 2}, {""word"": ""evening"", ""timed_overlap"": 1, ""column_overlap"": 2}]",completed,98,98,0
500,394,neural,3,'',calmly,99,99,99,True,1,3,0,0,,99,"[{""word"": ""calmly"", ""timed_overlap"": 1, ""column_overlap"": 3}, {""word"": ""monarch"", ""timed_overlap"": 1, ""column_overlap"": 3}, {""word"": ""Grange"", ""timed_overlap"": 1, ""column_overlap"": 3}, {""word"": ""JAY"", ""timed_overlap"": 1, ""column_overlap"": 2}, {""word"": ""rented"", ""timed_overlap"": 1, ""column_overlap"": 2}]",completed,99,99,0
500,394,neural,4,said,beneath,98,98,98,True,2,3,0,0,,113,"[{""word"": ""beneath"", ""timed_overlap"": 2, ""column_overlap"": 3}, {""word"": ""hunt"", ""timed_overlap"": 2, ""column_overlap"": 2}, {""word"": ""hopes"", ""timed_overlap"": 2, ""column_overlap"": 2}, {""word"": ""teach"", ""timed_overlap"": 1, ""column_overlap"": 4}, {""word"": ""kerchief"", ""timed_overlap"": 1, ""column_overlap"": 4}]",completed,99,99,0
500,395,neural,1,the,finish,100,100,100,True,2,3,1,1,59,84,"[{""word"": ""finish"", ""timed_overlap"": 2, ""column_overlap"": 3}, {""word"": ""mean"", ""timed_overlap"": 2, ""column_overlap"": 2}, {""word"": ""be"", ""timed_overlap"": 2, ""column_overlap"": 2}, {""word"": ""talk"", ""timed_overlap"": 1, ""column_overlap"": 4}, {""word"": ""Regiment"", ""timed_overlap"": 1, ""column_overlap"": 3}]",completed,82,10,0
500,395,neural,2,maidens,hold,100,100,100,True,2,4,0,0,,79,"[{""word"": ""hold"", ""timed_overlap"": 2, ""column_overlap"": 4}, {""word"": ""Yes"", ""timed_overlap"": 1, ""column_overlap"": 3}, {""word"": ""squishing"", ""timed_overlap"": 1, ""column_overlap"": 3}, {""word"": ""who"", ""timed_overlap"": 1, ""column_overlap"": 3}, {""word"": ""sensible"", ""timed_overlap"": 1, ""column_overlap"": 3}]",completed,100,100,0
500,395,neural,3,",",bait,98,98,98,True,2,2,0,0,,85,"[{""word"": ""bait"", ""timed_overlap"": 2, ""column_overlap"": 2}, {""word"": ""gadding"", ""timed_overlap"": 2, ""column_overlap"": 2}, {""word"": ""Captain"", ""timed_overlap"": 1, ""column_overlap"": 3}, {""word"": ""talented"", ""timed_overlap"": 1, ""column_overlap"": 3}, {""word"": ""sailor"", ""timed_overlap"": 1, ""column_overlap"": 3}]",completed,100,100,0
500,395,neural,4,and,wrote,96,96,96,True,2,2,0,0,,78,"[{""word"": ""wrote"", ""timed_overlap"": 2, ""column_overlap"": 2}, {""word"": ""there"", ""timed_overlap"": 2, ""column_overlap"": 2}, {""word"": ""Rabbit"", ""timed_overlap"": 2, ""column_overlap"": 2}, {""word"": ""Alfin"", ""timed_overlap"": 1, ""column_overlap"": 3}, {""word"": ""chop"", ""timed_overlap"": 1, ""column_overlap"": 3}]",completed,98,98,0
500,396,neural,1,your,tents,98,98,98,True,2,3,0,0,,118,"[{""word"": ""tents"", ""timed_overlap"": 2, ""column_overlap"": 3}, {""word"": ""belt"", ""timed_overlap"": 2, ""column_overlap"": 2}, {""word"": ""BEN"", ""timed_overlap"": 2, ""column_overlap"": 2}, {""word"": ""inches"", ""timed_overlap"": 2, ""column_overlap"": 2}, {""word"": ""Lung"", ""timed_overlap"": 1, ""column_overlap"": 4}]",completed,91,10,0
500,396,neural,2,paw,motionless,100,100,100,True,2,3,0,0,,86,"[{""word"": ""motionless"", ""timed_overlap"": 2, ""column_overlap"": 3}, {""word"": ""Sir"", ""timed_overlap"": 2, ""column_overlap"": 2}, {""word"": ""'d"", ""timed_overlap"": 2, ""column_overlap"": 2}, {""word"": ""Afghans"", ""timed_overlap"": 2, ""column_overlap"": 2}, {""word"": ""suit"", ""timed_overlap"": 1, ""column_overlap"": 3}]",completed,98,98,0
500,396,neural,3,you,just,99,99,99,True,2,2,0,0,,117,"[{""word"": ""just"", ""timed_overlap"": 2, ""column_overlap"": 2}, {""word"": ""hopelessly"", ""timed_overlap"": 1, ""column_overlap"": 4}, {""word"": ""fell"", ""timed_overlap"": 1, ""column_overlap"": 3}, {""word"": ""flowers"", ""timed_overlap"": 1, ""column_overlap"": 3}, {""word"": ""wrote"", ""timed_overlap"": 1, ""column_overlap"": 3}]",completed,100,100,0
500,396,neural,4,uncoil,nice,100,100,100,True,2,3,0,0,,98,"[{""word"": ""nice"", ""timed_overlap"": 2, ""column_overlap"": 3}, {""word"": ""distance"", ""timed_overlap"": 2, ""column_overlap"": 2}, {""word"": ""themselves"", ""timed_overlap"": 1, ""column_overlap"": 4}, {""word"": ""spur"", ""timed_overlap"": 1, ""column_overlap"": 4}, {""word"": ""say"", ""timed_overlap"": 1, ""column_overlap"": 3}]",completed,99,99,0
500,397,neural,1,he,Suddenly,100,100,100,True,2,2,0,0,,99,"[{""word"": ""Suddenly"", ""timed_overlap"": 2, ""column_overlap"": 2}, {""word"": ""dares"", ""timed_overlap"": 2, ""column_overlap"": 2}, {""word"": ""Gilbert"", ""timed_overlap"": 2, ""column_overlap"": 2}, {""word"": ""however"", ""timed_overlap"": 2, ""column_overlap"": 2}, {""word"": ""donkey"", ""timed_overlap"": 2, ""column_overlap"": 2}]",completed,91,10,0
500,397,neural,2,dwelt,upon,100,100,100,True,2,2,0,0,,83,"[{""word"": ""upon"", ""timed_overlap"": 2, ""column_overlap"": 2}, {""word"": ""Cyrilla"", ""timed_overlap"": 2, ""column_overlap"": 2}, {""word"": ""in"", ""timed_overlap"": 2, ""column_overlap"": 2}, {""word"": ""Lida"", ""timed_overlap"": 2, ""column_overlap"": 2}, {""word"": ""Blair"", ""timed_overlap"": 1, ""column_overlap"": 3}]",completed,100,100,0
500,397,neural,3,",",Good-bye,97,97,97,True,2,3,0,0,,110,"[{""word"": ""Good-bye"", ""timed_overlap"": 2, ""column_overlap"": 3}, {""word"": ""Bab"", ""timed_overlap"": 1, ""column_overlap"": 3}, {""word"": ""state"", ""timed_overlap"": 1, ""column_overlap"": 3}, {""word"": ""scoop"", ""timed_overlap"": 1, ""column_overlap"": 3}, {""word"": ""Pegasus"", ""timed_overlap"": 1, ""column_overlap"": 3}]",completed,100,100,0
500,397,neural,4,which,talented,99,99,99,True,3,3,0,0,,91,"[{""word"": ""talented"", ""timed_overlap"": 3, ""column_overlap"": 3}, {""word"": ""unexpected"", ""timed_overlap"": 2, ""column_overlap"": 2}, {""word"": ""humanity"", ""timed_overlap"": 1, ""column_overlap"": 3}, {""word"": ""garret"", ""timed_overlap"": 1, ""column_overlap"": 3}, {""word"": ""Taylor"", ""timed_overlap"": 1, ""column_overlap"": 2}]",completed,97,97,0
500,398,neural,1,whether,nice,95,95,95,True,2,3,1,2,46,135,"[{""word"": ""nice"", ""timed_overlap"": 2, ""column_overlap"": 3}, {""word"": ""Alfin"", ""timed_overlap"": 2, ""column_overlap"": 3}, {""word"": ""given"", ""timed_overlap"": 2, ""column_overlap"": 3}, {""word"": ""turned"", ""timed_overlap"": 2, ""column_overlap"": 2}, {""word"": ""Jed"", ""timed_overlap"": 2, ""column_overlap"": 2}]",completed,73,10,0
500,398,neural,2,I,green,100,100,100,True,2,4,0,0,,105,"[{""word"": ""green"", ""timed_overlap"": 2, ""column_overlap"": 4}, {""word"": ""most"", ""timed_overlap"": 2, ""column_overlap"": 2}, {""word"": ""fire"", ""timed_overlap"": 2, ""column_overlap"": 2}, {""word"": ""terribly"", ""timed_overlap"": 2, ""column_overlap"": 2}, {""word"": ""snowshoeing"", ""timed_overlap"": 1, ""column_overlap"": 4}]",completed,95,95,0
500,398,neural,3,asked,minutes,99,99,99,True,2,3,0,0,,119,"[{""word"": ""minutes"", ""timed_overlap"": 2, ""column_overlap"": 3}, {""word"": ""afford"", ""timed_overlap"": 2, ""column_overlap"": 2}, {""word"": ""talked"", ""timed_overlap"": 2, ""column_overlap"": 2}, {""word"": ""drawing"", ""timed_overlap"": 2, ""column_overlap"": 2}, {""word"": ""lads"", ""timed_overlap"": 2, ""column_overlap"": 2}]",completed,100,100,0
500,398,neural,4,you,bag,100,100,100,True,2,3,0,0,,103,"[{""word"": ""bag"", ""timed_overlap"": 2, ""column_overlap"": 3}, {""word"": ""WATCH"", ""timed_overlap"": 2, ""column_overlap"": 2}, {""word"": ""fire"", ""timed_overlap"": 1, ""column_overlap"": 3}, {""word"": ""swears"", ""timed_overlap"": 1, ""column_overlap"": 3}, {""word"": ""effort"", ""timed_overlap"": 1, ""column_overlap"": 3}]",completed,99,99,0
500,399,neural,1,",",Douglas,96,96,96,True,2,4,0,0,,123,"[{""word"": ""Douglas"", ""timed_overlap"": 2, ""column_overlap"": 4}, {""word"": ""tumbling"", ""timed_overlap"": 2, ""column_overlap"": 4}, {""word"": ""dear"", ""timed_overlap"": 2, ""column_overlap"": 4}, {""word"": ""snowshoeing"", ""timed_overlap"": 2, ""column_overlap"": 3}, {""word"": ""herring"", ""timed_overlap"": 2, ""column_overlap"": 3}]",completed,91,10,0
500,399,neural,2,feeling,pricked,99,99,99,True,2,3,0,0,,118,"[{""word"": ""pricked"", ""timed_overlap"": 2, ""column_overlap"": 3}, {""word"": ""distance"", ""timed_overlap"": 2, ""column_overlap"": 2}, {""word"": ""awake"", ""timed_overlap"": 2, ""column_overlap"": 2}, {""word"": ""SOMEBODY"", ""timed_overlap"": 1, ""column_overlap"": 3}, {""word"": ""her"", ""timed_overlap"": 1, ""column_overlap"": 3}]",completed,96,96,0
500,399,neural,3,bewildered,embrace,99,99,99,True,2,3,0,0,,110,"[{""word"": ""embrace"", ""timed_overlap"": 2, ""column_overlap"": 3}, {""word"": ""Jem"", ""timed_overlap"": 2, ""column_overlap"": 2}, {""word"": ""received"", ""timed_overlap"": 1, ""column_overlap"": 3}, {""word"": ""-LCB-"", ""timed_overlap"": 1, ""column_overlap"": 3}, {""word"": ""tremble"", ""timed_overlap"": 1, ""column_overlap"": 3}]",completed,99,99,0
500,399,neural,4,and,behind,100,100,100,True,2,3,0,0,,90,"[{""word"": ""behind"", ""timed_overlap"": 2, ""column_overlap"": 3}, {""word"": ""before"", ""timed_overlap"": 2, ""column_overlap"": 2}, {""word"": ""UNC"", ""timed_overlap"": 2, ""column_overlap"": 2}, {""word"": ""First"", ""timed_overlap"": 1, ""column_overlap"": 4}, {""word"": ""gay"", ""timed_overlap"": 1, ""column_overlap"": 4}]",completed,99,99,0
500,400,neural,1,heard,been,99,99,99,True,3,4,0,0,,115,"[{""word"": ""been"", ""timed_overlap"": 3, ""column_overlap"": 4}, {""word"": ""bad"", ""timed_overlap"": 2, ""column_overlap"": 3}, {""word"": ""Sometimes"", ""timed_overlap"": 2, ""column_overlap"": 2}, {""word"": ""answered"", ""timed_overlap"": 1, ""column_overlap"": 4}, {""word"": ""tore"", ""timed_overlap"": 1, ""column_overlap"": 3}]",completed,82,10,0
500,400,neural,2,a,once,99,99,99,True,2,2,0,0,,73,"[{""word"": ""once"", ""timed_overlap"": 2, ""column_overlap"": 2}, {""word"": ""after"", ""timed_overlap"": 1, ""column_overlap"": 3}, {""word"": ""bared"", ""timed_overlap"": 1, ""column_overlap"": 3}, {""word"": ""her"", ""timed_overlap"": 1, ""column_overlap"": 3}, {""word"": ""woods"", ""timed_overlap"": 1, ""column_overlap"": 3}]",completed,99,99,0
500,400,neural,3,good,oh,98,98,98,True,2,2,0,0,,90,"[{""word"": ""oh"", ""timed_overlap"": 2, ""column_overlap"": 2}, {""word"": ""well"", ""timed_overlap"": 1, ""column_overlap"": 4}, {""word"": ""whereon"", ""timed_overlap"": 1, ""column_overlap"": 3}, {""word"": ""silver"", ""timed_overlap"": 1, ""column_overlap"": 3}, {""word"": ""Kindly"", ""timed_overlap"": 1, ""column_overlap"": 2}]",completed,99,99,0
500,400,neural,4,deal,Lynde,99,99,99,True,1,4,0,0,,92,"[{""word"": ""Lynde"", ""timed_overlap"": 1, ""column_overlap"": 4}, {""word"": ""terrified"", ""timed_overlap"": 1, ""column_overlap"": 3}, {""word"": ""hands"", ""timed_overlap"": 1, ""column_overlap"": 3}, {""word"": ""mind"", ""timed_overlap"": 1, ""column_overlap"": 3}, {""word"": ""hope"", ""timed_overlap"": 1, ""column_overlap"": 2}]",completed,98,98,0
500,401,neural,1,throat,sit,100,100,100,True,2,2,0,0,,93,"[{""word"": ""sit"", ""timed_overlap"": 2, ""column_overlap"": 2}, {""word"": ""laid"", ""timed_overlap"": 2, ""column_overlap"": 2}, {""word"": ""Johnny"", ""timed_overlap"": 1, ""column_overlap"": 3}, {""word"": ""For"", ""timed_overlap"": 1, ""column_overlap"": 3}, {""word"": ""Aunt"", ""timed_overlap"": 1, ""column_overlap"": 3}]",completed,91,10,0
500,401,neural,2,till,turning,99,99,99,True,2,3,0,0,,75,"[{""word"": ""turning"", ""timed_overlap"": 2, ""column_overlap"": 3}, {""word"": ""fry"", ""timed_overlap"": 2, ""column_overlap"": 2}, {""word"": ""bookcase"", ""timed_overlap"": 2, ""column_overlap"": 2}, {""word"": ""tone"", ""timed_overlap"": 2, ""column_overlap"": 2}, {""word"": ""INSIDE"", ""timed_overlap"": 2, ""column_overlap"": 2}]",completed,100,100,0
500,401,neural,3,he,approve,100,100,100,True,2,2,1,1,124,133,"[{""word"": ""approve"", ""timed_overlap"": 2, ""column_overlap"": 2}, {""word"": ""Head"", ""timed_overlap"": 2, ""column_overlap"": 2}, {""word"": ""tongue"", ""timed_overlap"": 2, ""column_overlap"": 2}, {""word"": ""silence"", ""timed_overlap"": 2, ""column_overlap"": 2}, {""word"": ""Captain"", ""timed_overlap"": 2, ""column_overlap"": 2}]",completed,99,99,0
500,401,neural,4,came,marriage,99,99,99,True,2,3,0,0,,74,"[{""word"": ""marriage"", ""timed_overlap"": 2, ""column_overlap"": 3}, {""word"": ""leaving"", ""timed_overlap"": 1, ""column_overlap"": 3}, {""word"": ""never"", ""timed_overlap"": 1, ""column_overlap"": 3}, {""word"": ""Bab"", ""timed_overlap"": 1, ""column_overlap"": 2}, {""word"": ""old"", ""timed_overlap"": 1, ""column_overlap"": 2}]",completed,100,100,0
500,402,neural,1,was,below,100,100,100,True,2,3,1,1,85,88,"[{""word"": ""below"", ""timed_overlap"": 2, ""column_overlap"": 3}, {""word"": ""Jane"", ""timed_overlap"": 1, ""column_overlap"": 3}, {""word"": ""astray"", ""timed_overlap"": 1, ""column_overlap"": 3}, {""word"": ""suppose"", ""timed_overlap"": 1, ""column_overlap"": 3}, {""word"": ""than"", ""timed_overlap"": 1, ""column_overlap"": 3}]",completed,91,10,0
500,402,neural,2,",",bookcase,100,100,100,True,2,4,0,0,,84,"[{""word"": ""bookcase"", ""timed_overlap"": 2, ""column_overlap"": 4}, {""word"": ""happily"", ""timed_overlap"": 2, ""column_overlap"": 2}, {""word"": ""Dacca"", ""timed_overlap"": 2, ""column_overlap"": 2}, {""word"": ""whole"", ""timed_overlap"": 2, ""column_overlap"": 2}, {""word"": ""why"", ""timed_overlap"": 2, ""column_overlap"": 2}]",completed,100,100,0
500,402,neural,3,and,CHAPTER,98,98,98,True,2,2,0,0,,80,"[{""word"": ""CHAPTER"", ""timed_overlap"": 2, ""column_overlap"": 2}, {""word"": ""better"", ""timed_overlap"": 1, ""column_overlap"": 3}, {""word"": ""maidens"", ""timed_overlap"": 1, ""column_overlap"": 3}, {""word"": ""Wind"", ""timed_overlap"": 1, ""column_overlap"": 3}, {""word"": ""weight"", ""timed_overlap"": 1, ""column_overlap"": 3}]",completed,100,100,0
500,402,neural,4,he,strokes,97,97,97,True,2,2,0,0,,104,"[{""word"": ""strokes"", ""timed_overlap"": 2, ""column_overlap"": 2}, {""word"": ""sweep"", ""timed_overlap"": 2, ""column_overlap"": 2}, {""word"": ""nearly"", ""timed_overlap"": 1, ""column_overlap"": 3}, {""word"": ""now"", ""timed_overlap"": 1, ""column_overlap"": 3}, {""word"": ""foremost"", ""timed_overlap"": 1, ""column_overlap"": 3}]",completed,98,98,0
500,403,neural,1,by,gallant,98,98,98,True,2,5,0,0,,140,"[{""word"": ""gallant"", ""timed_overlap"": 2, ""column_overlap"": 5}, {""word"": ""These"", ""timed_overlap"": 2, ""column_overlap"": 3}, {""word"": ""ladies"", ""timed_overlap"": 2, ""column_overlap"": 3}, {""word"": ""fire"", ""timed_overlap"": 2, ""column_overlap"": 2}, {""word"": ""Buster"", ""timed_overlap"": 2, ""column_overlap"": 2}]",completed,82,10,0
500,403,neural,2,turns,made,99,99,99,True,2,2,0,0,,63,"[{""word"": ""made"", ""timed_overlap"": 2, ""column_overlap"": 2}, {""word"": ""broadest"", ""timed_overlap"": 1, ""column_overlap"": 4}, {""word"": ""tired"", ""timed_overlap"": 1, ""column_overlap"": 3}, {""word"": ""snow"", ""timed_overlap"": 1, ""column_overlap"": 2}, {""word"": ""Because"", ""timed_overlap"": 1, ""column_overlap"": 2}]",completed,98,98,0
500,403,neural,3,",",frightened,99,99,99,True,3,3,0,0,,96,"[{""word"": ""frightened"", ""timed_overlap"": 3, ""column_overlap"": 3}, {""word"": ""Mother"", ""timed_overlap"": 2, ""column_overlap"": 2}, {""word"": ""bluntly"", ""timed_overlap"": 2, ""column_overlap"": 2}, {""word"": ""came"", ""timed_overlap"": 2, ""column_overlap"": 2}, {""word"": ""Messua"", ""timed_overlap"": 1, ""column_overlap"": 3}]",completed,99,99,0
500,403,neural,4,and,ye,99,99,99,True,1,3,0,0,,81,"[{""word"": ""ye"", ""timed_overlap"": 1, ""column_overlap"": 3}, {""word"": ""newspapers"", ""timed_overlap"": 1, ""column_overlap"": 3}, {""word"": ""rat"", ""timed_overlap"": 1, ""column_overlap"": 3}, {""word"": ""resisted"", ""timed_overlap"": 1, ""column_overlap"": 3}, {""word"": ""pink"", ""timed_overlap"": 1, ""column_overlap"": 2}]",completed,99,99,0
500,404,neural,1,friend,remarked,100,100,100,True,3,3,0,0,,112,"[{""word"": ""remarked"", ""timed_overlap"": 3, ""column_overlap"": 3}, {""word"": ""Behind"", ""timed_overlap"": 2, ""column_overlap"": 3}, {""word"": ""promise"", ""timed_overlap"": 2, ""column_overlap"": 3}, {""word"": ""all"", ""timed_overlap"": 2, ""column_overlap"": 2}, {""word"": ""impudent"", ""timed_overlap"": 2, ""column_overlap"": 2}]",completed,91,10,0
500,404,neural,2,Laurie,AND,100,100,100,True,2,3,0,0,,103,"[{""word"": ""AND"", ""timed_overlap"": 2, ""column_overlap"": 3}, {""word"": ""walls"", ""timed_overlap"": 1, ""column_overlap"": 4}, {""word"": ""Look"", ""timed_overlap"": 1, ""column_overlap"": 4}, {""word"": ""stories"", ""timed_overlap"": 1, ""column_overlap"": 3}, {""word"": ""times"", ""timed_overlap"": 1, ""column_overlap"": 3}]",completed,100,100,0
500,404,neural,3,",",On,99,99,99,True,2,3,0,0,,121,"[{""word"": ""On"", ""timed_overlap"": 2, ""column_overlap"": 3}, {""word"": ""birthday"", ""timed_overlap"": 2, ""column_overlap"": 3}, {""word"": ""chair"", ""timed_overlap"": 2, ""column_overlap"": 3}, {""word"": ""Put"", ""timed_overlap"": 2, ""column_overlap"": 2}, {""word"": ""came"", ""timed_overlap"": 2, ""column_overlap"": 2}]",completed,100,100,0
500,404,neural,4,but,unexpected,98,98,98,True,2,4,0,0,,112,"[{""word"": ""unexpected"", ""timed_overlap"": 2, ""column_overlap"": 4}, {""word"": ""vase"", ""timed_overlap"": 2, ""column_overlap"": 3}, {""word"": ""river"", ""timed_overlap"": 2, ""column_overlap"": 2}, {""word"": ""leaves"", ""timed_overlap"": 2, ""column_overlap"": 2}, {""word"": ""challenge"", ""timed_overlap"": 1, ""column_overlap"": 4}]",completed,99,99,0
500,405,neural,1,the,drunk,95,95,95,True,2,2,0,0,,126,"[{""word"": ""drunk"", ""timed_overlap"": 2, ""column_overlap"": 2}, {""word"": ""married"", ""timed_overlap"": 2, ""column_overlap"": 2}, {""word"": ""Remember"", ""timed_overlap"": 2, ""column_overlap"": 2}, {""word"": ""Not"", ""timed_overlap"": 1, ""column_overlap"": 3}, {""word"": ""herring"", ""timed_overlap"": 1, ""column_overlap"": 3}]",completed,55,10,0
500,405,neural,2,chime,round,100,100,100,True,2,2,0,0,,88,"[{""word"": ""round"", ""timed_overlap"": 2, ""column_overlap"": 2}, {""word"": ""near"", ""timed_overlap"": 1, ""column_overlap"": 4}, {""word"": ""come"", ""timed_overlap"": 1, ""column_overlap"": 3}, {""word"": ""immensely"", ""timed_overlap"": 1, ""column_overlap"": 3}, {""word"": ""!"", ""timed_overlap"": 1, ""column_overlap"": 2}]",completed,95,95,0
500,405,neural,3,had,sweep,99,99,99,True,2,2,0,0,,113,"[{""word"": ""sweep"", ""timed_overlap"": 2, ""column_overlap"": 2}, {""word"": ""Hannah"", ""timed_overlap"": 2, ""column_overlap"": 2}, {""word"": ""Besides"", ""timed_overlap"": 2, ""column_overlap"": 2}, {""word"": ""Hans"", ""timed_overlap"": 1, ""column_overlap"": 4}, {""word"": ""snowshoeing"", ""timed_overlap"": 1, ""column_overlap"": 3}]",completed,100,100,0
500,405,neural,4,gone,waiting,98,98,98,True,2,2,0,0,,112,"[{""word"": ""waiting"", ""timed_overlap"": 2, ""column_overlap"": 2}, {""word"": ""begging"", ""timed_overlap"": 1, ""column_overlap"": 4}, {""word"": ""fixed"", ""timed_overlap"": 1, ""column_overlap"": 3}, {""word"": ""present"", ""timed_overlap"": 1, ""column_overlap"": 3}, {""word"": ""keep"", ""timed_overlap"": 1, ""column_overlap"": 3}]",completed,99,99,0
500,406,neural,1,kill,lay,98,98,98,True,2,2,1,1,125,136,"[{""word"": ""lay"", ""timed_overlap"": 2, ""column_overlap"": 2}, {""word"": ""king"", ""timed_overlap"": 2, ""column_overlap"": 2}, {""word"": ""chop"", ""timed_overlap"": 2, ""column_overlap"": 2}, {""word"": ""imps"", ""timed_overlap"": 1, ""column_overlap"": 4}, {""word"": ""Reddy"", ""timed_overlap"": 1, ""column_overlap"": 3}]",completed,73,10,0
500,406,neural,2,the,recovered,99,99,99,True,2,3,0,0,,71,"[{""word"": ""recovered"", ""timed_overlap"": 2, ""column_overlap"": 3}, {""word"": ""wild"", ""timed_overlap"": 2, ""column_overlap"": 2}, {""word"": ""lie"", ""timed_overlap"": 2, ""column_overlap"": 2}, {""word"": ""having"", ""timed_overlap"": 2, ""column_overlap"": 2}, {""word"": ""Skunk"", ""timed_overlap"": 1, ""column_overlap"": 2}]",completed,98,98,0
500,406,neural,3,dragon,over,100,100,100,True,2,4,0,0,,125,"[{""word"": ""over"", ""timed_overlap"": 2, ""column_overlap"": 4}, {""word"": ""In"", ""timed_overlap"": 2, ""column_overlap"": 2}, {""word"": ""sigh"", ""timed_overlap"": 2, ""column_overlap"": 2}, {""word"": ""worse"", ""timed_overlap"": 1, ""column_overlap"": 4}, {""word"": ""setting"", ""timed_overlap"": 1, ""column_overlap"": 4}]",completed,99,99,0
500,406,neural,4,altogether,moving,99,99,99,True,2,3,0,0,,103,"[{""word"": ""moving"", ""timed_overlap"": 2, ""column_overlap"": 3}, {""word"": ""Davis"", ""timed_overlap"": 2, ""column_overlap"": 3}, {""word"": ""Dorinda"", ""timed_overlap"": 2, ""column_overlap"": 3}, {""word"": ""elapsed"", ""timed_overlap"": 2, ""column_overlap"": 3}, {""word"": ""mutinously"", ""timed_overlap"": 2, ""column_overlap"": 2}]",completed,100,100,0
500,407,neural,1,they,soon,100,100,100,True,2,3,0,0,,104,"[{""word"": ""soon"", ""timed_overlap"": 2, ""column_overlap"": 3}, {""word"": ""XXIII"", ""timed_overlap"": 1, ""column_overlap"": 4}, {""word"": ""HAD"", ""timed_overlap"": 1, ""column_overlap"": 3}, {""word"": ""n't"", ""timed_overlap"": 1, ""column_overlap"": 3}, {""word"": ""close"", ""timed_overlap"": 1, ""column_overlap"": 3}]",completed,82,10,0
500,407,neural,2,'d,Happy,100,100,100,True,2,3,0,0,,106,"[{""word"": ""Happy"", ""timed_overlap"": 2, ""column_overlap"": 3}, {""word"": ""Carrots"", ""timed_overlap"": 2, ""column_overlap"": 2}, {""word"": ""pails"", ""timed_overlap"": 2, ""column_overlap"": 2}, {""word"": ""CHAPTER"", ""timed_overlap"": 1, ""column_overlap"": 3}, {""word"": ""wilt"", ""timed_overlap"": 1, ""column_overlap"": 3}]",completed,100,100,0
500,407,neural,3,have,Dorinda,97,97,97,True,2,2,0,0,,87,"[{""word"": ""Dorinda"", ""timed_overlap"": 2, ""column_overlap"": 2}, {""word"": ""Davis"", ""timed_overlap"": 1, ""column_overlap"": 3}, {""word"": ""that"", ""timed_overlap"": 1, ""column_overlap"": 3}, {""word"": ""Magyars"", ""timed_overlap"": 1, ""column_overlap"": 3}, {""word"": ""lads"", ""timed_overlap"": 1, ""column_overlap"": 3}]",completed,100,100,0
500,407,neural,4,the,COAT,100,100,100,True,2,3,0,0,,125,"[{""word"": ""COAT"", ""timed_overlap"": 2, ""column_overlap"": 3}, {""word"": ""April"", ""timed_overlap"": 2, ""column_overlap"": 3}, {""word"": ""had"", ""timed_overlap"": 2, ""column_overlap"": 2}, {""word"": ""wish"", ""timed_overlap"": 2, ""column_overlap"": 2}, {""word"": ""silver"", ""timed_overlap"": 2, ""column_overlap"": 2}]",completed,97,97,0
500,408,neural,1,I,lump,100,100,100,True,2,2,0,0,,90,"[{""word"": ""lump"", ""timed_overlap"": 2, ""column_overlap"": 2}, {""word"": ""soon"", ""timed_overlap"": 2, ""column_overlap"": 2}, {""word"": ""lady"", ""timed_overlap"": 1, ""column_overlap"": 3}, {""word"": ""Pekoe"", ""timed_overlap"": 1, ""column_overlap"": 3}, {""word"": ""n't"", ""timed_overlap"": 1, ""column_overlap"": 3}]",completed,82,10,0
500,408,neural,2,'ll,stern,100,100,100,True,2,2,1,2,22,97,"[{""word"": ""stern"", ""timed_overlap"": 2, ""column_overlap"": 2}, {""word"": ""should"", ""timed_overlap"": 2, ""column_overlap"": 2}, {""word"": ""A"", ""timed_overlap"": 2, ""column_overlap"": 2}, {""word"": ""poured"", ""timed_overlap"": 2, ""column_overlap"": 2}, {""word"": ""clouded"", ""timed_overlap"": 1, ""column_overlap"": 4}]",completed,100,100,0
500,408,neural,3,cut,closing,99,99,99,True,2,2,0,0,,93,"[{""word"": ""closing"", ""timed_overlap"": 2, ""column_overlap"": 2}, {""word"": ""satisfied"", ""timed_overlap"": 1, ""column_overlap"": 3}, {""word"": ""Carrots"", ""timed_overlap"": 1, ""column_overlap"": 3}, {""word"": ""creature"", ""timed_overlap"": 1, ""column_overlap"": 3}, {""word"": ""resent"", ""timed_overlap"": 1, ""column_overlap"": 2}]",completed,100,100,0
500,408,neural,4,his,coming,98,98,98,True,2,3,0,0,,98,"[{""word"": ""coming"", ""timed_overlap"": 2, ""column_overlap"": 3}, {""word"": ""me"", ""timed_overlap"": 2, ""column_overlap"": 3}, {""word"": ""say"", ""timed_overlap"": 2, ""column_overlap"": 2}, {""word"": ""Sue"", ""timed_overlap"": 2, ""column_overlap"": 2}, {""word"": ""Ben"", ""timed_overlap"": 2, ""column_overlap"": 2}]",completed,99,99,0
500,409,neural,1,misty,indeed,100,100,100,True,2,2,0,0,,97,"[{""word"": ""indeed"", ""timed_overlap"": 2, ""column_overlap"": 2}, {""word"": ""beautiful"", ""timed_overlap"": 2, ""column_overlap"": 2}, {""word"": ""Carrots"", ""timed_overlap"": 2, ""column_overlap"": 2}, {""word"": ""rank"", ""timed_overlap"": 2, ""column_overlap"": 2}, {""word"": ""drawing"", ""timed_overlap"": 1, ""column_overlap"": 3}]",completed,91,10,0
500,409,neural,2,ocean,bluntly,99,99,99,True,2,2,0,0,,95,"[{""word"": ""bluntly"", ""timed_overlap"": 2, ""column_overlap"": 2}, {""word"": ""wish"", ""timed_overlap"": 1, ""column_overlap"": 3}, {""word"": ""kindest"", ""timed_overlap"": 1, ""column_overlap"": 3}, {""word"": ""Sue"", ""timed_overlap"": 1, ""column_overlap"": 3}, {""word"": ""consent"", ""timed_overlap"": 1, ""column_overlap"": 3}]",completed,100,100,0
500,409,neural,3,to,particular,99,99,99,True,2,2,0,0,,93,"[{""word"": ""particular"", ""timed_overlap"": 2, ""column_overlap"": 2}, {""word"": ""might"", ""timed_overlap"": 2, ""column_overlap"": 2}, {""word"": ""get"", ""timed_overlap"": 2, ""column_overlap"": 2}, {""word"": ""as"", ""timed_overlap"": 1, ""column_overlap"": 4}, {""word"": ""paw"", ""timed_overlap"": 1, ""column_overlap"": 3}]",completed,99,99,0
500,409,neural,4,the,thrifty,95,95,95,True,2,3,0,0,,98,"[{""word"": ""thrifty"", ""timed_overlap"": 2, ""column_overlap"": 3}, {""word"": ""Lucinda"", ""timed_overlap"": 2, ""column_overlap"": 3}, {""word"": ""holiday"", ""timed_overlap"": 2, ""column_overlap"": 2}, {""word"": ""birthday"", ""timed_overlap"": 2, ""column_overlap"": 2}, {""word"": ""other"", ""timed_overlap"": 1, ""column_overlap"": 4}]",completed,99,99,0
500,410,neural,1,",",concluded,100,100,100,True,1,4,0,0,,105,"[{""word"": ""concluded"", ""timed_overlap"": 1, ""column_overlap"": 4}, {""word"": ""one"", ""timed_overlap"": 1, ""column_overlap"": 3}, {""word"": ""foremost"", ""timed_overlap"": 1, ""column_overlap"": 3}, {""word"": ""fell"", ""timed_overlap"": 1, ""column_overlap"": 3}, {""word"": ""heated"", ""timed_overlap"": 1, ""column_overlap"": 3}]",completed,73,10,0
500,410,neural,2,`,holiday,100,100,100,True,2,4,0,0,,91,"[{""word"": ""holiday"", ""timed_overlap"": 2, ""column_overlap"": 4}, {""word"": ""busybodies"", ""timed_overlap"": 2, ""column_overlap"": 4}, {""word"": ""scene"", ""timed_overlap"": 2, ""column_overlap"": 4}, {""word"": ""First"", ""timed_overlap"": 2, ""column_overlap"": 3}, {""word"": ""lady"", ""timed_overlap"": 2, ""column_overlap"": 2}]",completed,100,100,0
500,410,neural,3,Take,apart,99,99,99,True,2,3,0,0,,90,"[{""word"": ""apart"", ""timed_overlap"": 2, ""column_overlap"": 3}, {""word"": ""responded"", ""timed_overlap"": 2, ""column_overlap"": 2}, {""word"": ""kill"", ""timed_overlap"": 2, ""column_overlap"": 2}, {""word"": ""commanded"", ""timed_overlap"": 1, ""column_overlap"": 3}, {""word"": ""trying"", ""timed_overlap"": 1, ""column_overlap"": 3}]",completed,100,100,0
500,410,neural,4,care,snowshoeing,96,96,96,True,2,4,0,0,,118,"[{""word"": ""snowshoeing"", ""timed_overlap"": 2, ""column_overlap"": 4}, {""word"": ""though"", ""timed_overlap"": 2, ""column_overlap"": 3}, {""word"": ""SOMEBODY"", ""timed_overlap"": 2, ""column_overlap"": 2}, {""word"": ""snow"", ""timed_overlap"": 2, ""column_overlap"": 2}, {""word"": ""just"", ""timed_overlap"": 1, ""column_overlap"": 4}]",completed,99,99,0
500,411,neural,1,rest,Sometimes,100,100,100,True,3,3,0,0,,118,"[{""word"": ""Sometimes"", ""timed_overlap"": 3, ""column_overlap"": 3}, {""word"": ""indeed"", ""timed_overlap"": 2, ""column_overlap"": 3}, {""word"": ""birds"", ""timed_overlap"": 2, ""column_overlap"": 2}, {""word"": ""Jem"", ""timed_overlap"": 2, ""column_overlap"": 2}, {""word"": ""tell"", ""timed_overlap"": 2, ""column_overlap"": 2}]",completed,73,10,0
500,411,neural,2,",",recalled,100,100,100,True,2,2,0,0,,102,"[{""word"": ""recalled"", ""timed_overlap"": 2, ""column_overlap"": 2}, {""word"": ""ye"", ""timed_overlap"": 1, ""column_overlap"": 3}, {""word"": ""early"", ""timed_overlap"": 1, ""column_overlap"": 3}, {""word"": ""detest"", ""timed_overlap"": 1, ""column_overlap"": 3}, {""word"": ""swears"", ""timed_overlap"": 1, ""column_overlap"": 3}]",completed,100,100,0
500,411,neural,3,was,Aunt,99,99,99,True,2,2,0,0,,83,"[{""word"": ""Aunt"", ""timed_overlap"": 2, ""column_overlap"": 2}, {""word"": ""my"", ""timed_overlap"": 1, ""column_overlap"": 3}, {""word"": ""impossible"", ""timed_overlap"": 1, ""column_overlap"": 3}, {""word"": ""hand"", ""timed_overlap"": 1, ""column_overlap"": 3}, {""word"": ""these"", ""timed_overlap"": 1, ""column_overlap"": 3}]",completed,100,100,0
500,411,neural,4,a,broidered,98,98,98,True,2,4,0,0,,109,"[{""word"": ""broidered"", ""timed_overlap"": 2, ""column_overlap"": 4}, {""word"": ""Lucinda"", ""timed_overlap"": 2, ""column_overlap"": 2}, {""word"": ""Ideal"", ""timed_overlap"": 1, ""column_overlap"": 3}, {""word"": ""meeting-house"", ""timed_overlap"": 1, ""column_overlap"": 3}, {""word"": ""smile"", ""timed_overlap"": 1, ""column_overlap"": 3}]",completed,99,99,0
500,412,neural,1,and,wind,98,98,98,True,2,3,0,0,,129,"[{""word"": ""wind"", ""timed_overlap"": 2, ""column_overlap"": 3}, {""word"": ""Good-bye"", ""timed_overlap"": 2, ""column_overlap"": 2}, {""word"": ""border"", ""timed_overlap"": 2, ""column_overlap"": 2}, {""word"": ""right"", ""timed_overlap"": 2, ""column_overlap"": 2}, {""word"": ""warm"", ""timed_overlap"": 1, ""column_overlap"": 4}]",completed,82,10,0
500,412,neural,2,Susan,paw,100,100,100,True,2,2,0,0,,96,"[{""word"": ""paw"", ""timed_overlap"": 2, ""column_overlap"": 2}, {""word"": ""Wildrose"", ""timed_overlap"": 2, ""column_overlap"": 2}, {""word"": ""speak"", ""timed_overlap"": 2, ""column_overlap"": 2}, {""word"": ""Shall"", ""timed_overlap"": 2, ""column_overlap"": 2}, {""word"": ""Bumble"", ""timed_overlap"": 2, ""column_overlap"": 2}]",completed,98,98,0
500,412,neural,3,approved,angrily,96,96,96,True,2,2,0,0,,98,"[{""word"": ""angrily"", ""timed_overlap"": 2, ""column_overlap"": 2}, {""word"": ""Presently"", ""timed_overlap"": 1, ""column_overlap"": 3}, {""word"": ""check"", ""timed_overlap"": 1, ""column_overlap"": 2}, {""word"": ""well"", ""timed_overlap"": 1, ""column_overlap"": 2}, {""word"": ""alarm"", ""timed_overlap"": 1, ""column_overlap"": 2}]",completed,100,100,0
500,412,neural,4,the,Sodnos,98,98,98,True,2,4,0,0,,111,"[{""word"": ""Sodnos"", ""timed_overlap"": 2, ""column_overlap"": 4}, {""word"": ""bluntly"", ""timed_overlap"": 2, ""column_overlap"": 2}, {""word"": ""departs"", ""timed_overlap"": 2, ""column_overlap"": 2}, {""word"": ""weight"", ""timed_overlap"": 2, ""column_overlap"": 2}, {""word"": ""took"", ""timed_overlap"": 1, ""column_overlap"": 3}]",completed,96,96,0
500,413,neural,1,--,staring,98,98,98,True,2,3,0,0,,128,"[{""word"": ""staring"", ""timed_overlap"": 2, ""column_overlap"": 3}, {""word"": ""tell"", ""timed_overlap"": 2, ""column_overlap"": 3}, {""word"": ""shall"", ""timed_overlap"": 2, ""column_overlap"": 3}, {""word"": ""Folk"", ""timed_overlap"": 2, ""column_overlap"": 3}, {""word"": ""days"", ""timed_overlap"": 2, ""column_overlap"": 2}]",completed,64,10,0
500,413,neural,2,as,forget,99,99,99,True,2,4,0,0,,86,"[{""word"": ""forget"", ""timed_overlap"": 2, ""column_overlap"": 4}, {""word"": ""?"", ""timed_overlap"": 2, ""column_overlap"": 3}, {""word"": ""sit"", ""timed_overlap"": 2, ""column_overlap"": 2}, {""word"": ""river"", ""timed_overlap"": 1, ""column_overlap"": 3}, {""word"": ""swearing"", ""timed_overlap"": 1, ""column_overlap"": 3}]",completed,98,98,0
500,413,neural,3,many,ago,99,99,99,True,2,3,0,0,,103,"[{""word"": ""ago"", ""timed_overlap"": 2, ""column_overlap"": 3}, {""word"": ""ten"", ""timed_overlap"": 2, ""column_overlap"": 3}, {""word"": ""Quicksilver"", ""timed_overlap"": 2, ""column_overlap"": 2}, {""word"": ""Behind"", ""timed_overlap"": 2, ""column_overlap"": 2}, {""word"": ""lest"", ""timed_overlap"": 1, ""column_overlap"": 3}]",completed,99,99,0
500,413,neural,4,as,Skunk,98,98,98,True,3,3,0,0,,98,"[{""word"": ""Skunk"", ""timed_overlap"": 3, ""column_overlap"": 3}, {""word"": ""artistic"", ""timed_overlap"": 2, ""column_overlap"": 2}, {""word"": ""right"", ""timed_overlap"": 2, ""column_overlap"": 2}, {""word"": ""time"", ""timed_overlap"": 1, ""column_overlap"": 4}, {""word"": ""!"", ""timed_overlap"": 1, ""column_overlap"": 3}]",completed,99,99,0
500,414,neural,1,his,mercy,99,99,99,True,2,3,0,0,,119,"[{""word"": ""mercy"", ""timed_overlap"": 2, ""column_overlap"": 3}, {""word"": ""gathering"", ""timed_overlap"": 2, ""column_overlap"": 3}, {""word"": ""which"", ""timed_overlap"": 2, ""column_overlap"": 3}, {""word"": ""shook"", ""timed_overlap"": 2, ""column_overlap"": 3}, {""word"": ""Meredith"", ""timed_overlap"": 2, ""column_overlap"": 2}]",completed,91,10,0
500,414,neural,2,palm-tree,new,100,100,100,True,2,3,0,0,,76,"[{""word"": ""new"", ""timed_overlap"": 2, ""column_overlap"": 3}, {""word"": ""Messua"", ""timed_overlap"": 2, ""column_overlap"": 2}, {""word"": ""flashes"", ""timed_overlap"": 1, ""column_overlap"": 3}, {""word"": ""bronze-colored"", ""timed_overlap"": 1, ""column_overlap"": 3}, {""word"": ""Silver"", ""timed_overlap"": 1, ""column_overlap"": 3}]",completed,99,99,0
500,414,neural,3,and,alarm,96,96,96,True,2,3,0,0,,102,"[{""word"": ""alarm"", ""timed_overlap"": 2, ""column_overlap"": 3}, {""word"": ""too"", ""timed_overlap"": 2, ""column_overlap"": 2}, {""word"": ""dinner"", ""timed_overlap"": 1, ""column_overlap"": 3}, {""word"": ""audacity"", ""timed_overlap"": 1, ""column_overlap"": 3}, {""word"": ""timidly"", ""timed_overlap"": 1, ""column_overlap"": 3}]",completed,100,100,0
500,414,neural,4,put,ordered,95,95,95,True,2,2,0,0,,93,"[{""word"": ""ordered"", ""timed_overlap"": 2, ""column_overlap"": 2}, {""word"": ""under"", ""timed_overlap"": 1, ""column_overlap"": 3}, {""word"": ""Ripple"", ""timed_overlap"": 1, ""column_overlap"": 3}, {""word"": ""does"", ""timed_overlap"": 1, ""column_overlap"": 3}, {""word"": ""pride"", ""timed_overlap"": 1, ""column_overlap"": 2}]",completed,96,96,0
500,415,neural,1,who,he,100,100,100,True,2,2,0,0,,121,"[{""word"": ""he"", ""timed_overlap"": 2, ""column_overlap"": 2}, {""word"": ""''"", ""timed_overlap"": 2, ""column_overlap"": 2}, {""word"": ""those"", ""timed_overlap"": 1, ""column_overlap"": 4}, {""word"": ""inches"", ""timed_overlap"": 1, ""column_overlap"": 4}, {""word"": ""friend"", ""timed_overlap"": 1, ""column_overlap"": 3}]",completed,91,10,0
500,415,neural,2,had,said,98,98,98,True,2,2,0,0,,76,"[{""word"": ""said"", ""timed_overlap"": 2, ""column_overlap"": 2}, {""word"": ""furious"", ""timed_overlap"": 1, ""column_overlap"": 3}, {""word"": ""ones"", ""timed_overlap"": 1, ""column_overlap"": 3}, {""word"": ""most"", ""timed_overlap"": 1, ""column_overlap"": 3}, {""word"": ""If"", ""timed_overlap"": 1, ""column_overlap"": 2}]",completed,100,100,0
500,415,neural,3,been,well,97,97,97,True,2,3,0,0,,97,"[{""word"": ""well"", ""timed_overlap"": 2, ""column_overlap"": 3}, {""word"": ""what"", ""timed_overlap"": 2, ""column_overlap"": 2}, {""word"": ""say"", ""timed_overlap"": 2, ""column_overlap"": 2}, {""word"": ""Jack"", ""timed_overlap"": 1, ""column_overlap"": 4}, {""word"": ""says"", ""timed_overlap"": 1, ""column_overlap"": 3}]",completed,98,98,0
500,415,neural,4,out,Lucinda,97,97,97,True,2,3,0,0,,104,"[{""word"": ""Lucinda"", ""timed_overlap"": 2, ""column_overlap"": 3}, {""word"": ""disagreeable"", ""timed_overlap"": 2, ""column_overlap"": 2}, {""word"": ""Peerless"", ""timed_overlap"": 2, ""column_overlap"": 2}, {""word"": ""concluded"", ""timed_overlap"": 2, ""column_overlap"": 2}, {""word"": ""thinks"", ""timed_overlap"": 2, ""column_overlap"": 2}]",completed,97,97,0
500,416,neural,1,with,wo,100,100,100,True,2,4,0,0,,104,"[{""word"": ""wo"", ""timed_overlap"": 2, ""column_overlap"": 4}, {""word"": ""she"", ""timed_overlap"": 2, ""column_overlap"": 2}, {""word"": ""thing"", ""timed_overlap"": 2, ""column_overlap"": 2}, {""word"": ""'ve"", ""timed_overlap"": 2, ""column_overlap"": 2}, {""word"": ""longer"", ""timed_overlap"": 1, ""column_overlap"": 4}]",completed,73,10,0
500,416,neural,2,his,cows,100,100,100,True,2,2,0,0,,84,"[{""word"": ""cows"", ""timed_overlap"": 2, ""column_overlap"": 2}, {""word"": ""many"", ""timed_overlap"": 2, ""column_overlap"": 2}, {""word"": ""words"", ""timed_overlap"": 1, ""column_overlap"": 4}, {""word"": ""feet"", ""timed_overlap"": 1, ""column_overlap"": 3}, {""word"": ""Amy"", ""timed_overlap"": 1, ""column_overlap"": 3}]",completed,100,100,0
500,416,neural,3,real,yonder,97,97,97,True,2,2,0,0,,103,"[{""word"": ""yonder"", ""timed_overlap"": 2, ""column_overlap"": 2}, {""word"": ""as"", ""timed_overlap"": 2, ""column_overlap"": 2}, {""word"": ""have"", ""timed_overlap"": 2, ""column_overlap"": 2}, {""word"": ""afternoon"", ""timed_overlap"": 1, ""column_overlap"": 4}, {""word"": ""dares"", ""timed_overlap"": 1, ""column_overlap"": 3}]",completed,100,100,0
500,416,neural,4,wife,rainy,99,99,99,True,2,3,0,0,,133,"[{""word"": ""rainy"", ""timed_overlap"": 2, ""column_overlap"": 3}, {""word"": ""astray"", ""timed_overlap"": 2, ""column_overlap"": 2}, {""word"": ""Cheering"", ""timed_overlap"": 2, ""column_overlap"": 2}, {""word"": ""killed"", ""timed_overlap"": 2, ""column_overlap"": 2}, {""word"": ""lads"", ""timed_overlap"": 2, ""column_overlap"": 2}]",completed,97,97,0
500,417,neural,1,long,pride,99,99,99,True,2,4,1,2,53,130,"[{""word"": ""pride"", ""timed_overlap"": 2, ""column_overlap"": 4}, {""word"": ""gallant"", ""timed_overlap"": 2, ""column_overlap"": 3}, {""word"": ""immensely"", ""timed_overlap"": 2, ""column_overlap"": 3}, {""word"": ""guess"", ""timed_overlap"": 2, ""column_overlap"": 2}, {""word"": ""the"", ""timed_overlap"": 2, ""column_overlap"": 2}]",completed,64,10,0
500,417,neural,2,gulps,Princess,100,100,100,True,2,2,0,0,,74,"[{""word"": ""Princess"", ""timed_overlap"": 2, ""column_overlap"": 2}, {""word"": ""grasshoppers"", ""timed_overlap"": 2, ""column_overlap"": 2}, {""word"": ""anything"", ""timed_overlap"": 1, ""column_overlap"": 3}, {""word"": ""Here"", ""timed_overlap"": 1, ""column_overlap"": 2}, {""word"": ""dares"", ""timed_overlap"": 1, ""column_overlap"": 2}]",completed,99,99,0
500,417,neural,3,",",twitch,99,99,99,True,1,3,0,0,,74,"[{""word"": ""twitch"", ""timed_overlap"": 1, ""column_overlap"": 3}, {""word"": ""danced"", ""timed_overlap"": 1, ""column_overlap"": 2}, {""word"": ""Dick"", ""timed_overlap"": 1, ""column_overlap"": 2}, {""word"": ""planned"", ""timed_overlap"": 1, ""column_overlap"": 2}, {""word"": ""now"", ""timed_overlap"": 1, ""column_overlap"": 2}]",completed,100,100,0
500,417,neural,4,Messua,haste,98,98,98,True,2,3,0,0,,118,"[{""word"": ""haste"", ""timed_overlap"": 2, ""column_overlap"": 3}, {""word"": ""also"", ""timed_overlap"": 2, ""column_overlap"": 3}, {""word"": ""In"", ""timed_overlap"": 2, ""column_overlap"": 2}, {""word"": ""denied"", ""timed_overlap"": 2, ""column_overlap"": 2}, {""word"": ""thrifty"", ""timed_overlap"": 1, ""column_overlap"": 3}]",completed,99,99,0
500,418,neural,1,if,is,100,100,100,True,2,3,0,0,,93,"[{""word"": ""is"", ""timed_overlap"": 2, ""column_overlap"": 3}, {""word"": ""rejoined"", ""timed_overlap"": 2, ""column_overlap"": 2}, {""word"": ""preferred"", ""timed_overlap"": 1, ""column_overlap"": 4}, {""word"": ""taken"", ""timed_overlap"": 1, ""column_overlap"": 3}, {""word"": ""feebly"", ""timed_overlap"": 1, ""column_overlap"": 3}]",completed,100,10,0
500,418,neural,2,you,nearly,99,99,99,True,1,3,0,0,,89,"[{""word"": ""nearly"", ""timed_overlap"": 1, ""column_overlap"": 3}, {""word"": ""Davis"", ""timed_overlap"": 1, ""column_overlap"": 3}, {""word"": ""foremost"", ""timed_overlap"": 1, ""column_overlap"": 3}, {""word"": ""faults"", ""timed_overlap"": 1, ""column_overlap"": 3}, {""word"": ""wish"", ""timed_overlap"": 1, ""column_overlap"": 2}]",completed,100,100,0
500,418,neural,3,are,some,99,99,99,True,2,3,0,0,,108,"[{""word"": ""some"", ""timed_overlap"": 2, ""column_overlap"": 3}, {""word"": ""bared"", ""timed_overlap"": 2, ""column_overlap"": 3}, {""word"": ""Why"", ""timed_overlap"": 2, ""column_overlap"": 3}, {""word"": ""filled"", ""timed_overlap"": 2, ""column_overlap"": 3}, {""word"": ""like"", ""timed_overlap"": 2, ""column_overlap"": 2}]",completed,99,99,0
500,418,neural,4,",",boys,98,98,98,True,2,2,0,0,,107,"[{""word"": ""boys"", ""timed_overlap"": 2, ""column_overlap"": 2}, {""word"": ""blue"", ""timed_overlap"": 1, ""column_overlap"": 4}, {""word"": ""these"", ""timed_overlap"": 1, ""column_overlap"": 3}, {""word"": ""highness"", ""timed_overlap"": 1, ""column_overlap"": 3}, {""word"": ""also"", ""timed_overlap"": 1, ""column_overlap"": 3}]",completed,99,99,0
500,419,neural,1,he,admitted,99,99,99,True,2,2,1,1,123,143,"[{""word"": ""admitted"", ""timed_overlap"": 2, ""column_overlap"": 2}, {""word"": ""romantic"", ""timed_overlap"": 2, ""column_overlap"": 2}, {""word"": ""HAS"", ""timed_overlap"": 2, ""column_overlap"": 2}, {""word"": ""Susanna"", ""timed_overlap"": 1, ""column_overlap"": 4}, {""word"": ""playing"", ""timed_overlap"": 1, ""column_overlap"": 4}]",completed,73,10,0
500,419,neural,2,'d,lean,99,99,99,True,2,2,0,0,,113,"[{""word"": ""lean"", ""timed_overlap"": 2, ""column_overlap"": 2}, {""word"": ""half"", ""timed_overlap"": 2, ""column_overlap"": 2}, {""word"": ""lived"", ""timed_overlap"": 1, ""column_overlap"": 4}, {""word"": ""bookcase"", ""timed_overlap"": 1, ""column_overlap"": 4}, {""word"": ""sat"", ""timed_overlap"": 1, ""column_overlap"": 3}]",completed,99,99,0
500,419,neural,3,got,terribly,96,96,96,True,2,2,0,0,,115,"[{""word"": ""terribly"", ""timed_overlap"": 2, ""column_overlap"": 2}, {""word"": ""wonder"", ""timed_overlap"": 2, ""column_overlap"": 2}, {""word"": ""pine-fringed"", ""timed_overlap"": 2, ""column_overlap"": 2}, {""word"": ""heads"", ""timed_overlap"": 2, ""column_overlap"": 2}, {""word"": ""timid"", ""timed_overlap"": 1, ""column_overlap"": 3}]",completed,99,99,0
500,419,neural,4,a,door,96,96,96,True,2,2,0,0,,104,"[{""word"": ""door"", ""timed_overlap"": 2, ""column_overlap"": 2}, {""word"": ""Pivi"", ""timed_overlap"": 2, ""column_overlap"": 2}, {""word"": ""sleep"", ""timed_overlap"": 2, ""column_overlap"": 2}, {""word"": ""worse"", ""timed_overlap"": 1, ""column_overlap"": 4}, {""word"": ""would"", ""timed_overlap"": 1, ""column_overlap"": 4}]",completed,96,96,0
500,420,neural,1,to,bronze-colored,97,97,97,True,2,4,0,0,,117,"[{""word"": ""bronze-colored"", ""timed_overlap"": 2, ""column_overlap"": 4}, {""word"": ""thought"", ""timed_overlap"": 2, ""column_overlap"": 3}, {""word"": ""wise"", ""timed_overlap"": 2, ""column_overlap"": 3}, {""word"": ""have"", ""timed_overlap"": 1, ""column_overlap"": 4}, {""word"": ""long"", ""timed_overlap"": 1, ""column_overlap"": 4}]",completed,73,10,0
500,420,neural,2,do,From,99,99,99,True,2,2,0,0,,78,"[{""word"": ""From"", ""timed_overlap"": 2, ""column_overlap"": 2}, {""word"": ""boys"", ""timed_overlap"": 1, ""column_overlap"": 3}, {""word"": ""Folk"", ""timed_overlap"": 1, ""column_overlap"": 3}, {""word"": ""curious"", ""timed_overlap"": 1, ""column_overlap"": 3}, {""word"": ""swearing"", ""timed_overlap"": 1, ""column_overlap"": 3}]",completed,97,97,0
500,420,neural,3,with,hive,97,97,97,True,2,2,0,0,,104,"[{""word"": ""hive"", ""timed_overlap"": 2, ""column_overlap"": 2}, {""word"": ""took"", ""timed_overlap"": 2, ""column_overlap"": 2}, {""word"": ""Abraham"", ""timed_overlap"": 2, ""column_overlap"": 2}, {""word"": ""Hannah"", ""timed_overlap"": 2, ""column_overlap"": 2}, {""word"": ""received"", ""timed_overlap"": 1, ""column_overlap"": 4}]",completed,99,99,0
500,420,neural,4,it,lot,97,97,97,True,1,3,0,0,,90,"[{""word"": ""lot"", ""timed_overlap"": 1, ""column_overlap"": 3}, {""word"": ""chime"", ""timed_overlap"": 1, ""column_overlap"": 3}, {""word"": ""writ"", ""timed_overlap"": 1, ""column_overlap"": 3}, {""word"": ""still"", ""timed_overlap"": 1, ""column_overlap"": 3}, {""word"": ""red"", ""timed_overlap"": 1, ""column_overlap"": 3}]",completed,97,97,0
500,421,neural,1,',Fellow,99,99,99,True,2,3,0,0,,99,"[{""word"": ""Fellow"", ""timed_overlap"": 2, ""column_overlap"": 3}, {""word"": ""seems"", ""timed_overlap"": 2, ""column_overlap"": 3}, {""word"": ""hot"", ""timed_overlap"": 2, ""column_overlap"": 3}, {""word"": ""heated"", ""timed_overlap"": 2, ""column_overlap"": 3}, {""word"": ""Matthew"", ""timed_overlap"": 2, ""column_overlap"": 2}]",completed,82,10,0
500,421,neural,2,a,Bumble,98,98,98,True,2,2,0,0,,92,"[{""word"": ""Bumble"", ""timed_overlap"": 2, ""column_overlap"": 2}, {""word"": ""Frank"", ""timed_overlap"": 1, ""column_overlap"": 3}, {""word"": ""o"", ""timed_overlap"": 1, ""column_overlap"": 3}, {""word"": ""by"", ""timed_overlap"": 1, ""column_overlap"": 3}, {""word"": ""Paul"", ""timed_overlap"": 1, ""column_overlap"": 3}]",completed,99,99,0
500,421,neural,3,feller,Lung,95,95,95,True,2,3,0,0,,74,"[{""word"": ""Lung"", ""timed_overlap"": 2, ""column_overlap"": 3}, {""word"": ""going"", ""timed_overlap"": 2, ""column_overlap"": 3}, {""word"": ""growled"", ""timed_overlap"": 1, ""column_overlap"": 3}, {""word"": ""nine"", ""timed_overlap"": 1, ""column_overlap"": 3}, {""word"": ""villagers"", ""timed_overlap"": 1, ""column_overlap"": 3}]",completed,98,98,0
500,421,neural,4,;,sweetens,98,98,98,True,2,3,0,0,,126,"[{""word"": ""sweetens"", ""timed_overlap"": 2, ""column_overlap"": 3}, {""word"": ""Jem"", ""timed_overlap"": 2, ""column_overlap"": 3}, {""word"": ""deny"", ""timed_overlap"": 2, ""column_overlap"": 3}, {""word"": ""tell"", ""timed_overlap"": 2, ""column_overlap"": 2}, {""word"": ""Abel"", ""timed_overlap"": 2, ""column_overlap"": 2}]",completed,95,95,0
500,422,neural,1,",",indeed,100,100,100,True,2,3,0,0,,119,"[{""word"": ""indeed"", ""timed_overlap"": 2, ""column_overlap"": 3}, {""word"": ""wore"", ""timed_overlap"": 2, ""column_overlap"": 2}, {""word"": ""was"", ""timed_overlap"": 2, ""column_overlap"": 2}, {""word"": ""require"", ""timed_overlap"": 2, ""column_overlap"": 2}, {""word"": ""feebly"", ""timed_overlap"": 1, ""column_overlap"": 3}]",completed,91,10,0
500,422,neural,2,that,Quite,99,99,99,True,2,2,0,0,,88,"[{""word"": ""Quite"", ""timed_overlap"": 2, ""column_overlap"": 2}, {""word"": ""after"", ""timed_overlap"": 1, ""column_overlap"": 3}, {""word"": ""know"", ""timed_overlap"": 1, ""column_overlap"": 2}, {""word"": ""Nan"", ""timed_overlap"": 1, ""column_overlap"": 2}, {""word"": ""study"", ""timed_overlap"": 1, ""column_overlap"": 2}]",completed,100,100,0
500,422,neural,3,night,flowers,97,97,97,True,2,4,0,0,,121,"[{""word"": ""flowers"", ""timed_overlap"": 2, ""column_overlap"": 4}, {""word"": ""home"", ""timed_overlap"": 2, ""column_overlap"": 2}, {""word"": ""running"", ""timed_overlap"": 2, ""column_overlap"": 2}, {""word"": ""shook"", ""timed_overlap"": 1, ""column_overlap"": 5}, {""word"": ""each"", ""timed_overlap"": 1, ""column_overlap"": 3}]",completed,99,99,0
500,422,neural,4,had,Hannah,99,99,99,True,2,2,0,0,,105,"[{""word"": ""Hannah"", ""timed_overlap"": 2, ""column_overlap"": 2}, {""word"": ""Chuck"", ""timed_overlap"": 2, ""column_overlap"": 2}, {""word"": ""On"", ""timed_overlap"": 2, ""column_overlap"": 2}, {""word"": ""Beautiful"", ""timed_overlap"": 1, ""column_overlap"": 3}, {""word"": ""ended"", ""timed_overlap"": 1, ""column_overlap"": 3}]",completed,97,97,0
500,423,neural,1,",",breath,100,100,100,True,2,3,0,0,,90,"[{""word"": ""breath"", ""timed_overlap"": 2, ""column_overlap"": 3}, {""word"": ""palace"", ""timed_overlap"": 2, ""column_overlap"": 3}, {""word"": ""our"", ""timed_overlap"": 2, ""column_overlap"": 2}, {""word"": ""ogress"", ""timed_overlap"": 2, ""column_overlap"": 2}, {""word"": ""had"", ""timed_overlap"": 2, ""column_overlap"": 2}]",completed,82,10,0
500,423,neural,2,``,waiting,99,99,99,True,2,3,0,0,,102,"[{""word"": ""waiting"", ""timed_overlap"": 2, ""column_overlap"": 3}, {""word"": ""Am"", ""timed_overlap"": 1, ""column_overlap"": 3}, {""word"": ""wandered"", ""timed_overlap"": 1, ""column_overlap"": 3}, {""word"": ""wife"", ""timed_overlap"": 1, ""column_overlap"": 3}, {""word"": ""land"", ""timed_overlap"": 1, ""column_overlap"": 3}]",completed,100,100,0
500,423,neural,3,Old,dragging,96,96,96,True,2,3,1,2,35,135,"[{""word"": ""dragging"", ""timed_overlap"": 2, ""column_overlap"": 3}, {""word"": ""Straight"", ""timed_overlap"": 2, ""column_overlap"": 3}, {""word"": ""torrents"", ""timed_overlap"": 2, ""column_overlap"": 3}, {""word"": ""terrified"", ""timed_overlap"": 2, ""column_overlap"": 2}, {""word"": ""frog"", ""timed_overlap"": 2, ""column_overlap"": 2}]",completed,99,99,0
500,423,neural,4,Mother,Up,98,98,98,True,2,4,0,0,,109,"[{""word"": ""Up"", ""timed_overlap"": 2, ""column_overlap"": 4}, {""word"": ""playing"", ""timed_overlap"": 2, ""column_overlap"": 4}, {""word"": ""audacity"", ""timed_overlap"": 2, ""column_overlap"": 4}, {""word"": ""thoughtfully"", ""timed_overlap"": 2, ""column_overlap"": 3}, {""word"": ""whitest"", ""timed_overlap"": 2, ""column_overlap"": 2}]",completed,96,96,0
500,424,neural,1,seek,CHAPTER,100,100,100,True,2,3,0,0,,92,"[{""word"": ""CHAPTER"", ""timed_overlap"": 2, ""column_overlap"": 3}, {""word"": ""be"", ""timed_overlap"": 2, ""column_overlap"": 3}, {""word"": ""finish"", ""timed_overlap"": 2, ""column_overlap"": 2}, {""word"": ""things"", ""timed_overlap"": 2, ""column_overlap"": 2}, {""word"": ""statelier"", ""timed_overlap"": 1, ""column_overlap"": 4}]",completed,73,10,0
500,424,neural,2,a,Oh,100,100,100,True,2,2,0,0,,70,"[{""word"": ""Oh"", ""timed_overlap"": 2, ""column_overlap"": 2}, {""word"": ""'m"", ""timed_overlap"": 1, ""column_overlap"": 3}, {""word"": ""promise"", ""timed_overlap"": 1, ""column_overlap"": 3}, {""word"": ""fell"", ""timed_overlap"": 1, ""column_overlap"": 3}, {""word"": ""forbidden"", ""timed_overlap"": 1, ""column_overlap"": 3}]",completed,100,100,0
500,424,neural,3,fairy,it,96,96,96,True,2,2,0,0,,43,"[{""word"": ""it"", ""timed_overlap"": 2, ""column_overlap"": 2}, {""word"": ""snuff-box"", ""timed_overlap"": 1, ""column_overlap"": 2}, {""word"": ""end"", ""timed_overlap"": 1, ""column_overlap"": 2}, {""word"": ""word"", ""timed_overlap"": 1, ""column_overlap"": 2}, {""word"": ""No"", ""timed_overlap"": 1, ""column_overlap"": 2}]",completed,100,100,0
500,424,neural,4,",",blow,96,96,96,True,2,3,0,0,,103,"[{""word"": ""blow"", ""timed_overlap"": 2, ""column_overlap"": 3}, {""word"": ""terrible"", ""timed_overlap"": 2, ""column_overlap"": 2}, {""word"": ""If"", ""timed_overlap"": 1, ""column_overlap"": 4}, {""word"": ""apart"", ""timed_overlap"": 1, ""column_overlap"": 4}, {""word"": ""behind"", ""timed_overlap"": 1, ""column_overlap"": 3}]",completed,96,96,0
500,425,neural,1,about,pride,98,98,98,True,2,3,0,0,,117,"[{""word"": ""pride"", ""timed_overlap"": 2, ""column_overlap"": 3}, {""word"": ""Clever"", ""timed_overlap"": 2, ""column_overlap"": 2}, {""word"": ""filled"", ""timed_overlap"": 1, ""column_overlap"": 4}, {""word"": ""lovely"", ""timed_overlap"": 1, ""column_overlap"": 3}, {""word"": ""Hannah"", ""timed_overlap"": 1, ""column_overlap"": 3}]",completed,82,10,0
500,425,neural,2,that,God,97,97,97,True,2,2,0,0,,75,"[{""word"": ""God"", ""timed_overlap"": 2, ""column_overlap"": 2}, {""word"": ""flew"", ""timed_overlap"": 2, ""column_overlap"": 2}, {""word"": ""Molly"", ""timed_overlap"": 1, ""column_overlap"": 3}, {""word"": ""nicer"", ""timed_overlap"": 1, ""column_overlap"": 3}, {""word"": ""apart"", ""timed_overlap"": 1, ""column_overlap"": 2}]",completed,98,98,0
500,425,neural,3,dinner,nurse,99,99,99,True,2,3,0,0,,104,"[{""word"": ""nurse"", ""timed_overlap"": 2, ""column_overlap"": 3}, {""word"": ""running"", ""timed_overlap"": 2, ""column_overlap"": 2}, {""word"": ""sign"", ""timed_overlap"": 2, ""column_overlap"": 2}, {""word"": ""six"", ""timed_overlap"": 1, ""column_overlap"": 3}, {""word"": ""Dick"", ""timed_overlap"": 1, ""column_overlap"": 3}]",completed,97,97,0
500,425,neural,4,.,ladylike,99,99,99,True,2,3,0,0,,98,"[{""word"": ""ladylike"", ""timed_overlap"": 2, ""column_overlap"": 3}, {""word"": ""such"", ""timed_overlap"": 2, ""column_overlap"": 2}, {""word"": ""Thereupon"", ""timed_overlap"": 2, ""column_overlap"": 2}, {""word"": ""angrily"", ""timed_overlap"": 2, ""column_overlap"": 2}, {""word"": ""Jesse"", ""timed_overlap"": 1, ""column_overlap"": 3}]",completed,99,99,0
500,426,neural,1,be,HAS,100,100,100,True,2,3,2,3,2,119,"[{""word"": ""HAS"", ""timed_overlap"": 2, ""column_overlap"": 3}, {""word"": ""be"", ""timed_overlap"": 2, ""column_overlap"": 3}, {""word"": ""things"", ""timed_overlap"": 2, ""column_overlap"": 2}, {""word"": ""finish"", ""timed_overlap"": 2, ""column_overlap"": 2}, {""word"": ""require"", ""timed_overlap"": 2, ""column_overlap"": 2}]",completed,73,10,0
500,426,neural,2,snubbed,Oh,100,100,100,True,2,2,0,0,,71,"[{""word"": ""Oh"", ""timed_overlap"": 2, ""column_overlap"": 2}, {""word"": ""snowshoeing"", ""timed_overlap"": 2, ""column_overlap"": 2}, {""word"": ""wo"", ""timed_overlap"": 1, ""column_overlap"": 3}, {""word"": ""agreement"", ""timed_overlap"": 1, ""column_overlap"": 2}, {""word"": ""Souchong"", ""timed_overlap"": 1, ""column_overlap"": 2}]",completed,100,100,0
500,426,neural,3,at,stern-sheets,98,98,98,True,2,3,0,0,,92,"[{""word"": ""stern-sheets"", ""timed_overlap"": 2, ""column_overlap"": 3}, {""word"": ""Bowser"", ""timed_overlap"": 2, ""column_overlap"": 2}, {""word"": ""might"", ""timed_overlap"": 2, ""column_overlap"": 2}, {""word"": ""probably"", ""timed_overlap"": 1, ""column_overlap"": 3}, {""word"": ""exactly"", ""timed_overlap"": 1, ""column_overlap"": 3}]",completed,100,100,0
500,426,neural,4,all,tongue,98,98,98,True,3,3,0,0,,109,"[{""word"": ""tongue"", ""timed_overlap"": 3, ""column_overlap"": 3}, {""word"": ""Magyars"", ""timed_overlap"": 2, ""column_overlap"": 2}, {""word"": ""Bumble"", ""timed_overlap"": 2, ""column_overlap"": 2}, {""word"": ""check"", ""timed_overlap"": 1, ""column_overlap"": 3}, {""word"": ""Folk"", ""timed_overlap"": 1, ""column_overlap"": 3}]",completed,98,98,0
500,427,neural,1,Kenneth,Kenneth,100,100,100,True,2,3,2,3,1,114,"[{""word"": ""Kenneth"", ""timed_overlap"": 2, ""column_overlap"": 3}, {""word"": ""heart"", ""timed_overlap"": 2, ""column_overlap"": 2}, {""word"": ""Hannah"", ""timed_overlap"": 2, ""column_overlap"": 2}, {""word"": ""terrified"", ""timed_overlap"": 2, ""column_overlap"": 2}, {""word"": ""place"", ""timed_overlap"": 2, ""column_overlap"": 2}]",completed,73,10,0
500,427,neural,2,'s,spur,99,99,99,True,2,3,0,0,,96,"[{""word"": ""spur"", ""timed_overlap"": 2, ""column_overlap"": 3}, {""word"": ""frog"", ""timed_overlap"": 2, ""column_overlap"": 2}, {""word"": ""want"", ""timed_overlap"": 2, ""column_overlap"": 2}, {""word"": ""kind"", ""timed_overlap"": 2, ""column_overlap"": 2}, {""word"": ""run"", ""timed_overlap"": 2, ""column_overlap"": 2}]",completed,100,100,0
500,427,neural,3,seeking,puzzling,100,100,100,True,2,2,0,0,,103,"[{""word"": ""puzzling"", ""timed_overlap"": 2, ""column_overlap"": 2}, {""word"": ""comfortingly"", ""timed_overlap"": 1, ""column_overlap"": 4}, {""word"": ""will"", ""timed_overlap"": 1, ""column_overlap"": 4}, {""word"": ""Before"", ""timed_overlap"": 1, ""column_overlap"": 3}, {""word"": ""large"", ""timed_overlap"": 1, ""column_overlap"": 3}]",completed,99,99,0
500,427,neural,4,eyes,ogress,98,98,98,True,2,2,0,0,,90,"[{""word"": ""ogress"", ""timed_overlap"": 2, ""column_overlap"": 2}, {""word"": ""Messua"", ""timed_overlap"": 2, ""column_overlap"": 2}, {""word"": ""resent"", ""timed_overlap"": 1, ""column_overlap"": 3}, {""word"": ""-LCB-"", ""timed_overlap"": 1, ""column_overlap"": 3}, {""word"": ""away"", ""timed_overlap"": 1, ""column_overlap"": 3}]",completed,100,100,0
500,428,neural,1,FINE,elder,98,98,98,True,3,3,1,1,90,134,"[{""word"": ""elder"", ""timed_overlap"": 3, ""column_overlap"": 3}, {""word"": ""Cecily"", ""timed_overlap"": 2, ""column_overlap"": 4}, {""word"": ""staring"", ""timed_overlap"": 2, ""column_overlap"": 3}, {""word"": ""east"", ""timed_overlap"": 2, ""column_overlap"": 2}, {""word"": ""month"", ""timed_overlap"": 2, ""column_overlap"": 2}]",completed,73,10,0
500,428,neural,2,COAT,swears,100,100,100,True,2,3,0,0,,76,"[{""word"": ""swears"", ""timed_overlap"": 2, ""column_overlap"": 3}, {""word"": ""Meanwhile"", ""timed_overlap"": 2, ""column_overlap"": 2}, {""word"": ""Christ-child"", ""timed_overlap"": 1, ""column_overlap"": 3}, {""word"": ""Chuck"", ""timed_overlap"": 1, ""column_overlap"": 3}, {""word"": ""trying"", ""timed_overlap"": 1, ""column_overlap"": 3}]",completed,98,98,0
500,428,neural,3,Sammy,noticed,99,99,99,True,2,3,0,0,,87,"[{""word"": ""noticed"", ""timed_overlap"": 2, ""column_overlap"": 3}, {""word"": ""Kim"", ""timed_overlap"": 2, ""column_overlap"": 3}, {""word"": ""frivolous"", ""timed_overlap"": 2, ""column_overlap"": 2}, {""word"": ""sadly"", ""timed_overlap"": 2, ""column_overlap"": 2}, {""word"": ""when"", ""timed_overlap"": 1, ""column_overlap"": 3}]",completed,100,100,0
500,428,neural,4,Jay,sure,98,98,98,True,2,4,0,0,,102,"[{""word"": ""sure"", ""timed_overlap"": 2, ""column_overlap"": 4}, {""word"": ""guess"", ""timed_overlap"": 2, ""column_overlap"": 2}, {""word"": ""herself"", ""timed_overlap"": 1, ""column_overlap"": 4}, {""word"": ""kind"", ""timed_overlap"": 1, ""column_overlap"": 3}, {""word"": ""just"", ""timed_overlap"": 1, ""column_overlap"": 3}]",completed,99,99,0
500,429,neural,1,",",carriage,100,100,100,True,2,3,1,1,108,143,"[{""word"": ""carriage"", ""timed_overlap"": 2, ""column_overlap"": 3}, {""word"": ""foremost"", ""timed_overlap"": 2, ""column_overlap"": 3}, {""word"": ""boys"", ""timed_overlap"": 2, ""column_overlap"": 3}, {""word"": ""worse"", ""timed_overlap"": 2, ""column_overlap"": 2}, {""word"": ""golden"", ""timed_overlap"": 1, ""column_overlap"": 4}]",completed,91,10,0
500,429,neural,2,then,value,99,99,99,True,2,2,0,0,,78,"[{""word"": ""value"", ""timed_overlap"": 2, ""column_overlap"": 2}, {""word"": ""require"", ""timed_overlap"": 1, ""column_overlap"": 3}, {""word"": ""As"", ""timed_overlap"": 1, ""column_overlap"": 2}, {""word"": ""ended"", ""timed_overlap"": 1, ""column_overlap"": 2}, {""word"": ""treat"", ""timed_overlap"": 1, ""column_overlap"": 2}]",completed,100,100,0
500,429,neural,3,a,sailor,99,99,99,True,3,3,0,0,,106,"[{""word"": ""sailor"", ""timed_overlap"": 3, ""column_overlap"": 3}, {""word"": ""upon"", ""timed_overlap"": 2, ""column_overlap"": 2}, {""word"": ""chop"", ""timed_overlap"": 2, ""column_overlap"": 2}, {""word"": ""Johnny"", ""timed_overlap"": 2, ""column_overlap"": 2}, {""word"": ""mistress"", ""timed_overlap"": 1, ""column_overlap"": 3}]",completed,99,99,0
500,429,neural,4,tiny,girl,99,99,99,True,2,3,0,0,,118,"[{""word"": ""girl"", ""timed_overlap"": 2, ""column_overlap"": 3}, {""word"": ""Williamson"", ""timed_overlap"": 2, ""column_overlap"": 3}, {""word"": ""hair"", ""timed_overlap"": 2, ""column_overlap"": 2}, {""word"": ""tickled"", ""timed_overlap"": 2, ""column_overlap"": 2}, {""word"": ""Skunk"", ""timed_overlap"": 2, ""column_overlap"": 2}]",completed,99,99,0
500,430,neural,1,he,said,100,100,100,True,3,3,0,0,,115,"[{""word"": ""said"", ""timed_overlap"": 3, ""column_overlap"": 3}, {""word"": ""golden"", ""timed_overlap"": 2, ""column_overlap"": 3}, {""word"": ""pump"", ""timed_overlap"": 2, ""column_overlap"": 3}, {""word"": ""care"", ""timed_overlap"": 2, ""column_overlap"": 3}, {""word"": ""without"", ""timed_overlap"": 2, ""column_overlap"": 3}]",completed,73,10,0
500,430,neural,2,cried,headpiece,100,100,100,True,1,3,0,0,,69,"[{""word"": ""headpiece"", ""timed_overlap"": 1, ""column_overlap"": 3}, {""word"": ""elapsed"", ""timed_overlap"": 1, ""column_overlap"": 3}, {""word"": ""Bumble"", ""timed_overlap"": 1, ""column_overlap"": 3}, {""word"": ""scene"", ""timed_overlap"": 1, ""column_overlap"": 2}, {""word"": ""Up"", ""timed_overlap"": 1, ""column_overlap"": 2}]",completed,100,100,0
500,430,neural,3,",",mother,98,98,98,True,2,2,0,0,,80,"[{""word"": ""mother"", ""timed_overlap"": 2, ""column_overlap"": 2}, {""word"": ""Old"", ""timed_overlap"": 1, ""column_overlap"": 3}, {""word"": ""herring"", ""timed_overlap"": 1, ""column_overlap"": 3}, {""word"": ""beauty"", ""timed_overlap"": 1, ""column_overlap"": 3}, {""word"": ""deep"", ""timed_overlap"": 1, ""column_overlap"": 3}]",completed,100,100,0
500,430,neural,4,',Wildrose,100,100,100,True,2,3,0,0,,99,"[{""word"": ""Wildrose"", ""timed_overlap"": 2, ""column_overlap"": 3}, {""word"": ""six"", ""timed_overlap"": 2, ""column_overlap"": 3}, {""word"": ""one"", ""timed_overlap"": 2, ""column_overlap"": 2}, {""word"": ""even"", ""timed_overlap"": 1, ""column_overlap"": 3}, {""word"": ""praised"", ""timed_overlap"": 1, ""column_overlap"": 3}]",completed,98,98,0
500,431,neural,1,whose,he,100,100,100,True,2,2,0,0,,121,"[{""word"": ""he"", ""timed_overlap"": 2, ""column_overlap"": 2}, {""word"": ""''"", ""timed_overlap"": 2, ""column_overlap"": 2}, {""word"": ""inches"", ""timed_overlap"": 1, ""column_overlap"": 4}, {""word"": ""those"", ""timed_overlap"": 1, ""column_overlap"": 4}, {""word"": ""God"", ""timed_overlap"": 1, ""column_overlap"": 3}]",completed,91,10,0
500,431,neural,2,birthday,said,99,99,99,True,2,2,0,0,,91,"[{""word"": ""said"", ""timed_overlap"": 2, ""column_overlap"": 2}, {""word"": ""for"", ""timed_overlap"": 2, ""column_overlap"": 2}, {""word"": ""immensely"", ""timed_overlap"": 2, ""column_overlap"": 2}, {""word"": ""Obey"", ""timed_overlap"": 1, ""column_overlap"": 4}, {""word"": ""most"", ""timed_overlap"": 1, ""column_overlap"": 3}]",completed,100,100,0
500,431,neural,3,we,border,99,99,99,True,2,2,0,0,,118,"[{""word"": ""border"", ""timed_overlap"": 2, ""column_overlap"": 2}, {""word"": ""tell"", ""timed_overlap"": 2, ""column_overlap"": 2}, {""word"": ""WATCH"", ""timed_overlap"": 2, ""column_overlap"": 2}, {""word"": ""-RSB-"", ""timed_overlap"": 2, ""column_overlap"": 2}, {""word"": ""jealousy"", ""timed_overlap"": 1, ""column_overlap"": 3}]",completed,99,99,0
500,431,neural,4,are,Quicksilver,100,100,100,True,2,2,0,0,,92,"[{""word"": ""Quicksilver"", ""timed_overlap"": 2, ""column_overlap"": 2}, {""word"": ""newspapers"", ""timed_overlap"": 2, ""column_overlap"": 2}, {""word"": "":"", ""timed_overlap"": 2, ""column_overlap"": 2}, {""word"": ""glided"", ""timed_overlap"": 1, ""column_overlap"": 3}, {""word"": ""One"", ""timed_overlap"": 1, ""column_overlap"": 3}]",completed,99,99,0
500,432,neural,1,so,talented,98,98,98,True,3,4,0,0,,147,"[{""word"": ""talented"", ""timed_overlap"": 3, ""column_overlap"": 4}, {""word"": ""Sometimes"", ""timed_overlap"": 2, ""column_overlap"": 3}, {""word"": ""finish"", ""timed_overlap"": 2, ""column_overlap"": 3}, {""word"": ""settle"", ""timed_overlap"": 2, ""column_overlap"": 3}, {""word"": ""hot"", ""timed_overlap"": 2, ""column_overlap"": 3}]",completed,55,10,0
500,432,neural,2,much,moment,100,100,100,True,1,2,0,0,,67,"[{""word"": ""moment"", ""timed_overlap"": 1, ""column_overlap"": 2}, {""word"": ""?"", ""timed_overlap"": 1, ""column_overlap"": 2}, {""word"": ""lean"", ""timed_overlap"": 1, ""column_overlap"": 2}, {""word"": ""veil"", ""timed_overlap"": 1, ""column_overlap"": 2}, {""word"": ""wheeled"", ""timed_overlap"": 1, ""column_overlap"": 2}]",completed,98,98,0
500,432,neural,3,more,palace,100,100,100,True,2,3,0,0,,96,"[{""word"": ""palace"", ""timed_overlap"": 2, ""column_overlap"": 3}, {""word"": ""preferred"", ""timed_overlap"": 2, ""column_overlap"": 2}, {""word"": ""Anzacs"", ""timed_overlap"": 1, ""column_overlap"": 3}, {""word"": ""trying"", ""timed_overlap"": 1, ""column_overlap"": 3}, {""word"": ""tells"", ""timed_overlap"": 1, ""column_overlap"": 3}]",completed,100,100,0
500,432,neural,4,than,Up,99,99,99,True,2,2,0,0,,113,"[{""word"": ""Up"", ""timed_overlap"": 2, ""column_overlap"": 2}, {""word"": ""Truly"", ""timed_overlap"": 1, ""column_overlap"": 3}, {""word"": ""rest"", ""timed_overlap"": 1, ""column_overlap"": 3}, {""word"": ""arrived"", ""timed_overlap"": 1, ""column_overlap"": 3}, {""word"": ""reply"", ""timed_overlap"": 1, ""column_overlap"": 3}]",completed,100,100,0
500,433,neural,1,with,bright,99,99,99,True,2,4,1,1,80,118,"[{""word"": ""bright"", ""timed_overlap"": 2, ""column_overlap"": 4}, {""word"": ""morning"", ""timed_overlap"": 2, ""column_overlap"": 3}, {""word"": ""reply"", ""timed_overlap"": 2, ""column_overlap"": 3}, {""word"": ""Jumping"", ""timed_overlap"": 2, ""column_overlap"": 3}, {""word"": ""dragon"", ""timed_overlap"": 2, ""column_overlap"": 2}]",completed,82,10,0
500,433,neural,2,a,recovered,99,99,99,True,2,3,0,0,,104,"[{""word"": ""recovered"", ""timed_overlap"": 2, ""column_overlap"": 3}, {""word"": ""Lung"", ""timed_overlap"": 2, ""column_overlap"": 3}, {""word"": ""eyes"", ""timed_overlap"": 2, ""column_overlap"": 3}, {""word"": ""ground"", ""timed_overlap"": 2, ""column_overlap"": 2}, {""word"": ""tale"", ""timed_overlap"": 1, ""column_overlap"": 4}]",completed,99,99,0
500,433,neural,3,sigh,Worth,99,99,99,True,2,2,0,0,,93,"[{""word"": ""Worth"", ""timed_overlap"": 2, ""column_overlap"": 2}, {""word"": ""dinner"", ""timed_overlap"": 2, ""column_overlap"": 2}, {""word"": ""servants"", ""timed_overlap"": 2, ""column_overlap"": 2}, {""word"": ""ambitions"", ""timed_overlap"": 1, ""column_overlap"": 3}, {""word"": ""oranges"", ""timed_overlap"": 1, ""column_overlap"": 3}]",completed,99,99,0
500,433,neural,4,and,my,95,95,95,True,2,2,0,0,,80,"[{""word"": ""my"", ""timed_overlap"": 2, ""column_overlap"": 2}, {""word"": ""sipping"", ""timed_overlap"": 1, ""column_overlap"": 4}, {""word"": ""sensible"", ""timed_overlap"": 1, ""column_overlap"": 3}, {""word"": ""task"", ""timed_overlap"": 1, ""column_overlap"": 3}, {""word"": ""Play"", ""timed_overlap"": 1, ""column_overlap"": 3}]",completed,99,99,0
500,434,neural,1,and,pet,98,98,98,True,2,3,1,3,29,144,"[{""word"": ""pet"", ""timed_overlap"": 2, ""column_overlap"": 3}, {""word"": ""Inspiration"", ""timed_overlap"": 2, ""column_overlap"": 3}, {""word"": ""remembering"", ""timed_overlap"": 2, ""column_overlap"": 2}, {""word"": ""slaves"", ""timed_overlap"": 2, ""column_overlap"": 2}, {""word"": ""knew"", ""timed_overlap"": 2, ""column_overlap"": 2}]",completed,64,10,0
500,434,neural,2,late,First,100,100,100,True,2,2,0,0,,123,"[{""word"": ""First"", ""timed_overlap"": 2, ""column_overlap"": 2}, {""word"": ""Amy"", ""timed_overlap"": 2, ""column_overlap"": 2}, {""word"": ""remarked"", ""timed_overlap"": 1, ""column_overlap"": 4}, {""word"": ""broad"", ""timed_overlap"": 1, ""column_overlap"": 3}, {""word"": ""1715"", ""timed_overlap"": 1, ""column_overlap"": 3}]",completed,98,98,0
500,434,neural,3,into,faithfully,99,99,99,True,2,4,0,0,,98,"[{""word"": ""faithfully"", ""timed_overlap"": 2, ""column_overlap"": 4}, {""word"": ""exactly"", ""timed_overlap"": 2, ""column_overlap"": 3}, {""word"": ""bookcase"", ""timed_overlap"": 2, ""column_overlap"": 3}, {""word"": ""church"", ""timed_overlap"": 2, ""column_overlap"": 2}, {""word"": ""XV"", ""timed_overlap"": 2, ""column_overlap"": 2}]",completed,100,100,0
500,434,neural,4,the,Proscribed,99,99,99,True,2,2,0,0,,100,"[{""word"": ""Proscribed"", ""timed_overlap"": 2, ""column_overlap"": 2}, {""word"": ""feet"", ""timed_overlap"": 2, ""column_overlap"": 2}, {""word"": ""terrified"", ""timed_overlap"": 1, ""column_overlap"": 3}, {""word"": ""bewildered"", ""timed_overlap"": 1, ""column_overlap"": 3}, {""word"": ""strong"", ""timed_overlap"": 1, ""column_overlap"": 3}]",completed,99,99,0
500,435,neural,1,this,spear,95,95,95,True,2,5,1,3,11,143,"[{""word"": ""spear"", ""timed_overlap"": 2, ""column_overlap"": 5}, {""word"": ""evangelist"", ""timed_overlap"": 2, ""column_overlap"": 2}, {""word"": ""God"", ""timed_overlap"": 2, ""column_overlap"": 2}, {""word"": ""killed"", ""timed_overlap"": 1, ""column_overlap"": 4}, {""word"": ""wrongs"", ""timed_overlap"": 1, ""column_overlap"": 4}]",completed,73,10,0
500,435,neural,2,way,now,99,99,99,True,1,3,0,0,,102,"[{""word"": ""now"", ""timed_overlap"": 1, ""column_overlap"": 3}, {""word"": ""caress"", ""timed_overlap"": 1, ""column_overlap"": 3}, {""word"": ""of"", ""timed_overlap"": 1, ""column_overlap"": 2}, {""word"": ""never"", ""timed_overlap"": 1, ""column_overlap"": 2}, {""word"": ""at"", ""timed_overlap"": 1, ""column_overlap"": 2}]",completed,95,95,0
500,435,neural,3,about,till,96,96,96,True,2,2,0,0,,103,"[{""word"": ""till"", ""timed_overlap"": 2, ""column_overlap"": 2}, {""word"": ""sort"", ""timed_overlap"": 2, ""column_overlap"": 2}, {""word"": ""fell"", ""timed_overlap"": 1, ""column_overlap"": 3}, {""word"": ""Chuck"", ""timed_overlap"": 1, ""column_overlap"": 3}, {""word"": ""tittered"", ""timed_overlap"": 1, ""column_overlap"": 3}]",completed,99,99,0
500,435,neural,4,it,evening,97,97,97,True,2,3,0,0,,102,"[{""word"": ""evening"", ""timed_overlap"": 2, ""column_overlap"": 3}, {""word"": ""Lawful"", ""timed_overlap"": 1, ""column_overlap"": 3}, {""word"": ""ONCE"", ""timed_overlap"": 1, ""column_overlap"": 3}, {""word"": ""PERCINET"", ""timed_overlap"": 1, ""column_overlap"": 3}, {""word"": ""enough"", ""timed_overlap"": 1, ""column_overlap"": 3}]",completed,96,96,0
500,436,neural,1,Glen,Jem,100,100,100,True,2,2,0,0,,109,"[{""word"": ""Jem"", ""timed_overlap"": 2, ""column_overlap"": 2}, {""word"": ""Sammy"", ""timed_overlap"": 2, ""column_overlap"": 2}, {""word"": ""hive"", ""timed_overlap"": 2, ""column_overlap"": 2}, {""word"": ""lest"", ""timed_overlap"": 1, ""column_overlap"": 4}, {""word"": ""began"", ""timed_overlap"": 1, ""column_overlap"": 3}]",completed,82,10,0
500,436,neural,2,village,green,99,99,99,True,2,2,0,0,,100,"[{""word"": ""green"", ""timed_overlap"": 2, ""column_overlap"": 2}, {""word"": ""Blythe"", ""timed_overlap"": 2, ""column_overlap"": 2}, {""word"": ""Laurie"", ""timed_overlap"": 2, ""column_overlap"": 2}, {""word"": ""her"", ""timed_overlap"": 1, ""column_overlap"": 4}, {""word"": ""Ripple"", ""timed_overlap"": 1, ""column_overlap"": 4}]",completed,100,100,0
500,436,neural,3,and,speak,98,98,98,True,3,3,0,0,,95,"[{""word"": ""speak"", ""timed_overlap"": 3, ""column_overlap"": 3}, {""word"": ""misty"", ""timed_overlap"": 2, ""column_overlap"": 3}, {""word"": ""started"", ""timed_overlap"": 2, ""column_overlap"": 2}, {""word"": ""Kim"", ""timed_overlap"": 1, ""column_overlap"": 6}, {""word"": ""brought"", ""timed_overlap"": 1, ""column_overlap"": 4}]",completed,99,99,0
500,436,neural,4,played,Thus,100,100,100,True,2,2,0,0,,105,"[{""word"": ""Thus"", ""timed_overlap"": 2, ""column_overlap"": 2}, {""word"": ""still"", ""timed_overlap"": 2, ""column_overlap"": 2}, {""word"": ""Quicksilver"", ""timed_overlap"": 2, ""column_overlap"": 2}, {""word"": ""put"", ""timed_overlap"": 1, ""column_overlap"": 3}, {""word"": ""disagreeable"", ""timed_overlap"": 1, ""column_overlap"": 3}]",completed,98,98,0
500,437,neural,1,eyes,Miss,98,98,98,True,2,4,1,2,48,114,"[{""word"": ""Miss"", ""timed_overlap"": 2, ""column_overlap"": 4}, {""word"": ""Look"", ""timed_overlap"": 2, ""column_overlap"": 3}, {""word"": ""turning"", ""timed_overlap"": 2, ""column_overlap"": 3}, {""word"": ""pay"", ""timed_overlap"": 2, ""column_overlap"": 3}, {""word"": ""gone"", ""timed_overlap"": 2, ""column_overlap"": 2}]",completed,82,10,0
500,437,neural,2,and,!,100,100,100,True,2,2,0,0,,125,"[{""word"": ""!"", ""timed_overlap"": 2, ""column_overlap"": 2}, {""word"": ""wrote"", ""timed_overlap"": 2, ""column_overlap"": 2}, {""word"": ""From"", ""timed_overlap"": 1, ""column_overlap"": 5}, {""word"": ""Just"", ""timed_overlap"": 1, ""column_overlap"": 3}, {""word"": ""with"", ""timed_overlap"": 1, ""column_overlap"": 3}]",completed,98,98,0
500,437,neural,3,looked,whitest,99,99,99,True,2,2,0,0,,96,"[{""word"": ""whitest"", ""timed_overlap"": 2, ""column_overlap"": 2}, {""word"": ""rock"", ""timed_overlap"": 2, ""column_overlap"": 2}, {""word"": ""received"", ""timed_overlap"": 2, ""column_overlap"": 2}, {""word"": ""birthday"", ""timed_overlap"": 2, ""column_overlap"": 2}, {""word"": ""words"", ""timed_overlap"": 1, ""column_overlap"": 4}]",completed,100,100,0
500,437,neural,4,at,growled,100,100,100,True,2,2,0,0,,119,"[{""word"": ""growled"", ""timed_overlap"": 2, ""column_overlap"": 2}, {""word"": ""Matthew"", ""timed_overlap"": 2, ""column_overlap"": 2}, {""word"": ""demons"", ""timed_overlap"": 2, ""column_overlap"": 2}, {""word"": ""talked"", ""timed_overlap"": 1, ""column_overlap"": 3}, {""word"": ""against"", ""timed_overlap"": 1, ""column_overlap"": 3}]",completed,99,99,0
500,438,neural,1,be,be,100,100,100,True,2,3,2,3,1,78,"[{""word"": ""be"", ""timed_overlap"": 2, ""column_overlap"": 3}, {""word"": ""Fellow"", ""timed_overlap"": 1, ""column_overlap"": 3}, {""word"": ""hour"", ""timed_overlap"": 1, ""column_overlap"": 3}, {""word"": ""Bessy"", ""timed_overlap"": 1, ""column_overlap"": 3}, {""word"": ""agreement"", ""timed_overlap"": 1, ""column_overlap"": 3}]",completed,64,10,0
500,438,neural,2,David,Sir,100,100,100,True,2,4,0,0,,96,"[{""word"": ""Sir"", ""timed_overlap"": 2, ""column_overlap"": 4}, {""word"": ""Douglas"", ""timed_overlap"": 2, ""column_overlap"": 4}, {""word"": ""Leslie"", ""timed_overlap"": 2, ""column_overlap"": 3}, {""word"": ""Skunk"", ""timed_overlap"": 2, ""column_overlap"": 2}, {""word"": ""a"", ""timed_overlap"": 1, ""column_overlap"": 3}]",completed,100,100,0
500,438,neural,3,that,whitest,100,100,100,True,2,3,0,0,,98,"[{""word"": ""whitest"", ""timed_overlap"": 2, ""column_overlap"": 3}, {""word"": ""Mrs."", ""timed_overlap"": 2, ""column_overlap"": 2}, {""word"": ""furious"", ""timed_overlap"": 2, ""column_overlap"": 2}, {""word"": ""snubbed"", ""timed_overlap"": 2, ""column_overlap"": 2}, {""word"": ""Felicity"", ""timed_overlap"": 2, ""column_overlap"": 2}]",completed,100,100,0
500,438,neural,4,tells,XXIII,98,98,98,True,2,3,0,0,,104,"[{""word"": ""XXIII"", ""timed_overlap"": 2, ""column_overlap"": 3}, {""word"": ""tree"", ""timed_overlap"": 2, ""column_overlap"": 2}, {""word"": ""Bull"", ""timed_overlap"": 2, ""column_overlap"": 2}, {""word"": ""village"", ""timed_overlap"": 2, ""column_overlap"": 2}, {""word"": ""lady"", ""timed_overlap"": 2, ""column_overlap"": 2}]",completed,100,100,0
500,439,neural,1,BILLY,now,100,100,100,True,3,3,0,0,,126,"[{""word"": ""now"", ""timed_overlap"": 3, ""column_overlap"": 3}, {""word"": ""Jed"", ""timed_overlap"": 2, ""column_overlap"": 3}, {""word"": ""Johnny"", ""timed_overlap"": 2, ""column_overlap"": 3}, {""word"": ""maiden"", ""timed_overlap"": 2, ""column_overlap"": 3}, {""word"": ""command"", ""timed_overlap"": 2, ""column_overlap"": 2}]",completed,64,10,0
500,439,neural,2,POSSUM,'d,99,99,99,True,2,3,0,0,,82,"[{""word"": ""'d"", ""timed_overlap"": 2, ""column_overlap"": 3}, {""word"": ""thanked"", ""timed_overlap"": 2, ""column_overlap"": 2}, {""word"": ""Grange"", ""timed_overlap"": 2, ""column_overlap"": 2}, {""word"": ""servant"", ""timed_overlap"": 1, ""column_overlap"": 3}, {""word"": ""Taffy"", ""timed_overlap"": 1, ""column_overlap"": 3}]",completed,100,100,0
500,439,neural,3,KEEP,snowshoeing,99,99,99,True,3,3,0,0,,84,"[{""word"": ""snowshoeing"", ""timed_overlap"": 3, ""column_overlap"": 3}, {""word"": ""bait"", ""timed_overlap"": 2, ""column_overlap"": 2}, {""word"": ""Felicity"", ""timed_overlap"": 2, ""column_overlap"": 2}, {""word"": ""That"", ""timed_overlap"": 2, ""column_overlap"": 2}, {""word"": ""recalled"", ""timed_overlap"": 1, ""column_overlap"": 4}]",completed,99,99,0
500,439,neural,4,WATCH,moment,97,97,97,True,2,2,1,2,35,140,"[{""word"": ""moment"", ""timed_overlap"": 2, ""column_overlap"": 2}, {""word"": ""twinkle"", ""timed_overlap"": 2, ""column_overlap"": 2}, {""word"": ""hope"", ""timed_overlap"": 1, ""column_overlap"": 3}, {""word"": ""There"", ""timed_overlap"": 1, ""column_overlap"": 3}, {""word"": ""took"", ""timed_overlap"": 1, ""column_overlap"": 3}]",completed,99,99,0
500,440,neural,1,master,Hugh,96,96,96,True,2,4,0,0,,143,"[{""word"": ""Hugh"", ""timed_overlap"": 2, ""column_overlap"": 4}, {""word"": ""?"", ""timed_overlap"": 2, ""column_overlap"": 4}, {""word"": ""killed"", ""timed_overlap"": 2, ""column_overlap"": 3}, {""word"": ""romantic"", ""timed_overlap"": 2, ""column_overlap"": 3}, {""word"": ""danced"", ""timed_overlap"": 2, ""column_overlap"": 3}]",completed,73,10,0
500,440,neural,2,and,thief,99,99,99,True,2,2,0,0,,118,"[{""word"": ""thief"", ""timed_overlap"": 2, ""column_overlap"": 2}, {""word"": ""eye"", ""timed_overlap"": 1, ""column_overlap"": 4}, {""word"": ""early"", ""timed_overlap"": 1, ""column_overlap"": 4}, {""word"": ""Darkness"", ""timed_overlap"": 1, ""column_overlap"": 3}, {""word"": ""Sara"", ""timed_overlap"": 1, ""column_overlap"": 3}]",completed,96,96,0
500,440,neural,3,mistress,say,95,95,95,True,2,3,0,0,,118,"[{""word"": ""say"", ""timed_overlap"": 2, ""column_overlap"": 3}, {""word"": ""bluntly"", ""timed_overlap"": 2, ""column_overlap"": 2}, {""word"": ""night"", ""timed_overlap"": 2, ""column_overlap"": 2}, {""word"": ""snow"", ""timed_overlap"": 2, ""column_overlap"": 2}, {""word"": ""Tegumai"", ""timed_overlap"": 2, ""column_overlap"": 2}]",completed,99,99,0
500,440,neural,4,?,minutes,97,97,97,True,2,3,0,0,,107,"[{""word"": ""minutes"", ""timed_overlap"": 2, ""column_overlap"": 3}, {""word"": ""hopes"", ""timed_overlap"": 2, ""column_overlap"": 2}, {""word"": ""present"", ""timed_overlap"": 2, ""column_overlap"": 2}, {""word"": ""distance"", ""timed_overlap"": 2, ""column_overlap"": 2}, {""word"": ""Over"", ""timed_overlap"": 2, ""column_overlap"": 2}]",completed,95,95,0
500,441,neural,1,afford,approve,99,99,99,True,2,4,1,2,44,121,"[{""word"": ""approve"", ""timed_overlap"": 2, ""column_overlap"": 4}, {""word"": ""went"", ""timed_overlap"": 2, ""column_overlap"": 3}, {""word"": ""departs"", ""timed_overlap"": 2, ""column_overlap"": 3}, {""word"": ""reply"", ""timed_overlap"": 2, ""column_overlap"": 2}, {""word"": ""turns"", ""timed_overlap"": 1, ""column_overlap"": 3}]",completed,91,10,0
500,441,neural,2,a,Bassett,100,100,100,True,2,3,0,0,,131,"[{""word"": ""Bassett"", ""timed_overlap"": 2, ""column_overlap"": 3}, {""word"": ""ceased"", ""timed_overlap"": 2, ""column_overlap"": 3}, {""word"": ""AND"", ""timed_overlap"": 2, ""column_overlap"": 2}, {""word"": ""doubly"", ""timed_overlap"": 2, ""column_overlap"": 2}, {""word"": ""intended"", ""timed_overlap"": 1, ""column_overlap"": 3}]",completed,99,99,0
500,441,neural,3,new,COAT,100,100,100,True,3,3,0,0,,91,"[{""word"": ""COAT"", ""timed_overlap"": 3, ""column_overlap"": 3}, {""word"": ""Mollie"", ""timed_overlap"": 2, ""column_overlap"": 3}, {""word"": ""Cecily"", ""timed_overlap"": 2, ""column_overlap"": 2}, {""word"": ""Tumultuous"", ""timed_overlap"": 1, ""column_overlap"": 3}, {""word"": ""pen"", ""timed_overlap"": 1, ""column_overlap"": 3}]",completed,100,100,0
500,441,neural,4,dress,trying,99,99,99,True,3,3,0,0,,102,"[{""word"": ""trying"", ""timed_overlap"": 3, ""column_overlap"": 3}, {""word"": ""ruther"", ""timed_overlap"": 3, ""column_overlap"": 3}, {""word"": ""Peerless"", ""timed_overlap"": 2, ""column_overlap"": 3}, {""word"": ""disagreeable"", ""timed_overlap"": 2, ""column_overlap"": 3}, {""word"": ""lay"", ""timed_overlap"": 2, ""column_overlap"": 2}]",completed,100,100,0
500,442,neural,1,hair,must,100,100,100,True,2,3,0,0,,85,"[{""word"": ""must"", ""timed_overlap"": 2, ""column_overlap"": 3}, {""word"": ""sentence"", ""timed_overlap"": 2, ""column_overlap"": 2}, {""word"": ""Matthew"", ""timed_overlap"": 2, ""column_overlap"": 2}, {""word"": ""certain"", ""timed_overlap"": 1, ""column_overlap"": 3}, {""word"": ""Felicity"", ""timed_overlap"": 1, ""column_overlap"": 3}]",completed,100,10,0
500,442,neural,2,stood,puzzling,98,98,98,True,2,2,0,0,,72,"[{""word"": ""puzzling"", ""timed_overlap"": 2, ""column_overlap"": 2}, {""word"": ""worse"", ""timed_overlap"": 1, ""column_overlap"": 3}, {""word"": ""PERCINET"", ""timed_overlap"": 1, ""column_overlap"": 3}, {""word"": ""has"", ""timed_overlap"": 1, ""column_overlap"": 3}, {""word"": ""Why"", ""timed_overlap"": 1, ""column_overlap"": 3}]",completed,100,100,0
500,442,neural,3,on,feel,98,98,98,True,2,2,0,0,,85,"[{""word"": ""feel"", ""timed_overlap"": 2, ""column_overlap"": 2}, {""word"": ""spur"", ""timed_overlap"": 1, ""column_overlap"": 3}, {""word"": ""others"", ""timed_overlap"": 1, ""column_overlap"": 3}, {""word"": ""under"", ""timed_overlap"": 1, ""column_overlap"": 3}, {""word"": ""'em"", ""timed_overlap"": 1, ""column_overlap"": 3}]",completed,98,98,0
500,442,neural,4,end,says,100,100,100,True,2,2,0,0,,104,"[{""word"": ""says"", ""timed_overlap"": 2, ""column_overlap"": 2}, {""word"": ""new"", ""timed_overlap"": 2, ""column_overlap"": 2}, {""word"": ""hearth"", ""timed_overlap"": 2, ""column_overlap"": 2}, {""word"": ""recalled"", ""timed_overlap"": 1, ""column_overlap"": 4}, {""word"": ""foremost"", ""timed_overlap"": 1, ""column_overlap"": 3}]",completed,98,98,0
500,443,neural,1,and,he,100,100,100,True,2,2,1,2,41,121,"[{""word"": ""he"", ""timed_overlap"": 2, ""column_overlap"": 2}, {""word"": ""''"", ""timed_overlap"": 2, ""column_overlap"": 2}, {""word"": ""inches"", ""timed_overlap"": 1, ""column_overlap"": 4}, {""word"": ""those"", ""timed_overlap"": 1, ""column_overlap"": 4}, {""word"": ""wind"", ""timed_overlap"": 1, ""column_overlap"": 3}]",completed,82,10,0
500,443,neural,2,asked,snowshoeing,100,100,100,True,2,2,0,0,,104,"[{""word"": ""snowshoeing"", ""timed_overlap"": 2, ""column_overlap"": 2}, {""word"": ""people"", ""timed_overlap"": 2, ""column_overlap"": 2}, {""word"": ""paw"", ""timed_overlap"": 2, ""column_overlap"": 2}, {""word"": ""dear"", ""timed_overlap"": 1, ""column_overlap"": 4}, {""word"": ""enchantress"", ""timed_overlap"": 1, ""column_overlap"": 3}]",completed,100,100,0
500,443,neural,3,where,name,100,100,100,True,2,3,0,0,,100,"[{""word"": ""name"", ""timed_overlap"": 2, ""column_overlap"": 3}, {""word"": ""fellow"", ""timed_overlap"": 2, ""column_overlap"": 3}, {""word"": ""hanging"", ""timed_overlap"": 2, ""column_overlap"": 2}, {""word"": ""but"", ""timed_overlap"": 2, ""column_overlap"": 2}, {""word"": ""Dacca"", ""timed_overlap"": 2, ""column_overlap"": 2}]",completed,100,100,0
500,443,neural,4,she,however,100,100,100,True,2,3,0,0,,103,"[{""word"": ""however"", ""timed_overlap"": 2, ""column_overlap"": 3}, {""word"": ""pleased"", ""timed_overlap"": 2, ""column_overlap"": 3}, {""word"": ""for"", ""timed_overlap"": 2, ""column_overlap"": 2}, {""word"": ""With"", ""timed_overlap"": 2, ""column_overlap"": 2}, {""word"": ""First"", ""timed_overlap"": 2, ""column_overlap"": 2}]",completed,100,100,0
500,444,neural,1,and,he,100,100,100,True,2,2,1,1,95,122,"[{""word"": ""he"", ""timed_overlap"": 2, ""column_overlap"": 2}, {""word"": ""Next"", ""timed_overlap"": 2, ""column_overlap"": 2}, {""word"": ""inches"", ""timed_overlap"": 1, ""column_overlap"": 4}, {""word"": ""Hippocrates"", ""timed_overlap"": 1, ""column_overlap"": 3}, {""word"": ""large"", ""timed_overlap"": 1, ""column_overlap"": 3}]",completed,82,10,0
500,444,neural,2,posted,dine,100,100,100,True,2,3,0,0,,102,"[{""word"": ""dine"", ""timed_overlap"": 2, ""column_overlap"": 3}, {""word"": ""Wendy"", ""timed_overlap"": 2, ""column_overlap"": 2}, {""word"": ""course"", ""timed_overlap"": 2, ""column_overlap"": 2}, {""word"": ""Billy"", ""timed_overlap"": 1, ""column_overlap"": 4}, {""word"": ""Behind"", ""timed_overlap"": 1, ""column_overlap"": 3}]",completed,100,100,0
500,444,neural,3,themselves,round,100,100,100,True,2,3,0,0,,94,"[{""word"": ""round"", ""timed_overlap"": 2, ""column_overlap"": 3}, {""word"": ""Very"", ""timed_overlap"": 2, ""column_overlap"": 3}, {""word"": ""III"", ""timed_overlap"": 2, ""column_overlap"": 3}, {""word"": ""Magyars"", ""timed_overlap"": 2, ""column_overlap"": 3}, {""word"": ""four"", ""timed_overlap"": 2, ""column_overlap"": 2}]",completed,100,100,0
500,444,neural,4,",",wonder,100,100,100,True,1,3,0,0,,101,"[{""word"": ""wonder"", ""timed_overlap"": 1, ""column_overlap"": 3}, {""word"": ""having"", ""timed_overlap"": 1, ""column_overlap"": 3}, {""word"": ""Fellow"", ""timed_overlap"": 1, ""column_overlap"": 3}, {""word"": ""knees"", ""timed_overlap"": 1, ""column_overlap"": 3}, {""word"": ""some"", ""timed_overlap"": 1, ""column_overlap"": 3}]",completed,100,100,0
500,445,neural,1,did,fire,100,100,100,True,2,3,0,0,,88,"[{""word"": ""fire"", ""timed_overlap"": 2, ""column_overlap"": 3}, {""word"": ""put"", ""timed_overlap"": 2, ""column_overlap"": 3}, {""word"": ""'m"", ""timed_overlap"": 2, ""column_overlap"": 2}, {""word"": ""thought"", ""timed_overlap"": 1, ""column_overlap"": 3}, {""word"": ""Darkness"", ""timed_overlap"": 1, ""column_overlap"": 3}]",completed,82,10,0
500,445,neural,2,so,worse,99,99,99,True,2,2,0,0,,74,"[{""word"": ""worse"", ""timed_overlap"": 2, ""column_overlap"": 2}, {""word"": ""Suddenly"", ""timed_overlap"": 1, ""column_overlap"": 3}, {""word"": ""dreams"", ""timed_overlap"": 1, ""column_overlap"": 3}, {""word"": ""enchantress"", ""timed_overlap"": 1, ""column_overlap"": 2}, {""word"": ""Herr"", ""timed_overlap"": 1, ""column_overlap"": 2}]",completed,100,100,0
500,445,neural,3,--,also,99,99,99,True,2,3,0,0,,122,"[{""word"": ""also"", ""timed_overlap"": 2, ""column_overlap"": 3}, {""word"": ""squishing"", ""timed_overlap"": 2, ""column_overlap"": 3}, {""word"": ""chop"", ""timed_overlap"": 2, ""column_overlap"": 2}, {""word"": ""deny"", ""timed_overlap"": 1, ""column_overlap"": 4}, {""word"": ""still"", ""timed_overlap"": 1, ""column_overlap"": 3}]",completed,99,99,0
500,445,neural,4,I,put,99,99,99,True,2,2,0,0,,114,"[{""word"": ""put"", ""timed_overlap"": 2, ""column_overlap"": 2}, {""word"": ""Up"", ""timed_overlap"": 2, ""column_overlap"": 2}, {""word"": ""blades"", ""timed_overlap"": 1, ""column_overlap"": 4}, {""word"": ""very"", ""timed_overlap"": 1, ""column_overlap"": 3}, {""word"": ""shook"", ""timed_overlap"": 1, ""column_overlap"": 3}]",completed,99,99,0
500,446,neural,1,lonesome,done,98,98,98,True,3,3,0,0,,116,"[{""word"": ""done"", ""timed_overlap"": 3, ""column_overlap"": 3}, {""word"": ""Magyars"", ""timed_overlap"": 2, ""column_overlap"": 3}, {""word"": ""Nobody"", ""timed_overlap"": 2, ""column_overlap"": 3}, {""word"": ""times"", ""timed_overlap"": 2, ""column_overlap"": 3}, {""word"": ""romantic"", ""timed_overlap"": 2, ""column_overlap"": 2}]",completed,73,10,0
500,446,neural,2,",",home,99,99,99,True,1,3,0,0,,80,"[{""word"": ""home"", ""timed_overlap"": 1, ""column_overlap"": 3}, {""word"": ""Miss"", ""timed_overlap"": 1, ""column_overlap"": 3}, {""word"": ""So"", ""timed_overlap"": 1, ""column_overlap"": 2}, {""word"": ""effect"", ""timed_overlap"": 1, ""column_overlap"": 2}, {""word"": ""return"", ""timed_overlap"": 1, ""column_overlap"": 2}]",completed,98,98,0
500,446,neural,3,'',six,100,100,100,True,2,4,0,0,,89,"[{""word"": ""six"", ""timed_overlap"": 2, ""column_overlap"": 4}, {""word"": ""appeal"", ""timed_overlap"": 2, ""column_overlap"": 2}, {""word"": ""now"", ""timed_overlap"": 2, ""column_overlap"": 2}, {""word"": ""dreams"", ""timed_overlap"": 1, ""column_overlap"": 3}, {""word"": ""Put"", ""timed_overlap"": 1, ""column_overlap"": 3}]",completed,99,99,0
500,446,neural,4,said,excuse,99,99,99,True,2,3,0,0,,109,"[{""word"": ""excuse"", ""timed_overlap"": 2, ""column_overlap"": 3}, {""word"": ""DO"", ""timed_overlap"": 2, ""column_overlap"": 2}, {""word"": ""gaily"", ""timed_overlap"": 1, ""column_overlap"": 4}, {""word"": ""kiss"", ""timed_overlap"": 1, ""column_overlap"": 2}, {""word"": ""tongue"", ""timed_overlap"": 1, ""column_overlap"": 2}]",completed,100,100,0
500,447,neural,1,see,mean,100,100,100,True,2,3,0,0,,84,"[{""word"": ""mean"", ""timed_overlap"": 2, ""column_overlap"": 3}, {""word"": ""begging"", ""timed_overlap"": 1, ""column_overlap"": 3}, {""word"": ""small"", ""timed_overlap"": 1, ""column_overlap"": 2}, {""word"": ""finish"", ""timed_overlap"": 1, ""column_overlap"": 2}, {""word"": ""needle"", ""timed_overlap"": 1, ""column_overlap"": 2}]",completed,91,10,0
500,447,neural,2,you,glad,100,100,100,True,2,2,0,0,,66,"[{""word"": ""glad"", ""timed_overlap"": 2, ""column_overlap"": 2}, {""word"": ""six"", ""timed_overlap"": 2, ""column_overlap"": 2}, {""word"": ""around"", ""timed_overlap"": 1, ""column_overlap"": 3}, {""word"": ""cup"", ""timed_overlap"": 1, ""column_overlap"": 3}, {""word"": ""Folks"", ""timed_overlap"": 1, ""column_overlap"": 2}]",completed,100,100,0
500,447,neural,3,",",would,99,99,99,True,2,3,0,0,,99,"[{""word"": ""would"", ""timed_overlap"": 2, ""column_overlap"": 3}, {""word"": ""snowshoeing"", ""timed_overlap"": 2, ""column_overlap"": 2}, {""word"": ""CHAPTER"", ""timed_overlap"": 2, ""column_overlap"": 2}, {""word"": ""though"", ""timed_overlap"": 2, ""column_overlap"": 2}, {""word"": ""Paul"", ""timed_overlap"": 2, ""column_overlap"": 2}]",completed,100,100,0
500,447,neural,4,',paw,99,99,99,True,2,3,0,0,,106,"[{""word"": ""paw"", ""timed_overlap"": 2, ""column_overlap"": 3}, {""word"": ""snowshoeing"", ""timed_overlap"": 2, ""column_overlap"": 2}, {""word"": ""land"", ""timed_overlap"": 1, ""column_overlap"": 4}, {""word"": ""Obey"", ""timed_overlap"": 1, ""column_overlap"": 4}, {""word"": ""Bumble"", ""timed_overlap"": 1, ""column_overlap"": 3}]",completed,99,99,0
500,448,neural,1,out,value,98,98,98,True,2,3,0,0,,130,"[{""word"": ""value"", ""timed_overlap"": 2, ""column_overlap"": 3}, {""word"": ""Anzacs"", ""timed_overlap"": 2, ""column_overlap"": 2}, {""word"": ""want"", ""timed_overlap"": 2, ""column_overlap"": 2}, {""word"": ""spur"", ""timed_overlap"": 2, ""column_overlap"": 2}, {""word"": ""sensible"", ""timed_overlap"": 1, ""column_overlap"": 3}]",completed,82,10,0
500,448,neural,2,no,visited,99,99,99,True,2,2,0,0,,87,"[{""word"": ""visited"", ""timed_overlap"": 2, ""column_overlap"": 2}, {""word"": ""Matthew"", ""timed_overlap"": 2, ""column_overlap"": 2}, {""word"": ""Felicity"", ""timed_overlap"": 1, ""column_overlap"": 3}, {""word"": ""feel"", ""timed_overlap"": 1, ""column_overlap"": 3}, {""word"": ""With"", ""timed_overlap"": 1, ""column_overlap"": 3}]",completed,98,98,0
500,448,neural,3,longer,canvas,99,99,99,True,2,3,0,0,,103,"[{""word"": ""canvas"", ""timed_overlap"": 2, ""column_overlap"": 3}, {""word"": ""opening"", ""timed_overlap"": 2, ""column_overlap"": 2}, {""word"": ""what"", ""timed_overlap"": 2, ""column_overlap"": 2}, {""word"": ""First"", ""timed_overlap"": 1, ""column_overlap"": 3}, {""word"": ""Bull"", ""timed_overlap"": 1, ""column_overlap"": 3}]",completed,99,99,0
500,448,neural,4,",",birthday,98,98,98,True,2,5,0,0,,97,"[{""word"": ""birthday"", ""timed_overlap"": 2, ""column_overlap"": 5}, {""word"": ""For"", ""timed_overlap"": 2, ""column_overlap"": 2}, {""word"": ""Ben"", ""timed_overlap"": 2, ""column_overlap"": 2}, {""word"": ""sometimes"", ""timed_overlap"": 2, ""column_overlap"": 2}, {""word"": ""recovered"", ""timed_overlap"": 2, ""column_overlap"": 2}]",completed,99,99,0
500,449,neural,1,wiped,only,100,100,100,True,2,2,1,1,89,106,"[{""word"": ""only"", ""timed_overlap"": 2, ""column_overlap"": 2}, {""word"": ""mischievous"", ""timed_overlap"": 2, ""column_overlap"": 2}, {""word"": ""Over"", ""timed_overlap"": 2, ""column_overlap"": 2}, {""word"": ""satisfied"", ""timed_overlap"": 2, ""column_overlap"": 2}, {""word"": ""sleep"", ""timed_overlap"": 1, ""column_overlap"": 4}]",completed,82,10,0
500,449,neural,2,them,Laurie,99,99,99,True,2,4,0,0,,126,"[{""word"": ""Laurie"", ""timed_overlap"": 2, ""column_overlap"": 4}, {""word"": ""lady"", ""timed_overlap"": 2, ""column_overlap"": 2}, {""word"": ""Afghans"", ""timed_overlap"": 1, ""column_overlap"": 3}, {""word"": ""Good-bye"", ""timed_overlap"": 1, ""column_overlap"": 3}, {""word"": ""caught"", ""timed_overlap"": 1, ""column_overlap"": 3}]",completed,100,100,0
500,449,neural,3,and,lay,97,97,97,True,2,3,0,0,,116,"[{""word"": ""lay"", ""timed_overlap"": 2, ""column_overlap"": 3}, {""word"": ""chop"", ""timed_overlap"": 2, ""column_overlap"": 2}, {""word"": ""weight"", ""timed_overlap"": 2, ""column_overlap"": 2}, {""word"": ""honey"", ""timed_overlap"": 1, ""column_overlap"": 4}, {""word"": ""months"", ""timed_overlap"": 1, ""column_overlap"": 3}]",completed,99,99,0
500,449,neural,4,set,however,97,97,97,True,2,3,1,1,21,76,"[{""word"": ""however"", ""timed_overlap"": 2, ""column_overlap"": 3}, {""word"": ""Sir"", ""timed_overlap"": 1, ""column_overlap"": 3}, {""word"": ""at"", ""timed_overlap"": 1, ""column_overlap"": 3}, {""word"": ""without"", ""timed_overlap"": 1, ""column_overlap"": 3}, {""word"": ""jollier"", ""timed_overlap"": 1, ""column_overlap"": 2}]",completed,97,97,0
500,450,neural,1,Dorinda,BEN,96,96,96,True,2,3,1,1,75,115,"[{""word"": ""BEN"", ""timed_overlap"": 2, ""column_overlap"": 3}, {""word"": ""tents"", ""timed_overlap"": 2, ""column_overlap"": 3}, {""word"": ""astray"", ""timed_overlap"": 2, ""column_overlap"": 2}, {""word"": ""Barbaik"", ""timed_overlap"": 1, ""column_overlap"": 3}, {""word"": ""got"", ""timed_overlap"": 1, ""column_overlap"": 3}]",completed,82,10,0
500,450,neural,2,;,mouth,100,100,100,True,2,2,0,0,,76,"[{""word"": ""mouth"", ""timed_overlap"": 2, ""column_overlap"": 2}, {""word"": ""need"", ""timed_overlap"": 1, ""column_overlap"": 3}, {""word"": ""newspapers"", ""timed_overlap"": 1, ""column_overlap"": 3}, {""word"": ""who"", ""timed_overlap"": 1, ""column_overlap"": 2}, {""word"": ""to"", ""timed_overlap"": 1, ""column_overlap"": 2}]",completed,96,96,0
500,450,neural,3,nobody,mere,98,98,98,True,2,4,0,0,,75,"[{""word"": ""mere"", ""timed_overlap"": 2, ""column_overlap"": 4}, {""word"": ""oh"", ""timed_overlap"": 2, ""column_overlap"": 2}, {""word"": ""twitch"", ""timed_overlap"": 2, ""column_overlap"": 2}, {""word"": ""snow"", ""timed_overlap"": 1, ""column_overlap"": 3}, {""word"": ""stop"", ""timed_overlap"": 1, ""column_overlap"": 2}]",completed,100,100,0
500,450,neural,4,could,many,100,100,100,True,2,2,0,0,,100,"[{""word"": ""many"", ""timed_overlap"": 2, ""column_overlap"": 2}, {""word"": ""Jack"", ""timed_overlap"": 2, ""column_overlap"": 2}, {""word"": ""disappointment"", ""timed_overlap"": 2, ""column_overlap"": 2}, {""word"": ""Felicity"", ""timed_overlap"": 1, ""column_overlap"": 4}, {""word"": ""However"", ""timed_overlap"": 1, ""column_overlap"": 3}]",completed,98,98,0
500,451,neural,1,the,Great,100,100,100,True,2,2,0,0,,84,"[{""word"": ""Great"", ""timed_overlap"": 2, ""column_overlap"": 2}, {""word"": ""Play"", ""timed_overlap"": 2, ""column_overlap"": 2}, {""word"": ""impudent"", ""timed_overlap"": 2, ""column_overlap"": 2}, {""word"": ""even"", ""timed_overlap"": 2, ""column_overlap"": 2}, {""word"": ""ordered"", ""timed_overlap"": 1, ""column_overlap"": 3}]",completed,91,10,0
500,451,neural,2,consent,BEN,100,100,100,True,2,2,0,0,,77,"[{""word"": ""BEN"", ""timed_overlap"": 2, ""column_overlap"": 2}, {""word"": ""Five"", ""timed_overlap"": 1, ""column_overlap"": 3}, {""word"": ""Now"", ""timed_overlap"": 1, ""column_overlap"": 3}, {""word"": ""blue"", ""timed_overlap"": 1, ""column_overlap"": 3}, {""word"": ""times"", ""timed_overlap"": 1, ""column_overlap"": 3}]",completed,100,100,0
500,451,neural,3,of,did,98,98,98,True,2,4,0,0,,96,"[{""word"": ""did"", ""timed_overlap"": 2, ""column_overlap"": 4}, {""word"": ""whistle"", ""timed_overlap"": 2, ""column_overlap"": 3}, {""word"": ""And"", ""timed_overlap"": 2, ""column_overlap"": 3}, {""word"": ""what"", ""timed_overlap"": 2, ""column_overlap"": 3}, {""word"": ""waiting"", ""timed_overlap"": 2, ""column_overlap"": 2}]",completed,100,100,0
500,451,neural,4,parents,months,97,97,97,True,2,2,0,0,,120,"[{""word"": ""months"", ""timed_overlap"": 2, ""column_overlap"": 2}, {""word"": ""sipping"", ""timed_overlap"": 2, ""column_overlap"": 2}, {""word"": ""-LCB-"", ""timed_overlap"": 1, ""column_overlap"": 3}, {""word"": ""Saturday"", ""timed_overlap"": 1, ""column_overlap"": 3}, {""word"": ""Just"", ""timed_overlap"": 1, ""column_overlap"": 3}]",completed,98,98,0
500,452,neural,1,your,daughter,100,100,100,True,2,2,1,1,84,89,"[{""word"": ""daughter"", ""timed_overlap"": 2, ""column_overlap"": 2}, {""word"": ""probably"", ""timed_overlap"": 2, ""column_overlap"": 2}, {""word"": ""sultan"", ""timed_overlap"": 2, ""column_overlap"": 2}, {""word"": ""elapsed"", ""timed_overlap"": 2, ""column_overlap"": 2}, {""word"": ""more"", ""timed_overlap"": 2, ""column_overlap"": 2}]",completed,82,10,0
500,452,neural,2,way,dwelt,100,100,100,True,1,3,0,0,,102,"[{""word"": ""dwelt"", ""timed_overlap"": 1, ""column_overlap"": 3}, {""word"": ""paw"", ""timed_overlap"": 1, ""column_overlap"": 3}, {""word"": ""pity"", ""timed_overlap"": 1, ""column_overlap"": 3}, {""word"": ""departs"", ""timed_overlap"": 1, ""column_overlap"": 3}, {""word"": ""royal"", ""timed_overlap"": 1, ""column_overlap"": 3}]",completed,100,100,0
500,452,neural,3,",",Cecily,97,97,97,True,2,3,0,0,,124,"[{""word"": ""Cecily"", ""timed_overlap"": 2, ""column_overlap"": 3}, {""word"": ""Because"", ""timed_overlap"": 2, ""column_overlap"": 2}, {""word"": ""COAT"", ""timed_overlap"": 2, ""column_overlap"": 2}, {""word"": ""many"", ""timed_overlap"": 2, ""column_overlap"": 2}, {""word"": ""hard"", ""timed_overlap"": 2, ""column_overlap"": 2}]",completed,100,100,0
500,452,neural,4,'',while,99,99,99,True,2,3,0,0,,116,"[{""word"": ""while"", ""timed_overlap"": 2, ""column_overlap"": 3}, {""word"": ""till"", ""timed_overlap"": 2, ""column_overlap"": 3}, {""word"": ""David"", ""timed_overlap"": 2, ""column_overlap"": 2}, {""word"": ""Nobody"", ""timed_overlap"": 2, ""column_overlap"": 2}, {""word"": ""Meadow"", ""timed_overlap"": 1, ""column_overlap"": 3}]",completed,97,97,0
500,453,neural,1,his,audacity,99,99,99,True,2,3,0,0,,119,"[{""word"": ""audacity"", ""timed_overlap"": 2, ""column_overlap"": 3}, {""word"": ""great"", ""timed_overlap"": 2, ""column_overlap"": 3}, {""word"": ""sentence"", ""timed_overlap"": 2, ""column_overlap"": 3}, {""word"": ""an"", ""timed_overlap"": 2, ""column_overlap"": 3}, {""word"": ""Just"", ""timed_overlap"": 2, ""column_overlap"": 2}]",completed,73,10,0
500,453,neural,2,knees,gradual,100,100,100,True,2,3,0,0,,118,"[{""word"": ""gradual"", ""timed_overlap"": 2, ""column_overlap"": 3}, {""word"": ""feet"", ""timed_overlap"": 2, ""column_overlap"": 3}, {""word"": ""Bowser"", ""timed_overlap"": 2, ""column_overlap"": 2}, {""word"": ""dragon"", ""timed_overlap"": 2, ""column_overlap"": 2}, {""word"": ""fellow"", ""timed_overlap"": 2, ""column_overlap"": 2}]",completed,99,99,0
500,453,neural,3,:,His,99,99,99,True,2,2,0,0,,73,"[{""word"": ""His"", ""timed_overlap"": 2, ""column_overlap"": 2}, {""word"": ""excuse"", ""timed_overlap"": 2, ""column_overlap"": 2}, {""word"": ""ma'am"", ""timed_overlap"": 1, ""column_overlap"": 3}, {""word"": ""elder"", ""timed_overlap"": 1, ""column_overlap"": 3}, {""word"": ""for"", ""timed_overlap"": 1, ""column_overlap"": 3}]",completed,100,100,0
500,453,neural,4,p52.jpg,PERCINET,99,99,99,True,2,3,0,0,,111,"[{""word"": ""PERCINET"", ""timed_overlap"": 2, ""column_overlap"": 3}, {""word"": ""simply"", ""timed_overlap"": 1, ""column_overlap"": 3}, {""word"": ""moving"", ""timed_overlap"": 1, ""column_overlap"": 3}, {""word"": ""glad"", ""timed_overlap"": 1, ""column_overlap"": 3}, {""word"": ""therefore"", ""timed_overlap"": 1, ""column_overlap"": 3}]",completed,99,99,0
500,454,neural,1,intended,rank,100,100,100,True,2,2,0,0,,85,"[{""word"": ""rank"", ""timed_overlap"": 2, ""column_overlap"": 2}, {""word"": ""Carrots"", ""timed_overlap"": 2, ""column_overlap"": 2}, {""word"": ""beautiful"", ""timed_overlap"": 2, ""column_overlap"": 2}, {""word"": ""-LCB-"", ""timed_overlap"": 1, ""column_overlap"": 3}, {""word"": ""monarch"", ""timed_overlap"": 1, ""column_overlap"": 3}]",completed,91,10,0
500,454,neural,2,effect,GRACIOSA,99,99,99,True,2,2,1,1,57,85,"[{""word"": ""GRACIOSA"", ""timed_overlap"": 2, ""column_overlap"": 2}, {""word"": ""bewildered"", ""timed_overlap"": 1, ""column_overlap"": 3}, {""word"": ""ladylike"", ""timed_overlap"": 1, ""column_overlap"": 3}, {""word"": ""consent"", ""timed_overlap"": 1, ""column_overlap"": 3}, {""word"": ""servants"", ""timed_overlap"": 1, ""column_overlap"": 2}]",completed,100,100,0
500,454,neural,3,of,gradual,97,97,97,True,2,3,0,0,,85,"[{""word"": ""gradual"", ""timed_overlap"": 2, ""column_overlap"": 3}, {""word"": ""run"", ""timed_overlap"": 2, ""column_overlap"": 2}, {""word"": ""concluded"", ""timed_overlap"": 1, ""column_overlap"": 3}, {""word"": ""wish"", ""timed_overlap"": 1, ""column_overlap"": 3}, {""word"": ""nothing"", ""timed_overlap"": 1, ""column_overlap"": 3}]",completed,99,99,0
500,454,neural,4,cheering,Gray,98,98,98,True,2,4,0,0,,133,"[{""word"": ""Gray"", ""timed_overlap"": 2, ""column_overlap"": 4}, {""word"": ""himself"", ""timed_overlap"": 2, ""column_overlap"": 3}, {""word"": ""shy"", ""timed_overlap"": 2, ""column_overlap"": 2}, {""word"": ""earthly"", ""timed_overlap"": 2, ""column_overlap"": 2}, {""word"": ""queer"", ""timed_overlap"": 1, ""column_overlap"": 4}]",completed,97,97,0
500,455,neural,1,angel,sister,98,98,98,True,2,5,0,0,,136,"[{""word"": ""sister"", ""timed_overlap"": 2, ""column_overlap"": 5}, {""word"": ""laid"", ""timed_overlap"": 2, ""column_overlap"": 3}, {""word"": ""sustaining"", ""timed_overlap"": 2, ""column_overlap"": 3}, {""word"": ""Jumping"", ""timed_overlap"": 2, ""column_overlap"": 3}, {""word"": ""hand"", ""timed_overlap"": 2, ""column_overlap"": 3}]",completed,64,10,0
500,455,neural,2,--,Billy,100,100,100,True,1,2,0,0,,75,"[{""word"": ""Billy"", ""timed_overlap"": 1, ""column_overlap"": 2}, {""word"": ""dine"", ""timed_overlap"": 1, ""column_overlap"": 2}, {""word"": ""drank"", ""timed_overlap"": 1, ""column_overlap"": 2}, {""word"": ""dragging"", ""timed_overlap"": 1, ""column_overlap"": 2}, {""word"": ""locked"", ""timed_overlap"": 1, ""column_overlap"": 2}]",completed,98,98,0
500,455,neural,3,if,Jem,99,99,99,True,1,2,0,0,,54,"[{""word"": ""Jem"", ""timed_overlap"": 1, ""column_overlap"": 2}, {""word"": ""birthday"", ""timed_overlap"": 1, ""column_overlap"": 2}, {""word"": ""This"", ""timed_overlap"": 1, ""column_overlap"": 2}, {""word"": ""went"", ""timed_overlap"": 1, ""column_overlap"": 2}, {""word"": ""tittered"", ""timed_overlap"": 1, ""column_overlap"": 2}]",completed,100,100,0
500,455,neural,4,I,window,97,97,97,True,2,3,0,0,,122,"[{""word"": ""window"", ""timed_overlap"": 2, ""column_overlap"": 3}, {""word"": ""frog"", ""timed_overlap"": 2, ""column_overlap"": 2}, {""word"": ""warm"", ""timed_overlap"": 2, ""column_overlap"": 2}, {""word"": ""ruther"", ""timed_overlap"": 1, ""column_overlap"": 5}, {""word"": ""golden"", ""timed_overlap"": 1, ""column_overlap"": 3}]",completed,99,99,0
500,456,neural,1,;,Only,92,92,92,True,2,3,0,0,,132,"[{""word"": ""Only"", ""timed_overlap"": 2, ""column_overlap"": 3}, {""word"": ""out"", ""timed_overlap"": 2, ""column_overlap"": 2}, {""word"": ""Apollo"", ""timed_overlap"": 2, ""column_overlap"": 2}, {""word"": ""excluded"", ""timed_overlap"": 1, ""column_overlap"": 4}, {""word"": ""few"", ""timed_overlap"": 1, ""column_overlap"": 4}]",completed,64,10,0
500,456,neural,2,whereupon,-LCB-,100,100,100,True,3,3,0,0,,123,"[{""word"": ""-LCB-"", ""timed_overlap"": 3, ""column_overlap"": 3}, {""word"": ""excuse"", ""timed_overlap"": 2, ""column_overlap"": 4}, {""word"": ""them"", ""timed_overlap"": 2, ""column_overlap"": 3}, {""word"": ""hand"", ""timed_overlap"": 2, ""column_overlap"": 2}, {""word"": ""washed"", ""timed_overlap"": 2, ""column_overlap"": 2}]",completed,92,92,0
500,456,neural,3,the,worked,98,98,98,True,2,2,0,0,,74,"[{""word"": ""worked"", ""timed_overlap"": 2, ""column_overlap"": 2}, {""word"": ""tongue"", ""timed_overlap"": 1, ""column_overlap"": 3}, {""word"": ""dead"", ""timed_overlap"": 1, ""column_overlap"": 3}, {""word"": ""Quicksilver"", ""timed_overlap"": 1, ""column_overlap"": 3}, {""word"": ""Don"", ""timed_overlap"": 1, ""column_overlap"": 2}]",completed,100,100,0
500,456,neural,4,enchantress,Lung,100,100,100,True,2,3,0,0,,100,"[{""word"": ""Lung"", ""timed_overlap"": 2, ""column_overlap"": 3}, {""word"": ""none"", ""timed_overlap"": 2, ""column_overlap"": 3}, {""word"": ""bestrewn"", ""timed_overlap"": 2, ""column_overlap"": 3}, {""word"": ""commanded"", ""timed_overlap"": 2, ""column_overlap"": 3}, {""word"": ""Nature"", ""timed_overlap"": 1, ""column_overlap"": 3}]",completed,98,98,0
500,457,neural,1,soft,West,100,100,100,True,2,4,1,1,107,116,"[{""word"": ""West"", ""timed_overlap"": 2, ""column_overlap"": 4}, {""word"": ""two"", ""timed_overlap"": 2, ""column_overlap"": 4}, {""word"": ""yours"", ""timed_overlap"": 2, ""column_overlap"": 3}, {""word"": ""people"", ""timed_overlap"": 2, ""column_overlap"": 2}, {""word"": ""locked"", ""timed_overlap"": 1, ""column_overlap"": 4}]",completed,82,10,0
500,457,neural,2,mud,recovered,99,99,99,True,2,3,0,0,,79,"[{""word"": ""recovered"", ""timed_overlap"": 2, ""column_overlap"": 3}, {""word"": ""Amy"", ""timed_overlap"": 2, ""column_overlap"": 3}, {""word"": ""For"", ""timed_overlap"": 2, ""column_overlap"": 3}, {""word"": ""fellow"", ""timed_overlap"": 1, ""column_overlap"": 3}, {""word"": ""taste"", ""timed_overlap"": 1, ""column_overlap"": 3}]",completed,100,100,0
500,457,neural,3,squishing,Jesse,99,99,99,True,2,3,0,0,,94,"[{""word"": ""Jesse"", ""timed_overlap"": 2, ""column_overlap"": 3}, {""word"": ""apart"", ""timed_overlap"": 2, ""column_overlap"": 2}, {""word"": ""dragging"", ""timed_overlap"": 2, ""column_overlap"": 2}, {""word"": ""received"", ""timed_overlap"": 2, ""column_overlap"": 2}, {""word"": ""Mary"", ""timed_overlap"": 2, ""column_overlap"": 2}]",completed,99,99,0
500,457,neural,4,up,weight,96,96,96,True,2,2,0,0,,132,"[{""word"": ""weight"", ""timed_overlap"": 2, ""column_overlap"": 2}, {""word"": ""as"", ""timed_overlap"": 2, ""column_overlap"": 2}, {""word"": ""rejoined"", ""timed_overlap"": 1, ""column_overlap"": 4}, {""word"": ""blue"", ""timed_overlap"": 1, ""column_overlap"": 3}, {""word"": ""!"", ""timed_overlap"": 1, ""column_overlap"": 2}]",completed,99,99,0
500,458,neural,1,post,Jem,100,100,100,True,2,2,0,0,,109,"[{""word"": ""Jem"", ""timed_overlap"": 2, ""column_overlap"": 2}, {""word"": ""hive"", ""timed_overlap"": 2, ""column_overlap"": 2}, {""word"": ""Sammy"", ""timed_overlap"": 2, ""column_overlap"": 2}, {""word"": ""lest"", ""timed_overlap"": 1, ""column_overlap"": 4}, {""word"": ""began"", ""timed_overlap"": 1, ""column_overlap"": 3}]",completed,82,10,0
500,458,neural,2,office,Blythe,99,99,99,True,2,2,0,0,,100,"[{""word"": ""Blythe"", ""timed_overlap"": 2, ""column_overlap"": 2}, {""word"": ""green"", ""timed_overlap"": 2, ""column_overlap"": 2}, {""word"": ""Laurie"", ""timed_overlap"": 2, ""column_overlap"": 2}, {""word"": ""her"", ""timed_overlap"": 1, ""column_overlap"": 4}, {""word"": ""Ripple"", ""timed_overlap"": 1, ""column_overlap"": 4}]",completed,100,100,0
500,458,neural,3,faithfully,speak,98,98,98,True,3,3,0,0,,95,"[{""word"": ""speak"", ""timed_overlap"": 3, ""column_overlap"": 3}, {""word"": ""misty"", ""timed_overlap"": 2, ""column_overlap"": 3}, {""word"": ""started"", ""timed_overlap"": 2, ""column_overlap"": 2}, {""word"": ""Kim"", ""timed_overlap"": 1, ""column_overlap"": 6}, {""word"": ""brought"", ""timed_overlap"": 1, ""column_overlap"": 4}]",completed,99,99,0
500,458,neural,4,every,Quicksilver,100,100,100,True,2,2,1,1,41,105,"[{""word"": ""Quicksilver"", ""timed_overlap"": 2, ""column_overlap"": 2}, {""word"": ""still"", ""timed_overlap"": 2, ""column_overlap"": 2}, {""word"": ""Thus"", ""timed_overlap"": 2, ""column_overlap"": 2}, {""word"": ""put"", ""timed_overlap"": 1, ""column_overlap"": 3}, {""word"": ""gay"", ""timed_overlap"": 1, ""column_overlap"": 3}]",completed,98,98,0
500,459,neural,1,is,below,100,100,100,True,2,3,1,1,58,88,"[{""word"": ""below"", ""timed_overlap"": 2, ""column_overlap"": 3}, {""word"": ""Jane"", ""timed_overlap"": 1, ""column_overlap"": 3}, {""word"": ""than"", ""timed_overlap"": 1, ""column_overlap"": 3}, {""word"": ""astray"", ""timed_overlap"": 1, ""column_overlap"": 3}, {""word"": ""suppose"", ""timed_overlap"": 1, ""column_overlap"": 3}]",completed,91,10,0
500,459,neural,2,monotonous,bookcase,100,100,100,True,2,4,0,0,,84,"[{""word"": ""bookcase"", ""timed_overlap"": 2, ""column_overlap"": 4}, {""word"": ""happily"", ""timed_overlap"": 2, ""column_overlap"": 2}, {""word"": ""why"", ""timed_overlap"": 2, ""column_overlap"": 2}, {""word"": ""Dacca"", ""timed_overlap"": 2, ""column_overlap"": 2}, {""word"": ""whole"", ""timed_overlap"": 2, ""column_overlap"": 2}]",completed,100,100,0
500,459,neural,3,but,CHAPTER,98,98,98,True,2,2,0,0,,80,"[{""word"": ""CHAPTER"", ""timed_overlap"": 2, ""column_overlap"": 2}, {""word"": ""Wind"", ""timed_overlap"": 1, ""column_overlap"": 3}, {""word"": ""weight"", ""timed_overlap"": 1, ""column_overlap"": 3}, {""word"": ""maidens"", ""timed_overlap"": 1, ""column_overlap"": 3}, {""word"": ""better"", ""timed_overlap"": 1, ""column_overlap"": 3}]",completed,100,100,0
500,459,neural,4,I,sweep,97,97,97,True,2,2,0,0,,104,"[{""word"": ""sweep"", ""timed_overlap"": 2, ""column_overlap"": 2}, {""word"": ""strokes"", ""timed_overlap"": 2, ""column_overlap"": 2}, {""word"": ""sure"", ""timed_overlap"": 1, ""column_overlap"": 3}, {""word"": ""remorsefully"", ""timed_overlap"": 1, ""column_overlap"": 3}, {""word"": ""highness"", ""timed_overlap"": 1, ""column_overlap"": 3}]",completed,98,98,0
500,460,neural,1,time,lump,95,95,95,True,2,3,2,3,2,136,"[{""word"": ""lump"", ""timed_overlap"": 2, ""column_overlap"": 3}, {""word"": ""time"", ""timed_overlap"": 2, ""column_overlap"": 3}, {""word"": ""had"", ""timed_overlap"": 2, ""column_overlap"": 3}, {""word"": ""intended"", ""timed_overlap"": 2, ""column_overlap"": 2}, {""word"": ""volume"", ""timed_overlap"": 2, ""column_overlap"": 2}]",completed,73,10,0
500,460,neural,2,of,nicer,98,98,98,True,2,3,0,0,,91,"[{""word"": ""nicer"", ""timed_overlap"": 2, ""column_overlap"": 3}, {""word"": ""look"", ""timed_overlap"": 2, ""column_overlap"": 2}, {""word"": ""length"", ""timed_overlap"": 2, ""column_overlap"": 2}, {""word"": ""new"", ""timed_overlap"": 2, ""column_overlap"": 2}, {""word"": ""closing"", ""timed_overlap"": 2, ""column_overlap"": 2}]",completed,95,95,0
500,460,neural,3,it,Shall,98,98,98,True,2,2,0,0,,65,"[{""word"": ""Shall"", ""timed_overlap"": 2, ""column_overlap"": 2}, {""word"": ""paw"", ""timed_overlap"": 2, ""column_overlap"": 2}, {""word"": ""afraid"", ""timed_overlap"": 1, ""column_overlap"": 2}, {""word"": ""Why"", ""timed_overlap"": 1, ""column_overlap"": 2}, {""word"": ""weight"", ""timed_overlap"": 1, ""column_overlap"": 2}]",completed,98,98,0
500,460,neural,4,",",yonder,99,99,99,True,2,3,0,0,,89,"[{""word"": ""yonder"", ""timed_overlap"": 2, ""column_overlap"": 3}, {""word"": ""sleep"", ""timed_overlap"": 2, ""column_overlap"": 2}, {""word"": ""hard"", ""timed_overlap"": 2, ""column_overlap"": 2}, {""word"": ""mosquito"", ""timed_overlap"": 1, ""column_overlap"": 3}, {""word"": ""-LCB-"", ""timed_overlap"": 1, ""column_overlap"": 2}]",completed,98,98,0
500,461,neural,1,herself,flies,98,98,98,True,2,4,0,0,,133,"[{""word"": ""flies"", ""timed_overlap"": 2, ""column_overlap"": 4}, {""word"": ""Now"", ""timed_overlap"": 2, ""column_overlap"": 2}, {""word"": ""return"", ""timed_overlap"": 2, ""column_overlap"": 2}, {""word"": ""Italy"", ""timed_overlap"": 1, ""column_overlap"": 5}, {""word"": ""eaten"", ""timed_overlap"": 1, ""column_overlap"": 4}]",completed,73,10,0
500,461,neural,2,",",Jem,100,100,100,True,2,2,0,0,,95,"[{""word"": ""Jem"", ""timed_overlap"": 2, ""column_overlap"": 2}, {""word"": ""money"", ""timed_overlap"": 1, ""column_overlap"": 4}, {""word"": ""distance"", ""timed_overlap"": 1, ""column_overlap"": 3}, {""word"": ""dared"", ""timed_overlap"": 1, ""column_overlap"": 3}, {""word"": ""ye"", ""timed_overlap"": 1, ""column_overlap"": 3}]",completed,98,98,0
500,461,neural,3,and,speak,99,99,99,True,2,3,0,0,,104,"[{""word"": ""speak"", ""timed_overlap"": 2, ""column_overlap"": 3}, {""word"": ""sure"", ""timed_overlap"": 2, ""column_overlap"": 3}, {""word"": ""these"", ""timed_overlap"": 2, ""column_overlap"": 2}, {""word"": ""rest"", ""timed_overlap"": 1, ""column_overlap"": 4}, {""word"": ""plum"", ""timed_overlap"": 1, ""column_overlap"": 3}]",completed,100,100,0
500,461,neural,4,she,pulled,99,99,99,True,2,2,0,0,,92,"[{""word"": ""pulled"", ""timed_overlap"": 2, ""column_overlap"": 2}, {""word"": ""Charlotte"", ""timed_overlap"": 2, ""column_overlap"": 2}, {""word"": ""tells"", ""timed_overlap"": 2, ""column_overlap"": 2}, {""word"": ""spur"", ""timed_overlap"": 1, ""column_overlap"": 4}, {""word"": ""'d"", ""timed_overlap"": 1, ""column_overlap"": 3}]",completed,99,99,0
500,462,neural,1,off,entered,98,98,98,True,2,3,1,3,9,118,"[{""word"": ""entered"", ""timed_overlap"": 2, ""column_overlap"": 3}, {""word"": ""gay"", ""timed_overlap"": 2, ""column_overlap"": 2}, {""word"": ""sable"", ""timed_overlap"": 2, ""column_overlap"": 2}, {""word"": ""so"", ""timed_overlap"": 2, ""column_overlap"": 2}, {""word"": ""a"", ""timed_overlap"": 2, ""column_overlap"": 2}]",completed,64,10,0
500,462,neural,2,with,wiped,99,99,99,True,2,2,0,0,,87,"[{""word"": ""wiped"", ""timed_overlap"": 2, ""column_overlap"": 2}, {""word"": ""sisters"", ""timed_overlap"": 2, ""column_overlap"": 2}, {""word"": ""only"", ""timed_overlap"": 2, ""column_overlap"": 2}, {""word"": ""plans"", ""timed_overlap"": 1, ""column_overlap"": 4}, {""word"": ""closing"", ""timed_overlap"": 1, ""column_overlap"": 3}]",completed,98,98,0
500,462,neural,3,another,cheering,100,100,100,True,3,3,0,0,,104,"[{""word"": ""cheering"", ""timed_overlap"": 3, ""column_overlap"": 3}, {""word"": ""Johnny"", ""timed_overlap"": 2, ""column_overlap"": 3}, {""word"": ""remembering"", ""timed_overlap"": 2, ""column_overlap"": 2}, {""word"": ""Millie"", ""timed_overlap"": 2, ""column_overlap"": 2}, {""word"": ""such"", ""timed_overlap"": 2, ""column_overlap"": 2}]",completed,99,99,0
500,462,neural,4,of,stop,99,99,99,True,2,3,0,0,,118,"[{""word"": ""stop"", ""timed_overlap"": 2, ""column_overlap"": 3}, {""word"": ""killed"", ""timed_overlap"": 2, ""column_overlap"": 3}, {""word"": ""Queen"", ""timed_overlap"": 1, ""column_overlap"": 4}, {""word"": ""monotonous"", ""timed_overlap"": 1, ""column_overlap"": 4}, {""word"": ""speak"", ""timed_overlap"": 1, ""column_overlap"": 3}]",completed,100,100,0
500,463,neural,1,the,gallant,100,100,100,True,2,3,2,2,7,124,"[{""word"": ""gallant"", ""timed_overlap"": 2, ""column_overlap"": 3}, {""word"": ""even"", ""timed_overlap"": 2, ""column_overlap"": 3}, {""word"": ""wind"", ""timed_overlap"": 2, ""column_overlap"": 3}, {""word"": ""look"", ""timed_overlap"": 2, ""column_overlap"": 3}, {""word"": ""writing"", ""timed_overlap"": 2, ""column_overlap"": 2}]",completed,73,10,0
500,463,neural,2,morning,Please,100,100,100,True,2,2,0,0,,87,"[{""word"": ""Please"", ""timed_overlap"": 2, ""column_overlap"": 2}, {""word"": ""Besides"", ""timed_overlap"": 1, ""column_overlap"": 4}, {""word"": ""enchanted"", ""timed_overlap"": 1, ""column_overlap"": 3}, {""word"": ""Alan"", ""timed_overlap"": 1, ""column_overlap"": 3}, {""word"": ""stranger"", ""timed_overlap"": 1, ""column_overlap"": 3}]",completed,100,100,0
500,463,neural,3,sweetens,approve,100,100,100,True,2,2,0,0,,106,"[{""word"": ""approve"", ""timed_overlap"": 2, ""column_overlap"": 2}, {""word"": ""six"", ""timed_overlap"": 2, ""column_overlap"": 2}, {""word"": ""Queen"", ""timed_overlap"": 2, ""column_overlap"": 2}, {""word"": ""ate"", ""timed_overlap"": 1, ""column_overlap"": 4}, {""word"": ""knows"", ""timed_overlap"": 1, ""column_overlap"": 3}]",completed,100,100,0
500,463,neural,4,and,solemnly,99,99,99,True,2,2,0,0,,74,"[{""word"": ""solemnly"", ""timed_overlap"": 2, ""column_overlap"": 2}, {""word"": ""Cyrilla"", ""timed_overlap"": 1, ""column_overlap"": 3}, {""word"": ""sadly"", ""timed_overlap"": 1, ""column_overlap"": 3}, {""word"": ""mount"", ""timed_overlap"": 1, ""column_overlap"": 3}, {""word"": ""fellows"", ""timed_overlap"": 1, ""column_overlap"": 2}]",completed,100,100,0
500,464,neural,1,her,tiny,99,99,99,True,2,3,1,2,72,133,"[{""word"": ""tiny"", ""timed_overlap"": 2, ""column_overlap"": 3}, {""word"": ""nothing"", ""timed_overlap"": 2, ""column_overlap"": 2}, {""word"": ""All"", ""timed_overlap"": 2, ""column_overlap"": 2}, {""word"": ""These"", ""timed_overlap"": 2, ""column_overlap"": 2}, {""word"": ""glided"", ""timed_overlap"": 1, ""column_overlap"": 4}]",completed,64,10,0
500,464,neural,2,heart,major,97,97,97,True,1,3,0,0,,78,"[{""word"": ""major"", ""timed_overlap"": 1, ""column_overlap"": 3}, {""word"": ""weight"", ""timed_overlap"": 1, ""column_overlap"": 3}, {""word"": ""begging"", ""timed_overlap"": 1, ""column_overlap"": 3}, {""word"": ""gathered"", ""timed_overlap"": 1, ""column_overlap"": 2}, {""word"": ""pails"", ""timed_overlap"": 1, ""column_overlap"": 2}]",completed,99,99,0
500,464,neural,3,",",some,99,99,99,True,2,2,0,0,,90,"[{""word"": ""some"", ""timed_overlap"": 2, ""column_overlap"": 2}, {""word"": ""underneath"", ""timed_overlap"": 1, ""column_overlap"": 4}, {""word"": ""After"", ""timed_overlap"": 1, ""column_overlap"": 4}, {""word"": ""carefully"", ""timed_overlap"": 1, ""column_overlap"": 3}, {""word"": ""no"", ""timed_overlap"": 1, ""column_overlap"": 3}]",completed,97,97,0
500,464,neural,4,and,planned,98,98,98,True,2,3,0,0,,96,"[{""word"": ""planned"", ""timed_overlap"": 2, ""column_overlap"": 3}, {""word"": ""seek"", ""timed_overlap"": 2, ""column_overlap"": 2}, {""word"": ""garret"", ""timed_overlap"": 2, ""column_overlap"": 2}, {""word"": ""So"", ""timed_overlap"": 2, ""column_overlap"": 2}, {""word"": ""CHAPTER"", ""timed_overlap"": 1, ""column_overlap"": 4}]",completed,99,99,0
500,465,neural,1,I,terribly,100,100,100,True,2,3,0,0,,104,"[{""word"": ""terribly"", ""timed_overlap"": 2, ""column_overlap"": 3}, {""word"": ""servants"", ""timed_overlap"": 2, ""column_overlap"": 3}, {""word"": ""Sometimes"", ""timed_overlap"": 2, ""column_overlap"": 2}, {""word"": ""dreams"", ""timed_overlap"": 2, ""column_overlap"": 2}, {""word"": ""honey"", ""timed_overlap"": 1, ""column_overlap"": 4}]",completed,91,10,0
500,465,neural,2,'ve,Douglas,99,99,99,True,2,3,0,0,,108,"[{""word"": ""Douglas"", ""timed_overlap"": 2, ""column_overlap"": 3}, {""word"": ""You"", ""timed_overlap"": 2, ""column_overlap"": 2}, {""word"": ""evening"", ""timed_overlap"": 2, ""column_overlap"": 2}, {""word"": ""Leslie"", ""timed_overlap"": 1, ""column_overlap"": 3}, {""word"": ""Search"", ""timed_overlap"": 1, ""column_overlap"": 3}]",completed,100,100,0
500,465,neural,3,cut,appeal,100,100,100,True,2,4,0,0,,94,"[{""word"": ""appeal"", ""timed_overlap"": 2, ""column_overlap"": 4}, {""word"": ""also"", ""timed_overlap"": 2, ""column_overlap"": 2}, {""word"": ""chop"", ""timed_overlap"": 2, ""column_overlap"": 2}, {""word"": ""whither"", ""timed_overlap"": 2, ""column_overlap"": 2}, {""word"": ""ruin"", ""timed_overlap"": 1, ""column_overlap"": 4}]",completed,99,99,0
500,465,neural,4,for,Anne,100,100,100,True,2,3,0,0,,110,"[{""word"": ""Anne"", ""timed_overlap"": 2, ""column_overlap"": 3}, {""word"": ""desert"", ""timed_overlap"": 2, ""column_overlap"": 2}, {""word"": ""deny"", ""timed_overlap"": 1, ""column_overlap"": 4}, {""word"": ""netting"", ""timed_overlap"": 1, ""column_overlap"": 4}, {""word"": ""One"", ""timed_overlap"": 1, ""column_overlap"": 3}]",completed,100,100,0
500,466,neural,1,",",felt,94,94,94,True,2,4,0,0,,120,"[{""word"": ""felt"", ""timed_overlap"": 2, ""column_overlap"": 4}, {""word"": ""palace"", ""timed_overlap"": 2, ""column_overlap"": 4}, {""word"": ""our"", ""timed_overlap"": 2, ""column_overlap"": 3}, {""word"": ""Oh"", ""timed_overlap"": 2, ""column_overlap"": 3}, {""word"": ""spear"", ""timed_overlap"": 2, ""column_overlap"": 2}]",completed,64,10,0
500,466,neural,2,drawing,welcome,100,100,100,True,2,2,0,0,,74,"[{""word"": ""welcome"", ""timed_overlap"": 2, ""column_overlap"": 2}, {""word"": ""COAT"", ""timed_overlap"": 2, ""column_overlap"": 2}, {""word"": ""Bessy"", ""timed_overlap"": 2, ""column_overlap"": 2}, {""word"": ""garret"", ""timed_overlap"": 1, ""column_overlap"": 3}, {""word"": ""wand"", ""timed_overlap"": 1, ""column_overlap"": 3}]",completed,94,94,0
500,466,neural,3,very,At,98,98,98,True,2,3,0,0,,106,"[{""word"": ""At"", ""timed_overlap"": 2, ""column_overlap"": 3}, {""word"": ""fell"", ""timed_overlap"": 2, ""column_overlap"": 2}, {""word"": ""whether"", ""timed_overlap"": 1, ""column_overlap"": 4}, {""word"": ""fear"", ""timed_overlap"": 1, ""column_overlap"": 3}, {""word"": ""obstinate"", ""timed_overlap"": 1, ""column_overlap"": 3}]",completed,100,100,0
500,466,neural,4,hard,having,100,100,100,True,3,3,0,0,,109,"[{""word"": ""having"", ""timed_overlap"": 3, ""column_overlap"": 3}, {""word"": ""remembering"", ""timed_overlap"": 2, ""column_overlap"": 3}, {""word"": ""Messua"", ""timed_overlap"": 2, ""column_overlap"": 3}, {""word"": ""ceased"", ""timed_overlap"": 2, ""column_overlap"": 3}, {""word"": ""Afghans"", ""timed_overlap"": 2, ""column_overlap"": 2}]",completed,98,98,0
500,467,neural,1,fear,belt,97,97,97,True,2,2,0,0,,111,"[{""word"": ""belt"", ""timed_overlap"": 2, ""column_overlap"": 2}, {""word"": ""Lung"", ""timed_overlap"": 1, ""column_overlap"": 4}, {""word"": ""wandered"", ""timed_overlap"": 1, ""column_overlap"": 4}, {""word"": ""astray"", ""timed_overlap"": 1, ""column_overlap"": 3}, {""word"": ""skins"", ""timed_overlap"": 1, ""column_overlap"": 3}]",completed,82,10,0
500,467,neural,2,as,followed,100,100,100,True,1,3,0,0,,73,"[{""word"": ""followed"", ""timed_overlap"": 1, ""column_overlap"": 3}, {""word"": ""Queen"", ""timed_overlap"": 1, ""column_overlap"": 3}, {""word"": ""fell"", ""timed_overlap"": 1, ""column_overlap"": 3}, {""word"": ""In"", ""timed_overlap"": 1, ""column_overlap"": 2}, {""word"": ""timid"", ""timed_overlap"": 1, ""column_overlap"": 2}]",completed,97,97,0
500,467,neural,3,they,meeting-house,100,100,100,True,2,3,0,0,,58,"[{""word"": ""meeting-house"", ""timed_overlap"": 2, ""column_overlap"": 3}, {""word"": ""paw"", ""timed_overlap"": 2, ""column_overlap"": 3}, {""word"": ""bared"", ""timed_overlap"": 2, ""column_overlap"": 2}, {""word"": ""oranges"", ""timed_overlap"": 1, ""column_overlap"": 3}, {""word"": ""wild"", ""timed_overlap"": 1, ""column_overlap"": 3}]",completed,100,100,0
500,467,neural,4,saw,Marcella,99,99,99,True,1,3,0,0,,74,"[{""word"": ""Marcella"", ""timed_overlap"": 1, ""column_overlap"": 3}, {""word"": ""now"", ""timed_overlap"": 1, ""column_overlap"": 3}, {""word"": ""John"", ""timed_overlap"": 1, ""column_overlap"": 2}, {""word"": ""magic"", ""timed_overlap"": 1, ""column_overlap"": 2}, {""word"": ""thought"", ""timed_overlap"": 1, ""column_overlap"": 2}]",completed,100,100,0
500,468,neural,1,needle,ca,96,96,96,True,3,3,1,2,55,158,"[{""word"": ""ca"", ""timed_overlap"": 3, ""column_overlap"": 3}, {""word"": ""Meadow"", ""timed_overlap"": 2, ""column_overlap"": 3}, {""word"": ""soft"", ""timed_overlap"": 2, ""column_overlap"": 3}, {""word"": ""added"", ""timed_overlap"": 2, ""column_overlap"": 3}, {""word"": ""O"", ""timed_overlap"": 2, ""column_overlap"": 2}]",completed,64,10,0
500,468,neural,2,",",make,100,100,100,True,2,2,0,0,,79,"[{""word"": ""make"", ""timed_overlap"": 2, ""column_overlap"": 2}, {""word"": ""disrepitable"", ""timed_overlap"": 1, ""column_overlap"": 4}, {""word"": ""KEEP"", ""timed_overlap"": 1, ""column_overlap"": 4}, {""word"": ""Felicity"", ""timed_overlap"": 1, ""column_overlap"": 3}, {""word"": ""can"", ""timed_overlap"": 1, ""column_overlap"": 3}]",completed,96,96,0
500,468,neural,3,pricked,Lucinda,100,100,100,True,2,3,0,0,,94,"[{""word"": ""Lucinda"", ""timed_overlap"": 2, ""column_overlap"": 3}, {""word"": ""heard"", ""timed_overlap"": 2, ""column_overlap"": 2}, {""word"": ""calmly"", ""timed_overlap"": 2, ""column_overlap"": 2}, {""word"": ""belt"", ""timed_overlap"": 1, ""column_overlap"": 3}, {""word"": ""real"", ""timed_overlap"": 1, ""column_overlap"": 3}]",completed,100,100,0
500,468,neural,4,Elsa,Scott,98,98,98,True,2,3,0,0,,113,"[{""word"": ""Scott"", ""timed_overlap"": 2, ""column_overlap"": 3}, {""word"": ""Taylor"", ""timed_overlap"": 2, ""column_overlap"": 2}, {""word"": ""forget"", ""timed_overlap"": 2, ""column_overlap"": 2}, {""word"": ""Don"", ""timed_overlap"": 2, ""column_overlap"": 2}, {""word"": ""Schmidt"", ""timed_overlap"": 1, ""column_overlap"": 4}]",completed,100,100,0
500,469,neural,1,fireworks,gray,98,98,98,True,2,3,0,0,,137,"[{""word"": ""gray"", ""timed_overlap"": 2, ""column_overlap"": 3}, {""word"": ""into"", ""timed_overlap"": 2, ""column_overlap"": 3}, {""word"": ""been"", ""timed_overlap"": 2, ""column_overlap"": 2}, {""word"": ""drawing"", ""timed_overlap"": 2, ""column_overlap"": 2}, {""word"": ""early"", ""timed_overlap"": 2, ""column_overlap"": 2}]",completed,82,10,0
500,469,neural,2,on,Wind,99,99,99,True,2,2,0,0,,106,"[{""word"": ""Wind"", ""timed_overlap"": 2, ""column_overlap"": 2}, {""word"": ""seen"", ""timed_overlap"": 2, ""column_overlap"": 2}, {""word"": ""pink"", ""timed_overlap"": 1, ""column_overlap"": 3}, {""word"": ""sit"", ""timed_overlap"": 1, ""column_overlap"": 3}, {""word"": ""rest"", ""timed_overlap"": 1, ""column_overlap"": 3}]",completed,98,98,0
500,469,neural,3,the,sorry,98,98,98,True,2,3,0,0,,97,"[{""word"": ""sorry"", ""timed_overlap"": 2, ""column_overlap"": 3}, {""word"": ""train"", ""timed_overlap"": 2, ""column_overlap"": 2}, {""word"": ""playing"", ""timed_overlap"": 2, ""column_overlap"": 2}, {""word"": ""even"", ""timed_overlap"": 1, ""column_overlap"": 4}, {""word"": ""terribly"", ""timed_overlap"": 1, ""column_overlap"": 3}]",completed,99,99,0
500,469,neural,4,fourth,apart,97,97,97,True,2,3,0,0,,121,"[{""word"": ""apart"", ""timed_overlap"": 2, ""column_overlap"": 3}, {""word"": ""-RSB-"", ""timed_overlap"": 2, ""column_overlap"": 2}, {""word"": ""III"", ""timed_overlap"": 2, ""column_overlap"": 2}, {""word"": ""ended"", ""timed_overlap"": 1, ""column_overlap"": 4}, {""word"": ""Don"", ""timed_overlap"": 1, ""column_overlap"": 4}]",completed,98,98,0
500,470,neural,1,",",it,99,99,99,True,2,4,0,0,,146,"[{""word"": ""it"", ""timed_overlap"": 2, ""column_overlap"": 4}, {""word"": ""cows"", ""timed_overlap"": 2, ""column_overlap"": 3}, {""word"": ""Squirrel"", ""timed_overlap"": 2, ""column_overlap"": 3}, {""word"": ""scoop"", ""timed_overlap"": 2, ""column_overlap"": 3}, {""word"": ""Ripple"", ""timed_overlap"": 2, ""column_overlap"": 3}]",completed,73,10,0
500,470,neural,2,my,teeth,100,100,100,True,2,3,0,0,,83,"[{""word"": ""teeth"", ""timed_overlap"": 2, ""column_overlap"": 3}, {""word"": ""one"", ""timed_overlap"": 2, ""column_overlap"": 2}, {""word"": ""feel"", ""timed_overlap"": 1, ""column_overlap"": 3}, {""word"": ""spied"", ""timed_overlap"": 1, ""column_overlap"": 2}, {""word"": ""feeling"", ""timed_overlap"": 1, ""column_overlap"": 2}]",completed,99,99,0
500,470,neural,3,lads,began,99,99,99,True,2,2,0,0,,94,"[{""word"": ""began"", ""timed_overlap"": 2, ""column_overlap"": 2}, {""word"": ""Carrots"", ""timed_overlap"": 2, ""column_overlap"": 2}, {""word"": ""to-morrow"", ""timed_overlap"": 1, ""column_overlap"": 4}, {""word"": ""approve"", ""timed_overlap"": 1, ""column_overlap"": 3}, {""word"": ""carriage"", ""timed_overlap"": 1, ""column_overlap"": 3}]",completed,100,100,0
500,470,neural,4,.,snowshoeing,98,98,98,True,2,3,0,0,,118,"[{""word"": ""snowshoeing"", ""timed_overlap"": 2, ""column_overlap"": 3}, {""word"": ""oh"", ""timed_overlap"": 2, ""column_overlap"": 2}, {""word"": ""spear"", ""timed_overlap"": 2, ""column_overlap"": 2}, {""word"": ""forget"", ""timed_overlap"": 1, ""column_overlap"": 5}, {""word"": ""foremost"", ""timed_overlap"": 1, ""column_overlap"": 4}]",completed,99,99,0
500,471,neural,1,here,been,99,99,99,True,3,4,0,0,,99,"[{""word"": ""been"", ""timed_overlap"": 3, ""column_overlap"": 4}, {""word"": ""thumb"", ""timed_overlap"": 2, ""column_overlap"": 2}, {""word"": ""bad"", ""timed_overlap"": 1, ""column_overlap"": 3}, {""word"": ""imps"", ""timed_overlap"": 1, ""column_overlap"": 3}, {""word"": ""silence"", ""timed_overlap"": 1, ""column_overlap"": 3}]",completed,82,10,0
500,471,neural,2,",",Quicksilver,100,100,100,True,2,3,0,0,,63,"[{""word"": ""Quicksilver"", ""timed_overlap"": 2, ""column_overlap"": 3}, {""word"": ""ago"", ""timed_overlap"": 2, ""column_overlap"": 2}, {""word"": ""ate"", ""timed_overlap"": 1, ""column_overlap"": 3}, {""word"": ""chair"", ""timed_overlap"": 1, ""column_overlap"": 2}, {""word"": ""chance"", ""timed_overlap"": 1, ""column_overlap"": 2}]",completed,99,99,0
500,471,neural,3,honey,tired,99,99,99,True,2,3,0,0,,116,"[{""word"": ""tired"", ""timed_overlap"": 2, ""column_overlap"": 3}, {""word"": ""thousand"", ""timed_overlap"": 2, ""column_overlap"": 3}, {""word"": ""by"", ""timed_overlap"": 2, ""column_overlap"": 3}, {""word"": ""King"", ""timed_overlap"": 2, ""column_overlap"": 2}, {""word"": ""apart"", ""timed_overlap"": 2, ""column_overlap"": 2}]",completed,100,100,0
500,471,neural,4,!,terrify,99,99,99,True,2,5,1,2,33,131,"[{""word"": ""terrify"", ""timed_overlap"": 2, ""column_overlap"": 5}, {""word"": ""In"", ""timed_overlap"": 2, ""column_overlap"": 3}, {""word"": ""Millie"", ""timed_overlap"": 2, ""column_overlap"": 3}, {""word"": ""fixed"", ""timed_overlap"": 2, ""column_overlap"": 2}, {""word"": ""tittered"", ""timed_overlap"": 2, ""column_overlap"": 2}]",completed,99,99,0
500,472,neural,1,he,'',100,100,100,True,2,2,2,2,2,121,"[{""word"": ""''"", ""timed_overlap"": 2, ""column_overlap"": 2}, {""word"": ""he"", ""timed_overlap"": 2, ""column_overlap"": 2}, {""word"": ""inches"", ""timed_overlap"": 1, ""column_overlap"": 4}, {""word"": ""those"", ""timed_overlap"": 1, ""column_overlap"": 4}, {""word"": ""own"", ""timed_overlap"": 1, ""column_overlap"": 3}]",completed,82,10,0
500,472,neural,2,had,paw,100,100,100,True,2,2,0,0,,104,"[{""word"": ""paw"", ""timed_overlap"": 2, ""column_overlap"": 2}, {""word"": ""snowshoeing"", ""timed_overlap"": 2, ""column_overlap"": 2}, {""word"": ""people"", ""timed_overlap"": 2, ""column_overlap"": 2}, {""word"": ""dear"", ""timed_overlap"": 1, ""column_overlap"": 4}, {""word"": ""Lida"", ""timed_overlap"": 1, ""column_overlap"": 3}]",completed,100,100,0
500,472,neural,3,the,name,100,100,100,True,2,3,0,0,,100,"[{""word"": ""name"", ""timed_overlap"": 2, ""column_overlap"": 3}, {""word"": ""fellow"", ""timed_overlap"": 2, ""column_overlap"": 3}, {""word"": ""Dacca"", ""timed_overlap"": 2, ""column_overlap"": 2}, {""word"": ""but"", ""timed_overlap"": 2, ""column_overlap"": 2}, {""word"": ""hanging"", ""timed_overlap"": 2, ""column_overlap"": 2}]",completed,100,100,0
500,472,neural,4,audacity,pleased,100,100,100,True,2,3,0,0,,103,"[{""word"": ""pleased"", ""timed_overlap"": 2, ""column_overlap"": 3}, {""word"": ""however"", ""timed_overlap"": 2, ""column_overlap"": 3}, {""word"": ""With"", ""timed_overlap"": 2, ""column_overlap"": 2}, {""word"": ""for"", ""timed_overlap"": 2, ""column_overlap"": 2}, {""word"": ""First"", ""timed_overlap"": 2, ""column_overlap"": 2}]",completed,100,100,0
500,473,neural,1,she,lump,100,100,100,True,2,2,0,0,,90,"[{""word"": ""lump"", ""timed_overlap"": 2, ""column_overlap"": 2}, {""word"": ""soon"", ""timed_overlap"": 2, ""column_overlap"": 2}, {""word"": ""forbidden"", ""timed_overlap"": 1, ""column_overlap"": 3}, {""word"": ""commanded"", ""timed_overlap"": 1, ""column_overlap"": 3}, {""word"": ""lady"", ""timed_overlap"": 1, ""column_overlap"": 3}]",completed,82,10,0
500,473,neural,2,died,should,100,100,100,True,2,2,0,0,,97,"[{""word"": ""should"", ""timed_overlap"": 2, ""column_overlap"": 2}, {""word"": ""poured"", ""timed_overlap"": 2, ""column_overlap"": 2}, {""word"": ""stern"", ""timed_overlap"": 2, ""column_overlap"": 2}, {""word"": ""A"", ""timed_overlap"": 2, ""column_overlap"": 2}, {""word"": ""clouded"", ""timed_overlap"": 1, ""column_overlap"": 4}]",completed,100,100,0
500,473,neural,3,",",closing,99,99,99,True,2,2,0,0,,93,"[{""word"": ""closing"", ""timed_overlap"": 2, ""column_overlap"": 2}, {""word"": ""creature"", ""timed_overlap"": 1, ""column_overlap"": 3}, {""word"": ""satisfied"", ""timed_overlap"": 1, ""column_overlap"": 3}, {""word"": ""Carrots"", ""timed_overlap"": 1, ""column_overlap"": 3}, {""word"": ""flowers"", ""timed_overlap"": 1, ""column_overlap"": 2}]",completed,100,100,0
500,473,neural,4,imploring,me,98,98,98,True,2,3,0,0,,98,"[{""word"": ""me"", ""timed_overlap"": 2, ""column_overlap"": 3}, {""word"": ""coming"", ""timed_overlap"": 2, ""column_overlap"": 3}, {""word"": ""say"", ""timed_overlap"": 2, ""column_overlap"": 2}, {""word"": ""Sue"", ""timed_overlap"": 2, ""column_overlap"": 2}, {""word"": ""Ben"", ""timed_overlap"": 2, ""column_overlap"": 2}]",completed,99,99,0
500,474,neural,1,she,says,99,99,99,True,2,3,0,0,,105,"[{""word"": ""says"", ""timed_overlap"": 2, ""column_overlap"": 3}, {""word"": ""door"", ""timed_overlap"": 2, ""column_overlap"": 3}, {""word"": ""Blair"", ""timed_overlap"": 2, ""column_overlap"": 2}, {""word"": ""VI"", ""timed_overlap"": 2, ""column_overlap"": 2}, {""word"": ""sign"", ""timed_overlap"": 1, ""column_overlap"": 4}]",completed,82,10,0
500,474,neural,2,had,value,100,100,100,True,2,4,0,0,,119,"[{""word"": ""value"", ""timed_overlap"": 2, ""column_overlap"": 4}, {""word"": ""sensible"", ""timed_overlap"": 2, ""column_overlap"": 2}, {""word"": ""unexpected"", ""timed_overlap"": 2, ""column_overlap"": 2}, {""word"": ""herring"", ""timed_overlap"": 2, ""column_overlap"": 2}, {""word"": ""below"", ""timed_overlap"": 2, ""column_overlap"": 2}]",completed,99,99,0
500,474,neural,3,a,forbidden,97,97,97,True,2,3,0,0,,83,"[{""word"": ""forbidden"", ""timed_overlap"": 2, ""column_overlap"": 3}, {""word"": ""At"", ""timed_overlap"": 2, ""column_overlap"": 2}, {""word"": ""hate"", ""timed_overlap"": 2, ""column_overlap"": 2}, {""word"": ""Why"", ""timed_overlap"": 2, ""column_overlap"": 2}, {""word"": ""shook"", ""timed_overlap"": 1, ""column_overlap"": 4}]",completed,100,100,0
500,474,neural,4,letter,nurse,100,100,100,True,2,3,0,0,,99,"[{""word"": ""nurse"", ""timed_overlap"": 2, ""column_overlap"": 3}, {""word"": ""III"", ""timed_overlap"": 2, ""column_overlap"": 3}, {""word"": ""price"", ""timed_overlap"": 2, ""column_overlap"": 2}, {""word"": ""Why"", ""timed_overlap"": 2, ""column_overlap"": 2}, {""word"": ""An"", ""timed_overlap"": 1, ""column_overlap"": 4}]",completed,97,97,0
500,475,neural,1,Betty,Pekoe,100,100,100,True,2,4,1,1,39,97,"[{""word"": ""Pekoe"", ""timed_overlap"": 2, ""column_overlap"": 4}, {""word"": ""heard"", ""timed_overlap"": 2, ""column_overlap"": 3}, {""word"": ""and"", ""timed_overlap"": 2, ""column_overlap"": 2}, {""word"": ""too"", ""timed_overlap"": 2, ""column_overlap"": 2}, {""word"": ""beckoned"", ""timed_overlap"": 1, ""column_overlap"": 3}]",completed,82,10,0
500,475,neural,2,had,Nobody,99,99,99,True,2,3,0,0,,71,"[{""word"": ""Nobody"", ""timed_overlap"": 2, ""column_overlap"": 3}, {""word"": ""only"", ""timed_overlap"": 2, ""column_overlap"": 3}, {""word"": ""writing"", ""timed_overlap"": 2, ""column_overlap"": 2}, {""word"": ""Priscilla"", ""timed_overlap"": 1, ""column_overlap"": 3}, {""word"": ""On"", ""timed_overlap"": 1, ""column_overlap"": 2}]",completed,100,100,0
500,475,neural,3,been,anxious,98,98,98,True,1,3,0,0,,116,"[{""word"": ""anxious"", ""timed_overlap"": 1, ""column_overlap"": 3}, {""word"": ""lifting"", ""timed_overlap"": 1, ""column_overlap"": 3}, {""word"": ""underneath"", ""timed_overlap"": 1, ""column_overlap"": 3}, {""word"": ""mercy"", ""timed_overlap"": 1, ""column_overlap"": 3}, {""word"": ""thundered"", ""timed_overlap"": 1, ""column_overlap"": 3}]",completed,99,99,0
500,475,neural,4,playing,without,100,100,100,True,2,2,0,0,,99,"[{""word"": ""without"", ""timed_overlap"": 2, ""column_overlap"": 2}, {""word"": ""Sometimes"", ""timed_overlap"": 2, ""column_overlap"": 2}, {""word"": ""terribly"", ""timed_overlap"": 1, ""column_overlap"": 4}, {""word"": ""care"", ""timed_overlap"": 1, ""column_overlap"": 3}, {""word"": ""once"", ""timed_overlap"": 1, ""column_overlap"": 3}]",completed,98,98,0
500,476,neural,1,",",flies,98,98,98,True,2,4,0,0,,119,"[{""word"": ""flies"", ""timed_overlap"": 2, ""column_overlap"": 4}, {""word"": ""frog"", ""timed_overlap"": 2, ""column_overlap"": 2}, {""word"": ""Seek"", ""timed_overlap"": 2, ""column_overlap"": 2}, {""word"": ""hearse"", ""timed_overlap"": 2, ""column_overlap"": 2}, {""word"": ""value"", ""timed_overlap"": 1, ""column_overlap"": 5}]",completed,73,10,0
500,476,neural,2,and,stern,100,100,100,True,1,3,0,0,,87,"[{""word"": ""stern"", ""timed_overlap"": 1, ""column_overlap"": 3}, {""word"": ""Here"", ""timed_overlap"": 1, ""column_overlap"": 3}, {""word"": ""GRACIOSA"", ""timed_overlap"": 1, ""column_overlap"": 3}, {""word"": ""minister"", ""timed_overlap"": 1, ""column_overlap"": 3}, {""word"": ""Each"", ""timed_overlap"": 1, ""column_overlap"": 3}]",completed,98,98,0
500,476,neural,3,has,gay,96,96,96,True,2,2,0,0,,84,"[{""word"": ""gay"", ""timed_overlap"": 2, ""column_overlap"": 2}, {""word"": ""tents"", ""timed_overlap"": 1, ""column_overlap"": 4}, {""word"": ""dragging"", ""timed_overlap"": 1, ""column_overlap"": 3}, {""word"": ""something"", ""timed_overlap"": 1, ""column_overlap"": 3}, {""word"": ""Kim"", ""timed_overlap"": 1, ""column_overlap"": 3}]",completed,100,100,0
500,476,neural,4,brought,mercy,98,98,98,True,1,3,0,0,,87,"[{""word"": ""mercy"", ""timed_overlap"": 1, ""column_overlap"": 3}, {""word"": ""III"", ""timed_overlap"": 1, ""column_overlap"": 3}, {""word"": ""gathering"", ""timed_overlap"": 1, ""column_overlap"": 2}, {""word"": ""caress"", ""timed_overlap"": 1, ""column_overlap"": 2}, {""word"": ""went"", ""timed_overlap"": 1, ""column_overlap"": 2}]",completed,96,96,0
500,477,neural,1,ceased,Felicity,98,98,98,True,2,3,0,0,,115,"[{""word"": ""Felicity"", ""timed_overlap"": 2, ""column_overlap"": 3}, {""word"": ""Skunk"", ""timed_overlap"": 2, ""column_overlap"": 3}, {""word"": ""ruin"", ""timed_overlap"": 2, ""column_overlap"": 2}, {""word"": ""Williamson"", ""timed_overlap"": 2, ""column_overlap"": 2}, {""word"": ""strange"", ""timed_overlap"": 2, ""column_overlap"": 2}]",completed,82,10,0
500,477,neural,2,to,fellow,100,100,100,True,1,3,0,0,,81,"[{""word"": ""fellow"", ""timed_overlap"": 1, ""column_overlap"": 3}, {""word"": ""Jo"", ""timed_overlap"": 1, ""column_overlap"": 3}, {""word"": ""monotonous"", ""timed_overlap"": 1, ""column_overlap"": 3}, {""word"": ""Bassett"", ""timed_overlap"": 1, ""column_overlap"": 3}, {""word"": ""disagreeable"", ""timed_overlap"": 1, ""column_overlap"": 3}]",completed,98,98,0
500,477,neural,3,hunt,fair,98,98,98,True,2,2,0,0,,88,"[{""word"": ""fair"", ""timed_overlap"": 2, ""column_overlap"": 2}, {""word"": ""fairy"", ""timed_overlap"": 2, ""column_overlap"": 2}, {""word"": ""maidens"", ""timed_overlap"": 2, ""column_overlap"": 2}, {""word"": ""particular"", ""timed_overlap"": 2, ""column_overlap"": 2}, {""word"": ""thoughtful"", ""timed_overlap"": 2, ""column_overlap"": 2}]",completed,100,100,0
500,477,neural,4,for,hard,99,99,99,True,2,3,0,0,,103,"[{""word"": ""hard"", ""timed_overlap"": 2, ""column_overlap"": 3}, {""word"": ""lay"", ""timed_overlap"": 2, ""column_overlap"": 2}, {""word"": ""talks"", ""timed_overlap"": 2, ""column_overlap"": 2}, {""word"": ""boy"", ""timed_overlap"": 1, ""column_overlap"": 4}, {""word"": ""Quicksilver"", ""timed_overlap"": 1, ""column_overlap"": 4}]",completed,98,98,0
500,478,neural,1,eat,be,100,100,100,True,3,3,0,0,,83,"[{""word"": ""be"", ""timed_overlap"": 3, ""column_overlap"": 3}, {""word"": ""mean"", ""timed_overlap"": 2, ""column_overlap"": 3}, {""word"": ""ladylike"", ""timed_overlap"": 2, ""column_overlap"": 2}, {""word"": ""me"", ""timed_overlap"": 2, ""column_overlap"": 2}, {""word"": ""Regiment"", ""timed_overlap"": 1, ""column_overlap"": 3}]",completed,73,10,0
500,478,neural,2,",",felt,100,100,100,True,2,2,0,0,,97,"[{""word"": ""felt"", ""timed_overlap"": 2, ""column_overlap"": 2}, {""word"": ""Bozzaris"", ""timed_overlap"": 1, ""column_overlap"": 3}, {""word"": ""thumb"", ""timed_overlap"": 1, ""column_overlap"": 3}, {""word"": ""Instead"", ""timed_overlap"": 1, ""column_overlap"": 3}, {""word"": ""saw"", ""timed_overlap"": 1, ""column_overlap"": 2}]",completed,100,100,0
500,478,neural,3,and,green,99,99,99,True,3,3,0,0,,118,"[{""word"": ""green"", ""timed_overlap"": 3, ""column_overlap"": 3}, {""word"": ""Pretty"", ""timed_overlap"": 2, ""column_overlap"": 3}, {""word"": ""welcome"", ""timed_overlap"": 1, ""column_overlap"": 4}, {""word"": ""dropped"", ""timed_overlap"": 1, ""column_overlap"": 4}, {""word"": ""thumb"", ""timed_overlap"": 1, ""column_overlap"": 3}]",completed,100,100,0
500,478,neural,4,only,spur,96,96,96,True,3,3,0,0,,94,"[{""word"": ""spur"", ""timed_overlap"": 3, ""column_overlap"": 3}, {""word"": ""make"", ""timed_overlap"": 2, ""column_overlap"": 3}, {""word"": ""Tribe"", ""timed_overlap"": 2, ""column_overlap"": 2}, {""word"": ""swearing"", ""timed_overlap"": 1, ""column_overlap"": 4}, {""word"": ""hive"", ""timed_overlap"": 1, ""column_overlap"": 4}]",completed,99,99,0
500,479,neural,1,to,Davy,98,98,98,True,2,3,0,0,,137,"[{""word"": ""Davy"", ""timed_overlap"": 2, ""column_overlap"": 3}, {""word"": ""train"", ""timed_overlap"": 2, ""column_overlap"": 3}, {""word"": ""probably"", ""timed_overlap"": 2, ""column_overlap"": 3}, {""word"": ""sentence"", ""timed_overlap"": 2, ""column_overlap"": 2}, {""word"": ""more"", ""timed_overlap"": 2, ""column_overlap"": 2}]",completed,73,10,0
500,479,neural,2,put,paw,100,100,100,True,2,4,0,0,,98,"[{""word"": ""paw"", ""timed_overlap"": 2, ""column_overlap"": 4}, {""word"": ""Clow"", ""timed_overlap"": 2, ""column_overlap"": 3}, {""word"": ""Behind"", ""timed_overlap"": 2, ""column_overlap"": 2}, {""word"": ""mean"", ""timed_overlap"": 2, ""column_overlap"": 2}, {""word"": ""Tales"", ""timed_overlap"": 2, ""column_overlap"": 2}]",completed,98,98,0
500,479,neural,3,off,nothing,100,100,100,True,2,2,0,0,,92,"[{""word"": ""nothing"", ""timed_overlap"": 2, ""column_overlap"": 2}, {""word"": ""apart"", ""timed_overlap"": 2, ""column_overlap"": 2}, {""word"": ""up"", ""timed_overlap"": 2, ""column_overlap"": 2}, {""word"": ""disrepitable"", ""timed_overlap"": 1, ""column_overlap"": 4}, {""word"": ""Miss"", ""timed_overlap"": 1, ""column_overlap"": 3}]",completed,100,100,0
500,479,neural,4,disagreeable,bronze,97,97,97,True,2,2,0,0,,87,"[{""word"": ""bronze"", ""timed_overlap"": 2, ""column_overlap"": 2}, {""word"": ""treat"", ""timed_overlap"": 2, ""column_overlap"": 2}, {""word"": ""caught"", ""timed_overlap"": 2, ""column_overlap"": 2}, {""word"": ""Why"", ""timed_overlap"": 1, ""column_overlap"": 3}, {""word"": ""pursuit"", ""timed_overlap"": 1, ""column_overlap"": 3}]",completed,100,100,0
500,480,neural,1,prettier,sustaining,100,100,100,True,2,2,0,0,,81,"[{""word"": ""sustaining"", ""timed_overlap"": 2, ""column_overlap"": 2}, {""word"": ""Straight"", ""timed_overlap"": 2, ""column_overlap"": 2}, {""word"": ""soon"", ""timed_overlap"": 2, ""column_overlap"": 2}, {""word"": ""Scott"", ""timed_overlap"": 1, ""column_overlap"": 3}, {""word"": ""shoulders"", ""timed_overlap"": 1, ""column_overlap"": 3}]",completed,82,10,0
500,480,neural,2,than,To,100,100,100,True,2,4,0,0,,119,"[{""word"": ""To"", ""timed_overlap"": 2, ""column_overlap"": 4}, {""word"": ""Bill"", ""timed_overlap"": 1, ""column_overlap"": 4}, {""word"": ""At"", ""timed_overlap"": 1, ""column_overlap"": 3}, {""word"": ""In"", ""timed_overlap"": 1, ""column_overlap"": 3}, {""word"": ""These"", ""timed_overlap"": 1, ""column_overlap"": 3}]",completed,100,100,0
500,480,neural,3,ever,soon,97,97,97,True,2,2,1,2,32,133,"[{""word"": ""soon"", ""timed_overlap"": 2, ""column_overlap"": 2}, {""word"": ""something"", ""timed_overlap"": 2, ""column_overlap"": 2}, {""word"": ""more"", ""timed_overlap"": 2, ""column_overlap"": 2}, {""word"": ""It"", ""timed_overlap"": 1, ""column_overlap"": 4}, {""word"": ""prettier"", ""timed_overlap"": 1, ""column_overlap"": 3}]",completed,100,100,0
500,480,neural,4,.,with,97,97,97,True,1,4,0,0,,122,"[{""word"": ""with"", ""timed_overlap"": 1, ""column_overlap"": 4}, {""word"": ""window"", ""timed_overlap"": 1, ""column_overlap"": 4}, {""word"": ""chime"", ""timed_overlap"": 1, ""column_overlap"": 3}, {""word"": ""blades"", ""timed_overlap"": 1, ""column_overlap"": 3}, {""word"": ""for"", ""timed_overlap"": 1, ""column_overlap"": 3}]",completed,97,97,0
500,481,neural,1,some,laid,100,100,100,True,2,3,0,0,,97,"[{""word"": ""laid"", ""timed_overlap"": 2, ""column_overlap"": 3}, {""word"": ""can"", ""timed_overlap"": 2, ""column_overlap"": 2}, {""word"": ""Lung"", ""timed_overlap"": 2, ""column_overlap"": 2}, {""word"": ""bait"", ""timed_overlap"": 2, ""column_overlap"": 2}, {""word"": ""sit"", ""timed_overlap"": 1, ""column_overlap"": 4}]",completed,91,10,0
500,481,neural,2,flowers,till,100,100,100,True,3,3,0,0,,104,"[{""word"": ""till"", ""timed_overlap"": 3, ""column_overlap"": 3}, {""word"": ""moment"", ""timed_overlap"": 2, ""column_overlap"": 3}, {""word"": ""Miss"", ""timed_overlap"": 2, ""column_overlap"": 3}, {""word"": ""some"", ""timed_overlap"": 2, ""column_overlap"": 2}, {""word"": ""Sooty"", ""timed_overlap"": 2, ""column_overlap"": 2}]",completed,100,100,0
500,481,neural,3,to,Lida,96,96,96,True,2,3,0,0,,109,"[{""word"": ""Lida"", ""timed_overlap"": 2, ""column_overlap"": 3}, {""word"": ""satisfied"", ""timed_overlap"": 2, ""column_overlap"": 3}, {""word"": ""gulps"", ""timed_overlap"": 2, ""column_overlap"": 2}, {""word"": ""tell"", ""timed_overlap"": 1, ""column_overlap"": 5}, {""word"": ""David"", ""timed_overlap"": 1, ""column_overlap"": 4}]",completed,100,100,0
500,481,neural,4,stick,Parsee,99,99,99,True,2,2,0,0,,114,"[{""word"": ""Parsee"", ""timed_overlap"": 2, ""column_overlap"": 2}, {""word"": ""pink"", ""timed_overlap"": 2, ""column_overlap"": 2}, {""word"": ""soft"", ""timed_overlap"": 2, ""column_overlap"": 2}, {""word"": ""Wildrose"", ""timed_overlap"": 1, ""column_overlap"": 3}, {""word"": ""want"", ""timed_overlap"": 1, ""column_overlap"": 3}]",completed,96,96,0
500,482,neural,1,ground,Sometimes,100,100,100,True,2,3,0,0,,123,"[{""word"": ""Sometimes"", ""timed_overlap"": 2, ""column_overlap"": 3}, {""word"": ""hive"", ""timed_overlap"": 2, ""column_overlap"": 3}, {""word"": ""Sammy"", ""timed_overlap"": 2, ""column_overlap"": 2}, {""word"": ""tell"", ""timed_overlap"": 2, ""column_overlap"": 2}, {""word"": ""door"", ""timed_overlap"": 2, ""column_overlap"": 2}]",completed,73,10,0
500,482,neural,2,",",certain,100,100,100,True,2,3,0,0,,94,"[{""word"": ""certain"", ""timed_overlap"": 2, ""column_overlap"": 3}, {""word"": ""butter"", ""timed_overlap"": 1, ""column_overlap"": 4}, {""word"": ""Felicity"", ""timed_overlap"": 1, ""column_overlap"": 3}, {""word"": ""thinks"", ""timed_overlap"": 1, ""column_overlap"": 3}, {""word"": ""squishing"", ""timed_overlap"": 1, ""column_overlap"": 3}]",completed,100,100,0
500,482,neural,3,and,--,100,100,100,True,2,2,0,0,,100,"[{""word"": ""--"", ""timed_overlap"": 2, ""column_overlap"": 2}, {""word"": ""rejoined"", ""timed_overlap"": 2, ""column_overlap"": 2}, {""word"": ""Put"", ""timed_overlap"": 2, ""column_overlap"": 2}, {""word"": ""But"", ""timed_overlap"": 2, ""column_overlap"": 2}, {""word"": ""easel"", ""timed_overlap"": 1, ""column_overlap"": 4}]",completed,100,100,0
500,482,neural,4,out,snowshoeing,98,98,98,True,2,4,0,0,,121,"[{""word"": ""snowshoeing"", ""timed_overlap"": 2, ""column_overlap"": 4}, {""word"": ""Bessy"", ""timed_overlap"": 2, ""column_overlap"": 3}, {""word"": ""Oh"", ""timed_overlap"": 2, ""column_overlap"": 2}, {""word"": ""departs"", ""timed_overlap"": 2, ""column_overlap"": 2}, {""word"": ""Felicity"", ""timed_overlap"": 2, ""column_overlap"": 2}]",completed,100,100,0
500,483,neural,1,to,to,98,98,98,True,2,2,2,2,1,111,"[{""word"": ""to"", ""timed_overlap"": 2, ""column_overlap"": 2}, {""word"": ""Taffy"", ""timed_overlap"": 2, ""column_overlap"": 2}, {""word"": ""foremost"", ""timed_overlap"": 2, ""column_overlap"": 2}, {""word"": ""Trevor"", ""timed_overlap"": 2, ""column_overlap"": 2}, {""word"": ""should"", ""timed_overlap"": 2, ""column_overlap"": 2}]",completed,82,10,0
500,483,neural,2,Elizabeth,new,100,100,100,True,3,4,0,0,,97,"[{""word"": ""new"", ""timed_overlap"": 3, ""column_overlap"": 4}, {""word"": ""birds"", ""timed_overlap"": 2, ""column_overlap"": 3}, {""word"": ""going"", ""timed_overlap"": 2, ""column_overlap"": 2}, {""word"": ""faithfully"", ""timed_overlap"": 2, ""column_overlap"": 2}, {""word"": ""heard"", ""timed_overlap"": 2, ""column_overlap"": 2}]",completed,98,98,0
500,483,neural,3,and,belt,98,98,98,True,2,3,0,0,,107,"[{""word"": ""belt"", ""timed_overlap"": 2, ""column_overlap"": 3}, {""word"": ""gray"", ""timed_overlap"": 2, ""column_overlap"": 2}, {""word"": ""-RSB-"", ""timed_overlap"": 2, ""column_overlap"": 2}, {""word"": ""ate"", ""timed_overlap"": 2, ""column_overlap"": 2}, {""word"": ""golden"", ""timed_overlap"": 2, ""column_overlap"": 2}]",completed,100,100,0
500,483,neural,4,asked,length,99,99,99,True,2,4,0,0,,91,"[{""word"": ""length"", ""timed_overlap"": 2, ""column_overlap"": 4}, {""word"": ""course"", ""timed_overlap"": 2, ""column_overlap"": 2}, {""word"": ""approve"", ""timed_overlap"": 1, ""column_overlap"": 3}, {""word"": ""lump"", ""timed_overlap"": 1, ""column_overlap"": 3}, {""word"": ""except"", ""timed_overlap"": 1, ""column_overlap"": 3}]",completed,98,98,0
500,484,neural,1,here,Thus,99,99,99,True,2,3,2,2,7,127,"[{""word"": ""Thus"", ""timed_overlap"": 2, ""column_overlap"": 3}, {""word"": ""enchanted"", ""timed_overlap"": 2, ""column_overlap"": 3}, {""word"": ""Our"", ""timed_overlap"": 2, ""column_overlap"": 3}, {""word"": ""Taylor"", ""timed_overlap"": 2, ""column_overlap"": 2}, {""word"": ""other"", ""timed_overlap"": 2, ""column_overlap"": 2}]",completed,91,10,0
500,484,neural,2,",",Put,100,100,100,True,2,3,0,0,,94,"[{""word"": ""Put"", ""timed_overlap"": 2, ""column_overlap"": 3}, {""word"": ""awake"", ""timed_overlap"": 2, ""column_overlap"": 2}, {""word"": ""-LCB-"", ""timed_overlap"": 1, ""column_overlap"": 4}, {""word"": ""sword"", ""timed_overlap"": 1, ""column_overlap"": 4}, {""word"": ""moment"", ""timed_overlap"": 1, ""column_overlap"": 3}]",completed,99,99,0
500,484,neural,3,it,fought,98,98,98,True,2,2,0,0,,88,"[{""word"": ""fought"", ""timed_overlap"": 2, ""column_overlap"": 2}, {""word"": ""green"", ""timed_overlap"": 2, ""column_overlap"": 2}, {""word"": ""accounts"", ""timed_overlap"": 2, ""column_overlap"": 2}, {""word"": ""early"", ""timed_overlap"": 2, ""column_overlap"": 2}, {""word"": ""Miss"", ""timed_overlap"": 2, ""column_overlap"": 2}]",completed,100,100,0
500,484,neural,4,seems,turns,99,99,99,True,1,3,0,0,,83,"[{""word"": ""turns"", ""timed_overlap"": 1, ""column_overlap"": 3}, {""word"": ""I"", ""timed_overlap"": 1, ""column_overlap"": 3}, {""word"": ""said"", ""timed_overlap"": 1, ""column_overlap"": 3}, {""word"": ""feel"", ""timed_overlap"": 1, ""column_overlap"": 2}, {""word"": ""some"", ""timed_overlap"": 1, ""column_overlap"": 2}]",completed,98,98,0
500,485,neural,1,noticed,She,100,100,100,True,2,2,0,0,,110,"[{""word"": ""She"", ""timed_overlap"": 2, ""column_overlap"": 2}, {""word"": ""''"", ""timed_overlap"": 2, ""column_overlap"": 2}, {""word"": ""those"", ""timed_overlap"": 1, ""column_overlap"": 4}, {""word"": ""care"", ""timed_overlap"": 1, ""column_overlap"": 4}, {""word"": ""own"", ""timed_overlap"": 1, ""column_overlap"": 4}]",completed,91,10,0
500,485,neural,2,the,Sara,99,99,99,True,2,3,0,0,,70,"[{""word"": ""Sara"", ""timed_overlap"": 2, ""column_overlap"": 3}, {""word"": ""close"", ""timed_overlap"": 2, ""column_overlap"": 2}, {""word"": ""said"", ""timed_overlap"": 2, ""column_overlap"": 2}, {""word"": ""marry"", ""timed_overlap"": 1, ""column_overlap"": 3}, {""word"": ""Lapsing"", ""timed_overlap"": 1, ""column_overlap"": 2}]",completed,100,100,0
500,485,neural,3,Story,Herr,98,98,98,True,2,2,0,0,,90,"[{""word"": ""Herr"", ""timed_overlap"": 2, ""column_overlap"": 2}, {""word"": ""flowers"", ""timed_overlap"": 2, ""column_overlap"": 2}, {""word"": ""believe"", ""timed_overlap"": 2, ""column_overlap"": 2}, {""word"": ""bag"", ""timed_overlap"": 1, ""column_overlap"": 3}, {""word"": ""earthly"", ""timed_overlap"": 1, ""column_overlap"": 3}]",completed,99,99,0
500,485,neural,4,Girl,departs,97,97,97,True,2,2,0,0,,120,"[{""word"": ""departs"", ""timed_overlap"": 2, ""column_overlap"": 2}, {""word"": ""witch"", ""timed_overlap"": 2, ""column_overlap"": 2}, {""word"": ""whistle"", ""timed_overlap"": 2, ""column_overlap"": 2}, {""word"": ""beautiful"", ""timed_overlap"": 2, ""column_overlap"": 2}, {""word"": ""Ida"", ""timed_overlap"": 2, ""column_overlap"": 2}]",completed,98,98,0
500,486,neural,1,the,need,100,100,100,True,2,3,1,2,64,130,"[{""word"": ""need"", ""timed_overlap"": 2, ""column_overlap"": 3}, {""word"": ""pride"", ""timed_overlap"": 2, ""column_overlap"": 3}, {""word"": ""that"", ""timed_overlap"": 2, ""column_overlap"": 3}, {""word"": ""gallant"", ""timed_overlap"": 2, ""column_overlap"": 2}, {""word"": ""ones"", ""timed_overlap"": 2, ""column_overlap"": 2}]",completed,73,10,0
500,486,neural,2,church,once,100,100,100,True,1,3,0,0,,80,"[{""word"": ""once"", ""timed_overlap"": 1, ""column_overlap"": 3}, {""word"": ""did"", ""timed_overlap"": 1, ""column_overlap"": 3}, {""word"": ""hunt"", ""timed_overlap"": 1, ""column_overlap"": 3}, {""word"": ""chop"", ""timed_overlap"": 1, ""column_overlap"": 3}, {""word"": ""'ve"", ""timed_overlap"": 1, ""column_overlap"": 2}]",completed,100,100,0
500,486,neural,3,",",Nobody,99,99,99,True,2,4,0,0,,113,"[{""word"": ""Nobody"", ""timed_overlap"": 2, ""column_overlap"": 4}, {""word"": ""Kindly"", ""timed_overlap"": 2, ""column_overlap"": 3}, {""word"": ""Very"", ""timed_overlap"": 2, ""column_overlap"": 3}, {""word"": ""Magyars"", ""timed_overlap"": 2, ""column_overlap"": 3}, {""word"": ""recovered"", ""timed_overlap"": 2, ""column_overlap"": 3}]",completed,100,100,0
500,486,neural,4,but,hopes,98,98,98,True,3,3,0,0,,115,"[{""word"": ""hopes"", ""timed_overlap"": 3, ""column_overlap"": 3}, {""word"": ""Good-bye"", ""timed_overlap"": 2, ""column_overlap"": 2}, {""word"": ""hopelessly"", ""timed_overlap"": 2, ""column_overlap"": 2}, {""word"": ""somehow"", ""timed_overlap"": 2, ""column_overlap"": 2}, {""word"": ""ended"", ""timed_overlap"": 1, ""column_overlap"": 3}]",completed,99,99,0
500,487,neural,1,hot,heard,100,100,100,True,3,3,0,0,,113,"[{""word"": ""heard"", ""timed_overlap"": 3, ""column_overlap"": 3}, {""word"": ""Pekoe"", ""timed_overlap"": 2, ""column_overlap"": 4}, {""word"": ""catechism"", ""timed_overlap"": 2, ""column_overlap"": 3}, {""word"": ""and"", ""timed_overlap"": 2, ""column_overlap"": 2}, {""word"": ""him"", ""timed_overlap"": 2, ""column_overlap"": 2}]",completed,73,10,0
500,487,neural,2,from,Bessy,100,100,100,True,2,3,1,1,81,85,"[{""word"": ""Bessy"", ""timed_overlap"": 2, ""column_overlap"": 3}, {""word"": ""blue"", ""timed_overlap"": 1, ""column_overlap"": 4}, {""word"": ""walls"", ""timed_overlap"": 1, ""column_overlap"": 3}, {""word"": ""only"", ""timed_overlap"": 1, ""column_overlap"": 3}, {""word"": ""his"", ""timed_overlap"": 1, ""column_overlap"": 3}]",completed,100,100,0
500,487,neural,3,the,spur,99,99,99,True,2,2,0,0,,94,"[{""word"": ""spur"", ""timed_overlap"": 2, ""column_overlap"": 2}, {""word"": ""habit"", ""timed_overlap"": 2, ""column_overlap"": 2}, {""word"": ""snowshoeing"", ""timed_overlap"": 2, ""column_overlap"": 2}, {""word"": ""Lynde"", ""timed_overlap"": 1, ""column_overlap"": 4}, {""word"": ""chair"", ""timed_overlap"": 1, ""column_overlap"": 4}]",completed,100,100,0
500,487,neural,4,long,Kim,97,97,97,True,2,2,0,0,,112,"[{""word"": ""Kim"", ""timed_overlap"": 2, ""column_overlap"": 2}, {""word"": ""save"", ""timed_overlap"": 2, ""column_overlap"": 2}, {""word"": ""thumb"", ""timed_overlap"": 1, ""column_overlap"": 5}, {""word"": ""queer"", ""timed_overlap"": 1, ""column_overlap"": 3}, {""word"": ""veil"", ""timed_overlap"": 1, ""column_overlap"": 3}]",completed,99,99,0
500,488,neural,1,the,people,100,100,100,True,2,2,0,0,,113,"[{""word"": ""people"", ""timed_overlap"": 2, ""column_overlap"": 2}, {""word"": ""soft"", ""timed_overlap"": 2, ""column_overlap"": 2}, {""word"": ""Schmidt"", ""timed_overlap"": 1, ""column_overlap"": 4}, {""word"": ""felt"", ""timed_overlap"": 1, ""column_overlap"": 4}, {""word"": ""though"", ""timed_overlap"": 1, ""column_overlap"": 3}]",completed,82,10,0
500,488,neural,2,hive,Abel,99,99,99,True,2,2,0,0,,89,"[{""word"": ""Abel"", ""timed_overlap"": 2, ""column_overlap"": 2}, {""word"": ""posted"", ""timed_overlap"": 2, ""column_overlap"": 2}, {""word"": ""Ismay"", ""timed_overlap"": 1, ""column_overlap"": 4}, {""word"": ""Cursed"", ""timed_overlap"": 1, ""column_overlap"": 3}, {""word"": ""swears"", ""timed_overlap"": 1, ""column_overlap"": 3}]",completed,100,100,0
500,488,neural,3,",",Besides,99,99,99,True,2,3,0,0,,101,"[{""word"": ""Besides"", ""timed_overlap"": 2, ""column_overlap"": 3}, {""word"": ""Kindly"", ""timed_overlap"": 2, ""column_overlap"": 3}, {""word"": ""AND"", ""timed_overlap"": 2, ""column_overlap"": 3}, {""word"": ""nothing"", ""timed_overlap"": 1, ""column_overlap"": 4}, {""word"": ""dog"", ""timed_overlap"": 1, ""column_overlap"": 4}]",completed,99,99,0
500,488,neural,4,'',afford,97,97,97,True,2,4,0,0,,137,"[{""word"": ""afford"", ""timed_overlap"": 2, ""column_overlap"": 4}, {""word"": ""nor"", ""timed_overlap"": 2, ""column_overlap"": 2}, {""word"": ""coverings"", ""timed_overlap"": 2, ""column_overlap"": 2}, {""word"": ""good"", ""timed_overlap"": 2, ""column_overlap"": 2}, {""word"": ""Seek"", ""timed_overlap"": 1, ""column_overlap"": 3}]",completed,99,99,0
500,489,neural,1,but,'',100,100,100,True,2,2,0,0,,121,"[{""word"": ""''"", ""timed_overlap"": 2, ""column_overlap"": 2}, {""word"": ""he"", ""timed_overlap"": 2, ""column_overlap"": 2}, {""word"": ""those"", ""timed_overlap"": 1, ""column_overlap"": 4}, {""word"": ""inches"", ""timed_overlap"": 1, ""column_overlap"": 4}, {""word"": ""own"", ""timed_overlap"": 1, ""column_overlap"": 3}]",completed,82,10,0
500,489,neural,2,",",harmless,100,100,100,True,2,2,0,0,,93,"[{""word"": ""harmless"", ""timed_overlap"": 2, ""column_overlap"": 2}, {""word"": ""line"", ""timed_overlap"": 2, ""column_overlap"": 2}, {""word"": ""excluded"", ""timed_overlap"": 1, ""column_overlap"": 3}, {""word"": ""Glen"", ""timed_overlap"": 1, ""column_overlap"": 3}, {""word"": ""twitch"", ""timed_overlap"": 1, ""column_overlap"": 3}]",completed,100,100,0
500,489,neural,3,lord,drug-vendor,99,99,99,True,2,3,0,0,,114,"[{""word"": ""drug-vendor"", ""timed_overlap"": 2, ""column_overlap"": 3}, {""word"": ""own"", ""timed_overlap"": 2, ""column_overlap"": 2}, {""word"": ""require"", ""timed_overlap"": 2, ""column_overlap"": 2}, {""word"": ""haunting"", ""timed_overlap"": 2, ""column_overlap"": 2}, {""word"": ""Kim"", ""timed_overlap"": 1, ""column_overlap"": 4}]",completed,100,100,0
500,489,neural,4,",",pity,99,99,99,True,3,3,0,0,,99,"[{""word"": ""pity"", ""timed_overlap"": 3, ""column_overlap"": 3}, {""word"": ""Head"", ""timed_overlap"": 2, ""column_overlap"": 3}, {""word"": ""experienced"", ""timed_overlap"": 2, ""column_overlap"": 2}, {""word"": ""herring"", ""timed_overlap"": 2, ""column_overlap"": 2}, {""word"": ""solemnly"", ""timed_overlap"": 1, ""column_overlap"": 5}]",completed,99,99,0
500,490,neural,1,her,imps,98,98,98,True,2,3,1,1,80,106,"[{""word"": ""imps"", ""timed_overlap"": 2, ""column_overlap"": 3}, {""word"": ""frog"", ""timed_overlap"": 2, ""column_overlap"": 3}, {""word"": ""Ida"", ""timed_overlap"": 1, ""column_overlap"": 3}, {""word"": ""statelier"", ""timed_overlap"": 1, ""column_overlap"": 3}, {""word"": ""deny"", ""timed_overlap"": 1, ""column_overlap"": 3}]",completed,91,10,0
500,490,neural,2,in,volume,100,100,100,True,2,3,0,0,,86,"[{""word"": ""volume"", ""timed_overlap"": 2, ""column_overlap"": 3}, {""word"": ""nor"", ""timed_overlap"": 2, ""column_overlap"": 2}, {""word"": ""statelier"", ""timed_overlap"": 2, ""column_overlap"": 2}, {""word"": ""more"", ""timed_overlap"": 1, ""column_overlap"": 4}, {""word"": ""Felicity"", ""timed_overlap"": 1, ""column_overlap"": 4}]",completed,98,98,0
500,490,neural,3,",",added,100,100,100,True,2,2,0,0,,108,"[{""word"": ""added"", ""timed_overlap"": 2, ""column_overlap"": 2}, {""word"": ""How"", ""timed_overlap"": 1, ""column_overlap"": 3}, {""word"": ""house"", ""timed_overlap"": 1, ""column_overlap"": 3}, {""word"": ""headlands"", ""timed_overlap"": 1, ""column_overlap"": 3}, {""word"": ""blow"", ""timed_overlap"": 1, ""column_overlap"": 3}]",completed,100,100,0
500,490,neural,4,and,hopelessly,98,98,98,True,2,3,0,0,,94,"[{""word"": ""hopelessly"", ""timed_overlap"": 2, ""column_overlap"": 3}, {""word"": ""dismounted"", ""timed_overlap"": 2, ""column_overlap"": 3}, {""word"": ""spear"", ""timed_overlap"": 2, ""column_overlap"": 2}, {""word"": ""stranger"", ""timed_overlap"": 1, ""column_overlap"": 5}, {""word"": ""world"", ""timed_overlap"": 1, ""column_overlap"": 3}]",completed,100,100,0
500,491,neural,1,",",return,100,100,100,True,2,4,0,0,,116,"[{""word"": ""return"", ""timed_overlap"": 2, ""column_overlap"": 4}, {""word"": ""soon"", ""timed_overlap"": 2, ""column_overlap"": 2}, {""word"": ""remorsefully"", ""timed_overlap"": 1, ""column_overlap"": 4}, {""word"": ""yonder"", ""timed_overlap"": 1, ""column_overlap"": 4}, {""word"": ""able"", ""timed_overlap"": 1, ""column_overlap"": 3}]",completed,73,10,0
500,491,neural,2,began,tittered,100,100,100,True,2,2,0,0,,146,"[{""word"": ""tittered"", ""timed_overlap"": 2, ""column_overlap"": 2}, {""word"": ""appeal"", ""timed_overlap"": 2, ""column_overlap"": 2}, {""word"": ""youth"", ""timed_overlap"": 2, ""column_overlap"": 2}, {""word"": ""am"", ""timed_overlap"": 2, ""column_overlap"": 2}, {""word"": ""slaves"", ""timed_overlap"": 1, ""column_overlap"": 4}]",completed,100,100,0
500,491,neural,3,to,speak,99,99,99,True,2,2,0,0,,88,"[{""word"": ""speak"", ""timed_overlap"": 2, ""column_overlap"": 2}, {""word"": ""audacity"", ""timed_overlap"": 2, ""column_overlap"": 2}, {""word"": ""cow"", ""timed_overlap"": 1, ""column_overlap"": 3}, {""word"": ""Obey"", ""timed_overlap"": 1, ""column_overlap"": 3}, {""word"": ""must"", ""timed_overlap"": 1, ""column_overlap"": 2}]",completed,100,100,0
500,491,neural,4,whistle,keep,99,99,99,True,2,2,0,0,,85,"[{""word"": ""keep"", ""timed_overlap"": 2, ""column_overlap"": 2}, {""word"": ""pay"", ""timed_overlap"": 2, ""column_overlap"": 2}, {""word"": ""poured"", ""timed_overlap"": 1, ""column_overlap"": 3}, {""word"": ""tittered"", ""timed_overlap"": 1, ""column_overlap"": 3}, {""word"": ""rainy"", ""timed_overlap"": 1, ""column_overlap"": 3}]",completed,99,99,0
500,492,neural,1,the,Pekoe,100,100,100,True,2,4,0,0,,115,"[{""word"": ""Pekoe"", ""timed_overlap"": 2, ""column_overlap"": 4}, {""word"": ""heard"", ""timed_overlap"": 2, ""column_overlap"": 3}, {""word"": ""too"", ""timed_overlap"": 2, ""column_overlap"": 2}, {""word"": ""and"", ""timed_overlap"": 2, ""column_overlap"": 2}, {""word"": ""kerchief"", ""timed_overlap"": 1, ""column_overlap"": 3}]",completed,73,10,0
500,492,neural,2,bright,eat,99,99,99,True,2,3,0,0,,94,"[{""word"": ""eat"", ""timed_overlap"": 2, ""column_overlap"": 3}, {""word"": ""broidered"", ""timed_overlap"": 2, ""column_overlap"": 2}, {""word"": ""house"", ""timed_overlap"": 2, ""column_overlap"": 2}, {""word"": ""newspapers"", ""timed_overlap"": 1, ""column_overlap"": 3}, {""word"": ""lamassery"", ""timed_overlap"": 1, ""column_overlap"": 3}]",completed,100,100,0
500,492,neural,3,silver,Miss,100,100,100,True,2,3,0,0,,134,"[{""word"": ""Miss"", ""timed_overlap"": 2, ""column_overlap"": 3}, {""word"": ""bait"", ""timed_overlap"": 2, ""column_overlap"": 3}, {""word"": ""Elliott"", ""timed_overlap"": 2, ""column_overlap"": 2}, {""word"": ""broidered"", ""timed_overlap"": 2, ""column_overlap"": 2}, {""word"": ""Just"", ""timed_overlap"": 2, ""column_overlap"": 2}]",completed,99,99,0
500,492,neural,4,walls,an,100,100,100,True,2,3,0,0,,138,"[{""word"": ""an"", ""timed_overlap"": 2, ""column_overlap"": 3}, {""word"": ""ye"", ""timed_overlap"": 2, ""column_overlap"": 2}, {""word"": ""Bowser"", ""timed_overlap"": 2, ""column_overlap"": 2}, {""word"": ""given"", ""timed_overlap"": 2, ""column_overlap"": 2}, {""word"": ""Chief"", ""timed_overlap"": 1, ""column_overlap"": 4}]",completed,100,100,0
500,493,neural,1,out,hopelessly,95,95,95,True,2,4,0,0,,121,"[{""word"": ""hopelessly"", ""timed_overlap"": 2, ""column_overlap"": 4}, {""word"": ""awake"", ""timed_overlap"": 2, ""column_overlap"": 3}, {""word"": ""Blair"", ""timed_overlap"": 2, ""column_overlap"": 3}, {""word"": ""incidents"", ""timed_overlap"": 2, ""column_overlap"": 2}, {""word"": ""newspapers"", ""timed_overlap"": 2, ""column_overlap"": 2}]",completed,73,10,0
500,493,neural,2,into,ladies,98,98,98,True,2,2,0,0,,70,"[{""word"": ""ladies"", ""timed_overlap"": 2, ""column_overlap"": 2}, {""word"": ""fry"", ""timed_overlap"": 2, ""column_overlap"": 2}, {""word"": ""truth"", ""timed_overlap"": 1, ""column_overlap"": 3}, {""word"": ""rare"", ""timed_overlap"": 1, ""column_overlap"": 3}, {""word"": ""walked"", ""timed_overlap"": 1, ""column_overlap"": 3}]",completed,95,95,0
500,493,neural,3,the,Marco,98,98,98,True,2,3,0,0,,111,"[{""word"": ""Marco"", ""timed_overlap"": 2, ""column_overlap"": 3}, {""word"": ""Most"", ""timed_overlap"": 2, ""column_overlap"": 3}, {""word"": ""mother-bird"", ""timed_overlap"": 1, ""column_overlap"": 3}, {""word"": ""opening"", ""timed_overlap"": 1, ""column_overlap"": 3}, {""word"": ""leave"", ""timed_overlap"": 1, ""column_overlap"": 3}]",completed,98,98,0
500,493,neural,4,water,distance,97,97,97,True,2,3,0,0,,109,"[{""word"": ""distance"", ""timed_overlap"": 2, ""column_overlap"": 3}, {""word"": ""ended"", ""timed_overlap"": 2, ""column_overlap"": 2}, {""word"": ""Worth"", ""timed_overlap"": 1, ""column_overlap"": 4}, {""word"": ""forget"", ""timed_overlap"": 1, ""column_overlap"": 4}, {""word"": ""seemed"", ""timed_overlap"": 1, ""column_overlap"": 4}]",completed,98,98,0
500,494,neural,1,sister,gone,98,98,98,True,3,3,0,0,,115,"[{""word"": ""gone"", ""timed_overlap"": 3, ""column_overlap"": 3}, {""word"": ""pay"", ""timed_overlap"": 2, ""column_overlap"": 3}, {""word"": ""maiden"", ""timed_overlap"": 2, ""column_overlap"": 2}, {""word"": ""WATCH"", ""timed_overlap"": 2, ""column_overlap"": 2}, {""word"": ""Look"", ""timed_overlap"": 2, ""column_overlap"": 2}]",completed,82,10,0
500,494,neural,2,the,check,100,100,100,True,2,4,0,0,,121,"[{""word"": ""check"", ""timed_overlap"": 2, ""column_overlap"": 4}, {""word"": ""Being"", ""timed_overlap"": 2, ""column_overlap"": 3}, {""word"": ""wrote"", ""timed_overlap"": 2, ""column_overlap"": 2}, {""word"": ""Carrots"", ""timed_overlap"": 2, ""column_overlap"": 2}, {""word"": ""From"", ""timed_overlap"": 1, ""column_overlap"": 5}]",completed,98,98,0
500,494,neural,3,frog,received,97,97,97,True,2,2,0,0,,89,"[{""word"": ""received"", ""timed_overlap"": 2, ""column_overlap"": 2}, {""word"": ""mistress"", ""timed_overlap"": 2, ""column_overlap"": 2}, {""word"": ""rock"", ""timed_overlap"": 2, ""column_overlap"": 2}, {""word"": ""hard"", ""timed_overlap"": 1, ""column_overlap"": 3}, {""word"": ""still"", ""timed_overlap"": 1, ""column_overlap"": 3}]",completed,100,100,0
500,494,neural,4,",",talked,99,99,99,True,2,3,0,0,,111,"[{""word"": ""talked"", ""timed_overlap"": 2, ""column_overlap"": 3}, {""word"": ""moving"", ""timed_overlap"": 2, ""column_overlap"": 3}, {""word"": ""deny"", ""timed_overlap"": 2, ""column_overlap"": 3}, {""word"": ""times"", ""timed_overlap"": 2, ""column_overlap"": 2}, {""word"": ""milk"", ""timed_overlap"": 2, ""column_overlap"": 2}]",completed,97,97,0
500,495,neural,1,very,lonesome,100,100,100,True,2,4,0,0,,113,"[{""word"": ""lonesome"", ""timed_overlap"": 2, ""column_overlap"": 4}, {""word"": ""sight"", ""timed_overlap"": 2, ""column_overlap"": 2}, {""word"": ""Joseph"", ""timed_overlap"": 2, ""column_overlap"": 2}, {""word"": ""by"", ""timed_overlap"": 2, ""column_overlap"": 2}, {""word"": ""price"", ""timed_overlap"": 2, ""column_overlap"": 2}]",completed,73,10,0
500,495,neural,2,poor,Quicksilver,100,100,100,True,3,4,0,0,,142,"[{""word"": ""Quicksilver"", ""timed_overlap"": 3, ""column_overlap"": 4}, {""word"": ""ago"", ""timed_overlap"": 2, ""column_overlap"": 3}, {""word"": ""Amy"", ""timed_overlap"": 2, ""column_overlap"": 3}, {""word"": ""commanded"", ""timed_overlap"": 2, ""column_overlap"": 3}, {""word"": ""ladies"", ""timed_overlap"": 2, ""column_overlap"": 2}]",completed,100,100,0
500,495,neural,3,reason,felt,100,100,100,True,2,3,0,0,,83,"[{""word"": ""felt"", ""timed_overlap"": 2, ""column_overlap"": 3}, {""word"": ""beholding"", ""timed_overlap"": 1, ""column_overlap"": 3}, {""word"": ""part"", ""timed_overlap"": 1, ""column_overlap"": 3}, {""word"": ""even"", ""timed_overlap"": 1, ""column_overlap"": 3}, {""word"": ""rose"", ""timed_overlap"": 1, ""column_overlap"": 3}]",completed,100,100,0
500,495,neural,4,",",what,100,100,100,True,1,3,0,0,,90,"[{""word"": ""what"", ""timed_overlap"": 1, ""column_overlap"": 3}, {""word"": ""beneath"", ""timed_overlap"": 1, ""column_overlap"": 3}, {""word"": ""kind"", ""timed_overlap"": 1, ""column_overlap"": 3}, {""word"": ""headlands"", ""timed_overlap"": 1, ""column_overlap"": 3}, {""word"": ""resent"", ""timed_overlap"": 1, ""column_overlap"": 3}]",completed,100,100,0
500,496,neural,1,Italy,lord,98,98,98,True,2,4,0,0,,112,"[{""word"": ""lord"", ""timed_overlap"": 2, ""column_overlap"": 4}, {""word"": ""dinner"", ""timed_overlap"": 2, ""column_overlap"": 3}, {""word"": ""king"", ""timed_overlap"": 2, ""column_overlap"": 2}, {""word"": ""happened"", ""timed_overlap"": 2, ""column_overlap"": 2}, {""word"": ""sluggish"", ""timed_overlap"": 1, ""column_overlap"": 3}]",completed,73,10,0
500,496,neural,2,that,hive,100,100,100,True,2,3,0,0,,92,"[{""word"": ""hive"", ""timed_overlap"": 2, ""column_overlap"": 3}, {""word"": ""Quite"", ""timed_overlap"": 2, ""column_overlap"": 2}, {""word"": ""Besides"", ""timed_overlap"": 2, ""column_overlap"": 2}, {""word"": ""angrily"", ""timed_overlap"": 1, ""column_overlap"": 3}, {""word"": ""rest"", ""timed_overlap"": 1, ""column_overlap"": 3}]",completed,98,98,0
500,496,neural,3,she,rank,99,99,99,True,2,3,0,0,,103,"[{""word"": ""rank"", ""timed_overlap"": 2, ""column_overlap"": 3}, {""word"": ""Put"", ""timed_overlap"": 2, ""column_overlap"": 2}, {""word"": ""feebly"", ""timed_overlap"": 2, ""column_overlap"": 2}, {""word"": ""sure"", ""timed_overlap"": 2, ""column_overlap"": 2}, {""word"": ""rented"", ""timed_overlap"": 1, ""column_overlap"": 3}]",completed,100,100,0
500,496,neural,4,has,Ismay,97,97,97,True,2,4,0,0,,106,"[{""word"": ""Ismay"", ""timed_overlap"": 2, ""column_overlap"": 4}, {""word"": ""wheeled"", ""timed_overlap"": 2, ""column_overlap"": 2}, {""word"": ""carriage"", ""timed_overlap"": 2, ""column_overlap"": 2}, {""word"": ""underneath"", ""timed_overlap"": 2, ""column_overlap"": 2}, {""word"": ""herring"", ""timed_overlap"": 1, ""column_overlap"": 3}]",completed,99,99,0
500,497,neural,1,night,night,99,99,99,True,3,3,3,3,1,123,"[{""word"": ""night"", ""timed_overlap"": 3, ""column_overlap"": 3}, {""word"": ""lean"", ""timed_overlap"": 2, ""column_overlap"": 2}, {""word"": ""Nature"", ""timed_overlap"": 2, ""column_overlap"": 2}, {""word"": ""twilight"", ""timed_overlap"": 2, ""column_overlap"": 2}, {""word"": ""He"", ""timed_overlap"": 2, ""column_overlap"": 2}]",completed,73,10,0
500,497,neural,2,in,1715,100,100,100,True,2,4,1,2,19,96,"[{""word"": ""1715"", ""timed_overlap"": 2, ""column_overlap"": 4}, {""word"": ""CHAPTER"", ""timed_overlap"": 2, ""column_overlap"": 3}, {""word"": ""Why"", ""timed_overlap"": 1, ""column_overlap"": 3}, {""word"": ""though"", ""timed_overlap"": 1, ""column_overlap"": 3}, {""word"": ""teeth"", ""timed_overlap"": 1, ""column_overlap"": 3}]",completed,99,99,0
500,497,neural,3,April,speak,100,100,100,True,2,2,0,0,,106,"[{""word"": ""speak"", ""timed_overlap"": 2, ""column_overlap"": 2}, {""word"": ""basket"", ""timed_overlap"": 2, ""column_overlap"": 2}, {""word"": ""Blair"", ""timed_overlap"": 2, ""column_overlap"": 2}, {""word"": ""disagreeable"", ""timed_overlap"": 2, ""column_overlap"": 2}, {""word"": ""got"", ""timed_overlap"": 2, ""column_overlap"": 2}]",completed,100,100,0
500,497,neural,4,when,of,97,97,97,True,2,3,0,0,,113,"[{""word"": ""of"", ""timed_overlap"": 2, ""column_overlap"": 3}, {""word"": ""sweep"", ""timed_overlap"": 2, ""column_overlap"": 3}, {""word"": ""wind"", ""timed_overlap"": 2, ""column_overlap"": 2}, {""word"": ""Rabbit"", ""timed_overlap"": 1, ""column_overlap"": 4}, {""word"": ""bought"", ""timed_overlap"": 1, ""column_overlap"": 3}]",completed,100,100,0
500,498,neural,1,n't,confessed,100,100,100,True,2,3,1,1,98,110,"[{""word"": ""confessed"", ""timed_overlap"": 2, ""column_overlap"": 3}, {""word"": ""not"", ""timed_overlap"": 2, ""column_overlap"": 2}, {""word"": ""Half"", ""timed_overlap"": 2, ""column_overlap"": 2}, {""word"": ""lie"", ""timed_overlap"": 1, ""column_overlap"": 4}, {""word"": ""Marsch"", ""timed_overlap"": 1, ""column_overlap"": 4}]",completed,91,10,0
500,498,neural,2,take,lie,99,99,99,True,2,3,0,0,,104,"[{""word"": ""lie"", ""timed_overlap"": 2, ""column_overlap"": 3}, {""word"": ""evangelist"", ""timed_overlap"": 2, ""column_overlap"": 2}, {""word"": ""calmly"", ""timed_overlap"": 2, ""column_overlap"": 2}, {""word"": ""shimmer"", ""timed_overlap"": 2, ""column_overlap"": 2}, {""word"": ""recovered"", ""timed_overlap"": 2, ""column_overlap"": 2}]",completed,100,100,0
500,498,neural,3,'em,horses,99,99,99,True,2,3,0,0,,99,"[{""word"": ""horses"", ""timed_overlap"": 2, ""column_overlap"": 3}, {""word"": ""believe"", ""timed_overlap"": 2, ""column_overlap"": 2}, {""word"": ""present"", ""timed_overlap"": 1, ""column_overlap"": 3}, {""word"": ""often"", ""timed_overlap"": 1, ""column_overlap"": 3}, {""word"": ""bag"", ""timed_overlap"": 1, ""column_overlap"": 3}]",completed,99,99,0
500,498,neural,4,",",Sir,100,100,100,True,2,4,0,0,,98,"[{""word"": ""Sir"", ""timed_overlap"": 2, ""column_overlap"": 4}, {""word"": ""Millie"", ""timed_overlap"": 2, ""column_overlap"": 2}, {""word"": ""Meanwhile"", ""timed_overlap"": 2, ""column_overlap"": 2}, {""word"": ""feebly"", ""timed_overlap"": 1, ""column_overlap"": 4}, {""word"": ""remarked"", ""timed_overlap"": 1, ""column_overlap"": 3}]",completed,99,99,0
500,499,neural,1,glazed,how,100,100,100,True,2,3,1,2,48,120,"[{""word"": ""how"", ""timed_overlap"": 2, ""column_overlap"": 3}, {""word"": ""succeeded"", ""timed_overlap"": 2, ""column_overlap"": 3}, {""word"": ""approved"", ""timed_overlap"": 2, ""column_overlap"": 2}, {""word"": ""running"", ""timed_overlap"": 2, ""column_overlap"": 2}, {""word"": ""faults"", ""timed_overlap"": 2, ""column_overlap"": 2}]",completed,73,10,0
500,499,neural,2,eyes,See,99,99,99,True,2,3,0,0,,81,"[{""word"": ""See"", ""timed_overlap"": 2, ""column_overlap"": 3}, {""word"": ""bewildered"", ""timed_overlap"": 2, ""column_overlap"": 2}, {""word"": ""milk"", ""timed_overlap"": 1, ""column_overlap"": 3}, {""word"": ""Grant"", ""timed_overlap"": 1, ""column_overlap"": 3}, {""word"": ""if"", ""timed_overlap"": 1, ""column_overlap"": 2}]",completed,100,100,0
500,499,neural,3,in,our,100,100,100,True,2,3,0,0,,97,"[{""word"": ""our"", ""timed_overlap"": 2, ""column_overlap"": 3}, {""word"": "";"", ""timed_overlap"": 2, ""column_overlap"": 2}, {""word"": ""hopelessly"", ""timed_overlap"": 1, ""column_overlap"": 4}, {""word"": ""GRACIOSA"", ""timed_overlap"": 1, ""column_overlap"": 3}, {""word"": ""turned"", ""timed_overlap"": 1, ""column_overlap"": 3}]",completed,99,99,0
500,499,neural,4,silence,There,98,98,98,True,2,4,0,0,,90,"[{""word"": ""There"", ""timed_overlap"": 2, ""column_overlap"": 4}, {""word"": ""ground"", ""timed_overlap"": 1, ""column_overlap"": 3}, {""word"": ""Sodnos"", ""timed_overlap"": 1, ""column_overlap"": 3}, {""word"": ""visored"", ""timed_overlap"": 1, ""column_overlap"": 3}, {""word"": ""long"", ""timed_overlap"": 1, ""column_overlap"": 3}]",completed,100,100,0
500,500,neural,1,Susanna,Susanna,100,100,100,True,3,4,3,4,1,155,"[{""word"": ""Susanna"", ""timed_overlap"": 3, ""column_overlap"": 4}, {""word"": ""he"", ""timed_overlap"": 2, ""column_overlap"": 2}, {""word"": ""Mr."", ""timed_overlap"": 2, ""column_overlap"": 2}, {""word"": ""Wind"", ""timed_overlap"": 2, ""column_overlap"": 2}, {""word"": ""ceased"", ""timed_overlap"": 2, ""column_overlap"": 2}]",completed,64,10,0
500,500,neural,2,should,sweep,100,100,100,True,2,2,0,0,,43,"[{""word"": ""sweep"", ""timed_overlap"": 2, ""column_overlap"": 2}, {""word"": ""why"", ""timed_overlap"": 1, ""column_overlap"": 2}, {""word"": ""Her"", ""timed_overlap"": 1, ""column_overlap"": 2}, {""word"": ""shrugged"", ""timed_overlap"": 1, ""column_overlap"": 2}, {""word"": ""stranger"", ""timed_overlap"": 1, ""column_overlap"": 2}]",completed,100,100,0
500,500,neural,3,approve,Skunk,100,100,100,True,2,2,1,2,14,98,"[{""word"": ""Skunk"", ""timed_overlap"": 2, ""column_overlap"": 2}, {""word"": ""always"", ""timed_overlap"": 2, ""column_overlap"": 2}, {""word"": ""dared"", ""timed_overlap"": 2, ""column_overlap"": 2}, {""word"": ""Quite"", ""timed_overlap"": 2, ""column_overlap"": 2}, {""word"": ""forward"", ""timed_overlap"": 1, ""column_overlap"": 4}]",completed,100,100,0
500,500,neural,4,of,put,94,94,94,True,2,3,0,0,,122,"[{""word"": ""put"", ""timed_overlap"": 2, ""column_overlap"": 3}, {""word"": ""forth"", ""timed_overlap"": 1, ""column_overlap"": 4}, {""word"": ""sign"", ""timed_overlap"": 1, ""column_overlap"": 3}, {""word"": ""beholding"", ""timed_overlap"": 1, ""column_overlap"": 3}, {""word"": ""be"", ""timed_overlap"": 1, ""column_overlap"": 3}]",completed,100,100,0
