checkpoint_sentences,sentence_index,retrieval_mode,recall_step,expected_word,decoded_word,raw_event_count,raw_predicted_column_count,prediction_active_cell_count,advance_success,timed_overlap_of_selected_word,column_overlap_of_selected_word,timed_overlap_of_expected_word,column_overlap_of_expected_word,expected_word_rank,number_of_ranked_candidates,top_5_candidates,stopped_reason,previous_active_cell_count,previous_winner_count,burst_cell_count
200,1,proximal-replay,1,would,Lady,99,99,99,,2,3,1,1,54,70,"[{""word"": ""Lady"", ""timed_overlap"": 2, ""column_overlap"": 3}, {""word"": ""Spirit"", ""timed_overlap"": 2, ""column_overlap"": 2}, {""word"": ""1715"", ""timed_overlap"": 2, ""column_overlap"": 2}, {""word"": ""You"", ""timed_overlap"": 2, ""column_overlap"": 2}, {""word"": ""West"", ""timed_overlap"": 1, ""column_overlap"": 4}]",completed,91,10,72
200,1,proximal-replay,2,want,fought,91,91,91,,4,4,0,0,,62,"[{""word"": ""fought"", ""timed_overlap"": 4, ""column_overlap"": 4}, {""word"": ""parents"", ""timed_overlap"": 3, ""column_overlap"": 4}, {""word"": ""why"", ""timed_overlap"": 2, ""column_overlap"": 4}, {""word"": ""hair"", ""timed_overlap"": 2, ""column_overlap"": 3}, {""word"": ""happily"", ""timed_overlap"": 2, ""column_overlap"": 2}]",completed,82,10,45
200,1,proximal-replay,3,to,her,75,75,75,,6,6,0,0,,76,"[{""word"": ""her"", ""timed_overlap"": 6, ""column_overlap"": 6}, {""word"": ""And"", ""timed_overlap"": 2, ""column_overlap"": 4}, {""word"": ""visited"", ""timed_overlap"": 2, ""column_overlap"": 4}, {""word"": ""silver"", ""timed_overlap"": 2, ""column_overlap"": 3}, {""word"": ""hour"", ""timed_overlap"": 2, ""column_overlap"": 2}]",completed,55,10,27
200,1,proximal-replay,4,see,pride,69,69,69,,5,5,0,0,,81,"[{""word"": ""pride"", ""timed_overlap"": 5, ""column_overlap"": 5}, {""word"": ""sable"", ""timed_overlap"": 2, ""column_overlap"": 3}, {""word"": ""long"", ""timed_overlap"": 2, ""column_overlap"": 3}, {""word"": ""Cursed"", ""timed_overlap"": 2, ""column_overlap"": 2}, {""word"": ""Clever"", ""timed_overlap"": 2, ""column_overlap"": 2}]",completed,37,10,36
200,2,proximal-replay,1,over,that,98,98,98,,2,3,0,0,,71,"[{""word"": ""that"", ""timed_overlap"": 2, ""column_overlap"": 3}, {""word"": ""Most"", ""timed_overlap"": 2, ""column_overlap"": 3}, {""word"": ""tunnels"", ""timed_overlap"": 2, ""column_overlap"": 3}, {""word"": ""find"", ""timed_overlap"": 2, ""column_overlap"": 3}, {""word"": ""so"", ""timed_overlap"": 2, ""column_overlap"": 2}]",completed,91,10,45
200,2,proximal-replay,2,our,any,85,85,85,,3,3,0,0,,67,"[{""word"": ""any"", ""timed_overlap"": 3, ""column_overlap"": 3}, {""word"": ""Puck"", ""timed_overlap"": 2, ""column_overlap"": 3}, {""word"": ""can"", ""timed_overlap"": 2, ""column_overlap"": 3}, {""word"": ""she"", ""timed_overlap"": 2, ""column_overlap"": 3}, {""word"": ""time"", ""timed_overlap"": 2, ""column_overlap"": 2}]",completed,55,10,36
200,2,proximal-replay,3,heads,No,74,74,74,,1,4,1,1,53,67,"[{""word"": ""No"", ""timed_overlap"": 1, ""column_overlap"": 4}, {""word"": ""suited"", ""timed_overlap"": 1, ""column_overlap"": 4}, {""word"": ""ruin"", ""timed_overlap"": 1, ""column_overlap"": 4}, {""word"": ""Hans"", ""timed_overlap"": 1, ""column_overlap"": 3}, {""word"": ""leafy"", ""timed_overlap"": 1, ""column_overlap"": 3}]",completed,46,10,83
200,2,proximal-replay,4,.,--,87,87,87,,3,3,0,0,,70,"[{""word"": ""--"", ""timed_overlap"": 3, ""column_overlap"": 3}, {""word"": ""Alice"", ""timed_overlap"": 2, ""column_overlap"": 4}, {""word"": ""thank"", ""timed_overlap"": 2, ""column_overlap"": 3}, {""word"": ""chop"", ""timed_overlap"": 2, ""column_overlap"": 3}, {""word"": ""look"", ""timed_overlap"": 2, ""column_overlap"": 2}]",completed,91,10,36
200,3,proximal-replay,1,a,find,89,89,89,,2,3,0,0,,62,"[{""word"": ""find"", ""timed_overlap"": 2, ""column_overlap"": 3}, {""word"": ""only"", ""timed_overlap"": 2, ""column_overlap"": 3}, {""word"": ""care"", ""timed_overlap"": 1, ""column_overlap"": 3}, {""word"": ""want"", ""timed_overlap"": 1, ""column_overlap"": 3}, {""word"": ""tried"", ""timed_overlap"": 1, ""column_overlap"": 3}]",completed,91,10,74
200,3,proximal-replay,2,woman,three,91,91,91,,2,4,0,0,,57,"[{""word"": ""three"", ""timed_overlap"": 2, ""column_overlap"": 4}, {""word"": ""CHAPTER"", ""timed_overlap"": 2, ""column_overlap"": 3}, {""word"": ""confessed"", ""timed_overlap"": 2, ""column_overlap"": 3}, {""word"": ""parents"", ""timed_overlap"": 2, ""column_overlap"": 3}, {""word"": ""horses"", ""timed_overlap"": 2, ""column_overlap"": 2}]",completed,82,10,64
200,3,proximal-replay,3,",",mother,91,91,91,,2,4,0,0,,74,"[{""word"": ""mother"", ""timed_overlap"": 2, ""column_overlap"": 4}, {""word"": ""Souchong"", ""timed_overlap"": 2, ""column_overlap"": 3}, {""word"": ""sensible"", ""timed_overlap"": 2, ""column_overlap"": 3}, {""word"": ""him"", ""timed_overlap"": 2, ""column_overlap"": 2}, {""word"": ""unpractical"", ""timed_overlap"": 1, ""column_overlap"": 5}]",completed,73,10,65
200,3,proximal-replay,4,splendid,reluctantly,71,71,71,,2,4,0,0,,80,"[{""word"": ""reluctantly"", ""timed_overlap"": 2, ""column_overlap"": 4}, {""word"": ""all"", ""timed_overlap"": 2, ""column_overlap"": 4}, {""word"": ""the"", ""timed_overlap"": 2, ""column_overlap"": 4}, {""word"": ""skins"", ""timed_overlap"": 2, ""column_overlap"": 3}, {""word"": ""world"", ""timed_overlap"": 2, ""column_overlap"": 3}]",completed,73,10,66
200,4,proximal-replay,1,",",Rogers,94,94,94,,2,4,0,0,,80,"[{""word"": ""Rogers"", ""timed_overlap"": 2, ""column_overlap"": 4}, {""word"": ""almost"", ""timed_overlap"": 2, ""column_overlap"": 2}, {""word"": ""three"", ""timed_overlap"": 2, ""column_overlap"": 2}, {""word"": ""Ideal"", ""timed_overlap"": 1, ""column_overlap"": 4}, {""word"": ""confessed"", ""timed_overlap"": 1, ""column_overlap"": 4}]",completed,55,10,63
200,4,proximal-replay,2,the,quaggi,74,74,74,,2,4,2,3,4,78,"[{""word"": ""quaggi"", ""timed_overlap"": 2, ""column_overlap"": 4}, {""word"": ""Half"", ""timed_overlap"": 2, ""column_overlap"": 3}, {""word"": ""long"", ""timed_overlap"": 2, ""column_overlap"": 3}, {""word"": ""the"", ""timed_overlap"": 2, ""column_overlap"": 3}, {""word"": ""world"", ""timed_overlap"": 2, ""column_overlap"": 3}]",completed,73,10,57
200,4,proximal-replay,3,doctor,staring,87,87,87,,2,2,0,0,,64,"[{""word"": ""staring"", ""timed_overlap"": 2, ""column_overlap"": 2}, {""word"": ""terrible"", ""timed_overlap"": 1, ""column_overlap"": 3}, {""word"": ""hopelessly"", ""timed_overlap"": 1, ""column_overlap"": 3}, {""word"": ""Abraham"", ""timed_overlap"": 1, ""column_overlap"": 3}, {""word"": ""hands"", ""timed_overlap"": 1, ""column_overlap"": 3}]",completed,64,10,55
200,4,proximal-replay,4,",",thing,78,78,78,,2,3,0,0,,65,"[{""word"": ""thing"", ""timed_overlap"": 2, ""column_overlap"": 3}, {""word"": ""motionless"", ""timed_overlap"": 1, ""column_overlap"": 4}, {""word"": ""dragging"", ""timed_overlap"": 1, ""column_overlap"": 4}, {""word"": ""taking"", ""timed_overlap"": 1, ""column_overlap"": 3}, {""word"": ""three"", ""timed_overlap"": 1, ""column_overlap"": 3}]",completed,64,10,72
200,5,proximal-replay,1,had,had,56,56,56,,2,4,2,4,1,78,"[{""word"": ""had"", ""timed_overlap"": 2, ""column_overlap"": 4}, {""word"": ""kind"", ""timed_overlap"": 2, ""column_overlap"": 4}, {""word"": ""remorsefully"", ""timed_overlap"": 2, ""column_overlap"": 2}, {""word"": ""none"", ""timed_overlap"": 1, ""column_overlap"": 4}, {""word"": ""pleasant"", ""timed_overlap"": 1, ""column_overlap"": 4}]",completed,73,10,54
200,5,proximal-replay,2,no,times,94,94,94,,2,3,2,2,7,60,"[{""word"": ""times"", ""timed_overlap"": 2, ""column_overlap"": 3}, {""word"": ""not"", ""timed_overlap"": 2, ""column_overlap"": 3}, {""word"": ""CHAPTER"", ""timed_overlap"": 2, ""column_overlap"": 3}, {""word"": ""week"", ""timed_overlap"": 2, ""column_overlap"": 3}, {""word"": ""done"", ""timed_overlap"": 2, ""column_overlap"": 2}]",completed,64,10,63
200,5,proximal-replay,3,chance,his,71,71,71,,3,5,0,0,,74,"[{""word"": ""his"", ""timed_overlap"": 3, ""column_overlap"": 5}, {""word"": ""may"", ""timed_overlap"": 2, ""column_overlap"": 3}, {""word"": ""Bull"", ""timed_overlap"": 2, ""column_overlap"": 3}, {""word"": ""petals"", ""timed_overlap"": 2, ""column_overlap"": 2}, {""word"": ""fighting"", ""timed_overlap"": 2, ""column_overlap"": 2}]",completed,73,10,36
200,5,proximal-replay,4,after,Spirit,92,92,92,,2,3,0,0,,64,"[{""word"": ""Spirit"", ""timed_overlap"": 2, ""column_overlap"": 3}, {""word"": ""night"", ""timed_overlap"": 2, ""column_overlap"": 3}, {""word"": ""Mother"", ""timed_overlap"": 2, ""column_overlap"": 3}, {""word"": ""Great"", ""timed_overlap"": 2, ""column_overlap"": 2}, {""word"": ""happened"", ""timed_overlap"": 1, ""column_overlap"": 5}]",completed,46,10,63
200,6,proximal-replay,1,old,terrify,76,76,76,,2,3,1,2,16,76,"[{""word"": ""terrify"", ""timed_overlap"": 2, ""column_overlap"": 3}, {""word"": ""heard"", ""timed_overlap"": 2, ""column_overlap"": 2}, {""word"": ""therefore"", ""timed_overlap"": 2, ""column_overlap"": 2}, {""word"": ""nine"", ""timed_overlap"": 1, ""column_overlap"": 3}, {""word"": ""here"", ""timed_overlap"": 1, ""column_overlap"": 3}]",completed,37,10,74
200,6,proximal-replay,2,pictures,Happy,97,97,97,,3,4,0,0,,78,"[{""word"": ""Happy"", ""timed_overlap"": 3, ""column_overlap"": 4}, {""word"": ""Carmody"", ""timed_overlap"": 2, ""column_overlap"": 3}, {""word"": ""n't"", ""timed_overlap"": 2, ""column_overlap"": 2}, {""word"": ""asked"", ""timed_overlap"": 2, ""column_overlap"": 2}, {""word"": ""gathered"", ""timed_overlap"": 2, ""column_overlap"": 2}]",completed,82,10,63
200,6,proximal-replay,3,",",Jack,87,87,87,,3,4,0,0,,61,"[{""word"": ""Jack"", ""timed_overlap"": 3, ""column_overlap"": 4}, {""word"": ""thoughtful"", ""timed_overlap"": 2, ""column_overlap"": 2}, {""word"": ""Williamson"", ""timed_overlap"": 1, ""column_overlap"": 4}, {""word"": ""out"", ""timed_overlap"": 1, ""column_overlap"": 3}, {""word"": ""deal"", ""timed_overlap"": 1, ""column_overlap"": 3}]",completed,73,10,54
200,6,proximal-replay,4,sustaining,Squirrel,58,58,58,,3,3,0,0,,74,"[{""word"": ""Squirrel"", ""timed_overlap"": 3, ""column_overlap"": 3}, {""word"": ""had"", ""timed_overlap"": 3, ""column_overlap"": 3}, {""word"": ""not"", ""timed_overlap"": 2, ""column_overlap"": 3}, {""word"": ""the"", ""timed_overlap"": 2, ""column_overlap"": 3}, {""word"": ""feast"", ""timed_overlap"": 1, ""column_overlap"": 3}]",completed,64,10,36
200,7,proximal-replay,1,nice,nice,90,90,90,,4,4,4,4,1,77,"[{""word"": ""nice"", ""timed_overlap"": 4, ""column_overlap"": 4}, {""word"": ""amiss"", ""timed_overlap"": 2, ""column_overlap"": 4}, {""word"": ""distance"", ""timed_overlap"": 2, ""column_overlap"": 3}, {""word"": ""drop"", ""timed_overlap"": 2, ""column_overlap"": 3}, {""word"": ""take"", ""timed_overlap"": 2, ""column_overlap"": 3}]",completed,73,10,54
200,7,proximal-replay,2,",",stop,88,88,88,,2,3,0,0,,58,"[{""word"": ""stop"", ""timed_overlap"": 2, ""column_overlap"": 3}, {""word"": ""Happy"", ""timed_overlap"": 2, ""column_overlap"": 2}, {""word"": ""care"", ""timed_overlap"": 1, ""column_overlap"": 5}, {""word"": ""horses"", ""timed_overlap"": 1, ""column_overlap"": 4}, {""word"": ""already"", ""timed_overlap"": 1, ""column_overlap"": 3}]",completed,64,10,64
200,7,proximal-replay,3,I,time,83,83,83,,2,4,0,0,,75,"[{""word"": ""time"", ""timed_overlap"": 2, ""column_overlap"": 4}, {""word"": ""already"", ""timed_overlap"": 2, ""column_overlap"": 3}, {""word"": ""know"", ""timed_overlap"": 2, ""column_overlap"": 3}, {""word"": ""three"", ""timed_overlap"": 2, ""column_overlap"": 2}, {""word"": ""to"", ""timed_overlap"": 1, ""column_overlap"": 4}]",completed,73,10,54
200,7,proximal-replay,4,'m,',86,86,86,,2,4,0,0,,88,"[{""word"": ""'"", ""timed_overlap"": 2, ""column_overlap"": 4}, {""word"": ""see"", ""timed_overlap"": 2, ""column_overlap"": 3}, {""word"": ""visited"", ""timed_overlap"": 2, ""column_overlap"": 3}, {""word"": ""man"", ""timed_overlap"": 2, ""column_overlap"": 3}, {""word"": ""shall"", ""timed_overlap"": 2, ""column_overlap"": 2}]",completed,64,10,64
200,8,proximal-replay,1,certainly,fact,100,100,100,,2,3,0,0,,57,"[{""word"": ""fact"", ""timed_overlap"": 2, ""column_overlap"": 3}, {""word"": ""studied"", ""timed_overlap"": 2, ""column_overlap"": 2}, {""word"": ""guess"", ""timed_overlap"": 2, ""column_overlap"": 2}, {""word"": ""easel"", ""timed_overlap"": 2, ""column_overlap"": 2}, {""word"": ""pink"", ""timed_overlap"": 1, ""column_overlap"": 3}]",completed,91,10,72
200,8,proximal-replay,2,",",maiden,80,80,80,,2,4,2,3,2,72,"[{""word"": ""maiden"", ""timed_overlap"": 2, ""column_overlap"": 4}, {""word"": "","", ""timed_overlap"": 2, ""column_overlap"": 3}, {""word"": ""two"", ""timed_overlap"": 2, ""column_overlap"": 2}, {""word"": ""man"", ""timed_overlap"": 2, ""column_overlap"": 2}, {""word"": ""things"", ""timed_overlap"": 1, ""column_overlap"": 4}]",completed,82,10,64
200,8,proximal-replay,3,'',length,81,81,81,,2,3,0,0,,78,"[{""word"": ""length"", ""timed_overlap"": 2, ""column_overlap"": 3}, {""word"": ""A"", ""timed_overlap"": 2, ""column_overlap"": 3}, {""word"": ""resisted"", ""timed_overlap"": 2, ""column_overlap"": 3}, {""word"": ""ask"", ""timed_overlap"": 2, ""column_overlap"": 3}, {""word"": ""no"", ""timed_overlap"": 2, ""column_overlap"": 2}]",completed,73,10,73
200,8,proximal-replay,4,said,Jack,71,71,71,,2,4,0,0,,73,"[{""word"": ""Jack"", ""timed_overlap"": 2, ""column_overlap"": 4}, {""word"": ""His"", ""timed_overlap"": 2, ""column_overlap"": 2}, {""word"": ""Tribe"", ""timed_overlap"": 2, ""column_overlap"": 2}, {""word"": ""that"", ""timed_overlap"": 2, ""column_overlap"": 2}, {""word"": ""roar"", ""timed_overlap"": 1, ""column_overlap"": 4}]",completed,82,10,66
200,9,proximal-replay,1,you,herring,95,95,95,,2,4,2,2,4,55,"[{""word"": ""herring"", ""timed_overlap"": 2, ""column_overlap"": 4}, {""word"": ""plenty"", ""timed_overlap"": 2, ""column_overlap"": 3}, {""word"": ""n't"", ""timed_overlap"": 2, ""column_overlap"": 2}, {""word"": ""you"", ""timed_overlap"": 2, ""column_overlap"": 2}, {""word"": ""Jimmy"", ""timed_overlap"": 2, ""column_overlap"": 2}]",completed,82,10,64
200,9,proximal-replay,2,think,howled,82,82,82,,2,2,0,0,,68,"[{""word"": ""howled"", ""timed_overlap"": 2, ""column_overlap"": 2}, {""word"": ""mid-afternoon"", ""timed_overlap"": 2, ""column_overlap"": 2}, {""word"": ""smile"", ""timed_overlap"": 2, ""column_overlap"": 2}, {""word"": ""full"", ""timed_overlap"": 2, ""column_overlap"": 2}, {""word"": ""tumbling"", ""timed_overlap"": 1, ""column_overlap"": 3}]",completed,73,10,64
200,9,proximal-replay,3,Mrs.,put,95,95,95,,2,3,0,0,,66,"[{""word"": ""put"", ""timed_overlap"": 2, ""column_overlap"": 3}, {""word"": ""pleasant"", ""timed_overlap"": 2, ""column_overlap"": 2}, {""word"": ""deny"", ""timed_overlap"": 1, ""column_overlap"": 4}, {""word"": ""Bull"", ""timed_overlap"": 1, ""column_overlap"": 3}, {""word"": ""challenge"", ""timed_overlap"": 1, ""column_overlap"": 3}]",completed,73,10,72
200,9,proximal-replay,4,Elliott,too,81,81,81,,3,3,0,0,,70,"[{""word"": ""too"", ""timed_overlap"": 3, ""column_overlap"": 3}, {""word"": ""heated"", ""timed_overlap"": 2, ""column_overlap"": 3}, {""word"": ""few"", ""timed_overlap"": 2, ""column_overlap"": 3}, {""word"": ""such"", ""timed_overlap"": 2, ""column_overlap"": 2}, {""word"": ""bad"", ""timed_overlap"": 2, ""column_overlap"": 2}]",completed,82,10,45
200,10,proximal-replay,1,would,was,94,94,94,,3,3,1,2,15,41,"[{""word"": ""was"", ""timed_overlap"": 3, ""column_overlap"": 3}, {""word"": ""does"", ""timed_overlap"": 2, ""column_overlap"": 2}, {""word"": ""heart"", ""timed_overlap"": 1, ""column_overlap"": 3}, {""word"": ""Eric"", ""timed_overlap"": 1, ""column_overlap"": 3}, {""word"": ""challenge"", ""timed_overlap"": 1, ""column_overlap"": 2}]",completed,82,10,45
200,10,proximal-replay,2,ruin,n't,95,95,95,,3,3,0,0,,77,"[{""word"": ""n't"", ""timed_overlap"": 3, ""column_overlap"": 3}, {""word"": ""heated"", ""timed_overlap"": 3, ""column_overlap"": 3}, {""word"": ""Lady"", ""timed_overlap"": 2, ""column_overlap"": 4}, {""word"": ""early"", ""timed_overlap"": 2, ""column_overlap"": 3}, {""word"": ""heard"", ""timed_overlap"": 2, ""column_overlap"": 3}]",completed,55,10,54
200,10,proximal-replay,3,you,heard,93,93,93,,2,3,0,0,,79,"[{""word"": ""heard"", ""timed_overlap"": 2, ""column_overlap"": 3}, {""word"": ""put"", ""timed_overlap"": 2, ""column_overlap"": 3}, {""word"": ""real"", ""timed_overlap"": 2, ""column_overlap"": 2}, {""word"": ""curious"", ""timed_overlap"": 1, ""column_overlap"": 4}, {""word"": ""but"", ""timed_overlap"": 1, ""column_overlap"": 3}]",completed,64,10,63
200,10,proximal-replay,4,to,'em,73,73,73,,2,3,0,0,,70,"[{""word"": ""'em"", ""timed_overlap"": 2, ""column_overlap"": 3}, {""word"": ""off"", ""timed_overlap"": 2, ""column_overlap"": 2}, {""word"": ""Aunt"", ""timed_overlap"": 2, ""column_overlap"": 2}, {""word"": ""bared"", ""timed_overlap"": 2, ""column_overlap"": 2}, {""word"": ""companioned"", ""timed_overlap"": 1, ""column_overlap"": 4}]",completed,73,10,37
200,11,proximal-replay,1,dared,III,96,96,96,,2,4,1,1,46,61,"[{""word"": ""III"", ""timed_overlap"": 2, ""column_overlap"": 4}, {""word"": ""villagers"", ""timed_overlap"": 2, ""column_overlap"": 2}, {""word"": ""Frank"", ""timed_overlap"": 2, ""column_overlap"": 2}, {""word"": ""order"", ""timed_overlap"": 2, ""column_overlap"": 2}, {""word"": ""with"", ""timed_overlap"": 2, ""column_overlap"": 2}]",completed,64,10,63
200,11,proximal-replay,2,face,seemed,90,90,90,,2,2,0,0,,82,"[{""word"": ""seemed"", ""timed_overlap"": 2, ""column_overlap"": 2}, {""word"": ""Down"", ""timed_overlap"": 1, ""column_overlap"": 3}, {""word"": ""Though"", ""timed_overlap"": 1, ""column_overlap"": 3}, {""word"": ""statelier"", ""timed_overlap"": 1, ""column_overlap"": 3}, {""word"": ""Anne"", ""timed_overlap"": 1, ""column_overlap"": 3}]",completed,73,10,72
200,11,proximal-replay,3,Bill,except,83,83,83,,3,3,0,0,,69,"[{""word"": ""except"", ""timed_overlap"": 3, ""column_overlap"": 3}, {""word"": ""curious"", ""timed_overlap"": 2, ""column_overlap"": 4}, {""word"": ""welcome"", ""timed_overlap"": 2, ""column_overlap"": 2}, {""word"": ""Dacca"", ""timed_overlap"": 1, ""column_overlap"": 3}, {""word"": ""slaves"", ""timed_overlap"": 1, ""column_overlap"": 3}]",completed,82,10,65
200,11,proximal-replay,4,",",Mrs.,83,83,83,,2,3,0,0,,67,"[{""word"": ""Mrs."", ""timed_overlap"": 2, ""column_overlap"": 3}, {""word"": ""welcome"", ""timed_overlap"": 1, ""column_overlap"": 3}, {""word"": ""whither"", ""timed_overlap"": 1, ""column_overlap"": 3}, {""word"": ""later"", ""timed_overlap"": 1, ""column_overlap"": 3}, {""word"": ""A"", ""timed_overlap"": 1, ""column_overlap"": 3}]",completed,73,10,36
200,12,proximal-replay,1,do,told,97,97,97,,2,3,0,0,,65,"[{""word"": ""told"", ""timed_overlap"": 2, ""column_overlap"": 3}, {""word"": ""Her"", ""timed_overlap"": 2, ""column_overlap"": 3}, {""word"": ""had"", ""timed_overlap"": 2, ""column_overlap"": 2}, {""word"": ""chop"", ""timed_overlap"": 2, ""column_overlap"": 2}, {""word"": ""caught"", ""timed_overlap"": 2, ""column_overlap"": 2}]",completed,55,10,64
200,12,proximal-replay,2,but,him,86,86,86,,3,3,0,0,,64,"[{""word"": ""him"", ""timed_overlap"": 3, ""column_overlap"": 3}, {""word"": ""Souchong"", ""timed_overlap"": 2, ""column_overlap"": 3}, {""word"": ""However"", ""timed_overlap"": 2, ""column_overlap"": 2}, {""word"": ""departs"", ""timed_overlap"": 1, ""column_overlap"": 4}, {""word"": ""Skunk"", ""timed_overlap"": 1, ""column_overlap"": 4}]",completed,73,10,27
200,12,proximal-replay,3,run,that,65,65,65,,8,8,0,0,,62,"[{""word"": ""that"", ""timed_overlap"": 8, ""column_overlap"": 8}, {""word"": ""Old"", ""timed_overlap"": 2, ""column_overlap"": 3}, {""word"": ""good"", ""timed_overlap"": 2, ""column_overlap"": 3}, {""word"": ""confessed"", ""timed_overlap"": 2, ""column_overlap"": 2}, {""word"": ""already"", ""timed_overlap"": 2, ""column_overlap"": 2}]",completed,37,10,0
200,12,proximal-replay,4,away,the,21,21,21,,5,6,0,0,,68,"[{""word"": ""the"", ""timed_overlap"": 5, ""column_overlap"": 6}, {""word"": ""little"", ""timed_overlap"": 2, ""column_overlap"": 4}, {""word"": ""by"", ""timed_overlap"": 2, ""column_overlap"": 2}, {""word"": ""river"", ""timed_overlap"": 2, ""column_overlap"": 2}, {""word"": ""opening"", ""timed_overlap"": 2, ""column_overlap"": 2}]",completed,10,10,47
200,13,proximal-replay,1,close,close,77,77,77,,4,4,4,4,1,64,"[{""word"": ""close"", ""timed_overlap"": 4, ""column_overlap"": 4}, {""word"": ""began"", ""timed_overlap"": 2, ""column_overlap"": 5}, {""word"": ""some"", ""timed_overlap"": 2, ""column_overlap"": 3}, {""word"": ""let"", ""timed_overlap"": 2, ""column_overlap"": 2}, {""word"": ""Johnny"", ""timed_overlap"": 1, ""column_overlap"": 4}]",completed,64,10,36
200,13,proximal-replay,2,",",brave,79,79,79,,2,4,1,2,35,69,"[{""word"": ""brave"", ""timed_overlap"": 2, ""column_overlap"": 4}, {""word"": ""horse"", ""timed_overlap"": 2, ""column_overlap"": 3}, {""word"": ""woman"", ""timed_overlap"": 2, ""column_overlap"": 2}, {""word"": ""''"", ""timed_overlap"": 1, ""column_overlap"": 5}, {""word"": ""let"", ""timed_overlap"": 1, ""column_overlap"": 3}]",completed,46,10,73
200,13,proximal-replay,3,almost,such,87,87,87,,2,2,0,0,,66,"[{""word"": ""such"", ""timed_overlap"": 2, ""column_overlap"": 2}, {""word"": ""pleasant"", ""timed_overlap"": 1, ""column_overlap"": 4}, {""word"": ""Now"", ""timed_overlap"": 1, ""column_overlap"": 3}, {""word"": ""Marsch"", ""timed_overlap"": 1, ""column_overlap"": 3}, {""word"": ""awful"", ""timed_overlap"": 1, ""column_overlap"": 3}]",completed,82,10,74
200,13,proximal-replay,4,like,Gilbert,89,89,89,,2,3,1,1,54,56,"[{""word"": ""Gilbert"", ""timed_overlap"": 2, ""column_overlap"": 3}, {""word"": ""Jack"", ""timed_overlap"": 2, ""column_overlap"": 2}, {""word"": ""an"", ""timed_overlap"": 2, ""column_overlap"": 2}, {""word"": ""bared"", ""timed_overlap"": 2, ""column_overlap"": 2}, {""word"": ""His"", ""timed_overlap"": 2, ""column_overlap"": 2}]",completed,82,10,72
200,14,proximal-replay,1,dragging,to,74,74,74,,4,5,2,2,8,82,"[{""word"": ""to"", ""timed_overlap"": 4, ""column_overlap"": 5}, {""word"": ""sluggish"", ""timed_overlap"": 2, ""column_overlap"": 3}, {""word"": ""Arts"", ""timed_overlap"": 2, ""column_overlap"": 3}, {""word"": ""Mary"", ""timed_overlap"": 2, ""column_overlap"": 3}, {""word"": ""been"", ""timed_overlap"": 2, ""column_overlap"": 2}]",completed,46,10,46
200,14,proximal-replay,2,so,see,98,98,98,,2,3,0,0,,83,"[{""word"": ""see"", ""timed_overlap"": 2, ""column_overlap"": 3}, {""word"": ""weight"", ""timed_overlap"": 2, ""column_overlap"": 3}, {""word"": ""times"", ""timed_overlap"": 1, ""column_overlap"": 4}, {""word"": ""harm"", ""timed_overlap"": 1, ""column_overlap"": 4}, {""word"": ""hands"", ""timed_overlap"": 1, ""column_overlap"": 4}]",completed,55,10,54
200,14,proximal-replay,3,much,time,92,92,92,,2,3,0,0,,66,"[{""word"": ""time"", ""timed_overlap"": 2, ""column_overlap"": 3}, {""word"": ""hall"", ""timed_overlap"": 2, ""column_overlap"": 3}, {""word"": ""at"", ""timed_overlap"": 2, ""column_overlap"": 2}, {""word"": ""who"", ""timed_overlap"": 2, ""column_overlap"": 2}, {""word"": ""So"", ""timed_overlap"": 1, ""column_overlap"": 4}]",completed,64,10,63
200,14,proximal-replay,4,silver,distance,91,91,91,,2,3,1,2,29,95,"[{""word"": ""distance"", ""timed_overlap"": 2, ""column_overlap"": 3}, {""word"": ""Queen"", ""timed_overlap"": 2, ""column_overlap"": 3}, {""word"": ""visited"", ""timed_overlap"": 2, ""column_overlap"": 3}, {""word"": ""Skunk"", ""timed_overlap"": 2, ""column_overlap"": 2}, {""word"": ""right"", ""timed_overlap"": 2, ""column_overlap"": 2}]",completed,73,10,64
200,15,proximal-replay,1,with,And,76,76,76,,2,4,1,1,60,77,"[{""word"": ""And"", ""timed_overlap"": 2, ""column_overlap"": 4}, {""word"": ""Wildrose"", ""timed_overlap"": 2, ""column_overlap"": 3}, {""word"": ""behind"", ""timed_overlap"": 2, ""column_overlap"": 2}, {""word"": ""lump"", ""timed_overlap"": 1, ""column_overlap"": 4}, {""word"": ""old"", ""timed_overlap"": 1, ""column_overlap"": 4}]",completed,73,10,74
200,15,proximal-replay,2,alarm,best,94,94,94,,2,4,0,0,,59,"[{""word"": ""best"", ""timed_overlap"": 2, ""column_overlap"": 4}, {""word"": ""time"", ""timed_overlap"": 2, ""column_overlap"": 2}, {""word"": ""will"", ""timed_overlap"": 1, ""column_overlap"": 4}, {""word"": ""Once"", ""timed_overlap"": 1, ""column_overlap"": 3}, {""word"": ""humanity"", ""timed_overlap"": 1, ""column_overlap"": 3}]",completed,82,10,72
200,15,proximal-replay,3,and,sipping,86,86,86,,2,3,0,0,,85,"[{""word"": ""sipping"", ""timed_overlap"": 2, ""column_overlap"": 3}, {""word"": ""snuff-box"", ""timed_overlap"": 2, ""column_overlap"": 3}, {""word"": ""resent"", ""timed_overlap"": 2, ""column_overlap"": 3}, {""word"": ""Robert"", ""timed_overlap"": 1, ""column_overlap"": 4}, {""word"": ""Jack"", ""timed_overlap"": 1, ""column_overlap"": 4}]",completed,82,10,65
200,15,proximal-replay,4,jealousy,the,75,75,75,,2,3,0,0,,60,"[{""word"": ""the"", ""timed_overlap"": 2, ""column_overlap"": 3}, {""word"": ""flew"", ""timed_overlap"": 2, ""column_overlap"": 3}, {""word"": ""n't"", ""timed_overlap"": 2, ""column_overlap"": 3}, {""word"": ""Meadow"", ""timed_overlap"": 2, ""column_overlap"": 2}, {""word"": ""if"", ""timed_overlap"": 2, ""column_overlap"": 2}]",completed,73,10,63
200,16,proximal-replay,1,Marsch,Douglas,85,85,85,,2,3,2,3,2,66,"[{""word"": ""Douglas"", ""timed_overlap"": 2, ""column_overlap"": 3}, {""word"": ""Marsch"", ""timed_overlap"": 2, ""column_overlap"": 3}, {""word"": ""motives"", ""timed_overlap"": 2, ""column_overlap"": 2}, {""word"": ""with"", ""timed_overlap"": 2, ""column_overlap"": 2}, {""word"": ""girl"", ""timed_overlap"": 2, ""column_overlap"": 2}]",completed,73,10,63
200,16,proximal-replay,2,",",though,92,92,92,,2,3,0,0,,89,"[{""word"": ""though"", ""timed_overlap"": 2, ""column_overlap"": 3}, {""word"": ""distance"", ""timed_overlap"": 2, ""column_overlap"": 3}, {""word"": ""I"", ""timed_overlap"": 2, ""column_overlap"": 2}, {""word"": ""would"", ""timed_overlap"": 2, ""column_overlap"": 2}, {""word"": ""began"", ""timed_overlap"": 1, ""column_overlap"": 4}]",completed,73,10,45
200,16,proximal-replay,3,but,you,63,63,63,,5,5,0,0,,83,"[{""word"": ""you"", ""timed_overlap"": 5, ""column_overlap"": 5}, {""word"": "","", ""timed_overlap"": 2, ""column_overlap"": 2}, {""word"": ""dark"", ""timed_overlap"": 2, ""column_overlap"": 2}, {""word"": ""chance"", ""timed_overlap"": 1, ""column_overlap"": 4}, {""word"": ""still"", ""timed_overlap"": 1, ""column_overlap"": 3}]",completed,55,10,46
200,16,proximal-replay,4,no,with,96,96,96,,3,3,1,2,27,76,"[{""word"": ""with"", ""timed_overlap"": 3, ""column_overlap"": 3}, {""word"": ""Spirit"", ""timed_overlap"": 2, ""column_overlap"": 3}, {""word"": ""around"", ""timed_overlap"": 2, ""column_overlap"": 3}, {""word"": ""order"", ""timed_overlap"": 2, ""column_overlap"": 3}, {""word"": ""about"", ""timed_overlap"": 2, ""column_overlap"": 2}]",completed,55,10,54
200,17,proximal-replay,1,Spirit,prince,100,100,100,,3,3,0,0,,65,"[{""word"": ""prince"", ""timed_overlap"": 3, ""column_overlap"": 3}, {""word"": ""price"", ""timed_overlap"": 3, ""column_overlap"": 3}, {""word"": ""or"", ""timed_overlap"": 2, ""column_overlap"": 3}, {""word"": ""eye"", ""timed_overlap"": 2, ""column_overlap"": 2}, {""word"": ""mutinously"", ""timed_overlap"": 2, ""column_overlap"": 2}]",completed,64,10,45
200,17,proximal-replay,2,on,confessed,84,84,84,,6,6,0,0,,69,"[{""word"": ""confessed"", ""timed_overlap"": 6, ""column_overlap"": 6}, {""word"": ""major"", ""timed_overlap"": 2, ""column_overlap"": 3}, {""word"": ""no"", ""timed_overlap"": 2, ""column_overlap"": 3}, {""word"": ""into"", ""timed_overlap"": 2, ""column_overlap"": 3}, {""word"": ""mutinously"", ""timed_overlap"": 2, ""column_overlap"": 2}]",completed,55,10,27
200,17,proximal-replay,3,the,Pekoe,89,89,89,,1,4,0,0,,66,"[{""word"": ""Pekoe"", ""timed_overlap"": 1, ""column_overlap"": 4}, {""word"": ""pulled"", ""timed_overlap"": 1, ""column_overlap"": 3}, {""word"": ""thank"", ""timed_overlap"": 1, ""column_overlap"": 3}, {""word"": ""lady"", ""timed_overlap"": 1, ""column_overlap"": 3}, {""word"": ""confessed"", ""timed_overlap"": 1, ""column_overlap"": 3}]",completed,37,10,65
200,17,proximal-replay,4,moment,fellow,85,85,85,,3,3,0,0,,79,"[{""word"": ""fellow"", ""timed_overlap"": 3, ""column_overlap"": 3}, {""word"": "","", ""timed_overlap"": 2, ""column_overlap"": 3}, {""word"": ""course"", ""timed_overlap"": 2, ""column_overlap"": 3}, {""word"": ""know"", ""timed_overlap"": 2, ""column_overlap"": 3}, {""word"": ""Jack"", ""timed_overlap"": 1, ""column_overlap"": 4}]",completed,73,10,65
200,18,proximal-replay,1,to,soon,80,80,80,,2,4,1,2,27,64,"[{""word"": ""soon"", ""timed_overlap"": 2, ""column_overlap"": 4}, {""word"": ""minister"", ""timed_overlap"": 2, ""column_overlap"": 4}, {""word"": ""drug-vendor"", ""timed_overlap"": 2, ""column_overlap"": 3}, {""word"": ""head"", ""timed_overlap"": 2, ""column_overlap"": 2}, {""word"": ""forbidden"", ""timed_overlap"": 2, ""column_overlap"": 2}]",completed,55,10,63
200,18,proximal-replay,2,get,just,85,85,85,,2,3,0,0,,84,"[{""word"": ""just"", ""timed_overlap"": 2, ""column_overlap"": 3}, {""word"": ""haste"", ""timed_overlap"": 2, ""column_overlap"": 3}, {""word"": ""gathered"", ""timed_overlap"": 2, ""column_overlap"": 3}, {""word"": ""in"", ""timed_overlap"": 2, ""column_overlap"": 2}, {""word"": ""Grange"", ""timed_overlap"": 2, ""column_overlap"": 2}]",completed,73,10,72
200,18,proximal-replay,3,in,back,89,89,89,,2,3,0,0,,72,"[{""word"": ""back"", ""timed_overlap"": 2, ""column_overlap"": 3}, {""word"": ""leafy"", ""timed_overlap"": 2, ""column_overlap"": 3}, {""word"": ""ought"", ""timed_overlap"": 2, ""column_overlap"": 2}, {""word"": ""such"", ""timed_overlap"": 2, ""column_overlap"": 2}, {""word"": ""bared"", ""timed_overlap"": 1, ""column_overlap"": 5}]",completed,82,10,72
200,18,proximal-replay,4,there,Joseph,91,91,91,,2,4,0,0,,69,"[{""word"": ""Joseph"", ""timed_overlap"": 2, ""column_overlap"": 4}, {""word"": ""Souchong"", ""timed_overlap"": 2, ""column_overlap"": 2}, {""word"": ""youth"", ""timed_overlap"": 2, ""column_overlap"": 2}, {""word"": ""chance"", ""timed_overlap"": 1, ""column_overlap"": 4}, {""word"": ""O"", ""timed_overlap"": 1, ""column_overlap"": 4}]",completed,82,10,64
200,19,proximal-replay,1,it,excluded,89,89,89,,2,2,0,0,,73,"[{""word"": ""excluded"", ""timed_overlap"": 2, ""column_overlap"": 2}, {""word"": ""timid"", ""timed_overlap"": 2, ""column_overlap"": 2}, {""word"": ""many"", ""timed_overlap"": 1, ""column_overlap"": 4}, {""word"": ""she"", ""timed_overlap"": 1, ""column_overlap"": 4}, {""word"": ""To"", ""timed_overlap"": 1, ""column_overlap"": 3}]",completed,46,10,63
200,19,proximal-replay,2,",",time,79,79,79,,2,3,0,0,,73,"[{""word"": ""time"", ""timed_overlap"": 2, ""column_overlap"": 3}, {""word"": ""That"", ""timed_overlap"": 2, ""column_overlap"": 3}, {""word"": ""eggs"", ""timed_overlap"": 2, ""column_overlap"": 3}, {""word"": ""'ve"", ""timed_overlap"": 1, ""column_overlap"": 4}, {""word"": ""frozen"", ""timed_overlap"": 1, ""column_overlap"": 3}]",completed,73,10,64
200,19,proximal-replay,3,'',',88,88,88,,2,3,1,1,75,89,"[{""word"": ""'"", ""timed_overlap"": 2, ""column_overlap"": 3}, {""word"": ""visited"", ""timed_overlap"": 2, ""column_overlap"": 3}, {""word"": ""see"", ""timed_overlap"": 2, ""column_overlap"": 3}, {""word"": ""shall"", ""timed_overlap"": 2, ""column_overlap"": 2}, {""word"": ""right"", ""timed_overlap"": 2, ""column_overlap"": 2}]",completed,73,10,63
200,19,proximal-replay,4,said,These,96,96,96,,2,3,1,1,73,73,"[{""word"": ""These"", ""timed_overlap"": 2, ""column_overlap"": 3}, {""word"": ""close"", ""timed_overlap"": 2, ""column_overlap"": 3}, {""word"": ""seen"", ""timed_overlap"": 1, ""column_overlap"": 5}, {""word"": ""Down"", ""timed_overlap"": 1, ""column_overlap"": 4}, {""word"": ""care"", ""timed_overlap"": 1, ""column_overlap"": 3}]",completed,73,10,72
200,20,proximal-replay,1,harm,these,83,83,83,,3,3,2,3,3,82,"[{""word"": ""these"", ""timed_overlap"": 3, ""column_overlap"": 3}, {""word"": ""river"", ""timed_overlap"": 2, ""column_overlap"": 3}, {""word"": ""harm"", ""timed_overlap"": 2, ""column_overlap"": 3}, {""word"": ""pretence"", ""timed_overlap"": 2, ""column_overlap"": 2}, {""word"": ""denied"", ""timed_overlap"": 1, ""column_overlap"": 4}]",completed,55,10,55
200,20,proximal-replay,2,",",three,68,68,68,,3,4,0,0,,66,"[{""word"": ""three"", ""timed_overlap"": 3, ""column_overlap"": 4}, {""word"": ""motives"", ""timed_overlap"": 2, ""column_overlap"": 2}, {""word"": ""little"", ""timed_overlap"": 2, ""column_overlap"": 2}, {""word"": ""heard"", ""timed_overlap"": 2, ""column_overlap"": 2}, {""word"": ""CHAPTER"", ""timed_overlap"": 2, ""column_overlap"": 2}]",completed,64,10,37
200,20,proximal-replay,3,and,kindest,76,76,76,,2,4,0,0,,78,"[{""word"": ""kindest"", ""timed_overlap"": 2, ""column_overlap"": 4}, {""word"": ""Dick"", ""timed_overlap"": 2, ""column_overlap"": 4}, {""word"": ""old"", ""timed_overlap"": 2, ""column_overlap"": 2}, {""word"": ""does"", ""timed_overlap"": 2, ""column_overlap"": 2}, {""word"": ""Alan"", ""timed_overlap"": 2, ""column_overlap"": 2}]",completed,46,10,56
200,20,proximal-replay,4,he,old,93,93,93,,3,3,0,0,,76,"[{""word"": ""old"", ""timed_overlap"": 3, ""column_overlap"": 3}, {""word"": ""Danny"", ""timed_overlap"": 2, ""column_overlap"": 2}, {""word"": ""monarch"", ""timed_overlap"": 1, ""column_overlap"": 3}, {""word"": ""was"", ""timed_overlap"": 1, ""column_overlap"": 3}, {""word"": ""Gwythyr"", ""timed_overlap"": 1, ""column_overlap"": 3}]",completed,64,10,63
200,21,proximal-replay,1,have,admitted,100,100,100,,2,2,0,0,,67,"[{""word"": ""admitted"", ""timed_overlap"": 2, ""column_overlap"": 2}, {""word"": ""'"", ""timed_overlap"": 2, ""column_overlap"": 2}, {""word"": ""done"", ""timed_overlap"": 2, ""column_overlap"": 2}, {""word"": ""he"", ""timed_overlap"": 2, ""column_overlap"": 2}, {""word"": ""CHAPTER"", ""timed_overlap"": 1, ""column_overlap"": 4}]",completed,100,10,72
200,21,proximal-replay,2,n't,Williamson,95,95,95,,2,2,0,0,,68,"[{""word"": ""Williamson"", ""timed_overlap"": 2, ""column_overlap"": 2}, {""word"": ""However"", ""timed_overlap"": 1, ""column_overlap"": 3}, {""word"": ""Felicity"", ""timed_overlap"": 1, ""column_overlap"": 3}, {""word"": ""finish"", ""timed_overlap"": 1, ""column_overlap"": 3}, {""word"": ""thing"", ""timed_overlap"": 1, ""column_overlap"": 3}]",completed,82,10,73
200,21,proximal-replay,3,you,tunnels,95,95,95,,3,3,0,0,,79,"[{""word"": ""tunnels"", ""timed_overlap"": 3, ""column_overlap"": 3}, {""word"": ""Soon"", ""timed_overlap"": 2, ""column_overlap"": 3}, {""word"": ""it"", ""timed_overlap"": 2, ""column_overlap"": 3}, {""word"": ""started"", ""timed_overlap"": 2, ""column_overlap"": 2}, {""word"": ""Gwythyr"", ""timed_overlap"": 1, ""column_overlap"": 4}]",completed,82,10,63
200,21,proximal-replay,4,?,spur,75,75,75,,3,4,0,0,,80,"[{""word"": ""spur"", ""timed_overlap"": 3, ""column_overlap"": 4}, {""word"": ""reason"", ""timed_overlap"": 2, ""column_overlap"": 4}, {""word"": ""praised"", ""timed_overlap"": 2, ""column_overlap"": 3}, {""word"": ""tunnels"", ""timed_overlap"": 2, ""column_overlap"": 2}, {""word"": ""danced"", ""timed_overlap"": 2, ""column_overlap"": 2}]",completed,73,10,67
200,22,proximal-replay,1,take,pay,90,90,90,,3,3,0,0,,78,"[{""word"": ""pay"", ""timed_overlap"": 3, ""column_overlap"": 3}, {""word"": ""Now"", ""timed_overlap"": 2, ""column_overlap"": 2}, {""word"": ""'re"", ""timed_overlap"": 2, ""column_overlap"": 2}, {""word"": ""Prince"", ""timed_overlap"": 2, ""column_overlap"": 2}, {""word"": ""last"", ""timed_overlap"": 1, ""column_overlap"": 4}]",completed,91,10,54
200,22,proximal-replay,2,place,for,86,86,86,,3,3,0,0,,58,"[{""word"": ""for"", ""timed_overlap"": 3, ""column_overlap"": 3}, {""word"": ""thou"", ""timed_overlap"": 2, ""column_overlap"": 2}, {""word"": ""wind"", ""timed_overlap"": 1, ""column_overlap"": 4}, {""word"": ""and"", ""timed_overlap"": 1, ""column_overlap"": 4}, {""word"": ""by"", ""timed_overlap"": 1, ""column_overlap"": 3}]",completed,64,10,27
200,22,proximal-replay,3,this,the,66,66,66,,4,4,0,0,,65,"[{""word"": ""the"", ""timed_overlap"": 4, ""column_overlap"": 4}, {""word"": ""river"", ""timed_overlap"": 2, ""column_overlap"": 4}, {""word"": ""him"", ""timed_overlap"": 2, ""column_overlap"": 3}, {""word"": ""Puck"", ""timed_overlap"": 2, ""column_overlap"": 3}, {""word"": ""naturally"", ""timed_overlap"": 2, ""column_overlap"": 2}]",completed,37,10,27
200,22,proximal-replay,4,evening,studied,100,100,100,,2,3,0,0,,70,"[{""word"": ""studied"", ""timed_overlap"": 2, ""column_overlap"": 3}, {""word"": ""sentence"", ""timed_overlap"": 2, ""column_overlap"": 3}, {""word"": ""world"", ""timed_overlap"": 2, ""column_overlap"": 2}, {""word"": ""'"", ""timed_overlap"": 2, ""column_overlap"": 2}, {""word"": ""fact"", ""timed_overlap"": 2, ""column_overlap"": 2}]",completed,37,10,72
200,23,proximal-replay,1,look,time,92,92,92,,2,2,0,0,,60,"[{""word"": ""time"", ""timed_overlap"": 2, ""column_overlap"": 2}, {""word"": ""thought"", ""timed_overlap"": 1, ""column_overlap"": 3}, {""word"": ""wish"", ""timed_overlap"": 1, ""column_overlap"": 3}, {""word"": ""flies"", ""timed_overlap"": 1, ""column_overlap"": 2}, {""word"": ""already"", ""timed_overlap"": 1, ""column_overlap"": 2}]",completed,55,10,63
200,23,proximal-replay,2,at,',88,88,88,,2,3,0,0,,89,"[{""word"": ""'"", ""timed_overlap"": 2, ""column_overlap"": 3}, {""word"": ""see"", ""timed_overlap"": 2, ""column_overlap"": 3}, {""word"": ""visited"", ""timed_overlap"": 2, ""column_overlap"": 3}, {""word"": ""shall"", ""timed_overlap"": 2, ""column_overlap"": 2}, {""word"": ""distance"", ""timed_overlap"": 2, ""column_overlap"": 2}]",completed,73,10,63
200,23,proximal-replay,3,the,close,96,96,96,,2,3,0,0,,73,"[{""word"": ""close"", ""timed_overlap"": 2, ""column_overlap"": 3}, {""word"": ""These"", ""timed_overlap"": 2, ""column_overlap"": 3}, {""word"": ""seen"", ""timed_overlap"": 1, ""column_overlap"": 5}, {""word"": ""Down"", ""timed_overlap"": 1, ""column_overlap"": 4}, {""word"": ""everything"", ""timed_overlap"": 1, ""column_overlap"": 3}]",completed,73,10,54
200,23,proximal-replay,4,motionless,woman,73,73,73,,3,3,0,0,,86,"[{""word"": ""woman"", ""timed_overlap"": 3, ""column_overlap"": 3}, {""word"": ""pictures"", ""timed_overlap"": 3, ""column_overlap"": 3}, {""word"": ""found"", ""timed_overlap"": 2, ""column_overlap"": 4}, {""word"": ""But"", ""timed_overlap"": 2, ""column_overlap"": 2}, {""word"": ""Bowser"", ""timed_overlap"": 1, ""column_overlap"": 3}]",completed,64,10,57
200,24,proximal-replay,1,might,Lawful,89,89,89,,2,4,0,0,,78,"[{""word"": ""Lawful"", ""timed_overlap"": 2, ""column_overlap"": 4}, {""word"": ""whereon"", ""timed_overlap"": 2, ""column_overlap"": 3}, {""word"": ""n't"", ""timed_overlap"": 2, ""column_overlap"": 3}, {""word"": ""were"", ""timed_overlap"": 2, ""column_overlap"": 3}, {""word"": ""sipping"", ""timed_overlap"": 2, ""column_overlap"": 2}]",completed,37,10,72
200,24,proximal-replay,2,fall,confessed,72,72,72,,2,4,0,0,,65,"[{""word"": ""confessed"", ""timed_overlap"": 2, ""column_overlap"": 4}, {""word"": ""nice"", ""timed_overlap"": 2, ""column_overlap"": 3}, {""word"": ""heart"", ""timed_overlap"": 2, ""column_overlap"": 2}, {""word"": ""mutinously"", ""timed_overlap"": 2, ""column_overlap"": 2}, {""word"": ""chop"", ""timed_overlap"": 2, ""column_overlap"": 2}]",completed,82,10,75
200,24,proximal-replay,3,on,that,87,87,87,,2,3,0,0,,69,"[{""word"": ""that"", ""timed_overlap"": 2, ""column_overlap"": 3}, {""word"": ""take"", ""timed_overlap"": 2, ""column_overlap"": 3}, {""word"": ""began"", ""timed_overlap"": 1, ""column_overlap"": 3}, {""word"": ""thank"", ""timed_overlap"": 1, ""column_overlap"": 3}, {""word"": ""resisted"", ""timed_overlap"": 1, ""column_overlap"": 3}]",completed,82,10,36
200,24,proximal-replay,4,that,the,90,90,90,,4,4,0,0,,65,"[{""word"": ""the"", ""timed_overlap"": 4, ""column_overlap"": 4}, {""word"": ""river"", ""timed_overlap"": 2, ""column_overlap"": 5}, {""word"": ""Puck"", ""timed_overlap"": 2, ""column_overlap"": 3}, {""word"": ""Balkis"", ""timed_overlap"": 2, ""column_overlap"": 2}, {""word"": ""Spirit"", ""timed_overlap"": 1, ""column_overlap"": 4}]",completed,46,10,54
200,25,proximal-replay,1,",",?,84,84,84,,2,3,0,0,,63,"[{""word"": ""?"", ""timed_overlap"": 2, ""column_overlap"": 3}, {""word"": ""nine"", ""timed_overlap"": 2, ""column_overlap"": 3}, {""word"": ""ruin"", ""timed_overlap"": 2, ""column_overlap"": 3}, {""word"": ""forget"", ""timed_overlap"": 2, ""column_overlap"": 3}, {""word"": ""saddle"", ""timed_overlap"": 1, ""column_overlap"": 4}]",completed,73,10,64
200,25,proximal-replay,2,Aunt,Joe,67,67,67,,2,2,0,0,,85,"[{""word"": ""Joe"", ""timed_overlap"": 2, ""column_overlap"": 2}, {""word"": ""all"", ""timed_overlap"": 2, ""column_overlap"": 2}, {""word"": ""many"", ""timed_overlap"": 1, ""column_overlap"": 4}, {""word"": ""it"", ""timed_overlap"": 1, ""column_overlap"": 4}, {""word"": ""likes"", ""timed_overlap"": 1, ""column_overlap"": 4}]",completed,73,10,74
200,25,proximal-replay,3,Emmy,might,76,76,76,,2,2,0,0,,78,"[{""word"": ""might"", ""timed_overlap"": 2, ""column_overlap"": 2}, {""word"": ""sure"", ""timed_overlap"": 2, ""column_overlap"": 2}, {""word"": ""beauty"", ""timed_overlap"": 1, ""column_overlap"": 3}, {""word"": ""Don"", ""timed_overlap"": 1, ""column_overlap"": 3}, {""word"": ""now"", ""timed_overlap"": 1, ""column_overlap"": 3}]",completed,82,10,75
200,25,proximal-replay,4,",",do,87,87,87,,2,5,0,0,,80,"[{""word"": ""do"", ""timed_overlap"": 2, ""column_overlap"": 5}, {""word"": ""say"", ""timed_overlap"": 2, ""column_overlap"": 3}, {""word"": ""ten"", ""timed_overlap"": 2, ""column_overlap"": 2}, {""word"": ""ever"", ""timed_overlap"": 2, ""column_overlap"": 2}, {""word"": ""fall"", ""timed_overlap"": 2, ""column_overlap"": 2}]",completed,82,10,54
200,26,proximal-replay,1,good,good,52,52,52,,4,5,4,5,1,67,"[{""word"": ""good"", ""timed_overlap"": 4, ""column_overlap"": 5}, {""word"": ""major"", ""timed_overlap"": 2, ""column_overlap"": 3}, {""word"": ""We"", ""timed_overlap"": 2, ""column_overlap"": 3}, {""word"": ""Gwythyr"", ""timed_overlap"": 1, ""column_overlap"": 4}, {""word"": ""It"", ""timed_overlap"": 1, ""column_overlap"": 3}]",completed,19,10,48
200,26,proximal-replay,2,--,--,90,90,90,,3,3,3,3,1,60,"[{""word"": ""--"", ""timed_overlap"": 3, ""column_overlap"": 3}, {""word"": ""somehow"", ""timed_overlap"": 2, ""column_overlap"": 3}, {""word"": ""danced"", ""timed_overlap"": 2, ""column_overlap"": 3}, {""word"": ""too"", ""timed_overlap"": 2, ""column_overlap"": 2}, {""word"": ""and"", ""timed_overlap"": 2, ""column_overlap"": 2}]",completed,55,10,36
200,26,proximal-replay,3,that,Lady,86,86,86,,3,3,2,3,4,75,"[{""word"": ""Lady"", ""timed_overlap"": 3, ""column_overlap"": 3}, {""word"": ""upon"", ""timed_overlap"": 2, ""column_overlap"": 4}, {""word"": ""parents"", ""timed_overlap"": 2, ""column_overlap"": 3}, {""word"": ""that"", ""timed_overlap"": 2, ""column_overlap"": 3}, {""word"": ""oranges"", ""timed_overlap"": 1, ""column_overlap"": 4}]",completed,46,10,65
200,26,proximal-replay,4,there,have,86,86,86,,2,4,0,0,,70,"[{""word"": ""have"", ""timed_overlap"": 2, ""column_overlap"": 4}, {""word"": ""fought"", ""timed_overlap"": 2, ""column_overlap"": 3}, {""word"": ""why"", ""timed_overlap"": 2, ""column_overlap"": 2}, {""word"": ""even"", ""timed_overlap"": 2, ""column_overlap"": 2}, {""word"": ""thou"", ""timed_overlap"": 1, ""column_overlap"": 4}]",completed,73,10,73
200,27,proximal-replay,1,great,spear,98,98,98,,3,4,0,0,,81,"[{""word"": ""spear"", ""timed_overlap"": 3, ""column_overlap"": 4}, {""word"": ""way"", ""timed_overlap"": 3, ""column_overlap"": 3}, {""word"": ""Wendy"", ""timed_overlap"": 2, ""column_overlap"": 5}, {""word"": ""Spirit"", ""timed_overlap"": 2, ""column_overlap"": 3}, {""word"": ""course"", ""timed_overlap"": 2, ""column_overlap"": 3}]",completed,73,10,45
200,27,proximal-replay,2,deal,bronze-colored,64,64,64,,3,3,1,2,29,76,"[{""word"": ""bronze-colored"", ""timed_overlap"": 3, ""column_overlap"": 3}, {""word"": ""have"", ""timed_overlap"": 2, ""column_overlap"": 5}, {""word"": ""Williamson"", ""timed_overlap"": 2, ""column_overlap"": 4}, {""word"": ""things"", ""timed_overlap"": 2, ""column_overlap"": 3}, {""word"": ""gathered"", ""timed_overlap"": 2, ""column_overlap"": 3}]",completed,55,10,69
200,27,proximal-replay,3,of,hair,56,56,56,,5,5,0,0,,68,"[{""word"": ""hair"", ""timed_overlap"": 5, ""column_overlap"": 5}, {""word"": ""studied"", ""timed_overlap"": 2, ""column_overlap"": 3}, {""word"": ""spoke"", ""timed_overlap"": 2, ""column_overlap"": 2}, {""word"": ""hopelessly"", ""timed_overlap"": 2, ""column_overlap"": 2}, {""word"": ""And"", ""timed_overlap"": 2, ""column_overlap"": 2}]",completed,73,10,28
200,27,proximal-replay,4,common,captain,45,45,45,,2,3,0,0,,64,"[{""word"": ""captain"", ""timed_overlap"": 2, ""column_overlap"": 3}, {""word"": ""and"", ""timed_overlap"": 2, ""column_overlap"": 3}, {""word"": ""Alice"", ""timed_overlap"": 1, ""column_overlap"": 4}, {""word"": ""pleasant"", ""timed_overlap"": 1, ""column_overlap"": 4}, {""word"": ""anxious"", ""timed_overlap"": 1, ""column_overlap"": 3}]",completed,37,10,76
200,28,proximal-replay,1,",",happened,76,76,76,,2,4,1,2,38,77,"[{""word"": ""happened"", ""timed_overlap"": 2, ""column_overlap"": 4}, {""word"": ""hour"", ""timed_overlap"": 2, ""column_overlap"": 2}, {""word"": ""chance"", ""timed_overlap"": 2, ""column_overlap"": 2}, {""word"": ""Down"", ""timed_overlap"": 2, ""column_overlap"": 2}, {""word"": ""hands"", ""timed_overlap"": 1, ""column_overlap"": 4}]",completed,64,10,74
200,28,proximal-replay,2,praised,poor,81,81,81,,1,3,0,0,,72,"[{""word"": ""poor"", ""timed_overlap"": 1, ""column_overlap"": 3}, {""word"": ""hear"", ""timed_overlap"": 1, ""column_overlap"": 3}, {""word"": ""study"", ""timed_overlap"": 1, ""column_overlap"": 3}, {""word"": ""Dear"", ""timed_overlap"": 1, ""column_overlap"": 3}, {""word"": ""therefore"", ""timed_overlap"": 1, ""column_overlap"": 3}]",completed,82,10,73
200,28,proximal-replay,3,be,put,95,95,95,,2,3,0,0,,67,"[{""word"": ""put"", ""timed_overlap"": 2, ""column_overlap"": 3}, {""word"": ""Now"", ""timed_overlap"": 2, ""column_overlap"": 2}, {""word"": ""girl"", ""timed_overlap"": 2, ""column_overlap"": 2}, {""word"": ""Rogers"", ""timed_overlap"": 2, ""column_overlap"": 2}, {""word"": ""able"", ""timed_overlap"": 2, ""column_overlap"": 2}]",completed,82,10,64
200,28,proximal-replay,4,the,such,78,78,78,,2,3,0,0,,62,"[{""word"": ""such"", ""timed_overlap"": 2, ""column_overlap"": 3}, {""word"": ""her"", ""timed_overlap"": 2, ""column_overlap"": 2}, {""word"": ""out"", ""timed_overlap"": 2, ""column_overlap"": 2}, {""word"": ""few"", ""timed_overlap"": 2, ""column_overlap"": 2}, {""word"": ""things"", ""timed_overlap"": 1, ""column_overlap"": 5}]",completed,73,10,54
200,29,proximal-replay,1,",",only,67,67,67,,2,5,1,1,80,91,"[{""word"": ""only"", ""timed_overlap"": 2, ""column_overlap"": 5}, {""word"": ""saddle"", ""timed_overlap"": 2, ""column_overlap"": 4}, {""word"": ""feast"", ""timed_overlap"": 2, ""column_overlap"": 4}, {""word"": ""setting"", ""timed_overlap"": 2, ""column_overlap"": 2}, {""word"": ""Frank"", ""timed_overlap"": 2, ""column_overlap"": 2}]",completed,64,10,74
200,29,proximal-replay,2,for,fry,83,83,83,,2,3,0,0,,68,"[{""word"": ""fry"", ""timed_overlap"": 2, ""column_overlap"": 3}, {""word"": ""She"", ""timed_overlap"": 2, ""column_overlap"": 3}, {""word"": ""took"", ""timed_overlap"": 2, ""column_overlap"": 3}, {""word"": ""value"", ""timed_overlap"": 2, ""column_overlap"": 2}, {""word"": ""reason"", ""timed_overlap"": 1, ""column_overlap"": 4}]",completed,82,10,56
200,29,proximal-replay,3,at,thrifty,68,68,68,,3,3,0,0,,60,"[{""word"": ""thrifty"", ""timed_overlap"": 3, ""column_overlap"": 3}, {""word"": ""fish"", ""timed_overlap"": 2, ""column_overlap"": 3}, {""word"": ""howled"", ""timed_overlap"": 1, ""column_overlap"": 5}, {""word"": ""lay"", ""timed_overlap"": 1, ""column_overlap"": 3}, {""word"": ""later"", ""timed_overlap"": 1, ""column_overlap"": 3}]",completed,64,10,65
200,29,proximal-replay,4,the,as,71,71,71,,2,3,0,0,,64,"[{""word"": ""as"", ""timed_overlap"": 2, ""column_overlap"": 3}, {""word"": ""tracks"", ""timed_overlap"": 2, ""column_overlap"": 3}, {""word"": ""probably"", ""timed_overlap"": 2, ""column_overlap"": 2}, {""word"": ""howled"", ""timed_overlap"": 1, ""column_overlap"": 3}, {""word"": ""finish"", ""timed_overlap"": 1, ""column_overlap"": 3}]",completed,73,10,54
200,30,proximal-replay,1,try,feel,91,91,91,,3,3,1,1,81,81,"[{""word"": ""feel"", ""timed_overlap"": 3, ""column_overlap"": 3}, {""word"": ""Jimmy"", ""timed_overlap"": 2, ""column_overlap"": 3}, {""word"": ""praised"", ""timed_overlap"": 2, ""column_overlap"": 3}, {""word"": ""tantrum"", ""timed_overlap"": 2, ""column_overlap"": 2}, {""word"": ""my"", ""timed_overlap"": 2, ""column_overlap"": 2}]",completed,64,10,55
200,30,proximal-replay,2,to,as,78,78,78,,7,7,0,0,,76,"[{""word"": ""as"", ""timed_overlap"": 7, ""column_overlap"": 7}, {""word"": ""fighting"", ""timed_overlap"": 2, ""column_overlap"": 3}, {""word"": ""its"", ""timed_overlap"": 2, ""column_overlap"": 2}, {""word"": ""months"", ""timed_overlap"": 2, ""column_overlap"": 2}, {""word"": ""going"", ""timed_overlap"": 1, ""column_overlap"": 3}]",completed,64,10,27
200,30,proximal-replay,3,save,long,68,68,68,,3,3,0,0,,81,"[{""word"": ""long"", ""timed_overlap"": 3, ""column_overlap"": 3}, {""word"": ""Happy"", ""timed_overlap"": 2, ""column_overlap"": 3}, {""word"": ""go"", ""timed_overlap"": 2, ""column_overlap"": 3}, {""word"": ""name"", ""timed_overlap"": 2, ""column_overlap"": 3}, {""word"": ""Anne"", ""timed_overlap"": 2, ""column_overlap"": 2}]",completed,37,10,37
200,30,proximal-replay,4,her,as,60,60,60,,4,5,1,2,33,80,"[{""word"": ""as"", ""timed_overlap"": 4, ""column_overlap"": 5}, {""word"": ""much"", ""timed_overlap"": 2, ""column_overlap"": 3}, {""word"": ""I"", ""timed_overlap"": 2, ""column_overlap"": 3}, {""word"": ""any"", ""timed_overlap"": 2, ""column_overlap"": 3}, {""word"": ""before"", ""timed_overlap"": 2, ""column_overlap"": 2}]",completed,46,10,45
200,31,proximal-replay,1,'',rare,100,100,100,,2,3,1,1,62,70,"[{""word"": ""rare"", ""timed_overlap"": 2, ""column_overlap"": 3}, {""word"": ""``"", ""timed_overlap"": 2, ""column_overlap"": 2}, {""word"": ""Skunk"", ""timed_overlap"": 1, ""column_overlap"": 4}, {""word"": ""excluded"", ""timed_overlap"": 1, ""column_overlap"": 3}, {""word"": ""bared"", ""timed_overlap"": 1, ""column_overlap"": 3}]",completed,73,10,54
200,31,proximal-replay,2,said,Soon,83,83,83,,2,3,0,0,,69,"[{""word"": ""Soon"", ""timed_overlap"": 2, ""column_overlap"": 3}, {""word"": ""two"", ""timed_overlap"": 2, ""column_overlap"": 3}, {""word"": ""body"", ""timed_overlap"": 2, ""column_overlap"": 3}, {""word"": ""long"", ""timed_overlap"": 2, ""column_overlap"": 2}, {""word"": ""visited"", ""timed_overlap"": 2, ""column_overlap"": 2}]",completed,64,10,55
200,31,proximal-replay,3,Dick,Robert,75,75,75,,3,3,0,0,,73,"[{""word"": ""Robert"", ""timed_overlap"": 3, ""column_overlap"": 3}, {""word"": ""thumb"", ""timed_overlap"": 2, ""column_overlap"": 4}, {""word"": ""dares"", ""timed_overlap"": 2, ""column_overlap"": 3}, {""word"": ""after"", ""timed_overlap"": 2, ""column_overlap"": 2}, {""word"": ""She"", ""timed_overlap"": 1, ""column_overlap"": 3}]",completed,64,10,54
200,31,proximal-replay,4,",",Williamson,78,78,78,,3,3,0,0,,76,"[{""word"": ""Williamson"", ""timed_overlap"": 3, ""column_overlap"": 3}, {""word"": ""do"", ""timed_overlap"": 2, ""column_overlap"": 3}, {""word"": ""bearing"", ""timed_overlap"": 2, ""column_overlap"": 3}, {""word"": ""what"", ""timed_overlap"": 2, ""column_overlap"": 3}, {""word"": ""wrongs"", ""timed_overlap"": 1, ""column_overlap"": 4}]",completed,64,10,36
200,32,proximal-replay,1,one,flashes,100,100,100,,2,4,0,0,,65,"[{""word"": ""flashes"", ""timed_overlap"": 2, ""column_overlap"": 4}, {""word"": ""just"", ""timed_overlap"": 1, ""column_overlap"": 4}, {""word"": ""an"", ""timed_overlap"": 1, ""column_overlap"": 3}, {""word"": ""veil"", ""timed_overlap"": 1, ""column_overlap"": 3}, {""word"": ""Great"", ""timed_overlap"": 1, ""column_overlap"": 3}]",completed,91,10,72
200,32,proximal-replay,2,after,of,77,77,77,,4,5,0,0,,77,"[{""word"": ""of"", ""timed_overlap"": 4, ""column_overlap"": 5}, {""word"": ""Play"", ""timed_overlap"": 2, ""column_overlap"": 2}, {""word"": ""well"", ""timed_overlap"": 2, ""column_overlap"": 2}, {""word"": ""wind"", ""timed_overlap"": 2, ""column_overlap"": 2}, {""word"": ""timid"", ""timed_overlap"": 1, ""column_overlap"": 4}]",completed,82,10,36
200,32,proximal-replay,3,the,clouded,88,88,88,,4,5,2,3,4,71,"[{""word"": ""clouded"", ""timed_overlap"": 4, ""column_overlap"": 5}, {""word"": ""river"", ""timed_overlap"": 2, ""column_overlap"": 4}, {""word"": ""eye"", ""timed_overlap"": 2, ""column_overlap"": 4}, {""word"": ""the"", ""timed_overlap"": 2, ""column_overlap"": 3}, {""word"": ""Wildrose"", ""timed_overlap"": 2, ""column_overlap"": 3}]",completed,46,10,27
200,32,proximal-replay,4,other,blue,71,71,71,,7,7,0,0,,80,"[{""word"": ""blue"", ""timed_overlap"": 7, ""column_overlap"": 7}, {""word"": ""daughter"", ""timed_overlap"": 2, ""column_overlap"": 3}, {""word"": ""youth"", ""timed_overlap"": 2, ""column_overlap"": 3}, {""word"": ""gathered"", ""timed_overlap"": 2, ""column_overlap"": 3}, {""word"": ""'m"", ""timed_overlap"": 2, ""column_overlap"": 2}]",completed,37,10,27
200,33,proximal-replay,1,humanity,of,67,67,67,,6,6,3,3,2,82,"[{""word"": ""of"", ""timed_overlap"": 6, ""column_overlap"": 6}, {""word"": ""humanity"", ""timed_overlap"": 3, ""column_overlap"": 3}, {""word"": ""few"", ""timed_overlap"": 2, ""column_overlap"": 3}, {""word"": ""Play"", ""timed_overlap"": 2, ""column_overlap"": 2}, {""word"": ""like"", ""timed_overlap"": 1, ""column_overlap"": 4}]",completed,64,10,9
200,33,proximal-replay,2,must,the,58,58,58,,5,5,1,1,70,73,"[{""word"": ""the"", ""timed_overlap"": 5, ""column_overlap"": 5}, {""word"": "","", ""timed_overlap"": 2, ""column_overlap"": 5}, {""word"": ""should"", ""timed_overlap"": 2, ""column_overlap"": 2}, {""word"": ""had"", ""timed_overlap"": 2, ""column_overlap"": 2}, {""word"": ""world"", ""timed_overlap"": 2, ""column_overlap"": 2}]",completed,19,10,28
200,33,proximal-replay,3,pay,behind,100,100,100,,2,3,0,0,,72,"[{""word"": ""behind"", ""timed_overlap"": 2, ""column_overlap"": 3}, {""word"": ""dares"", ""timed_overlap"": 2, ""column_overlap"": 3}, {""word"": ""Peerless"", ""timed_overlap"": 2, ""column_overlap"": 3}, {""word"": ""excluded"", ""timed_overlap"": 2, ""column_overlap"": 2}, {""word"": ""the"", ""timed_overlap"": 2, ""column_overlap"": 2}]",completed,37,10,72
200,33,proximal-replay,4,for,does,93,93,93,,2,3,0,0,,68,"[{""word"": ""does"", ""timed_overlap"": 2, ""column_overlap"": 3}, {""word"": ""skins"", ""timed_overlap"": 2, ""column_overlap"": 2}, {""word"": ""tumbling"", ""timed_overlap"": 2, ""column_overlap"": 2}, {""word"": ""underneath"", ""timed_overlap"": 1, ""column_overlap"": 4}, {""word"": ""branch"", ""timed_overlap"": 1, ""column_overlap"": 4}]",completed,82,10,64
200,34,proximal-replay,1,another,told,99,99,99,,3,5,0,0,,89,"[{""word"": ""told"", ""timed_overlap"": 3, ""column_overlap"": 5}, {""word"": ""--"", ""timed_overlap"": 2, ""column_overlap"": 2}, {""word"": ""daughter"", ""timed_overlap"": 1, ""column_overlap"": 3}, {""word"": ""teeth"", ""timed_overlap"": 1, ""column_overlap"": 3}, {""word"": ""West"", ""timed_overlap"": 1, ""column_overlap"": 3}]",completed,82,10,45
200,34,proximal-replay,2,laughed,me,75,75,75,,5,5,0,0,,62,"[{""word"": ""me"", ""timed_overlap"": 5, ""column_overlap"": 5}, {""word"": ""Souchong"", ""timed_overlap"": 2, ""column_overlap"": 3}, {""word"": ""Look"", ""timed_overlap"": 2, ""column_overlap"": 3}, {""word"": ""him"", ""timed_overlap"": 2, ""column_overlap"": 3}, {""word"": ""My"", ""timed_overlap"": 1, ""column_overlap"": 5}]",completed,55,10,27
200,34,proximal-replay,3,",",",",57,57,57,,3,3,3,3,1,61,"[{""word"": "","", ""timed_overlap"": 3, ""column_overlap"": 3}, {""word"": ""in"", ""timed_overlap"": 3, ""column_overlap"": 3}, {""word"": ""plum"", ""timed_overlap"": 2, ""column_overlap"": 3}, {""word"": ""looked"", ""timed_overlap"": 2, ""column_overlap"": 2}, {""word"": ""does"", ""timed_overlap"": 2, ""column_overlap"": 2}]",completed,37,10,36
200,34,proximal-replay,4,and,an,99,99,99,,2,3,1,4,6,77,"[{""word"": ""an"", ""timed_overlap"": 2, ""column_overlap"": 3}, {""word"": ""pride"", ""timed_overlap"": 2, ""column_overlap"": 2}, {""word"": ""she"", ""timed_overlap"": 2, ""column_overlap"": 2}, {""word"": ""fact"", ""timed_overlap"": 2, ""column_overlap"": 2}, {""word"": ""pink"", ""timed_overlap"": 2, ""column_overlap"": 2}]",completed,46,10,73
200,35,proximal-replay,1,me,me,75,75,75,,3,3,3,3,1,70,"[{""word"": ""me"", ""timed_overlap"": 3, ""column_overlap"": 3}, {""word"": ""times"", ""timed_overlap"": 2, ""column_overlap"": 3}, {""word"": ""CHAPTER"", ""timed_overlap"": 1, ""column_overlap"": 4}, {""word"": ""done"", ""timed_overlap"": 1, ""column_overlap"": 3}, {""word"": ""mean"", ""timed_overlap"": 1, ""column_overlap"": 3}]",completed,55,10,27
200,35,proximal-replay,2,",",in,57,57,57,,3,3,3,3,2,61,"[{""word"": ""in"", ""timed_overlap"": 3, ""column_overlap"": 3}, {""word"": "","", ""timed_overlap"": 3, ""column_overlap"": 3}, {""word"": ""plum"", ""timed_overlap"": 2, ""column_overlap"": 3}, {""word"": ""does"", ""timed_overlap"": 2, ""column_overlap"": 2}, {""word"": ""looked"", ""timed_overlap"": 2, ""column_overlap"": 2}]",completed,37,10,37
200,35,proximal-replay,3,',lump,78,78,78,,2,3,0,0,,69,"[{""word"": ""lump"", ""timed_overlap"": 2, ""column_overlap"": 3}, {""word"": ""Dick"", ""timed_overlap"": 2, ""column_overlap"": 3}, {""word"": ""pink"", ""timed_overlap"": 2, ""column_overlap"": 3}, {""word"": ""soft"", ""timed_overlap"": 2, ""column_overlap"": 2}, {""word"": ""his"", ""timed_overlap"": 2, ""column_overlap"": 2}]",completed,46,10,73
200,35,proximal-replay,4,answered,minutes,95,95,95,,2,3,0,0,,75,"[{""word"": ""minutes"", ""timed_overlap"": 2, ""column_overlap"": 3}, {""word"": ""fry"", ""timed_overlap"": 2, ""column_overlap"": 3}, {""word"": ""moment"", ""timed_overlap"": 2, ""column_overlap"": 3}, {""word"": ""o"", ""timed_overlap"": 2, ""column_overlap"": 2}, {""word"": ""came"", ""timed_overlap"": 2, ""column_overlap"": 2}]",completed,82,10,73
200,36,proximal-replay,1,said,answered,92,92,92,,2,2,0,0,,64,"[{""word"": ""answered"", ""timed_overlap"": 2, ""column_overlap"": 2}, {""word"": ""West"", ""timed_overlap"": 1, ""column_overlap"": 4}, {""word"": ""lay"", ""timed_overlap"": 1, ""column_overlap"": 4}, {""word"": ""Down"", ""timed_overlap"": 1, ""column_overlap"": 4}, {""word"": ""much"", ""timed_overlap"": 1, ""column_overlap"": 3}]",completed,82,10,46
200,36,proximal-replay,2,the,Hans,76,76,76,,7,7,0,0,,71,"[{""word"": ""Hans"", ""timed_overlap"": 7, ""column_overlap"": 7}, {""word"": ""know"", ""timed_overlap"": 2, ""column_overlap"": 3}, {""word"": ""one"", ""timed_overlap"": 2, ""column_overlap"": 3}, {""word"": ""image"", ""timed_overlap"": 2, ""column_overlap"": 2}, {""word"": ""man"", ""timed_overlap"": 1, ""column_overlap"": 4}]",completed,55,10,18
200,36,proximal-replay,3,bear,mischievous,62,62,62,,2,4,0,0,,75,"[{""word"": ""mischievous"", ""timed_overlap"": 2, ""column_overlap"": 4}, {""word"": ""alarm"", ""timed_overlap"": 2, ""column_overlap"": 3}, {""word"": ""doctor"", ""timed_overlap"": 2, ""column_overlap"": 2}, {""word"": ""Soon"", ""timed_overlap"": 2, ""column_overlap"": 2}, {""word"": ""visitors"", ""timed_overlap"": 1, ""column_overlap"": 3}]",completed,28,10,75
200,36,proximal-replay,4,",",hearse,88,88,88,,2,3,1,1,50,79,"[{""word"": ""hearse"", ""timed_overlap"": 2, ""column_overlap"": 3}, {""word"": ""ought"", ""timed_overlap"": 2, ""column_overlap"": 2}, {""word"": ""CHAPTER"", ""timed_overlap"": 2, ""column_overlap"": 2}, {""word"": ""salt"", ""timed_overlap"": 1, ""column_overlap"": 5}, {""word"": ""pile"", ""timed_overlap"": 1, ""column_overlap"": 4}]",completed,82,10,65
200,37,proximal-replay,1,even,all,100,100,100,,2,3,1,1,54,59,"[{""word"": ""all"", ""timed_overlap"": 2, ""column_overlap"": 3}, {""word"": ""Johnny"", ""timed_overlap"": 1, ""column_overlap"": 3}, {""word"": ""grass"", ""timed_overlap"": 1, ""column_overlap"": 3}, {""word"": ""fall"", ""timed_overlap"": 1, ""column_overlap"": 3}, {""word"": ""Danny"", ""timed_overlap"": 1, ""column_overlap"": 2}]",completed,82,10,63
200,37,proximal-replay,2,if,these,90,90,90,,2,2,0,0,,77,"[{""word"": ""these"", ""timed_overlap"": 2, ""column_overlap"": 2}, {""word"": ""they"", ""timed_overlap"": 2, ""column_overlap"": 2}, {""word"": ""suppose"", ""timed_overlap"": 2, ""column_overlap"": 2}, {""word"": ""pleasant"", ""timed_overlap"": 2, ""column_overlap"": 2}, {""word"": ""place"", ""timed_overlap"": 2, ""column_overlap"": 2}]",completed,73,10,45
200,37,proximal-replay,3,you,motives,69,69,69,,5,5,0,0,,62,"[{""word"": ""motives"", ""timed_overlap"": 5, ""column_overlap"": 5}, {""word"": ""three"", ""timed_overlap"": 3, ""column_overlap"": 4}, {""word"": ""heard"", ""timed_overlap"": 2, ""column_overlap"": 2}, {""word"": ""CHAPTER"", ""timed_overlap"": 2, ""column_overlap"": 2}, {""word"": ""pudding"", ""timed_overlap"": 2, ""column_overlap"": 2}]",completed,55,10,36
200,37,proximal-replay,4,tried,had,68,68,68,,6,6,0,0,,70,"[{""word"": ""had"", ""timed_overlap"": 6, ""column_overlap"": 6}, {""word"": ""well"", ""timed_overlap"": 2, ""column_overlap"": 3}, {""word"": ""far"", ""timed_overlap"": 2, ""column_overlap"": 3}, {""word"": ""opening"", ""timed_overlap"": 2, ""column_overlap"": 3}, {""word"": ""taking"", ""timed_overlap"": 2, ""column_overlap"": 2}]",completed,46,10,27
200,38,proximal-replay,1,and,and,91,91,91,,1,4,1,4,1,63,"[{""word"": ""and"", ""timed_overlap"": 1, ""column_overlap"": 4}, {""word"": ""that"", ""timed_overlap"": 1, ""column_overlap"": 4}, {""word"": ""keep"", ""timed_overlap"": 1, ""column_overlap"": 3}, {""word"": ""'m"", ""timed_overlap"": 1, ""column_overlap"": 3}, {""word"": ""seemed"", ""timed_overlap"": 1, ""column_overlap"": 3}]",completed,55,10,72
200,38,proximal-replay,2,drop,told,97,97,97,,3,5,0,0,,81,"[{""word"": ""told"", ""timed_overlap"": 3, ""column_overlap"": 5}, {""word"": ""put"", ""timed_overlap"": 2, ""column_overlap"": 2}, {""word"": ""never"", ""timed_overlap"": 2, ""column_overlap"": 2}, {""word"": ""eggs"", ""timed_overlap"": 1, ""column_overlap"": 3}, {""word"": ""Cursed"", ""timed_overlap"": 1, ""column_overlap"": 3}]",completed,82,10,45
200,38,proximal-replay,3,remorsefully,me,75,75,75,,5,5,1,1,47,62,"[{""word"": ""me"", ""timed_overlap"": 5, ""column_overlap"": 5}, {""word"": ""Look"", ""timed_overlap"": 2, ""column_overlap"": 3}, {""word"": ""Souchong"", ""timed_overlap"": 2, ""column_overlap"": 3}, {""word"": ""him"", ""timed_overlap"": 2, ""column_overlap"": 3}, {""word"": ""My"", ""timed_overlap"": 1, ""column_overlap"": 5}]",completed,55,10,27
200,38,proximal-replay,4,at,",",57,57,57,,3,3,0,0,,61,"[{""word"": "","", ""timed_overlap"": 3, ""column_overlap"": 3}, {""word"": ""in"", ""timed_overlap"": 3, ""column_overlap"": 3}, {""word"": ""plum"", ""timed_overlap"": 2, ""column_overlap"": 3}, {""word"": ""Dick"", ""timed_overlap"": 2, ""column_overlap"": 2}, {""word"": ""looked"", ""timed_overlap"": 2, ""column_overlap"": 2}]",completed,37,10,36
200,39,proximal-replay,1,spoke,came,94,94,94,,2,3,1,1,47,63,"[{""word"": ""came"", ""timed_overlap"": 2, ""column_overlap"": 3}, {""word"": ""mid-afternoon"", ""timed_overlap"": 2, ""column_overlap"": 3}, {""word"": ""HAD"", ""timed_overlap"": 2, ""column_overlap"": 3}, {""word"": ""from"", ""timed_overlap"": 2, ""column_overlap"": 2}, {""word"": ""amiss"", ""timed_overlap"": 2, ""column_overlap"": 2}]",completed,82,10,64
200,39,proximal-replay,2,in,and,82,82,82,,3,3,2,2,4,93,"[{""word"": ""and"", ""timed_overlap"": 3, ""column_overlap"": 3}, {""word"": ""must"", ""timed_overlap"": 2, ""column_overlap"": 3}, {""word"": ""let"", ""timed_overlap"": 2, ""column_overlap"": 2}, {""word"": ""in"", ""timed_overlap"": 2, ""column_overlap"": 2}, {""word"": ""Being"", ""timed_overlap"": 2, ""column_overlap"": 2}]",completed,73,10,36
200,39,proximal-replay,3,soft,',95,95,95,,2,5,0,0,,81,"[{""word"": ""'"", ""timed_overlap"": 2, ""column_overlap"": 5}, {""word"": ""told"", ""timed_overlap"": 2, ""column_overlap"": 3}, {""word"": ""who"", ""timed_overlap"": 2, ""column_overlap"": 3}, {""word"": ""Miller"", ""timed_overlap"": 2, ""column_overlap"": 3}, {""word"": ""better"", ""timed_overlap"": 2, ""column_overlap"": 2}]",completed,46,10,46
200,39,proximal-replay,4,and,Alice,87,87,87,,3,3,0,0,,70,"[{""word"": ""Alice"", ""timed_overlap"": 3, ""column_overlap"": 3}, {""word"": ""answered"", ""timed_overlap"": 2, ""column_overlap"": 3}, {""word"": ""rejoined"", ""timed_overlap"": 2, ""column_overlap"": 3}, {""word"": ""said"", ""timed_overlap"": 2, ""column_overlap"": 3}, {""word"": ""gathered"", ""timed_overlap"": 2, ""column_overlap"": 2}]",completed,55,10,45
200,40,proximal-replay,1,of,of,66,66,66,,3,3,3,3,1,73,"[{""word"": ""of"", ""timed_overlap"": 3, ""column_overlap"": 3}, {""word"": ""land"", ""timed_overlap"": 1, ""column_overlap"": 4}, {""word"": ""Williamson"", ""timed_overlap"": 1, ""column_overlap"": 4}, {""word"": ""overhead"", ""timed_overlap"": 1, ""column_overlap"": 3}, {""word"": ""wise"", ""timed_overlap"": 1, ""column_overlap"": 3}]",completed,37,10,36
200,40,proximal-replay,2,the,the,87,87,87,,4,4,4,4,1,74,"[{""word"": ""the"", ""timed_overlap"": 4, ""column_overlap"": 4}, {""word"": ""find"", ""timed_overlap"": 3, ""column_overlap"": 3}, {""word"": ""Puck"", ""timed_overlap"": 2, ""column_overlap"": 4}, {""word"": ""river"", ""timed_overlap"": 2, ""column_overlap"": 3}, {""word"": ""though"", ""timed_overlap"": 2, ""column_overlap"": 3}]",completed,46,10,54
200,40,proximal-replay,3,desert,whole,100,100,100,,2,3,0,0,,77,"[{""word"": ""whole"", ""timed_overlap"": 2, ""column_overlap"": 3}, {""word"": ""Johnny"", ""timed_overlap"": 2, ""column_overlap"": 2}, {""word"": ""beneath"", ""timed_overlap"": 1, ""column_overlap"": 4}, {""word"": ""easel"", ""timed_overlap"": 1, ""column_overlap"": 3}, {""word"": ""bronze-colored"", ""timed_overlap"": 1, ""column_overlap"": 3}]",completed,64,10,72
200,40,proximal-replay,4,appeared,week,88,88,88,,4,4,0,0,,59,"[{""word"": ""week"", ""timed_overlap"": 4, ""column_overlap"": 4}, {""word"": ""common"", ""timed_overlap"": 2, ""column_overlap"": 2}, {""word"": ""land"", ""timed_overlap"": 2, ""column_overlap"": 2}, {""word"": ""distant"", ""timed_overlap"": 2, ""column_overlap"": 2}, {""word"": ""Dot"", ""timed_overlap"": 2, ""column_overlap"": 2}]",completed,82,10,36
200,41,proximal-replay,1,girl,girl,97,97,97,,2,3,2,3,1,56,"[{""word"": ""girl"", ""timed_overlap"": 2, ""column_overlap"": 3}, {""word"": ""queen"", ""timed_overlap"": 2, ""column_overlap"": 2}, {""word"": ""So"", ""timed_overlap"": 1, ""column_overlap"": 4}, {""word"": ""lord"", ""timed_overlap"": 1, ""column_overlap"": 3}, {""word"": ""let"", ""timed_overlap"": 1, ""column_overlap"": 3}]",completed,73,10,54
200,41,proximal-replay,2,in,",",86,86,86,,3,3,2,3,4,69,"[{""word"": "","", ""timed_overlap"": 3, ""column_overlap"": 3}, {""word"": ""lump"", ""timed_overlap"": 2, ""column_overlap"": 4}, {""word"": ""dark"", ""timed_overlap"": 2, ""column_overlap"": 3}, {""word"": ""in"", ""timed_overlap"": 2, ""column_overlap"": 3}, {""word"": ""mother"", ""timed_overlap"": 2, ""column_overlap"": 2}]",completed,64,10,36
200,41,proximal-replay,3,the,Danny,99,99,99,,2,3,1,1,42,68,"[{""word"": ""Danny"", ""timed_overlap"": 2, ""column_overlap"": 3}, {""word"": ""who"", ""timed_overlap"": 2, ""column_overlap"": 2}, {""word"": ""she"", ""timed_overlap"": 2, ""column_overlap"": 2}, {""word"": ""''"", ""timed_overlap"": 2, ""column_overlap"": 2}, {""word"": ""ye"", ""timed_overlap"": 1, ""column_overlap"": 4}]",completed,46,10,72
200,41,proximal-replay,4,world,forbidden,85,85,85,,2,3,1,2,24,63,"[{""word"": ""forbidden"", ""timed_overlap"": 2, ""column_overlap"": 3}, {""word"": ""thrifty"", ""timed_overlap"": 2, ""column_overlap"": 3}, {""word"": ""Alfin"", ""timed_overlap"": 2, ""column_overlap"": 2}, {""word"": ""silence"", ""timed_overlap"": 2, ""column_overlap"": 2}, {""word"": ""ladies"", ""timed_overlap"": 1, ""column_overlap"": 5}]",completed,82,10,64
200,42,proximal-replay,1,",",'',84,84,84,,3,5,1,2,40,80,"[{""word"": ""''"", ""timed_overlap"": 3, ""column_overlap"": 5}, {""word"": ""shall"", ""timed_overlap"": 2, ""column_overlap"": 3}, {""word"": ""Frank"", ""timed_overlap"": 2, ""column_overlap"": 2}, {""word"": ""demons"", ""timed_overlap"": 2, ""column_overlap"": 2}, {""word"": ""Skunk"", ""timed_overlap"": 2, ""column_overlap"": 2}]",completed,64,10,45
200,42,proximal-replay,2,not,began,84,84,84,,3,3,0,0,,74,"[{""word"": ""began"", ""timed_overlap"": 3, ""column_overlap"": 3}, {""word"": ""said"", ""timed_overlap"": 3, ""column_overlap"": 3}, {""word"": ""Robert"", ""timed_overlap"": 2, ""column_overlap"": 2}, {""word"": ""Alan"", ""timed_overlap"": 2, ""column_overlap"": 2}, {""word"": ""says"", ""timed_overlap"": 2, ""column_overlap"": 2}]",completed,55,10,36
200,42,proximal-replay,3,exactly,to,65,65,65,,7,7,0,0,,69,"[{""word"": ""to"", ""timed_overlap"": 7, ""column_overlap"": 7}, {""word"": ""Amy"", ""timed_overlap"": 3, ""column_overlap"": 3}, {""word"": ""fairy"", ""timed_overlap"": 2, ""column_overlap"": 3}, {""word"": ""He"", ""timed_overlap"": 2, ""column_overlap"": 3}, {""word"": ""Arts"", ""timed_overlap"": 2, ""column_overlap"": 2}]",completed,46,10,9
200,42,proximal-replay,4,.,terrify,65,65,65,,7,7,0,0,,72,"[{""word"": ""terrify"", ""timed_overlap"": 7, ""column_overlap"": 7}, {""word"": ""one"", ""timed_overlap"": 2, ""column_overlap"": 3}, {""word"": ""danced"", ""timed_overlap"": 1, ""column_overlap"": 4}, {""word"": ""motives"", ""timed_overlap"": 1, ""column_overlap"": 4}, {""word"": ""thing"", ""timed_overlap"": 1, ""column_overlap"": 3}]",completed,19,10,27
200,43,proximal-replay,1,her,got,96,96,96,,2,4,2,3,2,77,"[{""word"": ""got"", ""timed_overlap"": 2, ""column_overlap"": 4}, {""word"": ""her"", ""timed_overlap"": 2, ""column_overlap"": 3}, {""word"": ""thank"", ""timed_overlap"": 2, ""column_overlap"": 3}, {""word"": ""quaggi"", ""timed_overlap"": 2, ""column_overlap"": 2}, {""word"": ""certain"", ""timed_overlap"": 2, ""column_overlap"": 2}]",completed,46,10,55
200,43,proximal-replay,2,ambitions,frightened,60,60,60,,4,5,0,0,,58,"[{""word"": ""frightened"", ""timed_overlap"": 4, ""column_overlap"": 5}, {""word"": ""mutinously"", ""timed_overlap"": 2, ""column_overlap"": 3}, {""word"": ""Most"", ""timed_overlap"": 2, ""column_overlap"": 2}, {""word"": ""sable"", ""timed_overlap"": 1, ""column_overlap"": 4}, {""word"": ""might"", ""timed_overlap"": 1, ""column_overlap"": 4}]",completed,64,10,47
200,43,proximal-replay,3,last,what,73,73,73,,3,3,0,0,,70,"[{""word"": ""what"", ""timed_overlap"": 3, ""column_overlap"": 3}, {""word"": ""Assam"", ""timed_overlap"": 3, ""column_overlap"": 3}, {""word"": ""Pegasus"", ""timed_overlap"": 1, ""column_overlap"": 5}, {""word"": ""howled"", ""timed_overlap"": 1, ""column_overlap"": 4}, {""word"": ""mischievous"", ""timed_overlap"": 1, ""column_overlap"": 4}]",completed,55,10,65
200,43,proximal-replay,4,night,you,90,90,90,,4,4,0,0,,74,"[{""word"": ""you"", ""timed_overlap"": 4, ""column_overlap"": 4}, {""word"": ""even"", ""timed_overlap"": 1, ""column_overlap"": 4}, {""word"": ""fry"", ""timed_overlap"": 1, ""column_overlap"": 3}, {""word"": ""Dear"", ""timed_overlap"": 1, ""column_overlap"": 3}, {""word"": ""prince"", ""timed_overlap"": 1, ""column_overlap"": 3}]",completed,73,10,27
200,44,proximal-replay,1,chop,Gilbert,85,85,85,,1,4,0,0,,66,"[{""word"": ""Gilbert"", ""timed_overlap"": 1, ""column_overlap"": 4}, {""word"": ""'m"", ""timed_overlap"": 1, ""column_overlap"": 3}, {""word"": ""better"", ""timed_overlap"": 1, ""column_overlap"": 3}, {""word"": ""some"", ""timed_overlap"": 1, ""column_overlap"": 3}, {""word"": ""suited"", ""timed_overlap"": 1, ""column_overlap"": 3}]",completed,28,10,73
200,44,proximal-replay,2,it,Alan,95,95,95,,2,4,0,0,,64,"[{""word"": ""Alan"", ""timed_overlap"": 2, ""column_overlap"": 4}, {""word"": ""busybodies"", ""timed_overlap"": 2, ""column_overlap"": 3}, {""word"": ""happily"", ""timed_overlap"": 2, ""column_overlap"": 3}, {""word"": ""."", ""timed_overlap"": 1, ""column_overlap"": 4}, {""word"": ""down"", ""timed_overlap"": 1, ""column_overlap"": 4}]",completed,82,10,54
200,44,proximal-replay,3,off,the,78,78,78,,4,5,0,0,,67,"[{""word"": ""the"", ""timed_overlap"": 4, ""column_overlap"": 5}, {""word"": ""river"", ""timed_overlap"": 2, ""column_overlap"": 5}, {""word"": ""took"", ""timed_overlap"": 2, ""column_overlap"": 3}, {""word"": ""Puck"", ""timed_overlap"": 2, ""column_overlap"": 2}, {""word"": ""but"", ""timed_overlap"": 2, ""column_overlap"": 2}]",completed,64,10,55
200,44,proximal-replay,4,",",coming,100,100,100,,2,3,0,0,,84,"[{""word"": ""coming"", ""timed_overlap"": 2, ""column_overlap"": 3}, {""word"": ""doctor"", ""timed_overlap"": 2, ""column_overlap"": 3}, {""word"": ""She"", ""timed_overlap"": 2, ""column_overlap"": 2}, {""word"": ""prince"", ""timed_overlap"": 2, ""column_overlap"": 2}, {""word"": ""queen"", ""timed_overlap"": 2, ""column_overlap"": 2}]",completed,64,10,45
200,45,proximal-replay,1,awful,some,63,63,63,,3,4,0,0,,82,"[{""word"": ""some"", ""timed_overlap"": 3, ""column_overlap"": 4}, {""word"": ""and"", ""timed_overlap"": 3, ""column_overlap"": 4}, {""word"": ""close"", ""timed_overlap"": 2, ""column_overlap"": 3}, {""word"": ""room"", ""timed_overlap"": 2, ""column_overlap"": 3}, {""word"": ""I"", ""timed_overlap"": 2, ""column_overlap"": 2}]",completed,55,10,55
200,45,proximal-replay,2,early,thank,88,88,88,,2,3,0,0,,79,"[{""word"": ""thank"", ""timed_overlap"": 2, ""column_overlap"": 3}, {""word"": ""Williamson"", ""timed_overlap"": 2, ""column_overlap"": 2}, {""word"": ""instead"", ""timed_overlap"": 1, ""column_overlap"": 4}, {""word"": ""dear"", ""timed_overlap"": 1, ""column_overlap"": 4}, {""word"": ""spur"", ""timed_overlap"": 1, ""column_overlap"": 4}]",completed,64,10,72
200,45,proximal-replay,3,",",you,90,90,90,,4,4,0,0,,63,"[{""word"": ""you"", ""timed_overlap"": 4, ""column_overlap"": 4}, {""word"": ""upon"", ""timed_overlap"": 2, ""column_overlap"": 3}, {""word"": ""monarch"", ""timed_overlap"": 2, ""column_overlap"": 3}, {""word"": ""alarm"", ""timed_overlap"": 2, ""column_overlap"": 3}, {""word"": ""marriage"", ""timed_overlap"": 2, ""column_overlap"": 2}]",completed,82,10,27
200,45,proximal-replay,4,and,from,90,90,90,,6,7,0,0,,69,"[{""word"": ""from"", ""timed_overlap"": 6, ""column_overlap"": 7}, {""word"": ""make"", ""timed_overlap"": 2, ""column_overlap"": 2}, {""word"": ""villagers"", ""timed_overlap"": 1, ""column_overlap"": 3}, {""word"": ""1715"", ""timed_overlap"": 1, ""column_overlap"": 3}, {""word"": ""spur"", ""timed_overlap"": 1, ""column_overlap"": 3}]",completed,37,10,36
200,46,proximal-replay,1,--,--,80,80,80,,5,5,5,5,1,69,"[{""word"": ""--"", ""timed_overlap"": 5, ""column_overlap"": 5}, {""word"": ""mother"", ""timed_overlap"": 2, ""column_overlap"": 3}, {""word"": ""I"", ""timed_overlap"": 2, ""column_overlap"": 2}, {""word"": ""back"", ""timed_overlap"": 2, ""column_overlap"": 2}, {""word"": ""amiss"", ""timed_overlap"": 2, ""column_overlap"": 2}]",completed,73,10,36
200,46,proximal-replay,2,it,'',88,88,88,,3,5,2,3,5,78,"[{""word"": ""''"", ""timed_overlap"": 3, ""column_overlap"": 5}, {""word"": ""Lady"", ""timed_overlap"": 2, ""column_overlap"": 4}, {""word"": ""Emmy"", ""timed_overlap"": 2, ""column_overlap"": 4}, {""word"": ""and"", ""timed_overlap"": 2, ""column_overlap"": 3}, {""word"": ""it"", ""timed_overlap"": 2, ""column_overlap"": 3}]",completed,46,10,36
200,46,proximal-replay,3,was,said,67,67,67,,6,6,0,0,,75,"[{""word"": ""said"", ""timed_overlap"": 6, ""column_overlap"": 6}, {""word"": ""says"", ""timed_overlap"": 2, ""column_overlap"": 2}, {""word"": ""everything"", ""timed_overlap"": 1, ""column_overlap"": 3}, {""word"": ""Mother"", ""timed_overlap"": 1, ""column_overlap"": 3}, {""word"": ""ones"", ""timed_overlap"": 1, ""column_overlap"": 3}]",completed,46,10,27
200,46,proximal-replay,4,an,the,74,74,74,,5,5,0,0,,73,"[{""word"": ""the"", ""timed_overlap"": 5, ""column_overlap"": 5}, {""word"": ""lady"", ""timed_overlap"": 2, ""column_overlap"": 3}, {""word"": ""prince"", ""timed_overlap"": 2, ""column_overlap"": 2}, {""word"": ""world"", ""timed_overlap"": 2, ""column_overlap"": 2}, {""word"": ""Dick"", ""timed_overlap"": 2, ""column_overlap"": 2}]",completed,37,10,36
200,47,proximal-replay,1,but,she,100,100,100,,4,4,0,0,,77,"[{""word"": ""she"", ""timed_overlap"": 4, ""column_overlap"": 4}, {""word"": ""try"", ""timed_overlap"": 2, ""column_overlap"": 2}, {""word"": ""''"", ""timed_overlap"": 2, ""column_overlap"": 2}, {""word"": ""This"", ""timed_overlap"": 2, ""column_overlap"": 2}, {""word"": ""Janet"", ""timed_overlap"": 2, ""column_overlap"": 2}]",completed,64,10,36
200,47,proximal-replay,2,somehow,had,77,77,77,,3,4,0,0,,81,"[{""word"": ""had"", ""timed_overlap"": 3, ""column_overlap"": 4}, {""word"": ""only"", ""timed_overlap"": 3, ""column_overlap"": 3}, {""word"": ""beauty"", ""timed_overlap"": 2, ""column_overlap"": 5}, {""word"": ""went"", ""timed_overlap"": 2, ""column_overlap"": 3}, {""word"": ""from"", ""timed_overlap"": 1, ""column_overlap"": 4}]",completed,46,10,36
200,47,proximal-replay,3,we,soon,87,87,87,,2,4,0,0,,72,"[{""word"": ""soon"", ""timed_overlap"": 2, ""column_overlap"": 4}, {""word"": ""not"", ""timed_overlap"": 2, ""column_overlap"": 3}, {""word"": ""to"", ""timed_overlap"": 2, ""column_overlap"": 2}, {""word"": ""CHAPTER"", ""timed_overlap"": 2, ""column_overlap"": 2}, {""word"": ""weight"", ""timed_overlap"": 2, ""column_overlap"": 2}]",completed,46,10,73
200,47,proximal-replay,4,do,haste,85,85,85,,2,5,0,0,,77,"[{""word"": ""haste"", ""timed_overlap"": 2, ""column_overlap"": 5}, {""word"": ""gathered"", ""timed_overlap"": 2, ""column_overlap"": 3}, {""word"": ""major"", ""timed_overlap"": 2, ""column_overlap"": 3}, {""word"": ""study"", ""timed_overlap"": 2, ""column_overlap"": 2}, {""word"": ""dropped"", ""timed_overlap"": 2, ""column_overlap"": 2}]",completed,82,10,72
200,48,proximal-replay,1,leafy,few,97,97,97,,3,3,1,3,6,84,"[{""word"": ""few"", ""timed_overlap"": 3, ""column_overlap"": 3}, {""word"": ""fire"", ""timed_overlap"": 2, ""column_overlap"": 3}, {""word"": ""sensible"", ""timed_overlap"": 2, ""column_overlap"": 2}, {""word"": ""three"", ""timed_overlap"": 1, ""column_overlap"": 3}, {""word"": ""Millie"", ""timed_overlap"": 1, ""column_overlap"": 3}]",completed,73,10,45
200,48,proximal-replay,2,branch,minutes,82,82,82,,4,4,0,0,,77,"[{""word"": ""minutes"", ""timed_overlap"": 4, ""column_overlap"": 4}, {""word"": ""around"", ""timed_overlap"": 2, ""column_overlap"": 3}, {""word"": ""real"", ""timed_overlap"": 1, ""column_overlap"": 4}, {""word"": ""able"", ""timed_overlap"": 1, ""column_overlap"": 4}, {""word"": ""grown"", ""timed_overlap"": 1, ""column_overlap"": 4}]",completed,55,10,36
200,48,proximal-replay,3,and,sat,82,82,82,,9,9,0,0,,74,"[{""word"": ""sat"", ""timed_overlap"": 9, ""column_overlap"": 9}, {""word"": ""upon"", ""timed_overlap"": 2, ""column_overlap"": 3}, {""word"": ""more"", ""timed_overlap"": 2, ""column_overlap"": 3}, {""word"": ""?"", ""timed_overlap"": 2, ""column_overlap"": 3}, {""word"": ""any"", ""timed_overlap"": 2, ""column_overlap"": 3}]",completed,46,10,9
200,48,proximal-replay,4,look,and,26,26,26,,8,8,0,0,,64,"[{""word"": ""and"", ""timed_overlap"": 8, ""column_overlap"": 8}, {""word"": ""I"", ""timed_overlap"": 2, ""column_overlap"": 3}, {""word"": ""Head"", ""timed_overlap"": 2, ""column_overlap"": 2}, {""word"": ""thing"", ""timed_overlap"": 2, ""column_overlap"": 2}, {""word"": ""lump"", ""timed_overlap"": 1, ""column_overlap"": 4}]",completed,19,10,10
200,49,proximal-replay,1,'s,'s,87,87,87,,5,5,5,5,1,67,"[{""word"": ""'s"", ""timed_overlap"": 5, ""column_overlap"": 5}, {""word"": ""fall"", ""timed_overlap"": 2, ""column_overlap"": 3}, {""word"": ""was"", ""timed_overlap"": 2, ""column_overlap"": 2}, {""word"": ""Aunt"", ""timed_overlap"": 2, ""column_overlap"": 2}, {""word"": ""does"", ""timed_overlap"": 2, ""column_overlap"": 2}]",completed,46,10,9
200,49,proximal-replay,2,very,very,38,38,38,,4,4,4,4,1,67,"[{""word"": ""very"", ""timed_overlap"": 4, ""column_overlap"": 4}, {""word"": ""eaten"", ""timed_overlap"": 2, ""column_overlap"": 4}, {""word"": ""so"", ""timed_overlap"": 2, ""column_overlap"": 3}, {""word"": ""were"", ""timed_overlap"": 2, ""column_overlap"": 2}, {""word"": ""ambitions"", ""timed_overlap"": 1, ""column_overlap"": 4}]",completed,19,10,55
200,49,proximal-replay,3,nice,therefore,86,86,86,,2,3,0,0,,75,"[{""word"": ""therefore"", ""timed_overlap"": 2, ""column_overlap"": 3}, {""word"": ""still"", ""timed_overlap"": 2, ""column_overlap"": 2}, {""word"": ""I"", ""timed_overlap"": 2, ""column_overlap"": 2}, {""word"": ""likes"", ""timed_overlap"": 1, ""column_overlap"": 4}, {""word"": ""make"", ""timed_overlap"": 1, ""column_overlap"": 3}]",completed,64,10,54
200,49,proximal-replay,4,to,horse,67,67,67,,2,3,1,2,42,77,"[{""word"": ""horse"", ""timed_overlap"": 2, ""column_overlap"": 3}, {""word"": ""visited"", ""timed_overlap"": 2, ""column_overlap"": 2}, {""word"": ""this"", ""timed_overlap"": 2, ""column_overlap"": 2}, {""word"": ""led"", ""timed_overlap"": 1, ""column_overlap"": 3}, {""word"": ""before"", ""timed_overlap"": 1, ""column_overlap"": 3}]",completed,64,10,66
200,50,proximal-replay,1,value,beneath,91,91,91,,2,3,2,2,3,69,"[{""word"": ""beneath"", ""timed_overlap"": 2, ""column_overlap"": 3}, {""word"": ""mischievous"", ""timed_overlap"": 2, ""column_overlap"": 2}, {""word"": ""value"", ""timed_overlap"": 2, ""column_overlap"": 2}, {""word"": ""was"", ""timed_overlap"": 2, ""column_overlap"": 2}, {""word"": ""calmly"", ""timed_overlap"": 1, ""column_overlap"": 4}]",completed,37,10,72
200,50,proximal-replay,2,on,these,77,77,77,,4,4,0,0,,74,"[{""word"": ""these"", ""timed_overlap"": 4, ""column_overlap"": 4}, {""word"": ""sure"", ""timed_overlap"": 2, ""column_overlap"": 3}, {""word"": ""This"", ""timed_overlap"": 2, ""column_overlap"": 2}, {""word"": ""be"", ""timed_overlap"": 1, ""column_overlap"": 4}, {""word"": ""fish"", ""timed_overlap"": 1, ""column_overlap"": 3}]",completed,82,10,36
200,50,proximal-replay,3,beauty,three,74,74,74,,4,4,0,0,,67,"[{""word"": ""three"", ""timed_overlap"": 4, ""column_overlap"": 4}, {""word"": ""motives"", ""timed_overlap"": 2, ""column_overlap"": 2}, {""word"": ""distance"", ""timed_overlap"": 2, ""column_overlap"": 2}, {""word"": ""1715"", ""timed_overlap"": 1, ""column_overlap"": 5}, {""word"": ""mother"", ""timed_overlap"": 1, ""column_overlap"": 4}]",completed,46,10,36
200,50,proximal-replay,4,",",Robert,82,82,82,,2,2,0,0,,82,"[{""word"": ""Robert"", ""timed_overlap"": 2, ""column_overlap"": 2}, {""word"": ""therefore"", ""timed_overlap"": 2, ""column_overlap"": 2}, {""word"": ""most"", ""timed_overlap"": 2, ""column_overlap"": 2}, {""word"": ""nine"", ""timed_overlap"": 1, ""column_overlap"": 4}, {""word"": ""awful"", ""timed_overlap"": 1, ""column_overlap"": 3}]",completed,46,10,72
200,51,proximal-replay,1,highness,highness,60,60,60,,6,6,6,6,1,71,"[{""word"": ""highness"", ""timed_overlap"": 6, ""column_overlap"": 6}, {""word"": ""Proscribed"", ""timed_overlap"": 2, ""column_overlap"": 3}, {""word"": ""merchant"", ""timed_overlap"": 2, ""column_overlap"": 3}, {""word"": ""Everybody"", ""timed_overlap"": 2, ""column_overlap"": 2}, {""word"": ""away"", ""timed_overlap"": 1, ""column_overlap"": 4}]",completed,55,10,38
200,51,proximal-replay,2,mean,mean,81,81,81,,7,7,7,7,1,65,"[{""word"": ""mean"", ""timed_overlap"": 7, ""column_overlap"": 7}, {""word"": ""'"", ""timed_overlap"": 2, ""column_overlap"": 2}, {""word"": ""such"", ""timed_overlap"": 1, ""column_overlap"": 5}, {""word"": ""wonder"", ""timed_overlap"": 1, ""column_overlap"": 4}, {""word"": ""only"", ""timed_overlap"": 1, ""column_overlap"": 4}]",completed,46,10,27
200,51,proximal-replay,3,to,to,34,34,34,,4,5,4,5,1,79,"[{""word"": ""to"", ""timed_overlap"": 4, ""column_overlap"": 5}, {""word"": ""found"", ""timed_overlap"": 2, ""column_overlap"": 3}, {""word"": ""quite"", ""timed_overlap"": 2, ""column_overlap"": 3}, {""word"": ""told"", ""timed_overlap"": 1, ""column_overlap"": 4}, {""word"": ""led"", ""timed_overlap"": 1, ""column_overlap"": 4}]",completed,37,10,45
200,51,proximal-replay,4,treat,any,100,100,100,,2,3,1,2,23,69,"[{""word"": ""any"", ""timed_overlap"": 2, ""column_overlap"": 3}, {""word"": ""had"", ""timed_overlap"": 2, ""column_overlap"": 2}, {""word"": ""see"", ""timed_overlap"": 2, ""column_overlap"": 2}, {""word"": ""times"", ""timed_overlap"": 1, ""column_overlap"": 3}, {""word"": ""done"", ""timed_overlap"": 1, ""column_overlap"": 3}]",completed,55,10,63
200,52,proximal-replay,1,drug-vendor,clouded,91,91,91,,2,4,1,1,70,89,"[{""word"": ""clouded"", ""timed_overlap"": 2, ""column_overlap"": 4}, {""word"": ""and"", ""timed_overlap"": 2, ""column_overlap"": 2}, {""word"": ""certain"", ""timed_overlap"": 2, ""column_overlap"": 2}, {""word"": ""could"", ""timed_overlap"": 1, ""column_overlap"": 4}, {""word"": ""Molly"", ""timed_overlap"": 1, ""column_overlap"": 4}]",completed,64,10,63
200,52,proximal-replay,2,of,overhead,92,92,92,,1,3,0,0,,51,"[{""word"": ""overhead"", ""timed_overlap"": 1, ""column_overlap"": 3}, {""word"": ""you"", ""timed_overlap"": 1, ""column_overlap"": 3}, {""word"": ""awful"", ""timed_overlap"": 1, ""column_overlap"": 3}, {""word"": ""?"", ""timed_overlap"": 1, ""column_overlap"": 3}, {""word"": ""was"", ""timed_overlap"": 1, ""column_overlap"": 3}]",completed,73,10,73
200,52,proximal-replay,3,two,should,83,83,83,,2,2,0,0,,64,"[{""word"": ""should"", ""timed_overlap"": 2, ""column_overlap"": 2}, {""word"": ""On"", ""timed_overlap"": 2, ""column_overlap"": 2}, {""word"": ""unpractical"", ""timed_overlap"": 1, ""column_overlap"": 5}, {""word"": ""plum"", ""timed_overlap"": 1, ""column_overlap"": 4}, {""word"": ""Pretty"", ""timed_overlap"": 1, ""column_overlap"": 3}]",completed,82,10,75
200,52,proximal-replay,4,months,try,90,90,90,,4,4,0,0,,66,"[{""word"": ""try"", ""timed_overlap"": 4, ""column_overlap"": 4}, {""word"": ""kindest"", ""timed_overlap"": 2, ""column_overlap"": 3}, {""word"": ""excuse"", ""timed_overlap"": 2, ""column_overlap"": 2}, {""word"": ""His"", ""timed_overlap"": 2, ""column_overlap"": 2}, {""word"": ""soft"", ""timed_overlap"": 1, ""column_overlap"": 4}]",completed,82,10,27
200,53,proximal-replay,1,howled,times,94,94,94,,2,4,1,1,51,68,"[{""word"": ""times"", ""timed_overlap"": 2, ""column_overlap"": 4}, {""word"": ""now"", ""timed_overlap"": 2, ""column_overlap"": 3}, {""word"": ""opening"", ""timed_overlap"": 2, ""column_overlap"": 3}, {""word"": ""Instead"", ""timed_overlap"": 2, ""column_overlap"": 2}, {""word"": ""sure"", ""timed_overlap"": 2, ""column_overlap"": 2}]",completed,91,10,54
200,53,proximal-replay,2,",",might,85,85,85,,2,3,0,0,,86,"[{""word"": ""might"", ""timed_overlap"": 2, ""column_overlap"": 3}, {""word"": ""therefore"", ""timed_overlap"": 2, ""column_overlap"": 3}, {""word"": ""I"", ""timed_overlap"": 2, ""column_overlap"": 2}, {""word"": ""rubbed"", ""timed_overlap"": 2, ""column_overlap"": 2}, {""word"": ""real"", ""timed_overlap"": 1, ""column_overlap"": 4}]",completed,64,10,64
200,53,proximal-replay,3,and,mother,87,87,87,,2,3,0,0,,80,"[{""word"": ""mother"", ""timed_overlap"": 2, ""column_overlap"": 3}, {""word"": ""Carmody"", ""timed_overlap"": 2, ""column_overlap"": 2}, {""word"": ""fall"", ""timed_overlap"": 2, ""column_overlap"": 2}, {""word"": ""ever"", ""timed_overlap"": 2, ""column_overlap"": 2}, {""word"": ""were"", ""timed_overlap"": 1, ""column_overlap"": 4}]",completed,73,10,73
200,53,proximal-replay,4,torrents,more,80,80,80,,2,3,0,0,,78,"[{""word"": ""more"", ""timed_overlap"": 2, ""column_overlap"": 3}, {""word"": ""the"", ""timed_overlap"": 2, ""column_overlap"": 3}, {""word"": ""hopelessly"", ""timed_overlap"": 2, ""column_overlap"": 3}, {""word"": ""world"", ""timed_overlap"": 2, ""column_overlap"": 2}, {""word"": ""probably"", ""timed_overlap"": 2, ""column_overlap"": 2}]",completed,82,10,63
200,54,proximal-replay,1,",",common,87,87,87,,2,2,0,0,,69,"[{""word"": ""common"", ""timed_overlap"": 2, ""column_overlap"": 2}, {""word"": ""taking"", ""timed_overlap"": 1, ""column_overlap"": 4}, {""word"": ""forbidden"", ""timed_overlap"": 1, ""column_overlap"": 4}, {""word"": ""agreement"", ""timed_overlap"": 1, ""column_overlap"": 4}, {""word"": ""things"", ""timed_overlap"": 1, ""column_overlap"": 3}]",completed,64,10,64
200,54,proximal-replay,2,there,many,70,70,70,,2,3,0,0,,70,"[{""word"": ""many"", ""timed_overlap"": 2, ""column_overlap"": 3}, {""word"": ""minutes"", ""timed_overlap"": 2, ""column_overlap"": 3}, {""word"": ""Please"", ""timed_overlap"": 2, ""column_overlap"": 2}, {""word"": ""present"", ""timed_overlap"": 1, ""column_overlap"": 5}, {""word"": ""promise"", ""timed_overlap"": 1, ""column_overlap"": 3}]",completed,73,10,73
200,54,proximal-replay,3,is,pink,94,94,94,,2,5,0,0,,75,"[{""word"": ""pink"", ""timed_overlap"": 2, ""column_overlap"": 5}, {""word"": ""cup"", ""timed_overlap"": 2, ""column_overlap"": 3}, {""word"": ""Lady"", ""timed_overlap"": 2, ""column_overlap"": 2}, {""word"": ""sable"", ""timed_overlap"": 2, ""column_overlap"": 2}, {""word"": ""At"", ""timed_overlap"": 1, ""column_overlap"": 4}]",completed,82,10,73
200,54,proximal-replay,4,a,ones,74,74,74,,5,5,0,0,,61,"[{""word"": ""ones"", ""timed_overlap"": 5, ""column_overlap"": 5}, {""word"": ""thought"", ""timed_overlap"": 2, ""column_overlap"": 3}, {""word"": ""Emmy"", ""timed_overlap"": 2, ""column_overlap"": 2}, {""word"": ""frivolous"", ""timed_overlap"": 2, ""column_overlap"": 2}, {""word"": ""Happy"", ""timed_overlap"": 2, ""column_overlap"": 2}]",completed,82,10,45
200,55,proximal-replay,1,as,as,69,69,69,,4,5,4,5,1,79,"[{""word"": ""as"", ""timed_overlap"": 4, ""column_overlap"": 5}, {""word"": ""I"", ""timed_overlap"": 2, ""column_overlap"": 3}, {""word"": ""end"", ""timed_overlap"": 2, ""column_overlap"": 2}, {""word"": ""much"", ""timed_overlap"": 2, ""column_overlap"": 2}, {""word"": ""before"", ""timed_overlap"": 2, ""column_overlap"": 2}]",completed,55,10,45
200,55,proximal-replay,2,thou,bad,76,76,76,,4,4,0,0,,66,"[{""word"": ""bad"", ""timed_overlap"": 4, ""column_overlap"": 4}, {""word"": ""Clever"", ""timed_overlap"": 3, ""column_overlap"": 3}, {""word"": ""'re"", ""timed_overlap"": 2, ""column_overlap"": 3}, {""word"": ""my"", ""timed_overlap"": 2, ""column_overlap"": 3}, {""word"": ""pile"", ""timed_overlap"": 2, ""column_overlap"": 2}]",completed,55,10,27
200,55,proximal-replay,3,wilt,as,71,71,71,,2,2,0,0,,65,"[{""word"": ""as"", ""timed_overlap"": 2, ""column_overlap"": 2}, {""word"": ""Down"", ""timed_overlap"": 2, ""column_overlap"": 2}, {""word"": ""III"", ""timed_overlap"": 2, ""column_overlap"": 2}, {""word"": ""not"", ""timed_overlap"": 1, ""column_overlap"": 4}, {""word"": ""face"", ""timed_overlap"": 1, ""column_overlap"": 4}]",completed,37,10,63
200,55,proximal-replay,4,",",Clever,95,95,95,,3,3,0,0,,85,"[{""word"": ""Clever"", ""timed_overlap"": 3, ""column_overlap"": 3}, {""word"": ""'re"", ""timed_overlap"": 3, ""column_overlap"": 3}, {""word"": ""thank"", ""timed_overlap"": 2, ""column_overlap"": 3}, {""word"": ""filled"", ""timed_overlap"": 2, ""column_overlap"": 3}, {""word"": ""wise"", ""timed_overlap"": 2, ""column_overlap"": 2}]",completed,73,10,45
200,56,proximal-replay,1,a,a,57,57,57,,5,5,5,5,1,62,"[{""word"": ""a"", ""timed_overlap"": 5, ""column_overlap"": 5}, {""word"": ""an"", ""timed_overlap"": 3, ""column_overlap"": 4}, {""word"": ""tumbling"", ""timed_overlap"": 2, ""column_overlap"": 4}, {""word"": ""Proscribed"", ""timed_overlap"": 2, ""column_overlap"": 3}, {""word"": ""wished"", ""timed_overlap"": 2, ""column_overlap"": 3}]",completed,46,10,18
200,56,proximal-replay,2,thing,great,79,79,79,,4,5,0,0,,81,"[{""word"": ""great"", ""timed_overlap"": 4, ""column_overlap"": 5}, {""word"": ""opening"", ""timed_overlap"": 2, ""column_overlap"": 4}, {""word"": ""humanity"", ""timed_overlap"": 2, ""column_overlap"": 3}, {""word"": ""few"", ""timed_overlap"": 2, ""column_overlap"": 3}, {""word"": ""world"", ""timed_overlap"": 2, ""column_overlap"": 3}]",completed,28,10,36
200,56,proximal-replay,3,into,many,60,60,60,,8,8,0,0,,83,"[{""word"": ""many"", ""timed_overlap"": 8, ""column_overlap"": 8}, {""word"": ""Miller"", ""timed_overlap"": 1, ""column_overlap"": 4}, {""word"": ""ride"", ""timed_overlap"": 1, ""column_overlap"": 4}, {""word"": ""upon"", ""timed_overlap"": 1, ""column_overlap"": 4}, {""word"": ""fought"", ""timed_overlap"": 1, ""column_overlap"": 4}]",completed,46,10,10
200,56,proximal-replay,4,his,Wildrose,61,61,61,,2,3,0,0,,83,"[{""word"": ""Wildrose"", ""timed_overlap"": 2, ""column_overlap"": 3}, {""word"": ""Elliott"", ""timed_overlap"": 2, ""column_overlap"": 3}, {""word"": ""in"", ""timed_overlap"": 2, ""column_overlap"": 3}, {""word"": ""twinkle"", ""timed_overlap"": 2, ""column_overlap"": 2}, {""word"": ""other"", ""timed_overlap"": 2, ""column_overlap"": 2}]",completed,19,10,74
200,57,proximal-replay,1,have,would,100,100,100,,2,2,0,0,,72,"[{""word"": ""would"", ""timed_overlap"": 2, ""column_overlap"": 2}, {""word"": ""pleasant"", ""timed_overlap"": 2, ""column_overlap"": 2}, {""word"": ""'m"", ""timed_overlap"": 1, ""column_overlap"": 3}, {""word"": ""hours"", ""timed_overlap"": 1, ""column_overlap"": 3}, {""word"": ""statelier"", ""timed_overlap"": 1, ""column_overlap"": 3}]",completed,64,10,63
200,57,proximal-replay,2,grown,think,79,79,79,,3,3,0,0,,68,"[{""word"": ""think"", ""timed_overlap"": 3, ""column_overlap"": 3}, {""word"": ""ruin"", ""timed_overlap"": 2, ""column_overlap"": 2}, {""word"": ""Arts"", ""timed_overlap"": 2, ""column_overlap"": 2}, {""word"": ""want"", ""timed_overlap"": 2, ""column_overlap"": 2}, {""word"": ""for"", ""timed_overlap"": 1, ""column_overlap"": 4}]",completed,73,10,27
200,57,proximal-replay,3,very,it,69,69,69,,3,4,0,0,,73,"[{""word"": ""it"", ""timed_overlap"": 3, ""column_overlap"": 4}, {""word"": ""thought"", ""timed_overlap"": 2, ""column_overlap"": 3}, {""word"": ""admitted"", ""timed_overlap"": 2, ""column_overlap"": 2}, {""word"": ""hear"", ""timed_overlap"": 2, ""column_overlap"": 2}, {""word"": ""Clever"", ""timed_overlap"": 2, ""column_overlap"": 2}]",completed,37,10,45
200,57,proximal-replay,4,still,was,87,87,87,,3,3,0,0,,71,"[{""word"": ""was"", ""timed_overlap"": 3, ""column_overlap"": 3}, {""word"": ""to"", ""timed_overlap"": 3, ""column_overlap"": 3}, {""word"": ""eggs"", ""timed_overlap"": 2, ""column_overlap"": 3}, {""word"": ""'s"", ""timed_overlap"": 2, ""column_overlap"": 3}, {""word"": ""He"", ""timed_overlap"": 2, ""column_overlap"": 3}]",completed,55,10,36
200,58,proximal-replay,1,for,for,84,84,84,,3,3,3,3,1,66,"[{""word"": ""for"", ""timed_overlap"": 3, ""column_overlap"": 3}, {""word"": ""up"", ""timed_overlap"": 2, ""column_overlap"": 3}, {""word"": ""Tribe"", ""timed_overlap"": 2, ""column_overlap"": 2}, {""word"": ""n't"", ""timed_overlap"": 1, ""column_overlap"": 4}, {""word"": ""howled"", ""timed_overlap"": 1, ""column_overlap"": 3}]",completed,64,10,46
200,58,proximal-replay,2,him,Abel,88,88,88,,3,5,2,2,5,69,"[{""word"": ""Abel"", ""timed_overlap"": 3, ""column_overlap"": 5}, {""word"": ""highness"", ""timed_overlap"": 2, ""column_overlap"": 4}, {""word"": ""some"", ""timed_overlap"": 2, ""column_overlap"": 3}, {""word"": ""Balkis"", ""timed_overlap"": 2, ""column_overlap"": 2}, {""word"": ""him"", ""timed_overlap"": 2, ""column_overlap"": 2}]",completed,55,10,64
200,58,proximal-replay,3,",",Blair,88,88,88,,3,3,0,0,,66,"[{""word"": ""Blair"", ""timed_overlap"": 3, ""column_overlap"": 3}, {""word"": ""have"", ""timed_overlap"": 2, ""column_overlap"": 3}, {""word"": ""forbidden"", ""timed_overlap"": 2, ""column_overlap"": 3}, {""word"": ""silence"", ""timed_overlap"": 2, ""column_overlap"": 2}, {""word"": ""Molly"", ""timed_overlap"": 1, ""column_overlap"": 4}]",completed,73,10,46
200,58,proximal-replay,4,all,;,64,64,64,,6,6,0,0,,71,"[{""word"": "";"", ""timed_overlap"": 6, ""column_overlap"": 6}, {""word"": ""word"", ""timed_overlap"": 2, ""column_overlap"": 5}, {""word"": ""likes"", ""timed_overlap"": 2, ""column_overlap"": 3}, {""word"": ""agreement"", ""timed_overlap"": 2, ""column_overlap"": 3}, {""word"": ""captain"", ""timed_overlap"": 2, ""column_overlap"": 2}]",completed,55,10,27
200,59,proximal-replay,1,coming,up,71,71,71,,2,4,2,2,5,60,"[{""word"": ""up"", ""timed_overlap"": 2, ""column_overlap"": 4}, {""word"": ""able"", ""timed_overlap"": 2, ""column_overlap"": 3}, {""word"": ""river"", ""timed_overlap"": 2, ""column_overlap"": 2}, {""word"": ""the"", ""timed_overlap"": 2, ""column_overlap"": 2}, {""word"": ""coming"", ""timed_overlap"": 2, ""column_overlap"": 2}]",completed,46,10,54
200,59,proximal-replay,2,out,close,82,82,82,,5,5,0,0,,77,"[{""word"": ""close"", ""timed_overlap"": 5, ""column_overlap"": 5}, {""word"": ""and"", ""timed_overlap"": 3, ""column_overlap"": 4}, {""word"": ""pursuit"", ""timed_overlap"": 2, ""column_overlap"": 3}, {""word"": ""drew"", ""timed_overlap"": 1, ""column_overlap"": 4}, {""word"": ""Johnny"", ""timed_overlap"": 1, ""column_overlap"": 4}]",completed,64,10,36
200,59,proximal-replay,3,now,and,82,82,82,,2,4,0,0,,73,"[{""word"": ""and"", ""timed_overlap"": 2, ""column_overlap"": 4}, {""word"": ""let"", ""timed_overlap"": 2, ""column_overlap"": 4}, {""word"": "","", ""timed_overlap"": 2, ""column_overlap"": 3}, {""word"": ""brave"", ""timed_overlap"": 2, ""column_overlap"": 3}, {""word"": ""horse"", ""timed_overlap"": 2, ""column_overlap"": 3}]",completed,46,10,72
200,59,proximal-replay,4,",",be,99,99,99,,2,4,0,0,,67,"[{""word"": ""be"", ""timed_overlap"": 2, ""column_overlap"": 4}, {""word"": ""forget"", ""timed_overlap"": 2, ""column_overlap"": 3}, {""word"": ""finish"", ""timed_overlap"": 2, ""column_overlap"": 2}, {""word"": ""'re"", ""timed_overlap"": 2, ""column_overlap"": 2}, {""word"": ""therefore"", ""timed_overlap"": 2, ""column_overlap"": 2}]",completed,82,10,54
200,60,proximal-replay,1,plenty,heard,92,92,92,,2,3,1,1,75,81,"[{""word"": ""heard"", ""timed_overlap"": 2, ""column_overlap"": 3}, {""word"": ""real"", ""timed_overlap"": 2, ""column_overlap"": 3}, {""word"": ""put"", ""timed_overlap"": 2, ""column_overlap"": 2}, {""word"": ""run"", ""timed_overlap"": 2, ""column_overlap"": 2}, {""word"": ""forbidden"", ""timed_overlap"": 2, ""column_overlap"": 2}]",completed,55,10,64
200,60,proximal-replay,2,of,'em,73,73,73,,2,3,0,0,,70,"[{""word"": ""'em"", ""timed_overlap"": 2, ""column_overlap"": 3}, {""word"": ""bared"", ""timed_overlap"": 2, ""column_overlap"": 2}, {""word"": ""Aunt"", ""timed_overlap"": 2, ""column_overlap"": 2}, {""word"": ""off"", ""timed_overlap"": 2, ""column_overlap"": 2}, {""word"": ""companioned"", ""timed_overlap"": 1, ""column_overlap"": 4}]",completed,73,10,37
200,60,proximal-replay,3,the,roar,71,71,71,,5,5,0,0,,75,"[{""word"": ""roar"", ""timed_overlap"": 5, ""column_overlap"": 5}, {""word"": ""I"", ""timed_overlap"": 2, ""column_overlap"": 2}, {""word"": ""youth"", ""timed_overlap"": 2, ""column_overlap"": 2}, {""word"": ""silence"", ""timed_overlap"": 2, ""column_overlap"": 2}, {""word"": ""Being"", ""timed_overlap"": 2, ""column_overlap"": 2}]",completed,46,10,18
200,60,proximal-replay,4,kind,just,59,59,59,,8,8,1,2,36,72,"[{""word"": ""just"", ""timed_overlap"": 8, ""column_overlap"": 8}, {""word"": ""told"", ""timed_overlap"": 2, ""column_overlap"": 3}, {""word"": ""twinkle"", ""timed_overlap"": 2, ""column_overlap"": 3}, {""word"": ""Great"", ""timed_overlap"": 1, ""column_overlap"": 4}, {""word"": ""brave"", ""timed_overlap"": 1, ""column_overlap"": 3}]",completed,28,10,9
200,61,proximal-replay,1,her,her,61,61,61,,6,6,6,6,1,86,"[{""word"": ""her"", ""timed_overlap"": 6, ""column_overlap"": 6}, {""word"": ""Here"", ""timed_overlap"": 2, ""column_overlap"": 3}, {""word"": ""drop"", ""timed_overlap"": 2, ""column_overlap"": 2}, {""word"": ""snow"", ""timed_overlap"": 1, ""column_overlap"": 5}, {""word"": ""confidences"", ""timed_overlap"": 1, ""column_overlap"": 4}]",completed,55,10,27
200,61,proximal-replay,2,long,common,71,71,71,,2,4,2,2,4,72,"[{""word"": ""common"", ""timed_overlap"": 2, ""column_overlap"": 4}, {""word"": ""know"", ""timed_overlap"": 2, ""column_overlap"": 3}, {""word"": ""about"", ""timed_overlap"": 2, ""column_overlap"": 2}, {""word"": ""long"", ""timed_overlap"": 2, ""column_overlap"": 2}, {""word"": ""wonder"", ""timed_overlap"": 1, ""column_overlap"": 5}]",completed,37,10,72
200,61,proximal-replay,3,",",daughter,75,75,75,,2,2,0,0,,76,"[{""word"": ""daughter"", ""timed_overlap"": 2, ""column_overlap"": 2}, {""word"": ""frozen"", ""timed_overlap"": 1, ""column_overlap"": 4}, {""word"": ""does"", ""timed_overlap"": 1, ""column_overlap"": 4}, {""word"": ""could"", ""timed_overlap"": 1, ""column_overlap"": 3}, {""word"": ""ride"", ""timed_overlap"": 1, ""column_overlap"": 3}]",completed,82,10,67
200,61,proximal-replay,4,and,lie,73,73,73,,1,3,0,0,,68,"[{""word"": ""lie"", ""timed_overlap"": 1, ""column_overlap"": 3}, {""word"": ""writ"", ""timed_overlap"": 1, ""column_overlap"": 3}, {""word"": ""highness"", ""timed_overlap"": 1, ""column_overlap"": 3}, {""word"": ""Squirrel"", ""timed_overlap"": 1, ""column_overlap"": 2}, {""word"": ""certainly"", ""timed_overlap"": 1, ""column_overlap"": 2}]",completed,73,10,83
200,62,proximal-replay,1,now,now,27,27,27,,7,7,7,7,1,70,"[{""word"": ""now"", ""timed_overlap"": 7, ""column_overlap"": 7}, {""word"": ""only"", ""timed_overlap"": 2, ""column_overlap"": 3}, {""word"": ""such"", ""timed_overlap"": 2, ""column_overlap"": 3}, {""word"": ""broadest"", ""timed_overlap"": 2, ""column_overlap"": 3}, {""word"": ""shall"", ""timed_overlap"": 2, ""column_overlap"": 2}]",completed,28,10,20
200,62,proximal-replay,2,;,;,67,67,67,,3,4,3,4,1,75,"[{""word"": "";"", ""timed_overlap"": 3, ""column_overlap"": 4}, {""word"": ""well"", ""timed_overlap"": 2, ""column_overlap"": 3}, {""word"": ""Assam"", ""timed_overlap"": 2, ""column_overlap"": 3}, {""word"": ""keep"", ""timed_overlap"": 2, ""column_overlap"": 2}, {""word"": ""slim"", ""timed_overlap"": 1, ""column_overlap"": 4}]",completed,28,10,27
200,62,proximal-replay,3,'',Pekoe,88,88,88,,2,3,1,1,45,67,"[{""word"": ""Pekoe"", ""timed_overlap"": 2, ""column_overlap"": 3}, {""word"": ""happened"", ""timed_overlap"": 2, ""column_overlap"": 3}, {""word"": ""ten"", ""timed_overlap"": 2, ""column_overlap"": 3}, {""word"": ""around"", ""timed_overlap"": 2, ""column_overlap"": 2}, {""word"": ""His"", ""timed_overlap"": 2, ""column_overlap"": 2}]",completed,37,10,64
200,62,proximal-replay,4,and,",",85,85,85,,5,5,0,0,,75,"[{""word"": "","", ""timed_overlap"": 5, ""column_overlap"": 5}, {""word"": ""had"", ""timed_overlap"": 2, ""column_overlap"": 4}, {""word"": ""leafy"", ""timed_overlap"": 2, ""column_overlap"": 3}, {""word"": ""good"", ""timed_overlap"": 1, ""column_overlap"": 5}, {""word"": ""should"", ""timed_overlap"": 1, ""column_overlap"": 4}]",completed,73,10,45
200,63,proximal-replay,1,a,that,98,98,98,,3,3,1,2,49,79,"[{""word"": ""that"", ""timed_overlap"": 3, ""column_overlap"": 3}, {""word"": ""early"", ""timed_overlap"": 2, ""column_overlap"": 4}, {""word"": ""pile"", ""timed_overlap"": 2, ""column_overlap"": 4}, {""word"": ""ended"", ""timed_overlap"": 2, ""column_overlap"": 3}, {""word"": ""Square"", ""timed_overlap"": 1, ""column_overlap"": 3}]",completed,64,10,45
200,63,proximal-replay,2,great,the,89,89,89,,3,3,0,0,,67,"[{""word"": ""the"", ""timed_overlap"": 3, ""column_overlap"": 3}, {""word"": ""she"", ""timed_overlap"": 2, ""column_overlap"": 3}, {""word"": ""Puck"", ""timed_overlap"": 2, ""column_overlap"": 3}, {""word"": ""any"", ""timed_overlap"": 2, ""column_overlap"": 3}, {""word"": ""present"", ""timed_overlap"": 2, ""column_overlap"": 3}]",completed,55,10,54
200,63,proximal-replay,3,pile,prince,100,100,100,,3,3,0,0,,65,"[{""word"": ""prince"", ""timed_overlap"": 3, ""column_overlap"": 3}, {""word"": ""'"", ""timed_overlap"": 2, ""column_overlap"": 3}, {""word"": ""price"", ""timed_overlap"": 2, ""column_overlap"": 2}, {""word"": ""silence"", ""timed_overlap"": 1, ""column_overlap"": 3}, {""word"": ""flies"", ""timed_overlap"": 1, ""column_overlap"": 3}]",completed,64,10,45
200,63,proximal-replay,4,of,confessed,84,84,84,,6,6,0,0,,69,"[{""word"": ""confessed"", ""timed_overlap"": 6, ""column_overlap"": 6}, {""word"": ""into"", ""timed_overlap"": 2, ""column_overlap"": 3}, {""word"": ""no"", ""timed_overlap"": 2, ""column_overlap"": 3}, {""word"": ""major"", ""timed_overlap"": 2, ""column_overlap"": 3}, {""word"": ""that"", ""timed_overlap"": 2, ""column_overlap"": 2}]",completed,55,10,27
200,64,proximal-replay,1,were,were,52,52,52,,5,5,5,5,1,73,"[{""word"": ""were"", ""timed_overlap"": 5, ""column_overlap"": 5}, {""word"": ""months"", ""timed_overlap"": 2, ""column_overlap"": 2}, {""word"": ""very"", ""timed_overlap"": 1, ""column_overlap"": 4}, {""word"": ""admitted"", ""timed_overlap"": 1, ""column_overlap"": 4}, {""word"": ""woman"", ""timed_overlap"": 1, ""column_overlap"": 3}]",completed,46,10,37
200,64,proximal-replay,2,full,Suddenly,86,86,86,,2,3,1,1,59,60,"[{""word"": ""Suddenly"", ""timed_overlap"": 2, ""column_overlap"": 3}, {""word"": ""time"", ""timed_overlap"": 2, ""column_overlap"": 2}, {""word"": ""already"", ""timed_overlap"": 2, ""column_overlap"": 2}, {""word"": ""Dacca"", ""timed_overlap"": 1, ""column_overlap"": 3}, {""word"": ""Look"", ""timed_overlap"": 1, ""column_overlap"": 3}]",completed,46,10,74
200,64,proximal-replay,3,of,such,86,86,86,,2,3,0,0,,73,"[{""word"": ""such"", ""timed_overlap"": 2, ""column_overlap"": 3}, {""word"": ""had"", ""timed_overlap"": 2, ""column_overlap"": 2}, {""word"": ""from"", ""timed_overlap"": 2, ""column_overlap"": 2}, {""word"": ""terrify"", ""timed_overlap"": 2, ""column_overlap"": 2}, {""word"": ""happened"", ""timed_overlap"": 1, ""column_overlap"": 4}]",completed,82,10,64
200,64,proximal-replay,4,amused,pile,84,84,84,,2,3,0,0,,60,"[{""word"": ""pile"", ""timed_overlap"": 2, ""column_overlap"": 3}, {""word"": ""Happy"", ""timed_overlap"": 2, ""column_overlap"": 2}, {""word"": ""with"", ""timed_overlap"": 1, ""column_overlap"": 4}, {""word"": ""months"", ""timed_overlap"": 1, ""column_overlap"": 4}, {""word"": ""resent"", ""timed_overlap"": 1, ""column_overlap"": 3}]",completed,73,10,74
200,65,proximal-replay,1,Clow,Clow,72,72,72,,3,3,3,3,1,75,"[{""word"": ""Clow"", ""timed_overlap"": 3, ""column_overlap"": 3}, {""word"": ""times"", ""timed_overlap"": 2, ""column_overlap"": 3}, {""word"": "","", ""timed_overlap"": 2, ""column_overlap"": 3}, {""word"": ""salt"", ""timed_overlap"": 2, ""column_overlap"": 3}, {""word"": ""Janet"", ""timed_overlap"": 2, ""column_overlap"": 2}]",completed,46,10,27
200,65,proximal-replay,2,and,and,52,52,52,,6,6,6,6,1,57,"[{""word"": ""and"", ""timed_overlap"": 6, ""column_overlap"": 6}, {""word"": ""let"", ""timed_overlap"": 2, ""column_overlap"": 3}, {""word"": ""axe"", ""timed_overlap"": 2, ""column_overlap"": 2}, {""word"": ""snow"", ""timed_overlap"": 2, ""column_overlap"": 2}, {""word"": ""Head"", ""timed_overlap"": 2, ""column_overlap"": 2}]",completed,37,10,36
200,65,proximal-replay,3,his,",",95,95,95,,3,3,0,0,,83,"[{""word"": "","", ""timed_overlap"": 3, ""column_overlap"": 3}, {""word"": ""Mother"", ""timed_overlap"": 2, ""column_overlap"": 2}, {""word"": ""that"", ""timed_overlap"": 2, ""column_overlap"": 2}, {""word"": ""man"", ""timed_overlap"": 1, ""column_overlap"": 4}, {""word"": ""splendid"", ""timed_overlap"": 1, ""column_overlap"": 4}]",completed,46,10,54
200,65,proximal-replay,4,wife,ye,99,99,99,,1,4,0,0,,58,"[{""word"": ""ye"", ""timed_overlap"": 1, ""column_overlap"": 4}, {""word"": ""pink"", ""timed_overlap"": 1, ""column_overlap"": 4}, {""word"": ""resent"", ""timed_overlap"": 1, ""column_overlap"": 3}, {""word"": ""done"", ""timed_overlap"": 1, ""column_overlap"": 3}, {""word"": ""off"", ""timed_overlap"": 1, ""column_overlap"": 3}]",completed,64,10,81
200,66,proximal-replay,1,good,a,87,87,87,,4,4,0,0,,69,"[{""word"": ""a"", ""timed_overlap"": 4, ""column_overlap"": 4}, {""word"": ""before"", ""timed_overlap"": 2, ""column_overlap"": 2}, {""word"": ""only"", ""timed_overlap"": 2, ""column_overlap"": 2}, {""word"": ""bear"", ""timed_overlap"": 2, ""column_overlap"": 2}, {""word"": ""so"", ""timed_overlap"": 2, ""column_overlap"": 2}]",completed,55,10,37
200,66,proximal-replay,2,",",the,93,93,93,,2,3,0,0,,78,"[{""word"": ""the"", ""timed_overlap"": 2, ""column_overlap"": 3}, {""word"": ""long"", ""timed_overlap"": 2, ""column_overlap"": 2}, {""word"": ""world"", ""timed_overlap"": 2, ""column_overlap"": 2}, {""word"": ""lady"", ""timed_overlap"": 2, ""column_overlap"": 2}, {""word"": ""her"", ""timed_overlap"": 2, ""column_overlap"": 2}]",completed,46,10,54
200,66,proximal-replay,3,it,',100,100,100,,2,2,0,0,,57,"[{""word"": ""'"", ""timed_overlap"": 2, ""column_overlap"": 2}, {""word"": ""or"", ""timed_overlap"": 2, ""column_overlap"": 2}, {""word"": ""prince"", ""timed_overlap"": 2, ""column_overlap"": 2}, {""word"": ""eye"", ""timed_overlap"": 2, ""column_overlap"": 2}, {""word"": ""Bessy"", ""timed_overlap"": 1, ""column_overlap"": 3}]",completed,64,10,72
200,66,proximal-replay,4,'s,close,96,96,96,,2,2,0,0,,69,"[{""word"": ""close"", ""timed_overlap"": 2, ""column_overlap"": 2}, {""word"": ""answered"", ""timed_overlap"": 2, ""column_overlap"": 2}, {""word"": ""Down"", ""timed_overlap"": 1, ""column_overlap"": 4}, {""word"": ""West"", ""timed_overlap"": 1, ""column_overlap"": 4}, {""word"": ""later"", ""timed_overlap"": 1, ""column_overlap"": 3}]",completed,82,10,54
200,67,proximal-replay,1,feet,Soon,85,85,85,,2,4,1,1,61,74,"[{""word"": ""Soon"", ""timed_overlap"": 2, ""column_overlap"": 4}, {""word"": ""whither"", ""timed_overlap"": 2, ""column_overlap"": 3}, {""word"": ""run"", ""timed_overlap"": 2, ""column_overlap"": 2}, {""word"": ""staring"", ""timed_overlap"": 2, ""column_overlap"": 2}, {""word"": ""pride"", ""timed_overlap"": 2, ""column_overlap"": 2}]",completed,73,10,72
200,67,proximal-replay,2,and,thou,94,94,94,,2,2,0,0,,68,"[{""word"": ""thou"", ""timed_overlap"": 2, ""column_overlap"": 2}, {""word"": ""another"", ""timed_overlap"": 1, ""column_overlap"": 4}, {""word"": ""stood"", ""timed_overlap"": 1, ""column_overlap"": 3}, {""word"": ""forbidden"", ""timed_overlap"": 1, ""column_overlap"": 3}, {""word"": ""window"", ""timed_overlap"": 1, ""column_overlap"": 3}]",completed,82,10,54
200,67,proximal-replay,3,then,wilt,88,88,88,,3,3,0,0,,87,"[{""word"": ""wilt"", ""timed_overlap"": 3, ""column_overlap"": 3}, {""word"": ""hall"", ""timed_overlap"": 2, ""column_overlap"": 4}, {""word"": ""at"", ""timed_overlap"": 2, ""column_overlap"": 3}, {""word"": ""next"", ""timed_overlap"": 2, ""column_overlap"": 3}, {""word"": ""pictures"", ""timed_overlap"": 2, ""column_overlap"": 3}]",completed,64,10,55
200,67,proximal-replay,4,shook,friend,85,85,85,,1,3,0,0,,83,"[{""word"": ""friend"", ""timed_overlap"": 1, ""column_overlap"": 3}, {""word"": ""daughter"", ""timed_overlap"": 1, ""column_overlap"": 3}, {""word"": ""away"", ""timed_overlap"": 1, ""column_overlap"": 3}, {""word"": ""Assam"", ""timed_overlap"": 1, ""column_overlap"": 3}, {""word"": ""calmly"", ""timed_overlap"": 1, ""column_overlap"": 3}]",completed,64,10,73
200,68,proximal-replay,1,eaten,he,98,98,98,,2,2,1,1,73,82,"[{""word"": ""he"", ""timed_overlap"": 2, ""column_overlap"": 2}, {""word"": ""Pekoe"", ""timed_overlap"": 2, ""column_overlap"": 2}, {""word"": ""no"", ""timed_overlap"": 2, ""column_overlap"": 2}, {""word"": ""plenty"", ""timed_overlap"": 1, ""column_overlap"": 4}, {""word"": ""high"", ""timed_overlap"": 1, ""column_overlap"": 4}]",completed,82,10,54
200,68,proximal-replay,2,and,should,98,98,98,,2,2,0,0,,62,"[{""word"": ""should"", ""timed_overlap"": 2, ""column_overlap"": 2}, {""word"": ""talked"", ""timed_overlap"": 2, ""column_overlap"": 2}, {""word"": ""Her"", ""timed_overlap"": 2, ""column_overlap"": 2}, {""word"": ""caught"", ""timed_overlap"": 2, ""column_overlap"": 2}, {""word"": ""chop"", ""timed_overlap"": 2, ""column_overlap"": 2}]",completed,64,10,54
200,68,proximal-replay,3,drunk,my,91,91,91,,2,3,0,0,,68,"[{""word"": ""my"", ""timed_overlap"": 2, ""column_overlap"": 3}, {""word"": ""lump"", ""timed_overlap"": 2, ""column_overlap"": 3}, {""word"": ""able"", ""timed_overlap"": 2, ""column_overlap"": 2}, {""word"": ""and"", ""timed_overlap"": 2, ""column_overlap"": 2}, {""word"": ""be"", ""timed_overlap"": 2, ""column_overlap"": 2}]",completed,64,10,73
200,68,proximal-replay,4,",",pen,90,90,90,,3,3,0,0,,74,"[{""word"": ""pen"", ""timed_overlap"": 3, ""column_overlap"": 3}, {""word"": ""Arts"", ""timed_overlap"": 2, ""column_overlap"": 3}, {""word"": ""what"", ""timed_overlap"": 1, ""column_overlap"": 4}, {""word"": ""Don"", ""timed_overlap"": 1, ""column_overlap"": 3}, {""word"": ""Prince"", ""timed_overlap"": 1, ""column_overlap"": 3}]",completed,82,10,27
200,69,proximal-replay,1,snow,sustaining,90,90,90,,2,4,0,0,,65,"[{""word"": ""sustaining"", ""timed_overlap"": 2, ""column_overlap"": 4}, {""word"": ""that"", ""timed_overlap"": 2, ""column_overlap"": 2}, {""word"": ""better"", ""timed_overlap"": 2, ""column_overlap"": 2}, {""word"": ""a"", ""timed_overlap"": 2, ""column_overlap"": 2}, {""word"": ""instead"", ""timed_overlap"": 1, ""column_overlap"": 4}]",completed,64,10,73
200,69,proximal-replay,2,",",course,87,87,87,,2,3,0,0,,67,"[{""word"": ""course"", ""timed_overlap"": 2, ""column_overlap"": 3}, {""word"": ""therefore"", ""timed_overlap"": 2, ""column_overlap"": 3}, {""word"": ""Wendy"", ""timed_overlap"": 2, ""column_overlap"": 2}, {""word"": ""Obey"", ""timed_overlap"": 2, ""column_overlap"": 2}, {""word"": ""oh"", ""timed_overlap"": 1, ""column_overlap"": 3}]",completed,82,10,65
200,69,proximal-replay,3,is,thoughtful,78,78,78,,2,4,0,0,,63,"[{""word"": ""thoughtful"", ""timed_overlap"": 2, ""column_overlap"": 4}, {""word"": ""praised"", ""timed_overlap"": 2, ""column_overlap"": 3}, {""word"": ""Jack"", ""timed_overlap"": 2, ""column_overlap"": 2}, {""word"": ""fine"", ""timed_overlap"": 1, ""column_overlap"": 3}, {""word"": ""His"", ""timed_overlap"": 1, ""column_overlap"": 3}]",completed,73,10,64
200,69,proximal-replay,4,bearing,took,86,86,86,,2,3,0,0,,60,"[{""word"": ""took"", ""timed_overlap"": 2, ""column_overlap"": 3}, {""word"": ""length"", ""timed_overlap"": 2, ""column_overlap"": 3}, {""word"": ""found"", ""timed_overlap"": 2, ""column_overlap"": 3}, {""word"": ""``"", ""timed_overlap"": 2, ""column_overlap"": 3}, {""word"": ""oranges"", ""timed_overlap"": 2, ""column_overlap"": 2}]",completed,73,10,74
200,70,proximal-replay,1,found,saddle,95,95,95,,2,2,2,2,3,71,"[{""word"": ""saddle"", ""timed_overlap"": 2, ""column_overlap"": 2}, {""word"": ""so"", ""timed_overlap"": 2, ""column_overlap"": 2}, {""word"": ""found"", ""timed_overlap"": 2, ""column_overlap"": 2}, {""word"": ""expect"", ""timed_overlap"": 2, ""column_overlap"": 2}, {""word"": ""roar"", ""timed_overlap"": 1, ""column_overlap"": 3}]",completed,82,10,73
200,70,proximal-replay,2,Reddy,kind,79,79,79,,2,3,0,0,,67,"[{""word"": ""kind"", ""timed_overlap"": 2, ""column_overlap"": 3}, {""word"": ""suited"", ""timed_overlap"": 1, ""column_overlap"": 4}, {""word"": ""Lucinda"", ""timed_overlap"": 1, ""column_overlap"": 3}, {""word"": ""him"", ""timed_overlap"": 1, ""column_overlap"": 3}, {""word"": ""close"", ""timed_overlap"": 1, ""column_overlap"": 3}]",completed,82,10,75
200,70,proximal-replay,3,'s,of,70,70,70,,5,5,0,0,,85,"[{""word"": ""of"", ""timed_overlap"": 5, ""column_overlap"": 5}, {""word"": ""blue"", ""timed_overlap"": 2, ""column_overlap"": 3}, {""word"": ""sensible"", ""timed_overlap"": 2, ""column_overlap"": 2}, {""word"": ""ten"", ""timed_overlap"": 2, ""column_overlap"": 2}, {""word"": ""instead"", ""timed_overlap"": 1, ""column_overlap"": 5}]",completed,82,10,36
200,70,proximal-replay,4,tracks,the,89,89,89,,3,3,0,0,,73,"[{""word"": ""the"", ""timed_overlap"": 3, ""column_overlap"": 3}, {""word"": ""you"", ""timed_overlap"": 2, ""column_overlap"": 4}, {""word"": ""river"", ""timed_overlap"": 2, ""column_overlap"": 4}, {""word"": ""care"", ""timed_overlap"": 2, ""column_overlap"": 3}, {""word"": ""hall"", ""timed_overlap"": 2, ""column_overlap"": 2}]",completed,46,10,54
200,71,proximal-replay,1,",",told,54,54,54,,4,4,0,0,,82,"[{""word"": ""told"", ""timed_overlap"": 4, ""column_overlap"": 4}, {""word"": ""were"", ""timed_overlap"": 3, ""column_overlap"": 3}, {""word"": ""Cursed"", ""timed_overlap"": 2, ""column_overlap"": 4}, {""word"": ""has"", ""timed_overlap"": 2, ""column_overlap"": 2}, {""word"": ""months"", ""timed_overlap"": 2, ""column_overlap"": 2}]",completed,37,10,27
200,71,proximal-replay,2,`,me,71,71,71,,4,4,0,0,,66,"[{""word"": ""me"", ""timed_overlap"": 4, ""column_overlap"": 4}, {""word"": ""poor"", ""timed_overlap"": 1, ""column_overlap"": 4}, {""word"": ""knew"", ""timed_overlap"": 1, ""column_overlap"": 3}, {""word"": ""busybodies"", ""timed_overlap"": 1, ""column_overlap"": 3}, {""word"": ""Souchong"", ""timed_overlap"": 1, ""column_overlap"": 3}]",completed,37,10,36
200,71,proximal-replay,3,if,in,60,60,60,,5,6,0,0,,71,"[{""word"": ""in"", ""timed_overlap"": 5, ""column_overlap"": 6}, {""word"": ""shall"", ""timed_overlap"": 2, ""column_overlap"": 3}, {""word"": ""hearth"", ""timed_overlap"": 2, ""column_overlap"": 2}, {""word"": "","", ""timed_overlap"": 2, ""column_overlap"": 2}, {""word"": "";"", ""timed_overlap"": 2, ""column_overlap"": 2}]",completed,46,10,37
200,71,proximal-replay,4,you,Dick,78,78,78,,2,3,0,0,,69,"[{""word"": ""Dick"", ""timed_overlap"": 2, ""column_overlap"": 3}, {""word"": ""lump"", ""timed_overlap"": 2, ""column_overlap"": 3}, {""word"": ""pink"", ""timed_overlap"": 2, ""column_overlap"": 3}, {""word"": ""soft"", ""timed_overlap"": 2, ""column_overlap"": 2}, {""word"": ""his"", ""timed_overlap"": 2, ""column_overlap"": 2}]",completed,46,10,72
200,72,proximal-replay,1,when,pictures,81,81,81,,2,2,0,0,,73,"[{""word"": ""pictures"", ""timed_overlap"": 2, ""column_overlap"": 2}, {""word"": ""Elder"", ""timed_overlap"": 2, ""column_overlap"": 2}, {""word"": ""But"", ""timed_overlap"": 2, ""column_overlap"": 2}, {""word"": ""face"", ""timed_overlap"": 2, ""column_overlap"": 2}, {""word"": ""evening"", ""timed_overlap"": 1, ""column_overlap"": 4}]",completed,64,10,75
200,72,proximal-replay,2,he,major,85,85,85,,2,2,0,0,,70,"[{""word"": ""major"", ""timed_overlap"": 2, ""column_overlap"": 2}, {""word"": ""heard"", ""timed_overlap"": 2, ""column_overlap"": 2}, {""word"": ""saddle"", ""timed_overlap"": 1, ""column_overlap"": 4}, {""word"": ""Mary"", ""timed_overlap"": 1, ""column_overlap"": 4}, {""word"": ""plum"", ""timed_overlap"": 1, ""column_overlap"": 3}]",completed,82,10,64
200,72,proximal-replay,3,caught,pictures,89,89,89,,2,4,0,0,,80,"[{""word"": ""pictures"", ""timed_overlap"": 2, ""column_overlap"": 4}, {""word"": ""exactly"", ""timed_overlap"": 2, ""column_overlap"": 4}, {""word"": ""kindest"", ""timed_overlap"": 2, ""column_overlap"": 3}, {""word"": ""Don"", ""timed_overlap"": 2, ""column_overlap"": 3}, {""word"": ""spur"", ""timed_overlap"": 2, ""column_overlap"": 2}]",completed,73,10,54
200,72,proximal-replay,4,my,planned,75,75,75,,2,2,0,0,,74,"[{""word"": ""planned"", ""timed_overlap"": 2, ""column_overlap"": 2}, {""word"": ""Though"", ""timed_overlap"": 1, ""column_overlap"": 4}, {""word"": ""will"", ""timed_overlap"": 1, ""column_overlap"": 3}, {""word"": ""bronze-colored"", ""timed_overlap"": 1, ""column_overlap"": 3}, {""word"": ""Abel"", ""timed_overlap"": 1, ""column_overlap"": 3}]",completed,64,10,76
200,73,proximal-replay,1,only,be,96,96,96,,3,3,0,0,,85,"[{""word"": ""be"", ""timed_overlap"": 3, ""column_overlap"": 3}, {""word"": ""blades"", ""timed_overlap"": 2, ""column_overlap"": 3}, {""word"": ""Lawful"", ""timed_overlap"": 2, ""column_overlap"": 3}, {""word"": ""think"", ""timed_overlap"": 2, ""column_overlap"": 2}, {""word"": ""Arts"", ""timed_overlap"": 2, ""column_overlap"": 2}]",completed,82,10,45
200,73,proximal-replay,2,pardon,should,92,92,92,,2,2,0,0,,74,"[{""word"": ""should"", ""timed_overlap"": 2, ""column_overlap"": 2}, {""word"": ""it"", ""timed_overlap"": 2, ""column_overlap"": 2}, {""word"": ""plum"", ""timed_overlap"": 2, ""column_overlap"": 2}, {""word"": ""clouded"", ""timed_overlap"": 1, ""column_overlap"": 4}, {""word"": ""people"", ""timed_overlap"": 1, ""column_overlap"": 4}]",completed,55,10,63
200,73,proximal-replay,3,you,try,91,91,91,,3,3,0,0,,64,"[{""word"": ""try"", ""timed_overlap"": 3, ""column_overlap"": 3}, {""word"": ""Bowser"", ""timed_overlap"": 2, ""column_overlap"": 2}, {""word"": ""pictures"", ""timed_overlap"": 2, ""column_overlap"": 2}, {""word"": ""soft"", ""timed_overlap"": 1, ""column_overlap"": 4}, {""word"": ""minutes"", ""timed_overlap"": 1, ""column_overlap"": 3}]",completed,73,10,27
200,73,proximal-replay,4,all,sensible,86,86,86,,2,4,0,0,,81,"[{""word"": ""sensible"", ""timed_overlap"": 2, ""column_overlap"": 4}, {""word"": ""to"", ""timed_overlap"": 2, ""column_overlap"": 3}, {""word"": ""Wildrose"", ""timed_overlap"": 2, ""column_overlap"": 3}, {""word"": "";"", ""timed_overlap"": 2, ""column_overlap"": 3}, {""word"": ""promise"", ""timed_overlap"": 2, ""column_overlap"": 3}]",completed,37,10,73
200,74,proximal-replay,1,sensible,way,97,97,97,,3,3,1,2,31,76,"[{""word"": ""way"", ""timed_overlap"": 3, ""column_overlap"": 3}, {""word"": ""spear"", ""timed_overlap"": 2, ""column_overlap"": 4}, {""word"": ""Dot"", ""timed_overlap"": 2, ""column_overlap"": 4}, {""word"": ""the"", ""timed_overlap"": 2, ""column_overlap"": 2}, {""word"": ""see"", ""timed_overlap"": 2, ""column_overlap"": 2}]",completed,73,10,54
200,74,proximal-replay,2,girl,already,67,67,67,,3,5,1,2,33,80,"[{""word"": ""already"", ""timed_overlap"": 3, ""column_overlap"": 5}, {""word"": ""thrifty"", ""timed_overlap"": 2, ""column_overlap"": 2}, {""word"": ""he"", ""timed_overlap"": 2, ""column_overlap"": 2}, {""word"": ""my"", ""timed_overlap"": 2, ""column_overlap"": 2}, {""word"": ""Soon"", ""timed_overlap"": 2, ""column_overlap"": 2}]",completed,64,10,46
200,74,proximal-replay,3,",",Cursed,91,91,91,,3,4,0,0,,87,"[{""word"": ""Cursed"", ""timed_overlap"": 3, ""column_overlap"": 4}, {""word"": ""you"", ""timed_overlap"": 3, ""column_overlap"": 3}, {""word"": ""told"", ""timed_overlap"": 3, ""column_overlap"": 3}, {""word"": ""forget"", ""timed_overlap"": 3, ""column_overlap"": 3}, {""word"": ""and"", ""timed_overlap"": 2, ""column_overlap"": 2}]",completed,55,10,55
200,74,proximal-replay,4,'',Cursed,68,68,68,,3,4,0,0,,64,"[{""word"": ""Cursed"", ""timed_overlap"": 3, ""column_overlap"": 4}, {""word"": ""be"", ""timed_overlap"": 2, ""column_overlap"": 3}, {""word"": ""lump"", ""timed_overlap"": 2, ""column_overlap"": 2}, {""word"": ""wind"", ""timed_overlap"": 1, ""column_overlap"": 5}, {""word"": ""Marsch"", ""timed_overlap"": 1, ""column_overlap"": 4}]",completed,64,10,56
200,75,proximal-replay,1,finish,beauty,100,100,100,,2,5,0,0,,61,"[{""word"": ""beauty"", ""timed_overlap"": 2, ""column_overlap"": 5}, {""word"": ""not"", ""timed_overlap"": 2, ""column_overlap"": 4}, {""word"": ""Great"", ""timed_overlap"": 2, ""column_overlap"": 4}, {""word"": ""mischievous"", ""timed_overlap"": 2, ""column_overlap"": 3}, {""word"": ""had"", ""timed_overlap"": 2, ""column_overlap"": 2}]",completed,73,10,63
200,75,proximal-replay,2,my,'s,72,72,72,,2,2,0,0,,72,"[{""word"": ""'s"", ""timed_overlap"": 2, ""column_overlap"": 2}, {""word"": ""Proscribed"", ""timed_overlap"": 1, ""column_overlap"": 4}, {""word"": ""does"", ""timed_overlap"": 1, ""column_overlap"": 4}, {""word"": ""bringing"", ""timed_overlap"": 1, ""column_overlap"": 4}, {""word"": ""."", ""timed_overlap"": 1, ""column_overlap"": 3}]",completed,73,10,48
200,75,proximal-replay,3,Arts,face,77,77,77,,3,3,1,2,35,77,"[{""word"": ""face"", ""timed_overlap"": 3, ""column_overlap"": 3}, {""word"": ""order"", ""timed_overlap"": 3, ""column_overlap"": 3}, {""word"": ""resisted"", ""timed_overlap"": 2, ""column_overlap"": 4}, {""word"": ""So"", ""timed_overlap"": 2, ""column_overlap"": 3}, {""word"": ""lord"", ""timed_overlap"": 2, ""column_overlap"": 3}]",completed,55,10,27
200,75,proximal-replay,4,course,twitch,57,57,57,,4,4,0,0,,73,"[{""word"": ""twitch"", ""timed_overlap"": 4, ""column_overlap"": 4}, {""word"": ""is"", ""timed_overlap"": 3, ""column_overlap"": 4}, {""word"": ""letter"", ""timed_overlap"": 2, ""column_overlap"": 3}, {""word"": ""Peerless"", ""timed_overlap"": 2, ""column_overlap"": 2}, {""word"": ""has"", ""timed_overlap"": 2, ""column_overlap"": 2}]",completed,37,10,56
200,76,proximal-replay,1,",",thoughtful,64,64,64,,2,4,0,0,,67,"[{""word"": ""thoughtful"", ""timed_overlap"": 2, ""column_overlap"": 4}, {""word"": ""smile"", ""timed_overlap"": 2, ""column_overlap"": 2}, {""word"": ""At"", ""timed_overlap"": 2, ""column_overlap"": 2}, {""word"": ""full"", ""timed_overlap"": 2, ""column_overlap"": 2}, {""word"": ""keep"", ""timed_overlap"": 1, ""column_overlap"": 4}]",completed,46,10,74
200,76,proximal-replay,2,',far,91,91,91,,2,3,0,0,,57,"[{""word"": ""far"", ""timed_overlap"": 2, ""column_overlap"": 3}, {""word"": ""woman"", ""timed_overlap"": 2, ""column_overlap"": 3}, {""word"": ""bared"", ""timed_overlap"": 2, ""column_overlap"": 2}, {""word"": ""Bowser"", ""timed_overlap"": 1, ""column_overlap"": 4}, {""word"": ""You"", ""timed_overlap"": 1, ""column_overlap"": 4}]",completed,82,10,63
200,76,proximal-replay,3,rejoined,let,87,87,87,,2,3,0,0,,72,"[{""word"": ""let"", ""timed_overlap"": 2, ""column_overlap"": 3}, {""word"": ""window"", ""timed_overlap"": 2, ""column_overlap"": 3}, {""word"": ""youth"", ""timed_overlap"": 2, ""column_overlap"": 2}, {""word"": ""promise"", ""timed_overlap"": 2, ""column_overlap"": 2}, {""word"": ""many"", ""timed_overlap"": 1, ""column_overlap"": 4}]",completed,73,10,73
200,76,proximal-replay,4,his,go,97,97,97,,2,3,0,0,,80,"[{""word"": ""go"", ""timed_overlap"": 2, ""column_overlap"": 3}, {""word"": ""few"", ""timed_overlap"": 2, ""column_overlap"": 3}, {""word"": ""and"", ""timed_overlap"": 2, ""column_overlap"": 3}, {""word"": ""most"", ""timed_overlap"": 2, ""column_overlap"": 2}, {""word"": ""Dear"", ""timed_overlap"": 2, ""column_overlap"": 2}]",completed,82,10,63
200,77,proximal-replay,1,a,pile,84,84,84,,2,3,0,0,,59,"[{""word"": ""pile"", ""timed_overlap"": 2, ""column_overlap"": 3}, {""word"": ""Happy"", ""timed_overlap"": 2, ""column_overlap"": 2}, {""word"": ""months"", ""timed_overlap"": 1, ""column_overlap"": 4}, {""word"": ""Every"", ""timed_overlap"": 1, ""column_overlap"": 4}, {""word"": ""Old"", ""timed_overlap"": 1, ""column_overlap"": 3}]",completed,55,10,74
200,77,proximal-replay,2,fine,and,91,91,91,,3,4,0,0,,73,"[{""word"": ""and"", ""timed_overlap"": 3, ""column_overlap"": 4}, {""word"": ""shall"", ""timed_overlap"": 2, ""column_overlap"": 4}, {""word"": ""Balkis"", ""timed_overlap"": 2, ""column_overlap"": 3}, {""word"": ""daughter"", ""timed_overlap"": 2, ""column_overlap"": 2}, {""word"": ""man"", ""timed_overlap"": 2, ""column_overlap"": 2}]",completed,82,10,45
200,77,proximal-replay,3,lot,doubly,98,98,98,,2,4,0,0,,85,"[{""word"": ""doubly"", ""timed_overlap"": 2, ""column_overlap"": 4}, {""word"": ""Play"", ""timed_overlap"": 2, ""column_overlap"": 3}, {""word"": ""when"", ""timed_overlap"": 2, ""column_overlap"": 3}, {""word"": ""drop"", ""timed_overlap"": 2, ""column_overlap"": 3}, {""word"": ""told"", ""timed_overlap"": 2, ""column_overlap"": 2}]",completed,55,10,72
200,77,proximal-replay,4,of,hearth,96,96,96,,2,3,0,0,,68,"[{""word"": ""hearth"", ""timed_overlap"": 2, ""column_overlap"": 3}, {""word"": ""saddle"", ""timed_overlap"": 2, ""column_overlap"": 3}, {""word"": ""Bessy"", ""timed_overlap"": 2, ""column_overlap"": 3}, {""word"": ""frock"", ""timed_overlap"": 2, ""column_overlap"": 2}, {""word"": ""I"", ""timed_overlap"": 2, ""column_overlap"": 2}]",completed,82,10,72
200,78,proximal-replay,1,that,happened,97,97,97,,2,3,1,1,70,74,"[{""word"": ""happened"", ""timed_overlap"": 2, ""column_overlap"": 3}, {""word"": ""away"", ""timed_overlap"": 2, ""column_overlap"": 2}, {""word"": ""all"", ""timed_overlap"": 1, ""column_overlap"": 4}, {""word"": ""tunnels"", ""timed_overlap"": 1, ""column_overlap"": 4}, {""word"": ""best"", ""timed_overlap"": 1, ""column_overlap"": 3}]",completed,91,10,64
200,78,proximal-replay,2,bought,.,80,80,80,,3,3,0,0,,64,"[{""word"": ""."", ""timed_overlap"": 3, ""column_overlap"": 3}, {""word"": ""Joseph"", ""timed_overlap"": 2, ""column_overlap"": 3}, {""word"": ""feast"", ""timed_overlap"": 2, ""column_overlap"": 2}, {""word"": ""Don"", ""timed_overlap"": 1, ""column_overlap"": 4}, {""word"": ""After"", ""timed_overlap"": 1, ""column_overlap"": 4}]",completed,73,10,45
200,78,proximal-replay,3,me,horses,95,95,95,,2,3,0,0,,67,"[{""word"": ""horses"", ""timed_overlap"": 2, ""column_overlap"": 3}, {""word"": ""still"", ""timed_overlap"": 2, ""column_overlap"": 2}, {""word"": ""taking"", ""timed_overlap"": 2, ""column_overlap"": 2}, {""word"": ""parents"", ""timed_overlap"": 2, ""column_overlap"": 2}, {""word"": ""go"", ""timed_overlap"": 2, ""column_overlap"": 2}]",completed,55,10,72
200,78,proximal-replay,4,",",am,93,93,93,,2,2,0,0,,80,"[{""word"": ""am"", ""timed_overlap"": 2, ""column_overlap"": 2}, {""word"": ""Gilbert"", ""timed_overlap"": 1, ""column_overlap"": 4}, {""word"": ""horses"", ""timed_overlap"": 1, ""column_overlap"": 3}, {""word"": ""chance"", ""timed_overlap"": 1, ""column_overlap"": 3}, {""word"": ""still"", ""timed_overlap"": 1, ""column_overlap"": 3}]",completed,82,10,63
200,79,proximal-replay,1,the,Ideal,96,96,96,,2,4,2,2,4,66,"[{""word"": ""Ideal"", ""timed_overlap"": 2, ""column_overlap"": 4}, {""word"": ""whither"", ""timed_overlap"": 2, ""column_overlap"": 4}, {""word"": ""this"", ""timed_overlap"": 2, ""column_overlap"": 3}, {""word"": ""the"", ""timed_overlap"": 2, ""column_overlap"": 2}, {""word"": ""Clever"", ""timed_overlap"": 1, ""column_overlap"": 4}]",completed,82,10,64
200,79,proximal-replay,2,prince,Douglas,77,77,77,,2,3,1,2,37,70,"[{""word"": ""Douglas"", ""timed_overlap"": 2, ""column_overlap"": 3}, {""word"": ""n't"", ""timed_overlap"": 2, ""column_overlap"": 3}, {""word"": ""But"", ""timed_overlap"": 2, ""column_overlap"": 3}, {""word"": ""terrible"", ""timed_overlap"": 2, ""column_overlap"": 2}, {""word"": ""Mother"", ""timed_overlap"": 2, ""column_overlap"": 2}]",completed,73,10,74
200,79,proximal-replay,3,",",she,95,95,95,,2,4,0,0,,80,"[{""word"": ""she"", ""timed_overlap"": 2, ""column_overlap"": 4}, {""word"": ""I"", ""timed_overlap"": 2, ""column_overlap"": 3}, {""word"": ""would"", ""timed_overlap"": 2, ""column_overlap"": 2}, {""word"": ""fighting"", ""timed_overlap"": 2, ""column_overlap"": 2}, {""word"": ""deep"", ""timed_overlap"": 1, ""column_overlap"": 4}]",completed,82,10,63
200,79,proximal-replay,4,who,O,91,91,91,,2,4,0,0,,71,"[{""word"": ""O"", ""timed_overlap"": 2, ""column_overlap"": 4}, {""word"": ""close"", ""timed_overlap"": 2, ""column_overlap"": 2}, {""word"": ""let"", ""timed_overlap"": 2, ""column_overlap"": 2}, {""word"": ""Emmy"", ""timed_overlap"": 1, ""column_overlap"": 4}, {""word"": ""and"", ""timed_overlap"": 1, ""column_overlap"": 4}]",completed,73,10,72
200,80,proximal-replay,1,fry,fry,49,49,49,,6,6,6,6,1,70,"[{""word"": ""fry"", ""timed_overlap"": 6, ""column_overlap"": 6}, {""word"": ""come"", ""timed_overlap"": 2, ""column_overlap"": 3}, {""word"": ""promise"", ""timed_overlap"": 2, ""column_overlap"": 3}, {""word"": ""pictures"", ""timed_overlap"": 2, ""column_overlap"": 3}, {""word"": ""statelier"", ""timed_overlap"": 2, ""column_overlap"": 2}]",completed,19,10,9
200,80,proximal-replay,2,fish,fish,17,17,17,,9,9,9,9,1,67,"[{""word"": ""fish"", ""timed_overlap"": 9, ""column_overlap"": 9}, {""word"": ""Dear"", ""timed_overlap"": 2, ""column_overlap"": 3}, {""word"": ""Why"", ""timed_overlap"": 2, ""column_overlap"": 2}, {""word"": ""Rogers"", ""timed_overlap"": 2, ""column_overlap"": 2}, {""word"": ""Jimmy"", ""timed_overlap"": 2, ""column_overlap"": 2}]",completed,19,10,9
200,80,proximal-replay,3,on,on,64,64,64,,4,5,4,5,1,77,"[{""word"": ""on"", ""timed_overlap"": 4, ""column_overlap"": 5}, {""word"": ""end"", ""timed_overlap"": 2, ""column_overlap"": 2}, {""word"": ""To"", ""timed_overlap"": 2, ""column_overlap"": 2}, {""word"": ""quite"", ""timed_overlap"": 1, ""column_overlap"": 5}, {""word"": ""Williamson"", ""timed_overlap"": 1, ""column_overlap"": 3}]",completed,19,10,27
200,80,proximal-replay,4,my,Ideal,93,93,93,,2,5,2,2,5,73,"[{""word"": ""Ideal"", ""timed_overlap"": 2, ""column_overlap"": 5}, {""word"": ""almost"", ""timed_overlap"": 2, ""column_overlap"": 2}, {""word"": ""looked"", ""timed_overlap"": 2, ""column_overlap"": 2}, {""word"": ""Though"", ""timed_overlap"": 2, ""column_overlap"": 2}, {""word"": ""my"", ""timed_overlap"": 2, ""column_overlap"": 2}]",completed,37,10,64
200,81,proximal-replay,1,face,ambitions,76,76,76,,4,4,2,3,4,64,"[{""word"": ""ambitions"", ""timed_overlap"": 4, ""column_overlap"": 4}, {""word"": ""somehow"", ""timed_overlap"": 2, ""column_overlap"": 4}, {""word"": ""distance"", ""timed_overlap"": 2, ""column_overlap"": 3}, {""word"": ""face"", ""timed_overlap"": 2, ""column_overlap"": 3}, {""word"": ""Hans"", ""timed_overlap"": 2, ""column_overlap"": 2}]",completed,46,10,27
200,81,proximal-replay,2,for,ask,75,75,75,,2,2,0,0,,74,"[{""word"": ""ask"", ""timed_overlap"": 2, ""column_overlap"": 2}, {""word"": ""spear"", ""timed_overlap"": 2, ""column_overlap"": 2}, {""word"": ""His"", ""timed_overlap"": 2, ""column_overlap"": 2}, {""word"": ""recovered"", ""timed_overlap"": 1, ""column_overlap"": 5}, {""word"": ""Gilbert"", ""timed_overlap"": 1, ""column_overlap"": 4}]",completed,37,10,64
200,81,proximal-replay,3,a,glided,95,95,95,,2,3,0,0,,67,"[{""word"": ""glided"", ""timed_overlap"": 2, ""column_overlap"": 3}, {""word"": ""they"", ""timed_overlap"": 2, ""column_overlap"": 2}, {""word"": ""Robert"", ""timed_overlap"": 2, ""column_overlap"": 2}, {""word"": ""seemed"", ""timed_overlap"": 2, ""column_overlap"": 2}, {""word"": ""fought"", ""timed_overlap"": 1, ""column_overlap"": 4}]",completed,73,10,73
200,81,proximal-replay,4,moment,excuse,91,91,91,,2,3,0,0,,65,"[{""word"": ""excuse"", ""timed_overlap"": 2, ""column_overlap"": 3}, {""word"": ""fire"", ""timed_overlap"": 2, ""column_overlap"": 2}, {""word"": "","", ""timed_overlap"": 2, ""column_overlap"": 2}, {""word"": ""away"", ""timed_overlap"": 1, ""column_overlap"": 4}, {""word"": ""dark"", ""timed_overlap"": 1, ""column_overlap"": 4}]",completed,82,10,72
200,82,proximal-replay,1,queen,',100,100,100,,2,2,1,1,42,60,"[{""word"": ""'"", ""timed_overlap"": 2, ""column_overlap"": 2}, {""word"": ""prince"", ""timed_overlap"": 2, ""column_overlap"": 2}, {""word"": ""says"", ""timed_overlap"": 1, ""column_overlap"": 3}, {""word"": ""soon"", ""timed_overlap"": 1, ""column_overlap"": 3}, {""word"": ""bought"", ""timed_overlap"": 1, ""column_overlap"": 3}]",completed,82,10,72
200,82,proximal-replay,2,",",answered,96,96,96,,2,2,0,0,,69,"[{""word"": ""answered"", ""timed_overlap"": 2, ""column_overlap"": 2}, {""word"": ""close"", ""timed_overlap"": 2, ""column_overlap"": 2}, {""word"": ""West"", ""timed_overlap"": 1, ""column_overlap"": 4}, {""word"": ""Down"", ""timed_overlap"": 1, ""column_overlap"": 4}, {""word"": ""see"", ""timed_overlap"": 1, ""column_overlap"": 3}]",completed,82,10,54
200,82,proximal-replay,3,bringing,Hans,83,83,83,,7,7,0,0,,72,"[{""word"": ""Hans"", ""timed_overlap"": 7, ""column_overlap"": 7}, {""word"": ""image"", ""timed_overlap"": 2, ""column_overlap"": 3}, {""word"": ""saddle"", ""timed_overlap"": 2, ""column_overlap"": 3}, {""word"": ""Rabbit"", ""timed_overlap"": 2, ""column_overlap"": 3}, {""word"": ""Queen"", ""timed_overlap"": 2, ""column_overlap"": 3}]",completed,64,10,18
200,82,proximal-replay,4,forward,mischievous,62,62,62,,2,4,0,0,,75,"[{""word"": ""mischievous"", ""timed_overlap"": 2, ""column_overlap"": 4}, {""word"": ""alarm"", ""timed_overlap"": 2, ""column_overlap"": 3}, {""word"": ""Soon"", ""timed_overlap"": 2, ""column_overlap"": 2}, {""word"": ""doctor"", ""timed_overlap"": 2, ""column_overlap"": 2}, {""word"": ""his"", ""timed_overlap"": 1, ""column_overlap"": 3}]",completed,28,10,75
200,83,proximal-replay,1,for,for,47,47,47,,7,7,7,7,1,62,"[{""word"": ""for"", ""timed_overlap"": 7, ""column_overlap"": 7}, {""word"": ""anxious"", ""timed_overlap"": 2, ""column_overlap"": 3}, {""word"": ""on"", ""timed_overlap"": 2, ""column_overlap"": 3}, {""word"": ""happily"", ""timed_overlap"": 2, ""column_overlap"": 3}, {""word"": ""bearing"", ""timed_overlap"": 2, ""column_overlap"": 2}]",completed,37,10,18
200,83,proximal-replay,2,an,an,58,58,58,,5,5,5,5,1,66,"[{""word"": ""an"", ""timed_overlap"": 5, ""column_overlap"": 5}, {""word"": ""thoughtful"", ""timed_overlap"": 2, ""column_overlap"": 5}, {""word"": ""Bowser"", ""timed_overlap"": 2, ""column_overlap"": 2}, {""word"": ""words"", ""timed_overlap"": 2, ""column_overlap"": 2}, {""word"": ""branch"", ""timed_overlap"": 2, ""column_overlap"": 2}]",completed,28,10,10
200,83,proximal-replay,3,excuse,excuse,16,16,16,,9,9,9,9,1,50,"[{""word"": ""excuse"", ""timed_overlap"": 9, ""column_overlap"": 9}, {""word"": ""try"", ""timed_overlap"": 2, ""column_overlap"": 3}, {""word"": ""His"", ""timed_overlap"": 2, ""column_overlap"": 2}, {""word"": ""must"", ""timed_overlap"": 2, ""column_overlap"": 2}, {""word"": ""''"", ""timed_overlap"": 2, ""column_overlap"": 2}]",completed,19,10,10
200,83,proximal-replay,4,to,to,25,25,25,,4,5,4,5,1,82,"[{""word"": ""to"", ""timed_overlap"": 4, ""column_overlap"": 5}, {""word"": ""He"", ""timed_overlap"": 2, ""column_overlap"": 4}, {""word"": ""forbidden"", ""timed_overlap"": 2, ""column_overlap"": 3}, {""word"": ""a"", ""timed_overlap"": 1, ""column_overlap"": 4}, {""word"": ""found"", ""timed_overlap"": 1, ""column_overlap"": 3}]",completed,19,10,47
200,84,proximal-replay,1,that,that,89,89,89,,4,5,4,5,1,62,"[{""word"": ""that"", ""timed_overlap"": 4, ""column_overlap"": 5}, {""word"": ""seemed"", ""timed_overlap"": 2, ""column_overlap"": 3}, {""word"": ""confessed"", ""timed_overlap"": 2, ""column_overlap"": 3}, {""word"": ""next"", ""timed_overlap"": 1, ""column_overlap"": 5}, {""word"": ""There"", ""timed_overlap"": 1, ""column_overlap"": 4}]",completed,64,10,18
200,84,proximal-replay,2,night,promise,77,77,77,,2,4,1,2,32,76,"[{""word"": ""promise"", ""timed_overlap"": 2, ""column_overlap"": 4}, {""word"": ""admitted"", ""timed_overlap"": 2, ""column_overlap"": 4}, {""word"": ""gathered"", ""timed_overlap"": 2, ""column_overlap"": 3}, {""word"": ""the"", ""timed_overlap"": 2, ""column_overlap"": 3}, {""word"": ""she"", ""timed_overlap"": 2, ""column_overlap"": 3}]",completed,28,10,55
200,84,proximal-replay,3,companioned,--,71,71,71,,4,4,0,0,,83,"[{""word"": ""--"", ""timed_overlap"": 4, ""column_overlap"": 4}, {""word"": ""elapsed"", ""timed_overlap"": 2, ""column_overlap"": 3}, {""word"": ""mount"", ""timed_overlap"": 2, ""column_overlap"": 3}, {""word"": ""how"", ""timed_overlap"": 2, ""column_overlap"": 2}, {""word"": ""can"", ""timed_overlap"": 2, ""column_overlap"": 2}]",completed,64,10,45
200,84,proximal-replay,4,by,fact,91,91,91,,2,3,0,0,,68,"[{""word"": ""fact"", ""timed_overlap"": 2, ""column_overlap"": 3}, {""word"": ""that"", ""timed_overlap"": 2, ""column_overlap"": 3}, {""word"": ""good"", ""timed_overlap"": 2, ""column_overlap"": 2}, {""word"": ""something"", ""timed_overlap"": 2, ""column_overlap"": 2}, {""word"": ""and"", ""timed_overlap"": 2, ""column_overlap"": 2}]",completed,55,10,73
200,85,proximal-replay,1,are,bad,86,86,86,,3,3,0,0,,69,"[{""word"": ""bad"", ""timed_overlap"": 3, ""column_overlap"": 3}, {""word"": ""Clever"", ""timed_overlap"": 3, ""column_overlap"": 3}, {""word"": ""axe"", ""timed_overlap"": 2, ""column_overlap"": 3}, {""word"": ""motives"", ""timed_overlap"": 2, ""column_overlap"": 2}, {""word"": ""man"", ""timed_overlap"": 1, ""column_overlap"": 3}]",completed,64,10,45
200,85,proximal-replay,2,Happy,am,87,87,87,,3,3,0,0,,65,"[{""word"": ""am"", ""timed_overlap"": 3, ""column_overlap"": 3}, {""word"": ""smile"", ""timed_overlap"": 2, ""column_overlap"": 3}, {""word"": ""admitted"", ""timed_overlap"": 2, ""column_overlap"": 2}, {""word"": ""suited"", ""timed_overlap"": 1, ""column_overlap"": 5}, {""word"": ""leafy"", ""timed_overlap"": 1, ""column_overlap"": 4}]",completed,55,10,65
200,85,proximal-replay,3,Jack,spear,83,83,83,,2,3,0,0,,67,"[{""word"": ""spear"", ""timed_overlap"": 2, ""column_overlap"": 3}, {""word"": ""course"", ""timed_overlap"": 2, ""column_overlap"": 2}, {""word"": ""not"", ""timed_overlap"": 2, ""column_overlap"": 2}, {""word"": ""ask"", ""timed_overlap"": 2, ""column_overlap"": 2}, {""word"": ""confidences"", ""timed_overlap"": 1, ""column_overlap"": 4}]",completed,73,10,54
200,85,proximal-replay,4,Squirrel,mischievous,77,77,77,,2,2,0,0,,62,"[{""word"": ""mischievous"", ""timed_overlap"": 2, ""column_overlap"": 2}, {""word"": ""Abel"", ""timed_overlap"": 1, ""column_overlap"": 3}, {""word"": ""unpractical"", ""timed_overlap"": 1, ""column_overlap"": 3}, {""word"": ""remembering"", ""timed_overlap"": 1, ""column_overlap"": 3}, {""word"": ""tasted"", ""timed_overlap"": 1, ""column_overlap"": 3}]",completed,64,10,75
200,86,proximal-replay,1,the,terrible,97,97,97,,2,3,0,0,,85,"[{""word"": ""terrible"", ""timed_overlap"": 2, ""column_overlap"": 3}, {""word"": ""Bowser"", ""timed_overlap"": 2, ""column_overlap"": 3}, {""word"": ""has"", ""timed_overlap"": 2, ""column_overlap"": 2}, {""word"": ""may"", ""timed_overlap"": 1, ""column_overlap"": 4}, {""word"": ""things"", ""timed_overlap"": 1, ""column_overlap"": 3}]",completed,73,10,63
200,86,proximal-replay,2,whitest,Pretty,91,91,91,,2,5,0,0,,71,"[{""word"": ""Pretty"", ""timed_overlap"": 2, ""column_overlap"": 5}, {""word"": ""whereon"", ""timed_overlap"": 2, ""column_overlap"": 2}, {""word"": ""Bowser"", ""timed_overlap"": 2, ""column_overlap"": 2}, {""word"": ""lay"", ""timed_overlap"": 1, ""column_overlap"": 4}, {""word"": ""harm"", ""timed_overlap"": 1, ""column_overlap"": 3}]",completed,73,10,72
200,86,proximal-replay,3,of,Pekoe,76,76,76,,2,3,0,0,,71,"[{""word"": ""Pekoe"", ""timed_overlap"": 2, ""column_overlap"": 3}, {""word"": ""how"", ""timed_overlap"": 2, ""column_overlap"": 2}, {""word"": ""slim"", ""timed_overlap"": 2, ""column_overlap"": 2}, {""word"": ""spoke"", ""timed_overlap"": 2, ""column_overlap"": 2}, {""word"": ""'d"", ""timed_overlap"": 1, ""column_overlap"": 4}]",completed,82,10,64
200,86,proximal-replay,4,skins,twilight,79,79,79,,2,3,0,0,,75,"[{""word"": ""twilight"", ""timed_overlap"": 2, ""column_overlap"": 3}, {""word"": ""chance"", ""timed_overlap"": 2, ""column_overlap"": 3}, {""word"": ""course"", ""timed_overlap"": 2, ""column_overlap"": 2}, {""word"": ""off"", ""timed_overlap"": 2, ""column_overlap"": 2}, {""word"": ""Rabbit"", ""timed_overlap"": 1, ""column_overlap"": 4}]",completed,73,10,65
200,87,proximal-replay,1,face,thumb,88,88,88,,3,4,2,2,4,85,"[{""word"": ""thumb"", ""timed_overlap"": 3, ""column_overlap"": 4}, {""word"": ""daughter"", ""timed_overlap"": 2, ""column_overlap"": 3}, {""word"": ""anxious"", ""timed_overlap"": 2, ""column_overlap"": 3}, {""word"": ""face"", ""timed_overlap"": 2, ""column_overlap"": 2}, {""word"": ""Thus"", ""timed_overlap"": 2, ""column_overlap"": 2}]",completed,55,10,45
200,87,proximal-replay,2,twitch,.,70,70,70,,5,6,0,0,,70,"[{""word"": ""."", ""timed_overlap"": 5, ""column_overlap"": 6}, {""word"": ""were"", ""timed_overlap"": 2, ""column_overlap"": 4}, {""word"": ""remorsefully"", ""timed_overlap"": 2, ""column_overlap"": 3}, {""word"": ""Here"", ""timed_overlap"": 2, ""column_overlap"": 3}, {""word"": ""marriage"", ""timed_overlap"": 2, ""column_overlap"": 3}]",completed,55,10,45
200,87,proximal-replay,3,mutinously,horses,90,90,90,,2,4,0,0,,70,"[{""word"": ""horses"", ""timed_overlap"": 2, ""column_overlap"": 4}, {""word"": ""some"", ""timed_overlap"": 2, ""column_overlap"": 3}, {""word"": ""taking"", ""timed_overlap"": 2, ""column_overlap"": 2}, {""word"": ""parents"", ""timed_overlap"": 2, ""column_overlap"": 2}, {""word"": ""for"", ""timed_overlap"": 1, ""column_overlap"": 4}]",completed,55,10,73
200,87,proximal-replay,4,whenever,am,93,93,93,,2,2,0,0,,80,"[{""word"": ""am"", ""timed_overlap"": 2, ""column_overlap"": 2}, {""word"": ""Gilbert"", ""timed_overlap"": 1, ""column_overlap"": 4}, {""word"": ""admitted"", ""timed_overlap"": 1, ""column_overlap"": 3}, {""word"": ""motives"", ""timed_overlap"": 1, ""column_overlap"": 3}, {""word"": ""or"", ""timed_overlap"": 1, ""column_overlap"": 3}]",completed,82,10,63
200,88,proximal-replay,1,was,was,55,55,55,,7,7,7,7,1,59,"[{""word"": ""was"", ""timed_overlap"": 7, ""column_overlap"": 7}, {""word"": ""does"", ""timed_overlap"": 2, ""column_overlap"": 3}, {""word"": ""Once"", ""timed_overlap"": 2, ""column_overlap"": 3}, {""word"": ""They"", ""timed_overlap"": 2, ""column_overlap"": 2}, {""word"": ""Clow"", ""timed_overlap"": 1, ""column_overlap"": 4}]",completed,28,10,18
200,88,proximal-replay,2,heated,impossible,71,71,71,,5,5,3,3,2,76,"[{""word"": ""impossible"", ""timed_overlap"": 5, ""column_overlap"": 5}, {""word"": ""heated"", ""timed_overlap"": 3, ""column_overlap"": 3}, {""word"": ""still"", ""timed_overlap"": 2, ""column_overlap"": 2}, {""word"": ""under"", ""timed_overlap"": 2, ""column_overlap"": 2}, {""word"": ""motives"", ""timed_overlap"": 1, ""column_overlap"": 3}]",completed,28,10,27
200,88,proximal-replay,3,",",to,51,51,51,,7,7,0,0,,67,"[{""word"": ""to"", ""timed_overlap"": 7, ""column_overlap"": 7}, {""word"": ""He"", ""timed_overlap"": 2, ""column_overlap"": 4}, {""word"": ""twilight"", ""timed_overlap"": 2, ""column_overlap"": 2}, {""word"": ""Arts"", ""timed_overlap"": 2, ""column_overlap"": 2}, {""word"": ""man"", ""timed_overlap"": 1, ""column_overlap"": 4}]",completed,37,10,27
200,88,proximal-replay,4,and,would,99,99,99,,2,3,0,0,,69,"[{""word"": ""would"", ""timed_overlap"": 2, ""column_overlap"": 3}, {""word"": ""thing"", ""timed_overlap"": 2, ""column_overlap"": 3}, {""word"": ""beauty"", ""timed_overlap"": 2, ""column_overlap"": 2}, {""word"": ""ask"", ""timed_overlap"": 2, ""column_overlap"": 2}, {""word"": ""doubly"", ""timed_overlap"": 2, ""column_overlap"": 2}]",completed,37,10,72
200,89,proximal-replay,1,of,of,80,80,80,,5,5,5,5,1,62,"[{""word"": ""of"", ""timed_overlap"": 5, ""column_overlap"": 5}, {""word"": ""sipping"", ""timed_overlap"": 2, ""column_overlap"": 2}, {""word"": ""woman"", ""timed_overlap"": 1, ""column_overlap"": 4}, {""word"": ""promise"", ""timed_overlap"": 1, ""column_overlap"": 3}, {""word"": ""rare"", ""timed_overlap"": 1, ""column_overlap"": 3}]",completed,64,10,27
200,89,proximal-replay,2,grass,clouded,84,84,84,,4,4,1,2,37,75,"[{""word"": ""clouded"", ""timed_overlap"": 4, ""column_overlap"": 4}, {""word"": ""the"", ""timed_overlap"": 3, ""column_overlap"": 4}, {""word"": ""river"", ""timed_overlap"": 2, ""column_overlap"": 3}, {""word"": ""Spirit"", ""timed_overlap"": 2, ""column_overlap"": 3}, {""word"": ""Every"", ""timed_overlap"": 2, ""column_overlap"": 3}]",completed,37,10,18
200,89,proximal-replay,3,",",blue,54,54,54,,8,8,0,0,,80,"[{""word"": ""blue"", ""timed_overlap"": 8, ""column_overlap"": 8}, {""word"": ""youth"", ""timed_overlap"": 2, ""column_overlap"": 3}, {""word"": ""daughter"", ""timed_overlap"": 2, ""column_overlap"": 3}, {""word"": ""gathered"", ""timed_overlap"": 2, ""column_overlap"": 3}, {""word"": ""'m"", ""timed_overlap"": 2, ""column_overlap"": 2}]",completed,28,10,18
200,89,proximal-replay,4,and,with,28,28,28,,9,9,0,0,,72,"[{""word"": ""with"", ""timed_overlap"": 9, ""column_overlap"": 9}, {""word"": ""Well"", ""timed_overlap"": 2, ""column_overlap"": 2}, {""word"": ""feet"", ""timed_overlap"": 2, ""column_overlap"": 2}, {""word"": ""plum"", ""timed_overlap"": 1, ""column_overlap"": 4}, {""word"": ""see"", ""timed_overlap"": 1, ""column_overlap"": 4}]",completed,28,10,10
200,90,proximal-replay,1,at,now,75,75,75,,2,4,2,2,3,65,"[{""word"": ""now"", ""timed_overlap"": 2, ""column_overlap"": 4}, {""word"": ""when"", ""timed_overlap"": 2, ""column_overlap"": 2}, {""word"": ""at"", ""timed_overlap"": 2, ""column_overlap"": 2}, {""word"": ""axe"", ""timed_overlap"": 1, ""column_overlap"": 4}, {""word"": ""Joe"", ""timed_overlap"": 1, ""column_overlap"": 4}]",completed,64,10,73
200,90,proximal-replay,2,once,fell,96,96,96,,3,3,0,0,,65,"[{""word"": ""fell"", ""timed_overlap"": 3, ""column_overlap"": 3}, {""word"": ""impossible"", ""timed_overlap"": 2, ""column_overlap"": 3}, {""word"": ""These"", ""timed_overlap"": 2, ""column_overlap"": 2}, {""word"": ""This"", ""timed_overlap"": 2, ""column_overlap"": 2}, {""word"": ""whither"", ""timed_overlap"": 1, ""column_overlap"": 4}]",completed,82,10,45
200,90,proximal-replay,3,and,lord,63,63,63,,2,3,1,3,5,69,"[{""word"": ""lord"", ""timed_overlap"": 2, ""column_overlap"": 3}, {""word"": ""cried"", ""timed_overlap"": 2, ""column_overlap"": 2}, {""word"": ""anything"", ""timed_overlap"": 1, ""column_overlap"": 4}, {""word"": ""After"", ""timed_overlap"": 1, ""column_overlap"": 3}, {""word"": ""and"", ""timed_overlap"": 1, ""column_overlap"": 3}]",completed,55,10,75
200,90,proximal-replay,4,ride,guess,79,79,79,,2,3,1,3,10,64,"[{""word"": ""guess"", ""timed_overlap"": 2, ""column_overlap"": 3}, {""word"": ""studied"", ""timed_overlap"": 1, ""column_overlap"": 3}, {""word"": ""large"", ""timed_overlap"": 1, ""column_overlap"": 3}, {""word"": ""asked"", ""timed_overlap"": 1, ""column_overlap"": 3}, {""word"": ""Nan"", ""timed_overlap"": 1, ""column_overlap"": 3}]",completed,82,10,57
200,91,proximal-replay,1,",",Once,82,82,82,,2,4,2,3,4,81,"[{""word"": ""Once"", ""timed_overlap"": 2, ""column_overlap"": 4}, {""word"": ""made"", ""timed_overlap"": 2, ""column_overlap"": 3}, {""word"": ""and"", ""timed_overlap"": 2, ""column_overlap"": 3}, {""word"": "","", ""timed_overlap"": 2, ""column_overlap"": 3}, {""word"": ""evening"", ""timed_overlap"": 1, ""column_overlap"": 4}]",completed,64,10,74
200,91,proximal-replay,2,and,so,87,87,87,,3,3,0,0,,80,"[{""word"": ""so"", ""timed_overlap"": 3, ""column_overlap"": 3}, {""word"": ""pretence"", ""timed_overlap"": 2, ""column_overlap"": 3}, {""word"": ""Being"", ""timed_overlap"": 2, ""column_overlap"": 2}, {""word"": ""Clever"", ""timed_overlap"": 2, ""column_overlap"": 2}, {""word"": ""let"", ""timed_overlap"": 2, ""column_overlap"": 2}]",completed,82,10,27
200,91,proximal-replay,3,you,caught,68,68,68,,7,7,0,0,,79,"[{""word"": ""caught"", ""timed_overlap"": 7, ""column_overlap"": 7}, {""word"": ""grass"", ""timed_overlap"": 2, ""column_overlap"": 3}, {""word"": ""take"", ""timed_overlap"": 2, ""column_overlap"": 3}, {""word"": ""Square"", ""timed_overlap"": 2, ""column_overlap"": 3}, {""word"": ""torrents"", ""timed_overlap"": 2, ""column_overlap"": 2}]",completed,37,10,18
200,91,proximal-replay,4,will,",",43,43,43,,3,3,0,0,,77,"[{""word"": "","", ""timed_overlap"": 3, ""column_overlap"": 3}, {""word"": ""highness"", ""timed_overlap"": 2, ""column_overlap"": 2}, {""word"": ""frozen"", ""timed_overlap"": 2, ""column_overlap"": 2}, {""word"": ""Happy"", ""timed_overlap"": 1, ""column_overlap"": 4}, {""word"": ""Remember"", ""timed_overlap"": 1, ""column_overlap"": 3}]",completed,28,10,55
200,92,proximal-replay,1,calmly,world,91,91,91,,2,3,2,2,3,64,"[{""word"": ""world"", ""timed_overlap"": 2, ""column_overlap"": 3}, {""word"": ""sentence"", ""timed_overlap"": 2, ""column_overlap"": 2}, {""word"": ""calmly"", ""timed_overlap"": 2, ""column_overlap"": 2}, {""word"": ""time"", ""timed_overlap"": 2, ""column_overlap"": 2}, {""word"": ""Miller"", ""timed_overlap"": 2, ""column_overlap"": 2}]",completed,46,10,54
200,92,proximal-replay,2,",",whither,98,98,98,,3,3,0,0,,74,"[{""word"": ""whither"", ""timed_overlap"": 3, ""column_overlap"": 3}, {""word"": ""whole"", ""timed_overlap"": 2, ""column_overlap"": 4}, {""word"": ""terrible"", ""timed_overlap"": 2, ""column_overlap"": 2}, {""word"": ""and"", ""timed_overlap"": 2, ""column_overlap"": 2}, {""word"": ""put"", ""timed_overlap"": 2, ""column_overlap"": 2}]",completed,64,10,54
200,92,proximal-replay,3,`,Jimmy,78,78,78,,2,3,0,0,,74,"[{""word"": ""Jimmy"", ""timed_overlap"": 2, ""column_overlap"": 3}, {""word"": ""Great"", ""timed_overlap"": 2, ""column_overlap"": 3}, {""word"": ""Louisa"", ""timed_overlap"": 2, ""column_overlap"": 2}, {""word"": ""none"", ""timed_overlap"": 2, ""column_overlap"": 2}, {""word"": ""chop"", ""timed_overlap"": 2, ""column_overlap"": 2}]",completed,64,10,65
200,92,proximal-replay,4,what,Skunk,89,89,89,,5,6,0,0,,70,"[{""word"": ""Skunk"", ""timed_overlap"": 5, ""column_overlap"": 6}, {""word"": ""Queen"", ""timed_overlap"": 2, ""column_overlap"": 4}, {""word"": ""head"", ""timed_overlap"": 2, ""column_overlap"": 3}, {""word"": ""veil"", ""timed_overlap"": 2, ""column_overlap"": 3}, {""word"": ""studied"", ""timed_overlap"": 1, ""column_overlap"": 4}]",completed,73,10,45
200,93,proximal-replay,1,I,rare,100,100,100,,2,2,0,0,,64,"[{""word"": ""rare"", ""timed_overlap"": 2, ""column_overlap"": 2}, {""word"": ""heard"", ""timed_overlap"": 1, ""column_overlap"": 4}, {""word"": ""happened"", ""timed_overlap"": 1, ""column_overlap"": 3}, {""word"": ""pink"", ""timed_overlap"": 1, ""column_overlap"": 3}, {""word"": ""excuse"", ""timed_overlap"": 1, ""column_overlap"": 3}]",completed,82,10,54
200,93,proximal-replay,2,guess,calmly,83,83,83,,2,3,0,0,,77,"[{""word"": ""calmly"", ""timed_overlap"": 2, ""column_overlap"": 3}, {""word"": ""body"", ""timed_overlap"": 2, ""column_overlap"": 3}, {""word"": ""two"", ""timed_overlap"": 2, ""column_overlap"": 3}, {""word"": ""Soon"", ""timed_overlap"": 2, ""column_overlap"": 3}, {""word"": ""long"", ""timed_overlap"": 2, ""column_overlap"": 2}]",completed,64,10,73
200,93,proximal-replay,3,.,hours,94,94,94,,2,3,0,0,,63,"[{""word"": ""hours"", ""timed_overlap"": 2, ""column_overlap"": 3}, {""word"": ""certainly"", ""timed_overlap"": 2, ""column_overlap"": 2}, {""word"": ""'ve"", ""timed_overlap"": 2, ""column_overlap"": 2}, {""word"": ""Ideal"", ""timed_overlap"": 2, ""column_overlap"": 2}, {""word"": ""On"", ""timed_overlap"": 1, ""column_overlap"": 3}]",completed,82,10,72
200,93,proximal-replay,4,'',Joseph,78,78,78,,2,4,0,0,,72,"[{""word"": ""Joseph"", ""timed_overlap"": 2, ""column_overlap"": 4}, {""word"": ""wind"", ""timed_overlap"": 1, ""column_overlap"": 4}, {""word"": ""ever"", ""timed_overlap"": 1, ""column_overlap"": 3}, {""word"": ""Millie"", ""timed_overlap"": 1, ""column_overlap"": 3}, {""word"": ""pleasant"", ""timed_overlap"": 1, ""column_overlap"": 3}]",completed,82,10,65
200,94,proximal-replay,1,best,best,80,80,80,,6,6,6,6,1,75,"[{""word"": ""best"", ""timed_overlap"": 6, ""column_overlap"": 6}, {""word"": ""For"", ""timed_overlap"": 2, ""column_overlap"": 3}, {""word"": ""ought"", ""timed_overlap"": 2, ""column_overlap"": 3}, {""word"": ""are"", ""timed_overlap"": 2, ""column_overlap"": 2}, {""word"": ""wonder"", ""timed_overlap"": 2, ""column_overlap"": 2}]",completed,46,10,36
200,94,proximal-replay,2,",",are,68,68,68,,2,2,0,0,,83,"[{""word"": ""are"", ""timed_overlap"": 2, ""column_overlap"": 2}, {""word"": ""Wildrose"", ""timed_overlap"": 1, ""column_overlap"": 4}, {""word"": ""spoke"", ""timed_overlap"": 1, ""column_overlap"": 4}, {""word"": ""time"", ""timed_overlap"": 1, ""column_overlap"": 4}, {""word"": ""petals"", ""timed_overlap"": 1, ""column_overlap"": 4}]",completed,46,10,28
200,94,proximal-replay,3,and,not,64,64,64,,5,5,0,0,,82,"[{""word"": ""not"", ""timed_overlap"": 5, ""column_overlap"": 5}, {""word"": ""Lapsing"", ""timed_overlap"": 4, ""column_overlap"": 4}, {""word"": ""awful"", ""timed_overlap"": 2, ""column_overlap"": 4}, {""word"": ""drunk"", ""timed_overlap"": 2, ""column_overlap"": 3}, {""word"": ""You"", ""timed_overlap"": 2, ""column_overlap"": 3}]",completed,37,10,27
200,94,proximal-replay,4,Gilbert,a,82,82,82,,5,5,0,0,,79,"[{""word"": ""a"", ""timed_overlap"": 5, ""column_overlap"": 5}, {""word"": ""so"", ""timed_overlap"": 3, ""column_overlap"": 4}, {""word"": ""certain"", ""timed_overlap"": 2, ""column_overlap"": 4}, {""word"": ""feel"", ""timed_overlap"": 2, ""column_overlap"": 2}, {""word"": ""The"", ""timed_overlap"": 1, ""column_overlap"": 3}]",completed,37,10,46
200,95,proximal-replay,1,for,for,92,92,92,,3,3,3,3,1,64,"[{""word"": ""for"", ""timed_overlap"": 3, ""column_overlap"": 3}, {""word"": ""already"", ""timed_overlap"": 2, ""column_overlap"": 3}, {""word"": ""fact"", ""timed_overlap"": 1, ""column_overlap"": 3}, {""word"": ""feeling"", ""timed_overlap"": 1, ""column_overlap"": 3}, {""word"": ""taking"", ""timed_overlap"": 1, ""column_overlap"": 3}]",completed,55,10,54
200,95,proximal-replay,2,the,at,90,90,90,,3,4,1,2,21,70,"[{""word"": ""at"", ""timed_overlap"": 3, ""column_overlap"": 4}, {""word"": ""highness"", ""timed_overlap"": 2, ""column_overlap"": 3}, {""word"": ""flashes"", ""timed_overlap"": 2, ""column_overlap"": 2}, {""word"": ""Elder"", ""timed_overlap"": 2, ""column_overlap"": 2}, {""word"": ""Pekoe"", ""timed_overlap"": 1, ""column_overlap"": 5}]",completed,64,10,45
200,95,proximal-replay,3,present,That,80,80,80,,2,4,0,0,,72,"[{""word"": ""That"", ""timed_overlap"": 2, ""column_overlap"": 4}, {""word"": ""the"", ""timed_overlap"": 2, ""column_overlap"": 3}, {""word"": ""Puck"", ""timed_overlap"": 2, ""column_overlap"": 3}, {""word"": ""Look"", ""timed_overlap"": 2, ""column_overlap"": 2}, {""word"": ""her"", ""timed_overlap"": 2, ""column_overlap"": 2}]",completed,55,10,76
200,95,proximal-replay,4,.,is,83,83,83,,4,4,0,0,,67,"[{""word"": ""is"", ""timed_overlap"": 4, ""column_overlap"": 4}, {""word"": ""answered"", ""timed_overlap"": 2, ""column_overlap"": 3}, {""word"": ""taking"", ""timed_overlap"": 1, ""column_overlap"": 4}, {""word"": ""keep"", ""timed_overlap"": 1, ""column_overlap"": 3}, {""word"": ""snow"", ""timed_overlap"": 1, ""column_overlap"": 3}]",completed,82,10,54
200,96,proximal-replay,1,",",'m,81,81,81,,1,4,0,0,,72,"[{""word"": ""'m"", ""timed_overlap"": 1, ""column_overlap"": 4}, {""word"": ""daughter"", ""timed_overlap"": 1, ""column_overlap"": 3}, {""word"": ""began"", ""timed_overlap"": 1, ""column_overlap"": 3}, {""word"": ""face"", ""timed_overlap"": 1, ""column_overlap"": 3}, {""word"": ""months"", ""timed_overlap"": 1, ""column_overlap"": 3}]",completed,28,10,83
200,96,proximal-replay,2,'cause,cup,95,95,95,,3,3,0,0,,71,"[{""word"": ""cup"", ""timed_overlap"": 3, ""column_overlap"": 3}, {""word"": ""sorry"", ""timed_overlap"": 2, ""column_overlap"": 2}, {""word"": ""Alan"", ""timed_overlap"": 2, ""column_overlap"": 2}, {""word"": ""end"", ""timed_overlap"": 1, ""column_overlap"": 4}, {""word"": ""leafy"", ""timed_overlap"": 1, ""column_overlap"": 4}]",completed,91,10,54
200,96,proximal-replay,3,she,of,75,75,75,,7,7,0,0,,74,"[{""word"": ""of"", ""timed_overlap"": 7, ""column_overlap"": 7}, {""word"": ""well"", ""timed_overlap"": 2, ""column_overlap"": 3}, {""word"": ""Robert"", ""timed_overlap"": 2, ""column_overlap"": 3}, {""word"": ""Soon"", ""timed_overlap"": 2, ""column_overlap"": 2}, {""word"": ""admitted"", ""timed_overlap"": 2, ""column_overlap"": 2}]",completed,64,10,27
200,96,proximal-replay,4,led,clouded,84,84,84,,5,5,0,0,,75,"[{""word"": ""clouded"", ""timed_overlap"": 5, ""column_overlap"": 5}, {""word"": ""the"", ""timed_overlap"": 3, ""column_overlap"": 4}, {""word"": ""river"", ""timed_overlap"": 2, ""column_overlap"": 4}, {""word"": ""find"", ""timed_overlap"": 2, ""column_overlap"": 2}, {""word"": ""pictures"", ""timed_overlap"": 2, ""column_overlap"": 2}]",completed,37,10,27
200,97,proximal-replay,1,'s,have,97,97,97,,2,3,0,0,,41,"[{""word"": ""have"", ""timed_overlap"": 2, ""column_overlap"": 3}, {""word"": ""keep"", ""timed_overlap"": 2, ""column_overlap"": 2}, {""word"": ""was"", ""timed_overlap"": 2, ""column_overlap"": 2}, {""word"": ""Amy"", ""timed_overlap"": 1, ""column_overlap"": 4}, {""word"": ""Very"", ""timed_overlap"": 1, ""column_overlap"": 3}]",completed,91,10,72
200,97,proximal-replay,2,so,done,92,92,92,,2,3,0,0,,65,"[{""word"": ""done"", ""timed_overlap"": 2, ""column_overlap"": 3}, {""word"": ""Wildrose"", ""timed_overlap"": 2, ""column_overlap"": 2}, {""word"": ""grown"", ""timed_overlap"": 2, ""column_overlap"": 2}, {""word"": ""taking"", ""timed_overlap"": 1, ""column_overlap"": 3}, {""word"": ""soon"", ""timed_overlap"": 1, ""column_overlap"": 3}]",completed,82,10,74
200,97,proximal-replay,3,--,chop,85,85,85,,2,3,0,0,,68,"[{""word"": ""chop"", ""timed_overlap"": 2, ""column_overlap"": 3}, {""word"": ""Being"", ""timed_overlap"": 2, ""column_overlap"": 3}, {""word"": ""lay"", ""timed_overlap"": 2, ""column_overlap"": 2}, {""word"": ""there"", ""timed_overlap"": 1, ""column_overlap"": 3}, {""word"": ""wind"", ""timed_overlap"": 1, ""column_overlap"": 3}]",completed,82,10,72
200,97,proximal-replay,4,so,motives,78,78,78,,2,2,0,0,,76,"[{""word"": ""motives"", ""timed_overlap"": 2, ""column_overlap"": 2}, {""word"": ""found"", ""timed_overlap"": 2, ""column_overlap"": 2}, {""word"": ""save"", ""timed_overlap"": 2, ""column_overlap"": 2}, {""word"": ""his"", ""timed_overlap"": 1, ""column_overlap"": 5}, {""word"": ""On"", ""timed_overlap"": 1, ""column_overlap"": 4}]",completed,82,10,73
200,98,proximal-replay,1,and,am,90,90,90,,3,3,0,0,,65,"[{""word"": ""am"", ""timed_overlap"": 3, ""column_overlap"": 3}, {""word"": ""Balkis"", ""timed_overlap"": 1, ""column_overlap"": 3}, {""word"": ""thoughtful"", ""timed_overlap"": 1, ""column_overlap"": 3}, {""word"": ""or"", ""timed_overlap"": 1, ""column_overlap"": 3}, {""word"": ""feast"", ""timed_overlap"": 1, ""column_overlap"": 3}]",completed,91,10,65
200,98,proximal-replay,2,let,Douglas,73,73,73,,2,4,0,0,,90,"[{""word"": ""Douglas"", ""timed_overlap"": 2, ""column_overlap"": 4}, {""word"": ""now"", ""timed_overlap"": 2, ""column_overlap"": 3}, {""word"": ""not"", ""timed_overlap"": 2, ""column_overlap"": 2}, {""word"": ""therefore"", ""timed_overlap"": 2, ""column_overlap"": 2}, {""word"": ""Jack"", ""timed_overlap"": 1, ""column_overlap"": 3}]",completed,73,10,64
200,98,proximal-replay,3,him,take,92,92,92,,2,3,0,0,,73,"[{""word"": ""take"", ""timed_overlap"": 2, ""column_overlap"": 3}, {""word"": ""commanded"", ""timed_overlap"": 2, ""column_overlap"": 3}, {""word"": ""would"", ""timed_overlap"": 2, ""column_overlap"": 2}, {""word"": ""when"", ""timed_overlap"": 1, ""column_overlap"": 5}, {""word"": ""deep"", ""timed_overlap"": 1, ""column_overlap"": 5}]",completed,73,10,55
200,98,proximal-replay,4,go,Joseph,77,77,77,,4,6,0,0,,74,"[{""word"": ""Joseph"", ""timed_overlap"": 4, ""column_overlap"": 6}, {""word"": ""Tribe"", ""timed_overlap"": 1, ""column_overlap"": 4}, {""word"": ""whither"", ""timed_overlap"": 1, ""column_overlap"": 4}, {""word"": ""."", ""timed_overlap"": 1, ""column_overlap"": 3}, {""word"": ""terrify"", ""timed_overlap"": 1, ""column_overlap"": 3}]",completed,64,10,27
200,99,proximal-replay,1,I,eaten,100,100,100,,1,3,0,0,,64,"[{""word"": ""eaten"", ""timed_overlap"": 1, ""column_overlap"": 3}, {""word"": ""pink"", ""timed_overlap"": 1, ""column_overlap"": 3}, {""word"": ""he"", ""timed_overlap"": 1, ""column_overlap"": 3}, {""word"": ""got"", ""timed_overlap"": 1, ""column_overlap"": 3}, {""word"": ""rare"", ""timed_overlap"": 1, ""column_overlap"": 3}]",completed,82,10,72
200,99,proximal-replay,2,am,he,75,75,75,,1,3,0,0,,80,"[{""word"": ""he"", ""timed_overlap"": 1, ""column_overlap"": 3}, {""word"": ""wind"", ""timed_overlap"": 1, ""column_overlap"": 3}, {""word"": ""thank"", ""timed_overlap"": 1, ""column_overlap"": 3}, {""word"": ""length"", ""timed_overlap"": 1, ""column_overlap"": 3}, {""word"": ""busybodies"", ""timed_overlap"": 1, ""column_overlap"": 3}]",completed,82,10,55
200,99,proximal-replay,3,not,caught,98,98,98,,2,3,0,0,,60,"[{""word"": ""caught"", ""timed_overlap"": 2, ""column_overlap"": 3}, {""word"": ""chop"", ""timed_overlap"": 2, ""column_overlap"": 2}, {""word"": ""had"", ""timed_overlap"": 2, ""column_overlap"": 2}, {""word"": ""talked"", ""timed_overlap"": 2, ""column_overlap"": 2}, {""word"": ""already"", ""timed_overlap"": 1, ""column_overlap"": 3}]",completed,64,10,36
200,99,proximal-replay,4,going,my,62,62,62,,5,5,0,0,,69,"[{""word"": ""my"", ""timed_overlap"": 5, ""column_overlap"": 5}, {""word"": ""Gwythyr"", ""timed_overlap"": 1, ""column_overlap"": 5}, {""word"": ""words"", ""timed_overlap"": 1, ""column_overlap"": 4}, {""word"": ""Please"", ""timed_overlap"": 1, ""column_overlap"": 4}, {""word"": ""HAD"", ""timed_overlap"": 1, ""column_overlap"": 3}]",completed,46,10,36
200,100,proximal-replay,1,think,me,99,99,99,,3,3,0,0,,74,"[{""word"": ""me"", ""timed_overlap"": 3, ""column_overlap"": 3}, {""word"": ""elapsed"", ""timed_overlap"": 2, ""column_overlap"": 2}, {""word"": ""'m"", ""timed_overlap"": 1, ""column_overlap"": 3}, {""word"": ""Soon"", ""timed_overlap"": 1, ""column_overlap"": 3}, {""word"": ""done"", ""timed_overlap"": 1, ""column_overlap"": 3}]",completed,55,10,45
200,100,proximal-replay,2,that,that,74,74,74,,7,7,7,7,1,61,"[{""word"": ""that"", ""timed_overlap"": 7, ""column_overlap"": 7}, {""word"": ""Old"", ""timed_overlap"": 2, ""column_overlap"": 3}, {""word"": ""frightened"", ""timed_overlap"": 2, ""column_overlap"": 2}, {""word"": ""and"", ""timed_overlap"": 2, ""column_overlap"": 2}, {""word"": ""look"", ""timed_overlap"": 2, ""column_overlap"": 2}]",completed,55,10,18
200,100,proximal-replay,3,anything,forbidden,71,71,71,,3,4,0,0,,85,"[{""word"": ""forbidden"", ""timed_overlap"": 3, ""column_overlap"": 4}, {""word"": ""Alfin"", ""timed_overlap"": 3, ""column_overlap"": 3}, {""word"": ""smile"", ""timed_overlap"": 2, ""column_overlap"": 3}, {""word"": ""in"", ""timed_overlap"": 2, ""column_overlap"": 3}, {""word"": ""gathered"", ""timed_overlap"": 2, ""column_overlap"": 2}]",completed,28,10,46
200,100,proximal-replay,4,should,air,75,75,75,,5,6,1,1,61,67,"[{""word"": ""air"", ""timed_overlap"": 5, ""column_overlap"": 6}, {""word"": ""by"", ""timed_overlap"": 2, ""column_overlap"": 3}, {""word"": ""flew"", ""timed_overlap"": 2, ""column_overlap"": 2}, {""word"": ""get"", ""timed_overlap"": 2, ""column_overlap"": 2}, {""word"": ""amiss"", ""timed_overlap"": 1, ""column_overlap"": 4}]",completed,55,10,36
200,101,proximal-replay,1,beautiful,beautiful,70,70,70,,6,6,6,6,1,75,"[{""word"": ""beautiful"", ""timed_overlap"": 6, ""column_overlap"": 6}, {""word"": ""none"", ""timed_overlap"": 2, ""column_overlap"": 3}, {""word"": ""knew"", ""timed_overlap"": 2, ""column_overlap"": 3}, {""word"": ""For"", ""timed_overlap"": 2, ""column_overlap"": 2}, {""word"": ""nine"", ""timed_overlap"": 2, ""column_overlap"": 2}]",completed,46,10,27
200,101,proximal-replay,2,oranges,girl,87,87,87,,3,3,1,2,16,59,"[{""word"": ""girl"", ""timed_overlap"": 3, ""column_overlap"": 3}, {""word"": ""plum"", ""timed_overlap"": 2, ""column_overlap"": 2}, {""word"": ""river"", ""timed_overlap"": 1, ""column_overlap"": 4}, {""word"": ""To"", ""timed_overlap"": 1, ""column_overlap"": 4}, {""word"": ""sustaining"", ""timed_overlap"": 1, ""column_overlap"": 3}]",completed,37,10,27
200,101,proximal-replay,3,he,ye,74,74,74,,2,2,0,0,,80,"[{""word"": ""ye"", ""timed_overlap"": 2, ""column_overlap"": 2}, {""word"": ""in"", ""timed_overlap"": 2, ""column_overlap"": 2}, {""word"": ""mother"", ""timed_overlap"": 2, ""column_overlap"": 2}, {""word"": ""cow"", ""timed_overlap"": 2, ""column_overlap"": 2}, {""word"": ""face"", ""timed_overlap"": 2, ""column_overlap"": 2}]",completed,37,10,75
200,101,proximal-replay,4,could,Alice,80,80,80,,2,2,0,0,,67,"[{""word"": ""Alice"", ""timed_overlap"": 2, ""column_overlap"": 2}, {""word"": ""like"", ""timed_overlap"": 2, ""column_overlap"": 2}, {""word"": ""hall"", ""timed_overlap"": 2, ""column_overlap"": 2}, {""word"": ""We"", ""timed_overlap"": 1, ""column_overlap"": 4}, {""word"": ""pretence"", ""timed_overlap"": 1, ""column_overlap"": 3}]",completed,82,10,73
200,102,proximal-replay,1,told,told,95,95,95,,2,3,2,3,1,75,"[{""word"": ""told"", ""timed_overlap"": 2, ""column_overlap"": 3}, {""word"": ""who"", ""timed_overlap"": 2, ""column_overlap"": 3}, {""word"": ""distant"", ""timed_overlap"": 2, ""column_overlap"": 2}, {""word"": ""led"", ""timed_overlap"": 1, ""column_overlap"": 3}, {""word"": ""Jack"", ""timed_overlap"": 1, ""column_overlap"": 3}]",completed,46,10,54
200,102,proximal-replay,2,him,him,80,80,80,,4,4,4,4,1,59,"[{""word"": ""him"", ""timed_overlap"": 4, ""column_overlap"": 4}, {""word"": ""you"", ""timed_overlap"": 2, ""column_overlap"": 3}, {""word"": ""almost"", ""timed_overlap"": 2, ""column_overlap"": 3}, {""word"": ""Souchong"", ""timed_overlap"": 2, ""column_overlap"": 2}, {""word"": ""Look"", ""timed_overlap"": 2, ""column_overlap"": 2}]",completed,64,10,45
200,102,proximal-replay,3,",",that,76,76,76,,5,5,1,1,37,63,"[{""word"": ""that"", ""timed_overlap"": 5, ""column_overlap"": 5}, {""word"": ""a"", ""timed_overlap"": 3, ""column_overlap"": 3}, {""word"": ""up"", ""timed_overlap"": 2, ""column_overlap"": 3}, {""word"": ""pride"", ""timed_overlap"": 1, ""column_overlap"": 4}, {""word"": ""already"", ""timed_overlap"": 1, ""column_overlap"": 3}]",completed,55,10,9
200,102,proximal-replay,4,`,the,49,49,49,,5,6,0,0,,84,"[{""word"": ""the"", ""timed_overlap"": 5, ""column_overlap"": 6}, {""word"": ""it"", ""timed_overlap"": 4, ""column_overlap"": 4}, {""word"": ""save"", ""timed_overlap"": 2, ""column_overlap"": 4}, {""word"": ""demons"", ""timed_overlap"": 2, ""column_overlap"": 4}, {""word"": ""world"", ""timed_overlap"": 2, ""column_overlap"": 3}]",completed,19,10,36
200,103,proximal-replay,1,pleasant,has,97,97,97,,2,3,0,0,,78,"[{""word"": ""has"", ""timed_overlap"": 2, ""column_overlap"": 3}, {""word"": ""put"", ""timed_overlap"": 2, ""column_overlap"": 2}, {""word"": ""never"", ""timed_overlap"": 2, ""column_overlap"": 2}, {""word"": ""told"", ""timed_overlap"": 2, ""column_overlap"": 2}, {""word"": ""month"", ""timed_overlap"": 1, ""column_overlap"": 3}]",completed,64,10,73
200,103,proximal-replay,2,after,prince,95,95,95,,2,4,0,0,,59,"[{""word"": ""prince"", ""timed_overlap"": 2, ""column_overlap"": 4}, {""word"": ""thank"", ""timed_overlap"": 2, ""column_overlap"": 3}, {""word"": ""harm"", ""timed_overlap"": 2, ""column_overlap"": 3}, {""word"": ""letter"", ""timed_overlap"": 1, ""column_overlap"": 3}, {""word"": ""CHAPTER"", ""timed_overlap"": 1, ""column_overlap"": 3}]",completed,82,10,73
200,103,proximal-replay,3,the,confessed,95,95,95,,3,4,0,0,,73,"[{""word"": ""confessed"", ""timed_overlap"": 3, ""column_overlap"": 4}, {""word"": ""highness"", ""timed_overlap"": 3, ""column_overlap"": 3}, {""word"": ""frivolous"", ""timed_overlap"": 2, ""column_overlap"": 4}, {""word"": ""o"", ""timed_overlap"": 2, ""column_overlap"": 4}, {""word"": ""slaves"", ""timed_overlap"": 2, ""column_overlap"": 3}]",completed,82,10,45
200,103,proximal-replay,4,troublous,already,91,91,91,,2,3,0,0,,55,"[{""word"": ""already"", ""timed_overlap"": 2, ""column_overlap"": 3}, {""word"": ""beneath"", ""timed_overlap"": 2, ""column_overlap"": 3}, {""word"": ""'ve"", ""timed_overlap"": 2, ""column_overlap"": 2}, {""word"": ""that"", ""timed_overlap"": 2, ""column_overlap"": 2}, {""word"": ""here"", ""timed_overlap"": 2, ""column_overlap"": 2}]",completed,55,10,55
200,104,proximal-replay,1,once,Pegasus,98,98,98,,2,2,0,0,,83,"[{""word"": ""Pegasus"", ""timed_overlap"": 2, ""column_overlap"": 2}, {""word"": ""feast"", ""timed_overlap"": 2, ""column_overlap"": 2}, {""word"": ""excluded"", ""timed_overlap"": 1, ""column_overlap"": 5}, {""word"": ""felt"", ""timed_overlap"": 1, ""column_overlap"": 4}, {""word"": ""if"", ""timed_overlap"": 1, ""column_overlap"": 4}]",completed,73,10,73
200,104,proximal-replay,2,more,Miss,94,94,94,,3,3,0,0,,73,"[{""word"": ""Miss"", ""timed_overlap"": 3, ""column_overlap"": 3}, {""word"": ""even"", ""timed_overlap"": 2, ""column_overlap"": 4}, {""word"": ""up"", ""timed_overlap"": 2, ""column_overlap"": 2}, {""word"": ""drew"", ""timed_overlap"": 2, ""column_overlap"": 2}, {""word"": ""Play"", ""timed_overlap"": 1, ""column_overlap"": 4}]",completed,82,10,64
200,104,proximal-replay,3,back,Marsch,63,63,63,,5,6,0,0,,65,"[{""word"": ""Marsch"", ""timed_overlap"": 5, ""column_overlap"": 6}, {""word"": ""Assam"", ""timed_overlap"": 2, ""column_overlap"": 3}, {""word"": ""found"", ""timed_overlap"": 2, ""column_overlap"": 3}, {""word"": ""here"", ""timed_overlap"": 2, ""column_overlap"": 3}, {""word"": ""remembering"", ""timed_overlap"": 1, ""column_overlap"": 4}]",completed,73,10,37
200,104,proximal-replay,4,.,almost,75,75,75,,2,4,0,0,,80,"[{""word"": ""almost"", ""timed_overlap"": 2, ""column_overlap"": 4}, {""word"": ""silver"", ""timed_overlap"": 2, ""column_overlap"": 3}, {""word"": ""lay"", ""timed_overlap"": 2, ""column_overlap"": 3}, {""word"": ""they"", ""timed_overlap"": 2, ""column_overlap"": 2}, {""word"": ""looked"", ""timed_overlap"": 1, ""column_overlap"": 4}]",completed,46,10,73
200,105,proximal-replay,1,youth,",",97,97,97,,2,2,1,2,51,82,"[{""word"": "","", ""timed_overlap"": 2, ""column_overlap"": 2}, {""word"": ""exactly"", ""timed_overlap"": 2, ""column_overlap"": 2}, {""word"": ""fell"", ""timed_overlap"": 1, ""column_overlap"": 3}, {""word"": ""inches"", ""timed_overlap"": 1, ""column_overlap"": 3}, {""word"": ""that"", ""timed_overlap"": 1, ""column_overlap"": 3}]",completed,73,10,63
200,105,proximal-replay,2,and,happened,100,100,100,,2,4,0,0,,81,"[{""word"": ""happened"", ""timed_overlap"": 2, ""column_overlap"": 4}, {""word"": ""rare"", ""timed_overlap"": 2, ""column_overlap"": 3}, {""word"": ""shall"", ""timed_overlap"": 2, ""column_overlap"": 3}, {""word"": ""''"", ""timed_overlap"": 2, ""column_overlap"": 2}, {""word"": ""heard"", ""timed_overlap"": 1, ""column_overlap"": 4}]",completed,73,10,63
200,105,proximal-replay,3,want,.,83,83,83,,2,3,0,0,,67,"[{""word"": ""."", ""timed_overlap"": 2, ""column_overlap"": 3}, {""word"": ""came"", ""timed_overlap"": 2, ""column_overlap"": 2}, {""word"": ""After"", ""timed_overlap"": 1, ""column_overlap"": 4}, {""word"": ""Don"", ""timed_overlap"": 1, ""column_overlap"": 3}, {""word"": ""pay"", ""timed_overlap"": 1, ""column_overlap"": 3}]",completed,73,10,55
200,105,proximal-replay,4,of,horses,96,96,96,,2,3,0,0,,67,"[{""word"": ""horses"", ""timed_overlap"": 2, ""column_overlap"": 3}, {""word"": ""taking"", ""timed_overlap"": 2, ""column_overlap"": 2}, {""word"": ""go"", ""timed_overlap"": 2, ""column_overlap"": 2}, {""word"": ""parents"", ""timed_overlap"": 2, ""column_overlap"": 2}, {""word"": ""still"", ""timed_overlap"": 2, ""column_overlap"": 2}]",completed,64,10,72
200,106,proximal-replay,1,am,anything,99,99,99,,2,3,1,1,56,73,"[{""word"": ""anything"", ""timed_overlap"": 2, ""column_overlap"": 3}, {""word"": ""My"", ""timed_overlap"": 1, ""column_overlap"": 3}, {""word"": ""Balkis"", ""timed_overlap"": 1, ""column_overlap"": 3}, {""word"": ""mean"", ""timed_overlap"": 1, ""column_overlap"": 3}, {""word"": ""you"", ""timed_overlap"": 1, ""column_overlap"": 3}]",completed,73,10,55
200,106,proximal-replay,2,now,should,69,69,69,,4,4,0,0,,75,"[{""word"": ""should"", ""timed_overlap"": 4, ""column_overlap"": 4}, {""word"": ""shook"", ""timed_overlap"": 2, ""column_overlap"": 4}, {""word"": ""Tribe"", ""timed_overlap"": 1, ""column_overlap"": 4}, {""word"": ""probably"", ""timed_overlap"": 1, ""column_overlap"": 4}, {""word"": ""sure"", ""timed_overlap"": 1, ""column_overlap"": 3}]",completed,64,10,37
200,106,proximal-replay,3,",",feel,85,85,85,,2,3,0,0,,78,"[{""word"": ""feel"", ""timed_overlap"": 2, ""column_overlap"": 3}, {""word"": ""'cause"", ""timed_overlap"": 2, ""column_overlap"": 3}, {""word"": ""praised"", ""timed_overlap"": 2, ""column_overlap"": 3}, {""word"": ""Jimmy"", ""timed_overlap"": 2, ""column_overlap"": 3}, {""word"": ""`"", ""timed_overlap"": 2, ""column_overlap"": 2}]",completed,46,10,55
200,106,proximal-replay,4,I,as,85,85,85,,7,7,0,0,,84,"[{""word"": ""as"", ""timed_overlap"": 7, ""column_overlap"": 7}, {""word"": ""fighting"", ""timed_overlap"": 2, ""column_overlap"": 3}, {""word"": ""months"", ""timed_overlap"": 2, ""column_overlap"": 2}, {""word"": ""dares"", ""timed_overlap"": 1, ""column_overlap"": 4}, {""word"": ""bringing"", ""timed_overlap"": 1, ""column_overlap"": 3}]",completed,64,10,27
200,107,proximal-replay,1,he,terrible,100,100,100,,2,3,1,1,66,68,"[{""word"": ""terrible"", ""timed_overlap"": 2, ""column_overlap"": 3}, {""word"": ""admitted"", ""timed_overlap"": 2, ""column_overlap"": 2}, {""word"": ""easel"", ""timed_overlap"": 2, ""column_overlap"": 2}, {""word"": ""`"", ""timed_overlap"": 2, ""column_overlap"": 2}, {""word"": ""Miss"", ""timed_overlap"": 1, ""column_overlap"": 4}]",completed,82,10,63
200,107,proximal-replay,2,gave,weight,88,88,88,,2,4,0,0,,69,"[{""word"": ""weight"", ""timed_overlap"": 2, ""column_overlap"": 4}, {""word"": ""Pretty"", ""timed_overlap"": 2, ""column_overlap"": 4}, {""word"": ""whereon"", ""timed_overlap"": 2, ""column_overlap"": 3}, {""word"": ""Bowser"", ""timed_overlap"": 2, ""column_overlap"": 2}, {""word"": ""well"", ""timed_overlap"": 1, ""column_overlap"": 4}]",completed,73,10,72
200,107,proximal-replay,3,an,humanity,94,94,94,,2,2,0,0,,67,"[{""word"": ""humanity"", ""timed_overlap"": 2, ""column_overlap"": 2}, {""word"": ""with"", ""timed_overlap"": 2, ""column_overlap"": 2}, {""word"": ""unfortunate"", ""timed_overlap"": 1, ""column_overlap"": 4}, {""word"": ""ye"", ""timed_overlap"": 1, ""column_overlap"": 4}, {""word"": ""early"", ""timed_overlap"": 1, ""column_overlap"": 3}]",completed,82,10,63
200,107,proximal-replay,4,order,must,84,84,84,,3,5,1,1,36,68,"[{""word"": ""must"", ""timed_overlap"": 3, ""column_overlap"": 5}, {""word"": ""need"", ""timed_overlap"": 2, ""column_overlap"": 2}, {""word"": ""Grange"", ""timed_overlap"": 2, ""column_overlap"": 2}, {""word"": ""busybodies"", ""timed_overlap"": 2, ""column_overlap"": 2}, {""word"": ""fry"", ""timed_overlap"": 1, ""column_overlap"": 4}]",completed,73,10,55
200,108,proximal-replay,1,off,are,85,85,85,,3,3,3,3,2,78,"[{""word"": ""are"", ""timed_overlap"": 3, ""column_overlap"": 3}, {""word"": ""off"", ""timed_overlap"": 3, ""column_overlap"": 3}, {""word"": ""filled"", ""timed_overlap"": 2, ""column_overlap"": 2}, {""word"": ""Elliott"", ""timed_overlap"": 1, ""column_overlap"": 4}, {""word"": ""hands"", ""timed_overlap"": 1, ""column_overlap"": 4}]",completed,64,10,55
200,108,proximal-replay,2,to,somehow,86,86,86,,2,5,0,0,,62,"[{""word"": ""somehow"", ""timed_overlap"": 2, ""column_overlap"": 5}, {""word"": ""as"", ""timed_overlap"": 2, ""column_overlap"": 2}, {""word"": ""that"", ""timed_overlap"": 1, ""column_overlap"": 4}, {""word"": ""frozen"", ""timed_overlap"": 1, ""column_overlap"": 3}, {""word"": ""Please"", ""timed_overlap"": 1, ""column_overlap"": 3}]",completed,64,10,63
200,108,proximal-replay,3,see,blue,85,85,85,,3,4,0,0,,68,"[{""word"": ""blue"", ""timed_overlap"": 3, ""column_overlap"": 4}, {""word"": ""we"", ""timed_overlap"": 3, ""column_overlap"": 3}, {""word"": ""roar"", ""timed_overlap"": 2, ""column_overlap"": 4}, {""word"": ""some"", ""timed_overlap"": 2, ""column_overlap"": 3}, {""word"": ""upon"", ""timed_overlap"": 2, ""column_overlap"": 2}]",completed,73,10,64
200,108,proximal-replay,4,Bessy,with,71,71,71,,6,6,0,0,,72,"[{""word"": ""with"", ""timed_overlap"": 6, ""column_overlap"": 6}, {""word"": ""thoughtful"", ""timed_overlap"": 2, ""column_overlap"": 3}, {""word"": ""feast"", ""timed_overlap"": 2, ""column_overlap"": 2}, {""word"": ""thing"", ""timed_overlap"": 1, ""column_overlap"": 4}, {""word"": ""danced"", ""timed_overlap"": 1, ""column_overlap"": 4}]",completed,73,10,0
200,109,proximal-replay,1,a,--,98,98,98,,2,2,1,2,37,86,"[{""word"": ""--"", ""timed_overlap"": 2, ""column_overlap"": 2}, {""word"": ""saddle"", ""timed_overlap"": 1, ""column_overlap"": 4}, {""word"": ""fire"", ""timed_overlap"": 1, ""column_overlap"": 3}, {""word"": ""Cursed"", ""timed_overlap"": 1, ""column_overlap"": 3}, {""word"": ""hour"", ""timed_overlap"": 1, ""column_overlap"": 3}]",completed,82,10,63
200,109,proximal-replay,2,lump,something,89,89,89,,4,4,0,0,,75,"[{""word"": ""something"", ""timed_overlap"": 4, ""column_overlap"": 4}, {""word"": ""you"", ""timed_overlap"": 3, ""column_overlap"": 4}, {""word"": ""know"", ""timed_overlap"": 2, ""column_overlap"": 3}, {""word"": ""away"", ""timed_overlap"": 2, ""column_overlap"": 3}, {""word"": ""do"", ""timed_overlap"": 2, ""column_overlap"": 2}]",completed,73,10,36
200,109,proximal-replay,3,came,she,62,62,62,,5,5,0,0,,67,"[{""word"": ""she"", ""timed_overlap"": 5, ""column_overlap"": 5}, {""word"": ""ye"", ""timed_overlap"": 2, ""column_overlap"": 2}, {""word"": ""Down"", ""timed_overlap"": 2, ""column_overlap"": 2}, {""word"": ""real"", ""timed_overlap"": 1, ""column_overlap"": 4}, {""word"": ""pay"", ""timed_overlap"": 1, ""column_overlap"": 3}]",completed,46,10,37
200,109,proximal-replay,4,into,had,77,77,77,,3,3,0,0,,62,"[{""word"": ""had"", ""timed_overlap"": 3, ""column_overlap"": 3}, {""word"": ""statelier"", ""timed_overlap"": 2, ""column_overlap"": 2}, {""word"": ""only"", ""timed_overlap"": 2, ""column_overlap"": 2}, {""word"": ""deny"", ""timed_overlap"": 1, ""column_overlap"": 5}, {""word"": ""Bill"", ""timed_overlap"": 1, ""column_overlap"": 4}]",completed,46,10,63
200,110,proximal-replay,1,and,when,100,100,100,,2,2,0,0,,63,"[{""word"": ""when"", ""timed_overlap"": 2, ""column_overlap"": 2}, {""word"": ""all"", ""timed_overlap"": 2, ""column_overlap"": 2}, {""word"": ""ye"", ""timed_overlap"": 1, ""column_overlap"": 3}, {""word"": ""go"", ""timed_overlap"": 1, ""column_overlap"": 3}, {""word"": ""pink"", ""timed_overlap"": 1, ""column_overlap"": 3}]",completed,73,10,63
200,110,proximal-replay,2,they,they,93,93,93,,2,3,2,3,1,64,"[{""word"": ""they"", ""timed_overlap"": 2, ""column_overlap"": 3}, {""word"": ""guess"", ""timed_overlap"": 2, ""column_overlap"": 3}, {""word"": ""sluggish"", ""timed_overlap"": 2, ""column_overlap"": 2}, {""word"": ""she"", ""timed_overlap"": 2, ""column_overlap"": 2}, {""word"": ""like"", ""timed_overlap"": 1, ""column_overlap"": 5}]",completed,73,10,54
200,110,proximal-replay,3,could,told,96,96,96,,3,3,2,3,3,93,"[{""word"": ""told"", ""timed_overlap"": 3, ""column_overlap"": 3}, {""word"": ""sustaining"", ""timed_overlap"": 2, ""column_overlap"": 3}, {""word"": ""could"", ""timed_overlap"": 2, ""column_overlap"": 3}, {""word"": ""whenever"", ""timed_overlap"": 2, ""column_overlap"": 3}, {""word"": ""evening"", ""timed_overlap"": 2, ""column_overlap"": 2}]",completed,64,10,45
200,110,proximal-replay,4,hear,remember,80,80,80,,3,3,0,0,,74,"[{""word"": ""remember"", ""timed_overlap"": 3, ""column_overlap"": 3}, {""word"": ""be"", ""timed_overlap"": 2, ""column_overlap"": 4}, {""word"": ""him"", ""timed_overlap"": 2, ""column_overlap"": 3}, {""word"": ""his"", ""timed_overlap"": 2, ""column_overlap"": 2}, {""word"": ""way"", ""timed_overlap"": 1, ""column_overlap"": 4}]",completed,55,10,66
200,111,proximal-replay,1,quaggi,prince,100,100,100,,2,2,0,0,,54,"[{""word"": ""prince"", ""timed_overlap"": 2, ""column_overlap"": 2}, {""word"": ""studied"", ""timed_overlap"": 2, ""column_overlap"": 2}, {""word"": ""Dacca"", ""timed_overlap"": 2, ""column_overlap"": 2}, {""word"": ""right"", ""timed_overlap"": 1, ""column_overlap"": 3}, {""word"": ""Then"", ""timed_overlap"": 1, ""column_overlap"": 2}]",completed,91,10,54
200,111,proximal-replay,2,",",confessed,86,86,86,,7,7,0,0,,74,"[{""word"": ""confessed"", ""timed_overlap"": 7, ""column_overlap"": 7}, {""word"": ""Dick"", ""timed_overlap"": 2, ""column_overlap"": 3}, {""word"": ""that"", ""timed_overlap"": 2, ""column_overlap"": 2}, {""word"": ""major"", ""timed_overlap"": 2, ""column_overlap"": 2}, {""word"": ""nine"", ""timed_overlap"": 1, ""column_overlap"": 4}]",completed,64,10,18
200,111,proximal-replay,3,but,that,50,50,50,,8,8,0,0,,65,"[{""word"": ""that"", ""timed_overlap"": 8, ""column_overlap"": 8}, {""word"": ""Old"", ""timed_overlap"": 2, ""column_overlap"": 3}, {""word"": ""confessed"", ""timed_overlap"": 2, ""column_overlap"": 2}, {""word"": ""heard"", ""timed_overlap"": 2, ""column_overlap"": 2}, {""word"": ""pile"", ""timed_overlap"": 1, ""column_overlap"": 4}]",completed,28,10,0
200,111,proximal-replay,4,my,the,25,25,25,,7,7,0,0,,62,"[{""word"": ""the"", ""timed_overlap"": 7, ""column_overlap"": 7}, {""word"": ""Puck"", ""timed_overlap"": 2, ""column_overlap"": 3}, {""word"": ""there"", ""timed_overlap"": 2, ""column_overlap"": 3}, {""word"": "","", ""timed_overlap"": 2, ""column_overlap"": 2}, {""word"": ""river"", ""timed_overlap"": 2, ""column_overlap"": 2}]",completed,10,10,28
200,112,proximal-replay,1,you,you,48,48,48,,4,4,4,4,1,66,"[{""word"": ""you"", ""timed_overlap"": 4, ""column_overlap"": 4}, {""word"": ""price"", ""timed_overlap"": 2, ""column_overlap"": 5}, {""word"": ""'s"", ""timed_overlap"": 2, ""column_overlap"": 3}, {""word"": ""reluctantly"", ""timed_overlap"": 2, ""column_overlap"": 2}, {""word"": ""terrify"", ""timed_overlap"": 1, ""column_overlap"": 4}]",completed,28,10,18
200,112,proximal-replay,2,were,image,85,85,85,,2,3,2,2,4,77,"[{""word"": ""image"", ""timed_overlap"": 2, ""column_overlap"": 3}, {""word"": ""its"", ""timed_overlap"": 2, ""column_overlap"": 3}, {""word"": ""Dot"", ""timed_overlap"": 2, ""column_overlap"": 2}, {""word"": ""were"", ""timed_overlap"": 2, ""column_overlap"": 2}, {""word"": "","", ""timed_overlap"": 1, ""column_overlap"": 4}]",completed,28,10,65
200,112,proximal-replay,3,fighting,of,88,88,88,,2,2,0,0,,71,"[{""word"": ""of"", ""timed_overlap"": 2, ""column_overlap"": 2}, {""word"": ""to"", ""timed_overlap"": 1, ""column_overlap"": 4}, {""word"": ""mean"", ""timed_overlap"": 1, ""column_overlap"": 4}, {""word"": ""few"", ""timed_overlap"": 1, ""column_overlap"": 3}, {""word"": ""finish"", ""timed_overlap"": 1, ""column_overlap"": 3}]",completed,73,10,63
200,112,proximal-replay,4,about,two,92,92,92,,2,3,0,0,,65,"[{""word"": ""two"", ""timed_overlap"": 2, ""column_overlap"": 3}, {""word"": ""The"", ""timed_overlap"": 2, ""column_overlap"": 2}, {""word"": ""Wildrose"", ""timed_overlap"": 2, ""column_overlap"": 2}, {""word"": ""grown"", ""timed_overlap"": 2, ""column_overlap"": 2}, {""word"": ""Clever"", ""timed_overlap"": 1, ""column_overlap"": 4}]",completed,73,10,54
200,113,proximal-replay,1,find,or,96,96,96,,2,3,1,1,49,68,"[{""word"": ""or"", ""timed_overlap"": 2, ""column_overlap"": 3}, {""word"": ""axe"", ""timed_overlap"": 2, ""column_overlap"": 2}, {""word"": ""Gilbert"", ""timed_overlap"": 1, ""column_overlap"": 4}, {""word"": ""'m"", ""timed_overlap"": 1, ""column_overlap"": 3}, {""word"": ""Spirit"", ""timed_overlap"": 1, ""column_overlap"": 3}]",completed,46,10,73
200,113,proximal-replay,2,that,Mary,89,89,89,,2,3,0,0,,75,"[{""word"": ""Mary"", ""timed_overlap"": 2, ""column_overlap"": 3}, {""word"": ""haste"", ""timed_overlap"": 2, ""column_overlap"": 3}, {""word"": ""study"", ""timed_overlap"": 2, ""column_overlap"": 2}, {""word"": ""denied"", ""timed_overlap"": 1, ""column_overlap"": 5}, {""word"": ""river"", ""timed_overlap"": 1, ""column_overlap"": 4}]",completed,82,10,54
200,113,proximal-replay,3,she,Isabel,66,66,66,,5,5,1,1,61,80,"[{""word"": ""Isabel"", ""timed_overlap"": 5, ""column_overlap"": 5}, {""word"": ""challenge"", ""timed_overlap"": 3, ""column_overlap"": 3}, {""word"": ""Janet"", ""timed_overlap"": 2, ""column_overlap"": 3}, {""word"": ""began"", ""timed_overlap"": 2, ""column_overlap"": 3}, {""word"": ""these"", ""timed_overlap"": 2, ""column_overlap"": 2}]",completed,64,10,27
200,113,proximal-replay,4,HAD,was,85,85,85,,2,3,0,0,,61,"[{""word"": ""was"", ""timed_overlap"": 2, ""column_overlap"": 3}, {""word"": ""harm"", ""timed_overlap"": 2, ""column_overlap"": 2}, {""word"": ""we"", ""timed_overlap"": 1, ""column_overlap"": 4}, {""word"": ""Gilbert"", ""timed_overlap"": 1, ""column_overlap"": 3}, {""word"": ""sorry"", ""timed_overlap"": 1, ""column_overlap"": 3}]",completed,37,10,63
200,114,proximal-replay,1,is,is,88,88,88,,4,4,4,4,1,68,"[{""word"": ""is"", ""timed_overlap"": 4, ""column_overlap"": 4}, {""word"": ""motives"", ""timed_overlap"": 2, ""column_overlap"": 2}, {""word"": ""fairy"", ""timed_overlap"": 2, ""column_overlap"": 2}, {""word"": ""alarm"", ""timed_overlap"": 2, ""column_overlap"": 2}, {""word"": ""wind"", ""timed_overlap"": 1, ""column_overlap"": 4}]",completed,73,10,36
200,114,proximal-replay,2,ended,all,82,82,82,,4,5,2,2,5,70,"[{""word"": ""all"", ""timed_overlap"": 4, ""column_overlap"": 5}, {""word"": ""skins"", ""timed_overlap"": 3, ""column_overlap"": 3}, {""word"": ""plenty"", ""timed_overlap"": 2, ""column_overlap"": 4}, {""word"": ""rare"", ""timed_overlap"": 2, ""column_overlap"": 3}, {""word"": ""ended"", ""timed_overlap"": 2, ""column_overlap"": 2}]",completed,46,10,27
200,114,proximal-replay,3,",",you,69,69,69,,5,5,0,0,,67,"[{""word"": ""you"", ""timed_overlap"": 5, ""column_overlap"": 5}, {""word"": ""mother"", ""timed_overlap"": 2, ""column_overlap"": 3}, {""word"": ""ten"", ""timed_overlap"": 2, ""column_overlap"": 2}, {""word"": ""My"", ""timed_overlap"": 2, ""column_overlap"": 2}, {""word"": ""forget"", ""timed_overlap"": 2, ""column_overlap"": 2}]",completed,37,10,36
200,114,proximal-replay,4,'',Spirit,96,96,96,,2,3,1,3,7,73,"[{""word"": ""Spirit"", ""timed_overlap"": 2, ""column_overlap"": 3}, {""word"": ""You"", ""timed_overlap"": 2, ""column_overlap"": 2}, {""word"": ""highness"", ""timed_overlap"": 2, ""column_overlap"": 2}, {""word"": ""too"", ""timed_overlap"": 1, ""column_overlap"": 4}, {""word"": ""heard"", ""timed_overlap"": 1, ""column_overlap"": 4}]",completed,46,10,72
200,115,proximal-replay,1,that,that,74,74,74,,7,7,7,7,1,75,"[{""word"": ""that"", ""timed_overlap"": 7, ""column_overlap"": 7}, {""word"": ""confessed"", ""timed_overlap"": 2, ""column_overlap"": 3}, {""word"": ""heard"", ""timed_overlap"": 2, ""column_overlap"": 2}, {""word"": ""pile"", ""timed_overlap"": 1, ""column_overlap"": 4}, {""word"": ""hall"", ""timed_overlap"": 1, ""column_overlap"": 3}]",completed,55,10,19
200,115,proximal-replay,2,there,it,74,74,74,,2,4,1,3,8,81,"[{""word"": ""it"", ""timed_overlap"": 2, ""column_overlap"": 4}, {""word"": ""Square"", ""timed_overlap"": 2, ""column_overlap"": 3}, {""word"": ""terrify"", ""timed_overlap"": 2, ""column_overlap"": 3}, {""word"": ""therefore"", ""timed_overlap"": 2, ""column_overlap"": 2}, {""word"": ""horses"", ""timed_overlap"": 2, ""column_overlap"": 2}]",completed,28,10,45
200,115,proximal-replay,3,was,He,94,94,94,,2,2,1,1,54,68,"[{""word"": ""He"", ""timed_overlap"": 2, ""column_overlap"": 2}, {""word"": ""face"", ""timed_overlap"": 1, ""column_overlap"": 3}, {""word"": ""to"", ""timed_overlap"": 1, ""column_overlap"": 3}, {""word"": ""poor"", ""timed_overlap"": 1, ""column_overlap"": 3}, {""word"": ""wish"", ""timed_overlap"": 1, ""column_overlap"": 3}]",completed,55,10,45
200,115,proximal-replay,4,something,thumb,77,77,77,,2,3,0,0,,65,"[{""word"": ""thumb"", ""timed_overlap"": 2, ""column_overlap"": 3}, {""word"": ""had"", ""timed_overlap"": 2, ""column_overlap"": 2}, {""word"": ""was"", ""timed_overlap"": 2, ""column_overlap"": 2}, {""word"": ""inches"", ""timed_overlap"": 1, ""column_overlap"": 3}, {""word"": ""Eric"", ""timed_overlap"": 1, ""column_overlap"": 3}]",completed,55,10,75
200,116,proximal-replay,1,could,HAD,89,89,89,,3,3,0,0,,61,"[{""word"": ""HAD"", ""timed_overlap"": 3, ""column_overlap"": 3}, {""word"": ""tumbling"", ""timed_overlap"": 2, ""column_overlap"": 4}, {""word"": ""Oh"", ""timed_overlap"": 2, ""column_overlap"": 3}, {""word"": ""amiss"", ""timed_overlap"": 2, ""column_overlap"": 2}, {""word"": ""Dick"", ""timed_overlap"": 2, ""column_overlap"": 2}]",completed,64,10,45
200,116,proximal-replay,2,n't,eye,82,82,82,,2,2,0,0,,74,"[{""word"": ""eye"", ""timed_overlap"": 2, ""column_overlap"": 2}, {""word"": ""early"", ""timed_overlap"": 1, ""column_overlap"": 5}, {""word"": ""Most"", ""timed_overlap"": 1, ""column_overlap"": 4}, {""word"": ""Janet"", ""timed_overlap"": 1, ""column_overlap"": 4}, {""word"": ""on"", ""timed_overlap"": 1, ""column_overlap"": 4}]",completed,55,10,66
200,116,proximal-replay,3,help,ever,64,64,64,,2,2,0,0,,71,"[{""word"": ""ever"", ""timed_overlap"": 2, ""column_overlap"": 2}, {""word"": ""Don"", ""timed_overlap"": 2, ""column_overlap"": 2}, {""word"": ""danced"", ""timed_overlap"": 1, ""column_overlap"": 5}, {""word"": ""minister"", ""timed_overlap"": 1, ""column_overlap"": 3}, {""word"": ""frivolous"", ""timed_overlap"": 1, ""column_overlap"": 3}]",completed,73,10,74
200,116,proximal-replay,4,feeling,feel,80,80,80,,1,4,0,0,,73,"[{""word"": ""feel"", ""timed_overlap"": 1, ""column_overlap"": 4}, {""word"": ""Douglas"", ""timed_overlap"": 1, ""column_overlap"": 4}, {""word"": ""Tegumai"", ""timed_overlap"": 1, ""column_overlap"": 4}, {""word"": ""Grant"", ""timed_overlap"": 1, ""column_overlap"": 3}, {""word"": ""gone"", ""timed_overlap"": 1, ""column_overlap"": 3}]",completed,82,10,83
200,117,proximal-replay,1,Old,me,100,100,100,,2,2,0,0,,65,"[{""word"": ""me"", ""timed_overlap"": 2, ""column_overlap"": 2}, {""word"": ""done"", ""timed_overlap"": 1, ""column_overlap"": 4}, {""word"": ""times"", ""timed_overlap"": 1, ""column_overlap"": 3}, {""word"": ""his"", ""timed_overlap"": 1, ""column_overlap"": 3}, {""word"": ""pay"", ""timed_overlap"": 1, ""column_overlap"": 3}]",completed,64,10,45
200,117,proximal-replay,2,Mother,that,75,75,75,,6,6,0,0,,59,"[{""word"": ""that"", ""timed_overlap"": 6, ""column_overlap"": 6}, {""word"": ""in"", ""timed_overlap"": 2, ""column_overlap"": 3}, {""word"": ""hearth"", ""timed_overlap"": 2, ""column_overlap"": 2}, {""word"": ""look"", ""timed_overlap"": 2, ""column_overlap"": 2}, {""word"": ""frightened"", ""timed_overlap"": 2, ""column_overlap"": 2}]",completed,55,10,27
200,117,proximal-replay,3,West,forbidden,77,77,77,,3,3,0,0,,81,"[{""word"": ""forbidden"", ""timed_overlap"": 3, ""column_overlap"": 3}, {""word"": ""fell"", ""timed_overlap"": 2, ""column_overlap"": 3}, {""word"": ""one"", ""timed_overlap"": 2, ""column_overlap"": 2}, {""word"": ""Alfin"", ""timed_overlap"": 2, ""column_overlap"": 2}, {""word"": ""she"", ""timed_overlap"": 2, ""column_overlap"": 2}]",completed,37,10,55
200,117,proximal-replay,4,Wind,air,77,77,77,,5,6,1,2,33,67,"[{""word"": ""air"", ""timed_overlap"": 5, ""column_overlap"": 6}, {""word"": ""by"", ""timed_overlap"": 2, ""column_overlap"": 3}, {""word"": ""get"", ""timed_overlap"": 2, ""column_overlap"": 2}, {""word"": ""flew"", ""timed_overlap"": 2, ""column_overlap"": 2}, {""word"": ""amiss"", ""timed_overlap"": 1, ""column_overlap"": 4}]",completed,64,10,36
200,118,proximal-replay,1,of,of,40,40,40,,10,10,10,10,1,79,"[{""word"": ""of"", ""timed_overlap"": 10, ""column_overlap"": 10}, {""word"": ""wind"", ""timed_overlap"": 2, ""column_overlap"": 2}, {""word"": ""helmet"", ""timed_overlap"": 1, ""column_overlap"": 4}, {""word"": ""six"", ""timed_overlap"": 1, ""column_overlap"": 3}, {""word"": ""well"", ""timed_overlap"": 1, ""column_overlap"": 3}]",completed,37,10,0
200,118,proximal-replay,2,a,a,28,28,28,,5,5,5,5,1,70,"[{""word"": ""a"", ""timed_overlap"": 5, ""column_overlap"": 5}, {""word"": ""the"", ""timed_overlap"": 4, ""column_overlap"": 4}, {""word"": ""present"", ""timed_overlap"": 2, ""column_overlap"": 3}, {""word"": ""there"", ""timed_overlap"": 2, ""column_overlap"": 3}, {""word"": ""world"", ""timed_overlap"": 2, ""column_overlap"": 2}]",completed,10,10,20
200,118,proximal-replay,3,smile,smile,82,82,82,,5,5,5,5,1,68,"[{""word"": ""smile"", ""timed_overlap"": 5, ""column_overlap"": 5}, {""word"": ""Molly"", ""timed_overlap"": 2, ""column_overlap"": 4}, {""word"": ""opening"", ""timed_overlap"": 2, ""column_overlap"": 3}, {""word"": ""letter"", ""timed_overlap"": 2, ""column_overlap"": 2}, {""word"": ""Balkis"", ""timed_overlap"": 2, ""column_overlap"": 2}]",completed,28,10,36
200,118,proximal-replay,4,.,.,88,88,88,,3,4,3,4,1,75,"[{""word"": ""."", ""timed_overlap"": 3, ""column_overlap"": 4}, {""word"": ""and"", ""timed_overlap"": 3, ""column_overlap"": 3}, {""word"": ""should"", ""timed_overlap"": 2, ""column_overlap"": 4}, {""word"": ""silver"", ""timed_overlap"": 2, ""column_overlap"": 3}, {""word"": ""Emmy"", ""timed_overlap"": 2, ""column_overlap"": 3}]",completed,46,10,54
200,119,proximal-replay,1,",",from,95,95,95,,3,4,0,0,,69,"[{""word"": ""from"", ""timed_overlap"": 3, ""column_overlap"": 4}, {""word"": ""do"", ""timed_overlap"": 2, ""column_overlap"": 3}, {""word"": ""always"", ""timed_overlap"": 2, ""column_overlap"": 2}, {""word"": ""Many"", ""timed_overlap"": 1, ""column_overlap"": 5}, {""word"": ""fall"", ""timed_overlap"": 1, ""column_overlap"": 5}]",completed,46,10,54
200,119,proximal-replay,2,my,mercy,70,70,70,,4,4,2,2,6,75,"[{""word"": ""mercy"", ""timed_overlap"": 4, ""column_overlap"": 4}, {""word"": ""the"", ""timed_overlap"": 3, ""column_overlap"": 3}, {""word"": ""spear"", ""timed_overlap"": 2, ""column_overlap"": 2}, {""word"": ""Spirit"", ""timed_overlap"": 2, ""column_overlap"": 2}, {""word"": ""world"", ""timed_overlap"": 2, ""column_overlap"": 2}]",completed,64,10,18
200,119,proximal-replay,3,frozen,",",40,40,40,,3,4,0,0,,91,"[{""word"": "","", ""timed_overlap"": 3, ""column_overlap"": 4}, {""word"": ""hear"", ""timed_overlap"": 2, ""column_overlap"": 4}, {""word"": ""slaves"", ""timed_overlap"": 2, ""column_overlap"": 2}, {""word"": ""She"", ""timed_overlap"": 2, ""column_overlap"": 2}, {""word"": ""likes"", ""timed_overlap"": 1, ""column_overlap"": 4}]",completed,28,10,54
200,119,proximal-replay,4,friend,lie,99,99,99,,2,4,0,0,,82,"[{""word"": ""lie"", ""timed_overlap"": 2, ""column_overlap"": 4}, {""word"": ""shall"", ""timed_overlap"": 2, ""column_overlap"": 3}, {""word"": ""setting"", ""timed_overlap"": 2, ""column_overlap"": 2}, {""word"": ""staring"", ""timed_overlap"": 2, ""column_overlap"": 2}, {""word"": ""''"", ""timed_overlap"": 2, ""column_overlap"": 2}]",completed,64,10,72
200,120,proximal-replay,1,Clever,'re,95,95,95,,3,3,3,3,2,85,"[{""word"": ""'re"", ""timed_overlap"": 3, ""column_overlap"": 3}, {""word"": ""Clever"", ""timed_overlap"": 3, ""column_overlap"": 3}, {""word"": ""filled"", ""timed_overlap"": 2, ""column_overlap"": 3}, {""word"": ""thank"", ""timed_overlap"": 2, ""column_overlap"": 3}, {""word"": ""bad"", ""timed_overlap"": 2, ""column_overlap"": 2}]",completed,73,10,63
200,120,proximal-replay,2,Alice,so,66,66,66,,3,3,0,0,,63,"[{""word"": ""so"", ""timed_overlap"": 3, ""column_overlap"": 3}, {""word"": ""fry"", ""timed_overlap"": 2, ""column_overlap"": 3}, {""word"": ""veil"", ""timed_overlap"": 2, ""column_overlap"": 2}, {""word"": ""thank"", ""timed_overlap"": 2, ""column_overlap"": 2}, {""word"": ""help"", ""timed_overlap"": 1, ""column_overlap"": 3}]",completed,73,10,36
200,120,proximal-replay,3,in,romantic,77,77,77,,4,5,0,0,,79,"[{""word"": ""romantic"", ""timed_overlap"": 4, ""column_overlap"": 5}, {""word"": ""."", ""timed_overlap"": 2, ""column_overlap"": 3}, {""word"": ""This"", ""timed_overlap"": 2, ""column_overlap"": 2}, {""word"": ""think"", ""timed_overlap"": 1, ""column_overlap"": 4}, {""word"": ""he"", ""timed_overlap"": 1, ""column_overlap"": 4}]",completed,46,10,45
200,120,proximal-replay,4,the,that,80,80,80,,5,5,0,0,,68,"[{""word"": ""that"", ""timed_overlap"": 5, ""column_overlap"": 5}, {""word"": ""Johnny"", ""timed_overlap"": 2, ""column_overlap"": 3}, {""word"": ""That"", ""timed_overlap"": 2, ""column_overlap"": 3}, {""word"": ""look"", ""timed_overlap"": 2, ""column_overlap"": 2}, {""word"": ""Remember"", ""timed_overlap"": 2, ""column_overlap"": 2}]",completed,55,10,45
200,121,proximal-replay,1,",",",",72,72,72,,4,4,4,4,1,77,"[{""word"": "","", ""timed_overlap"": 4, ""column_overlap"": 4}, {""word"": ""present"", ""timed_overlap"": 3, ""column_overlap"": 4}, {""word"": ""the"", ""timed_overlap"": 2, ""column_overlap"": 3}, {""word"": ""see"", ""timed_overlap"": 1, ""column_overlap"": 4}, {""word"": ""leafy"", ""timed_overlap"": 1, ""column_overlap"": 3}]",completed,37,10,54
200,121,proximal-replay,2,',very,100,100,100,,2,4,0,0,,64,"[{""word"": ""very"", ""timed_overlap"": 2, ""column_overlap"": 4}, {""word"": ""she"", ""timed_overlap"": 2, ""column_overlap"": 2}, {""word"": ""try"", ""timed_overlap"": 2, ""column_overlap"": 2}, {""word"": ""Danny"", ""timed_overlap"": 1, ""column_overlap"": 3}, {""word"": ""grass"", ""timed_overlap"": 1, ""column_overlap"": 3}]",completed,64,10,72
200,121,proximal-replay,3,O,still,89,89,89,,3,3,0,0,,76,"[{""word"": ""still"", ""timed_overlap"": 3, ""column_overlap"": 3}, {""word"": ""drop"", ""timed_overlap"": 2, ""column_overlap"": 3}, {""word"": ""'"", ""timed_overlap"": 2, ""column_overlap"": 3}, {""word"": ""spoke"", ""timed_overlap"": 2, ""column_overlap"": 3}, {""word"": ""you"", ""timed_overlap"": 2, ""column_overlap"": 2}]",completed,82,10,27
200,121,proximal-replay,4,my,staring,48,48,48,,2,3,0,0,,77,"[{""word"": ""staring"", ""timed_overlap"": 2, ""column_overlap"": 3}, {""word"": ""sure"", ""timed_overlap"": 2, ""column_overlap"": 3}, {""word"": ""in"", ""timed_overlap"": 2, ""column_overlap"": 3}, {""word"": ""mid-afternoon"", ""timed_overlap"": 2, ""column_overlap"": 3}, {""word"": ""even"", ""timed_overlap"": 2, ""column_overlap"": 2}]",completed,37,10,74
200,122,proximal-replay,1,with,with,56,56,56,,6,6,6,6,1,73,"[{""word"": ""with"", ""timed_overlap"": 6, ""column_overlap"": 6}, {""word"": ""royal"", ""timed_overlap"": 2, ""column_overlap"": 3}, {""word"": ""does"", ""timed_overlap"": 2, ""column_overlap"": 3}, {""word"": ""deary"", ""timed_overlap"": 2, ""column_overlap"": 3}, {""word"": ""feet"", ""timed_overlap"": 2, ""column_overlap"": 3}]",completed,46,10,37
200,122,proximal-replay,2,her,a,62,62,62,,7,7,2,3,4,64,"[{""word"": ""a"", ""timed_overlap"": 7, ""column_overlap"": 7}, {""word"": ""certain"", ""timed_overlap"": 2, ""column_overlap"": 3}, {""word"": ""around"", ""timed_overlap"": 2, ""column_overlap"": 3}, {""word"": ""her"", ""timed_overlap"": 2, ""column_overlap"": 3}, {""word"": ""Felicity"", ""timed_overlap"": 2, ""column_overlap"": 3}]",completed,46,10,18
200,122,proximal-replay,3,so,mischievous,81,81,81,,6,6,0,0,,77,"[{""word"": ""mischievous"", ""timed_overlap"": 6, ""column_overlap"": 6}, {""word"": ""Good-bye"", ""timed_overlap"": 2, ""column_overlap"": 2}, {""word"": ""lady"", ""timed_overlap"": 2, ""column_overlap"": 2}, {""word"": ""spear"", ""timed_overlap"": 2, ""column_overlap"": 2}, {""word"": ""woman"", ""timed_overlap"": 1, ""column_overlap"": 5}]",completed,28,10,36
200,122,proximal-replay,4,she,been,70,70,70,,2,3,0,0,,67,"[{""word"": ""been"", ""timed_overlap"": 2, ""column_overlap"": 3}, {""word"": ""hearse"", ""timed_overlap"": 2, ""column_overlap"": 3}, {""word"": ""Tegumai"", ""timed_overlap"": 2, ""column_overlap"": 2}, {""word"": ""Shall"", ""timed_overlap"": 2, ""column_overlap"": 2}, {""word"": ""Rogers"", ""timed_overlap"": 1, ""column_overlap"": 4}]",completed,46,10,74
200,123,proximal-replay,1,as,rare,100,100,100,,2,3,0,0,,63,"[{""word"": ""rare"", ""timed_overlap"": 2, ""column_overlap"": 3}, {""word"": ""knows"", ""timed_overlap"": 2, ""column_overlap"": 2}, {""word"": ""wish"", ""timed_overlap"": 2, ""column_overlap"": 2}, {""word"": ""heard"", ""timed_overlap"": 1, ""column_overlap"": 4}, {""word"": ""got"", ""timed_overlap"": 1, ""column_overlap"": 3}]",completed,82,10,54
200,123,proximal-replay,2,he,body,83,83,83,,2,3,0,0,,69,"[{""word"": ""body"", ""timed_overlap"": 2, ""column_overlap"": 3}, {""word"": ""Soon"", ""timed_overlap"": 2, ""column_overlap"": 3}, {""word"": ""two"", ""timed_overlap"": 2, ""column_overlap"": 3}, {""word"": ""visited"", ""timed_overlap"": 2, ""column_overlap"": 2}, {""word"": ""long"", ""timed_overlap"": 2, ""column_overlap"": 2}]",completed,64,10,64
200,123,proximal-replay,3,knew,lay,74,74,74,,5,5,1,2,42,89,"[{""word"": ""lay"", ""timed_overlap"": 5, ""column_overlap"": 5}, {""word"": ""another"", ""timed_overlap"": 2, ""column_overlap"": 4}, {""word"": ""Happy"", ""timed_overlap"": 2, ""column_overlap"": 4}, {""word"": ""No"", ""timed_overlap"": 2, ""column_overlap"": 3}, {""word"": ""glided"", ""timed_overlap"": 2, ""column_overlap"": 3}]",completed,73,10,36
200,123,proximal-replay,4,the,still,77,77,77,,3,3,0,0,,75,"[{""word"": ""still"", ""timed_overlap"": 3, ""column_overlap"": 3}, {""word"": ""Thus"", ""timed_overlap"": 2, ""column_overlap"": 4}, {""word"": ""Head"", ""timed_overlap"": 2, ""column_overlap"": 3}, {""word"": ""few"", ""timed_overlap"": 2, ""column_overlap"": 3}, {""word"": ""anxious"", ""timed_overlap"": 2, ""column_overlap"": 2}]",completed,46,10,36
200,124,proximal-replay,1,Abel,quaggi,92,92,92,,2,2,1,2,37,78,"[{""word"": ""quaggi"", ""timed_overlap"": 2, ""column_overlap"": 2}, {""word"": ""grass"", ""timed_overlap"": 2, ""column_overlap"": 2}, {""word"": ""once"", ""timed_overlap"": 1, ""column_overlap"": 4}, {""word"": ""leafy"", ""timed_overlap"": 1, ""column_overlap"": 4}, {""word"": ""rubbed"", ""timed_overlap"": 1, ""column_overlap"": 4}]",completed,82,10,63
200,124,proximal-replay,2,Blair,times,91,91,91,,2,3,0,0,,69,"[{""word"": ""times"", ""timed_overlap"": 2, ""column_overlap"": 3}, {""word"": ""confessed"", ""timed_overlap"": 2, ""column_overlap"": 2}, {""word"": ""Mary"", ""timed_overlap"": 2, ""column_overlap"": 2}, {""word"": "","", ""timed_overlap"": 2, ""column_overlap"": 2}, {""word"": ""see"", ""timed_overlap"": 1, ""column_overlap"": 3}]",completed,73,10,72
200,124,proximal-replay,3,;,his,68,68,68,,3,3,0,0,,77,"[{""word"": ""his"", ""timed_overlap"": 3, ""column_overlap"": 3}, {""word"": ""real"", ""timed_overlap"": 1, ""column_overlap"": 4}, {""word"": ""wonder"", ""timed_overlap"": 1, ""column_overlap"": 3}, {""word"": ""from"", ""timed_overlap"": 1, ""column_overlap"": 3}, {""word"": ""horse"", ""timed_overlap"": 1, ""column_overlap"": 3}]",completed,82,10,36
200,124,proximal-replay,4,and,Mother,92,92,92,,2,3,0,0,,68,"[{""word"": ""Mother"", ""timed_overlap"": 2, ""column_overlap"": 3}, {""word"": ""feast"", ""timed_overlap"": 2, ""column_overlap"": 3}, {""word"": ""somehow"", ""timed_overlap"": 1, ""column_overlap"": 4}, {""word"": ""His"", ""timed_overlap"": 1, ""column_overlap"": 4}, {""word"": ""heads"", ""timed_overlap"": 1, ""column_overlap"": 3}]",completed,46,10,63
200,125,proximal-replay,1,to,to,63,63,63,,7,7,7,7,1,69,"[{""word"": ""to"", ""timed_overlap"": 7, ""column_overlap"": 7}, {""word"": ""He"", ""timed_overlap"": 2, ""column_overlap"": 4}, {""word"": ""Arts"", ""timed_overlap"": 2, ""column_overlap"": 2}, {""word"": ""found"", ""timed_overlap"": 2, ""column_overlap"": 2}, {""word"": ""man"", ""timed_overlap"": 1, ""column_overlap"": 4}]",completed,64,10,27
200,125,proximal-replay,2,ask,would,99,99,99,,2,3,2,2,3,69,"[{""word"": ""would"", ""timed_overlap"": 2, ""column_overlap"": 3}, {""word"": ""thing"", ""timed_overlap"": 2, ""column_overlap"": 3}, {""word"": ""ask"", ""timed_overlap"": 2, ""column_overlap"": 2}, {""word"": ""beauty"", ""timed_overlap"": 2, ""column_overlap"": 2}, {""word"": ""doubly"", ""timed_overlap"": 2, ""column_overlap"": 2}]",completed,37,10,72
200,125,proximal-replay,3,Robert,think,82,82,82,,5,5,0,0,,75,"[{""word"": ""think"", ""timed_overlap"": 5, ""column_overlap"": 5}, {""word"": ""want"", ""timed_overlap"": 2, ""column_overlap"": 3}, {""word"": ""mercy"", ""timed_overlap"": 2, ""column_overlap"": 3}, {""word"": ""Arts"", ""timed_overlap"": 2, ""column_overlap"": 3}, {""word"": ""Prince"", ""timed_overlap"": 2, ""column_overlap"": 2}]",completed,82,10,27
200,125,proximal-replay,4,Williamson,snuff-box,76,76,76,,2,2,0,0,,64,"[{""word"": ""snuff-box"", ""timed_overlap"": 2, ""column_overlap"": 2}, {""word"": ""it"", ""timed_overlap"": 2, ""column_overlap"": 2}, {""word"": ""were"", ""timed_overlap"": 1, ""column_overlap"": 4}, {""word"": ""done"", ""timed_overlap"": 1, ""column_overlap"": 3}, {""word"": ""'ve"", ""timed_overlap"": 1, ""column_overlap"": 3}]",completed,37,10,72
200,126,proximal-replay,1,to,agreement,92,92,92,,2,4,2,3,3,75,"[{""word"": ""agreement"", ""timed_overlap"": 2, ""column_overlap"": 4}, {""word"": ""splendid"", ""timed_overlap"": 2, ""column_overlap"": 3}, {""word"": ""to"", ""timed_overlap"": 2, ""column_overlap"": 3}, {""word"": ""thank"", ""timed_overlap"": 2, ""column_overlap"": 3}, {""word"": ""dear"", ""timed_overlap"": 2, ""column_overlap"": 2}]",completed,46,10,73
200,126,proximal-replay,2,have,feast,77,77,77,,2,4,0,0,,93,"[{""word"": ""feast"", ""timed_overlap"": 2, ""column_overlap"": 4}, {""word"": ""place"", ""timed_overlap"": 2, ""column_overlap"": 3}, {""word"": ""thing"", ""timed_overlap"": 2, ""column_overlap"": 3}, {""word"": ""Please"", ""timed_overlap"": 2, ""column_overlap"": 3}, {""word"": ""forget"", ""timed_overlap"": 1, ""column_overlap"": 3}]",completed,82,10,75
200,126,proximal-replay,3,a,present,82,82,82,,2,4,0,0,,73,"[{""word"": ""present"", ""timed_overlap"": 2, ""column_overlap"": 4}, {""word"": ""Great"", ""timed_overlap"": 2, ""column_overlap"": 2}, {""word"": ""naturally"", ""timed_overlap"": 2, ""column_overlap"": 2}, {""word"": ""does"", ""timed_overlap"": 2, ""column_overlap"": 2}, {""word"": ""see"", ""timed_overlap"": 1, ""column_overlap"": 4}]",completed,82,10,63
200,126,proximal-replay,4,feast,anxious,95,95,95,,2,3,0,0,,74,"[{""word"": ""anxious"", ""timed_overlap"": 2, ""column_overlap"": 3}, {""word"": ""helmet"", ""timed_overlap"": 2, ""column_overlap"": 3}, {""word"": ""eye"", ""timed_overlap"": 2, ""column_overlap"": 2}, {""word"": ""sluggish"", ""timed_overlap"": 1, ""column_overlap"": 4}, {""word"": ""Abel"", ""timed_overlap"": 1, ""column_overlap"": 4}]",completed,73,10,72
200,127,proximal-replay,1,",",broadest,91,91,91,,2,2,1,1,52,71,"[{""word"": ""broadest"", ""timed_overlap"": 2, ""column_overlap"": 2}, {""word"": ""Mother"", ""timed_overlap"": 2, ""column_overlap"": 2}, {""word"": ""Frank"", ""timed_overlap"": 2, ""column_overlap"": 2}, {""word"": ""hear"", ""timed_overlap"": 1, ""column_overlap"": 4}, {""word"": ""came"", ""timed_overlap"": 1, ""column_overlap"": 4}]",completed,91,10,63
200,127,proximal-replay,2,with,happened,87,87,87,,2,3,0,0,,66,"[{""word"": ""happened"", ""timed_overlap"": 2, ""column_overlap"": 3}, {""word"": ""right"", ""timed_overlap"": 2, ""column_overlap"": 3}, {""word"": ""him"", ""timed_overlap"": 2, ""column_overlap"": 2}, {""word"": ""kind"", ""timed_overlap"": 2, ""column_overlap"": 2}, {""word"": ""Alice"", ""timed_overlap"": 1, ""column_overlap"": 4}]",completed,73,10,63
200,127,proximal-replay,3,a,.,75,75,75,,3,3,0,0,,69,"[{""word"": ""."", ""timed_overlap"": 3, ""column_overlap"": 3}, {""word"": ""Alan"", ""timed_overlap"": 2, ""column_overlap"": 3}, {""word"": ""day"", ""timed_overlap"": 2, ""column_overlap"": 3}, {""word"": ""Soon"", ""timed_overlap"": 2, ""column_overlap"": 2}, {""word"": ""be"", ""timed_overlap"": 2, ""column_overlap"": 2}]",completed,73,10,55
200,127,proximal-replay,4,spear,horses,96,96,96,,2,3,0,0,,67,"[{""word"": ""horses"", ""timed_overlap"": 2, ""column_overlap"": 3}, {""word"": ""taking"", ""timed_overlap"": 2, ""column_overlap"": 2}, {""word"": ""go"", ""timed_overlap"": 2, ""column_overlap"": 2}, {""word"": ""still"", ""timed_overlap"": 2, ""column_overlap"": 2}, {""word"": ""parents"", ""timed_overlap"": 2, ""column_overlap"": 2}]",completed,64,10,72
200,128,proximal-replay,1,care,And,83,83,83,,2,5,1,1,53,62,"[{""word"": ""And"", ""timed_overlap"": 2, ""column_overlap"": 5}, {""word"": ""what"", ""timed_overlap"": 2, ""column_overlap"": 2}, {""word"": ""Grant"", ""timed_overlap"": 1, ""column_overlap"": 3}, {""word"": ""teeth"", ""timed_overlap"": 1, ""column_overlap"": 3}, {""word"": ""fire"", ""timed_overlap"": 1, ""column_overlap"": 3}]",completed,37,10,74
200,128,proximal-replay,2,of,forget,99,99,99,,1,3,0,0,,62,"[{""word"": ""forget"", ""timed_overlap"": 1, ""column_overlap"": 3}, {""word"": ""You"", ""timed_overlap"": 1, ""column_overlap"": 3}, {""word"": ""saw"", ""timed_overlap"": 1, ""column_overlap"": 3}, {""word"": ""value"", ""timed_overlap"": 1, ""column_overlap"": 2}, {""word"": ""West"", ""timed_overlap"": 1, ""column_overlap"": 2}]",completed,82,10,72
200,128,proximal-replay,3,you,that,87,87,87,,8,8,0,0,,60,"[{""word"": ""that"", ""timed_overlap"": 8, ""column_overlap"": 8}, {""word"": ""confessed"", ""timed_overlap"": 2, ""column_overlap"": 2}, {""word"": ""look"", ""timed_overlap"": 2, ""column_overlap"": 2}, {""word"": ""Something"", ""timed_overlap"": 1, ""column_overlap"": 4}, {""word"": ""fact"", ""timed_overlap"": 1, ""column_overlap"": 3}]",completed,82,10,18
200,128,proximal-replay,4,as,the,72,72,72,,4,4,0,0,,72,"[{""word"": ""the"", ""timed_overlap"": 4, ""column_overlap"": 4}, {""word"": ""world"", ""timed_overlap"": 3, ""column_overlap"": 3}, {""word"": ""tantrum"", ""timed_overlap"": 3, ""column_overlap"": 3}, {""word"": ""I"", ""timed_overlap"": 2, ""column_overlap"": 3}, {""word"": ""present"", ""timed_overlap"": 2, ""column_overlap"": 3}]",completed,28,10,36
200,129,proximal-replay,1,the,grass,99,99,99,,2,2,0,0,,63,"[{""word"": ""grass"", ""timed_overlap"": 2, ""column_overlap"": 2}, {""word"": ""ye"", ""timed_overlap"": 1, ""column_overlap"": 4}, {""word"": ""rare"", ""timed_overlap"": 1, ""column_overlap"": 3}, {""word"": ""close"", ""timed_overlap"": 1, ""column_overlap"": 3}, {""word"": ""he"", ""timed_overlap"": 1, ""column_overlap"": 3}]",completed,73,10,72
200,129,proximal-replay,2,monarch,",",87,87,87,,2,3,0,0,,70,"[{""word"": "","", ""timed_overlap"": 2, ""column_overlap"": 3}, {""word"": ""find"", ""timed_overlap"": 2, ""column_overlap"": 3}, {""word"": ""Every"", ""timed_overlap"": 2, ""column_overlap"": 3}, {""word"": ""are"", ""timed_overlap"": 1, ""column_overlap"": 4}, {""word"": ""all"", ""timed_overlap"": 1, ""column_overlap"": 4}]",completed,82,10,72
200,129,proximal-replay,3,'s,when,100,100,100,,2,2,0,0,,67,"[{""word"": ""when"", ""timed_overlap"": 2, ""column_overlap"": 2}, {""word"": ""all"", ""timed_overlap"": 2, ""column_overlap"": 2}, {""word"": ""setting"", ""timed_overlap"": 2, ""column_overlap"": 2}, {""word"": ""pink"", ""timed_overlap"": 1, ""column_overlap"": 3}, {""word"": ""got"", ""timed_overlap"": 1, ""column_overlap"": 3}]",completed,82,10,63
200,129,proximal-replay,4,most,they,93,93,93,,2,3,0,0,,64,"[{""word"": ""they"", ""timed_overlap"": 2, ""column_overlap"": 3}, {""word"": ""guess"", ""timed_overlap"": 2, ""column_overlap"": 3}, {""word"": ""she"", ""timed_overlap"": 2, ""column_overlap"": 2}, {""word"": ""sluggish"", ""timed_overlap"": 2, ""column_overlap"": 2}, {""word"": ""like"", ""timed_overlap"": 1, ""column_overlap"": 5}]",completed,73,10,54
200,130,proximal-replay,1,wrongs,Being,95,95,95,,2,3,1,1,73,81,"[{""word"": ""Being"", ""timed_overlap"": 2, ""column_overlap"": 3}, {""word"": ""youth"", ""timed_overlap"": 2, ""column_overlap"": 2}, {""word"": ""blue"", ""timed_overlap"": 2, ""column_overlap"": 2}, {""word"": "","", ""timed_overlap"": 2, ""column_overlap"": 2}, {""word"": ""frozen"", ""timed_overlap"": 1, ""column_overlap"": 4}]",completed,55,10,63
200,130,proximal-replay,2,weigh,help,81,81,81,,2,3,0,0,,89,"[{""word"": ""help"", ""timed_overlap"": 2, ""column_overlap"": 3}, {""word"": ""naturally"", ""timed_overlap"": 2, ""column_overlap"": 3}, {""word"": ""tasted"", ""timed_overlap"": 2, ""column_overlap"": 3}, {""word"": ""fish"", ""timed_overlap"": 2, ""column_overlap"": 2}, {""word"": ""For"", ""timed_overlap"": 1, ""column_overlap"": 3}]",completed,73,10,64
200,130,proximal-replay,3,upon,eye,88,88,88,,2,4,0,0,,80,"[{""word"": ""eye"", ""timed_overlap"": 2, ""column_overlap"": 4}, {""word"": ""lay"", ""timed_overlap"": 2, ""column_overlap"": 3}, {""word"": ""went"", ""timed_overlap"": 1, ""column_overlap"": 3}, {""word"": ""even"", ""timed_overlap"": 1, ""column_overlap"": 3}, {""word"": ""distance"", ""timed_overlap"": 1, ""column_overlap"": 3}]",completed,73,10,55
200,130,proximal-replay,4,his,often,85,85,85,,2,3,0,0,,68,"[{""word"": ""often"", ""timed_overlap"": 2, ""column_overlap"": 3}, {""word"": ""minister"", ""timed_overlap"": 1, ""column_overlap"": 4}, {""word"": ""in"", ""timed_overlap"": 1, ""column_overlap"": 3}, {""word"": ""spear"", ""timed_overlap"": 1, ""column_overlap"": 3}, {""word"": ""thou"", ""timed_overlap"": 1, ""column_overlap"": 3}]",completed,64,10,73
200,131,proximal-replay,1,beautiful,Yes,86,86,86,,2,3,1,3,3,78,"[{""word"": ""Yes"", ""timed_overlap"": 2, ""column_overlap"": 3}, {""word"": ""Though"", ""timed_overlap"": 2, ""column_overlap"": 2}, {""word"": ""beautiful"", ""timed_overlap"": 1, ""column_overlap"": 3}, {""word"": ""word"", ""timed_overlap"": 1, ""column_overlap"": 3}, {""word"": ""Bessy"", ""timed_overlap"": 1, ""column_overlap"": 3}]",completed,82,10,72
200,131,proximal-replay,2,girl,it,82,82,82,,2,3,0,0,,59,"[{""word"": ""it"", ""timed_overlap"": 2, ""column_overlap"": 3}, {""word"": ""let"", ""timed_overlap"": 2, ""column_overlap"": 2}, {""word"": ""Proscribed"", ""timed_overlap"": 2, ""column_overlap"": 2}, {""word"": ""fairy"", ""timed_overlap"": 2, ""column_overlap"": 2}, {""word"": ""However"", ""timed_overlap"": 2, ""column_overlap"": 2}]",completed,82,10,64
200,131,proximal-replay,3,in,was,91,91,91,,3,3,0,0,,53,"[{""word"": ""was"", ""timed_overlap"": 3, ""column_overlap"": 3}, {""word"": ""rejoined"", ""timed_overlap"": 2, ""column_overlap"": 3}, {""word"": ""off"", ""timed_overlap"": 2, ""column_overlap"": 2}, {""word"": ""common"", ""timed_overlap"": 1, ""column_overlap"": 3}, {""word"": ""Mary"", ""timed_overlap"": 1, ""column_overlap"": 3}]",completed,73,10,45
200,131,proximal-replay,4,the,heated,97,97,97,,3,3,0,0,,89,"[{""word"": ""heated"", ""timed_overlap"": 3, ""column_overlap"": 3}, {""word"": ""Lady"", ""timed_overlap"": 2, ""column_overlap"": 3}, {""word"": ""'em"", ""timed_overlap"": 2, ""column_overlap"": 3}, {""word"": ""parents"", ""timed_overlap"": 2, ""column_overlap"": 2}, {""word"": ""'s"", ""timed_overlap"": 1, ""column_overlap"": 4}]",completed,55,10,36
200,132,proximal-replay,1,them,them,82,82,82,,2,3,2,3,1,77,"[{""word"": ""them"", ""timed_overlap"": 2, ""column_overlap"": 3}, {""word"": ""Pegasus"", ""timed_overlap"": 2, ""column_overlap"": 3}, {""word"": ""spoke"", ""timed_overlap"": 2, ""column_overlap"": 2}, {""word"": ""sipping"", ""timed_overlap"": 2, ""column_overlap"": 2}, {""word"": ""Jimmy"", ""timed_overlap"": 2, ""column_overlap"": 2}]",completed,73,10,54
200,132,proximal-replay,2,when,when,99,99,99,,3,4,3,4,1,65,"[{""word"": ""when"", ""timed_overlap"": 3, ""column_overlap"": 4}, {""word"": ""Janet"", ""timed_overlap"": 3, ""column_overlap"": 3}, {""word"": ""busybodies"", ""timed_overlap"": 2, ""column_overlap"": 3}, {""word"": ""take"", ""timed_overlap"": 2, ""column_overlap"": 3}, {""word"": ""queen"", ""timed_overlap"": 2, ""column_overlap"": 3}]",completed,64,10,54
200,132,proximal-replay,3,she,Her,94,94,94,,2,5,1,1,60,83,"[{""word"": ""Her"", ""timed_overlap"": 2, ""column_overlap"": 5}, {""word"": ""they"", ""timed_overlap"": 2, ""column_overlap"": 3}, {""word"": ""plans"", ""timed_overlap"": 2, ""column_overlap"": 3}, {""word"": ""And"", ""timed_overlap"": 2, ""column_overlap"": 2}, {""word"": ""Down"", ""timed_overlap"": 1, ""column_overlap"": 4}]",completed,64,10,72
200,132,proximal-replay,4,went,o,73,73,73,,2,4,0,0,,90,"[{""word"": ""o"", ""timed_overlap"": 2, ""column_overlap"": 4}, {""word"": ""wore"", ""timed_overlap"": 2, ""column_overlap"": 3}, {""word"": ""expect"", ""timed_overlap"": 2, ""column_overlap"": 3}, {""word"": ""petals"", ""timed_overlap"": 2, ""column_overlap"": 2}, {""word"": ""Nan"", ""timed_overlap"": 1, ""column_overlap"": 4}]",completed,82,10,66
200,133,proximal-replay,1,",",",",87,87,87,,3,3,3,3,1,62,"[{""word"": "","", ""timed_overlap"": 3, ""column_overlap"": 3}, {""word"": ""land"", ""timed_overlap"": 3, ""column_overlap"": 3}, {""word"": ""leafy"", ""timed_overlap"": 2, ""column_overlap"": 2}, {""word"": ""unfortunate"", ""timed_overlap"": 2, ""column_overlap"": 2}, {""word"": ""--"", ""timed_overlap"": 2, ""column_overlap"": 2}]",completed,64,10,54
200,133,proximal-replay,2,',fact,99,99,99,,2,2,0,0,,64,"[{""word"": ""fact"", ""timed_overlap"": 2, ""column_overlap"": 2}, {""word"": ""This"", ""timed_overlap"": 2, ""column_overlap"": 2}, {""word"": ""she"", ""timed_overlap"": 2, ""column_overlap"": 2}, {""word"": ""wish"", ""timed_overlap"": 1, ""column_overlap"": 3}, {""word"": ""grass"", ""timed_overlap"": 1, ""column_overlap"": 3}]",completed,64,10,63
200,133,proximal-replay,3,Alice,",",75,75,75,,3,4,0,0,,71,"[{""word"": "","", ""timed_overlap"": 3, ""column_overlap"": 4}, {""word"": ""maiden"", ""timed_overlap"": 2, ""column_overlap"": 4}, {""word"": ""probably"", ""timed_overlap"": 2, ""column_overlap"": 2}, {""word"": ""looked"", ""timed_overlap"": 2, ""column_overlap"": 2}, {""word"": ""things"", ""timed_overlap"": 1, ""column_overlap"": 4}]",completed,73,10,36
200,133,proximal-replay,4,said,fact,100,100,100,,2,2,0,0,,76,"[{""word"": ""fact"", ""timed_overlap"": 2, ""column_overlap"": 2}, {""word"": ""Emmy"", ""timed_overlap"": 2, ""column_overlap"": 2}, {""word"": ""taking"", ""timed_overlap"": 2, ""column_overlap"": 2}, {""word"": ""''"", ""timed_overlap"": 2, ""column_overlap"": 2}, {""word"": ""``"", ""timed_overlap"": 1, ""column_overlap"": 4}]",completed,46,10,63
200,134,proximal-replay,1,Lady,heated,95,95,95,,2,3,2,2,4,55,"[{""word"": ""heated"", ""timed_overlap"": 2, ""column_overlap"": 3}, {""word"": ""girl"", ""timed_overlap"": 2, ""column_overlap"": 2}, {""word"": ""lord"", ""timed_overlap"": 2, ""column_overlap"": 2}, {""word"": ""Lady"", ""timed_overlap"": 2, ""column_overlap"": 2}, {""word"": ""Mrs."", ""timed_overlap"": 2, ""column_overlap"": 2}]",completed,91,10,72
200,134,proximal-replay,2,fought,wished,90,90,90,,2,3,0,0,,74,"[{""word"": ""wished"", ""timed_overlap"": 2, ""column_overlap"": 3}, {""word"": ""might"", ""timed_overlap"": 2, ""column_overlap"": 3}, {""word"": "";"", ""timed_overlap"": 2, ""column_overlap"": 2}, {""word"": ""drug-vendor"", ""timed_overlap"": 1, ""column_overlap"": 4}, {""word"": ""plum"", ""timed_overlap"": 1, ""column_overlap"": 3}]",completed,82,10,64
200,134,proximal-replay,3,her,to,74,74,74,,3,3,0,0,,69,"[{""word"": ""to"", ""timed_overlap"": 3, ""column_overlap"": 3}, {""word"": ""'m"", ""timed_overlap"": 3, ""column_overlap"": 3}, {""word"": ""bear"", ""timed_overlap"": 2, ""column_overlap"": 4}, {""word"": ""Rogers"", ""timed_overlap"": 2, ""column_overlap"": 2}, {""word"": ""order"", ""timed_overlap"": 2, ""column_overlap"": 2}]",completed,73,10,45
200,134,proximal-replay,4,pride,weigh,98,98,98,,2,2,0,0,,61,"[{""word"": ""weigh"", ""timed_overlap"": 2, ""column_overlap"": 2}, {""word"": ""'m"", ""timed_overlap"": 1, ""column_overlap"": 4}, {""word"": ""order"", ""timed_overlap"": 1, ""column_overlap"": 4}, {""word"": ""teeth"", ""timed_overlap"": 1, ""column_overlap"": 4}, {""word"": ""snow"", ""timed_overlap"": 1, ""column_overlap"": 3}]",completed,55,10,72
200,135,proximal-replay,1,',guess,100,100,100,,2,2,0,0,,54,"[{""word"": ""guess"", ""timed_overlap"": 2, ""column_overlap"": 2}, {""word"": ""easel"", ""timed_overlap"": 2, ""column_overlap"": 2}, {""word"": ""Johnny"", ""timed_overlap"": 1, ""column_overlap"": 3}, {""word"": ""grass"", ""timed_overlap"": 1, ""column_overlap"": 3}, {""word"": ""Miss"", ""timed_overlap"": 1, ""column_overlap"": 3}]",completed,82,10,54
200,135,proximal-replay,2,said,.,77,77,77,,3,4,0,0,,77,"[{""word"": ""."", ""timed_overlap"": 3, ""column_overlap"": 4}, {""word"": ""So"", ""timed_overlap"": 2, ""column_overlap"": 3}, {""word"": ""chance"", ""timed_overlap"": 2, ""column_overlap"": 2}, {""word"": ""far"", ""timed_overlap"": 2, ""column_overlap"": 2}, {""word"": ""hearse"", ""timed_overlap"": 1, ""column_overlap"": 4}]",completed,64,10,46
200,135,proximal-replay,3,the,horses,94,94,94,,2,3,0,0,,51,"[{""word"": ""horses"", ""timed_overlap"": 2, ""column_overlap"": 3}, {""word"": ""bearing"", ""timed_overlap"": 1, ""column_overlap"": 3}, {""word"": ""we"", ""timed_overlap"": 1, ""column_overlap"": 3}, {""word"": ""would"", ""timed_overlap"": 1, ""column_overlap"": 3}, {""word"": ""sorry"", ""timed_overlap"": 1, ""column_overlap"": 3}]",completed,55,10,73
200,135,proximal-replay,4,Miller,am,93,93,93,,2,2,0,0,,80,"[{""word"": ""am"", ""timed_overlap"": 2, ""column_overlap"": 2}, {""word"": ""Gilbert"", ""timed_overlap"": 1, ""column_overlap"": 4}, {""word"": ""horses"", ""timed_overlap"": 1, ""column_overlap"": 3}, {""word"": ""admitted"", ""timed_overlap"": 1, ""column_overlap"": 3}, {""word"": ""or"", ""timed_overlap"": 1, ""column_overlap"": 3}]",completed,82,10,63
200,136,proximal-replay,1,Tribe,nice,100,100,100,,2,3,0,0,,66,"[{""word"": ""nice"", ""timed_overlap"": 2, ""column_overlap"": 3}, {""word"": ""queen"", ""timed_overlap"": 2, ""column_overlap"": 2}, {""word"": ""says"", ""timed_overlap"": 1, ""column_overlap"": 3}, {""word"": ""whole"", ""timed_overlap"": 1, ""column_overlap"": 3}, {""word"": ""dark"", ""timed_overlap"": 1, ""column_overlap"": 3}]",completed,46,10,72
200,136,proximal-replay,2,of,found,94,94,94,,2,3,0,0,,51,"[{""word"": ""found"", ""timed_overlap"": 2, ""column_overlap"": 3}, {""word"": ""Yes"", ""timed_overlap"": 2, ""column_overlap"": 2}, {""word"": ""took"", ""timed_overlap"": 2, ""column_overlap"": 2}, {""word"": ""We"", ""timed_overlap"": 2, ""column_overlap"": 2}, {""word"": ""no"", ""timed_overlap"": 1, ""column_overlap"": 5}]",completed,82,10,54
200,136,proximal-replay,3,Tegumai,Reddy,82,82,82,,6,6,0,0,,64,"[{""word"": ""Reddy"", ""timed_overlap"": 6, ""column_overlap"": 6}, {""word"": ""should"", ""timed_overlap"": 2, ""column_overlap"": 3}, {""word"": ""Dot"", ""timed_overlap"": 1, ""column_overlap"": 3}, {""word"": ""o"", ""timed_overlap"": 1, ""column_overlap"": 3}, {""word"": ""minutes"", ""timed_overlap"": 1, ""column_overlap"": 3}]",completed,64,10,36
200,136,proximal-replay,4,",",'s,84,84,84,,5,5,0,0,,69,"[{""word"": ""'s"", ""timed_overlap"": 5, ""column_overlap"": 5}, {""word"": ""Though"", ""timed_overlap"": 2, ""column_overlap"": 4}, {""word"": ""our"", ""timed_overlap"": 2, ""column_overlap"": 3}, {""word"": ""fall"", ""timed_overlap"": 2, ""column_overlap"": 2}, {""word"": ""grass"", ""timed_overlap"": 2, ""column_overlap"": 2}]",completed,46,10,10
200,137,proximal-replay,1,the,fact,97,97,97,,2,3,0,0,,73,"[{""word"": ""fact"", ""timed_overlap"": 2, ""column_overlap"": 3}, {""word"": ""who"", ""timed_overlap"": 2, ""column_overlap"": 2}, {""word"": ""Danny"", ""timed_overlap"": 2, ""column_overlap"": 2}, {""word"": ""''"", ""timed_overlap"": 2, ""column_overlap"": 2}, {""word"": ""'"", ""timed_overlap"": 2, ""column_overlap"": 2}]",completed,28,10,64
200,137,proximal-replay,2,air,",",75,75,75,,3,4,0,0,,71,"[{""word"": "","", ""timed_overlap"": 3, ""column_overlap"": 4}, {""word"": ""maiden"", ""timed_overlap"": 2, ""column_overlap"": 4}, {""word"": ""looked"", ""timed_overlap"": 2, ""column_overlap"": 2}, {""word"": ""probably"", ""timed_overlap"": 2, ""column_overlap"": 2}, {""word"": ""things"", ""timed_overlap"": 1, ""column_overlap"": 4}]",completed,73,10,36
200,137,proximal-replay,3,had,'',100,100,100,,2,2,0,0,,76,"[{""word"": ""''"", ""timed_overlap"": 2, ""column_overlap"": 2}, {""word"": ""Emmy"", ""timed_overlap"": 2, ""column_overlap"": 2}, {""word"": ""taking"", ""timed_overlap"": 2, ""column_overlap"": 2}, {""word"": ""fact"", ""timed_overlap"": 2, ""column_overlap"": 2}, {""word"": ""``"", ""timed_overlap"": 1, ""column_overlap"": 4}]",completed,46,10,54
200,137,proximal-replay,4,now,said,91,91,91,,6,6,0,0,,62,"[{""word"": ""said"", ""timed_overlap"": 6, ""column_overlap"": 6}, {""word"": ""later"", ""timed_overlap"": 2, ""column_overlap"": 3}, {""word"": ""welcome"", ""timed_overlap"": 2, ""column_overlap"": 2}, {""word"": ""sort"", ""timed_overlap"": 1, ""column_overlap"": 3}, {""word"": ""Peerless"", ""timed_overlap"": 1, ""column_overlap"": 3}]",completed,64,10,36
200,138,proximal-replay,1,that,that,76,76,76,,5,5,5,5,1,63,"[{""word"": ""that"", ""timed_overlap"": 5, ""column_overlap"": 5}, {""word"": ""a"", ""timed_overlap"": 3, ""column_overlap"": 3}, {""word"": ""up"", ""timed_overlap"": 2, ""column_overlap"": 3}, {""word"": ""pride"", ""timed_overlap"": 1, ""column_overlap"": 4}, {""word"": ""finish"", ""timed_overlap"": 1, ""column_overlap"": 3}]",completed,55,10,9
200,138,proximal-replay,2,the,the,49,49,49,,5,6,5,6,1,84,"[{""word"": ""the"", ""timed_overlap"": 5, ""column_overlap"": 6}, {""word"": ""it"", ""timed_overlap"": 4, ""column_overlap"": 4}, {""word"": ""save"", ""timed_overlap"": 2, ""column_overlap"": 4}, {""word"": ""demons"", ""timed_overlap"": 2, ""column_overlap"": 4}, {""word"": ""world"", ""timed_overlap"": 2, ""column_overlap"": 3}]",completed,19,10,36
200,138,proximal-replay,3,king,mutinously,99,99,99,,3,3,2,2,6,82,"[{""word"": ""mutinously"", ""timed_overlap"": 3, ""column_overlap"": 3}, {""word"": ""whole"", ""timed_overlap"": 2, ""column_overlap"": 4}, {""word"": ""appeared"", ""timed_overlap"": 2, ""column_overlap"": 3}, {""word"": ""'"", ""timed_overlap"": 2, ""column_overlap"": 3}, {""word"": ""chop"", ""timed_overlap"": 2, ""column_overlap"": 2}]",completed,46,10,54
200,138,proximal-replay,4,had,After,83,83,83,,2,4,0,0,,53,"[{""word"": ""After"", ""timed_overlap"": 2, ""column_overlap"": 4}, {""word"": ""the"", ""timed_overlap"": 2, ""column_overlap"": 4}, {""word"": ""harm"", ""timed_overlap"": 2, ""column_overlap"": 3}, {""word"": ""planned"", ""timed_overlap"": 1, ""column_overlap"": 3}, {""word"": ""fact"", ""timed_overlap"": 1, ""column_overlap"": 3}]",completed,64,10,63
200,139,proximal-replay,1,",",",",81,81,81,,2,3,2,3,1,61,"[{""word"": "","", ""timed_overlap"": 2, ""column_overlap"": 3}, {""word"": ""fellow"", ""timed_overlap"": 2, ""column_overlap"": 2}, {""word"": ""distance"", ""timed_overlap"": 2, ""column_overlap"": 2}, {""word"": ""land"", ""timed_overlap"": 2, ""column_overlap"": 2}, {""word"": ""leafy"", ""timed_overlap"": 1, ""column_overlap"": 4}]",completed,55,10,54
200,139,proximal-replay,2,the,'d,100,100,100,,2,4,0,0,,70,"[{""word"": ""'d"", ""timed_overlap"": 2, ""column_overlap"": 4}, {""word"": ""rare"", ""timed_overlap"": 2, ""column_overlap"": 3}, {""word"": ""Skunk"", ""timed_overlap"": 1, ""column_overlap"": 4}, {""word"": ""grass"", ""timed_overlap"": 1, ""column_overlap"": 4}, {""word"": ""silence"", ""timed_overlap"": 1, ""column_overlap"": 3}]",completed,64,10,63
200,139,proximal-replay,3,merchant,Wind,84,84,84,,2,2,0,0,,70,"[{""word"": ""Wind"", ""timed_overlap"": 2, ""column_overlap"": 2}, {""word"": ""mischievous"", ""timed_overlap"": 2, ""column_overlap"": 2}, {""word"": ""probably"", ""timed_overlap"": 2, ""column_overlap"": 2}, {""word"": ""torrents"", ""timed_overlap"": 2, ""column_overlap"": 2}, {""word"": ""Pekoe"", ""timed_overlap"": 1, ""column_overlap"": 4}]",completed,73,10,65
200,139,proximal-replay,4,found,sensible,86,86,86,,2,3,0,0,,86,"[{""word"": ""sensible"", ""timed_overlap"": 2, ""column_overlap"": 3}, {""word"": ""Nay"", ""timed_overlap"": 2, ""column_overlap"": 2}, {""word"": ""After"", ""timed_overlap"": 1, ""column_overlap"": 4}, {""word"": ""Dot"", ""timed_overlap"": 1, ""column_overlap"": 4}, {""word"": ""pink"", ""timed_overlap"": 1, ""column_overlap"": 3}]",completed,73,10,64
200,140,proximal-replay,1,Dot,for,99,99,99,,2,3,0,0,,75,"[{""word"": ""for"", ""timed_overlap"": 2, ""column_overlap"": 3}, {""word"": ""when"", ""timed_overlap"": 2, ""column_overlap"": 3}, {""word"": ""Alice"", ""timed_overlap"": 2, ""column_overlap"": 2}, {""word"": ""fact"", ""timed_overlap"": 2, ""column_overlap"": 2}, {""word"": ""wish"", ""timed_overlap"": 1, ""column_overlap"": 3}]",completed,55,10,63
200,140,proximal-replay,2,was,the,88,88,88,,3,4,0,0,,74,"[{""word"": ""the"", ""timed_overlap"": 3, ""column_overlap"": 4}, {""word"": ""river"", ""timed_overlap"": 2, ""column_overlap"": 4}, {""word"": ""and"", ""timed_overlap"": 1, ""column_overlap"": 4}, {""word"": ""can"", ""timed_overlap"": 1, ""column_overlap"": 3}, {""word"": ""clouded"", ""timed_overlap"": 1, ""column_overlap"": 3}]",completed,73,10,54
200,140,proximal-replay,3,the,large,100,100,100,,2,3,0,0,,78,"[{""word"": ""large"", ""timed_overlap"": 2, ""column_overlap"": 3}, {""word"": ""whole"", ""timed_overlap"": 2, ""column_overlap"": 3}, {""word"": ""o"", ""timed_overlap"": 2, ""column_overlap"": 2}, {""word"": ""In"", ""timed_overlap"": 2, ""column_overlap"": 2}, {""word"": ""prince"", ""timed_overlap"": 2, ""column_overlap"": 2}]",completed,64,10,63
200,140,proximal-replay,4,amused,many,75,75,75,,2,3,0,0,,76,"[{""word"": ""many"", ""timed_overlap"": 2, ""column_overlap"": 3}, {""word"": ""Jimmy"", ""timed_overlap"": 2, ""column_overlap"": 3}, {""word"": ""setting"", ""timed_overlap"": 2, ""column_overlap"": 3}, {""word"": ""chop"", ""timed_overlap"": 2, ""column_overlap"": 3}, {""word"": ""that"", ""timed_overlap"": 2, ""column_overlap"": 2}]",completed,73,10,64
200,141,proximal-replay,1,Assam,easel,100,100,100,,2,2,0,0,,60,"[{""word"": ""easel"", ""timed_overlap"": 2, ""column_overlap"": 2}, {""word"": ""guess"", ""timed_overlap"": 2, ""column_overlap"": 2}, {""word"": ""pink"", ""timed_overlap"": 1, ""column_overlap"": 4}, {""word"": ""Meadow"", ""timed_overlap"": 1, ""column_overlap"": 3}, {""word"": ""eaten"", ""timed_overlap"": 1, ""column_overlap"": 3}]",completed,91,10,72
200,141,proximal-replay,2,Pekoe,howled,90,90,90,,1,3,0,0,,54,"[{""word"": ""howled"", ""timed_overlap"": 1, ""column_overlap"": 3}, {""word"": ""woman"", ""timed_overlap"": 1, ""column_overlap"": 3}, {""word"": ""jealousy"", ""timed_overlap"": 1, ""column_overlap"": 3}, {""word"": ""wore"", ""timed_overlap"": 1, ""column_overlap"": 3}, {""word"": ""beneath"", ""timed_overlap"": 1, ""column_overlap"": 3}]",completed,82,10,81
200,141,proximal-replay,3,",",challenge,99,99,99,,2,3,0,0,,48,"[{""word"": ""challenge"", ""timed_overlap"": 2, ""column_overlap"": 3}, {""word"": ""pleasant"", ""timed_overlap"": 2, ""column_overlap"": 2}, {""word"": ""deny"", ""timed_overlap"": 1, ""column_overlap"": 3}, {""word"": ""poor"", ""timed_overlap"": 1, ""column_overlap"": 2}, {""word"": ""desert"", ""timed_overlap"": 1, ""column_overlap"": 2}]",completed,91,10,72
200,141,proximal-replay,4,rare,most,84,84,84,,2,3,0,0,,79,"[{""word"": ""most"", ""timed_overlap"": 2, ""column_overlap"": 3}, {""word"": ""the"", ""timed_overlap"": 2, ""column_overlap"": 3}, {""word"": ""around"", ""timed_overlap"": 2, ""column_overlap"": 3}, {""word"": ""awful"", ""timed_overlap"": 1, ""column_overlap"": 4}, {""word"": ""tasted"", ""timed_overlap"": 1, ""column_overlap"": 3}]",completed,82,10,64
200,142,proximal-replay,1,day,day,60,60,60,,5,5,5,5,1,74,"[{""word"": ""day"", ""timed_overlap"": 5, ""column_overlap"": 5}, {""word"": ""many"", ""timed_overlap"": 2, ""column_overlap"": 3}, {""word"": ""These"", ""timed_overlap"": 2, ""column_overlap"": 2}, {""word"": ""good"", ""timed_overlap"": 1, ""column_overlap"": 5}, {""word"": ""Miller"", ""timed_overlap"": 1, ""column_overlap"": 4}]",completed,37,10,37
200,142,proximal-replay,2,at,at,58,58,58,,6,6,6,6,1,77,"[{""word"": ""at"", ""timed_overlap"": 6, ""column_overlap"": 6}, {""word"": ""happened"", ""timed_overlap"": 2, ""column_overlap"": 5}, {""word"": ""mercy"", ""timed_overlap"": 2, ""column_overlap"": 3}, {""word"": ""very"", ""timed_overlap"": 2, ""column_overlap"": 2}, {""word"": ""everything"", ""timed_overlap"": 2, ""column_overlap"": 2}]",completed,46,10,27
200,142,proximal-replay,3,the,confessed,68,68,68,,3,4,1,4,12,70,"[{""word"": ""confessed"", ""timed_overlap"": 3, ""column_overlap"": 4}, {""word"": ""way"", ""timed_overlap"": 3, ""column_overlap"": 4}, {""word"": ""fellow"", ""timed_overlap"": 3, ""column_overlap"": 3}, {""word"": ""last"", ""timed_overlap"": 2, ""column_overlap"": 3}, {""word"": ""Yes"", ""timed_overlap"": 2, ""column_overlap"": 3}]",completed,37,10,56
200,142,proximal-replay,4,Grange,that,88,88,88,,3,4,0,0,,69,"[{""word"": ""that"", ""timed_overlap"": 3, ""column_overlap"": 4}, {""word"": ""time"", ""timed_overlap"": 2, ""column_overlap"": 3}, {""word"": ""We"", ""timed_overlap"": 2, ""column_overlap"": 2}, {""word"": ""pulled"", ""timed_overlap"": 1, ""column_overlap"": 4}, {""word"": ""instead"", ""timed_overlap"": 1, ""column_overlap"": 4}]",completed,64,10,18
200,143,proximal-replay,1,'',for,99,99,99,,2,3,1,1,67,82,"[{""word"": ""for"", ""timed_overlap"": 2, ""column_overlap"": 3}, {""word"": ""when"", ""timed_overlap"": 2, ""column_overlap"": 2}, {""word"": ""she"", ""timed_overlap"": 2, ""column_overlap"": 2}, {""word"": ""fact"", ""timed_overlap"": 2, ""column_overlap"": 2}, {""word"": ""chance"", ""timed_overlap"": 1, ""column_overlap"": 4}]",completed,55,10,54
200,143,proximal-replay,2,said,the,78,78,78,,3,3,1,1,77,83,"[{""word"": ""the"", ""timed_overlap"": 3, ""column_overlap"": 3}, {""word"": ""river"", ""timed_overlap"": 2, ""column_overlap"": 4}, {""word"": ""amused"", ""timed_overlap"": 2, ""column_overlap"": 3}, {""word"": ""some"", ""timed_overlap"": 2, ""column_overlap"": 2}, {""word"": ""be"", ""timed_overlap"": 1, ""column_overlap"": 4}]",completed,64,10,36
200,143,proximal-replay,3,the,whole,100,100,100,,2,4,1,1,76,83,"[{""word"": ""whole"", ""timed_overlap"": 2, ""column_overlap"": 4}, {""word"": ""world"", ""timed_overlap"": 2, ""column_overlap"": 2}, {""word"": ""'"", ""timed_overlap"": 2, ""column_overlap"": 2}, {""word"": ""queen"", ""timed_overlap"": 2, ""column_overlap"": 2}, {""word"": ""prince"", ""timed_overlap"": 2, ""column_overlap"": 2}]",completed,46,10,63
200,143,proximal-replay,4,major,week,85,85,85,,4,4,0,0,,55,"[{""word"": ""week"", ""timed_overlap"": 4, ""column_overlap"": 4}, {""word"": ""word"", ""timed_overlap"": 2, ""column_overlap"": 3}, {""word"": ""bad"", ""timed_overlap"": 2, ""column_overlap"": 3}, {""word"": ""started"", ""timed_overlap"": 2, ""column_overlap"": 2}, {""word"": ""certain"", ""timed_overlap"": 2, ""column_overlap"": 2}]",completed,73,10,18
200,144,proximal-replay,1,dark,large,100,100,100,,2,4,0,0,,68,"[{""word"": ""large"", ""timed_overlap"": 2, ""column_overlap"": 4}, {""word"": ""'"", ""timed_overlap"": 2, ""column_overlap"": 2}, {""word"": ""young"", ""timed_overlap"": 1, ""column_overlap"": 3}, {""word"": ""studied"", ""timed_overlap"": 1, ""column_overlap"": 3}, {""word"": ""says"", ""timed_overlap"": 1, ""column_overlap"": 3}]",completed,73,10,72
200,144,proximal-replay,2,lady,Mother,81,81,81,,2,3,0,0,,58,"[{""word"": ""Mother"", ""timed_overlap"": 2, ""column_overlap"": 3}, {""word"": ""Yes"", ""timed_overlap"": 2, ""column_overlap"": 3}, {""word"": ""that"", ""timed_overlap"": 2, ""column_overlap"": 2}, {""word"": ""heads"", ""timed_overlap"": 1, ""column_overlap"": 4}, {""word"": ""its"", ""timed_overlap"": 1, ""column_overlap"": 4}]",completed,82,10,64
200,144,proximal-replay,3,",",planned,97,97,97,,2,3,0,0,,73,"[{""word"": ""planned"", ""timed_overlap"": 2, ""column_overlap"": 3}, {""word"": ""Raising"", ""timed_overlap"": 2, ""column_overlap"": 2}, {""word"": ""eye"", ""timed_overlap"": 2, ""column_overlap"": 2}, {""word"": ""admitted"", ""timed_overlap"": 2, ""column_overlap"": 2}, {""word"": ""who"", ""timed_overlap"": 2, ""column_overlap"": 2}]",completed,73,10,73
200,144,proximal-replay,4,``,never,81,81,81,,2,3,0,0,,67,"[{""word"": ""never"", ""timed_overlap"": 2, ""column_overlap"": 3}, {""word"": ""Rogers"", ""timed_overlap"": 2, ""column_overlap"": 2}, {""word"": ""At"", ""timed_overlap"": 2, ""column_overlap"": 2}, {""word"": ""to"", ""timed_overlap"": 2, ""column_overlap"": 2}, {""word"": ""promise"", ""timed_overlap"": 1, ""column_overlap"": 3}]",completed,82,10,66
200,145,proximal-replay,1,did,put,96,96,96,,3,3,0,0,,77,"[{""word"": ""put"", ""timed_overlap"": 3, ""column_overlap"": 3}, {""word"": ""Bowser"", ""timed_overlap"": 2, ""column_overlap"": 3}, {""word"": ""forget"", ""timed_overlap"": 2, ""column_overlap"": 2}, {""word"": ""has"", ""timed_overlap"": 2, ""column_overlap"": 2}, {""word"": ""quaggi"", ""timed_overlap"": 2, ""column_overlap"": 2}]",completed,55,10,36
200,145,proximal-replay,2,n't,out,58,58,58,,9,9,0,0,,81,"[{""word"": ""out"", ""timed_overlap"": 9, ""column_overlap"": 9}, {""word"": ""ca"", ""timed_overlap"": 2, ""column_overlap"": 2}, {""word"": ""could"", ""timed_overlap"": 1, ""column_overlap"": 4}, {""word"": ""bearing"", ""timed_overlap"": 1, ""column_overlap"": 3}, {""word"": ""Bessy"", ""timed_overlap"": 1, ""column_overlap"": 3}]",completed,46,10,0
200,145,proximal-replay,3,look,the,26,26,26,,6,6,1,1,43,56,"[{""word"": ""the"", ""timed_overlap"": 6, ""column_overlap"": 6}, {""word"": ""suited"", ""timed_overlap"": 2, ""column_overlap"": 3}, {""word"": ""demons"", ""timed_overlap"": 1, ""column_overlap"": 3}, {""word"": ""times"", ""timed_overlap"": 1, ""column_overlap"": 3}, {""word"": ""real"", ""timed_overlap"": 1, ""column_overlap"": 3}]",completed,10,10,29
200,145,proximal-replay,4,at,prince,100,100,100,,4,4,0,0,,72,"[{""word"": ""prince"", ""timed_overlap"": 4, ""column_overlap"": 4}, {""word"": ""mutinously"", ""timed_overlap"": 3, ""column_overlap"": 3}, {""word"": ""Then"", ""timed_overlap"": 1, ""column_overlap"": 3}, {""word"": ""snuff-box"", ""timed_overlap"": 1, ""column_overlap"": 3}, {""word"": ""large"", ""timed_overlap"": 1, ""column_overlap"": 3}]",completed,37,10,36
200,146,proximal-replay,1,;,in,73,73,73,,4,4,2,3,3,75,"[{""word"": ""in"", ""timed_overlap"": 4, ""column_overlap"": 4}, {""word"": ""and"", ""timed_overlap"": 3, ""column_overlap"": 4}, {""word"": "";"", ""timed_overlap"": 2, ""column_overlap"": 3}, {""word"": ""leafy"", ""timed_overlap"": 2, ""column_overlap"": 3}, {""word"": ""anything"", ""timed_overlap"": 2, ""column_overlap"": 2}]",completed,64,10,46
200,146,proximal-replay,2,I,his,78,78,78,,3,3,0,0,,85,"[{""word"": ""his"", ""timed_overlap"": 3, ""column_overlap"": 3}, {""word"": ""soft"", ""timed_overlap"": 3, ""column_overlap"": 3}, {""word"": ""pink"", ""timed_overlap"": 2, ""column_overlap"": 3}, {""word"": ""lump"", ""timed_overlap"": 2, ""column_overlap"": 3}, {""word"": ""except"", ""timed_overlap"": 1, ""column_overlap"": 4}]",completed,55,10,27
200,146,proximal-replay,3,saw,tone,91,91,91,,3,3,0,0,,66,"[{""word"": ""tone"", ""timed_overlap"": 3, ""column_overlap"": 3}, {""word"": ""up"", ""timed_overlap"": 2, ""column_overlap"": 2}, {""word"": ""Raising"", ""timed_overlap"": 1, ""column_overlap"": 4}, {""word"": ""asked"", ""timed_overlap"": 1, ""column_overlap"": 4}, {""word"": ""try"", ""timed_overlap"": 1, ""column_overlap"": 3}]",completed,37,10,27
200,146,proximal-replay,4,he,--,38,38,38,,7,7,0,0,,76,"[{""word"": ""--"", ""timed_overlap"": 7, ""column_overlap"": 7}, {""word"": ""felt"", ""timed_overlap"": 2, ""column_overlap"": 4}, {""word"": ""n't"", ""timed_overlap"": 2, ""column_overlap"": 3}, {""word"": ""pile"", ""timed_overlap"": 2, ""column_overlap"": 3}, {""word"": ""certain"", ""timed_overlap"": 2, ""column_overlap"": 2}]",completed,37,10,27
200,147,proximal-replay,1,to,to,83,83,83,,3,4,3,4,1,86,"[{""word"": ""to"", ""timed_overlap"": 3, ""column_overlap"": 4}, {""word"": ""Marsch"", ""timed_overlap"": 2, ""column_overlap"": 2}, {""word"": ""hopelessly"", ""timed_overlap"": 2, ""column_overlap"": 2}, {""word"": ""fact"", ""timed_overlap"": 1, ""column_overlap"": 4}, {""word"": ""He"", ""timed_overlap"": 1, ""column_overlap"": 4}]",completed,64,10,54
200,147,proximal-replay,2,little,any,100,100,100,,2,3,0,0,,65,"[{""word"": ""any"", ""timed_overlap"": 2, ""column_overlap"": 3}, {""word"": ""see"", ""timed_overlap"": 2, ""column_overlap"": 2}, {""word"": ""had"", ""timed_overlap"": 2, ""column_overlap"": 2}, {""word"": ""'m"", ""timed_overlap"": 1, ""column_overlap"": 4}, {""word"": ""Gilbert"", ""timed_overlap"": 1, ""column_overlap"": 3}]",completed,64,10,63
200,147,proximal-replay,3,Joe,reason,90,90,90,,2,3,0,0,,57,"[{""word"": ""reason"", ""timed_overlap"": 2, ""column_overlap"": 3}, {""word"": ""forget"", ""timed_overlap"": 2, ""column_overlap"": 3}, {""word"": ""spur"", ""timed_overlap"": 2, ""column_overlap"": 2}, {""word"": ""later"", ""timed_overlap"": 2, ""column_overlap"": 2}, {""word"": ""humanity"", ""timed_overlap"": 1, ""column_overlap"": 5}]",completed,73,10,54
200,147,proximal-replay,4,",",why,90,90,90,,2,2,0,0,,52,"[{""word"": ""why"", ""timed_overlap"": 2, ""column_overlap"": 2}, {""word"": ""often"", ""timed_overlap"": 2, ""column_overlap"": 2}, {""word"": ""suited"", ""timed_overlap"": 2, ""column_overlap"": 2}, {""word"": ""that"", ""timed_overlap"": 1, ""column_overlap"": 6}, {""word"": ""thank"", ""timed_overlap"": 1, ""column_overlap"": 3}]",completed,64,10,54
200,148,proximal-replay,1,than,than,69,69,69,,6,6,6,6,1,70,"[{""word"": ""than"", ""timed_overlap"": 6, ""column_overlap"": 6}, {""word"": ""splendid"", ""timed_overlap"": 3, ""column_overlap"": 4}, {""word"": ""tantrum"", ""timed_overlap"": 2, ""column_overlap"": 5}, {""word"": ""queen"", ""timed_overlap"": 2, ""column_overlap"": 3}, {""word"": ""remorsefully"", ""timed_overlap"": 2, ""column_overlap"": 3}]",completed,46,10,18
200,148,proximal-replay,2,twilight,twilight,66,66,66,,2,2,2,2,1,73,"[{""word"": ""twilight"", ""timed_overlap"": 2, ""column_overlap"": 2}, {""word"": ""HAD"", ""timed_overlap"": 2, ""column_overlap"": 2}, {""word"": ""by"", ""timed_overlap"": 1, ""column_overlap"": 4}, {""word"": ""lump"", ""timed_overlap"": 1, ""column_overlap"": 4}, {""word"": ""behind"", ""timed_overlap"": 1, ""column_overlap"": 3}]",completed,28,10,55
200,148,proximal-replay,3,confidences,confidences,80,80,80,,9,9,9,9,1,67,"[{""word"": ""confidences"", ""timed_overlap"": 9, ""column_overlap"": 9}, {""word"": ""course"", ""timed_overlap"": 2, ""column_overlap"": 5}, {""word"": ""wilt"", ""timed_overlap"": 2, ""column_overlap"": 2}, {""word"": ""did"", ""timed_overlap"": 2, ""column_overlap"": 2}, {""word"": ""And"", ""timed_overlap"": 2, ""column_overlap"": 2}]",completed,64,10,9
200,148,proximal-replay,4,",",",",25,25,25,,5,5,5,5,1,81,"[{""word"": "","", ""timed_overlap"": 5, ""column_overlap"": 5}, {""word"": ""little"", ""timed_overlap"": 2, ""column_overlap"": 4}, {""word"": ""danced"", ""timed_overlap"": 2, ""column_overlap"": 3}, {""word"": ""demons"", ""timed_overlap"": 2, ""column_overlap"": 3}, {""word"": ""already"", ""timed_overlap"": 2, ""column_overlap"": 3}]",completed,19,10,37
200,149,proximal-replay,1,last,confessed,84,84,84,,2,3,2,2,4,74,"[{""word"": ""confessed"", ""timed_overlap"": 2, ""column_overlap"": 3}, {""word"": ""?"", ""timed_overlap"": 2, ""column_overlap"": 3}, {""word"": ""wind"", ""timed_overlap"": 2, ""column_overlap"": 2}, {""word"": ""last"", ""timed_overlap"": 2, ""column_overlap"": 2}, {""word"": ""way"", ""timed_overlap"": 2, ""column_overlap"": 2}]",completed,64,10,56
200,149,proximal-replay,2,that,that,88,88,88,,3,4,3,4,1,69,"[{""word"": ""that"", ""timed_overlap"": 3, ""column_overlap"": 4}, {""word"": ""time"", ""timed_overlap"": 2, ""column_overlap"": 3}, {""word"": ""We"", ""timed_overlap"": 2, ""column_overlap"": 2}, {""word"": ""pulled"", ""timed_overlap"": 1, ""column_overlap"": 4}, {""word"": ""instead"", ""timed_overlap"": 1, ""column_overlap"": 4}]",completed,64,10,18
200,149,proximal-replay,3,it,the,74,74,74,,4,5,1,2,42,73,"[{""word"": ""the"", ""timed_overlap"": 4, ""column_overlap"": 5}, {""word"": ""river"", ""timed_overlap"": 2, ""column_overlap"": 4}, {""word"": ""Puck"", ""timed_overlap"": 2, ""column_overlap"": 3}, {""word"": ""she"", ""timed_overlap"": 2, ""column_overlap"": 3}, {""word"": ""feast"", ""timed_overlap"": 1, ""column_overlap"": 4}]",completed,28,10,54
200,149,proximal-replay,4,was,large,100,100,100,,2,3,0,0,,77,"[{""word"": ""large"", ""timed_overlap"": 2, ""column_overlap"": 3}, {""word"": ""whole"", ""timed_overlap"": 2, ""column_overlap"": 2}, {""word"": ""queen"", ""timed_overlap"": 2, ""column_overlap"": 2}, {""word"": ""prince"", ""timed_overlap"": 2, ""column_overlap"": 2}, {""word"": ""easel"", ""timed_overlap"": 1, ""column_overlap"": 4}]",completed,64,10,72
200,150,proximal-replay,1,and,Great,99,99,99,,2,3,0,0,,65,"[{""word"": ""Great"", ""timed_overlap"": 2, ""column_overlap"": 3}, {""word"": ""grass"", ""timed_overlap"": 2, ""column_overlap"": 2}, {""word"": ""ye"", ""timed_overlap"": 1, ""column_overlap"": 3}, {""word"": ""Chief"", ""timed_overlap"": 1, ""column_overlap"": 3}, {""word"": ""pride"", ""timed_overlap"": 1, ""column_overlap"": 3}]",completed,73,10,63
200,150,proximal-replay,2,put,suppose,99,99,99,,2,2,0,0,,59,"[{""word"": ""suppose"", ""timed_overlap"": 2, ""column_overlap"": 2}, {""word"": ""gone"", ""timed_overlap"": 1, ""column_overlap"": 4}, {""word"": ""length"", ""timed_overlap"": 1, ""column_overlap"": 4}, {""word"": ""distant"", ""timed_overlap"": 1, ""column_overlap"": 3}, {""word"": ""Wendy"", ""timed_overlap"": 1, ""column_overlap"": 3}]",completed,73,10,72
200,150,proximal-replay,3,out,tantrum,90,90,90,,2,2,0,0,,65,"[{""word"": ""tantrum"", ""timed_overlap"": 2, ""column_overlap"": 2}, {""word"": ""expect"", ""timed_overlap"": 1, ""column_overlap"": 3}, {""word"": ""Worth"", ""timed_overlap"": 1, ""column_overlap"": 3}, {""word"": ""very"", ""timed_overlap"": 1, ""column_overlap"": 3}, {""word"": ""our"", ""timed_overlap"": 1, ""column_overlap"": 3}]",completed,82,10,73
200,150,proximal-replay,4,the,know,65,65,65,,2,3,0,0,,79,"[{""word"": ""know"", ""timed_overlap"": 2, ""column_overlap"": 3}, {""word"": ""two"", ""timed_overlap"": 2, ""column_overlap"": 2}, {""word"": ""why"", ""timed_overlap"": 2, ""column_overlap"": 2}, {""word"": ""Alan"", ""timed_overlap"": 1, ""column_overlap"": 4}, {""word"": ""a"", ""timed_overlap"": 1, ""column_overlap"": 4}]",completed,82,10,67
200,151,proximal-replay,1,some,some,93,93,93,,3,3,3,3,1,74,"[{""word"": ""some"", ""timed_overlap"": 3, ""column_overlap"": 3}, {""word"": ""flies"", ""timed_overlap"": 2, ""column_overlap"": 3}, {""word"": ""so"", ""timed_overlap"": 2, ""column_overlap"": 2}, {""word"": ""Balkis"", ""timed_overlap"": 2, ""column_overlap"": 2}, {""word"": ""a"", ""timed_overlap"": 2, ""column_overlap"": 2}]",completed,82,10,54
200,151,proximal-replay,2,distance,am,94,94,94,,2,2,1,3,4,49,"[{""word"": ""am"", ""timed_overlap"": 2, ""column_overlap"": 2}, {""word"": ""desert"", ""timed_overlap"": 1, ""column_overlap"": 5}, {""word"": ""ever"", ""timed_overlap"": 1, ""column_overlap"": 4}, {""word"": ""distance"", ""timed_overlap"": 1, ""column_overlap"": 3}, {""word"": ""major"", ""timed_overlap"": 1, ""column_overlap"": 3}]",completed,64,10,55
200,151,proximal-replay,3,",",not,75,75,75,,3,3,0,0,,75,"[{""word"": ""not"", ""timed_overlap"": 3, ""column_overlap"": 3}, {""word"": ""taking"", ""timed_overlap"": 2, ""column_overlap"": 2}, {""word"": ""Princess"", ""timed_overlap"": 1, ""column_overlap"": 4}, {""word"": ""A"", ""timed_overlap"": 1, ""column_overlap"": 4}, {""word"": ""?"", ""timed_overlap"": 1, ""column_overlap"": 3}]",completed,64,10,45
200,151,proximal-replay,4,and,of,89,89,89,,3,4,0,0,,69,"[{""word"": ""of"", ""timed_overlap"": 3, ""column_overlap"": 4}, {""word"": ""word"", ""timed_overlap"": 2, ""column_overlap"": 3}, {""word"": ""my"", ""timed_overlap"": 2, ""column_overlap"": 3}, {""word"": ""overhead"", ""timed_overlap"": 2, ""column_overlap"": 2}, {""word"": ""timid"", ""timed_overlap"": 1, ""column_overlap"": 4}]",completed,55,10,54
200,152,proximal-replay,1,the,great,72,72,72,,3,4,3,3,2,75,"[{""word"": ""great"", ""timed_overlap"": 3, ""column_overlap"": 4}, {""word"": ""the"", ""timed_overlap"": 3, ""column_overlap"": 3}, {""word"": ""last"", ""timed_overlap"": 3, ""column_overlap"": 3}, {""word"": ""pink"", ""timed_overlap"": 2, ""column_overlap"": 4}, {""word"": ""Ideal"", ""timed_overlap"": 2, ""column_overlap"": 3}]",completed,46,10,38
200,152,proximal-replay,2,land,smile,74,74,74,,2,3,0,0,,75,"[{""word"": ""smile"", ""timed_overlap"": 2, ""column_overlap"": 3}, {""word"": ""many"", ""timed_overlap"": 2, ""column_overlap"": 2}, {""word"": ""Most"", ""timed_overlap"": 1, ""column_overlap"": 3}, {""word"": ""Jimmy"", ""timed_overlap"": 1, ""column_overlap"": 3}, {""word"": ""months"", ""timed_overlap"": 1, ""column_overlap"": 3}]",completed,46,10,65
200,152,proximal-replay,3,of,'',83,83,83,,3,4,0,0,,83,"[{""word"": ""''"", ""timed_overlap"": 3, ""column_overlap"": 4}, {""word"": ""should"", ""timed_overlap"": 2, ""column_overlap"": 2}, {""word"": ""study"", ""timed_overlap"": 2, ""column_overlap"": 2}, {""word"": ""sensible"", ""timed_overlap"": 1, ""column_overlap"": 4}, {""word"": ""beautiful"", ""timed_overlap"": 1, ""column_overlap"": 4}]",completed,73,10,63
200,152,proximal-replay,4,the,sable,93,93,93,,2,4,0,0,,66,"[{""word"": ""sable"", ""timed_overlap"": 2, ""column_overlap"": 4}, {""word"": ""said"", ""timed_overlap"": 2, ""column_overlap"": 3}, {""word"": ""at"", ""timed_overlap"": 2, ""column_overlap"": 2}, {""word"": ""pictures"", ""timed_overlap"": 2, ""column_overlap"": 2}, {""word"": ""dear"", ""timed_overlap"": 2, ""column_overlap"": 2}]",completed,73,10,54
200,153,proximal-replay,1,lady,lady,85,85,85,,3,3,3,3,1,76,"[{""word"": ""lady"", ""timed_overlap"": 3, ""column_overlap"": 3}, {""word"": ""fall"", ""timed_overlap"": 2, ""column_overlap"": 2}, {""word"": ""save"", ""timed_overlap"": 1, ""column_overlap"": 4}, {""word"": ""than"", ""timed_overlap"": 1, ""column_overlap"": 3}, {""word"": ""six"", ""timed_overlap"": 1, ""column_overlap"": 3}]",completed,37,10,36
200,153,proximal-replay,2,",",right,72,72,72,,2,3,0,0,,87,"[{""word"": ""right"", ""timed_overlap"": 2, ""column_overlap"": 3}, {""word"": ""awful"", ""timed_overlap"": 2, ""column_overlap"": 3}, {""word"": ""bestrewn"", ""timed_overlap"": 2, ""column_overlap"": 2}, {""word"": ""better"", ""timed_overlap"": 2, ""column_overlap"": 2}, {""word"": ""wore"", ""timed_overlap"": 1, ""column_overlap"": 4}]",completed,46,10,57
200,153,proximal-replay,3,and,Thus,78,78,78,,3,3,0,0,,77,"[{""word"": ""Thus"", ""timed_overlap"": 3, ""column_overlap"": 3}, {""word"": ""Soon"", ""timed_overlap"": 2, ""column_overlap"": 5}, {""word"": ""why"", ""timed_overlap"": 2, ""column_overlap"": 4}, {""word"": ""pulled"", ""timed_overlap"": 2, ""column_overlap"": 3}, {""word"": ""hall"", ""timed_overlap"": 2, ""column_overlap"": 3}]",completed,64,10,54
200,153,proximal-replay,4,when,pile,73,73,73,,2,3,0,0,,54,"[{""word"": ""pile"", ""timed_overlap"": 2, ""column_overlap"": 3}, {""word"": "","", ""timed_overlap"": 2, ""column_overlap"": 3}, {""word"": ""ambitions"", ""timed_overlap"": 2, ""column_overlap"": 3}, {""word"": ""man"", ""timed_overlap"": 2, ""column_overlap"": 2}, {""word"": ""leafy"", ""timed_overlap"": 2, ""column_overlap"": 2}]",completed,64,10,74
200,154,proximal-replay,1,much,Alfin,78,78,78,,3,3,3,3,2,74,"[{""word"": ""Alfin"", ""timed_overlap"": 3, ""column_overlap"": 3}, {""word"": ""much"", ""timed_overlap"": 3, ""column_overlap"": 3}, {""word"": "","", ""timed_overlap"": 2, ""column_overlap"": 3}, {""word"": ""elapsed"", ""timed_overlap"": 2, ""column_overlap"": 2}, {""word"": ""To"", ""timed_overlap"": 2, ""column_overlap"": 2}]",completed,37,10,64
200,154,proximal-replay,2,weight,should,73,73,73,,2,3,0,0,,72,"[{""word"": ""should"", ""timed_overlap"": 2, ""column_overlap"": 3}, {""word"": ""this"", ""timed_overlap"": 2, ""column_overlap"": 2}, {""word"": ""whither"", ""timed_overlap"": 1, ""column_overlap"": 4}, {""word"": ""girl"", ""timed_overlap"": 1, ""column_overlap"": 3}, {""word"": ""."", ""timed_overlap"": 1, ""column_overlap"": 3}]",completed,73,10,36
200,154,proximal-replay,3,with,feel,73,73,73,,4,4,0,0,,69,"[{""word"": ""feel"", ""timed_overlap"": 4, ""column_overlap"": 4}, {""word"": ""Jimmy"", ""timed_overlap"": 2, ""column_overlap"": 5}, {""word"": ""mid-afternoon"", ""timed_overlap"": 2, ""column_overlap"": 3}, {""word"": ""not"", ""timed_overlap"": 2, ""column_overlap"": 3}, {""word"": ""praised"", ""timed_overlap"": 2, ""column_overlap"": 3}]",completed,46,10,46
200,154,proximal-replay,4,the,as,75,75,75,,7,7,0,0,,78,"[{""word"": ""as"", ""timed_overlap"": 7, ""column_overlap"": 7}, {""word"": ""bringing"", ""timed_overlap"": 2, ""column_overlap"": 3}, {""word"": ""fighting"", ""timed_overlap"": 2, ""column_overlap"": 3}, {""word"": ""months"", ""timed_overlap"": 2, ""column_overlap"": 2}, {""word"": ""oranges"", ""timed_overlap"": 1, ""column_overlap"": 3}]",completed,55,10,27
200,155,proximal-replay,1,or,twilight,93,93,93,,2,3,0,0,,73,"[{""word"": ""twilight"", ""timed_overlap"": 2, ""column_overlap"": 3}, {""word"": ""gathered"", ""timed_overlap"": 2, ""column_overlap"": 2}, {""word"": ""ride"", ""timed_overlap"": 1, ""column_overlap"": 4}, {""word"": ""forget"", ""timed_overlap"": 1, ""column_overlap"": 4}, {""word"": ""slim"", ""timed_overlap"": 1, ""column_overlap"": 3}]",completed,64,10,74
200,155,proximal-replay,2,ten,confidences,84,84,84,,7,7,0,0,,58,"[{""word"": ""confidences"", ""timed_overlap"": 7, ""column_overlap"": 7}, {""word"": ""And"", ""timed_overlap"": 2, ""column_overlap"": 3}, {""word"": ""course"", ""timed_overlap"": 2, ""column_overlap"": 3}, {""word"": ""did"", ""timed_overlap"": 2, ""column_overlap"": 2}, {""word"": ""plum"", ""timed_overlap"": 2, ""column_overlap"": 2}]",completed,82,10,9
200,155,proximal-replay,3,inches,",",40,40,40,,6,6,0,0,,80,"[{""word"": "","", ""timed_overlap"": 6, ""column_overlap"": 6}, {""word"": ""filled"", ""timed_overlap"": 2, ""column_overlap"": 4}, {""word"": ""leafy"", ""timed_overlap"": 2, ""column_overlap"": 3}, {""word"": ""already"", ""timed_overlap"": 2, ""column_overlap"": 3}, {""word"": ""Clever"", ""timed_overlap"": 1, ""column_overlap"": 5}]",completed,19,10,38
200,155,proximal-replay,4,of,who,99,99,99,,2,3,0,0,,67,"[{""word"": ""who"", ""timed_overlap"": 2, ""column_overlap"": 3}, {""word"": ""Danny"", ""timed_overlap"": 2, ""column_overlap"": 3}, {""word"": ""villagers"", ""timed_overlap"": 2, ""column_overlap"": 3}, {""word"": ""try"", ""timed_overlap"": 2, ""column_overlap"": 3}, {""word"": ""''"", ""timed_overlap"": 2, ""column_overlap"": 2}]",completed,46,10,27
200,156,proximal-replay,1,think,lay,94,94,94,,2,2,1,2,42,79,"[{""word"": ""lay"", ""timed_overlap"": 2, ""column_overlap"": 2}, {""word"": ""visitors"", ""timed_overlap"": 2, ""column_overlap"": 2}, {""word"": ""thou"", ""timed_overlap"": 2, ""column_overlap"": 2}, {""word"": ""frozen"", ""timed_overlap"": 2, ""column_overlap"": 2}, {""word"": ""Emmy"", ""timed_overlap"": 1, ""column_overlap"": 4}]",completed,73,10,64
200,156,proximal-replay,2,so,petals,88,88,88,,3,4,0,0,,73,"[{""word"": ""petals"", ""timed_overlap"": 3, ""column_overlap"": 4}, {""word"": ""nice"", ""timed_overlap"": 2, ""column_overlap"": 2}, {""word"": ""Square"", ""timed_overlap"": 2, ""column_overlap"": 2}, {""word"": ""still"", ""timed_overlap"": 2, ""column_overlap"": 2}, {""word"": ""Thus"", ""timed_overlap"": 1, ""column_overlap"": 5}]",completed,73,10,63
200,156,proximal-replay,3,.,she,75,75,75,,2,2,0,0,,72,"[{""word"": ""she"", ""timed_overlap"": 2, ""column_overlap"": 2}, {""word"": ""are"", ""timed_overlap"": 2, ""column_overlap"": 2}, {""word"": ""Rabbit"", ""timed_overlap"": 2, ""column_overlap"": 2}, {""word"": ""off"", ""timed_overlap"": 2, ""column_overlap"": 2}, {""word"": ""motionless"", ""timed_overlap"": 1, ""column_overlap"": 3}]",completed,73,10,74
200,156,proximal-replay,4,',welcome,94,94,94,,2,4,0,0,,75,"[{""word"": ""welcome"", ""timed_overlap"": 2, ""column_overlap"": 4}, {""word"": ""O"", ""timed_overlap"": 2, ""column_overlap"": 4}, {""word"": ""Proscribed"", ""timed_overlap"": 2, ""column_overlap"": 3}, {""word"": ""only"", ""timed_overlap"": 2, ""column_overlap"": 2}, {""word"": ""highness"", ""timed_overlap"": 1, ""column_overlap"": 4}]",completed,82,10,64
200,157,proximal-replay,1,began,alarm,98,98,98,,2,2,1,1,52,69,"[{""word"": ""alarm"", ""timed_overlap"": 2, ""column_overlap"": 2}, {""word"": ""real"", ""timed_overlap"": 1, ""column_overlap"": 4}, {""word"": ""Arts"", ""timed_overlap"": 1, ""column_overlap"": 3}, {""word"": ""often"", ""timed_overlap"": 1, ""column_overlap"": 3}, {""word"": ""inches"", ""timed_overlap"": 1, ""column_overlap"": 3}]",completed,91,10,72
200,157,proximal-replay,2,to,reluctantly,98,98,98,,2,2,0,0,,70,"[{""word"": ""reluctantly"", ""timed_overlap"": 2, ""column_overlap"": 2}, {""word"": ""It"", ""timed_overlap"": 2, ""column_overlap"": 2}, {""word"": ""Cecily"", ""timed_overlap"": 2, ""column_overlap"": 2}, {""word"": ""forbidden"", ""timed_overlap"": 1, ""column_overlap"": 5}, {""word"": ""gadding"", ""timed_overlap"": 1, ""column_overlap"": 4}]",completed,82,10,63
200,157,proximal-replay,3,terrify,early,87,87,87,,2,4,0,0,,63,"[{""word"": ""early"", ""timed_overlap"": 2, ""column_overlap"": 4}, {""word"": ""confidences"", ""timed_overlap"": 2, ""column_overlap"": 3}, {""word"": ""talked"", ""timed_overlap"": 2, ""column_overlap"": 2}, {""word"": ""fighting"", ""timed_overlap"": 2, ""column_overlap"": 2}, {""word"": ""deep"", ""timed_overlap"": 2, ""column_overlap"": 2}]",completed,73,10,64
200,157,proximal-replay,4,him,pursuit,78,78,78,,2,3,0,0,,79,"[{""word"": ""pursuit"", ""timed_overlap"": 2, ""column_overlap"": 3}, {""word"": ""times"", ""timed_overlap"": 2, ""column_overlap"": 3}, {""word"": ""forget"", ""timed_overlap"": 2, ""column_overlap"": 2}, {""word"": ""sluggish"", ""timed_overlap"": 2, ""column_overlap"": 2}, {""word"": ""hopelessly"", ""timed_overlap"": 1, ""column_overlap"": 4}]",completed,73,10,73
200,158,proximal-replay,1,unpractical,His,97,97,97,,1,3,0,0,,65,"[{""word"": ""His"", ""timed_overlap"": 1, ""column_overlap"": 3}, {""word"": ""time"", ""timed_overlap"": 1, ""column_overlap"": 3}, {""word"": ""flew"", ""timed_overlap"": 1, ""column_overlap"": 3}, {""word"": ""lump"", ""timed_overlap"": 1, ""column_overlap"": 3}, {""word"": ""suppose"", ""timed_overlap"": 1, ""column_overlap"": 3}]",completed,64,10,81
200,158,proximal-replay,2,",",and,98,98,98,,1,4,1,2,21,62,"[{""word"": ""and"", ""timed_overlap"": 1, ""column_overlap"": 4}, {""word"": ""confessed"", ""timed_overlap"": 1, ""column_overlap"": 4}, {""word"": ""mount"", ""timed_overlap"": 1, ""column_overlap"": 3}, {""word"": ""departs"", ""timed_overlap"": 1, ""column_overlap"": 3}, {""word"": ""must"", ""timed_overlap"": 1, ""column_overlap"": 3}]",completed,91,10,81
200,158,proximal-replay,3,and,told,98,98,98,,3,5,0,0,,83,"[{""word"": ""told"", ""timed_overlap"": 3, ""column_overlap"": 5}, {""word"": ""--"", ""timed_overlap"": 2, ""column_overlap"": 2}, {""word"": ""eggs"", ""timed_overlap"": 1, ""column_overlap"": 3}, {""word"": ""West"", ""timed_overlap"": 1, ""column_overlap"": 3}, {""word"": ""Cursed"", ""timed_overlap"": 1, ""column_overlap"": 3}]",completed,91,10,45
200,158,proximal-replay,4,",",me,75,75,75,,5,5,0,0,,62,"[{""word"": ""me"", ""timed_overlap"": 5, ""column_overlap"": 5}, {""word"": ""Souchong"", ""timed_overlap"": 2, ""column_overlap"": 3}, {""word"": ""him"", ""timed_overlap"": 2, ""column_overlap"": 3}, {""word"": ""Look"", ""timed_overlap"": 2, ""column_overlap"": 3}, {""word"": ""My"", ""timed_overlap"": 1, ""column_overlap"": 5}]",completed,55,10,27
200,159,proximal-replay,1,'m,Clever,99,99,99,,2,3,2,2,6,55,"[{""word"": ""Clever"", ""timed_overlap"": 2, ""column_overlap"": 3}, {""word"": ""snuff-box"", ""timed_overlap"": 2, ""column_overlap"": 3}, {""word"": ""need"", ""timed_overlap"": 2, ""column_overlap"": 3}, {""word"": ""fire"", ""timed_overlap"": 2, ""column_overlap"": 2}, {""word"": ""good"", ""timed_overlap"": 2, ""column_overlap"": 2}]",completed,82,10,63
200,159,proximal-replay,2,sure,major,96,96,96,,3,4,0,0,,86,"[{""word"": ""major"", ""timed_overlap"": 3, ""column_overlap"": 4}, {""word"": ""world"", ""timed_overlap"": 2, ""column_overlap"": 4}, {""word"": ""saddle"", ""timed_overlap"": 2, ""column_overlap"": 3}, {""word"": ""pink"", ""timed_overlap"": 1, ""column_overlap"": 4}, {""word"": ""more"", ""timed_overlap"": 1, ""column_overlap"": 4}]",completed,73,10,63
200,159,proximal-replay,3,you,Alan,90,90,90,,2,2,0,0,,76,"[{""word"": ""Alan"", ""timed_overlap"": 2, ""column_overlap"": 2}, {""word"": ""exactly"", ""timed_overlap"": 2, ""column_overlap"": 2}, {""word"": ""does"", ""timed_overlap"": 1, ""column_overlap"": 5}, {""word"": ""was"", ""timed_overlap"": 1, ""column_overlap"": 5}, {""word"": ""behind"", ""timed_overlap"": 1, ""column_overlap"": 4}]",completed,73,10,73
200,159,proximal-replay,4,ought,brave,89,89,89,,2,4,0,0,,59,"[{""word"": ""brave"", ""timed_overlap"": 2, ""column_overlap"": 4}, {""word"": ""thank"", ""timed_overlap"": 2, ""column_overlap"": 3}, {""word"": ""chop"", ""timed_overlap"": 1, ""column_overlap"": 4}, {""word"": ""thoughtful"", ""timed_overlap"": 1, ""column_overlap"": 3}, {""word"": ""pleasant"", ""timed_overlap"": 1, ""column_overlap"": 3}]",completed,82,10,54
200,160,proximal-replay,1,ever,Old,99,99,99,,2,2,0,0,,70,"[{""word"": ""Old"", ""timed_overlap"": 2, ""column_overlap"": 2}, {""word"": ""Wildrose"", ""timed_overlap"": 2, ""column_overlap"": 2}, {""word"": ""bad"", ""timed_overlap"": 1, ""column_overlap"": 3}, {""word"": ""rubbed"", ""timed_overlap"": 1, ""column_overlap"": 3}, {""word"": ""such"", ""timed_overlap"": 1, ""column_overlap"": 3}]",completed,73,10,63
200,160,proximal-replay,2,forget,She,91,91,91,,2,3,1,2,28,81,"[{""word"": ""She"", ""timed_overlap"": 2, ""column_overlap"": 3}, {""word"": ""ruin"", ""timed_overlap"": 2, ""column_overlap"": 3}, {""word"": ""lord"", ""timed_overlap"": 2, ""column_overlap"": 2}, {""word"": ""Mrs."", ""timed_overlap"": 2, ""column_overlap"": 2}, {""word"": ""Mother"", ""timed_overlap"": 2, ""column_overlap"": 2}]",completed,73,10,73
200,160,proximal-replay,3,that,thought,86,86,86,,2,3,0,0,,73,"[{""word"": ""thought"", ""timed_overlap"": 2, ""column_overlap"": 3}, {""word"": ""Abel"", ""timed_overlap"": 2, ""column_overlap"": 3}, {""word"": ""Aunt"", ""timed_overlap"": 2, ""column_overlap"": 2}, {""word"": ""put"", ""timed_overlap"": 2, ""column_overlap"": 2}, {""word"": ""She"", ""timed_overlap"": 1, ""column_overlap"": 4}]",completed,82,10,63
200,160,proximal-replay,4,tantrum,her,83,83,83,,5,5,0,0,,87,"[{""word"": ""her"", ""timed_overlap"": 5, ""column_overlap"": 5}, {""word"": ""teeth"", ""timed_overlap"": 2, ""column_overlap"": 4}, {""word"": ""Instead"", ""timed_overlap"": 2, ""column_overlap"": 4}, {""word"": ""blue"", ""timed_overlap"": 2, ""column_overlap"": 3}, {""word"": ""kind"", ""timed_overlap"": 2, ""column_overlap"": 3}]",completed,73,10,9
200,161,proximal-replay,1,ye,you,82,82,82,,3,3,2,2,4,81,"[{""word"": ""you"", ""timed_overlap"": 3, ""column_overlap"": 3}, {""word"": ""whole"", ""timed_overlap"": 2, ""column_overlap"": 2}, {""word"": ""She"", ""timed_overlap"": 2, ""column_overlap"": 2}, {""word"": ""ye"", ""timed_overlap"": 2, ""column_overlap"": 2}, {""word"": ""agreement"", ""timed_overlap"": 2, ""column_overlap"": 2}]",completed,91,10,36
200,161,proximal-replay,2,be,will,93,93,93,,3,3,0,0,,72,"[{""word"": ""will"", ""timed_overlap"": 3, ""column_overlap"": 3}, {""word"": ""1715"", ""timed_overlap"": 2, ""column_overlap"": 3}, {""word"": ""always"", ""timed_overlap"": 2, ""column_overlap"": 2}, {""word"": ""leave"", ""timed_overlap"": 2, ""column_overlap"": 2}, {""word"": ""order"", ""timed_overlap"": 2, ""column_overlap"": 2}]",completed,46,10,63
200,161,proximal-replay,3,not,be,90,90,90,,4,4,1,2,12,69,"[{""word"": ""be"", ""timed_overlap"": 4, ""column_overlap"": 4}, {""word"": ""only"", ""timed_overlap"": 2, ""column_overlap"": 3}, {""word"": ""done"", ""timed_overlap"": 2, ""column_overlap"": 2}, {""word"": ""curious"", ""timed_overlap"": 1, ""column_overlap"": 3}, {""word"": ""taking"", ""timed_overlap"": 1, ""column_overlap"": 3}]",completed,73,10,45
200,161,proximal-replay,4,of,up,80,80,80,,2,3,0,0,,68,"[{""word"": ""up"", ""timed_overlap"": 2, ""column_overlap"": 3}, {""word"": ""river"", ""timed_overlap"": 2, ""column_overlap"": 2}, {""word"": ""plum"", ""timed_overlap"": 2, ""column_overlap"": 2}, {""word"": ""here"", ""timed_overlap"": 2, ""column_overlap"": 2}, {""word"": ""Square"", ""timed_overlap"": 2, ""column_overlap"": 2}]",completed,55,10,54
200,162,proximal-replay,1,of,of,57,57,57,,5,5,5,5,1,65,"[{""word"": ""of"", ""timed_overlap"": 5, ""column_overlap"": 5}, {""word"": ""Lawful"", ""timed_overlap"": 2, ""column_overlap"": 2}, {""word"": ""people"", ""timed_overlap"": 2, ""column_overlap"": 2}, {""word"": ""quaggi"", ""timed_overlap"": 1, ""column_overlap"": 4}, {""word"": ""Now"", ""timed_overlap"": 1, ""column_overlap"": 3}]",completed,64,10,46
200,162,proximal-replay,2,the,clouded,90,90,90,,3,3,2,2,7,67,"[{""word"": ""clouded"", ""timed_overlap"": 3, ""column_overlap"": 3}, {""word"": ""river"", ""timed_overlap"": 2, ""column_overlap"": 4}, {""word"": ""these"", ""timed_overlap"": 2, ""column_overlap"": 3}, {""word"": ""my"", ""timed_overlap"": 2, ""column_overlap"": 2}, {""word"": ""Soon"", ""timed_overlap"": 2, ""column_overlap"": 2}]",completed,55,10,36
200,162,proximal-replay,3,sort,blue,76,76,76,,7,7,0,0,,80,"[{""word"": ""blue"", ""timed_overlap"": 7, ""column_overlap"": 7}, {""word"": ""gathered"", ""timed_overlap"": 2, ""column_overlap"": 3}, {""word"": ""daughter"", ""timed_overlap"": 2, ""column_overlap"": 3}, {""word"": ""youth"", ""timed_overlap"": 2, ""column_overlap"": 3}, {""word"": ""'m"", ""timed_overlap"": 2, ""column_overlap"": 2}]",completed,46,10,27
200,162,proximal-replay,4,",",with,32,32,32,,9,9,0,0,,72,"[{""word"": ""with"", ""timed_overlap"": 9, ""column_overlap"": 9}, {""word"": ""Well"", ""timed_overlap"": 2, ""column_overlap"": 2}, {""word"": ""feet"", ""timed_overlap"": 2, ""column_overlap"": 2}, {""word"": ""thing"", ""timed_overlap"": 1, ""column_overlap"": 4}, {""word"": ""these"", ""timed_overlap"": 1, ""column_overlap"": 4}]",completed,37,10,10
200,163,proximal-replay,1,some,some,77,77,77,,3,3,3,3,1,68,"[{""word"": ""some"", ""timed_overlap"": 3, ""column_overlap"": 3}, {""word"": ""a"", ""timed_overlap"": 3, ""column_overlap"": 3}, {""word"": ""Worth"", ""timed_overlap"": 2, ""column_overlap"": 3}, {""word"": ""at"", ""timed_overlap"": 2, ""column_overlap"": 2}, {""word"": ""Elder"", ""timed_overlap"": 2, ""column_overlap"": 2}]",completed,46,10,36
200,163,proximal-replay,2,time,time,77,77,77,,5,5,5,5,1,80,"[{""word"": ""time"", ""timed_overlap"": 5, ""column_overlap"": 5}, {""word"": ""right"", ""timed_overlap"": 3, ""column_overlap"": 5}, {""word"": ""distance"", ""timed_overlap"": 3, ""column_overlap"": 4}, {""word"": ""know"", ""timed_overlap"": 2, ""column_overlap"": 3}, {""word"": ""she"", ""timed_overlap"": 2, ""column_overlap"": 3}]",completed,46,10,18
200,163,proximal-replay,3,",",",",51,51,51,,3,4,3,4,1,68,"[{""word"": "","", ""timed_overlap"": 3, ""column_overlap"": 4}, {""word"": ""already"", ""timed_overlap"": 2, ""column_overlap"": 2}, {""word"": ""Isabel"", ""timed_overlap"": 1, ""column_overlap"": 5}, {""word"": ""everything"", ""timed_overlap"": 1, ""column_overlap"": 4}, {""word"": ""tasted"", ""timed_overlap"": 1, ""column_overlap"": 4}]",completed,28,10,36
200,163,proximal-replay,4,but,who,99,99,99,,2,2,0,0,,67,"[{""word"": ""who"", ""timed_overlap"": 2, ""column_overlap"": 2}, {""word"": ""''"", ""timed_overlap"": 2, ""column_overlap"": 2}, {""word"": ""Danny"", ""timed_overlap"": 2, ""column_overlap"": 2}, {""word"": ""ye"", ""timed_overlap"": 1, ""column_overlap"": 5}, {""word"": ""grass"", ""timed_overlap"": 1, ""column_overlap"": 4}]",completed,46,10,27
200,164,proximal-replay,1,a,'m,88,88,88,,2,3,1,1,56,60,"[{""word"": ""'m"", ""timed_overlap"": 2, ""column_overlap"": 3}, {""word"": ""Soon"", ""timed_overlap"": 2, ""column_overlap"": 2}, {""word"": ""am"", ""timed_overlap"": 2, ""column_overlap"": 2}, {""word"": ""grown"", ""timed_overlap"": 1, ""column_overlap"": 4}, {""word"": ""ever"", ""timed_overlap"": 1, ""column_overlap"": 4}]",completed,73,10,46
200,164,proximal-replay,2,world,cup,90,90,90,,3,3,0,0,,70,"[{""word"": ""cup"", ""timed_overlap"": 3, ""column_overlap"": 3}, {""word"": ""Dacca"", ""timed_overlap"": 1, ""column_overlap"": 4}, {""word"": ""leafy"", ""timed_overlap"": 1, ""column_overlap"": 4}, {""word"": ""pulled"", ""timed_overlap"": 1, ""column_overlap"": 3}, {""word"": ""happened"", ""timed_overlap"": 1, ""column_overlap"": 3}]",completed,55,10,54
200,164,proximal-replay,3,whither,of,75,75,75,,7,7,0,0,,74,"[{""word"": ""of"", ""timed_overlap"": 7, ""column_overlap"": 7}, {""word"": ""well"", ""timed_overlap"": 2, ""column_overlap"": 3}, {""word"": ""Robert"", ""timed_overlap"": 2, ""column_overlap"": 3}, {""word"": ""Lawful"", ""timed_overlap"": 2, ""column_overlap"": 2}, {""word"": ""wind"", ""timed_overlap"": 2, ""column_overlap"": 2}]",completed,64,10,27
200,164,proximal-replay,4,none,clouded,84,84,84,,5,5,0,0,,75,"[{""word"": ""clouded"", ""timed_overlap"": 5, ""column_overlap"": 5}, {""word"": ""the"", ""timed_overlap"": 3, ""column_overlap"": 4}, {""word"": ""river"", ""timed_overlap"": 2, ""column_overlap"": 4}, {""word"": ""find"", ""timed_overlap"": 2, ""column_overlap"": 2}, {""word"": ""pictures"", ""timed_overlap"": 2, ""column_overlap"": 2}]",completed,37,10,27
200,165,proximal-replay,1,Louisa,Louisa,53,53,53,,8,8,8,8,1,68,"[{""word"": ""Louisa"", ""timed_overlap"": 8, ""column_overlap"": 8}, {""word"": ""beauty"", ""timed_overlap"": 2, ""column_overlap"": 4}, {""word"": ""Puck"", ""timed_overlap"": 2, ""column_overlap"": 3}, {""word"": ""remembering"", ""timed_overlap"": 2, ""column_overlap"": 2}, {""word"": ""``"", ""timed_overlap"": 2, ""column_overlap"": 2}]",completed,55,10,9
200,165,proximal-replay,2,'s,'s,19,19,19,,9,9,9,9,1,72,"[{""word"": ""'s"", ""timed_overlap"": 9, ""column_overlap"": 9}, {""word"": ""fall"", ""timed_overlap"": 3, ""column_overlap"": 3}, {""word"": ""anxious"", ""timed_overlap"": 2, ""column_overlap"": 3}, {""word"": ""Aunt"", ""timed_overlap"": 2, ""column_overlap"": 2}, {""word"": ""'em"", ""timed_overlap"": 2, ""column_overlap"": 2}]",completed,19,10,10
200,165,proximal-replay,3,thumb,thumb,43,43,43,,6,6,6,6,1,65,"[{""word"": ""thumb"", ""timed_overlap"": 6, ""column_overlap"": 6}, {""word"": ""motives"", ""timed_overlap"": 2, ""column_overlap"": 4}, {""word"": ""body"", ""timed_overlap"": 2, ""column_overlap"": 3}, {""word"": ""Robert"", ""timed_overlap"": 2, ""column_overlap"": 2}, {""word"": ""glided"", ""timed_overlap"": 2, ""column_overlap"": 2}]",completed,19,10,18
200,165,proximal-replay,4,.,.,37,37,37,,5,5,5,5,1,77,"[{""word"": ""."", ""timed_overlap"": 5, ""column_overlap"": 5}, {""word"": ""Hans"", ""timed_overlap"": 2, ""column_overlap"": 3}, {""word"": ""So"", ""timed_overlap"": 2, ""column_overlap"": 2}, {""word"": ""troublous"", ""timed_overlap"": 2, ""column_overlap"": 2}, {""word"": ""hearse"", ""timed_overlap"": 1, ""column_overlap"": 3}]",completed,28,10,36
200,166,proximal-replay,1,kindest,whole,100,100,100,,2,4,0,0,,81,"[{""word"": ""whole"", ""timed_overlap"": 2, ""column_overlap"": 4}, {""word"": ""expect"", ""timed_overlap"": 2, ""column_overlap"": 3}, {""word"": ""'"", ""timed_overlap"": 2, ""column_overlap"": 2}, {""word"": ""queen"", ""timed_overlap"": 2, ""column_overlap"": 2}, {""word"": ""snuff-box"", ""timed_overlap"": 1, ""column_overlap"": 3}]",completed,55,10,63
200,166,proximal-replay,2,old,week,84,84,84,,4,4,0,0,,55,"[{""word"": ""week"", ""timed_overlap"": 4, ""column_overlap"": 4}, {""word"": ""started"", ""timed_overlap"": 2, ""column_overlap"": 3}, {""word"": ""land"", ""timed_overlap"": 2, ""column_overlap"": 2}, {""word"": ""be"", ""timed_overlap"": 2, ""column_overlap"": 2}, {""word"": ""common"", ""timed_overlap"": 2, ""column_overlap"": 2}]",completed,73,10,36
200,166,proximal-replay,3,people,ask,70,70,70,,2,3,1,1,43,65,"[{""word"": ""ask"", ""timed_overlap"": 2, ""column_overlap"": 3}, {""word"": ""they"", ""timed_overlap"": 2, ""column_overlap"": 2}, {""word"": ""hear"", ""timed_overlap"": 1, ""column_overlap"": 4}, {""word"": ""Gilbert"", ""timed_overlap"": 1, ""column_overlap"": 4}, {""word"": ""O"", ""timed_overlap"": 1, ""column_overlap"": 3}]",completed,46,10,74
200,166,proximal-replay,4,in,fellow,97,97,97,,2,4,0,0,,65,"[{""word"": ""fellow"", ""timed_overlap"": 2, ""column_overlap"": 4}, {""word"": ""O"", ""timed_overlap"": 1, ""column_overlap"": 4}, {""word"": ""pretence"", ""timed_overlap"": 1, ""column_overlap"": 3}, {""word"": ""can"", ""timed_overlap"": 1, ""column_overlap"": 3}, {""word"": ""feeling"", ""timed_overlap"": 1, ""column_overlap"": 3}]",completed,82,10,64
200,167,proximal-replay,1,",",our,79,79,79,,2,3,2,2,4,90,"[{""word"": ""our"", ""timed_overlap"": 2, ""column_overlap"": 3}, {""word"": ""Elliott"", ""timed_overlap"": 2, ""column_overlap"": 2}, {""word"": ""leafy"", ""timed_overlap"": 2, ""column_overlap"": 2}, {""word"": "","", ""timed_overlap"": 2, ""column_overlap"": 2}, {""word"": ""Frank"", ""timed_overlap"": 2, ""column_overlap"": 2}]",completed,73,10,73
200,167,proximal-replay,2,',heads,81,81,81,,3,3,0,0,,79,"[{""word"": ""heads"", ""timed_overlap"": 3, ""column_overlap"": 3}, {""word"": ""high"", ""timed_overlap"": 2, ""column_overlap"": 3}, {""word"": ""What"", ""timed_overlap"": 1, ""column_overlap"": 4}, {""word"": ""Dacca"", ""timed_overlap"": 1, ""column_overlap"": 4}, {""word"": ""they"", ""timed_overlap"": 1, ""column_overlap"": 3}]",completed,82,10,45
200,167,proximal-replay,3,answered,instead,86,86,86,,2,4,0,0,,73,"[{""word"": ""instead"", ""timed_overlap"": 2, ""column_overlap"": 4}, {""word"": ""leafy"", ""timed_overlap"": 2, ""column_overlap"": 3}, {""word"": ""cup"", ""timed_overlap"": 2, ""column_overlap"": 3}, {""word"": ""time"", ""timed_overlap"": 2, ""column_overlap"": 2}, {""word"": ""and"", ""timed_overlap"": 1, ""column_overlap"": 4}]",completed,55,10,74
200,167,proximal-replay,4,Hans,length,82,82,82,,2,2,0,0,,70,"[{""word"": ""length"", ""timed_overlap"": 2, ""column_overlap"": 2}, {""word"": ""Alan"", ""timed_overlap"": 2, ""column_overlap"": 2}, {""word"": ""such"", ""timed_overlap"": 2, ""column_overlap"": 2}, {""word"": ""under"", ""timed_overlap"": 2, ""column_overlap"": 2}, {""word"": ""large"", ""timed_overlap"": 1, ""column_overlap"": 4}]",completed,82,10,65
200,168,proximal-replay,1,Grant,Douglas,78,78,78,,5,5,1,2,16,66,"[{""word"": ""Douglas"", ""timed_overlap"": 5, ""column_overlap"": 5}, {""word"": ""Elliott"", ""timed_overlap"": 2, ""column_overlap"": 3}, {""word"": ""Cecily"", ""timed_overlap"": 1, ""column_overlap"": 4}, {""word"": ""dragging"", ""timed_overlap"": 1, ""column_overlap"": 3}, {""word"": ""off"", ""timed_overlap"": 1, ""column_overlap"": 3}]",completed,64,10,36
200,168,proximal-replay,2,--,would,64,64,64,,5,5,0,0,,70,"[{""word"": ""would"", ""timed_overlap"": 5, ""column_overlap"": 5}, {""word"": ""treat"", ""timed_overlap"": 2, ""column_overlap"": 3}, {""word"": ""has"", ""timed_overlap"": 2, ""column_overlap"": 3}, {""word"": ""thoughtful"", ""timed_overlap"": 2, ""column_overlap"": 2}, {""word"": ""dragging"", ""timed_overlap"": 2, ""column_overlap"": 2}]",completed,46,10,27
200,168,proximal-replay,3,do,think,50,50,50,,9,9,0,0,,77,"[{""word"": ""think"", ""timed_overlap"": 9, ""column_overlap"": 9}, {""word"": ""pudding"", ""timed_overlap"": 1, ""column_overlap"": 4}, {""word"": ""Gwythyr"", ""timed_overlap"": 1, ""column_overlap"": 3}, {""word"": ""admitted"", ""timed_overlap"": 1, ""column_overlap"": 3}, {""word"": ""wished"", ""timed_overlap"": 1, ""column_overlap"": 3}]",completed,37,10,9
200,168,proximal-replay,4,n't,it,22,22,22,,4,6,0,0,,59,"[{""word"": ""it"", ""timed_overlap"": 4, ""column_overlap"": 6}, {""word"": ""thought"", ""timed_overlap"": 2, ""column_overlap"": 4}, {""word"": ""some"", ""timed_overlap"": 2, ""column_overlap"": 3}, {""word"": ""save"", ""timed_overlap"": 2, ""column_overlap"": 2}, {""word"": ""Square"", ""timed_overlap"": 1, ""column_overlap"": 4}]",completed,19,10,55
200,169,proximal-replay,1,the,week,86,86,86,,2,3,0,0,,87,"[{""word"": ""week"", ""timed_overlap"": 2, ""column_overlap"": 3}, {""word"": ""his"", ""timed_overlap"": 2, ""column_overlap"": 3}, {""word"": ""went"", ""timed_overlap"": 2, ""column_overlap"": 3}, {""word"": ""soft"", ""timed_overlap"": 2, ""column_overlap"": 2}, {""word"": ""strange"", ""timed_overlap"": 2, ""column_overlap"": 2}]",completed,64,10,74
200,169,proximal-replay,2,frock,harm,81,81,81,,2,3,0,0,,51,"[{""word"": ""harm"", ""timed_overlap"": 2, ""column_overlap"": 3}, {""word"": ""they"", ""timed_overlap"": 2, ""column_overlap"": 3}, {""word"": ""and"", ""timed_overlap"": 1, ""column_overlap"": 4}, {""word"": ""remember"", ""timed_overlap"": 1, ""column_overlap"": 3}, {""word"": ""Meadow"", ""timed_overlap"": 1, ""column_overlap"": 3}]",completed,82,10,74
200,169,proximal-replay,3,she,After,93,93,93,,2,3,0,0,,70,"[{""word"": ""After"", ""timed_overlap"": 2, ""column_overlap"": 3}, {""word"": ""girl"", ""timed_overlap"": 2, ""column_overlap"": 2}, {""word"": ""tasted"", ""timed_overlap"": 2, ""column_overlap"": 2}, {""word"": ""we"", ""timed_overlap"": 1, ""column_overlap"": 5}, {""word"": ""care"", ""timed_overlap"": 1, ""column_overlap"": 4}]",completed,82,10,72
200,169,proximal-replay,4,had,says,84,84,84,,3,3,0,0,,62,"[{""word"": ""says"", ""timed_overlap"": 3, ""column_overlap"": 3}, {""word"": ""Wendy"", ""timed_overlap"": 2, ""column_overlap"": 3}, {""word"": ""our"", ""timed_overlap"": 2, ""column_overlap"": 3}, {""word"": ""'"", ""timed_overlap"": 2, ""column_overlap"": 3}, {""word"": ""drop"", ""timed_overlap"": 2, ""column_overlap"": 3}]",completed,82,10,55
200,170,proximal-replay,1,his,his,96,96,96,,3,3,3,3,1,65,"[{""word"": ""his"", ""timed_overlap"": 3, ""column_overlap"": 3}, {""word"": ""they"", ""timed_overlap"": 2, ""column_overlap"": 3}, {""word"": ""mischievous"", ""timed_overlap"": 2, ""column_overlap"": 2}, {""word"": ""wife"", ""timed_overlap"": 1, ""column_overlap"": 4}, {""word"": ""save"", ""timed_overlap"": 1, ""column_overlap"": 3}]",completed,55,10,63
200,170,proximal-replay,2,horse,busybodies,97,97,97,,3,4,1,1,65,69,"[{""word"": ""busybodies"", ""timed_overlap"": 3, ""column_overlap"": 4}, {""word"": ""dark"", ""timed_overlap"": 2, ""column_overlap"": 4}, {""word"": ""poor"", ""timed_overlap"": 2, ""column_overlap"": 3}, {""word"": ""wife"", ""timed_overlap"": 2, ""column_overlap"": 2}, {""word"": "","", ""timed_overlap"": 2, ""column_overlap"": 2}]",completed,73,10,63
200,170,proximal-replay,3,",",welcome,76,76,76,,2,3,2,2,4,60,"[{""word"": ""welcome"", ""timed_overlap"": 2, ""column_overlap"": 3}, {""word"": ""times"", ""timed_overlap"": 2, ""column_overlap"": 2}, {""word"": ""forget"", ""timed_overlap"": 2, ""column_overlap"": 2}, {""word"": "","", ""timed_overlap"": 2, ""column_overlap"": 2}, {""word"": ""except"", ""timed_overlap"": 1, ""column_overlap"": 4}]",completed,73,10,74
200,170,proximal-replay,4,began,Now,77,77,77,,2,4,0,0,,75,"[{""word"": ""Now"", ""timed_overlap"": 2, ""column_overlap"": 4}, {""word"": ""and"", ""timed_overlap"": 2, ""column_overlap"": 3}, {""word"": ""anything"", ""timed_overlap"": 2, ""column_overlap"": 3}, {""word"": ""cup"", ""timed_overlap"": 2, ""column_overlap"": 3}, {""word"": ""pay"", ""timed_overlap"": 2, ""column_overlap"": 2}]",completed,82,10,66
200,171,proximal-replay,1,took,took,87,87,87,,3,3,3,3,1,76,"[{""word"": ""took"", ""timed_overlap"": 3, ""column_overlap"": 3}, {""word"": ""?"", ""timed_overlap"": 2, ""column_overlap"": 4}, {""word"": ""royal"", ""timed_overlap"": 2, ""column_overlap"": 2}, {""word"": ""pride"", ""timed_overlap"": 2, ""column_overlap"": 2}, {""word"": ""value"", ""timed_overlap"": 2, ""column_overlap"": 2}]",completed,73,10,54
200,171,proximal-replay,2,him,the,70,70,70,,4,5,2,4,2,67,"[{""word"": ""the"", ""timed_overlap"": 4, ""column_overlap"": 5}, {""word"": ""him"", ""timed_overlap"": 2, ""column_overlap"": 4}, {""word"": ""six"", ""timed_overlap"": 2, ""column_overlap"": 3}, {""word"": ""me"", ""timed_overlap"": 2, ""column_overlap"": 2}, {""word"": ""present"", ""timed_overlap"": 2, ""column_overlap"": 2}]",completed,64,10,45
200,171,proximal-replay,3,up,prince,100,100,100,,4,4,0,0,,69,"[{""word"": ""prince"", ""timed_overlap"": 4, ""column_overlap"": 4}, {""word"": ""or"", ""timed_overlap"": 2, ""column_overlap"": 3}, {""word"": ""price"", ""timed_overlap"": 2, ""column_overlap"": 3}, {""word"": ""'"", ""timed_overlap"": 2, ""column_overlap"": 2}, {""word"": ""large"", ""timed_overlap"": 1, ""column_overlap"": 4}]",completed,55,10,45
200,171,proximal-replay,4,and,confessed,84,84,84,,6,6,0,0,,69,"[{""word"": ""confessed"", ""timed_overlap"": 6, ""column_overlap"": 6}, {""word"": ""into"", ""timed_overlap"": 2, ""column_overlap"": 3}, {""word"": ""major"", ""timed_overlap"": 2, ""column_overlap"": 3}, {""word"": ""no"", ""timed_overlap"": 2, ""column_overlap"": 3}, {""word"": ""that"", ""timed_overlap"": 2, ""column_overlap"": 2}]",completed,55,10,27
200,172,proximal-replay,1,'m,pink,100,100,100,,1,4,0,0,,73,"[{""word"": ""pink"", ""timed_overlap"": 1, ""column_overlap"": 4}, {""word"": ""grass"", ""timed_overlap"": 1, ""column_overlap"": 3}, {""word"": ""ye"", ""timed_overlap"": 1, ""column_overlap"": 3}, {""word"": ""eaten"", ""timed_overlap"": 1, ""column_overlap"": 3}, {""word"": ""desert"", ""timed_overlap"": 1, ""column_overlap"": 3}]",completed,73,10,81
200,172,proximal-replay,2,",",ones,85,85,85,,4,4,0,0,,63,"[{""word"": ""ones"", ""timed_overlap"": 4, ""column_overlap"": 4}, {""word"": ""got"", ""timed_overlap"": 2, ""column_overlap"": 3}, {""word"": ""saw"", ""timed_overlap"": 2, ""column_overlap"": 2}, {""word"": ""seen"", ""timed_overlap"": 1, ""column_overlap"": 4}, {""word"": ""therefore"", ""timed_overlap"": 1, ""column_overlap"": 4}]",completed,91,10,54
200,172,proximal-replay,3,my,best,81,81,81,,6,6,0,0,,75,"[{""word"": ""best"", ""timed_overlap"": 6, ""column_overlap"": 6}, {""word"": ""ought"", ""timed_overlap"": 2, ""column_overlap"": 3}, {""word"": ""For"", ""timed_overlap"": 2, ""column_overlap"": 3}, {""word"": ""wonder"", ""timed_overlap"": 2, ""column_overlap"": 2}, {""word"": ""are"", ""timed_overlap"": 2, ""column_overlap"": 2}]",completed,64,10,36
200,172,proximal-replay,4,name,are,68,68,68,,2,2,0,0,,83,"[{""word"": ""are"", ""timed_overlap"": 2, ""column_overlap"": 2}, {""word"": ""petals"", ""timed_overlap"": 1, ""column_overlap"": 4}, {""word"": ""time"", ""timed_overlap"": 1, ""column_overlap"": 4}, {""word"": ""cow"", ""timed_overlap"": 1, ""column_overlap"": 4}, {""word"": ""Wildrose"", ""timed_overlap"": 1, ""column_overlap"": 4}]",completed,46,10,28
200,173,proximal-replay,1,'',This,100,100,100,,2,2,1,1,64,75,"[{""word"": ""This"", ""timed_overlap"": 2, ""column_overlap"": 2}, {""word"": ""beauty"", ""timed_overlap"": 1, ""column_overlap"": 4}, {""word"": ""pink"", ""timed_overlap"": 1, ""column_overlap"": 4}, {""word"": ""flashes"", ""timed_overlap"": 1, ""column_overlap"": 4}, {""word"": ""Miss"", ""timed_overlap"": 1, ""column_overlap"": 3}]",completed,82,10,63
200,173,proximal-replay,2,said,pay,90,90,90,,2,3,1,4,6,78,"[{""word"": ""pay"", ""timed_overlap"": 2, ""column_overlap"": 3}, {""word"": ""suited"", ""timed_overlap"": 2, ""column_overlap"": 2}, {""word"": ""thank"", ""timed_overlap"": 2, ""column_overlap"": 2}, {""word"": ""Every"", ""timed_overlap"": 2, ""column_overlap"": 2}, {""word"": ""ride"", ""timed_overlap"": 1, ""column_overlap"": 4}]",completed,73,10,54
200,173,proximal-replay,3,Frank,for,73,73,73,,3,3,0,0,,53,"[{""word"": ""for"", ""timed_overlap"": 3, ""column_overlap"": 3}, {""word"": ""present"", ""timed_overlap"": 2, ""column_overlap"": 3}, {""word"": ""heads"", ""timed_overlap"": 2, ""column_overlap"": 2}, {""word"": ""Nay"", ""timed_overlap"": 1, ""column_overlap"": 5}, {""word"": ""?"", ""timed_overlap"": 1, ""column_overlap"": 3}]",completed,64,10,46
200,173,proximal-replay,4,",",the,78,78,78,,4,4,0,0,,75,"[{""word"": ""the"", ""timed_overlap"": 4, ""column_overlap"": 4}, {""word"": ""river"", ""timed_overlap"": 2, ""column_overlap"": 2}, {""word"": ""some"", ""timed_overlap"": 2, ""column_overlap"": 2}, {""word"": ""present"", ""timed_overlap"": 2, ""column_overlap"": 2}, {""word"": ""slaves"", ""timed_overlap"": 1, ""column_overlap"": 4}]",completed,55,10,36
200,174,proximal-replay,1,says,sable,95,95,95,,2,4,1,2,21,77,"[{""word"": ""sable"", ""timed_overlap"": 2, ""column_overlap"": 4}, {""word"": ""quaggi"", ""timed_overlap"": 2, ""column_overlap"": 4}, {""word"": ""underneath"", ""timed_overlap"": 2, ""column_overlap"": 3}, {""word"": ""said"", ""timed_overlap"": 2, ""column_overlap"": 2}, {""word"": ""dear"", ""timed_overlap"": 2, ""column_overlap"": 2}]",completed,82,10,54
200,174,proximal-replay,2,he,pursuit,87,87,87,,2,4,0,0,,85,"[{""word"": ""pursuit"", ""timed_overlap"": 2, ""column_overlap"": 4}, {""word"": ""anything"", ""timed_overlap"": 2, ""column_overlap"": 3}, {""word"": ""anxious"", ""timed_overlap"": 2, ""column_overlap"": 2}, {""word"": ""Pretty"", ""timed_overlap"": 2, ""column_overlap"": 2}, {""word"": ""friend"", ""timed_overlap"": 1, ""column_overlap"": 4}]",completed,64,10,66
200,174,proximal-replay,3,",",wise,87,87,87,,2,3,0,0,,60,"[{""word"": ""wise"", ""timed_overlap"": 2, ""column_overlap"": 3}, {""word"": ""Of"", ""timed_overlap"": 2, ""column_overlap"": 2}, {""word"": ""lie"", ""timed_overlap"": 2, ""column_overlap"": 2}, {""word"": ""beneath"", ""timed_overlap"": 2, ""column_overlap"": 2}, {""word"": ""people"", ""timed_overlap"": 2, ""column_overlap"": 2}]",completed,73,10,74
200,174,proximal-replay,4,``,overhead,78,78,78,,2,3,0,0,,70,"[{""word"": ""overhead"", ""timed_overlap"": 2, ""column_overlap"": 3}, {""word"": ""way"", ""timed_overlap"": 2, ""column_overlap"": 2}, {""word"": ""man"", ""timed_overlap"": 2, ""column_overlap"": 2}, {""word"": ""fellow"", ""timed_overlap"": 1, ""column_overlap"": 3}, {""word"": ""and"", ""timed_overlap"": 1, ""column_overlap"": 3}]",completed,82,10,75
200,175,proximal-replay,1,",",",",78,78,78,,3,4,3,4,1,76,"[{""word"": "","", ""timed_overlap"": 3, ""column_overlap"": 4}, {""word"": ""confessed"", ""timed_overlap"": 2, ""column_overlap"": 3}, {""word"": ""times"", ""timed_overlap"": 2, ""column_overlap"": 2}, {""word"": ""good"", ""timed_overlap"": 1, ""column_overlap"": 4}, {""word"": ""welcome"", ""timed_overlap"": 1, ""column_overlap"": 4}]",completed,73,10,54
200,175,proximal-replay,2,but,grass,100,100,100,,2,3,0,0,,76,"[{""word"": ""grass"", ""timed_overlap"": 2, ""column_overlap"": 3}, {""word"": ""''"", ""timed_overlap"": 2, ""column_overlap"": 2}, {""word"": ""it"", ""timed_overlap"": 2, ""column_overlap"": 2}, {""word"": ""Raising"", ""timed_overlap"": 2, ""column_overlap"": 2}, {""word"": ""beauty"", ""timed_overlap"": 1, ""column_overlap"": 5}]",completed,64,10,72
200,175,proximal-replay,3,very,find,87,87,87,,2,3,0,0,,70,"[{""word"": ""find"", ""timed_overlap"": 2, ""column_overlap"": 3}, {""word"": "","", ""timed_overlap"": 2, ""column_overlap"": 3}, {""word"": ""Every"", ""timed_overlap"": 2, ""column_overlap"": 3}, {""word"": ""are"", ""timed_overlap"": 1, ""column_overlap"": 4}, {""word"": ""all"", ""timed_overlap"": 1, ""column_overlap"": 4}]",completed,82,10,55
200,175,proximal-replay,4,good,that,83,83,83,,4,4,1,1,47,61,"[{""word"": ""that"", ""timed_overlap"": 4, ""column_overlap"": 4}, {""word"": ""next"", ""timed_overlap"": 2, ""column_overlap"": 3}, {""word"": ""1715"", ""timed_overlap"": 2, ""column_overlap"": 3}, {""word"": ""confessed"", ""timed_overlap"": 2, ""column_overlap"": 2}, {""word"": ""Something"", ""timed_overlap"": 1, ""column_overlap"": 4}]",completed,64,10,28
200,176,proximal-replay,1,busybodies,busybodies,56,56,56,,6,6,6,6,1,88,"[{""word"": ""busybodies"", ""timed_overlap"": 6, ""column_overlap"": 6}, {""word"": ""Alan"", ""timed_overlap"": 2, ""column_overlap"": 3}, {""word"": ""plenty"", ""timed_overlap"": 2, ""column_overlap"": 3}, {""word"": ""the"", ""timed_overlap"": 2, ""column_overlap"": 2}, {""word"": ""planned"", ""timed_overlap"": 1, ""column_overlap"": 4}]",completed,46,10,36
200,176,proximal-replay,2,",",",",62,62,62,,3,3,3,3,1,76,"[{""word"": "","", ""timed_overlap"": 3, ""column_overlap"": 3}, {""word"": ""hear"", ""timed_overlap"": 2, ""column_overlap"": 4}, {""word"": ""welcome"", ""timed_overlap"": 2, ""column_overlap"": 3}, {""word"": ""forget"", ""timed_overlap"": 2, ""column_overlap"": 2}, {""word"": ""times"", ""timed_overlap"": 2, ""column_overlap"": 2}]",completed,46,10,54
200,176,proximal-replay,3,she,for,99,99,99,,2,3,1,1,44,72,"[{""word"": ""for"", ""timed_overlap"": 2, ""column_overlap"": 3}, {""word"": ""fact"", ""timed_overlap"": 2, ""column_overlap"": 2}, {""word"": ""''"", ""timed_overlap"": 2, ""column_overlap"": 2}, {""word"": ""grass"", ""timed_overlap"": 1, ""column_overlap"": 4}, {""word"": ""and"", ""timed_overlap"": 1, ""column_overlap"": 4}]",completed,64,10,54
200,176,proximal-replay,4,wanted,the,78,78,78,,3,3,0,0,,83,"[{""word"": ""the"", ""timed_overlap"": 3, ""column_overlap"": 3}, {""word"": ""river"", ""timed_overlap"": 2, ""column_overlap"": 4}, {""word"": ""amused"", ""timed_overlap"": 2, ""column_overlap"": 3}, {""word"": ""some"", ""timed_overlap"": 2, ""column_overlap"": 2}, {""word"": ""be"", ""timed_overlap"": 1, ""column_overlap"": 4}]",completed,64,10,36
200,177,proximal-replay,1,helmet,prince,100,100,100,,4,4,1,1,54,69,"[{""word"": ""prince"", ""timed_overlap"": 4, ""column_overlap"": 4}, {""word"": ""or"", ""timed_overlap"": 2, ""column_overlap"": 3}, {""word"": ""price"", ""timed_overlap"": 2, ""column_overlap"": 3}, {""word"": ""'"", ""timed_overlap"": 2, ""column_overlap"": 2}, {""word"": ""large"", ""timed_overlap"": 1, ""column_overlap"": 4}]",completed,55,10,45
200,177,proximal-replay,2,off,confessed,84,84,84,,6,6,0,0,,69,"[{""word"": ""confessed"", ""timed_overlap"": 6, ""column_overlap"": 6}, {""word"": ""no"", ""timed_overlap"": 2, ""column_overlap"": 3}, {""word"": ""major"", ""timed_overlap"": 2, ""column_overlap"": 3}, {""word"": ""into"", ""timed_overlap"": 2, ""column_overlap"": 3}, {""word"": ""mutinously"", ""timed_overlap"": 2, ""column_overlap"": 2}]",completed,55,10,27
200,177,proximal-replay,3,again,Pekoe,89,89,89,,1,4,0,0,,66,"[{""word"": ""Pekoe"", ""timed_overlap"": 1, ""column_overlap"": 4}, {""word"": ""lady"", ""timed_overlap"": 1, ""column_overlap"": 3}, {""word"": ""thank"", ""timed_overlap"": 1, ""column_overlap"": 3}, {""word"": ""confessed"", ""timed_overlap"": 1, ""column_overlap"": 3}, {""word"": ""instead"", ""timed_overlap"": 1, ""column_overlap"": 3}]",completed,37,10,65
200,177,proximal-replay,4,--,fellow,85,85,85,,3,3,0,0,,79,"[{""word"": ""fellow"", ""timed_overlap"": 3, ""column_overlap"": 3}, {""word"": ""know"", ""timed_overlap"": 2, ""column_overlap"": 3}, {""word"": "","", ""timed_overlap"": 2, ""column_overlap"": 3}, {""word"": ""course"", ""timed_overlap"": 2, ""column_overlap"": 3}, {""word"": ""Jack"", ""timed_overlap"": 1, ""column_overlap"": 4}]",completed,73,10,65
200,178,proximal-replay,1,he,he,74,74,74,,4,4,4,4,1,76,"[{""word"": ""he"", ""timed_overlap"": 4, ""column_overlap"": 4}, {""word"": ""back"", ""timed_overlap"": 2, ""column_overlap"": 4}, {""word"": ""'"", ""timed_overlap"": 2, ""column_overlap"": 4}, {""word"": ""had"", ""timed_overlap"": 2, ""column_overlap"": 3}, {""word"": ""has"", ""timed_overlap"": 2, ""column_overlap"": 3}]",completed,64,10,36
200,178,proximal-replay,2,will,man,89,89,89,,3,3,1,2,35,76,"[{""word"": ""man"", ""timed_overlap"": 3, ""column_overlap"": 3}, {""word"": ""started"", ""timed_overlap"": 2, ""column_overlap"": 3}, {""word"": ""to"", ""timed_overlap"": 2, ""column_overlap"": 3}, {""word"": ""should"", ""timed_overlap"": 2, ""column_overlap"": 3}, {""word"": ""For"", ""timed_overlap"": 2, ""column_overlap"": 2}]",completed,46,10,63
200,178,proximal-replay,3,be,want,79,79,79,,2,4,1,1,68,79,"[{""word"": ""want"", ""timed_overlap"": 2, ""column_overlap"": 4}, {""word"": ""spur"", ""timed_overlap"": 2, ""column_overlap"": 3}, {""word"": ""image"", ""timed_overlap"": 2, ""column_overlap"": 3}, {""word"": ""Lady"", ""timed_overlap"": 1, ""column_overlap"": 5}, {""word"": ""Jimmy"", ""timed_overlap"": 1, ""column_overlap"": 4}]",completed,73,10,65
200,178,proximal-replay,4,here,people,80,80,80,,2,2,0,0,,59,"[{""word"": ""people"", ""timed_overlap"": 2, ""column_overlap"": 2}, {""word"": ""none"", ""timed_overlap"": 2, ""column_overlap"": 2}, {""word"": ""of"", ""timed_overlap"": 2, ""column_overlap"": 2}, {""word"": ""daughter"", ""timed_overlap"": 2, ""column_overlap"": 2}, {""word"": ""river"", ""timed_overlap"": 1, ""column_overlap"": 4}]",completed,73,10,65
200,179,proximal-replay,1,the,was,80,80,80,,2,4,1,3,11,76,"[{""word"": ""was"", ""timed_overlap"": 2, ""column_overlap"": 4}, {""word"": ""exactly"", ""timed_overlap"": 2, ""column_overlap"": 3}, {""word"": ""dark"", ""timed_overlap"": 2, ""column_overlap"": 3}, {""word"": ""reluctantly"", ""timed_overlap"": 2, ""column_overlap"": 2}, {""word"": ""does"", ""timed_overlap"": 1, ""column_overlap"": 4}]",completed,82,10,73
200,179,proximal-replay,2,snow,ride,98,98,98,,2,4,0,0,,81,"[{""word"": ""ride"", ""timed_overlap"": 2, ""column_overlap"": 4}, {""word"": ""so"", ""timed_overlap"": 2, ""column_overlap"": 3}, {""word"": ""feast"", ""timed_overlap"": 2, ""column_overlap"": 2}, {""word"": ""Pegasus"", ""timed_overlap"": 2, ""column_overlap"": 2}, {""word"": ""Soon"", ""timed_overlap"": 1, ""column_overlap"": 4}]",completed,82,10,54
200,179,proximal-replay,3,Danny,sluggish,82,82,82,,3,4,0,0,,89,"[{""word"": ""sluggish"", ""timed_overlap"": 3, ""column_overlap"": 4}, {""word"": ""sensible"", ""timed_overlap"": 2, ""column_overlap"": 3}, {""word"": ""saddle"", ""timed_overlap"": 2, ""column_overlap"": 2}, {""word"": ""forget"", ""timed_overlap"": 2, ""column_overlap"": 2}, {""word"": ""ruin"", ""timed_overlap"": 2, ""column_overlap"": 2}]",completed,64,10,63
200,179,proximal-replay,4,Meadow,West,75,75,75,,2,3,0,0,,69,"[{""word"": ""West"", ""timed_overlap"": 2, ""column_overlap"": 3}, {""word"": ""frozen"", ""timed_overlap"": 2, ""column_overlap"": 2}, {""word"": ""ask"", ""timed_overlap"": 1, ""column_overlap"": 4}, {""word"": ""Nay"", ""timed_overlap"": 1, ""column_overlap"": 3}, {""word"": ""Raising"", ""timed_overlap"": 1, ""column_overlap"": 3}]",completed,73,10,76
200,180,proximal-replay,1,'',bestrewn,99,99,99,,2,4,1,1,53,68,"[{""word"": ""bestrewn"", ""timed_overlap"": 2, ""column_overlap"": 4}, {""word"": ""Alice"", ""timed_overlap"": 1, ""column_overlap"": 3}, {""word"": ""companioned"", ""timed_overlap"": 1, ""column_overlap"": 3}, {""word"": ""anything"", ""timed_overlap"": 1, ""column_overlap"": 3}, {""word"": ""finish"", ""timed_overlap"": 1, ""column_overlap"": 3}]",completed,55,10,72
200,180,proximal-replay,2,cried,around,96,96,96,,2,3,0,0,,56,"[{""word"": ""around"", ""timed_overlap"": 2, ""column_overlap"": 3}, {""word"": ""After"", ""timed_overlap"": 2, ""column_overlap"": 3}, {""word"": ""care"", ""timed_overlap"": 2, ""column_overlap"": 2}, {""word"": ""frivolous"", ""timed_overlap"": 2, ""column_overlap"": 2}, {""word"": ""Spirit"", ""timed_overlap"": 2, ""column_overlap"": 2}]",completed,82,10,72
200,180,proximal-replay,3,my,pretence,88,88,88,,2,2,0,0,,67,"[{""word"": ""pretence"", ""timed_overlap"": 2, ""column_overlap"": 2}, {""word"": ""as"", ""timed_overlap"": 1, ""column_overlap"": 3}, {""word"": ""forbidden"", ""timed_overlap"": 1, ""column_overlap"": 3}, {""word"": ""confessed"", ""timed_overlap"": 1, ""column_overlap"": 3}, {""word"": ""forget"", ""timed_overlap"": 1, ""column_overlap"": 3}]",completed,82,10,72
200,180,proximal-replay,4,mother,wrongs,88,88,88,,2,3,0,0,,70,"[{""word"": ""wrongs"", ""timed_overlap"": 2, ""column_overlap"": 3}, {""word"": ""Obey"", ""timed_overlap"": 2, ""column_overlap"": 2}, {""word"": ""months"", ""timed_overlap"": 2, ""column_overlap"": 2}, {""word"": ""horses"", ""timed_overlap"": 2, ""column_overlap"": 2}, {""word"": ""heated"", ""timed_overlap"": 1, ""column_overlap"": 3}]",completed,82,10,63
200,181,proximal-replay,1,of,Bowser,70,70,70,,2,3,1,1,52,72,"[{""word"": ""Bowser"", ""timed_overlap"": 2, ""column_overlap"": 3}, {""word"": ""spoke"", ""timed_overlap"": 2, ""column_overlap"": 3}, {""word"": ""Alan"", ""timed_overlap"": 2, ""column_overlap"": 3}, {""word"": ""Remember"", ""timed_overlap"": 2, ""column_overlap"": 2}, {""word"": ""need"", ""timed_overlap"": 1, ""column_overlap"": 3}]",completed,64,10,64
200,181,proximal-replay,2,clouded,place,87,87,87,,2,4,0,0,,83,"[{""word"": ""place"", ""timed_overlap"": 2, ""column_overlap"": 4}, {""word"": ""saddle"", ""timed_overlap"": 2, ""column_overlap"": 3}, {""word"": ""to"", ""timed_overlap"": 2, ""column_overlap"": 3}, {""word"": ""mother"", ""timed_overlap"": 2, ""column_overlap"": 2}, {""word"": ""found"", ""timed_overlap"": 2, ""column_overlap"": 2}]",completed,73,10,65
200,181,proximal-replay,3,blue,bestrewn,91,91,91,,2,2,0,0,,73,"[{""word"": ""bestrewn"", ""timed_overlap"": 2, ""column_overlap"": 2}, {""word"": ""leafy"", ""timed_overlap"": 2, ""column_overlap"": 2}, {""word"": ""ought"", ""timed_overlap"": 2, ""column_overlap"": 2}, {""word"": ""poor"", ""timed_overlap"": 1, ""column_overlap"": 4}, {""word"": ""never"", ""timed_overlap"": 1, ""column_overlap"": 3}]",completed,73,10,72
200,181,proximal-replay,4,with,river,93,93,93,,2,3,0,0,,57,"[{""word"": ""river"", ""timed_overlap"": 2, ""column_overlap"": 3}, {""word"": ""they"", ""timed_overlap"": 2, ""column_overlap"": 3}, {""word"": ""doubly"", ""timed_overlap"": 2, ""column_overlap"": 2}, {""word"": ""daughter"", ""timed_overlap"": 2, ""column_overlap"": 2}, {""word"": ""poor"", ""timed_overlap"": 2, ""column_overlap"": 2}]",completed,82,10,64
200,182,proximal-replay,1,",",",",66,66,66,,4,4,4,4,1,76,"[{""word"": "","", ""timed_overlap"": 4, ""column_overlap"": 4}, {""word"": ""pretence"", ""timed_overlap"": 2, ""column_overlap"": 2}, {""word"": ""lump"", ""timed_overlap"": 1, ""column_overlap"": 4}, {""word"": ""denied"", ""timed_overlap"": 1, ""column_overlap"": 4}, {""word"": ""leafy"", ""timed_overlap"": 1, ""column_overlap"": 4}]",completed,46,10,54
200,182,proximal-replay,2,',grass,100,100,100,,2,4,0,0,,75,"[{""word"": ""grass"", ""timed_overlap"": 2, ""column_overlap"": 4}, {""word"": ""Raising"", ""timed_overlap"": 2, ""column_overlap"": 3}, {""word"": ""staring"", ""timed_overlap"": 2, ""column_overlap"": 2}, {""word"": ""when"", ""timed_overlap"": 2, ""column_overlap"": 2}, {""word"": ""admitted"", ""timed_overlap"": 2, ""column_overlap"": 2}]",completed,64,10,72
200,182,proximal-replay,3,I,",",87,87,87,,2,3,1,3,15,70,"[{""word"": "","", ""timed_overlap"": 2, ""column_overlap"": 3}, {""word"": ""Every"", ""timed_overlap"": 2, ""column_overlap"": 3}, {""word"": ""find"", ""timed_overlap"": 2, ""column_overlap"": 3}, {""word"": ""all"", ""timed_overlap"": 1, ""column_overlap"": 4}, {""word"": ""are"", ""timed_overlap"": 1, ""column_overlap"": 4}]",completed,82,10,72
200,182,proximal-replay,4,said,when,100,100,100,,2,2,0,0,,67,"[{""word"": ""when"", ""timed_overlap"": 2, ""column_overlap"": 2}, {""word"": ""all"", ""timed_overlap"": 2, ""column_overlap"": 2}, {""word"": ""setting"", ""timed_overlap"": 2, ""column_overlap"": 2}, {""word"": ""ye"", ""timed_overlap"": 1, ""column_overlap"": 3}, {""word"": ""an"", ""timed_overlap"": 1, ""column_overlap"": 3}]",completed,82,10,63
200,183,proximal-replay,1,a,at,91,91,91,,3,3,1,1,52,63,"[{""word"": ""at"", ""timed_overlap"": 3, ""column_overlap"": 3}, {""word"": ""Alice"", ""timed_overlap"": 2, ""column_overlap"": 4}, {""word"": ""Pekoe"", ""timed_overlap"": 2, ""column_overlap"": 4}, {""word"": ""so"", ""timed_overlap"": 2, ""column_overlap"": 3}, {""word"": ""later"", ""timed_overlap"": 2, ""column_overlap"": 2}]",completed,73,10,45
200,183,proximal-replay,2,few,That,80,80,80,,2,4,0,0,,72,"[{""word"": ""That"", ""timed_overlap"": 2, ""column_overlap"": 4}, {""word"": ""the"", ""timed_overlap"": 2, ""column_overlap"": 3}, {""word"": ""Puck"", ""timed_overlap"": 2, ""column_overlap"": 3}, {""word"": ""Look"", ""timed_overlap"": 2, ""column_overlap"": 2}, {""word"": ""wind"", ""timed_overlap"": 2, ""column_overlap"": 2}]",completed,55,10,76
200,183,proximal-replay,3,minutes,is,83,83,83,,4,4,0,0,,67,"[{""word"": ""is"", ""timed_overlap"": 4, ""column_overlap"": 4}, {""word"": ""answered"", ""timed_overlap"": 2, ""column_overlap"": 3}, {""word"": ""taking"", ""timed_overlap"": 1, ""column_overlap"": 4}, {""word"": ""curious"", ""timed_overlap"": 1, ""column_overlap"": 3}, {""word"": ""snow"", ""timed_overlap"": 1, ""column_overlap"": 3}]",completed,82,10,54
200,183,proximal-replay,4,sat,skins,87,87,87,,2,3,0,0,,68,"[{""word"": ""skins"", ""timed_overlap"": 2, ""column_overlap"": 3}, {""word"": ""thoughtful"", ""timed_overlap"": 2, ""column_overlap"": 3}, {""word"": ""rare"", ""timed_overlap"": 2, ""column_overlap"": 3}, {""word"": ""quite"", ""timed_overlap"": 2, ""column_overlap"": 2}, {""word"": ""words"", ""timed_overlap"": 2, ""column_overlap"": 2}]",completed,64,10,55
200,184,proximal-replay,1,it,it,22,22,22,,4,6,4,6,1,59,"[{""word"": ""it"", ""timed_overlap"": 4, ""column_overlap"": 6}, {""word"": ""thought"", ""timed_overlap"": 2, ""column_overlap"": 4}, {""word"": ""some"", ""timed_overlap"": 2, ""column_overlap"": 3}, {""word"": ""save"", ""timed_overlap"": 2, ""column_overlap"": 2}, {""word"": ""Square"", ""timed_overlap"": 1, ""column_overlap"": 4}]",completed,19,10,55
200,184,proximal-replay,2,terrible,He,94,94,94,,2,3,1,2,17,41,"[{""word"": ""He"", ""timed_overlap"": 2, ""column_overlap"": 3}, {""word"": ""does"", ""timed_overlap"": 2, ""column_overlap"": 2}, {""word"": ""Here"", ""timed_overlap"": 1, ""column_overlap"": 3}, {""word"": ""heard"", ""timed_overlap"": 1, ""column_overlap"": 3}, {""word"": ""come"", ""timed_overlap"": 1, ""column_overlap"": 3}]",completed,64,10,54
200,184,proximal-replay,3,frivolous,bared,78,78,78,,3,3,0,0,,61,"[{""word"": ""bared"", ""timed_overlap"": 3, ""column_overlap"": 3}, {""word"": ""felt"", ""timed_overlap"": 2, ""column_overlap"": 4}, {""word"": ""remember"", ""timed_overlap"": 2, ""column_overlap"": 2}, {""word"": ""thumb"", ""timed_overlap"": 1, ""column_overlap"": 3}, {""word"": ""plenty"", ""timed_overlap"": 1, ""column_overlap"": 3}]",completed,64,10,36
200,184,proximal-replay,4,and,his,36,36,36,,9,9,0,0,,88,"[{""word"": ""his"", ""timed_overlap"": 9, ""column_overlap"": 9}, {""word"": ""nine"", ""timed_overlap"": 3, ""column_overlap"": 5}, {""word"": ""may"", ""timed_overlap"": 2, ""column_overlap"": 3}, {""word"": ""strange"", ""timed_overlap"": 2, ""column_overlap"": 3}, {""word"": ""mischievous"", ""timed_overlap"": 2, ""column_overlap"": 3}]",completed,46,10,9
200,185,proximal-replay,1,daughter,mair,81,81,81,,4,4,3,3,2,83,"[{""word"": ""mair"", ""timed_overlap"": 4, ""column_overlap"": 4}, {""word"": ""daughter"", ""timed_overlap"": 3, ""column_overlap"": 3}, {""word"": ""Danny"", ""timed_overlap"": 2, ""column_overlap"": 2}, {""word"": ""Wendy"", ""timed_overlap"": 2, ""column_overlap"": 2}, {""word"": ""heart"", ""timed_overlap"": 2, ""column_overlap"": 2}]",completed,46,10,27
200,185,proximal-replay,2,the,",",36,36,36,,5,6,0,0,,76,"[{""word"": "","", ""timed_overlap"": 5, ""column_overlap"": 6}, {""word"": ""pile"", ""timed_overlap"": 2, ""column_overlap"": 3}, {""word"": ""Mother"", ""timed_overlap"": 2, ""column_overlap"": 3}, {""word"": ""leafy"", ""timed_overlap"": 2, ""column_overlap"": 2}, {""word"": ""order"", ""timed_overlap"": 2, ""column_overlap"": 2}]",completed,37,10,45
200,185,proximal-replay,3,price,grass,99,99,99,,1,4,0,0,,63,"[{""word"": ""grass"", ""timed_overlap"": 1, ""column_overlap"": 4}, {""word"": ""ye"", ""timed_overlap"": 1, ""column_overlap"": 4}, {""word"": ""Meadow"", ""timed_overlap"": 1, ""column_overlap"": 3}, {""word"": ""wrongs"", ""timed_overlap"": 1, ""column_overlap"": 3}, {""word"": ""Danny"", ""timed_overlap"": 1, ""column_overlap"": 3}]",completed,55,10,81
200,185,proximal-replay,4,of,find,87,87,87,,2,3,0,0,,70,"[{""word"": ""find"", ""timed_overlap"": 2, ""column_overlap"": 3}, {""word"": "","", ""timed_overlap"": 2, ""column_overlap"": 3}, {""word"": ""Every"", ""timed_overlap"": 2, ""column_overlap"": 3}, {""word"": ""are"", ""timed_overlap"": 1, ""column_overlap"": 4}, {""word"": ""all"", ""timed_overlap"": 1, ""column_overlap"": 4}]",completed,91,10,55
200,186,proximal-replay,1,far,far,77,77,77,,4,4,4,4,1,72,"[{""word"": ""far"", ""timed_overlap"": 4, ""column_overlap"": 4}, {""word"": ""--"", ""timed_overlap"": 2, ""column_overlap"": 4}, {""word"": ""unpractical"", ""timed_overlap"": 2, ""column_overlap"": 3}, {""word"": ""she"", ""timed_overlap"": 2, ""column_overlap"": 3}, {""word"": ""welcome"", ""timed_overlap"": 2, ""column_overlap"": 2}]",completed,46,10,54
200,186,proximal-replay,2,a,a,95,95,95,,4,4,4,4,1,70,"[{""word"": ""a"", ""timed_overlap"": 4, ""column_overlap"": 4}, {""word"": ""Good-bye"", ""timed_overlap"": 2, ""column_overlap"": 3}, {""word"": ""drew"", ""timed_overlap"": 1, ""column_overlap"": 4}, {""word"": ""hands"", ""timed_overlap"": 1, ""column_overlap"": 4}, {""word"": ""her"", ""timed_overlap"": 1, ""column_overlap"": 4}]",completed,64,10,45
200,186,proximal-replay,3,way,letter,95,95,95,,5,5,1,1,61,69,"[{""word"": ""letter"", ""timed_overlap"": 5, ""column_overlap"": 5}, {""word"": ""led"", ""timed_overlap"": 2, ""column_overlap"": 3}, {""word"": ""desert"", ""timed_overlap"": 2, ""column_overlap"": 2}, {""word"": ""smile"", ""timed_overlap"": 2, ""column_overlap"": 2}, {""word"": ""welcome"", ""timed_overlap"": 2, ""column_overlap"": 2}]",completed,55,10,45
200,186,proximal-replay,4,already,of,53,53,53,,6,6,0,0,,71,"[{""word"": ""of"", ""timed_overlap"": 6, ""column_overlap"": 6}, {""word"": ""people"", ""timed_overlap"": 2, ""column_overlap"": 2}, {""word"": ""III"", ""timed_overlap"": 2, ""column_overlap"": 2}, {""word"": ""said"", ""timed_overlap"": 1, ""column_overlap"": 4}, {""word"": ""long"", ""timed_overlap"": 1, ""column_overlap"": 4}]",completed,55,10,37
200,187,proximal-replay,1,curious,long,96,96,96,,2,4,1,1,74,82,"[{""word"": ""long"", ""timed_overlap"": 2, ""column_overlap"": 4}, {""word"": ""mischievous"", ""timed_overlap"": 2, ""column_overlap"": 3}, {""word"": ""spear"", ""timed_overlap"": 2, ""column_overlap"": 2}, {""word"": ""Nan"", ""timed_overlap"": 2, ""column_overlap"": 2}, {""word"": ""Louisa"", ""timed_overlap"": 2, ""column_overlap"": 2}]",completed,55,10,36
200,187,proximal-replay,2,thing,youth,62,62,62,,2,3,0,0,,87,"[{""word"": ""youth"", ""timed_overlap"": 2, ""column_overlap"": 3}, {""word"": ""at"", ""timed_overlap"": 2, ""column_overlap"": 3}, {""word"": ""some"", ""timed_overlap"": 2, ""column_overlap"": 2}, {""word"": ""I"", ""timed_overlap"": 2, ""column_overlap"": 2}, {""word"": ""end"", ""timed_overlap"": 2, ""column_overlap"": 2}]",completed,46,10,75
200,187,proximal-replay,3,happened,why,82,82,82,,2,5,0,0,,74,"[{""word"": ""why"", ""timed_overlap"": 2, ""column_overlap"": 5}, {""word"": ""or"", ""timed_overlap"": 2, ""column_overlap"": 4}, {""word"": ""ought"", ""timed_overlap"": 2, ""column_overlap"": 3}, {""word"": ""and"", ""timed_overlap"": 2, ""column_overlap"": 2}, {""word"": ""Soon"", ""timed_overlap"": 2, ""column_overlap"": 2}]",completed,82,10,74
200,187,proximal-replay,4,.,he,87,87,87,,5,5,0,0,,82,"[{""word"": ""he"", ""timed_overlap"": 5, ""column_overlap"": 5}, {""word"": ""head"", ""timed_overlap"": 2, ""column_overlap"": 2}, {""word"": ""howled"", ""timed_overlap"": 2, ""column_overlap"": 2}, {""word"": ""wilt"", ""timed_overlap"": 2, ""column_overlap"": 2}, {""word"": ""And"", ""timed_overlap"": 2, ""column_overlap"": 2}]",completed,82,10,45
200,188,proximal-replay,1,the,the,69,69,69,,5,5,5,5,1,62,"[{""word"": ""the"", ""timed_overlap"": 5, ""column_overlap"": 5}, {""word"": ""river"", ""timed_overlap"": 2, ""column_overlap"": 4}, {""word"": ""'m"", ""timed_overlap"": 2, ""column_overlap"": 4}, {""word"": ""lady"", ""timed_overlap"": 2, ""column_overlap"": 2}, {""word"": ""world"", ""timed_overlap"": 2, ""column_overlap"": 2}]",completed,28,10,46
200,188,proximal-replay,2,poor,whole,100,100,100,,2,3,0,0,,82,"[{""word"": ""whole"", ""timed_overlap"": 2, ""column_overlap"": 3}, {""word"": ""queen"", ""timed_overlap"": 2, ""column_overlap"": 3}, {""word"": ""prince"", ""timed_overlap"": 2, ""column_overlap"": 2}, {""word"": ""eggs"", ""timed_overlap"": 1, ""column_overlap"": 3}, {""word"": ""axe"", ""timed_overlap"": 1, ""column_overlap"": 3}]",completed,55,10,63
200,188,proximal-replay,3,girl,week,85,85,85,,4,4,0,0,,55,"[{""word"": ""week"", ""timed_overlap"": 4, ""column_overlap"": 4}, {""word"": ""word"", ""timed_overlap"": 2, ""column_overlap"": 3}, {""word"": ""bad"", ""timed_overlap"": 2, ""column_overlap"": 3}, {""word"": ""started"", ""timed_overlap"": 2, ""column_overlap"": 2}, {""word"": ""certain"", ""timed_overlap"": 2, ""column_overlap"": 2}]",completed,73,10,18
200,188,proximal-replay,4,",",the,24,24,24,,7,7,0,0,,61,"[{""word"": ""the"", ""timed_overlap"": 7, ""column_overlap"": 7}, {""word"": ""chop"", ""timed_overlap"": 2, ""column_overlap"": 4}, {""word"": ""river"", ""timed_overlap"": 2, ""column_overlap"": 3}, {""word"": ""wind"", ""timed_overlap"": 2, ""column_overlap"": 3}, {""word"": ""Puck"", ""timed_overlap"": 2, ""column_overlap"": 2}]",completed,28,10,18
200,189,proximal-replay,1,image,prince,100,100,100,,3,3,0,0,,57,"[{""word"": ""prince"", ""timed_overlap"": 3, ""column_overlap"": 3}, {""word"": ""price"", ""timed_overlap"": 2, ""column_overlap"": 2}, {""word"": ""like"", ""timed_overlap"": 2, ""column_overlap"": 2}, {""word"": ""never"", ""timed_overlap"": 1, ""column_overlap"": 3}, {""word"": ""did"", ""timed_overlap"": 1, ""column_overlap"": 3}]",completed,73,10,45
200,189,proximal-replay,2,of,confessed,84,84,84,,6,6,0,0,,69,"[{""word"": ""confessed"", ""timed_overlap"": 6, ""column_overlap"": 6}, {""word"": ""no"", ""timed_overlap"": 2, ""column_overlap"": 3}, {""word"": ""into"", ""timed_overlap"": 2, ""column_overlap"": 3}, {""word"": ""major"", ""timed_overlap"": 2, ""column_overlap"": 3}, {""word"": ""that"", ""timed_overlap"": 2, ""column_overlap"": 2}]",completed,55,10,27
200,189,proximal-replay,3,Wildrose,Pekoe,89,89,89,,1,4,0,0,,66,"[{""word"": ""Pekoe"", ""timed_overlap"": 1, ""column_overlap"": 4}, {""word"": ""lady"", ""timed_overlap"": 1, ""column_overlap"": 3}, {""word"": ""thank"", ""timed_overlap"": 1, ""column_overlap"": 3}, {""word"": ""Dacca"", ""timed_overlap"": 1, ""column_overlap"": 3}, {""word"": ""pulled"", ""timed_overlap"": 1, ""column_overlap"": 3}]",completed,37,10,65
200,189,proximal-replay,4,filled,fellow,85,85,85,,3,3,0,0,,79,"[{""word"": ""fellow"", ""timed_overlap"": 3, ""column_overlap"": 3}, {""word"": ""know"", ""timed_overlap"": 2, ""column_overlap"": 3}, {""word"": "","", ""timed_overlap"": 2, ""column_overlap"": 3}, {""word"": ""course"", ""timed_overlap"": 2, ""column_overlap"": 3}, {""word"": ""Jack"", ""timed_overlap"": 1, ""column_overlap"": 4}]",completed,73,10,65
200,190,proximal-replay,1,be,be,80,80,80,,2,4,2,4,1,77,"[{""word"": ""be"", ""timed_overlap"": 2, ""column_overlap"": 4}, {""word"": ""say"", ""timed_overlap"": 2, ""column_overlap"": 3}, {""word"": ""its"", ""timed_overlap"": 2, ""column_overlap"": 3}, {""word"": ""Pekoe"", ""timed_overlap"": 2, ""column_overlap"": 2}, {""word"": ""pictures"", ""timed_overlap"": 2, ""column_overlap"": 2}]",completed,46,10,55
200,190,proximal-replay,2,admitted,admitted,86,86,86,,5,5,5,5,1,81,"[{""word"": ""admitted"", ""timed_overlap"": 5, ""column_overlap"": 5}, {""word"": ""plum"", ""timed_overlap"": 2, ""column_overlap"": 3}, {""word"": ""present"", ""timed_overlap"": 2, ""column_overlap"": 3}, {""word"": ""Lawful"", ""timed_overlap"": 2, ""column_overlap"": 2}, {""word"": ""could"", ""timed_overlap"": 2, ""column_overlap"": 2}]",completed,64,10,27
200,190,proximal-replay,3,to,to,68,68,68,,3,4,3,4,1,80,"[{""word"": ""to"", ""timed_overlap"": 3, ""column_overlap"": 4}, {""word"": ""sluggish"", ""timed_overlap"": 2, ""column_overlap"": 4}, {""word"": ""ruin"", ""timed_overlap"": 2, ""column_overlap"": 4}, {""word"": ""Arts"", ""timed_overlap"": 2, ""column_overlap"": 2}, {""word"": ""Dear"", ""timed_overlap"": 2, ""column_overlap"": 2}]",completed,37,10,45
200,190,proximal-replay,4,his,pleasant,97,97,97,,2,2,0,0,,65,"[{""word"": ""pleasant"", ""timed_overlap"": 2, ""column_overlap"": 2}, {""word"": ""would"", ""timed_overlap"": 2, ""column_overlap"": 2}, {""word"": ""'m"", ""timed_overlap"": 1, ""column_overlap"": 4}, {""word"": ""some"", ""timed_overlap"": 1, ""column_overlap"": 3}, {""word"": ""teeth"", ""timed_overlap"": 1, ""column_overlap"": 3}]",completed,55,10,72
200,191,proximal-replay,1,the,the,87,87,87,,2,3,2,3,1,68,"[{""word"": ""the"", ""timed_overlap"": 2, ""column_overlap"": 3}, {""word"": ""length"", ""timed_overlap"": 2, ""column_overlap"": 2}, {""word"": ""Nan"", ""timed_overlap"": 1, ""column_overlap"": 4}, {""word"": ""Alan"", ""timed_overlap"": 1, ""column_overlap"": 3}, {""word"": ""hour"", ""timed_overlap"": 1, ""column_overlap"": 3}]",completed,55,10,63
200,191,proximal-replay,2,Queen,cup,100,100,100,,2,2,1,1,68,68,"[{""word"": ""cup"", ""timed_overlap"": 2, ""column_overlap"": 2}, {""word"": ""'"", ""timed_overlap"": 2, ""column_overlap"": 2}, {""word"": ""prince"", ""timed_overlap"": 2, ""column_overlap"": 2}, {""word"": ""large"", ""timed_overlap"": 1, ""column_overlap"": 4}, {""word"": ""flies"", ""timed_overlap"": 1, ""column_overlap"": 4}]",completed,73,10,54
200,191,proximal-replay,3,spoke,Alan,70,70,70,,2,3,2,3,3,72,"[{""word"": ""Alan"", ""timed_overlap"": 2, ""column_overlap"": 3}, {""word"": ""Bowser"", ""timed_overlap"": 2, ""column_overlap"": 3}, {""word"": ""spoke"", ""timed_overlap"": 2, ""column_overlap"": 3}, {""word"": ""Remember"", ""timed_overlap"": 2, ""column_overlap"": 2}, {""word"": ""fairy"", ""timed_overlap"": 1, ""column_overlap"": 3}]",completed,64,10,65
200,191,proximal-replay,4,one,she,90,90,90,,3,3,0,0,,65,"[{""word"": ""she"", ""timed_overlap"": 3, ""column_overlap"": 3}, {""word"": ""awful"", ""timed_overlap"": 2, ""column_overlap"": 3}, {""word"": ""gone"", ""timed_overlap"": 2, ""column_overlap"": 3}, {""word"": ""Pretty"", ""timed_overlap"": 1, ""column_overlap"": 4}, {""word"": ""Being"", ""timed_overlap"": 1, ""column_overlap"": 3}]",completed,73,10,54
200,192,proximal-replay,1,recovered,Alfin,95,95,95,,2,3,1,2,19,64,"[{""word"": ""Alfin"", ""timed_overlap"": 2, ""column_overlap"": 3}, {""word"": ""as"", ""timed_overlap"": 2, ""column_overlap"": 3}, {""word"": ""pink"", ""timed_overlap"": 2, ""column_overlap"": 2}, {""word"": ""come"", ""timed_overlap"": 2, ""column_overlap"": 2}, {""word"": ""such"", ""timed_overlap"": 2, ""column_overlap"": 2}]",completed,64,10,63
200,192,proximal-replay,2,himself,care,80,80,80,,2,3,0,0,,76,"[{""word"": ""care"", ""timed_overlap"": 2, ""column_overlap"": 3}, {""word"": ""ten"", ""timed_overlap"": 2, ""column_overlap"": 3}, {""word"": ""excluded"", ""timed_overlap"": 2, ""column_overlap"": 3}, {""word"": ""king"", ""timed_overlap"": 2, ""column_overlap"": 3}, {""word"": ""arrived"", ""timed_overlap"": 2, ""column_overlap"": 2}]",completed,73,10,73
200,192,proximal-replay,3,a,real,84,84,84,,2,4,0,0,,70,"[{""word"": ""real"", ""timed_overlap"": 2, ""column_overlap"": 4}, {""word"": ""wind"", ""timed_overlap"": 2, ""column_overlap"": 3}, {""word"": ""so"", ""timed_overlap"": 2, ""column_overlap"": 3}, {""word"": ""well"", ""timed_overlap"": 2, ""column_overlap"": 2}, {""word"": ""West"", ""timed_overlap"": 2, ""column_overlap"": 2}]",completed,82,10,73
200,192,proximal-replay,4,little,river,94,94,94,,2,4,0,0,,67,"[{""word"": ""river"", ""timed_overlap"": 2, ""column_overlap"": 4}, {""word"": ""Mother"", ""timed_overlap"": 2, ""column_overlap"": 4}, {""word"": ""been"", ""timed_overlap"": 2, ""column_overlap"": 3}, {""word"": ""quaggi"", ""timed_overlap"": 2, ""column_overlap"": 3}, {""word"": ""--"", ""timed_overlap"": 2, ""column_overlap"": 2}]",completed,82,10,72
200,193,proximal-replay,1,me,or,91,91,91,,2,2,1,1,34,66,"[{""word"": ""or"", ""timed_overlap"": 2, ""column_overlap"": 2}, {""word"": ""thoughtful"", ""timed_overlap"": 1, ""column_overlap"": 3}, {""word"": ""Gilbert"", ""timed_overlap"": 1, ""column_overlap"": 3}, {""word"": ""finish"", ""timed_overlap"": 1, ""column_overlap"": 3}, {""word"": ""suited"", ""timed_overlap"": 1, ""column_overlap"": 3}]",completed,28,10,74
200,193,proximal-replay,2,in,haste,89,89,89,,2,3,0,0,,75,"[{""word"": ""haste"", ""timed_overlap"": 2, ""column_overlap"": 3}, {""word"": ""Mary"", ""timed_overlap"": 2, ""column_overlap"": 3}, {""word"": ""study"", ""timed_overlap"": 2, ""column_overlap"": 2}, {""word"": ""denied"", ""timed_overlap"": 1, ""column_overlap"": 5}, {""word"": ""river"", ""timed_overlap"": 1, ""column_overlap"": 4}]",completed,82,10,64
200,193,proximal-replay,3,the,happened,80,80,80,,2,4,0,0,,84,"[{""word"": ""happened"", ""timed_overlap"": 2, ""column_overlap"": 4}, {""word"": ""bear"", ""timed_overlap"": 2, ""column_overlap"": 4}, {""word"": ""chance"", ""timed_overlap"": 2, ""column_overlap"": 3}, {""word"": ""expect"", ""timed_overlap"": 2, ""column_overlap"": 2}, {""word"": ""that"", ""timed_overlap"": 1, ""column_overlap"": 4}]",completed,73,10,74
200,193,proximal-replay,4,study,most,79,79,79,,2,2,0,0,,77,"[{""word"": ""most"", ""timed_overlap"": 2, ""column_overlap"": 2}, {""word"": ""Dear"", ""timed_overlap"": 1, ""column_overlap"": 4}, {""word"": ""Wildrose"", ""timed_overlap"": 1, ""column_overlap"": 3}, {""word"": ""therefore"", ""timed_overlap"": 1, ""column_overlap"": 3}, {""word"": ""our"", ""timed_overlap"": 1, ""column_overlap"": 3}]",completed,82,10,75
200,194,proximal-replay,1,river,roar,84,84,84,,2,3,2,2,5,63,"[{""word"": ""roar"", ""timed_overlap"": 2, ""column_overlap"": 3}, {""word"": ""pretence"", ""timed_overlap"": 2, ""column_overlap"": 3}, {""word"": ""herring"", ""timed_overlap"": 2, ""column_overlap"": 3}, {""word"": ""exactly"", ""timed_overlap"": 2, ""column_overlap"": 2}, {""word"": ""river"", ""timed_overlap"": 2, ""column_overlap"": 2}]",completed,82,10,73
200,194,proximal-replay,2,glided,just,80,80,80,,4,4,0,0,,76,"[{""word"": ""just"", ""timed_overlap"": 4, ""column_overlap"": 4}, {""word"": ""after"", ""timed_overlap"": 3, ""column_overlap"": 3}, {""word"": ""nine"", ""timed_overlap"": 2, ""column_overlap"": 2}, {""word"": ""twitch"", ""timed_overlap"": 1, ""column_overlap"": 5}, {""word"": ""commanded"", ""timed_overlap"": 1, ""column_overlap"": 4}]",completed,82,10,27
200,194,proximal-replay,3,",",now,34,34,34,,9,9,0,0,,75,"[{""word"": ""now"", ""timed_overlap"": 9, ""column_overlap"": 9}, {""word"": ""back"", ""timed_overlap"": 2, ""column_overlap"": 3}, {""word"": ""highness"", ""timed_overlap"": 2, ""column_overlap"": 3}, {""word"": ""That"", ""timed_overlap"": 2, ""column_overlap"": 2}, {""word"": ""shall"", ""timed_overlap"": 2, ""column_overlap"": 2}]",completed,37,10,10
200,194,proximal-replay,4,like,;,49,49,49,,2,4,0,0,,77,"[{""word"": "";"", ""timed_overlap"": 2, ""column_overlap"": 4}, {""word"": ""keep"", ""timed_overlap"": 2, ""column_overlap"": 3}, {""word"": ""Reddy"", ""timed_overlap"": 2, ""column_overlap"": 3}, {""word"": ""always"", ""timed_overlap"": 2, ""column_overlap"": 2}, {""word"": ""pictures"", ""timed_overlap"": 1, ""column_overlap"": 4}]",completed,19,10,37
200,195,proximal-replay,1,of,of,71,71,71,,5,6,5,6,1,81,"[{""word"": ""of"", ""timed_overlap"": 5, ""column_overlap"": 6}, {""word"": ""wind"", ""timed_overlap"": 2, ""column_overlap"": 2}, {""word"": ""well"", ""timed_overlap"": 2, ""column_overlap"": 2}, {""word"": ""youth"", ""timed_overlap"": 1, ""column_overlap"": 4}, {""word"": ""my"", ""timed_overlap"": 1, ""column_overlap"": 4}]",completed,73,10,36
200,195,proximal-replay,2,my,clouded,88,88,88,,4,5,1,1,66,71,"[{""word"": ""clouded"", ""timed_overlap"": 4, ""column_overlap"": 5}, {""word"": ""river"", ""timed_overlap"": 2, ""column_overlap"": 4}, {""word"": ""eye"", ""timed_overlap"": 2, ""column_overlap"": 4}, {""word"": ""Wildrose"", ""timed_overlap"": 2, ""column_overlap"": 3}, {""word"": ""the"", ""timed_overlap"": 2, ""column_overlap"": 3}]",completed,46,10,27
200,195,proximal-replay,3,pen,blue,71,71,71,,7,7,0,0,,80,"[{""word"": ""blue"", ""timed_overlap"": 7, ""column_overlap"": 7}, {""word"": ""youth"", ""timed_overlap"": 2, ""column_overlap"": 3}, {""word"": ""daughter"", ""timed_overlap"": 2, ""column_overlap"": 3}, {""word"": ""gathered"", ""timed_overlap"": 2, ""column_overlap"": 3}, {""word"": ""'m"", ""timed_overlap"": 2, ""column_overlap"": 2}]",completed,37,10,27
200,195,proximal-replay,4,.,with,32,32,32,,9,9,0,0,,72,"[{""word"": ""with"", ""timed_overlap"": 9, ""column_overlap"": 9}, {""word"": ""feet"", ""timed_overlap"": 2, ""column_overlap"": 2}, {""word"": ""Well"", ""timed_overlap"": 2, ""column_overlap"": 2}, {""word"": ""plum"", ""timed_overlap"": 1, ""column_overlap"": 4}, {""word"": ""see"", ""timed_overlap"": 1, ""column_overlap"": 4}]",completed,37,10,10
200,196,proximal-replay,1,around,around,79,79,79,,2,4,2,4,1,57,"[{""word"": ""around"", ""timed_overlap"": 2, ""column_overlap"": 4}, {""word"": ""bought"", ""timed_overlap"": 2, ""column_overlap"": 3}, {""word"": ""helmet"", ""timed_overlap"": 2, ""column_overlap"": 2}, {""word"": ""feast"", ""timed_overlap"": 2, ""column_overlap"": 2}, {""word"": ""another"", ""timed_overlap"": 1, ""column_overlap"": 3}]",completed,64,10,45
200,196,proximal-replay,2,him,him,84,84,84,,3,4,3,4,1,60,"[{""word"": ""him"", ""timed_overlap"": 3, ""column_overlap"": 4}, {""word"": ""royal"", ""timed_overlap"": 2, ""column_overlap"": 3}, {""word"": ""times"", ""timed_overlap"": 2, ""column_overlap"": 3}, {""word"": ""pretence"", ""timed_overlap"": 2, ""column_overlap"": 3}, {""word"": ""dares"", ""timed_overlap"": 1, ""column_overlap"": 3}]",completed,55,10,45
200,196,proximal-replay,3,a,up,70,70,70,,6,6,2,3,2,72,"[{""word"": ""up"", ""timed_overlap"": 6, ""column_overlap"": 6}, {""word"": ""a"", ""timed_overlap"": 2, ""column_overlap"": 3}, {""word"": ""that"", ""timed_overlap"": 2, ""column_overlap"": 2}, {""word"": ""Nan"", ""timed_overlap"": 2, ""column_overlap"": 2}, {""word"": ""Miss"", ""timed_overlap"": 1, ""column_overlap"": 4}]",completed,55,10,36
200,196,proximal-replay,4,long,and,66,66,66,,4,4,0,0,,75,"[{""word"": ""and"", ""timed_overlap"": 4, ""column_overlap"": 4}, {""word"": ""pleasant"", ""timed_overlap"": 1, ""column_overlap"": 4}, {""word"": ""drew"", ""timed_overlap"": 1, ""column_overlap"": 4}, {""word"": ""from"", ""timed_overlap"": 1, ""column_overlap"": 4}, {""word"": ""A"", ""timed_overlap"": 1, ""column_overlap"": 3}]",completed,46,10,46
200,197,proximal-replay,1,twinkle,leafy,97,97,97,,2,3,0,0,,60,"[{""word"": ""leafy"", ""timed_overlap"": 2, ""column_overlap"": 3}, {""word"": ""frozen"", ""timed_overlap"": 1, ""column_overlap"": 4}, {""word"": ""that"", ""timed_overlap"": 1, ""column_overlap"": 4}, {""word"": ""smile"", ""timed_overlap"": 1, ""column_overlap"": 4}, {""word"": ""girl"", ""timed_overlap"": 1, ""column_overlap"": 4}]",completed,91,10,73
200,197,proximal-replay,2,in,at,97,97,97,,2,3,0,0,,59,"[{""word"": ""at"", ""timed_overlap"": 2, ""column_overlap"": 3}, {""word"": ""silence"", ""timed_overlap"": 2, ""column_overlap"": 2}, {""word"": ""brave"", ""timed_overlap"": 1, ""column_overlap"": 5}, {""word"": ""say"", ""timed_overlap"": 1, ""column_overlap"": 4}, {""word"": ""splendid"", ""timed_overlap"": 1, ""column_overlap"": 4}]",completed,82,10,72
200,197,proximal-replay,3,the,?,90,90,90,,2,3,0,0,,69,"[{""word"": ""?"", ""timed_overlap"": 2, ""column_overlap"": 3}, {""word"": ""last"", ""timed_overlap"": 2, ""column_overlap"": 2}, {""word"": ""her"", ""timed_overlap"": 2, ""column_overlap"": 2}, {""word"": ""distant"", ""timed_overlap"": 1, ""column_overlap"": 4}, {""word"": ""rejoined"", ""timed_overlap"": 1, ""column_overlap"": 3}]",completed,82,10,72
200,197,proximal-replay,4,eye,certainly,90,90,90,,2,5,0,0,,62,"[{""word"": ""certainly"", ""timed_overlap"": 2, ""column_overlap"": 5}, {""word"": ""arrived"", ""timed_overlap"": 2, ""column_overlap"": 3}, {""word"": ""plans"", ""timed_overlap"": 1, ""column_overlap"": 4}, {""word"": ""our"", ""timed_overlap"": 1, ""column_overlap"": 4}, {""word"": ""Wildrose"", ""timed_overlap"": 1, ""column_overlap"": 3}]",completed,82,10,72
200,198,proximal-replay,1,she,she,73,73,73,,4,4,4,4,1,81,"[{""word"": ""she"", ""timed_overlap"": 4, ""column_overlap"": 4}, {""word"": ""off"", ""timed_overlap"": 2, ""column_overlap"": 2}, {""word"": ""suited"", ""timed_overlap"": 2, ""column_overlap"": 2}, {""word"": ""``"", ""timed_overlap"": 2, ""column_overlap"": 2}, {""word"": ""Though"", ""timed_overlap"": 1, ""column_overlap"": 3}]",completed,64,10,36
200,198,proximal-replay,2,had,had,75,75,75,,3,3,3,3,1,65,"[{""word"": ""had"", ""timed_overlap"": 3, ""column_overlap"": 3}, {""word"": ""only"", ""timed_overlap"": 3, ""column_overlap"": 3}, {""word"": ""pulled"", ""timed_overlap"": 2, ""column_overlap"": 3}, {""word"": ""deny"", ""timed_overlap"": 1, ""column_overlap"": 4}, {""word"": ""last"", ""timed_overlap"": 1, ""column_overlap"": 4}]",completed,46,10,63
200,198,proximal-replay,3,not,pity,98,98,98,,2,3,1,3,4,74,"[{""word"": ""pity"", ""timed_overlap"": 2, ""column_overlap"": 3}, {""word"": ""Arts"", ""timed_overlap"": 2, ""column_overlap"": 3}, {""word"": ""Lawful"", ""timed_overlap"": 1, ""column_overlap"": 4}, {""word"": ""not"", ""timed_overlap"": 1, ""column_overlap"": 3}, {""word"": ""can"", ""timed_overlap"": 1, ""column_overlap"": 3}]",completed,73,10,54
200,198,proximal-replay,4,heard,on,79,79,79,,5,6,1,1,78,86,"[{""word"": ""on"", ""timed_overlap"": 5, ""column_overlap"": 6}, {""word"": ""Remember"", ""timed_overlap"": 2, ""column_overlap"": 3}, {""word"": ""I"", ""timed_overlap"": 2, ""column_overlap"": 2}, {""word"": ""better"", ""timed_overlap"": 2, ""column_overlap"": 2}, {""word"": ""end"", ""timed_overlap"": 2, ""column_overlap"": 2}]",completed,64,10,27
200,199,proximal-replay,1,began,said,95,95,95,,3,3,2,2,3,59,"[{""word"": ""said"", ""timed_overlap"": 3, ""column_overlap"": 3}, {""word"": ""Robert"", ""timed_overlap"": 2, ""column_overlap"": 2}, {""word"": ""began"", ""timed_overlap"": 2, ""column_overlap"": 2}, {""word"": ""ask"", ""timed_overlap"": 1, ""column_overlap"": 4}, {""word"": ""led"", ""timed_overlap"": 1, ""column_overlap"": 3}]",completed,73,10,54
200,199,proximal-replay,2,Amy,Puck,93,93,93,,4,4,0,0,,66,"[{""word"": ""Puck"", ""timed_overlap"": 4, ""column_overlap"": 4}, {""word"": ""the"", ""timed_overlap"": 2, ""column_overlap"": 3}, {""word"": ""deep"", ""timed_overlap"": 2, ""column_overlap"": 2}, {""word"": ""three"", ""timed_overlap"": 2, ""column_overlap"": 2}, {""word"": ""studied"", ""timed_overlap"": 1, ""column_overlap"": 4}]",completed,64,10,36
200,199,proximal-replay,3,",",calmly,84,84,84,,5,6,0,0,,68,"[{""word"": ""calmly"", ""timed_overlap"": 5, ""column_overlap"": 6}, {""word"": ""end"", ""timed_overlap"": 2, ""column_overlap"": 3}, {""word"": ""Worth"", ""timed_overlap"": 2, ""column_overlap"": 3}, {""word"": ""get"", ""timed_overlap"": 2, ""column_overlap"": 2}, {""word"": ""appeared"", ""timed_overlap"": 2, ""column_overlap"": 2}]",completed,46,10,27
200,199,proximal-replay,4,staring,fellow,86,86,86,,2,3,1,2,35,70,"[{""word"": ""fellow"", ""timed_overlap"": 2, ""column_overlap"": 3}, {""word"": ""'ve"", ""timed_overlap"": 2, ""column_overlap"": 3}, {""word"": ""underneath"", ""timed_overlap"": 2, ""column_overlap"": 2}, {""word"": ""here"", ""timed_overlap"": 2, ""column_overlap"": 2}, {""word"": ""still"", ""timed_overlap"": 2, ""column_overlap"": 2}]",completed,37,10,55
200,200,proximal-replay,1,he,he,87,87,87,,4,4,4,4,1,70,"[{""word"": ""he"", ""timed_overlap"": 4, ""column_overlap"": 4}, {""word"": ""wrongs"", ""timed_overlap"": 3, ""column_overlap"": 3}, {""word"": ""tantrum"", ""timed_overlap"": 3, ""column_overlap"": 3}, {""word"": ""dear"", ""timed_overlap"": 2, ""column_overlap"": 2}, {""word"": ""And"", ""timed_overlap"": 2, ""column_overlap"": 2}]",completed,64,10,54
200,200,proximal-replay,2,should,told,96,96,96,,2,4,1,2,29,71,"[{""word"": ""told"", ""timed_overlap"": 2, ""column_overlap"": 4}, {""word"": ""kind"", ""timed_overlap"": 2, ""column_overlap"": 4}, {""word"": ""Her"", ""timed_overlap"": 2, ""column_overlap"": 3}, {""word"": ""close"", ""timed_overlap"": 2, ""column_overlap"": 3}, {""word"": ""chop"", ""timed_overlap"": 2, ""column_overlap"": 2}]",completed,64,10,73
200,200,proximal-replay,3,feel,me,89,89,89,,3,3,0,0,,61,"[{""word"": ""me"", ""timed_overlap"": 3, ""column_overlap"": 3}, {""word"": ""n't"", ""timed_overlap"": 2, ""column_overlap"": 2}, {""word"": ""can"", ""timed_overlap"": 2, ""column_overlap"": 2}, {""word"": ""However"", ""timed_overlap"": 2, ""column_overlap"": 2}, {""word"": ""done"", ""timed_overlap"": 1, ""column_overlap"": 4}]",completed,82,10,45
200,200,proximal-replay,4,as,in,70,70,70,,4,4,0,0,,75,"[{""word"": ""in"", ""timed_overlap"": 4, ""column_overlap"": 4}, {""word"": "";"", ""timed_overlap"": 4, ""column_overlap"": 4}, {""word"": ""and"", ""timed_overlap"": 2, ""column_overlap"": 3}, {""word"": ""Now"", ""timed_overlap"": 2, ""column_overlap"": 2}, {""word"": ""'ve"", ""timed_overlap"": 2, ""column_overlap"": 2}]",completed,55,10,37
