checkpoint_sentences,sentence_index,retrieval_mode,recall_step,expected_word,decoded_word,raw_event_count,raw_predicted_column_count,prediction_active_cell_count,advance_success,timed_overlap_of_selected_word,column_overlap_of_selected_word,timed_overlap_of_expected_word,column_overlap_of_expected_word,expected_word_rank,number_of_ranked_candidates,top_5_candidates,stopped_reason,previous_active_cell_count,previous_winner_count,burst_cell_count
500,1,proximal-replay,1,would,Fox,100,100,100,,2,2,0,0,,144,"[{""word"": ""Fox"", ""timed_overlap"": 2, ""column_overlap"": 2}, {""word"": ""AND"", ""timed_overlap"": 1, ""column_overlap"": 4}, {""word"": ""Sultan"", ""timed_overlap"": 1, ""column_overlap"": 4}, {""word"": ""hopelessly"", ""timed_overlap"": 1, ""column_overlap"": 4}, {""word"": ""give"", ""timed_overlap"": 1, ""column_overlap"": 4}]",completed,91,10,72
500,1,proximal-replay,2,want,Once,99,99,99,,2,2,0,0,,107,"[{""word"": ""Once"", ""timed_overlap"": 2, ""column_overlap"": 2}, {""word"": ""Dacca"", ""timed_overlap"": 2, ""column_overlap"": 2}, {""word"": ""why"", ""timed_overlap"": 2, ""column_overlap"": 2}, {""word"": ""down"", ""timed_overlap"": 1, ""column_overlap"": 4}, {""word"": ""heads"", ""timed_overlap"": 1, ""column_overlap"": 4}]",completed,82,10,63
500,1,proximal-replay,3,to,flashes,98,98,98,,2,2,0,0,,96,"[{""word"": ""flashes"", ""timed_overlap"": 2, ""column_overlap"": 2}, {""word"": ""certain"", ""timed_overlap"": 1, ""column_overlap"": 4}, {""word"": ""dress"", ""timed_overlap"": 1, ""column_overlap"": 4}, {""word"": ""Here"", ""timed_overlap"": 1, ""column_overlap"": 3}, {""word"": ""forth"", ""timed_overlap"": 1, ""column_overlap"": 3}]",completed,73,10,64
500,1,proximal-replay,4,see,Don,97,97,97,,2,4,0,0,,155,"[{""word"": ""Don"", ""timed_overlap"": 2, ""column_overlap"": 4}, {""word"": ""vase"", ""timed_overlap"": 2, ""column_overlap"": 4}, {""word"": ""take"", ""timed_overlap"": 2, ""column_overlap"": 3}, {""word"": ""rare"", ""timed_overlap"": 2, ""column_overlap"": 3}, {""word"": ""astray"", ""timed_overlap"": 2, ""column_overlap"": 2}]",completed,73,10,73
500,2,proximal-replay,1,over,sweetens,100,100,100,,2,3,0,0,,84,"[{""word"": ""sweetens"", ""timed_overlap"": 2, ""column_overlap"": 3}, {""word"": ""Reddy"", ""timed_overlap"": 2, ""column_overlap"": 2}, {""word"": ""sensible"", ""timed_overlap"": 2, ""column_overlap"": 2}, {""word"": ""Lapsing"", ""timed_overlap"": 1, ""column_overlap"": 3}, {""word"": ""her"", ""timed_overlap"": 1, ""column_overlap"": 3}]",completed,91,10,63
500,2,proximal-replay,2,our,and,94,94,94,,3,3,0,0,,141,"[{""word"": ""and"", ""timed_overlap"": 3, ""column_overlap"": 3}, {""word"": ""terrible"", ""timed_overlap"": 2, ""column_overlap"": 3}, {""word"": ""Head"", ""timed_overlap"": 2, ""column_overlap"": 3}, {""word"": ""thing"", ""timed_overlap"": 2, ""column_overlap"": 3}, {""word"": ""Lightfoot"", ""timed_overlap"": 2, ""column_overlap"": 2}]",completed,73,10,54
500,2,proximal-replay,3,heads,tyrannize,100,100,100,,2,3,0,0,,140,"[{""word"": ""tyrannize"", ""timed_overlap"": 2, ""column_overlap"": 3}, {""word"": ""Hippocrates"", ""timed_overlap"": 2, ""column_overlap"": 3}, {""word"": ""Betty"", ""timed_overlap"": 2, ""column_overlap"": 3}, {""word"": ""closing"", ""timed_overlap"": 2, ""column_overlap"": 2}, {""word"": ""return"", ""timed_overlap"": 1, ""column_overlap"": 4}]",completed,64,10,63
500,2,proximal-replay,4,.,Nature,96,96,96,,2,4,0,0,,134,"[{""word"": ""Nature"", ""timed_overlap"": 2, ""column_overlap"": 4}, {""word"": ""lonesome"", ""timed_overlap"": 2, ""column_overlap"": 3}, {""word"": ""pudding"", ""timed_overlap"": 2, ""column_overlap"": 3}, {""word"": ""'ll"", ""timed_overlap"": 2, ""column_overlap"": 3}, {""word"": ""confidences"", ""timed_overlap"": 2, ""column_overlap"": 2}]",completed,73,10,64
500,3,proximal-replay,1,a,spur,100,100,100,,2,4,0,0,,130,"[{""word"": ""spur"", ""timed_overlap"": 2, ""column_overlap"": 4}, {""word"": ""heated"", ""timed_overlap"": 2, ""column_overlap"": 3}, {""word"": ""habit"", ""timed_overlap"": 2, ""column_overlap"": 2}, {""word"": ""sorry"", ""timed_overlap"": 2, ""column_overlap"": 2}, {""word"": ""Bowser"", ""timed_overlap"": 2, ""column_overlap"": 2}]",completed,64,10,72
500,3,proximal-replay,2,woman,Bowser,95,95,95,,2,3,0,0,,130,"[{""word"": ""Bowser"", ""timed_overlap"": 2, ""column_overlap"": 3}, {""word"": ""bluntly"", ""timed_overlap"": 2, ""column_overlap"": 2}, {""word"": ""Mr."", ""timed_overlap"": 2, ""column_overlap"": 2}, {""word"": ""both"", ""timed_overlap"": 1, ""column_overlap"": 4}, {""word"": ""hall"", ""timed_overlap"": 1, ""column_overlap"": 3}]",completed,82,10,64
500,3,proximal-replay,3,",",doubt,99,99,99,,2,3,0,0,,132,"[{""word"": ""doubt"", ""timed_overlap"": 2, ""column_overlap"": 3}, {""word"": ""SAMMY"", ""timed_overlap"": 2, ""column_overlap"": 3}, {""word"": ""Nature"", ""timed_overlap"": 2, ""column_overlap"": 3}, {""word"": ""Priscilla"", ""timed_overlap"": 2, ""column_overlap"": 2}, {""word"": ""daughter"", ""timed_overlap"": 2, ""column_overlap"": 2}]",completed,73,10,72
500,3,proximal-replay,4,splendid,Robert,94,94,94,,2,3,0,0,,132,"[{""word"": ""Robert"", ""timed_overlap"": 2, ""column_overlap"": 3}, {""word"": ""snow"", ""timed_overlap"": 2, ""column_overlap"": 3}, {""word"": ""closing"", ""timed_overlap"": 2, ""column_overlap"": 3}, {""word"": ""fixed"", ""timed_overlap"": 2, ""column_overlap"": 2}, {""word"": ""Meanwhile"", ""timed_overlap"": 2, ""column_overlap"": 2}]",completed,82,10,54
500,4,proximal-replay,1,",",Ginger,100,100,100,,1,3,0,0,,76,"[{""word"": ""Ginger"", ""timed_overlap"": 1, ""column_overlap"": 3}, {""word"": ""timidly"", ""timed_overlap"": 1, ""column_overlap"": 3}, {""word"": ""Peter"", ""timed_overlap"": 1, ""column_overlap"": 3}, {""word"": ""mother"", ""timed_overlap"": 1, ""column_overlap"": 3}, {""word"": ""followed"", ""timed_overlap"": 1, ""column_overlap"": 2}]",completed,91,10,72
500,4,proximal-replay,2,the,went,95,95,95,,2,3,0,0,,134,"[{""word"": ""went"", ""timed_overlap"": 2, ""column_overlap"": 3}, {""word"": ""blow"", ""timed_overlap"": 2, ""column_overlap"": 2}, {""word"": ""can"", ""timed_overlap"": 2, ""column_overlap"": 2}, {""word"": ""Felicity"", ""timed_overlap"": 2, ""column_overlap"": 2}, {""word"": ""Hannah"", ""timed_overlap"": 1, ""column_overlap"": 3}]",completed,82,10,46
500,4,proximal-replay,3,doctor,pudding,95,95,95,,2,3,0,0,,115,"[{""word"": ""pudding"", ""timed_overlap"": 2, ""column_overlap"": 3}, {""word"": ""Quite"", ""timed_overlap"": 2, ""column_overlap"": 2}, {""word"": ""creature"", ""timed_overlap"": 2, ""column_overlap"": 2}, {""word"": ""prince"", ""timed_overlap"": 2, ""column_overlap"": 2}, {""word"": ""Then"", ""timed_overlap"": 2, ""column_overlap"": 2}]",completed,55,10,63
500,4,proximal-replay,4,",",about,99,99,99,,2,3,0,0,,103,"[{""word"": ""about"", ""timed_overlap"": 2, ""column_overlap"": 3}, {""word"": ""As"", ""timed_overlap"": 2, ""column_overlap"": 3}, {""word"": ""KEEP"", ""timed_overlap"": 2, ""column_overlap"": 3}, {""word"": ""snubbed"", ""timed_overlap"": 2, ""column_overlap"": 2}, {""word"": ""dreams"", ""timed_overlap"": 1, ""column_overlap"": 4}]",completed,73,10,63
500,5,proximal-replay,1,had,Abraham,95,95,95,,2,3,0,0,,132,"[{""word"": ""Abraham"", ""timed_overlap"": 2, ""column_overlap"": 3}, {""word"": ""peeped"", ""timed_overlap"": 2, ""column_overlap"": 2}, {""word"": ""broad"", ""timed_overlap"": 2, ""column_overlap"": 2}, {""word"": ""clothes"", ""timed_overlap"": 2, ""column_overlap"": 2}, {""word"": ""Being"", ""timed_overlap"": 2, ""column_overlap"": 2}]",completed,91,10,72
500,5,proximal-replay,2,no,weight,99,99,99,,3,3,0,0,,122,"[{""word"": ""weight"", ""timed_overlap"": 3, ""column_overlap"": 3}, {""word"": ""Her"", ""timed_overlap"": 2, ""column_overlap"": 3}, {""word"": ""Pretty"", ""timed_overlap"": 2, ""column_overlap"": 2}, {""word"": ""can"", ""timed_overlap"": 2, ""column_overlap"": 2}, {""word"": ""pity"", ""timed_overlap"": 1, ""column_overlap"": 4}]",completed,82,10,54
500,5,proximal-replay,3,chance,These,96,96,96,,2,4,0,0,,125,"[{""word"": ""These"", ""timed_overlap"": 2, ""column_overlap"": 4}, {""word"": ""petals"", ""timed_overlap"": 2, ""column_overlap"": 3}, {""word"": ""breakfast"", ""timed_overlap"": 2, ""column_overlap"": 2}, {""word"": ""Anzacs"", ""timed_overlap"": 1, ""column_overlap"": 4}, {""word"": ""looked"", ""timed_overlap"": 1, ""column_overlap"": 3}]",completed,64,10,72
500,5,proximal-replay,4,after,withdrew,98,98,98,,2,3,0,0,,137,"[{""word"": ""withdrew"", ""timed_overlap"": 2, ""column_overlap"": 3}, {""word"": ""something"", ""timed_overlap"": 2, ""column_overlap"": 3}, {""word"": ""fellows"", ""timed_overlap"": 2, ""column_overlap"": 3}, {""word"": ""Jem"", ""timed_overlap"": 2, ""column_overlap"": 3}, {""word"": ""Most"", ""timed_overlap"": 2, ""column_overlap"": 2}]",completed,82,10,54
500,6,proximal-replay,1,old,border,100,100,100,,2,2,0,0,,95,"[{""word"": ""border"", ""timed_overlap"": 2, ""column_overlap"": 2}, {""word"": ""spear"", ""timed_overlap"": 2, ""column_overlap"": 2}, {""word"": ""wish"", ""timed_overlap"": 1, ""column_overlap"": 3}, {""word"": ""wore"", ""timed_overlap"": 1, ""column_overlap"": 3}, {""word"": ""Jane"", ""timed_overlap"": 1, ""column_overlap"": 3}]",completed,100,10,63
500,6,proximal-replay,2,pictures,as,99,99,99,,2,3,1,1,75,133,"[{""word"": ""as"", ""timed_overlap"": 2, ""column_overlap"": 3}, {""word"": ""Williamson"", ""timed_overlap"": 2, ""column_overlap"": 2}, {""word"": ""departs"", ""timed_overlap"": 2, ""column_overlap"": 2}, {""word"": ""longer"", ""timed_overlap"": 2, ""column_overlap"": 2}, {""word"": ""remarked"", ""timed_overlap"": 1, ""column_overlap"": 4}]",completed,73,10,63
500,6,proximal-replay,3,",",frozen,99,99,99,,2,4,0,0,,116,"[{""word"": ""frozen"", ""timed_overlap"": 2, ""column_overlap"": 4}, {""word"": ""swears"", ""timed_overlap"": 2, ""column_overlap"": 3}, {""word"": ""somehow"", ""timed_overlap"": 2, ""column_overlap"": 2}, {""word"": ""Ripple"", ""timed_overlap"": 1, ""column_overlap"": 4}, {""word"": ""gilded"", ""timed_overlap"": 1, ""column_overlap"": 4}]",completed,73,10,63
500,6,proximal-replay,4,sustaining,Spirit,98,98,98,,2,3,0,0,,120,"[{""word"": ""Spirit"", ""timed_overlap"": 2, ""column_overlap"": 3}, {""word"": ""while"", ""timed_overlap"": 2, ""column_overlap"": 2}, {""word"": ""yesterday"", ""timed_overlap"": 2, ""column_overlap"": 2}, {""word"": ""whither"", ""timed_overlap"": 2, ""column_overlap"": 2}, {""word"": ""wished"", ""timed_overlap"": 2, ""column_overlap"": 2}]",completed,73,10,63
500,7,proximal-replay,1,nice,comfortingly,100,100,100,,2,4,0,0,,128,"[{""word"": ""comfortingly"", ""timed_overlap"": 2, ""column_overlap"": 4}, {""word"": ""lean"", ""timed_overlap"": 2, ""column_overlap"": 4}, {""word"": ""church"", ""timed_overlap"": 2, ""column_overlap"": 3}, {""word"": ""motives"", ""timed_overlap"": 2, ""column_overlap"": 3}, {""word"": ""wonder"", ""timed_overlap"": 2, ""column_overlap"": 2}]",completed,100,10,72
500,7,proximal-replay,2,",",sat,98,98,98,,2,2,0,0,,90,"[{""word"": ""sat"", ""timed_overlap"": 2, ""column_overlap"": 2}, {""word"": ""bait"", ""timed_overlap"": 2, ""column_overlap"": 2}, {""word"": ""took"", ""timed_overlap"": 2, ""column_overlap"": 2}, {""word"": ""pity"", ""timed_overlap"": 2, ""column_overlap"": 2}, {""word"": ""more"", ""timed_overlap"": 1, ""column_overlap"": 4}]",completed,82,10,73
500,7,proximal-replay,3,I,want,98,98,98,,2,3,0,0,,119,"[{""word"": ""want"", ""timed_overlap"": 2, ""column_overlap"": 3}, {""word"": ""course"", ""timed_overlap"": 2, ""column_overlap"": 3}, {""word"": ""Jimmy"", ""timed_overlap"": 2, ""column_overlap"": 2}, {""word"": ""tree"", ""timed_overlap"": 2, ""column_overlap"": 2}, {""word"": ""Parsee"", ""timed_overlap"": 2, ""column_overlap"": 2}]",completed,82,10,72
500,7,proximal-replay,4,'m,April,96,96,96,,2,4,0,0,,110,"[{""word"": ""April"", ""timed_overlap"": 2, ""column_overlap"": 4}, {""word"": ""believe"", ""timed_overlap"": 2, ""column_overlap"": 3}, {""word"": ""Beautiful"", ""timed_overlap"": 2, ""column_overlap"": 3}, {""word"": ""excuse"", ""timed_overlap"": 2, ""column_overlap"": 3}, {""word"": ""gone"", ""timed_overlap"": 2, ""column_overlap"": 2}]",completed,82,10,65
500,8,proximal-replay,1,certainly,'',100,100,100,,2,2,0,0,,94,"[{""word"": ""''"", ""timed_overlap"": 2, ""column_overlap"": 2}, {""word"": ""enough"", ""timed_overlap"": 1, ""column_overlap"": 4}, {""word"": ""own"", ""timed_overlap"": 1, ""column_overlap"": 3}, {""word"": ""departs"", ""timed_overlap"": 1, ""column_overlap"": 3}, {""word"": ""wind"", ""timed_overlap"": 1, ""column_overlap"": 3}]",completed,100,10,54
500,8,proximal-replay,2,",",said,99,99,99,,3,3,0,0,,95,"[{""word"": ""said"", ""timed_overlap"": 3, ""column_overlap"": 3}, {""word"": ""bust"", ""timed_overlap"": 2, ""column_overlap"": 3}, {""word"": ""Sometimes"", ""timed_overlap"": 2, ""column_overlap"": 3}, {""word"": ""Matthew"", ""timed_overlap"": 2, ""column_overlap"": 2}, {""word"": ""RABBIT"", ""timed_overlap"": 1, ""column_overlap"": 3}]",completed,64,10,63
500,8,proximal-replay,3,'',somehow,100,100,100,,2,3,0,0,,95,"[{""word"": ""somehow"", ""timed_overlap"": 2, ""column_overlap"": 3}, {""word"": ""wilt"", ""timed_overlap"": 1, ""column_overlap"": 3}, {""word"": ""reigned"", ""timed_overlap"": 1, ""column_overlap"": 3}, {""word"": ""tittered"", ""timed_overlap"": 1, ""column_overlap"": 3}, {""word"": ""mature"", ""timed_overlap"": 1, ""column_overlap"": 3}]",completed,73,10,54
500,8,proximal-replay,4,said,platform,96,96,96,,2,4,0,0,,118,"[{""word"": ""platform"", ""timed_overlap"": 2, ""column_overlap"": 4}, {""word"": ""Clow"", ""timed_overlap"": 2, ""column_overlap"": 2}, {""word"": ""Fellow"", ""timed_overlap"": 2, ""column_overlap"": 2}, {""word"": ""lads"", ""timed_overlap"": 1, ""column_overlap"": 5}, {""word"": ""carriage"", ""timed_overlap"": 1, ""column_overlap"": 5}]",completed,64,10,72
500,9,proximal-replay,1,you,sisters,100,100,100,,2,3,0,0,,87,"[{""word"": ""sisters"", ""timed_overlap"": 2, ""column_overlap"": 3}, {""word"": ""Gilbert"", ""timed_overlap"": 2, ""column_overlap"": 3}, {""word"": ""heard"", ""timed_overlap"": 2, ""column_overlap"": 3}, {""word"": ""feebly"", ""timed_overlap"": 1, ""column_overlap"": 3}, {""word"": ""thief"", ""timed_overlap"": 1, ""column_overlap"": 3}]",completed,91,10,54
500,9,proximal-replay,2,think,last,87,87,87,,3,3,0,0,,139,"[{""word"": ""last"", ""timed_overlap"": 3, ""column_overlap"": 3}, {""word"": ""let"", ""timed_overlap"": 2, ""column_overlap"": 4}, {""word"": ""might"", ""timed_overlap"": 2, ""column_overlap"": 3}, {""word"": ""close"", ""timed_overlap"": 2, ""column_overlap"": 2}, {""word"": ""people"", ""timed_overlap"": 2, ""column_overlap"": 2}]",completed,64,10,65
500,9,proximal-replay,3,Mrs.,Una,98,98,98,,2,2,0,0,,116,"[{""word"": ""Una"", ""timed_overlap"": 2, ""column_overlap"": 2}, {""word"": ""running"", ""timed_overlap"": 2, ""column_overlap"": 2}, {""word"": ""spied"", ""timed_overlap"": 2, ""column_overlap"": 2}, {""word"": ""village"", ""timed_overlap"": 1, ""column_overlap"": 3}, {""word"": ""lady"", ""timed_overlap"": 1, ""column_overlap"": 3}]",completed,73,10,72
500,9,proximal-replay,4,Elliott,Thorny,100,100,100,,2,3,0,0,,114,"[{""word"": ""Thorny"", ""timed_overlap"": 2, ""column_overlap"": 3}, {""word"": ""skating"", ""timed_overlap"": 2, ""column_overlap"": 2}, {""word"": ""Cecily"", ""timed_overlap"": 2, ""column_overlap"": 2}, {""word"": ""Our"", ""timed_overlap"": 2, ""column_overlap"": 2}, {""word"": ""leafy"", ""timed_overlap"": 1, ""column_overlap"": 3}]",completed,82,10,72
500,10,proximal-replay,1,would,is,100,100,100,,2,3,0,0,,93,"[{""word"": ""is"", ""timed_overlap"": 2, ""column_overlap"": 3}, {""word"": ""rejoined"", ""timed_overlap"": 2, ""column_overlap"": 2}, {""word"": ""preferred"", ""timed_overlap"": 1, ""column_overlap"": 4}, {""word"": ""feebly"", ""timed_overlap"": 1, ""column_overlap"": 3}, {""word"": ""sable"", ""timed_overlap"": 1, ""column_overlap"": 3}]",completed,100,10,63
500,10,proximal-replay,2,ruin,Gray,100,100,100,,2,3,0,0,,122,"[{""word"": ""Gray"", ""timed_overlap"": 2, ""column_overlap"": 3}, {""word"": ""UNC"", ""timed_overlap"": 2, ""column_overlap"": 3}, {""word"": ""likely"", ""timed_overlap"": 2, ""column_overlap"": 2}, {""word"": ""kindest"", ""timed_overlap"": 2, ""column_overlap"": 2}, {""word"": ""monotonous"", ""timed_overlap"": 2, ""column_overlap"": 2}]",completed,73,10,72
500,10,proximal-replay,3,you,meddling,97,97,97,,2,3,0,0,,150,"[{""word"": ""meddling"", ""timed_overlap"": 2, ""column_overlap"": 3}, {""word"": ""full"", ""timed_overlap"": 1, ""column_overlap"": 4}, {""word"": ""thief"", ""timed_overlap"": 1, ""column_overlap"": 4}, {""word"": ""strokes"", ""timed_overlap"": 1, ""column_overlap"": 4}, {""word"": ""terribly"", ""timed_overlap"": 1, ""column_overlap"": 3}]",completed,82,10,72
500,10,proximal-replay,4,to,Of,100,100,100,,3,3,0,0,,102,"[{""word"": ""Of"", ""timed_overlap"": 3, ""column_overlap"": 3}, {""word"": ""Reddy"", ""timed_overlap"": 2, ""column_overlap"": 3}, {""word"": ""Please"", ""timed_overlap"": 2, ""column_overlap"": 3}, {""word"": ""sensible"", ""timed_overlap"": 2, ""column_overlap"": 2}, {""word"": ""ruther"", ""timed_overlap"": 2, ""column_overlap"": 2}]",completed,82,10,63
500,11,proximal-replay,1,dared,Skunk,100,100,100,,2,2,0,0,,105,"[{""word"": ""Skunk"", ""timed_overlap"": 2, ""column_overlap"": 2}, {""word"": ""tobacco"", ""timed_overlap"": 2, ""column_overlap"": 2}, {""word"": ""train"", ""timed_overlap"": 1, ""column_overlap"": 4}, {""word"": ""impossible"", ""timed_overlap"": 1, ""column_overlap"": 3}, {""word"": ""which"", ""timed_overlap"": 1, ""column_overlap"": 3}]",completed,82,10,72
500,11,proximal-replay,2,face,bronze,98,98,98,,3,3,1,2,27,128,"[{""word"": ""bronze"", ""timed_overlap"": 3, ""column_overlap"": 3}, {""word"": ""well"", ""timed_overlap"": 2, ""column_overlap"": 3}, {""word"": ""those"", ""timed_overlap"": 2, ""column_overlap"": 3}, {""word"": ""Trevor"", ""timed_overlap"": 2, ""column_overlap"": 2}, {""word"": ""fine"", ""timed_overlap"": 2, ""column_overlap"": 2}]",completed,82,10,54
500,11,proximal-replay,3,Bill,minutes,98,98,98,,2,4,0,0,,123,"[{""word"": ""minutes"", ""timed_overlap"": 2, ""column_overlap"": 4}, {""word"": ""train"", ""timed_overlap"": 2, ""column_overlap"": 3}, {""word"": ""strong"", ""timed_overlap"": 2, ""column_overlap"": 3}, {""word"": ""'s"", ""timed_overlap"": 2, ""column_overlap"": 3}, {""word"": ""BEN"", ""timed_overlap"": 2, ""column_overlap"": 2}]",completed,64,10,64
500,11,proximal-replay,4,",",strong,100,100,100,,2,3,0,0,,95,"[{""word"": ""strong"", ""timed_overlap"": 2, ""column_overlap"": 3}, {""word"": ""moving"", ""timed_overlap"": 2, ""column_overlap"": 2}, {""word"": ""down"", ""timed_overlap"": 1, ""column_overlap"": 3}, {""word"": ""boy"", ""timed_overlap"": 1, ""column_overlap"": 3}, {""word"": ""enough"", ""timed_overlap"": 1, ""column_overlap"": 3}]",completed,73,10,63
500,12,proximal-replay,1,do,ogress,100,100,100,,3,3,0,0,,91,"[{""word"": ""ogress"", ""timed_overlap"": 3, ""column_overlap"": 3}, {""word"": ""reluctantly"", ""timed_overlap"": 2, ""column_overlap"": 2}, {""word"": ""pride"", ""timed_overlap"": 1, ""column_overlap"": 3}, {""word"": ""away"", ""timed_overlap"": 1, ""column_overlap"": 3}, {""word"": ""wished"", ""timed_overlap"": 1, ""column_overlap"": 3}]",completed,73,10,63
500,12,proximal-replay,2,but,Jed,97,97,97,,3,5,1,1,120,146,"[{""word"": ""Jed"", ""timed_overlap"": 3, ""column_overlap"": 5}, {""word"": ""Just"", ""timed_overlap"": 2, ""column_overlap"": 3}, {""word"": ""wore"", ""timed_overlap"": 2, ""column_overlap"": 3}, {""word"": ""return"", ""timed_overlap"": 2, ""column_overlap"": 2}, {""word"": ""bit"", ""timed_overlap"": 2, ""column_overlap"": 2}]",completed,73,10,54
500,12,proximal-replay,3,run,Cecily,95,95,95,,2,3,0,0,,112,"[{""word"": ""Cecily"", ""timed_overlap"": 2, ""column_overlap"": 3}, {""word"": ""bag"", ""timed_overlap"": 2, ""column_overlap"": 2}, {""word"": ""hall"", ""timed_overlap"": 2, ""column_overlap"": 2}, {""word"": ""Alice"", ""timed_overlap"": 2, ""column_overlap"": 2}, {""word"": ""return"", ""timed_overlap"": 2, ""column_overlap"": 2}]",completed,64,10,65
500,12,proximal-replay,4,away,We,97,97,97,,2,2,0,0,,128,"[{""word"": ""We"", ""timed_overlap"": 2, ""column_overlap"": 2}, {""word"": ""course"", ""timed_overlap"": 2, ""column_overlap"": 2}, {""word"": ""remarked"", ""timed_overlap"": 2, ""column_overlap"": 2}, {""word"": ""themselves"", ""timed_overlap"": 2, ""column_overlap"": 2}, {""word"": ""is"", ""timed_overlap"": 2, ""column_overlap"": 2}]",completed,73,10,72
500,13,proximal-replay,1,close,Carrots,100,100,100,,2,2,0,0,,77,"[{""word"": ""Carrots"", ""timed_overlap"": 2, ""column_overlap"": 2}, {""word"": ""humanity"", ""timed_overlap"": 2, ""column_overlap"": 2}, {""word"": ""denied"", ""timed_overlap"": 2, ""column_overlap"": 2}, {""word"": ""locked"", ""timed_overlap"": 1, ""column_overlap"": 3}, {""word"": ""Glen"", ""timed_overlap"": 1, ""column_overlap"": 3}]",completed,91,10,63
500,13,proximal-replay,2,",",gathered,93,93,93,,3,4,0,0,,163,"[{""word"": ""gathered"", ""timed_overlap"": 3, ""column_overlap"": 4}, {""word"": ""Happy"", ""timed_overlap"": 2, ""column_overlap"": 4}, {""word"": ""tailing"", ""timed_overlap"": 2, ""column_overlap"": 4}, {""word"": ""great"", ""timed_overlap"": 2, ""column_overlap"": 3}, {""word"": ""pails"", ""timed_overlap"": 2, ""column_overlap"": 3}]",completed,73,10,63
500,13,proximal-replay,3,almost,thousand,98,98,98,,2,4,0,0,,123,"[{""word"": ""thousand"", ""timed_overlap"": 2, ""column_overlap"": 4}, {""word"": ""bad"", ""timed_overlap"": 2, ""column_overlap"": 3}, {""word"": ""awful"", ""timed_overlap"": 2, ""column_overlap"": 3}, {""word"": ""experienced"", ""timed_overlap"": 2, ""column_overlap"": 3}, {""word"": ""got"", ""timed_overlap"": 2, ""column_overlap"": 3}]",completed,73,10,63
500,13,proximal-replay,4,like,Now,99,99,99,,2,3,0,0,,113,"[{""word"": ""Now"", ""timed_overlap"": 2, ""column_overlap"": 3}, {""word"": ""quaggi"", ""timed_overlap"": 2, ""column_overlap"": 3}, {""word"": ""pen"", ""timed_overlap"": 1, ""column_overlap"": 4}, {""word"": ""eaten"", ""timed_overlap"": 1, ""column_overlap"": 3}, {""word"": ""thank"", ""timed_overlap"": 1, ""column_overlap"": 3}]",completed,73,10,63
500,14,proximal-replay,1,dragging,gathered,96,96,96,,2,4,0,0,,112,"[{""word"": ""gathered"", ""timed_overlap"": 2, ""column_overlap"": 4}, {""word"": ""promise"", ""timed_overlap"": 2, ""column_overlap"": 2}, {""word"": ""Marilla"", ""timed_overlap"": 2, ""column_overlap"": 2}, {""word"": ""'ve"", ""timed_overlap"": 2, ""column_overlap"": 2}, {""word"": ""do"", ""timed_overlap"": 1, ""column_overlap"": 4}]",completed,91,10,63
500,14,proximal-replay,2,so,soon,100,100,100,,2,2,0,0,,107,"[{""word"": ""soon"", ""timed_overlap"": 2, ""column_overlap"": 2}, {""word"": ""and"", ""timed_overlap"": 2, ""column_overlap"": 2}, {""word"": ""Bumble"", ""timed_overlap"": 2, ""column_overlap"": 2}, {""word"": ""able"", ""timed_overlap"": 2, ""column_overlap"": 2}, {""word"": ""INSIDE"", ""timed_overlap"": 2, ""column_overlap"": 2}]",completed,73,10,54
500,14,proximal-replay,3,much,tree,99,99,99,,2,4,0,0,,121,"[{""word"": ""tree"", ""timed_overlap"": 2, ""column_overlap"": 4}, {""word"": ""our"", ""timed_overlap"": 2, ""column_overlap"": 3}, {""word"": ""These"", ""timed_overlap"": 2, ""column_overlap"": 2}, {""word"": ""hands"", ""timed_overlap"": 2, ""column_overlap"": 2}, {""word"": ""breath"", ""timed_overlap"": 1, ""column_overlap"": 5}]",completed,64,10,64
500,14,proximal-replay,4,silver,Queen,91,91,91,,2,3,0,0,,121,"[{""word"": ""Queen"", ""timed_overlap"": 2, ""column_overlap"": 3}, {""word"": ""taking"", ""timed_overlap"": 2, ""column_overlap"": 3}, {""word"": ""!"", ""timed_overlap"": 2, ""column_overlap"": 3}, {""word"": ""Jane"", ""timed_overlap"": 2, ""column_overlap"": 3}, {""word"": ""wise"", ""timed_overlap"": 2, ""column_overlap"": 2}]",completed,73,10,73
500,15,proximal-replay,1,with,pink,97,97,97,,3,3,0,0,,133,"[{""word"": ""pink"", ""timed_overlap"": 3, ""column_overlap"": 3}, {""word"": ""quaggi"", ""timed_overlap"": 2, ""column_overlap"": 3}, {""word"": ""clouded"", ""timed_overlap"": 2, ""column_overlap"": 2}, {""word"": ""ordered"", ""timed_overlap"": 1, ""column_overlap"": 4}, {""word"": ""'s"", ""timed_overlap"": 1, ""column_overlap"": 4}]",completed,91,10,54
500,15,proximal-replay,2,alarm,pile,94,94,94,,2,4,0,0,,125,"[{""word"": ""pile"", ""timed_overlap"": 2, ""column_overlap"": 4}, {""word"": ""studied"", ""timed_overlap"": 2, ""column_overlap"": 2}, {""word"": ""Bassett"", ""timed_overlap"": 2, ""column_overlap"": 2}, {""word"": ""No"", ""timed_overlap"": 2, ""column_overlap"": 2}, {""word"": ""does"", ""timed_overlap"": 1, ""column_overlap"": 4}]",completed,64,10,63
500,15,proximal-replay,3,and,Felicity,100,100,100,,2,3,1,1,82,93,"[{""word"": ""Felicity"", ""timed_overlap"": 2, ""column_overlap"": 3}, {""word"": ""detest"", ""timed_overlap"": 2, ""column_overlap"": 2}, {""word"": ""Tales"", ""timed_overlap"": 2, ""column_overlap"": 2}, {""word"": ""certain"", ""timed_overlap"": 2, ""column_overlap"": 2}, {""word"": ""sentiment"", ""timed_overlap"": 1, ""column_overlap"": 4}]",completed,73,10,63
500,15,proximal-replay,4,jealousy,probably,92,92,92,,2,3,0,0,,132,"[{""word"": ""probably"", ""timed_overlap"": 2, ""column_overlap"": 3}, {""word"": ""drawing"", ""timed_overlap"": 2, ""column_overlap"": 3}, {""word"": ""letter"", ""timed_overlap"": 2, ""column_overlap"": 2}, {""word"": ""smile"", ""timed_overlap"": 2, ""column_overlap"": 2}, {""word"": ""pursuit"", ""timed_overlap"": 2, ""column_overlap"": 2}]",completed,73,10,65
500,16,proximal-replay,1,Marsch,length,98,98,98,,2,3,0,0,,133,"[{""word"": ""length"", ""timed_overlap"": 2, ""column_overlap"": 3}, {""word"": ""trim"", ""timed_overlap"": 2, ""column_overlap"": 3}, {""word"": ""drew"", ""timed_overlap"": 2, ""column_overlap"": 2}, {""word"": ""bronze-colored"", ""timed_overlap"": 2, ""column_overlap"": 2}, {""word"": ""apart"", ""timed_overlap"": 2, ""column_overlap"": 2}]",completed,82,10,54
500,16,proximal-replay,2,",",as,99,99,99,,2,2,0,0,,92,"[{""word"": ""as"", ""timed_overlap"": 2, ""column_overlap"": 2}, {""word"": ""Barbaik"", ""timed_overlap"": 2, ""column_overlap"": 2}, {""word"": ""Mollie"", ""timed_overlap"": 1, ""column_overlap"": 3}, {""word"": ""rejoined"", ""timed_overlap"": 1, ""column_overlap"": 3}, {""word"": ""desert"", ""timed_overlap"": 1, ""column_overlap"": 3}]",completed,64,10,63
500,16,proximal-replay,3,but,seems,100,100,100,,2,3,0,0,,137,"[{""word"": ""seems"", ""timed_overlap"": 2, ""column_overlap"": 3}, {""word"": ""they"", ""timed_overlap"": 2, ""column_overlap"": 2}, {""word"": ""minister"", ""timed_overlap"": 2, ""column_overlap"": 2}, {""word"": ""solemnly"", ""timed_overlap"": 2, ""column_overlap"": 2}, {""word"": ""word"", ""timed_overlap"": 2, ""column_overlap"": 2}]",completed,73,10,63
500,16,proximal-replay,4,no,Not,100,100,100,,2,4,0,0,,121,"[{""word"": ""Not"", ""timed_overlap"": 2, ""column_overlap"": 4}, {""word"": ""Johnny"", ""timed_overlap"": 2, ""column_overlap"": 3}, {""word"": ""clouded"", ""timed_overlap"": 2, ""column_overlap"": 2}, {""word"": ""agreement"", ""timed_overlap"": 2, ""column_overlap"": 2}, {""word"": ""disrepitable"", ""timed_overlap"": 2, ""column_overlap"": 2}]",completed,73,10,72
500,17,proximal-replay,1,Spirit,maiden,100,100,100,,2,2,0,0,,90,"[{""word"": ""maiden"", ""timed_overlap"": 2, ""column_overlap"": 2}, {""word"": ""violently"", ""timed_overlap"": 1, ""column_overlap"": 4}, {""word"": ""Oh"", ""timed_overlap"": 1, ""column_overlap"": 3}, {""word"": ""Look"", ""timed_overlap"": 1, ""column_overlap"": 2}, {""word"": ""dark"", ""timed_overlap"": 1, ""column_overlap"": 2}]",completed,100,10,54
500,17,proximal-replay,2,on,Messua,97,97,97,,2,3,0,0,,134,"[{""word"": ""Messua"", ""timed_overlap"": 2, ""column_overlap"": 3}, {""word"": ""check"", ""timed_overlap"": 2, ""column_overlap"": 3}, {""word"": ""guess"", ""timed_overlap"": 2, ""column_overlap"": 2}, {""word"": ""pride"", ""timed_overlap"": 2, ""column_overlap"": 2}, {""word"": ""elder"", ""timed_overlap"": 2, ""column_overlap"": 2}]",completed,64,10,64
500,17,proximal-replay,3,the,Square,97,97,97,,2,4,0,0,,135,"[{""word"": ""Square"", ""timed_overlap"": 2, ""column_overlap"": 4}, {""word"": ""motives"", ""timed_overlap"": 2, ""column_overlap"": 3}, {""word"": ""concluded"", ""timed_overlap"": 2, ""column_overlap"": 2}, {""word"": ""impossible"", ""timed_overlap"": 2, ""column_overlap"": 2}, {""word"": ""terribly"", ""timed_overlap"": 1, ""column_overlap"": 4}]",completed,73,10,72
500,17,proximal-replay,4,moment,Fellow,99,99,99,,2,4,0,0,,119,"[{""word"": ""Fellow"", ""timed_overlap"": 2, ""column_overlap"": 4}, {""word"": ""Matthew"", ""timed_overlap"": 2, ""column_overlap"": 2}, {""word"": ""smile"", ""timed_overlap"": 2, ""column_overlap"": 2}, {""word"": ""Cyrilla"", ""timed_overlap"": 2, ""column_overlap"": 2}, {""word"": ""tyrannize"", ""timed_overlap"": 2, ""column_overlap"": 2}]",completed,82,10,63
500,18,proximal-replay,1,to,Felicity,100,100,100,,2,3,0,0,,126,"[{""word"": ""Felicity"", ""timed_overlap"": 2, ""column_overlap"": 3}, {""word"": ""noticed"", ""timed_overlap"": 2, ""column_overlap"": 3}, {""word"": ""beneath"", ""timed_overlap"": 2, ""column_overlap"": 2}, {""word"": ""talking"", ""timed_overlap"": 1, ""column_overlap"": 4}, {""word"": ""lamp"", ""timed_overlap"": 1, ""column_overlap"": 4}]",completed,91,10,72
500,18,proximal-replay,2,get,tunnels,97,97,97,,2,4,0,0,,155,"[{""word"": ""tunnels"", ""timed_overlap"": 2, ""column_overlap"": 4}, {""word"": ""tried"", ""timed_overlap"": 2, ""column_overlap"": 3}, {""word"": ""Abraham"", ""timed_overlap"": 2, ""column_overlap"": 3}, {""word"": ""order"", ""timed_overlap"": 2, ""column_overlap"": 2}, {""word"": ""petals"", ""timed_overlap"": 2, ""column_overlap"": 2}]",completed,82,10,72
500,18,proximal-replay,3,in,sentence,97,97,97,,3,4,0,0,,111,"[{""word"": ""sentence"", ""timed_overlap"": 3, ""column_overlap"": 4}, {""word"": ""resent"", ""timed_overlap"": 2, ""column_overlap"": 3}, {""word"": ""boys"", ""timed_overlap"": 2, ""column_overlap"": 2}, {""word"": ""ran"", ""timed_overlap"": 2, ""column_overlap"": 2}, {""word"": ""Nobody"", ""timed_overlap"": 2, ""column_overlap"": 2}]",completed,82,10,64
500,18,proximal-replay,4,there,Mr.,97,97,97,,2,3,0,0,,156,"[{""word"": ""Mr."", ""timed_overlap"": 2, ""column_overlap"": 3}, {""word"": ""suppose"", ""timed_overlap"": 2, ""column_overlap"": 3}, {""word"": ""gradual"", ""timed_overlap"": 2, ""column_overlap"": 2}, {""word"": ""shake"", ""timed_overlap"": 2, ""column_overlap"": 2}, {""word"": ""stick"", ""timed_overlap"": 2, ""column_overlap"": 2}]",completed,73,10,54
500,19,proximal-replay,1,it,drawing,100,100,100,,3,3,0,0,,91,"[{""word"": ""drawing"", ""timed_overlap"": 3, ""column_overlap"": 3}, {""word"": ""round"", ""timed_overlap"": 2, ""column_overlap"": 4}, {""word"": ""Lady"", ""timed_overlap"": 2, ""column_overlap"": 2}, {""word"": ""early"", ""timed_overlap"": 2, ""column_overlap"": 2}, {""word"": ""COMES"", ""timed_overlap"": 1, ""column_overlap"": 3}]",completed,82,10,54
500,19,proximal-replay,2,",",hours,98,98,98,,2,3,0,0,,89,"[{""word"": ""hours"", ""timed_overlap"": 2, ""column_overlap"": 3}, {""word"": ""deny"", ""timed_overlap"": 2, ""column_overlap"": 2}, {""word"": ""Taffy"", ""timed_overlap"": 1, ""column_overlap"": 4}, {""word"": ""Kindly"", ""timed_overlap"": 1, ""column_overlap"": 3}, {""word"": ""responded"", ""timed_overlap"": 1, ""column_overlap"": 3}]",completed,64,10,72
500,19,proximal-replay,3,'',eyes,99,99,99,,2,4,0,0,,142,"[{""word"": ""eyes"", ""timed_overlap"": 2, ""column_overlap"": 4}, {""word"": ""fairy"", ""timed_overlap"": 2, ""column_overlap"": 4}, {""word"": ""Johnny"", ""timed_overlap"": 2, ""column_overlap"": 3}, {""word"": ""-RSB-"", ""timed_overlap"": 2, ""column_overlap"": 3}, {""word"": ""waiting"", ""timed_overlap"": 2, ""column_overlap"": 3}]",completed,82,10,72
500,19,proximal-replay,4,said,AND,98,98,98,,2,2,0,0,,94,"[{""word"": ""AND"", ""timed_overlap"": 2, ""column_overlap"": 2}, {""word"": ""Marcella"", ""timed_overlap"": 2, ""column_overlap"": 2}, {""word"": ""'re"", ""timed_overlap"": 2, ""column_overlap"": 2}, {""word"": ""hopelessly"", ""timed_overlap"": 2, ""column_overlap"": 2}, {""word"": ""give"", ""timed_overlap"": 1, ""column_overlap"": 4}]",completed,82,10,54
500,20,proximal-replay,1,harm,mercy,99,99,99,,2,3,0,0,,98,"[{""word"": ""mercy"", ""timed_overlap"": 2, ""column_overlap"": 3}, {""word"": ""want"", ""timed_overlap"": 2, ""column_overlap"": 3}, {""word"": ""which"", ""timed_overlap"": 2, ""column_overlap"": 3}, {""word"": ""grotto"", ""timed_overlap"": 2, ""column_overlap"": 2}, {""word"": ""office"", ""timed_overlap"": 2, ""column_overlap"": 2}]",completed,100,10,72
500,20,proximal-replay,2,",",Reddy,92,92,92,,3,3,0,0,,128,"[{""word"": ""Reddy"", ""timed_overlap"": 3, ""column_overlap"": 3}, {""word"": ""XV"", ""timed_overlap"": 2, ""column_overlap"": 3}, {""word"": ""sailor"", ""timed_overlap"": 2, ""column_overlap"": 2}, {""word"": ""rank"", ""timed_overlap"": 2, ""column_overlap"": 2}, {""word"": ""sure"", ""timed_overlap"": 2, ""column_overlap"": 2}]",completed,82,10,63
500,20,proximal-replay,3,and,eagerly,98,98,98,,2,4,0,0,,130,"[{""word"": ""eagerly"", ""timed_overlap"": 2, ""column_overlap"": 4}, {""word"": ""immensely"", ""timed_overlap"": 2, ""column_overlap"": 4}, {""word"": ""pity"", ""timed_overlap"": 2, ""column_overlap"": 3}, {""word"": ""Kindly"", ""timed_overlap"": 2, ""column_overlap"": 2}, {""word"": ""deal"", ""timed_overlap"": 2, ""column_overlap"": 2}]",completed,73,10,72
500,20,proximal-replay,4,he,train,99,99,99,,2,4,0,0,,97,"[{""word"": ""train"", ""timed_overlap"": 2, ""column_overlap"": 4}, {""word"": ""Betty"", ""timed_overlap"": 2, ""column_overlap"": 3}, {""word"": ""Gilbert"", ""timed_overlap"": 2, ""column_overlap"": 2}, {""word"": ""saw"", ""timed_overlap"": 2, ""column_overlap"": 2}, {""word"": ""slim"", ""timed_overlap"": 2, ""column_overlap"": 2}]",completed,82,10,72
500,21,proximal-replay,1,have,'',100,100,100,,2,2,0,0,,94,"[{""word"": ""''"", ""timed_overlap"": 2, ""column_overlap"": 2}, {""word"": ""enough"", ""timed_overlap"": 1, ""column_overlap"": 4}, {""word"": ""own"", ""timed_overlap"": 1, ""column_overlap"": 3}, {""word"": ""wind"", ""timed_overlap"": 1, ""column_overlap"": 3}, {""word"": ""departs"", ""timed_overlap"": 1, ""column_overlap"": 3}]",completed,100,10,54
500,21,proximal-replay,2,n't,said,99,99,99,,3,3,0,0,,95,"[{""word"": ""said"", ""timed_overlap"": 3, ""column_overlap"": 3}, {""word"": ""Sometimes"", ""timed_overlap"": 2, ""column_overlap"": 3}, {""word"": ""bust"", ""timed_overlap"": 2, ""column_overlap"": 3}, {""word"": ""Matthew"", ""timed_overlap"": 2, ""column_overlap"": 2}, {""word"": ""down"", ""timed_overlap"": 1, ""column_overlap"": 3}]",completed,64,10,63
500,21,proximal-replay,3,you,somehow,100,100,100,,2,3,0,0,,95,"[{""word"": ""somehow"", ""timed_overlap"": 2, ""column_overlap"": 3}, {""word"": ""wilt"", ""timed_overlap"": 1, ""column_overlap"": 3}, {""word"": ""reigned"", ""timed_overlap"": 1, ""column_overlap"": 3}, {""word"": ""tittered"", ""timed_overlap"": 1, ""column_overlap"": 3}, {""word"": ""mature"", ""timed_overlap"": 1, ""column_overlap"": 3}]",completed,73,10,54
500,21,proximal-replay,4,?,platform,96,96,96,,2,4,0,0,,118,"[{""word"": ""platform"", ""timed_overlap"": 2, ""column_overlap"": 4}, {""word"": ""Clow"", ""timed_overlap"": 2, ""column_overlap"": 2}, {""word"": ""Fellow"", ""timed_overlap"": 2, ""column_overlap"": 2}, {""word"": ""lads"", ""timed_overlap"": 1, ""column_overlap"": 5}, {""word"": ""carriage"", ""timed_overlap"": 1, ""column_overlap"": 5}]",completed,64,10,72
500,22,proximal-replay,1,take,can,99,99,99,,3,3,0,0,,128,"[{""word"": ""can"", ""timed_overlap"": 3, ""column_overlap"": 3}, {""word"": ""shall"", ""timed_overlap"": 3, ""column_overlap"": 3}, {""word"": ""Louisa"", ""timed_overlap"": 2, ""column_overlap"": 3}, {""word"": ""tells"", ""timed_overlap"": 2, ""column_overlap"": 2}, {""word"": ""They"", ""timed_overlap"": 2, ""column_overlap"": 2}]",completed,82,10,54
500,22,proximal-replay,2,place,cut,97,97,97,,2,3,0,0,,119,"[{""word"": ""cut"", ""timed_overlap"": 2, ""column_overlap"": 3}, {""word"": ""Magyars"", ""timed_overlap"": 2, ""column_overlap"": 2}, {""word"": ""drank"", ""timed_overlap"": 2, ""column_overlap"": 2}, {""word"": ""whenever"", ""timed_overlap"": 2, ""column_overlap"": 2}, {""word"": ""flies"", ""timed_overlap"": 2, ""column_overlap"": 2}]",completed,64,10,72
500,22,proximal-replay,3,this,companioned,97,97,97,,2,4,0,0,,128,"[{""word"": ""companioned"", ""timed_overlap"": 2, ""column_overlap"": 4}, {""word"": ""whenever"", ""timed_overlap"": 2, ""column_overlap"": 3}, {""word"": ""satisfied"", ""timed_overlap"": 2, ""column_overlap"": 3}, {""word"": ""could"", ""timed_overlap"": 2, ""column_overlap"": 3}, {""word"": ""Pekoe"", ""timed_overlap"": 2, ""column_overlap"": 2}]",completed,82,10,64
500,22,proximal-replay,4,evening,haunting,97,97,97,,2,2,1,2,60,123,"[{""word"": ""haunting"", ""timed_overlap"": 2, ""column_overlap"": 2}, {""word"": ""off"", ""timed_overlap"": 2, ""column_overlap"": 2}, {""word"": ""milk"", ""timed_overlap"": 2, ""column_overlap"": 2}, {""word"": ""therefore"", ""timed_overlap"": 1, ""column_overlap"": 4}, {""word"": ""moving"", ""timed_overlap"": 1, ""column_overlap"": 4}]",completed,73,10,72
500,23,proximal-replay,1,look,Thereupon,98,98,98,,2,3,0,0,,103,"[{""word"": ""Thereupon"", ""timed_overlap"": 2, ""column_overlap"": 3}, {""word"": ""our"", ""timed_overlap"": 2, ""column_overlap"": 3}, {""word"": ""have"", ""timed_overlap"": 2, ""column_overlap"": 2}, {""word"": ""twilight"", ""timed_overlap"": 1, ""column_overlap"": 3}, {""word"": ""having"", ""timed_overlap"": 1, ""column_overlap"": 3}]",completed,82,10,63
500,23,proximal-replay,2,at,arrived,99,99,99,,2,2,0,0,,82,"[{""word"": ""arrived"", ""timed_overlap"": 2, ""column_overlap"": 2}, {""word"": ""Behind"", ""timed_overlap"": 2, ""column_overlap"": 2}, {""word"": ""wrote"", ""timed_overlap"": 2, ""column_overlap"": 2}, {""word"": ""remarked"", ""timed_overlap"": 1, ""column_overlap"": 4}, {""word"": ""elder"", ""timed_overlap"": 1, ""column_overlap"": 3}]",completed,73,10,64
500,23,proximal-replay,3,the,eaten,100,100,100,,3,3,0,0,,125,"[{""word"": ""eaten"", ""timed_overlap"": 3, ""column_overlap"": 3}, {""word"": ""Peerless"", ""timed_overlap"": 2, ""column_overlap"": 4}, {""word"": ""chair"", ""timed_overlap"": 2, ""column_overlap"": 3}, {""word"": ""place"", ""timed_overlap"": 2, ""column_overlap"": 2}, {""word"": ""heart"", ""timed_overlap"": 2, ""column_overlap"": 2}]",completed,73,10,36
500,23,proximal-replay,4,motionless,ought,80,80,80,,2,4,0,0,,126,"[{""word"": ""ought"", ""timed_overlap"": 2, ""column_overlap"": 4}, {""word"": ""shimmer"", ""timed_overlap"": 2, ""column_overlap"": 3}, {""word"": ""easel"", ""timed_overlap"": 2, ""column_overlap"": 3}, {""word"": ""sleep"", ""timed_overlap"": 2, ""column_overlap"": 3}, {""word"": ""Just"", ""timed_overlap"": 2, ""column_overlap"": 3}]",completed,46,10,72
500,24,proximal-replay,1,might,makes,100,100,100,,2,2,0,0,,136,"[{""word"": ""makes"", ""timed_overlap"": 2, ""column_overlap"": 2}, {""word"": ""recommended"", ""timed_overlap"": 2, ""column_overlap"": 2}, {""word"": ""hopelessly"", ""timed_overlap"": 1, ""column_overlap"": 5}, {""word"": ""studied"", ""timed_overlap"": 1, ""column_overlap"": 4}, {""word"": ""AND"", ""timed_overlap"": 1, ""column_overlap"": 4}]",completed,73,10,72
500,24,proximal-replay,2,fall,after,97,97,97,,3,4,0,0,,128,"[{""word"": ""after"", ""timed_overlap"": 3, ""column_overlap"": 4}, {""word"": ""Thorny"", ""timed_overlap"": 2, ""column_overlap"": 4}, {""word"": ""Here"", ""timed_overlap"": 2, ""column_overlap"": 3}, {""word"": ""settle"", ""timed_overlap"": 2, ""column_overlap"": 2}, {""word"": ""Next"", ""timed_overlap"": 2, ""column_overlap"": 2}]",completed,82,10,63
500,24,proximal-replay,3,on,excluded,94,94,94,,2,3,0,0,,132,"[{""word"": ""excluded"", ""timed_overlap"": 2, ""column_overlap"": 3}, {""word"": ""cats"", ""timed_overlap"": 2, ""column_overlap"": 2}, {""word"": ""sensible"", ""timed_overlap"": 2, ""column_overlap"": 2}, {""word"": ""Felicity"", ""timed_overlap"": 2, ""column_overlap"": 2}, {""word"": ""effort"", ""timed_overlap"": 1, ""column_overlap"": 3}]",completed,73,10,54
500,24,proximal-replay,4,that,likely,93,93,93,,2,3,0,0,,139,"[{""word"": ""likely"", ""timed_overlap"": 2, ""column_overlap"": 3}, {""word"": ""Robert"", ""timed_overlap"": 2, ""column_overlap"": 3}, {""word"": ""Paul"", ""timed_overlap"": 2, ""column_overlap"": 3}, {""word"": ""wiped"", ""timed_overlap"": 2, ""column_overlap"": 2}, {""word"": ""plans"", ""timed_overlap"": 2, ""column_overlap"": 2}]",completed,64,10,73
500,25,proximal-replay,1,",",SOMEBODY,99,99,99,,2,3,0,0,,84,"[{""word"": ""SOMEBODY"", ""timed_overlap"": 2, ""column_overlap"": 3}, {""word"": ""themselves"", ""timed_overlap"": 2, ""column_overlap"": 2}, {""word"": ""breath"", ""timed_overlap"": 2, ""column_overlap"": 2}, {""word"": ""palace"", ""timed_overlap"": 2, ""column_overlap"": 2}, {""word"": ""seen"", ""timed_overlap"": 2, ""column_overlap"": 2}]",completed,82,10,72
500,25,proximal-replay,2,Aunt,grasshoppers,100,100,100,,2,4,1,1,81,104,"[{""word"": ""grasshoppers"", ""timed_overlap"": 2, ""column_overlap"": 4}, {""word"": ""desert"", ""timed_overlap"": 1, ""column_overlap"": 3}, {""word"": ""silver"", ""timed_overlap"": 1, ""column_overlap"": 3}, {""word"": ""Folk"", ""timed_overlap"": 1, ""column_overlap"": 3}, {""word"": ""well"", ""timed_overlap"": 1, ""column_overlap"": 3}]",completed,82,10,63
500,25,proximal-replay,3,Emmy,added,99,99,99,,2,3,1,1,74,130,"[{""word"": ""added"", ""timed_overlap"": 2, ""column_overlap"": 3}, {""word"": ""pursuit"", ""timed_overlap"": 2, ""column_overlap"": 3}, {""word"": ""Assam"", ""timed_overlap"": 2, ""column_overlap"": 2}, {""word"": ""recovered"", ""timed_overlap"": 2, ""column_overlap"": 2}, {""word"": ""stranger"", ""timed_overlap"": 2, ""column_overlap"": 2}]",completed,73,10,72
500,25,proximal-replay,4,",",'d,98,98,98,,2,3,0,0,,106,"[{""word"": ""'d"", ""timed_overlap"": 2, ""column_overlap"": 3}, {""word"": ""time"", ""timed_overlap"": 2, ""column_overlap"": 2}, {""word"": ""Behind"", ""timed_overlap"": 2, ""column_overlap"": 2}, {""word"": ""sight"", ""timed_overlap"": 2, ""column_overlap"": 2}, {""word"": ""frock"", ""timed_overlap"": 2, ""column_overlap"": 2}]",completed,82,10,63
500,26,proximal-replay,1,good,voice,100,100,100,,2,2,0,0,,89,"[{""word"": ""voice"", ""timed_overlap"": 2, ""column_overlap"": 2}, {""word"": ""hair"", ""timed_overlap"": 2, ""column_overlap"": 2}, {""word"": ""kind"", ""timed_overlap"": 1, ""column_overlap"": 4}, {""word"": ""none"", ""timed_overlap"": 1, ""column_overlap"": 4}, {""word"": ""these"", ""timed_overlap"": 1, ""column_overlap"": 3}]",completed,91,10,72
500,26,proximal-replay,2,--,dismounted,97,97,97,,2,3,0,0,,100,"[{""word"": ""dismounted"", ""timed_overlap"": 2, ""column_overlap"": 3}, {""word"": ""wished"", ""timed_overlap"": 2, ""column_overlap"": 3}, {""word"": ""Glen"", ""timed_overlap"": 2, ""column_overlap"": 3}, {""word"": ""dine"", ""timed_overlap"": 2, ""column_overlap"": 2}, {""word"": ""Clow"", ""timed_overlap"": 1, ""column_overlap"": 4}]",completed,82,10,63
500,26,proximal-replay,3,that,FINE,95,95,95,,3,3,0,0,,151,"[{""word"": ""FINE"", ""timed_overlap"": 3, ""column_overlap"": 3}, {""word"": ""bearing"", ""timed_overlap"": 2, ""column_overlap"": 3}, {""word"": ""Nature"", ""timed_overlap"": 2, ""column_overlap"": 2}, {""word"": ""belt"", ""timed_overlap"": 2, ""column_overlap"": 2}, {""word"": ""Put"", ""timed_overlap"": 1, ""column_overlap"": 5}]",completed,73,10,63
500,26,proximal-replay,4,there,skins,97,97,97,,2,3,0,0,,110,"[{""word"": ""skins"", ""timed_overlap"": 2, ""column_overlap"": 3}, {""word"": ""only"", ""timed_overlap"": 2, ""column_overlap"": 2}, {""word"": ""till"", ""timed_overlap"": 2, ""column_overlap"": 2}, {""word"": ""David"", ""timed_overlap"": 2, ""column_overlap"": 2}, {""word"": ""to-morrow"", ""timed_overlap"": 2, ""column_overlap"": 2}]",completed,73,10,72
500,27,proximal-replay,1,great,Dot,100,100,100,,2,2,0,0,,102,"[{""word"": ""Dot"", ""timed_overlap"": 2, ""column_overlap"": 2}, {""word"": ""sisters"", ""timed_overlap"": 2, ""column_overlap"": 2}, {""word"": ""canvas"", ""timed_overlap"": 2, ""column_overlap"": 2}, {""word"": ""looking"", ""timed_overlap"": 2, ""column_overlap"": 2}, {""word"": ""Buster"", ""timed_overlap"": 1, ""column_overlap"": 3}]",completed,100,10,72
500,27,proximal-replay,2,deal,chop,99,99,99,,2,2,0,0,,132,"[{""word"": ""chop"", ""timed_overlap"": 2, ""column_overlap"": 2}, {""word"": ""Lynde"", ""timed_overlap"": 1, ""column_overlap"": 4}, {""word"": ""trying"", ""timed_overlap"": 1, ""column_overlap"": 4}, {""word"": ""wrote"", ""timed_overlap"": 1, ""column_overlap"": 3}, {""word"": ""sword"", ""timed_overlap"": 1, ""column_overlap"": 3}]",completed,82,10,54
500,27,proximal-replay,3,of,Straight,98,98,98,,2,3,0,0,,108,"[{""word"": ""Straight"", ""timed_overlap"": 2, ""column_overlap"": 3}, {""word"": ""four"", ""timed_overlap"": 2, ""column_overlap"": 3}, {""word"": ""Of"", ""timed_overlap"": 2, ""column_overlap"": 3}, {""word"": ""Peter"", ""timed_overlap"": 2, ""column_overlap"": 2}, {""word"": ""Square"", ""timed_overlap"": 2, ""column_overlap"": 2}]",completed,64,10,63
500,27,proximal-replay,4,common,!,100,100,100,,2,4,0,0,,123,"[{""word"": ""!"", ""timed_overlap"": 2, ""column_overlap"": 4}, {""word"": ""nobody"", ""timed_overlap"": 2, ""column_overlap"": 3}, {""word"": ""Silver"", ""timed_overlap"": 2, ""column_overlap"": 3}, {""word"": ""Take"", ""timed_overlap"": 2, ""column_overlap"": 3}, {""word"": ""time"", ""timed_overlap"": 2, ""column_overlap"": 2}]",completed,73,10,63
500,28,proximal-replay,1,",",happily,98,98,98,,2,4,0,0,,108,"[{""word"": ""happily"", ""timed_overlap"": 2, ""column_overlap"": 4}, {""word"": ""rock"", ""timed_overlap"": 2, ""column_overlap"": 4}, {""word"": ""settle"", ""timed_overlap"": 2, ""column_overlap"": 3}, {""word"": ""ought"", ""timed_overlap"": 2, ""column_overlap"": 3}, {""word"": ""bookcase"", ""timed_overlap"": 2, ""column_overlap"": 3}]",completed,91,10,73
500,28,proximal-replay,2,praised,pity,99,99,99,,2,4,0,0,,133,"[{""word"": ""pity"", ""timed_overlap"": 2, ""column_overlap"": 4}, {""word"": ""tree"", ""timed_overlap"": 2, ""column_overlap"": 4}, {""word"": ""over"", ""timed_overlap"": 2, ""column_overlap"": 4}, {""word"": ""wonder"", ""timed_overlap"": 2, ""column_overlap"": 3}, {""word"": ""lady"", ""timed_overlap"": 2, ""column_overlap"": 3}]",completed,82,10,55
500,28,proximal-replay,3,be,distance,96,96,96,,2,5,0,0,,146,"[{""word"": ""distance"", ""timed_overlap"": 2, ""column_overlap"": 5}, {""word"": ""fire"", ""timed_overlap"": 2, ""column_overlap"": 4}, {""word"": ""smile"", ""timed_overlap"": 2, ""column_overlap"": 4}, {""word"": ""under"", ""timed_overlap"": 2, ""column_overlap"": 3}, {""word"": ""heated"", ""timed_overlap"": 2, ""column_overlap"": 3}]",completed,64,10,63
500,28,proximal-replay,4,the,deal,95,95,95,,2,3,0,0,,123,"[{""word"": ""deal"", ""timed_overlap"": 2, ""column_overlap"": 3}, {""word"": ""effort"", ""timed_overlap"": 2, ""column_overlap"": 3}, {""word"": ""Sultan"", ""timed_overlap"": 2, ""column_overlap"": 2}, {""word"": ""playing"", ""timed_overlap"": 2, ""column_overlap"": 2}, {""word"": ""resent"", ""timed_overlap"": 2, ""column_overlap"": 2}]",completed,73,10,45
500,29,proximal-replay,1,",",hive,94,94,94,,2,3,0,0,,101,"[{""word"": ""hive"", ""timed_overlap"": 2, ""column_overlap"": 3}, {""word"": ""garret"", ""timed_overlap"": 2, ""column_overlap"": 3}, {""word"": ""intended"", ""timed_overlap"": 2, ""column_overlap"": 3}, {""word"": ""kindest"", ""timed_overlap"": 2, ""column_overlap"": 2}, {""word"": ""SAMMY"", ""timed_overlap"": 1, ""column_overlap"": 4}]",completed,82,10,56
500,29,proximal-replay,2,for,Peter,89,89,89,,2,2,0,0,,136,"[{""word"": ""Peter"", ""timed_overlap"": 2, ""column_overlap"": 2}, {""word"": ""price"", ""timed_overlap"": 2, ""column_overlap"": 2}, {""word"": ""seen"", ""timed_overlap"": 2, ""column_overlap"": 2}, {""word"": ""bronze"", ""timed_overlap"": 2, ""column_overlap"": 2}, {""word"": ""tyrannize"", ""timed_overlap"": 2, ""column_overlap"": 2}]",completed,64,10,73
500,29,proximal-replay,3,at,already,99,99,99,,2,3,0,0,,113,"[{""word"": ""already"", ""timed_overlap"": 2, ""column_overlap"": 3}, {""word"": ""money"", ""timed_overlap"": 2, ""column_overlap"": 2}, {""word"": ""heated"", ""timed_overlap"": 1, ""column_overlap"": 4}, {""word"": ""yearned"", ""timed_overlap"": 1, ""column_overlap"": 3}, {""word"": ""taste"", ""timed_overlap"": 1, ""column_overlap"": 3}]",completed,82,10,63
500,29,proximal-replay,4,the,knew,100,100,100,,2,3,0,0,,103,"[{""word"": ""knew"", ""timed_overlap"": 2, ""column_overlap"": 3}, {""word"": ""experienced"", ""timed_overlap"": 2, ""column_overlap"": 2}, {""word"": ""Suddenly"", ""timed_overlap"": 2, ""column_overlap"": 2}, {""word"": ""and"", ""timed_overlap"": 2, ""column_overlap"": 2}, {""word"": ""detest"", ""timed_overlap"": 1, ""column_overlap"": 4}]",completed,73,10,72
500,30,proximal-replay,1,try,She,100,100,100,,2,3,0,0,,98,"[{""word"": ""She"", ""timed_overlap"": 2, ""column_overlap"": 3}, {""word"": ""impossible"", ""timed_overlap"": 2, ""column_overlap"": 3}, {""word"": ""nearer"", ""timed_overlap"": 2, ""column_overlap"": 3}, {""word"": ""dark"", ""timed_overlap"": 1, ""column_overlap"": 3}, {""word"": ""wrote"", ""timed_overlap"": 1, ""column_overlap"": 3}]",completed,91,10,72
500,30,proximal-replay,2,to,Clow,99,99,99,,2,4,0,0,,117,"[{""word"": ""Clow"", ""timed_overlap"": 2, ""column_overlap"": 4}, {""word"": ""Taylor"", ""timed_overlap"": 2, ""column_overlap"": 3}, {""word"": ""'d"", ""timed_overlap"": 2, ""column_overlap"": 3}, {""word"": ""thinks"", ""timed_overlap"": 2, ""column_overlap"": 3}, {""word"": ""bared"", ""timed_overlap"": 2, ""column_overlap"": 3}]",completed,82,10,72
500,30,proximal-replay,3,save,Up,96,96,96,,2,3,0,0,,108,"[{""word"": ""Up"", ""timed_overlap"": 2, ""column_overlap"": 3}, {""word"": ""Truly"", ""timed_overlap"": 2, ""column_overlap"": 2}, {""word"": ""tasted"", ""timed_overlap"": 2, ""column_overlap"": 2}, {""word"": ""Dear"", ""timed_overlap"": 1, ""column_overlap"": 4}, {""word"": ""Matthew"", ""timed_overlap"": 1, ""column_overlap"": 4}]",completed,82,10,63
500,30,proximal-replay,4,her,rubbed,99,99,99,,2,3,0,0,,100,"[{""word"": ""rubbed"", ""timed_overlap"": 2, ""column_overlap"": 3}, {""word"": ""Just"", ""timed_overlap"": 2, ""column_overlap"": 3}, {""word"": ""pride"", ""timed_overlap"": 2, ""column_overlap"": 2}, {""word"": ""easel"", ""timed_overlap"": 2, ""column_overlap"": 2}, {""word"": ""milk"", ""timed_overlap"": 2, ""column_overlap"": 2}]",completed,73,10,72
500,31,proximal-replay,1,'','',100,100,100,,2,2,2,2,1,121,"[{""word"": ""''"", ""timed_overlap"": 2, ""column_overlap"": 2}, {""word"": ""he"", ""timed_overlap"": 2, ""column_overlap"": 2}, {""word"": ""those"", ""timed_overlap"": 1, ""column_overlap"": 4}, {""word"": ""inches"", ""timed_overlap"": 1, ""column_overlap"": 4}, {""word"": ""tell"", ""timed_overlap"": 1, ""column_overlap"": 3}]",completed,82,10,54
500,31,proximal-replay,2,said,said,99,99,99,,3,3,3,3,1,95,"[{""word"": ""said"", ""timed_overlap"": 3, ""column_overlap"": 3}, {""word"": ""Sometimes"", ""timed_overlap"": 2, ""column_overlap"": 3}, {""word"": ""bust"", ""timed_overlap"": 2, ""column_overlap"": 3}, {""word"": ""Matthew"", ""timed_overlap"": 2, ""column_overlap"": 2}, {""word"": ""locked"", ""timed_overlap"": 1, ""column_overlap"": 3}]",completed,64,10,63
500,31,proximal-replay,3,Dick,somehow,100,100,100,,2,3,0,0,,95,"[{""word"": ""somehow"", ""timed_overlap"": 2, ""column_overlap"": 3}, {""word"": ""why"", ""timed_overlap"": 1, ""column_overlap"": 3}, {""word"": ""mature"", ""timed_overlap"": 1, ""column_overlap"": 3}, {""word"": ""reigned"", ""timed_overlap"": 1, ""column_overlap"": 3}, {""word"": ""wilt"", ""timed_overlap"": 1, ""column_overlap"": 3}]",completed,73,10,54
500,31,proximal-replay,4,",",platform,96,96,96,,2,4,0,0,,118,"[{""word"": ""platform"", ""timed_overlap"": 2, ""column_overlap"": 4}, {""word"": ""Fellow"", ""timed_overlap"": 2, ""column_overlap"": 2}, {""word"": ""Clow"", ""timed_overlap"": 2, ""column_overlap"": 2}, {""word"": ""lads"", ""timed_overlap"": 1, ""column_overlap"": 5}, {""word"": ""carriage"", ""timed_overlap"": 1, ""column_overlap"": 5}]",completed,64,10,72
500,32,proximal-replay,1,one,'',100,100,100,,2,2,0,0,,94,"[{""word"": ""''"", ""timed_overlap"": 2, ""column_overlap"": 2}, {""word"": ""enough"", ""timed_overlap"": 1, ""column_overlap"": 4}, {""word"": ""those"", ""timed_overlap"": 1, ""column_overlap"": 3}, {""word"": ""wind"", ""timed_overlap"": 1, ""column_overlap"": 3}, {""word"": ""departs"", ""timed_overlap"": 1, ""column_overlap"": 3}]",completed,100,10,54
500,32,proximal-replay,2,after,said,99,99,99,,3,3,0,0,,95,"[{""word"": ""said"", ""timed_overlap"": 3, ""column_overlap"": 3}, {""word"": ""bust"", ""timed_overlap"": 2, ""column_overlap"": 3}, {""word"": ""Sometimes"", ""timed_overlap"": 2, ""column_overlap"": 3}, {""word"": ""Matthew"", ""timed_overlap"": 2, ""column_overlap"": 2}, {""word"": ""taking"", ""timed_overlap"": 1, ""column_overlap"": 3}]",completed,64,10,63
500,32,proximal-replay,3,the,somehow,100,100,100,,2,3,0,0,,95,"[{""word"": ""somehow"", ""timed_overlap"": 2, ""column_overlap"": 3}, {""word"": ""wilt"", ""timed_overlap"": 1, ""column_overlap"": 3}, {""word"": ""reigned"", ""timed_overlap"": 1, ""column_overlap"": 3}, {""word"": ""mature"", ""timed_overlap"": 1, ""column_overlap"": 3}, {""word"": ""tittered"", ""timed_overlap"": 1, ""column_overlap"": 3}]",completed,73,10,54
500,32,proximal-replay,4,other,platform,96,96,96,,2,4,0,0,,118,"[{""word"": ""platform"", ""timed_overlap"": 2, ""column_overlap"": 4}, {""word"": ""Fellow"", ""timed_overlap"": 2, ""column_overlap"": 2}, {""word"": ""Clow"", ""timed_overlap"": 2, ""column_overlap"": 2}, {""word"": ""lads"", ""timed_overlap"": 1, ""column_overlap"": 5}, {""word"": ""carriage"", ""timed_overlap"": 1, ""column_overlap"": 5}]",completed,64,10,72
500,33,proximal-replay,1,humanity,cows,97,97,97,,2,4,1,1,92,124,"[{""word"": ""cows"", ""timed_overlap"": 2, ""column_overlap"": 4}, {""word"": ""stop"", ""timed_overlap"": 2, ""column_overlap"": 3}, {""word"": ""evening"", ""timed_overlap"": 2, ""column_overlap"": 2}, {""word"": ""even"", ""timed_overlap"": 2, ""column_overlap"": 2}, {""word"": ""ONCE"", ""timed_overlap"": 2, ""column_overlap"": 2}]",completed,91,10,72
500,33,proximal-replay,2,must,frog,100,100,100,,2,3,1,3,19,125,"[{""word"": ""frog"", ""timed_overlap"": 2, ""column_overlap"": 3}, {""word"": ""deny"", ""timed_overlap"": 2, ""column_overlap"": 3}, {""word"": ""order"", ""timed_overlap"": 2, ""column_overlap"": 3}, {""word"": ""voice"", ""timed_overlap"": 2, ""column_overlap"": 3}, {""word"": ""tunnels"", ""timed_overlap"": 2, ""column_overlap"": 2}]",completed,82,10,72
500,33,proximal-replay,3,pay,hole,98,98,98,,2,3,1,1,36,87,"[{""word"": ""hole"", ""timed_overlap"": 2, ""column_overlap"": 3}, {""word"": ""hopelessly"", ""timed_overlap"": 2, ""column_overlap"": 3}, {""word"": ""Twice"", ""timed_overlap"": 2, ""column_overlap"": 2}, {""word"": ""shoulders"", ""timed_overlap"": 1, ""column_overlap"": 3}, {""word"": ""Elliott"", ""timed_overlap"": 1, ""column_overlap"": 3}]",completed,82,10,54
500,33,proximal-replay,4,for,king,100,100,100,,2,4,0,0,,127,"[{""word"": ""king"", ""timed_overlap"": 2, ""column_overlap"": 4}, {""word"": ""more"", ""timed_overlap"": 2, ""column_overlap"": 3}, {""word"": ""probably"", ""timed_overlap"": 2, ""column_overlap"": 2}, {""word"": ""shall"", ""timed_overlap"": 1, ""column_overlap"": 4}, {""word"": ""smile"", ""timed_overlap"": 1, ""column_overlap"": 3}]",completed,64,10,63
500,34,proximal-replay,1,another,soon,100,100,100,,2,2,0,0,,90,"[{""word"": ""soon"", ""timed_overlap"": 2, ""column_overlap"": 2}, {""word"": ""lump"", ""timed_overlap"": 2, ""column_overlap"": 2}, {""word"": ""months"", ""timed_overlap"": 1, ""column_overlap"": 3}, {""word"": ""commanded"", ""timed_overlap"": 1, ""column_overlap"": 3}, {""word"": ""forbidden"", ""timed_overlap"": 1, ""column_overlap"": 3}]",completed,82,10,72
500,34,proximal-replay,2,laughed,Jumping,99,99,99,,2,4,0,0,,107,"[{""word"": ""Jumping"", ""timed_overlap"": 2, ""column_overlap"": 4}, {""word"": ""our"", ""timed_overlap"": 2, ""column_overlap"": 3}, {""word"": ""river"", ""timed_overlap"": 1, ""column_overlap"": 4}, {""word"": ""blow"", ""timed_overlap"": 1, ""column_overlap"": 3}, {""word"": ""keep"", ""timed_overlap"": 1, ""column_overlap"": 3}]",completed,82,10,63
500,34,proximal-replay,3,",",thrifty,96,96,96,,2,3,0,0,,128,"[{""word"": ""thrifty"", ""timed_overlap"": 2, ""column_overlap"": 3}, {""word"": ""let"", ""timed_overlap"": 2, ""column_overlap"": 3}, {""word"": ""disagreeable"", ""timed_overlap"": 2, ""column_overlap"": 2}, {""word"": ""Jo"", ""timed_overlap"": 2, ""column_overlap"": 2}, {""word"": ""Thorny"", ""timed_overlap"": 2, ""column_overlap"": 2}]",completed,73,10,63
500,34,proximal-replay,4,and,Nature,98,98,98,,2,3,0,0,,147,"[{""word"": ""Nature"", ""timed_overlap"": 2, ""column_overlap"": 3}, {""word"": ""question"", ""timed_overlap"": 2, ""column_overlap"": 3}, {""word"": ""FINE"", ""timed_overlap"": 2, ""column_overlap"": 3}, {""word"": ""pet"", ""timed_overlap"": 2, ""column_overlap"": 3}, {""word"": ""Each"", ""timed_overlap"": 2, ""column_overlap"": 3}]",completed,73,10,63
500,35,proximal-replay,1,me,shall,99,99,99,,2,3,0,0,,146,"[{""word"": ""shall"", ""timed_overlap"": 2, ""column_overlap"": 3}, {""word"": ""tyrannize"", ""timed_overlap"": 2, ""column_overlap"": 3}, {""word"": ""this"", ""timed_overlap"": 2, ""column_overlap"": 2}, {""word"": ""Kindly"", ""timed_overlap"": 2, ""column_overlap"": 2}, {""word"": ""voice"", ""timed_overlap"": 1, ""column_overlap"": 4}]",completed,82,10,72
500,35,proximal-replay,2,",",train,100,100,100,,3,3,0,0,,99,"[{""word"": ""train"", ""timed_overlap"": 3, ""column_overlap"": 3}, {""word"": ""wondered"", ""timed_overlap"": 2, ""column_overlap"": 3}, {""word"": ""Jack"", ""timed_overlap"": 2, ""column_overlap"": 2}, {""word"": ""mid-afternoon"", ""timed_overlap"": 2, ""column_overlap"": 2}, {""word"": ""Quite"", ""timed_overlap"": 1, ""column_overlap"": 4}]",completed,82,10,63
500,35,proximal-replay,3,',talk,95,95,95,,2,3,1,2,21,103,"[{""word"": ""talk"", ""timed_overlap"": 2, ""column_overlap"": 3}, {""word"": ""tunnels"", ""timed_overlap"": 2, ""column_overlap"": 3}, {""word"": ""1715"", ""timed_overlap"": 2, ""column_overlap"": 2}, {""word"": ""hear"", ""timed_overlap"": 1, ""column_overlap"": 4}, {""word"": ""you"", ""timed_overlap"": 1, ""column_overlap"": 3}]",completed,73,10,72
500,35,proximal-replay,4,answered,cake,99,99,99,,2,3,0,0,,119,"[{""word"": ""cake"", ""timed_overlap"": 2, ""column_overlap"": 3}, {""word"": ""newspapers"", ""timed_overlap"": 2, ""column_overlap"": 3}, {""word"": ""require"", ""timed_overlap"": 2, ""column_overlap"": 3}, {""word"": ""Oh"", ""timed_overlap"": 2, ""column_overlap"": 2}, {""word"": ""window"", ""timed_overlap"": 2, ""column_overlap"": 2}]",completed,82,10,72
500,36,proximal-replay,1,said,said,100,100,100,,3,3,3,3,1,115,"[{""word"": ""said"", ""timed_overlap"": 3, ""column_overlap"": 3}, {""word"": ""without"", ""timed_overlap"": 2, ""column_overlap"": 3}, {""word"": ""care"", ""timed_overlap"": 2, ""column_overlap"": 3}, {""word"": ""golden"", ""timed_overlap"": 2, ""column_overlap"": 3}, {""word"": ""pump"", ""timed_overlap"": 2, ""column_overlap"": 3}]",completed,73,10,45
500,36,proximal-replay,2,the,See,100,100,100,,2,4,0,0,,148,"[{""word"": ""See"", ""timed_overlap"": 2, ""column_overlap"": 4}, {""word"": ""soon"", ""timed_overlap"": 2, ""column_overlap"": 3}, {""word"": ""And"", ""timed_overlap"": 2, ""column_overlap"": 3}, {""word"": ""her"", ""timed_overlap"": 2, ""column_overlap"": 3}, {""word"": ""Taffy"", ""timed_overlap"": 2, ""column_overlap"": 3}]",completed,55,10,72
500,36,proximal-replay,3,bear,again,97,97,97,,3,3,0,0,,127,"[{""word"": ""again"", ""timed_overlap"": 3, ""column_overlap"": 3}, {""word"": ""Elsa"", ""timed_overlap"": 2, ""column_overlap"": 3}, {""word"": ""disagreeable"", ""timed_overlap"": 2, ""column_overlap"": 2}, {""word"": ""hair"", ""timed_overlap"": 2, ""column_overlap"": 2}, {""word"": ""settle"", ""timed_overlap"": 2, ""column_overlap"": 2}]",completed,82,10,54
500,36,proximal-replay,4,",",--,96,96,96,,2,3,0,0,,137,"[{""word"": ""--"", ""timed_overlap"": 2, ""column_overlap"": 3}, {""word"": ""Pekoe"", ""timed_overlap"": 2, ""column_overlap"": 3}, {""word"": ""evening"", ""timed_overlap"": 2, ""column_overlap"": 2}, {""word"": ""lovely"", ""timed_overlap"": 2, ""column_overlap"": 2}, {""word"": ""good"", ""timed_overlap"": 2, ""column_overlap"": 2}]",completed,64,10,54
500,37,proximal-replay,1,even,'',100,100,100,,2,2,0,0,,94,"[{""word"": ""''"", ""timed_overlap"": 2, ""column_overlap"": 2}, {""word"": ""enough"", ""timed_overlap"": 1, ""column_overlap"": 4}, {""word"": ""tell"", ""timed_overlap"": 1, ""column_overlap"": 3}, {""word"": ""departs"", ""timed_overlap"": 1, ""column_overlap"": 3}, {""word"": ""own"", ""timed_overlap"": 1, ""column_overlap"": 3}]",completed,100,10,54
500,37,proximal-replay,2,if,said,99,99,99,,3,3,0,0,,95,"[{""word"": ""said"", ""timed_overlap"": 3, ""column_overlap"": 3}, {""word"": ""bust"", ""timed_overlap"": 2, ""column_overlap"": 3}, {""word"": ""Sometimes"", ""timed_overlap"": 2, ""column_overlap"": 3}, {""word"": ""Matthew"", ""timed_overlap"": 2, ""column_overlap"": 2}, {""word"": ""trim"", ""timed_overlap"": 1, ""column_overlap"": 3}]",completed,64,10,63
500,37,proximal-replay,3,you,somehow,100,100,100,,2,3,0,0,,95,"[{""word"": ""somehow"", ""timed_overlap"": 2, ""column_overlap"": 3}, {""word"": ""reigned"", ""timed_overlap"": 1, ""column_overlap"": 3}, {""word"": ""wilt"", ""timed_overlap"": 1, ""column_overlap"": 3}, {""word"": ""why"", ""timed_overlap"": 1, ""column_overlap"": 3}, {""word"": ""tittered"", ""timed_overlap"": 1, ""column_overlap"": 3}]",completed,73,10,54
500,37,proximal-replay,4,tried,platform,96,96,96,,2,4,0,0,,118,"[{""word"": ""platform"", ""timed_overlap"": 2, ""column_overlap"": 4}, {""word"": ""Clow"", ""timed_overlap"": 2, ""column_overlap"": 2}, {""word"": ""Fellow"", ""timed_overlap"": 2, ""column_overlap"": 2}, {""word"": ""carriage"", ""timed_overlap"": 1, ""column_overlap"": 5}, {""word"": ""lads"", ""timed_overlap"": 1, ""column_overlap"": 5}]",completed,64,10,72
500,38,proximal-replay,1,and,Jay,100,100,100,,2,3,0,0,,103,"[{""word"": ""Jay"", ""timed_overlap"": 2, ""column_overlap"": 3}, {""word"": ""kill"", ""timed_overlap"": 2, ""column_overlap"": 3}, {""word"": ""That"", ""timed_overlap"": 2, ""column_overlap"": 2}, {""word"": ""Grange"", ""timed_overlap"": 2, ""column_overlap"": 2}, {""word"": ""pricked"", ""timed_overlap"": 1, ""column_overlap"": 4}]",completed,91,10,72
500,38,proximal-replay,2,drop,wife,100,100,100,,2,2,0,0,,127,"[{""word"": ""wife"", ""timed_overlap"": 2, ""column_overlap"": 2}, {""word"": ""all"", ""timed_overlap"": 2, ""column_overlap"": 2}, {""word"": ""worked"", ""timed_overlap"": 2, ""column_overlap"": 2}, {""word"": ""smile"", ""timed_overlap"": 2, ""column_overlap"": 2}, {""word"": ""danced"", ""timed_overlap"": 2, ""column_overlap"": 2}]",completed,82,10,63
500,38,proximal-replay,3,remorsefully,stern-sheets,99,99,99,,2,3,0,0,,96,"[{""word"": ""stern-sheets"", ""timed_overlap"": 2, ""column_overlap"": 3}, {""word"": ""heard"", ""timed_overlap"": 2, ""column_overlap"": 3}, {""word"": ""stranger"", ""timed_overlap"": 2, ""column_overlap"": 3}, {""word"": ""shy"", ""timed_overlap"": 2, ""column_overlap"": 2}, {""word"": ""frog"", ""timed_overlap"": 1, ""column_overlap"": 3}]",completed,73,10,72
500,38,proximal-replay,4,at,thing,100,100,100,,2,3,0,0,,77,"[{""word"": ""thing"", ""timed_overlap"": 2, ""column_overlap"": 3}, {""word"": ""Felicity"", ""timed_overlap"": 2, ""column_overlap"": 3}, {""word"": ""youth"", ""timed_overlap"": 2, ""column_overlap"": 2}, {""word"": ""touched"", ""timed_overlap"": 2, ""column_overlap"": 2}, {""word"": ""Lung"", ""timed_overlap"": 2, ""column_overlap"": 2}]",completed,82,10,63
500,39,proximal-replay,1,spoke,calmly,100,100,100,,2,2,0,0,,65,"[{""word"": ""calmly"", ""timed_overlap"": 2, ""column_overlap"": 2}, {""word"": ""Thorny"", ""timed_overlap"": 2, ""column_overlap"": 2}, {""word"": ""thrifty"", ""timed_overlap"": 2, ""column_overlap"": 2}, {""word"": ""disagreeable"", ""timed_overlap"": 2, ""column_overlap"": 2}, {""word"": ""whole"", ""timed_overlap"": 1, ""column_overlap"": 3}]",completed,91,10,72
500,39,proximal-replay,2,in,PERCINET,100,100,100,,2,2,0,0,,101,"[{""word"": ""PERCINET"", ""timed_overlap"": 2, ""column_overlap"": 2}, {""word"": ""Faith"", ""timed_overlap"": 2, ""column_overlap"": 2}, {""word"": ""Sultan"", ""timed_overlap"": 1, ""column_overlap"": 3}, {""word"": ""Pretty"", ""timed_overlap"": 1, ""column_overlap"": 3}, {""word"": ""both"", ""timed_overlap"": 1, ""column_overlap"": 3}]",completed,82,10,54
500,39,proximal-replay,3,soft,mutinously,98,98,98,,2,3,1,2,53,142,"[{""word"": ""mutinously"", ""timed_overlap"": 2, ""column_overlap"": 3}, {""word"": ""ONCE"", ""timed_overlap"": 2, ""column_overlap"": 3}, {""word"": ""Just"", ""timed_overlap"": 2, ""column_overlap"": 2}, {""word"": ""wrote"", ""timed_overlap"": 2, ""column_overlap"": 2}, {""word"": ""Robert"", ""timed_overlap"": 2, ""column_overlap"": 2}]",completed,64,10,45
500,39,proximal-replay,4,and,suppose,100,100,100,,2,4,0,0,,106,"[{""word"": ""suppose"", ""timed_overlap"": 2, ""column_overlap"": 4}, {""word"": ""Paul"", ""timed_overlap"": 2, ""column_overlap"": 3}, {""word"": ""does"", ""timed_overlap"": 2, ""column_overlap"": 3}, {""word"": ""Happy"", ""timed_overlap"": 2, ""column_overlap"": 3}, {""word"": ""gathered"", ""timed_overlap"": 2, ""column_overlap"": 2}]",completed,55,10,72
500,40,proximal-replay,1,of,under,96,96,96,,2,4,1,1,82,110,"[{""word"": ""under"", ""timed_overlap"": 2, ""column_overlap"": 4}, {""word"": ""broad"", ""timed_overlap"": 2, ""column_overlap"": 2}, {""word"": ""deary"", ""timed_overlap"": 2, ""column_overlap"": 2}, {""word"": ""Hippocrates"", ""timed_overlap"": 1, ""column_overlap"": 4}, {""word"": ""Lawful"", ""timed_overlap"": 1, ""column_overlap"": 3}]",completed,91,10,63
500,40,proximal-replay,2,the,bronze,89,89,89,,3,4,0,0,,157,"[{""word"": ""bronze"", ""timed_overlap"": 3, ""column_overlap"": 4}, {""word"": ""his"", ""timed_overlap"": 3, ""column_overlap"": 3}, {""word"": ""pump"", ""timed_overlap"": 2, ""column_overlap"": 4}, {""word"": ""Jo"", ""timed_overlap"": 2, ""column_overlap"": 3}, {""word"": ""tyrannize"", ""timed_overlap"": 2, ""column_overlap"": 3}]",completed,73,10,64
500,40,proximal-replay,3,desert,Spirit,97,97,97,,2,2,0,0,,119,"[{""word"": ""Spirit"", ""timed_overlap"": 2, ""column_overlap"": 2}, {""word"": ""ogress"", ""timed_overlap"": 2, ""column_overlap"": 2}, {""word"": ""give"", ""timed_overlap"": 2, ""column_overlap"": 2}, {""word"": ""Very"", ""timed_overlap"": 2, ""column_overlap"": 2}, {""word"": ""will"", ""timed_overlap"": 2, ""column_overlap"": 2}]",completed,73,10,72
500,40,proximal-replay,4,appeared,Frank,100,100,100,,2,3,0,0,,109,"[{""word"": ""Frank"", ""timed_overlap"": 2, ""column_overlap"": 3}, {""word"": ""fair"", ""timed_overlap"": 2, ""column_overlap"": 3}, {""word"": ""particular"", ""timed_overlap"": 2, ""column_overlap"": 2}, {""word"": ""'m"", ""timed_overlap"": 2, ""column_overlap"": 2}, {""word"": ""end"", ""timed_overlap"": 1, ""column_overlap"": 3}]",completed,82,10,72
500,41,proximal-replay,1,girl,than,100,100,100,,2,2,0,0,,76,"[{""word"": ""than"", ""timed_overlap"": 2, ""column_overlap"": 2}, {""word"": ""Bessy"", ""timed_overlap"": 2, ""column_overlap"": 2}, {""word"": ""now"", ""timed_overlap"": 2, ""column_overlap"": 2}, {""word"": ""another"", ""timed_overlap"": 1, ""column_overlap"": 3}, {""word"": ""broadest"", ""timed_overlap"": 1, ""column_overlap"": 2}]",completed,91,10,72
500,41,proximal-replay,2,in,agreement,96,96,96,,2,3,0,0,,134,"[{""word"": ""agreement"", ""timed_overlap"": 2, ""column_overlap"": 3}, {""word"": ""taking"", ""timed_overlap"": 1, ""column_overlap"": 4}, {""word"": ""tale"", ""timed_overlap"": 1, ""column_overlap"": 3}, {""word"": ""lamp"", ""timed_overlap"": 1, ""column_overlap"": 3}, {""word"": ""maiden"", ""timed_overlap"": 1, ""column_overlap"": 3}]",completed,82,10,72
500,41,proximal-replay,3,the,garret,94,94,94,,2,4,0,0,,113,"[{""word"": ""garret"", ""timed_overlap"": 2, ""column_overlap"": 4}, {""word"": ""hive"", ""timed_overlap"": 2, ""column_overlap"": 3}, {""word"": ""intended"", ""timed_overlap"": 2, ""column_overlap"": 3}, {""word"": ""kindest"", ""timed_overlap"": 2, ""column_overlap"": 2}, {""word"": ""bluntly"", ""timed_overlap"": 2, ""column_overlap"": 2}]",completed,82,10,55
500,41,proximal-replay,4,world,hot,99,99,99,,2,3,0,0,,91,"[{""word"": ""hot"", ""timed_overlap"": 2, ""column_overlap"": 3}, {""word"": ""times"", ""timed_overlap"": 2, ""column_overlap"": 2}, {""word"": ""succeeded"", ""timed_overlap"": 2, ""column_overlap"": 2}, {""word"": ""ten"", ""timed_overlap"": 1, ""column_overlap"": 4}, {""word"": ""Most"", ""timed_overlap"": 1, ""column_overlap"": 4}]",completed,64,10,63
500,42,proximal-replay,1,",",Their,96,96,96,,2,3,0,0,,131,"[{""word"": ""Their"", ""timed_overlap"": 2, ""column_overlap"": 3}, {""word"": ""See"", ""timed_overlap"": 2, ""column_overlap"": 2}, {""word"": ""audacity"", ""timed_overlap"": 2, ""column_overlap"": 2}, {""word"": ""pride"", ""timed_overlap"": 2, ""column_overlap"": 2}, {""word"": ""queen"", ""timed_overlap"": 1, ""column_overlap"": 4}]",completed,73,10,73
500,42,proximal-replay,2,not,boy,98,98,98,,1,4,0,0,,83,"[{""word"": ""boy"", ""timed_overlap"": 1, ""column_overlap"": 4}, {""word"": ""heated"", ""timed_overlap"": 1, ""column_overlap"": 3}, {""word"": ""part"", ""timed_overlap"": 1, ""column_overlap"": 3}, {""word"": ""seen"", ""timed_overlap"": 1, ""column_overlap"": 2}, {""word"": ""sentence"", ""timed_overlap"": 1, ""column_overlap"": 2}]",completed,82,10,72
500,42,proximal-replay,3,exactly,business,98,98,98,,2,3,0,0,,116,"[{""word"": ""business"", ""timed_overlap"": 2, ""column_overlap"": 3}, {""word"": ""parents"", ""timed_overlap"": 2, ""column_overlap"": 3}, {""word"": ""time"", ""timed_overlap"": 2, ""column_overlap"": 3}, {""word"": ""Grange"", ""timed_overlap"": 2, ""column_overlap"": 3}, {""word"": ""broidered"", ""timed_overlap"": 2, ""column_overlap"": 3}]",completed,82,10,63
500,42,proximal-replay,4,.,COMES,96,96,96,,2,4,0,0,,129,"[{""word"": ""COMES"", ""timed_overlap"": 2, ""column_overlap"": 4}, {""word"": ""Sultan"", ""timed_overlap"": 2, ""column_overlap"": 3}, {""word"": ""goodness"", ""timed_overlap"": 2, ""column_overlap"": 2}, {""word"": ""seen"", ""timed_overlap"": 2, ""column_overlap"": 2}, {""word"": ""days"", ""timed_overlap"": 2, ""column_overlap"": 2}]",completed,73,10,63
500,43,proximal-replay,1,her,inches,100,100,100,,2,2,0,0,,98,"[{""word"": ""inches"", ""timed_overlap"": 2, ""column_overlap"": 2}, {""word"": ""seem"", ""timed_overlap"": 2, ""column_overlap"": 2}, {""word"": ""catechism"", ""timed_overlap"": 2, ""column_overlap"": 2}, {""word"": ""heard"", ""timed_overlap"": 2, ""column_overlap"": 2}, {""word"": ""herring"", ""timed_overlap"": 2, ""column_overlap"": 2}]",completed,91,10,72
500,43,proximal-replay,2,ambitions,put,93,93,93,,2,4,1,2,27,144,"[{""word"": ""put"", ""timed_overlap"": 2, ""column_overlap"": 4}, {""word"": ""four"", ""timed_overlap"": 2, ""column_overlap"": 4}, {""word"": ""never"", ""timed_overlap"": 2, ""column_overlap"": 4}, {""word"": ""heated"", ""timed_overlap"": 2, ""column_overlap"": 3}, {""word"": ""let"", ""timed_overlap"": 2, ""column_overlap"": 3}]",completed,82,10,73
500,43,proximal-replay,3,last,out,98,98,98,,2,3,0,0,,136,"[{""word"": ""out"", ""timed_overlap"": 2, ""column_overlap"": 3}, {""word"": ""Quicksilver"", ""timed_overlap"": 2, ""column_overlap"": 3}, {""word"": ""gather"", ""timed_overlap"": 2, ""column_overlap"": 3}, {""word"": ""deal"", ""timed_overlap"": 2, ""column_overlap"": 3}, {""word"": ""appeal"", ""timed_overlap"": 2, ""column_overlap"": 2}]",completed,82,10,54
500,43,proximal-replay,4,night,silence,100,100,100,,2,2,0,0,,102,"[{""word"": ""silence"", ""timed_overlap"": 2, ""column_overlap"": 2}, {""word"": ""happened"", ""timed_overlap"": 2, ""column_overlap"": 2}, {""word"": ""one"", ""timed_overlap"": 2, ""column_overlap"": 2}, {""word"": ""splendid"", ""timed_overlap"": 1, ""column_overlap"": 3}, {""word"": ""heated"", ""timed_overlap"": 1, ""column_overlap"": 3}]",completed,64,10,63
500,44,proximal-replay,1,chop,be,100,100,100,,2,2,0,0,,81,"[{""word"": ""be"", ""timed_overlap"": 2, ""column_overlap"": 2}, {""word"": ""Straight"", ""timed_overlap"": 1, ""column_overlap"": 3}, {""word"": ""Sue"", ""timed_overlap"": 1, ""column_overlap"": 3}, {""word"": ""honey"", ""timed_overlap"": 1, ""column_overlap"": 2}, {""word"": ""however"", ""timed_overlap"": 1, ""column_overlap"": 2}]",completed,91,10,63
500,44,proximal-replay,2,it,Cyrilla,100,100,100,,2,3,0,0,,128,"[{""word"": ""Cyrilla"", ""timed_overlap"": 2, ""column_overlap"": 3}, {""word"": ""!"", ""timed_overlap"": 2, ""column_overlap"": 3}, {""word"": ""stern"", ""timed_overlap"": 2, ""column_overlap"": 3}, {""word"": ""leave"", ""timed_overlap"": 2, ""column_overlap"": 3}, {""word"": ""seen"", ""timed_overlap"": 2, ""column_overlap"": 2}]",completed,73,10,63
500,44,proximal-replay,3,off,'s,95,95,95,,3,4,0,0,,145,"[{""word"": ""'s"", ""timed_overlap"": 3, ""column_overlap"": 4}, {""word"": ""course"", ""timed_overlap"": 2, ""column_overlap"": 4}, {""word"": ""fellows"", ""timed_overlap"": 2, ""column_overlap"": 3}, {""word"": ""Meanwhile"", ""timed_overlap"": 2, ""column_overlap"": 3}, {""word"": ""gradual"", ""timed_overlap"": 2, ""column_overlap"": 3}]",completed,73,10,54
500,44,proximal-replay,4,",",throat,97,97,97,,2,2,0,0,,90,"[{""word"": ""throat"", ""timed_overlap"": 2, ""column_overlap"": 2}, {""word"": ""suit"", ""timed_overlap"": 2, ""column_overlap"": 2}, {""word"": ""fry"", ""timed_overlap"": 1, ""column_overlap"": 4}, {""word"": ""hotel"", ""timed_overlap"": 1, ""column_overlap"": 3}, {""word"": ""posted"", ""timed_overlap"": 1, ""column_overlap"": 3}]",completed,64,10,63
500,45,proximal-replay,1,awful,these,99,99,99,,2,3,0,0,,114,"[{""word"": ""these"", ""timed_overlap"": 2, ""column_overlap"": 3}, {""word"": ""XV"", ""timed_overlap"": 2, ""column_overlap"": 2}, {""word"": ""ought"", ""timed_overlap"": 2, ""column_overlap"": 2}, {""word"": ""twitch"", ""timed_overlap"": 2, ""column_overlap"": 2}, {""word"": ""longer"", ""timed_overlap"": 2, ""column_overlap"": 2}]",completed,73,10,55
500,45,proximal-replay,2,early,six,94,94,94,,2,3,0,0,,114,"[{""word"": ""six"", ""timed_overlap"": 2, ""column_overlap"": 3}, {""word"": ""now"", ""timed_overlap"": 2, ""column_overlap"": 2}, {""word"": ""frivolous"", ""timed_overlap"": 2, ""column_overlap"": 2}, {""word"": ""Lucinda"", ""timed_overlap"": 1, ""column_overlap"": 3}, {""word"": ""sorry"", ""timed_overlap"": 1, ""column_overlap"": 3}]",completed,64,10,72
500,45,proximal-replay,3,",",Twice,99,99,99,,2,4,0,0,,144,"[{""word"": ""Twice"", ""timed_overlap"": 2, ""column_overlap"": 4}, {""word"": ""helplessly"", ""timed_overlap"": 2, ""column_overlap"": 3}, {""word"": ""Quite"", ""timed_overlap"": 2, ""column_overlap"": 3}, {""word"": ""Cyrilla"", ""timed_overlap"": 2, ""column_overlap"": 3}, {""word"": ""chop"", ""timed_overlap"": 2, ""column_overlap"": 3}]",completed,82,10,63
500,45,proximal-replay,4,and,girl,97,97,97,,2,3,0,0,,91,"[{""word"": ""girl"", ""timed_overlap"": 2, ""column_overlap"": 3}, {""word"": ""great"", ""timed_overlap"": 2, ""column_overlap"": 2}, {""word"": ""Douglas"", ""timed_overlap"": 2, ""column_overlap"": 2}, {""word"": ""an"", ""timed_overlap"": 2, ""column_overlap"": 2}, {""word"": ""grotto"", ""timed_overlap"": 1, ""column_overlap"": 3}]",completed,73,10,63
500,46,proximal-replay,1,--,craoudin,98,98,98,,2,3,1,1,106,117,"[{""word"": ""craoudin"", ""timed_overlap"": 2, ""column_overlap"": 3}, {""word"": ""while"", ""timed_overlap"": 2, ""column_overlap"": 2}, {""word"": ""Billy"", ""timed_overlap"": 2, ""column_overlap"": 2}, {""word"": ""whither"", ""timed_overlap"": 2, ""column_overlap"": 2}, {""word"": ""chance"", ""timed_overlap"": 1, ""column_overlap"": 3}]",completed,91,10,72
500,46,proximal-replay,2,it,others,97,97,97,,2,3,0,0,,110,"[{""word"": ""others"", ""timed_overlap"": 2, ""column_overlap"": 3}, {""word"": ""married"", ""timed_overlap"": 1, ""column_overlap"": 4}, {""word"": ""train"", ""timed_overlap"": 1, ""column_overlap"": 4}, {""word"": ""--"", ""timed_overlap"": 1, ""column_overlap"": 4}, {""word"": ""disrepitable"", ""timed_overlap"": 1, ""column_overlap"": 3}]",completed,82,10,72
500,46,proximal-replay,3,was,sprang,97,97,97,,2,3,0,0,,108,"[{""word"": ""sprang"", ""timed_overlap"": 2, ""column_overlap"": 3}, {""word"": ""sentiment"", ""timed_overlap"": 2, ""column_overlap"": 2}, {""word"": ""sit"", ""timed_overlap"": 2, ""column_overlap"": 2}, {""word"": ""killed"", ""timed_overlap"": 2, ""column_overlap"": 2}, {""word"": ""paw"", ""timed_overlap"": 2, ""column_overlap"": 2}]",completed,82,10,63
500,46,proximal-replay,4,an,--,100,100,100,,2,4,0,0,,149,"[{""word"": ""--"", ""timed_overlap"": 2, ""column_overlap"": 4}, {""word"": ""none"", ""timed_overlap"": 2, ""column_overlap"": 3}, {""word"": ""trim"", ""timed_overlap"": 2, ""column_overlap"": 2}, {""word"": ""particular"", ""timed_overlap"": 2, ""column_overlap"": 2}, {""word"": ""others"", ""timed_overlap"": 2, ""column_overlap"": 2}]",completed,73,10,63
500,47,proximal-replay,1,but,'',100,100,100,,2,2,0,0,,94,"[{""word"": ""''"", ""timed_overlap"": 2, ""column_overlap"": 2}, {""word"": ""enough"", ""timed_overlap"": 1, ""column_overlap"": 4}, {""word"": ""tell"", ""timed_overlap"": 1, ""column_overlap"": 3}, {""word"": ""own"", ""timed_overlap"": 1, ""column_overlap"": 3}, {""word"": ""those"", ""timed_overlap"": 1, ""column_overlap"": 3}]",completed,100,10,54
500,47,proximal-replay,2,somehow,said,99,99,99,,3,3,0,0,,95,"[{""word"": ""said"", ""timed_overlap"": 3, ""column_overlap"": 3}, {""word"": ""Sometimes"", ""timed_overlap"": 2, ""column_overlap"": 3}, {""word"": ""bust"", ""timed_overlap"": 2, ""column_overlap"": 3}, {""word"": ""Matthew"", ""timed_overlap"": 2, ""column_overlap"": 2}, {""word"": ""RABBIT"", ""timed_overlap"": 1, ""column_overlap"": 3}]",completed,64,10,63
500,47,proximal-replay,3,we,somehow,100,100,100,,2,3,0,0,,95,"[{""word"": ""somehow"", ""timed_overlap"": 2, ""column_overlap"": 3}, {""word"": ""reigned"", ""timed_overlap"": 1, ""column_overlap"": 3}, {""word"": ""why"", ""timed_overlap"": 1, ""column_overlap"": 3}, {""word"": ""tittered"", ""timed_overlap"": 1, ""column_overlap"": 3}, {""word"": ""mature"", ""timed_overlap"": 1, ""column_overlap"": 3}]",completed,73,10,54
500,47,proximal-replay,4,do,platform,96,96,96,,2,4,0,0,,118,"[{""word"": ""platform"", ""timed_overlap"": 2, ""column_overlap"": 4}, {""word"": ""Fellow"", ""timed_overlap"": 2, ""column_overlap"": 2}, {""word"": ""Clow"", ""timed_overlap"": 2, ""column_overlap"": 2}, {""word"": ""lads"", ""timed_overlap"": 1, ""column_overlap"": 5}, {""word"": ""carriage"", ""timed_overlap"": 1, ""column_overlap"": 5}]",completed,64,10,72
500,48,proximal-replay,1,leafy,mother,100,100,100,,2,4,0,0,,152,"[{""word"": ""mother"", ""timed_overlap"": 2, ""column_overlap"": 4}, {""word"": ""applause"", ""timed_overlap"": 2, ""column_overlap"": 3}, {""word"": ""sisters"", ""timed_overlap"": 2, ""column_overlap"": 3}, {""word"": ""Why"", ""timed_overlap"": 2, ""column_overlap"": 3}, {""word"": ""canvas"", ""timed_overlap"": 2, ""column_overlap"": 3}]",completed,91,10,72
500,48,proximal-replay,2,branch,spied,100,100,100,,2,4,0,0,,128,"[{""word"": ""spied"", ""timed_overlap"": 2, ""column_overlap"": 4}, {""word"": ""longer"", ""timed_overlap"": 2, ""column_overlap"": 3}, {""word"": ""helmet"", ""timed_overlap"": 2, ""column_overlap"": 3}, {""word"": ""As"", ""timed_overlap"": 2, ""column_overlap"": 2}, {""word"": ""kerchief"", ""timed_overlap"": 2, ""column_overlap"": 2}]",completed,82,10,63
500,48,proximal-replay,3,and,lord,98,98,98,,2,3,0,0,,142,"[{""word"": ""lord"", ""timed_overlap"": 2, ""column_overlap"": 3}, {""word"": ""hands"", ""timed_overlap"": 2, ""column_overlap"": 3}, {""word"": ""bared"", ""timed_overlap"": 2, ""column_overlap"": 3}, {""word"": ""broidered"", ""timed_overlap"": 2, ""column_overlap"": 3}, {""word"": ""Just"", ""timed_overlap"": 2, ""column_overlap"": 3}]",completed,73,10,72
500,48,proximal-replay,4,look,get,97,97,97,,3,4,0,0,,127,"[{""word"": ""get"", ""timed_overlap"": 3, ""column_overlap"": 4}, {""word"": ""timid"", ""timed_overlap"": 2, ""column_overlap"": 3}, {""word"": ""milk"", ""timed_overlap"": 2, ""column_overlap"": 3}, {""word"": ""faults"", ""timed_overlap"": 2, ""column_overlap"": 2}, {""word"": ""danced"", ""timed_overlap"": 2, ""column_overlap"": 2}]",completed,82,10,63
500,49,proximal-replay,1,'s,sensible,100,100,100,,2,2,0,0,,93,"[{""word"": ""sensible"", ""timed_overlap"": 2, ""column_overlap"": 2}, {""word"": ""new"", ""timed_overlap"": 2, ""column_overlap"": 2}, {""word"": ""Raising"", ""timed_overlap"": 1, ""column_overlap"": 4}, {""word"": ""enough"", ""timed_overlap"": 1, ""column_overlap"": 4}, {""word"": ""till"", ""timed_overlap"": 1, ""column_overlap"": 3}]",completed,91,10,63
500,49,proximal-replay,2,very,while,96,96,96,,2,3,0,0,,134,"[{""word"": ""while"", ""timed_overlap"": 2, ""column_overlap"": 3}, {""word"": ""Sir"", ""timed_overlap"": 2, ""column_overlap"": 2}, {""word"": ""wrongs"", ""timed_overlap"": 2, ""column_overlap"": 2}, {""word"": ""Bring"", ""timed_overlap"": 2, ""column_overlap"": 2}, {""word"": ""recommended"", ""timed_overlap"": 1, ""column_overlap"": 5}]",completed,73,10,64
500,49,proximal-replay,3,nice,being,87,87,87,,2,2,1,1,116,128,"[{""word"": ""being"", ""timed_overlap"": 2, ""column_overlap"": 2}, {""word"": ""boy"", ""timed_overlap"": 2, ""column_overlap"": 2}, {""word"": ""somehow"", ""timed_overlap"": 2, ""column_overlap"": 2}, {""word"": ""Presently"", ""timed_overlap"": 2, ""column_overlap"": 2}, {""word"": ""pump"", ""timed_overlap"": 1, ""column_overlap"": 5}]",completed,73,10,74
500,49,proximal-replay,4,to,better,100,100,100,,3,4,0,0,,119,"[{""word"": ""better"", ""timed_overlap"": 3, ""column_overlap"": 4}, {""word"": ""SAMMY"", ""timed_overlap"": 2, ""column_overlap"": 3}, {""word"": ""milk"", ""timed_overlap"": 2, ""column_overlap"": 3}, {""word"": ""elapsed"", ""timed_overlap"": 2, ""column_overlap"": 2}, {""word"": ""palace"", ""timed_overlap"": 2, ""column_overlap"": 2}]",completed,82,10,63
500,50,proximal-replay,1,value,Instead,100,100,100,,2,3,0,0,,135,"[{""word"": ""Instead"", ""timed_overlap"": 2, ""column_overlap"": 3}, {""word"": ""sisters"", ""timed_overlap"": 2, ""column_overlap"": 2}, {""word"": ""by"", ""timed_overlap"": 2, ""column_overlap"": 2}, {""word"": ""One"", ""timed_overlap"": 1, ""column_overlap"": 3}, {""word"": ""jealousy"", ""timed_overlap"": 1, ""column_overlap"": 3}]",completed,82,10,63
500,50,proximal-replay,2,on,dark,97,97,97,,2,3,0,0,,140,"[{""word"": ""dark"", ""timed_overlap"": 2, ""column_overlap"": 3}, {""word"": "","", ""timed_overlap"": 2, ""column_overlap"": 3}, {""word"": ""Here"", ""timed_overlap"": 2, ""column_overlap"": 3}, {""word"": ""flashes"", ""timed_overlap"": 2, ""column_overlap"": 3}, {""word"": ""enchantress"", ""timed_overlap"": 2, ""column_overlap"": 2}]",completed,73,10,72
500,50,proximal-replay,3,beauty,trying,100,100,100,,2,3,0,0,,116,"[{""word"": ""trying"", ""timed_overlap"": 2, ""column_overlap"": 3}, {""word"": ""after"", ""timed_overlap"": 2, ""column_overlap"": 2}, {""word"": ""how"", ""timed_overlap"": 2, ""column_overlap"": 2}, {""word"": ""neither"", ""timed_overlap"": 1, ""column_overlap"": 3}, {""word"": ""face"", ""timed_overlap"": 1, ""column_overlap"": 3}]",completed,82,10,72
500,50,proximal-replay,4,",",gone,91,91,91,,2,3,0,0,,111,"[{""word"": ""gone"", ""timed_overlap"": 2, ""column_overlap"": 3}, {""word"": ""new"", ""timed_overlap"": 2, ""column_overlap"": 2}, {""word"": ""chop"", ""timed_overlap"": 2, ""column_overlap"": 2}, {""word"": ""going"", ""timed_overlap"": 2, ""column_overlap"": 2}, {""word"": ""indeed"", ""timed_overlap"": 1, ""column_overlap"": 3}]",completed,82,10,63
500,51,proximal-replay,1,highness,worn,98,98,98,,2,3,0,0,,106,"[{""word"": ""worn"", ""timed_overlap"": 2, ""column_overlap"": 3}, {""word"": ""immensely"", ""timed_overlap"": 2, ""column_overlap"": 2}, {""word"": ""pay"", ""timed_overlap"": 2, ""column_overlap"": 2}, {""word"": ""spear"", ""timed_overlap"": 2, ""column_overlap"": 2}, {""word"": ""pictures"", ""timed_overlap"": 1, ""column_overlap"": 4}]",completed,73,10,63
500,51,proximal-replay,2,mean,saddle,94,94,94,,2,3,1,3,8,134,"[{""word"": ""saddle"", ""timed_overlap"": 2, ""column_overlap"": 3}, {""word"": ""awake"", ""timed_overlap"": 1, ""column_overlap"": 4}, {""word"": ""close"", ""timed_overlap"": 1, ""column_overlap"": 4}, {""word"": ""bookcase"", ""timed_overlap"": 1, ""column_overlap"": 3}, {""word"": ""seen"", ""timed_overlap"": 1, ""column_overlap"": 3}]",completed,73,10,63
500,51,proximal-replay,3,to,aunt,99,99,99,,1,3,0,0,,93,"[{""word"": ""aunt"", ""timed_overlap"": 1, ""column_overlap"": 3}, {""word"": ""common"", ""timed_overlap"": 1, ""column_overlap"": 2}, {""word"": ""Williamson"", ""timed_overlap"": 1, ""column_overlap"": 2}, {""word"": ""drop"", ""timed_overlap"": 1, ""column_overlap"": 2}, {""word"": ""father"", ""timed_overlap"": 1, ""column_overlap"": 2}]",completed,73,10,72
500,51,proximal-replay,4,treat,others,99,99,99,,2,3,0,0,,119,"[{""word"": ""others"", ""timed_overlap"": 2, ""column_overlap"": 3}, {""word"": ""thoughts"", ""timed_overlap"": 2, ""column_overlap"": 2}, {""word"": ""it"", ""timed_overlap"": 2, ""column_overlap"": 2}, {""word"": ""Unc"", ""timed_overlap"": 2, ""column_overlap"": 2}, {""word"": ""lifted"", ""timed_overlap"": 2, ""column_overlap"": 2}]",completed,82,10,63
500,52,proximal-replay,1,drug-vendor,helplessly,100,100,100,,2,3,0,0,,110,"[{""word"": ""helplessly"", ""timed_overlap"": 2, ""column_overlap"": 3}, {""word"": ""many"", ""timed_overlap"": 2, ""column_overlap"": 2}, {""word"": ""plans"", ""timed_overlap"": 2, ""column_overlap"": 2}, {""word"": ""Trevor"", ""timed_overlap"": 2, ""column_overlap"": 2}, {""word"": ""afternoon"", ""timed_overlap"": 2, ""column_overlap"": 2}]",completed,82,10,72
500,52,proximal-replay,2,of,stylish,95,95,95,,2,4,0,0,,116,"[{""word"": ""stylish"", ""timed_overlap"": 2, ""column_overlap"": 4}, {""word"": ""splendid"", ""timed_overlap"": 2, ""column_overlap"": 3}, {""word"": ""Bessy"", ""timed_overlap"": 2, ""column_overlap"": 2}, {""word"": ""frog"", ""timed_overlap"": 2, ""column_overlap"": 2}, {""word"": ""Peter"", ""timed_overlap"": 1, ""column_overlap"": 4}]",completed,82,10,72
500,52,proximal-replay,3,two,its,100,100,100,,2,3,0,0,,145,"[{""word"": ""its"", ""timed_overlap"": 2, ""column_overlap"": 3}, {""word"": ""Abel"", ""timed_overlap"": 2, ""column_overlap"": 3}, {""word"": ""added"", ""timed_overlap"": 2, ""column_overlap"": 2}, {""word"": ""ought"", ""timed_overlap"": 2, ""column_overlap"": 2}, {""word"": ""inches"", ""timed_overlap"": 2, ""column_overlap"": 2}]",completed,82,10,72
500,52,proximal-replay,4,months,order,97,97,97,,2,3,0,0,,130,"[{""word"": ""order"", ""timed_overlap"": 2, ""column_overlap"": 3}, {""word"": ""shimmer"", ""timed_overlap"": 2, ""column_overlap"": 3}, {""word"": ""passed"", ""timed_overlap"": 2, ""column_overlap"": 2}, {""word"": ""wilt"", ""timed_overlap"": 1, ""column_overlap"": 4}, {""word"": ""pen"", ""timed_overlap"": 1, ""column_overlap"": 4}]",completed,82,10,63
500,53,proximal-replay,1,howled,would,99,99,99,,2,4,0,0,,99,"[{""word"": ""would"", ""timed_overlap"": 2, ""column_overlap"": 4}, {""word"": ""turning"", ""timed_overlap"": 2, ""column_overlap"": 2}, {""word"": ""Blair"", ""timed_overlap"": 2, ""column_overlap"": 2}, {""word"": ""give"", ""timed_overlap"": 2, ""column_overlap"": 2}, {""word"": ""bared"", ""timed_overlap"": 1, ""column_overlap"": 3}]",completed,100,10,72
500,53,proximal-replay,2,",",poured,98,98,98,,2,4,0,0,,154,"[{""word"": ""poured"", ""timed_overlap"": 2, ""column_overlap"": 4}, {""word"": ""Before"", ""timed_overlap"": 2, ""column_overlap"": 2}, {""word"": ""alarm"", ""timed_overlap"": 2, ""column_overlap"": 2}, {""word"": ""Billy"", ""timed_overlap"": 2, ""column_overlap"": 2}, {""word"": ""instead"", ""timed_overlap"": 1, ""column_overlap"": 5}]",completed,82,10,72
500,53,proximal-replay,3,and,mind,99,99,99,,2,3,0,0,,110,"[{""word"": ""mind"", ""timed_overlap"": 2, ""column_overlap"": 3}, {""word"": ""Amy"", ""timed_overlap"": 2, ""column_overlap"": 3}, {""word"": ""wore"", ""timed_overlap"": 1, ""column_overlap"": 4}, {""word"": ""added"", ""timed_overlap"": 1, ""column_overlap"": 4}, {""word"": ""dear"", ""timed_overlap"": 1, ""column_overlap"": 3}]",completed,82,10,72
500,53,proximal-replay,4,torrents,be,99,99,99,,2,3,0,0,,132,"[{""word"": ""be"", ""timed_overlap"": 2, ""column_overlap"": 3}, {""word"": ""Peerless"", ""timed_overlap"": 2, ""column_overlap"": 3}, {""word"": ""milk"", ""timed_overlap"": 2, ""column_overlap"": 2}, {""word"": ""smoothly"", ""timed_overlap"": 1, ""column_overlap"": 5}, {""word"": ""dress"", ""timed_overlap"": 1, ""column_overlap"": 4}]",completed,82,10,54
500,54,proximal-replay,1,",",Felicity,100,100,100,,2,4,0,0,,139,"[{""word"": ""Felicity"", ""timed_overlap"": 2, ""column_overlap"": 4}, {""word"": ""Robert"", ""timed_overlap"": 2, ""column_overlap"": 3}, {""word"": ""withdrew"", ""timed_overlap"": 2, ""column_overlap"": 3}, {""word"": ""terrified"", ""timed_overlap"": 2, ""column_overlap"": 3}, {""word"": ""ruin"", ""timed_overlap"": 2, ""column_overlap"": 2}]",completed,82,10,72
500,54,proximal-replay,2,there,tunnels,97,97,97,,2,4,0,0,,144,"[{""word"": ""tunnels"", ""timed_overlap"": 2, ""column_overlap"": 4}, {""word"": ""Abraham"", ""timed_overlap"": 2, ""column_overlap"": 3}, {""word"": ""tried"", ""timed_overlap"": 2, ""column_overlap"": 3}, {""word"": ""are"", ""timed_overlap"": 2, ""column_overlap"": 2}, {""word"": ""Sammy"", ""timed_overlap"": 2, ""column_overlap"": 2}]",completed,82,10,72
500,54,proximal-replay,3,is,sentence,97,97,97,,3,4,0,0,,111,"[{""word"": ""sentence"", ""timed_overlap"": 3, ""column_overlap"": 4}, {""word"": ""resent"", ""timed_overlap"": 2, ""column_overlap"": 3}, {""word"": ""Nobody"", ""timed_overlap"": 2, ""column_overlap"": 2}, {""word"": ""marriage"", ""timed_overlap"": 2, ""column_overlap"": 2}, {""word"": ""ran"", ""timed_overlap"": 2, ""column_overlap"": 2}]",completed,82,10,64
500,54,proximal-replay,4,a,Mr.,97,97,97,,2,3,0,0,,156,"[{""word"": ""Mr."", ""timed_overlap"": 2, ""column_overlap"": 3}, {""word"": ""suppose"", ""timed_overlap"": 2, ""column_overlap"": 3}, {""word"": ""stick"", ""timed_overlap"": 2, ""column_overlap"": 2}, {""word"": ""shake"", ""timed_overlap"": 2, ""column_overlap"": 2}, {""word"": ""sprang"", ""timed_overlap"": 2, ""column_overlap"": 2}]",completed,73,10,54
500,55,proximal-replay,1,as,angel,93,93,93,,2,2,0,0,,86,"[{""word"": ""angel"", ""timed_overlap"": 2, ""column_overlap"": 2}, {""word"": ""Truly"", ""timed_overlap"": 1, ""column_overlap"": 4}, {""word"": ""breakfast"", ""timed_overlap"": 1, ""column_overlap"": 3}, {""word"": ""pride"", ""timed_overlap"": 1, ""column_overlap"": 3}, {""word"": ""meddling"", ""timed_overlap"": 1, ""column_overlap"": 3}]",completed,82,10,65
500,55,proximal-replay,2,thou,palace,99,99,99,,2,4,0,0,,128,"[{""word"": ""palace"", ""timed_overlap"": 2, ""column_overlap"": 4}, {""word"": ""breath"", ""timed_overlap"": 2, ""column_overlap"": 4}, {""word"": ""taking"", ""timed_overlap"": 2, ""column_overlap"": 3}, {""word"": ""--"", ""timed_overlap"": 2, ""column_overlap"": 2}, {""word"": ""Queen"", ""timed_overlap"": 2, ""column_overlap"": 2}]",completed,73,10,72
500,55,proximal-replay,3,wilt,running,99,99,99,,2,3,0,0,,105,"[{""word"": ""running"", ""timed_overlap"": 2, ""column_overlap"": 3}, {""word"": ""'em"", ""timed_overlap"": 2, ""column_overlap"": 2}, {""word"": ""approved"", ""timed_overlap"": 1, ""column_overlap"": 4}, {""word"": ""been"", ""timed_overlap"": 1, ""column_overlap"": 4}, {""word"": ""tried"", ""timed_overlap"": 1, ""column_overlap"": 3}]",completed,82,10,63
500,55,proximal-replay,4,",",what,95,95,95,,2,4,0,0,,99,"[{""word"": ""what"", ""timed_overlap"": 2, ""column_overlap"": 4}, {""word"": ""snow"", ""timed_overlap"": 2, ""column_overlap"": 4}, {""word"": ""Meanwhile"", ""timed_overlap"": 2, ""column_overlap"": 4}, {""word"": ""course"", ""timed_overlap"": 2, ""column_overlap"": 2}, {""word"": ""'m"", ""timed_overlap"": 1, ""column_overlap"": 4}]",completed,73,10,54
500,56,proximal-replay,1,a,Twice,98,98,98,,1,3,0,0,,79,"[{""word"": ""Twice"", ""timed_overlap"": 1, ""column_overlap"": 3}, {""word"": ""cleverness"", ""timed_overlap"": 1, ""column_overlap"": 3}, {""word"": ""order"", ""timed_overlap"": 1, ""column_overlap"": 3}, {""word"": ""cats"", ""timed_overlap"": 1, ""column_overlap"": 3}, {""word"": ""whole"", ""timed_overlap"": 1, ""column_overlap"": 2}]",completed,82,10,72
500,56,proximal-replay,2,thing,misty,99,99,99,,3,3,0,0,,120,"[{""word"": ""misty"", ""timed_overlap"": 3, ""column_overlap"": 3}, {""word"": ""Take"", ""timed_overlap"": 2, ""column_overlap"": 3}, {""word"": ""ran"", ""timed_overlap"": 2, ""column_overlap"": 3}, {""word"": ""returned"", ""timed_overlap"": 2, ""column_overlap"": 2}, {""word"": ""break"", ""timed_overlap"": 1, ""column_overlap"": 4}]",completed,82,10,54
500,56,proximal-replay,3,into,'s,87,87,87,,3,3,0,0,,141,"[{""word"": ""'s"", ""timed_overlap"": 3, ""column_overlap"": 3}, {""word"": ""ye"", ""timed_overlap"": 2, ""column_overlap"": 4}, {""word"": ""Jumping"", ""timed_overlap"": 2, ""column_overlap"": 3}, {""word"": ""All"", ""timed_overlap"": 2, ""column_overlap"": 3}, {""word"": ""tasted"", ""timed_overlap"": 2, ""column_overlap"": 3}]",completed,64,10,46
500,56,proximal-replay,4,his,skating,98,98,98,,2,3,0,0,,118,"[{""word"": ""skating"", ""timed_overlap"": 2, ""column_overlap"": 3}, {""word"": ""name"", ""timed_overlap"": 2, ""column_overlap"": 3}, {""word"": ""round"", ""timed_overlap"": 2, ""column_overlap"": 2}, {""word"": ""gay"", ""timed_overlap"": 2, ""column_overlap"": 2}, {""word"": ""Felicity"", ""timed_overlap"": 1, ""column_overlap"": 4}]",completed,55,10,63
500,57,proximal-replay,1,have,hundred,100,100,100,,2,3,0,0,,98,"[{""word"": ""hundred"", ""timed_overlap"": 2, ""column_overlap"": 3}, {""word"": ""be"", ""timed_overlap"": 2, ""column_overlap"": 2}, {""word"": ""the"", ""timed_overlap"": 2, ""column_overlap"": 2}, {""word"": ""did"", ""timed_overlap"": 2, ""column_overlap"": 2}, {""word"": ""Fellow"", ""timed_overlap"": 1, ""column_overlap"": 4}]",completed,64,10,72
500,57,proximal-replay,2,grown,full,99,99,99,,2,4,0,0,,151,"[{""word"": ""full"", ""timed_overlap"": 2, ""column_overlap"": 4}, {""word"": ""Buster"", ""timed_overlap"": 2, ""column_overlap"": 3}, {""word"": ""unpractical"", ""timed_overlap"": 2, ""column_overlap"": 2}, {""word"": ""Remember"", ""timed_overlap"": 2, ""column_overlap"": 2}, {""word"": ""without"", ""timed_overlap"": 2, ""column_overlap"": 2}]",completed,82,10,72
500,57,proximal-replay,3,very,fast,99,99,99,,1,3,0,0,,75,"[{""word"": ""fast"", ""timed_overlap"": 1, ""column_overlap"": 3}, {""word"": ""white"", ""timed_overlap"": 1, ""column_overlap"": 3}, {""word"": ""chatter"", ""timed_overlap"": 1, ""column_overlap"": 2}, {""word"": ""tree"", ""timed_overlap"": 1, ""column_overlap"": 2}, {""word"": ""pump"", ""timed_overlap"": 1, ""column_overlap"": 2}]",completed,82,10,63
500,57,proximal-replay,4,still,moving,99,99,99,,2,3,0,0,,98,"[{""word"": ""moving"", ""timed_overlap"": 2, ""column_overlap"": 3}, {""word"": ""Fox"", ""timed_overlap"": 2, ""column_overlap"": 2}, {""word"": ""turned"", ""timed_overlap"": 2, ""column_overlap"": 2}, {""word"": ""Presently"", ""timed_overlap"": 2, ""column_overlap"": 2}, {""word"": ""gathered"", ""timed_overlap"": 1, ""column_overlap"": 4}]",completed,73,10,72
500,58,proximal-replay,1,for,Gray,100,100,100,,2,3,1,2,29,111,"[{""word"": ""Gray"", ""timed_overlap"": 2, ""column_overlap"": 3}, {""word"": ""course"", ""timed_overlap"": 2, ""column_overlap"": 2}, {""word"": ""afternoon"", ""timed_overlap"": 2, ""column_overlap"": 2}, {""word"": ""what"", ""timed_overlap"": 2, ""column_overlap"": 2}, {""word"": ""Bill"", ""timed_overlap"": 1, ""column_overlap"": 4}]",completed,100,10,63
500,58,proximal-replay,2,him,ought,96,96,96,,2,3,1,2,53,135,"[{""word"": ""ought"", ""timed_overlap"": 2, ""column_overlap"": 3}, {""word"": ""happily"", ""timed_overlap"": 2, ""column_overlap"": 3}, {""word"": ""sleep"", ""timed_overlap"": 2, ""column_overlap"": 2}, {""word"": ""close"", ""timed_overlap"": 2, ""column_overlap"": 2}, {""word"": ""tells"", ""timed_overlap"": 2, ""column_overlap"": 2}]",completed,73,10,63
500,58,proximal-replay,3,",",Abraham,96,96,96,,4,5,0,0,,153,"[{""word"": ""Abraham"", ""timed_overlap"": 4, ""column_overlap"": 5}, {""word"": ""playing"", ""timed_overlap"": 2, ""column_overlap"": 3}, {""word"": ""Jesse"", ""timed_overlap"": 2, ""column_overlap"": 3}, {""word"": ""desert"", ""timed_overlap"": 2, ""column_overlap"": 2}, {""word"": ""carriage"", ""timed_overlap"": 2, ""column_overlap"": 2}]",completed,73,10,45
500,58,proximal-replay,4,all,jollier,99,99,99,,2,4,0,0,,139,"[{""word"": ""jollier"", ""timed_overlap"": 2, ""column_overlap"": 4}, {""word"": ""Gilbert"", ""timed_overlap"": 2, ""column_overlap"": 3}, {""word"": ""image"", ""timed_overlap"": 2, ""column_overlap"": 2}, {""word"": ""remembering"", ""timed_overlap"": 2, ""column_overlap"": 2}, {""word"": ""than"", ""timed_overlap"": 2, ""column_overlap"": 2}]",completed,55,10,63
500,59,proximal-replay,1,coming,returned,100,100,100,,2,3,0,0,,134,"[{""word"": ""returned"", ""timed_overlap"": 2, ""column_overlap"": 3}, {""word"": ""now"", ""timed_overlap"": 2, ""column_overlap"": 2}, {""word"": ""bought"", ""timed_overlap"": 2, ""column_overlap"": 2}, {""word"": ""skins"", ""timed_overlap"": 2, ""column_overlap"": 2}, {""word"": ""all"", ""timed_overlap"": 2, ""column_overlap"": 2}]",completed,73,10,72
500,59,proximal-replay,2,out,JAY,97,97,97,,2,3,0,0,,107,"[{""word"": ""JAY"", ""timed_overlap"": 2, ""column_overlap"": 3}, {""word"": ""Davy"", ""timed_overlap"": 2, ""column_overlap"": 3}, {""word"": ""breakfast"", ""timed_overlap"": 2, ""column_overlap"": 2}, {""word"": ""three"", ""timed_overlap"": 2, ""column_overlap"": 2}, {""word"": ""another"", ""timed_overlap"": 2, ""column_overlap"": 2}]",completed,82,10,72
500,59,proximal-replay,3,now,Presently,100,100,100,,2,3,0,0,,114,"[{""word"": ""Presently"", ""timed_overlap"": 2, ""column_overlap"": 3}, {""word"": ""lips"", ""timed_overlap"": 2, ""column_overlap"": 3}, {""word"": ""Very"", ""timed_overlap"": 2, ""column_overlap"": 2}, {""word"": ""gallant"", ""timed_overlap"": 2, ""column_overlap"": 2}, {""word"": ""received"", ""timed_overlap"": 2, ""column_overlap"": 2}]",completed,82,10,63
500,59,proximal-replay,4,",",Here,100,100,100,,2,3,0,0,,126,"[{""word"": ""Here"", ""timed_overlap"": 2, ""column_overlap"": 3}, {""word"": ""Behind"", ""timed_overlap"": 2, ""column_overlap"": 3}, {""word"": ""Happy"", ""timed_overlap"": 2, ""column_overlap"": 2}, {""word"": ""worse"", ""timed_overlap"": 1, ""column_overlap"": 4}, {""word"": ""Rabbit"", ""timed_overlap"": 1, ""column_overlap"": 3}]",completed,73,10,63
500,60,proximal-replay,1,plenty,Felicity,100,100,100,,2,3,0,0,,118,"[{""word"": ""Felicity"", ""timed_overlap"": 2, ""column_overlap"": 3}, {""word"": ""for"", ""timed_overlap"": 2, ""column_overlap"": 3}, {""word"": ""However"", ""timed_overlap"": 2, ""column_overlap"": 3}, {""word"": ""beautiful"", ""timed_overlap"": 2, ""column_overlap"": 2}, {""word"": ""cake"", ""timed_overlap"": 2, ""column_overlap"": 2}]",completed,100,10,63
500,60,proximal-replay,2,of,strange,91,91,91,,3,3,0,0,,148,"[{""word"": ""strange"", ""timed_overlap"": 3, ""column_overlap"": 3}, {""word"": ""accounts"", ""timed_overlap"": 2, ""column_overlap"": 7}, {""word"": ""drew"", ""timed_overlap"": 2, ""column_overlap"": 3}, {""word"": ""tunnels"", ""timed_overlap"": 2, ""column_overlap"": 3}, {""word"": ""tried"", ""timed_overlap"": 2, ""column_overlap"": 3}]",completed,73,10,64
500,60,proximal-replay,3,the,After,97,97,97,,2,3,0,0,,148,"[{""word"": ""After"", ""timed_overlap"": 2, ""column_overlap"": 3}, {""word"": ""forth"", ""timed_overlap"": 2, ""column_overlap"": 2}, {""word"": ""I"", ""timed_overlap"": 2, ""column_overlap"": 2}, {""word"": ""order"", ""timed_overlap"": 2, ""column_overlap"": 2}, {""word"": ""fortunate"", ""timed_overlap"": 1, ""column_overlap"": 4}]",completed,73,10,72
500,60,proximal-replay,4,kind,put,100,100,100,,2,4,0,0,,97,"[{""word"": ""put"", ""timed_overlap"": 2, ""column_overlap"": 4}, {""word"": ""never"", ""timed_overlap"": 2, ""column_overlap"": 3}, {""word"": ""Hippocrates"", ""timed_overlap"": 2, ""column_overlap"": 2}, {""word"": ""altogether"", ""timed_overlap"": 2, ""column_overlap"": 2}, {""word"": ""UNC"", ""timed_overlap"": 1, ""column_overlap"": 4}]",completed,82,10,72
500,61,proximal-replay,1,her,Jo,100,100,100,,2,3,0,0,,137,"[{""word"": ""Jo"", ""timed_overlap"": 2, ""column_overlap"": 3}, {""word"": ""To"", ""timed_overlap"": 2, ""column_overlap"": 3}, {""word"": ""deny"", ""timed_overlap"": 2, ""column_overlap"": 3}, {""word"": ""Square"", ""timed_overlap"": 2, ""column_overlap"": 2}, {""word"": ""Joe"", ""timed_overlap"": 2, ""column_overlap"": 2}]",completed,91,10,63
500,61,proximal-replay,2,long,Douglas,93,93,93,,2,2,0,0,,100,"[{""word"": ""Douglas"", ""timed_overlap"": 2, ""column_overlap"": 2}, {""word"": ""Search"", ""timed_overlap"": 1, ""column_overlap"": 4}, {""word"": ""Bessy"", ""timed_overlap"": 1, ""column_overlap"": 3}, {""word"": ""back"", ""timed_overlap"": 1, ""column_overlap"": 3}, {""word"": ""Bill"", ""timed_overlap"": 1, ""column_overlap"": 3}]",completed,73,10,73
500,61,proximal-replay,3,",",timid,100,100,100,,1,3,0,0,,102,"[{""word"": ""timid"", ""timed_overlap"": 1, ""column_overlap"": 3}, {""word"": ""pride"", ""timed_overlap"": 1, ""column_overlap"": 3}, {""word"": ""wind"", ""timed_overlap"": 1, ""column_overlap"": 3}, {""word"": ""ogress"", ""timed_overlap"": 1, ""column_overlap"": 3}, {""word"": ""demons"", ""timed_overlap"": 1, ""column_overlap"": 3}]",completed,82,10,72
500,61,proximal-replay,4,and,damsel,99,99,99,,2,3,0,0,,125,"[{""word"": ""damsel"", ""timed_overlap"": 2, ""column_overlap"": 3}, {""word"": ""sweep"", ""timed_overlap"": 2, ""column_overlap"": 3}, {""word"": ""SAMMY"", ""timed_overlap"": 2, ""column_overlap"": 3}, {""word"": ""recitations"", ""timed_overlap"": 2, ""column_overlap"": 2}, {""word"": ""alarm"", ""timed_overlap"": 1, ""column_overlap"": 5}]",completed,82,10,72
500,62,proximal-replay,1,now,JAY,99,99,99,,2,2,0,0,,114,"[{""word"": ""JAY"", ""timed_overlap"": 2, ""column_overlap"": 2}, {""word"": ""detest"", ""timed_overlap"": 1, ""column_overlap"": 3}, {""word"": ""Ripple"", ""timed_overlap"": 1, ""column_overlap"": 3}, {""word"": ""flowers"", ""timed_overlap"": 1, ""column_overlap"": 3}, {""word"": ""snowshoeing"", ""timed_overlap"": 1, ""column_overlap"": 3}]",completed,91,10,72
500,62,proximal-replay,2,;,lips,100,100,100,,2,3,1,2,60,131,"[{""word"": ""lips"", ""timed_overlap"": 2, ""column_overlap"": 3}, {""word"": ""Presently"", ""timed_overlap"": 2, ""column_overlap"": 2}, {""word"": ""soft"", ""timed_overlap"": 1, ""column_overlap"": 4}, {""word"": ""sit"", ""timed_overlap"": 1, ""column_overlap"": 4}, {""word"": ""rare"", ""timed_overlap"": 1, ""column_overlap"": 3}]",completed,82,10,63
500,62,proximal-replay,3,'',gradual,97,97,97,,2,3,0,0,,121,"[{""word"": ""gradual"", ""timed_overlap"": 2, ""column_overlap"": 3}, {""word"": ""Cyrilla"", ""timed_overlap"": 2, ""column_overlap"": 2}, {""word"": ""tyrannize"", ""timed_overlap"": 2, ""column_overlap"": 2}, {""word"": ""Shall"", ""timed_overlap"": 2, ""column_overlap"": 2}, {""word"": ""accounts"", ""timed_overlap"": 2, ""column_overlap"": 2}]",completed,73,10,63
500,62,proximal-replay,4,and,round,99,99,99,,2,4,0,0,,124,"[{""word"": ""round"", ""timed_overlap"": 2, ""column_overlap"": 4}, {""word"": ""some"", ""timed_overlap"": 2, ""column_overlap"": 2}, {""word"": ""artistic"", ""timed_overlap"": 1, ""column_overlap"": 5}, {""word"": ""She"", ""timed_overlap"": 1, ""column_overlap"": 4}, {""word"": ""goodness"", ""timed_overlap"": 1, ""column_overlap"": 4}]",completed,73,10,72
500,63,proximal-replay,1,a,a,100,100,100,,3,3,3,3,1,85,"[{""word"": ""a"", ""timed_overlap"": 3, ""column_overlap"": 3}, {""word"": ""sweetens"", ""timed_overlap"": 2, ""column_overlap"": 3}, {""word"": ""Hippocrates"", ""timed_overlap"": 2, ""column_overlap"": 2}, {""word"": ""gallant"", ""timed_overlap"": 1, ""column_overlap"": 3}, {""word"": ""Elsa"", ""timed_overlap"": 1, ""column_overlap"": 3}]",completed,73,10,63
500,63,proximal-replay,2,great,lonesome,100,100,100,,2,4,0,0,,113,"[{""word"": ""lonesome"", ""timed_overlap"": 2, ""column_overlap"": 4}, {""word"": ""by"", ""timed_overlap"": 2, ""column_overlap"": 2}, {""word"": ""price"", ""timed_overlap"": 2, ""column_overlap"": 2}, {""word"": ""Joseph"", ""timed_overlap"": 2, ""column_overlap"": 2}, {""word"": ""sight"", ""timed_overlap"": 2, ""column_overlap"": 2}]",completed,73,10,72
500,63,proximal-replay,3,pile,Pekoe,98,98,98,,2,2,0,0,,95,"[{""word"": ""Pekoe"", ""timed_overlap"": 2, ""column_overlap"": 2}, {""word"": ""Ben"", ""timed_overlap"": 1, ""column_overlap"": 3}, {""word"": ""half"", ""timed_overlap"": 1, ""column_overlap"": 3}, {""word"": ""pink"", ""timed_overlap"": 1, ""column_overlap"": 2}, {""word"": ""wilt"", ""timed_overlap"": 1, ""column_overlap"": 2}]",completed,82,10,73
500,63,proximal-replay,4,of,SAMMY,100,100,100,,2,4,0,0,,130,"[{""word"": ""SAMMY"", ""timed_overlap"": 2, ""column_overlap"": 4}, {""word"": ""better"", ""timed_overlap"": 2, ""column_overlap"": 2}, {""word"": ""clothes"", ""timed_overlap"": 2, ""column_overlap"": 2}, {""word"": ""bared"", ""timed_overlap"": 2, ""column_overlap"": 2}, {""word"": ""These"", ""timed_overlap"": 1, ""column_overlap"": 3}]",completed,82,10,63
500,64,proximal-replay,1,were,Taffy,95,95,95,,2,4,0,0,,142,"[{""word"": ""Taffy"", ""timed_overlap"": 2, ""column_overlap"": 4}, {""word"": ""felt"", ""timed_overlap"": 2, ""column_overlap"": 4}, {""word"": ""peck"", ""timed_overlap"": 2, ""column_overlap"": 4}, {""word"": ""late"", ""timed_overlap"": 2, ""column_overlap"": 3}, {""word"": ""seemed"", ""timed_overlap"": 2, ""column_overlap"": 3}]",completed,73,10,64
500,64,proximal-replay,2,full,detest,98,98,98,,2,3,1,2,46,113,"[{""word"": ""detest"", ""timed_overlap"": 2, ""column_overlap"": 3}, {""word"": ""fall"", ""timed_overlap"": 2, ""column_overlap"": 2}, {""word"": ""frog"", ""timed_overlap"": 2, ""column_overlap"": 2}, {""word"": ""half"", ""timed_overlap"": 2, ""column_overlap"": 2}, {""word"": ""dismounted"", ""timed_overlap"": 1, ""column_overlap"": 5}]",completed,73,10,54
500,64,proximal-replay,3,of,wish,99,99,99,,2,2,0,0,,116,"[{""word"": ""wish"", ""timed_overlap"": 2, ""column_overlap"": 2}, {""word"": ""troublous"", ""timed_overlap"": 2, ""column_overlap"": 2}, {""word"": ""lean"", ""timed_overlap"": 2, ""column_overlap"": 2}, {""word"": ""central"", ""timed_overlap"": 2, ""column_overlap"": 2}, {""word"": ""dinner"", ""timed_overlap"": 2, ""column_overlap"": 2}]",completed,64,10,72
500,64,proximal-replay,4,amused,should,97,97,97,,3,5,0,0,,112,"[{""word"": ""should"", ""timed_overlap"": 3, ""column_overlap"": 5}, {""word"": ""reserved"", ""timed_overlap"": 2, ""column_overlap"": 3}, {""word"": ""misty"", ""timed_overlap"": 2, ""column_overlap"": 3}, {""word"": ""Nay"", ""timed_overlap"": 2, ""column_overlap"": 2}, {""word"": ""large"", ""timed_overlap"": 2, ""column_overlap"": 2}]",completed,82,10,63
500,65,proximal-replay,1,Clow,alarm,98,98,98,,2,3,1,2,18,104,"[{""word"": ""alarm"", ""timed_overlap"": 2, ""column_overlap"": 3}, {""word"": ""Presently"", ""timed_overlap"": 2, ""column_overlap"": 3}, {""word"": ""tree"", ""timed_overlap"": 1, ""column_overlap"": 3}, {""word"": ""enchantress"", ""timed_overlap"": 1, ""column_overlap"": 3}, {""word"": ""furious"", ""timed_overlap"": 1, ""column_overlap"": 3}]",completed,82,10,72
500,65,proximal-replay,2,and,Thorny,100,100,100,,2,2,0,0,,112,"[{""word"": ""Thorny"", ""timed_overlap"": 2, ""column_overlap"": 2}, {""word"": ""Hippocrates"", ""timed_overlap"": 1, ""column_overlap"": 3}, {""word"": ""fellows"", ""timed_overlap"": 1, ""column_overlap"": 3}, {""word"": ""some"", ""timed_overlap"": 1, ""column_overlap"": 3}, {""word"": ""got"", ""timed_overlap"": 1, ""column_overlap"": 3}]",completed,82,10,72
500,65,proximal-replay,3,his,already,99,99,99,,3,3,0,0,,143,"[{""word"": ""already"", ""timed_overlap"": 3, ""column_overlap"": 3}, {""word"": ""King"", ""timed_overlap"": 3, ""column_overlap"": 3}, {""word"": ""Happy"", ""timed_overlap"": 2, ""column_overlap"": 3}, {""word"": ""mistake"", ""timed_overlap"": 2, ""column_overlap"": 2}, {""word"": ""forth"", ""timed_overlap"": 2, ""column_overlap"": 2}]",completed,82,10,45
500,65,proximal-replay,4,wife,dragging,96,96,96,,2,5,0,0,,147,"[{""word"": ""dragging"", ""timed_overlap"": 2, ""column_overlap"": 5}, {""word"": ""well"", ""timed_overlap"": 2, ""column_overlap"": 4}, {""word"": ""noticed"", ""timed_overlap"": 2, ""column_overlap"": 4}, {""word"": ""eye"", ""timed_overlap"": 2, ""column_overlap"": 3}, {""word"": ""very"", ""timed_overlap"": 2, ""column_overlap"": 3}]",completed,55,10,64
500,66,proximal-replay,1,good,they,100,100,100,,2,3,0,0,,97,"[{""word"": ""they"", ""timed_overlap"": 2, ""column_overlap"": 3}, {""word"": ""doubly"", ""timed_overlap"": 2, ""column_overlap"": 2}, {""word"": ""Robert"", ""timed_overlap"": 2, ""column_overlap"": 2}, {""word"": ""snowshoeing"", ""timed_overlap"": 1, ""column_overlap"": 3}, {""word"": ""Davy"", ""timed_overlap"": 1, ""column_overlap"": 3}]",completed,100,10,72
500,66,proximal-replay,2,",",mount,100,100,100,,2,3,0,0,,106,"[{""word"": ""mount"", ""timed_overlap"": 2, ""column_overlap"": 3}, {""word"": ""dragging"", ""timed_overlap"": 2, ""column_overlap"": 3}, {""word"": ""keen"", ""timed_overlap"": 2, ""column_overlap"": 3}, {""word"": ""turns"", ""timed_overlap"": 2, ""column_overlap"": 2}, {""word"": ""paw"", ""timed_overlap"": 1, ""column_overlap"": 3}]",completed,82,10,72
500,66,proximal-replay,3,it,Grant,95,95,95,,2,4,0,0,,116,"[{""word"": ""Grant"", ""timed_overlap"": 2, ""column_overlap"": 4}, {""word"": ""Bumble"", ""timed_overlap"": 2, ""column_overlap"": 3}, {""word"": ""afford"", ""timed_overlap"": 2, ""column_overlap"": 3}, {""word"": ""lest"", ""timed_overlap"": 2, ""column_overlap"": 2}, {""word"": ""yesterday"", ""timed_overlap"": 2, ""column_overlap"": 2}]",completed,82,10,54
500,66,proximal-replay,4,'s,glazed,99,99,99,,2,2,0,0,,100,"[{""word"": ""glazed"", ""timed_overlap"": 2, ""column_overlap"": 2}, {""word"": ""wand"", ""timed_overlap"": 2, ""column_overlap"": 2}, {""word"": ""frozen"", ""timed_overlap"": 1, ""column_overlap"": 3}, {""word"": ""puzzling"", ""timed_overlap"": 1, ""column_overlap"": 3}, {""word"": ""days"", ""timed_overlap"": 1, ""column_overlap"": 3}]",completed,64,10,72
500,67,proximal-replay,1,feet,Williamson,99,99,99,,2,3,0,0,,107,"[{""word"": ""Williamson"", ""timed_overlap"": 2, ""column_overlap"": 3}, {""word"": ""hands"", ""timed_overlap"": 2, ""column_overlap"": 2}, {""word"": ""gathering"", ""timed_overlap"": 1, ""column_overlap"": 3}, {""word"": ""dress"", ""timed_overlap"": 1, ""column_overlap"": 3}, {""word"": ""FINE"", ""timed_overlap"": 1, ""column_overlap"": 3}]",completed,91,10,72
500,67,proximal-replay,2,and,except,100,100,100,,1,3,0,0,,93,"[{""word"": ""except"", ""timed_overlap"": 1, ""column_overlap"": 3}, {""word"": ""unexpected"", ""timed_overlap"": 1, ""column_overlap"": 3}, {""word"": ""Look"", ""timed_overlap"": 1, ""column_overlap"": 3}, {""word"": ""speak"", ""timed_overlap"": 1, ""column_overlap"": 2}, {""word"": ""afternoon"", ""timed_overlap"": 1, ""column_overlap"": 2}]",completed,82,10,81
500,67,proximal-replay,3,then,later,99,99,99,,2,3,1,1,102,130,"[{""word"": ""later"", ""timed_overlap"": 2, ""column_overlap"": 3}, {""word"": ""thrifty"", ""timed_overlap"": 2, ""column_overlap"": 3}, {""word"": ""calmly"", ""timed_overlap"": 2, ""column_overlap"": 3}, {""word"": ""three"", ""timed_overlap"": 2, ""column_overlap"": 2}, {""word"": ""foremost"", ""timed_overlap"": 1, ""column_overlap"": 4}]",completed,91,10,63
500,67,proximal-replay,4,shook,tired,95,95,95,,2,2,0,0,,91,"[{""word"": ""tired"", ""timed_overlap"": 2, ""column_overlap"": 2}, {""word"": ""Girl"", ""timed_overlap"": 1, ""column_overlap"": 3}, {""word"": ""want"", ""timed_overlap"": 1, ""column_overlap"": 3}, {""word"": ""pile"", ""timed_overlap"": 1, ""column_overlap"": 3}, {""word"": ""return"", ""timed_overlap"": 1, ""column_overlap"": 3}]",completed,73,10,64
500,68,proximal-replay,1,eaten,Marcella,98,98,98,,3,5,0,0,,106,"[{""word"": ""Marcella"", ""timed_overlap"": 3, ""column_overlap"": 5}, {""word"": ""exclaimed"", ""timed_overlap"": 2, ""column_overlap"": 3}, {""word"": ""ones"", ""timed_overlap"": 2, ""column_overlap"": 3}, {""word"": ""Sometimes"", ""timed_overlap"": 2, ""column_overlap"": 3}, {""word"": ""admitted"", ""timed_overlap"": 2, ""column_overlap"": 2}]",completed,82,10,54
500,68,proximal-replay,2,and,tents,96,96,96,,3,3,0,0,,138,"[{""word"": ""tents"", ""timed_overlap"": 3, ""column_overlap"": 3}, {""word"": ""Faith"", ""timed_overlap"": 2, ""column_overlap"": 4}, {""word"": ""wore"", ""timed_overlap"": 2, ""column_overlap"": 4}, {""word"": ""into"", ""timed_overlap"": 2, ""column_overlap"": 4}, {""word"": ""recitations"", ""timed_overlap"": 2, ""column_overlap"": 3}]",completed,64,10,45
500,68,proximal-replay,3,drunk,imps,94,94,94,,3,4,0,0,,141,"[{""word"": ""imps"", ""timed_overlap"": 3, ""column_overlap"": 4}, {""word"": ""-LSB-"", ""timed_overlap"": 2, ""column_overlap"": 5}, {""word"": ""lend"", ""timed_overlap"": 2, ""column_overlap"": 3}, {""word"": ""smile"", ""timed_overlap"": 2, ""column_overlap"": 3}, {""word"": ""off"", ""timed_overlap"": 2, ""column_overlap"": 3}]",completed,55,10,63
500,68,proximal-replay,4,",",Clow,95,95,95,,2,3,0,0,,133,"[{""word"": ""Clow"", ""timed_overlap"": 2, ""column_overlap"": 3}, {""word"": ""shrugged"", ""timed_overlap"": 2, ""column_overlap"": 2}, {""word"": ""busybodies"", ""timed_overlap"": 2, ""column_overlap"": 2}, {""word"": ""Janet"", ""timed_overlap"": 2, ""column_overlap"": 2}, {""word"": ""nobody"", ""timed_overlap"": 1, ""column_overlap"": 4}]",completed,73,10,64
500,69,proximal-replay,1,snow,tents,98,98,98,,2,3,0,0,,110,"[{""word"": ""tents"", ""timed_overlap"": 2, ""column_overlap"": 3}, {""word"": ""bared"", ""timed_overlap"": 2, ""column_overlap"": 2}, {""word"": ""Abel"", ""timed_overlap"": 2, ""column_overlap"": 2}, {""word"": ""belt"", ""timed_overlap"": 2, ""column_overlap"": 2}, {""word"": ""BEN"", ""timed_overlap"": 2, ""column_overlap"": 2}]",completed,100,10,64
500,69,proximal-replay,2,",",Hans,99,99,99,,2,4,0,0,,151,"[{""word"": ""Hans"", ""timed_overlap"": 2, ""column_overlap"": 4}, {""word"": ""did"", ""timed_overlap"": 2, ""column_overlap"": 3}, {""word"": ""wandered"", ""timed_overlap"": 2, ""column_overlap"": 3}, {""word"": ""impossible"", ""timed_overlap"": 2, ""column_overlap"": 3}, {""word"": ""Dick"", ""timed_overlap"": 2, ""column_overlap"": 3}]",completed,73,10,72
500,69,proximal-replay,3,is,already,97,97,97,,2,3,0,0,,91,"[{""word"": ""already"", ""timed_overlap"": 2, ""column_overlap"": 3}, {""word"": ""order"", ""timed_overlap"": 2, ""column_overlap"": 3}, {""word"": ""Marilla"", ""timed_overlap"": 2, ""column_overlap"": 3}, {""word"": ""pen"", ""timed_overlap"": 2, ""column_overlap"": 2}, {""word"": ""dared"", ""timed_overlap"": 1, ""column_overlap"": 3}]",completed,82,10,73
500,69,proximal-replay,4,bearing,brave,100,100,100,,2,4,0,0,,124,"[{""word"": ""brave"", ""timed_overlap"": 2, ""column_overlap"": 4}, {""word"": ""Felicity"", ""timed_overlap"": 2, ""column_overlap"": 3}, {""word"": ""Head"", ""timed_overlap"": 2, ""column_overlap"": 3}, {""word"": ""and"", ""timed_overlap"": 2, ""column_overlap"": 2}, {""word"": ""experienced"", ""timed_overlap"": 2, ""column_overlap"": 2}]",completed,82,10,63
500,70,proximal-replay,1,found,Skunk,100,100,100,,2,3,0,0,,87,"[{""word"": ""Skunk"", ""timed_overlap"": 2, ""column_overlap"": 3}, {""word"": ""teach"", ""timed_overlap"": 2, ""column_overlap"": 2}, {""word"": ""sweet"", ""timed_overlap"": 1, ""column_overlap"": 3}, {""word"": ""visited"", ""timed_overlap"": 1, ""column_overlap"": 3}, {""word"": ""having"", ""timed_overlap"": 1, ""column_overlap"": 3}]",completed,91,10,54
500,70,proximal-replay,2,Reddy,really,98,98,98,,2,3,0,0,,122,"[{""word"": ""really"", ""timed_overlap"": 2, ""column_overlap"": 3}, {""word"": ""Carrots"", ""timed_overlap"": 2, ""column_overlap"": 3}, {""word"": ""shrugged"", ""timed_overlap"": 2, ""column_overlap"": 3}, {""word"": ""fine"", ""timed_overlap"": 2, ""column_overlap"": 2}, {""word"": ""those"", ""timed_overlap"": 2, ""column_overlap"": 2}]",completed,64,10,63
500,70,proximal-replay,3,'s,visitors,99,99,99,,2,4,0,0,,134,"[{""word"": ""visitors"", ""timed_overlap"": 2, ""column_overlap"": 4}, {""word"": ""wheeled"", ""timed_overlap"": 2, ""column_overlap"": 3}, {""word"": ""washerman"", ""timed_overlap"": 2, ""column_overlap"": 3}, {""word"": ""bewildered"", ""timed_overlap"": 2, ""column_overlap"": 2}, {""word"": ""hope"", ""timed_overlap"": 2, ""column_overlap"": 2}]",completed,73,10,72
500,70,proximal-replay,4,tracks,yonder,96,96,96,,2,4,0,0,,150,"[{""word"": ""yonder"", ""timed_overlap"": 2, ""column_overlap"": 4}, {""word"": ""staring"", ""timed_overlap"": 2, ""column_overlap"": 3}, {""word"": ""jewels"", ""timed_overlap"": 2, ""column_overlap"": 3}, {""word"": ""Though"", ""timed_overlap"": 2, ""column_overlap"": 2}, {""word"": ""Dear"", ""timed_overlap"": 2, ""column_overlap"": 2}]",completed,82,10,63
500,71,proximal-replay,1,",",'d,100,100,100,,2,2,0,0,,112,"[{""word"": ""'d"", ""timed_overlap"": 2, ""column_overlap"": 2}, {""word"": ""his"", ""timed_overlap"": 2, ""column_overlap"": 2}, {""word"": ""tree"", ""timed_overlap"": 1, ""column_overlap"": 4}, {""word"": ""SAMMY"", ""timed_overlap"": 1, ""column_overlap"": 3}, {""word"": ""swears"", ""timed_overlap"": 1, ""column_overlap"": 3}]",completed,100,10,63
500,71,proximal-replay,2,`,waiting,100,100,100,,2,3,0,0,,106,"[{""word"": ""waiting"", ""timed_overlap"": 2, ""column_overlap"": 3}, {""word"": ""Marilla"", ""timed_overlap"": 2, ""column_overlap"": 2}, {""word"": ""face"", ""timed_overlap"": 2, ""column_overlap"": 2}, {""word"": ""indeed"", ""timed_overlap"": 2, ""column_overlap"": 2}, {""word"": ""probably"", ""timed_overlap"": 2, ""column_overlap"": 2}]",completed,73,10,72
500,71,proximal-replay,3,if,taste,100,100,100,,2,2,0,0,,94,"[{""word"": ""taste"", ""timed_overlap"": 2, ""column_overlap"": 2}, {""word"": ""ought"", ""timed_overlap"": 1, ""column_overlap"": 4}, {""word"": ""Jed"", ""timed_overlap"": 1, ""column_overlap"": 3}, {""word"": ""satisfied"", ""timed_overlap"": 1, ""column_overlap"": 3}, {""word"": ""bringing"", ""timed_overlap"": 1, ""column_overlap"": 3}]",completed,82,10,63
500,71,proximal-replay,4,you,squealed,94,94,94,,2,3,0,0,,143,"[{""word"": ""squealed"", ""timed_overlap"": 2, ""column_overlap"": 3}, {""word"": ""really"", ""timed_overlap"": 2, ""column_overlap"": 2}, {""word"": ""companioned"", ""timed_overlap"": 2, ""column_overlap"": 2}, {""word"": ""AND"", ""timed_overlap"": 2, ""column_overlap"": 2}, {""word"": ""stand"", ""timed_overlap"": 2, ""column_overlap"": 2}]",completed,73,10,63
500,72,proximal-replay,1,when,queen,100,100,100,,2,3,2,2,6,96,"[{""word"": ""queen"", ""timed_overlap"": 2, ""column_overlap"": 3}, {""word"": ""birds"", ""timed_overlap"": 2, ""column_overlap"": 3}, {""word"": ""pleasant"", ""timed_overlap"": 2, ""column_overlap"": 2}, {""word"": ""with"", ""timed_overlap"": 2, ""column_overlap"": 2}, {""word"": ""post"", ""timed_overlap"": 2, ""column_overlap"": 2}]",completed,82,10,63
500,72,proximal-replay,2,he,Next,98,98,98,,2,3,1,1,113,143,"[{""word"": ""Next"", ""timed_overlap"": 2, ""column_overlap"": 3}, {""word"": ""care"", ""timed_overlap"": 2, ""column_overlap"": 2}, {""word"": ""fixed"", ""timed_overlap"": 2, ""column_overlap"": 2}, {""word"": ""tongue"", ""timed_overlap"": 2, ""column_overlap"": 2}, {""word"": ""Don"", ""timed_overlap"": 2, ""column_overlap"": 2}]",completed,73,10,72
500,72,proximal-replay,3,caught,breakfast,99,99,99,,2,4,0,0,,142,"[{""word"": ""breakfast"", ""timed_overlap"": 2, ""column_overlap"": 4}, {""word"": ""Cyrilla"", ""timed_overlap"": 2, ""column_overlap"": 3}, {""word"": ""yonder"", ""timed_overlap"": 2, ""column_overlap"": 2}, {""word"": ""faithfully"", ""timed_overlap"": 1, ""column_overlap"": 4}, {""word"": ""timid"", ""timed_overlap"": 1, ""column_overlap"": 4}]",completed,82,10,72
500,72,proximal-replay,4,my,Gray,98,98,98,,2,3,1,2,25,109,"[{""word"": ""Gray"", ""timed_overlap"": 2, ""column_overlap"": 3}, {""word"": ""six"", ""timed_overlap"": 2, ""column_overlap"": 2}, {""word"": ""goodness"", ""timed_overlap"": 2, ""column_overlap"": 2}, {""word"": ""Bring"", ""timed_overlap"": 1, ""column_overlap"": 4}, {""word"": ""Cyrilla"", ""timed_overlap"": 1, ""column_overlap"": 3}]",completed,82,10,63
500,73,proximal-replay,1,only,they,100,100,100,,2,3,0,0,,97,"[{""word"": ""they"", ""timed_overlap"": 2, ""column_overlap"": 3}, {""word"": ""Robert"", ""timed_overlap"": 2, ""column_overlap"": 2}, {""word"": ""doubly"", ""timed_overlap"": 2, ""column_overlap"": 2}, {""word"": ""turns"", ""timed_overlap"": 1, ""column_overlap"": 3}, {""word"": ""snowshoeing"", ""timed_overlap"": 1, ""column_overlap"": 3}]",completed,100,10,72
500,73,proximal-replay,2,pardon,keen,100,100,100,,2,3,0,0,,106,"[{""word"": ""keen"", ""timed_overlap"": 2, ""column_overlap"": 3}, {""word"": ""dragging"", ""timed_overlap"": 2, ""column_overlap"": 3}, {""word"": ""mount"", ""timed_overlap"": 2, ""column_overlap"": 3}, {""word"": ""turns"", ""timed_overlap"": 2, ""column_overlap"": 2}, {""word"": ""tell"", ""timed_overlap"": 1, ""column_overlap"": 3}]",completed,82,10,72
500,73,proximal-replay,3,you,time,99,99,99,,3,3,0,0,,119,"[{""word"": ""time"", ""timed_overlap"": 3, ""column_overlap"": 3}, {""word"": ""ordered"", ""timed_overlap"": 2, ""column_overlap"": 3}, {""word"": ""certainly"", ""timed_overlap"": 2, ""column_overlap"": 3}, {""word"": ""!"", ""timed_overlap"": 2, ""column_overlap"": 2}, {""word"": ""here"", ""timed_overlap"": 2, ""column_overlap"": 2}]",completed,82,10,63
500,73,proximal-replay,4,all,Oh,100,100,100,,2,5,0,0,,113,"[{""word"": ""Oh"", ""timed_overlap"": 2, ""column_overlap"": 5}, {""word"": ""Please"", ""timed_overlap"": 2, ""column_overlap"": 3}, {""word"": ""palace"", ""timed_overlap"": 2, ""column_overlap"": 3}, {""word"": ""six"", ""timed_overlap"": 2, ""column_overlap"": 2}, {""word"": ""king"", ""timed_overlap"": 2, ""column_overlap"": 2}]",completed,73,10,54
500,74,proximal-replay,1,sensible,others,100,100,100,,2,4,0,0,,113,"[{""word"": ""others"", ""timed_overlap"": 2, ""column_overlap"": 4}, {""word"": ""Dot"", ""timed_overlap"": 2, ""column_overlap"": 2}, {""word"": ""very"", ""timed_overlap"": 2, ""column_overlap"": 2}, {""word"": ""run"", ""timed_overlap"": 2, ""column_overlap"": 2}, {""word"": ""canvas"", ""timed_overlap"": 2, ""column_overlap"": 2}]",completed,91,10,72
500,74,proximal-replay,2,girl,hunt,98,98,98,,2,3,0,0,,138,"[{""word"": ""hunt"", ""timed_overlap"": 2, ""column_overlap"": 3}, {""word"": ""gaily"", ""timed_overlap"": 2, ""column_overlap"": 3}, {""word"": ""dwelt"", ""timed_overlap"": 2, ""column_overlap"": 2}, {""word"": ""poor"", ""timed_overlap"": 2, ""column_overlap"": 2}, {""word"": ""nice"", ""timed_overlap"": 2, ""column_overlap"": 2}]",completed,82,10,54
500,74,proximal-replay,3,",",says,100,100,100,,2,2,0,0,,129,"[{""word"": ""says"", ""timed_overlap"": 2, ""column_overlap"": 2}, {""word"": ""lean"", ""timed_overlap"": 2, ""column_overlap"": 2}, {""word"": ""caught"", ""timed_overlap"": 2, ""column_overlap"": 2}, {""word"": ""none"", ""timed_overlap"": 2, ""column_overlap"": 2}, {""word"": ""tyrannize"", ""timed_overlap"": 2, ""column_overlap"": 2}]",completed,64,10,63
500,74,proximal-replay,4,'',some,95,95,95,,2,4,0,0,,123,"[{""word"": ""some"", ""timed_overlap"": 2, ""column_overlap"": 4}, {""word"": ""ladylike"", ""timed_overlap"": 2, ""column_overlap"": 4}, {""word"": ""hearse"", ""timed_overlap"": 2, ""column_overlap"": 3}, {""word"": ""almost"", ""timed_overlap"": 2, ""column_overlap"": 2}, {""word"": ""Miss"", ""timed_overlap"": 2, ""column_overlap"": 2}]",completed,73,10,63
500,75,proximal-replay,1,finish,be,100,100,100,,2,4,1,1,104,112,"[{""word"": ""be"", ""timed_overlap"": 2, ""column_overlap"": 4}, {""word"": ""mud"", ""timed_overlap"": 2, ""column_overlap"": 2}, {""word"": ""There"", ""timed_overlap"": 2, ""column_overlap"": 2}, {""word"": ""things"", ""timed_overlap"": 2, ""column_overlap"": 2}, {""word"": ""Fellow"", ""timed_overlap"": 1, ""column_overlap"": 4}]",completed,73,10,63
500,75,proximal-replay,2,my,Cyrilla,100,100,100,,2,3,0,0,,128,"[{""word"": ""Cyrilla"", ""timed_overlap"": 2, ""column_overlap"": 3}, {""word"": ""!"", ""timed_overlap"": 2, ""column_overlap"": 3}, {""word"": ""leave"", ""timed_overlap"": 2, ""column_overlap"": 3}, {""word"": ""stern"", ""timed_overlap"": 2, ""column_overlap"": 3}, {""word"": ""seen"", ""timed_overlap"": 2, ""column_overlap"": 2}]",completed,73,10,63
500,75,proximal-replay,3,Arts,'s,95,95,95,,3,4,0,0,,145,"[{""word"": ""'s"", ""timed_overlap"": 3, ""column_overlap"": 4}, {""word"": ""course"", ""timed_overlap"": 2, ""column_overlap"": 4}, {""word"": ""Meanwhile"", ""timed_overlap"": 2, ""column_overlap"": 3}, {""word"": ""gradual"", ""timed_overlap"": 2, ""column_overlap"": 3}, {""word"": ""snow"", ""timed_overlap"": 2, ""column_overlap"": 3}]",completed,73,10,54
500,75,proximal-replay,4,course,throat,97,97,97,,2,2,0,0,,90,"[{""word"": ""throat"", ""timed_overlap"": 2, ""column_overlap"": 2}, {""word"": ""suit"", ""timed_overlap"": 2, ""column_overlap"": 2}, {""word"": ""fry"", ""timed_overlap"": 1, ""column_overlap"": 4}, {""word"": ""disagreeable"", ""timed_overlap"": 1, ""column_overlap"": 3}, {""word"": ""posted"", ""timed_overlap"": 1, ""column_overlap"": 3}]",completed,64,10,63
500,76,proximal-replay,1,",",Now,99,99,99,,2,3,0,0,,86,"[{""word"": ""Now"", ""timed_overlap"": 2, ""column_overlap"": 3}, {""word"": ""other"", ""timed_overlap"": 2, ""column_overlap"": 2}, {""word"": ""closing"", ""timed_overlap"": 2, ""column_overlap"": 2}, {""word"": ""pricked"", ""timed_overlap"": 1, ""column_overlap"": 4}, {""word"": ""platform"", ""timed_overlap"": 1, ""column_overlap"": 3}]",completed,91,10,54
500,76,proximal-replay,2,',motives,97,97,97,,2,3,0,0,,109,"[{""word"": ""motives"", ""timed_overlap"": 2, ""column_overlap"": 3}, {""word"": ""wo"", ""timed_overlap"": 2, ""column_overlap"": 2}, {""word"": ""certainly"", ""timed_overlap"": 1, ""column_overlap"": 5}, {""word"": ""DO"", ""timed_overlap"": 1, ""column_overlap"": 3}, {""word"": ""Princess"", ""timed_overlap"": 1, ""column_overlap"": 3}]",completed,64,10,73
500,76,proximal-replay,3,rejoined,bared,99,99,99,,2,3,0,0,,103,"[{""word"": ""bared"", ""timed_overlap"": 2, ""column_overlap"": 3}, {""word"": ""bookcase"", ""timed_overlap"": 2, ""column_overlap"": 2}, {""word"": ""Grange"", ""timed_overlap"": 2, ""column_overlap"": 2}, {""word"": ""Lady"", ""timed_overlap"": 2, ""column_overlap"": 2}, {""word"": ""both"", ""timed_overlap"": 1, ""column_overlap"": 3}]",completed,82,10,63
500,76,proximal-replay,4,his,sleep,99,99,99,,2,3,0,0,,98,"[{""word"": ""sleep"", ""timed_overlap"": 2, ""column_overlap"": 3}, {""word"": ""added"", ""timed_overlap"": 1, ""column_overlap"": 4}, {""word"": ""goodness"", ""timed_overlap"": 1, ""column_overlap"": 4}, {""word"": ""drank"", ""timed_overlap"": 1, ""column_overlap"": 4}, {""word"": ""course"", ""timed_overlap"": 1, ""column_overlap"": 3}]",completed,73,10,63
500,77,proximal-replay,1,a,Behind,99,99,99,,2,4,0,0,,111,"[{""word"": ""Behind"", ""timed_overlap"": 2, ""column_overlap"": 4}, {""word"": ""SAMMY"", ""timed_overlap"": 2, ""column_overlap"": 3}, {""word"": ""command"", ""timed_overlap"": 2, ""column_overlap"": 3}, {""word"": ""resisted"", ""timed_overlap"": 2, ""column_overlap"": 2}, {""word"": ""recitations"", ""timed_overlap"": 1, ""column_overlap"": 4}]",completed,73,10,72
500,77,proximal-replay,2,fine,pricked,97,97,97,,2,3,0,0,,108,"[{""word"": ""pricked"", ""timed_overlap"": 2, ""column_overlap"": 3}, {""word"": ""flew"", ""timed_overlap"": 2, ""column_overlap"": 3}, {""word"": ""peeped"", ""timed_overlap"": 1, ""column_overlap"": 4}, {""word"": ""King"", ""timed_overlap"": 1, ""column_overlap"": 4}, {""word"": ""thoughtfully"", ""timed_overlap"": 1, ""column_overlap"": 4}]",completed,82,10,63
500,77,proximal-replay,3,lot,wine,97,97,97,,2,3,0,0,,141,"[{""word"": ""wine"", ""timed_overlap"": 2, ""column_overlap"": 3}, {""word"": ""till"", ""timed_overlap"": 2, ""column_overlap"": 2}, {""word"": ""haunting"", ""timed_overlap"": 2, ""column_overlap"": 2}, {""word"": ""Marsch"", ""timed_overlap"": 2, ""column_overlap"": 2}, {""word"": ""danced"", ""timed_overlap"": 1, ""column_overlap"": 4}]",completed,73,10,72
500,77,proximal-replay,4,of,days,100,100,100,,2,3,0,0,,108,"[{""word"": ""days"", ""timed_overlap"": 2, ""column_overlap"": 3}, {""word"": ""besought"", ""timed_overlap"": 2, ""column_overlap"": 2}, {""word"": ""closing"", ""timed_overlap"": 2, ""column_overlap"": 2}, {""word"": ""departs"", ""timed_overlap"": 1, ""column_overlap"": 4}, {""word"": ""craoudin"", ""timed_overlap"": 1, ""column_overlap"": 3}]",completed,82,10,72
500,78,proximal-replay,1,that,as,100,100,100,,2,3,0,0,,111,"[{""word"": ""as"", ""timed_overlap"": 2, ""column_overlap"": 3}, {""word"": ""Williamson"", ""timed_overlap"": 2, ""column_overlap"": 3}, {""word"": ""closing"", ""timed_overlap"": 2, ""column_overlap"": 3}, {""word"": ""highness"", ""timed_overlap"": 2, ""column_overlap"": 2}, {""word"": ""Providence"", ""timed_overlap"": 2, ""column_overlap"": 2}]",completed,100,10,63
500,78,proximal-replay,2,bought,UNC,100,100,100,,2,3,0,0,,123,"[{""word"": ""UNC"", ""timed_overlap"": 2, ""column_overlap"": 3}, {""word"": ""happily"", ""timed_overlap"": 2, ""column_overlap"": 3}, {""word"": ""words"", ""timed_overlap"": 2, ""column_overlap"": 2}, {""word"": ""pine-fringed"", ""timed_overlap"": 2, ""column_overlap"": 2}, {""word"": ""cows"", ""timed_overlap"": 2, ""column_overlap"": 2}]",completed,73,10,63
500,78,proximal-replay,3,me,also,94,94,94,,2,4,0,0,,134,"[{""word"": ""also"", ""timed_overlap"": 2, ""column_overlap"": 4}, {""word"": ""'"", ""timed_overlap"": 2, ""column_overlap"": 3}, {""word"": ""For"", ""timed_overlap"": 2, ""column_overlap"": 3}, {""word"": ""Mountain"", ""timed_overlap"": 2, ""column_overlap"": 2}, {""word"": ""wasting"", ""timed_overlap"": 2, ""column_overlap"": 2}]",completed,73,10,63
500,78,proximal-replay,4,",",require,98,98,98,,2,3,0,0,,123,"[{""word"": ""require"", ""timed_overlap"": 2, ""column_overlap"": 3}, {""word"": ""alarm"", ""timed_overlap"": 2, ""column_overlap"": 2}, {""word"": ""pity"", ""timed_overlap"": 1, ""column_overlap"": 4}, {""word"": ""Next"", ""timed_overlap"": 1, ""column_overlap"": 3}, {""word"": ""tale"", ""timed_overlap"": 1, ""column_overlap"": 3}]",completed,73,10,74
500,79,proximal-replay,1,the,somehow,100,100,100,,2,3,0,0,,95,"[{""word"": ""somehow"", ""timed_overlap"": 2, ""column_overlap"": 3}, {""word"": ""tittered"", ""timed_overlap"": 1, ""column_overlap"": 3}, {""word"": ""mature"", ""timed_overlap"": 1, ""column_overlap"": 3}, {""word"": ""wilt"", ""timed_overlap"": 1, ""column_overlap"": 3}, {""word"": ""reigned"", ""timed_overlap"": 1, ""column_overlap"": 3}]",completed,73,10,54
500,79,proximal-replay,2,prince,platform,96,96,96,,2,4,0,0,,118,"[{""word"": ""platform"", ""timed_overlap"": 2, ""column_overlap"": 4}, {""word"": ""Clow"", ""timed_overlap"": 2, ""column_overlap"": 2}, {""word"": ""Fellow"", ""timed_overlap"": 2, ""column_overlap"": 2}, {""word"": ""carriage"", ""timed_overlap"": 1, ""column_overlap"": 5}, {""word"": ""lads"", ""timed_overlap"": 1, ""column_overlap"": 5}]",completed,64,10,72
500,79,proximal-replay,3,",",whitest,100,100,100,,2,3,0,0,,156,"[{""word"": ""whitest"", ""timed_overlap"": 2, ""column_overlap"": 3}, {""word"": ""frog"", ""timed_overlap"": 2, ""column_overlap"": 3}, {""word"": ""boy"", ""timed_overlap"": 2, ""column_overlap"": 3}, {""word"": ""grass"", ""timed_overlap"": 2, ""column_overlap"": 2}, {""word"": ""Sara"", ""timed_overlap"": 2, ""column_overlap"": 2}]",completed,82,10,72
500,79,proximal-replay,4,who,Tumultuous,89,89,89,,2,4,0,0,,124,"[{""word"": ""Tumultuous"", ""timed_overlap"": 2, ""column_overlap"": 4}, {""word"": ""development"", ""timed_overlap"": 2, ""column_overlap"": 3}, {""word"": ""thing"", ""timed_overlap"": 2, ""column_overlap"": 3}, {""word"": ""with"", ""timed_overlap"": 2, ""column_overlap"": 3}, {""word"": ""gone"", ""timed_overlap"": 2, ""column_overlap"": 2}]",completed,82,10,74
500,80,proximal-replay,1,fry,the,100,100,100,,2,3,0,0,,93,"[{""word"": ""the"", ""timed_overlap"": 2, ""column_overlap"": 3}, {""word"": ""Most"", ""timed_overlap"": 2, ""column_overlap"": 2}, {""word"": ""Spirit"", ""timed_overlap"": 2, ""column_overlap"": 2}, {""word"": ""be"", ""timed_overlap"": 2, ""column_overlap"": 2}, {""word"": ""Molly"", ""timed_overlap"": 2, ""column_overlap"": 2}]",completed,82,10,63
500,80,proximal-replay,2,fish,hive,100,100,100,,2,2,0,0,,96,"[{""word"": ""hive"", ""timed_overlap"": 2, ""column_overlap"": 2}, {""word"": ""Sammy"", ""timed_overlap"": 2, ""column_overlap"": 2}, {""word"": ""lest"", ""timed_overlap"": 1, ""column_overlap"": 4}, {""word"": ""fast"", ""timed_overlap"": 1, ""column_overlap"": 3}, {""word"": ""WATCH"", ""timed_overlap"": 1, ""column_overlap"": 3}]",completed,73,10,63
500,80,proximal-replay,3,on,Like,96,96,96,,2,4,0,0,,137,"[{""word"": ""Like"", ""timed_overlap"": 2, ""column_overlap"": 4}, {""word"": ""rare"", ""timed_overlap"": 2, ""column_overlap"": 3}, {""word"": ""ever"", ""timed_overlap"": 2, ""column_overlap"": 3}, {""word"": ""spied"", ""timed_overlap"": 2, ""column_overlap"": 3}, {""word"": ""silence"", ""timed_overlap"": 2, ""column_overlap"": 3}]",completed,73,10,72
500,80,proximal-replay,4,my,dress,100,100,100,,2,3,0,0,,112,"[{""word"": ""dress"", ""timed_overlap"": 2, ""column_overlap"": 3}, {""word"": ""Put"", ""timed_overlap"": 2, ""column_overlap"": 2}, {""word"": ""if"", ""timed_overlap"": 1, ""column_overlap"": 3}, {""word"": ""see"", ""timed_overlap"": 1, ""column_overlap"": 3}, {""word"": ""disrepitable"", ""timed_overlap"": 1, ""column_overlap"": 3}]",completed,82,10,63
500,81,proximal-replay,1,face,Anne,99,99,99,,2,4,0,0,,116,"[{""word"": ""Anne"", ""timed_overlap"": 2, ""column_overlap"": 4}, {""word"": ""even"", ""timed_overlap"": 2, ""column_overlap"": 3}, {""word"": ""evening"", ""timed_overlap"": 2, ""column_overlap"": 2}, {""word"": ""given"", ""timed_overlap"": 2, ""column_overlap"": 2}, {""word"": ""Magyars"", ""timed_overlap"": 1, ""column_overlap"": 4}]",completed,73,10,72
500,81,proximal-replay,2,for,Yes,98,98,98,,3,3,0,0,,140,"[{""word"": ""Yes"", ""timed_overlap"": 3, ""column_overlap"": 3}, {""word"": ""cats"", ""timed_overlap"": 2, ""column_overlap"": 3}, {""word"": ""say"", ""timed_overlap"": 2, ""column_overlap"": 3}, {""word"": "","", ""timed_overlap"": 2, ""column_overlap"": 2}, {""word"": ""altogether"", ""timed_overlap"": 2, ""column_overlap"": 2}]",completed,82,10,63
500,81,proximal-replay,3,a,indeed,100,100,100,,3,3,0,0,,95,"[{""word"": ""indeed"", ""timed_overlap"": 3, ""column_overlap"": 3}, {""word"": ""now"", ""timed_overlap"": 2, ""column_overlap"": 2}, {""word"": ""flowers"", ""timed_overlap"": 1, ""column_overlap"": 3}, {""word"": ""swearing"", ""timed_overlap"": 1, ""column_overlap"": 3}, {""word"": ""Besides"", ""timed_overlap"": 1, ""column_overlap"": 3}]",completed,73,10,63
500,81,proximal-replay,4,moment,teach,93,93,93,,2,2,0,0,,131,"[{""word"": ""teach"", ""timed_overlap"": 2, ""column_overlap"": 2}, {""word"": ""Nobody"", ""timed_overlap"": 2, ""column_overlap"": 2}, {""word"": ""birds"", ""timed_overlap"": 2, ""column_overlap"": 2}, {""word"": ""Beautiful"", ""timed_overlap"": 1, ""column_overlap"": 5}, {""word"": ""whenever"", ""timed_overlap"": 1, ""column_overlap"": 4}]",completed,73,10,46
500,82,proximal-replay,1,queen,birds,100,100,100,,2,2,0,0,,75,"[{""word"": ""birds"", ""timed_overlap"": 2, ""column_overlap"": 2}, {""word"": ""Sometimes"", ""timed_overlap"": 2, ""column_overlap"": 2}, {""word"": ""doctor"", ""timed_overlap"": 1, ""column_overlap"": 4}, {""word"": ""Look"", ""timed_overlap"": 1, ""column_overlap"": 4}, {""word"": ""most"", ""timed_overlap"": 1, ""column_overlap"": 3}]",completed,91,10,72
500,82,proximal-replay,2,",",whose,98,98,98,,2,3,0,0,,124,"[{""word"": ""whose"", ""timed_overlap"": 2, ""column_overlap"": 3}, {""word"": ""knows"", ""timed_overlap"": 2, ""column_overlap"": 2}, {""word"": ""months"", ""timed_overlap"": 1, ""column_overlap"": 4}, {""word"": ""Taffy"", ""timed_overlap"": 1, ""column_overlap"": 4}, {""word"": ""thinks"", ""timed_overlap"": 1, ""column_overlap"": 3}]",completed,82,10,72
500,82,proximal-replay,3,bringing,trying,99,99,99,,2,3,0,0,,94,"[{""word"": ""trying"", ""timed_overlap"": 2, ""column_overlap"": 3}, {""word"": ""jewels"", ""timed_overlap"": 2, ""column_overlap"": 3}, {""word"": ""bewildered"", ""timed_overlap"": 2, ""column_overlap"": 2}, {""word"": ""writ"", ""timed_overlap"": 2, ""column_overlap"": 2}, {""word"": ""-LCB-"", ""timed_overlap"": 1, ""column_overlap"": 4}]",completed,82,10,63
500,82,proximal-replay,4,forward,snowshoeing,92,92,92,,2,4,0,0,,112,"[{""word"": ""snowshoeing"", ""timed_overlap"": 2, ""column_overlap"": 4}, {""word"": ""heated"", ""timed_overlap"": 2, ""column_overlap"": 3}, {""word"": ""craoudin"", ""timed_overlap"": 2, ""column_overlap"": 3}, {""word"": ""goat"", ""timed_overlap"": 2, ""column_overlap"": 2}, {""word"": ""given"", ""timed_overlap"": 2, ""column_overlap"": 2}]",completed,73,10,73
500,83,proximal-replay,1,for,wished,98,98,98,,2,3,1,1,122,123,"[{""word"": ""wished"", ""timed_overlap"": 2, ""column_overlap"": 3}, {""word"": ""Hugh"", ""timed_overlap"": 2, ""column_overlap"": 3}, {""word"": ""Billy"", ""timed_overlap"": 2, ""column_overlap"": 3}, {""word"": ""find"", ""timed_overlap"": 2, ""column_overlap"": 3}, {""word"": ""Truly"", ""timed_overlap"": 2, ""column_overlap"": 3}]",completed,82,10,63
500,83,proximal-replay,2,an,yonder,95,95,95,,2,4,0,0,,128,"[{""word"": ""yonder"", ""timed_overlap"": 2, ""column_overlap"": 4}, {""word"": ""towards"", ""timed_overlap"": 2, ""column_overlap"": 3}, {""word"": ""wrote"", ""timed_overlap"": 2, ""column_overlap"": 3}, {""word"": ""Bill"", ""timed_overlap"": 2, ""column_overlap"": 2}, {""word"": ""hard"", ""timed_overlap"": 2, ""column_overlap"": 2}]",completed,73,10,72
500,83,proximal-replay,3,excuse,let,99,99,99,,2,3,0,0,,83,"[{""word"": ""let"", ""timed_overlap"": 2, ""column_overlap"": 3}, {""word"": ""Alfin"", ""timed_overlap"": 2, ""column_overlap"": 2}, {""word"": ""which"", ""timed_overlap"": 1, ""column_overlap"": 4}, {""word"": ""turning"", ""timed_overlap"": 1, ""column_overlap"": 3}, {""word"": ""might"", ""timed_overlap"": 1, ""column_overlap"": 3}]",completed,82,10,72
500,83,proximal-replay,4,to,reached,100,100,100,,2,2,0,0,,127,"[{""word"": ""reached"", ""timed_overlap"": 2, ""column_overlap"": 2}, {""word"": ""plans"", ""timed_overlap"": 2, ""column_overlap"": 2}, {""word"": ""Jimmy"", ""timed_overlap"": 1, ""column_overlap"": 4}, {""word"": ""All"", ""timed_overlap"": 1, ""column_overlap"": 4}, {""word"": ""queen"", ""timed_overlap"": 1, ""column_overlap"": 4}]",completed,82,10,63
500,84,proximal-replay,1,that,tobacco,100,100,100,,2,4,0,0,,94,"[{""word"": ""tobacco"", ""timed_overlap"": 2, ""column_overlap"": 4}, {""word"": ""sisters"", ""timed_overlap"": 2, ""column_overlap"": 3}, {""word"": ""Jesse"", ""timed_overlap"": 2, ""column_overlap"": 3}, {""word"": ""recommended"", ""timed_overlap"": 2, ""column_overlap"": 2}, {""word"": ""Sir"", ""timed_overlap"": 1, ""column_overlap"": 3}]",completed,91,10,63
500,84,proximal-replay,2,night,Rogers,97,97,97,,2,3,0,0,,140,"[{""word"": ""Rogers"", ""timed_overlap"": 2, ""column_overlap"": 3}, {""word"": ""took"", ""timed_overlap"": 2, ""column_overlap"": 3}, {""word"": ""small"", ""timed_overlap"": 2, ""column_overlap"": 3}, {""word"": ""mount"", ""timed_overlap"": 2, ""column_overlap"": 2}, {""word"": ""told"", ""timed_overlap"": 2, ""column_overlap"": 2}]",completed,73,10,45
500,84,proximal-replay,3,companioned,jealousy,95,95,95,,2,3,0,0,,142,"[{""word"": ""jealousy"", ""timed_overlap"": 2, ""column_overlap"": 3}, {""word"": ""Once"", ""timed_overlap"": 2, ""column_overlap"": 3}, {""word"": ""says"", ""timed_overlap"": 2, ""column_overlap"": 2}, {""word"": ""'ll"", ""timed_overlap"": 2, ""column_overlap"": 2}, {""word"": ""Sooty"", ""timed_overlap"": 2, ""column_overlap"": 2}]",completed,55,10,73
500,84,proximal-replay,4,by,mature,97,97,97,,1,3,0,0,,121,"[{""word"": ""mature"", ""timed_overlap"": 1, ""column_overlap"": 3}, {""word"": ""quaggi"", ""timed_overlap"": 1, ""column_overlap"": 3}, {""word"": ""afternoon"", ""timed_overlap"": 1, ""column_overlap"": 3}, {""word"": ""have"", ""timed_overlap"": 1, ""column_overlap"": 3}, {""word"": ""shake"", ""timed_overlap"": 1, ""column_overlap"": 3}]",completed,82,10,81
500,85,proximal-replay,1,are,Meredith,100,100,100,,2,3,0,0,,110,"[{""word"": ""Meredith"", ""timed_overlap"": 2, ""column_overlap"": 3}, {""word"": ""Aunt"", ""timed_overlap"": 2, ""column_overlap"": 2}, {""word"": ""eye"", ""timed_overlap"": 2, ""column_overlap"": 2}, {""word"": ""of"", ""timed_overlap"": 2, ""column_overlap"": 2}, {""word"": ""recommended"", ""timed_overlap"": 2, ""column_overlap"": 2}]",completed,82,10,63
500,85,proximal-replay,2,Happy,remarked,100,100,100,,2,3,0,0,,109,"[{""word"": ""remarked"", ""timed_overlap"": 2, ""column_overlap"": 3}, {""word"": ""promise"", ""timed_overlap"": 1, ""column_overlap"": 4}, {""word"": ""amiss"", ""timed_overlap"": 1, ""column_overlap"": 4}, {""word"": ""tone"", ""timed_overlap"": 1, ""column_overlap"": 4}, {""word"": ""tunnels"", ""timed_overlap"": 1, ""column_overlap"": 3}]",completed,73,10,63
500,85,proximal-replay,3,Jack,Taylor,97,97,97,,2,3,0,0,,102,"[{""word"": ""Taylor"", ""timed_overlap"": 2, ""column_overlap"": 3}, {""word"": ""wished"", ""timed_overlap"": 2, ""column_overlap"": 3}, {""word"": ""belt"", ""timed_overlap"": 2, ""column_overlap"": 2}, {""word"": ""disagreeable"", ""timed_overlap"": 2, ""column_overlap"": 2}, {""word"": ""days"", ""timed_overlap"": 2, ""column_overlap"": 2}]",completed,73,10,72
500,85,proximal-replay,4,Squirrel,satisfied,96,96,96,,2,3,0,0,,140,"[{""word"": ""satisfied"", ""timed_overlap"": 2, ""column_overlap"": 3}, {""word"": ""splendid"", ""timed_overlap"": 2, ""column_overlap"": 3}, {""word"": ""months"", ""timed_overlap"": 2, ""column_overlap"": 2}, {""word"": ""mean"", ""timed_overlap"": 2, ""column_overlap"": 2}, {""word"": ""companioned"", ""timed_overlap"": 1, ""column_overlap"": 6}]",completed,82,10,45
500,86,proximal-replay,1,the,headlands,100,100,100,,2,4,0,0,,89,"[{""word"": ""headlands"", ""timed_overlap"": 2, ""column_overlap"": 4}, {""word"": ""indeed"", ""timed_overlap"": 2, ""column_overlap"": 2}, {""word"": ""return"", ""timed_overlap"": 1, ""column_overlap"": 3}, {""word"": ""after"", ""timed_overlap"": 1, ""column_overlap"": 3}, {""word"": ""astray"", ""timed_overlap"": 1, ""column_overlap"": 3}]",completed,91,10,63
500,86,proximal-replay,2,whitest,Robert,99,99,99,,2,3,0,0,,130,"[{""word"": ""Robert"", ""timed_overlap"": 2, ""column_overlap"": 3}, {""word"": ""touched"", ""timed_overlap"": 2, ""column_overlap"": 3}, {""word"": ""wand"", ""timed_overlap"": 2, ""column_overlap"": 2}, {""word"": ""humanity"", ""timed_overlap"": 2, ""column_overlap"": 2}, {""word"": ""wrote"", ""timed_overlap"": 2, ""column_overlap"": 2}]",completed,73,10,72
500,86,proximal-replay,3,of,sight,99,99,99,,2,2,0,0,,86,"[{""word"": ""sight"", ""timed_overlap"": 2, ""column_overlap"": 2}, {""word"": ""mercy"", ""timed_overlap"": 2, ""column_overlap"": 2}, {""word"": ""satisfied"", ""timed_overlap"": 2, ""column_overlap"": 2}, {""word"": ""healthful"", ""timed_overlap"": 2, ""column_overlap"": 2}, {""word"": ""ladies"", ""timed_overlap"": 1, ""column_overlap"": 4}]",completed,82,10,63
500,86,proximal-replay,4,skins,forget,100,100,100,,2,3,0,0,,145,"[{""word"": ""forget"", ""timed_overlap"": 2, ""column_overlap"": 3}, {""word"": ""unpractical"", ""timed_overlap"": 2, ""column_overlap"": 3}, {""word"": ""check"", ""timed_overlap"": 2, ""column_overlap"": 3}, {""word"": ""?"", ""timed_overlap"": 2, ""column_overlap"": 2}, {""word"": ""lest"", ""timed_overlap"": 2, ""column_overlap"": 2}]",completed,73,10,72
500,87,proximal-replay,1,face,most,98,98,98,,2,3,0,0,,101,"[{""word"": ""most"", ""timed_overlap"": 2, ""column_overlap"": 3}, {""word"": ""artistic"", ""timed_overlap"": 2, ""column_overlap"": 2}, {""word"": ""worn"", ""timed_overlap"": 2, ""column_overlap"": 2}, {""word"": ""take"", ""timed_overlap"": 2, ""column_overlap"": 2}, {""word"": ""grotto"", ""timed_overlap"": 2, ""column_overlap"": 2}]",completed,82,10,72
500,87,proximal-replay,2,twitch,came,100,100,100,,2,2,0,0,,113,"[{""word"": ""came"", ""timed_overlap"": 2, ""column_overlap"": 2}, {""word"": ""writing"", ""timed_overlap"": 2, ""column_overlap"": 2}, {""word"": ""ones"", ""timed_overlap"": 2, ""column_overlap"": 2}, {""word"": ""Magyars"", ""timed_overlap"": 2, ""column_overlap"": 2}, {""word"": ""Joe"", ""timed_overlap"": 2, ""column_overlap"": 2}]",completed,82,10,63
500,87,proximal-replay,3,mutinously,air,92,92,92,,2,4,0,0,,160,"[{""word"": ""air"", ""timed_overlap"": 2, ""column_overlap"": 4}, {""word"": ""house"", ""timed_overlap"": 2, ""column_overlap"": 4}, {""word"": ""laughed"", ""timed_overlap"": 2, ""column_overlap"": 3}, {""word"": ""post"", ""timed_overlap"": 2, ""column_overlap"": 3}, {""word"": ""looking"", ""timed_overlap"": 2, ""column_overlap"": 3}]",completed,73,10,63
500,87,proximal-replay,4,whenever,appeal,97,97,97,,2,4,0,0,,139,"[{""word"": ""appeal"", ""timed_overlap"": 2, ""column_overlap"": 4}, {""word"": ""order"", ""timed_overlap"": 2, ""column_overlap"": 4}, {""word"": ""smile"", ""timed_overlap"": 2, ""column_overlap"": 3}, {""word"": ""king"", ""timed_overlap"": 2, ""column_overlap"": 3}, {""word"": ""Truly"", ""timed_overlap"": 2, ""column_overlap"": 3}]",completed,73,10,72
500,88,proximal-replay,1,was,is,100,100,100,,2,3,1,1,80,93,"[{""word"": ""is"", ""timed_overlap"": 2, ""column_overlap"": 3}, {""word"": ""rejoined"", ""timed_overlap"": 2, ""column_overlap"": 2}, {""word"": ""preferred"", ""timed_overlap"": 1, ""column_overlap"": 4}, {""word"": ""taken"", ""timed_overlap"": 1, ""column_overlap"": 3}, {""word"": ""feebly"", ""timed_overlap"": 1, ""column_overlap"": 3}]",completed,100,10,63
500,88,proximal-replay,2,heated,Gray,100,100,100,,2,3,1,1,113,122,"[{""word"": ""Gray"", ""timed_overlap"": 2, ""column_overlap"": 3}, {""word"": ""UNC"", ""timed_overlap"": 2, ""column_overlap"": 3}, {""word"": ""monotonous"", ""timed_overlap"": 2, ""column_overlap"": 2}, {""word"": ""Ben"", ""timed_overlap"": 2, ""column_overlap"": 2}, {""word"": ""kindest"", ""timed_overlap"": 2, ""column_overlap"": 2}]",completed,73,10,72
500,88,proximal-replay,3,",",meddling,97,97,97,,2,3,0,0,,150,"[{""word"": ""meddling"", ""timed_overlap"": 2, ""column_overlap"": 3}, {""word"": ""thief"", ""timed_overlap"": 1, ""column_overlap"": 4}, {""word"": ""full"", ""timed_overlap"": 1, ""column_overlap"": 4}, {""word"": ""strokes"", ""timed_overlap"": 1, ""column_overlap"": 4}, {""word"": ""'d"", ""timed_overlap"": 1, ""column_overlap"": 3}]",completed,82,10,72
500,88,proximal-replay,4,and,Of,100,100,100,,3,3,0,0,,102,"[{""word"": ""Of"", ""timed_overlap"": 3, ""column_overlap"": 3}, {""word"": ""Please"", ""timed_overlap"": 2, ""column_overlap"": 3}, {""word"": ""Reddy"", ""timed_overlap"": 2, ""column_overlap"": 3}, {""word"": ""Dick"", ""timed_overlap"": 2, ""column_overlap"": 2}, {""word"": ""ruther"", ""timed_overlap"": 2, ""column_overlap"": 2}]",completed,82,10,63
500,89,proximal-replay,1,of,danced,97,97,97,,3,3,0,0,,131,"[{""word"": ""danced"", ""timed_overlap"": 3, ""column_overlap"": 3}, {""word"": ""sword"", ""timed_overlap"": 2, ""column_overlap"": 3}, {""word"": ""--"", ""timed_overlap"": 2, ""column_overlap"": 3}, {""word"": ""Henderland"", ""timed_overlap"": 1, ""column_overlap"": 4}, {""word"": ""pleased"", ""timed_overlap"": 1, ""column_overlap"": 4}]",completed,82,10,45
500,89,proximal-replay,2,grass,be,100,100,100,,2,3,0,0,,104,"[{""word"": ""be"", ""timed_overlap"": 2, ""column_overlap"": 3}, {""word"": ""tells"", ""timed_overlap"": 2, ""column_overlap"": 2}, {""word"": ""Pekoe"", ""timed_overlap"": 2, ""column_overlap"": 2}, {""word"": ""Grant"", ""timed_overlap"": 2, ""column_overlap"": 2}, {""word"": ""writing"", ""timed_overlap"": 1, ""column_overlap"": 3}]",completed,55,10,72
500,89,proximal-replay,3,",",David,100,100,100,,3,3,0,0,,137,"[{""word"": ""David"", ""timed_overlap"": 3, ""column_overlap"": 3}, {""word"": ""helplessly"", ""timed_overlap"": 3, ""column_overlap"": 3}, {""word"": ""Jed"", ""timed_overlap"": 2, ""column_overlap"": 4}, {""word"": ""recalled"", ""timed_overlap"": 2, ""column_overlap"": 3}, {""word"": ""seen"", ""timed_overlap"": 2, ""column_overlap"": 3}]",completed,82,10,54
500,89,proximal-replay,4,and,certainly,98,98,98,,2,3,0,0,,100,"[{""word"": ""certainly"", ""timed_overlap"": 2, ""column_overlap"": 3}, {""word"": ""Ideal"", ""timed_overlap"": 2, ""column_overlap"": 3}, {""word"": ""these"", ""timed_overlap"": 2, ""column_overlap"": 3}, {""word"": ""ordered"", ""timed_overlap"": 2, ""column_overlap"": 2}, {""word"": ""tunnels"", ""timed_overlap"": 1, ""column_overlap"": 3}]",completed,64,10,72
500,90,proximal-replay,1,at,Cecily,94,94,94,,2,2,0,0,,132,"[{""word"": ""Cecily"", ""timed_overlap"": 2, ""column_overlap"": 2}, {""word"": ""dinner"", ""timed_overlap"": 2, ""column_overlap"": 2}, {""word"": ""Cursed"", ""timed_overlap"": 1, ""column_overlap"": 6}, {""word"": ""'cause"", ""timed_overlap"": 1, ""column_overlap"": 4}, {""word"": ""Meanwhile"", ""timed_overlap"": 1, ""column_overlap"": 4}]",completed,82,10,64
500,90,proximal-replay,2,once,Abel,97,97,97,,2,3,0,0,,119,"[{""word"": ""Abel"", ""timed_overlap"": 2, ""column_overlap"": 3}, {""word"": ""'s"", ""timed_overlap"": 2, ""column_overlap"": 3}, {""word"": ""Priscilla"", ""timed_overlap"": 2, ""column_overlap"": 3}, {""word"": ""Put"", ""timed_overlap"": 2, ""column_overlap"": 3}, {""word"": ""God"", ""timed_overlap"": 2, ""column_overlap"": 3}]",completed,73,10,72
500,90,proximal-replay,3,and,bookcase,99,99,99,,2,3,0,0,,122,"[{""word"": ""bookcase"", ""timed_overlap"": 2, ""column_overlap"": 3}, {""word"": ""pump"", ""timed_overlap"": 2, ""column_overlap"": 3}, {""word"": ""shall"", ""timed_overlap"": 2, ""column_overlap"": 3}, {""word"": ""Folk"", ""timed_overlap"": 2, ""column_overlap"": 3}, {""word"": ""Rogers"", ""timed_overlap"": 2, ""column_overlap"": 2}]",completed,82,10,54
500,90,proximal-replay,4,ride,Aunt,98,98,98,,2,3,0,0,,133,"[{""word"": ""Aunt"", ""timed_overlap"": 2, ""column_overlap"": 3}, {""word"": ""mercy"", ""timed_overlap"": 2, ""column_overlap"": 3}, {""word"": ""ladies"", ""timed_overlap"": 2, ""column_overlap"": 2}, {""word"": ""Neither"", ""timed_overlap"": 2, ""column_overlap"": 2}, {""word"": ""tried"", ""timed_overlap"": 1, ""column_overlap"": 4}]",completed,64,10,72
500,91,proximal-replay,1,",",dreams,100,100,100,,2,3,0,0,,108,"[{""word"": ""dreams"", ""timed_overlap"": 2, ""column_overlap"": 3}, {""word"": ""apart"", ""timed_overlap"": 2, ""column_overlap"": 2}, {""word"": ""hive"", ""timed_overlap"": 2, ""column_overlap"": 2}, {""word"": ""many"", ""timed_overlap"": 2, ""column_overlap"": 2}, {""word"": ""Because"", ""timed_overlap"": 2, ""column_overlap"": 2}]",completed,91,10,63
500,91,proximal-replay,2,and,Just,98,98,98,,2,5,0,0,,118,"[{""word"": ""Just"", ""timed_overlap"": 2, ""column_overlap"": 5}, {""word"": ""!"", ""timed_overlap"": 2, ""column_overlap"": 4}, {""word"": ""'m"", ""timed_overlap"": 2, ""column_overlap"": 2}, {""word"": ""Lynde"", ""timed_overlap"": 1, ""column_overlap"": 3}, {""word"": ""while"", ""timed_overlap"": 1, ""column_overlap"": 3}]",completed,73,10,72
500,91,proximal-replay,3,you,Grange,100,100,100,,2,2,0,0,,94,"[{""word"": ""Grange"", ""timed_overlap"": 2, ""column_overlap"": 2}, {""word"": ""ago"", ""timed_overlap"": 2, ""column_overlap"": 2}, {""word"": ""soon"", ""timed_overlap"": 2, ""column_overlap"": 2}, {""word"": ""church"", ""timed_overlap"": 1, ""column_overlap"": 3}, {""word"": ""boy"", ""timed_overlap"": 1, ""column_overlap"": 3}]",completed,82,10,63
500,91,proximal-replay,4,will,Scrooge,93,93,93,,2,4,0,0,,131,"[{""word"": ""Scrooge"", ""timed_overlap"": 2, ""column_overlap"": 4}, {""word"": ""CHAPTER"", ""timed_overlap"": 2, ""column_overlap"": 3}, {""word"": ""1715"", ""timed_overlap"": 2, ""column_overlap"": 2}, {""word"": ""bearing"", ""timed_overlap"": 2, ""column_overlap"": 2}, {""word"": ""feeling"", ""timed_overlap"": 2, ""column_overlap"": 2}]",completed,73,10,74
500,92,proximal-replay,1,calmly,impudent,98,98,98,,2,3,1,1,91,109,"[{""word"": ""impudent"", ""timed_overlap"": 2, ""column_overlap"": 3}, {""word"": ""taste"", ""timed_overlap"": 2, ""column_overlap"": 2}, {""word"": ""time"", ""timed_overlap"": 2, ""column_overlap"": 2}, {""word"": ""Daisy"", ""timed_overlap"": 1, ""column_overlap"": 4}, {""word"": ""Sooty"", ""timed_overlap"": 1, ""column_overlap"": 4}]",completed,64,10,63
500,92,proximal-replay,2,",",stories,99,99,99,,2,3,0,0,,140,"[{""word"": ""stories"", ""timed_overlap"": 2, ""column_overlap"": 3}, {""word"": ""Princess"", ""timed_overlap"": 2, ""column_overlap"": 2}, {""word"": ""for"", ""timed_overlap"": 2, ""column_overlap"": 2}, {""word"": ""fixed"", ""timed_overlap"": 2, ""column_overlap"": 2}, {""word"": ""only"", ""timed_overlap"": 2, ""column_overlap"": 2}]",completed,73,10,63
500,92,proximal-replay,3,`,order,99,99,99,,2,4,0,0,,87,"[{""word"": ""order"", ""timed_overlap"": 2, ""column_overlap"": 4}, {""word"": ""pen"", ""timed_overlap"": 2, ""column_overlap"": 3}, {""word"": ""To"", ""timed_overlap"": 2, ""column_overlap"": 2}, {""word"": ""I"", ""timed_overlap"": 2, ""column_overlap"": 2}, {""word"": ""church"", ""timed_overlap"": 2, ""column_overlap"": 2}]",completed,73,10,63
500,92,proximal-replay,4,what,excuse,98,98,98,,2,3,0,0,,114,"[{""word"": ""excuse"", ""timed_overlap"": 2, ""column_overlap"": 3}, {""word"": ""others"", ""timed_overlap"": 2, ""column_overlap"": 3}, {""word"": ""mind"", ""timed_overlap"": 2, ""column_overlap"": 3}, {""word"": "":"", ""timed_overlap"": 2, ""column_overlap"": 3}, {""word"": ""kerchief"", ""timed_overlap"": 2, ""column_overlap"": 2}]",completed,73,10,55
500,93,proximal-replay,1,I,'',100,100,100,,2,2,0,0,,94,"[{""word"": ""''"", ""timed_overlap"": 2, ""column_overlap"": 2}, {""word"": ""enough"", ""timed_overlap"": 1, ""column_overlap"": 4}, {""word"": ""those"", ""timed_overlap"": 1, ""column_overlap"": 3}, {""word"": ""tell"", ""timed_overlap"": 1, ""column_overlap"": 3}, {""word"": ""departs"", ""timed_overlap"": 1, ""column_overlap"": 3}]",completed,100,10,54
500,93,proximal-replay,2,guess,said,99,99,99,,3,3,0,0,,95,"[{""word"": ""said"", ""timed_overlap"": 3, ""column_overlap"": 3}, {""word"": ""Sometimes"", ""timed_overlap"": 2, ""column_overlap"": 3}, {""word"": ""bust"", ""timed_overlap"": 2, ""column_overlap"": 3}, {""word"": ""Matthew"", ""timed_overlap"": 2, ""column_overlap"": 2}, {""word"": ""down"", ""timed_overlap"": 1, ""column_overlap"": 3}]",completed,64,10,63
500,93,proximal-replay,3,.,somehow,100,100,100,,2,3,0,0,,95,"[{""word"": ""somehow"", ""timed_overlap"": 2, ""column_overlap"": 3}, {""word"": ""reigned"", ""timed_overlap"": 1, ""column_overlap"": 3}, {""word"": ""why"", ""timed_overlap"": 1, ""column_overlap"": 3}, {""word"": ""wilt"", ""timed_overlap"": 1, ""column_overlap"": 3}, {""word"": ""tittered"", ""timed_overlap"": 1, ""column_overlap"": 3}]",completed,73,10,54
500,93,proximal-replay,4,'',platform,96,96,96,,2,4,1,1,79,118,"[{""word"": ""platform"", ""timed_overlap"": 2, ""column_overlap"": 4}, {""word"": ""Fellow"", ""timed_overlap"": 2, ""column_overlap"": 2}, {""word"": ""Clow"", ""timed_overlap"": 2, ""column_overlap"": 2}, {""word"": ""lads"", ""timed_overlap"": 1, ""column_overlap"": 5}, {""word"": ""carriage"", ""timed_overlap"": 1, ""column_overlap"": 5}]",completed,64,10,72
500,94,proximal-replay,1,best,make,100,100,100,,2,4,0,0,,162,"[{""word"": ""make"", ""timed_overlap"": 2, ""column_overlap"": 4}, {""word"": ""humanity"", ""timed_overlap"": 2, ""column_overlap"": 4}, {""word"": ""lean"", ""timed_overlap"": 2, ""column_overlap"": 3}, {""word"": ""blow"", ""timed_overlap"": 2, ""column_overlap"": 3}, {""word"": ""Williamson"", ""timed_overlap"": 2, ""column_overlap"": 2}]",completed,82,10,72
500,94,proximal-replay,2,",",Gray,96,96,96,,2,3,0,0,,140,"[{""word"": ""Gray"", ""timed_overlap"": 2, ""column_overlap"": 3}, {""word"": ""worse"", ""timed_overlap"": 2, ""column_overlap"": 3}, {""word"": ""nearer"", ""timed_overlap"": 2, ""column_overlap"": 3}, {""word"": ""color"", ""timed_overlap"": 2, ""column_overlap"": 2}, {""word"": ""course"", ""timed_overlap"": 2, ""column_overlap"": 2}]",completed,82,10,73
500,94,proximal-replay,3,and,knows,96,96,96,,2,3,0,0,,127,"[{""word"": ""knows"", ""timed_overlap"": 2, ""column_overlap"": 3}, {""word"": ""sleep"", ""timed_overlap"": 2, ""column_overlap"": 3}, {""word"": ""ought"", ""timed_overlap"": 2, ""column_overlap"": 2}, {""word"": ""--"", ""timed_overlap"": 2, ""column_overlap"": 2}, {""word"": ""An"", ""timed_overlap"": 2, ""column_overlap"": 2}]",completed,82,10,64
500,94,proximal-replay,4,Gilbert,Oh,98,98,98,,2,3,0,0,,148,"[{""word"": ""Oh"", ""timed_overlap"": 2, ""column_overlap"": 3}, {""word"": ""tree"", ""timed_overlap"": 2, ""column_overlap"": 3}, {""word"": ""fish"", ""timed_overlap"": 2, ""column_overlap"": 3}, {""word"": ""Jimmy"", ""timed_overlap"": 2, ""column_overlap"": 2}, {""word"": ""canvas"", ""timed_overlap"": 2, ""column_overlap"": 2}]",completed,73,10,65
500,95,proximal-replay,1,for,Pekoe,100,100,100,,2,4,0,0,,97,"[{""word"": ""Pekoe"", ""timed_overlap"": 2, ""column_overlap"": 4}, {""word"": ""heard"", ""timed_overlap"": 2, ""column_overlap"": 2}, {""word"": ""Gilbert"", ""timed_overlap"": 2, ""column_overlap"": 2}, {""word"": ""recommended"", ""timed_overlap"": 2, ""column_overlap"": 2}, {""word"": ""glanced"", ""timed_overlap"": 1, ""column_overlap"": 3}]",completed,100,10,72
500,95,proximal-replay,2,the,moving,100,100,100,,2,4,0,0,,116,"[{""word"": ""moving"", ""timed_overlap"": 2, ""column_overlap"": 4}, {""word"": ""sultan"", ""timed_overlap"": 1, ""column_overlap"": 4}, {""word"": ""remembering"", ""timed_overlap"": 1, ""column_overlap"": 3}, {""word"": ""So"", ""timed_overlap"": 1, ""column_overlap"": 3}, {""word"": ""call"", ""timed_overlap"": 1, ""column_overlap"": 3}]",completed,82,10,72
500,95,proximal-replay,3,present,none,99,99,99,,2,4,0,0,,103,"[{""word"": ""none"", ""timed_overlap"": 2, ""column_overlap"": 4}, {""word"": ""exclaimed"", ""timed_overlap"": 2, ""column_overlap"": 2}, {""word"": ""Pekoe"", ""timed_overlap"": 2, ""column_overlap"": 2}, {""word"": ""image"", ""timed_overlap"": 1, ""column_overlap"": 4}, {""word"": ""half"", ""timed_overlap"": 1, ""column_overlap"": 3}]",completed,82,10,63
500,95,proximal-replay,4,.,eaten,98,98,98,,2,2,0,0,,114,"[{""word"": ""eaten"", ""timed_overlap"": 2, ""column_overlap"": 2}, {""word"": ""astray"", ""timed_overlap"": 2, ""column_overlap"": 2}, {""word"": ""drew"", ""timed_overlap"": 2, ""column_overlap"": 2}, {""word"": ""mid-afternoon"", ""timed_overlap"": 2, ""column_overlap"": 2}, {""word"": ""chop"", ""timed_overlap"": 1, ""column_overlap"": 5}]",completed,73,10,72
500,96,proximal-replay,1,",",is,100,100,100,,3,3,0,0,,90,"[{""word"": ""is"", ""timed_overlap"": 3, ""column_overlap"": 3}, {""word"": ""Jane"", ""timed_overlap"": 2, ""column_overlap"": 3}, {""word"": ""rejoined"", ""timed_overlap"": 2, ""column_overlap"": 3}, {""word"": ""dine"", ""timed_overlap"": 1, ""column_overlap"": 3}, {""word"": ""themselves"", ""timed_overlap"": 1, ""column_overlap"": 3}]",completed,82,10,54
500,96,proximal-replay,2,'cause,Gray,99,99,99,,3,4,0,0,,148,"[{""word"": ""Gray"", ""timed_overlap"": 3, ""column_overlap"": 4}, {""word"": ""writ"", ""timed_overlap"": 2, ""column_overlap"": 3}, {""word"": ""First"", ""timed_overlap"": 2, ""column_overlap"": 2}, {""word"": ""monotonous"", ""timed_overlap"": 2, ""column_overlap"": 2}, {""word"": ""lady"", ""timed_overlap"": 2, ""column_overlap"": 2}]",completed,64,10,63
500,96,proximal-replay,3,she,Very,97,97,97,,2,3,0,0,,149,"[{""word"": ""Very"", ""timed_overlap"": 2, ""column_overlap"": 3}, {""word"": ""meddling"", ""timed_overlap"": 2, ""column_overlap"": 3}, {""word"": ""chair"", ""timed_overlap"": 2, ""column_overlap"": 2}, {""word"": ""strokes"", ""timed_overlap"": 1, ""column_overlap"": 4}, {""word"": ""deny"", ""timed_overlap"": 1, ""column_overlap"": 3}]",completed,73,10,64
500,96,proximal-replay,4,led,heard,99,99,99,,3,3,0,0,,108,"[{""word"": ""heard"", ""timed_overlap"": 3, ""column_overlap"": 3}, {""word"": ""Instead"", ""timed_overlap"": 2, ""column_overlap"": 3}, {""word"": ""faithfully"", ""timed_overlap"": 2, ""column_overlap"": 2}, {""word"": ""Pekoe"", ""timed_overlap"": 1, ""column_overlap"": 4}, {""word"": ""yesterday"", ""timed_overlap"": 1, ""column_overlap"": 3}]",completed,73,10,63
500,97,proximal-replay,1,'s,is,100,100,100,,3,3,0,0,,106,"[{""word"": ""is"", ""timed_overlap"": 3, ""column_overlap"": 3}, {""word"": ""course"", ""timed_overlap"": 2, ""column_overlap"": 4}, {""word"": ""what"", ""timed_overlap"": 2, ""column_overlap"": 3}, {""word"": ""rejoined"", ""timed_overlap"": 2, ""column_overlap"": 2}, {""word"": ""fry"", ""timed_overlap"": 2, ""column_overlap"": 2}]",completed,82,10,54
500,97,proximal-replay,2,so,Gray,99,99,99,,3,4,0,0,,148,"[{""word"": ""Gray"", ""timed_overlap"": 3, ""column_overlap"": 4}, {""word"": ""writ"", ""timed_overlap"": 2, ""column_overlap"": 3}, {""word"": ""lady"", ""timed_overlap"": 2, ""column_overlap"": 2}, {""word"": ""monotonous"", ""timed_overlap"": 2, ""column_overlap"": 2}, {""word"": ""First"", ""timed_overlap"": 2, ""column_overlap"": 2}]",completed,64,10,63
500,97,proximal-replay,3,--,Very,97,97,97,,2,3,0,0,,149,"[{""word"": ""Very"", ""timed_overlap"": 2, ""column_overlap"": 3}, {""word"": ""meddling"", ""timed_overlap"": 2, ""column_overlap"": 3}, {""word"": ""chair"", ""timed_overlap"": 2, ""column_overlap"": 2}, {""word"": ""strokes"", ""timed_overlap"": 1, ""column_overlap"": 4}, {""word"": ""full"", ""timed_overlap"": 1, ""column_overlap"": 3}]",completed,73,10,64
500,97,proximal-replay,4,so,heard,99,99,99,,3,3,0,0,,108,"[{""word"": ""heard"", ""timed_overlap"": 3, ""column_overlap"": 3}, {""word"": ""Instead"", ""timed_overlap"": 2, ""column_overlap"": 3}, {""word"": ""faithfully"", ""timed_overlap"": 2, ""column_overlap"": 2}, {""word"": ""Pekoe"", ""timed_overlap"": 1, ""column_overlap"": 4}, {""word"": ""yesterday"", ""timed_overlap"": 1, ""column_overlap"": 3}]",completed,73,10,63
500,98,proximal-replay,1,and,Felicity,98,98,98,,2,4,0,0,,124,"[{""word"": ""Felicity"", ""timed_overlap"": 2, ""column_overlap"": 4}, {""word"": ""ladies"", ""timed_overlap"": 2, ""column_overlap"": 4}, {""word"": ""Oh"", ""timed_overlap"": 2, ""column_overlap"": 3}, {""word"": ""use"", ""timed_overlap"": 2, ""column_overlap"": 3}, {""word"": ""strange"", ""timed_overlap"": 2, ""column_overlap"": 2}]",completed,91,10,63
500,98,proximal-replay,2,let,Once,84,84,84,,2,3,0,0,,132,"[{""word"": ""Once"", ""timed_overlap"": 2, ""column_overlap"": 3}, {""word"": ""pity"", ""timed_overlap"": 2, ""column_overlap"": 3}, {""word"": ""his"", ""timed_overlap"": 2, ""column_overlap"": 3}, {""word"": ""kindest"", ""timed_overlap"": 2, ""column_overlap"": 3}, {""word"": ""after"", ""timed_overlap"": 2, ""column_overlap"": 2}]",completed,73,10,54
500,98,proximal-replay,3,him,hearty,99,99,99,,2,3,0,0,,115,"[{""word"": ""hearty"", ""timed_overlap"": 2, ""column_overlap"": 3}, {""word"": ""Skunk"", ""timed_overlap"": 2, ""column_overlap"": 3}, {""word"": ""sign"", ""timed_overlap"": 2, ""column_overlap"": 3}, {""word"": ""her"", ""timed_overlap"": 2, ""column_overlap"": 3}, {""word"": ""flashes"", ""timed_overlap"": 2, ""column_overlap"": 3}]",completed,64,10,63
500,98,proximal-replay,4,go,kiss,94,94,94,,3,3,0,0,,155,"[{""word"": ""kiss"", ""timed_overlap"": 3, ""column_overlap"": 3}, {""word"": ""call"", ""timed_overlap"": 2, ""column_overlap"": 4}, {""word"": ""feller"", ""timed_overlap"": 2, ""column_overlap"": 4}, {""word"": ""hot"", ""timed_overlap"": 2, ""column_overlap"": 3}, {""word"": ""morning"", ""timed_overlap"": 2, ""column_overlap"": 3}]",completed,73,10,54
500,99,proximal-replay,1,I,'',100,100,100,,2,2,0,0,,94,"[{""word"": ""''"", ""timed_overlap"": 2, ""column_overlap"": 2}, {""word"": ""enough"", ""timed_overlap"": 1, ""column_overlap"": 4}, {""word"": ""wind"", ""timed_overlap"": 1, ""column_overlap"": 3}, {""word"": ""those"", ""timed_overlap"": 1, ""column_overlap"": 3}, {""word"": ""departs"", ""timed_overlap"": 1, ""column_overlap"": 3}]",completed,100,10,54
500,99,proximal-replay,2,am,said,99,99,99,,3,3,0,0,,95,"[{""word"": ""said"", ""timed_overlap"": 3, ""column_overlap"": 3}, {""word"": ""Sometimes"", ""timed_overlap"": 2, ""column_overlap"": 3}, {""word"": ""bust"", ""timed_overlap"": 2, ""column_overlap"": 3}, {""word"": ""Matthew"", ""timed_overlap"": 2, ""column_overlap"": 2}, {""word"": ""underneath"", ""timed_overlap"": 1, ""column_overlap"": 3}]",completed,64,10,63
500,99,proximal-replay,3,not,somehow,100,100,100,,2,3,0,0,,95,"[{""word"": ""somehow"", ""timed_overlap"": 2, ""column_overlap"": 3}, {""word"": ""mature"", ""timed_overlap"": 1, ""column_overlap"": 3}, {""word"": ""reigned"", ""timed_overlap"": 1, ""column_overlap"": 3}, {""word"": ""why"", ""timed_overlap"": 1, ""column_overlap"": 3}, {""word"": ""wilt"", ""timed_overlap"": 1, ""column_overlap"": 3}]",completed,73,10,54
500,99,proximal-replay,4,going,platform,96,96,96,,2,4,0,0,,118,"[{""word"": ""platform"", ""timed_overlap"": 2, ""column_overlap"": 4}, {""word"": ""Clow"", ""timed_overlap"": 2, ""column_overlap"": 2}, {""word"": ""Fellow"", ""timed_overlap"": 2, ""column_overlap"": 2}, {""word"": ""lads"", ""timed_overlap"": 1, ""column_overlap"": 5}, {""word"": ""carriage"", ""timed_overlap"": 1, ""column_overlap"": 5}]",completed,64,10,72
500,100,proximal-replay,1,think,the,100,100,100,,2,2,0,0,,80,"[{""word"": ""the"", ""timed_overlap"": 2, ""column_overlap"": 2}, {""word"": ""however"", ""timed_overlap"": 1, ""column_overlap"": 4}, {""word"": ""talk"", ""timed_overlap"": 1, ""column_overlap"": 3}, {""word"": ""Here"", ""timed_overlap"": 1, ""column_overlap"": 3}, {""word"": ""window"", ""timed_overlap"": 1, ""column_overlap"": 2}]",completed,91,10,72
500,100,proximal-replay,2,that,hive,100,100,100,,2,2,0,0,,109,"[{""word"": ""hive"", ""timed_overlap"": 2, ""column_overlap"": 2}, {""word"": ""Sammy"", ""timed_overlap"": 2, ""column_overlap"": 2}, {""word"": ""Jem"", ""timed_overlap"": 2, ""column_overlap"": 2}, {""word"": ""lest"", ""timed_overlap"": 1, ""column_overlap"": 4}, {""word"": ""welcome"", ""timed_overlap"": 1, ""column_overlap"": 3}]",completed,82,10,63
500,100,proximal-replay,3,anything,Like,96,96,96,,2,4,0,0,,137,"[{""word"": ""Like"", ""timed_overlap"": 2, ""column_overlap"": 4}, {""word"": ""teeth"", ""timed_overlap"": 2, ""column_overlap"": 3}, {""word"": ""silence"", ""timed_overlap"": 2, ""column_overlap"": 3}, {""word"": ""rare"", ""timed_overlap"": 2, ""column_overlap"": 3}, {""word"": ""Remember"", ""timed_overlap"": 2, ""column_overlap"": 3}]",completed,73,10,72
500,100,proximal-replay,4,should,dress,100,100,100,,2,3,0,0,,112,"[{""word"": ""dress"", ""timed_overlap"": 2, ""column_overlap"": 3}, {""word"": ""Put"", ""timed_overlap"": 2, ""column_overlap"": 2}, {""word"": ""indeed"", ""timed_overlap"": 1, ""column_overlap"": 3}, {""word"": ""Silver"", ""timed_overlap"": 1, ""column_overlap"": 3}, {""word"": ""rejoined"", ""timed_overlap"": 1, ""column_overlap"": 3}]",completed,82,10,63
500,101,proximal-replay,1,beautiful,Down,100,100,100,,3,3,2,2,4,126,"[{""word"": ""Down"", ""timed_overlap"": 3, ""column_overlap"": 3}, {""word"": ""parents"", ""timed_overlap"": 2, ""column_overlap"": 3}, {""word"": ""dropped"", ""timed_overlap"": 2, ""column_overlap"": 2}, {""word"": ""beautiful"", ""timed_overlap"": 2, ""column_overlap"": 2}, {""word"": ""shake"", ""timed_overlap"": 2, ""column_overlap"": 2}]",completed,82,10,54
500,101,proximal-replay,2,oranges,recovered,99,99,99,,2,4,0,0,,115,"[{""word"": ""recovered"", ""timed_overlap"": 2, ""column_overlap"": 4}, {""word"": ""Not"", ""timed_overlap"": 2, ""column_overlap"": 3}, {""word"": ""monarch"", ""timed_overlap"": 2, ""column_overlap"": 3}, {""word"": ""pen"", ""timed_overlap"": 2, ""column_overlap"": 2}, {""word"": ""Cyrilla"", ""timed_overlap"": 2, ""column_overlap"": 2}]",completed,64,10,72
500,101,proximal-replay,3,he,Williamson,100,100,100,,2,3,0,0,,106,"[{""word"": ""Williamson"", ""timed_overlap"": 2, ""column_overlap"": 3}, {""word"": ""pity"", ""timed_overlap"": 2, ""column_overlap"": 3}, {""word"": ""long"", ""timed_overlap"": 1, ""column_overlap"": 4}, {""word"": ""bait"", ""timed_overlap"": 1, ""column_overlap"": 3}, {""word"": ""canvas"", ""timed_overlap"": 1, ""column_overlap"": 3}]",completed,82,10,54
500,101,proximal-replay,4,could,While,97,97,97,,2,3,0,0,,131,"[{""word"": ""While"", ""timed_overlap"": 2, ""column_overlap"": 3}, {""word"": ""yesterday"", ""timed_overlap"": 2, ""column_overlap"": 3}, {""word"": ""solemnly"", ""timed_overlap"": 2, ""column_overlap"": 2}, {""word"": ""best"", ""timed_overlap"": 2, ""column_overlap"": 2}, {""word"": ""times"", ""timed_overlap"": 2, ""column_overlap"": 2}]",completed,64,10,72
500,102,proximal-replay,1,told,Folk,100,100,100,,2,2,0,0,,106,"[{""word"": ""Folk"", ""timed_overlap"": 2, ""column_overlap"": 2}, {""word"": ""gallant"", ""timed_overlap"": 2, ""column_overlap"": 2}, {""word"": ""Presently"", ""timed_overlap"": 2, ""column_overlap"": 2}, {""word"": ""indeed"", ""timed_overlap"": 2, ""column_overlap"": 2}, {""word"": ""Search"", ""timed_overlap"": 2, ""column_overlap"": 2}]",completed,100,10,72
500,102,proximal-replay,2,him,hopes,99,99,99,,2,3,0,0,,100,"[{""word"": ""hopes"", ""timed_overlap"": 2, ""column_overlap"": 3}, {""word"": ""'ve"", ""timed_overlap"": 2, ""column_overlap"": 2}, {""word"": ""Ideal"", ""timed_overlap"": 2, ""column_overlap"": 2}, {""word"": ""Happy"", ""timed_overlap"": 2, ""column_overlap"": 2}, {""word"": ""certainly"", ""timed_overlap"": 2, ""column_overlap"": 2}]",completed,82,10,72
500,102,proximal-replay,3,",",added,100,100,100,,1,4,0,0,,109,"[{""word"": ""added"", ""timed_overlap"": 1, ""column_overlap"": 4}, {""word"": ""Amy"", ""timed_overlap"": 1, ""column_overlap"": 3}, {""word"": ""If"", ""timed_overlap"": 1, ""column_overlap"": 3}, {""word"": ""behind"", ""timed_overlap"": 1, ""column_overlap"": 3}, {""word"": ""Everybody"", ""timed_overlap"": 1, ""column_overlap"": 3}]",completed,82,10,63
500,102,proximal-replay,4,`,humanity,98,98,98,,2,3,0,0,,132,"[{""word"": ""humanity"", ""timed_overlap"": 2, ""column_overlap"": 3}, {""word"": ""motives"", ""timed_overlap"": 2, ""column_overlap"": 3}, {""word"": ""dear"", ""timed_overlap"": 2, ""column_overlap"": 3}, {""word"": ""ordered"", ""timed_overlap"": 2, ""column_overlap"": 2}, {""word"": ""sight"", ""timed_overlap"": 2, ""column_overlap"": 2}]",completed,73,10,73
500,103,proximal-replay,1,pleasant,sustaining,100,100,100,,3,3,0,0,,107,"[{""word"": ""sustaining"", ""timed_overlap"": 3, ""column_overlap"": 3}, {""word"": ""helmet"", ""timed_overlap"": 2, ""column_overlap"": 2}, {""word"": ""closing"", ""timed_overlap"": 2, ""column_overlap"": 2}, {""word"": ""brought"", ""timed_overlap"": 2, ""column_overlap"": 2}, {""word"": ""Straight"", ""timed_overlap"": 2, ""column_overlap"": 2}]",completed,82,10,63
500,103,proximal-replay,2,after,BEN,97,97,97,,2,3,0,0,,106,"[{""word"": ""BEN"", ""timed_overlap"": 2, ""column_overlap"": 3}, {""word"": ""imps"", ""timed_overlap"": 2, ""column_overlap"": 2}, {""word"": ""blue"", ""timed_overlap"": 1, ""column_overlap"": 4}, {""word"": ""pen"", ""timed_overlap"": 1, ""column_overlap"": 4}, {""word"": ""ogress"", ""timed_overlap"": 1, ""column_overlap"": 3}]",completed,73,10,72
500,103,proximal-replay,3,the,dared,98,98,98,,2,4,0,0,,128,"[{""word"": ""dared"", ""timed_overlap"": 2, ""column_overlap"": 4}, {""word"": ""kiss"", ""timed_overlap"": 2, ""column_overlap"": 3}, {""word"": ""-LRB-"", ""timed_overlap"": 2, ""column_overlap"": 3}, {""word"": ""SOMEBODY"", ""timed_overlap"": 2, ""column_overlap"": 2}, {""word"": ""commanded"", ""timed_overlap"": 2, ""column_overlap"": 2}]",completed,82,10,72
500,103,proximal-replay,4,troublous,added,99,99,99,,2,3,0,0,,103,"[{""word"": ""added"", ""timed_overlap"": 2, ""column_overlap"": 3}, {""word"": ""six"", ""timed_overlap"": 2, ""column_overlap"": 3}, {""word"": ""bear"", ""timed_overlap"": 2, ""column_overlap"": 2}, {""word"": ""humanity"", ""timed_overlap"": 2, ""column_overlap"": 2}, {""word"": ""only"", ""timed_overlap"": 2, ""column_overlap"": 2}]",completed,82,10,63
500,104,proximal-replay,1,once,sweetens,100,100,100,,2,2,0,0,,67,"[{""word"": ""sweetens"", ""timed_overlap"": 2, ""column_overlap"": 2}, {""word"": ""a"", ""timed_overlap"": 2, ""column_overlap"": 2}, {""word"": ""elapsed"", ""timed_overlap"": 1, ""column_overlap"": 3}, {""word"": ""Cursed"", ""timed_overlap"": 1, ""column_overlap"": 2}, {""word"": ""visored"", ""timed_overlap"": 1, ""column_overlap"": 2}]",completed,100,10,63
500,104,proximal-replay,2,more,and,94,94,94,,3,3,1,2,69,141,"[{""word"": ""and"", ""timed_overlap"": 3, ""column_overlap"": 3}, {""word"": ""thing"", ""timed_overlap"": 2, ""column_overlap"": 3}, {""word"": ""Head"", ""timed_overlap"": 2, ""column_overlap"": 3}, {""word"": ""terrible"", ""timed_overlap"": 2, ""column_overlap"": 3}, {""word"": ""Lightfoot"", ""timed_overlap"": 2, ""column_overlap"": 2}]",completed,73,10,54
500,104,proximal-replay,3,back,Betty,100,100,100,,2,3,0,0,,140,"[{""word"": ""Betty"", ""timed_overlap"": 2, ""column_overlap"": 3}, {""word"": ""Hippocrates"", ""timed_overlap"": 2, ""column_overlap"": 3}, {""word"": ""tyrannize"", ""timed_overlap"": 2, ""column_overlap"": 3}, {""word"": ""closing"", ""timed_overlap"": 2, ""column_overlap"": 2}, {""word"": ""return"", ""timed_overlap"": 1, ""column_overlap"": 4}]",completed,64,10,63
500,104,proximal-replay,4,.,Worth,100,100,100,,2,2,0,0,,123,"[{""word"": ""Worth"", ""timed_overlap"": 2, ""column_overlap"": 2}, {""word"": ""water"", ""timed_overlap"": 2, ""column_overlap"": 2}, {""word"": ""never"", ""timed_overlap"": 1, ""column_overlap"": 5}, {""word"": ""put"", ""timed_overlap"": 1, ""column_overlap"": 3}, {""word"": ""misty"", ""timed_overlap"": 1, ""column_overlap"": 3}]",completed,73,10,72
500,105,proximal-replay,1,youth,applause,100,100,100,,2,2,0,0,,86,"[{""word"": ""applause"", ""timed_overlap"": 2, ""column_overlap"": 2}, {""word"": ""talked"", ""timed_overlap"": 1, ""column_overlap"": 3}, {""word"": ""know"", ""timed_overlap"": 1, ""column_overlap"": 3}, {""word"": ""Johnny"", ""timed_overlap"": 1, ""column_overlap"": 3}, {""word"": ""For"", ""timed_overlap"": 1, ""column_overlap"": 3}]",completed,91,10,63
500,105,proximal-replay,2,and,Fox,99,99,99,,2,3,0,0,,142,"[{""word"": ""Fox"", ""timed_overlap"": 2, ""column_overlap"": 3}, {""word"": ""frog"", ""timed_overlap"": 2, ""column_overlap"": 3}, {""word"": ""queen"", ""timed_overlap"": 2, ""column_overlap"": 2}, {""word"": ""glad"", ""timed_overlap"": 2, ""column_overlap"": 2}, {""word"": ""bag"", ""timed_overlap"": 2, ""column_overlap"": 2}]",completed,73,10,54
500,105,proximal-replay,3,want,tell,99,99,99,,2,3,0,0,,132,"[{""word"": ""tell"", ""timed_overlap"": 2, ""column_overlap"": 3}, {""word"": ""village"", ""timed_overlap"": 2, ""column_overlap"": 3}, {""word"": ""shall"", ""timed_overlap"": 2, ""column_overlap"": 2}, {""word"": ""Captain"", ""timed_overlap"": 2, ""column_overlap"": 2}, {""word"": ""growled"", ""timed_overlap"": 2, ""column_overlap"": 2}]",completed,64,10,64
500,105,proximal-replay,4,of,God,94,94,94,,3,3,0,0,,163,"[{""word"": ""God"", ""timed_overlap"": 3, ""column_overlap"": 3}, {""word"": ""ever"", ""timed_overlap"": 2, ""column_overlap"": 4}, {""word"": ""Thus"", ""timed_overlap"": 2, ""column_overlap"": 2}, {""word"": ""face"", ""timed_overlap"": 2, ""column_overlap"": 2}, {""word"": ""thanked"", ""timed_overlap"": 2, ""column_overlap"": 2}]",completed,73,10,45
500,106,proximal-replay,1,am,put,100,100,100,,2,3,0,0,,92,"[{""word"": ""put"", ""timed_overlap"": 2, ""column_overlap"": 3}, {""word"": ""sleep"", ""timed_overlap"": 2, ""column_overlap"": 3}, {""word"": ""ought"", ""timed_overlap"": 2, ""column_overlap"": 2}, {""word"": ""hate"", ""timed_overlap"": 2, ""column_overlap"": 2}, {""word"": ""Meadow"", ""timed_overlap"": 2, ""column_overlap"": 2}]",completed,91,10,63
500,106,proximal-replay,2,now,off,98,98,98,,3,3,1,1,113,141,"[{""word"": ""off"", ""timed_overlap"": 3, ""column_overlap"": 3}, {""word"": ""ought"", ""timed_overlap"": 2, ""column_overlap"": 4}, {""word"": ""deal"", ""timed_overlap"": 2, ""column_overlap"": 3}, {""word"": ""its"", ""timed_overlap"": 2, ""column_overlap"": 3}, {""word"": ""appeal"", ""timed_overlap"": 2, ""column_overlap"": 3}]",completed,73,10,45
500,106,proximal-replay,3,",",feet,96,96,96,,2,3,0,0,,119,"[{""word"": ""feet"", ""timed_overlap"": 2, ""column_overlap"": 3}, {""word"": ""foremost"", ""timed_overlap"": 2, ""column_overlap"": 2}, {""word"": ""entered"", ""timed_overlap"": 2, ""column_overlap"": 2}, {""word"": ""am"", ""timed_overlap"": 2, ""column_overlap"": 2}, {""word"": ""jollier"", ""timed_overlap"": 2, ""column_overlap"": 2}]",completed,55,10,54
500,106,proximal-replay,4,I,back,94,94,94,,2,4,0,0,,140,"[{""word"": ""back"", ""timed_overlap"": 2, ""column_overlap"": 4}, {""word"": ""tone"", ""timed_overlap"": 2, ""column_overlap"": 3}, {""word"": ""succeeded"", ""timed_overlap"": 2, ""column_overlap"": 2}, {""word"": ""milk"", ""timed_overlap"": 1, ""column_overlap"": 5}, {""word"": ""by"", ""timed_overlap"": 1, ""column_overlap"": 3}]",completed,64,10,72
500,107,proximal-replay,1,he,'',100,100,100,,2,2,2,2,2,121,"[{""word"": ""''"", ""timed_overlap"": 2, ""column_overlap"": 2}, {""word"": ""he"", ""timed_overlap"": 2, ""column_overlap"": 2}, {""word"": ""inches"", ""timed_overlap"": 1, ""column_overlap"": 4}, {""word"": ""those"", ""timed_overlap"": 1, ""column_overlap"": 4}, {""word"": ""wind"", ""timed_overlap"": 1, ""column_overlap"": 3}]",completed,91,10,54
500,107,proximal-replay,2,gave,said,99,99,99,,3,3,0,0,,95,"[{""word"": ""said"", ""timed_overlap"": 3, ""column_overlap"": 3}, {""word"": ""Sometimes"", ""timed_overlap"": 2, ""column_overlap"": 3}, {""word"": ""bust"", ""timed_overlap"": 2, ""column_overlap"": 3}, {""word"": ""Matthew"", ""timed_overlap"": 2, ""column_overlap"": 2}, {""word"": ""down"", ""timed_overlap"": 1, ""column_overlap"": 3}]",completed,64,10,63
500,107,proximal-replay,3,an,somehow,100,100,100,,2,3,0,0,,95,"[{""word"": ""somehow"", ""timed_overlap"": 2, ""column_overlap"": 3}, {""word"": ""reigned"", ""timed_overlap"": 1, ""column_overlap"": 3}, {""word"": ""tittered"", ""timed_overlap"": 1, ""column_overlap"": 3}, {""word"": ""mature"", ""timed_overlap"": 1, ""column_overlap"": 3}, {""word"": ""wilt"", ""timed_overlap"": 1, ""column_overlap"": 3}]",completed,73,10,54
500,107,proximal-replay,4,order,platform,96,96,96,,2,4,0,0,,118,"[{""word"": ""platform"", ""timed_overlap"": 2, ""column_overlap"": 4}, {""word"": ""Clow"", ""timed_overlap"": 2, ""column_overlap"": 2}, {""word"": ""Fellow"", ""timed_overlap"": 2, ""column_overlap"": 2}, {""word"": ""lads"", ""timed_overlap"": 1, ""column_overlap"": 5}, {""word"": ""carriage"", ""timed_overlap"": 1, ""column_overlap"": 5}]",completed,64,10,72
500,108,proximal-replay,1,off,twitch,98,98,98,,2,2,0,0,,156,"[{""word"": ""twitch"", ""timed_overlap"": 2, ""column_overlap"": 2}, {""word"": ""week"", ""timed_overlap"": 2, ""column_overlap"": 2}, {""word"": ""Wendy"", ""timed_overlap"": 2, ""column_overlap"": 2}, {""word"": ""companioned"", ""timed_overlap"": 2, ""column_overlap"": 2}, {""word"": ""departs"", ""timed_overlap"": 2, ""column_overlap"": 2}]",completed,82,10,72
500,108,proximal-replay,2,to,chop,98,98,98,,2,3,0,0,,161,"[{""word"": ""chop"", ""timed_overlap"": 2, ""column_overlap"": 3}, {""word"": ""weight"", ""timed_overlap"": 2, ""column_overlap"": 2}, {""word"": ""Dorinda"", ""timed_overlap"": 2, ""column_overlap"": 2}, {""word"": ""Meanwhile"", ""timed_overlap"": 1, ""column_overlap"": 5}, {""word"": ""length"", ""timed_overlap"": 1, ""column_overlap"": 5}]",completed,82,10,45
500,108,proximal-replay,3,see,foremost,97,97,97,,2,4,0,0,,126,"[{""word"": ""foremost"", ""timed_overlap"": 2, ""column_overlap"": 4}, {""word"": ""pricked"", ""timed_overlap"": 2, ""column_overlap"": 2}, {""word"": ""sisters"", ""timed_overlap"": 2, ""column_overlap"": 2}, {""word"": ""begging"", ""timed_overlap"": 2, ""column_overlap"": 2}, {""word"": ""hive"", ""timed_overlap"": 1, ""column_overlap"": 4}]",completed,55,10,72
500,108,proximal-replay,4,Bessy,twinkle,100,100,100,,2,4,0,0,,109,"[{""word"": ""twinkle"", ""timed_overlap"": 2, ""column_overlap"": 4}, {""word"": ""Instead"", ""timed_overlap"": 2, ""column_overlap"": 4}, {""word"": ""Peerless"", ""timed_overlap"": 1, ""column_overlap"": 4}, {""word"": ""tell"", ""timed_overlap"": 1, ""column_overlap"": 4}, {""word"": ""some"", ""timed_overlap"": 1, ""column_overlap"": 4}]",completed,82,10,63
500,109,proximal-replay,1,a,heard,100,100,100,,2,2,0,0,,98,"[{""word"": ""heard"", ""timed_overlap"": 2, ""column_overlap"": 2}, {""word"": ""seem"", ""timed_overlap"": 2, ""column_overlap"": 2}, {""word"": ""catechism"", ""timed_overlap"": 2, ""column_overlap"": 2}, {""word"": ""helmet"", ""timed_overlap"": 2, ""column_overlap"": 2}, {""word"": ""inches"", ""timed_overlap"": 2, ""column_overlap"": 2}]",completed,91,10,63
500,109,proximal-replay,2,lump,ma'am,97,97,97,,2,4,0,0,,97,"[{""word"": ""ma'am"", ""timed_overlap"": 2, ""column_overlap"": 4}, {""word"": ""frozen"", ""timed_overlap"": 2, ""column_overlap"": 3}, {""word"": ""forbidden"", ""timed_overlap"": 1, ""column_overlap"": 4}, {""word"": ""haunting"", ""timed_overlap"": 1, ""column_overlap"": 3}, {""word"": ""every"", ""timed_overlap"": 1, ""column_overlap"": 3}]",completed,73,10,63
500,109,proximal-replay,3,came,Wendy,100,100,100,,2,3,0,0,,126,"[{""word"": ""Wendy"", ""timed_overlap"": 2, ""column_overlap"": 3}, {""word"": ""Sometimes"", ""timed_overlap"": 2, ""column_overlap"": 3}, {""word"": ""king"", ""timed_overlap"": 2, ""column_overlap"": 3}, {""word"": ""while"", ""timed_overlap"": 2, ""column_overlap"": 2}, {""word"": ""impudent"", ""timed_overlap"": 2, ""column_overlap"": 2}]",completed,73,10,72
500,109,proximal-replay,4,into,mistress,100,100,100,,1,3,0,0,,105,"[{""word"": ""mistress"", ""timed_overlap"": 1, ""column_overlap"": 3}, {""word"": ""I"", ""timed_overlap"": 1, ""column_overlap"": 3}, {""word"": ""Jem"", ""timed_overlap"": 1, ""column_overlap"": 2}, {""word"": ""grass"", ""timed_overlap"": 1, ""column_overlap"": 2}, {""word"": ""ran"", ""timed_overlap"": 1, ""column_overlap"": 2}]",completed,82,10,81
500,110,proximal-replay,1,and,detest,100,100,100,,2,3,2,2,2,121,"[{""word"": ""detest"", ""timed_overlap"": 2, ""column_overlap"": 3}, {""word"": ""and"", ""timed_overlap"": 2, ""column_overlap"": 2}, {""word"": ""he"", ""timed_overlap"": 2, ""column_overlap"": 2}, {""word"": ""well"", ""timed_overlap"": 2, ""column_overlap"": 2}, {""word"": ""lump"", ""timed_overlap"": 1, ""column_overlap"": 4}]",completed,82,10,72
500,110,proximal-replay,2,they,See,100,100,100,,2,3,0,0,,107,"[{""word"": ""See"", ""timed_overlap"": 2, ""column_overlap"": 3}, {""word"": ""suited"", ""timed_overlap"": 2, ""column_overlap"": 3}, {""word"": ""did"", ""timed_overlap"": 2, ""column_overlap"": 3}, {""word"": ""down"", ""timed_overlap"": 2, ""column_overlap"": 3}, {""word"": ""I"", ""timed_overlap"": 2, ""column_overlap"": 2}]",completed,82,10,72
500,110,proximal-replay,3,could,sensible,97,97,97,,2,3,0,0,,139,"[{""word"": ""sensible"", ""timed_overlap"": 2, ""column_overlap"": 3}, {""word"": ""carefully"", ""timed_overlap"": 2, ""column_overlap"": 3}, {""word"": ""spoke"", ""timed_overlap"": 2, ""column_overlap"": 2}, {""word"": ""below"", ""timed_overlap"": 2, ""column_overlap"": 2}, {""word"": ""sable"", ""timed_overlap"": 2, ""column_overlap"": 2}]",completed,82,10,45
500,110,proximal-replay,4,hear,story,92,92,92,,3,5,0,0,,139,"[{""word"": ""story"", ""timed_overlap"": 3, ""column_overlap"": 5}, {""word"": ""when"", ""timed_overlap"": 2, ""column_overlap"": 4}, {""word"": ""finish"", ""timed_overlap"": 2, ""column_overlap"": 4}, {""word"": ""queen"", ""timed_overlap"": 2, ""column_overlap"": 3}, {""word"": ""girl"", ""timed_overlap"": 2, ""column_overlap"": 3}]",completed,55,10,64
500,111,proximal-replay,1,quaggi,indeed,100,100,100,,2,2,0,0,,97,"[{""word"": ""indeed"", ""timed_overlap"": 2, ""column_overlap"": 2}, {""word"": ""beautiful"", ""timed_overlap"": 2, ""column_overlap"": 2}, {""word"": ""Carrots"", ""timed_overlap"": 2, ""column_overlap"": 2}, {""word"": ""rank"", ""timed_overlap"": 2, ""column_overlap"": 2}, {""word"": ""elapsed"", ""timed_overlap"": 1, ""column_overlap"": 3}]",completed,91,10,63
500,111,proximal-replay,2,",",should,98,98,98,,2,5,0,0,,124,"[{""word"": ""should"", ""timed_overlap"": 2, ""column_overlap"": 5}, {""word"": ""Reddy"", ""timed_overlap"": 2, ""column_overlap"": 4}, {""word"": ""teach"", ""timed_overlap"": 2, ""column_overlap"": 3}, {""word"": ""Nobody"", ""timed_overlap"": 2, ""column_overlap"": 2}, {""word"": ""Beautiful"", ""timed_overlap"": 2, ""column_overlap"": 2}]",completed,73,10,72
500,111,proximal-replay,3,but,nearer,100,100,100,,2,3,0,0,,104,"[{""word"": ""nearer"", ""timed_overlap"": 2, ""column_overlap"": 3}, {""word"": ""She"", ""timed_overlap"": 2, ""column_overlap"": 3}, {""word"": ""his"", ""timed_overlap"": 2, ""column_overlap"": 2}, {""word"": ""impossible"", ""timed_overlap"": 2, ""column_overlap"": 2}, {""word"": ""dark"", ""timed_overlap"": 1, ""column_overlap"": 4}]",completed,82,10,63
500,111,proximal-replay,4,my,motionless,99,99,99,,2,3,0,0,,149,"[{""word"": ""motionless"", ""timed_overlap"": 2, ""column_overlap"": 3}, {""word"": ""craoudin"", ""timed_overlap"": 2, ""column_overlap"": 2}, {""word"": ""Balkis"", ""timed_overlap"": 2, ""column_overlap"": 2}, {""word"": ""Jo"", ""timed_overlap"": 2, ""column_overlap"": 2}, {""word"": ""We"", ""timed_overlap"": 2, ""column_overlap"": 2}]",completed,73,10,63
500,112,proximal-replay,1,you,glanced,99,99,99,,2,3,0,0,,101,"[{""word"": ""glanced"", ""timed_overlap"": 2, ""column_overlap"": 3}, {""word"": ""HAS"", ""timed_overlap"": 2, ""column_overlap"": 2}, {""word"": ""Abel"", ""timed_overlap"": 1, ""column_overlap"": 3}, {""word"": ""fire"", ""timed_overlap"": 1, ""column_overlap"": 3}, {""word"": ""doctor"", ""timed_overlap"": 1, ""column_overlap"": 3}]",completed,100,10,63
500,112,proximal-replay,2,were,got,98,98,98,,2,5,0,0,,110,"[{""word"": ""got"", ""timed_overlap"": 2, ""column_overlap"": 5}, {""word"": ""nearly"", ""timed_overlap"": 2, ""column_overlap"": 3}, {""word"": ""Ismay"", ""timed_overlap"": 2, ""column_overlap"": 2}, {""word"": ""Lung"", ""timed_overlap"": 2, ""column_overlap"": 2}, {""word"": ""unexpected"", ""timed_overlap"": 1, ""column_overlap"": 4}]",completed,73,10,63
500,112,proximal-replay,3,fighting,name,99,99,99,,2,3,0,0,,139,"[{""word"": ""name"", ""timed_overlap"": 2, ""column_overlap"": 3}, {""word"": ""marriage"", ""timed_overlap"": 2, ""column_overlap"": 3}, {""word"": ""wiped"", ""timed_overlap"": 1, ""column_overlap"": 4}, {""word"": ""understand"", ""timed_overlap"": 1, ""column_overlap"": 4}, {""word"": ""``"", ""timed_overlap"": 1, ""column_overlap"": 4}]",completed,73,10,72
500,112,proximal-replay,4,about,course,97,97,97,,2,3,0,0,,124,"[{""word"": ""course"", ""timed_overlap"": 2, ""column_overlap"": 3}, {""word"": ""instead"", ""timed_overlap"": 2, ""column_overlap"": 3}, {""word"": ""Billy"", ""timed_overlap"": 1, ""column_overlap"": 4}, {""word"": ""Wendy"", ""timed_overlap"": 1, ""column_overlap"": 3}, {""word"": ""opening"", ""timed_overlap"": 1, ""column_overlap"": 3}]",completed,82,10,72
500,113,proximal-replay,1,find,be,100,100,100,,2,2,0,0,,73,"[{""word"": ""be"", ""timed_overlap"": 2, ""column_overlap"": 2}, {""word"": ""Kenneth"", ""timed_overlap"": 1, ""column_overlap"": 3}, {""word"": ""begging"", ""timed_overlap"": 1, ""column_overlap"": 3}, {""word"": ""however"", ""timed_overlap"": 1, ""column_overlap"": 3}, {""word"": ""rainy"", ""timed_overlap"": 1, ""column_overlap"": 3}]",completed,91,10,63
500,113,proximal-replay,2,that,stern,100,100,100,,2,3,0,0,,128,"[{""word"": ""stern"", ""timed_overlap"": 2, ""column_overlap"": 3}, {""word"": ""!"", ""timed_overlap"": 2, ""column_overlap"": 3}, {""word"": ""Cyrilla"", ""timed_overlap"": 2, ""column_overlap"": 3}, {""word"": ""leave"", ""timed_overlap"": 2, ""column_overlap"": 3}, {""word"": ""seen"", ""timed_overlap"": 2, ""column_overlap"": 2}]",completed,73,10,63
500,113,proximal-replay,3,she,head,90,90,90,,2,4,0,0,,131,"[{""word"": ""head"", ""timed_overlap"": 2, ""column_overlap"": 4}, {""word"": ""Lung"", ""timed_overlap"": 2, ""column_overlap"": 2}, {""word"": ""arrived"", ""timed_overlap"": 2, ""column_overlap"": 2}, {""word"": ""walls"", ""timed_overlap"": 2, ""column_overlap"": 2}, {""word"": ""Happy"", ""timed_overlap"": 1, ""column_overlap"": 4}]",completed,73,10,64
500,113,proximal-replay,4,HAD,timid,98,98,98,,2,4,0,0,,145,"[{""word"": ""timid"", ""timed_overlap"": 2, ""column_overlap"": 4}, {""word"": ""had"", ""timed_overlap"": 2, ""column_overlap"": 4}, {""word"": ""killed"", ""timed_overlap"": 2, ""column_overlap"": 3}, {""word"": ""God"", ""timed_overlap"": 2, ""column_overlap"": 3}, {""word"": ""something"", ""timed_overlap"": 2, ""column_overlap"": 2}]",completed,73,10,72
500,114,proximal-replay,1,is,pen,99,99,99,,2,4,0,0,,109,"[{""word"": ""pen"", ""timed_overlap"": 2, ""column_overlap"": 4}, {""word"": "":"", ""timed_overlap"": 2, ""column_overlap"": 4}, {""word"": ""HAS"", ""timed_overlap"": 2, ""column_overlap"": 2}, {""word"": ""men"", ""timed_overlap"": 2, ""column_overlap"": 2}, {""word"": ""round"", ""timed_overlap"": 1, ""column_overlap"": 4}]",completed,91,10,73
500,114,proximal-replay,2,ended,towards,96,96,96,,2,3,0,0,,140,"[{""word"": ""towards"", ""timed_overlap"": 2, ""column_overlap"": 3}, {""word"": ""?"", ""timed_overlap"": 2, ""column_overlap"": 3}, {""word"": ""Cecily"", ""timed_overlap"": 2, ""column_overlap"": 3}, {""word"": ""eye"", ""timed_overlap"": 2, ""column_overlap"": 2}, {""word"": ""You"", ""timed_overlap"": 2, ""column_overlap"": 2}]",completed,82,10,72
500,114,proximal-replay,3,",",bared,99,99,99,,2,2,0,0,,106,"[{""word"": ""bared"", ""timed_overlap"": 2, ""column_overlap"": 2}, {""word"": ""doctor"", ""timed_overlap"": 1, ""column_overlap"": 3}, {""word"": ""Moreover"", ""timed_overlap"": 1, ""column_overlap"": 3}, {""word"": ""once"", ""timed_overlap"": 1, ""column_overlap"": 3}, {""word"": ""gilded"", ""timed_overlap"": 1, ""column_overlap"": 3}]",completed,82,10,73
500,114,proximal-replay,4,'',already,100,100,100,,2,4,0,0,,122,"[{""word"": ""already"", ""timed_overlap"": 2, ""column_overlap"": 4}, {""word"": ""longer"", ""timed_overlap"": 2, ""column_overlap"": 3}, {""word"": ""rubbed"", ""timed_overlap"": 2, ""column_overlap"": 2}, {""word"": ""drank"", ""timed_overlap"": 1, ""column_overlap"": 4}, {""word"": ""Davy"", ""timed_overlap"": 1, ""column_overlap"": 4}]",completed,82,10,63
500,115,proximal-replay,1,that,Meredith,91,91,91,,2,3,0,0,,165,"[{""word"": ""Meredith"", ""timed_overlap"": 2, ""column_overlap"": 3}, {""word"": ""See"", ""timed_overlap"": 2, ""column_overlap"": 2}, {""word"": ""dwelt"", ""timed_overlap"": 2, ""column_overlap"": 2}, {""word"": ""Shall"", ""timed_overlap"": 1, ""column_overlap"": 4}, {""word"": ""ogress"", ""timed_overlap"": 1, ""column_overlap"": 4}]",completed,64,10,64
500,115,proximal-replay,2,there,Oh,100,100,100,,2,3,0,0,,99,"[{""word"": ""Oh"", ""timed_overlap"": 2, ""column_overlap"": 3}, {""word"": ""amiss"", ""timed_overlap"": 2, ""column_overlap"": 3}, {""word"": ""astray"", ""timed_overlap"": 2, ""column_overlap"": 2}, {""word"": ""--"", ""timed_overlap"": 2, ""column_overlap"": 2}, {""word"": ""wilt"", ""timed_overlap"": 2, ""column_overlap"": 2}]",completed,73,10,72
500,115,proximal-replay,3,was,tired,97,97,97,,2,2,0,0,,138,"[{""word"": ""tired"", ""timed_overlap"": 2, ""column_overlap"": 2}, {""word"": "","", ""timed_overlap"": 2, ""column_overlap"": 2}, {""word"": ""Next"", ""timed_overlap"": 2, ""column_overlap"": 2}, {""word"": ""opening"", ""timed_overlap"": 2, ""column_overlap"": 2}, {""word"": ""right"", ""timed_overlap"": 2, ""column_overlap"": 2}]",completed,82,10,72
500,115,proximal-replay,4,something,experienced,100,100,100,,2,5,0,0,,110,"[{""word"": ""experienced"", ""timed_overlap"": 2, ""column_overlap"": 5}, {""word"": ""Something"", ""timed_overlap"": 2, ""column_overlap"": 2}, {""word"": ""Square"", ""timed_overlap"": 2, ""column_overlap"": 2}, {""word"": ""and"", ""timed_overlap"": 2, ""column_overlap"": 2}, {""word"": ""kindest"", ""timed_overlap"": 1, ""column_overlap"": 4}]",completed,82,10,72
500,116,proximal-replay,1,could,Schmidt,100,100,100,,2,3,0,0,,80,"[{""word"": ""Schmidt"", ""timed_overlap"": 2, ""column_overlap"": 3}, {""word"": ""holiday"", ""timed_overlap"": 1, ""column_overlap"": 3}, {""word"": ""Paul"", ""timed_overlap"": 1, ""column_overlap"": 3}, {""word"": ""its"", ""timed_overlap"": 1, ""column_overlap"": 3}, {""word"": ""grasshoppers"", ""timed_overlap"": 1, ""column_overlap"": 2}]",completed,82,10,72
500,116,proximal-replay,2,n't,length,100,100,100,,2,3,0,0,,115,"[{""word"": ""length"", ""timed_overlap"": 2, ""column_overlap"": 3}, {""word"": ""Ginger"", ""timed_overlap"": 2, ""column_overlap"": 3}, {""word"": ""there"", ""timed_overlap"": 2, ""column_overlap"": 2}, {""word"": ""name"", ""timed_overlap"": 2, ""column_overlap"": 2}, {""word"": ""Mollie"", ""timed_overlap"": 1, ""column_overlap"": 3}]",completed,82,10,72
500,116,proximal-replay,3,help,boy,98,98,98,,2,3,0,0,,123,"[{""word"": ""boy"", ""timed_overlap"": 2, ""column_overlap"": 3}, {""word"": ""Herr"", ""timed_overlap"": 2, ""column_overlap"": 3}, {""word"": ""See"", ""timed_overlap"": 2, ""column_overlap"": 2}, {""word"": ""pity"", ""timed_overlap"": 1, ""column_overlap"": 3}, {""word"": ""pudding"", ""timed_overlap"": 1, ""column_overlap"": 3}]",completed,82,10,55
500,116,proximal-replay,4,feeling,command,100,100,100,,2,3,0,0,,102,"[{""word"": ""command"", ""timed_overlap"": 2, ""column_overlap"": 3}, {""word"": ""brave"", ""timed_overlap"": 2, ""column_overlap"": 2}, {""word"": ""gone"", ""timed_overlap"": 2, ""column_overlap"": 2}, {""word"": ""end"", ""timed_overlap"": 1, ""column_overlap"": 3}, {""word"": ""Like"", ""timed_overlap"": 1, ""column_overlap"": 3}]",completed,64,10,72
500,117,proximal-replay,1,Old,be,100,100,100,,2,4,0,0,,112,"[{""word"": ""be"", ""timed_overlap"": 2, ""column_overlap"": 4}, {""word"": ""mud"", ""timed_overlap"": 2, ""column_overlap"": 2}, {""word"": ""There"", ""timed_overlap"": 2, ""column_overlap"": 2}, {""word"": ""things"", ""timed_overlap"": 2, ""column_overlap"": 2}, {""word"": ""Fellow"", ""timed_overlap"": 1, ""column_overlap"": 4}]",completed,73,10,63
500,117,proximal-replay,2,Mother,Cyrilla,100,100,100,,2,3,0,0,,128,"[{""word"": ""Cyrilla"", ""timed_overlap"": 2, ""column_overlap"": 3}, {""word"": ""leave"", ""timed_overlap"": 2, ""column_overlap"": 3}, {""word"": ""stern"", ""timed_overlap"": 2, ""column_overlap"": 3}, {""word"": ""!"", ""timed_overlap"": 2, ""column_overlap"": 3}, {""word"": ""seen"", ""timed_overlap"": 2, ""column_overlap"": 2}]",completed,73,10,63
500,117,proximal-replay,3,West,'s,95,95,95,,3,4,0,0,,145,"[{""word"": ""'s"", ""timed_overlap"": 3, ""column_overlap"": 4}, {""word"": ""course"", ""timed_overlap"": 2, ""column_overlap"": 4}, {""word"": ""fellows"", ""timed_overlap"": 2, ""column_overlap"": 3}, {""word"": ""gradual"", ""timed_overlap"": 2, ""column_overlap"": 3}, {""word"": ""Meanwhile"", ""timed_overlap"": 2, ""column_overlap"": 3}]",completed,73,10,54
500,117,proximal-replay,4,Wind,suit,97,97,97,,2,2,0,0,,90,"[{""word"": ""suit"", ""timed_overlap"": 2, ""column_overlap"": 2}, {""word"": ""throat"", ""timed_overlap"": 2, ""column_overlap"": 2}, {""word"": ""fry"", ""timed_overlap"": 1, ""column_overlap"": 4}, {""word"": ""hotel"", ""timed_overlap"": 1, ""column_overlap"": 3}, {""word"": ""posted"", ""timed_overlap"": 1, ""column_overlap"": 3}]",completed,64,10,72
500,118,proximal-replay,1,of,Raising,96,96,96,,2,3,1,1,89,119,"[{""word"": ""Raising"", ""timed_overlap"": 2, ""column_overlap"": 3}, {""word"": ""sensible"", ""timed_overlap"": 2, ""column_overlap"": 2}, {""word"": ""bestrewn"", ""timed_overlap"": 2, ""column_overlap"": 2}, {""word"": ""such"", ""timed_overlap"": 1, ""column_overlap"": 4}, {""word"": ""face"", ""timed_overlap"": 1, ""column_overlap"": 3}]",completed,91,10,72
500,118,proximal-replay,2,a,Gray,97,97,97,,2,4,0,0,,134,"[{""word"": ""Gray"", ""timed_overlap"": 2, ""column_overlap"": 4}, {""word"": ""himself"", ""timed_overlap"": 2, ""column_overlap"": 3}, {""word"": ""gone"", ""timed_overlap"": 2, ""column_overlap"": 2}, {""word"": ""seek"", ""timed_overlap"": 1, ""column_overlap"": 4}, {""word"": ""Kindly"", ""timed_overlap"": 1, ""column_overlap"": 4}]",completed,82,10,64
500,118,proximal-replay,3,smile,feet,96,96,96,,2,3,0,0,,118,"[{""word"": ""feet"", ""timed_overlap"": 2, ""column_overlap"": 3}, {""word"": ""Jumping"", ""timed_overlap"": 2, ""column_overlap"": 3}, {""word"": ""one"", ""timed_overlap"": 2, ""column_overlap"": 3}, {""word"": ""dog"", ""timed_overlap"": 2, ""column_overlap"": 2}, {""word"": ""ought"", ""timed_overlap"": 2, ""column_overlap"": 2}]",completed,73,10,63
500,118,proximal-replay,4,.,others,98,98,98,,2,2,0,0,,122,"[{""word"": ""others"", ""timed_overlap"": 2, ""column_overlap"": 2}, {""word"": ""Pekoe"", ""timed_overlap"": 2, ""column_overlap"": 2}, {""word"": ""Gray"", ""timed_overlap"": 1, ""column_overlap"": 5}, {""word"": ""Just"", ""timed_overlap"": 1, ""column_overlap"": 4}, {""word"": ""milk"", ""timed_overlap"": 1, ""column_overlap"": 4}]",completed,73,10,64
500,119,proximal-replay,1,",",GRACIOSA,100,100,100,,3,4,0,0,,144,"[{""word"": ""GRACIOSA"", ""timed_overlap"": 3, ""column_overlap"": 4}, {""word"": ""with"", ""timed_overlap"": 3, ""column_overlap"": 3}, {""word"": ""You"", ""timed_overlap"": 2, ""column_overlap"": 4}, {""word"": ""departs"", ""timed_overlap"": 2, ""column_overlap"": 3}, {""word"": ""would"", ""timed_overlap"": 2, ""column_overlap"": 3}]",completed,82,10,54
500,119,proximal-replay,2,my,teeth,96,96,96,,2,2,0,0,,137,"[{""word"": ""teeth"", ""timed_overlap"": 2, ""column_overlap"": 2}, {""word"": ""knew"", ""timed_overlap"": 2, ""column_overlap"": 2}, {""word"": ""fancied"", ""timed_overlap"": 2, ""column_overlap"": 2}, {""word"": ""dragging"", ""timed_overlap"": 1, ""column_overlap"": 4}, {""word"": ""from"", ""timed_overlap"": 1, ""column_overlap"": 3}]",completed,64,10,54
500,119,proximal-replay,3,frozen,'m,95,95,95,,3,3,0,0,,156,"[{""word"": ""'m"", ""timed_overlap"": 3, ""column_overlap"": 3}, {""word"": ""practice"", ""timed_overlap"": 2, ""column_overlap"": 4}, {""word"": ""ca"", ""timed_overlap"": 2, ""column_overlap"": 3}, {""word"": ""At"", ""timed_overlap"": 2, ""column_overlap"": 3}, {""word"": ""tree"", ""timed_overlap"": 2, ""column_overlap"": 3}]",completed,64,10,54
500,119,proximal-replay,4,friend,nice,100,100,100,,2,3,0,0,,122,"[{""word"": ""nice"", ""timed_overlap"": 2, ""column_overlap"": 3}, {""word"": ""reached"", ""timed_overlap"": 2, ""column_overlap"": 3}, {""word"": ""herself"", ""timed_overlap"": 2, ""column_overlap"": 2}, {""word"": ""hands"", ""timed_overlap"": 1, ""column_overlap"": 4}, {""word"": ""Yes"", ""timed_overlap"": 1, ""column_overlap"": 3}]",completed,64,10,63
500,120,proximal-replay,1,Clever,One,100,100,100,,2,3,0,0,,135,"[{""word"": ""One"", ""timed_overlap"": 2, ""column_overlap"": 3}, {""word"": ""ran"", ""timed_overlap"": 2, ""column_overlap"": 3}, {""word"": ""remembering"", ""timed_overlap"": 2, ""column_overlap"": 3}, {""word"": ""Dorinda"", ""timed_overlap"": 2, ""column_overlap"": 3}, {""word"": ""reserved"", ""timed_overlap"": 2, ""column_overlap"": 2}]",completed,73,10,54
500,120,proximal-replay,2,Alice,easel,100,100,100,,2,3,0,0,,120,"[{""word"": ""easel"", ""timed_overlap"": 2, ""column_overlap"": 3}, {""word"": ""On"", ""timed_overlap"": 2, ""column_overlap"": 3}, {""word"": ""spur"", ""timed_overlap"": 2, ""column_overlap"": 3}, {""word"": ""treat"", ""timed_overlap"": 1, ""column_overlap"": 3}, {""word"": ""`"", ""timed_overlap"": 1, ""column_overlap"": 3}]",completed,64,10,72
500,120,proximal-replay,3,in,lest,100,100,100,,2,3,0,0,,134,"[{""word"": ""lest"", ""timed_overlap"": 2, ""column_overlap"": 3}, {""word"": ""into"", ""timed_overlap"": 2, ""column_overlap"": 2}, {""word"": ""Marco"", ""timed_overlap"": 2, ""column_overlap"": 2}, {""word"": ""departs"", ""timed_overlap"": 1, ""column_overlap"": 5}, {""word"": ""green"", ""timed_overlap"": 1, ""column_overlap"": 5}]",completed,82,10,63
500,120,proximal-replay,4,the,bringing,93,93,93,,2,4,0,0,,145,"[{""word"": ""bringing"", ""timed_overlap"": 2, ""column_overlap"": 4}, {""word"": ""grass"", ""timed_overlap"": 2, ""column_overlap"": 3}, {""word"": ""Davis"", ""timed_overlap"": 2, ""column_overlap"": 3}, {""word"": ""they"", ""timed_overlap"": 2, ""column_overlap"": 2}, {""word"": ""pity"", ""timed_overlap"": 2, ""column_overlap"": 2}]",completed,73,10,72
500,121,proximal-replay,1,",",sentence,100,100,100,,2,3,0,0,,131,"[{""word"": ""sentence"", ""timed_overlap"": 2, ""column_overlap"": 3}, {""word"": ""See"", ""timed_overlap"": 2, ""column_overlap"": 3}, {""word"": ""grass"", ""timed_overlap"": 2, ""column_overlap"": 2}, {""word"": ""Then"", ""timed_overlap"": 2, ""column_overlap"": 2}, {""word"": ""wore"", ""timed_overlap"": 2, ""column_overlap"": 2}]",completed,64,10,72
500,121,proximal-replay,2,',lord,99,99,99,,2,2,0,0,,119,"[{""word"": ""lord"", ""timed_overlap"": 2, ""column_overlap"": 2}, {""word"": ""Great"", ""timed_overlap"": 2, ""column_overlap"": 2}, {""word"": ""ran"", ""timed_overlap"": 1, ""column_overlap"": 3}, {""word"": ""bewildered"", ""timed_overlap"": 1, ""column_overlap"": 3}, {""word"": ""worse"", ""timed_overlap"": 1, ""column_overlap"": 3}]",completed,82,10,63
500,121,proximal-replay,3,O,new,94,94,94,,2,3,1,1,99,148,"[{""word"": ""new"", ""timed_overlap"": 2, ""column_overlap"": 3}, {""word"": ""His"", ""timed_overlap"": 2, ""column_overlap"": 3}, {""word"": ""Ida"", ""timed_overlap"": 2, ""column_overlap"": 3}, {""word"": ""killed"", ""timed_overlap"": 2, ""column_overlap"": 3}, {""word"": ""heard"", ""timed_overlap"": 2, ""column_overlap"": 2}]",completed,73,10,72
500,121,proximal-replay,4,my,First,99,99,99,,2,2,0,0,,114,"[{""word"": ""First"", ""timed_overlap"": 2, ""column_overlap"": 2}, {""word"": ""DO"", ""timed_overlap"": 2, ""column_overlap"": 2}, {""word"": ""Matthew"", ""timed_overlap"": 1, ""column_overlap"": 4}, {""word"": ""setting"", ""timed_overlap"": 1, ""column_overlap"": 3}, {""word"": ""guess"", ""timed_overlap"": 1, ""column_overlap"": 3}]",completed,82,10,63
500,122,proximal-replay,1,with,months,96,96,96,,2,4,1,1,140,141,"[{""word"": ""months"", ""timed_overlap"": 2, ""column_overlap"": 4}, {""word"": ""Jimmy"", ""timed_overlap"": 2, ""column_overlap"": 4}, {""word"": ""companioned"", ""timed_overlap"": 2, ""column_overlap"": 3}, {""word"": ""married"", ""timed_overlap"": 2, ""column_overlap"": 3}, {""word"": ""turned"", ""timed_overlap"": 2, ""column_overlap"": 2}]",completed,82,10,73
500,122,proximal-replay,2,her,writ,99,99,99,,2,4,0,0,,117,"[{""word"": ""writ"", ""timed_overlap"": 2, ""column_overlap"": 4}, {""word"": ""dine"", ""timed_overlap"": 2, ""column_overlap"": 3}, {""word"": ""tobacco"", ""timed_overlap"": 2, ""column_overlap"": 3}, {""word"": ""morning"", ""timed_overlap"": 2, ""column_overlap"": 3}, {""word"": ""pump"", ""timed_overlap"": 2, ""column_overlap"": 2}]",completed,82,10,63
500,122,proximal-replay,3,so,poured,97,97,97,,2,4,0,0,,127,"[{""word"": ""poured"", ""timed_overlap"": 2, ""column_overlap"": 4}, {""word"": ""Sue"", ""timed_overlap"": 2, ""column_overlap"": 3}, {""word"": ""mean"", ""timed_overlap"": 2, ""column_overlap"": 2}, {""word"": ""say"", ""timed_overlap"": 2, ""column_overlap"": 2}, {""word"": ""Remember"", ""timed_overlap"": 2, ""column_overlap"": 2}]",completed,73,10,63
500,122,proximal-replay,4,she,mean,97,97,97,,2,4,0,0,,125,"[{""word"": ""mean"", ""timed_overlap"": 2, ""column_overlap"": 4}, {""word"": ""hanging"", ""timed_overlap"": 2, ""column_overlap"": 3}, {""word"": ""enough"", ""timed_overlap"": 2, ""column_overlap"": 3}, {""word"": ""will"", ""timed_overlap"": 2, ""column_overlap"": 2}, {""word"": ""shall"", ""timed_overlap"": 2, ""column_overlap"": 2}]",completed,73,10,73
500,123,proximal-replay,1,as,detest,100,100,100,,2,3,0,0,,121,"[{""word"": ""detest"", ""timed_overlap"": 2, ""column_overlap"": 3}, {""word"": ""he"", ""timed_overlap"": 2, ""column_overlap"": 2}, {""word"": ""well"", ""timed_overlap"": 2, ""column_overlap"": 2}, {""word"": ""and"", ""timed_overlap"": 2, ""column_overlap"": 2}, {""word"": ""inches"", ""timed_overlap"": 1, ""column_overlap"": 4}]",completed,82,10,72
500,123,proximal-replay,2,he,suited,100,100,100,,2,3,0,0,,107,"[{""word"": ""suited"", ""timed_overlap"": 2, ""column_overlap"": 3}, {""word"": ""down"", ""timed_overlap"": 2, ""column_overlap"": 3}, {""word"": ""did"", ""timed_overlap"": 2, ""column_overlap"": 3}, {""word"": ""See"", ""timed_overlap"": 2, ""column_overlap"": 3}, {""word"": ""I"", ""timed_overlap"": 2, ""column_overlap"": 2}]",completed,82,10,72
500,123,proximal-replay,3,knew,body,100,100,100,,2,3,0,0,,97,"[{""word"": ""body"", ""timed_overlap"": 2, ""column_overlap"": 3}, {""word"": ""growled"", ""timed_overlap"": 2, ""column_overlap"": 3}, {""word"": ""Mr."", ""timed_overlap"": 2, ""column_overlap"": 2}, {""word"": ""thumb"", ""timed_overlap"": 2, ""column_overlap"": 2}, {""word"": ""worse"", ""timed_overlap"": 2, ""column_overlap"": 2}]",completed,82,10,72
500,123,proximal-replay,4,the,Tegumai,97,97,97,,2,3,0,0,,100,"[{""word"": ""Tegumai"", ""timed_overlap"": 2, ""column_overlap"": 3}, {""word"": ""Great"", ""timed_overlap"": 2, ""column_overlap"": 2}, {""word"": ""An"", ""timed_overlap"": 1, ""column_overlap"": 4}, {""word"": ""misty"", ""timed_overlap"": 1, ""column_overlap"": 4}, {""word"": ""beckoned"", ""timed_overlap"": 1, ""column_overlap"": 3}]",completed,82,10,72
500,124,proximal-replay,1,Abel,remarked,100,100,100,,3,3,0,0,,105,"[{""word"": ""remarked"", ""timed_overlap"": 3, ""column_overlap"": 3}, {""word"": ""promise"", ""timed_overlap"": 2, ""column_overlap"": 4}, {""word"": ""grass"", ""timed_overlap"": 2, ""column_overlap"": 3}, {""word"": ""Behind"", ""timed_overlap"": 2, ""column_overlap"": 3}, {""word"": ""impudent"", ""timed_overlap"": 2, ""column_overlap"": 2}]",completed,91,10,63
500,124,proximal-replay,2,Blair,field,96,96,96,,2,3,0,0,,145,"[{""word"": ""field"", ""timed_overlap"": 2, ""column_overlap"": 3}, {""word"": ""herring"", ""timed_overlap"": 2, ""column_overlap"": 2}, {""word"": ""Presently"", ""timed_overlap"": 2, ""column_overlap"": 2}, {""word"": ""which"", ""timed_overlap"": 2, ""column_overlap"": 2}, {""word"": ""youth"", ""timed_overlap"": 2, ""column_overlap"": 2}]",completed,73,10,63
500,124,proximal-replay,3,;,?,99,99,99,,2,3,0,0,,117,"[{""word"": ""?"", ""timed_overlap"": 2, ""column_overlap"": 3}, {""word"": ""feebly"", ""timed_overlap"": 2, ""column_overlap"": 2}, {""word"": ""washerman"", ""timed_overlap"": 1, ""column_overlap"": 4}, {""word"": ""why"", ""timed_overlap"": 1, ""column_overlap"": 3}, {""word"": ""wrongs"", ""timed_overlap"": 1, ""column_overlap"": 3}]",completed,73,10,63
500,124,proximal-replay,4,and,end,98,98,98,,2,3,0,0,,129,"[{""word"": ""end"", ""timed_overlap"": 2, ""column_overlap"": 3}, {""word"": ""certainly"", ""timed_overlap"": 2, ""column_overlap"": 3}, {""word"": ""time"", ""timed_overlap"": 2, ""column_overlap"": 2}, {""word"": ""hive"", ""timed_overlap"": 2, ""column_overlap"": 2}, {""word"": ""tracks"", ""timed_overlap"": 2, ""column_overlap"": 2}]",completed,73,10,72
500,125,proximal-replay,1,to,helmet,98,98,98,,3,3,0,0,,100,"[{""word"": ""helmet"", ""timed_overlap"": 3, ""column_overlap"": 3}, {""word"": ""bought"", ""timed_overlap"": 2, ""column_overlap"": 3}, {""word"": ""nice"", ""timed_overlap"": 2, ""column_overlap"": 2}, {""word"": ""heard"", ""timed_overlap"": 2, ""column_overlap"": 2}, {""word"": ""tree"", ""timed_overlap"": 1, ""column_overlap"": 3}]",completed,82,10,54
500,125,proximal-replay,2,ask,Davis,97,97,97,,2,3,0,0,,138,"[{""word"": ""Davis"", ""timed_overlap"": 2, ""column_overlap"": 3}, {""word"": ""study"", ""timed_overlap"": 2, ""column_overlap"": 3}, {""word"": ""statelier"", ""timed_overlap"": 2, ""column_overlap"": 3}, {""word"": ""best"", ""timed_overlap"": 2, ""column_overlap"": 2}, {""word"": ""tittered"", ""timed_overlap"": 2, ""column_overlap"": 2}]",completed,64,10,54
500,125,proximal-replay,3,Robert,pity,100,100,100,,2,4,0,0,,109,"[{""word"": ""pity"", ""timed_overlap"": 2, ""column_overlap"": 4}, {""word"": ""tree"", ""timed_overlap"": 2, ""column_overlap"": 3}, {""word"": ""today"", ""timed_overlap"": 2, ""column_overlap"": 2}, {""word"": ""throat"", ""timed_overlap"": 2, ""column_overlap"": 2}, {""word"": ""Alfin"", ""timed_overlap"": 2, ""column_overlap"": 2}]",completed,64,10,72
500,125,proximal-replay,4,Williamson,enchanted,97,97,97,,2,3,0,0,,121,"[{""word"": ""enchanted"", ""timed_overlap"": 2, ""column_overlap"": 3}, {""word"": ""sentiment"", ""timed_overlap"": 2, ""column_overlap"": 3}, {""word"": ""near"", ""timed_overlap"": 2, ""column_overlap"": 3}, {""word"": ""Taylor"", ""timed_overlap"": 2, ""column_overlap"": 2}, {""word"": ""set"", ""timed_overlap"": 2, ""column_overlap"": 2}]",completed,82,10,64
500,126,proximal-replay,1,to,length,98,98,98,,2,3,0,0,,92,"[{""word"": ""length"", ""timed_overlap"": 2, ""column_overlap"": 3}, {""word"": ""course"", ""timed_overlap"": 2, ""column_overlap"": 2}, {""word"": ""many"", ""timed_overlap"": 2, ""column_overlap"": 2}, {""word"": ""nurse"", ""timed_overlap"": 2, ""column_overlap"": 2}, {""word"": ""heard"", ""timed_overlap"": 1, ""column_overlap"": 3}]",completed,73,10,63
500,126,proximal-replay,2,have,none,100,100,100,,2,2,1,1,99,119,"[{""word"": ""none"", ""timed_overlap"": 2, ""column_overlap"": 2}, {""word"": ""stand"", ""timed_overlap"": 2, ""column_overlap"": 2}, {""word"": ""highness"", ""timed_overlap"": 2, ""column_overlap"": 2}, {""word"": ""bookcase"", ""timed_overlap"": 2, ""column_overlap"": 2}, {""word"": ""as"", ""timed_overlap"": 2, ""column_overlap"": 2}]",completed,73,10,72
500,126,proximal-replay,3,a,Quite,99,99,99,,2,3,0,0,,117,"[{""word"": ""Quite"", ""timed_overlap"": 2, ""column_overlap"": 3}, {""word"": ""First"", ""timed_overlap"": 2, ""column_overlap"": 2}, {""word"": ""n't"", ""timed_overlap"": 2, ""column_overlap"": 2}, {""word"": ""tell"", ""timed_overlap"": 1, ""column_overlap"": 4}, {""word"": ""lady"", ""timed_overlap"": 1, ""column_overlap"": 3}]",completed,82,10,72
500,126,proximal-replay,4,feast,soon,98,98,98,,2,3,0,0,,130,"[{""word"": ""soon"", ""timed_overlap"": 2, ""column_overlap"": 3}, {""word"": ""After"", ""timed_overlap"": 2, ""column_overlap"": 2}, {""word"": ""saddle"", ""timed_overlap"": 2, ""column_overlap"": 2}, {""word"": ""canvas"", ""timed_overlap"": 1, ""column_overlap"": 4}, {""word"": ""taking"", ""timed_overlap"": 1, ""column_overlap"": 4}]",completed,82,10,72
500,127,proximal-replay,1,",",Priscilla,100,100,100,,2,3,0,0,,86,"[{""word"": ""Priscilla"", ""timed_overlap"": 2, ""column_overlap"": 3}, {""word"": ""shimmer"", ""timed_overlap"": 2, ""column_overlap"": 2}, {""word"": ""entered"", ""timed_overlap"": 2, ""column_overlap"": 2}, {""word"": ""SAMMY"", ""timed_overlap"": 1, ""column_overlap"": 3}, {""word"": ""better"", ""timed_overlap"": 1, ""column_overlap"": 3}]",completed,91,10,54
500,127,proximal-replay,2,with,gone,94,94,94,,3,4,0,0,,131,"[{""word"": ""gone"", ""timed_overlap"": 3, ""column_overlap"": 4}, {""word"": ""golden"", ""timed_overlap"": 2, ""column_overlap"": 4}, {""word"": ""followed"", ""timed_overlap"": 2, ""column_overlap"": 3}, {""word"": ""Lightfoot"", ""timed_overlap"": 2, ""column_overlap"": 3}, {""word"": ""Just"", ""timed_overlap"": 2, ""column_overlap"": 2}]",completed,64,10,45
500,127,proximal-replay,3,a,month,88,88,88,,2,4,0,0,,133,"[{""word"": ""month"", ""timed_overlap"": 2, ""column_overlap"": 4}, {""word"": ""-LRB-"", ""timed_overlap"": 2, ""column_overlap"": 3}, {""word"": ""Mr."", ""timed_overlap"": 2, ""column_overlap"": 3}, {""word"": ""has"", ""timed_overlap"": 2, ""column_overlap"": 2}, {""word"": ""O"", ""timed_overlap"": 1, ""column_overlap"": 4}]",completed,55,10,74
500,127,proximal-replay,4,spear,taking,94,94,94,,2,3,1,1,139,139,"[{""word"": ""taking"", ""timed_overlap"": 2, ""column_overlap"": 3}, {""word"": ""break"", ""timed_overlap"": 2, ""column_overlap"": 3}, {""word"": ""wonder"", ""timed_overlap"": 2, ""column_overlap"": 3}, {""word"": ""earthly"", ""timed_overlap"": 2, ""column_overlap"": 3}, {""word"": ""pleasant"", ""timed_overlap"": 2, ""column_overlap"": 2}]",completed,82,10,73
500,128,proximal-replay,1,care,sultan,98,98,98,,2,3,0,0,,101,"[{""word"": ""sultan"", ""timed_overlap"": 2, ""column_overlap"": 3}, {""word"": ""an"", ""timed_overlap"": 2, ""column_overlap"": 2}, {""word"": ""Miller"", ""timed_overlap"": 2, ""column_overlap"": 2}, {""word"": ""distant"", ""timed_overlap"": 1, ""column_overlap"": 4}, {""word"": ""tents"", ""timed_overlap"": 1, ""column_overlap"": 4}]",completed,73,10,45
500,128,proximal-replay,2,of,boys,88,88,88,,2,3,0,0,,119,"[{""word"": ""boys"", ""timed_overlap"": 2, ""column_overlap"": 3}, {""word"": ""walls"", ""timed_overlap"": 2, ""column_overlap"": 3}, {""word"": ""Being"", ""timed_overlap"": 2, ""column_overlap"": 2}, {""word"": ""tone"", ""timed_overlap"": 2, ""column_overlap"": 2}, {""word"": ""!"", ""timed_overlap"": 2, ""column_overlap"": 2}]",completed,55,10,38
500,128,proximal-replay,3,you,hair,82,82,82,,2,3,0,0,,126,"[{""word"": ""hair"", ""timed_overlap"": 2, ""column_overlap"": 3}, {""word"": ""Scott"", ""timed_overlap"": 2, ""column_overlap"": 2}, {""word"": ""forth"", ""timed_overlap"": 2, ""column_overlap"": 2}, {""word"": ""took"", ""timed_overlap"": 2, ""column_overlap"": 2}, {""word"": ""drop"", ""timed_overlap"": 2, ""column_overlap"": 2}]",completed,46,10,73
500,128,proximal-replay,4,as,end,98,98,98,,2,3,0,0,,146,"[{""word"": ""end"", ""timed_overlap"": 2, ""column_overlap"": 3}, {""word"": ""made"", ""timed_overlap"": 2, ""column_overlap"": 3}, {""word"": ""sorry"", ""timed_overlap"": 2, ""column_overlap"": 3}, {""word"": ""growled"", ""timed_overlap"": 2, ""column_overlap"": 2}, {""word"": ""ceased"", ""timed_overlap"": 2, ""column_overlap"": 2}]",completed,82,10,54
500,129,proximal-replay,1,the,'',100,100,100,,2,2,0,0,,94,"[{""word"": ""''"", ""timed_overlap"": 2, ""column_overlap"": 2}, {""word"": ""enough"", ""timed_overlap"": 1, ""column_overlap"": 4}, {""word"": ""those"", ""timed_overlap"": 1, ""column_overlap"": 3}, {""word"": ""tell"", ""timed_overlap"": 1, ""column_overlap"": 3}, {""word"": ""own"", ""timed_overlap"": 1, ""column_overlap"": 3}]",completed,100,10,54
500,129,proximal-replay,2,monarch,said,99,99,99,,3,3,0,0,,95,"[{""word"": ""said"", ""timed_overlap"": 3, ""column_overlap"": 3}, {""word"": ""bust"", ""timed_overlap"": 2, ""column_overlap"": 3}, {""word"": ""Sometimes"", ""timed_overlap"": 2, ""column_overlap"": 3}, {""word"": ""Matthew"", ""timed_overlap"": 2, ""column_overlap"": 2}, {""word"": ""RABBIT"", ""timed_overlap"": 1, ""column_overlap"": 3}]",completed,64,10,63
500,129,proximal-replay,3,'s,somehow,100,100,100,,2,3,0,0,,95,"[{""word"": ""somehow"", ""timed_overlap"": 2, ""column_overlap"": 3}, {""word"": ""why"", ""timed_overlap"": 1, ""column_overlap"": 3}, {""word"": ""reigned"", ""timed_overlap"": 1, ""column_overlap"": 3}, {""word"": ""tittered"", ""timed_overlap"": 1, ""column_overlap"": 3}, {""word"": ""wilt"", ""timed_overlap"": 1, ""column_overlap"": 3}]",completed,73,10,54
500,129,proximal-replay,4,most,platform,96,96,96,,2,4,0,0,,118,"[{""word"": ""platform"", ""timed_overlap"": 2, ""column_overlap"": 4}, {""word"": ""Clow"", ""timed_overlap"": 2, ""column_overlap"": 2}, {""word"": ""Fellow"", ""timed_overlap"": 2, ""column_overlap"": 2}, {""word"": ""lads"", ""timed_overlap"": 1, ""column_overlap"": 5}, {""word"": ""carriage"", ""timed_overlap"": 1, ""column_overlap"": 5}]",completed,64,10,72
500,130,proximal-replay,1,wrongs,admitted,100,100,100,,2,2,0,0,,96,"[{""word"": ""admitted"", ""timed_overlap"": 2, ""column_overlap"": 2}, {""word"": ""mean"", ""timed_overlap"": 1, ""column_overlap"": 4}, {""word"": ""Look"", ""timed_overlap"": 1, ""column_overlap"": 4}, {""word"": ""yours"", ""timed_overlap"": 1, ""column_overlap"": 3}, {""word"": ""Taylor"", ""timed_overlap"": 1, ""column_overlap"": 2}]",completed,91,10,72
500,130,proximal-replay,2,weigh,Most,100,100,100,,2,2,0,0,,126,"[{""word"": ""Most"", ""timed_overlap"": 2, ""column_overlap"": 2}, {""word"": ""if"", ""timed_overlap"": 2, ""column_overlap"": 2}, {""word"": ""imps"", ""timed_overlap"": 2, ""column_overlap"": 2}, {""word"": ""recovered"", ""timed_overlap"": 1, ""column_overlap"": 5}, {""word"": ""KEEP"", ""timed_overlap"": 1, ""column_overlap"": 4}]",completed,82,10,72
500,130,proximal-replay,3,upon,effort,100,100,100,,2,3,0,0,,78,"[{""word"": ""effort"", ""timed_overlap"": 2, ""column_overlap"": 3}, {""word"": ""seen"", ""timed_overlap"": 2, ""column_overlap"": 2}, {""word"": ""pity"", ""timed_overlap"": 2, ""column_overlap"": 2}, {""word"": ""Remember"", ""timed_overlap"": 2, ""column_overlap"": 2}, {""word"": ""Pretty"", ""timed_overlap"": 1, ""column_overlap"": 3}]",completed,82,10,72
500,130,proximal-replay,4,his,washed,92,92,92,,2,3,1,1,134,152,"[{""word"": ""washed"", ""timed_overlap"": 2, ""column_overlap"": 3}, {""word"": ""swearing"", ""timed_overlap"": 2, ""column_overlap"": 3}, {""word"": ""Sultan"", ""timed_overlap"": 2, ""column_overlap"": 2}, {""word"": ""ceased"", ""timed_overlap"": 2, ""column_overlap"": 2}, {""word"": ""with"", ""timed_overlap"": 2, ""column_overlap"": 2}]",completed,82,10,64
500,131,proximal-replay,1,beautiful,Pekoe,99,99,99,,2,3,1,2,31,126,"[{""word"": ""Pekoe"", ""timed_overlap"": 2, ""column_overlap"": 3}, {""word"": ""splendid"", ""timed_overlap"": 2, ""column_overlap"": 2}, {""word"": ""doctor"", ""timed_overlap"": 2, ""column_overlap"": 2}, {""word"": ""washerman"", ""timed_overlap"": 2, ""column_overlap"": 2}, {""word"": ""found"", ""timed_overlap"": 1, ""column_overlap"": 4}]",completed,82,10,63
500,131,proximal-replay,2,girl,washerman,99,99,99,,2,3,0,0,,120,"[{""word"": ""washerman"", ""timed_overlap"": 2, ""column_overlap"": 3}, {""word"": ""clothes"", ""timed_overlap"": 2, ""column_overlap"": 2}, {""word"": ""border"", ""timed_overlap"": 1, ""column_overlap"": 4}, {""word"": ""Chuck"", ""timed_overlap"": 1, ""column_overlap"": 3}, {""word"": ""talked"", ""timed_overlap"": 1, ""column_overlap"": 3}]",completed,73,10,72
500,131,proximal-replay,3,in,guess,100,100,100,,2,2,0,0,,97,"[{""word"": ""guess"", ""timed_overlap"": 2, ""column_overlap"": 2}, {""word"": ""lest"", ""timed_overlap"": 1, ""column_overlap"": 4}, {""word"": ""dress"", ""timed_overlap"": 1, ""column_overlap"": 3}, {""word"": ""Presently"", ""timed_overlap"": 1, ""column_overlap"": 3}, {""word"": ""glad"", ""timed_overlap"": 1, ""column_overlap"": 3}]",completed,82,10,63
500,131,proximal-replay,4,the,led,95,95,95,,2,2,0,0,,111,"[{""word"": ""led"", ""timed_overlap"": 2, ""column_overlap"": 2}, {""word"": ""moment"", ""timed_overlap"": 2, ""column_overlap"": 2}, {""word"": ""taking"", ""timed_overlap"": 2, ""column_overlap"": 2}, {""word"": ""Next"", ""timed_overlap"": 2, ""column_overlap"": 2}, {""word"": ""other"", ""timed_overlap"": 1, ""column_overlap"": 4}]",completed,73,10,63
500,132,proximal-replay,1,them,rainy,100,100,100,,1,4,0,0,,93,"[{""word"": ""rainy"", ""timed_overlap"": 1, ""column_overlap"": 4}, {""word"": ""sign"", ""timed_overlap"": 1, ""column_overlap"": 4}, {""word"": ""Play"", ""timed_overlap"": 1, ""column_overlap"": 3}, {""word"": ""See"", ""timed_overlap"": 1, ""column_overlap"": 3}, {""word"": ""guess"", ""timed_overlap"": 1, ""column_overlap"": 3}]",completed,91,10,81
500,132,proximal-replay,2,when,put,99,99,99,,2,4,0,0,,137,"[{""word"": ""put"", ""timed_overlap"": 2, ""column_overlap"": 4}, {""word"": ""drug-vendor"", ""timed_overlap"": 2, ""column_overlap"": 4}, {""word"": ""beauty"", ""timed_overlap"": 2, ""column_overlap"": 3}, {""word"": ""Hannah"", ""timed_overlap"": 2, ""column_overlap"": 3}, {""word"": ""Jumping"", ""timed_overlap"": 2, ""column_overlap"": 3}]",completed,91,10,73
500,132,proximal-replay,3,she,ought,98,98,98,,2,5,0,0,,137,"[{""word"": ""ought"", ""timed_overlap"": 2, ""column_overlap"": 5}, {""word"": ""appeal"", ""timed_overlap"": 2, ""column_overlap"": 3}, {""word"": ""its"", ""timed_overlap"": 2, ""column_overlap"": 3}, {""word"": ""deal"", ""timed_overlap"": 2, ""column_overlap"": 3}, {""word"": ""gather"", ""timed_overlap"": 2, ""column_overlap"": 3}]",completed,82,10,72
500,132,proximal-replay,4,went,deal,96,96,96,,2,2,1,1,118,141,"[{""word"": ""deal"", ""timed_overlap"": 2, ""column_overlap"": 2}, {""word"": ""fire"", ""timed_overlap"": 2, ""column_overlap"": 2}, {""word"": ""Assam"", ""timed_overlap"": 1, ""column_overlap"": 4}, {""word"": ""thought"", ""timed_overlap"": 1, ""column_overlap"": 4}, {""word"": ""reluctantly"", ""timed_overlap"": 1, ""column_overlap"": 3}]",completed,82,10,73
500,133,proximal-replay,1,",",Chief,100,100,100,,2,3,0,0,,98,"[{""word"": ""Chief"", ""timed_overlap"": 2, ""column_overlap"": 3}, {""word"": ""glad"", ""timed_overlap"": 2, ""column_overlap"": 2}, {""word"": ""ought"", ""timed_overlap"": 2, ""column_overlap"": 2}, {""word"": ""six"", ""timed_overlap"": 2, ""column_overlap"": 2}, {""word"": ""its"", ""timed_overlap"": 2, ""column_overlap"": 2}]",completed,91,10,72
500,133,proximal-replay,2,',coverings,100,100,100,,2,4,0,0,,145,"[{""word"": ""coverings"", ""timed_overlap"": 2, ""column_overlap"": 4}, {""word"": ""Now"", ""timed_overlap"": 2, ""column_overlap"": 3}, {""word"": ""beholding"", ""timed_overlap"": 2, ""column_overlap"": 3}, {""word"": ""determined"", ""timed_overlap"": 2, ""column_overlap"": 3}, {""word"": ""kill"", ""timed_overlap"": 2, ""column_overlap"": 3}]",completed,82,10,63
500,133,proximal-replay,3,Alice,Over,100,100,100,,2,4,0,0,,124,"[{""word"": ""Over"", ""timed_overlap"": 2, ""column_overlap"": 4}, {""word"": ""On"", ""timed_overlap"": 2, ""column_overlap"": 3}, {""word"": ""played"", ""timed_overlap"": 2, ""column_overlap"": 3}, {""word"": ""thrifty"", ""timed_overlap"": 2, ""column_overlap"": 2}, {""word"": ""satisfied"", ""timed_overlap"": 2, ""column_overlap"": 2}]",completed,73,10,63
500,133,proximal-replay,4,said,Jo,96,96,96,,3,3,0,0,,148,"[{""word"": ""Jo"", ""timed_overlap"": 3, ""column_overlap"": 3}, {""word"": ""stylish"", ""timed_overlap"": 2, ""column_overlap"": 4}, {""word"": ""earthly"", ""timed_overlap"": 2, ""column_overlap"": 2}, {""word"": ""herring"", ""timed_overlap"": 2, ""column_overlap"": 2}, {""word"": ""kerchief"", ""timed_overlap"": 2, ""column_overlap"": 2}]",completed,73,10,64
500,134,proximal-replay,1,Lady,settle,100,100,100,,1,3,0,0,,93,"[{""word"": ""settle"", ""timed_overlap"": 1, ""column_overlap"": 3}, {""word"": ""fry"", ""timed_overlap"": 1, ""column_overlap"": 3}, {""word"": ""'"", ""timed_overlap"": 1, ""column_overlap"": 3}, {""word"": ""enchantress"", ""timed_overlap"": 1, ""column_overlap"": 2}, {""word"": ""Worth"", ""timed_overlap"": 1, ""column_overlap"": 2}]",completed,91,10,72
500,134,proximal-replay,2,fought,shook,97,97,97,,2,3,0,0,,137,"[{""word"": ""shook"", ""timed_overlap"": 2, ""column_overlap"": 3}, {""word"": ""seen"", ""timed_overlap"": 2, ""column_overlap"": 2}, {""word"": ""and"", ""timed_overlap"": 2, ""column_overlap"": 2}, {""word"": ""Williamson"", ""timed_overlap"": 2, ""column_overlap"": 2}, {""word"": ""glanced"", ""timed_overlap"": 1, ""column_overlap"": 5}]",completed,82,10,73
500,134,proximal-replay,3,her,swears,99,99,99,,3,3,1,3,8,120,"[{""word"": ""swears"", ""timed_overlap"": 3, ""column_overlap"": 3}, {""word"": ""later"", ""timed_overlap"": 2, ""column_overlap"": 4}, {""word"": ""spied"", ""timed_overlap"": 2, ""column_overlap"": 3}, {""word"": ""without"", ""timed_overlap"": 2, ""column_overlap"": 2}, {""word"": ""shy"", ""timed_overlap"": 2, ""column_overlap"": 2}]",completed,82,10,54
500,134,proximal-replay,4,pride,Of,91,91,91,,2,2,0,0,,116,"[{""word"": ""Of"", ""timed_overlap"": 2, ""column_overlap"": 2}, {""word"": ""bewildered"", ""timed_overlap"": 1, ""column_overlap"": 4}, {""word"": ""birch"", ""timed_overlap"": 1, ""column_overlap"": 4}, {""word"": ""suddenly"", ""timed_overlap"": 1, ""column_overlap"": 3}, {""word"": ""effect"", ""timed_overlap"": 1, ""column_overlap"": 3}]",completed,64,10,75
500,135,proximal-replay,1,','',100,100,100,,2,3,0,0,,124,"[{""word"": ""''"", ""timed_overlap"": 2, ""column_overlap"": 3}, {""word"": ""he"", ""timed_overlap"": 2, ""column_overlap"": 2}, {""word"": ""tell"", ""timed_overlap"": 1, ""column_overlap"": 3}, {""word"": ""friend"", ""timed_overlap"": 1, ""column_overlap"": 3}, {""word"": ""and"", ""timed_overlap"": 1, ""column_overlap"": 3}]",completed,82,10,54
500,135,proximal-replay,2,said,said,99,99,99,,3,3,3,3,1,95,"[{""word"": ""said"", ""timed_overlap"": 3, ""column_overlap"": 3}, {""word"": ""bust"", ""timed_overlap"": 2, ""column_overlap"": 3}, {""word"": ""Sometimes"", ""timed_overlap"": 2, ""column_overlap"": 3}, {""word"": ""Matthew"", ""timed_overlap"": 2, ""column_overlap"": 2}, {""word"": ""trim"", ""timed_overlap"": 1, ""column_overlap"": 3}]",completed,64,10,63
500,135,proximal-replay,3,the,somehow,100,100,100,,2,3,0,0,,95,"[{""word"": ""somehow"", ""timed_overlap"": 2, ""column_overlap"": 3}, {""word"": ""tittered"", ""timed_overlap"": 1, ""column_overlap"": 3}, {""word"": ""why"", ""timed_overlap"": 1, ""column_overlap"": 3}, {""word"": ""mature"", ""timed_overlap"": 1, ""column_overlap"": 3}, {""word"": ""wilt"", ""timed_overlap"": 1, ""column_overlap"": 3}]",completed,73,10,54
500,135,proximal-replay,4,Miller,platform,96,96,96,,2,4,0,0,,118,"[{""word"": ""platform"", ""timed_overlap"": 2, ""column_overlap"": 4}, {""word"": ""Clow"", ""timed_overlap"": 2, ""column_overlap"": 2}, {""word"": ""Fellow"", ""timed_overlap"": 2, ""column_overlap"": 2}, {""word"": ""lads"", ""timed_overlap"": 1, ""column_overlap"": 5}, {""word"": ""carriage"", ""timed_overlap"": 1, ""column_overlap"": 5}]",completed,64,10,72
500,136,proximal-replay,1,Tribe,rank,100,100,100,,2,3,0,0,,92,"[{""word"": ""rank"", ""timed_overlap"": 2, ""column_overlap"": 3}, {""word"": ""beautiful"", ""timed_overlap"": 2, ""column_overlap"": 2}, {""word"": ""heard"", ""timed_overlap"": 1, ""column_overlap"": 4}, {""word"": ""something"", ""timed_overlap"": 1, ""column_overlap"": 3}, {""word"": ""spur"", ""timed_overlap"": 1, ""column_overlap"": 3}]",completed,91,10,63
500,136,proximal-replay,2,of,Now,99,99,99,,2,3,1,1,74,123,"[{""word"": ""Now"", ""timed_overlap"": 2, ""column_overlap"": 3}, {""word"": ""Tumultuous"", ""timed_overlap"": 2, ""column_overlap"": 3}, {""word"": ""haste"", ""timed_overlap"": 2, ""column_overlap"": 2}, {""word"": ""grass"", ""timed_overlap"": 2, ""column_overlap"": 2}, {""word"": ""seemed"", ""timed_overlap"": 2, ""column_overlap"": 2}]",completed,73,10,63
500,136,proximal-replay,3,Tegumai,Bill,97,97,97,,2,5,0,0,,144,"[{""word"": ""Bill"", ""timed_overlap"": 2, ""column_overlap"": 5}, {""word"": ""Afghans"", ""timed_overlap"": 2, ""column_overlap"": 3}, {""word"": ""just"", ""timed_overlap"": 2, ""column_overlap"": 3}, {""word"": ""Kenneth"", ""timed_overlap"": 2, ""column_overlap"": 3}, {""word"": ""eyes"", ""timed_overlap"": 2, ""column_overlap"": 2}]",completed,73,10,72
500,136,proximal-replay,4,",",Herr,97,97,97,,2,3,0,0,,125,"[{""word"": ""Herr"", ""timed_overlap"": 2, ""column_overlap"": 3}, {""word"": ""hear"", ""timed_overlap"": 2, ""column_overlap"": 3}, {""word"": ""spear"", ""timed_overlap"": 2, ""column_overlap"": 2}, {""word"": ""fortunate"", ""timed_overlap"": 2, ""column_overlap"": 2}, {""word"": ""yours"", ""timed_overlap"": 1, ""column_overlap"": 4}]",completed,82,10,63
500,137,proximal-replay,1,the,'',100,100,100,,2,2,0,0,,94,"[{""word"": ""''"", ""timed_overlap"": 2, ""column_overlap"": 2}, {""word"": ""enough"", ""timed_overlap"": 1, ""column_overlap"": 4}, {""word"": ""tell"", ""timed_overlap"": 1, ""column_overlap"": 3}, {""word"": ""wind"", ""timed_overlap"": 1, ""column_overlap"": 3}, {""word"": ""own"", ""timed_overlap"": 1, ""column_overlap"": 3}]",completed,100,10,54
500,137,proximal-replay,2,air,said,99,99,99,,3,3,0,0,,95,"[{""word"": ""said"", ""timed_overlap"": 3, ""column_overlap"": 3}, {""word"": ""bust"", ""timed_overlap"": 2, ""column_overlap"": 3}, {""word"": ""Sometimes"", ""timed_overlap"": 2, ""column_overlap"": 3}, {""word"": ""Matthew"", ""timed_overlap"": 2, ""column_overlap"": 2}, {""word"": ""stood"", ""timed_overlap"": 1, ""column_overlap"": 3}]",completed,64,10,63
500,137,proximal-replay,3,had,somehow,100,100,100,,2,3,0,0,,95,"[{""word"": ""somehow"", ""timed_overlap"": 2, ""column_overlap"": 3}, {""word"": ""mature"", ""timed_overlap"": 1, ""column_overlap"": 3}, {""word"": ""wilt"", ""timed_overlap"": 1, ""column_overlap"": 3}, {""word"": ""why"", ""timed_overlap"": 1, ""column_overlap"": 3}, {""word"": ""tittered"", ""timed_overlap"": 1, ""column_overlap"": 3}]",completed,73,10,54
500,137,proximal-replay,4,now,platform,96,96,96,,2,4,0,0,,118,"[{""word"": ""platform"", ""timed_overlap"": 2, ""column_overlap"": 4}, {""word"": ""Clow"", ""timed_overlap"": 2, ""column_overlap"": 2}, {""word"": ""Fellow"", ""timed_overlap"": 2, ""column_overlap"": 2}, {""word"": ""carriage"", ""timed_overlap"": 1, ""column_overlap"": 5}, {""word"": ""lads"", ""timed_overlap"": 1, ""column_overlap"": 5}]",completed,64,10,72
500,138,proximal-replay,1,that,ye,98,98,98,,2,3,1,1,74,107,"[{""word"": ""ye"", ""timed_overlap"": 2, ""column_overlap"": 3}, {""word"": ""mouth"", ""timed_overlap"": 2, ""column_overlap"": 2}, {""word"": ""to"", ""timed_overlap"": 2, ""column_overlap"": 2}, {""word"": ""Trevor"", ""timed_overlap"": 2, ""column_overlap"": 2}, {""word"": ""Good-bye"", ""timed_overlap"": 1, ""column_overlap"": 4}]",completed,73,10,63
500,138,proximal-replay,2,the,dog,97,97,97,,2,3,0,0,,94,"[{""word"": ""dog"", ""timed_overlap"": 2, ""column_overlap"": 3}, {""word"": ""lips"", ""timed_overlap"": 2, ""column_overlap"": 2}, {""word"": ""gone"", ""timed_overlap"": 1, ""column_overlap"": 3}, {""word"": ""pay"", ""timed_overlap"": 1, ""column_overlap"": 3}, {""word"": ""hate"", ""timed_overlap"": 1, ""column_overlap"": 3}]",completed,73,10,73
500,138,proximal-replay,3,king,call,100,100,100,,2,4,0,0,,130,"[{""word"": ""call"", ""timed_overlap"": 2, ""column_overlap"": 4}, {""word"": ""Ida"", ""timed_overlap"": 2, ""column_overlap"": 2}, {""word"": ""Because"", ""timed_overlap"": 2, ""column_overlap"": 2}, {""word"": ""boy"", ""timed_overlap"": 2, ""column_overlap"": 2}, {""word"": ""Reddy"", ""timed_overlap"": 2, ""column_overlap"": 2}]",completed,82,10,63
500,138,proximal-replay,4,had,chop,98,98,98,,2,4,0,0,,121,"[{""word"": ""chop"", ""timed_overlap"": 2, ""column_overlap"": 4}, {""word"": ""frog"", ""timed_overlap"": 2, ""column_overlap"": 3}, {""word"": ""brave"", ""timed_overlap"": 2, ""column_overlap"": 3}, {""word"": ""Not"", ""timed_overlap"": 2, ""column_overlap"": 2}, {""word"": ""Gray"", ""timed_overlap"": 2, ""column_overlap"": 2}]",completed,73,10,72
500,139,proximal-replay,1,",",again,99,99,99,,2,3,0,0,,133,"[{""word"": ""again"", ""timed_overlap"": 2, ""column_overlap"": 3}, {""word"": ""awful"", ""timed_overlap"": 2, ""column_overlap"": 3}, {""word"": ""distance"", ""timed_overlap"": 2, ""column_overlap"": 3}, {""word"": ""our"", ""timed_overlap"": 2, ""column_overlap"": 2}, {""word"": ""forget"", ""timed_overlap"": 2, ""column_overlap"": 2}]",completed,73,10,63
500,139,proximal-replay,2,the,into,96,96,96,,2,3,1,2,66,155,"[{""word"": ""into"", ""timed_overlap"": 2, ""column_overlap"": 3}, {""word"": ""Sir"", ""timed_overlap"": 2, ""column_overlap"": 3}, {""word"": ""Bumble"", ""timed_overlap"": 2, ""column_overlap"": 2}, {""word"": ""grasshoppers"", ""timed_overlap"": 2, ""column_overlap"": 2}, {""word"": ""forgotten"", ""timed_overlap"": 2, ""column_overlap"": 2}]",completed,73,10,63
500,139,proximal-replay,3,merchant,furious,98,98,98,,2,3,0,0,,130,"[{""word"": ""furious"", ""timed_overlap"": 2, ""column_overlap"": 3}, {""word"": ""place"", ""timed_overlap"": 2, ""column_overlap"": 3}, {""word"": ""terrified"", ""timed_overlap"": 2, ""column_overlap"": 2}, {""word"": ""sultan"", ""timed_overlap"": 2, ""column_overlap"": 2}, {""word"": ""mud"", ""timed_overlap"": 2, ""column_overlap"": 2}]",completed,73,10,63
500,139,proximal-replay,4,found,busybodies,99,99,99,,2,3,0,0,,144,"[{""word"": ""busybodies"", ""timed_overlap"": 2, ""column_overlap"": 3}, {""word"": ""common"", ""timed_overlap"": 2, ""column_overlap"": 2}, {""word"": ""!"", ""timed_overlap"": 2, ""column_overlap"": 2}, {""word"": ""Lucinda"", ""timed_overlap"": 2, ""column_overlap"": 2}, {""word"": ""saddle"", ""timed_overlap"": 2, ""column_overlap"": 2}]",completed,73,10,72
500,140,proximal-replay,1,Dot,'',100,100,100,,2,2,0,0,,94,"[{""word"": ""''"", ""timed_overlap"": 2, ""column_overlap"": 2}, {""word"": ""enough"", ""timed_overlap"": 1, ""column_overlap"": 4}, {""word"": ""own"", ""timed_overlap"": 1, ""column_overlap"": 3}, {""word"": ""wind"", ""timed_overlap"": 1, ""column_overlap"": 3}, {""word"": ""those"", ""timed_overlap"": 1, ""column_overlap"": 3}]",completed,100,10,54
500,140,proximal-replay,2,was,said,99,99,99,,3,3,0,0,,95,"[{""word"": ""said"", ""timed_overlap"": 3, ""column_overlap"": 3}, {""word"": ""bust"", ""timed_overlap"": 2, ""column_overlap"": 3}, {""word"": ""Sometimes"", ""timed_overlap"": 2, ""column_overlap"": 3}, {""word"": ""Matthew"", ""timed_overlap"": 2, ""column_overlap"": 2}, {""word"": ""locked"", ""timed_overlap"": 1, ""column_overlap"": 3}]",completed,64,10,63
500,140,proximal-replay,3,the,somehow,100,100,100,,2,3,0,0,,95,"[{""word"": ""somehow"", ""timed_overlap"": 2, ""column_overlap"": 3}, {""word"": ""mature"", ""timed_overlap"": 1, ""column_overlap"": 3}, {""word"": ""why"", ""timed_overlap"": 1, ""column_overlap"": 3}, {""word"": ""tittered"", ""timed_overlap"": 1, ""column_overlap"": 3}, {""word"": ""wilt"", ""timed_overlap"": 1, ""column_overlap"": 3}]",completed,73,10,54
500,140,proximal-replay,4,amused,platform,96,96,96,,2,4,0,0,,118,"[{""word"": ""platform"", ""timed_overlap"": 2, ""column_overlap"": 4}, {""word"": ""Fellow"", ""timed_overlap"": 2, ""column_overlap"": 2}, {""word"": ""Clow"", ""timed_overlap"": 2, ""column_overlap"": 2}, {""word"": ""lads"", ""timed_overlap"": 1, ""column_overlap"": 5}, {""word"": ""carriage"", ""timed_overlap"": 1, ""column_overlap"": 5}]",completed,64,10,72
500,141,proximal-replay,1,Assam,he,100,100,100,,2,2,0,0,,121,"[{""word"": ""he"", ""timed_overlap"": 2, ""column_overlap"": 2}, {""word"": ""''"", ""timed_overlap"": 2, ""column_overlap"": 2}, {""word"": ""inches"", ""timed_overlap"": 1, ""column_overlap"": 4}, {""word"": ""those"", ""timed_overlap"": 1, ""column_overlap"": 4}, {""word"": ""own"", ""timed_overlap"": 1, ""column_overlap"": 3}]",completed,91,10,45
500,141,proximal-replay,2,Pekoe,ogress,100,100,100,,2,3,0,0,,100,"[{""word"": ""ogress"", ""timed_overlap"": 2, ""column_overlap"": 3}, {""word"": ""reluctantly"", ""timed_overlap"": 2, ""column_overlap"": 3}, {""word"": ""o"", ""timed_overlap"": 2, ""column_overlap"": 2}, {""word"": ""check"", ""timed_overlap"": 2, ""column_overlap"": 2}, {""word"": ""was"", ""timed_overlap"": 2, ""column_overlap"": 2}]",completed,55,10,63
500,141,proximal-replay,3,",",Jed,97,97,97,,3,5,0,0,,146,"[{""word"": ""Jed"", ""timed_overlap"": 3, ""column_overlap"": 5}, {""word"": ""wore"", ""timed_overlap"": 2, ""column_overlap"": 3}, {""word"": ""Just"", ""timed_overlap"": 2, ""column_overlap"": 3}, {""word"": ""return"", ""timed_overlap"": 2, ""column_overlap"": 2}, {""word"": ""bit"", ""timed_overlap"": 2, ""column_overlap"": 2}]",completed,73,10,54
500,141,proximal-replay,4,rare,Cecily,95,95,95,,2,3,0,0,,112,"[{""word"": ""Cecily"", ""timed_overlap"": 2, ""column_overlap"": 3}, {""word"": ""return"", ""timed_overlap"": 2, ""column_overlap"": 2}, {""word"": ""Alice"", ""timed_overlap"": 2, ""column_overlap"": 2}, {""word"": ""hall"", ""timed_overlap"": 2, ""column_overlap"": 2}, {""word"": ""must"", ""timed_overlap"": 2, ""column_overlap"": 2}]",completed,64,10,65
500,142,proximal-replay,1,day,chop,100,100,100,,2,2,0,0,,97,"[{""word"": ""chop"", ""timed_overlap"": 2, ""column_overlap"": 2}, {""word"": ""merchant"", ""timed_overlap"": 2, ""column_overlap"": 2}, {""word"": ""visited"", ""timed_overlap"": 2, ""column_overlap"": 2}, {""word"": ""Quite"", ""timed_overlap"": 2, ""column_overlap"": 2}, {""word"": ""evening"", ""timed_overlap"": 1, ""column_overlap"": 3}]",completed,73,10,63
500,142,proximal-replay,2,at,obstinate,97,97,97,,2,3,0,0,,164,"[{""word"": ""obstinate"", ""timed_overlap"": 2, ""column_overlap"": 3}, {""word"": ""deal"", ""timed_overlap"": 2, ""column_overlap"": 3}, {""word"": ""bait"", ""timed_overlap"": 2, ""column_overlap"": 3}, {""word"": ""wrote"", ""timed_overlap"": 2, ""column_overlap"": 3}, {""word"": ""check"", ""timed_overlap"": 2, ""column_overlap"": 3}]",completed,73,10,72
500,142,proximal-replay,3,the,evening,100,100,100,,2,3,0,0,,109,"[{""word"": ""evening"", ""timed_overlap"": 2, ""column_overlap"": 3}, {""word"": ""Taylor"", ""timed_overlap"": 2, ""column_overlap"": 3}, {""word"": ""fall"", ""timed_overlap"": 2, ""column_overlap"": 2}, {""word"": ""Nobody"", ""timed_overlap"": 2, ""column_overlap"": 2}, {""word"": ""lump"", ""timed_overlap"": 1, ""column_overlap"": 3}]",completed,82,10,63
500,142,proximal-replay,4,Grange,central,99,99,99,,2,2,0,0,,143,"[{""word"": ""central"", ""timed_overlap"": 2, ""column_overlap"": 2}, {""word"": ""salt"", ""timed_overlap"": 2, ""column_overlap"": 2}, {""word"": ""There"", ""timed_overlap"": 2, ""column_overlap"": 2}, {""word"": ""comfortingly"", ""timed_overlap"": 2, ""column_overlap"": 2}, {""word"": ""Mr."", ""timed_overlap"": 2, ""column_overlap"": 2}]",completed,73,10,72
500,143,proximal-replay,1,'','',100,100,100,,2,2,2,2,1,121,"[{""word"": ""''"", ""timed_overlap"": 2, ""column_overlap"": 2}, {""word"": ""he"", ""timed_overlap"": 2, ""column_overlap"": 2}, {""word"": ""those"", ""timed_overlap"": 1, ""column_overlap"": 4}, {""word"": ""inches"", ""timed_overlap"": 1, ""column_overlap"": 4}, {""word"": ""wind"", ""timed_overlap"": 1, ""column_overlap"": 3}]",completed,91,10,54
500,143,proximal-replay,2,said,said,99,99,99,,3,3,3,3,1,95,"[{""word"": ""said"", ""timed_overlap"": 3, ""column_overlap"": 3}, {""word"": ""bust"", ""timed_overlap"": 2, ""column_overlap"": 3}, {""word"": ""Sometimes"", ""timed_overlap"": 2, ""column_overlap"": 3}, {""word"": ""Matthew"", ""timed_overlap"": 2, ""column_overlap"": 2}, {""word"": ""locked"", ""timed_overlap"": 1, ""column_overlap"": 3}]",completed,64,10,63
500,143,proximal-replay,3,the,somehow,100,100,100,,2,3,0,0,,95,"[{""word"": ""somehow"", ""timed_overlap"": 2, ""column_overlap"": 3}, {""word"": ""mature"", ""timed_overlap"": 1, ""column_overlap"": 3}, {""word"": ""wilt"", ""timed_overlap"": 1, ""column_overlap"": 3}, {""word"": ""why"", ""timed_overlap"": 1, ""column_overlap"": 3}, {""word"": ""reigned"", ""timed_overlap"": 1, ""column_overlap"": 3}]",completed,73,10,54
500,143,proximal-replay,4,major,platform,96,96,96,,2,4,0,0,,118,"[{""word"": ""platform"", ""timed_overlap"": 2, ""column_overlap"": 4}, {""word"": ""Clow"", ""timed_overlap"": 2, ""column_overlap"": 2}, {""word"": ""Fellow"", ""timed_overlap"": 2, ""column_overlap"": 2}, {""word"": ""lads"", ""timed_overlap"": 1, ""column_overlap"": 5}, {""word"": ""carriage"", ""timed_overlap"": 1, ""column_overlap"": 5}]",completed,64,10,72
500,144,proximal-replay,1,dark,beautiful,100,100,100,,2,2,0,0,,85,"[{""word"": ""beautiful"", ""timed_overlap"": 2, ""column_overlap"": 2}, {""word"": ""rank"", ""timed_overlap"": 2, ""column_overlap"": 2}, {""word"": ""Carrots"", ""timed_overlap"": 2, ""column_overlap"": 2}, {""word"": ""elapsed"", ""timed_overlap"": 1, ""column_overlap"": 3}, {""word"": ""instead"", ""timed_overlap"": 1, ""column_overlap"": 3}]",completed,91,10,63
500,144,proximal-replay,2,lady,very,100,100,100,,2,2,0,0,,102,"[{""word"": ""very"", ""timed_overlap"": 2, ""column_overlap"": 2}, {""word"": ""Soon"", ""timed_overlap"": 2, ""column_overlap"": 2}, {""word"": ""'em"", ""timed_overlap"": 1, ""column_overlap"": 4}, {""word"": ""forbidden"", ""timed_overlap"": 1, ""column_overlap"": 4}, {""word"": ""tree"", ""timed_overlap"": 1, ""column_overlap"": 3}]",completed,73,10,72
500,144,proximal-replay,3,",",his,99,99,99,,2,4,0,0,,125,"[{""word"": ""his"", ""timed_overlap"": 2, ""column_overlap"": 4}, {""word"": ""moment"", ""timed_overlap"": 2, ""column_overlap"": 3}, {""word"": ""wife"", ""timed_overlap"": 2, ""column_overlap"": 3}, {""word"": ""snow"", ""timed_overlap"": 2, ""column_overlap"": 3}, {""word"": ""running"", ""timed_overlap"": 2, ""column_overlap"": 3}]",completed,82,10,72
500,144,proximal-replay,4,``,Lung,100,100,100,,2,3,0,0,,107,"[{""word"": ""Lung"", ""timed_overlap"": 2, ""column_overlap"": 3}, {""word"": ""saddle"", ""timed_overlap"": 1, ""column_overlap"": 4}, {""word"": ""mean"", ""timed_overlap"": 1, ""column_overlap"": 4}, {""word"": ""church"", ""timed_overlap"": 1, ""column_overlap"": 4}, {""word"": ""him"", ""timed_overlap"": 1, ""column_overlap"": 3}]",completed,82,10,63
500,145,proximal-replay,1,did,Search,100,100,100,,2,2,0,0,,106,"[{""word"": ""Search"", ""timed_overlap"": 2, ""column_overlap"": 2}, {""word"": ""Presently"", ""timed_overlap"": 2, ""column_overlap"": 2}, {""word"": ""gallant"", ""timed_overlap"": 2, ""column_overlap"": 2}, {""word"": ""indeed"", ""timed_overlap"": 2, ""column_overlap"": 2}, {""word"": ""Folk"", ""timed_overlap"": 2, ""column_overlap"": 2}]",completed,100,10,63
500,145,proximal-replay,2,n't,Oh,100,100,100,,2,4,0,0,,144,"[{""word"": ""Oh"", ""timed_overlap"": 2, ""column_overlap"": 4}, {""word"": ""tells"", ""timed_overlap"": 2, ""column_overlap"": 3}, {""word"": ""enough"", ""timed_overlap"": 2, ""column_overlap"": 2}, {""word"": ""slim"", ""timed_overlap"": 2, ""column_overlap"": 2}, {""word"": ""Davy"", ""timed_overlap"": 1, ""column_overlap"": 5}]",completed,73,10,72
500,145,proximal-replay,3,look,glanced,97,97,97,,2,3,0,0,,143,"[{""word"": ""glanced"", ""timed_overlap"": 2, ""column_overlap"": 3}, {""word"": ""egg"", ""timed_overlap"": 2, ""column_overlap"": 3}, {""word"": ""tired"", ""timed_overlap"": 2, ""column_overlap"": 2}, {""word"": ""Lucinda"", ""timed_overlap"": 2, ""column_overlap"": 2}, {""word"": ""never"", ""timed_overlap"": 2, ""column_overlap"": 2}]",completed,82,10,46
500,145,proximal-replay,4,at,Fellow,92,92,92,,2,4,0,0,,115,"[{""word"": ""Fellow"", ""timed_overlap"": 2, ""column_overlap"": 4}, {""word"": ""name"", ""timed_overlap"": 2, ""column_overlap"": 2}, {""word"": ""thoughtfully"", ""timed_overlap"": 2, ""column_overlap"": 2}, {""word"": ""imps"", ""timed_overlap"": 2, ""column_overlap"": 2}, {""word"": ""satisfied"", ""timed_overlap"": 2, ""column_overlap"": 2}]",completed,55,10,73
500,146,proximal-replay,1,;,Every,94,94,94,,2,4,0,0,,107,"[{""word"": ""Every"", ""timed_overlap"": 2, ""column_overlap"": 4}, {""word"": ""Janet"", ""timed_overlap"": 2, ""column_overlap"": 4}, {""word"": ""that"", ""timed_overlap"": 2, ""column_overlap"": 3}, {""word"": ""hall"", ""timed_overlap"": 1, ""column_overlap"": 4}, {""word"": ""Worth"", ""timed_overlap"": 1, ""column_overlap"": 4}]",completed,82,10,63
500,146,proximal-replay,2,I,looked,97,97,97,,2,2,0,0,,126,"[{""word"": ""looked"", ""timed_overlap"": 2, ""column_overlap"": 2}, {""word"": ""of"", ""timed_overlap"": 2, ""column_overlap"": 2}, {""word"": ""Elsa"", ""timed_overlap"": 2, ""column_overlap"": 2}, {""word"": ""Alan"", ""timed_overlap"": 2, ""column_overlap"": 2}, {""word"": ""Billy"", ""timed_overlap"": 1, ""column_overlap"": 4}]",completed,73,10,72
500,146,proximal-replay,3,saw,Folk,99,99,99,,2,3,0,0,,106,"[{""word"": ""Folk"", ""timed_overlap"": 2, ""column_overlap"": 3}, {""word"": ""words"", ""timed_overlap"": 2, ""column_overlap"": 3}, {""word"": ""poor"", ""timed_overlap"": 2, ""column_overlap"": 2}, {""word"": ""stylish"", ""timed_overlap"": 1, ""column_overlap"": 4}, {""word"": ""bestrewn"", ""timed_overlap"": 1, ""column_overlap"": 4}]",completed,82,10,63
500,146,proximal-replay,4,he,certainly,99,99,99,,2,2,0,0,,101,"[{""word"": ""certainly"", ""timed_overlap"": 2, ""column_overlap"": 2}, {""word"": ""taking"", ""timed_overlap"": 1, ""column_overlap"": 4}, {""word"": ""steps"", ""timed_overlap"": 1, ""column_overlap"": 3}, {""word"": ""ordered"", ""timed_overlap"": 1, ""column_overlap"": 3}, {""word"": ""trying"", ""timed_overlap"": 1, ""column_overlap"": 3}]",completed,73,10,72
500,147,proximal-replay,1,to,value,99,99,99,,2,3,0,0,,155,"[{""word"": ""value"", ""timed_overlap"": 2, ""column_overlap"": 3}, {""word"": ""beckoned"", ""timed_overlap"": 2, ""column_overlap"": 3}, {""word"": ""At"", ""timed_overlap"": 2, ""column_overlap"": 3}, {""word"": ""tree"", ""timed_overlap"": 2, ""column_overlap"": 2}, {""word"": ""kerchief"", ""timed_overlap"": 2, ""column_overlap"": 2}]",completed,82,10,55
500,147,proximal-replay,2,little,wish,99,99,99,,2,3,0,0,,126,"[{""word"": ""wish"", ""timed_overlap"": 2, ""column_overlap"": 3}, {""word"": ""border"", ""timed_overlap"": 2, ""column_overlap"": 3}, {""word"": ""Inspiration"", ""timed_overlap"": 2, ""column_overlap"": 2}, {""word"": ""wife"", ""timed_overlap"": 2, ""column_overlap"": 2}, {""word"": ""hive"", ""timed_overlap"": 2, ""column_overlap"": 2}]",completed,64,10,63
500,147,proximal-replay,3,Joe,Ginger,100,100,100,,2,3,1,3,11,134,"[{""word"": ""Ginger"", ""timed_overlap"": 2, ""column_overlap"": 3}, {""word"": ""o"", ""timed_overlap"": 2, ""column_overlap"": 2}, {""word"": ""new"", ""timed_overlap"": 2, ""column_overlap"": 2}, {""word"": ""Reddy"", ""timed_overlap"": 2, ""column_overlap"": 2}, {""word"": ""sensible"", ""timed_overlap"": 2, ""column_overlap"": 2}]",completed,73,10,54
500,147,proximal-replay,4,",",lord,96,96,96,,3,3,0,0,,130,"[{""word"": ""lord"", ""timed_overlap"": 3, ""column_overlap"": 3}, {""word"": ""pity"", ""timed_overlap"": 2, ""column_overlap"": 4}, {""word"": ""meeting-house"", ""timed_overlap"": 2, ""column_overlap"": 3}, {""word"": ""came"", ""timed_overlap"": 2, ""column_overlap"": 3}, {""word"": ""effort"", ""timed_overlap"": 2, ""column_overlap"": 3}]",completed,64,10,63
500,148,proximal-replay,1,than,terrified,100,100,100,,2,4,1,3,4,118,"[{""word"": ""terrified"", ""timed_overlap"": 2, ""column_overlap"": 4}, {""word"": ""'re"", ""timed_overlap"": 2, ""column_overlap"": 3}, {""word"": ""remarked"", ""timed_overlap"": 1, ""column_overlap"": 4}, {""word"": ""than"", ""timed_overlap"": 1, ""column_overlap"": 3}, {""word"": ""fellow"", ""timed_overlap"": 1, ""column_overlap"": 3}]",completed,82,10,72
500,148,proximal-replay,2,twilight,done,97,97,97,,2,2,0,0,,112,"[{""word"": ""done"", ""timed_overlap"": 2, ""column_overlap"": 2}, {""word"": ""reply"", ""timed_overlap"": 2, ""column_overlap"": 2}, {""word"": ""avowed"", ""timed_overlap"": 1, ""column_overlap"": 4}, {""word"": ""two"", ""timed_overlap"": 1, ""column_overlap"": 4}, {""word"": ""Girl"", ""timed_overlap"": 1, ""column_overlap"": 3}]",completed,82,10,54
500,148,proximal-replay,3,confidences,snubbed,97,97,97,,2,3,0,0,,128,"[{""word"": ""snubbed"", ""timed_overlap"": 2, ""column_overlap"": 3}, {""word"": ""east"", ""timed_overlap"": 2, ""column_overlap"": 3}, {""word"": ""Ben"", ""timed_overlap"": 2, ""column_overlap"": 2}, {""word"": ""eye"", ""timed_overlap"": 2, ""column_overlap"": 2}, {""word"": ""Instead"", ""timed_overlap"": 2, ""column_overlap"": 2}]",completed,64,10,73
500,148,proximal-replay,4,",",Kenneth,100,100,100,,1,3,0,0,,91,"[{""word"": ""Kenneth"", ""timed_overlap"": 1, ""column_overlap"": 3}, {""word"": ""forth"", ""timed_overlap"": 1, ""column_overlap"": 3}, {""word"": ""Scrooge"", ""timed_overlap"": 1, ""column_overlap"": 3}, {""word"": ""danced"", ""timed_overlap"": 1, ""column_overlap"": 2}, {""word"": ""royal"", ""timed_overlap"": 1, ""column_overlap"": 2}]",completed,82,10,81
500,149,proximal-replay,1,last,those,100,100,100,,3,3,0,0,,131,"[{""word"": ""those"", ""timed_overlap"": 3, ""column_overlap"": 3}, {""word"": ""rejoined"", ""timed_overlap"": 2, ""column_overlap"": 2}, {""word"": ""But"", ""timed_overlap"": 2, ""column_overlap"": 2}, {""word"": ""Priscilla"", ""timed_overlap"": 1, ""column_overlap"": 4}, {""word"": ""'re"", ""timed_overlap"": 1, ""column_overlap"": 3}]",completed,64,10,63
500,149,proximal-replay,2,that,fixed,99,99,99,,2,2,0,0,,142,"[{""word"": ""fixed"", ""timed_overlap"": 2, ""column_overlap"": 2}, {""word"": ""hearts"", ""timed_overlap"": 2, ""column_overlap"": 2}, {""word"": ""Marco"", ""timed_overlap"": 2, ""column_overlap"": 2}, {""word"": ""heated"", ""timed_overlap"": 2, ""column_overlap"": 2}, {""word"": ""green"", ""timed_overlap"": 2, ""column_overlap"": 2}]",completed,73,10,63
500,149,proximal-replay,3,it,how,100,100,100,,2,3,0,0,,120,"[{""word"": ""how"", ""timed_overlap"": 2, ""column_overlap"": 3}, {""word"": ""succeeded"", ""timed_overlap"": 2, ""column_overlap"": 3}, {""word"": ""gallant"", ""timed_overlap"": 2, ""column_overlap"": 2}, {""word"": ""approved"", ""timed_overlap"": 2, ""column_overlap"": 2}, {""word"": ""running"", ""timed_overlap"": 2, ""column_overlap"": 2}]",completed,73,10,63
500,149,proximal-replay,4,was,smile,100,100,100,,2,4,0,0,,143,"[{""word"": ""smile"", ""timed_overlap"": 2, ""column_overlap"": 4}, {""word"": ""Every"", ""timed_overlap"": 2, ""column_overlap"": 3}, {""word"": ""threw"", ""timed_overlap"": 2, ""column_overlap"": 3}, {""word"": ""snow"", ""timed_overlap"": 2, ""column_overlap"": 3}, {""word"": ""Jo"", ""timed_overlap"": 2, ""column_overlap"": 2}]",completed,73,10,72
500,150,proximal-replay,1,and,'',100,100,100,,2,2,1,2,33,100,"[{""word"": ""''"", ""timed_overlap"": 2, ""column_overlap"": 2}, {""word"": ""care"", ""timed_overlap"": 1, ""column_overlap"": 4}, {""word"": ""those"", ""timed_overlap"": 1, ""column_overlap"": 3}, {""word"": ""boy"", ""timed_overlap"": 1, ""column_overlap"": 3}, {""word"": ""own"", ""timed_overlap"": 1, ""column_overlap"": 3}]",completed,91,10,54
500,150,proximal-replay,2,put,said,99,99,99,,3,3,0,0,,95,"[{""word"": ""said"", ""timed_overlap"": 3, ""column_overlap"": 3}, {""word"": ""Sometimes"", ""timed_overlap"": 2, ""column_overlap"": 3}, {""word"": ""bust"", ""timed_overlap"": 2, ""column_overlap"": 3}, {""word"": ""Matthew"", ""timed_overlap"": 2, ""column_overlap"": 2}, {""word"": ""underneath"", ""timed_overlap"": 1, ""column_overlap"": 3}]",completed,64,10,63
500,150,proximal-replay,3,out,somehow,100,100,100,,2,3,0,0,,95,"[{""word"": ""somehow"", ""timed_overlap"": 2, ""column_overlap"": 3}, {""word"": ""reigned"", ""timed_overlap"": 1, ""column_overlap"": 3}, {""word"": ""tittered"", ""timed_overlap"": 1, ""column_overlap"": 3}, {""word"": ""why"", ""timed_overlap"": 1, ""column_overlap"": 3}, {""word"": ""wilt"", ""timed_overlap"": 1, ""column_overlap"": 3}]",completed,73,10,54
500,150,proximal-replay,4,the,platform,96,96,96,,2,4,0,0,,118,"[{""word"": ""platform"", ""timed_overlap"": 2, ""column_overlap"": 4}, {""word"": ""Clow"", ""timed_overlap"": 2, ""column_overlap"": 2}, {""word"": ""Fellow"", ""timed_overlap"": 2, ""column_overlap"": 2}, {""word"": ""carriage"", ""timed_overlap"": 1, ""column_overlap"": 5}, {""word"": ""lads"", ""timed_overlap"": 1, ""column_overlap"": 5}]",completed,64,10,72
500,151,proximal-replay,1,some,appeal,99,99,99,,2,4,2,2,3,118,"[{""word"": ""appeal"", ""timed_overlap"": 2, ""column_overlap"": 4}, {""word"": ""Meanwhile"", ""timed_overlap"": 2, ""column_overlap"": 3}, {""word"": ""some"", ""timed_overlap"": 2, ""column_overlap"": 2}, {""word"": ""Folks"", ""timed_overlap"": 2, ""column_overlap"": 2}, {""word"": ""playing"", ""timed_overlap"": 2, ""column_overlap"": 2}]",completed,82,10,63
500,151,proximal-replay,2,distance,Behind,99,99,99,,3,3,0,0,,150,"[{""word"": ""Behind"", ""timed_overlap"": 3, ""column_overlap"": 3}, {""word"": ""course"", ""timed_overlap"": 2, ""column_overlap"": 4}, {""word"": ""business"", ""timed_overlap"": 2, ""column_overlap"": 3}, {""word"": ""desert"", ""timed_overlap"": 2, ""column_overlap"": 3}, {""word"": ""recitations"", ""timed_overlap"": 2, ""column_overlap"": 3}]",completed,73,10,63
500,151,proximal-replay,3,",",flew,97,97,97,,2,3,0,0,,110,"[{""word"": ""flew"", ""timed_overlap"": 2, ""column_overlap"": 3}, {""word"": ""them"", ""timed_overlap"": 2, ""column_overlap"": 3}, {""word"": ""letter"", ""timed_overlap"": 1, ""column_overlap"": 4}, {""word"": ""flashes"", ""timed_overlap"": 1, ""column_overlap"": 4}, {""word"": ""business"", ""timed_overlap"": 1, ""column_overlap"": 3}]",completed,73,10,72
500,151,proximal-replay,4,and,SAMMY,99,99,99,,2,4,0,0,,126,"[{""word"": ""SAMMY"", ""timed_overlap"": 2, ""column_overlap"": 4}, {""word"": ""stand"", ""timed_overlap"": 2, ""column_overlap"": 3}, {""word"": ""Behind"", ""timed_overlap"": 2, ""column_overlap"": 3}, {""word"": ""angrily"", ""timed_overlap"": 2, ""column_overlap"": 2}, {""word"": ""heart"", ""timed_overlap"": 2, ""column_overlap"": 2}]",completed,82,10,72
500,152,proximal-replay,1,the,feeling,100,100,100,,2,4,0,0,,105,"[{""word"": ""feeling"", ""timed_overlap"": 2, ""column_overlap"": 4}, {""word"": ""moving"", ""timed_overlap"": 2, ""column_overlap"": 3}, {""word"": ""worked"", ""timed_overlap"": 2, ""column_overlap"": 2}, {""word"": ""mud"", ""timed_overlap"": 2, ""column_overlap"": 2}, {""word"": ""milk"", ""timed_overlap"": 2, ""column_overlap"": 2}]",completed,73,10,72
500,152,proximal-replay,2,land,belt,99,99,99,,2,4,0,0,,163,"[{""word"": ""belt"", ""timed_overlap"": 2, ""column_overlap"": 4}, {""word"": ""bared"", ""timed_overlap"": 2, ""column_overlap"": 3}, {""word"": ""lay"", ""timed_overlap"": 2, ""column_overlap"": 3}, {""word"": ""Elsa"", ""timed_overlap"": 2, ""column_overlap"": 3}, {""word"": ""bewildered"", ""timed_overlap"": 2, ""column_overlap"": 2}]",completed,82,10,72
500,152,proximal-replay,3,of,bag,98,98,98,,2,2,0,0,,80,"[{""word"": ""bag"", ""timed_overlap"": 2, ""column_overlap"": 2}, {""word"": ""added"", ""timed_overlap"": 2, ""column_overlap"": 2}, {""word"": ""night"", ""timed_overlap"": 1, ""column_overlap"": 3}, {""word"": ""dress"", ""timed_overlap"": 1, ""column_overlap"": 3}, {""word"": ""far"", ""timed_overlap"": 1, ""column_overlap"": 3}]",completed,82,10,72
500,152,proximal-replay,4,the,Dear,95,95,95,,2,3,0,0,,151,"[{""word"": ""Dear"", ""timed_overlap"": 2, ""column_overlap"": 3}, {""word"": ""impudent"", ""timed_overlap"": 2, ""column_overlap"": 2}, {""word"": ""east"", ""timed_overlap"": 2, ""column_overlap"": 2}, {""word"": ""want"", ""timed_overlap"": 2, ""column_overlap"": 2}, {""word"": ""Search"", ""timed_overlap"": 2, ""column_overlap"": 2}]",completed,82,10,64
500,153,proximal-replay,1,lady,promise,100,100,100,,2,2,0,0,,105,"[{""word"": ""promise"", ""timed_overlap"": 2, ""column_overlap"": 2}, {""word"": ""bringing"", ""timed_overlap"": 2, ""column_overlap"": 2}, {""word"": ""grass"", ""timed_overlap"": 2, ""column_overlap"": 2}, {""word"": ""ye"", ""timed_overlap"": 1, ""column_overlap"": 4}, {""word"": ""some"", ""timed_overlap"": 1, ""column_overlap"": 3}]",completed,82,10,63
500,153,proximal-replay,2,",",--,98,98,98,,3,3,0,0,,143,"[{""word"": ""--"", ""timed_overlap"": 3, ""column_overlap"": 3}, {""word"": ""Jed"", ""timed_overlap"": 2, ""column_overlap"": 4}, {""word"": ""Buster"", ""timed_overlap"": 2, ""column_overlap"": 3}, {""word"": ""moment"", ""timed_overlap"": 2, ""column_overlap"": 3}, {""word"": ""hearts"", ""timed_overlap"": 2, ""column_overlap"": 2}]",completed,73,10,36
500,153,proximal-replay,3,and,beneath,87,87,87,,2,4,0,0,,152,"[{""word"": ""beneath"", ""timed_overlap"": 2, ""column_overlap"": 4}, {""word"": ""he"", ""timed_overlap"": 2, ""column_overlap"": 3}, {""word"": ""o"", ""timed_overlap"": 2, ""column_overlap"": 3}, {""word"": ""Arts"", ""timed_overlap"": 2, ""column_overlap"": 3}, {""word"": ""kiss"", ""timed_overlap"": 2, ""column_overlap"": 3}]",completed,46,10,64
500,153,proximal-replay,4,when,Take,94,94,94,,2,3,0,0,,133,"[{""word"": ""Take"", ""timed_overlap"": 2, ""column_overlap"": 3}, {""word"": ""fine"", ""timed_overlap"": 2, ""column_overlap"": 2}, {""word"": ""gallant"", ""timed_overlap"": 2, ""column_overlap"": 2}, {""word"": ""Cheering"", ""timed_overlap"": 2, ""column_overlap"": 2}, {""word"": ""even"", ""timed_overlap"": 2, ""column_overlap"": 2}]",completed,73,10,54
500,154,proximal-replay,1,much,been,99,99,99,,4,4,0,0,,98,"[{""word"": ""been"", ""timed_overlap"": 4, ""column_overlap"": 4}, {""word"": ""ask"", ""timed_overlap"": 2, ""column_overlap"": 2}, {""word"": ""Henderland"", ""timed_overlap"": 1, ""column_overlap"": 4}, {""word"": ""exclaimed"", ""timed_overlap"": 1, ""column_overlap"": 3}, {""word"": ""Suddenly"", ""timed_overlap"": 1, ""column_overlap"": 3}]",completed,82,10,36
500,154,proximal-replay,2,weight,suited,98,98,98,,2,3,0,0,,141,"[{""word"": ""suited"", ""timed_overlap"": 2, ""column_overlap"": 3}, {""word"": ""an"", ""timed_overlap"": 2, ""column_overlap"": 3}, {""word"": ""therefore"", ""timed_overlap"": 2, ""column_overlap"": 3}, {""word"": ""be"", ""timed_overlap"": 2, ""column_overlap"": 2}, {""word"": ""taking"", ""timed_overlap"": 2, ""column_overlap"": 2}]",completed,46,10,72
500,154,proximal-replay,3,with,more,98,98,98,,2,4,0,0,,133,"[{""word"": ""more"", ""timed_overlap"": 2, ""column_overlap"": 4}, {""word"": ""Jumping"", ""timed_overlap"": 2, ""column_overlap"": 2}, {""word"": ""shall"", ""timed_overlap"": 2, ""column_overlap"": 2}, {""word"": ""remarked"", ""timed_overlap"": 2, ""column_overlap"": 2}, {""word"": ""like"", ""timed_overlap"": 2, ""column_overlap"": 2}]",completed,82,10,72
500,154,proximal-replay,4,the,done,98,98,98,,2,3,0,0,,139,"[{""word"": ""done"", ""timed_overlap"": 2, ""column_overlap"": 3}, {""word"": ""than"", ""timed_overlap"": 2, ""column_overlap"": 3}, {""word"": ""white"", ""timed_overlap"": 2, ""column_overlap"": 3}, {""word"": ""fellow"", ""timed_overlap"": 2, ""column_overlap"": 3}, {""word"": ""post"", ""timed_overlap"": 2, ""column_overlap"": 3}]",completed,82,10,72
500,155,proximal-replay,1,or,altogether,100,100,100,,2,4,0,0,,102,"[{""word"": ""altogether"", ""timed_overlap"": 2, ""column_overlap"": 4}, {""word"": ""sisters"", ""timed_overlap"": 2, ""column_overlap"": 2}, {""word"": ""put"", ""timed_overlap"": 2, ""column_overlap"": 2}, {""word"": ""Old"", ""timed_overlap"": 2, ""column_overlap"": 2}, {""word"": ""Herr"", ""timed_overlap"": 1, ""column_overlap"": 4}]",completed,91,10,72
500,155,proximal-replay,2,ten,chatter,99,99,99,,2,3,0,0,,105,"[{""word"": ""chatter"", ""timed_overlap"": 2, ""column_overlap"": 3}, {""word"": ""UNC"", ""timed_overlap"": 2, ""column_overlap"": 3}, {""word"": ""house"", ""timed_overlap"": 1, ""column_overlap"": 3}, {""word"": ""night"", ""timed_overlap"": 1, ""column_overlap"": 3}, {""word"": ""anxious"", ""timed_overlap"": 1, ""column_overlap"": 3}]",completed,82,10,63
500,155,proximal-replay,3,inches,grasshoppers,100,100,100,,2,3,1,1,118,133,"[{""word"": ""grasshoppers"", ""timed_overlap"": 2, ""column_overlap"": 3}, {""word"": ""king"", ""timed_overlap"": 2, ""column_overlap"": 3}, {""word"": ""heads"", ""timed_overlap"": 2, ""column_overlap"": 3}, {""word"": ""lord"", ""timed_overlap"": 2, ""column_overlap"": 2}, {""word"": ""Once"", ""timed_overlap"": 2, ""column_overlap"": 2}]",completed,73,10,63
500,155,proximal-replay,4,of,fire,98,98,98,,2,3,0,0,,115,"[{""word"": ""fire"", ""timed_overlap"": 2, ""column_overlap"": 3}, {""word"": ""Assam"", ""timed_overlap"": 2, ""column_overlap"": 2}, {""word"": ""except"", ""timed_overlap"": 2, ""column_overlap"": 2}, {""word"": ""close"", ""timed_overlap"": 2, ""column_overlap"": 2}, {""word"": ""let"", ""timed_overlap"": 2, ""column_overlap"": 2}]",completed,73,10,63
500,156,proximal-replay,1,think,However,100,100,100,,2,3,0,0,,118,"[{""word"": ""However"", ""timed_overlap"": 2, ""column_overlap"": 3}, {""word"": ""Felicity"", ""timed_overlap"": 2, ""column_overlap"": 3}, {""word"": ""for"", ""timed_overlap"": 2, ""column_overlap"": 3}, {""word"": ""cake"", ""timed_overlap"": 2, ""column_overlap"": 2}, {""word"": ""beautiful"", ""timed_overlap"": 2, ""column_overlap"": 2}]",completed,100,10,72
500,156,proximal-replay,2,so,sultan,100,100,100,,2,3,0,0,,80,"[{""word"": ""sultan"", ""timed_overlap"": 2, ""column_overlap"": 3}, {""word"": ""mutinously"", ""timed_overlap"": 2, ""column_overlap"": 3}, {""word"": ""Daisy"", ""timed_overlap"": 2, ""column_overlap"": 2}, {""word"": ""sweep"", ""timed_overlap"": 2, ""column_overlap"": 2}, {""word"": ""cats"", ""timed_overlap"": 1, ""column_overlap"": 3}]",completed,82,10,72
500,156,proximal-replay,3,.,dear,91,91,91,,2,3,0,0,,132,"[{""word"": ""dear"", ""timed_overlap"": 2, ""column_overlap"": 3}, {""word"": ""dwelt"", ""timed_overlap"": 2, ""column_overlap"": 2}, {""word"": ""nice"", ""timed_overlap"": 2, ""column_overlap"": 2}, {""word"": ""Lung"", ""timed_overlap"": 2, ""column_overlap"": 2}, {""word"": ""forget"", ""timed_overlap"": 1, ""column_overlap"": 4}]",completed,82,10,63
500,156,proximal-replay,4,',sleep,98,98,98,,3,4,0,0,,128,"[{""word"": ""sleep"", ""timed_overlap"": 3, ""column_overlap"": 4}, {""word"": ""All"", ""timed_overlap"": 2, ""column_overlap"": 3}, {""word"": ""Italy"", ""timed_overlap"": 2, ""column_overlap"": 3}, {""word"": ""ought"", ""timed_overlap"": 2, ""column_overlap"": 3}, {""word"": ""haunting"", ""timed_overlap"": 2, ""column_overlap"": 2}]",completed,73,10,54
500,157,proximal-replay,1,began,locked,99,99,99,,2,3,0,0,,100,"[{""word"": ""locked"", ""timed_overlap"": 2, ""column_overlap"": 3}, {""word"": ""AND"", ""timed_overlap"": 2, ""column_overlap"": 2}, {""word"": ""about"", ""timed_overlap"": 2, ""column_overlap"": 2}, {""word"": ""Jay"", ""timed_overlap"": 1, ""column_overlap"": 5}, {""word"": ""setting"", ""timed_overlap"": 1, ""column_overlap"": 3}]",completed,82,10,72
500,157,proximal-replay,2,to,Alfin,98,98,98,,2,4,0,0,,154,"[{""word"": ""Alfin"", ""timed_overlap"": 2, ""column_overlap"": 4}, {""word"": ""trim"", ""timed_overlap"": 2, ""column_overlap"": 3}, {""word"": ""been"", ""timed_overlap"": 2, ""column_overlap"": 3}, {""word"": ""terrify"", ""timed_overlap"": 2, ""column_overlap"": 3}, {""word"": ""dropped"", ""timed_overlap"": 2, ""column_overlap"": 3}]",completed,82,10,63
500,157,proximal-replay,3,terrify,Davis,94,94,94,,2,2,0,0,,128,"[{""word"": ""Davis"", ""timed_overlap"": 2, ""column_overlap"": 2}, {""word"": ""Isabel"", ""timed_overlap"": 2, ""column_overlap"": 2}, {""word"": ""hours"", ""timed_overlap"": 2, ""column_overlap"": 2}, {""word"": ""pen"", ""timed_overlap"": 2, ""column_overlap"": 2}, {""word"": ""terrified"", ""timed_overlap"": 1, ""column_overlap"": 4}]",completed,73,10,63
500,157,proximal-replay,4,him,Neither,100,100,100,,2,3,0,0,,120,"[{""word"": ""Neither"", ""timed_overlap"": 2, ""column_overlap"": 3}, {""word"": ""washed"", ""timed_overlap"": 2, ""column_overlap"": 2}, {""word"": ""thinks"", ""timed_overlap"": 2, ""column_overlap"": 2}, {""word"": ""whither"", ""timed_overlap"": 2, ""column_overlap"": 2}, {""word"": ""worse"", ""timed_overlap"": 1, ""column_overlap"": 4}]",completed,73,10,63
500,158,proximal-replay,1,unpractical,said,100,100,100,,2,3,0,0,,102,"[{""word"": ""said"", ""timed_overlap"": 2, ""column_overlap"": 3}, {""word"": ""chop"", ""timed_overlap"": 2, ""column_overlap"": 2}, {""word"": ""month"", ""timed_overlap"": 2, ""column_overlap"": 2}, {""word"": ""locked"", ""timed_overlap"": 1, ""column_overlap"": 4}, {""word"": ""cheering"", ""timed_overlap"": 1, ""column_overlap"": 3}]",completed,82,10,63
500,158,proximal-replay,2,",",Obey,100,100,100,,2,3,0,0,,99,"[{""word"": ""Obey"", ""timed_overlap"": 2, ""column_overlap"": 3}, {""word"": ""rubbed"", ""timed_overlap"": 2, ""column_overlap"": 3}, {""word"": ""At"", ""timed_overlap"": 2, ""column_overlap"": 2}, {""word"": ""nodding"", ""timed_overlap"": 2, ""column_overlap"": 2}, {""word"": ""helmet"", ""timed_overlap"": 2, ""column_overlap"": 2}]",completed,73,10,72
500,158,proximal-replay,3,and,old,98,98,98,,2,3,0,0,,121,"[{""word"": ""old"", ""timed_overlap"": 2, ""column_overlap"": 3}, {""word"": ""foremost"", ""timed_overlap"": 2, ""column_overlap"": 3}, {""word"": ""frog"", ""timed_overlap"": 2, ""column_overlap"": 3}, {""word"": ""feller"", ""timed_overlap"": 2, ""column_overlap"": 2}, {""word"": ""order"", ""timed_overlap"": 1, ""column_overlap"": 4}]",completed,82,10,72
500,158,proximal-replay,4,",",grass,100,100,100,,2,3,0,0,,129,"[{""word"": ""grass"", ""timed_overlap"": 2, ""column_overlap"": 3}, {""word"": ""pride"", ""timed_overlap"": 2, ""column_overlap"": 3}, {""word"": ""just"", ""timed_overlap"": 2, ""column_overlap"": 2}, {""word"": ""Thorny"", ""timed_overlap"": 1, ""column_overlap"": 4}, {""word"": ""promise"", ""timed_overlap"": 1, ""column_overlap"": 4}]",completed,82,10,72
500,159,proximal-replay,1,'m,added,100,100,100,,2,3,2,2,3,110,"[{""word"": ""added"", ""timed_overlap"": 2, ""column_overlap"": 3}, {""word"": ""Davis"", ""timed_overlap"": 2, ""column_overlap"": 3}, {""word"": ""'m"", ""timed_overlap"": 2, ""column_overlap"": 2}, {""word"": ""fry"", ""timed_overlap"": 1, ""column_overlap"": 4}, {""word"": ""Clever"", ""timed_overlap"": 1, ""column_overlap"": 3}]",completed,91,10,63
500,159,proximal-replay,2,sure,central,97,97,97,,2,2,0,0,,89,"[{""word"": ""central"", ""timed_overlap"": 2, ""column_overlap"": 2}, {""word"": ""certainly"", ""timed_overlap"": 2, ""column_overlap"": 2}, {""word"": ""time"", ""timed_overlap"": 2, ""column_overlap"": 2}, {""word"": ""sight"", ""timed_overlap"": 2, ""column_overlap"": 2}, {""word"": ""Wildrose"", ""timed_overlap"": 1, ""column_overlap"": 3}]",completed,73,10,73
500,159,proximal-replay,3,you,misty,98,98,98,,2,3,1,2,34,96,"[{""word"": ""misty"", ""timed_overlap"": 2, ""column_overlap"": 3}, {""word"": ""lived"", ""timed_overlap"": 2, ""column_overlap"": 3}, {""word"": ""monarch"", ""timed_overlap"": 2, ""column_overlap"": 2}, {""word"": ""Alfin"", ""timed_overlap"": 1, ""column_overlap"": 3}, {""word"": ""suited"", ""timed_overlap"": 1, ""column_overlap"": 3}]",completed,82,10,63
500,159,proximal-replay,4,ought,Douglas,96,96,96,,2,4,0,0,,122,"[{""word"": ""Douglas"", ""timed_overlap"": 2, ""column_overlap"": 4}, {""word"": ""'s"", ""timed_overlap"": 2, ""column_overlap"": 3}, {""word"": ""wine"", ""timed_overlap"": 2, ""column_overlap"": 2}, {""word"": ""preferred"", ""timed_overlap"": 2, ""column_overlap"": 2}, {""word"": ""artistic"", ""timed_overlap"": 1, ""column_overlap"": 4}]",completed,73,10,63
500,160,proximal-replay,1,ever,PERCINET,100,100,100,,2,2,0,0,,93,"[{""word"": ""PERCINET"", ""timed_overlap"": 2, ""column_overlap"": 2}, {""word"": ""aunt"", ""timed_overlap"": 2, ""column_overlap"": 2}, {""word"": ""mercy"", ""timed_overlap"": 2, ""column_overlap"": 2}, {""word"": ""blades"", ""timed_overlap"": 2, ""column_overlap"": 2}, {""word"": ""dress"", ""timed_overlap"": 2, ""column_overlap"": 2}]",completed,100,10,72
500,160,proximal-replay,2,forget,east,97,97,97,,2,3,0,0,,136,"[{""word"": ""east"", ""timed_overlap"": 2, ""column_overlap"": 3}, {""word"": ""resisted"", ""timed_overlap"": 2, ""column_overlap"": 3}, {""word"": ""Lightfoot"", ""timed_overlap"": 2, ""column_overlap"": 2}, {""word"": ""uneasy"", ""timed_overlap"": 2, ""column_overlap"": 2}, {""word"": ""chatter"", ""timed_overlap"": 2, ""column_overlap"": 2}]",completed,82,10,73
500,160,proximal-replay,3,that,Marilla,99,99,99,,2,3,0,0,,97,"[{""word"": ""Marilla"", ""timed_overlap"": 2, ""column_overlap"": 3}, {""word"": ""A"", ""timed_overlap"": 2, ""column_overlap"": 3}, {""word"": ""bared"", ""timed_overlap"": 2, ""column_overlap"": 2}, {""word"": ""tone"", ""timed_overlap"": 1, ""column_overlap"": 4}, {""word"": ""mere"", ""timed_overlap"": 1, ""column_overlap"": 4}]",completed,82,10,72
500,160,proximal-replay,4,tantrum,artistic,99,99,99,,2,3,0,0,,157,"[{""word"": ""artistic"", ""timed_overlap"": 2, ""column_overlap"": 3}, {""word"": ""experienced"", ""timed_overlap"": 2, ""column_overlap"": 3}, {""word"": ""cake"", ""timed_overlap"": 2, ""column_overlap"": 3}, {""word"": ""herring"", ""timed_overlap"": 2, ""column_overlap"": 2}, {""word"": ""and"", ""timed_overlap"": 2, ""column_overlap"": 2}]",completed,82,10,72
500,161,proximal-replay,1,ye,pink,98,98,98,,2,3,1,2,69,143,"[{""word"": ""pink"", ""timed_overlap"": 2, ""column_overlap"": 3}, {""word"": ""worse"", ""timed_overlap"": 2, ""column_overlap"": 3}, {""word"": ""anxious"", ""timed_overlap"": 2, ""column_overlap"": 2}, {""word"": ""simply"", ""timed_overlap"": 2, ""column_overlap"": 2}, {""word"": ""romantic"", ""timed_overlap"": 2, ""column_overlap"": 2}]",completed,73,10,73
500,161,proximal-replay,2,be,price,95,95,95,,2,3,0,0,,115,"[{""word"": ""price"", ""timed_overlap"": 2, ""column_overlap"": 3}, {""word"": ""pride"", ""timed_overlap"": 2, ""column_overlap"": 2}, {""word"": ""birthday"", ""timed_overlap"": 2, ""column_overlap"": 2}, {""word"": ""wo"", ""timed_overlap"": 2, ""column_overlap"": 2}, {""word"": ""creature"", ""timed_overlap"": 1, ""column_overlap"": 4}]",completed,82,10,54
500,161,proximal-replay,3,not,Cyrilla,95,95,95,,2,2,0,0,,121,"[{""word"": ""Cyrilla"", ""timed_overlap"": 2, ""column_overlap"": 2}, {""word"": ""rank"", ""timed_overlap"": 2, ""column_overlap"": 2}, {""word"": ""Take"", ""timed_overlap"": 1, ""column_overlap"": 4}, {""word"": ""stern"", ""timed_overlap"": 1, ""column_overlap"": 3}, {""word"": ""forth"", ""timed_overlap"": 1, ""column_overlap"": 3}]",completed,64,10,73
500,161,proximal-replay,4,of,danced,92,92,92,,2,4,0,0,,150,"[{""word"": ""danced"", ""timed_overlap"": 2, ""column_overlap"": 4}, {""word"": ""say"", ""timed_overlap"": 2, ""column_overlap"": 3}, {""word"": ""heard"", ""timed_overlap"": 2, ""column_overlap"": 3}, {""word"": ""Prince"", ""timed_overlap"": 2, ""column_overlap"": 3}, {""word"": ""God"", ""timed_overlap"": 2, ""column_overlap"": 3}]",completed,82,10,63
500,162,proximal-replay,1,of,knows,98,98,98,,2,4,1,1,122,149,"[{""word"": ""knows"", ""timed_overlap"": 2, ""column_overlap"": 4}, {""word"": ""beneath"", ""timed_overlap"": 2, ""column_overlap"": 3}, {""word"": ""But"", ""timed_overlap"": 2, ""column_overlap"": 3}, {""word"": ""red"", ""timed_overlap"": 2, ""column_overlap"": 3}, {""word"": ""scoop"", ""timed_overlap"": 2, ""column_overlap"": 2}]",completed,91,10,63
500,162,proximal-replay,2,the,trim,97,97,97,,3,3,0,0,,151,"[{""word"": ""trim"", ""timed_overlap"": 3, ""column_overlap"": 3}, {""word"": ""enchantress"", ""timed_overlap"": 2, ""column_overlap"": 3}, {""word"": ""gone"", ""timed_overlap"": 2, ""column_overlap"": 3}, {""word"": ""bronze-colored"", ""timed_overlap"": 2, ""column_overlap"": 3}, {""word"": ""boys"", ""timed_overlap"": 2, ""column_overlap"": 2}]",completed,73,10,64
500,162,proximal-replay,3,sort,heard,95,95,95,,2,3,0,0,,124,"[{""word"": ""heard"", ""timed_overlap"": 2, ""column_overlap"": 3}, {""word"": ""him"", ""timed_overlap"": 2, ""column_overlap"": 2}, {""word"": ""Joe"", ""timed_overlap"": 2, ""column_overlap"": 2}, {""word"": ""Lady"", ""timed_overlap"": 1, ""column_overlap"": 4}, {""word"": ""Lapsing"", ""timed_overlap"": 1, ""column_overlap"": 4}]",completed,73,10,56
500,162,proximal-replay,4,",",Dorinda,96,96,96,,2,3,0,0,,136,"[{""word"": ""Dorinda"", ""timed_overlap"": 2, ""column_overlap"": 3}, {""word"": ""'s"", ""timed_overlap"": 2, ""column_overlap"": 2}, {""word"": ""vase"", ""timed_overlap"": 2, ""column_overlap"": 2}, {""word"": ""frozen"", ""timed_overlap"": 2, ""column_overlap"": 2}, {""word"": ""being"", ""timed_overlap"": 2, ""column_overlap"": 2}]",completed,64,10,72
500,163,proximal-replay,1,some,appeal,99,99,99,,2,4,2,2,5,136,"[{""word"": ""appeal"", ""timed_overlap"": 2, ""column_overlap"": 4}, {""word"": ""Elder"", ""timed_overlap"": 2, ""column_overlap"": 3}, {""word"": ""rock"", ""timed_overlap"": 2, ""column_overlap"": 3}, {""word"": ""instead"", ""timed_overlap"": 2, ""column_overlap"": 2}, {""word"": ""some"", ""timed_overlap"": 2, ""column_overlap"": 2}]",completed,82,10,63
500,163,proximal-replay,2,time,Behind,99,99,99,,3,3,2,3,5,150,"[{""word"": ""Behind"", ""timed_overlap"": 3, ""column_overlap"": 3}, {""word"": ""course"", ""timed_overlap"": 2, ""column_overlap"": 4}, {""word"": ""recitations"", ""timed_overlap"": 2, ""column_overlap"": 3}, {""word"": ""business"", ""timed_overlap"": 2, ""column_overlap"": 3}, {""word"": ""time"", ""timed_overlap"": 2, ""column_overlap"": 3}]",completed,73,10,63
500,163,proximal-replay,3,",",flew,97,97,97,,2,3,0,0,,110,"[{""word"": ""flew"", ""timed_overlap"": 2, ""column_overlap"": 3}, {""word"": ""them"", ""timed_overlap"": 2, ""column_overlap"": 3}, {""word"": ""letter"", ""timed_overlap"": 1, ""column_overlap"": 4}, {""word"": ""flashes"", ""timed_overlap"": 1, ""column_overlap"": 4}, {""word"": ""King"", ""timed_overlap"": 1, ""column_overlap"": 3}]",completed,73,10,72
500,163,proximal-replay,4,but,SAMMY,99,99,99,,2,4,0,0,,126,"[{""word"": ""SAMMY"", ""timed_overlap"": 2, ""column_overlap"": 4}, {""word"": ""stand"", ""timed_overlap"": 2, ""column_overlap"": 3}, {""word"": ""Behind"", ""timed_overlap"": 2, ""column_overlap"": 3}, {""word"": ""cup"", ""timed_overlap"": 2, ""column_overlap"": 2}, {""word"": ""angrily"", ""timed_overlap"": 2, ""column_overlap"": 2}]",completed,82,10,72
500,164,proximal-replay,1,a,tale,97,97,97,,2,3,0,0,,125,"[{""word"": ""tale"", ""timed_overlap"": 2, ""column_overlap"": 3}, {""word"": ""Take"", ""timed_overlap"": 2, ""column_overlap"": 3}, {""word"": ""get"", ""timed_overlap"": 2, ""column_overlap"": 2}, {""word"": ""Jo"", ""timed_overlap"": 2, ""column_overlap"": 2}, {""word"": ""recitations"", ""timed_overlap"": 2, ""column_overlap"": 2}]",completed,100,10,73
500,164,proximal-replay,2,world,Douglas,100,100,100,,2,2,0,0,,75,"[{""word"": ""Douglas"", ""timed_overlap"": 2, ""column_overlap"": 2}, {""word"": ""appeared"", ""timed_overlap"": 1, ""column_overlap"": 4}, {""word"": ""hive"", ""timed_overlap"": 1, ""column_overlap"": 3}, {""word"": ""Suddenly"", ""timed_overlap"": 1, ""column_overlap"": 2}, {""word"": "":"", ""timed_overlap"": 1, ""column_overlap"": 2}]",completed,82,10,63
500,164,proximal-replay,3,whither,timid,100,100,100,,2,2,0,0,,91,"[{""word"": ""timid"", ""timed_overlap"": 2, ""column_overlap"": 2}, {""word"": ""Scrooge"", ""timed_overlap"": 2, ""column_overlap"": 2}, {""word"": ""nice"", ""timed_overlap"": 1, ""column_overlap"": 4}, {""word"": ""tailing"", ""timed_overlap"": 1, ""column_overlap"": 3}, {""word"": ""Blair"", ""timed_overlap"": 1, ""column_overlap"": 3}]",completed,73,10,63
500,164,proximal-replay,4,none,damsel,99,99,99,,2,3,0,0,,125,"[{""word"": ""damsel"", ""timed_overlap"": 2, ""column_overlap"": 3}, {""word"": ""SAMMY"", ""timed_overlap"": 2, ""column_overlap"": 3}, {""word"": ""sweep"", ""timed_overlap"": 2, ""column_overlap"": 3}, {""word"": ""recitations"", ""timed_overlap"": 2, ""column_overlap"": 2}, {""word"": ""alarm"", ""timed_overlap"": 1, ""column_overlap"": 5}]",completed,73,10,72
500,165,proximal-replay,1,Louisa,his,98,98,98,,2,4,0,0,,124,"[{""word"": ""his"", ""timed_overlap"": 2, ""column_overlap"": 4}, {""word"": ""Marco"", ""timed_overlap"": 2, ""column_overlap"": 2}, {""word"": ""yesterday"", ""timed_overlap"": 2, ""column_overlap"": 2}, {""word"": ""glanced"", ""timed_overlap"": 1, ""column_overlap"": 4}, {""word"": ""bronze-colored"", ""timed_overlap"": 1, ""column_overlap"": 3}]",completed,82,10,72
500,165,proximal-replay,2,'s,admitted,100,100,100,,2,2,0,0,,96,"[{""word"": ""admitted"", ""timed_overlap"": 2, ""column_overlap"": 2}, {""word"": ""mean"", ""timed_overlap"": 1, ""column_overlap"": 4}, {""word"": ""Look"", ""timed_overlap"": 1, ""column_overlap"": 4}, {""word"": ""yours"", ""timed_overlap"": 1, ""column_overlap"": 3}, {""word"": ""pails"", ""timed_overlap"": 1, ""column_overlap"": 2}]",completed,82,10,72
500,165,proximal-replay,3,thumb,if,100,100,100,,2,2,0,0,,126,"[{""word"": ""if"", ""timed_overlap"": 2, ""column_overlap"": 2}, {""word"": ""Most"", ""timed_overlap"": 2, ""column_overlap"": 2}, {""word"": ""imps"", ""timed_overlap"": 2, ""column_overlap"": 2}, {""word"": ""recovered"", ""timed_overlap"": 1, ""column_overlap"": 5}, {""word"": ""new"", ""timed_overlap"": 1, ""column_overlap"": 4}]",completed,82,10,45
500,165,proximal-replay,4,.,Henderland,94,94,94,,2,3,0,0,,131,"[{""word"": ""Henderland"", ""timed_overlap"": 2, ""column_overlap"": 3}, {""word"": ""our"", ""timed_overlap"": 2, ""column_overlap"": 3}, {""word"": ""lamassery"", ""timed_overlap"": 2, ""column_overlap"": 3}, {""word"": ""HAS"", ""timed_overlap"": 2, ""column_overlap"": 3}, {""word"": ""find"", ""timed_overlap"": 2, ""column_overlap"": 2}]",completed,55,10,63
500,166,proximal-replay,1,kindest,hive,100,100,100,,2,3,0,0,,116,"[{""word"": ""hive"", ""timed_overlap"": 2, ""column_overlap"": 3}, {""word"": ""Sometimes"", ""timed_overlap"": 2, ""column_overlap"": 3}, {""word"": ""Sammy"", ""timed_overlap"": 2, ""column_overlap"": 3}, {""word"": ""drop"", ""timed_overlap"": 2, ""column_overlap"": 2}, {""word"": ""door"", ""timed_overlap"": 2, ""column_overlap"": 2}]",completed,73,10,63
500,166,proximal-replay,2,old,Like,96,96,96,,2,4,0,0,,137,"[{""word"": ""Like"", ""timed_overlap"": 2, ""column_overlap"": 4}, {""word"": ""teeth"", ""timed_overlap"": 2, ""column_overlap"": 3}, {""word"": ""spied"", ""timed_overlap"": 2, ""column_overlap"": 3}, {""word"": ""ever"", ""timed_overlap"": 2, ""column_overlap"": 3}, {""word"": ""silence"", ""timed_overlap"": 2, ""column_overlap"": 3}]",completed,73,10,72
500,166,proximal-replay,3,people,dress,100,100,100,,2,3,0,0,,112,"[{""word"": ""dress"", ""timed_overlap"": 2, ""column_overlap"": 3}, {""word"": ""Put"", ""timed_overlap"": 2, ""column_overlap"": 2}, {""word"": ""milk"", ""timed_overlap"": 1, ""column_overlap"": 3}, {""word"": ""talks"", ""timed_overlap"": 1, ""column_overlap"": 3}, {""word"": ""indeed"", ""timed_overlap"": 1, ""column_overlap"": 3}]",completed,82,10,63
500,166,proximal-replay,4,in,Ben,94,94,94,,2,2,0,0,,110,"[{""word"": ""Ben"", ""timed_overlap"": 2, ""column_overlap"": 2}, {""word"": ""pursuit"", ""timed_overlap"": 2, ""column_overlap"": 2}, {""word"": ""Dear"", ""timed_overlap"": 2, ""column_overlap"": 2}, {""word"": ""Daisy"", ""timed_overlap"": 1, ""column_overlap"": 4}, {""word"": ""smile"", ""timed_overlap"": 1, ""column_overlap"": 3}]",completed,73,10,73
500,167,proximal-replay,1,",",Fellow,96,96,96,,2,3,0,0,,117,"[{""word"": ""Fellow"", ""timed_overlap"": 2, ""column_overlap"": 3}, {""word"": ""say"", ""timed_overlap"": 2, ""column_overlap"": 2}, {""word"": ""magic"", ""timed_overlap"": 2, ""column_overlap"": 2}, {""word"": ""afford"", ""timed_overlap"": 2, ""column_overlap"": 2}, {""word"": ""from"", ""timed_overlap"": 1, ""column_overlap"": 4}]",completed,73,10,64
500,167,proximal-replay,2,',kindest,95,95,95,,2,3,0,0,,131,"[{""word"": ""kindest"", ""timed_overlap"": 2, ""column_overlap"": 3}, {""word"": ""intended"", ""timed_overlap"": 2, ""column_overlap"": 3}, {""word"": ""Bowser"", ""timed_overlap"": 2, ""column_overlap"": 2}, {""word"": ""danced"", ""timed_overlap"": 2, ""column_overlap"": 2}, {""word"": ""--"", ""timed_overlap"": 2, ""column_overlap"": 2}]",completed,73,10,72
500,167,proximal-replay,3,answered,saddle,99,99,99,,3,3,0,0,,109,"[{""word"": ""saddle"", ""timed_overlap"": 3, ""column_overlap"": 3}, {""word"": ""Marilla"", ""timed_overlap"": 2, ""column_overlap"": 3}, {""word"": ""probably"", ""timed_overlap"": 1, ""column_overlap"": 3}, {""word"": ""call"", ""timed_overlap"": 1, ""column_overlap"": 3}, {""word"": ""Instead"", ""timed_overlap"": 1, ""column_overlap"": 3}]",completed,82,10,63
500,167,proximal-replay,4,Hans,came,97,97,97,,2,3,0,0,,129,"[{""word"": ""came"", ""timed_overlap"": 2, ""column_overlap"": 3}, {""word"": ""hope"", ""timed_overlap"": 2, ""column_overlap"": 3}, {""word"": ""Abel"", ""timed_overlap"": 2, ""column_overlap"": 2}, {""word"": ""minutes"", ""timed_overlap"": 2, ""column_overlap"": 2}, {""word"": ""Aunt"", ""timed_overlap"": 2, ""column_overlap"": 2}]",completed,73,10,72
500,168,proximal-replay,1,Grant,chance,96,96,96,,2,4,0,0,,141,"[{""word"": ""chance"", ""timed_overlap"": 2, ""column_overlap"": 4}, {""word"": ""never"", ""timed_overlap"": 2, ""column_overlap"": 3}, {""word"": ""I"", ""timed_overlap"": 2, ""column_overlap"": 2}, {""word"": ""some"", ""timed_overlap"": 2, ""column_overlap"": 2}, {""word"": ""pet"", ""timed_overlap"": 2, ""column_overlap"": 2}]",completed,73,10,64
500,168,proximal-replay,2,--,Davis,94,94,94,,3,3,0,0,,135,"[{""word"": ""Davis"", ""timed_overlap"": 3, ""column_overlap"": 3}, {""word"": ""talented"", ""timed_overlap"": 3, ""column_overlap"": 3}, {""word"": ""Providence"", ""timed_overlap"": 2, ""column_overlap"": 4}, {""word"": ""one"", ""timed_overlap"": 2, ""column_overlap"": 2}, {""word"": ""yours"", ""timed_overlap"": 2, ""column_overlap"": 2}]",completed,73,10,64
500,168,proximal-replay,3,do,sensible,100,100,100,,2,2,0,0,,100,"[{""word"": ""sensible"", ""timed_overlap"": 2, ""column_overlap"": 2}, {""word"": ""gilded"", ""timed_overlap"": 2, ""column_overlap"": 2}, {""word"": ""ma'am"", ""timed_overlap"": 2, ""column_overlap"": 2}, {""word"": ""incidents"", ""timed_overlap"": 2, ""column_overlap"": 2}, {""word"": ""spear"", ""timed_overlap"": 1, ""column_overlap"": 3}]",completed,73,10,63
500,168,proximal-replay,4,n't,Bagheera,94,94,94,,2,3,0,0,,137,"[{""word"": ""Bagheera"", ""timed_overlap"": 2, ""column_overlap"": 3}, {""word"": ""bewildered"", ""timed_overlap"": 2, ""column_overlap"": 2}, {""word"": ""coming"", ""timed_overlap"": 2, ""column_overlap"": 2}, {""word"": ""pardon"", ""timed_overlap"": 2, ""column_overlap"": 2}, {""word"": ""an"", ""timed_overlap"": 2, ""column_overlap"": 2}]",completed,73,10,73
500,169,proximal-replay,1,the,evangelist,100,100,100,,2,3,1,1,106,127,"[{""word"": ""evangelist"", ""timed_overlap"": 2, ""column_overlap"": 3}, {""word"": ""Johnny"", ""timed_overlap"": 2, ""column_overlap"": 3}, {""word"": ""maiden"", ""timed_overlap"": 2, ""column_overlap"": 2}, {""word"": ""immensely"", ""timed_overlap"": 1, ""column_overlap"": 4}, {""word"": ""helplessly"", ""timed_overlap"": 1, ""column_overlap"": 4}]",completed,100,10,72
500,169,proximal-replay,2,frock,began,98,98,98,,2,3,0,0,,117,"[{""word"": ""began"", ""timed_overlap"": 2, ""column_overlap"": 3}, {""word"": ""nearly"", ""timed_overlap"": 2, ""column_overlap"": 2}, {""word"": ""happened"", ""timed_overlap"": 2, ""column_overlap"": 2}, {""word"": ""Isabel"", ""timed_overlap"": 1, ""column_overlap"": 4}, {""word"": ""faithfully"", ""timed_overlap"": 1, ""column_overlap"": 4}]",completed,82,10,63
500,169,proximal-replay,3,she,lay,98,98,98,,2,4,0,0,,139,"[{""word"": ""lay"", ""timed_overlap"": 2, ""column_overlap"": 4}, {""word"": ""They"", ""timed_overlap"": 2, ""column_overlap"": 3}, {""word"": ""distance"", ""timed_overlap"": 2, ""column_overlap"": 2}, {""word"": ""miles"", ""timed_overlap"": 2, ""column_overlap"": 2}, {""word"": ""Rogers"", ""timed_overlap"": 2, ""column_overlap"": 2}]",completed,73,10,72
500,169,proximal-replay,4,had,apparently,99,99,99,,2,3,0,0,,105,"[{""word"": ""apparently"", ""timed_overlap"": 2, ""column_overlap"": 3}, {""word"": ""humanity"", ""timed_overlap"": 2, ""column_overlap"": 2}, {""word"": ""feeling"", ""timed_overlap"": 2, ""column_overlap"": 2}, {""word"": ""Sammy"", ""timed_overlap"": 2, ""column_overlap"": 2}, {""word"": ""Meredith"", ""timed_overlap"": 1, ""column_overlap"": 4}]",completed,82,10,63
500,170,proximal-replay,1,his,be,100,100,100,,3,3,0,0,,78,"[{""word"": ""be"", ""timed_overlap"": 3, ""column_overlap"": 3}, {""word"": ""ladylike"", ""timed_overlap"": 2, ""column_overlap"": 2}, {""word"": ""finish"", ""timed_overlap"": 2, ""column_overlap"": 2}, {""word"": ""its"", ""timed_overlap"": 2, ""column_overlap"": 2}, {""word"": ""See"", ""timed_overlap"": 1, ""column_overlap"": 3}]",completed,82,10,54
500,170,proximal-replay,2,horse,seen,99,99,99,,2,4,0,0,,109,"[{""word"": ""seen"", ""timed_overlap"": 2, ""column_overlap"": 4}, {""word"": ""bronze-colored"", ""timed_overlap"": 2, ""column_overlap"": 3}, {""word"": ""recalled"", ""timed_overlap"": 2, ""column_overlap"": 2}, {""word"": ""skins"", ""timed_overlap"": 2, ""column_overlap"": 2}, {""word"": ""enchantress"", ""timed_overlap"": 2, ""column_overlap"": 2}]",completed,64,10,45
500,170,proximal-replay,3,",",what,93,93,93,,3,3,0,0,,136,"[{""word"": ""what"", ""timed_overlap"": 3, ""column_overlap"": 3}, {""word"": ""reserved"", ""timed_overlap"": 2, ""column_overlap"": 3}, {""word"": ""David"", ""timed_overlap"": 2, ""column_overlap"": 3}, {""word"": ""washerman"", ""timed_overlap"": 2, ""column_overlap"": 3}, {""word"": ""promise"", ""timed_overlap"": 2, ""column_overlap"": 3}]",completed,55,10,37
500,170,proximal-replay,4,began,distance,95,95,95,,2,3,0,0,,148,"[{""word"": ""distance"", ""timed_overlap"": 2, ""column_overlap"": 3}, {""word"": ""pink"", ""timed_overlap"": 2, ""column_overlap"": 3}, {""word"": ""deep"", ""timed_overlap"": 2, ""column_overlap"": 3}, {""word"": ""after"", ""timed_overlap"": 2, ""column_overlap"": 3}, {""word"": ""ruin"", ""timed_overlap"": 2, ""column_overlap"": 2}]",completed,46,10,72
500,171,proximal-replay,1,took,deep,98,98,98,,2,4,0,0,,157,"[{""word"": ""deep"", ""timed_overlap"": 2, ""column_overlap"": 4}, {""word"": ""too"", ""timed_overlap"": 2, ""column_overlap"": 3}, {""word"": ""denied"", ""timed_overlap"": 2, ""column_overlap"": 3}, {""word"": ""bewildered"", ""timed_overlap"": 2, ""column_overlap"": 2}, {""word"": ""lump"", ""timed_overlap"": 2, ""column_overlap"": 2}]",completed,91,10,72
500,171,proximal-replay,2,him,COAT,99,99,99,,2,3,0,0,,108,"[{""word"": ""COAT"", ""timed_overlap"": 2, ""column_overlap"": 3}, {""word"": ""bluntly"", ""timed_overlap"": 2, ""column_overlap"": 2}, {""word"": ""snowshoeing"", ""timed_overlap"": 2, ""column_overlap"": 2}, {""word"": "";"", ""timed_overlap"": 1, ""column_overlap"": 4}, {""word"": ""gave"", ""timed_overlap"": 1, ""column_overlap"": 3}]",completed,82,10,63
500,171,proximal-replay,3,up,Sammy,96,96,96,,3,3,0,0,,119,"[{""word"": ""Sammy"", ""timed_overlap"": 3, ""column_overlap"": 3}, {""word"": ""Abel"", ""timed_overlap"": 1, ""column_overlap"": 4}, {""word"": ""old"", ""timed_overlap"": 1, ""column_overlap"": 3}, {""word"": ""apparently"", ""timed_overlap"": 1, ""column_overlap"": 3}, {""word"": ""nearly"", ""timed_overlap"": 1, ""column_overlap"": 3}]",completed,73,10,54
500,171,proximal-replay,4,and,yearned,94,94,94,,2,4,0,0,,116,"[{""word"": ""yearned"", ""timed_overlap"": 2, ""column_overlap"": 4}, {""word"": ""teach"", ""timed_overlap"": 2, ""column_overlap"": 3}, {""word"": ""snowshoeing"", ""timed_overlap"": 2, ""column_overlap"": 2}, {""word"": ""seem"", ""timed_overlap"": 1, ""column_overlap"": 4}, {""word"": ""Marsch"", ""timed_overlap"": 1, ""column_overlap"": 4}]",completed,64,10,73
500,172,proximal-replay,1,'m,'',100,100,100,,2,2,0,0,,94,"[{""word"": ""''"", ""timed_overlap"": 2, ""column_overlap"": 2}, {""word"": ""enough"", ""timed_overlap"": 1, ""column_overlap"": 4}, {""word"": ""those"", ""timed_overlap"": 1, ""column_overlap"": 3}, {""word"": ""departs"", ""timed_overlap"": 1, ""column_overlap"": 3}, {""word"": ""own"", ""timed_overlap"": 1, ""column_overlap"": 3}]",completed,100,10,54
500,172,proximal-replay,2,",",said,99,99,99,,3,3,0,0,,95,"[{""word"": ""said"", ""timed_overlap"": 3, ""column_overlap"": 3}, {""word"": ""Sometimes"", ""timed_overlap"": 2, ""column_overlap"": 3}, {""word"": ""bust"", ""timed_overlap"": 2, ""column_overlap"": 3}, {""word"": ""Matthew"", ""timed_overlap"": 2, ""column_overlap"": 2}, {""word"": ""king"", ""timed_overlap"": 1, ""column_overlap"": 3}]",completed,64,10,63
500,172,proximal-replay,3,my,somehow,100,100,100,,2,3,0,0,,95,"[{""word"": ""somehow"", ""timed_overlap"": 2, ""column_overlap"": 3}, {""word"": ""mature"", ""timed_overlap"": 1, ""column_overlap"": 3}, {""word"": ""wilt"", ""timed_overlap"": 1, ""column_overlap"": 3}, {""word"": ""why"", ""timed_overlap"": 1, ""column_overlap"": 3}, {""word"": ""tittered"", ""timed_overlap"": 1, ""column_overlap"": 3}]",completed,73,10,54
500,172,proximal-replay,4,name,platform,96,96,96,,2,4,0,0,,118,"[{""word"": ""platform"", ""timed_overlap"": 2, ""column_overlap"": 4}, {""word"": ""Fellow"", ""timed_overlap"": 2, ""column_overlap"": 2}, {""word"": ""Clow"", ""timed_overlap"": 2, ""column_overlap"": 2}, {""word"": ""lads"", ""timed_overlap"": 1, ""column_overlap"": 5}, {""word"": ""carriage"", ""timed_overlap"": 1, ""column_overlap"": 5}]",completed,64,10,72
500,173,proximal-replay,1,'',Next,100,100,100,,2,2,1,1,62,122,"[{""word"": ""Next"", ""timed_overlap"": 2, ""column_overlap"": 2}, {""word"": ""he"", ""timed_overlap"": 2, ""column_overlap"": 2}, {""word"": ""inches"", ""timed_overlap"": 1, ""column_overlap"": 4}, {""word"": ""opening"", ""timed_overlap"": 1, ""column_overlap"": 3}, {""word"": ""God"", ""timed_overlap"": 1, ""column_overlap"": 3}]",completed,82,10,63
500,173,proximal-replay,2,said,killed,98,98,98,,2,4,0,0,,141,"[{""word"": ""killed"", ""timed_overlap"": 2, ""column_overlap"": 4}, {""word"": ""shall"", ""timed_overlap"": 2, ""column_overlap"": 3}, {""word"": ""night"", ""timed_overlap"": 2, ""column_overlap"": 3}, {""word"": ""by"", ""timed_overlap"": 2, ""column_overlap"": 2}, {""word"": ""forgotten"", ""timed_overlap"": 2, ""column_overlap"": 2}]",completed,73,10,63
500,173,proximal-replay,3,Frank,soon,92,92,92,,2,4,0,0,,131,"[{""word"": ""soon"", ""timed_overlap"": 2, ""column_overlap"": 4}, {""word"": ""half"", ""timed_overlap"": 2, ""column_overlap"": 3}, {""word"": ""played"", ""timed_overlap"": 2, ""column_overlap"": 3}, {""word"": ""closing"", ""timed_overlap"": 2, ""column_overlap"": 3}, {""word"": ""easel"", ""timed_overlap"": 2, ""column_overlap"": 2}]",completed,73,10,63
500,173,proximal-replay,4,",",Ben,99,99,99,,2,3,0,0,,112,"[{""word"": ""Ben"", ""timed_overlap"": 2, ""column_overlap"": 3}, {""word"": ""green"", ""timed_overlap"": 2, ""column_overlap"": 2}, {""word"": ""Instead"", ""timed_overlap"": 1, ""column_overlap"": 4}, {""word"": ""monotonous"", ""timed_overlap"": 1, ""column_overlap"": 3}, {""word"": ""more"", ""timed_overlap"": 1, ""column_overlap"": 3}]",completed,73,10,72
500,174,proximal-replay,1,says,said,99,99,99,,3,3,0,0,,95,"[{""word"": ""said"", ""timed_overlap"": 3, ""column_overlap"": 3}, {""word"": ""Sometimes"", ""timed_overlap"": 2, ""column_overlap"": 3}, {""word"": ""bust"", ""timed_overlap"": 2, ""column_overlap"": 3}, {""word"": ""Matthew"", ""timed_overlap"": 2, ""column_overlap"": 2}, {""word"": ""taking"", ""timed_overlap"": 1, ""column_overlap"": 3}]",completed,64,10,63
500,174,proximal-replay,2,he,somehow,100,100,100,,2,3,0,0,,95,"[{""word"": ""somehow"", ""timed_overlap"": 2, ""column_overlap"": 3}, {""word"": ""why"", ""timed_overlap"": 1, ""column_overlap"": 3}, {""word"": ""mature"", ""timed_overlap"": 1, ""column_overlap"": 3}, {""word"": ""wilt"", ""timed_overlap"": 1, ""column_overlap"": 3}, {""word"": ""reigned"", ""timed_overlap"": 1, ""column_overlap"": 3}]",completed,73,10,54
500,174,proximal-replay,3,",",platform,96,96,96,,2,4,0,0,,118,"[{""word"": ""platform"", ""timed_overlap"": 2, ""column_overlap"": 4}, {""word"": ""Fellow"", ""timed_overlap"": 2, ""column_overlap"": 2}, {""word"": ""Clow"", ""timed_overlap"": 2, ""column_overlap"": 2}, {""word"": ""lads"", ""timed_overlap"": 1, ""column_overlap"": 5}, {""word"": ""carriage"", ""timed_overlap"": 1, ""column_overlap"": 5}]",completed,64,10,72
500,174,proximal-replay,4,``,whitest,100,100,100,,2,3,0,0,,156,"[{""word"": ""whitest"", ""timed_overlap"": 2, ""column_overlap"": 3}, {""word"": ""frog"", ""timed_overlap"": 2, ""column_overlap"": 3}, {""word"": ""boy"", ""timed_overlap"": 2, ""column_overlap"": 3}, {""word"": ""month"", ""timed_overlap"": 2, ""column_overlap"": 2}, {""word"": ""Sara"", ""timed_overlap"": 2, ""column_overlap"": 2}]",completed,82,10,72
500,175,proximal-replay,1,",",bookcase,100,100,100,,2,4,0,0,,127,"[{""word"": ""bookcase"", ""timed_overlap"": 2, ""column_overlap"": 4}, {""word"": ""about"", ""timed_overlap"": 2, ""column_overlap"": 4}, {""word"": ""carriage"", ""timed_overlap"": 2, ""column_overlap"": 3}, {""word"": ""ladies"", ""timed_overlap"": 2, ""column_overlap"": 3}, {""word"": ""Dacca"", ""timed_overlap"": 2, ""column_overlap"": 2}]",completed,82,10,63
500,175,proximal-replay,2,but,room,99,99,99,,2,3,0,0,,113,"[{""word"": ""room"", ""timed_overlap"": 2, ""column_overlap"": 3}, {""word"": ""train"", ""timed_overlap"": 2, ""column_overlap"": 3}, {""word"": ""wonder"", ""timed_overlap"": 2, ""column_overlap"": 3}, {""word"": ""Aunt"", ""timed_overlap"": 2, ""column_overlap"": 2}, {""word"": ""Meredith"", ""timed_overlap"": 2, ""column_overlap"": 2}]",completed,73,10,72
500,175,proximal-replay,3,very,impossible,95,95,95,,2,4,0,0,,144,"[{""word"": ""impossible"", ""timed_overlap"": 2, ""column_overlap"": 4}, {""word"": ""sign"", ""timed_overlap"": 2, ""column_overlap"": 3}, {""word"": ""cake"", ""timed_overlap"": 2, ""column_overlap"": 2}, {""word"": ""good"", ""timed_overlap"": 2, ""column_overlap"": 2}, {""word"": ""solemnly"", ""timed_overlap"": 2, ""column_overlap"": 2}]",completed,82,10,63
500,175,proximal-replay,4,good,forget,98,98,98,,2,3,0,0,,103,"[{""word"": ""forget"", ""timed_overlap"": 2, ""column_overlap"": 3}, {""word"": ""heard"", ""timed_overlap"": 2, ""column_overlap"": 3}, {""word"": ""distance"", ""timed_overlap"": 2, ""column_overlap"": 2}, {""word"": ""better"", ""timed_overlap"": 2, ""column_overlap"": 2}, {""word"": ""Play"", ""timed_overlap"": 1, ""column_overlap"": 3}]",completed,73,10,63
500,176,proximal-replay,1,busybodies,Davis,99,99,99,,2,3,0,0,,138,"[{""word"": ""Davis"", ""timed_overlap"": 2, ""column_overlap"": 3}, {""word"": ""here"", ""timed_overlap"": 2, ""column_overlap"": 2}, {""word"": ""ruther"", ""timed_overlap"": 1, ""column_overlap"": 4}, {""word"": ""more"", ""timed_overlap"": 1, ""column_overlap"": 4}, {""word"": ""terribly"", ""timed_overlap"": 1, ""column_overlap"": 3}]",completed,82,10,63
500,176,proximal-replay,2,",",pity,99,99,99,,2,4,0,0,,123,"[{""word"": ""pity"", ""timed_overlap"": 2, ""column_overlap"": 4}, {""word"": ""throat"", ""timed_overlap"": 2, ""column_overlap"": 3}, {""word"": ""Next"", ""timed_overlap"": 2, ""column_overlap"": 3}, {""word"": ""palace"", ""timed_overlap"": 2, ""column_overlap"": 2}, {""word"": ""Alfin"", ""timed_overlap"": 2, ""column_overlap"": 2}]",completed,73,10,63
500,176,proximal-replay,3,she,Taylor,95,95,95,,3,4,0,0,,135,"[{""word"": ""Taylor"", ""timed_overlap"": 3, ""column_overlap"": 4}, {""word"": ""sentiment"", ""timed_overlap"": 2, ""column_overlap"": 3}, {""word"": ""Barbaik"", ""timed_overlap"": 2, ""column_overlap"": 2}, {""word"": ""soft"", ""timed_overlap"": 2, ""column_overlap"": 2}, {""word"": ""commanded"", ""timed_overlap"": 1, ""column_overlap"": 3}]",completed,73,10,64
500,176,proximal-replay,4,wanted,queer,96,96,96,,2,3,0,0,,120,"[{""word"": ""queer"", ""timed_overlap"": 2, ""column_overlap"": 3}, {""word"": ""those"", ""timed_overlap"": 2, ""column_overlap"": 2}, {""word"": ""jewels"", ""timed_overlap"": 1, ""column_overlap"": 4}, {""word"": ""twinkle"", ""timed_overlap"": 1, ""column_overlap"": 4}, {""word"": ""lifted"", ""timed_overlap"": 1, ""column_overlap"": 4}]",completed,73,10,63
500,177,proximal-replay,1,helmet,indeed,100,100,100,,2,3,0,0,,108,"[{""word"": ""indeed"", ""timed_overlap"": 2, ""column_overlap"": 3}, {""word"": ""eye"", ""timed_overlap"": 2, ""column_overlap"": 2}, {""word"": ""Jem"", ""timed_overlap"": 2, ""column_overlap"": 2}, {""word"": ""red"", ""timed_overlap"": 1, ""column_overlap"": 3}, {""word"": ""Now"", ""timed_overlap"": 1, ""column_overlap"": 3}]",completed,91,10,63
500,177,proximal-replay,2,off,should,98,98,98,,2,5,0,0,,124,"[{""word"": ""should"", ""timed_overlap"": 2, ""column_overlap"": 5}, {""word"": ""Reddy"", ""timed_overlap"": 2, ""column_overlap"": 4}, {""word"": ""teach"", ""timed_overlap"": 2, ""column_overlap"": 3}, {""word"": ""Nobody"", ""timed_overlap"": 2, ""column_overlap"": 2}, {""word"": ""Beautiful"", ""timed_overlap"": 2, ""column_overlap"": 2}]",completed,73,10,72
500,177,proximal-replay,3,again,She,100,100,100,,2,3,0,0,,104,"[{""word"": ""She"", ""timed_overlap"": 2, ""column_overlap"": 3}, {""word"": ""nearer"", ""timed_overlap"": 2, ""column_overlap"": 3}, {""word"": ""his"", ""timed_overlap"": 2, ""column_overlap"": 2}, {""word"": ""impossible"", ""timed_overlap"": 2, ""column_overlap"": 2}, {""word"": ""dark"", ""timed_overlap"": 1, ""column_overlap"": 4}]",completed,82,10,72
500,177,proximal-replay,4,--,Clow,99,99,99,,2,4,0,0,,117,"[{""word"": ""Clow"", ""timed_overlap"": 2, ""column_overlap"": 4}, {""word"": ""'d"", ""timed_overlap"": 2, ""column_overlap"": 3}, {""word"": ""Taylor"", ""timed_overlap"": 2, ""column_overlap"": 3}, {""word"": ""thinks"", ""timed_overlap"": 2, ""column_overlap"": 3}, {""word"": ""bared"", ""timed_overlap"": 2, ""column_overlap"": 3}]",completed,82,10,72
500,178,proximal-replay,1,he,heard,100,100,100,,2,3,0,0,,121,"[{""word"": ""heard"", ""timed_overlap"": 2, ""column_overlap"": 3}, {""word"": ""enchantress"", ""timed_overlap"": 2, ""column_overlap"": 3}, {""word"": ""shy"", ""timed_overlap"": 2, ""column_overlap"": 2}, {""word"": ""helmet"", ""timed_overlap"": 2, ""column_overlap"": 2}, {""word"": ""sensible"", ""timed_overlap"": 2, ""column_overlap"": 2}]",completed,91,10,63
500,178,proximal-replay,2,will,'s,98,98,98,,2,2,0,0,,146,"[{""word"": ""'s"", ""timed_overlap"": 2, ""column_overlap"": 2}, {""word"": ""Bassett"", ""timed_overlap"": 2, ""column_overlap"": 2}, {""word"": ""frozen"", ""timed_overlap"": 2, ""column_overlap"": 2}, {""word"": ""being"", ""timed_overlap"": 2, ""column_overlap"": 2}, {""word"": ""wine"", ""timed_overlap"": 2, ""column_overlap"": 2}]",completed,73,10,45
500,178,proximal-replay,3,be,suit,95,95,95,,2,3,0,0,,120,"[{""word"": ""suit"", ""timed_overlap"": 2, ""column_overlap"": 3}, {""word"": ""exclaimed"", ""timed_overlap"": 2, ""column_overlap"": 3}, {""word"": ""let"", ""timed_overlap"": 2, ""column_overlap"": 2}, {""word"": ""thought"", ""timed_overlap"": 2, ""column_overlap"": 2}, {""word"": ""business"", ""timed_overlap"": 1, ""column_overlap"": 4}]",completed,55,10,64
500,178,proximal-replay,4,here,horse,99,99,99,,2,4,0,0,,122,"[{""word"": ""horse"", ""timed_overlap"": 2, ""column_overlap"": 4}, {""word"": ""Gray"", ""timed_overlap"": 2, ""column_overlap"": 2}, {""word"": ""queer"", ""timed_overlap"": 2, ""column_overlap"": 2}, {""word"": ""1715"", ""timed_overlap"": 2, ""column_overlap"": 2}, {""word"": ""drew"", ""timed_overlap"": 2, ""column_overlap"": 2}]",completed,73,10,72
500,179,proximal-replay,1,the,lonesome,98,98,98,,2,3,0,0,,115,"[{""word"": ""lonesome"", ""timed_overlap"": 2, ""column_overlap"": 3}, {""word"": ""however"", ""timed_overlap"": 2, ""column_overlap"": 3}, {""word"": ""BEN"", ""timed_overlap"": 2, ""column_overlap"": 2}, {""word"": ""about"", ""timed_overlap"": 2, ""column_overlap"": 2}, {""word"": ""running"", ""timed_overlap"": 2, ""column_overlap"": 2}]",completed,73,10,72
500,179,proximal-replay,2,snow,running,100,100,100,,2,3,0,0,,110,"[{""word"": ""running"", ""timed_overlap"": 2, ""column_overlap"": 3}, {""word"": ""Magyars"", ""timed_overlap"": 2, ""column_overlap"": 3}, {""word"": ""Sometimes"", ""timed_overlap"": 2, ""column_overlap"": 3}, {""word"": ""bust"", ""timed_overlap"": 2, ""column_overlap"": 2}, {""word"": ""whenever"", ""timed_overlap"": 2, ""column_overlap"": 2}]",completed,82,10,72
500,179,proximal-replay,3,Danny,tried,100,100,100,,2,4,0,0,,127,"[{""word"": ""tried"", ""timed_overlap"": 2, ""column_overlap"": 4}, {""word"": ""something"", ""timed_overlap"": 2, ""column_overlap"": 2}, {""word"": ""rank"", ""timed_overlap"": 1, ""column_overlap"": 4}, {""word"": ""grown"", ""timed_overlap"": 1, ""column_overlap"": 4}, {""word"": ""remorsefully"", ""timed_overlap"": 1, ""column_overlap"": 3}]",completed,82,10,63
500,179,proximal-replay,4,Meadow,Rogers,97,97,97,,2,4,0,0,,148,"[{""word"": ""Rogers"", ""timed_overlap"": 2, ""column_overlap"": 4}, {""word"": ""post"", ""timed_overlap"": 2, ""column_overlap"": 3}, {""word"": ""amiss"", ""timed_overlap"": 2, ""column_overlap"": 3}, {""word"": ""servants"", ""timed_overlap"": 2, ""column_overlap"": 2}, {""word"": ""laid"", ""timed_overlap"": 2, ""column_overlap"": 2}]",completed,73,10,72
500,180,proximal-replay,1,'','',100,100,100,,2,2,2,2,1,94,"[{""word"": ""''"", ""timed_overlap"": 2, ""column_overlap"": 2}, {""word"": ""enough"", ""timed_overlap"": 1, ""column_overlap"": 4}, {""word"": ""departs"", ""timed_overlap"": 1, ""column_overlap"": 3}, {""word"": ""tell"", ""timed_overlap"": 1, ""column_overlap"": 3}, {""word"": ""wind"", ""timed_overlap"": 1, ""column_overlap"": 3}]",completed,100,10,54
500,180,proximal-replay,2,cried,said,99,99,99,,3,3,0,0,,95,"[{""word"": ""said"", ""timed_overlap"": 3, ""column_overlap"": 3}, {""word"": ""Sometimes"", ""timed_overlap"": 2, ""column_overlap"": 3}, {""word"": ""bust"", ""timed_overlap"": 2, ""column_overlap"": 3}, {""word"": ""Matthew"", ""timed_overlap"": 2, ""column_overlap"": 2}, {""word"": ""underneath"", ""timed_overlap"": 1, ""column_overlap"": 3}]",completed,64,10,63
500,180,proximal-replay,3,my,somehow,100,100,100,,2,3,0,0,,95,"[{""word"": ""somehow"", ""timed_overlap"": 2, ""column_overlap"": 3}, {""word"": ""reigned"", ""timed_overlap"": 1, ""column_overlap"": 3}, {""word"": ""tittered"", ""timed_overlap"": 1, ""column_overlap"": 3}, {""word"": ""wilt"", ""timed_overlap"": 1, ""column_overlap"": 3}, {""word"": ""mature"", ""timed_overlap"": 1, ""column_overlap"": 3}]",completed,73,10,54
500,180,proximal-replay,4,mother,platform,96,96,96,,2,4,0,0,,118,"[{""word"": ""platform"", ""timed_overlap"": 2, ""column_overlap"": 4}, {""word"": ""Clow"", ""timed_overlap"": 2, ""column_overlap"": 2}, {""word"": ""Fellow"", ""timed_overlap"": 2, ""column_overlap"": 2}, {""word"": ""carriage"", ""timed_overlap"": 1, ""column_overlap"": 5}, {""word"": ""lads"", ""timed_overlap"": 1, ""column_overlap"": 5}]",completed,64,10,72
500,181,proximal-replay,1,of,Marco,100,100,100,,2,2,0,0,,94,"[{""word"": ""Marco"", ""timed_overlap"": 2, ""column_overlap"": 2}, {""word"": ""habit"", ""timed_overlap"": 2, ""column_overlap"": 2}, {""word"": ""Spirit"", ""timed_overlap"": 2, ""column_overlap"": 2}, {""word"": ""indeed"", ""timed_overlap"": 1, ""column_overlap"": 3}, {""word"": ""give"", ""timed_overlap"": 1, ""column_overlap"": 3}]",completed,100,10,63
500,181,proximal-replay,2,clouded,morning,99,99,99,,2,3,0,0,,130,"[{""word"": ""morning"", ""timed_overlap"": 2, ""column_overlap"": 3}, {""word"": ""like"", ""timed_overlap"": 2, ""column_overlap"": 3}, {""word"": ""Spirit"", ""timed_overlap"": 2, ""column_overlap"": 3}, {""word"": ""common"", ""timed_overlap"": 2, ""column_overlap"": 3}, {""word"": ""big"", ""timed_overlap"": 2, ""column_overlap"": 2}]",completed,73,10,72
500,181,proximal-replay,3,blue,remembering,100,100,100,,2,3,0,0,,111,"[{""word"": ""remembering"", ""timed_overlap"": 2, ""column_overlap"": 3}, {""word"": ""Square"", ""timed_overlap"": 2, ""column_overlap"": 2}, {""word"": ""satisfied"", ""timed_overlap"": 1, ""column_overlap"": 4}, {""word"": ""turned"", ""timed_overlap"": 1, ""column_overlap"": 3}, {""word"": ""roar"", ""timed_overlap"": 1, ""column_overlap"": 3}]",completed,82,10,63
500,181,proximal-replay,4,with,sort,100,100,100,,2,3,0,0,,99,"[{""word"": ""sort"", ""timed_overlap"": 2, ""column_overlap"": 3}, {""word"": ""Felicity"", ""timed_overlap"": 2, ""column_overlap"": 3}, {""word"": ""welcome"", ""timed_overlap"": 2, ""column_overlap"": 2}, {""word"": ""Peerless"", ""timed_overlap"": 1, ""column_overlap"": 4}, {""word"": ""sight"", ""timed_overlap"": 1, ""column_overlap"": 4}]",completed,73,10,63
500,182,proximal-replay,1,",",miles,99,99,99,,2,3,0,0,,115,"[{""word"": ""miles"", ""timed_overlap"": 2, ""column_overlap"": 3}, {""word"": ""Please"", ""timed_overlap"": 2, ""column_overlap"": 2}, {""word"": ""field"", ""timed_overlap"": 2, ""column_overlap"": 2}, {""word"": ""came"", ""timed_overlap"": 2, ""column_overlap"": 2}, {""word"": ""lord"", ""timed_overlap"": 2, ""column_overlap"": 2}]",completed,73,10,63
500,182,proximal-replay,2,',Davy,100,100,100,,2,2,0,0,,124,"[{""word"": ""Davy"", ""timed_overlap"": 2, ""column_overlap"": 2}, {""word"": ""troublous"", ""timed_overlap"": 1, ""column_overlap"": 4}, {""word"": ""honey"", ""timed_overlap"": 1, ""column_overlap"": 4}, {""word"": ""spoke"", ""timed_overlap"": 1, ""column_overlap"": 3}, {""word"": ""overhead"", ""timed_overlap"": 1, ""column_overlap"": 3}]",completed,73,10,54
500,182,proximal-replay,3,I,CHAPTER,98,98,98,,2,3,0,0,,115,"[{""word"": ""CHAPTER"", ""timed_overlap"": 2, ""column_overlap"": 3}, {""word"": ""solemnly"", ""timed_overlap"": 2, ""column_overlap"": 2}, {""word"": ""astray"", ""timed_overlap"": 2, ""column_overlap"": 2}, {""word"": ""upon"", ""timed_overlap"": 2, ""column_overlap"": 2}, {""word"": ""forbidden"", ""timed_overlap"": 1, ""column_overlap"": 5}]",completed,64,10,54
500,182,proximal-replay,4,said,appeared,92,92,92,,2,4,0,0,,133,"[{""word"": ""appeared"", ""timed_overlap"": 2, ""column_overlap"": 4}, {""word"": ""Robert"", ""timed_overlap"": 2, ""column_overlap"": 3}, {""word"": ""XXIII"", ""timed_overlap"": 2, ""column_overlap"": 3}, {""word"": ""tore"", ""timed_overlap"": 2, ""column_overlap"": 2}, {""word"": ""had"", ""timed_overlap"": 2, ""column_overlap"": 2}]",completed,64,10,64
500,183,proximal-replay,1,a,promise,100,100,100,,2,4,0,0,,143,"[{""word"": ""promise"", ""timed_overlap"": 2, ""column_overlap"": 4}, {""word"": ""many"", ""timed_overlap"": 2, ""column_overlap"": 4}, {""word"": ""father"", ""timed_overlap"": 2, ""column_overlap"": 3}, {""word"": ""glanced"", ""timed_overlap"": 2, ""column_overlap"": 3}, {""word"": ""approved"", ""timed_overlap"": 2, ""column_overlap"": 3}]",completed,100,10,54
500,183,proximal-replay,2,few,mind,97,97,97,,3,3,0,0,,151,"[{""word"": ""mind"", ""timed_overlap"": 3, ""column_overlap"": 3}, {""word"": ""palace"", ""timed_overlap"": 2, ""column_overlap"": 4}, {""word"": ""dares"", ""timed_overlap"": 2, ""column_overlap"": 3}, {""word"": ""Tales"", ""timed_overlap"": 2, ""column_overlap"": 3}, {""word"": ""whither"", ""timed_overlap"": 2, ""column_overlap"": 3}]",completed,64,10,54
500,183,proximal-replay,3,minutes,turns,95,95,95,,2,4,0,0,,171,"[{""word"": ""turns"", ""timed_overlap"": 2, ""column_overlap"": 4}, {""word"": ""praised"", ""timed_overlap"": 2, ""column_overlap"": 3}, {""word"": ""immensely"", ""timed_overlap"": 2, ""column_overlap"": 3}, {""word"": ""went"", ""timed_overlap"": 2, ""column_overlap"": 3}, {""word"": ""haunting"", ""timed_overlap"": 2, ""column_overlap"": 2}]",completed,64,10,63
500,183,proximal-replay,4,sat,ladylike,99,99,99,,2,3,0,0,,130,"[{""word"": ""ladylike"", ""timed_overlap"": 2, ""column_overlap"": 3}, {""word"": ""garret"", ""timed_overlap"": 2, ""column_overlap"": 2}, {""word"": ""Ginger"", ""timed_overlap"": 2, ""column_overlap"": 2}, {""word"": ""good"", ""timed_overlap"": 2, ""column_overlap"": 2}, {""word"": ""shall"", ""timed_overlap"": 1, ""column_overlap"": 4}]",completed,73,10,63
500,184,proximal-replay,1,it,times,98,98,98,,2,3,0,0,,140,"[{""word"": ""times"", ""timed_overlap"": 2, ""column_overlap"": 3}, {""word"": ""pen"", ""timed_overlap"": 2, ""column_overlap"": 3}, {""word"": ""ordered"", ""timed_overlap"": 2, ""column_overlap"": 3}, {""word"": ""overhead"", ""timed_overlap"": 2, ""column_overlap"": 2}, {""word"": ""practice"", ""timed_overlap"": 2, ""column_overlap"": 2}]",completed,82,10,63
500,184,proximal-replay,2,terrible,while,97,97,97,,2,3,0,0,,109,"[{""word"": ""while"", ""timed_overlap"": 2, ""column_overlap"": 3}, {""word"": ""detest"", ""timed_overlap"": 2, ""column_overlap"": 3}, {""word"": ""''"", ""timed_overlap"": 2, ""column_overlap"": 2}, {""word"": ""mind"", ""timed_overlap"": 2, ""column_overlap"": 2}, {""word"": ""excuse"", ""timed_overlap"": 2, ""column_overlap"": 2}]",completed,73,10,72
500,184,proximal-replay,3,frivolous,always,94,94,94,,2,3,0,0,,108,"[{""word"": ""always"", ""timed_overlap"": 2, ""column_overlap"": 3}, {""word"": ""recovered"", ""timed_overlap"": 2, ""column_overlap"": 3}, {""word"": ""lifted"", ""timed_overlap"": 2, ""column_overlap"": 3}, {""word"": ""Then"", ""timed_overlap"": 2, ""column_overlap"": 2}, {""word"": ""land"", ""timed_overlap"": 2, ""column_overlap"": 2}]",completed,82,10,45
500,184,proximal-replay,4,and,Robert,90,90,90,,2,3,0,0,,102,"[{""word"": ""Robert"", ""timed_overlap"": 2, ""column_overlap"": 3}, {""word"": ""mud"", ""timed_overlap"": 2, ""column_overlap"": 3}, {""word"": ""'em"", ""timed_overlap"": 2, ""column_overlap"": 2}, {""word"": ""doubly"", ""timed_overlap"": 2, ""column_overlap"": 2}, {""word"": ""spied"", ""timed_overlap"": 1, ""column_overlap"": 4}]",completed,55,10,54
500,185,proximal-replay,1,daughter,gay,99,99,99,,2,4,0,0,,109,"[{""word"": ""gay"", ""timed_overlap"": 2, ""column_overlap"": 4}, {""word"": ""talked"", ""timed_overlap"": 2, ""column_overlap"": 3}, {""word"": ""most"", ""timed_overlap"": 2, ""column_overlap"": 2}, {""word"": ""III"", ""timed_overlap"": 1, ""column_overlap"": 4}, {""word"": ""Williamson"", ""timed_overlap"": 1, ""column_overlap"": 4}]",completed,91,10,72
500,185,proximal-replay,2,the,',95,95,95,,2,2,1,1,94,117,"[{""word"": ""'"", ""timed_overlap"": 2, ""column_overlap"": 2}, {""word"": ""mean"", ""timed_overlap"": 2, ""column_overlap"": 2}, {""word"": ""ride"", ""timed_overlap"": 2, ""column_overlap"": 2}, {""word"": ""particular"", ""timed_overlap"": 1, ""column_overlap"": 3}, {""word"": ""inches"", ""timed_overlap"": 1, ""column_overlap"": 3}]",completed,82,10,72
500,185,proximal-replay,3,price,said,99,99,99,,2,5,0,0,,91,"[{""word"": ""said"", ""timed_overlap"": 2, ""column_overlap"": 5}, {""word"": ""chop"", ""timed_overlap"": 2, ""column_overlap"": 2}, {""word"": ""Lightfoot"", ""timed_overlap"": 1, ""column_overlap"": 4}, {""word"": ""excuse"", ""timed_overlap"": 1, ""column_overlap"": 3}, {""word"": ""CHAPTER"", ""timed_overlap"": 1, ""column_overlap"": 3}]",completed,82,10,54
500,185,proximal-replay,4,of,recitations,100,100,100,,2,3,0,0,,107,"[{""word"": ""recitations"", ""timed_overlap"": 2, ""column_overlap"": 3}, {""word"": ""Faith"", ""timed_overlap"": 2, ""column_overlap"": 3}, {""word"": ""wore"", ""timed_overlap"": 2, ""column_overlap"": 2}, {""word"": ""big"", ""timed_overlap"": 2, ""column_overlap"": 2}, {""word"": ""added"", ""timed_overlap"": 1, ""column_overlap"": 3}]",completed,64,10,72
500,186,proximal-replay,1,far,Hugh,99,99,99,,2,4,0,0,,131,"[{""word"": ""Hugh"", ""timed_overlap"": 2, ""column_overlap"": 4}, {""word"": ""--"", ""timed_overlap"": 2, ""column_overlap"": 3}, {""word"": ""glazed"", ""timed_overlap"": 2, ""column_overlap"": 2}, {""word"": ""little"", ""timed_overlap"": 2, ""column_overlap"": 2}, {""word"": ""you"", ""timed_overlap"": 2, ""column_overlap"": 2}]",completed,73,10,54
500,186,proximal-replay,2,a,swearing,98,98,98,,3,3,0,0,,127,"[{""word"": ""swearing"", ""timed_overlap"": 3, ""column_overlap"": 3}, {""word"": ""snuff-box"", ""timed_overlap"": 2, ""column_overlap"": 3}, {""word"": ""platform"", ""timed_overlap"": 2, ""column_overlap"": 3}, {""word"": ""every"", ""timed_overlap"": 2, ""column_overlap"": 3}, {""word"": ""swears"", ""timed_overlap"": 2, ""column_overlap"": 3}]",completed,64,10,55
500,186,proximal-replay,3,way,wheeled,96,96,96,,2,4,0,0,,142,"[{""word"": ""wheeled"", ""timed_overlap"": 2, ""column_overlap"": 4}, {""word"": ""heated"", ""timed_overlap"": 2, ""column_overlap"": 3}, {""word"": ""fourth"", ""timed_overlap"": 2, ""column_overlap"": 3}, {""word"": ""but"", ""timed_overlap"": 2, ""column_overlap"": 3}, {""word"": ""Blythe"", ""timed_overlap"": 2, ""column_overlap"": 3}]",completed,64,10,64
500,186,proximal-replay,4,already,apart,100,100,100,,3,3,0,0,,141,"[{""word"": ""apart"", ""timed_overlap"": 3, ""column_overlap"": 3}, {""word"": ""lifted"", ""timed_overlap"": 2, ""column_overlap"": 4}, {""word"": ""Lucinda"", ""timed_overlap"": 2, ""column_overlap"": 3}, {""word"": ""treat"", ""timed_overlap"": 2, ""column_overlap"": 2}, {""word"": ""washed"", ""timed_overlap"": 2, ""column_overlap"": 2}]",completed,73,10,63
500,187,proximal-replay,1,curious,canvas,100,100,100,,2,2,0,0,,110,"[{""word"": ""canvas"", ""timed_overlap"": 2, ""column_overlap"": 2}, {""word"": ""sisters"", ""timed_overlap"": 2, ""column_overlap"": 2}, {""word"": ""Dot"", ""timed_overlap"": 2, ""column_overlap"": 2}, {""word"": ""moment"", ""timed_overlap"": 1, ""column_overlap"": 3}, {""word"": ""'s"", ""timed_overlap"": 1, ""column_overlap"": 3}]",completed,91,10,72
500,187,proximal-replay,2,thing,approved,100,100,100,,2,3,0,0,,126,"[{""word"": ""approved"", ""timed_overlap"": 2, ""column_overlap"": 3}, {""word"": ""opening"", ""timed_overlap"": 2, ""column_overlap"": 2}, {""word"": ""village"", ""timed_overlap"": 2, ""column_overlap"": 2}, {""word"": ""stern"", ""timed_overlap"": 2, ""column_overlap"": 2}, {""word"": ""posted"", ""timed_overlap"": 2, ""column_overlap"": 2}]",completed,82,10,72
500,187,proximal-replay,3,happened,tittered,100,100,100,,2,3,0,0,,115,"[{""word"": ""tittered"", ""timed_overlap"": 2, ""column_overlap"": 3}, {""word"": ""mistress"", ""timed_overlap"": 2, ""column_overlap"": 3}, {""word"": ""or"", ""timed_overlap"": 2, ""column_overlap"": 2}, {""word"": ""They"", ""timed_overlap"": 2, ""column_overlap"": 2}, {""word"": ""shall"", ""timed_overlap"": 2, ""column_overlap"": 2}]",completed,82,10,63
500,187,proximal-replay,4,.,about,96,96,96,,2,3,0,0,,120,"[{""word"": ""about"", ""timed_overlap"": 2, ""column_overlap"": 3}, {""word"": ""bear"", ""timed_overlap"": 2, ""column_overlap"": 3}, {""word"": ""office"", ""timed_overlap"": 2, ""column_overlap"": 3}, {""word"": ""Paul"", ""timed_overlap"": 2, ""column_overlap"": 3}, {""word"": ""Though"", ""timed_overlap"": 2, ""column_overlap"": 2}]",completed,73,10,63
500,188,proximal-replay,1,the,tired,100,100,100,,2,3,0,0,,146,"[{""word"": ""tired"", ""timed_overlap"": 2, ""column_overlap"": 3}, {""word"": ""spending"", ""timed_overlap"": 2, ""column_overlap"": 2}, {""word"": ""Folks"", ""timed_overlap"": 2, ""column_overlap"": 2}, {""word"": ""hearts"", ""timed_overlap"": 2, ""column_overlap"": 2}, {""word"": ""reigned"", ""timed_overlap"": 2, ""column_overlap"": 2}]",completed,82,10,63
500,188,proximal-replay,2,poor,experienced,99,99,99,,2,4,0,0,,142,"[{""word"": ""experienced"", ""timed_overlap"": 2, ""column_overlap"": 4}, {""word"": ""my"", ""timed_overlap"": 2, ""column_overlap"": 3}, {""word"": ""seek"", ""timed_overlap"": 2, ""column_overlap"": 3}, {""word"": ""companioned"", ""timed_overlap"": 2, ""column_overlap"": 3}, {""word"": ""Kindly"", ""timed_overlap"": 2, ""column_overlap"": 3}]",completed,73,10,72
500,188,proximal-replay,3,girl,central,99,99,99,,2,3,0,0,,102,"[{""word"": ""central"", ""timed_overlap"": 2, ""column_overlap"": 3}, {""word"": ""Beautiful"", ""timed_overlap"": 2, ""column_overlap"": 2}, {""word"": ""scoop"", ""timed_overlap"": 1, ""column_overlap"": 4}, {""word"": ""Skunk"", ""timed_overlap"": 1, ""column_overlap"": 3}, {""word"": ""grown"", ""timed_overlap"": 1, ""column_overlap"": 3}]",completed,82,10,63
500,188,proximal-replay,4,",",wine,98,98,98,,2,2,0,0,,124,"[{""word"": ""wine"", ""timed_overlap"": 2, ""column_overlap"": 2}, {""word"": ""thanked"", ""timed_overlap"": 1, ""column_overlap"": 4}, {""word"": ""But"", ""timed_overlap"": 1, ""column_overlap"": 4}, {""word"": ""here"", ""timed_overlap"": 1, ""column_overlap"": 3}, {""word"": ""forbidden"", ""timed_overlap"": 1, ""column_overlap"": 3}]",completed,73,10,72
500,189,proximal-replay,1,image,lest,100,100,100,,2,4,0,0,,112,"[{""word"": ""lest"", ""timed_overlap"": 2, ""column_overlap"": 4}, {""word"": ""Jem"", ""timed_overlap"": 2, ""column_overlap"": 2}, {""word"": ""Sammy"", ""timed_overlap"": 2, ""column_overlap"": 2}, {""word"": ""hive"", ""timed_overlap"": 2, ""column_overlap"": 2}, {""word"": ""seemed"", ""timed_overlap"": 2, ""column_overlap"": 2}]",completed,82,10,72
500,189,proximal-replay,2,of,Davis,94,94,94,,2,4,0,0,,143,"[{""word"": ""Davis"", ""timed_overlap"": 2, ""column_overlap"": 4}, {""word"": ""grass"", ""timed_overlap"": 2, ""column_overlap"": 3}, {""word"": ""good"", ""timed_overlap"": 2, ""column_overlap"": 3}, {""word"": ""pity"", ""timed_overlap"": 2, ""column_overlap"": 2}, {""word"": ""herself"", ""timed_overlap"": 2, ""column_overlap"": 2}]",completed,82,10,63
500,189,proximal-replay,3,Wildrose,sight,100,100,100,,2,4,0,0,,97,"[{""word"": ""sight"", ""timed_overlap"": 2, ""column_overlap"": 4}, {""word"": ""pity"", ""timed_overlap"": 2, ""column_overlap"": 4}, {""word"": ""today"", ""timed_overlap"": 2, ""column_overlap"": 4}, {""word"": ""throat"", ""timed_overlap"": 2, ""column_overlap"": 2}, {""word"": ""Alfin"", ""timed_overlap"": 2, ""column_overlap"": 2}]",completed,73,10,63
500,189,proximal-replay,4,filled,got,100,100,100,,2,3,0,0,,123,"[{""word"": ""got"", ""timed_overlap"": 2, ""column_overlap"": 3}, {""word"": ""Scott"", ""timed_overlap"": 2, ""column_overlap"": 2}, {""word"": ""closing"", ""timed_overlap"": 2, ""column_overlap"": 2}, {""word"": ""These"", ""timed_overlap"": 2, ""column_overlap"": 2}, {""word"": ""sensible"", ""timed_overlap"": 1, ""column_overlap"": 4}]",completed,73,10,63
500,190,proximal-replay,1,be,Eric,100,100,100,,2,3,0,0,,117,"[{""word"": ""Eric"", ""timed_overlap"": 2, ""column_overlap"": 3}, {""word"": ""worse"", ""timed_overlap"": 2, ""column_overlap"": 3}, {""word"": ""Princess"", ""timed_overlap"": 2, ""column_overlap"": 3}, {""word"": ""She"", ""timed_overlap"": 2, ""column_overlap"": 2}, {""word"": ""ran"", ""timed_overlap"": 2, ""column_overlap"": 2}]",completed,100,10,72
500,190,proximal-replay,2,admitted,twinkle,100,100,100,,2,4,0,0,,103,"[{""word"": ""twinkle"", ""timed_overlap"": 2, ""column_overlap"": 4}, {""word"": ""good"", ""timed_overlap"": 2, ""column_overlap"": 3}, {""word"": ""wish"", ""timed_overlap"": 2, ""column_overlap"": 2}, {""word"": ""angel"", ""timed_overlap"": 2, ""column_overlap"": 2}, {""word"": ""'m"", ""timed_overlap"": 2, ""column_overlap"": 2}]",completed,82,10,72
500,190,proximal-replay,3,to,Daisy,100,100,100,,2,3,0,0,,119,"[{""word"": ""Daisy"", ""timed_overlap"": 2, ""column_overlap"": 3}, {""word"": ""certainly"", ""timed_overlap"": 2, ""column_overlap"": 3}, {""word"": ""Bessy"", ""timed_overlap"": 2, ""column_overlap"": 3}, {""word"": ""wiped"", ""timed_overlap"": 2, ""column_overlap"": 2}, {""word"": ""blue"", ""timed_overlap"": 2, ""column_overlap"": 2}]",completed,82,10,63
500,190,proximal-replay,4,his,snow,97,97,97,,2,3,0,0,,124,"[{""word"": ""snow"", ""timed_overlap"": 2, ""column_overlap"": 3}, {""word"": ""Cheering"", ""timed_overlap"": 2, ""column_overlap"": 2}, {""word"": ""fire"", ""timed_overlap"": 2, ""column_overlap"": 2}, {""word"": ""why"", ""timed_overlap"": 2, ""column_overlap"": 2}, {""word"": ""Amy"", ""timed_overlap"": 2, ""column_overlap"": 2}]",completed,73,10,37
500,191,proximal-replay,1,the,agreement,100,100,100,,2,3,0,0,,124,"[{""word"": ""agreement"", ""timed_overlap"": 2, ""column_overlap"": 3}, {""word"": ""stand"", ""timed_overlap"": 2, ""column_overlap"": 2}, {""word"": ""or"", ""timed_overlap"": 2, ""column_overlap"": 2}, {""word"": ""break"", ""timed_overlap"": 2, ""column_overlap"": 2}, {""word"": ""night"", ""timed_overlap"": 1, ""column_overlap"": 4}]",completed,91,10,63
500,191,proximal-replay,2,Queen,woman,94,94,94,,2,3,0,0,,119,"[{""word"": ""woman"", ""timed_overlap"": 2, ""column_overlap"": 3}, {""word"": ""Now"", ""timed_overlap"": 2, ""column_overlap"": 2}, {""word"": ""Here"", ""timed_overlap"": 2, ""column_overlap"": 2}, {""word"": ""praised"", ""timed_overlap"": 1, ""column_overlap"": 4}, {""word"": ""broad"", ""timed_overlap"": 1, ""column_overlap"": 4}]",completed,73,10,63
500,191,proximal-replay,3,spoke,Davis,100,100,100,,2,3,0,0,,100,"[{""word"": ""Davis"", ""timed_overlap"": 2, ""column_overlap"": 3}, {""word"": ""away"", ""timed_overlap"": 2, ""column_overlap"": 2}, {""word"": ""Priscilla"", ""timed_overlap"": 2, ""column_overlap"": 2}, {""word"": ""wilt"", ""timed_overlap"": 2, ""column_overlap"": 2}, {""word"": ""mere"", ""timed_overlap"": 1, ""column_overlap"": 3}]",completed,73,10,72
500,191,proximal-replay,4,one,sight,100,100,100,,2,4,0,0,,97,"[{""word"": ""sight"", ""timed_overlap"": 2, ""column_overlap"": 4}, {""word"": ""today"", ""timed_overlap"": 2, ""column_overlap"": 4}, {""word"": ""pity"", ""timed_overlap"": 2, ""column_overlap"": 4}, {""word"": ""throat"", ""timed_overlap"": 2, ""column_overlap"": 2}, {""word"": ""Alfin"", ""timed_overlap"": 2, ""column_overlap"": 2}]",completed,82,10,63
500,192,proximal-replay,1,recovered,been,99,99,99,,2,4,0,0,,102,"[{""word"": ""been"", ""timed_overlap"": 2, ""column_overlap"": 4}, {""word"": ""Marcella"", ""timed_overlap"": 2, ""column_overlap"": 3}, {""word"": ""admitted"", ""timed_overlap"": 2, ""column_overlap"": 3}, {""word"": ""believe"", ""timed_overlap"": 2, ""column_overlap"": 3}, {""word"": ""canvas"", ""timed_overlap"": 1, ""column_overlap"": 3}]",completed,73,10,54
500,192,proximal-replay,2,himself,spur,100,100,100,,2,4,0,0,,130,"[{""word"": ""spur"", ""timed_overlap"": 2, ""column_overlap"": 4}, {""word"": ""heated"", ""timed_overlap"": 2, ""column_overlap"": 3}, {""word"": ""sorry"", ""timed_overlap"": 2, ""column_overlap"": 2}, {""word"": ""habit"", ""timed_overlap"": 2, ""column_overlap"": 2}, {""word"": ""Bowser"", ""timed_overlap"": 2, ""column_overlap"": 2}]",completed,64,10,72
500,192,proximal-replay,3,a,Bowser,95,95,95,,2,3,0,0,,130,"[{""word"": ""Bowser"", ""timed_overlap"": 2, ""column_overlap"": 3}, {""word"": ""bluntly"", ""timed_overlap"": 2, ""column_overlap"": 2}, {""word"": ""Mr."", ""timed_overlap"": 2, ""column_overlap"": 2}, {""word"": ""both"", ""timed_overlap"": 1, ""column_overlap"": 4}, {""word"": ""where"", ""timed_overlap"": 1, ""column_overlap"": 3}]",completed,82,10,64
500,192,proximal-replay,4,little,Nature,99,99,99,,2,3,0,0,,132,"[{""word"": ""Nature"", ""timed_overlap"": 2, ""column_overlap"": 3}, {""word"": ""doubt"", ""timed_overlap"": 2, ""column_overlap"": 3}, {""word"": ""SAMMY"", ""timed_overlap"": 2, ""column_overlap"": 3}, {""word"": ""chatter"", ""timed_overlap"": 2, ""column_overlap"": 2}, {""word"": ""Priscilla"", ""timed_overlap"": 2, ""column_overlap"": 2}]",completed,73,10,36
500,193,proximal-replay,1,me,the,100,100,100,,2,2,1,1,36,66,"[{""word"": ""the"", ""timed_overlap"": 2, ""column_overlap"": 2}, {""word"": ""however"", ""timed_overlap"": 1, ""column_overlap"": 4}, {""word"": ""helmet"", ""timed_overlap"": 1, ""column_overlap"": 2}, {""word"": ""Nature"", ""timed_overlap"": 1, ""column_overlap"": 2}, {""word"": ""squishing"", ""timed_overlap"": 1, ""column_overlap"": 2}]",completed,100,10,72
500,193,proximal-replay,2,in,Jem,100,100,100,,2,2,0,0,,109,"[{""word"": ""Jem"", ""timed_overlap"": 2, ""column_overlap"": 2}, {""word"": ""Sammy"", ""timed_overlap"": 2, ""column_overlap"": 2}, {""word"": ""hive"", ""timed_overlap"": 2, ""column_overlap"": 2}, {""word"": ""lest"", ""timed_overlap"": 1, ""column_overlap"": 4}, {""word"": ""Beautiful"", ""timed_overlap"": 1, ""column_overlap"": 3}]",completed,82,10,54
500,193,proximal-replay,3,the,staring,94,94,94,,2,3,0,0,,146,"[{""word"": ""staring"", ""timed_overlap"": 2, ""column_overlap"": 3}, {""word"": ""violently"", ""timed_overlap"": 2, ""column_overlap"": 3}, {""word"": ""task"", ""timed_overlap"": 2, ""column_overlap"": 3}, {""word"": ""peeped"", ""timed_overlap"": 2, ""column_overlap"": 3}, {""word"": ""This"", ""timed_overlap"": 2, ""column_overlap"": 2}]",completed,64,10,63
500,193,proximal-replay,4,study,sure,96,96,96,,2,3,0,0,,135,"[{""word"": ""sure"", ""timed_overlap"": 2, ""column_overlap"": 3}, {""word"": ""impossible"", ""timed_overlap"": 2, ""column_overlap"": 2}, {""word"": ""mercy"", ""timed_overlap"": 2, ""column_overlap"": 2}, {""word"": ""taking"", ""timed_overlap"": 2, ""column_overlap"": 2}, {""word"": ""came"", ""timed_overlap"": 2, ""column_overlap"": 2}]",completed,73,10,72
500,194,proximal-replay,1,river,dreams,100,100,100,,2,3,0,0,,100,"[{""word"": ""dreams"", ""timed_overlap"": 2, ""column_overlap"": 3}, {""word"": ""Dot"", ""timed_overlap"": 2, ""column_overlap"": 3}, {""word"": ""your"", ""timed_overlap"": 2, ""column_overlap"": 2}, {""word"": ""Because"", ""timed_overlap"": 2, ""column_overlap"": 2}, {""word"": ""now"", ""timed_overlap"": 1, ""column_overlap"": 4}]",completed,91,10,72
500,194,proximal-replay,2,glided,!,100,100,100,,2,3,0,0,,134,"[{""word"": ""!"", ""timed_overlap"": 2, ""column_overlap"": 3}, {""word"": ""feller"", ""timed_overlap"": 2, ""column_overlap"": 2}, {""word"": ""Many"", ""timed_overlap"": 2, ""column_overlap"": 2}, {""word"": ""frightened"", ""timed_overlap"": 1, ""column_overlap"": 4}, {""word"": ""washed"", ""timed_overlap"": 1, ""column_overlap"": 4}]",completed,82,10,63
500,194,proximal-replay,3,",",letter,96,96,96,,2,2,0,0,,143,"[{""word"": ""letter"", ""timed_overlap"": 2, ""column_overlap"": 2}, {""word"": ""broidered"", ""timed_overlap"": 2, ""column_overlap"": 2}, {""word"": ""been"", ""timed_overlap"": 1, ""column_overlap"": 5}, {""word"": ""Bassett"", ""timed_overlap"": 1, ""column_overlap"": 4}, {""word"": ""rose"", ""timed_overlap"": 1, ""column_overlap"": 4}]",completed,73,10,63
500,194,proximal-replay,4,like,whenever,95,95,95,,2,4,0,0,,129,"[{""word"": ""whenever"", ""timed_overlap"": 2, ""column_overlap"": 4}, {""word"": ""tremble"", ""timed_overlap"": 2, ""column_overlap"": 2}, {""word"": ""of"", ""timed_overlap"": 2, ""column_overlap"": 2}, {""word"": ""BEN"", ""timed_overlap"": 2, ""column_overlap"": 2}, {""word"": ""they"", ""timed_overlap"": 2, ""column_overlap"": 2}]",completed,73,10,64
500,195,proximal-replay,1,of,XXIII,98,98,98,,2,4,0,0,,151,"[{""word"": ""XXIII"", ""timed_overlap"": 2, ""column_overlap"": 4}, {""word"": ""take"", ""timed_overlap"": 2, ""column_overlap"": 3}, {""word"": ""gray"", ""timed_overlap"": 2, ""column_overlap"": 3}, {""word"": ""broadest"", ""timed_overlap"": 2, ""column_overlap"": 2}, {""word"": ""remarked"", ""timed_overlap"": 2, ""column_overlap"": 2}]",completed,82,10,54
500,195,proximal-replay,2,my,leafy,99,99,99,,2,3,0,0,,129,"[{""word"": ""leafy"", ""timed_overlap"": 2, ""column_overlap"": 3}, {""word"": ""feller"", ""timed_overlap"": 2, ""column_overlap"": 2}, {""word"": ""sure"", ""timed_overlap"": 2, ""column_overlap"": 2}, {""word"": ""Jo"", ""timed_overlap"": 2, ""column_overlap"": 2}, {""word"": ""Robert"", ""timed_overlap"": 2, ""column_overlap"": 2}]",completed,64,10,72
500,195,proximal-replay,3,pen,turns,100,100,100,,1,3,0,0,,84,"[{""word"": ""turns"", ""timed_overlap"": 1, ""column_overlap"": 3}, {""word"": ""let"", ""timed_overlap"": 1, ""column_overlap"": 2}, {""word"": ""church"", ""timed_overlap"": 1, ""column_overlap"": 2}, {""word"": ""said"", ""timed_overlap"": 1, ""column_overlap"": 2}, {""word"": ""evangelist"", ""timed_overlap"": 1, ""column_overlap"": 2}]",completed,82,10,72
500,195,proximal-replay,4,.,shall,100,100,100,,2,4,0,0,,121,"[{""word"": ""shall"", ""timed_overlap"": 2, ""column_overlap"": 4}, {""word"": ""spoke"", ""timed_overlap"": 2, ""column_overlap"": 3}, {""word"": ""garret"", ""timed_overlap"": 2, ""column_overlap"": 3}, {""word"": ""below"", ""timed_overlap"": 2, ""column_overlap"": 2}, {""word"": ""good"", ""timed_overlap"": 2, ""column_overlap"": 2}]",completed,82,10,63
500,196,proximal-replay,1,around,companioned,100,100,100,,2,4,0,0,,141,"[{""word"": ""companioned"", ""timed_overlap"": 2, ""column_overlap"": 4}, {""word"": ""bookcase"", ""timed_overlap"": 2, ""column_overlap"": 3}, {""word"": ""reached"", ""timed_overlap"": 2, ""column_overlap"": 3}, {""word"": ""disagreeable"", ""timed_overlap"": 2, ""column_overlap"": 3}, {""word"": ""XV"", ""timed_overlap"": 2, ""column_overlap"": 2}]",completed,91,10,54
500,196,proximal-replay,2,him,sensible,96,96,96,,2,4,0,0,,140,"[{""word"": ""sensible"", ""timed_overlap"": 2, ""column_overlap"": 4}, {""word"": ""forget"", ""timed_overlap"": 2, ""column_overlap"": 3}, {""word"": ""Lady"", ""timed_overlap"": 2, ""column_overlap"": 2}, {""word"": ""admitted"", ""timed_overlap"": 2, ""column_overlap"": 2}, {""word"": ""Twice"", ""timed_overlap"": 2, ""column_overlap"": 2}]",completed,64,10,55
500,196,proximal-replay,3,a,fall,97,97,97,,2,3,0,0,,127,"[{""word"": ""fall"", ""timed_overlap"": 2, ""column_overlap"": 3}, {""word"": ""an"", ""timed_overlap"": 2, ""column_overlap"": 3}, {""word"": ""applause"", ""timed_overlap"": 2, ""column_overlap"": 2}, {""word"": ""Millie"", ""timed_overlap"": 1, ""column_overlap"": 4}, {""word"": ""remarked"", ""timed_overlap"": 1, ""column_overlap"": 4}]",completed,64,10,72
500,196,proximal-replay,4,long,delighted,100,100,100,,2,3,0,0,,88,"[{""word"": ""delighted"", ""timed_overlap"": 2, ""column_overlap"": 3}, {""word"": ""dragon"", ""timed_overlap"": 1, ""column_overlap"": 3}, {""word"": ""caught"", ""timed_overlap"": 1, ""column_overlap"": 3}, {""word"": ""entered"", ""timed_overlap"": 1, ""column_overlap"": 3}, {""word"": ""Williamson"", ""timed_overlap"": 1, ""column_overlap"": 3}]",completed,82,10,63
500,197,proximal-replay,1,twinkle,Rogers,100,100,100,,2,4,1,1,95,133,"[{""word"": ""Rogers"", ""timed_overlap"": 2, ""column_overlap"": 4}, {""word"": ""none"", ""timed_overlap"": 2, ""column_overlap"": 4}, {""word"": ""Peoples"", ""timed_overlap"": 2, ""column_overlap"": 4}, {""word"": ""knew"", ""timed_overlap"": 2, ""column_overlap"": 2}, {""word"": ""voice"", ""timed_overlap"": 2, ""column_overlap"": 2}]",completed,91,10,72
500,197,proximal-replay,2,in,trim,100,100,100,,2,4,0,0,,128,"[{""word"": ""trim"", ""timed_overlap"": 2, ""column_overlap"": 4}, {""word"": ""pen"", ""timed_overlap"": 2, ""column_overlap"": 3}, {""word"": ""water"", ""timed_overlap"": 2, ""column_overlap"": 2}, {""word"": ""habit"", ""timed_overlap"": 2, ""column_overlap"": 2}, {""word"": ""flashes"", ""timed_overlap"": 2, ""column_overlap"": 2}]",completed,82,10,72
500,197,proximal-replay,3,the,sleep,97,97,97,,2,3,0,0,,140,"[{""word"": ""sleep"", ""timed_overlap"": 2, ""column_overlap"": 3}, {""word"": ""three"", ""timed_overlap"": 2, ""column_overlap"": 2}, {""word"": ""rank"", ""timed_overlap"": 2, ""column_overlap"": 2}, {""word"": ""scoop"", ""timed_overlap"": 2, ""column_overlap"": 2}, {""word"": ""n't"", ""timed_overlap"": 2, ""column_overlap"": 2}]",completed,82,10,63
500,197,proximal-replay,4,eye,recalled,95,95,95,,2,3,0,0,,128,"[{""word"": ""recalled"", ""timed_overlap"": 2, ""column_overlap"": 3}, {""word"": ""Lung"", ""timed_overlap"": 2, ""column_overlap"": 2}, {""word"": ""Assam"", ""timed_overlap"": 2, ""column_overlap"": 2}, {""word"": ""hold"", ""timed_overlap"": 2, ""column_overlap"": 2}, {""word"": ""danced"", ""timed_overlap"": 2, ""column_overlap"": 2}]",completed,73,10,54
500,198,proximal-replay,1,she,puzzling,99,99,99,,2,3,0,0,,127,"[{""word"": ""puzzling"", ""timed_overlap"": 2, ""column_overlap"": 3}, {""word"": ""AND"", ""timed_overlap"": 2, ""column_overlap"": 2}, {""word"": ""confessed"", ""timed_overlap"": 2, ""column_overlap"": 2}, {""word"": ""eye"", ""timed_overlap"": 1, ""column_overlap"": 4}, {""word"": ""before"", ""timed_overlap"": 1, ""column_overlap"": 4}]",completed,73,10,63
500,198,proximal-replay,2,had,instinct,99,99,99,,2,2,0,0,,95,"[{""word"": ""instinct"", ""timed_overlap"": 2, ""column_overlap"": 2}, {""word"": ""study"", ""timed_overlap"": 2, ""column_overlap"": 2}, {""word"": ""wiped"", ""timed_overlap"": 1, ""column_overlap"": 4}, {""word"": ""dragon"", ""timed_overlap"": 1, ""column_overlap"": 3}, {""word"": ""chance"", ""timed_overlap"": 1, ""column_overlap"": 3}]",completed,73,10,72
500,198,proximal-replay,3,not,dragon,98,98,98,,2,3,0,0,,128,"[{""word"": ""dragon"", ""timed_overlap"": 2, ""column_overlap"": 3}, {""word"": ""Peoples"", ""timed_overlap"": 2, ""column_overlap"": 2}, {""word"": ""gradual"", ""timed_overlap"": 2, ""column_overlap"": 2}, {""word"": ""Bassett"", ""timed_overlap"": 2, ""column_overlap"": 2}, {""word"": ""Blair"", ""timed_overlap"": 2, ""column_overlap"": 2}]",completed,82,10,72
500,198,proximal-replay,4,heard,which,99,99,99,,3,4,1,1,143,146,"[{""word"": ""which"", ""timed_overlap"": 3, ""column_overlap"": 4}, {""word"": ""You"", ""timed_overlap"": 2, ""column_overlap"": 3}, {""word"": ""Twice"", ""timed_overlap"": 2, ""column_overlap"": 2}, {""word"": ""altogether"", ""timed_overlap"": 2, ""column_overlap"": 2}, {""word"": ""fairy"", ""timed_overlap"": 2, ""column_overlap"": 2}]",completed,82,10,54
500,199,proximal-replay,1,began,look,99,99,99,,3,3,0,0,,100,"[{""word"": ""look"", ""timed_overlap"": 3, ""column_overlap"": 3}, {""word"": ""nicer"", ""timed_overlap"": 2, ""column_overlap"": 2}, {""word"": ""wand"", ""timed_overlap"": 2, ""column_overlap"": 2}, {""word"": ""running"", ""timed_overlap"": 2, ""column_overlap"": 2}, {""word"": ""be"", ""timed_overlap"": 1, ""column_overlap"": 4}]",completed,91,10,63
500,199,proximal-replay,2,Amy,-LSB-,98,98,98,,2,3,0,0,,121,"[{""word"": ""-LSB-"", ""timed_overlap"": 2, ""column_overlap"": 3}, {""word"": ""Spirit"", ""timed_overlap"": 2, ""column_overlap"": 3}, {""word"": ""haunting"", ""timed_overlap"": 2, ""column_overlap"": 2}, {""word"": ""happened"", ""timed_overlap"": 1, ""column_overlap"": 4}, {""word"": ""snow"", ""timed_overlap"": 1, ""column_overlap"": 4}]",completed,73,10,63
500,199,proximal-replay,3,",",feet,99,99,99,,2,4,0,0,,92,"[{""word"": ""feet"", ""timed_overlap"": 2, ""column_overlap"": 4}, {""word"": ""Take"", ""timed_overlap"": 2, ""column_overlap"": 3}, {""word"": ""course"", ""timed_overlap"": 2, ""column_overlap"": 3}, {""word"": ""border"", ""timed_overlap"": 2, ""column_overlap"": 2}, {""word"": ""Tales"", ""timed_overlap"": 2, ""column_overlap"": 2}]",completed,73,10,54
500,199,proximal-replay,4,staring,thing,95,95,95,,2,3,0,0,,133,"[{""word"": ""thing"", ""timed_overlap"": 2, ""column_overlap"": 3}, {""word"": ""lean"", ""timed_overlap"": 2, ""column_overlap"": 3}, {""word"": ""task"", ""timed_overlap"": 2, ""column_overlap"": 3}, {""word"": ""All"", ""timed_overlap"": 2, ""column_overlap"": 3}, {""word"": ""kindest"", ""timed_overlap"": 2, ""column_overlap"": 3}]",completed,64,10,72
500,200,proximal-replay,1,he,before,97,97,97,,2,3,0,0,,137,"[{""word"": ""before"", ""timed_overlap"": 2, ""column_overlap"": 3}, {""word"": ""closing"", ""timed_overlap"": 2, ""column_overlap"": 3}, {""word"": ""--"", ""timed_overlap"": 1, ""column_overlap"": 4}, {""word"": ""snow"", ""timed_overlap"": 1, ""column_overlap"": 4}, {""word"": ""coming"", ""timed_overlap"": 1, ""column_overlap"": 4}]",completed,91,10,72
500,200,proximal-replay,2,should,Quite,100,100,100,,2,3,0,0,,107,"[{""word"": ""Quite"", ""timed_overlap"": 2, ""column_overlap"": 3}, {""word"": ""After"", ""timed_overlap"": 2, ""column_overlap"": 2}, {""word"": ""Cecily"", ""timed_overlap"": 2, ""column_overlap"": 2}, {""word"": ""ogress"", ""timed_overlap"": 2, ""column_overlap"": 2}, {""word"": ""ought"", ""timed_overlap"": 1, ""column_overlap"": 4}]",completed,82,10,63
500,200,proximal-replay,3,feel,weight,97,97,97,,2,4,0,0,,126,"[{""word"": ""weight"", ""timed_overlap"": 2, ""column_overlap"": 4}, {""word"": ""glazed"", ""timed_overlap"": 2, ""column_overlap"": 3}, {""word"": ""longer"", ""timed_overlap"": 2, ""column_overlap"": 3}, {""word"": ""horses"", ""timed_overlap"": 2, ""column_overlap"": 3}, {""word"": ""Gray"", ""timed_overlap"": 2, ""column_overlap"": 2}]",completed,73,10,72
500,200,proximal-replay,4,as,Felicity,100,100,100,,2,4,0,0,,143,"[{""word"": ""Felicity"", ""timed_overlap"": 2, ""column_overlap"": 4}, {""word"": ""Jed"", ""timed_overlap"": 2, ""column_overlap"": 3}, {""word"": ""dares"", ""timed_overlap"": 2, ""column_overlap"": 3}, {""word"": ""Grant"", ""timed_overlap"": 2, ""column_overlap"": 3}, {""word"": ""breakfast"", ""timed_overlap"": 2, ""column_overlap"": 2}]",completed,82,10,63
500,201,proximal-replay,1,gray,breath,95,95,95,,2,3,1,1,102,128,"[{""word"": ""breath"", ""timed_overlap"": 2, ""column_overlap"": 3}, {""word"": ""seek"", ""timed_overlap"": 2, ""column_overlap"": 2}, {""word"": ""that"", ""timed_overlap"": 2, ""column_overlap"": 2}, {""word"": ""staff"", ""timed_overlap"": 1, ""column_overlap"": 4}, {""word"": ""task"", ""timed_overlap"": 1, ""column_overlap"": 4}]",completed,73,10,74
500,201,proximal-replay,2,rat,Lynde,99,99,99,,2,3,0,0,,108,"[{""word"": ""Lynde"", ""timed_overlap"": 2, ""column_overlap"": 3}, {""word"": ""Grange"", ""timed_overlap"": 2, ""column_overlap"": 3}, {""word"": ""All"", ""timed_overlap"": 2, ""column_overlap"": 2}, {""word"": ""why"", ""timed_overlap"": 1, ""column_overlap"": 3}, {""word"": ""mistress"", ""timed_overlap"": 1, ""column_overlap"": 3}]",completed,82,10,72
500,201,proximal-replay,3,peeped,hundred,91,91,91,,2,4,0,0,,100,"[{""word"": ""hundred"", ""timed_overlap"": 2, ""column_overlap"": 4}, {""word"": ""frightened"", ""timed_overlap"": 2, ""column_overlap"": 2}, {""word"": ""returned"", ""timed_overlap"": 2, ""column_overlap"": 2}, {""word"": ""finish"", ""timed_overlap"": 1, ""column_overlap"": 4}, {""word"": ""Fox"", ""timed_overlap"": 1, ""column_overlap"": 3}]",completed,82,10,65
500,201,proximal-replay,4,forth,--,100,100,100,,2,2,0,0,,145,"[{""word"": ""--"", ""timed_overlap"": 2, ""column_overlap"": 2}, {""word"": ""recovered"", ""timed_overlap"": 2, ""column_overlap"": 2}, {""word"": ""``"", ""timed_overlap"": 2, ""column_overlap"": 2}, {""word"": ""Clever"", ""timed_overlap"": 2, ""column_overlap"": 2}, {""word"": ""can"", ""timed_overlap"": 2, ""column_overlap"": 2}]",completed,73,10,72
500,202,proximal-replay,1,in,look,100,100,100,,2,2,0,0,,97,"[{""word"": ""look"", ""timed_overlap"": 2, ""column_overlap"": 2}, {""word"": ""dismounted"", ""timed_overlap"": 2, ""column_overlap"": 2}, {""word"": ""washerman"", ""timed_overlap"": 2, ""column_overlap"": 2}, {""word"": ""enough"", ""timed_overlap"": 1, ""column_overlap"": 3}, {""word"": ""satisfied"", ""timed_overlap"": 1, ""column_overlap"": 3}]",completed,100,10,72
500,202,proximal-replay,2,it,once,97,97,97,,2,5,0,0,,124,"[{""word"": ""once"", ""timed_overlap"": 2, ""column_overlap"": 5}, {""word"": ""never"", ""timed_overlap"": 2, ""column_overlap"": 3}, {""word"": ""keep"", ""timed_overlap"": 2, ""column_overlap"": 3}, {""word"": ""Douglas"", ""timed_overlap"": 2, ""column_overlap"": 2}, {""word"": ""month"", ""timed_overlap"": 2, ""column_overlap"": 2}]",completed,82,10,55
500,202,proximal-replay,3,",",into,97,97,97,,2,3,0,0,,133,"[{""word"": ""into"", ""timed_overlap"": 2, ""column_overlap"": 3}, {""word"": "";"", ""timed_overlap"": 2, ""column_overlap"": 2}, {""word"": ""breath"", ""timed_overlap"": 2, ""column_overlap"": 2}, {""word"": ""whether"", ""timed_overlap"": 2, ""column_overlap"": 2}, {""word"": ""Though"", ""timed_overlap"": 2, ""column_overlap"": 2}]",completed,64,10,72
500,202,proximal-replay,4,too,Laurie,99,99,99,,2,3,1,1,72,148,"[{""word"": ""Laurie"", ""timed_overlap"": 2, ""column_overlap"": 3}, {""word"": ""Neither"", ""timed_overlap"": 2, ""column_overlap"": 3}, {""word"": ""pictures"", ""timed_overlap"": 2, ""column_overlap"": 3}, {""word"": ""Poland"", ""timed_overlap"": 2, ""column_overlap"": 2}, {""word"": ""bought"", ""timed_overlap"": 2, ""column_overlap"": 2}]",completed,82,10,63
500,203,proximal-replay,1,'s,woods,98,98,98,,2,3,1,1,106,136,"[{""word"": ""woods"", ""timed_overlap"": 2, ""column_overlap"": 3}, {""word"": ""Queen"", ""timed_overlap"": 2, ""column_overlap"": 2}, {""word"": ""fire"", ""timed_overlap"": 2, ""column_overlap"": 2}, {""word"": ""central"", ""timed_overlap"": 2, ""column_overlap"": 2}, {""word"": ""value"", ""timed_overlap"": 2, ""column_overlap"": 2}]",completed,82,10,63
500,203,proximal-replay,2,",",flashes,98,98,98,,2,3,0,0,,132,"[{""word"": ""flashes"", ""timed_overlap"": 2, ""column_overlap"": 3}, {""word"": ""sign"", ""timed_overlap"": 2, ""column_overlap"": 2}, {""word"": ""small"", ""timed_overlap"": 2, ""column_overlap"": 2}, {""word"": ""Billy"", ""timed_overlap"": 2, ""column_overlap"": 2}, {""word"": ""carriage"", ""timed_overlap"": 2, ""column_overlap"": 2}]",completed,73,10,73
500,203,proximal-replay,3,and,prettier,97,97,97,,2,4,1,1,125,159,"[{""word"": ""prettier"", ""timed_overlap"": 2, ""column_overlap"": 4}, {""word"": ""Don"", ""timed_overlap"": 2, ""column_overlap"": 4}, {""word"": ""call"", ""timed_overlap"": 2, ""column_overlap"": 4}, {""word"": ""take"", ""timed_overlap"": 2, ""column_overlap"": 3}, {""word"": ""remarked"", ""timed_overlap"": 2, ""column_overlap"": 2}]",completed,82,10,73
500,203,proximal-replay,4,tell,sustaining,100,100,100,,2,6,0,0,,147,"[{""word"": ""sustaining"", ""timed_overlap"": 2, ""column_overlap"": 6}, {""word"": ""flashes"", ""timed_overlap"": 2, ""column_overlap"": 4}, {""word"": ""indeed"", ""timed_overlap"": 2, ""column_overlap"": 3}, {""word"": ""says"", ""timed_overlap"": 2, ""column_overlap"": 2}, {""word"": ""ambitions"", ""timed_overlap"": 2, ""column_overlap"": 2}]",completed,82,10,63
500,204,proximal-replay,1,and,must,99,99,99,,2,3,1,2,52,128,"[{""word"": ""must"", ""timed_overlap"": 2, ""column_overlap"": 3}, {""word"": ""kiss"", ""timed_overlap"": 2, ""column_overlap"": 3}, {""word"": ""settle"", ""timed_overlap"": 2, ""column_overlap"": 3}, {""word"": ""Pekoe"", ""timed_overlap"": 2, ""column_overlap"": 2}, {""word"": ""of"", ""timed_overlap"": 2, ""column_overlap"": 2}]",completed,55,10,63
500,204,proximal-replay,2,see,recovered,98,98,98,,2,3,0,0,,142,"[{""word"": ""recovered"", ""timed_overlap"": 2, ""column_overlap"": 3}, {""word"": ""can"", ""timed_overlap"": 2, ""column_overlap"": 3}, {""word"": ""grotto"", ""timed_overlap"": 2, ""column_overlap"": 3}, {""word"": ""understand"", ""timed_overlap"": 2, ""column_overlap"": 3}, {""word"": ""However"", ""timed_overlap"": 2, ""column_overlap"": 3}]",completed,73,10,64
500,204,proximal-replay,3,what,trying,100,100,100,,2,3,0,0,,127,"[{""word"": ""trying"", ""timed_overlap"": 2, ""column_overlap"": 3}, {""word"": ""beautifully"", ""timed_overlap"": 2, ""column_overlap"": 3}, {""word"": ""pity"", ""timed_overlap"": 2, ""column_overlap"": 3}, {""word"": ""dismounted"", ""timed_overlap"": 2, ""column_overlap"": 2}, {""word"": ""writ"", ""timed_overlap"": 2, ""column_overlap"": 2}]",completed,73,10,63
500,204,proximal-replay,4,they,snowshoeing,92,92,92,,2,4,1,1,99,112,"[{""word"": ""snowshoeing"", ""timed_overlap"": 2, ""column_overlap"": 4}, {""word"": ""heated"", ""timed_overlap"": 2, ""column_overlap"": 3}, {""word"": ""craoudin"", ""timed_overlap"": 2, ""column_overlap"": 3}, {""word"": ""Ginger"", ""timed_overlap"": 2, ""column_overlap"": 2}, {""word"": ""goat"", ""timed_overlap"": 2, ""column_overlap"": 2}]",completed,73,10,73
500,205,proximal-replay,1,have,put,100,100,100,,2,3,1,2,23,88,"[{""word"": ""put"", ""timed_overlap"": 2, ""column_overlap"": 3}, {""word"": ""added"", ""timed_overlap"": 2, ""column_overlap"": 3}, {""word"": ""ought"", ""timed_overlap"": 2, ""column_overlap"": 2}, {""word"": ""Truly"", ""timed_overlap"": 2, ""column_overlap"": 2}, {""word"": ""'m"", ""timed_overlap"": 2, ""column_overlap"": 2}]",completed,82,10,63
500,205,proximal-replay,2,an,appeal,98,98,98,,2,4,0,0,,140,"[{""word"": ""appeal"", ""timed_overlap"": 2, ""column_overlap"": 4}, {""word"": ""ought"", ""timed_overlap"": 2, ""column_overlap"": 4}, {""word"": ""its"", ""timed_overlap"": 2, ""column_overlap"": 4}, {""word"": ""deal"", ""timed_overlap"": 2, ""column_overlap"": 3}, {""word"": ""wild"", ""timed_overlap"": 2, ""column_overlap"": 3}]",completed,73,10,72
500,205,proximal-replay,3,uneasy,business,99,99,99,,2,4,0,0,,130,"[{""word"": ""business"", ""timed_overlap"": 2, ""column_overlap"": 4}, {""word"": ""master"", ""timed_overlap"": 2, ""column_overlap"": 2}, {""word"": ""time"", ""timed_overlap"": 2, ""column_overlap"": 2}, {""word"": ""way"", ""timed_overlap"": 2, ""column_overlap"": 2}, {""word"": ""staring"", ""timed_overlap"": 2, ""column_overlap"": 2}]",completed,82,10,72
500,205,proximal-replay,4,feeling,WHY,98,98,98,,2,2,0,0,,147,"[{""word"": ""WHY"", ""timed_overlap"": 2, ""column_overlap"": 2}, {""word"": ""Balkis"", ""timed_overlap"": 2, ""column_overlap"": 2}, {""word"": ""they"", ""timed_overlap"": 1, ""column_overlap"": 5}, {""word"": ""talks"", ""timed_overlap"": 1, ""column_overlap"": 4}, {""word"": ""tobacco"", ""timed_overlap"": 1, ""column_overlap"": 4}]",completed,82,10,72
500,206,proximal-replay,1,lips,must,100,100,100,,2,3,0,0,,95,"[{""word"": ""must"", ""timed_overlap"": 2, ""column_overlap"": 3}, {""word"": ""Look"", ""timed_overlap"": 1, ""column_overlap"": 4}, {""word"": ""mean"", ""timed_overlap"": 1, ""column_overlap"": 4}, {""word"": ""came"", ""timed_overlap"": 1, ""column_overlap"": 3}, {""word"": ""CHAPTER"", ""timed_overlap"": 1, ""column_overlap"": 3}]",completed,100,10,63
500,206,proximal-replay,2,and,dragging,97,97,97,,3,3,0,0,,140,"[{""word"": ""dragging"", ""timed_overlap"": 3, ""column_overlap"": 3}, {""word"": ""talented"", ""timed_overlap"": 2, ""column_overlap"": 3}, {""word"": ""Mollie"", ""timed_overlap"": 2, ""column_overlap"": 3}, {""word"": ""know"", ""timed_overlap"": 2, ""column_overlap"": 3}, {""word"": ""have"", ""timed_overlap"": 2, ""column_overlap"": 3}]",completed,73,10,54
500,206,proximal-replay,3,beckoned,about,97,97,97,,2,3,0,0,,140,"[{""word"": ""about"", ""timed_overlap"": 2, ""column_overlap"": 3}, {""word"": ""carriage"", ""timed_overlap"": 2, ""column_overlap"": 3}, {""word"": ""spied"", ""timed_overlap"": 2, ""column_overlap"": 3}, {""word"": ""hard"", ""timed_overlap"": 1, ""column_overlap"": 6}, {""word"": ""dress"", ""timed_overlap"": 1, ""column_overlap"": 4}]",completed,64,10,72
500,206,proximal-replay,4,Bumble,disagreeable,98,98,98,,2,4,0,0,,119,"[{""word"": ""disagreeable"", ""timed_overlap"": 2, ""column_overlap"": 4}, {""word"": ""moment"", ""timed_overlap"": 2, ""column_overlap"": 2}, {""word"": ""canvas"", ""timed_overlap"": 2, ""column_overlap"": 2}, {""word"": ""carriage"", ""timed_overlap"": 2, ""column_overlap"": 2}, {""word"": ""pricked"", ""timed_overlap"": 1, ""column_overlap"": 4}]",completed,82,10,64
500,207,proximal-replay,1,",",cake,98,98,98,,2,4,0,0,,134,"[{""word"": ""cake"", ""timed_overlap"": 2, ""column_overlap"": 4}, {""word"": ""Miss"", ""timed_overlap"": 2, ""column_overlap"": 3}, {""word"": ""white"", ""timed_overlap"": 2, ""column_overlap"": 3}, {""word"": ""thoughtfully"", ""timed_overlap"": 2, ""column_overlap"": 3}, {""word"": ""herring"", ""timed_overlap"": 2, ""column_overlap"": 2}]",completed,82,10,72
500,207,proximal-replay,2,',Wendy,98,98,98,,2,3,0,0,,71,"[{""word"": ""Wendy"", ""timed_overlap"": 2, ""column_overlap"": 3}, {""word"": ""Jack"", ""timed_overlap"": 1, ""column_overlap"": 3}, {""word"": ""Douglas"", ""timed_overlap"": 1, ""column_overlap"": 3}, {""word"": ""whither"", ""timed_overlap"": 1, ""column_overlap"": 3}, {""word"": ""pride"", ""timed_overlap"": 1, ""column_overlap"": 3}]",completed,82,10,72
500,207,proximal-replay,3,said,waiting,99,99,99,,2,3,1,3,10,108,"[{""word"": ""waiting"", ""timed_overlap"": 2, ""column_overlap"": 3}, {""word"": ""woman"", ""timed_overlap"": 2, ""column_overlap"": 2}, {""word"": ""gather"", ""timed_overlap"": 2, ""column_overlap"": 2}, {""word"": ""seemed"", ""timed_overlap"": 2, ""column_overlap"": 2}, {""word"": ""added"", ""timed_overlap"": 2, ""column_overlap"": 2}]",completed,82,10,73
500,207,proximal-replay,4,he,danced,100,100,100,,1,3,0,0,,94,"[{""word"": ""danced"", ""timed_overlap"": 1, ""column_overlap"": 3}, {""word"": ""ought"", ""timed_overlap"": 1, ""column_overlap"": 3}, {""word"": ""Jed"", ""timed_overlap"": 1, ""column_overlap"": 3}, {""word"": ""Of"", ""timed_overlap"": 1, ""column_overlap"": 3}, {""word"": ""-LSB-"", ""timed_overlap"": 1, ""column_overlap"": 2}]",completed,82,10,63
500,208,proximal-replay,1,she,Danny,100,100,100,,2,3,1,1,110,117,"[{""word"": ""Danny"", ""timed_overlap"": 2, ""column_overlap"": 3}, {""word"": ""rented"", ""timed_overlap"": 2, ""column_overlap"": 2}, {""word"": ""horse"", ""timed_overlap"": 2, ""column_overlap"": 2}, {""word"": ""''"", ""timed_overlap"": 2, ""column_overlap"": 2}, {""word"": ""try"", ""timed_overlap"": 2, ""column_overlap"": 2}]",completed,91,10,72
500,208,proximal-replay,2,is,central,99,99,99,,2,3,0,0,,90,"[{""word"": ""central"", ""timed_overlap"": 2, ""column_overlap"": 3}, {""word"": ""till"", ""timed_overlap"": 2, ""column_overlap"": 2}, {""word"": ""require"", ""timed_overlap"": 2, ""column_overlap"": 2}, {""word"": ""close"", ""timed_overlap"": 1, ""column_overlap"": 4}, {""word"": ""Magyars"", ""timed_overlap"": 1, ""column_overlap"": 3}]",completed,82,10,63
500,208,proximal-replay,3,very,Buster,97,97,97,,2,3,0,0,,136,"[{""word"": ""Buster"", ""timed_overlap"": 2, ""column_overlap"": 3}, {""word"": ""were"", ""timed_overlap"": 2, ""column_overlap"": 3}, {""word"": ""better"", ""timed_overlap"": 2, ""column_overlap"": 2}, {""word"": ""Herr"", ""timed_overlap"": 2, ""column_overlap"": 2}, {""word"": ""said"", ""timed_overlap"": 2, ""column_overlap"": 2}]",completed,73,10,74
500,208,proximal-replay,4,obstinate,however,99,99,99,,3,3,0,0,,112,"[{""word"": ""however"", ""timed_overlap"": 3, ""column_overlap"": 3}, {""word"": ""Sara"", ""timed_overlap"": 2, ""column_overlap"": 3}, {""word"": ""Here"", ""timed_overlap"": 2, ""column_overlap"": 3}, {""word"": ""mind"", ""timed_overlap"": 1, ""column_overlap"": 4}, {""word"": ""mother"", ""timed_overlap"": 1, ""column_overlap"": 4}]",completed,82,10,63
500,209,proximal-replay,1,if,Of,100,100,100,,1,3,0,0,,80,"[{""word"": ""Of"", ""timed_overlap"": 1, ""column_overlap"": 3}, {""word"": ""leaving"", ""timed_overlap"": 1, ""column_overlap"": 3}, {""word"": ""roar"", ""timed_overlap"": 1, ""column_overlap"": 3}, {""word"": ""once"", ""timed_overlap"": 1, ""column_overlap"": 3}, {""word"": ""happily"", ""timed_overlap"": 1, ""column_overlap"": 3}]",completed,91,10,72
500,209,proximal-replay,2,all,course,94,94,94,,3,4,1,1,117,126,"[{""word"": ""course"", ""timed_overlap"": 3, ""column_overlap"": 4}, {""word"": ""Wendy"", ""timed_overlap"": 2, ""column_overlap"": 3}, {""word"": ""1715"", ""timed_overlap"": 2, ""column_overlap"": 3}, {""word"": ""bearing"", ""timed_overlap"": 2, ""column_overlap"": 3}, {""word"": ""came"", ""timed_overlap"": 2, ""column_overlap"": 3}]",completed,82,10,63
500,209,proximal-replay,3,you,moving,92,92,92,,3,3,0,0,,154,"[{""word"": ""moving"", ""timed_overlap"": 3, ""column_overlap"": 3}, {""word"": ""Thereupon"", ""timed_overlap"": 2, ""column_overlap"": 3}, {""word"": ""wondered"", ""timed_overlap"": 2, ""column_overlap"": 3}, {""word"": ""wore"", ""timed_overlap"": 2, ""column_overlap"": 2}, {""word"": ""golden"", ""timed_overlap"": 2, ""column_overlap"": 2}]",completed,73,10,64
500,209,proximal-replay,4,fellows,Pekoe,100,100,100,,2,3,0,0,,103,"[{""word"": ""Pekoe"", ""timed_overlap"": 2, ""column_overlap"": 3}, {""word"": ""hearty"", ""timed_overlap"": 2, ""column_overlap"": 3}, {""word"": ""none"", ""timed_overlap"": 2, ""column_overlap"": 3}, {""word"": ""white"", ""timed_overlap"": 2, ""column_overlap"": 2}, {""word"": ""as"", ""timed_overlap"": 2, ""column_overlap"": 2}]",completed,73,10,72
500,210,proximal-replay,1,a,course,100,100,100,,2,3,0,0,,134,"[{""word"": ""course"", ""timed_overlap"": 2, ""column_overlap"": 3}, {""word"": ""Meredith"", ""timed_overlap"": 2, ""column_overlap"": 2}, {""word"": ""Pivi"", ""timed_overlap"": 1, ""column_overlap"": 3}, {""word"": ""fell"", ""timed_overlap"": 1, ""column_overlap"": 3}, {""word"": ""added"", ""timed_overlap"": 1, ""column_overlap"": 3}]",completed,73,10,72
500,210,proximal-replay,2,child,train,97,97,97,,2,2,0,0,,148,"[{""word"": ""train"", ""timed_overlap"": 2, ""column_overlap"": 2}, {""word"": ""RABBIT"", ""timed_overlap"": 2, ""column_overlap"": 2}, {""word"": ""CHAPTER"", ""timed_overlap"": 2, ""column_overlap"": 2}, {""word"": ""AND"", ""timed_overlap"": 2, ""column_overlap"": 2}, {""word"": ""central"", ""timed_overlap"": 1, ""column_overlap"": 5}]",completed,82,10,72
500,210,proximal-replay,3,that,heard,96,96,96,,2,3,0,0,,100,"[{""word"": ""heard"", ""timed_overlap"": 2, ""column_overlap"": 3}, {""word"": ""cats"", ""timed_overlap"": 1, ""column_overlap"": 3}, {""word"": ""both"", ""timed_overlap"": 1, ""column_overlap"": 3}, {""word"": ""Matthew"", ""timed_overlap"": 1, ""column_overlap"": 3}, {""word"": ""image"", ""timed_overlap"": 1, ""column_overlap"": 3}]",completed,82,10,72
500,210,proximal-replay,4,had,Their,98,98,98,,1,3,0,0,,82,"[{""word"": ""Their"", ""timed_overlap"": 1, ""column_overlap"": 3}, {""word"": ""every"", ""timed_overlap"": 1, ""column_overlap"": 3}, {""word"": ""busybodies"", ""timed_overlap"": 1, ""column_overlap"": 3}, {""word"": ""frozen"", ""timed_overlap"": 1, ""column_overlap"": 3}, {""word"": ""ma'am"", ""timed_overlap"": 1, ""column_overlap"": 3}]",completed,82,10,72
500,211,proximal-replay,1,'s,walls,100,100,100,,2,2,1,1,56,95,"[{""word"": ""walls"", ""timed_overlap"": 2, ""column_overlap"": 2}, {""word"": ""nine"", ""timed_overlap"": 2, ""column_overlap"": 2}, {""word"": ""Oh"", ""timed_overlap"": 1, ""column_overlap"": 4}, {""word"": ""wheeled"", ""timed_overlap"": 1, ""column_overlap"": 3}, {""word"": ""fortunate"", ""timed_overlap"": 1, ""column_overlap"": 3}]",completed,91,10,54
500,211,proximal-replay,2,some,dress,98,98,98,,2,4,0,0,,130,"[{""word"": ""dress"", ""timed_overlap"": 2, ""column_overlap"": 4}, {""word"": ""palace"", ""timed_overlap"": 2, ""column_overlap"": 3}, {""word"": ""Not"", ""timed_overlap"": 2, ""column_overlap"": 2}, {""word"": ""our"", ""timed_overlap"": 2, ""column_overlap"": 2}, {""word"": ""lest"", ""timed_overlap"": 1, ""column_overlap"": 4}]",completed,64,10,72
500,211,proximal-replay,3,good,if,98,98,98,,2,3,0,0,,98,"[{""word"": ""if"", ""timed_overlap"": 2, ""column_overlap"": 3}, {""word"": ""land"", ""timed_overlap"": 2, ""column_overlap"": 3}, {""word"": ""imps"", ""timed_overlap"": 2, ""column_overlap"": 2}, {""word"": ""Dear"", ""timed_overlap"": 2, ""column_overlap"": 2}, {""word"": ""asked"", ""timed_overlap"": 1, ""column_overlap"": 3}]",completed,82,10,72
500,211,proximal-replay,4,in,Sometimes,100,100,100,,2,5,0,0,,135,"[{""word"": ""Sometimes"", ""timed_overlap"": 2, ""column_overlap"": 5}, {""word"": ""hive"", ""timed_overlap"": 2, ""column_overlap"": 5}, {""word"": ""twilight"", ""timed_overlap"": 2, ""column_overlap"": 3}, {""word"": ""simply"", ""timed_overlap"": 2, ""column_overlap"": 2}, {""word"": ""unto"", ""timed_overlap"": 2, ""column_overlap"": 2}]",completed,82,10,72
500,212,proximal-replay,1,white,'s,99,99,99,,2,4,0,0,,130,"[{""word"": ""'s"", ""timed_overlap"": 2, ""column_overlap"": 4}, {""word"": ""canvas"", ""timed_overlap"": 2, ""column_overlap"": 3}, {""word"": ""Aunt"", ""timed_overlap"": 2, ""column_overlap"": 3}, {""word"": ""hold"", ""timed_overlap"": 2, ""column_overlap"": 2}, {""word"": ""ceased"", ""timed_overlap"": 1, ""column_overlap"": 4}]",completed,82,10,73
500,212,proximal-replay,2,Regiment,still,98,98,98,,2,3,0,0,,91,"[{""word"": ""still"", ""timed_overlap"": 2, ""column_overlap"": 3}, {""word"": ""only"", ""timed_overlap"": 2, ""column_overlap"": 2}, {""word"": ""mean"", ""timed_overlap"": 2, ""column_overlap"": 2}, {""word"": ""Balkis"", ""timed_overlap"": 2, ""column_overlap"": 2}, {""word"": ""SAMMY"", ""timed_overlap"": 1, ""column_overlap"": 4}]",completed,82,10,63
500,212,proximal-replay,3,I,got,96,96,96,,2,3,0,0,,142,"[{""word"": ""got"", ""timed_overlap"": 2, ""column_overlap"": 3}, {""word"": ""Johnny"", ""timed_overlap"": 2, ""column_overlap"": 3}, {""word"": ""Taffy"", ""timed_overlap"": 2, ""column_overlap"": 3}, {""word"": ""Sometimes"", ""timed_overlap"": 2, ""column_overlap"": 3}, {""word"": ""Their"", ""timed_overlap"": 2, ""column_overlap"": 2}]",completed,73,10,73
500,212,proximal-replay,4,was,says,99,99,99,,2,4,0,0,,117,"[{""word"": ""says"", ""timed_overlap"": 2, ""column_overlap"": 4}, {""word"": ""ever"", ""timed_overlap"": 2, ""column_overlap"": 3}, {""word"": ""taking"", ""timed_overlap"": 2, ""column_overlap"": 3}, {""word"": ""Blair"", ""timed_overlap"": 2, ""column_overlap"": 3}, {""word"": ""'re"", ""timed_overlap"": 2, ""column_overlap"": 2}]",completed,82,10,54
500,213,proximal-replay,1,headpiece,themselves,99,99,99,,2,2,0,0,,111,"[{""word"": ""themselves"", ""timed_overlap"": 2, ""column_overlap"": 2}, {""word"": ""instead"", ""timed_overlap"": 2, ""column_overlap"": 2}, {""word"": ""shimmer"", ""timed_overlap"": 1, ""column_overlap"": 3}, {""word"": ""Lung"", ""timed_overlap"": 1, ""column_overlap"": 3}, {""word"": ""glazed"", ""timed_overlap"": 1, ""column_overlap"": 3}]",completed,91,10,63
500,213,proximal-replay,2,",",question,96,96,96,,2,3,1,2,75,142,"[{""word"": ""question"", ""timed_overlap"": 2, ""column_overlap"": 3}, {""word"": ""o"", ""timed_overlap"": 2, ""column_overlap"": 3}, {""word"": ""delighted"", ""timed_overlap"": 2, ""column_overlap"": 2}, {""word"": ""intended"", ""timed_overlap"": 2, ""column_overlap"": 2}, {""word"": ""drank"", ""timed_overlap"": 2, ""column_overlap"": 2}]",completed,73,10,63
500,213,proximal-replay,3,and,caught,95,95,95,,2,3,0,0,,122,"[{""word"": ""caught"", ""timed_overlap"": 2, ""column_overlap"": 3}, {""word"": ""confidences"", ""timed_overlap"": 2, ""column_overlap"": 3}, {""word"": ""pet"", ""timed_overlap"": 2, ""column_overlap"": 3}, {""word"": ""Take"", ""timed_overlap"": 2, ""column_overlap"": 3}, {""word"": ""Matthew"", ""timed_overlap"": 2, ""column_overlap"": 3}]",completed,73,10,63
500,213,proximal-replay,4,sat,Darkness,97,97,97,,2,3,0,0,,108,"[{""word"": ""Darkness"", ""timed_overlap"": 2, ""column_overlap"": 3}, {""word"": ""longer"", ""timed_overlap"": 2, ""column_overlap"": 2}, {""word"": ""'m"", ""timed_overlap"": 2, ""column_overlap"": 2}, {""word"": ""eaten"", ""timed_overlap"": 2, ""column_overlap"": 2}, {""word"": ""plenty"", ""timed_overlap"": 1, ""column_overlap"": 4}]",completed,73,10,63
500,214,proximal-replay,1,could,aunt,100,100,100,,2,2,1,2,32,93,"[{""word"": ""aunt"", ""timed_overlap"": 2, ""column_overlap"": 2}, {""word"": ""mercy"", ""timed_overlap"": 2, ""column_overlap"": 2}, {""word"": ""dress"", ""timed_overlap"": 2, ""column_overlap"": 2}, {""word"": ""blades"", ""timed_overlap"": 2, ""column_overlap"": 2}, {""word"": ""PERCINET"", ""timed_overlap"": 2, ""column_overlap"": 2}]",completed,100,10,54
500,214,proximal-replay,2,hear,was,99,99,99,,3,4,0,0,,130,"[{""word"": ""was"", ""timed_overlap"": 3, ""column_overlap"": 4}, {""word"": ""wore"", ""timed_overlap"": 2, ""column_overlap"": 3}, {""word"": ""Worth"", ""timed_overlap"": 2, ""column_overlap"": 3}, {""word"": ""Faith"", ""timed_overlap"": 2, ""column_overlap"": 2}, {""word"": ""Grange"", ""timed_overlap"": 2, ""column_overlap"": 2}]",completed,64,10,63
500,214,proximal-replay,3,the,a,100,100,100,,3,3,0,0,,94,"[{""word"": ""a"", ""timed_overlap"": 3, ""column_overlap"": 3}, {""word"": ""sweetens"", ""timed_overlap"": 2, ""column_overlap"": 3}, {""word"": ""Hippocrates"", ""timed_overlap"": 2, ""column_overlap"": 2}, {""word"": ""oh"", ""timed_overlap"": 2, ""column_overlap"": 2}, {""word"": ""thief"", ""timed_overlap"": 1, ""column_overlap"": 3}]",completed,73,10,63
500,214,proximal-replay,4,noise,lonesome,100,100,100,,2,4,0,0,,113,"[{""word"": ""lonesome"", ""timed_overlap"": 2, ""column_overlap"": 4}, {""word"": ""by"", ""timed_overlap"": 2, ""column_overlap"": 2}, {""word"": ""Joseph"", ""timed_overlap"": 2, ""column_overlap"": 2}, {""word"": ""price"", ""timed_overlap"": 2, ""column_overlap"": 2}, {""word"": ""sight"", ""timed_overlap"": 2, ""column_overlap"": 2}]",completed,73,10,72
500,215,proximal-replay,1,him,tittered,94,94,94,,3,4,0,0,,101,"[{""word"": ""tittered"", ""timed_overlap"": 3, ""column_overlap"": 4}, {""word"": ""statelier"", ""timed_overlap"": 2, ""column_overlap"": 3}, {""word"": ""why"", ""timed_overlap"": 2, ""column_overlap"": 3}, {""word"": ""carriage"", ""timed_overlap"": 2, ""column_overlap"": 2}, {""word"": ""pictures"", ""timed_overlap"": 2, ""column_overlap"": 2}]",completed,82,10,54
500,215,proximal-replay,2,to,;,87,87,87,,3,4,0,0,,147,"[{""word"": "";"", ""timed_overlap"": 3, ""column_overlap"": 4}, {""word"": ""birch"", ""timed_overlap"": 2, ""column_overlap"": 4}, {""word"": ""intended"", ""timed_overlap"": 2, ""column_overlap"": 4}, {""word"": ""embrace"", ""timed_overlap"": 2, ""column_overlap"": 2}, {""word"": ""put"", ""timed_overlap"": 2, ""column_overlap"": 2}]",completed,64,10,54
500,215,proximal-replay,3,remember,of,99,99,99,,2,3,0,0,,144,"[{""word"": ""of"", ""timed_overlap"": 2, ""column_overlap"": 3}, {""word"": ""unfortunate"", ""timed_overlap"": 2, ""column_overlap"": 3}, {""word"": ""smile"", ""timed_overlap"": 2, ""column_overlap"": 3}, {""word"": ""Their"", ""timed_overlap"": 1, ""column_overlap"": 4}, {""word"": ""See"", ""timed_overlap"": 1, ""column_overlap"": 3}]",completed,64,10,63
500,215,proximal-replay,4,his,recovered,100,100,100,,2,3,0,0,,127,"[{""word"": ""recovered"", ""timed_overlap"": 2, ""column_overlap"": 3}, {""word"": ""people"", ""timed_overlap"": 2, ""column_overlap"": 3}, {""word"": ""drop"", ""timed_overlap"": 2, ""column_overlap"": 2}, {""word"": ""Then"", ""timed_overlap"": 2, ""column_overlap"": 2}, {""word"": ""thanked"", ""timed_overlap"": 1, ""column_overlap"": 4}]",completed,73,10,72
500,216,proximal-replay,1,hair,entered,99,99,99,,2,4,1,2,43,114,"[{""word"": ""entered"", ""timed_overlap"": 2, ""column_overlap"": 4}, {""word"": ""so"", ""timed_overlap"": 2, ""column_overlap"": 2}, {""word"": ""Danny"", ""timed_overlap"": 2, ""column_overlap"": 2}, {""word"": ""yours"", ""timed_overlap"": 2, ""column_overlap"": 2}, {""word"": ""wore"", ""timed_overlap"": 2, ""column_overlap"": 2}]",completed,82,10,63
500,216,proximal-replay,2,by,bust,100,100,100,,2,3,0,0,,120,"[{""word"": ""bust"", ""timed_overlap"": 2, ""column_overlap"": 3}, {""word"": ""Messua"", ""timed_overlap"": 2, ""column_overlap"": 2}, {""word"": ""going"", ""timed_overlap"": 2, ""column_overlap"": 2}, {""word"": ""drunk"", ""timed_overlap"": 2, ""column_overlap"": 2}, {""word"": ""meeting-house"", ""timed_overlap"": 1, ""column_overlap"": 4}]",completed,73,10,72
500,216,proximal-replay,3,way,hive,98,98,98,,2,2,0,0,,126,"[{""word"": ""hive"", ""timed_overlap"": 2, ""column_overlap"": 2}, {""word"": ""shoulders"", ""timed_overlap"": 2, ""column_overlap"": 2}, {""word"": ""filled"", ""timed_overlap"": 1, ""column_overlap"": 4}, {""word"": ""such"", ""timed_overlap"": 1, ""column_overlap"": 4}, {""word"": ""better"", ""timed_overlap"": 1, ""column_overlap"": 3}]",completed,82,10,63
500,216,proximal-replay,4,of,or,97,97,97,,2,4,1,2,74,143,"[{""word"": ""or"", ""timed_overlap"": 2, ""column_overlap"": 4}, {""word"": ""slim"", ""timed_overlap"": 2, ""column_overlap"": 4}, {""word"": ""well"", ""timed_overlap"": 2, ""column_overlap"": 3}, {""word"": ""kiss"", ""timed_overlap"": 2, ""column_overlap"": 2}, {""word"": ""opening"", ""timed_overlap"": 2, ""column_overlap"": 2}]",completed,73,10,63
500,217,proximal-replay,1,was,added,100,100,100,,3,4,0,0,,149,"[{""word"": ""added"", ""timed_overlap"": 3, ""column_overlap"": 4}, {""word"": ""asked"", ""timed_overlap"": 2, ""column_overlap"": 3}, {""word"": ""mere"", ""timed_overlap"": 2, ""column_overlap"": 3}, {""word"": ""will"", ""timed_overlap"": 2, ""column_overlap"": 3}, {""word"": ""desert"", ""timed_overlap"": 2, ""column_overlap"": 2}]",completed,82,10,54
500,217,proximal-replay,2,certainly,hive,95,95,95,,2,3,2,2,4,106,"[{""word"": ""hive"", ""timed_overlap"": 2, ""column_overlap"": 3}, {""word"": ""herself"", ""timed_overlap"": 2, ""column_overlap"": 3}, {""word"": ""time"", ""timed_overlap"": 2, ""column_overlap"": 2}, {""word"": ""certainly"", ""timed_overlap"": 2, ""column_overlap"": 2}, {""word"": ""our"", ""timed_overlap"": 1, ""column_overlap"": 4}]",completed,64,10,63
500,217,proximal-replay,3,her,price,94,94,94,,2,2,0,0,,138,"[{""word"": ""price"", ""timed_overlap"": 2, ""column_overlap"": 2}, {""word"": ""made"", ""timed_overlap"": 2, ""column_overlap"": 2}, {""word"": ""glanced"", ""timed_overlap"": 2, ""column_overlap"": 2}, {""word"": ""wish"", ""timed_overlap"": 2, ""column_overlap"": 2}, {""word"": ""Ismay"", ""timed_overlap"": 1, ""column_overlap"": 5}]",completed,73,10,45
500,217,proximal-replay,4,own,fought,94,94,94,,2,2,0,0,,120,"[{""word"": ""fought"", ""timed_overlap"": 2, ""column_overlap"": 2}, {""word"": ""Cyrilla"", ""timed_overlap"": 2, ""column_overlap"": 2}, {""word"": ""stop"", ""timed_overlap"": 1, ""column_overlap"": 3}, {""word"": ""ceased"", ""timed_overlap"": 1, ""column_overlap"": 3}, {""word"": ""felt"", ""timed_overlap"": 1, ""column_overlap"": 3}]",completed,55,10,45
500,218,proximal-replay,1,to,Take,99,99,99,,2,4,1,1,73,108,"[{""word"": ""Take"", ""timed_overlap"": 2, ""column_overlap"": 4}, {""word"": ""lest"", ""timed_overlap"": 2, ""column_overlap"": 2}, {""word"": ""n't"", ""timed_overlap"": 2, ""column_overlap"": 2}, {""word"": ""yesterday"", ""timed_overlap"": 2, ""column_overlap"": 2}, {""word"": ""Hugh"", ""timed_overlap"": 1, ""column_overlap"": 4}]",completed,82,10,72
500,218,proximal-replay,2,look,pleased,100,100,100,,2,3,0,0,,119,"[{""word"": ""pleased"", ""timed_overlap"": 2, ""column_overlap"": 3}, {""word"": ""suited"", ""timed_overlap"": 2, ""column_overlap"": 2}, {""word"": ""SOMEBODY"", ""timed_overlap"": 1, ""column_overlap"": 3}, {""word"": ""coming"", ""timed_overlap"": 1, ""column_overlap"": 3}, {""word"": ""great"", ""timed_overlap"": 1, ""column_overlap"": 3}]",completed,82,10,63
500,218,proximal-replay,3,carefully,fish,96,96,96,,3,4,0,0,,127,"[{""word"": ""fish"", ""timed_overlap"": 3, ""column_overlap"": 4}, {""word"": ""DO"", ""timed_overlap"": 2, ""column_overlap"": 5}, {""word"": ""departs"", ""timed_overlap"": 2, ""column_overlap"": 3}, {""word"": ""right"", ""timed_overlap"": 2, ""column_overlap"": 3}, {""word"": ""dress"", ""timed_overlap"": 2, ""column_overlap"": 3}]",completed,73,10,63
500,218,proximal-replay,4,in,took,100,100,100,,2,2,0,0,,77,"[{""word"": ""took"", ""timed_overlap"": 2, ""column_overlap"": 2}, {""word"": ""dreams"", ""timed_overlap"": 1, ""column_overlap"": 3}, {""word"": ""egg"", ""timed_overlap"": 1, ""column_overlap"": 3}, {""word"": ""length"", ""timed_overlap"": 1, ""column_overlap"": 2}, {""word"": ""bought"", ""timed_overlap"": 1, ""column_overlap"": 2}]",completed,73,10,72
500,219,proximal-replay,1,hall,angel,94,94,94,,2,2,0,0,,93,"[{""word"": ""angel"", ""timed_overlap"": 2, ""column_overlap"": 2}, {""word"": ""Truly"", ""timed_overlap"": 1, ""column_overlap"": 3}, {""word"": ""Billy"", ""timed_overlap"": 1, ""column_overlap"": 3}, {""word"": ""lived"", ""timed_overlap"": 1, ""column_overlap"": 3}, {""word"": ""Elsa"", ""timed_overlap"": 1, ""column_overlap"": 3}]",completed,91,10,64
500,219,proximal-replay,2,",",breath,99,99,99,,2,4,1,1,78,128,"[{""word"": ""breath"", ""timed_overlap"": 2, ""column_overlap"": 4}, {""word"": ""palace"", ""timed_overlap"": 2, ""column_overlap"": 4}, {""word"": ""taking"", ""timed_overlap"": 2, ""column_overlap"": 3}, {""word"": ""Queen"", ""timed_overlap"": 2, ""column_overlap"": 2}, {""word"": ""Cheering"", ""timed_overlap"": 2, ""column_overlap"": 2}]",completed,73,10,72
500,219,proximal-replay,3,but,POSSUM,100,100,100,,2,2,0,0,,100,"[{""word"": ""POSSUM"", ""timed_overlap"": 2, ""column_overlap"": 2}, {""word"": ""asked"", ""timed_overlap"": 2, ""column_overlap"": 2}, {""word"": ""tumbling"", ""timed_overlap"": 1, ""column_overlap"": 4}, {""word"": ""nurse"", ""timed_overlap"": 1, ""column_overlap"": 4}, {""word"": ""river"", ""timed_overlap"": 1, ""column_overlap"": 4}]",completed,82,10,72
500,219,proximal-replay,4,turned,Like,100,100,100,,2,3,0,0,,82,"[{""word"": ""Like"", ""timed_overlap"": 2, ""column_overlap"": 3}, {""word"": ""length"", ""timed_overlap"": 2, ""column_overlap"": 2}, {""word"": ""dinner"", ""timed_overlap"": 2, ""column_overlap"": 2}, {""word"": ""course"", ""timed_overlap"": 2, ""column_overlap"": 2}, {""word"": ""distant"", ""timed_overlap"": 1, ""column_overlap"": 4}]",completed,82,10,63
500,220,proximal-replay,1,;,pictures,97,97,97,,2,3,0,0,,119,"[{""word"": ""pictures"", ""timed_overlap"": 2, ""column_overlap"": 3}, {""word"": ""welcome"", ""timed_overlap"": 2, ""column_overlap"": 3}, {""word"": ""at"", ""timed_overlap"": 2, ""column_overlap"": 2}, {""word"": ""boys"", ""timed_overlap"": 1, ""column_overlap"": 4}, {""word"": ""threw"", ""timed_overlap"": 1, ""column_overlap"": 3}]",completed,82,10,63
500,220,proximal-replay,2,it,turns,98,98,98,,2,4,0,0,,127,"[{""word"": ""turns"", ""timed_overlap"": 2, ""column_overlap"": 4}, {""word"": ""years"", ""timed_overlap"": 2, ""column_overlap"": 3}, {""word"": ""thief"", ""timed_overlap"": 2, ""column_overlap"": 2}, {""word"": ""blue"", ""timed_overlap"": 2, ""column_overlap"": 2}, {""word"": ""-LRB-"", ""timed_overlap"": 2, ""column_overlap"": 2}]",completed,73,10,72
500,220,proximal-replay,3,was,ladylike,98,98,98,,2,3,0,0,,123,"[{""word"": ""ladylike"", ""timed_overlap"": 2, ""column_overlap"": 3}, {""word"": ""garret"", ""timed_overlap"": 2, ""column_overlap"": 2}, {""word"": ""check"", ""timed_overlap"": 2, ""column_overlap"": 2}, {""word"": ""We"", ""timed_overlap"": 2, ""column_overlap"": 2}, {""word"": ""altogether"", ""timed_overlap"": 2, ""column_overlap"": 2}]",completed,82,10,72
500,220,proximal-replay,4,an,moving,100,100,100,,2,3,0,0,,130,"[{""word"": ""moving"", ""timed_overlap"": 2, ""column_overlap"": 3}, {""word"": ""prettier"", ""timed_overlap"": 2, ""column_overlap"": 2}, {""word"": ""cats"", ""timed_overlap"": 1, ""column_overlap"": 4}, {""word"": ""wrote"", ""timed_overlap"": 1, ""column_overlap"": 3}, {""word"": ""Matthew"", ""timed_overlap"": 1, ""column_overlap"": 3}]",completed,82,10,63
500,221,proximal-replay,1,find,mean,100,100,100,,2,3,0,0,,79,"[{""word"": ""mean"", ""timed_overlap"": 2, ""column_overlap"": 3}, {""word"": ""reserved"", ""timed_overlap"": 1, ""column_overlap"": 3}, {""word"": ""tickled"", ""timed_overlap"": 1, ""column_overlap"": 3}, {""word"": ""finish"", ""timed_overlap"": 1, ""column_overlap"": 2}, {""word"": ""forth"", ""timed_overlap"": 1, ""column_overlap"": 2}]",completed,91,10,72
500,221,proximal-replay,2,",",place,92,92,92,,2,2,0,0,,132,"[{""word"": ""place"", ""timed_overlap"": 2, ""column_overlap"": 2}, {""word"": ""ruin"", ""timed_overlap"": 2, ""column_overlap"": 2}, {""word"": ""Kenneth"", ""timed_overlap"": 2, ""column_overlap"": 2}, {""word"": ""blow"", ""timed_overlap"": 2, ""column_overlap"": 2}, {""word"": ""big"", ""timed_overlap"": 1, ""column_overlap"": 4}]",completed,82,10,63
500,221,proximal-replay,3,for,How,98,98,98,,2,3,0,0,,103,"[{""word"": ""How"", ""timed_overlap"": 2, ""column_overlap"": 3}, {""word"": ""pet"", ""timed_overlap"": 2, ""column_overlap"": 2}, {""word"": ""glanced"", ""timed_overlap"": 1, ""column_overlap"": 3}, {""word"": ""fry"", ""timed_overlap"": 1, ""column_overlap"": 3}, {""word"": ""afternoon"", ""timed_overlap"": 1, ""column_overlap"": 3}]",completed,73,10,72
500,221,proximal-replay,4,the,lest,100,100,100,,2,3,0,0,,96,"[{""word"": ""lest"", ""timed_overlap"": 2, ""column_overlap"": 3}, {""word"": ""worse"", ""timed_overlap"": 2, ""column_overlap"": 3}, {""word"": ""these"", ""timed_overlap"": 2, ""column_overlap"": 2}, {""word"": ""worked"", ""timed_overlap"": 1, ""column_overlap"": 4}, {""word"": ""felt"", ""timed_overlap"": 1, ""column_overlap"": 4}]",completed,82,10,72
500,222,proximal-replay,1,and,'',100,100,100,,2,2,1,2,33,100,"[{""word"": ""''"", ""timed_overlap"": 2, ""column_overlap"": 2}, {""word"": ""care"", ""timed_overlap"": 1, ""column_overlap"": 4}, {""word"": ""worse"", ""timed_overlap"": 1, ""column_overlap"": 3}, {""word"": ""boy"", ""timed_overlap"": 1, ""column_overlap"": 3}, {""word"": ""tell"", ""timed_overlap"": 1, ""column_overlap"": 3}]",completed,91,10,54
500,222,proximal-replay,2,I,said,99,99,99,,3,3,0,0,,95,"[{""word"": ""said"", ""timed_overlap"": 3, ""column_overlap"": 3}, {""word"": ""bust"", ""timed_overlap"": 2, ""column_overlap"": 3}, {""word"": ""Sometimes"", ""timed_overlap"": 2, ""column_overlap"": 3}, {""word"": ""Matthew"", ""timed_overlap"": 2, ""column_overlap"": 2}, {""word"": ""locked"", ""timed_overlap"": 1, ""column_overlap"": 3}]",completed,64,10,63
500,222,proximal-replay,3,tremble,somehow,100,100,100,,2,3,0,0,,95,"[{""word"": ""somehow"", ""timed_overlap"": 2, ""column_overlap"": 3}, {""word"": ""tittered"", ""timed_overlap"": 1, ""column_overlap"": 3}, {""word"": ""wilt"", ""timed_overlap"": 1, ""column_overlap"": 3}, {""word"": ""reigned"", ""timed_overlap"": 1, ""column_overlap"": 3}, {""word"": ""why"", ""timed_overlap"": 1, ""column_overlap"": 3}]",completed,73,10,54
500,222,proximal-replay,4,to,platform,96,96,96,,2,4,0,0,,118,"[{""word"": ""platform"", ""timed_overlap"": 2, ""column_overlap"": 4}, {""word"": ""Fellow"", ""timed_overlap"": 2, ""column_overlap"": 2}, {""word"": ""Clow"", ""timed_overlap"": 2, ""column_overlap"": 2}, {""word"": ""lads"", ""timed_overlap"": 1, ""column_overlap"": 5}, {""word"": ""carriage"", ""timed_overlap"": 1, ""column_overlap"": 5}]",completed,64,10,72
500,223,proximal-replay,1,talented,tremble,99,99,99,,3,3,0,0,,129,"[{""word"": ""tremble"", ""timed_overlap"": 3, ""column_overlap"": 3}, {""word"": ""lean"", ""timed_overlap"": 2, ""column_overlap"": 4}, {""word"": ""'s"", ""timed_overlap"": 2, ""column_overlap"": 3}, {""word"": ""hard"", ""timed_overlap"": 2, ""column_overlap"": 2}, {""word"": ""-LCB-"", ""timed_overlap"": 1, ""column_overlap"": 4}]",completed,82,10,54
500,223,proximal-replay,2,and,Please,99,99,99,,2,3,0,0,,113,"[{""word"": ""Please"", ""timed_overlap"": 2, ""column_overlap"": 3}, {""word"": ""happened"", ""timed_overlap"": 2, ""column_overlap"": 3}, {""word"": ""Cecily"", ""timed_overlap"": 2, ""column_overlap"": 2}, {""word"": ""accounts"", ""timed_overlap"": 1, ""column_overlap"": 5}, {""word"": ""Gallipoli"", ""timed_overlap"": 1, ""column_overlap"": 3}]",completed,64,10,63
500,223,proximal-replay,3,had,Meadow,99,99,99,,2,3,0,0,,137,"[{""word"": ""Meadow"", ""timed_overlap"": 2, ""column_overlap"": 3}, {""word"": ""whether"", ""timed_overlap"": 2, ""column_overlap"": 3}, {""word"": ""washerman"", ""timed_overlap"": 2, ""column_overlap"": 3}, {""word"": ""Play"", ""timed_overlap"": 2, ""column_overlap"": 3}, {""word"": ""worked"", ""timed_overlap"": 2, ""column_overlap"": 3}]",completed,73,10,63
500,223,proximal-replay,4,a,PERCINET,89,89,89,,2,3,0,0,,130,"[{""word"": ""PERCINET"", ""timed_overlap"": 2, ""column_overlap"": 3}, {""word"": ""bookcase"", ""timed_overlap"": 2, ""column_overlap"": 2}, {""word"": ""been"", ""timed_overlap"": 2, ""column_overlap"": 2}, {""word"": ""haunting"", ""timed_overlap"": 2, ""column_overlap"": 2}, {""word"": ""impudent"", ""timed_overlap"": 1, ""column_overlap"": 4}]",completed,73,10,64
500,224,proximal-replay,1,I,Lapsing,97,97,97,,2,4,1,1,88,123,"[{""word"": ""Lapsing"", ""timed_overlap"": 2, ""column_overlap"": 4}, {""word"": ""tree"", ""timed_overlap"": 2, ""column_overlap"": 3}, {""word"": ""Because"", ""timed_overlap"": 2, ""column_overlap"": 3}, {""word"": ""carriage"", ""timed_overlap"": 2, ""column_overlap"": 2}, {""word"": ""boy"", ""timed_overlap"": 1, ""column_overlap"": 4}]",completed,64,10,72
500,224,proximal-replay,2,am,thrifty,97,97,97,,2,4,0,0,,108,"[{""word"": ""thrifty"", ""timed_overlap"": 2, ""column_overlap"": 4}, {""word"": ""habit"", ""timed_overlap"": 2, ""column_overlap"": 2}, {""word"": ""captain"", ""timed_overlap"": 2, ""column_overlap"": 2}, {""word"": ""broad"", ""timed_overlap"": 2, ""column_overlap"": 2}, {""word"": ""walls"", ""timed_overlap"": 1, ""column_overlap"": 4}]",completed,82,10,72
500,224,proximal-replay,3,to,pet,99,99,99,,2,4,0,0,,139,"[{""word"": ""pet"", ""timed_overlap"": 2, ""column_overlap"": 4}, {""word"": ""deny"", ""timed_overlap"": 2, ""column_overlap"": 4}, {""word"": ""happily"", ""timed_overlap"": 2, ""column_overlap"": 3}, {""word"": ""days"", ""timed_overlap"": 2, ""column_overlap"": 3}, {""word"": ""study"", ""timed_overlap"": 2, ""column_overlap"": 3}]",completed,82,10,72
500,224,proximal-replay,4,find,green,97,97,97,,2,3,1,2,69,143,"[{""word"": ""green"", ""timed_overlap"": 2, ""column_overlap"": 3}, {""word"": ""Bull"", ""timed_overlap"": 2, ""column_overlap"": 3}, {""word"": ""Dot"", ""timed_overlap"": 2, ""column_overlap"": 3}, {""word"": ""playing"", ""timed_overlap"": 2, ""column_overlap"": 2}, {""word"": ""Balkis"", ""timed_overlap"": 2, ""column_overlap"": 2}]",completed,82,10,63
500,225,proximal-replay,1,",",sustaining,100,100,100,,3,4,0,0,,127,"[{""word"": ""sustaining"", ""timed_overlap"": 3, ""column_overlap"": 4}, {""word"": ""must"", ""timed_overlap"": 3, ""column_overlap"": 3}, {""word"": ""fast"", ""timed_overlap"": 2, ""column_overlap"": 5}, {""word"": ""herring"", ""timed_overlap"": 2, ""column_overlap"": 2}, {""word"": ""fighting"", ""timed_overlap"": 2, ""column_overlap"": 2}]",completed,100,10,63
500,225,proximal-replay,2,and,imps,96,96,96,,2,3,0,0,,102,"[{""word"": ""imps"", ""timed_overlap"": 2, ""column_overlap"": 3}, {""word"": ""stranger"", ""timed_overlap"": 1, ""column_overlap"": 4}, {""word"": ""ruther"", ""timed_overlap"": 1, ""column_overlap"": 4}, {""word"": ""Bozzaris"", ""timed_overlap"": 1, ""column_overlap"": 3}, {""word"": ""look"", ""timed_overlap"": 1, ""column_overlap"": 3}]",completed,73,10,72
500,225,proximal-replay,3,at,wo,96,96,96,,2,3,0,0,,109,"[{""word"": ""wo"", ""timed_overlap"": 2, ""column_overlap"": 3}, {""word"": ""ran"", ""timed_overlap"": 2, ""column_overlap"": 3}, {""word"": ""solemnly"", ""timed_overlap"": 2, ""column_overlap"": 3}, {""word"": ""tickled"", ""timed_overlap"": 2, ""column_overlap"": 2}, {""word"": ""forth"", ""timed_overlap"": 1, ""column_overlap"": 3}]",completed,82,10,45
500,225,proximal-replay,4,length,Clever,97,97,97,,2,2,0,0,,112,"[{""word"": ""Clever"", ""timed_overlap"": 2, ""column_overlap"": 2}, {""word"": ""Twice"", ""timed_overlap"": 2, ""column_overlap"": 2}, {""word"": ""Dot"", ""timed_overlap"": 2, ""column_overlap"": 2}, {""word"": ""many"", ""timed_overlap"": 2, ""column_overlap"": 2}, {""word"": ""helplessly"", ""timed_overlap"": 2, ""column_overlap"": 2}]",completed,55,10,72
500,226,proximal-replay,1,a,Most,94,94,94,,2,3,0,0,,115,"[{""word"": ""Most"", ""timed_overlap"": 2, ""column_overlap"": 3}, {""word"": ""added"", ""timed_overlap"": 2, ""column_overlap"": 2}, {""word"": ""Spirit"", ""timed_overlap"": 2, ""column_overlap"": 2}, {""word"": ""sentiment"", ""timed_overlap"": 2, ""column_overlap"": 2}, {""word"": ""spear"", ""timed_overlap"": 2, ""column_overlap"": 2}]",completed,82,10,73
500,226,proximal-replay,2,washerman,Girl,97,97,97,,2,4,0,0,,151,"[{""word"": ""Girl"", ""timed_overlap"": 2, ""column_overlap"": 4}, {""word"": ""Queen"", ""timed_overlap"": 2, ""column_overlap"": 3}, {""word"": ""Worth"", ""timed_overlap"": 2, ""column_overlap"": 3}, {""word"": ""astray"", ""timed_overlap"": 2, ""column_overlap"": 2}, {""word"": ""hive"", ""timed_overlap"": 2, ""column_overlap"": 2}]",completed,82,10,72
500,226,proximal-replay,3,'s,went,98,98,98,,3,3,1,1,121,145,"[{""word"": ""went"", ""timed_overlap"": 3, ""column_overlap"": 3}, {""word"": ""down"", ""timed_overlap"": 2, ""column_overlap"": 3}, {""word"": ""mercy"", ""timed_overlap"": 2, ""column_overlap"": 2}, {""word"": ""mud"", ""timed_overlap"": 2, ""column_overlap"": 2}, {""word"": ""horses"", ""timed_overlap"": 2, ""column_overlap"": 2}]",completed,82,10,45
500,226,proximal-replay,4,donkey,leafy,96,96,96,,2,3,0,0,,134,"[{""word"": ""leafy"", ""timed_overlap"": 2, ""column_overlap"": 3}, {""word"": ""do"", ""timed_overlap"": 2, ""column_overlap"": 3}, {""word"": ""night"", ""timed_overlap"": 2, ""column_overlap"": 2}, {""word"": ""to"", ""timed_overlap"": 2, ""column_overlap"": 2}, {""word"": ""line"", ""timed_overlap"": 2, ""column_overlap"": 2}]",completed,55,10,72
500,227,proximal-replay,1,the,people,100,100,100,,2,2,0,0,,118,"[{""word"": ""people"", ""timed_overlap"": 2, ""column_overlap"": 2}, {""word"": ""sentiment"", ""timed_overlap"": 2, ""column_overlap"": 2}, {""word"": ""exactly"", ""timed_overlap"": 2, ""column_overlap"": 2}, {""word"": ""about"", ""timed_overlap"": 1, ""column_overlap"": 3}, {""word"": ""locked"", ""timed_overlap"": 1, ""column_overlap"": 3}]",completed,91,10,63
500,227,proximal-replay,2,Magyars,himself,94,94,94,,2,3,0,0,,143,"[{""word"": ""himself"", ""timed_overlap"": 2, ""column_overlap"": 3}, {""word"": ""hear"", ""timed_overlap"": 2, ""column_overlap"": 3}, {""word"": ""course"", ""timed_overlap"": 2, ""column_overlap"": 3}, {""word"": ""wine"", ""timed_overlap"": 2, ""column_overlap"": 3}, {""word"": ""in"", ""timed_overlap"": 2, ""column_overlap"": 2}]",completed,73,10,63
500,227,proximal-replay,3,.,bookcase,96,96,96,,2,3,0,0,,111,"[{""word"": ""bookcase"", ""timed_overlap"": 2, ""column_overlap"": 3}, {""word"": ""keen"", ""timed_overlap"": 2, ""column_overlap"": 2}, {""word"": ""Ginger"", ""timed_overlap"": 2, ""column_overlap"": 2}, {""word"": ""writ"", ""timed_overlap"": 2, ""column_overlap"": 2}, {""word"": ""Jo"", ""timed_overlap"": 2, ""column_overlap"": 2}]",completed,73,10,55
500,227,proximal-replay,4,-RSB-,dared,96,96,96,,2,4,0,0,,132,"[{""word"": ""dared"", ""timed_overlap"": 2, ""column_overlap"": 4}, {""word"": ""Captain"", ""timed_overlap"": 2, ""column_overlap"": 4}, {""word"": ""Blair"", ""timed_overlap"": 2, ""column_overlap"": 3}, {""word"": ""passed"", ""timed_overlap"": 2, ""column_overlap"": 3}, {""word"": ""its"", ""timed_overlap"": 2, ""column_overlap"": 2}]",completed,64,10,55
500,228,proximal-replay,1,know,However,100,100,100,,2,3,1,2,37,118,"[{""word"": ""However"", ""timed_overlap"": 2, ""column_overlap"": 3}, {""word"": ""for"", ""timed_overlap"": 2, ""column_overlap"": 3}, {""word"": ""Felicity"", ""timed_overlap"": 2, ""column_overlap"": 3}, {""word"": ""beautiful"", ""timed_overlap"": 2, ""column_overlap"": 2}, {""word"": ""cake"", ""timed_overlap"": 2, ""column_overlap"": 2}]",completed,100,10,72
500,228,proximal-replay,2,any,mutinously,100,100,100,,2,3,0,0,,80,"[{""word"": ""mutinously"", ""timed_overlap"": 2, ""column_overlap"": 3}, {""word"": ""sultan"", ""timed_overlap"": 2, ""column_overlap"": 3}, {""word"": ""sweep"", ""timed_overlap"": 2, ""column_overlap"": 2}, {""word"": ""Daisy"", ""timed_overlap"": 2, ""column_overlap"": 2}, {""word"": ""business"", ""timed_overlap"": 1, ""column_overlap"": 3}]",completed,82,10,72
500,228,proximal-replay,3,stories,aunt,100,100,100,,2,3,0,0,,108,"[{""word"": ""aunt"", ""timed_overlap"": 2, ""column_overlap"": 3}, {""word"": ""dine"", ""timed_overlap"": 2, ""column_overlap"": 2}, {""word"": ""witch"", ""timed_overlap"": 2, ""column_overlap"": 2}, {""word"": ""-RSB-"", ""timed_overlap"": 2, ""column_overlap"": 2}, {""word"": ""Joseph"", ""timed_overlap"": 1, ""column_overlap"": 4}]",completed,82,10,72
500,228,proximal-replay,4,.,Williamson,100,100,100,,2,4,0,0,,127,"[{""word"": ""Williamson"", ""timed_overlap"": 2, ""column_overlap"": 4}, {""word"": ""closing"", ""timed_overlap"": 2, ""column_overlap"": 3}, {""word"": ""Cyrilla"", ""timed_overlap"": 2, ""column_overlap"": 3}, {""word"": ""dropped"", ""timed_overlap"": 2, ""column_overlap"": 3}, {""word"": ""broidered"", ""timed_overlap"": 2, ""column_overlap"": 2}]",completed,82,10,54
500,229,proximal-replay,1,me,Ginger,99,99,99,,2,2,0,0,,85,"[{""word"": ""Ginger"", ""timed_overlap"": 2, ""column_overlap"": 2}, {""word"": ""bookcase"", ""timed_overlap"": 1, ""column_overlap"": 3}, {""word"": ""want"", ""timed_overlap"": 1, ""column_overlap"": 2}, {""word"": ""Priscilla"", ""timed_overlap"": 1, ""column_overlap"": 2}, {""word"": ""suited"", ""timed_overlap"": 1, ""column_overlap"": 2}]",completed,82,10,72
500,229,proximal-replay,2,yours,spur,95,95,95,,2,4,0,0,,140,"[{""word"": ""spur"", ""timed_overlap"": 2, ""column_overlap"": 4}, {""word"": ""WATCH"", ""timed_overlap"": 2, ""column_overlap"": 4}, {""word"": ""succeeded"", ""timed_overlap"": 2, ""column_overlap"": 3}, {""word"": ""fourth"", ""timed_overlap"": 2, ""column_overlap"": 2}, {""word"": ""be"", ""timed_overlap"": 2, ""column_overlap"": 2}]",completed,82,10,54
500,229,proximal-replay,3,",",volume,95,95,95,,2,4,0,0,,147,"[{""word"": ""volume"", ""timed_overlap"": 2, ""column_overlap"": 4}, {""word"": ""nor"", ""timed_overlap"": 2, ""column_overlap"": 3}, {""word"": ""cake"", ""timed_overlap"": 2, ""column_overlap"": 3}, {""word"": ""violently"", ""timed_overlap"": 2, ""column_overlap"": 3}, {""word"": ""put"", ""timed_overlap"": 2, ""column_overlap"": 2}]",completed,64,10,72
500,229,proximal-replay,4,Jo,delighted,99,99,99,,2,4,0,0,,130,"[{""word"": ""delighted"", ""timed_overlap"": 2, ""column_overlap"": 4}, {""word"": ""chop"", ""timed_overlap"": 2, ""column_overlap"": 3}, {""word"": ""vase"", ""timed_overlap"": 2, ""column_overlap"": 2}, {""word"": ""Henderland"", ""timed_overlap"": 2, ""column_overlap"": 2}, {""word"": ""Sue"", ""timed_overlap"": 2, ""column_overlap"": 2}]",completed,82,10,54
500,230,proximal-replay,1,night,Una,100,100,100,,2,3,0,0,,92,"[{""word"": ""Una"", ""timed_overlap"": 2, ""column_overlap"": 3}, {""word"": ""in"", ""timed_overlap"": 2, ""column_overlap"": 2}, {""word"": ""large"", ""timed_overlap"": 1, ""column_overlap"": 3}, {""word"": ""miles"", ""timed_overlap"": 1, ""column_overlap"": 3}, {""word"": ""O"", ""timed_overlap"": 1, ""column_overlap"": 3}]",completed,100,10,72
500,230,proximal-replay,2,for,Thorny,100,100,100,,2,3,0,0,,114,"[{""word"": ""Thorny"", ""timed_overlap"": 2, ""column_overlap"": 3}, {""word"": ""Our"", ""timed_overlap"": 2, ""column_overlap"": 2}, {""word"": ""Cecily"", ""timed_overlap"": 2, ""column_overlap"": 2}, {""word"": ""skating"", ""timed_overlap"": 2, ""column_overlap"": 2}, {""word"": ""welcome"", ""timed_overlap"": 1, ""column_overlap"": 3}]",completed,82,10,72
500,230,proximal-replay,3,ever,new,98,98,98,,2,4,0,0,,147,"[{""word"": ""new"", ""timed_overlap"": 2, ""column_overlap"": 4}, {""word"": ""boys"", ""timed_overlap"": 2, ""column_overlap"": 3}, {""word"": ""bought"", ""timed_overlap"": 2, ""column_overlap"": 3}, {""word"": ""with"", ""timed_overlap"": 2, ""column_overlap"": 3}, {""word"": ""helmet"", ""timed_overlap"": 2, ""column_overlap"": 3}]",completed,82,10,73
500,230,proximal-replay,4,so,bookcase,98,98,98,,2,2,0,0,,99,"[{""word"": ""bookcase"", ""timed_overlap"": 2, ""column_overlap"": 2}, {""word"": ""added"", ""timed_overlap"": 2, ""column_overlap"": 2}, {""word"": ""dress"", ""timed_overlap"": 2, ""column_overlap"": 2}, {""word"": ""one"", ""timed_overlap"": 1, ""column_overlap"": 4}, {""word"": ""Schmidt"", ""timed_overlap"": 1, ""column_overlap"": 4}]",completed,82,10,63
500,231,proximal-replay,1,things,mount,99,99,99,,2,3,0,0,,124,"[{""word"": ""mount"", ""timed_overlap"": 2, ""column_overlap"": 3}, {""word"": ""jollier"", ""timed_overlap"": 2, ""column_overlap"": 2}, {""word"": ""tells"", ""timed_overlap"": 2, ""column_overlap"": 2}, {""word"": ""big"", ""timed_overlap"": 1, ""column_overlap"": 3}, {""word"": ""head"", ""timed_overlap"": 1, ""column_overlap"": 3}]",completed,64,10,72
500,231,proximal-replay,2,should,killed,93,93,93,,2,3,0,0,,127,"[{""word"": ""killed"", ""timed_overlap"": 2, ""column_overlap"": 3}, {""word"": ""letter"", ""timed_overlap"": 2, ""column_overlap"": 3}, {""word"": ""aunt"", ""timed_overlap"": 2, ""column_overlap"": 3}, {""word"": ""happened"", ""timed_overlap"": 2, ""column_overlap"": 3}, {""word"": ""Ginger"", ""timed_overlap"": 2, ""column_overlap"": 2}]",completed,82,10,72
500,231,proximal-replay,3,go,HAS,99,99,99,,2,3,0,0,,123,"[{""word"": ""HAS"", ""timed_overlap"": 2, ""column_overlap"": 3}, {""word"": ""require"", ""timed_overlap"": 2, ""column_overlap"": 3}, {""word"": ""am"", ""timed_overlap"": 2, ""column_overlap"": 2}, {""word"": ""after"", ""timed_overlap"": 2, ""column_overlap"": 2}, {""word"": ""hanging"", ""timed_overlap"": 1, ""column_overlap"": 3}]",completed,82,10,63
500,231,proximal-replay,4,smoothly,stern,99,99,99,,2,3,1,4,7,118,"[{""word"": ""stern"", ""timed_overlap"": 2, ""column_overlap"": 3}, {""word"": ""withdrew"", ""timed_overlap"": 2, ""column_overlap"": 2}, {""word"": ""First"", ""timed_overlap"": 2, ""column_overlap"": 2}, {""word"": ""Bassett"", ""timed_overlap"": 2, ""column_overlap"": 2}, {""word"": ""knew"", ""timed_overlap"": 2, ""column_overlap"": 2}]",completed,73,10,63
500,232,proximal-replay,1,over,grasshoppers,99,99,99,,2,3,0,0,,109,"[{""word"": ""grasshoppers"", ""timed_overlap"": 2, ""column_overlap"": 3}, {""word"": ""king"", ""timed_overlap"": 2, ""column_overlap"": 2}, {""word"": ""nothing"", ""timed_overlap"": 2, ""column_overlap"": 2}, {""word"": ""moving"", ""timed_overlap"": 1, ""column_overlap"": 4}, {""word"": ""Sir"", ""timed_overlap"": 1, ""column_overlap"": 4}]",completed,100,10,63
500,232,proximal-replay,2,the,put,100,100,100,,2,4,1,2,44,122,"[{""word"": ""put"", ""timed_overlap"": 2, ""column_overlap"": 4}, {""word"": ""mount"", ""timed_overlap"": 2, ""column_overlap"": 3}, {""word"": ""big"", ""timed_overlap"": 2, ""column_overlap"": 3}, {""word"": ""ladies"", ""timed_overlap"": 2, ""column_overlap"": 3}, {""word"": ""never"", ""timed_overlap"": 2, ""column_overlap"": 2}]",completed,73,10,72
500,232,proximal-replay,3,field,jollier,98,98,98,,2,4,0,0,,140,"[{""word"": ""jollier"", ""timed_overlap"": 2, ""column_overlap"": 4}, {""word"": ""its"", ""timed_overlap"": 2, ""column_overlap"": 3}, {""word"": ""appeal"", ""timed_overlap"": 2, ""column_overlap"": 3}, {""word"": ""deal"", ""timed_overlap"": 2, ""column_overlap"": 3}, {""word"": ""only"", ""timed_overlap"": 2, ""column_overlap"": 3}]",completed,82,10,72
500,232,proximal-replay,4,",",land,99,99,99,,2,4,0,0,,78,"[{""word"": ""land"", ""timed_overlap"": 2, ""column_overlap"": 4}, {""word"": ""XXIII"", ""timed_overlap"": 2, ""column_overlap"": 2}, {""word"": ""wondered"", ""timed_overlap"": 1, ""column_overlap"": 3}, {""word"": ""aunt"", ""timed_overlap"": 1, ""column_overlap"": 3}, {""word"": ""A"", ""timed_overlap"": 1, ""column_overlap"": 3}]",completed,82,10,72
500,233,proximal-replay,1,",",lump,100,100,100,,2,2,0,0,,90,"[{""word"": ""lump"", ""timed_overlap"": 2, ""column_overlap"": 2}, {""word"": ""soon"", ""timed_overlap"": 2, ""column_overlap"": 2}, {""word"": ""commanded"", ""timed_overlap"": 1, ""column_overlap"": 3}, {""word"": ""months"", ""timed_overlap"": 1, ""column_overlap"": 3}, {""word"": ""lady"", ""timed_overlap"": 1, ""column_overlap"": 3}]",completed,82,10,72
500,233,proximal-replay,2,leaving,Please,99,99,99,,2,2,0,0,,127,"[{""word"": ""Please"", ""timed_overlap"": 2, ""column_overlap"": 2}, {""word"": ""helmet"", ""timed_overlap"": 2, ""column_overlap"": 2}, {""word"": ""Mother"", ""timed_overlap"": 2, ""column_overlap"": 2}, {""word"": ""agreement"", ""timed_overlap"": 1, ""column_overlap"": 4}, {""word"": ""Peerless"", ""timed_overlap"": 1, ""column_overlap"": 4}]",completed,82,10,72
500,233,proximal-replay,3,his,Play,100,100,100,,2,3,0,0,,137,"[{""word"": ""Play"", ""timed_overlap"": 2, ""column_overlap"": 3}, {""word"": ""washerman"", ""timed_overlap"": 2, ""column_overlap"": 3}, {""word"": ""Meadow"", ""timed_overlap"": 2, ""column_overlap"": 3}, {""word"": ""whether"", ""timed_overlap"": 2, ""column_overlap"": 3}, {""word"": ""worked"", ""timed_overlap"": 2, ""column_overlap"": 3}]",completed,82,10,63
500,233,proximal-replay,4,horses,Sometimes,94,94,94,,2,3,0,0,,114,"[{""word"": ""Sometimes"", ""timed_overlap"": 2, ""column_overlap"": 3}, {""word"": ""pretence"", ""timed_overlap"": 2, ""column_overlap"": 3}, {""word"": ""Aunt"", ""timed_overlap"": 1, ""column_overlap"": 4}, {""word"": ""juggling"", ""timed_overlap"": 1, ""column_overlap"": 4}, {""word"": ""swearing"", ""timed_overlap"": 1, ""column_overlap"": 4}]",completed,73,10,72
500,234,proximal-replay,1,morning,many,100,100,100,,2,2,1,1,79,113,"[{""word"": ""many"", ""timed_overlap"": 2, ""column_overlap"": 2}, {""word"": ""Not"", ""timed_overlap"": 2, ""column_overlap"": 2}, {""word"": ""breath"", ""timed_overlap"": 2, ""column_overlap"": 2}, {""word"": ""Assam"", ""timed_overlap"": 1, ""column_overlap"": 4}, {""word"": ""Bill"", ""timed_overlap"": 1, ""column_overlap"": 4}]",completed,100,10,63
500,234,proximal-replay,2,with,wasting,99,99,99,,3,4,0,0,,116,"[{""word"": ""wasting"", ""timed_overlap"": 3, ""column_overlap"": 4}, {""word"": ""Williamson"", ""timed_overlap"": 2, ""column_overlap"": 3}, {""word"": ""impudent"", ""timed_overlap"": 2, ""column_overlap"": 2}, {""word"": ""closing"", ""timed_overlap"": 2, ""column_overlap"": 2}, {""word"": ""awful"", ""timed_overlap"": 2, ""column_overlap"": 2}]",completed,73,10,63
500,234,proximal-replay,3,a,apart,95,95,95,,2,2,0,0,,110,"[{""word"": ""apart"", ""timed_overlap"": 2, ""column_overlap"": 2}, {""word"": ""boys"", ""timed_overlap"": 1, ""column_overlap"": 4}, {""word"": ""sisters"", ""timed_overlap"": 1, ""column_overlap"": 3}, {""word"": ""birch"", ""timed_overlap"": 1, ""column_overlap"": 3}, {""word"": ""begging"", ""timed_overlap"": 1, ""column_overlap"": 3}]",completed,73,10,55
500,234,proximal-replay,4,border,This,93,93,93,,2,4,1,1,110,120,"[{""word"": ""This"", ""timed_overlap"": 2, ""column_overlap"": 4}, {""word"": ""Spirit"", ""timed_overlap"": 2, ""column_overlap"": 3}, {""word"": ""Mary"", ""timed_overlap"": 2, ""column_overlap"": 2}, {""word"": ""lean"", ""timed_overlap"": 2, ""column_overlap"": 2}, {""word"": ""haste"", ""timed_overlap"": 2, ""column_overlap"": 2}]",completed,64,10,63
500,235,proximal-replay,1,than,Many,98,98,98,,3,3,0,0,,132,"[{""word"": ""Many"", ""timed_overlap"": 3, ""column_overlap"": 3}, {""word"": ""worn"", ""timed_overlap"": 2, ""column_overlap"": 3}, {""word"": ""lads"", ""timed_overlap"": 2, ""column_overlap"": 3}, {""word"": ""ruther"", ""timed_overlap"": 2, ""column_overlap"": 2}, {""word"": ""inches"", ""timed_overlap"": 2, ""column_overlap"": 2}]",completed,82,10,54
500,235,proximal-replay,2,going,ran,98,98,98,,3,3,0,0,,127,"[{""word"": ""ran"", ""timed_overlap"": 3, ""column_overlap"": 3}, {""word"": ""resent"", ""timed_overlap"": 2, ""column_overlap"": 3}, {""word"": ""Over"", ""timed_overlap"": 2, ""column_overlap"": 2}, {""word"": ""order"", ""timed_overlap"": 2, ""column_overlap"": 2}, {""word"": ""long"", ""timed_overlap"": 1, ""column_overlap"": 3}]",completed,64,10,63
500,235,proximal-replay,3,round,appeal,97,97,97,,3,3,0,0,,139,"[{""word"": ""appeal"", ""timed_overlap"": 3, ""column_overlap"": 3}, {""word"": ""foremost"", ""timed_overlap"": 2, ""column_overlap"": 2}, {""word"": ""desert"", ""timed_overlap"": 2, ""column_overlap"": 2}, {""word"": ""an"", ""timed_overlap"": 2, ""column_overlap"": 2}, {""word"": ""indeed"", ""timed_overlap"": 2, ""column_overlap"": 2}]",completed,73,10,45
500,235,proximal-replay,4,by,time,97,97,97,,2,3,0,0,,123,"[{""word"": ""time"", ""timed_overlap"": 2, ""column_overlap"": 3}, {""word"": ""herself"", ""timed_overlap"": 2, ""column_overlap"": 3}, {""word"": ""beauty"", ""timed_overlap"": 2, ""column_overlap"": 2}, {""word"": ""dragging"", ""timed_overlap"": 2, ""column_overlap"": 2}, {""word"": ""wished"", ""timed_overlap"": 1, ""column_overlap"": 3}]",completed,55,10,72
500,236,proximal-replay,1,an,'',100,100,100,,2,2,0,0,,110,"[{""word"": ""''"", ""timed_overlap"": 2, ""column_overlap"": 2}, {""word"": ""She"", ""timed_overlap"": 2, ""column_overlap"": 2}, {""word"": ""care"", ""timed_overlap"": 1, ""column_overlap"": 4}, {""word"": ""own"", ""timed_overlap"": 1, ""column_overlap"": 4}, {""word"": ""those"", ""timed_overlap"": 1, ""column_overlap"": 4}]",completed,91,10,54
500,236,proximal-replay,2,ogress,said,99,99,99,,3,3,0,0,,95,"[{""word"": ""said"", ""timed_overlap"": 3, ""column_overlap"": 3}, {""word"": ""bust"", ""timed_overlap"": 2, ""column_overlap"": 3}, {""word"": ""Sometimes"", ""timed_overlap"": 2, ""column_overlap"": 3}, {""word"": ""Matthew"", ""timed_overlap"": 2, ""column_overlap"": 2}, {""word"": ""king"", ""timed_overlap"": 1, ""column_overlap"": 3}]",completed,64,10,63
500,236,proximal-replay,3,passed,somehow,100,100,100,,2,3,0,0,,95,"[{""word"": ""somehow"", ""timed_overlap"": 2, ""column_overlap"": 3}, {""word"": ""why"", ""timed_overlap"": 1, ""column_overlap"": 3}, {""word"": ""reigned"", ""timed_overlap"": 1, ""column_overlap"": 3}, {""word"": ""wilt"", ""timed_overlap"": 1, ""column_overlap"": 3}, {""word"": ""tittered"", ""timed_overlap"": 1, ""column_overlap"": 3}]",completed,73,10,54
500,236,proximal-replay,4,by,platform,96,96,96,,2,4,0,0,,118,"[{""word"": ""platform"", ""timed_overlap"": 2, ""column_overlap"": 4}, {""word"": ""Fellow"", ""timed_overlap"": 2, ""column_overlap"": 2}, {""word"": ""Clow"", ""timed_overlap"": 2, ""column_overlap"": 2}, {""word"": ""lads"", ""timed_overlap"": 1, ""column_overlap"": 5}, {""word"": ""carriage"", ""timed_overlap"": 1, ""column_overlap"": 5}]",completed,64,10,72
500,237,proximal-replay,1,the,be,100,100,100,,2,2,1,2,25,81,"[{""word"": ""be"", ""timed_overlap"": 2, ""column_overlap"": 2}, {""word"": ""Straight"", ""timed_overlap"": 1, ""column_overlap"": 3}, {""word"": ""Sue"", ""timed_overlap"": 1, ""column_overlap"": 3}, {""word"": ""begging"", ""timed_overlap"": 1, ""column_overlap"": 2}, {""word"": ""honey"", ""timed_overlap"": 1, ""column_overlap"": 2}]",completed,91,10,63
500,237,proximal-replay,2,whole,Cyrilla,100,100,100,,2,3,0,0,,128,"[{""word"": ""Cyrilla"", ""timed_overlap"": 2, ""column_overlap"": 3}, {""word"": ""stern"", ""timed_overlap"": 2, ""column_overlap"": 3}, {""word"": ""leave"", ""timed_overlap"": 2, ""column_overlap"": 3}, {""word"": ""!"", ""timed_overlap"": 2, ""column_overlap"": 3}, {""word"": ""seen"", ""timed_overlap"": 2, ""column_overlap"": 2}]",completed,73,10,63
500,237,proximal-replay,3,scene,'s,95,95,95,,3,4,0,0,,145,"[{""word"": ""'s"", ""timed_overlap"": 3, ""column_overlap"": 4}, {""word"": ""course"", ""timed_overlap"": 2, ""column_overlap"": 4}, {""word"": ""gradual"", ""timed_overlap"": 2, ""column_overlap"": 3}, {""word"": ""fellows"", ""timed_overlap"": 2, ""column_overlap"": 3}, {""word"": ""Meanwhile"", ""timed_overlap"": 2, ""column_overlap"": 3}]",completed,73,10,54
500,237,proximal-replay,4,with,throat,97,97,97,,2,2,1,2,17,90,"[{""word"": ""throat"", ""timed_overlap"": 2, ""column_overlap"": 2}, {""word"": ""suit"", ""timed_overlap"": 2, ""column_overlap"": 2}, {""word"": ""fry"", ""timed_overlap"": 1, ""column_overlap"": 4}, {""word"": ""posted"", ""timed_overlap"": 1, ""column_overlap"": 3}, {""word"": ""palm-tree"", ""timed_overlap"": 1, ""column_overlap"": 3}]",completed,64,10,63
500,238,proximal-replay,1,speak,be,100,100,100,,2,2,0,0,,81,"[{""word"": ""be"", ""timed_overlap"": 2, ""column_overlap"": 2}, {""word"": ""Straight"", ""timed_overlap"": 1, ""column_overlap"": 3}, {""word"": ""Sue"", ""timed_overlap"": 1, ""column_overlap"": 3}, {""word"": ""mean"", ""timed_overlap"": 1, ""column_overlap"": 2}, {""word"": ""thinks"", ""timed_overlap"": 1, ""column_overlap"": 2}]",completed,91,10,63
500,238,proximal-replay,2,my,!,100,100,100,,2,3,0,0,,128,"[{""word"": ""!"", ""timed_overlap"": 2, ""column_overlap"": 3}, {""word"": ""Cyrilla"", ""timed_overlap"": 2, ""column_overlap"": 3}, {""word"": ""stern"", ""timed_overlap"": 2, ""column_overlap"": 3}, {""word"": ""leave"", ""timed_overlap"": 2, ""column_overlap"": 3}, {""word"": ""seen"", ""timed_overlap"": 2, ""column_overlap"": 2}]",completed,73,10,54
500,238,proximal-replay,3,mind,exactly,100,100,100,,2,4,0,0,,109,"[{""word"": ""exactly"", ""timed_overlap"": 2, ""column_overlap"": 4}, {""word"": ""ended"", ""timed_overlap"": 2, ""column_overlap"": 3}, {""word"": ""Eric"", ""timed_overlap"": 2, ""column_overlap"": 3}, {""word"": ""creature"", ""timed_overlap"": 2, ""column_overlap"": 2}, {""word"": ""words"", ""timed_overlap"": 2, ""column_overlap"": 2}]",completed,64,10,72
500,238,proximal-replay,4,to,which,99,99,99,,2,3,0,0,,98,"[{""word"": ""which"", ""timed_overlap"": 2, ""column_overlap"": 3}, {""word"": ""washerman"", ""timed_overlap"": 2, ""column_overlap"": 3}, {""word"": ""running"", ""timed_overlap"": 2, ""column_overlap"": 2}, {""word"": ""turning"", ""timed_overlap"": 1, ""column_overlap"": 4}, {""word"": ""beautiful"", ""timed_overlap"": 1, ""column_overlap"": 3}]",completed,82,10,63
500,239,proximal-replay,1,could,Then,95,95,95,,2,4,0,0,,144,"[{""word"": ""Then"", ""timed_overlap"": 2, ""column_overlap"": 4}, {""word"": ""haunting"", ""timed_overlap"": 2, ""column_overlap"": 2}, {""word"": ""yearned"", ""timed_overlap"": 2, ""column_overlap"": 2}, {""word"": ""speak"", ""timed_overlap"": 2, ""column_overlap"": 2}, {""word"": ""Jed"", ""timed_overlap"": 2, ""column_overlap"": 2}]",completed,64,10,63
500,239,proximal-replay,2,remember,east,99,99,99,,2,3,0,0,,121,"[{""word"": ""east"", ""timed_overlap"": 2, ""column_overlap"": 3}, {""word"": ""paw"", ""timed_overlap"": 2, ""column_overlap"": 3}, {""word"": ""Ripple"", ""timed_overlap"": 2, ""column_overlap"": 2}, {""word"": ""walked"", ""timed_overlap"": 2, ""column_overlap"": 2}, {""word"": ""visored"", ""timed_overlap"": 1, ""column_overlap"": 4}]",completed,73,10,72
500,239,proximal-replay,3,of,ruther,99,99,99,,2,3,0,0,,99,"[{""word"": ""ruther"", ""timed_overlap"": 2, ""column_overlap"": 3}, {""word"": ""feebly"", ""timed_overlap"": 2, ""column_overlap"": 2}, {""word"": ""bared"", ""timed_overlap"": 2, ""column_overlap"": 2}, {""word"": ""Marilla"", ""timed_overlap"": 2, ""column_overlap"": 2}, {""word"": ""Grant"", ""timed_overlap"": 1, ""column_overlap"": 4}]",completed,82,10,63
500,239,proximal-replay,4,his,Folks,97,97,97,,2,5,0,0,,130,"[{""word"": ""Folks"", ""timed_overlap"": 2, ""column_overlap"": 5}, {""word"": ""Jed"", ""timed_overlap"": 2, ""column_overlap"": 4}, {""word"": ""up"", ""timed_overlap"": 2, ""column_overlap"": 4}, {""word"": ""basket"", ""timed_overlap"": 2, ""column_overlap"": 3}, {""word"": ""should"", ""timed_overlap"": 2, ""column_overlap"": 3}]",completed,73,10,54
500,240,proximal-replay,1,up,Thorny,100,100,100,,2,3,0,0,,97,"[{""word"": ""Thorny"", ""timed_overlap"": 2, ""column_overlap"": 3}, {""word"": ""some"", ""timed_overlap"": 2, ""column_overlap"": 2}, {""word"": ""weigh"", ""timed_overlap"": 2, ""column_overlap"": 2}, {""word"": ""pink"", ""timed_overlap"": 2, ""column_overlap"": 2}, {""word"": ""Felicity"", ""timed_overlap"": 1, ""column_overlap"": 3}]",completed,82,10,63
500,240,proximal-replay,2,towards,three,99,99,99,,2,4,0,0,,155,"[{""word"": ""three"", ""timed_overlap"": 2, ""column_overlap"": 4}, {""word"": ""turns"", ""timed_overlap"": 2, ""column_overlap"": 3}, {""word"": ""brought"", ""timed_overlap"": 2, ""column_overlap"": 2}, {""word"": ""haunting"", ""timed_overlap"": 2, ""column_overlap"": 2}, {""word"": ""Fox"", ""timed_overlap"": 2, ""column_overlap"": 2}]",completed,73,10,72
500,240,proximal-replay,3,the,pink,99,99,99,,2,3,0,0,,93,"[{""word"": ""pink"", ""timed_overlap"": 2, ""column_overlap"": 3}, {""word"": ""spear"", ""timed_overlap"": 2, ""column_overlap"": 2}, {""word"": ""consent"", ""timed_overlap"": 2, ""column_overlap"": 2}, {""word"": ""kindest"", ""timed_overlap"": 1, ""column_overlap"": 4}, {""word"": ""Bozzaris"", ""timed_overlap"": 1, ""column_overlap"": 3}]",completed,82,10,54
500,240,proximal-replay,4,old,wanted,94,94,94,,2,2,1,2,39,118,"[{""word"": ""wanted"", ""timed_overlap"": 2, ""column_overlap"": 2}, {""word"": ""Susanna"", ""timed_overlap"": 2, ""column_overlap"": 2}, {""word"": ""or"", ""timed_overlap"": 1, ""column_overlap"": 4}, {""word"": ""approve"", ""timed_overlap"": 1, ""column_overlap"": 3}, {""word"": ""hall"", ""timed_overlap"": 1, ""column_overlap"": 3}]",completed,64,10,63
500,241,proximal-replay,1,puzzling,sweetens,100,100,100,,2,2,0,0,,67,"[{""word"": ""sweetens"", ""timed_overlap"": 2, ""column_overlap"": 2}, {""word"": ""a"", ""timed_overlap"": 2, ""column_overlap"": 2}, {""word"": ""elapsed"", ""timed_overlap"": 1, ""column_overlap"": 3}, {""word"": ""Cursed"", ""timed_overlap"": 1, ""column_overlap"": 2}, {""word"": ""Of"", ""timed_overlap"": 1, ""column_overlap"": 2}]",completed,100,10,63
500,241,proximal-replay,2,all,and,94,94,94,,3,3,0,0,,141,"[{""word"": ""and"", ""timed_overlap"": 3, ""column_overlap"": 3}, {""word"": ""terrible"", ""timed_overlap"": 2, ""column_overlap"": 3}, {""word"": ""Head"", ""timed_overlap"": 2, ""column_overlap"": 3}, {""word"": ""thing"", ""timed_overlap"": 2, ""column_overlap"": 3}, {""word"": ""satisfied"", ""timed_overlap"": 2, ""column_overlap"": 2}]",completed,73,10,54
500,241,proximal-replay,3,the,tyrannize,100,100,100,,2,3,1,2,57,140,"[{""word"": ""tyrannize"", ""timed_overlap"": 2, ""column_overlap"": 3}, {""word"": ""Hippocrates"", ""timed_overlap"": 2, ""column_overlap"": 3}, {""word"": ""Betty"", ""timed_overlap"": 2, ""column_overlap"": 3}, {""word"": ""closing"", ""timed_overlap"": 2, ""column_overlap"": 2}, {""word"": ""return"", ""timed_overlap"": 1, ""column_overlap"": 4}]",completed,64,10,63
500,241,proximal-replay,4,little,Nature,96,96,96,,2,4,0,0,,134,"[{""word"": ""Nature"", ""timed_overlap"": 2, ""column_overlap"": 4}, {""word"": ""lonesome"", ""timed_overlap"": 2, ""column_overlap"": 3}, {""word"": ""pudding"", ""timed_overlap"": 2, ""column_overlap"": 3}, {""word"": ""'ll"", ""timed_overlap"": 2, ""column_overlap"": 3}, {""word"": ""put"", ""timed_overlap"": 2, ""column_overlap"": 2}]",completed,73,10,64
500,242,proximal-replay,1,",",boy,100,100,100,,2,4,0,0,,123,"[{""word"": ""boy"", ""timed_overlap"": 2, ""column_overlap"": 4}, {""word"": ""rock"", ""timed_overlap"": 2, ""column_overlap"": 3}, {""word"": ""bookcase"", ""timed_overlap"": 2, ""column_overlap"": 3}, {""word"": ""ran"", ""timed_overlap"": 2, ""column_overlap"": 2}, {""word"": ""rose"", ""timed_overlap"": 2, ""column_overlap"": 2}]",completed,82,10,63
500,242,proximal-replay,2,Mr.,terrified,100,100,100,,2,4,0,0,,112,"[{""word"": ""terrified"", ""timed_overlap"": 2, ""column_overlap"": 4}, {""word"": ""happened"", ""timed_overlap"": 2, ""column_overlap"": 3}, {""word"": ""reason"", ""timed_overlap"": 2, ""column_overlap"": 3}, {""word"": ""brave"", ""timed_overlap"": 2, ""column_overlap"": 3}, {""word"": ""splendid"", ""timed_overlap"": 2, ""column_overlap"": 2}]",completed,73,10,72
500,242,proximal-replay,3,Meredith,done,97,97,97,,2,2,0,0,,91,"[{""word"": ""done"", ""timed_overlap"": 2, ""column_overlap"": 2}, {""word"": ""avowed"", ""timed_overlap"": 1, ""column_overlap"": 4}, {""word"": ""place"", ""timed_overlap"": 1, ""column_overlap"": 3}, {""word"": ""Inspiration"", ""timed_overlap"": 1, ""column_overlap"": 3}, {""word"": ""sleep"", ""timed_overlap"": 1, ""column_overlap"": 3}]",completed,82,10,54
500,242,proximal-replay,4,had,snubbed,97,97,97,,2,3,0,0,,128,"[{""word"": ""snubbed"", ""timed_overlap"": 2, ""column_overlap"": 3}, {""word"": ""east"", ""timed_overlap"": 2, ""column_overlap"": 3}, {""word"": ""month"", ""timed_overlap"": 2, ""column_overlap"": 2}, {""word"": ""Ben"", ""timed_overlap"": 2, ""column_overlap"": 2}, {""word"": ""green"", ""timed_overlap"": 2, ""column_overlap"": 2}]",completed,64,10,73
500,243,proximal-replay,1,they,poor,98,98,98,,2,3,0,0,,140,"[{""word"": ""poor"", ""timed_overlap"": 2, ""column_overlap"": 3}, {""word"": ""glad"", ""timed_overlap"": 2, ""column_overlap"": 3}, {""word"": ""nurse"", ""timed_overlap"": 2, ""column_overlap"": 3}, {""word"": ""slim"", ""timed_overlap"": 2, ""column_overlap"": 2}, {""word"": ""cats"", ""timed_overlap"": 2, ""column_overlap"": 2}]",completed,64,10,54
500,243,proximal-replay,2,say,Grant,100,100,100,,2,3,1,3,9,124,"[{""word"": ""Grant"", ""timed_overlap"": 2, ""column_overlap"": 3}, {""word"": ""feller"", ""timed_overlap"": 2, ""column_overlap"": 2}, {""word"": ""pine-fringed"", ""timed_overlap"": 1, ""column_overlap"": 4}, {""word"": ""minutes"", ""timed_overlap"": 1, ""column_overlap"": 4}, {""word"": ""locked"", ""timed_overlap"": 1, ""column_overlap"": 4}]",completed,64,10,72
500,243,proximal-replay,3,",",Thorny,100,100,100,,2,3,0,0,,96,"[{""word"": ""Thorny"", ""timed_overlap"": 2, ""column_overlap"": 3}, {""word"": ""broidered"", ""timed_overlap"": 2, ""column_overlap"": 3}, {""word"": ""passed"", ""timed_overlap"": 2, ""column_overlap"": 3}, {""word"": ""spoke"", ""timed_overlap"": 2, ""column_overlap"": 2}, {""word"": ""bag"", ""timed_overlap"": 2, ""column_overlap"": 2}]",completed,82,10,72
500,243,proximal-replay,4,`,As,99,99,99,,2,2,0,0,,90,"[{""word"": ""As"", ""timed_overlap"": 2, ""column_overlap"": 2}, {""word"": ""around"", ""timed_overlap"": 2, ""column_overlap"": 2}, {""word"": ""Sue"", ""timed_overlap"": 2, ""column_overlap"": 2}, {""word"": ""bought"", ""timed_overlap"": 2, ""column_overlap"": 2}, {""word"": ""ten"", ""timed_overlap"": 2, ""column_overlap"": 2}]",completed,82,10,72
500,244,proximal-replay,1,door,must,100,100,100,,2,3,0,0,,95,"[{""word"": ""must"", ""timed_overlap"": 2, ""column_overlap"": 3}, {""word"": ""mean"", ""timed_overlap"": 1, ""column_overlap"": 4}, {""word"": ""Look"", ""timed_overlap"": 1, ""column_overlap"": 4}, {""word"": ""apparently"", ""timed_overlap"": 1, ""column_overlap"": 3}, {""word"": ""So"", ""timed_overlap"": 1, ""column_overlap"": 3}]",completed,100,10,63
500,244,proximal-replay,2,",",dragging,97,97,97,,3,3,0,0,,140,"[{""word"": ""dragging"", ""timed_overlap"": 3, ""column_overlap"": 3}, {""word"": ""talented"", ""timed_overlap"": 2, ""column_overlap"": 3}, {""word"": ""early"", ""timed_overlap"": 2, ""column_overlap"": 3}, {""word"": ""have"", ""timed_overlap"": 2, ""column_overlap"": 3}, {""word"": ""Mollie"", ""timed_overlap"": 2, ""column_overlap"": 3}]",completed,73,10,54
500,244,proximal-replay,3,and,spied,97,97,97,,2,3,0,0,,140,"[{""word"": ""spied"", ""timed_overlap"": 2, ""column_overlap"": 3}, {""word"": ""about"", ""timed_overlap"": 2, ""column_overlap"": 3}, {""word"": ""carriage"", ""timed_overlap"": 2, ""column_overlap"": 3}, {""word"": ""hard"", ""timed_overlap"": 1, ""column_overlap"": 6}, {""word"": ""Because"", ""timed_overlap"": 1, ""column_overlap"": 4}]",completed,64,10,54
500,244,proximal-replay,4,locked,pride,95,95,95,,2,3,0,0,,174,"[{""word"": ""pride"", ""timed_overlap"": 2, ""column_overlap"": 3}, {""word"": ""well"", ""timed_overlap"": 2, ""column_overlap"": 3}, {""word"": ""both"", ""timed_overlap"": 2, ""column_overlap"": 3}, {""word"": ""succeeded"", ""timed_overlap"": 2, ""column_overlap"": 3}, {""word"": ""post"", ""timed_overlap"": 2, ""column_overlap"": 2}]",completed,64,10,55
500,245,proximal-replay,1,bronze,lonesome,100,100,100,,2,4,0,0,,113,"[{""word"": ""lonesome"", ""timed_overlap"": 2, ""column_overlap"": 4}, {""word"": ""Joseph"", ""timed_overlap"": 2, ""column_overlap"": 2}, {""word"": ""sight"", ""timed_overlap"": 2, ""column_overlap"": 2}, {""word"": ""by"", ""timed_overlap"": 2, ""column_overlap"": 2}, {""word"": ""price"", ""timed_overlap"": 2, ""column_overlap"": 2}]",completed,73,10,72
500,245,proximal-replay,2,bust,Pekoe,98,98,98,,2,2,0,0,,95,"[{""word"": ""Pekoe"", ""timed_overlap"": 2, ""column_overlap"": 2}, {""word"": ""half"", ""timed_overlap"": 1, ""column_overlap"": 3}, {""word"": ""Ben"", ""timed_overlap"": 1, ""column_overlap"": 3}, {""word"": ""No"", ""timed_overlap"": 1, ""column_overlap"": 2}, {""word"": ""bag"", ""timed_overlap"": 1, ""column_overlap"": 2}]",completed,82,10,73
500,245,proximal-replay,3,of,SAMMY,100,100,100,,2,4,0,0,,130,"[{""word"": ""SAMMY"", ""timed_overlap"": 2, ""column_overlap"": 4}, {""word"": ""clothes"", ""timed_overlap"": 2, ""column_overlap"": 2}, {""word"": ""better"", ""timed_overlap"": 2, ""column_overlap"": 2}, {""word"": ""bared"", ""timed_overlap"": 2, ""column_overlap"": 2}, {""word"": ""Gray"", ""timed_overlap"": 1, ""column_overlap"": 3}]",completed,82,10,63
500,245,proximal-replay,4,Hippocrates,marriage,100,100,100,,2,3,0,0,,120,"[{""word"": ""marriage"", ""timed_overlap"": 2, ""column_overlap"": 3}, {""word"": ""others"", ""timed_overlap"": 2, ""column_overlap"": 3}, {""word"": ""fought"", ""timed_overlap"": 2, ""column_overlap"": 3}, {""word"": ""opening"", ""timed_overlap"": 2, ""column_overlap"": 3}, {""word"": ""pen"", ""timed_overlap"": 2, ""column_overlap"": 2}]",completed,73,10,72
500,246,proximal-replay,1,",",fighting,100,100,100,,2,2,0,0,,111,"[{""word"": ""fighting"", ""timed_overlap"": 2, ""column_overlap"": 2}, {""word"": ""moment"", ""timed_overlap"": 1, ""column_overlap"": 4}, {""word"": ""cheering"", ""timed_overlap"": 1, ""column_overlap"": 3}, {""word"": ""strange"", ""timed_overlap"": 1, ""column_overlap"": 3}, {""word"": ""green"", ""timed_overlap"": 1, ""column_overlap"": 3}]",completed,91,10,63
500,246,proximal-replay,2,they,taking,98,98,98,,2,3,0,0,,122,"[{""word"": ""taking"", ""timed_overlap"": 2, ""column_overlap"": 3}, {""word"": ""Gray"", ""timed_overlap"": 2, ""column_overlap"": 3}, {""word"": ""suited"", ""timed_overlap"": 2, ""column_overlap"": 2}, {""word"": ""writing"", ""timed_overlap"": 2, ""column_overlap"": 2}, {""word"": ""uneasy"", ""timed_overlap"": 2, ""column_overlap"": 2}]",completed,73,10,72
500,246,proximal-replay,3,did,'m,96,96,96,,2,4,0,0,,142,"[{""word"": ""'m"", ""timed_overlap"": 2, ""column_overlap"": 4}, {""word"": ""remarked"", ""timed_overlap"": 2, ""column_overlap"": 3}, {""word"": ""will"", ""timed_overlap"": 2, ""column_overlap"": 3}, {""word"": ""tasted"", ""timed_overlap"": 2, ""column_overlap"": 2}, {""word"": ""house"", ""timed_overlap"": 2, ""column_overlap"": 2}]",completed,82,10,72
500,246,proximal-replay,4,not,wish,100,100,100,,2,2,0,0,,96,"[{""word"": ""wish"", ""timed_overlap"": 2, ""column_overlap"": 2}, {""word"": ""Great"", ""timed_overlap"": 1, ""column_overlap"": 4}, {""word"": ""wandered"", ""timed_overlap"": 1, ""column_overlap"": 3}, {""word"": ""common"", ""timed_overlap"": 1, ""column_overlap"": 3}, {""word"": "":"", ""timed_overlap"": 1, ""column_overlap"": 3}]",completed,82,10,63
500,247,proximal-replay,1,hole,bookcase,100,100,100,,2,4,1,1,71,80,"[{""word"": ""bookcase"", ""timed_overlap"": 2, ""column_overlap"": 4}, {""word"": ""crow"", ""timed_overlap"": 2, ""column_overlap"": 3}, {""word"": ""awake"", ""timed_overlap"": 2, ""column_overlap"": 2}, {""word"": ""confessed"", ""timed_overlap"": 1, ""column_overlap"": 3}, {""word"": ""both"", ""timed_overlap"": 1, ""column_overlap"": 3}]",completed,73,10,72
500,247,proximal-replay,2,as,heated,99,99,99,,2,3,0,0,,110,"[{""word"": ""heated"", ""timed_overlap"": 2, ""column_overlap"": 3}, {""word"": ""Aunt"", ""timed_overlap"": 2, ""column_overlap"": 2}, {""word"": ""worse"", ""timed_overlap"": 2, ""column_overlap"": 2}, {""word"": ""Jumping"", ""timed_overlap"": 2, ""column_overlap"": 2}, {""word"": ""tried"", ""timed_overlap"": 1, ""column_overlap"": 4}]",completed,82,10,64
500,247,proximal-replay,3,fast,Matthew,98,98,98,,2,2,0,0,,88,"[{""word"": ""Matthew"", ""timed_overlap"": 2, ""column_overlap"": 2}, {""word"": ""Emmy"", ""timed_overlap"": 1, ""column_overlap"": 3}, {""word"": ""arrived"", ""timed_overlap"": 1, ""column_overlap"": 3}, {""word"": ""heard"", ""timed_overlap"": 1, ""column_overlap"": 3}, {""word"": ""CHAPTER"", ""timed_overlap"": 1, ""column_overlap"": 3}]",completed,73,10,72
500,247,proximal-replay,4,as,wilt,100,100,100,,2,2,0,0,,82,"[{""word"": ""wilt"", ""timed_overlap"": 2, ""column_overlap"": 2}, {""word"": ""bewildered"", ""timed_overlap"": 1, ""column_overlap"": 3}, {""word"": ""feebly"", ""timed_overlap"": 1, ""column_overlap"": 3}, {""word"": ""made"", ""timed_overlap"": 1, ""column_overlap"": 3}, {""word"": ""hate"", ""timed_overlap"": 1, ""column_overlap"": 3}]",completed,82,10,72
500,248,proximal-replay,1,",",Oh,100,100,100,,2,3,0,0,,93,"[{""word"": ""Oh"", ""timed_overlap"": 2, ""column_overlap"": 3}, {""word"": ""Skunk"", ""timed_overlap"": 2, ""column_overlap"": 2}, {""word"": ""cake"", ""timed_overlap"": 2, ""column_overlap"": 2}, {""word"": ""In"", ""timed_overlap"": 1, ""column_overlap"": 3}, {""word"": ""moment"", ""timed_overlap"": 1, ""column_overlap"": 3}]",completed,100,10,63
500,248,proximal-replay,2,'',dear,97,97,97,,2,3,0,0,,141,"[{""word"": ""dear"", ""timed_overlap"": 2, ""column_overlap"": 3}, {""word"": ""flew"", ""timed_overlap"": 2, ""column_overlap"": 3}, {""word"": ""never"", ""timed_overlap"": 2, ""column_overlap"": 2}, {""word"": ""ladylike"", ""timed_overlap"": 2, ""column_overlap"": 2}, {""word"": ""Bab"", ""timed_overlap"": 2, ""column_overlap"": 2}]",completed,73,10,63
500,248,proximal-replay,3,said,Thorny,99,99,99,,2,4,0,0,,131,"[{""word"": ""Thorny"", ""timed_overlap"": 2, ""column_overlap"": 4}, {""word"": ""withdrew"", ""timed_overlap"": 2, ""column_overlap"": 3}, {""word"": ""stood"", ""timed_overlap"": 2, ""column_overlap"": 3}, {""word"": ""RABBIT"", ""timed_overlap"": 2, ""column_overlap"": 3}, {""word"": ""fellow"", ""timed_overlap"": 2, ""column_overlap"": 3}]",completed,73,10,73
500,248,proximal-replay,4,Lynde,bought,99,99,99,,2,3,0,0,,78,"[{""word"": ""bought"", ""timed_overlap"": 2, ""column_overlap"": 3}, {""word"": ""themselves"", ""timed_overlap"": 2, ""column_overlap"": 3}, {""word"": ""nearly"", ""timed_overlap"": 2, ""column_overlap"": 2}, {""word"": ""helmet"", ""timed_overlap"": 2, ""column_overlap"": 2}, {""word"": ""got"", ""timed_overlap"": 1, ""column_overlap"": 3}]",completed,82,10,63
500,249,proximal-replay,1,us,God,97,97,97,,2,3,0,0,,124,"[{""word"": ""God"", ""timed_overlap"": 2, ""column_overlap"": 3}, {""word"": ""something"", ""timed_overlap"": 2, ""column_overlap"": 3}, {""word"": ""mud"", ""timed_overlap"": 2, ""column_overlap"": 2}, {""word"": ""Neither"", ""timed_overlap"": 2, ""column_overlap"": 2}, {""word"": ""fellows"", ""timed_overlap"": 2, ""column_overlap"": 2}]",completed,64,10,63
500,249,proximal-replay,2,such,Matthew,100,100,100,,2,3,0,0,,101,"[{""word"": ""Matthew"", ""timed_overlap"": 2, ""column_overlap"": 3}, {""word"": ""seemed"", ""timed_overlap"": 2, ""column_overlap"": 2}, {""word"": ""maiden"", ""timed_overlap"": 2, ""column_overlap"": 2}, {""word"": ""frog"", ""timed_overlap"": 2, ""column_overlap"": 2}, {""word"": ""brave"", ""timed_overlap"": 1, ""column_overlap"": 4}]",completed,73,10,72
500,249,proximal-replay,3,lovely,puzzling,100,100,100,,2,4,0,0,,96,"[{""word"": ""puzzling"", ""timed_overlap"": 2, ""column_overlap"": 4}, {""word"": ""statelier"", ""timed_overlap"": 2, ""column_overlap"": 3}, {""word"": "";"", ""timed_overlap"": 2, ""column_overlap"": 2}, {""word"": ""voice"", ""timed_overlap"": 1, ""column_overlap"": 3}, {""word"": ""terrified"", ""timed_overlap"": 1, ""column_overlap"": 3}]",completed,82,10,72
500,249,proximal-replay,4,things,hundred,100,100,100,,2,3,0,0,,119,"[{""word"": ""hundred"", ""timed_overlap"": 2, ""column_overlap"": 3}, {""word"": ""study"", ""timed_overlap"": 2, ""column_overlap"": 2}, {""word"": ""milk"", ""timed_overlap"": 2, ""column_overlap"": 2}, {""word"": ""care"", ""timed_overlap"": 1, ""column_overlap"": 4}, {""word"": ""humanity"", ""timed_overlap"": 1, ""column_overlap"": 3}]",completed,82,10,72
500,250,proximal-replay,1,saw,mud,100,100,100,,2,5,0,0,,88,"[{""word"": ""mud"", ""timed_overlap"": 2, ""column_overlap"": 5}, {""word"": ""wilt"", ""timed_overlap"": 1, ""column_overlap"": 3}, {""word"": ""feeling"", ""timed_overlap"": 1, ""column_overlap"": 3}, {""word"": ""needle"", ""timed_overlap"": 1, ""column_overlap"": 3}, {""word"": ""passed"", ""timed_overlap"": 1, ""column_overlap"": 3}]",completed,82,10,72
500,250,proximal-replay,2,it,A,99,99,99,,2,3,0,0,,134,"[{""word"": ""A"", ""timed_overlap"": 2, ""column_overlap"": 3}, {""word"": ""Each"", ""timed_overlap"": 2, ""column_overlap"": 3}, {""word"": ""must"", ""timed_overlap"": 2, ""column_overlap"": 3}, {""word"": ""instinct"", ""timed_overlap"": 2, ""column_overlap"": 2}, {""word"": ""Sometimes"", ""timed_overlap"": 2, ""column_overlap"": 2}]",completed,82,10,72
500,250,proximal-replay,3,right,why,98,98,98,,2,3,0,0,,123,"[{""word"": ""why"", ""timed_overlap"": 2, ""column_overlap"": 3}, {""word"": ""apparently"", ""timed_overlap"": 2, ""column_overlap"": 3}, {""word"": ""Carmody"", ""timed_overlap"": 2, ""column_overlap"": 2}, {""word"": ""sleep"", ""timed_overlap"": 2, ""column_overlap"": 2}, {""word"": ""ma'am"", ""timed_overlap"": 1, ""column_overlap"": 4}]",completed,82,10,64
500,250,proximal-replay,4,away,writ,93,93,93,,2,4,1,3,12,136,"[{""word"": ""writ"", ""timed_overlap"": 2, ""column_overlap"": 4}, {""word"": ""Clow"", ""timed_overlap"": 2, ""column_overlap"": 3}, {""word"": ""dismounted"", ""timed_overlap"": 2, ""column_overlap"": 3}, {""word"": ""artistic"", ""timed_overlap"": 2, ""column_overlap"": 3}, {""word"": ""Jo"", ""timed_overlap"": 2, ""column_overlap"": 2}]",completed,73,10,73
500,251,proximal-replay,1,;,Suddenly,94,94,94,,2,4,2,3,3,144,"[{""word"": ""Suddenly"", ""timed_overlap"": 2, ""column_overlap"": 4}, {""word"": ""Magyars"", ""timed_overlap"": 2, ""column_overlap"": 3}, {""word"": "";"", ""timed_overlap"": 2, ""column_overlap"": 3}, {""word"": ""breakfast"", ""timed_overlap"": 2, ""column_overlap"": 3}, {""word"": ""Meanwhile"", ""timed_overlap"": 2, ""column_overlap"": 3}]",completed,91,10,72
500,251,proximal-replay,2,',shake,100,100,100,,2,3,0,0,,116,"[{""word"": ""shake"", ""timed_overlap"": 2, ""column_overlap"": 3}, {""word"": ""satisfied"", ""timed_overlap"": 2, ""column_overlap"": 2}, {""word"": ""locked"", ""timed_overlap"": 2, ""column_overlap"": 2}, {""word"": ""girl"", ""timed_overlap"": 1, ""column_overlap"": 3}, {""word"": ""Nobody"", ""timed_overlap"": 1, ""column_overlap"": 3}]",completed,82,10,72
500,251,proximal-replay,3,he,did,99,99,99,,2,4,0,0,,139,"[{""word"": ""did"", ""timed_overlap"": 2, ""column_overlap"": 4}, {""word"": ""King"", ""timed_overlap"": 2, ""column_overlap"": 3}, {""word"": ""hot"", ""timed_overlap"": 2, ""column_overlap"": 3}, {""word"": ""why"", ""timed_overlap"": 2, ""column_overlap"": 2}, {""word"": ""said"", ""timed_overlap"": 2, ""column_overlap"": 2}]",completed,82,10,63
500,251,proximal-replay,4,swears,Don,100,100,100,,2,3,0,0,,140,"[{""word"": ""Don"", ""timed_overlap"": 2, ""column_overlap"": 3}, {""word"": ""set"", ""timed_overlap"": 2, ""column_overlap"": 3}, {""word"": ""call"", ""timed_overlap"": 2, ""column_overlap"": 2}, {""word"": ""Bozzaris"", ""timed_overlap"": 1, ""column_overlap"": 4}, {""word"": ""lay"", ""timed_overlap"": 1, ""column_overlap"": 3}]",completed,73,10,72
500,252,proximal-replay,1,",",tasted,100,100,100,,1,4,0,0,,84,"[{""word"": ""tasted"", ""timed_overlap"": 1, ""column_overlap"": 4}, {""word"": ""They"", ""timed_overlap"": 1, ""column_overlap"": 3}, {""word"": ""these"", ""timed_overlap"": 1, ""column_overlap"": 3}, {""word"": ""even"", ""timed_overlap"": 1, ""column_overlap"": 3}, {""word"": ""delighted"", ""timed_overlap"": 1, ""column_overlap"": 3}]",completed,91,10,72
500,252,proximal-replay,2,but,bait,100,100,100,,2,4,0,0,,129,"[{""word"": ""bait"", ""timed_overlap"": 2, ""column_overlap"": 4}, {""word"": ""kindest"", ""timed_overlap"": 2, ""column_overlap"": 2}, {""word"": ""troublous"", ""timed_overlap"": 2, ""column_overlap"": 2}, {""word"": ""intended"", ""timed_overlap"": 2, ""column_overlap"": 2}, {""word"": ""here"", ""timed_overlap"": 2, ""column_overlap"": 2}]",completed,82,10,72
500,252,proximal-replay,3,as,lay,97,97,97,,3,3,0,0,,125,"[{""word"": ""lay"", ""timed_overlap"": 3, ""column_overlap"": 3}, {""word"": ""Bozzaris"", ""timed_overlap"": 2, ""column_overlap"": 3}, {""word"": ""Grant"", ""timed_overlap"": 2, ""column_overlap"": 2}, {""word"": ""Fox"", ""timed_overlap"": 1, ""column_overlap"": 4}, {""word"": ""willing"", ""timed_overlap"": 1, ""column_overlap"": 4}]",completed,82,10,54
500,252,proximal-replay,4,they,off,97,97,97,,2,3,0,0,,133,"[{""word"": ""off"", ""timed_overlap"": 2, ""column_overlap"": 3}, {""word"": ""locked"", ""timed_overlap"": 2, ""column_overlap"": 3}, {""word"": ""awful"", ""timed_overlap"": 2, ""column_overlap"": 3}, {""word"": ""swearing"", ""timed_overlap"": 2, ""column_overlap"": 3}, {""word"": ""Jumping"", ""timed_overlap"": 2, ""column_overlap"": 2}]",completed,64,10,64
500,253,proximal-replay,1,very,timid,100,100,100,,2,3,0,0,,86,"[{""word"": ""timid"", ""timed_overlap"": 2, ""column_overlap"": 3}, {""word"": ""God"", ""timed_overlap"": 2, ""column_overlap"": 2}, {""word"": ""awake"", ""timed_overlap"": 2, ""column_overlap"": 2}, {""word"": ""need"", ""timed_overlap"": 1, ""column_overlap"": 3}, {""word"": ""Lung"", ""timed_overlap"": 1, ""column_overlap"": 3}]",completed,91,10,54
500,253,proximal-replay,2,gaily,those,99,99,99,,2,2,0,0,,121,"[{""word"": ""those"", ""timed_overlap"": 2, ""column_overlap"": 2}, {""word"": ""wandered"", ""timed_overlap"": 2, ""column_overlap"": 2}, {""word"": ""dragon"", ""timed_overlap"": 2, ""column_overlap"": 2}, {""word"": ""drew"", ""timed_overlap"": 2, ""column_overlap"": 2}, {""word"": ""flew"", ""timed_overlap"": 2, ""column_overlap"": 2}]",completed,64,10,72
500,253,proximal-replay,3,while,frog,100,100,100,,2,2,0,0,,122,"[{""word"": ""frog"", ""timed_overlap"": 2, ""column_overlap"": 2}, {""word"": ""month"", ""timed_overlap"": 2, ""column_overlap"": 2}, {""word"": ""strokes"", ""timed_overlap"": 2, ""column_overlap"": 2}, {""word"": ""trim"", ""timed_overlap"": 1, ""column_overlap"": 4}, {""word"": ""led"", ""timed_overlap"": 1, ""column_overlap"": 3}]",completed,82,10,63
500,253,proximal-replay,4,she,Williamson,97,97,97,,3,3,0,0,,161,"[{""word"": ""Williamson"", ""timed_overlap"": 3, ""column_overlap"": 3}, {""word"": ""Fellow"", ""timed_overlap"": 2, ""column_overlap"": 3}, {""word"": ""course"", ""timed_overlap"": 2, ""column_overlap"": 3}, {""word"": ""amiss"", ""timed_overlap"": 2, ""column_overlap"": 2}, {""word"": ""awful"", ""timed_overlap"": 2, ""column_overlap"": 2}]",completed,73,10,63
500,254,proximal-replay,1,of,time,100,100,100,,2,2,0,0,,128,"[{""word"": ""time"", ""timed_overlap"": 2, ""column_overlap"": 2}, {""word"": ""remarked"", ""timed_overlap"": 2, ""column_overlap"": 2}, {""word"": ""fellow"", ""timed_overlap"": 2, ""column_overlap"": 2}, {""word"": ""cup"", ""timed_overlap"": 2, ""column_overlap"": 2}, {""word"": ""besought"", ""timed_overlap"": 2, ""column_overlap"": 2}]",completed,82,10,72
500,254,proximal-replay,2,the,Oh,100,100,100,,2,4,0,0,,111,"[{""word"": ""Oh"", ""timed_overlap"": 2, ""column_overlap"": 4}, {""word"": ""concluded"", ""timed_overlap"": 2, ""column_overlap"": 3}, {""word"": ""Here"", ""timed_overlap"": 2, ""column_overlap"": 3}, {""word"": ""palace"", ""timed_overlap"": 2, ""column_overlap"": 3}, {""word"": ""breath"", ""timed_overlap"": 1, ""column_overlap"": 4}]",completed,82,10,54
500,254,proximal-replay,3,meeting-house,white,96,96,96,,2,5,0,0,,161,"[{""word"": ""white"", ""timed_overlap"": 2, ""column_overlap"": 5}, {""word"": ""off"", ""timed_overlap"": 2, ""column_overlap"": 3}, {""word"": ""n't"", ""timed_overlap"": 2, ""column_overlap"": 3}, {""word"": ""glazed"", ""timed_overlap"": 2, ""column_overlap"": 3}, {""word"": ""dear"", ""timed_overlap"": 2, ""column_overlap"": 2}]",completed,64,10,73
500,254,proximal-replay,4,.,of,98,98,98,,3,3,0,0,,109,"[{""word"": ""of"", ""timed_overlap"": 3, ""column_overlap"": 3}, {""word"": ""round"", ""timed_overlap"": 2, ""column_overlap"": 3}, {""word"": ""bewildered"", ""timed_overlap"": 1, ""column_overlap"": 3}, {""word"": ""snowshoeing"", ""timed_overlap"": 1, ""column_overlap"": 3}, {""word"": ""ladylike"", ""timed_overlap"": 1, ""column_overlap"": 3}]",completed,82,10,54
500,255,proximal-replay,1,began,cried,100,100,100,,2,3,0,0,,104,"[{""word"": ""cried"", ""timed_overlap"": 2, ""column_overlap"": 3}, {""word"": ""Ginger"", ""timed_overlap"": 2, ""column_overlap"": 2}, {""word"": ""reluctantly"", ""timed_overlap"": 2, ""column_overlap"": 2}, {""word"": ""breath"", ""timed_overlap"": 1, ""column_overlap"": 3}, {""word"": ""wished"", ""timed_overlap"": 1, ""column_overlap"": 3}]",completed,91,10,63
500,255,proximal-replay,2,",",hearts,98,98,98,,2,4,0,0,,139,"[{""word"": ""hearts"", ""timed_overlap"": 2, ""column_overlap"": 4}, {""word"": ""mutinously"", ""timed_overlap"": 2, ""column_overlap"": 3}, {""word"": ""remembering"", ""timed_overlap"": 2, ""column_overlap"": 3}, {""word"": ""for"", ""timed_overlap"": 2, ""column_overlap"": 2}, {""word"": ""Daisy"", ""timed_overlap"": 2, ""column_overlap"": 2}]",completed,73,10,63
500,255,proximal-replay,3,nodding,died,99,99,99,,3,4,0,0,,156,"[{""word"": ""died"", ""timed_overlap"": 3, ""column_overlap"": 4}, {""word"": ""or"", ""timed_overlap"": 2, ""column_overlap"": 4}, {""word"": ""vase"", ""timed_overlap"": 2, ""column_overlap"": 3}, {""word"": ""Mr."", ""timed_overlap"": 2, ""column_overlap"": 2}, {""word"": ""Though"", ""timed_overlap"": 2, ""column_overlap"": 2}]",completed,73,10,45
500,255,proximal-replay,4,feebly,tale,95,95,95,,2,3,0,0,,133,"[{""word"": ""tale"", ""timed_overlap"": 2, ""column_overlap"": 3}, {""word"": ""experienced"", ""timed_overlap"": 2, ""column_overlap"": 3}, {""word"": ""and"", ""timed_overlap"": 2, ""column_overlap"": 2}, {""word"": ""place"", ""timed_overlap"": 2, ""column_overlap"": 2}, {""word"": ""Kenneth"", ""timed_overlap"": 2, ""column_overlap"": 2}]",completed,55,10,72
500,256,proximal-replay,1,feet,must,100,100,100,,2,3,0,0,,95,"[{""word"": ""must"", ""timed_overlap"": 2, ""column_overlap"": 3}, {""word"": ""mean"", ""timed_overlap"": 1, ""column_overlap"": 4}, {""word"": ""Look"", ""timed_overlap"": 1, ""column_overlap"": 4}, {""word"": ""came"", ""timed_overlap"": 1, ""column_overlap"": 3}, {""word"": ""CHAPTER"", ""timed_overlap"": 1, ""column_overlap"": 3}]",completed,100,10,63
500,256,proximal-replay,2,",",dragging,97,97,97,,3,3,0,0,,140,"[{""word"": ""dragging"", ""timed_overlap"": 3, ""column_overlap"": 3}, {""word"": ""have"", ""timed_overlap"": 2, ""column_overlap"": 3}, {""word"": ""Mollie"", ""timed_overlap"": 2, ""column_overlap"": 3}, {""word"": ""talented"", ""timed_overlap"": 2, ""column_overlap"": 3}, {""word"": ""early"", ""timed_overlap"": 2, ""column_overlap"": 3}]",completed,73,10,54
500,256,proximal-replay,3,and,spied,97,97,97,,2,3,0,0,,140,"[{""word"": ""spied"", ""timed_overlap"": 2, ""column_overlap"": 3}, {""word"": ""carriage"", ""timed_overlap"": 2, ""column_overlap"": 3}, {""word"": ""about"", ""timed_overlap"": 2, ""column_overlap"": 3}, {""word"": ""hard"", ""timed_overlap"": 1, ""column_overlap"": 6}, {""word"": ""new"", ""timed_overlap"": 1, ""column_overlap"": 4}]",completed,64,10,54
500,256,proximal-replay,4,gathering,both,95,95,95,,2,3,0,0,,174,"[{""word"": ""both"", ""timed_overlap"": 2, ""column_overlap"": 3}, {""word"": ""well"", ""timed_overlap"": 2, ""column_overlap"": 3}, {""word"": ""pride"", ""timed_overlap"": 2, ""column_overlap"": 3}, {""word"": ""succeeded"", ""timed_overlap"": 2, ""column_overlap"": 3}, {""word"": ""sprang"", ""timed_overlap"": 2, ""column_overlap"": 2}]",completed,64,10,64
500,257,proximal-replay,1,the,locked,100,100,100,,2,2,0,0,,101,"[{""word"": ""locked"", ""timed_overlap"": 2, ""column_overlap"": 2}, {""word"": ""beholding"", ""timed_overlap"": 2, ""column_overlap"": 2}, {""word"": ""confidences"", ""timed_overlap"": 1, ""column_overlap"": 3}, {""word"": ""There"", ""timed_overlap"": 1, ""column_overlap"": 3}, {""word"": ""promise"", ""timed_overlap"": 1, ""column_overlap"": 3}]",completed,100,10,63
500,257,proximal-replay,2,Old,terrify,97,97,97,,2,3,0,0,,156,"[{""word"": ""terrify"", ""timed_overlap"": 2, ""column_overlap"": 3}, {""word"": ""into"", ""timed_overlap"": 2, ""column_overlap"": 3}, {""word"": ""trim"", ""timed_overlap"": 2, ""column_overlap"": 3}, {""word"": ""canvas"", ""timed_overlap"": 2, ""column_overlap"": 3}, {""word"": ""room"", ""timed_overlap"": 2, ""column_overlap"": 2}]",completed,73,10,72
500,257,proximal-replay,3,Fellow,Behind,100,100,100,,2,3,0,0,,85,"[{""word"": ""Behind"", ""timed_overlap"": 2, ""column_overlap"": 3}, {""word"": ""newspapers"", ""timed_overlap"": 2, ""column_overlap"": 2}, {""word"": ""white"", ""timed_overlap"": 1, ""column_overlap"": 3}, {""word"": ""already"", ""timed_overlap"": 1, ""column_overlap"": 3}, {""word"": ""up"", ""timed_overlap"": 1, ""column_overlap"": 2}]",completed,82,10,72
500,257,proximal-replay,4,a,flew,97,97,97,,2,3,0,0,,108,"[{""word"": ""flew"", ""timed_overlap"": 2, ""column_overlap"": 3}, {""word"": ""pricked"", ""timed_overlap"": 2, ""column_overlap"": 3}, {""word"": ""peeped"", ""timed_overlap"": 1, ""column_overlap"": 4}, {""word"": ""King"", ""timed_overlap"": 1, ""column_overlap"": 4}, {""word"": ""thoughtfully"", ""timed_overlap"": 1, ""column_overlap"": 4}]",completed,82,10,72
500,258,proximal-replay,1,done,seen,99,99,99,,2,4,0,0,,109,"[{""word"": ""seen"", ""timed_overlap"": 2, ""column_overlap"": 4}, {""word"": ""bronze-colored"", ""timed_overlap"": 2, ""column_overlap"": 3}, {""word"": ""enchantress"", ""timed_overlap"": 2, ""column_overlap"": 2}, {""word"": ""skins"", ""timed_overlap"": 2, ""column_overlap"": 2}, {""word"": ""recalled"", ""timed_overlap"": 2, ""column_overlap"": 2}]",completed,64,10,45
500,258,proximal-replay,2,but,what,93,93,93,,3,3,0,0,,136,"[{""word"": ""what"", ""timed_overlap"": 3, ""column_overlap"": 3}, {""word"": ""SAMMY"", ""timed_overlap"": 2, ""column_overlap"": 3}, {""word"": ""David"", ""timed_overlap"": 2, ""column_overlap"": 3}, {""word"": ""promise"", ""timed_overlap"": 2, ""column_overlap"": 3}, {""word"": ""washerman"", ""timed_overlap"": 2, ""column_overlap"": 3}]",completed,55,10,37
500,258,proximal-replay,3,to,after,95,95,95,,2,3,0,0,,148,"[{""word"": ""after"", ""timed_overlap"": 2, ""column_overlap"": 3}, {""word"": ""distance"", ""timed_overlap"": 2, ""column_overlap"": 3}, {""word"": ""deep"", ""timed_overlap"": 2, ""column_overlap"": 3}, {""word"": ""pink"", ""timed_overlap"": 2, ""column_overlap"": 3}, {""word"": ""quaggi"", ""timed_overlap"": 2, ""column_overlap"": 2}]",completed,46,10,54
500,258,proximal-replay,4,pump,Ben,92,92,92,,2,2,0,0,,150,"[{""word"": ""Ben"", ""timed_overlap"": 2, ""column_overlap"": 2}, {""word"": ""recovered"", ""timed_overlap"": 2, ""column_overlap"": 2}, {""word"": ""turned"", ""timed_overlap"": 2, ""column_overlap"": 2}, {""word"": ""She"", ""timed_overlap"": 2, ""column_overlap"": 2}, {""word"": ""Captain"", ""timed_overlap"": 2, ""column_overlap"": 2}]",completed,64,10,64
500,259,proximal-replay,1,ate,alarm,100,100,100,,2,3,1,1,98,98,"[{""word"": ""alarm"", ""timed_overlap"": 2, ""column_overlap"": 3}, {""word"": ""Folk"", ""timed_overlap"": 2, ""column_overlap"": 2}, {""word"": ""inches"", ""timed_overlap"": 2, ""column_overlap"": 2}, {""word"": ""herring"", ""timed_overlap"": 2, ""column_overlap"": 2}, {""word"": ""servants"", ""timed_overlap"": 1, ""column_overlap"": 4}]",completed,91,10,72
500,259,proximal-replay,2,and,drunk,100,100,100,,2,2,0,0,,107,"[{""word"": ""drunk"", ""timed_overlap"": 2, ""column_overlap"": 2}, {""word"": ""scoop"", ""timed_overlap"": 1, ""column_overlap"": 4}, {""word"": ""towards"", ""timed_overlap"": 1, ""column_overlap"": 4}, {""word"": ""turns"", ""timed_overlap"": 1, ""column_overlap"": 4}, {""word"": ""some"", ""timed_overlap"": 1, ""column_overlap"": 3}]",completed,82,10,63
500,259,proximal-replay,3,then,even,99,99,99,,2,3,0,0,,113,"[{""word"": ""even"", ""timed_overlap"": 2, ""column_overlap"": 3}, {""word"": ""Williamson"", ""timed_overlap"": 2, ""column_overlap"": 2}, {""word"": ""waiting"", ""timed_overlap"": 2, ""column_overlap"": 2}, {""word"": ""calmly"", ""timed_overlap"": 2, ""column_overlap"": 2}, {""word"": ""tickled"", ""timed_overlap"": 2, ""column_overlap"": 2}]",completed,73,10,72
500,259,proximal-replay,4,what,bewildered,98,98,98,,2,3,0,0,,135,"[{""word"": ""bewildered"", ""timed_overlap"": 2, ""column_overlap"": 3}, {""word"": ""already"", ""timed_overlap"": 2, ""column_overlap"": 3}, {""word"": ""At"", ""timed_overlap"": 2, ""column_overlap"": 2}, {""word"": ""Every"", ""timed_overlap"": 2, ""column_overlap"": 2}, {""word"": ""Bozzaris"", ""timed_overlap"": 1, ""column_overlap"": 4}]",completed,82,10,55
500,260,proximal-replay,1,in,sorry,100,100,100,,2,4,0,0,,125,"[{""word"": ""sorry"", ""timed_overlap"": 2, ""column_overlap"": 4}, {""word"": ""bad"", ""timed_overlap"": 2, ""column_overlap"": 3}, {""word"": ""bookcase"", ""timed_overlap"": 2, ""column_overlap"": 3}, {""word"": ""be"", ""timed_overlap"": 2, ""column_overlap"": 2}, {""word"": ""glazed"", ""timed_overlap"": 2, ""column_overlap"": 2}]",completed,82,10,63
500,260,proximal-replay,2,the,others,98,98,98,,2,5,0,0,,140,"[{""word"": ""others"", ""timed_overlap"": 2, ""column_overlap"": 5}, {""word"": ""no"", ""timed_overlap"": 2, ""column_overlap"": 3}, {""word"": ""III"", ""timed_overlap"": 2, ""column_overlap"": 3}, {""word"": ""These"", ""timed_overlap"": 2, ""column_overlap"": 2}, {""word"": ""canvas"", ""timed_overlap"": 1, ""column_overlap"": 4}]",completed,73,10,63
500,260,proximal-replay,3,juggling,been,97,97,97,,3,3,0,0,,108,"[{""word"": ""been"", ""timed_overlap"": 3, ""column_overlap"": 3}, {""word"": ""sentiment"", ""timed_overlap"": 2, ""column_overlap"": 4}, {""word"": ""by"", ""timed_overlap"": 2, ""column_overlap"": 3}, {""word"": ""honey"", ""timed_overlap"": 2, ""column_overlap"": 2}, {""word"": ""saddle"", ""timed_overlap"": 2, ""column_overlap"": 2}]",completed,73,10,63
500,260,proximal-replay,4,business,laid,99,99,99,,2,3,0,0,,97,"[{""word"": ""laid"", ""timed_overlap"": 2, ""column_overlap"": 3}, {""word"": ""an"", ""timed_overlap"": 2, ""column_overlap"": 2}, {""word"": ""can"", ""timed_overlap"": 2, ""column_overlap"": 2}, {""word"": ""Once"", ""timed_overlap"": 1, ""column_overlap"": 4}, {""word"": ""interrupted"", ""timed_overlap"": 1, ""column_overlap"": 4}]",completed,73,10,72
500,261,proximal-replay,1,but,'',100,100,100,,2,2,0,0,,121,"[{""word"": ""''"", ""timed_overlap"": 2, ""column_overlap"": 2}, {""word"": ""he"", ""timed_overlap"": 2, ""column_overlap"": 2}, {""word"": ""those"", ""timed_overlap"": 1, ""column_overlap"": 4}, {""word"": ""inches"", ""timed_overlap"": 1, ""column_overlap"": 4}, {""word"": ""tell"", ""timed_overlap"": 1, ""column_overlap"": 3}]",completed,82,10,54
500,261,proximal-replay,2,Ben,said,99,99,99,,3,3,0,0,,95,"[{""word"": ""said"", ""timed_overlap"": 3, ""column_overlap"": 3}, {""word"": ""Sometimes"", ""timed_overlap"": 2, ""column_overlap"": 3}, {""word"": ""bust"", ""timed_overlap"": 2, ""column_overlap"": 3}, {""word"": ""Matthew"", ""timed_overlap"": 2, ""column_overlap"": 2}, {""word"": ""mother-bird"", ""timed_overlap"": 1, ""column_overlap"": 3}]",completed,64,10,63
500,261,proximal-replay,3,preferred,somehow,100,100,100,,2,3,0,0,,95,"[{""word"": ""somehow"", ""timed_overlap"": 2, ""column_overlap"": 3}, {""word"": ""tittered"", ""timed_overlap"": 1, ""column_overlap"": 3}, {""word"": ""wilt"", ""timed_overlap"": 1, ""column_overlap"": 3}, {""word"": ""mature"", ""timed_overlap"": 1, ""column_overlap"": 3}, {""word"": ""reigned"", ""timed_overlap"": 1, ""column_overlap"": 3}]",completed,73,10,54
500,261,proximal-replay,4,John,platform,96,96,96,,2,4,0,0,,118,"[{""word"": ""platform"", ""timed_overlap"": 2, ""column_overlap"": 4}, {""word"": ""Clow"", ""timed_overlap"": 2, ""column_overlap"": 2}, {""word"": ""Fellow"", ""timed_overlap"": 2, ""column_overlap"": 2}, {""word"": ""lads"", ""timed_overlap"": 1, ""column_overlap"": 5}, {""word"": ""carriage"", ""timed_overlap"": 1, ""column_overlap"": 5}]",completed,64,10,72
500,262,proximal-replay,1,",",God,96,96,96,,2,3,0,0,,141,"[{""word"": ""God"", ""timed_overlap"": 2, ""column_overlap"": 3}, {""word"": ""scoop"", ""timed_overlap"": 2, ""column_overlap"": 3}, {""word"": ""on"", ""timed_overlap"": 2, ""column_overlap"": 3}, {""word"": ""sluggish"", ""timed_overlap"": 2, ""column_overlap"": 2}, {""word"": ""Beautiful"", ""timed_overlap"": 1, ""column_overlap"": 4}]",completed,82,10,63
500,262,proximal-replay,2,she,rest,100,100,100,,2,3,0,0,,105,"[{""word"": ""rest"", ""timed_overlap"": 2, ""column_overlap"": 3}, {""word"": ""frog"", ""timed_overlap"": 2, ""column_overlap"": 3}, {""word"": ""sentence"", ""timed_overlap"": 2, ""column_overlap"": 2}, {""word"": ""immensely"", ""timed_overlap"": 2, ""column_overlap"": 2}, {""word"": ""fear"", ""timed_overlap"": 2, ""column_overlap"": 2}]",completed,73,10,54
500,262,proximal-replay,3,said,Fellow,100,100,100,,2,3,0,0,,120,"[{""word"": ""Fellow"", ""timed_overlap"": 2, ""column_overlap"": 3}, {""word"": ""calmly"", ""timed_overlap"": 2, ""column_overlap"": 2}, {""word"": ""Skunk"", ""timed_overlap"": 2, ""column_overlap"": 2}, {""word"": ""shook"", ""timed_overlap"": 1, ""column_overlap"": 4}, {""word"": ""Ismay"", ""timed_overlap"": 1, ""column_overlap"": 4}]",completed,64,10,72
500,262,proximal-replay,4,:,whistle,94,94,94,,2,4,0,0,,139,"[{""word"": ""whistle"", ""timed_overlap"": 2, ""column_overlap"": 4}, {""word"": ""exclaimed"", ""timed_overlap"": 2, ""column_overlap"": 3}, {""word"": ""helmet"", ""timed_overlap"": 1, ""column_overlap"": 4}, {""word"": ""length"", ""timed_overlap"": 1, ""column_overlap"": 4}, {""word"": ""real"", ""timed_overlap"": 1, ""column_overlap"": 4}]",completed,82,10,54
500,263,proximal-replay,1,and,'',100,100,100,,2,2,1,2,31,94,"[{""word"": ""''"", ""timed_overlap"": 2, ""column_overlap"": 2}, {""word"": ""enough"", ""timed_overlap"": 1, ""column_overlap"": 4}, {""word"": ""those"", ""timed_overlap"": 1, ""column_overlap"": 3}, {""word"": ""own"", ""timed_overlap"": 1, ""column_overlap"": 3}, {""word"": ""departs"", ""timed_overlap"": 1, ""column_overlap"": 3}]",completed,100,10,54
500,263,proximal-replay,2,Barbaik,said,99,99,99,,3,3,0,0,,95,"[{""word"": ""said"", ""timed_overlap"": 3, ""column_overlap"": 3}, {""word"": ""Sometimes"", ""timed_overlap"": 2, ""column_overlap"": 3}, {""word"": ""bust"", ""timed_overlap"": 2, ""column_overlap"": 3}, {""word"": ""Matthew"", ""timed_overlap"": 2, ""column_overlap"": 2}, {""word"": ""underneath"", ""timed_overlap"": 1, ""column_overlap"": 3}]",completed,64,10,63
500,263,proximal-replay,3,was,somehow,100,100,100,,2,3,1,1,73,95,"[{""word"": ""somehow"", ""timed_overlap"": 2, ""column_overlap"": 3}, {""word"": ""reigned"", ""timed_overlap"": 1, ""column_overlap"": 3}, {""word"": ""mature"", ""timed_overlap"": 1, ""column_overlap"": 3}, {""word"": ""why"", ""timed_overlap"": 1, ""column_overlap"": 3}, {""word"": ""tittered"", ""timed_overlap"": 1, ""column_overlap"": 3}]",completed,73,10,54
500,263,proximal-replay,4,awake,platform,96,96,96,,2,4,0,0,,118,"[{""word"": ""platform"", ""timed_overlap"": 2, ""column_overlap"": 4}, {""word"": ""Clow"", ""timed_overlap"": 2, ""column_overlap"": 2}, {""word"": ""Fellow"", ""timed_overlap"": 2, ""column_overlap"": 2}, {""word"": ""lads"", ""timed_overlap"": 1, ""column_overlap"": 5}, {""word"": ""carriage"", ""timed_overlap"": 1, ""column_overlap"": 5}]",completed,64,10,72
500,264,proximal-replay,1,",",dinner,98,98,98,,2,2,0,0,,95,"[{""word"": ""dinner"", ""timed_overlap"": 2, ""column_overlap"": 2}, {""word"": ""Davy"", ""timed_overlap"": 1, ""column_overlap"": 3}, {""word"": ""distant"", ""timed_overlap"": 1, ""column_overlap"": 3}, {""word"": ""bestrewn"", ""timed_overlap"": 1, ""column_overlap"": 3}, {""word"": ""value"", ""timed_overlap"": 1, ""column_overlap"": 3}]",completed,82,10,72
500,264,proximal-replay,2,',',98,98,98,,2,4,2,4,1,113,"[{""word"": ""'"", ""timed_overlap"": 2, ""column_overlap"": 4}, {""word"": ""All"", ""timed_overlap"": 2, ""column_overlap"": 2}, {""word"": ""mean"", ""timed_overlap"": 2, ""column_overlap"": 2}, {""word"": ""killed"", ""timed_overlap"": 1, ""column_overlap"": 3}, {""word"": ""PETER"", ""timed_overlap"": 1, ""column_overlap"": 3}]",completed,82,10,72
500,264,proximal-replay,3,said,hundred,99,99,99,,2,3,0,0,,112,"[{""word"": ""hundred"", ""timed_overlap"": 2, ""column_overlap"": 3}, {""word"": ""boys"", ""timed_overlap"": 2, ""column_overlap"": 3}, {""word"": ""Alice"", ""timed_overlap"": 2, ""column_overlap"": 2}, {""word"": ""chop"", ""timed_overlap"": 2, ""column_overlap"": 2}, {""word"": ""terrified"", ""timed_overlap"": 2, ""column_overlap"": 2}]",completed,82,10,54
500,264,proximal-replay,4,the,thank,97,97,97,,2,3,0,0,,160,"[{""word"": ""thank"", ""timed_overlap"": 2, ""column_overlap"": 3}, {""word"": ""good"", ""timed_overlap"": 2, ""column_overlap"": 3}, {""word"": ""Pekoe"", ""timed_overlap"": 2, ""column_overlap"": 3}, {""word"": ""reached"", ""timed_overlap"": 2, ""column_overlap"": 2}, {""word"": ""care"", ""timed_overlap"": 2, ""column_overlap"": 2}]",completed,64,10,72
500,265,proximal-replay,1,rainy,Pekoe,100,100,100,,2,4,0,0,,101,"[{""word"": ""Pekoe"", ""timed_overlap"": 2, ""column_overlap"": 4}, {""word"": ""closed"", ""timed_overlap"": 2, ""column_overlap"": 2}, {""word"": ""angel"", ""timed_overlap"": 2, ""column_overlap"": 2}, {""word"": ""Raising"", ""timed_overlap"": 1, ""column_overlap"": 3}, {""word"": ""Instead"", ""timed_overlap"": 1, ""column_overlap"": 3}]",completed,82,10,63
500,265,proximal-replay,2,Saturday,You,99,99,99,,2,3,0,0,,137,"[{""word"": ""You"", ""timed_overlap"": 2, ""column_overlap"": 3}, {""word"": ""believe"", ""timed_overlap"": 2, ""column_overlap"": 3}, {""word"": ""nor"", ""timed_overlap"": 2, ""column_overlap"": 2}, {""word"": ""spending"", ""timed_overlap"": 1, ""column_overlap"": 3}, {""word"": ""ones"", ""timed_overlap"": 1, ""column_overlap"": 3}]",completed,73,10,63
500,265,proximal-replay,3,afternoon,walked,97,97,97,,2,5,0,0,,155,"[{""word"": ""walked"", ""timed_overlap"": 2, ""column_overlap"": 5}, {""word"": ""Queen"", ""timed_overlap"": 2, ""column_overlap"": 4}, {""word"": ""mischievous"", ""timed_overlap"": 2, ""column_overlap"": 3}, {""word"": ""study"", ""timed_overlap"": 2, ""column_overlap"": 3}, {""word"": ""hanging"", ""timed_overlap"": 2, ""column_overlap"": 3}]",completed,73,10,54
500,265,proximal-replay,4,and,broad,99,99,99,,2,3,0,0,,115,"[{""word"": ""broad"", ""timed_overlap"": 2, ""column_overlap"": 3}, {""word"": ""Ismay"", ""timed_overlap"": 2, ""column_overlap"": 3}, {""word"": ""likes"", ""timed_overlap"": 2, ""column_overlap"": 2}, {""word"": ""away"", ""timed_overlap"": 2, ""column_overlap"": 2}, {""word"": ""daughter"", ""timed_overlap"": 2, ""column_overlap"": 2}]",completed,64,10,63
500,266,proximal-replay,1,breakfast,pen,100,100,100,,2,3,0,0,,109,"[{""word"": ""pen"", ""timed_overlap"": 2, ""column_overlap"": 3}, {""word"": ""unexpected"", ""timed_overlap"": 2, ""column_overlap"": 3}, {""word"": ""order"", ""timed_overlap"": 2, ""column_overlap"": 3}, {""word"": ""dress"", ""timed_overlap"": 1, ""column_overlap"": 3}, {""word"": ""Every"", ""timed_overlap"": 1, ""column_overlap"": 3}]",completed,100,10,63
500,266,proximal-replay,2,was,Schmidt,86,86,86,,2,5,0,0,,138,"[{""word"": ""Schmidt"", ""timed_overlap"": 2, ""column_overlap"": 5}, {""word"": ""COAT"", ""timed_overlap"": 2, ""column_overlap"": 4}, {""word"": ""You"", ""timed_overlap"": 2, ""column_overlap"": 3}, {""word"": ""lifting"", ""timed_overlap"": 2, ""column_overlap"": 2}, {""word"": ""letter"", ""timed_overlap"": 2, ""column_overlap"": 2}]",completed,73,10,74
500,266,proximal-replay,3,half,dragging,100,100,100,,2,3,0,0,,127,"[{""word"": ""dragging"", ""timed_overlap"": 2, ""column_overlap"": 3}, {""word"": ""nice"", ""timed_overlap"": 2, ""column_overlap"": 3}, {""word"": ""Davis"", ""timed_overlap"": 2, ""column_overlap"": 2}, {""word"": ""excluded"", ""timed_overlap"": 2, ""column_overlap"": 2}, {""word"": ""more"", ""timed_overlap"": 1, ""column_overlap"": 4}]",completed,82,10,45
500,266,proximal-replay,4,over,whether,96,96,96,,2,3,0,0,,134,"[{""word"": ""whether"", ""timed_overlap"": 2, ""column_overlap"": 3}, {""word"": ""spear"", ""timed_overlap"": 2, ""column_overlap"": 3}, {""word"": ""into"", ""timed_overlap"": 2, ""column_overlap"": 3}, {""word"": ""sustaining"", ""timed_overlap"": 2, ""column_overlap"": 3}, {""word"": ""breath"", ""timed_overlap"": 2, ""column_overlap"": 2}]",completed,55,10,72
500,267,proximal-replay,1,has,disagreeable,100,100,100,,2,2,0,0,,65,"[{""word"": ""disagreeable"", ""timed_overlap"": 2, ""column_overlap"": 2}, {""word"": ""calmly"", ""timed_overlap"": 2, ""column_overlap"": 2}, {""word"": ""Thorny"", ""timed_overlap"": 2, ""column_overlap"": 2}, {""word"": ""thrifty"", ""timed_overlap"": 2, ""column_overlap"": 2}, {""word"": ""Dacca"", ""timed_overlap"": 1, ""column_overlap"": 3}]",completed,91,10,54
500,267,proximal-replay,2,such,which,97,97,97,,2,4,0,0,,160,"[{""word"": ""which"", ""timed_overlap"": 2, ""column_overlap"": 4}, {""word"": ""broad"", ""timed_overlap"": 2, ""column_overlap"": 3}, {""word"": ""Jo"", ""timed_overlap"": 2, ""column_overlap"": 3}, {""word"": ""throat"", ""timed_overlap"": 2, ""column_overlap"": 3}, {""word"": ""give"", ""timed_overlap"": 1, ""column_overlap"": 4}]",completed,64,10,72
500,267,proximal-replay,3,a,value,97,97,97,,2,3,0,0,,83,"[{""word"": ""value"", ""timed_overlap"": 2, ""column_overlap"": 3}, {""word"": ""Leslie"", ""timed_overlap"": 2, ""column_overlap"": 3}, {""word"": ""below"", ""timed_overlap"": 2, ""column_overlap"": 2}, {""word"": ""bared"", ""timed_overlap"": 2, ""column_overlap"": 2}, {""word"": ""wished"", ""timed_overlap"": 2, ""column_overlap"": 2}]",completed,82,10,63
500,267,proximal-replay,4,sweet,Magyars,98,98,98,,2,2,0,0,,110,"[{""word"": ""Magyars"", ""timed_overlap"": 2, ""column_overlap"": 2}, {""word"": ""Inspiration"", ""timed_overlap"": 2, ""column_overlap"": 2}, {""word"": ""hundred"", ""timed_overlap"": 2, ""column_overlap"": 2}, {""word"": ""amused"", ""timed_overlap"": 1, ""column_overlap"": 3}, {""word"": ""also"", ""timed_overlap"": 1, ""column_overlap"": 3}]",completed,73,10,63
500,268,proximal-replay,1,has,flies,100,100,100,,2,2,1,1,119,135,"[{""word"": ""flies"", ""timed_overlap"": 2, ""column_overlap"": 2}, {""word"": ""withdrew"", ""timed_overlap"": 2, ""column_overlap"": 2}, {""word"": ""forget"", ""timed_overlap"": 2, ""column_overlap"": 2}, {""word"": ""Schmidt"", ""timed_overlap"": 2, ""column_overlap"": 2}, {""word"": ""dark"", ""timed_overlap"": 2, ""column_overlap"": 2}]",completed,82,10,72
500,268,proximal-replay,2,been,green,99,99,99,,2,4,0,0,,125,"[{""word"": ""green"", ""timed_overlap"": 2, ""column_overlap"": 4}, {""word"": ""VI"", ""timed_overlap"": 2, ""column_overlap"": 3}, {""word"": ""breakfast"", ""timed_overlap"": 2, ""column_overlap"": 2}, {""word"": ""tree"", ""timed_overlap"": 2, ""column_overlap"": 2}, {""word"": ""Williamson"", ""timed_overlap"": 1, ""column_overlap"": 4}]",completed,82,10,72
500,268,proximal-replay,3,here,happily,96,96,96,,2,3,0,0,,114,"[{""word"": ""happily"", ""timed_overlap"": 2, ""column_overlap"": 3}, {""word"": ""sultan"", ""timed_overlap"": 2, ""column_overlap"": 3}, {""word"": ""Hippocrates"", ""timed_overlap"": 2, ""column_overlap"": 3}, {""word"": ""Thorny"", ""timed_overlap"": 2, ""column_overlap"": 2}, {""word"": ""terrified"", ""timed_overlap"": 2, ""column_overlap"": 2}]",completed,82,10,73
500,268,proximal-replay,4,",",wonder,99,99,99,,2,4,0,0,,128,"[{""word"": ""wonder"", ""timed_overlap"": 2, ""column_overlap"": 4}, {""word"": ""study"", ""timed_overlap"": 2, ""column_overlap"": 3}, {""word"": ""Miller"", ""timed_overlap"": 2, ""column_overlap"": 3}, {""word"": ""drank"", ""timed_overlap"": 2, ""column_overlap"": 3}, {""word"": ""writing"", ""timed_overlap"": 2, ""column_overlap"": 3}]",completed,82,10,63
500,269,proximal-replay,1,take,begging,100,100,100,,1,3,0,0,,66,"[{""word"": ""begging"", ""timed_overlap"": 1, ""column_overlap"": 3}, {""word"": ""Kenneth"", ""timed_overlap"": 1, ""column_overlap"": 3}, {""word"": ""however"", ""timed_overlap"": 1, ""column_overlap"": 3}, {""word"": ""rainy"", ""timed_overlap"": 1, ""column_overlap"": 3}, {""word"": ""Straight"", ""timed_overlap"": 1, ""column_overlap"": 2}]",completed,91,10,81
500,269,proximal-replay,2,the,land,98,98,98,,2,4,0,0,,125,"[{""word"": ""land"", ""timed_overlap"": 2, ""column_overlap"": 4}, {""word"": ""care"", ""timed_overlap"": 2, ""column_overlap"": 3}, {""word"": ""added"", ""timed_overlap"": 2, ""column_overlap"": 3}, {""word"": ""morning"", ""timed_overlap"": 2, ""column_overlap"": 3}, {""word"": ""danced"", ""timed_overlap"": 2, ""column_overlap"": 2}]",completed,91,10,72
500,269,proximal-replay,3,boy,talking,100,100,100,,2,2,0,0,,125,"[{""word"": ""talking"", ""timed_overlap"": 2, ""column_overlap"": 2}, {""word"": ""astray"", ""timed_overlap"": 2, ""column_overlap"": 2}, {""word"": ""servants"", ""timed_overlap"": 2, ""column_overlap"": 2}, {""word"": ""Bring"", ""timed_overlap"": 2, ""column_overlap"": 2}, {""word"": ""Our"", ""timed_overlap"": 2, ""column_overlap"": 2}]",completed,82,10,72
500,269,proximal-replay,4,into,time,99,99,99,,2,4,0,0,,83,"[{""word"": ""time"", ""timed_overlap"": 2, ""column_overlap"": 4}, {""word"": ""Wildrose"", ""timed_overlap"": 2, ""column_overlap"": 3}, {""word"": ""frozen"", ""timed_overlap"": 2, ""column_overlap"": 3}, {""word"": ""noticed"", ""timed_overlap"": 1, ""column_overlap"": 3}, {""word"": ""hours"", ""timed_overlap"": 1, ""column_overlap"": 3}]",completed,82,10,63
500,270,proximal-replay,1,looking,If,100,100,100,,2,2,0,0,,129,"[{""word"": ""If"", ""timed_overlap"": 2, ""column_overlap"": 2}, {""word"": ""Eric"", ""timed_overlap"": 2, ""column_overlap"": 2}, {""word"": ""able"", ""timed_overlap"": 1, ""column_overlap"": 4}, {""word"": ""trying"", ""timed_overlap"": 1, ""column_overlap"": 3}, {""word"": ""both"", ""timed_overlap"": 1, ""column_overlap"": 3}]",completed,82,10,72
500,270,proximal-replay,2,thing,'d,98,98,98,,2,4,0,0,,136,"[{""word"": ""'d"", ""timed_overlap"": 2, ""column_overlap"": 4}, {""word"": ""elder"", ""timed_overlap"": 2, ""column_overlap"": 2}, {""word"": ""want"", ""timed_overlap"": 2, ""column_overlap"": 2}, {""word"": ""Jane"", ""timed_overlap"": 1, ""column_overlap"": 4}, {""word"": ""lest"", ""timed_overlap"": 1, ""column_overlap"": 4}]",completed,82,10,63
500,270,proximal-replay,3,near,Cecily,93,93,93,,2,3,1,1,76,137,"[{""word"": ""Cecily"", ""timed_overlap"": 2, ""column_overlap"": 3}, {""word"": ""Lucinda"", ""timed_overlap"": 2, ""column_overlap"": 3}, {""word"": ""Davy"", ""timed_overlap"": 2, ""column_overlap"": 3}, {""word"": ""frightened"", ""timed_overlap"": 2, ""column_overlap"": 2}, {""word"": ""confessed"", ""timed_overlap"": 2, ""column_overlap"": 2}]",completed,73,10,74
500,270,proximal-replay,4,it,'s,95,95,95,,2,4,0,0,,146,"[{""word"": ""'s"", ""timed_overlap"": 2, ""column_overlap"": 4}, {""word"": ""Aunt"", ""timed_overlap"": 2, ""column_overlap"": 4}, {""word"": ""Abel"", ""timed_overlap"": 2, ""column_overlap"": 3}, {""word"": ""nearer"", ""timed_overlap"": 2, ""column_overlap"": 2}, {""word"": ""hours"", ""timed_overlap"": 2, ""column_overlap"": 2}]",completed,82,10,54
500,271,proximal-replay,1,more,maiden,100,100,100,,2,2,0,0,,90,"[{""word"": ""maiden"", ""timed_overlap"": 2, ""column_overlap"": 2}, {""word"": ""violently"", ""timed_overlap"": 1, ""column_overlap"": 4}, {""word"": ""Oh"", ""timed_overlap"": 1, ""column_overlap"": 3}, {""word"": ""nothing"", ""timed_overlap"": 1, ""column_overlap"": 2}, {""word"": ""elapsed"", ""timed_overlap"": 1, ""column_overlap"": 2}]",completed,100,10,54
500,271,proximal-replay,2,harmless,Messua,97,97,97,,2,3,0,0,,134,"[{""word"": ""Messua"", ""timed_overlap"": 2, ""column_overlap"": 3}, {""word"": ""check"", ""timed_overlap"": 2, ""column_overlap"": 3}, {""word"": ""guess"", ""timed_overlap"": 2, ""column_overlap"": 2}, {""word"": ""are"", ""timed_overlap"": 2, ""column_overlap"": 2}, {""word"": ""trying"", ""timed_overlap"": 2, ""column_overlap"": 2}]",completed,64,10,64
500,271,proximal-replay,3,they,Square,97,97,97,,2,4,0,0,,135,"[{""word"": ""Square"", ""timed_overlap"": 2, ""column_overlap"": 4}, {""word"": ""motives"", ""timed_overlap"": 2, ""column_overlap"": 3}, {""word"": ""concluded"", ""timed_overlap"": 2, ""column_overlap"": 2}, {""word"": ""impossible"", ""timed_overlap"": 2, ""column_overlap"": 2}, {""word"": ""spending"", ""timed_overlap"": 1, ""column_overlap"": 4}]",completed,73,10,72
500,271,proximal-replay,4,looked,Fellow,99,99,99,,2,4,0,0,,119,"[{""word"": ""Fellow"", ""timed_overlap"": 2, ""column_overlap"": 4}, {""word"": ""Cyrilla"", ""timed_overlap"": 2, ""column_overlap"": 2}, {""word"": ""smile"", ""timed_overlap"": 2, ""column_overlap"": 2}, {""word"": ""tyrannize"", ""timed_overlap"": 2, ""column_overlap"": 2}, {""word"": ""Matthew"", ""timed_overlap"": 2, ""column_overlap"": 2}]",completed,82,10,63
500,272,proximal-replay,1,would,slaves,100,100,100,,2,4,1,1,118,146,"[{""word"": ""slaves"", ""timed_overlap"": 2, ""column_overlap"": 4}, {""word"": ""like"", ""timed_overlap"": 2, ""column_overlap"": 3}, {""word"": ""turning"", ""timed_overlap"": 2, ""column_overlap"": 2}, {""word"": ""shook"", ""timed_overlap"": 2, ""column_overlap"": 2}, {""word"": ""All"", ""timed_overlap"": 1, ""column_overlap"": 4}]",completed,73,10,63
500,272,proximal-replay,2,lose,ordered,99,99,99,,2,4,0,0,,106,"[{""word"": ""ordered"", ""timed_overlap"": 2, ""column_overlap"": 4}, {""word"": ""tells"", ""timed_overlap"": 2, ""column_overlap"": 3}, {""word"": ""demons"", ""timed_overlap"": 2, ""column_overlap"": 3}, {""word"": ""none"", ""timed_overlap"": 2, ""column_overlap"": 2}, {""word"": ""Williamson"", ""timed_overlap"": 1, ""column_overlap"": 3}]",completed,73,10,72
500,272,proximal-replay,3,your,rank,100,100,100,,2,4,0,0,,116,"[{""word"": ""rank"", ""timed_overlap"": 2, ""column_overlap"": 4}, {""word"": ""flowers"", ""timed_overlap"": 2, ""column_overlap"": 2}, {""word"": ""land"", ""timed_overlap"": 2, ""column_overlap"": 2}, {""word"": ""sure"", ""timed_overlap"": 2, ""column_overlap"": 2}, {""word"": ""Douglas"", ""timed_overlap"": 1, ""column_overlap"": 4}]",completed,82,10,63
500,272,proximal-replay,4,tongue,mount,99,99,99,,2,3,0,0,,119,"[{""word"": ""mount"", ""timed_overlap"": 2, ""column_overlap"": 3}, {""word"": ""Jimmy"", ""timed_overlap"": 2, ""column_overlap"": 2}, {""word"": ""pink"", ""timed_overlap"": 2, ""column_overlap"": 2}, {""word"": ""Dear"", ""timed_overlap"": 2, ""column_overlap"": 2}, {""word"": ""consent"", ""timed_overlap"": 2, ""column_overlap"": 2}]",completed,73,10,72
500,273,proximal-replay,1,said,into,97,97,97,,3,4,0,0,,140,"[{""word"": ""into"", ""timed_overlap"": 3, ""column_overlap"": 4}, {""word"": ""drawing"", ""timed_overlap"": 3, ""column_overlap"": 3}, {""word"": ""Girl"", ""timed_overlap"": 2, ""column_overlap"": 3}, {""word"": ""take"", ""timed_overlap"": 2, ""column_overlap"": 3}, {""word"": ""gray"", ""timed_overlap"": 2, ""column_overlap"": 3}]",completed,64,10,63
500,273,proximal-replay,2,the,ambitions,99,99,99,,2,3,0,0,,107,"[{""word"": ""ambitions"", ""timed_overlap"": 2, ""column_overlap"": 3}, {""word"": ""voice"", ""timed_overlap"": 2, ""column_overlap"": 3}, {""word"": ""lonesome"", ""timed_overlap"": 2, ""column_overlap"": 3}, {""word"": ""bared"", ""timed_overlap"": 2, ""column_overlap"": 2}, {""word"": ""apart"", ""timed_overlap"": 2, ""column_overlap"": 2}]",completed,73,10,64
500,273,proximal-replay,3,truth,Dear,97,97,97,,2,3,0,0,,104,"[{""word"": ""Dear"", ""timed_overlap"": 2, ""column_overlap"": 3}, {""word"": ""shrugged"", ""timed_overlap"": 2, ""column_overlap"": 2}, {""word"": ""great"", ""timed_overlap"": 2, ""column_overlap"": 2}, {""word"": ""VI"", ""timed_overlap"": 2, ""column_overlap"": 2}, {""word"": ""Blair"", ""timed_overlap"": 2, ""column_overlap"": 2}]",completed,73,10,73
500,273,proximal-replay,4,--,be,100,100,100,,3,3,0,0,,67,"[{""word"": ""be"", ""timed_overlap"": 3, ""column_overlap"": 3}, {""word"": ""Daisy"", ""timed_overlap"": 2, ""column_overlap"": 3}, {""word"": ""sluggish"", ""timed_overlap"": 2, ""column_overlap"": 2}, {""word"": ""ladylike"", ""timed_overlap"": 2, ""column_overlap"": 2}, {""word"": ""taking"", ""timed_overlap"": 1, ""column_overlap"": 3}]",completed,82,10,63
500,274,proximal-replay,1,much,tale,100,100,100,,2,3,0,0,,124,"[{""word"": ""tale"", ""timed_overlap"": 2, ""column_overlap"": 3}, {""word"": ""hopes"", ""timed_overlap"": 2, ""column_overlap"": 3}, {""word"": ""servant"", ""timed_overlap"": 2, ""column_overlap"": 2}, {""word"": ""awful"", ""timed_overlap"": 2, ""column_overlap"": 2}, {""word"": ""sustaining"", ""timed_overlap"": 2, ""column_overlap"": 2}]",completed,91,10,63
500,274,proximal-replay,2,worse,Douglas,100,100,100,,2,2,0,0,,91,"[{""word"": ""Douglas"", ""timed_overlap"": 2, ""column_overlap"": 2}, {""word"": ""bared"", ""timed_overlap"": 2, ""column_overlap"": 2}, {""word"": ""evening"", ""timed_overlap"": 1, ""column_overlap"": 4}, {""word"": ""boy"", ""timed_overlap"": 1, ""column_overlap"": 3}, {""word"": ""clouded"", ""timed_overlap"": 1, ""column_overlap"": 3}]",completed,73,10,72
500,274,proximal-replay,3,than,drawing,100,100,100,,2,2,0,0,,89,"[{""word"": ""drawing"", ""timed_overlap"": 2, ""column_overlap"": 2}, {""word"": ""name"", ""timed_overlap"": 2, ""column_overlap"": 2}, {""word"": ""See"", ""timed_overlap"": 2, ""column_overlap"": 2}, {""word"": ""Twice"", ""timed_overlap"": 1, ""column_overlap"": 3}, {""word"": ""under"", ""timed_overlap"": 1, ""column_overlap"": 3}]",completed,82,10,63
500,274,proximal-replay,4,the,Behind,99,99,99,,2,2,0,0,,80,"[{""word"": ""Behind"", ""timed_overlap"": 2, ""column_overlap"": 2}, {""word"": ""taste"", ""timed_overlap"": 2, ""column_overlap"": 2}, {""word"": ""sight"", ""timed_overlap"": 2, ""column_overlap"": 2}, {""word"": ""Dick"", ""timed_overlap"": 1, ""column_overlap"": 3}, {""word"": ""already"", ""timed_overlap"": 1, ""column_overlap"": 3}]",completed,73,10,72
500,275,proximal-replay,1,swearing,exactly,100,100,100,,2,2,1,2,20,120,"[{""word"": ""exactly"", ""timed_overlap"": 2, ""column_overlap"": 2}, {""word"": ""parents"", ""timed_overlap"": 2, ""column_overlap"": 2}, {""word"": ""people"", ""timed_overlap"": 2, ""column_overlap"": 2}, {""word"": ""thanked"", ""timed_overlap"": 1, ""column_overlap"": 4}, {""word"": ""our"", ""timed_overlap"": 1, ""column_overlap"": 4}]",completed,73,10,63
500,275,proximal-replay,2,but,washerman,96,96,96,,3,4,0,0,,110,"[{""word"": ""washerman"", ""timed_overlap"": 3, ""column_overlap"": 4}, {""word"": ""milk"", ""timed_overlap"": 2, ""column_overlap"": 2}, {""word"": ""even"", ""timed_overlap"": 1, ""column_overlap"": 4}, {""word"": ""Nobody"", ""timed_overlap"": 1, ""column_overlap"": 3}, {""word"": ""moving"", ""timed_overlap"": 1, ""column_overlap"": 3}]",completed,73,10,63
500,275,proximal-replay,3,she,course,100,100,100,,3,3,0,0,,160,"[{""word"": ""course"", ""timed_overlap"": 3, ""column_overlap"": 3}, {""word"": ""In"", ""timed_overlap"": 2, ""column_overlap"": 4}, {""word"": ""dine"", ""timed_overlap"": 2, ""column_overlap"": 4}, {""word"": ""Lawful"", ""timed_overlap"": 2, ""column_overlap"": 3}, {""word"": ""say"", ""timed_overlap"": 2, ""column_overlap"": 3}]",completed,73,10,54
500,275,proximal-replay,4,had,ruther,94,94,94,,3,4,0,0,,147,"[{""word"": ""ruther"", ""timed_overlap"": 3, ""column_overlap"": 4}, {""word"": ""touched"", ""timed_overlap"": 2, ""column_overlap"": 4}, {""word"": ""where"", ""timed_overlap"": 2, ""column_overlap"": 4}, {""word"": ""Hans"", ""timed_overlap"": 2, ""column_overlap"": 3}, {""word"": ""Bozzaris"", ""timed_overlap"": 2, ""column_overlap"": 3}]",completed,64,10,63
500,276,proximal-replay,1,than,pretence,100,100,100,,2,3,0,0,,125,"[{""word"": ""pretence"", ""timed_overlap"": 2, ""column_overlap"": 3}, {""word"": ""locked"", ""timed_overlap"": 2, ""column_overlap"": 3}, {""word"": ""goat"", ""timed_overlap"": 2, ""column_overlap"": 3}, {""word"": ""concluded"", ""timed_overlap"": 2, ""column_overlap"": 2}, {""word"": ""upon"", ""timed_overlap"": 2, ""column_overlap"": 2}]",completed,64,10,63
500,276,proximal-replay,2,ever,grass,99,99,99,,3,3,0,0,,119,"[{""word"": ""grass"", ""timed_overlap"": 3, ""column_overlap"": 3}, {""word"": ""excuse"", ""timed_overlap"": 2, ""column_overlap"": 3}, {""word"": ""bringing"", ""timed_overlap"": 2, ""column_overlap"": 2}, {""word"": ""''"", ""timed_overlap"": 2, ""column_overlap"": 2}, {""word"": ""development"", ""timed_overlap"": 2, ""column_overlap"": 2}]",completed,73,10,63
500,276,proximal-replay,3,they,long,100,100,100,,2,3,0,0,,106,"[{""word"": ""long"", ""timed_overlap"": 2, ""column_overlap"": 3}, {""word"": ""servants"", ""timed_overlap"": 2, ""column_overlap"": 3}, {""word"": ""locked"", ""timed_overlap"": 1, ""column_overlap"": 4}, {""word"": ""Sodnos"", ""timed_overlap"": 1, ""column_overlap"": 4}, {""word"": ""behind"", ""timed_overlap"": 1, ""column_overlap"": 3}]",completed,73,10,63
500,276,proximal-replay,4,had,ride,94,94,94,,2,2,0,0,,125,"[{""word"": ""ride"", ""timed_overlap"": 2, ""column_overlap"": 2}, {""word"": ""Bowser"", ""timed_overlap"": 2, ""column_overlap"": 2}, {""word"": ""pride"", ""timed_overlap"": 1, ""column_overlap"": 4}, {""word"": ""cows"", ""timed_overlap"": 1, ""column_overlap"": 4}, {""word"": ""danced"", ""timed_overlap"": 1, ""column_overlap"": 3}]",completed,73,10,73
500,277,proximal-replay,1,egg,sight,100,100,100,,2,3,0,0,,132,"[{""word"": ""sight"", ""timed_overlap"": 2, ""column_overlap"": 3}, {""word"": ""mosquito"", ""timed_overlap"": 2, ""column_overlap"": 3}, {""word"": ""hand"", ""timed_overlap"": 2, ""column_overlap"": 2}, {""word"": ""laid"", ""timed_overlap"": 2, ""column_overlap"": 2}, {""word"": ""border"", ""timed_overlap"": 1, ""column_overlap"": 3}]",completed,73,10,54
500,277,proximal-replay,2,would,sign,99,99,99,,2,4,0,0,,143,"[{""word"": ""sign"", ""timed_overlap"": 2, ""column_overlap"": 4}, {""word"": ""too"", ""timed_overlap"": 2, ""column_overlap"": 3}, {""word"": ""craoudin"", ""timed_overlap"": 2, ""column_overlap"": 3}, {""word"": ""axe"", ""timed_overlap"": 2, ""column_overlap"": 3}, {""word"": ""piece"", ""timed_overlap"": 2, ""column_overlap"": 3}]",completed,64,10,72
500,277,proximal-replay,3,taste,mean,100,100,100,,2,3,0,0,,98,"[{""word"": ""mean"", ""timed_overlap"": 2, ""column_overlap"": 3}, {""word"": ""Lung"", ""timed_overlap"": 2, ""column_overlap"": 2}, {""word"": ""around"", ""timed_overlap"": 1, ""column_overlap"": 3}, {""word"": ""said"", ""timed_overlap"": 1, ""column_overlap"": 3}, {""word"": ""imps"", ""timed_overlap"": 1, ""column_overlap"": 3}]",completed,82,10,72
500,277,proximal-replay,4,right,She,95,95,95,,2,3,1,2,15,116,"[{""word"": ""She"", ""timed_overlap"": 2, ""column_overlap"": 3}, {""word"": ""Billy"", ""timed_overlap"": 2, ""column_overlap"": 3}, {""word"": ""tongue"", ""timed_overlap"": 2, ""column_overlap"": 2}, {""word"": ""you"", ""timed_overlap"": 2, ""column_overlap"": 2}, {""word"": ""Assam"", ""timed_overlap"": 1, ""column_overlap"": 4}]",completed,82,10,72
500,278,proximal-replay,1,haunting,frivolous,96,96,96,,2,3,2,2,6,99,"[{""word"": ""frivolous"", ""timed_overlap"": 2, ""column_overlap"": 3}, {""word"": ""months"", ""timed_overlap"": 2, ""column_overlap"": 3}, {""word"": ""sit"", ""timed_overlap"": 2, ""column_overlap"": 2}, {""word"": ""Being"", ""timed_overlap"": 2, ""column_overlap"": 2}, {""word"": ""spur"", ""timed_overlap"": 2, ""column_overlap"": 2}]",completed,91,10,63
500,278,proximal-replay,2,thoughts,happened,99,99,99,,2,3,0,0,,112,"[{""word"": ""happened"", ""timed_overlap"": 2, ""column_overlap"": 3}, {""word"": ""see"", ""timed_overlap"": 2, ""column_overlap"": 3}, {""word"": ""turns"", ""timed_overlap"": 2, ""column_overlap"": 3}, {""word"": ""haunting"", ""timed_overlap"": 2, ""column_overlap"": 2}, {""word"": ""Ginger"", ""timed_overlap"": 2, ""column_overlap"": 2}]",completed,73,10,63
500,278,proximal-replay,3,into,Trevor,99,99,99,,2,2,0,0,,106,"[{""word"": ""Trevor"", ""timed_overlap"": 2, ""column_overlap"": 2}, {""word"": ""lest"", ""timed_overlap"": 1, ""column_overlap"": 3}, {""word"": ""Jesse"", ""timed_overlap"": 1, ""column_overlap"": 3}, {""word"": ""pleasant"", ""timed_overlap"": 1, ""column_overlap"": 3}, {""word"": ""Mary"", ""timed_overlap"": 1, ""column_overlap"": 3}]",completed,73,10,63
500,278,proximal-replay,4,words,added,99,99,99,,2,3,0,0,,122,"[{""word"": ""added"", ""timed_overlap"": 2, ""column_overlap"": 3}, {""word"": ""chop"", ""timed_overlap"": 2, ""column_overlap"": 2}, {""word"": ""nobody"", ""timed_overlap"": 2, ""column_overlap"": 2}, {""word"": ""Silver"", ""timed_overlap"": 2, ""column_overlap"": 2}, {""word"": ""cow"", ""timed_overlap"": 2, ""column_overlap"": 2}]",completed,73,10,54
500,279,proximal-replay,1,exclaimed,said,100,100,100,,3,3,1,1,79,115,"[{""word"": ""said"", ""timed_overlap"": 3, ""column_overlap"": 3}, {""word"": ""Bill"", ""timed_overlap"": 2, ""column_overlap"": 3}, {""word"": ""without"", ""timed_overlap"": 2, ""column_overlap"": 3}, {""word"": ""golden"", ""timed_overlap"": 2, ""column_overlap"": 3}, {""word"": ""pump"", ""timed_overlap"": 2, ""column_overlap"": 3}]",completed,73,10,45
500,279,proximal-replay,2,the,See,100,100,100,,2,4,0,0,,148,"[{""word"": ""See"", ""timed_overlap"": 2, ""column_overlap"": 4}, {""word"": ""her"", ""timed_overlap"": 2, ""column_overlap"": 3}, {""word"": ""heart"", ""timed_overlap"": 2, ""column_overlap"": 3}, {""word"": ""Susanna"", ""timed_overlap"": 2, ""column_overlap"": 3}, {""word"": ""soon"", ""timed_overlap"": 2, ""column_overlap"": 3}]",completed,55,10,72
500,279,proximal-replay,3,other,again,97,97,97,,3,3,1,2,22,127,"[{""word"": ""again"", ""timed_overlap"": 3, ""column_overlap"": 3}, {""word"": ""Elsa"", ""timed_overlap"": 2, ""column_overlap"": 3}, {""word"": ""chair"", ""timed_overlap"": 2, ""column_overlap"": 2}, {""word"": ""disagreeable"", ""timed_overlap"": 2, ""column_overlap"": 2}, {""word"": ""settle"", ""timed_overlap"": 2, ""column_overlap"": 2}]",completed,82,10,54
500,279,proximal-replay,4,two,--,96,96,96,,2,3,0,0,,137,"[{""word"": ""--"", ""timed_overlap"": 2, ""column_overlap"": 3}, {""word"": ""Pekoe"", ""timed_overlap"": 2, ""column_overlap"": 3}, {""word"": ""lovely"", ""timed_overlap"": 2, ""column_overlap"": 2}, {""word"": ""evening"", ""timed_overlap"": 2, ""column_overlap"": 2}, {""word"": ""?"", ""timed_overlap"": 2, ""column_overlap"": 2}]",completed,64,10,54
500,280,proximal-replay,1,after,'',100,100,100,,2,2,0,0,,94,"[{""word"": ""''"", ""timed_overlap"": 2, ""column_overlap"": 2}, {""word"": ""enough"", ""timed_overlap"": 1, ""column_overlap"": 4}, {""word"": ""departs"", ""timed_overlap"": 1, ""column_overlap"": 3}, {""word"": ""own"", ""timed_overlap"": 1, ""column_overlap"": 3}, {""word"": ""tell"", ""timed_overlap"": 1, ""column_overlap"": 3}]",completed,100,10,54
500,280,proximal-replay,2,a,said,99,99,99,,3,3,0,0,,95,"[{""word"": ""said"", ""timed_overlap"": 3, ""column_overlap"": 3}, {""word"": ""bust"", ""timed_overlap"": 2, ""column_overlap"": 3}, {""word"": ""Sometimes"", ""timed_overlap"": 2, ""column_overlap"": 3}, {""word"": ""Matthew"", ""timed_overlap"": 2, ""column_overlap"": 2}, {""word"": ""RABBIT"", ""timed_overlap"": 1, ""column_overlap"": 3}]",completed,64,10,63
500,280,proximal-replay,3,closing,somehow,100,100,100,,2,3,0,0,,95,"[{""word"": ""somehow"", ""timed_overlap"": 2, ""column_overlap"": 3}, {""word"": ""reigned"", ""timed_overlap"": 1, ""column_overlap"": 3}, {""word"": ""why"", ""timed_overlap"": 1, ""column_overlap"": 3}, {""word"": ""wilt"", ""timed_overlap"": 1, ""column_overlap"": 3}, {""word"": ""tittered"", ""timed_overlap"": 1, ""column_overlap"": 3}]",completed,73,10,54
500,280,proximal-replay,4,appeal,platform,96,96,96,,2,4,1,2,47,118,"[{""word"": ""platform"", ""timed_overlap"": 2, ""column_overlap"": 4}, {""word"": ""Clow"", ""timed_overlap"": 2, ""column_overlap"": 2}, {""word"": ""Fellow"", ""timed_overlap"": 2, ""column_overlap"": 2}, {""word"": ""lads"", ""timed_overlap"": 1, ""column_overlap"": 5}, {""word"": ""carriage"", ""timed_overlap"": 1, ""column_overlap"": 5}]",completed,64,10,72
500,281,proximal-replay,1,Truly,often,100,100,100,,2,3,0,0,,111,"[{""word"": ""often"", ""timed_overlap"": 2, ""column_overlap"": 3}, {""word"": ""drop"", ""timed_overlap"": 2, ""column_overlap"": 3}, {""word"": ""tantrum"", ""timed_overlap"": 2, ""column_overlap"": 2}, {""word"": ""almost"", ""timed_overlap"": 2, ""column_overlap"": 2}, {""word"": ""hillock"", ""timed_overlap"": 2, ""column_overlap"": 2}]",completed,100,10,72
500,281,proximal-replay,2,",",tree,99,99,99,,2,4,0,0,,114,"[{""word"": ""tree"", ""timed_overlap"": 2, ""column_overlap"": 4}, {""word"": ""worse"", ""timed_overlap"": 2, ""column_overlap"": 3}, {""word"": ""motionless"", ""timed_overlap"": 2, ""column_overlap"": 2}, {""word"": ""Princess"", ""timed_overlap"": 2, ""column_overlap"": 2}, {""word"": ""followed"", ""timed_overlap"": 2, ""column_overlap"": 2}]",completed,82,10,64
500,281,proximal-replay,3,father,fellows,98,98,98,,3,3,0,0,,153,"[{""word"": ""fellows"", ""timed_overlap"": 3, ""column_overlap"": 3}, {""word"": ""playing"", ""timed_overlap"": 2, ""column_overlap"": 4}, {""word"": ""excluded"", ""timed_overlap"": 2, ""column_overlap"": 4}, {""word"": ""Messua"", ""timed_overlap"": 2, ""column_overlap"": 3}, {""word"": ""spoke"", ""timed_overlap"": 2, ""column_overlap"": 3}]",completed,73,10,56
500,281,proximal-replay,4,!,water,92,92,92,,2,3,0,0,,146,"[{""word"": ""water"", ""timed_overlap"": 2, ""column_overlap"": 3}, {""word"": ""long"", ""timed_overlap"": 2, ""column_overlap"": 2}, {""word"": ""maidens"", ""timed_overlap"": 1, ""column_overlap"": 5}, {""word"": ""'d"", ""timed_overlap"": 1, ""column_overlap"": 4}, {""word"": ""even"", ""timed_overlap"": 1, ""column_overlap"": 4}]",completed,64,10,72
500,282,proximal-replay,1,to,turned,96,96,96,,2,4,0,0,,127,"[{""word"": ""turned"", ""timed_overlap"": 2, ""column_overlap"": 4}, {""word"": ""great"", ""timed_overlap"": 2, ""column_overlap"": 3}, {""word"": ""incidents"", ""timed_overlap"": 2, ""column_overlap"": 3}, {""word"": ""She"", ""timed_overlap"": 1, ""column_overlap"": 4}, {""word"": ""walked"", ""timed_overlap"": 1, ""column_overlap"": 4}]",completed,82,10,54
500,282,proximal-replay,2,marry,disrepitable,91,91,91,,2,3,0,0,,130,"[{""word"": ""disrepitable"", ""timed_overlap"": 2, ""column_overlap"": 3}, {""word"": ""oranges"", ""timed_overlap"": 2, ""column_overlap"": 2}, {""word"": ""grotto"", ""timed_overlap"": 2, ""column_overlap"": 2}, {""word"": ""something"", ""timed_overlap"": 1, ""column_overlap"": 5}, {""word"": ""killed"", ""timed_overlap"": 1, ""column_overlap"": 4}]",completed,64,10,73
500,282,proximal-replay,3,and,Hannah,97,97,97,,3,4,0,0,,115,"[{""word"": ""Hannah"", ""timed_overlap"": 3, ""column_overlap"": 4}, {""word"": ""central"", ""timed_overlap"": 2, ""column_overlap"": 3}, {""word"": ""drug-vendor"", ""timed_overlap"": 2, ""column_overlap"": 2}, {""word"": ""eggs"", ""timed_overlap"": 2, ""column_overlap"": 2}, {""word"": ""particular"", ""timed_overlap"": 1, ""column_overlap"": 4}]",completed,82,10,64
500,282,proximal-replay,4,settle,Chief,90,90,90,,2,3,0,0,,134,"[{""word"": ""Chief"", ""timed_overlap"": 2, ""column_overlap"": 3}, {""word"": ""other"", ""timed_overlap"": 2, ""column_overlap"": 3}, {""word"": ""Nature"", ""timed_overlap"": 2, ""column_overlap"": 2}, {""word"": ""yesterday"", ""timed_overlap"": 2, ""column_overlap"": 2}, {""word"": ""they"", ""timed_overlap"": 2, ""column_overlap"": 2}]",completed,73,10,55
500,283,proximal-replay,1,palace,Sammy,100,100,100,,2,2,0,0,,109,"[{""word"": ""Sammy"", ""timed_overlap"": 2, ""column_overlap"": 2}, {""word"": ""hive"", ""timed_overlap"": 2, ""column_overlap"": 2}, {""word"": ""Jem"", ""timed_overlap"": 2, ""column_overlap"": 2}, {""word"": ""lest"", ""timed_overlap"": 1, ""column_overlap"": 4}, {""word"": ""say"", ""timed_overlap"": 1, ""column_overlap"": 3}]",completed,82,10,54
500,283,proximal-replay,2,",",frog,98,98,98,,2,3,0,0,,142,"[{""word"": ""frog"", ""timed_overlap"": 2, ""column_overlap"": 3}, {""word"": ""withdrew"", ""timed_overlap"": 2, ""column_overlap"": 3}, {""word"": ""more"", ""timed_overlap"": 2, ""column_overlap"": 3}, {""word"": ""Cecily"", ""timed_overlap"": 2, ""column_overlap"": 3}, {""word"": ""grass"", ""timed_overlap"": 2, ""column_overlap"": 3}]",completed,64,10,55
500,283,proximal-replay,3,and,eyes,97,97,97,,2,4,0,0,,155,"[{""word"": ""eyes"", ""timed_overlap"": 2, ""column_overlap"": 4}, {""word"": ""Douglas"", ""timed_overlap"": 2, ""column_overlap"": 3}, {""word"": ""amiss"", ""timed_overlap"": 2, ""column_overlap"": 3}, {""word"": ""others"", ""timed_overlap"": 2, ""column_overlap"": 3}, {""word"": ""Cyrilla"", ""timed_overlap"": 2, ""column_overlap"": 3}]",completed,64,10,63
500,283,proximal-replay,4,found,Peerless,99,99,99,,3,3,0,0,,119,"[{""word"": ""Peerless"", ""timed_overlap"": 3, ""column_overlap"": 3}, {""word"": ""tyrannize"", ""timed_overlap"": 2, ""column_overlap"": 4}, {""word"": ""Marcella"", ""timed_overlap"": 2, ""column_overlap"": 3}, {""word"": ""concluded"", ""timed_overlap"": 2, ""column_overlap"": 2}, {""word"": ""ones"", ""timed_overlap"": 2, ""column_overlap"": 2}]",completed,73,10,63
500,284,proximal-replay,1,died,reluctantly,100,100,100,,2,3,0,0,,82,"[{""word"": ""reluctantly"", ""timed_overlap"": 2, ""column_overlap"": 3}, {""word"": ""ogress"", ""timed_overlap"": 2, ""column_overlap"": 2}, {""word"": ""Scrooge"", ""timed_overlap"": 1, ""column_overlap"": 4}, {""word"": ""had"", ""timed_overlap"": 1, ""column_overlap"": 3}, {""word"": ""others"", ""timed_overlap"": 1, ""column_overlap"": 3}]",completed,73,10,72
500,284,proximal-replay,2,",",morning,99,99,99,,2,3,0,0,,121,"[{""word"": ""morning"", ""timed_overlap"": 2, ""column_overlap"": 3}, {""word"": ""impudent"", ""timed_overlap"": 2, ""column_overlap"": 2}, {""word"": ""give"", ""timed_overlap"": 2, ""column_overlap"": 2}, {""word"": ""Gallipoli"", ""timed_overlap"": 2, ""column_overlap"": 2}, {""word"": ""yours"", ""timed_overlap"": 1, ""column_overlap"": 4}]",completed,82,10,63
500,284,proximal-replay,3,and,sweetens,99,99,99,,3,3,0,0,,150,"[{""word"": ""sweetens"", ""timed_overlap"": 3, ""column_overlap"": 3}, {""word"": ""knows"", ""timed_overlap"": 2, ""column_overlap"": 4}, {""word"": ""eaten"", ""timed_overlap"": 2, ""column_overlap"": 3}, {""word"": ""resisted"", ""timed_overlap"": 2, ""column_overlap"": 3}, {""word"": ""cats"", ""timed_overlap"": 2, ""column_overlap"": 3}]",completed,73,10,36
500,284,proximal-replay,4,reigned,entered,95,95,95,,2,4,0,0,,118,"[{""word"": ""entered"", ""timed_overlap"": 2, ""column_overlap"": 4}, {""word"": ""harmless"", ""timed_overlap"": 2, ""column_overlap"": 2}, {""word"": ""worn"", ""timed_overlap"": 2, ""column_overlap"": 2}, {""word"": ""satisfied"", ""timed_overlap"": 1, ""column_overlap"": 4}, {""word"": ""lips"", ""timed_overlap"": 1, ""column_overlap"": 4}]",completed,46,10,63
500,285,proximal-replay,1,said,cried,100,100,100,,2,3,0,0,,104,"[{""word"": ""cried"", ""timed_overlap"": 2, ""column_overlap"": 3}, {""word"": ""Ginger"", ""timed_overlap"": 2, ""column_overlap"": 2}, {""word"": ""reluctantly"", ""timed_overlap"": 2, ""column_overlap"": 2}, {""word"": ""sometimes"", ""timed_overlap"": 1, ""column_overlap"": 3}, {""word"": ""Grange"", ""timed_overlap"": 1, ""column_overlap"": 3}]",completed,91,10,63
500,285,proximal-replay,2,",",hearts,98,98,98,,2,4,0,0,,139,"[{""word"": ""hearts"", ""timed_overlap"": 2, ""column_overlap"": 4}, {""word"": ""remembering"", ""timed_overlap"": 2, ""column_overlap"": 3}, {""word"": ""mutinously"", ""timed_overlap"": 2, ""column_overlap"": 3}, {""word"": ""Daisy"", ""timed_overlap"": 2, ""column_overlap"": 2}, {""word"": ""for"", ""timed_overlap"": 2, ""column_overlap"": 2}]",completed,73,10,63
500,285,proximal-replay,3,``,died,99,99,99,,3,4,0,0,,156,"[{""word"": ""died"", ""timed_overlap"": 3, ""column_overlap"": 4}, {""word"": ""or"", ""timed_overlap"": 2, ""column_overlap"": 4}, {""word"": ""vase"", ""timed_overlap"": 2, ""column_overlap"": 3}, {""word"": ""central"", ""timed_overlap"": 2, ""column_overlap"": 2}, {""word"": ""Mr."", ""timed_overlap"": 2, ""column_overlap"": 2}]",completed,73,10,45
500,285,proximal-replay,4,for,tale,95,95,95,,2,3,0,0,,133,"[{""word"": ""tale"", ""timed_overlap"": 2, ""column_overlap"": 3}, {""word"": ""experienced"", ""timed_overlap"": 2, ""column_overlap"": 3}, {""word"": ""Kenneth"", ""timed_overlap"": 2, ""column_overlap"": 2}, {""word"": ""turned"", ""timed_overlap"": 2, ""column_overlap"": 2}, {""word"": ""place"", ""timed_overlap"": 2, ""column_overlap"": 2}]",completed,55,10,72
500,286,proximal-replay,1,','',100,100,100,,2,2,0,0,,94,"[{""word"": ""''"", ""timed_overlap"": 2, ""column_overlap"": 2}, {""word"": ""enough"", ""timed_overlap"": 1, ""column_overlap"": 4}, {""word"": ""tell"", ""timed_overlap"": 1, ""column_overlap"": 3}, {""word"": ""those"", ""timed_overlap"": 1, ""column_overlap"": 3}, {""word"": ""own"", ""timed_overlap"": 1, ""column_overlap"": 3}]",completed,100,10,54
500,286,proximal-replay,2,said,said,99,99,99,,3,3,3,3,1,95,"[{""word"": ""said"", ""timed_overlap"": 3, ""column_overlap"": 3}, {""word"": ""Sometimes"", ""timed_overlap"": 2, ""column_overlap"": 3}, {""word"": ""bust"", ""timed_overlap"": 2, ""column_overlap"": 3}, {""word"": ""Matthew"", ""timed_overlap"": 2, ""column_overlap"": 2}, {""word"": ""stood"", ""timed_overlap"": 1, ""column_overlap"": 3}]",completed,64,10,63
500,286,proximal-replay,3,Kim,somehow,100,100,100,,2,3,1,1,93,95,"[{""word"": ""somehow"", ""timed_overlap"": 2, ""column_overlap"": 3}, {""word"": ""reigned"", ""timed_overlap"": 1, ""column_overlap"": 3}, {""word"": ""mature"", ""timed_overlap"": 1, ""column_overlap"": 3}, {""word"": ""wilt"", ""timed_overlap"": 1, ""column_overlap"": 3}, {""word"": ""why"", ""timed_overlap"": 1, ""column_overlap"": 3}]",completed,73,10,54
500,286,proximal-replay,4,",",platform,96,96,96,,2,4,0,0,,118,"[{""word"": ""platform"", ""timed_overlap"": 2, ""column_overlap"": 4}, {""word"": ""Clow"", ""timed_overlap"": 2, ""column_overlap"": 2}, {""word"": ""Fellow"", ""timed_overlap"": 2, ""column_overlap"": 2}, {""word"": ""carriage"", ""timed_overlap"": 1, ""column_overlap"": 5}, {""word"": ""lads"", ""timed_overlap"": 1, ""column_overlap"": 5}]",completed,64,10,72
500,287,proximal-replay,1,tell,such,99,99,99,,2,2,0,0,,110,"[{""word"": ""such"", ""timed_overlap"": 2, ""column_overlap"": 2}, {""word"": ""hive"", ""timed_overlap"": 1, ""column_overlap"": 4}, {""word"": ""Priscilla"", ""timed_overlap"": 1, ""column_overlap"": 3}, {""word"": ""snowshoeing"", ""timed_overlap"": 1, ""column_overlap"": 3}, {""word"": ""upon"", ""timed_overlap"": 1, ""column_overlap"": 3}]",completed,100,10,72
500,287,proximal-replay,2,God,calmly,99,99,99,,2,2,0,0,,76,"[{""word"": ""calmly"", ""timed_overlap"": 2, ""column_overlap"": 2}, {""word"": ""pity"", ""timed_overlap"": 2, ""column_overlap"": 2}, {""word"": ""sit"", ""timed_overlap"": 1, ""column_overlap"": 3}, {""word"": ""cleverness"", ""timed_overlap"": 1, ""column_overlap"": 3}, {""word"": ""BEN"", ""timed_overlap"": 1, ""column_overlap"": 3}]",completed,82,10,72
500,287,proximal-replay,3,you,tunnels,99,99,99,,2,3,0,0,,110,"[{""word"": ""tunnels"", ""timed_overlap"": 2, ""column_overlap"": 3}, {""word"": ""deny"", ""timed_overlap"": 2, ""column_overlap"": 3}, {""word"": ""certainly"", ""timed_overlap"": 2, ""column_overlap"": 3}, {""word"": ""time"", ""timed_overlap"": 2, ""column_overlap"": 2}, {""word"": ""Wildrose"", ""timed_overlap"": 1, ""column_overlap"": 4}]",completed,82,10,63
500,287,proximal-replay,4,are,sentence,92,92,92,,3,4,0,0,,91,"[{""word"": ""sentence"", ""timed_overlap"": 3, ""column_overlap"": 4}, {""word"": ""ran"", ""timed_overlap"": 2, ""column_overlap"": 2}, {""word"": ""Magyars"", ""timed_overlap"": 1, ""column_overlap"": 3}, {""word"": ""snowshoeing"", ""timed_overlap"": 1, ""column_overlap"": 3}, {""word"": ""Jay"", ""timed_overlap"": 1, ""column_overlap"": 3}]",completed,73,10,66
500,288,proximal-replay,1,it,money,97,97,97,,2,3,1,1,55,102,"[{""word"": ""money"", ""timed_overlap"": 2, ""column_overlap"": 3}, {""word"": ""Assam"", ""timed_overlap"": 2, ""column_overlap"": 2}, {""word"": ""beauty"", ""timed_overlap"": 2, ""column_overlap"": 2}, {""word"": ""posted"", ""timed_overlap"": 2, ""column_overlap"": 2}, {""word"": ""hour"", ""timed_overlap"": 2, ""column_overlap"": 2}]",completed,73,10,72
500,288,proximal-replay,2,in,Thus,99,99,99,,2,4,0,0,,109,"[{""word"": ""Thus"", ""timed_overlap"": 2, ""column_overlap"": 4}, {""word"": ""Our"", ""timed_overlap"": 2, ""column_overlap"": 3}, {""word"": ""shall"", ""timed_overlap"": 2, ""column_overlap"": 2}, {""word"": ""woods"", ""timed_overlap"": 2, ""column_overlap"": 2}, {""word"": ""Cecily"", ""timed_overlap"": 1, ""column_overlap"": 3}]",completed,82,10,73
500,288,proximal-replay,3,my,appeal,100,100,100,,3,3,0,0,,124,"[{""word"": ""appeal"", ""timed_overlap"": 3, ""column_overlap"": 3}, {""word"": ""king"", ""timed_overlap"": 2, ""column_overlap"": 3}, {""word"": ""did"", ""timed_overlap"": 2, ""column_overlap"": 2}, {""word"": ""waiting"", ""timed_overlap"": 2, ""column_overlap"": 2}, {""word"": ""gather"", ""timed_overlap"": 2, ""column_overlap"": 2}]",completed,82,10,63
500,288,proximal-replay,4,mouth,fixed,97,97,97,,2,3,0,0,,147,"[{""word"": ""fixed"", ""timed_overlap"": 2, ""column_overlap"": 3}, {""word"": ""fire"", ""timed_overlap"": 2, ""column_overlap"": 3}, {""word"": ""Princess"", ""timed_overlap"": 2, ""column_overlap"": 2}, {""word"": ""remarked"", ""timed_overlap"": 2, ""column_overlap"": 2}, {""word"": ""Behind"", ""timed_overlap"": 2, ""column_overlap"": 2}]",completed,73,10,72
500,289,proximal-replay,1,the,shimmer,100,100,100,,2,2,2,2,5,119,"[{""word"": ""shimmer"", ""timed_overlap"": 2, ""column_overlap"": 2}, {""word"": ""wondered"", ""timed_overlap"": 2, ""column_overlap"": 2}, {""word"": ""bit"", ""timed_overlap"": 2, ""column_overlap"": 2}, {""word"": ""Priscilla"", ""timed_overlap"": 2, ""column_overlap"": 2}, {""word"": ""the"", ""timed_overlap"": 2, ""column_overlap"": 2}]",completed,73,10,72
500,289,proximal-replay,2,gilded,thing,98,98,98,,2,3,0,0,,101,"[{""word"": ""thing"", ""timed_overlap"": 2, ""column_overlap"": 3}, {""word"": ""amiss"", ""timed_overlap"": 2, ""column_overlap"": 3}, {""word"": ""Girl"", ""timed_overlap"": 2, ""column_overlap"": 2}, {""word"": ""a"", ""timed_overlap"": 2, ""column_overlap"": 2}, {""word"": ""Leslie"", ""timed_overlap"": 1, ""column_overlap"": 4}]",completed,82,10,63
500,289,proximal-replay,3,staff,kindest,99,99,99,,1,3,0,0,,77,"[{""word"": ""kindest"", ""timed_overlap"": 1, ""column_overlap"": 3}, {""word"": ""Jack"", ""timed_overlap"": 1, ""column_overlap"": 3}, {""word"": ""?"", ""timed_overlap"": 1, ""column_overlap"": 2}, {""word"": ""Here"", ""timed_overlap"": 1, ""column_overlap"": 2}, {""word"": ""SAMMY"", ""timed_overlap"": 1, ""column_overlap"": 2}]",completed,73,10,81
500,289,proximal-replay,4,--,frock,100,100,100,,2,2,0,0,,117,"[{""word"": ""frock"", ""timed_overlap"": 2, ""column_overlap"": 2}, {""word"": ""immensely"", ""timed_overlap"": 2, ""column_overlap"": 2}, {""word"": ""have"", ""timed_overlap"": 1, ""column_overlap"": 3}, {""word"": ""tale"", ""timed_overlap"": 1, ""column_overlap"": 3}, {""word"": ""kindest"", ""timed_overlap"": 1, ""column_overlap"": 3}]",completed,91,10,54
500,290,proximal-replay,1,heard,breath,100,100,100,,2,4,0,0,,96,"[{""word"": ""breath"", ""timed_overlap"": 2, ""column_overlap"": 4}, {""word"": ""cried"", ""timed_overlap"": 2, ""column_overlap"": 3}, {""word"": ""palace"", ""timed_overlap"": 2, ""column_overlap"": 3}, {""word"": ""Ginger"", ""timed_overlap"": 2, ""column_overlap"": 2}, {""word"": ""'s"", ""timed_overlap"": 2, ""column_overlap"": 2}]",completed,91,10,63
500,290,proximal-replay,2,a,behind,97,97,97,,2,3,0,0,,95,"[{""word"": ""behind"", ""timed_overlap"": 2, ""column_overlap"": 3}, {""word"": ""Danny"", ""timed_overlap"": 2, ""column_overlap"": 2}, {""word"": ""ran"", ""timed_overlap"": 2, ""column_overlap"": 2}, {""word"": ""tumbling"", ""timed_overlap"": 1, ""column_overlap"": 4}, {""word"": ""Faith"", ""timed_overlap"": 1, ""column_overlap"": 4}]",completed,73,10,72
500,290,proximal-replay,3,voice,recalled,99,99,99,,2,3,0,0,,104,"[{""word"": ""recalled"", ""timed_overlap"": 2, ""column_overlap"": 3}, {""word"": ""romantic"", ""timed_overlap"": 2, ""column_overlap"": 2}, {""word"": ""hive"", ""timed_overlap"": 1, ""column_overlap"": 5}, {""word"": ""Taffy"", ""timed_overlap"": 1, ""column_overlap"": 4}, {""word"": ""Ismay"", ""timed_overlap"": 1, ""column_overlap"": 4}]",completed,82,10,54
500,290,proximal-replay,4,which,thousand,92,92,92,,2,4,1,1,104,132,"[{""word"": ""thousand"", ""timed_overlap"": 2, ""column_overlap"": 4}, {""word"": ""trim"", ""timed_overlap"": 2, ""column_overlap"": 3}, {""word"": ""rank"", ""timed_overlap"": 2, ""column_overlap"": 3}, {""word"": ""how"", ""timed_overlap"": 2, ""column_overlap"": 3}, {""word"": ""bronze-colored"", ""timed_overlap"": 2, ""column_overlap"": 2}]",completed,64,10,72
500,291,proximal-replay,1,spoke,She,100,100,100,,2,2,0,0,,89,"[{""word"": ""She"", ""timed_overlap"": 2, ""column_overlap"": 2}, {""word"": ""wish"", ""timed_overlap"": 2, ""column_overlap"": 2}, {""word"": ""pricked"", ""timed_overlap"": 2, ""column_overlap"": 2}, {""word"": ""unfortunate"", ""timed_overlap"": 1, ""column_overlap"": 3}, {""word"": ""think"", ""timed_overlap"": 1, ""column_overlap"": 3}]",completed,82,10,72
500,291,proximal-replay,2,with,Schmidt,99,99,99,,2,3,0,0,,128,"[{""word"": ""Schmidt"", ""timed_overlap"": 2, ""column_overlap"": 3}, {""word"": ""bared"", ""timed_overlap"": 2, ""column_overlap"": 3}, {""word"": ""Taylor"", ""timed_overlap"": 2, ""column_overlap"": 3}, {""word"": ""Sir"", ""timed_overlap"": 2, ""column_overlap"": 3}, {""word"": ""To"", ""timed_overlap"": 2, ""column_overlap"": 2}]",completed,82,10,63
500,291,proximal-replay,3,the,broidered,98,98,98,,2,4,0,0,,146,"[{""word"": ""broidered"", ""timed_overlap"": 2, ""column_overlap"": 4}, {""word"": ""Twice"", ""timed_overlap"": 2, ""column_overlap"": 3}, {""word"": ""misty"", ""timed_overlap"": 2, ""column_overlap"": 3}, {""word"": ""friend"", ""timed_overlap"": 2, ""column_overlap"": 3}, {""word"": ""line"", ""timed_overlap"": 2, ""column_overlap"": 3}]",completed,73,10,72
500,291,proximal-replay,4,broad,Quicksilver,100,100,100,,2,3,0,0,,104,"[{""word"": ""Quicksilver"", ""timed_overlap"": 2, ""column_overlap"": 3}, {""word"": ""boy"", ""timed_overlap"": 2, ""column_overlap"": 3}, {""word"": ""DO"", ""timed_overlap"": 1, ""column_overlap"": 3}, {""word"": ""order"", ""timed_overlap"": 1, ""column_overlap"": 3}, {""word"": ""frog"", ""timed_overlap"": 1, ""column_overlap"": 3}]",completed,82,10,63
500,292,proximal-replay,1,'s,none,99,99,99,,2,3,1,2,30,109,"[{""word"": ""none"", ""timed_overlap"": 2, ""column_overlap"": 3}, {""word"": ""boy"", ""timed_overlap"": 2, ""column_overlap"": 3}, {""word"": ""or"", ""timed_overlap"": 2, ""column_overlap"": 2}, {""word"": ""lifted"", ""timed_overlap"": 1, ""column_overlap"": 3}, {""word"": ""kind"", ""timed_overlap"": 1, ""column_overlap"": 3}]",completed,100,10,72
500,292,proximal-replay,2,clothes,fire,100,100,100,,1,4,0,0,,120,"[{""word"": ""fire"", ""timed_overlap"": 1, ""column_overlap"": 4}, {""word"": ""pretence"", ""timed_overlap"": 1, ""column_overlap"": 3}, {""word"": ""your"", ""timed_overlap"": 1, ""column_overlap"": 3}, {""word"": ""elapsed"", ""timed_overlap"": 1, ""column_overlap"": 3}, {""word"": ""tracks"", ""timed_overlap"": 1, ""column_overlap"": 3}]",completed,82,10,63
500,292,proximal-replay,3,",",however,95,95,95,,3,4,0,0,,123,"[{""word"": ""however"", ""timed_overlap"": 3, ""column_overlap"": 4}, {""word"": ""grasshoppers"", ""timed_overlap"": 3, ""column_overlap"": 3}, {""word"": ""rock"", ""timed_overlap"": 2, ""column_overlap"": 4}, {""word"": ""major"", ""timed_overlap"": 2, ""column_overlap"": 3}, {""word"": ""happily"", ""timed_overlap"": 2, ""column_overlap"": 3}]",completed,73,10,64
500,292,proximal-replay,4,and,After,98,98,98,,2,4,0,0,,116,"[{""word"": ""After"", ""timed_overlap"": 2, ""column_overlap"": 4}, {""word"": ""mere"", ""timed_overlap"": 2, ""column_overlap"": 2}, {""word"": ""room"", ""timed_overlap"": 1, ""column_overlap"": 4}, {""word"": ""dead"", ""timed_overlap"": 1, ""column_overlap"": 4}, {""word"": ""king"", ""timed_overlap"": 1, ""column_overlap"": 4}]",completed,73,10,72
500,293,proximal-replay,1,that,into,98,98,98,,2,4,1,1,100,139,"[{""word"": ""into"", ""timed_overlap"": 2, ""column_overlap"": 4}, {""word"": ""Kindly"", ""timed_overlap"": 2, ""column_overlap"": 3}, {""word"": ""gray"", ""timed_overlap"": 2, ""column_overlap"": 3}, {""word"": ""Prince"", ""timed_overlap"": 2, ""column_overlap"": 3}, {""word"": ""been"", ""timed_overlap"": 2, ""column_overlap"": 2}]",completed,64,10,54
500,293,proximal-replay,2,lean,Hannah,99,99,99,,2,4,0,0,,128,"[{""word"": ""Hannah"", ""timed_overlap"": 2, ""column_overlap"": 4}, {""word"": ""fry"", ""timed_overlap"": 2, ""column_overlap"": 3}, {""word"": ""terrified"", ""timed_overlap"": 2, ""column_overlap"": 3}, {""word"": ""bared"", ""timed_overlap"": 2, ""column_overlap"": 2}, {""word"": ""See"", ""timed_overlap"": 2, ""column_overlap"": 2}]",completed,64,10,63
500,293,proximal-replay,3,creature,spur,94,94,94,,2,5,0,0,,146,"[{""word"": ""spur"", ""timed_overlap"": 2, ""column_overlap"": 5}, {""word"": ""running"", ""timed_overlap"": 2, ""column_overlap"": 4}, {""word"": ""David"", ""timed_overlap"": 2, ""column_overlap"": 3}, {""word"": ""recalled"", ""timed_overlap"": 2, ""column_overlap"": 2}, {""word"": ""neither"", ""timed_overlap"": 2, ""column_overlap"": 2}]",completed,73,10,63
500,293,proximal-replay,4,",",AND,92,92,92,,2,3,0,0,,132,"[{""word"": ""AND"", ""timed_overlap"": 2, ""column_overlap"": 3}, {""word"": ""any"", ""timed_overlap"": 2, ""column_overlap"": 2}, {""word"": ""throat"", ""timed_overlap"": 2, ""column_overlap"": 2}, {""word"": ""deny"", ""timed_overlap"": 2, ""column_overlap"": 2}, {""word"": ""behind"", ""timed_overlap"": 2, ""column_overlap"": 2}]",completed,73,10,72
500,294,proximal-replay,1,a,misty,99,99,99,,2,2,0,0,,83,"[{""word"": ""misty"", ""timed_overlap"": 2, ""column_overlap"": 2}, {""word"": ""admitted"", ""timed_overlap"": 2, ""column_overlap"": 2}, {""word"": ""Peoples"", ""timed_overlap"": 1, ""column_overlap"": 3}, {""word"": ""sit"", ""timed_overlap"": 1, ""column_overlap"": 3}, {""word"": ""uneasy"", ""timed_overlap"": 1, ""column_overlap"": 3}]",completed,73,10,72
500,294,proximal-replay,2,being,'s,96,96,96,,3,4,0,0,,145,"[{""word"": ""'s"", ""timed_overlap"": 3, ""column_overlap"": 4}, {""word"": ""Jumping"", ""timed_overlap"": 2, ""column_overlap"": 4}, {""word"": ""course"", ""timed_overlap"": 2, ""column_overlap"": 3}, {""word"": ""glad"", ""timed_overlap"": 2, ""column_overlap"": 3}, {""word"": ""All"", ""timed_overlap"": 2, ""column_overlap"": 3}]",completed,82,10,64
500,294,proximal-replay,3,must,hall,98,98,98,,2,4,0,0,,96,"[{""word"": ""hall"", ""timed_overlap"": 2, ""column_overlap"": 4}, {""word"": ""PERCINET"", ""timed_overlap"": 2, ""column_overlap"": 3}, {""word"": ""deal"", ""timed_overlap"": 2, ""column_overlap"": 3}, {""word"": ""until"", ""timed_overlap"": 2, ""column_overlap"": 2}, {""word"": ""most"", ""timed_overlap"": 2, ""column_overlap"": 2}]",completed,73,10,54
500,294,proximal-replay,4,be,say,90,90,90,,2,4,0,0,,138,"[{""word"": ""say"", ""timed_overlap"": 2, ""column_overlap"": 4}, {""word"": ""cake"", ""timed_overlap"": 2, ""column_overlap"": 2}, {""word"": ""Felicity"", ""timed_overlap"": 2, ""column_overlap"": 2}, {""word"": ""Miss"", ""timed_overlap"": 2, ""column_overlap"": 2}, {""word"": ""gone"", ""timed_overlap"": 2, ""column_overlap"": 2}]",completed,64,10,64
500,295,proximal-replay,1,was,fire,100,100,100,,2,3,0,0,,88,"[{""word"": ""fire"", ""timed_overlap"": 2, ""column_overlap"": 3}, {""word"": ""put"", ""timed_overlap"": 2, ""column_overlap"": 3}, {""word"": ""'m"", ""timed_overlap"": 2, ""column_overlap"": 2}, {""word"": ""Darkness"", ""timed_overlap"": 1, ""column_overlap"": 3}, {""word"": ""flashes"", ""timed_overlap"": 1, ""column_overlap"": 3}]",completed,82,10,63
500,295,proximal-replay,2,not,grasshoppers,97,97,97,,2,4,0,0,,134,"[{""word"": ""grasshoppers"", ""timed_overlap"": 2, ""column_overlap"": 4}, {""word"": ""XV"", ""timed_overlap"": 2, ""column_overlap"": 4}, {""word"": ""glad"", ""timed_overlap"": 2, ""column_overlap"": 3}, {""word"": ""quaggi"", ""timed_overlap"": 2, ""column_overlap"": 3}, {""word"": ""turning"", ""timed_overlap"": 2, ""column_overlap"": 3}]",completed,73,10,63
500,295,proximal-replay,3,much,Jo,100,100,100,,3,3,1,1,73,106,"[{""word"": ""Jo"", ""timed_overlap"": 3, ""column_overlap"": 3}, {""word"": ""ordered"", ""timed_overlap"": 2, ""column_overlap"": 3}, {""word"": ""understand"", ""timed_overlap"": 2, ""column_overlap"": 3}, {""word"": ""April"", ""timed_overlap"": 2, ""column_overlap"": 3}, {""word"": ""motives"", ""timed_overlap"": 2, ""column_overlap"": 2}]",completed,73,10,63
500,295,proximal-replay,4,use,will,93,93,93,,2,4,0,0,,138,"[{""word"": ""will"", ""timed_overlap"": 2, ""column_overlap"": 4}, {""word"": ""satisfied"", ""timed_overlap"": 2, ""column_overlap"": 4}, {""word"": ""Tumultuous"", ""timed_overlap"": 2, ""column_overlap"": 3}, {""word"": ""lips"", ""timed_overlap"": 2, ""column_overlap"": 3}, {""word"": ""Soon"", ""timed_overlap"": 2, ""column_overlap"": 3}]",completed,73,10,54
500,296,proximal-replay,1,over,present,100,100,100,,2,4,0,0,,122,"[{""word"": ""present"", ""timed_overlap"": 2, ""column_overlap"": 4}, {""word"": ""other"", ""timed_overlap"": 2, ""column_overlap"": 3}, {""word"": ""butter"", ""timed_overlap"": 2, ""column_overlap"": 3}, {""word"": ""tunnels"", ""timed_overlap"": 2, ""column_overlap"": 3}, {""word"": ""passed"", ""timed_overlap"": 2, ""column_overlap"": 2}]",completed,91,10,72
500,296,proximal-replay,2,his,lifted,100,100,100,,2,3,0,0,,86,"[{""word"": ""lifted"", ""timed_overlap"": 2, ""column_overlap"": 3}, {""word"": ""Quite"", ""timed_overlap"": 2, ""column_overlap"": 2}, {""word"": ""lovely"", ""timed_overlap"": 1, ""column_overlap"": 3}, {""word"": ""West"", ""timed_overlap"": 1, ""column_overlap"": 3}, {""word"": ""witch"", ""timed_overlap"": 1, ""column_overlap"": 3}]",completed,82,10,72
500,296,proximal-replay,3,eyes,long,100,100,100,,2,3,0,0,,119,"[{""word"": ""long"", ""timed_overlap"": 2, ""column_overlap"": 3}, {""word"": ""lean"", ""timed_overlap"": 2, ""column_overlap"": 3}, {""word"": ""mean"", ""timed_overlap"": 2, ""column_overlap"": 3}, {""word"": ""apart"", ""timed_overlap"": 2, ""column_overlap"": 3}, {""word"": ""incidents"", ""timed_overlap"": 2, ""column_overlap"": 2}]",completed,82,10,63
500,296,proximal-replay,4,",",rest,96,96,96,,2,3,0,0,,109,"[{""word"": ""rest"", ""timed_overlap"": 2, ""column_overlap"": 3}, {""word"": ""bearing"", ""timed_overlap"": 2, ""column_overlap"": 3}, {""word"": ""own"", ""timed_overlap"": 1, ""column_overlap"": 5}, {""word"": ""drew"", ""timed_overlap"": 1, ""column_overlap"": 3}, {""word"": ""embrace"", ""timed_overlap"": 1, ""column_overlap"": 3}]",completed,73,10,65
500,297,proximal-replay,1,carriage,BEN,99,99,99,,1,2,0,0,,90,"[{""word"": ""BEN"", ""timed_overlap"": 1, ""column_overlap"": 2}, {""word"": ""palace"", ""timed_overlap"": 1, ""column_overlap"": 2}, {""word"": ""also"", ""timed_overlap"": 1, ""column_overlap"": 2}, {""word"": ""Robert"", ""timed_overlap"": 1, ""column_overlap"": 2}, {""word"": ""tore"", ""timed_overlap"": 1, ""column_overlap"": 2}]",completed,91,10,81
500,297,proximal-replay,2,apparently,resent,100,100,100,,2,3,0,0,,129,"[{""word"": ""resent"", ""timed_overlap"": 2, ""column_overlap"": 3}, {""word"": ""Rogers"", ""timed_overlap"": 2, ""column_overlap"": 3}, {""word"": ""tree"", ""timed_overlap"": 2, ""column_overlap"": 2}, {""word"": ""sluggish"", ""timed_overlap"": 2, ""column_overlap"": 2}, {""word"": ""office"", ""timed_overlap"": 2, ""column_overlap"": 2}]",completed,91,10,72
500,297,proximal-replay,3,full,Marilla,100,100,100,,2,3,0,0,,130,"[{""word"": ""Marilla"", ""timed_overlap"": 2, ""column_overlap"": 3}, {""word"": ""impudent"", ""timed_overlap"": 2, ""column_overlap"": 3}, {""word"": ""evening"", ""timed_overlap"": 2, ""column_overlap"": 3}, {""word"": ""look"", ""timed_overlap"": 2, ""column_overlap"": 2}, {""word"": ""already"", ""timed_overlap"": 1, ""column_overlap"": 4}]",completed,82,10,72
500,297,proximal-replay,4,of,Pekoe,98,98,98,,3,4,0,0,,152,"[{""word"": ""Pekoe"", ""timed_overlap"": 3, ""column_overlap"": 4}, {""word"": ""--"", ""timed_overlap"": 2, ""column_overlap"": 4}, {""word"": ""Jo"", ""timed_overlap"": 2, ""column_overlap"": 3}, {""word"": ""into"", ""timed_overlap"": 2, ""column_overlap"": 3}, {""word"": ""and"", ""timed_overlap"": 2, ""column_overlap"": 2}]",completed,82,10,54
500,298,proximal-replay,1,right,be,100,100,100,,3,3,0,0,,78,"[{""word"": ""be"", ""timed_overlap"": 3, ""column_overlap"": 3}, {""word"": ""finish"", ""timed_overlap"": 2, ""column_overlap"": 2}, {""word"": ""its"", ""timed_overlap"": 2, ""column_overlap"": 2}, {""word"": ""ladylike"", ""timed_overlap"": 2, ""column_overlap"": 2}, {""word"": ""flowers"", ""timed_overlap"": 1, ""column_overlap"": 3}]",completed,82,10,54
500,298,proximal-replay,2,away,seen,99,99,99,,2,4,0,0,,109,"[{""word"": ""seen"", ""timed_overlap"": 2, ""column_overlap"": 4}, {""word"": ""bronze-colored"", ""timed_overlap"": 2, ""column_overlap"": 3}, {""word"": ""skins"", ""timed_overlap"": 2, ""column_overlap"": 2}, {""word"": ""recalled"", ""timed_overlap"": 2, ""column_overlap"": 2}, {""word"": ""enchantress"", ""timed_overlap"": 2, ""column_overlap"": 2}]",completed,64,10,45
500,298,proximal-replay,3,.,what,93,93,93,,3,3,0,0,,136,"[{""word"": ""what"", ""timed_overlap"": 3, ""column_overlap"": 3}, {""word"": ""reserved"", ""timed_overlap"": 2, ""column_overlap"": 3}, {""word"": ""SAMMY"", ""timed_overlap"": 2, ""column_overlap"": 3}, {""word"": ""washerman"", ""timed_overlap"": 2, ""column_overlap"": 3}, {""word"": ""promise"", ""timed_overlap"": 2, ""column_overlap"": 3}]",completed,55,10,37
500,298,proximal-replay,4,'',deep,95,95,95,,2,3,0,0,,148,"[{""word"": ""deep"", ""timed_overlap"": 2, ""column_overlap"": 3}, {""word"": ""after"", ""timed_overlap"": 2, ""column_overlap"": 3}, {""word"": ""pink"", ""timed_overlap"": 2, ""column_overlap"": 3}, {""word"": ""distance"", ""timed_overlap"": 2, ""column_overlap"": 3}, {""word"": ""quaggi"", ""timed_overlap"": 2, ""column_overlap"": 2}]",completed,46,10,63
500,299,proximal-replay,1,was,Dacca,99,99,99,,2,2,0,0,,95,"[{""word"": ""Dacca"", ""timed_overlap"": 2, ""column_overlap"": 2}, {""word"": ""why"", ""timed_overlap"": 2, ""column_overlap"": 2}, {""word"": ""Once"", ""timed_overlap"": 2, ""column_overlap"": 2}, {""word"": ""heads"", ""timed_overlap"": 1, ""column_overlap"": 4}, {""word"": ""post"", ""timed_overlap"": 1, ""column_overlap"": 4}]",completed,91,10,72
500,299,proximal-replay,2,running,many,100,100,100,,2,3,0,0,,117,"[{""word"": ""many"", ""timed_overlap"": 2, ""column_overlap"": 3}, {""word"": ""wind"", ""timed_overlap"": 2, ""column_overlap"": 2}, {""word"": ""nurse"", ""timed_overlap"": 2, ""column_overlap"": 2}, {""word"": ""early"", ""timed_overlap"": 2, ""column_overlap"": 2}, {""word"": ""helplessly"", ""timed_overlap"": 2, ""column_overlap"": 2}]",completed,82,10,54
500,299,proximal-replay,3,away,Davis,100,100,100,,2,3,1,2,32,131,"[{""word"": ""Davis"", ""timed_overlap"": 2, ""column_overlap"": 3}, {""word"": ""home"", ""timed_overlap"": 2, ""column_overlap"": 3}, {""word"": ""excluded"", ""timed_overlap"": 2, ""column_overlap"": 2}, {""word"": ""turning"", ""timed_overlap"": 2, ""column_overlap"": 2}, {""word"": ""silence"", ""timed_overlap"": 2, ""column_overlap"": 2}]",completed,64,10,63
500,299,proximal-replay,4,from,timid,99,99,99,,2,2,0,0,,120,"[{""word"": ""timid"", ""timed_overlap"": 2, ""column_overlap"": 2}, {""word"": ""fellows"", ""timed_overlap"": 2, ""column_overlap"": 2}, {""word"": ""Over"", ""timed_overlap"": 2, ""column_overlap"": 2}, {""word"": ""lest"", ""timed_overlap"": 2, ""column_overlap"": 2}, {""word"": ""Mr."", ""timed_overlap"": 1, ""column_overlap"": 4}]",completed,73,10,64
500,300,proximal-replay,1,in,is,100,100,100,,3,3,0,0,,100,"[{""word"": ""is"", ""timed_overlap"": 3, ""column_overlap"": 3}, {""word"": ""rejoined"", ""timed_overlap"": 2, ""column_overlap"": 2}, {""word"": ""seems"", ""timed_overlap"": 2, ""column_overlap"": 2}, {""word"": ""Up"", ""timed_overlap"": 2, ""column_overlap"": 2}, {""word"": ""Alfin"", ""timed_overlap"": 2, ""column_overlap"": 2}]",completed,82,10,54
500,300,proximal-replay,2,your,Gray,99,99,99,,3,4,1,2,32,148,"[{""word"": ""Gray"", ""timed_overlap"": 3, ""column_overlap"": 4}, {""word"": ""writ"", ""timed_overlap"": 2, ""column_overlap"": 3}, {""word"": ""First"", ""timed_overlap"": 2, ""column_overlap"": 2}, {""word"": ""lady"", ""timed_overlap"": 2, ""column_overlap"": 2}, {""word"": ""monotonous"", ""timed_overlap"": 2, ""column_overlap"": 2}]",completed,64,10,63
500,300,proximal-replay,3,eyes,Very,97,97,97,,2,3,0,0,,149,"[{""word"": ""Very"", ""timed_overlap"": 2, ""column_overlap"": 3}, {""word"": ""meddling"", ""timed_overlap"": 2, ""column_overlap"": 3}, {""word"": ""chair"", ""timed_overlap"": 2, ""column_overlap"": 2}, {""word"": ""strokes"", ""timed_overlap"": 1, ""column_overlap"": 4}, {""word"": ""Murray"", ""timed_overlap"": 1, ""column_overlap"": 3}]",completed,73,10,64
500,300,proximal-replay,4,.,heard,99,99,99,,3,3,0,0,,108,"[{""word"": ""heard"", ""timed_overlap"": 3, ""column_overlap"": 3}, {""word"": ""Instead"", ""timed_overlap"": 2, ""column_overlap"": 3}, {""word"": ""faithfully"", ""timed_overlap"": 2, ""column_overlap"": 2}, {""word"": ""Pekoe"", ""timed_overlap"": 1, ""column_overlap"": 4}, {""word"": ""yesterday"", ""timed_overlap"": 1, ""column_overlap"": 3}]",completed,73,10,63
500,301,proximal-replay,1,that,hate,99,99,99,,2,3,0,0,,78,"[{""word"": ""hate"", ""timed_overlap"": 2, ""column_overlap"": 3}, {""word"": ""Gallipoli"", ""timed_overlap"": 2, ""column_overlap"": 2}, {""word"": ""ordered"", ""timed_overlap"": 1, ""column_overlap"": 4}, {""word"": ""Meadow"", ""timed_overlap"": 1, ""column_overlap"": 3}, {""word"": ""dragon"", ""timed_overlap"": 1, ""column_overlap"": 2}]",completed,91,10,63
500,301,proximal-replay,2,yesterday,deal,98,98,98,,3,3,0,0,,117,"[{""word"": ""deal"", ""timed_overlap"": 3, ""column_overlap"": 3}, {""word"": ""Elder"", ""timed_overlap"": 2, ""column_overlap"": 4}, {""word"": ""breakfast"", ""timed_overlap"": 2, ""column_overlap"": 3}, {""word"": ""Square"", ""timed_overlap"": 2, ""column_overlap"": 2}, {""word"": ""coming"", ""timed_overlap"": 1, ""column_overlap"": 4}]",completed,73,10,65
500,301,proximal-replay,3,and,Davis,97,97,97,,2,3,0,0,,103,"[{""word"": ""Davis"", ""timed_overlap"": 2, ""column_overlap"": 3}, {""word"": ""servants"", ""timed_overlap"": 2, ""column_overlap"": 2}, {""word"": ""solemnly"", ""timed_overlap"": 2, ""column_overlap"": 2}, {""word"": ""Sue"", ""timed_overlap"": 2, ""column_overlap"": 2}, {""word"": ""Felicity"", ""timed_overlap"": 2, ""column_overlap"": 2}]",completed,73,10,63
500,301,proximal-replay,4,it,astray,100,100,100,,2,5,1,1,130,138,"[{""word"": ""astray"", ""timed_overlap"": 2, ""column_overlap"": 5}, {""word"": ""thinks"", ""timed_overlap"": 2, ""column_overlap"": 3}, {""word"": ""whither"", ""timed_overlap"": 2, ""column_overlap"": 2}, {""word"": ""washed"", ""timed_overlap"": 2, ""column_overlap"": 2}, {""word"": ""Neither"", ""timed_overlap"": 2, ""column_overlap"": 2}]",completed,73,10,72
500,302,proximal-replay,1,talking,prince,100,100,100,,2,3,0,0,,118,"[{""word"": ""prince"", ""timed_overlap"": 2, ""column_overlap"": 3}, {""word"": ""people"", ""timed_overlap"": 2, ""column_overlap"": 3}, {""word"": ""while"", ""timed_overlap"": 2, ""column_overlap"": 2}, {""word"": ""sentiment"", ""timed_overlap"": 2, ""column_overlap"": 2}, {""word"": ""Priscilla"", ""timed_overlap"": 2, ""column_overlap"": 2}]",completed,82,10,72
500,302,proximal-replay,2,to,sorry,100,100,100,,2,3,0,0,,92,"[{""word"": ""sorry"", ""timed_overlap"": 2, ""column_overlap"": 3}, {""word"": ""nicer"", ""timed_overlap"": 2, ""column_overlap"": 2}, {""word"": ""healthful"", ""timed_overlap"": 1, ""column_overlap"": 3}, {""word"": ""half"", ""timed_overlap"": 1, ""column_overlap"": 3}, {""word"": ""approve"", ""timed_overlap"": 1, ""column_overlap"": 3}]",completed,82,10,54
500,302,proximal-replay,3,himself,distance,97,97,97,,2,4,0,0,,152,"[{""word"": ""distance"", ""timed_overlap"": 2, ""column_overlap"": 4}, {""word"": ""check"", ""timed_overlap"": 2, ""column_overlap"": 3}, {""word"": ""that"", ""timed_overlap"": 2, ""column_overlap"": 3}, {""word"": ""Alan"", ""timed_overlap"": 2, ""column_overlap"": 3}, {""word"": ""particular"", ""timed_overlap"": 2, ""column_overlap"": 2}]",completed,64,10,72
500,302,proximal-replay,4,down,entered,99,99,99,,2,3,0,0,,112,"[{""word"": ""entered"", ""timed_overlap"": 2, ""column_overlap"": 3}, {""word"": ""motionless"", ""timed_overlap"": 2, ""column_overlap"": 3}, {""word"": ""our"", ""timed_overlap"": 2, ""column_overlap"": 2}, {""word"": ""we"", ""timed_overlap"": 2, ""column_overlap"": 2}, {""word"": ""bared"", ""timed_overlap"": 1, ""column_overlap"": 4}]",completed,82,10,63
500,303,proximal-replay,1,one,one,99,99,99,,3,3,3,3,1,179,"[{""word"": ""one"", ""timed_overlap"": 3, ""column_overlap"": 3}, {""word"": ""gadding"", ""timed_overlap"": 2, ""column_overlap"": 4}, {""word"": ""closing"", ""timed_overlap"": 2, ""column_overlap"": 3}, {""word"": ""carriage"", ""timed_overlap"": 2, ""column_overlap"": 2}, {""word"": ""UNC"", ""timed_overlap"": 2, ""column_overlap"": 2}]",completed,91,10,54
500,303,proximal-replay,2,was,sight,100,100,100,,2,3,0,0,,140,"[{""word"": ""sight"", ""timed_overlap"": 2, ""column_overlap"": 3}, {""word"": ""Please"", ""timed_overlap"": 2, ""column_overlap"": 3}, {""word"": ""hours"", ""timed_overlap"": 2, ""column_overlap"": 3}, {""word"": ""Over"", ""timed_overlap"": 2, ""column_overlap"": 3}, {""word"": ""certainly"", ""timed_overlap"": 2, ""column_overlap"": 2}]",completed,64,10,72
500,303,proximal-replay,3,so,sign,99,99,99,,2,4,0,0,,124,"[{""word"": ""sign"", ""timed_overlap"": 2, ""column_overlap"": 4}, {""word"": ""Lida"", ""timed_overlap"": 2, ""column_overlap"": 3}, {""word"": ""craoudin"", ""timed_overlap"": 2, ""column_overlap"": 3}, {""word"": ""axe"", ""timed_overlap"": 2, ""column_overlap"": 3}, {""word"": ""piece"", ""timed_overlap"": 2, ""column_overlap"": 2}]",completed,82,10,63
500,303,proximal-replay,4,big,heads,98,98,98,,2,4,0,0,,121,"[{""word"": ""heads"", ""timed_overlap"": 2, ""column_overlap"": 4}, {""word"": ""whole"", ""timed_overlap"": 2, ""column_overlap"": 3}, {""word"": ""enchanted"", ""timed_overlap"": 2, ""column_overlap"": 2}, {""word"": ""morning"", ""timed_overlap"": 2, ""column_overlap"": 2}, {""word"": ""Lung"", ""timed_overlap"": 2, ""column_overlap"": 2}]",completed,73,10,72
500,304,proximal-replay,1,our,wind,100,100,100,,2,3,0,0,,125,"[{""word"": ""wind"", ""timed_overlap"": 2, ""column_overlap"": 3}, {""word"": ""gallant"", ""timed_overlap"": 2, ""column_overlap"": 2}, {""word"": ""bust"", ""timed_overlap"": 1, ""column_overlap"": 4}, {""word"": ""value"", ""timed_overlap"": 1, ""column_overlap"": 4}, {""word"": ""swears"", ""timed_overlap"": 1, ""column_overlap"": 4}]",completed,82,10,72
500,304,proximal-replay,2,thoughts,Blair,99,99,99,,2,2,0,0,,107,"[{""word"": ""Blair"", ""timed_overlap"": 2, ""column_overlap"": 2}, {""word"": ""Sir"", ""timed_overlap"": 2, ""column_overlap"": 2}, {""word"": ""east"", ""timed_overlap"": 1, ""column_overlap"": 4}, {""word"": ""Cursed"", ""timed_overlap"": 1, ""column_overlap"": 4}, {""word"": ""full"", ""timed_overlap"": 1, ""column_overlap"": 3}]",completed,82,10,72
500,304,proximal-replay,3,",",pictures,95,95,95,,2,4,0,0,,167,"[{""word"": ""pictures"", ""timed_overlap"": 2, ""column_overlap"": 4}, {""word"": ""long"", ""timed_overlap"": 2, ""column_overlap"": 4}, {""word"": ""Their"", ""timed_overlap"": 2, ""column_overlap"": 3}, {""word"": ""Lawful"", ""timed_overlap"": 2, ""column_overlap"": 3}, {""word"": ""think"", ""timed_overlap"": 2, ""column_overlap"": 2}]",completed,82,10,63
500,304,proximal-replay,4,as,?,100,100,100,,2,4,0,0,,92,"[{""word"": ""?"", ""timed_overlap"": 2, ""column_overlap"": 4}, {""word"": ""netting"", ""timed_overlap"": 2, ""column_overlap"": 2}, {""word"": ""drunk"", ""timed_overlap"": 1, ""column_overlap"": 4}, {""word"": ""COAT"", ""timed_overlap"": 1, ""column_overlap"": 3}, {""word"": ""spur"", ""timed_overlap"": 1, ""column_overlap"": 3}]",completed,73,10,63
500,305,proximal-replay,1,the,lump,100,100,100,,2,2,0,0,,90,"[{""word"": ""lump"", ""timed_overlap"": 2, ""column_overlap"": 2}, {""word"": ""soon"", ""timed_overlap"": 2, ""column_overlap"": 2}, {""word"": ""months"", ""timed_overlap"": 1, ""column_overlap"": 3}, {""word"": ""lady"", ""timed_overlap"": 1, ""column_overlap"": 3}, {""word"": ""forbidden"", ""timed_overlap"": 1, ""column_overlap"": 3}]",completed,82,10,72
500,305,proximal-replay,2,people,helmet,99,99,99,,2,2,0,0,,127,"[{""word"": ""helmet"", ""timed_overlap"": 2, ""column_overlap"": 2}, {""word"": ""Please"", ""timed_overlap"": 2, ""column_overlap"": 2}, {""word"": ""Mother"", ""timed_overlap"": 2, ""column_overlap"": 2}, {""word"": ""faithfully"", ""timed_overlap"": 1, ""column_overlap"": 4}, {""word"": ""Peerless"", ""timed_overlap"": 1, ""column_overlap"": 4}]",completed,82,10,72
500,305,proximal-replay,3,in,Magyars,100,100,100,,2,3,0,0,,118,"[{""word"": ""Magyars"", ""timed_overlap"": 2, ""column_overlap"": 3}, {""word"": ""Lynde"", ""timed_overlap"": 2, ""column_overlap"": 3}, {""word"": ""best"", ""timed_overlap"": 2, ""column_overlap"": 2}, {""word"": ""Schmidt"", ""timed_overlap"": 1, ""column_overlap"": 4}, {""word"": ""carriage"", ""timed_overlap"": 1, ""column_overlap"": 3}]",completed,82,10,72
500,305,proximal-replay,4,the,tells,98,98,98,,2,4,0,0,,128,"[{""word"": ""tells"", ""timed_overlap"": 2, ""column_overlap"": 4}, {""word"": ""wish"", ""timed_overlap"": 2, ""column_overlap"": 4}, {""word"": ""settle"", ""timed_overlap"": 2, ""column_overlap"": 3}, {""word"": ""in"", ""timed_overlap"": 2, ""column_overlap"": 3}, {""word"": ""forgotten"", ""timed_overlap"": 2, ""column_overlap"": 2}]",completed,82,10,63
500,306,proximal-replay,1,your,locked,100,100,100,,2,3,0,0,,92,"[{""word"": ""locked"", ""timed_overlap"": 2, ""column_overlap"": 3}, {""word"": ""sentiment"", ""timed_overlap"": 2, ""column_overlap"": 2}, {""word"": ""Lawful"", ""timed_overlap"": 2, ""column_overlap"": 2}, {""word"": ""get"", ""timed_overlap"": 2, ""column_overlap"": 2}, {""word"": ""us"", ""timed_overlap"": 1, ""column_overlap"": 3}]",completed,100,10,63
500,306,proximal-replay,2,Uncle,washed,97,97,97,,2,4,0,0,,150,"[{""word"": ""washed"", ""timed_overlap"": 2, ""column_overlap"": 4}, {""word"": ""trim"", ""timed_overlap"": 2, ""column_overlap"": 3}, {""word"": ""been"", ""timed_overlap"": 2, ""column_overlap"": 3}, {""word"": ""Alfin"", ""timed_overlap"": 2, ""column_overlap"": 3}, {""word"": ""entered"", ""timed_overlap"": 2, ""column_overlap"": 2}]",completed,73,10,72
500,306,proximal-replay,3,Robert,around,99,99,99,,2,4,1,2,35,141,"[{""word"": ""around"", ""timed_overlap"": 2, ""column_overlap"": 4}, {""word"": ""Sue"", ""timed_overlap"": 2, ""column_overlap"": 3}, {""word"": ""disrepitable"", ""timed_overlap"": 2, ""column_overlap"": 3}, {""word"": ""they"", ""timed_overlap"": 2, ""column_overlap"": 2}, {""word"": ""helmet"", ""timed_overlap"": 2, ""column_overlap"": 2}]",completed,82,10,63
500,306,proximal-replay,4,'s,Quicksilver,100,100,100,,2,4,0,0,,98,"[{""word"": ""Quicksilver"", ""timed_overlap"": 2, ""column_overlap"": 4}, {""word"": ""evening"", ""timed_overlap"": 2, ""column_overlap"": 3}, {""word"": ""Lapsing"", ""timed_overlap"": 2, ""column_overlap"": 3}, {""word"": ""walls"", ""timed_overlap"": 2, ""column_overlap"": 3}, {""word"": ""beauty"", ""timed_overlap"": 2, ""column_overlap"": 3}]",completed,73,10,63
500,307,proximal-replay,1,of,mair,100,100,100,,2,3,1,1,40,84,"[{""word"": ""mair"", ""timed_overlap"": 2, ""column_overlap"": 3}, {""word"": ""Ginger"", ""timed_overlap"": 2, ""column_overlap"": 2}, {""word"": ""taken"", ""timed_overlap"": 1, ""column_overlap"": 3}, {""word"": ""See"", ""timed_overlap"": 1, ""column_overlap"": 3}, {""word"": ""Meredith"", ""timed_overlap"": 1, ""column_overlap"": 3}]",completed,100,10,63
500,307,proximal-replay,2,silver,satisfied,94,94,94,,2,3,0,0,,125,"[{""word"": ""satisfied"", ""timed_overlap"": 2, ""column_overlap"": 3}, {""word"": ""tells"", ""timed_overlap"": 2, ""column_overlap"": 2}, {""word"": ""drawing"", ""timed_overlap"": 2, ""column_overlap"": 2}, {""word"": ""Over"", ""timed_overlap"": 2, ""column_overlap"": 2}, {""word"": ""mercy"", ""timed_overlap"": 2, ""column_overlap"": 2}]",completed,73,10,63
500,307,proximal-replay,3,and,But,99,99,99,,2,2,0,0,,120,"[{""word"": ""But"", ""timed_overlap"": 2, ""column_overlap"": 2}, {""word"": ""once"", ""timed_overlap"": 2, ""column_overlap"": 2}, {""word"": ""Taylor"", ""timed_overlap"": 2, ""column_overlap"": 2}, {""word"": ""Herr"", ""timed_overlap"": 2, ""column_overlap"": 2}, {""word"": ""effort"", ""timed_overlap"": 1, ""column_overlap"": 4}]",completed,73,10,54
500,307,proximal-replay,4,the,down,96,96,96,,2,2,0,0,,108,"[{""word"": ""down"", ""timed_overlap"": 2, ""column_overlap"": 2}, {""word"": ""mair"", ""timed_overlap"": 2, ""column_overlap"": 2}, {""word"": ""believe"", ""timed_overlap"": 1, ""column_overlap"": 3}, {""word"": ""Ripple"", ""timed_overlap"": 1, ""column_overlap"": 3}, {""word"": ""pails"", ""timed_overlap"": 1, ""column_overlap"": 3}]",completed,64,10,73
500,308,proximal-replay,1,cake,Instead,100,100,100,,2,3,0,0,,117,"[{""word"": ""Instead"", ""timed_overlap"": 2, ""column_overlap"": 3}, {""word"": ""by"", ""timed_overlap"": 2, ""column_overlap"": 3}, {""word"": ""sight"", ""timed_overlap"": 2, ""column_overlap"": 2}, {""word"": ""morning"", ""timed_overlap"": 2, ""column_overlap"": 2}, {""word"": ""Why"", ""timed_overlap"": 2, ""column_overlap"": 2}]",completed,82,10,54
500,308,proximal-replay,2,without,Twice,96,96,96,,3,4,0,0,,123,"[{""word"": ""Twice"", ""timed_overlap"": 3, ""column_overlap"": 4}, {""word"": ""after"", ""timed_overlap"": 3, ""column_overlap"": 3}, {""word"": ""month"", ""timed_overlap"": 2, ""column_overlap"": 4}, {""word"": ""any"", ""timed_overlap"": 2, ""column_overlap"": 2}, {""word"": ""sailor"", ""timed_overlap"": 1, ""column_overlap"": 4}]",completed,64,10,63
500,308,proximal-replay,3,butter,closing,99,99,99,,2,3,0,0,,114,"[{""word"": ""closing"", ""timed_overlap"": 2, ""column_overlap"": 3}, {""word"": ""sight"", ""timed_overlap"": 2, ""column_overlap"": 3}, {""word"": ""-LRB-"", ""timed_overlap"": 2, ""column_overlap"": 2}, {""word"": ""misty"", ""timed_overlap"": 2, ""column_overlap"": 2}, {""word"": ""Douglas"", ""timed_overlap"": 2, ""column_overlap"": 2}]",completed,73,10,72
500,308,proximal-replay,4,or,pity,96,96,96,,2,2,0,0,,124,"[{""word"": ""pity"", ""timed_overlap"": 2, ""column_overlap"": 2}, {""word"": ""its"", ""timed_overlap"": 1, ""column_overlap"": 4}, {""word"": ""turning"", ""timed_overlap"": 1, ""column_overlap"": 4}, {""word"": ""glad"", ""timed_overlap"": 1, ""column_overlap"": 4}, {""word"": ""Most"", ""timed_overlap"": 1, ""column_overlap"": 4}]",completed,82,10,55
500,309,proximal-replay,1,disappointment,applause,100,100,100,,2,2,0,0,,86,"[{""word"": ""applause"", ""timed_overlap"": 2, ""column_overlap"": 2}, {""word"": ""know"", ""timed_overlap"": 1, ""column_overlap"": 3}, {""word"": ""Johnny"", ""timed_overlap"": 1, ""column_overlap"": 3}, {""word"": ""For"", ""timed_overlap"": 1, ""column_overlap"": 3}, {""word"": ""talked"", ""timed_overlap"": 1, ""column_overlap"": 3}]",completed,91,10,63
500,309,proximal-replay,2,",",Fox,99,99,99,,2,3,0,0,,142,"[{""word"": ""Fox"", ""timed_overlap"": 2, ""column_overlap"": 3}, {""word"": ""frog"", ""timed_overlap"": 2, ""column_overlap"": 3}, {""word"": ""bag"", ""timed_overlap"": 2, ""column_overlap"": 2}, {""word"": ""queen"", ""timed_overlap"": 2, ""column_overlap"": 2}, {""word"": ""glad"", ""timed_overlap"": 2, ""column_overlap"": 2}]",completed,73,10,54
500,309,proximal-replay,3,flew,tell,99,99,99,,2,3,0,0,,132,"[{""word"": ""tell"", ""timed_overlap"": 2, ""column_overlap"": 3}, {""word"": ""village"", ""timed_overlap"": 2, ""column_overlap"": 3}, {""word"": ""high"", ""timed_overlap"": 2, ""column_overlap"": 2}, {""word"": ""growled"", ""timed_overlap"": 2, ""column_overlap"": 2}, {""word"": ""Captain"", ""timed_overlap"": 2, ""column_overlap"": 2}]",completed,64,10,64
500,309,proximal-replay,4,angrily,God,94,94,94,,3,3,0,0,,163,"[{""word"": ""God"", ""timed_overlap"": 3, ""column_overlap"": 3}, {""word"": ""ever"", ""timed_overlap"": 2, ""column_overlap"": 4}, {""word"": ""face"", ""timed_overlap"": 2, ""column_overlap"": 2}, {""word"": ""Thus"", ""timed_overlap"": 2, ""column_overlap"": 2}, {""word"": ""fellows"", ""timed_overlap"": 2, ""column_overlap"": 2}]",completed,73,10,45
500,310,proximal-replay,1,reserved,'',100,100,100,,2,2,0,0,,94,"[{""word"": ""''"", ""timed_overlap"": 2, ""column_overlap"": 2}, {""word"": ""enough"", ""timed_overlap"": 1, ""column_overlap"": 4}, {""word"": ""tell"", ""timed_overlap"": 1, ""column_overlap"": 3}, {""word"": ""departs"", ""timed_overlap"": 1, ""column_overlap"": 3}, {""word"": ""wind"", ""timed_overlap"": 1, ""column_overlap"": 3}]",completed,100,10,54
500,310,proximal-replay,2,man,said,99,99,99,,3,3,0,0,,95,"[{""word"": ""said"", ""timed_overlap"": 3, ""column_overlap"": 3}, {""word"": ""Sometimes"", ""timed_overlap"": 2, ""column_overlap"": 3}, {""word"": ""bust"", ""timed_overlap"": 2, ""column_overlap"": 3}, {""word"": ""Matthew"", ""timed_overlap"": 2, ""column_overlap"": 2}, {""word"": ""trim"", ""timed_overlap"": 1, ""column_overlap"": 3}]",completed,64,10,63
500,310,proximal-replay,3,many,somehow,100,100,100,,2,3,1,1,65,95,"[{""word"": ""somehow"", ""timed_overlap"": 2, ""column_overlap"": 3}, {""word"": ""mature"", ""timed_overlap"": 1, ""column_overlap"": 3}, {""word"": ""tittered"", ""timed_overlap"": 1, ""column_overlap"": 3}, {""word"": ""reigned"", ""timed_overlap"": 1, ""column_overlap"": 3}, {""word"": ""wilt"", ""timed_overlap"": 1, ""column_overlap"": 3}]",completed,73,10,54
500,310,proximal-replay,4,years,platform,96,96,96,,2,4,0,0,,118,"[{""word"": ""platform"", ""timed_overlap"": 2, ""column_overlap"": 4}, {""word"": ""Clow"", ""timed_overlap"": 2, ""column_overlap"": 2}, {""word"": ""Fellow"", ""timed_overlap"": 2, ""column_overlap"": 2}, {""word"": ""carriage"", ""timed_overlap"": 1, ""column_overlap"": 5}, {""word"": ""lads"", ""timed_overlap"": 1, ""column_overlap"": 5}]",completed,64,10,72
500,311,proximal-replay,1,to,coming,97,97,97,,2,2,0,0,,119,"[{""word"": ""coming"", ""timed_overlap"": 2, ""column_overlap"": 2}, {""word"": ""Tumultuous"", ""timed_overlap"": 2, ""column_overlap"": 2}, {""word"": ""fellow"", ""timed_overlap"": 2, ""column_overlap"": 2}, {""word"": ""hive"", ""timed_overlap"": 2, ""column_overlap"": 2}, {""word"": ""hopes"", ""timed_overlap"": 1, ""column_overlap"": 4}]",completed,73,10,54
500,311,proximal-replay,2,open,morning,100,100,100,,2,2,0,0,,97,"[{""word"": ""morning"", ""timed_overlap"": 2, ""column_overlap"": 2}, {""word"": ""impudent"", ""timed_overlap"": 2, ""column_overlap"": 2}, {""word"": ""pink"", ""timed_overlap"": 2, ""column_overlap"": 2}, {""word"": ""GRACIOSA"", ""timed_overlap"": 1, ""column_overlap"": 3}, {""word"": ""SAMMY"", ""timed_overlap"": 1, ""column_overlap"": 3}]",completed,64,10,63
500,311,proximal-replay,3,the,sweetens,99,99,99,,3,3,0,0,,150,"[{""word"": ""sweetens"", ""timed_overlap"": 3, ""column_overlap"": 3}, {""word"": ""knows"", ""timed_overlap"": 2, ""column_overlap"": 4}, {""word"": ""cats"", ""timed_overlap"": 2, ""column_overlap"": 3}, {""word"": ""eaten"", ""timed_overlap"": 2, ""column_overlap"": 3}, {""word"": ""resisted"", ""timed_overlap"": 2, ""column_overlap"": 3}]",completed,73,10,36
500,311,proximal-replay,4,door,entered,95,95,95,,2,4,1,4,6,118,"[{""word"": ""entered"", ""timed_overlap"": 2, ""column_overlap"": 4}, {""word"": ""worn"", ""timed_overlap"": 2, ""column_overlap"": 2}, {""word"": ""harmless"", ""timed_overlap"": 2, ""column_overlap"": 2}, {""word"": ""lips"", ""timed_overlap"": 1, ""column_overlap"": 4}, {""word"": ""satisfied"", ""timed_overlap"": 1, ""column_overlap"": 4}]",completed,46,10,63
500,312,proximal-replay,1,Faith,Billy,100,100,100,,2,3,1,1,108,108,"[{""word"": ""Billy"", ""timed_overlap"": 2, ""column_overlap"": 3}, {""word"": ""thing"", ""timed_overlap"": 2, ""column_overlap"": 2}, {""word"": ""wind"", ""timed_overlap"": 2, ""column_overlap"": 2}, {""word"": ""of"", ""timed_overlap"": 2, ""column_overlap"": 2}, {""word"": ""snow"", ""timed_overlap"": 1, ""column_overlap"": 3}]",completed,91,10,72
500,312,proximal-replay,2,and,Bagheera,100,100,100,,2,2,1,1,97,109,"[{""word"": ""Bagheera"", ""timed_overlap"": 2, ""column_overlap"": 2}, {""word"": ""green"", ""timed_overlap"": 2, ""column_overlap"": 2}, {""word"": ""tyrannize"", ""timed_overlap"": 1, ""column_overlap"": 4}, {""word"": ""tents"", ""timed_overlap"": 1, ""column_overlap"": 3}, {""word"": ""statelier"", ""timed_overlap"": 1, ""column_overlap"": 3}]",completed,82,10,72
500,312,proximal-replay,3,Una,get,100,100,100,,2,2,0,0,,92,"[{""word"": ""get"", ""timed_overlap"": 2, ""column_overlap"": 2}, {""word"": ""Lawful"", ""timed_overlap"": 2, ""column_overlap"": 2}, {""word"": ""Fellow"", ""timed_overlap"": 1, ""column_overlap"": 4}, {""word"": ""tunnels"", ""timed_overlap"": 1, ""column_overlap"": 3}, {""word"": ""wild"", ""timed_overlap"": 1, ""column_overlap"": 3}]",completed,82,10,72
500,312,proximal-replay,4,had,volume,98,98,98,,2,3,0,0,,122,"[{""word"": ""volume"", ""timed_overlap"": 2, ""column_overlap"": 3}, {""word"": ""Now"", ""timed_overlap"": 2, ""column_overlap"": 2}, {""word"": ""Ben"", ""timed_overlap"": 2, ""column_overlap"": 2}, {""word"": ""."", ""timed_overlap"": 2, ""column_overlap"": 2}, {""word"": ""thoughtfully"", ""timed_overlap"": 1, ""column_overlap"": 4}]",completed,82,10,64
500,313,proximal-replay,1,lay,Over,100,100,100,,3,4,1,1,105,108,"[{""word"": ""Over"", ""timed_overlap"": 3, ""column_overlap"": 4}, {""word"": ""Besides"", ""timed_overlap"": 2, ""column_overlap"": 3}, {""word"": ""satisfied"", ""timed_overlap"": 2, ""column_overlap"": 3}, {""word"": ""ran"", ""timed_overlap"": 2, ""column_overlap"": 3}, {""word"": ""enough"", ""timed_overlap"": 2, ""column_overlap"": 3}]",completed,91,10,54
500,313,proximal-replay,2,upon,Jumping,95,95,95,,2,5,0,0,,139,"[{""word"": ""Jumping"", ""timed_overlap"": 2, ""column_overlap"": 5}, {""word"": ""ceased"", ""timed_overlap"": 2, ""column_overlap"": 3}, {""word"": ""Even"", ""timed_overlap"": 2, ""column_overlap"": 3}, {""word"": ""!"", ""timed_overlap"": 2, ""column_overlap"": 3}, {""word"": ""girl"", ""timed_overlap"": 2, ""column_overlap"": 3}]",completed,64,10,72
500,313,proximal-replay,3,the,let,98,98,98,,2,3,0,0,,155,"[{""word"": ""let"", ""timed_overlap"": 2, ""column_overlap"": 3}, {""word"": ""carriage"", ""timed_overlap"": 2, ""column_overlap"": 3}, {""word"": ""violently"", ""timed_overlap"": 2, ""column_overlap"": 2}, {""word"": ""foremost"", ""timed_overlap"": 2, ""column_overlap"": 2}, {""word"": ""close"", ""timed_overlap"": 1, ""column_overlap"": 5}]",completed,82,10,72
500,313,proximal-replay,4,ground,XV,100,100,100,,3,4,0,0,,142,"[{""word"": ""XV"", ""timed_overlap"": 3, ""column_overlap"": 4}, {""word"": ""sister"", ""timed_overlap"": 3, ""column_overlap"": 4}, {""word"": ""quaggi"", ""timed_overlap"": 2, ""column_overlap"": 4}, {""word"": ""All"", ""timed_overlap"": 2, ""column_overlap"": 4}, {""word"": ""own"", ""timed_overlap"": 2, ""column_overlap"": 3}]",completed,82,10,63
500,314,proximal-replay,1,to,promise,100,100,100,,2,2,1,1,72,105,"[{""word"": ""promise"", ""timed_overlap"": 2, ""column_overlap"": 2}, {""word"": ""sultan"", ""timed_overlap"": 1, ""column_overlap"": 4}, {""word"": ""played"", ""timed_overlap"": 1, ""column_overlap"": 4}, {""word"": ""eye"", ""timed_overlap"": 1, ""column_overlap"": 3}, {""word"": ""central"", ""timed_overlap"": 1, ""column_overlap"": 3}]",completed,100,10,72
500,314,proximal-replay,2,run,needle,97,97,97,,2,4,0,0,,126,"[{""word"": ""needle"", ""timed_overlap"": 2, ""column_overlap"": 4}, {""word"": ""that"", ""timed_overlap"": 2, ""column_overlap"": 3}, {""word"": ""frozen"", ""timed_overlap"": 2, ""column_overlap"": 3}, {""word"": ""Buster"", ""timed_overlap"": 2, ""column_overlap"": 3}, {""word"": ""--"", ""timed_overlap"": 2, ""column_overlap"": 2}]",completed,82,10,72
500,314,proximal-replay,3,and,Robert,97,97,97,,2,2,0,0,,124,"[{""word"": ""Robert"", ""timed_overlap"": 2, ""column_overlap"": 2}, {""word"": ""thrifty"", ""timed_overlap"": 2, ""column_overlap"": 2}, {""word"": ""sable"", ""timed_overlap"": 1, ""column_overlap"": 4}, {""word"": ""ONCE"", ""timed_overlap"": 1, ""column_overlap"": 4}, {""word"": ""close"", ""timed_overlap"": 1, ""column_overlap"": 4}]",completed,82,10,72
500,314,proximal-replay,4,embrace,tell,99,99,99,,2,2,0,0,,110,"[{""word"": ""tell"", ""timed_overlap"": 2, ""column_overlap"": 2}, {""word"": ""indeed"", ""timed_overlap"": 2, ""column_overlap"": 2}, {""word"": ""Carrots"", ""timed_overlap"": 2, ""column_overlap"": 2}, {""word"": ""WATCH"", ""timed_overlap"": 2, ""column_overlap"": 2}, {""word"": ""Hugh"", ""timed_overlap"": 2, ""column_overlap"": 2}]",completed,82,10,63
500,315,proximal-replay,1,and,pen,96,96,96,,2,3,0,0,,144,"[{""word"": ""pen"", ""timed_overlap"": 2, ""column_overlap"": 3}, {""word"": ""peck"", ""timed_overlap"": 2, ""column_overlap"": 2}, {""word"": ""tale"", ""timed_overlap"": 2, ""column_overlap"": 2}, {""word"": ""Jo"", ""timed_overlap"": 2, ""column_overlap"": 2}, {""word"": ""ruin"", ""timed_overlap"": 2, ""column_overlap"": 2}]",completed,73,10,63
500,315,proximal-replay,2,pulled,prettier,97,97,97,,2,3,0,0,,102,"[{""word"": ""prettier"", ""timed_overlap"": 2, ""column_overlap"": 3}, {""word"": ""moving"", ""timed_overlap"": 2, ""column_overlap"": 3}, {""word"": ""settle"", ""timed_overlap"": 2, ""column_overlap"": 2}, {""word"": ""ever"", ""timed_overlap"": 1, ""column_overlap"": 3}, {""word"": ""suited"", ""timed_overlap"": 1, ""column_overlap"": 3}]",completed,73,10,72
500,315,proximal-replay,3,out,beautifully,99,99,99,,2,3,0,0,,136,"[{""word"": ""beautifully"", ""timed_overlap"": 2, ""column_overlap"": 3}, {""word"": ""washerman"", ""timed_overlap"": 2, ""column_overlap"": 3}, {""word"": ""'re"", ""timed_overlap"": 2, ""column_overlap"": 2}, {""word"": ""therefore"", ""timed_overlap"": 2, ""column_overlap"": 2}, {""word"": ""Bagheera"", ""timed_overlap"": 1, ""column_overlap"": 4}]",completed,82,10,54
500,315,proximal-replay,4,a,recitations,90,90,90,,2,3,0,0,,142,"[{""word"": ""recitations"", ""timed_overlap"": 2, ""column_overlap"": 3}, {""word"": ""give"", ""timed_overlap"": 2, ""column_overlap"": 3}, {""word"": ""well"", ""timed_overlap"": 2, ""column_overlap"": 3}, {""word"": ""Susanna"", ""timed_overlap"": 2, ""column_overlap"": 2}, {""word"": ""Take"", ""timed_overlap"": 2, ""column_overlap"": 2}]",completed,64,10,54
500,316,proximal-replay,1,her,There,95,95,95,,2,2,0,0,,135,"[{""word"": ""There"", ""timed_overlap"": 2, ""column_overlap"": 2}, {""word"": ""remarked"", ""timed_overlap"": 1, ""column_overlap"": 4}, {""word"": ""drank"", ""timed_overlap"": 1, ""column_overlap"": 4}, {""word"": ""tasted"", ""timed_overlap"": 1, ""column_overlap"": 3}, {""word"": ""such"", ""timed_overlap"": 1, ""column_overlap"": 3}]",completed,64,10,72
500,316,proximal-replay,2,;,recitations,100,100,100,,2,3,0,0,,121,"[{""word"": ""recitations"", ""timed_overlap"": 2, ""column_overlap"": 3}, {""word"": ""frock"", ""timed_overlap"": 2, ""column_overlap"": 3}, {""word"": ""Reddy"", ""timed_overlap"": 2, ""column_overlap"": 2}, {""word"": ""thing"", ""timed_overlap"": 2, ""column_overlap"": 2}, {""word"": ""without"", ""timed_overlap"": 2, ""column_overlap"": 2}]",completed,82,10,72
500,316,proximal-replay,3,and,voice,100,100,100,,2,3,0,0,,120,"[{""word"": ""voice"", ""timed_overlap"": 2, ""column_overlap"": 3}, {""word"": ""Lung"", ""timed_overlap"": 2, ""column_overlap"": 3}, {""word"": ""impossible"", ""timed_overlap"": 2, ""column_overlap"": 3}, {""word"": ""returned"", ""timed_overlap"": 1, ""column_overlap"": 4}, {""word"": ""am"", ""timed_overlap"": 1, ""column_overlap"": 4}]",completed,82,10,63
500,316,proximal-replay,4,only,concluded,97,97,97,,2,3,0,0,,135,"[{""word"": ""concluded"", ""timed_overlap"": 2, ""column_overlap"": 3}, {""word"": ""Here"", ""timed_overlap"": 2, ""column_overlap"": 3}, {""word"": ""excluded"", ""timed_overlap"": 2, ""column_overlap"": 2}, {""word"": ""Kindly"", ""timed_overlap"": 2, ""column_overlap"": 2}, {""word"": ""Sodnos"", ""timed_overlap"": 2, ""column_overlap"": 2}]",completed,73,10,63
500,317,proximal-replay,1,skating,given,100,100,100,,2,3,0,0,,95,"[{""word"": ""given"", ""timed_overlap"": 2, ""column_overlap"": 3}, {""word"": ""heated"", ""timed_overlap"": 2, ""column_overlap"": 3}, {""word"": ""Most"", ""timed_overlap"": 1, ""column_overlap"": 3}, {""word"": ""pump"", ""timed_overlap"": 1, ""column_overlap"": 3}, {""word"": ""weigh"", ""timed_overlap"": 1, ""column_overlap"": 3}]",completed,73,10,63
500,317,proximal-replay,2,or,seen,96,96,96,,2,4,0,0,,142,"[{""word"": ""seen"", ""timed_overlap"": 2, ""column_overlap"": 4}, {""word"": ""running"", ""timed_overlap"": 2, ""column_overlap"": 3}, {""word"": ""BEN"", ""timed_overlap"": 2, ""column_overlap"": 3}, {""word"": ""minutes"", ""timed_overlap"": 2, ""column_overlap"": 2}, {""word"": ""nurse"", ""timed_overlap"": 2, ""column_overlap"": 2}]",completed,73,10,63
500,317,proximal-replay,3,snowshoeing,around,98,98,98,,3,3,0,0,,138,"[{""word"": ""around"", ""timed_overlap"": 3, ""column_overlap"": 3}, {""word"": ""promise"", ""timed_overlap"": 3, ""column_overlap"": 3}, {""word"": ""As"", ""timed_overlap"": 2, ""column_overlap"": 4}, {""word"": ""pursuit"", ""timed_overlap"": 2, ""column_overlap"": 3}, {""word"": ""today"", ""timed_overlap"": 2, ""column_overlap"": 3}]",completed,73,10,54
500,317,proximal-replay,4,or,thief,100,100,100,,2,3,0,0,,102,"[{""word"": ""thief"", ""timed_overlap"": 2, ""column_overlap"": 3}, {""word"": ""spear"", ""timed_overlap"": 2, ""column_overlap"": 2}, {""word"": ""pink"", ""timed_overlap"": 1, ""column_overlap"": 4}, {""word"": ""sisters"", ""timed_overlap"": 1, ""column_overlap"": 3}, {""word"": ""Oh"", ""timed_overlap"": 1, ""column_overlap"": 3}]",completed,64,10,63
500,318,proximal-replay,1,and,'',100,100,100,,2,2,1,2,39,121,"[{""word"": ""''"", ""timed_overlap"": 2, ""column_overlap"": 2}, {""word"": ""he"", ""timed_overlap"": 2, ""column_overlap"": 2}, {""word"": ""inches"", ""timed_overlap"": 1, ""column_overlap"": 4}, {""word"": ""those"", ""timed_overlap"": 1, ""column_overlap"": 4}, {""word"": ""friend"", ""timed_overlap"": 1, ""column_overlap"": 3}]",completed,91,10,54
500,318,proximal-replay,2,she,said,99,99,99,,3,3,0,0,,95,"[{""word"": ""said"", ""timed_overlap"": 3, ""column_overlap"": 3}, {""word"": ""Sometimes"", ""timed_overlap"": 2, ""column_overlap"": 3}, {""word"": ""bust"", ""timed_overlap"": 2, ""column_overlap"": 3}, {""word"": ""Matthew"", ""timed_overlap"": 2, ""column_overlap"": 2}, {""word"": ""RABBIT"", ""timed_overlap"": 1, ""column_overlap"": 3}]",completed,64,10,63
500,318,proximal-replay,3,had,somehow,100,100,100,,2,3,0,0,,95,"[{""word"": ""somehow"", ""timed_overlap"": 2, ""column_overlap"": 3}, {""word"": ""reigned"", ""timed_overlap"": 1, ""column_overlap"": 3}, {""word"": ""why"", ""timed_overlap"": 1, ""column_overlap"": 3}, {""word"": ""wilt"", ""timed_overlap"": 1, ""column_overlap"": 3}, {""word"": ""mature"", ""timed_overlap"": 1, ""column_overlap"": 3}]",completed,73,10,54
500,318,proximal-replay,4,no,platform,96,96,96,,2,4,0,0,,118,"[{""word"": ""platform"", ""timed_overlap"": 2, ""column_overlap"": 4}, {""word"": ""Fellow"", ""timed_overlap"": 2, ""column_overlap"": 2}, {""word"": ""Clow"", ""timed_overlap"": 2, ""column_overlap"": 2}, {""word"": ""carriage"", ""timed_overlap"": 1, ""column_overlap"": 5}, {""word"": ""lads"", ""timed_overlap"": 1, ""column_overlap"": 5}]",completed,64,10,72
500,319,proximal-replay,1,late,pink,100,100,100,,3,3,0,0,,105,"[{""word"": ""pink"", ""timed_overlap"": 3, ""column_overlap"": 3}, {""word"": ""recovered"", ""timed_overlap"": 2, ""column_overlap"": 2}, {""word"": ""In"", ""timed_overlap"": 1, ""column_overlap"": 4}, {""word"": ""excuse"", ""timed_overlap"": 1, ""column_overlap"": 4}, {""word"": ""faithfully"", ""timed_overlap"": 1, ""column_overlap"": 4}]",completed,82,10,45
500,319,proximal-replay,2,for,back,95,95,95,,2,3,0,0,,138,"[{""word"": ""back"", ""timed_overlap"": 2, ""column_overlap"": 3}, {""word"": ""unfortunate"", ""timed_overlap"": 2, ""column_overlap"": 2}, {""word"": ""No"", ""timed_overlap"": 2, ""column_overlap"": 2}, {""word"": ""flew"", ""timed_overlap"": 1, ""column_overlap"": 4}, {""word"": ""whose"", ""timed_overlap"": 1, ""column_overlap"": 4}]",completed,55,10,64
500,319,proximal-replay,3,everything,:,99,99,99,,2,3,0,0,,124,"[{""word"": "":"", ""timed_overlap"": 2, ""column_overlap"": 3}, {""word"": ""skating"", ""timed_overlap"": 2, ""column_overlap"": 3}, {""word"": ""Remember"", ""timed_overlap"": 2, ""column_overlap"": 2}, {""word"": ""glad"", ""timed_overlap"": 2, ""column_overlap"": 2}, {""word"": ""frivolous"", ""timed_overlap"": 2, ""column_overlap"": 2}]",completed,73,10,72
500,319,proximal-replay,4,",",hopes,100,100,100,,2,3,0,0,,109,"[{""word"": ""hopes"", ""timed_overlap"": 2, ""column_overlap"": 3}, {""word"": ""hopelessly"", ""timed_overlap"": 2, ""column_overlap"": 3}, {""word"": ""turning"", ""timed_overlap"": 2, ""column_overlap"": 3}, {""word"": ""flies"", ""timed_overlap"": 2, ""column_overlap"": 2}, {""word"": ""Alfin"", ""timed_overlap"": 1, ""column_overlap"": 4}]",completed,82,10,63
500,320,proximal-replay,1,the,closed,100,100,100,,1,4,0,0,,126,"[{""word"": ""closed"", ""timed_overlap"": 1, ""column_overlap"": 4}, {""word"": ""every"", ""timed_overlap"": 1, ""column_overlap"": 4}, {""word"": ""pursuit"", ""timed_overlap"": 1, ""column_overlap"": 3}, {""word"": ""only"", ""timed_overlap"": 1, ""column_overlap"": 3}, {""word"": ""Bessy"", ""timed_overlap"": 1, ""column_overlap"": 3}]",completed,82,10,81
500,320,proximal-replay,2,use,teach,99,99,99,,2,3,0,0,,133,"[{""word"": ""teach"", ""timed_overlap"": 2, ""column_overlap"": 3}, {""word"": ""Jumping"", ""timed_overlap"": 2, ""column_overlap"": 2}, {""word"": ""walked"", ""timed_overlap"": 2, ""column_overlap"": 2}, {""word"": ""peck"", ""timed_overlap"": 1, ""column_overlap"": 4}, {""word"": ""people"", ""timed_overlap"": 1, ""column_overlap"": 4}]",completed,91,10,63
500,320,proximal-replay,3,of,Miss,99,99,99,,2,3,0,0,,113,"[{""word"": ""Miss"", ""timed_overlap"": 2, ""column_overlap"": 3}, {""word"": ""Here"", ""timed_overlap"": 2, ""column_overlap"": 3}, {""word"": ""might"", ""timed_overlap"": 2, ""column_overlap"": 2}, {""word"": ""peeped"", ""timed_overlap"": 1, ""column_overlap"": 3}, {""word"": ""whither"", ""timed_overlap"": 1, ""column_overlap"": 3}]",completed,73,10,72
500,320,proximal-replay,4,spending,half,99,99,99,,2,4,0,0,,124,"[{""word"": ""half"", ""timed_overlap"": 2, ""column_overlap"": 4}, {""word"": ""tore"", ""timed_overlap"": 2, ""column_overlap"": 3}, {""word"": ""breakfast"", ""timed_overlap"": 2, ""column_overlap"": 2}, {""word"": ""--"", ""timed_overlap"": 2, ""column_overlap"": 2}, {""word"": ""?"", ""timed_overlap"": 1, ""column_overlap"": 5}]",completed,82,10,72
500,321,proximal-replay,1,time,sisters,100,100,100,,2,2,0,0,,93,"[{""word"": ""sisters"", ""timed_overlap"": 2, ""column_overlap"": 2}, {""word"": ""twilight"", ""timed_overlap"": 2, ""column_overlap"": 2}, {""word"": ""Dot"", ""timed_overlap"": 2, ""column_overlap"": 2}, {""word"": ""canvas"", ""timed_overlap"": 2, ""column_overlap"": 2}, {""word"": ""afraid"", ""timed_overlap"": 1, ""column_overlap"": 4}]",completed,91,10,72
500,321,proximal-replay,2,there,lovely,94,94,94,,2,3,0,0,,125,"[{""word"": ""lovely"", ""timed_overlap"": 2, ""column_overlap"": 3}, {""word"": ""waiting"", ""timed_overlap"": 2, ""column_overlap"": 3}, {""word"": ""throat"", ""timed_overlap"": 2, ""column_overlap"": 2}, {""word"": ""Davis"", ""timed_overlap"": 2, ""column_overlap"": 2}, {""word"": ""canvas"", ""timed_overlap"": 2, ""column_overlap"": 2}]",completed,82,10,72
500,321,proximal-replay,3,lived,mind,100,100,100,,1,3,0,0,,89,"[{""word"": ""mind"", ""timed_overlap"": 1, ""column_overlap"": 3}, {""word"": ""Sometimes"", ""timed_overlap"": 1, ""column_overlap"": 3}, {""word"": ""recommended"", ""timed_overlap"": 1, ""column_overlap"": 3}, {""word"": ""pine-fringed"", ""timed_overlap"": 1, ""column_overlap"": 3}, {""word"": ""room"", ""timed_overlap"": 1, ""column_overlap"": 3}]",completed,82,10,81
500,321,proximal-replay,4,a,finish,99,99,99,,2,3,1,1,106,146,"[{""word"": ""finish"", ""timed_overlap"": 2, ""column_overlap"": 3}, {""word"": ""Miss"", ""timed_overlap"": 2, ""column_overlap"": 2}, {""word"": ""dress"", ""timed_overlap"": 1, ""column_overlap"": 4}, {""word"": ""hour"", ""timed_overlap"": 1, ""column_overlap"": 4}, {""word"": ""bag"", ""timed_overlap"": 1, ""column_overlap"": 4}]",completed,91,10,72
500,322,proximal-replay,1,the,elder,99,99,99,,2,3,2,2,3,123,"[{""word"": ""elder"", ""timed_overlap"": 2, ""column_overlap"": 3}, {""word"": ""gallant"", ""timed_overlap"": 2, ""column_overlap"": 3}, {""word"": ""the"", ""timed_overlap"": 2, ""column_overlap"": 2}, {""word"": ""taken"", ""timed_overlap"": 1, ""column_overlap"": 3}, {""word"": ""bad"", ""timed_overlap"": 1, ""column_overlap"": 3}]",completed,73,10,54
500,322,proximal-replay,2,village,remembering,96,96,96,,2,2,2,2,2,131,"[{""word"": ""remembering"", ""timed_overlap"": 2, ""column_overlap"": 2}, {""word"": ""village"", ""timed_overlap"": 2, ""column_overlap"": 2}, {""word"": ""Good-bye"", ""timed_overlap"": 2, ""column_overlap"": 2}, {""word"": ""nice"", ""timed_overlap"": 1, ""column_overlap"": 4}, {""word"": ""-LRB-"", ""timed_overlap"": 1, ""column_overlap"": 4}]",completed,64,10,63
500,322,proximal-replay,3,",",later,100,100,100,,2,3,0,0,,108,"[{""word"": ""later"", ""timed_overlap"": 2, ""column_overlap"": 3}, {""word"": ""However"", ""timed_overlap"": 2, ""column_overlap"": 3}, {""word"": ""happened"", ""timed_overlap"": 2, ""column_overlap"": 2}, {""word"": ""mere"", ""timed_overlap"": 2, ""column_overlap"": 2}, {""word"": ""fire"", ""timed_overlap"": 2, ""column_overlap"": 2}]",completed,73,10,72
500,322,proximal-replay,4,married,tired,95,95,95,,2,2,0,0,,101,"[{""word"": ""tired"", ""timed_overlap"": 2, ""column_overlap"": 2}, {""word"": ""bright"", ""timed_overlap"": 2, ""column_overlap"": 2}, {""word"": ""Girl"", ""timed_overlap"": 1, ""column_overlap"": 3}, {""word"": ""dear"", ""timed_overlap"": 1, ""column_overlap"": 3}, {""word"": ""pile"", ""timed_overlap"": 1, ""column_overlap"": 3}]",completed,82,10,64
500,323,proximal-replay,1,it,he,100,100,100,,2,2,1,1,71,125,"[{""word"": ""he"", ""timed_overlap"": 2, ""column_overlap"": 2}, {""word"": ""''"", ""timed_overlap"": 2, ""column_overlap"": 2}, {""word"": ""inches"", ""timed_overlap"": 1, ""column_overlap"": 4}, {""word"": ""wind"", ""timed_overlap"": 1, ""column_overlap"": 4}, {""word"": ""those"", ""timed_overlap"": 1, ""column_overlap"": 4}]",completed,82,10,45
500,323,proximal-replay,2,'s,ogress,100,100,100,,2,3,0,0,,100,"[{""word"": ""ogress"", ""timed_overlap"": 2, ""column_overlap"": 3}, {""word"": ""reluctantly"", ""timed_overlap"": 2, ""column_overlap"": 3}, {""word"": ""Soon"", ""timed_overlap"": 2, ""column_overlap"": 2}, {""word"": ""o"", ""timed_overlap"": 2, ""column_overlap"": 2}, {""word"": ""was"", ""timed_overlap"": 2, ""column_overlap"": 2}]",completed,55,10,63
500,323,proximal-replay,3,fair,Jed,97,97,97,,3,5,0,0,,146,"[{""word"": ""Jed"", ""timed_overlap"": 3, ""column_overlap"": 5}, {""word"": ""wore"", ""timed_overlap"": 2, ""column_overlap"": 3}, {""word"": ""Just"", ""timed_overlap"": 2, ""column_overlap"": 3}, {""word"": ""bit"", ""timed_overlap"": 2, ""column_overlap"": 2}, {""word"": ""return"", ""timed_overlap"": 2, ""column_overlap"": 2}]",completed,73,10,54
500,323,proximal-replay,4,disrepitable,Cecily,95,95,95,,2,3,0,0,,112,"[{""word"": ""Cecily"", ""timed_overlap"": 2, ""column_overlap"": 3}, {""word"": ""lie"", ""timed_overlap"": 2, ""column_overlap"": 2}, {""word"": ""bag"", ""timed_overlap"": 2, ""column_overlap"": 2}, {""word"": ""must"", ""timed_overlap"": 2, ""column_overlap"": 2}, {""word"": ""hall"", ""timed_overlap"": 2, ""column_overlap"": 2}]",completed,64,10,65
500,324,proximal-replay,1,canvas,canvas,100,100,100,,3,4,3,4,1,149,"[{""word"": ""canvas"", ""timed_overlap"": 3, ""column_overlap"": 4}, {""word"": ""spending"", ""timed_overlap"": 2, ""column_overlap"": 4}, {""word"": ""given"", ""timed_overlap"": 2, ""column_overlap"": 3}, {""word"": ""Abraham"", ""timed_overlap"": 2, ""column_overlap"": 3}, {""word"": ""First"", ""timed_overlap"": 2, ""column_overlap"": 3}]",completed,82,10,63
500,324,proximal-replay,2,tents,HAS,97,97,97,,2,3,1,1,87,130,"[{""word"": ""HAS"", ""timed_overlap"": 2, ""column_overlap"": 3}, {""word"": ""Thereupon"", ""timed_overlap"": 2, ""column_overlap"": 3}, {""word"": ""thoughtfully"", ""timed_overlap"": 2, ""column_overlap"": 2}, {""word"": ""thrifty"", ""timed_overlap"": 2, ""column_overlap"": 2}, {""word"": ""likes"", ""timed_overlap"": 1, ""column_overlap"": 4}]",completed,73,10,54
500,324,proximal-replay,3,against,land,95,95,95,,3,3,0,0,,101,"[{""word"": ""land"", ""timed_overlap"": 3, ""column_overlap"": 3}, {""word"": ""seemed"", ""timed_overlap"": 2, ""column_overlap"": 3}, {""word"": ""longer"", ""timed_overlap"": 2, ""column_overlap"": 3}, {""word"": ""mother-bird"", ""timed_overlap"": 1, ""column_overlap"": 4}, {""word"": ""beautiful"", ""timed_overlap"": 1, ""column_overlap"": 3}]",completed,64,10,54
500,324,proximal-replay,4,green,Mr.,100,100,100,,2,3,0,0,,125,"[{""word"": ""Mr."", ""timed_overlap"": 2, ""column_overlap"": 3}, {""word"": ""Something"", ""timed_overlap"": 2, ""column_overlap"": 2}, {""word"": ""bared"", ""timed_overlap"": 2, ""column_overlap"": 2}, {""word"": ""mistress"", ""timed_overlap"": 2, ""column_overlap"": 2}, {""word"": ""lay"", ""timed_overlap"": 2, ""column_overlap"": 2}]",completed,64,10,72
500,325,proximal-replay,1,hotel,Sammy,100,100,100,,2,2,0,0,,109,"[{""word"": ""Sammy"", ""timed_overlap"": 2, ""column_overlap"": 2}, {""word"": ""Jem"", ""timed_overlap"": 2, ""column_overlap"": 2}, {""word"": ""hive"", ""timed_overlap"": 2, ""column_overlap"": 2}, {""word"": ""lest"", ""timed_overlap"": 1, ""column_overlap"": 4}, {""word"": ""say"", ""timed_overlap"": 1, ""column_overlap"": 3}]",completed,82,10,54
500,325,proximal-replay,2,Miss,withdrew,98,98,98,,2,3,0,0,,142,"[{""word"": ""withdrew"", ""timed_overlap"": 2, ""column_overlap"": 3}, {""word"": ""frog"", ""timed_overlap"": 2, ""column_overlap"": 3}, {""word"": ""afraid"", ""timed_overlap"": 2, ""column_overlap"": 3}, {""word"": ""sentence"", ""timed_overlap"": 2, ""column_overlap"": 3}, {""word"": ""Cecily"", ""timed_overlap"": 2, ""column_overlap"": 3}]",completed,64,10,72
500,325,proximal-replay,3,Trevor,now,100,100,100,,3,4,0,0,,118,"[{""word"": ""now"", ""timed_overlap"": 3, ""column_overlap"": 4}, {""word"": ""frozen"", ""timed_overlap"": 2, ""column_overlap"": 3}, {""word"": ""servants"", ""timed_overlap"": 2, ""column_overlap"": 2}, {""word"": ""highness"", ""timed_overlap"": 2, ""column_overlap"": 2}, {""word"": ""minister"", ""timed_overlap"": 1, ""column_overlap"": 4}]",completed,82,10,63
500,325,proximal-replay,4,remembered,wrote,95,95,95,,2,3,0,0,,140,"[{""word"": ""wrote"", ""timed_overlap"": 2, ""column_overlap"": 3}, {""word"": ""sword"", ""timed_overlap"": 2, ""column_overlap"": 3}, {""word"": ""bag"", ""timed_overlap"": 2, ""column_overlap"": 2}, {""word"": ""Aunt"", ""timed_overlap"": 1, ""column_overlap"": 4}, {""word"": ""worked"", ""timed_overlap"": 1, ""column_overlap"": 4}]",completed,73,10,72
500,326,proximal-replay,1,",",Aunt,100,100,100,,2,2,0,0,,120,"[{""word"": ""Aunt"", ""timed_overlap"": 2, ""column_overlap"": 2}, {""word"": ""gay"", ""timed_overlap"": 1, ""column_overlap"": 4}, {""word"": ""Alfin"", ""timed_overlap"": 1, ""column_overlap"": 4}, {""word"": ""Mrs."", ""timed_overlap"": 1, ""column_overlap"": 4}, {""word"": ""'"", ""timed_overlap"": 1, ""column_overlap"": 3}]",completed,82,10,63
500,326,proximal-replay,2,and,Susanna,100,100,100,,3,4,0,0,,113,"[{""word"": ""Susanna"", ""timed_overlap"": 3, ""column_overlap"": 4}, {""word"": ""thoughtfully"", ""timed_overlap"": 2, ""column_overlap"": 3}, {""word"": ""other"", ""timed_overlap"": 2, ""column_overlap"": 2}, {""word"": ""opening"", ""timed_overlap"": 2, ""column_overlap"": 2}, {""word"": ""witch"", ""timed_overlap"": 2, ""column_overlap"": 2}]",completed,73,10,45
500,326,proximal-replay,3,got,should,95,95,95,,4,5,0,0,,144,"[{""word"": ""should"", ""timed_overlap"": 4, ""column_overlap"": 5}, {""word"": ""talking"", ""timed_overlap"": 2, ""column_overlap"": 5}, {""word"": ""those"", ""timed_overlap"": 2, ""column_overlap"": 4}, {""word"": ""brave"", ""timed_overlap"": 2, ""column_overlap"": 3}, {""word"": ""Ginger"", ""timed_overlap"": 2, ""column_overlap"": 2}]",completed,55,10,54
500,326,proximal-replay,4,out,feel,100,100,100,,2,3,0,0,,122,"[{""word"": ""feel"", ""timed_overlap"": 2, ""column_overlap"": 3}, {""word"": ""Jimmy"", ""timed_overlap"": 2, ""column_overlap"": 3}, {""word"": ""One"", ""timed_overlap"": 2, ""column_overlap"": 2}, {""word"": ""Danny"", ""timed_overlap"": 2, ""column_overlap"": 2}, {""word"": ""tree"", ""timed_overlap"": 2, ""column_overlap"": 2}]",completed,64,10,54
500,327,proximal-replay,1,but,soon,100,100,100,,2,3,0,0,,85,"[{""word"": ""soon"", ""timed_overlap"": 2, ""column_overlap"": 3}, {""word"": ""drew"", ""timed_overlap"": 2, ""column_overlap"": 2}, {""word"": ""bought"", ""timed_overlap"": 1, ""column_overlap"": 4}, {""word"": ""exclaimed"", ""timed_overlap"": 1, ""column_overlap"": 3}, {""word"": ""XXIII"", ""timed_overlap"": 1, ""column_overlap"": 3}]",completed,82,10,63
500,327,proximal-replay,2,while,Ben,99,99,99,,3,3,0,0,,116,"[{""word"": ""Ben"", ""timed_overlap"": 3, ""column_overlap"": 3}, {""word"": ""snubbed"", ""timed_overlap"": 2, ""column_overlap"": 3}, {""word"": ""hall"", ""timed_overlap"": 2, ""column_overlap"": 2}, {""word"": ""wilt"", ""timed_overlap"": 2, ""column_overlap"": 2}, {""word"": ""shook"", ""timed_overlap"": 1, ""column_overlap"": 4}]",completed,73,10,63
500,327,proximal-replay,3,she,dropped,98,98,98,,2,4,0,0,,147,"[{""word"": ""dropped"", ""timed_overlap"": 2, ""column_overlap"": 4}, {""word"": ""frightened"", ""timed_overlap"": 2, ""column_overlap"": 2}, {""word"": ""Head"", ""timed_overlap"": 1, ""column_overlap"": 4}, {""word"": ""Twice"", ""timed_overlap"": 1, ""column_overlap"": 4}, {""word"": ""enchantress"", ""timed_overlap"": 1, ""column_overlap"": 4}]",completed,73,10,72
500,327,proximal-replay,4,was,morning,99,99,99,,2,3,0,0,,118,"[{""word"": ""morning"", ""timed_overlap"": 2, ""column_overlap"": 3}, {""word"": ""kerchief"", ""timed_overlap"": 2, ""column_overlap"": 3}, {""word"": ""impudent"", ""timed_overlap"": 2, ""column_overlap"": 2}, {""word"": ""most"", ""timed_overlap"": 2, ""column_overlap"": 2}, {""word"": ""around"", ""timed_overlap"": 1, ""column_overlap"": 4}]",completed,82,10,72
500,328,proximal-replay,1,recitations,gone,98,98,98,,3,3,0,0,,115,"[{""word"": ""gone"", ""timed_overlap"": 3, ""column_overlap"": 3}, {""word"": ""pay"", ""timed_overlap"": 2, ""column_overlap"": 3}, {""word"": ""chop"", ""timed_overlap"": 2, ""column_overlap"": 2}, {""word"": ""WATCH"", ""timed_overlap"": 2, ""column_overlap"": 2}, {""word"": ""late"", ""timed_overlap"": 1, ""column_overlap"": 4}]",completed,82,10,63
500,328,proximal-replay,2,in,planned,98,98,98,,2,3,0,0,,67,"[{""word"": ""planned"", ""timed_overlap"": 2, ""column_overlap"": 3}, {""word"": ""parents"", ""timed_overlap"": 1, ""column_overlap"": 3}, {""word"": ""beautifully"", ""timed_overlap"": 1, ""column_overlap"": 3}, {""word"": ""train"", ""timed_overlap"": 1, ""column_overlap"": 2}, {""word"": ""Meanwhile"", ""timed_overlap"": 1, ""column_overlap"": 2}]",completed,73,10,54
500,328,proximal-replay,3,the,delighted,94,94,94,,2,3,0,0,,141,"[{""word"": ""delighted"", ""timed_overlap"": 2, ""column_overlap"": 3}, {""word"": ""Davy"", ""timed_overlap"": 2, ""column_overlap"": 3}, {""word"": ""hear"", ""timed_overlap"": 2, ""column_overlap"": 3}, {""word"": ""disrepitable"", ""timed_overlap"": 2, ""column_overlap"": 3}, {""word"": ""pleased"", ""timed_overlap"": 2, ""column_overlap"": 2}]",completed,64,10,54
500,328,proximal-replay,4,garret,garret,99,99,99,,2,4,2,4,1,126,"[{""word"": ""garret"", ""timed_overlap"": 2, ""column_overlap"": 4}, {""word"": ""disagreeable"", ""timed_overlap"": 2, ""column_overlap"": 3}, {""word"": ""worked"", ""timed_overlap"": 2, ""column_overlap"": 2}, {""word"": ""Leslie"", ""timed_overlap"": 2, ""column_overlap"": 2}, {""word"": ""Because"", ""timed_overlap"": 2, ""column_overlap"": 2}]",completed,64,10,63
500,329,proximal-replay,1,I,glanced,99,99,99,,2,3,0,0,,114,"[{""word"": ""glanced"", ""timed_overlap"": 2, ""column_overlap"": 3}, {""word"": ""basket"", ""timed_overlap"": 2, ""column_overlap"": 2}, {""word"": ""Elizabeth"", ""timed_overlap"": 1, ""column_overlap"": 4}, {""word"": ""jewels"", ""timed_overlap"": 1, ""column_overlap"": 4}, {""word"": ""whitest"", ""timed_overlap"": 1, ""column_overlap"": 3}]",completed,91,10,63
500,329,proximal-replay,2,can,got,98,98,98,,2,5,0,0,,110,"[{""word"": ""got"", ""timed_overlap"": 2, ""column_overlap"": 5}, {""word"": ""nearly"", ""timed_overlap"": 2, ""column_overlap"": 3}, {""word"": ""Ismay"", ""timed_overlap"": 2, ""column_overlap"": 2}, {""word"": ""Lung"", ""timed_overlap"": 2, ""column_overlap"": 2}, {""word"": ""unexpected"", ""timed_overlap"": 1, ""column_overlap"": 4}]",completed,73,10,63
500,329,proximal-replay,3,do,marriage,99,99,99,,2,3,0,0,,139,"[{""word"": ""marriage"", ""timed_overlap"": 2, ""column_overlap"": 3}, {""word"": ""name"", ""timed_overlap"": 2, ""column_overlap"": 3}, {""word"": ""wiped"", ""timed_overlap"": 1, ""column_overlap"": 4}, {""word"": ""understand"", ""timed_overlap"": 1, ""column_overlap"": 4}, {""word"": ""bared"", ""timed_overlap"": 1, ""column_overlap"": 4}]",completed,73,10,63
500,329,proximal-replay,4,.,disagreeable,99,99,99,,2,3,0,0,,129,"[{""word"": ""disagreeable"", ""timed_overlap"": 2, ""column_overlap"": 3}, {""word"": ""besought"", ""timed_overlap"": 2, ""column_overlap"": 3}, {""word"": ""dragging"", ""timed_overlap"": 2, ""column_overlap"": 3}, {""word"": ""look"", ""timed_overlap"": 1, ""column_overlap"": 3}, {""word"": ""enough"", ""timed_overlap"": 1, ""column_overlap"": 3}]",completed,73,10,63
500,330,proximal-replay,1,of,mercy,96,96,96,,2,4,0,0,,99,"[{""word"": ""mercy"", ""timed_overlap"": 2, ""column_overlap"": 4}, {""word"": ""rock"", ""timed_overlap"": 2, ""column_overlap"": 3}, {""word"": ""make"", ""timed_overlap"": 2, ""column_overlap"": 2}, {""word"": ""lonesome"", ""timed_overlap"": 2, ""column_overlap"": 2}, {""word"": ""apart"", ""timed_overlap"": 2, ""column_overlap"": 2}]",completed,82,10,74
500,330,proximal-replay,2,it,appeared,93,93,93,,2,3,0,0,,117,"[{""word"": ""appeared"", ""timed_overlap"": 2, ""column_overlap"": 3}, {""word"": ""Reddy"", ""timed_overlap"": 2, ""column_overlap"": 3}, {""word"": ""Arts"", ""timed_overlap"": 2, ""column_overlap"": 2}, {""word"": ""XV"", ""timed_overlap"": 2, ""column_overlap"": 2}, {""word"": ""to"", ""timed_overlap"": 2, ""column_overlap"": 2}]",completed,82,10,74
500,330,proximal-replay,3,?,-LCB-,98,98,98,,2,2,0,0,,113,"[{""word"": ""-LCB-"", ""timed_overlap"": 2, ""column_overlap"": 2}, {""word"": ""harmless"", ""timed_overlap"": 2, ""column_overlap"": 2}, {""word"": ""quite"", ""timed_overlap"": 1, ""column_overlap"": 4}, {""word"": ""astray"", ""timed_overlap"": 1, ""column_overlap"": 4}, {""word"": ""taking"", ""timed_overlap"": 1, ""column_overlap"": 3}]",completed,82,10,72
500,330,proximal-replay,4,'',Sue,100,100,100,,2,4,0,0,,136,"[{""word"": ""Sue"", ""timed_overlap"": 2, ""column_overlap"": 4}, {""word"": ""Sir"", ""timed_overlap"": 2, ""column_overlap"": 4}, {""word"": ""!"", ""timed_overlap"": 2, ""column_overlap"": 3}, {""word"": ""week"", ""timed_overlap"": 2, ""column_overlap"": 3}, {""word"": ""sprang"", ""timed_overlap"": 2, ""column_overlap"": 3}]",completed,82,10,72
500,331,proximal-replay,1,strokes,gallant,100,100,100,,2,3,1,1,74,112,"[{""word"": ""gallant"", ""timed_overlap"": 2, ""column_overlap"": 3}, {""word"": ""head"", ""timed_overlap"": 1, ""column_overlap"": 3}, {""word"": ""finish"", ""timed_overlap"": 1, ""column_overlap"": 3}, {""word"": ""Meadow"", ""timed_overlap"": 1, ""column_overlap"": 3}, {""word"": ""added"", ""timed_overlap"": 1, ""column_overlap"": 3}]",completed,100,10,63
500,331,proximal-replay,2,",",leafy,99,99,99,,2,3,0,0,,148,"[{""word"": ""leafy"", ""timed_overlap"": 2, ""column_overlap"": 3}, {""word"": ""remembered"", ""timed_overlap"": 2, ""column_overlap"": 3}, {""word"": ""Apollo"", ""timed_overlap"": 2, ""column_overlap"": 3}, {""word"": ""rat"", ""timed_overlap"": 2, ""column_overlap"": 2}, {""word"": ""Pretty"", ""timed_overlap"": 1, ""column_overlap"": 4}]",completed,73,10,63
500,331,proximal-replay,3,and,stand,99,99,99,,2,2,1,1,44,81,"[{""word"": ""stand"", ""timed_overlap"": 2, ""column_overlap"": 2}, {""word"": ""Because"", ""timed_overlap"": 2, ""column_overlap"": 2}, {""word"": ""or"", ""timed_overlap"": 2, ""column_overlap"": 2}, {""word"": ""many"", ""timed_overlap"": 1, ""column_overlap"": 3}, {""word"": ""writing"", ""timed_overlap"": 1, ""column_overlap"": 2}]",completed,73,10,54
500,331,proximal-replay,4,only,feet,99,99,99,,2,2,0,0,,100,"[{""word"": ""feet"", ""timed_overlap"": 2, ""column_overlap"": 2}, {""word"": ""audacity"", ""timed_overlap"": 1, ""column_overlap"": 4}, {""word"": ""ruther"", ""timed_overlap"": 1, ""column_overlap"": 4}, {""word"": ""hate"", ""timed_overlap"": 1, ""column_overlap"": 4}, {""word"": ""awake"", ""timed_overlap"": 1, ""column_overlap"": 3}]",completed,64,10,72
500,332,proximal-replay,1,Alan,alarm,100,100,100,,2,3,0,0,,98,"[{""word"": ""alarm"", ""timed_overlap"": 2, ""column_overlap"": 3}, {""word"": ""herring"", ""timed_overlap"": 2, ""column_overlap"": 2}, {""word"": ""inches"", ""timed_overlap"": 2, ""column_overlap"": 2}, {""word"": ""Folk"", ""timed_overlap"": 2, ""column_overlap"": 2}, {""word"": ""servants"", ""timed_overlap"": 1, ""column_overlap"": 4}]",completed,91,10,72
500,332,proximal-replay,2,had,drunk,100,100,100,,2,2,0,0,,107,"[{""word"": ""drunk"", ""timed_overlap"": 2, ""column_overlap"": 2}, {""word"": ""turns"", ""timed_overlap"": 1, ""column_overlap"": 4}, {""word"": ""scoop"", ""timed_overlap"": 1, ""column_overlap"": 4}, {""word"": ""towards"", ""timed_overlap"": 1, ""column_overlap"": 4}, {""word"": ""Lapsing"", ""timed_overlap"": 1, ""column_overlap"": 3}]",completed,82,10,63
500,332,proximal-replay,3,laid,even,99,99,99,,2,3,0,0,,113,"[{""word"": ""even"", ""timed_overlap"": 2, ""column_overlap"": 3}, {""word"": ""calmly"", ""timed_overlap"": 2, ""column_overlap"": 2}, {""word"": ""waiting"", ""timed_overlap"": 2, ""column_overlap"": 2}, {""word"": ""tickled"", ""timed_overlap"": 2, ""column_overlap"": 2}, {""word"": ""Williamson"", ""timed_overlap"": 2, ""column_overlap"": 2}]",completed,73,10,72
500,332,proximal-replay,4,the,bewildered,98,98,98,,2,3,0,0,,135,"[{""word"": ""bewildered"", ""timed_overlap"": 2, ""column_overlap"": 3}, {""word"": ""already"", ""timed_overlap"": 2, ""column_overlap"": 3}, {""word"": ""At"", ""timed_overlap"": 2, ""column_overlap"": 2}, {""word"": ""Every"", ""timed_overlap"": 2, ""column_overlap"": 2}, {""word"": ""Bozzaris"", ""timed_overlap"": 1, ""column_overlap"": 4}]",completed,82,10,55
500,333,proximal-replay,1,him,disagreeable,98,98,98,,2,5,1,2,33,121,"[{""word"": ""disagreeable"", ""timed_overlap"": 2, ""column_overlap"": 5}, {""word"": ""confessed"", ""timed_overlap"": 2, ""column_overlap"": 4}, {""word"": ""Lucinda"", ""timed_overlap"": 2, ""column_overlap"": 2}, {""word"": ""canvas"", ""timed_overlap"": 2, ""column_overlap"": 2}, {""word"": ""lads"", ""timed_overlap"": 2, ""column_overlap"": 2}]",completed,91,10,64
500,333,proximal-replay,2,",",o,96,96,96,,2,4,0,0,,141,"[{""word"": ""o"", ""timed_overlap"": 2, ""column_overlap"": 4}, {""word"": ""remarked"", ""timed_overlap"": 2, ""column_overlap"": 3}, {""word"": ""Jo"", ""timed_overlap"": 2, ""column_overlap"": 3}, {""word"": ""beckoned"", ""timed_overlap"": 2, ""column_overlap"": 2}, {""word"": ""Pekoe"", ""timed_overlap"": 1, ""column_overlap"": 4}]",completed,73,10,54
500,333,proximal-replay,3,well,Faith,94,94,94,,2,2,1,1,76,133,"[{""word"": ""Faith"", ""timed_overlap"": 2, ""column_overlap"": 2}, {""word"": ""nurse"", ""timed_overlap"": 2, ""column_overlap"": 2}, {""word"": ""had"", ""timed_overlap"": 2, ""column_overlap"": 2}, {""word"": ""saddle"", ""timed_overlap"": 2, ""column_overlap"": 2}, {""word"": ""angrily"", ""timed_overlap"": 2, ""column_overlap"": 2}]",completed,64,10,73
500,333,proximal-replay,4,pleased,one,99,99,99,,2,2,0,0,,131,"[{""word"": ""one"", ""timed_overlap"": 2, ""column_overlap"": 2}, {""word"": ""lovely"", ""timed_overlap"": 2, ""column_overlap"": 2}, {""word"": ""rat"", ""timed_overlap"": 1, ""column_overlap"": 4}, {""word"": ""teeth"", ""timed_overlap"": 1, ""column_overlap"": 3}, {""word"": ""We"", ""timed_overlap"": 1, ""column_overlap"": 3}]",completed,82,10,55
500,334,proximal-replay,1,him,challenge,100,100,100,,3,3,1,1,88,127,"[{""word"": ""challenge"", ""timed_overlap"": 3, ""column_overlap"": 3}, {""word"": ""pen"", ""timed_overlap"": 2, ""column_overlap"": 3}, {""word"": ""Isabel"", ""timed_overlap"": 2, ""column_overlap"": 2}, {""word"": ""indeed"", ""timed_overlap"": 2, ""column_overlap"": 2}, {""word"": ""tore"", ""timed_overlap"": 1, ""column_overlap"": 3}]",completed,91,10,54
500,334,proximal-replay,2,he,Each,95,95,95,,2,3,0,0,,122,"[{""word"": ""Each"", ""timed_overlap"": 2, ""column_overlap"": 3}, {""word"": ""Marilla"", ""timed_overlap"": 2, ""column_overlap"": 3}, {""word"": ""Once"", ""timed_overlap"": 2, ""column_overlap"": 2}, {""word"": ""servant"", ""timed_overlap"": 2, ""column_overlap"": 2}, {""word"": ""Like"", ""timed_overlap"": 2, ""column_overlap"": 2}]",completed,64,10,54
500,334,proximal-replay,3,should,haunting,98,98,98,,3,3,0,0,,128,"[{""word"": ""haunting"", ""timed_overlap"": 3, ""column_overlap"": 3}, {""word"": ""-LSB-"", ""timed_overlap"": 2, ""column_overlap"": 4}, {""word"": ""around"", ""timed_overlap"": 2, ""column_overlap"": 3}, {""word"": ""monotonous"", ""timed_overlap"": 2, ""column_overlap"": 3}, {""word"": ""Bill"", ""timed_overlap"": 2, ""column_overlap"": 2}]",completed,64,10,63
500,334,proximal-replay,4,marry,spur,93,93,93,,2,6,0,0,,126,"[{""word"": ""spur"", ""timed_overlap"": 2, ""column_overlap"": 6}, {""word"": ""your"", ""timed_overlap"": 2, ""column_overlap"": 3}, {""word"": ""AND"", ""timed_overlap"": 2, ""column_overlap"": 2}, {""word"": ""about"", ""timed_overlap"": 2, ""column_overlap"": 2}, {""word"": ""upon"", ""timed_overlap"": 2, ""column_overlap"": 2}]",completed,73,10,63
500,335,proximal-replay,1,",",timid,99,99,99,,2,3,0,0,,152,"[{""word"": ""timid"", ""timed_overlap"": 2, ""column_overlap"": 3}, {""word"": ""besought"", ""timed_overlap"": 2, ""column_overlap"": 3}, {""word"": ""sometimes"", ""timed_overlap"": 2, ""column_overlap"": 3}, {""word"": ""brave"", ""timed_overlap"": 2, ""column_overlap"": 3}, {""word"": ""dragon"", ""timed_overlap"": 2, ""column_overlap"": 2}]",completed,73,10,63
500,335,proximal-replay,2,and,Robert,100,100,100,,2,4,0,0,,111,"[{""word"": ""Robert"", ""timed_overlap"": 2, ""column_overlap"": 4}, {""word"": ""Kenneth"", ""timed_overlap"": 2, ""column_overlap"": 3}, {""word"": ""wore"", ""timed_overlap"": 2, ""column_overlap"": 3}, {""word"": ""then"", ""timed_overlap"": 2, ""column_overlap"": 2}, {""word"": ""guess"", ""timed_overlap"": 2, ""column_overlap"": 2}]",completed,73,10,72
500,335,proximal-replay,3,one,eyes,98,98,98,,2,3,0,0,,88,"[{""word"": ""eyes"", ""timed_overlap"": 2, ""column_overlap"": 3}, {""word"": ""will"", ""timed_overlap"": 2, ""column_overlap"": 3}, {""word"": ""Messua"", ""timed_overlap"": 2, ""column_overlap"": 2}, {""word"": ""what"", ""timed_overlap"": 1, ""column_overlap"": 4}, {""word"": ""Arts"", ""timed_overlap"": 1, ""column_overlap"": 4}]",completed,82,10,72
500,335,proximal-replay,4,day,swears,100,100,100,,2,3,1,2,39,114,"[{""word"": ""swears"", ""timed_overlap"": 2, ""column_overlap"": 3}, {""word"": ""more"", ""timed_overlap"": 2, ""column_overlap"": 2}, {""word"": ""must"", ""timed_overlap"": 2, ""column_overlap"": 2}, {""word"": ""chatter"", ""timed_overlap"": 1, ""column_overlap"": 4}, {""word"": ""green"", ""timed_overlap"": 1, ""column_overlap"": 3}]",completed,82,10,63
500,336,proximal-replay,1,line,our,97,97,97,,2,4,0,0,,147,"[{""word"": ""our"", ""timed_overlap"": 2, ""column_overlap"": 4}, {""word"": ""you"", ""timed_overlap"": 2, ""column_overlap"": 3}, {""word"": ""Once"", ""timed_overlap"": 2, ""column_overlap"": 2}, {""word"": ""distance"", ""timed_overlap"": 2, ""column_overlap"": 2}, {""word"": ""forget"", ""timed_overlap"": 2, ""column_overlap"": 2}]",completed,64,10,63
500,336,proximal-replay,2,moving,nurse,97,97,97,,2,3,0,0,,85,"[{""word"": ""nurse"", ""timed_overlap"": 2, ""column_overlap"": 3}, {""word"": ""Jimmy"", ""timed_overlap"": 2, ""column_overlap"": 2}, {""word"": ""take"", ""timed_overlap"": 2, ""column_overlap"": 2}, {""word"": ""drawing"", ""timed_overlap"": 2, ""column_overlap"": 2}, {""word"": ""Because"", ""timed_overlap"": 2, ""column_overlap"": 2}]",completed,73,10,63
500,336,proximal-replay,3,towards,round,99,99,99,,2,2,0,0,,102,"[{""word"": ""round"", ""timed_overlap"": 2, ""column_overlap"": 2}, {""word"": ""its"", ""timed_overlap"": 1, ""column_overlap"": 5}, {""word"": ""Glen"", ""timed_overlap"": 1, ""column_overlap"": 3}, {""word"": ""disagreeable"", ""timed_overlap"": 1, ""column_overlap"": 3}, {""word"": ""bearing"", ""timed_overlap"": 1, ""column_overlap"": 3}]",completed,73,10,63
500,336,proximal-replay,4,them,hopelessly,97,97,97,,2,3,0,0,,109,"[{""word"": ""hopelessly"", ""timed_overlap"": 2, ""column_overlap"": 3}, {""word"": ""All"", ""timed_overlap"": 2, ""column_overlap"": 3}, {""word"": ""Carrots"", ""timed_overlap"": 2, ""column_overlap"": 2}, {""word"": ""against"", ""timed_overlap"": 2, ""column_overlap"": 2}, {""word"": ""Herr"", ""timed_overlap"": 1, ""column_overlap"": 4}]",completed,73,10,72
500,337,proximal-replay,1,avowed,said,99,99,99,,3,3,0,0,,95,"[{""word"": ""said"", ""timed_overlap"": 3, ""column_overlap"": 3}, {""word"": ""Sometimes"", ""timed_overlap"": 2, ""column_overlap"": 3}, {""word"": ""bust"", ""timed_overlap"": 2, ""column_overlap"": 3}, {""word"": ""Matthew"", ""timed_overlap"": 2, ""column_overlap"": 2}, {""word"": ""underneath"", ""timed_overlap"": 1, ""column_overlap"": 3}]",completed,64,10,63
500,337,proximal-replay,2,Davy,somehow,100,100,100,,2,3,0,0,,95,"[{""word"": ""somehow"", ""timed_overlap"": 2, ""column_overlap"": 3}, {""word"": ""tittered"", ""timed_overlap"": 1, ""column_overlap"": 3}, {""word"": ""wilt"", ""timed_overlap"": 1, ""column_overlap"": 3}, {""word"": ""mature"", ""timed_overlap"": 1, ""column_overlap"": 3}, {""word"": ""reigned"", ""timed_overlap"": 1, ""column_overlap"": 3}]",completed,73,10,54
500,337,proximal-replay,3,solemnly,platform,96,96,96,,2,4,0,0,,118,"[{""word"": ""platform"", ""timed_overlap"": 2, ""column_overlap"": 4}, {""word"": ""Fellow"", ""timed_overlap"": 2, ""column_overlap"": 2}, {""word"": ""Clow"", ""timed_overlap"": 2, ""column_overlap"": 2}, {""word"": ""lads"", ""timed_overlap"": 1, ""column_overlap"": 5}, {""word"": ""carriage"", ""timed_overlap"": 1, ""column_overlap"": 5}]",completed,64,10,72
500,337,proximal-replay,4,.,frog,100,100,100,,2,3,0,0,,156,"[{""word"": ""frog"", ""timed_overlap"": 2, ""column_overlap"": 3}, {""word"": ""whitest"", ""timed_overlap"": 2, ""column_overlap"": 3}, {""word"": ""boy"", ""timed_overlap"": 2, ""column_overlap"": 3}, {""word"": ""grass"", ""timed_overlap"": 2, ""column_overlap"": 2}, {""word"": ""Sara"", ""timed_overlap"": 2, ""column_overlap"": 2}]",completed,82,10,45
500,338,proximal-replay,1,the,garret,100,100,100,,2,4,1,1,103,123,"[{""word"": ""garret"", ""timed_overlap"": 2, ""column_overlap"": 4}, {""word"": ""even"", ""timed_overlap"": 2, ""column_overlap"": 3}, {""word"": ""disagreeable"", ""timed_overlap"": 2, ""column_overlap"": 2}, {""word"": ""you"", ""timed_overlap"": 2, ""column_overlap"": 2}, {""word"": ""look"", ""timed_overlap"": 2, ""column_overlap"": 2}]",completed,82,10,63
500,338,proximal-replay,2,dark,with,99,99,99,,2,4,0,0,,127,"[{""word"": ""with"", ""timed_overlap"": 2, ""column_overlap"": 4}, {""word"": ""Elizabeth"", ""timed_overlap"": 2, ""column_overlap"": 4}, {""word"": ""marry"", ""timed_overlap"": 2, ""column_overlap"": 3}, {""word"": ""new"", ""timed_overlap"": 2, ""column_overlap"": 3}, {""word"": ""ruther"", ""timed_overlap"": 2, ""column_overlap"": 3}]",completed,73,10,72
500,338,proximal-replay,3,woods,wandered,97,97,97,,2,4,0,0,,118,"[{""word"": ""wandered"", ""timed_overlap"": 2, ""column_overlap"": 4}, {""word"": ""did"", ""timed_overlap"": 2, ""column_overlap"": 3}, {""word"": ""Hippocrates"", ""timed_overlap"": 2, ""column_overlap"": 2}, {""word"": ""never"", ""timed_overlap"": 2, ""column_overlap"": 2}, {""word"": ""belt"", ""timed_overlap"": 2, ""column_overlap"": 2}]",completed,82,10,73
500,338,proximal-replay,4,",",Tumultuous,100,100,100,,3,4,0,0,,135,"[{""word"": ""Tumultuous"", ""timed_overlap"": 3, ""column_overlap"": 4}, {""word"": ""Mary"", ""timed_overlap"": 2, ""column_overlap"": 3}, {""word"": ""with"", ""timed_overlap"": 2, ""column_overlap"": 3}, {""word"": ""return"", ""timed_overlap"": 2, ""column_overlap"": 2}, {""word"": ""passed"", ""timed_overlap"": 2, ""column_overlap"": 2}]",completed,82,10,63
500,339,proximal-replay,1,but,'',100,100,100,,2,2,0,0,,121,"[{""word"": ""''"", ""timed_overlap"": 2, ""column_overlap"": 2}, {""word"": ""he"", ""timed_overlap"": 2, ""column_overlap"": 2}, {""word"": ""inches"", ""timed_overlap"": 1, ""column_overlap"": 4}, {""word"": ""those"", ""timed_overlap"": 1, ""column_overlap"": 4}, {""word"": ""God"", ""timed_overlap"": 1, ""column_overlap"": 3}]",completed,91,10,54
500,339,proximal-replay,2,he,said,99,99,99,,3,3,0,0,,95,"[{""word"": ""said"", ""timed_overlap"": 3, ""column_overlap"": 3}, {""word"": ""bust"", ""timed_overlap"": 2, ""column_overlap"": 3}, {""word"": ""Sometimes"", ""timed_overlap"": 2, ""column_overlap"": 3}, {""word"": ""Matthew"", ""timed_overlap"": 2, ""column_overlap"": 2}, {""word"": ""king"", ""timed_overlap"": 1, ""column_overlap"": 3}]",completed,64,10,63
500,339,proximal-replay,3,was,somehow,100,100,100,,2,3,1,1,47,95,"[{""word"": ""somehow"", ""timed_overlap"": 2, ""column_overlap"": 3}, {""word"": ""mature"", ""timed_overlap"": 1, ""column_overlap"": 3}, {""word"": ""wilt"", ""timed_overlap"": 1, ""column_overlap"": 3}, {""word"": ""reigned"", ""timed_overlap"": 1, ""column_overlap"": 3}, {""word"": ""tittered"", ""timed_overlap"": 1, ""column_overlap"": 3}]",completed,73,10,54
500,339,proximal-replay,4,not,platform,96,96,96,,2,4,0,0,,118,"[{""word"": ""platform"", ""timed_overlap"": 2, ""column_overlap"": 4}, {""word"": ""Clow"", ""timed_overlap"": 2, ""column_overlap"": 2}, {""word"": ""Fellow"", ""timed_overlap"": 2, ""column_overlap"": 2}, {""word"": ""lads"", ""timed_overlap"": 1, ""column_overlap"": 5}, {""word"": ""carriage"", ""timed_overlap"": 1, ""column_overlap"": 5}]",completed,64,10,72
500,340,proximal-replay,1,n't,sisters,100,100,100,,2,3,0,0,,87,"[{""word"": ""sisters"", ""timed_overlap"": 2, ""column_overlap"": 3}, {""word"": ""heard"", ""timed_overlap"": 2, ""column_overlap"": 3}, {""word"": ""Gilbert"", ""timed_overlap"": 2, ""column_overlap"": 3}, {""word"": ""Oh"", ""timed_overlap"": 1, ""column_overlap"": 3}, {""word"": ""Pekoe"", ""timed_overlap"": 1, ""column_overlap"": 3}]",completed,82,10,45
500,340,proximal-replay,2,understand,poured,81,81,81,,3,4,0,0,,150,"[{""word"": ""poured"", ""timed_overlap"": 3, ""column_overlap"": 4}, {""word"": ""Prince"", ""timed_overlap"": 2, ""column_overlap"": 4}, {""word"": ""anxious"", ""timed_overlap"": 2, ""column_overlap"": 3}, {""word"": ""fireworks"", ""timed_overlap"": 2, ""column_overlap"": 3}, {""word"": ""break"", ""timed_overlap"": 2, ""column_overlap"": 3}]",completed,55,10,55
500,340,proximal-replay,3,",",tailing,97,97,97,,3,4,0,0,,139,"[{""word"": ""tailing"", ""timed_overlap"": 3, ""column_overlap"": 4}, {""word"": ""more"", ""timed_overlap"": 2, ""column_overlap"": 4}, {""word"": ""could"", ""timed_overlap"": 2, ""column_overlap"": 3}, {""word"": ""heated"", ""timed_overlap"": 2, ""column_overlap"": 3}, {""word"": ""Sooty"", ""timed_overlap"": 2, ""column_overlap"": 3}]",completed,64,10,63
500,340,proximal-replay,4,'',lump,100,100,100,,2,3,0,0,,116,"[{""word"": ""lump"", ""timed_overlap"": 2, ""column_overlap"": 3}, {""word"": ""check"", ""timed_overlap"": 2, ""column_overlap"": 2}, {""word"": ""concluded"", ""timed_overlap"": 2, ""column_overlap"": 2}, {""word"": ""thousand"", ""timed_overlap"": 1, ""column_overlap"": 4}, {""word"": ""able"", ""timed_overlap"": 1, ""column_overlap"": 3}]",completed,73,10,72
500,341,proximal-replay,1,and,'',100,100,100,,2,2,1,2,16,121,"[{""word"": ""''"", ""timed_overlap"": 2, ""column_overlap"": 2}, {""word"": ""he"", ""timed_overlap"": 2, ""column_overlap"": 2}, {""word"": ""those"", ""timed_overlap"": 1, ""column_overlap"": 4}, {""word"": ""inches"", ""timed_overlap"": 1, ""column_overlap"": 4}, {""word"": ""wind"", ""timed_overlap"": 1, ""column_overlap"": 3}]",completed,91,10,54
500,341,proximal-replay,2,I,said,99,99,99,,3,3,0,0,,95,"[{""word"": ""said"", ""timed_overlap"": 3, ""column_overlap"": 3}, {""word"": ""bust"", ""timed_overlap"": 2, ""column_overlap"": 3}, {""word"": ""Sometimes"", ""timed_overlap"": 2, ""column_overlap"": 3}, {""word"": ""Matthew"", ""timed_overlap"": 2, ""column_overlap"": 2}, {""word"": ""king"", ""timed_overlap"": 1, ""column_overlap"": 3}]",completed,64,10,63
500,341,proximal-replay,3,'m,somehow,100,100,100,,2,3,0,0,,95,"[{""word"": ""somehow"", ""timed_overlap"": 2, ""column_overlap"": 3}, {""word"": ""wilt"", ""timed_overlap"": 1, ""column_overlap"": 3}, {""word"": ""reigned"", ""timed_overlap"": 1, ""column_overlap"": 3}, {""word"": ""mature"", ""timed_overlap"": 1, ""column_overlap"": 3}, {""word"": ""tittered"", ""timed_overlap"": 1, ""column_overlap"": 3}]",completed,73,10,54
500,341,proximal-replay,4,glad,platform,96,96,96,,2,4,0,0,,118,"[{""word"": ""platform"", ""timed_overlap"": 2, ""column_overlap"": 4}, {""word"": ""Fellow"", ""timed_overlap"": 2, ""column_overlap"": 2}, {""word"": ""Clow"", ""timed_overlap"": 2, ""column_overlap"": 2}, {""word"": ""lads"", ""timed_overlap"": 1, ""column_overlap"": 5}, {""word"": ""carriage"", ""timed_overlap"": 1, ""column_overlap"": 5}]",completed,64,10,72
500,342,proximal-replay,1,hopes,Folk,100,100,100,,2,2,0,0,,106,"[{""word"": ""Folk"", ""timed_overlap"": 2, ""column_overlap"": 2}, {""word"": ""gallant"", ""timed_overlap"": 2, ""column_overlap"": 2}, {""word"": ""indeed"", ""timed_overlap"": 2, ""column_overlap"": 2}, {""word"": ""Search"", ""timed_overlap"": 2, ""column_overlap"": 2}, {""word"": ""Presently"", ""timed_overlap"": 2, ""column_overlap"": 2}]",completed,100,10,72
500,342,proximal-replay,2,she,hopes,99,99,99,,2,3,0,0,,100,"[{""word"": ""hopes"", ""timed_overlap"": 2, ""column_overlap"": 3}, {""word"": ""'ve"", ""timed_overlap"": 2, ""column_overlap"": 2}, {""word"": ""Ideal"", ""timed_overlap"": 2, ""column_overlap"": 2}, {""word"": ""Happy"", ""timed_overlap"": 2, ""column_overlap"": 2}, {""word"": ""certainly"", ""timed_overlap"": 2, ""column_overlap"": 2}]",completed,82,10,72
500,342,proximal-replay,3,once,added,100,100,100,,1,4,0,0,,109,"[{""word"": ""added"", ""timed_overlap"": 1, ""column_overlap"": 4}, {""word"": ""Amy"", ""timed_overlap"": 1, ""column_overlap"": 3}, {""word"": ""a"", ""timed_overlap"": 1, ""column_overlap"": 3}, {""word"": ""Everybody"", ""timed_overlap"": 1, ""column_overlap"": 3}, {""word"": ""behind"", ""timed_overlap"": 1, ""column_overlap"": 3}]",completed,82,10,63
500,342,proximal-replay,4,had,humanity,98,98,98,,2,3,0,0,,132,"[{""word"": ""humanity"", ""timed_overlap"": 2, ""column_overlap"": 3}, {""word"": ""dear"", ""timed_overlap"": 2, ""column_overlap"": 3}, {""word"": ""motives"", ""timed_overlap"": 2, ""column_overlap"": 3}, {""word"": ""ordered"", ""timed_overlap"": 2, ""column_overlap"": 2}, {""word"": ""Behind"", ""timed_overlap"": 2, ""column_overlap"": 2}]",completed,73,10,73
500,343,proximal-replay,1,detest,sultan,96,96,96,,2,4,0,0,,143,"[{""word"": ""sultan"", ""timed_overlap"": 2, ""column_overlap"": 4}, {""word"": ""Every"", ""timed_overlap"": 2, ""column_overlap"": 3}, {""word"": ""without"", ""timed_overlap"": 2, ""column_overlap"": 2}, {""word"": ""voice"", ""timed_overlap"": 2, ""column_overlap"": 2}, {""word"": ""avowed"", ""timed_overlap"": 2, ""column_overlap"": 2}]",completed,100,10,72
500,343,proximal-replay,2,cats,When,96,96,96,,2,2,0,0,,114,"[{""word"": ""When"", ""timed_overlap"": 2, ""column_overlap"": 2}, {""word"": ""Lung"", ""timed_overlap"": 2, ""column_overlap"": 2}, {""word"": ""happily"", ""timed_overlap"": 2, ""column_overlap"": 2}, {""word"": ""walls"", ""timed_overlap"": 2, ""column_overlap"": 2}, {""word"": ""From"", ""timed_overlap"": 1, ""column_overlap"": 4}]",completed,82,10,63
500,343,proximal-replay,3,;,until,94,94,94,,2,5,0,0,,134,"[{""word"": ""until"", ""timed_overlap"": 2, ""column_overlap"": 5}, {""word"": ""Square"", ""timed_overlap"": 2, ""column_overlap"": 3}, {""word"": ""every"", ""timed_overlap"": 2, ""column_overlap"": 2}, {""word"": ""Put"", ""timed_overlap"": 2, ""column_overlap"": 2}, {""word"": ""Cecily"", ""timed_overlap"": 2, ""column_overlap"": 2}]",completed,73,10,63
500,343,proximal-replay,4,Ismay,state,100,100,100,,2,3,1,3,12,111,"[{""word"": ""state"", ""timed_overlap"": 2, ""column_overlap"": 3}, {""word"": ""wheeled"", ""timed_overlap"": 2, ""column_overlap"": 3}, {""word"": ""keep"", ""timed_overlap"": 2, ""column_overlap"": 2}, {""word"": ""Good-bye"", ""timed_overlap"": 2, ""column_overlap"": 2}, {""word"": ""worse"", ""timed_overlap"": 2, ""column_overlap"": 2}]",completed,73,10,63
500,344,proximal-replay,1,",",Queen,99,99,99,,1,3,0,0,,70,"[{""word"": ""Queen"", ""timed_overlap"": 1, ""column_overlap"": 3}, {""word"": ""terrible"", ""timed_overlap"": 1, ""column_overlap"": 3}, {""word"": ""put"", ""timed_overlap"": 1, ""column_overlap"": 3}, {""word"": ""departs"", ""timed_overlap"": 1, ""column_overlap"": 3}, {""word"": ""gallant"", ""timed_overlap"": 1, ""column_overlap"": 2}]",completed,100,10,63
500,344,proximal-replay,2,for,mair,100,100,100,,2,4,0,0,,95,"[{""word"": ""mair"", ""timed_overlap"": 2, ""column_overlap"": 4}, {""word"": ""birthday"", ""timed_overlap"": 2, ""column_overlap"": 3}, {""word"": ""wind"", ""timed_overlap"": 1, ""column_overlap"": 4}, {""word"": ""Anne"", ""timed_overlap"": 1, ""column_overlap"": 3}, {""word"": ""promise"", ""timed_overlap"": 1, ""column_overlap"": 3}]",completed,73,10,63
500,344,proximal-replay,3,Hugh,what,90,90,90,,2,4,0,0,,129,"[{""word"": ""what"", ""timed_overlap"": 2, ""column_overlap"": 4}, {""word"": ""never"", ""timed_overlap"": 2, ""column_overlap"": 4}, {""word"": ""exactly"", ""timed_overlap"": 2, ""column_overlap"": 3}, {""word"": ""poured"", ""timed_overlap"": 2, ""column_overlap"": 3}, {""word"": ""him"", ""timed_overlap"": 2, ""column_overlap"": 3}]",completed,73,10,72
500,344,proximal-replay,4,had,Blythe,99,99,99,,2,3,0,0,,111,"[{""word"": ""Blythe"", ""timed_overlap"": 2, ""column_overlap"": 3}, {""word"": ""agreement"", ""timed_overlap"": 2, ""column_overlap"": 3}, {""word"": ""woods"", ""timed_overlap"": 2, ""column_overlap"": 2}, {""word"": ""how"", ""timed_overlap"": 2, ""column_overlap"": 2}, {""word"": ""o"", ""timed_overlap"": 1, ""column_overlap"": 4}]",completed,82,10,54
500,345,proximal-replay,1,she,led,99,99,99,,2,3,0,0,,133,"[{""word"": ""led"", ""timed_overlap"": 2, ""column_overlap"": 3}, {""word"": ""spied"", ""timed_overlap"": 2, ""column_overlap"": 3}, {""word"": ""Jo"", ""timed_overlap"": 2, ""column_overlap"": 2}, {""word"": ""resisted"", ""timed_overlap"": 2, ""column_overlap"": 2}, {""word"": ""to"", ""timed_overlap"": 2, ""column_overlap"": 2}]",completed,73,10,72
500,345,proximal-replay,2,get,after,99,99,99,,2,3,0,0,,131,"[{""word"": ""after"", ""timed_overlap"": 2, ""column_overlap"": 3}, {""word"": ""Daisy"", ""timed_overlap"": 2, ""column_overlap"": 3}, {""word"": ""Carmody"", ""timed_overlap"": 2, ""column_overlap"": 2}, {""word"": ""three"", ""timed_overlap"": 2, ""column_overlap"": 2}, {""word"": ""shall"", ""timed_overlap"": 2, ""column_overlap"": 2}]",completed,82,10,73
500,345,proximal-replay,3,that,excluded,95,95,95,,2,3,0,0,,132,"[{""word"": ""excluded"", ""timed_overlap"": 2, ""column_overlap"": 3}, {""word"": ""Felicity"", ""timed_overlap"": 2, ""column_overlap"": 2}, {""word"": ""cats"", ""timed_overlap"": 2, ""column_overlap"": 2}, {""word"": ""sensible"", ""timed_overlap"": 2, ""column_overlap"": 2}, {""word"": ""kill"", ""timed_overlap"": 1, ""column_overlap"": 3}]",completed,82,10,54
500,345,proximal-replay,4,stylish,Paul,93,93,93,,2,3,0,0,,139,"[{""word"": ""Paul"", ""timed_overlap"": 2, ""column_overlap"": 3}, {""word"": ""likely"", ""timed_overlap"": 2, ""column_overlap"": 3}, {""word"": ""Robert"", ""timed_overlap"": 2, ""column_overlap"": 3}, {""word"": ""sadly"", ""timed_overlap"": 2, ""column_overlap"": 2}, {""word"": ""walked"", ""timed_overlap"": 2, ""column_overlap"": 2}]",completed,64,10,54
500,346,proximal-replay,1,with,gallant,100,100,100,,2,2,0,0,,106,"[{""word"": ""gallant"", ""timed_overlap"": 2, ""column_overlap"": 2}, {""word"": ""Folk"", ""timed_overlap"": 2, ""column_overlap"": 2}, {""word"": ""indeed"", ""timed_overlap"": 2, ""column_overlap"": 2}, {""word"": ""Search"", ""timed_overlap"": 2, ""column_overlap"": 2}, {""word"": ""Presently"", ""timed_overlap"": 2, ""column_overlap"": 2}]",completed,100,10,63
500,346,proximal-replay,2,a,Anzacs,99,99,99,,2,2,0,0,,130,"[{""word"": ""Anzacs"", ""timed_overlap"": 2, ""column_overlap"": 2}, {""word"": ""Bull"", ""timed_overlap"": 2, ""column_overlap"": 2}, {""word"": ""yonder"", ""timed_overlap"": 2, ""column_overlap"": 2}, {""word"": ""Bessy"", ""timed_overlap"": 1, ""column_overlap"": 4}, {""word"": ""Pivi"", ""timed_overlap"": 1, ""column_overlap"": 4}]",completed,73,10,54
500,346,proximal-replay,3,hearty,seemed,98,98,98,,2,4,0,0,,126,"[{""word"": ""seemed"", ""timed_overlap"": 2, ""column_overlap"": 4}, {""word"": ""knows"", ""timed_overlap"": 2, ""column_overlap"": 4}, {""word"": ""wrongs"", ""timed_overlap"": 2, ""column_overlap"": 3}, {""word"": ""opening"", ""timed_overlap"": 2, ""column_overlap"": 2}, {""word"": ""reached"", ""timed_overlap"": 2, ""column_overlap"": 2}]",completed,64,10,63
500,346,proximal-replay,4,kiss,course,97,97,97,,2,2,0,0,,93,"[{""word"": ""course"", ""timed_overlap"": 2, ""column_overlap"": 2}, {""word"": ""spear"", ""timed_overlap"": 2, ""column_overlap"": 2}, {""word"": ""'em"", ""timed_overlap"": 2, ""column_overlap"": 2}, {""word"": ""sat"", ""timed_overlap"": 1, ""column_overlap"": 4}, {""word"": ""silence"", ""timed_overlap"": 1, ""column_overlap"": 3}]",completed,73,10,64
500,347,proximal-replay,1,command,gallant,100,100,100,,2,3,0,0,,125,"[{""word"": ""gallant"", ""timed_overlap"": 2, ""column_overlap"": 3}, {""word"": ""wind"", ""timed_overlap"": 2, ""column_overlap"": 3}, {""word"": ""the"", ""timed_overlap"": 2, ""column_overlap"": 2}, {""word"": ""elder"", ""timed_overlap"": 2, ""column_overlap"": 2}, {""word"": ""swears"", ""timed_overlap"": 1, ""column_overlap"": 4}]",completed,73,10,63
500,347,proximal-replay,2,;,Anzacs,99,99,99,,3,3,0,0,,114,"[{""word"": ""Anzacs"", ""timed_overlap"": 3, ""column_overlap"": 3}, {""word"": ""Providence"", ""timed_overlap"": 2, ""column_overlap"": 4}, {""word"": ""amused"", ""timed_overlap"": 2, ""column_overlap"": 4}, {""word"": ""glanced"", ""timed_overlap"": 2, ""column_overlap"": 2}, {""word"": ""demons"", ""timed_overlap"": 2, ""column_overlap"": 2}]",completed,73,10,54
500,347,proximal-replay,3,and,seemed,98,98,98,,2,4,0,0,,126,"[{""word"": ""seemed"", ""timed_overlap"": 2, ""column_overlap"": 4}, {""word"": ""knows"", ""timed_overlap"": 2, ""column_overlap"": 4}, {""word"": ""wrongs"", ""timed_overlap"": 2, ""column_overlap"": 3}, {""word"": ""reached"", ""timed_overlap"": 2, ""column_overlap"": 2}, {""word"": ""opening"", ""timed_overlap"": 2, ""column_overlap"": 2}]",completed,64,10,63
500,347,proximal-replay,4,every,spear,97,97,97,,2,2,0,0,,93,"[{""word"": ""spear"", ""timed_overlap"": 2, ""column_overlap"": 2}, {""word"": ""'em"", ""timed_overlap"": 2, ""column_overlap"": 2}, {""word"": ""course"", ""timed_overlap"": 2, ""column_overlap"": 2}, {""word"": ""sat"", ""timed_overlap"": 1, ""column_overlap"": 4}, {""word"": ""slim"", ""timed_overlap"": 1, ""column_overlap"": 3}]",completed,73,10,72
500,348,proximal-replay,1,the,torrents,96,96,96,,2,4,1,1,107,116,"[{""word"": ""torrents"", ""timed_overlap"": 2, ""column_overlap"": 4}, {""word"": ""taking"", ""timed_overlap"": 2, ""column_overlap"": 4}, {""word"": ""right"", ""timed_overlap"": 2, ""column_overlap"": 3}, {""word"": ""!"", ""timed_overlap"": 2, ""column_overlap"": 3}, {""word"": ""bookcase"", ""timed_overlap"": 2, ""column_overlap"": 2}]",completed,82,10,73
500,348,proximal-replay,2,vase,fixed,99,99,99,,2,2,0,0,,109,"[{""word"": ""fixed"", ""timed_overlap"": 2, ""column_overlap"": 2}, {""word"": ""glazed"", ""timed_overlap"": 2, ""column_overlap"": 2}, {""word"": ""Peoples"", ""timed_overlap"": 2, ""column_overlap"": 2}, {""word"": ""lived"", ""timed_overlap"": 2, ""column_overlap"": 2}, {""word"": ""hanging"", ""timed_overlap"": 1, ""column_overlap"": 4}]",completed,82,10,63
500,348,proximal-replay,3,full,Mother,100,100,100,,2,2,0,0,,120,"[{""word"": ""Mother"", ""timed_overlap"": 2, ""column_overlap"": 2}, {""word"": ""thinks"", ""timed_overlap"": 2, ""column_overlap"": 2}, {""word"": ""succeeded"", ""timed_overlap"": 2, ""column_overlap"": 2}, {""word"": ""Sometimes"", ""timed_overlap"": 2, ""column_overlap"": 2}, {""word"": ""UNC"", ""timed_overlap"": 1, ""column_overlap"": 4}]",completed,73,10,63
500,348,proximal-replay,4,of,knew,99,99,99,,2,3,1,2,64,147,"[{""word"": ""knew"", ""timed_overlap"": 2, ""column_overlap"": 3}, {""word"": ""tongue"", ""timed_overlap"": 2, ""column_overlap"": 3}, {""word"": ""lay"", ""timed_overlap"": 2, ""column_overlap"": 2}, {""word"": ""underneath"", ""timed_overlap"": 2, ""column_overlap"": 2}, {""word"": ""well"", ""timed_overlap"": 2, ""column_overlap"": 2}]",completed,73,10,54
500,349,proximal-replay,1,from,Girl,100,100,100,,2,4,0,0,,131,"[{""word"": ""Girl"", ""timed_overlap"": 2, ""column_overlap"": 4}, {""word"": ""bear"", ""timed_overlap"": 2, ""column_overlap"": 4}, {""word"": ""till"", ""timed_overlap"": 2, ""column_overlap"": 3}, {""word"": ""terrify"", ""timed_overlap"": 2, ""column_overlap"": 3}, {""word"": ""staring"", ""timed_overlap"": 2, ""column_overlap"": 3}]",completed,82,10,63
500,349,proximal-replay,2,which,Schmidt,97,97,97,,2,5,0,0,,145,"[{""word"": ""Schmidt"", ""timed_overlap"": 2, ""column_overlap"": 5}, {""word"": ""suited"", ""timed_overlap"": 2, ""column_overlap"": 3}, {""word"": ""went"", ""timed_overlap"": 2, ""column_overlap"": 3}, {""word"": ""course"", ""timed_overlap"": 2, ""column_overlap"": 2}, {""word"": ""Jumping"", ""timed_overlap"": 2, ""column_overlap"": 2}]",completed,73,10,64
500,349,proximal-replay,3,he,length,99,99,99,,2,3,0,0,,116,"[{""word"": ""length"", ""timed_overlap"": 2, ""column_overlap"": 3}, {""word"": ""went"", ""timed_overlap"": 2, ""column_overlap"": 3}, {""word"": ""fought"", ""timed_overlap"": 2, ""column_overlap"": 3}, {""word"": ""audacity"", ""timed_overlap"": 2, ""column_overlap"": 2}, {""word"": ""Mollie"", ""timed_overlap"": 1, ""column_overlap"": 4}]",completed,73,10,73
500,349,proximal-replay,4,had,Herr,98,98,98,,2,3,0,0,,123,"[{""word"": ""Herr"", ""timed_overlap"": 2, ""column_overlap"": 3}, {""word"": ""boy"", ""timed_overlap"": 2, ""column_overlap"": 3}, {""word"": ""See"", ""timed_overlap"": 2, ""column_overlap"": 2}, {""word"": ""kindest"", ""timed_overlap"": 1, ""column_overlap"": 3}, {""word"": ""being"", ""timed_overlap"": 1, ""column_overlap"": 3}]",completed,82,10,72
500,350,proximal-replay,1,catechism,rank,100,100,100,,2,3,0,0,,92,"[{""word"": ""rank"", ""timed_overlap"": 2, ""column_overlap"": 3}, {""word"": ""beautiful"", ""timed_overlap"": 2, ""column_overlap"": 2}, {""word"": ""heard"", ""timed_overlap"": 1, ""column_overlap"": 4}, {""word"": ""Elizabeth"", ""timed_overlap"": 1, ""column_overlap"": 3}, {""word"": ""instead"", ""timed_overlap"": 1, ""column_overlap"": 3}]",completed,91,10,63
500,350,proximal-replay,2,",",Tumultuous,99,99,99,,2,3,0,0,,123,"[{""word"": ""Tumultuous"", ""timed_overlap"": 2, ""column_overlap"": 3}, {""word"": ""Now"", ""timed_overlap"": 2, ""column_overlap"": 3}, {""word"": ""haste"", ""timed_overlap"": 2, ""column_overlap"": 2}, {""word"": ""grass"", ""timed_overlap"": 2, ""column_overlap"": 2}, {""word"": ""seemed"", ""timed_overlap"": 2, ""column_overlap"": 2}]",completed,73,10,72
500,350,proximal-replay,3,also,find,99,99,99,,3,4,0,0,,121,"[{""word"": ""find"", ""timed_overlap"": 3, ""column_overlap"": 4}, {""word"": ""Besides"", ""timed_overlap"": 2, ""column_overlap"": 3}, {""word"": ""price"", ""timed_overlap"": 2, ""column_overlap"": 2}, {""word"": ""Gray"", ""timed_overlap"": 1, ""column_overlap"": 4}, {""word"": ""Bagheera"", ""timed_overlap"": 1, ""column_overlap"": 3}]",completed,82,10,63
500,350,proximal-replay,4,to,wand,95,95,95,,2,2,0,0,,124,"[{""word"": ""wand"", ""timed_overlap"": 2, ""column_overlap"": 2}, {""word"": ""Skunk"", ""timed_overlap"": 2, ""column_overlap"": 2}, {""word"": ""days"", ""timed_overlap"": 2, ""column_overlap"": 2}, {""word"": ""servants"", ""timed_overlap"": 1, ""column_overlap"": 5}, {""word"": ""whenever"", ""timed_overlap"": 1, ""column_overlap"": 3}]",completed,73,10,63
500,351,proximal-replay,1,with,Jay,100,100,100,,2,3,1,1,37,91,"[{""word"": ""Jay"", ""timed_overlap"": 2, ""column_overlap"": 3}, {""word"": ""Carrots"", ""timed_overlap"": 2, ""column_overlap"": 2}, {""word"": ""sentence"", ""timed_overlap"": 2, ""column_overlap"": 2}, {""word"": ""humanity"", ""timed_overlap"": 2, ""column_overlap"": 2}, {""word"": ""denied"", ""timed_overlap"": 2, ""column_overlap"": 2}]",completed,82,10,72
500,351,proximal-replay,2,such,month,100,100,100,,2,3,0,0,,142,"[{""word"": ""month"", ""timed_overlap"": 2, ""column_overlap"": 3}, {""word"": ""Lucinda"", ""timed_overlap"": 2, ""column_overlap"": 3}, {""word"": ""Susanna"", ""timed_overlap"": 2, ""column_overlap"": 3}, {""word"": ""wife"", ""timed_overlap"": 2, ""column_overlap"": 3}, {""word"": ""danced"", ""timed_overlap"": 2, ""column_overlap"": 2}]",completed,82,10,54
500,351,proximal-replay,3,a,guess,93,93,93,,2,3,0,0,,124,"[{""word"": ""guess"", ""timed_overlap"": 2, ""column_overlap"": 3}, {""word"": ""And"", ""timed_overlap"": 2, ""column_overlap"": 2}, {""word"": ""branch"", ""timed_overlap"": 1, ""column_overlap"": 4}, {""word"": ""gay"", ""timed_overlap"": 1, ""column_overlap"": 4}, {""word"": ""goodness"", ""timed_overlap"": 1, ""column_overlap"": 4}]",completed,64,10,72
500,351,proximal-replay,4,tone,hive,97,97,97,,2,4,0,0,,115,"[{""word"": ""hive"", ""timed_overlap"": 2, ""column_overlap"": 4}, {""word"": ""Sammy"", ""timed_overlap"": 2, ""column_overlap"": 3}, {""word"": ""First"", ""timed_overlap"": 2, ""column_overlap"": 2}, {""word"": ""chime"", ""timed_overlap"": 2, ""column_overlap"": 2}, {""word"": ""Beautiful"", ""timed_overlap"": 1, ""column_overlap"": 3}]",completed,82,10,64
500,352,proximal-replay,1,ever,Now,94,94,94,,3,4,2,2,6,122,"[{""word"": ""Now"", ""timed_overlap"": 3, ""column_overlap"": 4}, {""word"": ""Gray"", ""timed_overlap"": 2, ""column_overlap"": 3}, {""word"": ""a"", ""timed_overlap"": 2, ""column_overlap"": 3}, {""word"": ""day"", ""timed_overlap"": 2, ""column_overlap"": 3}, {""word"": ""tiny"", ""timed_overlap"": 2, ""column_overlap"": 3}]",completed,73,10,64
500,352,proximal-replay,2,made,motives,96,96,96,,2,4,1,1,81,123,"[{""word"": ""motives"", ""timed_overlap"": 2, ""column_overlap"": 4}, {""word"": ""desert"", ""timed_overlap"": 2, ""column_overlap"": 4}, {""word"": ""bait"", ""timed_overlap"": 2, ""column_overlap"": 2}, {""word"": ""gadding"", ""timed_overlap"": 2, ""column_overlap"": 2}, {""word"": ""rock"", ""timed_overlap"": 2, ""column_overlap"": 2}]",completed,73,10,74
500,352,proximal-replay,3,them,bared,99,99,99,,2,3,0,0,,103,"[{""word"": ""bared"", ""timed_overlap"": 2, ""column_overlap"": 3}, {""word"": ""Lady"", ""timed_overlap"": 2, ""column_overlap"": 2}, {""word"": ""Grange"", ""timed_overlap"": 2, ""column_overlap"": 2}, {""word"": ""bookcase"", ""timed_overlap"": 2, ""column_overlap"": 2}, {""word"": ""crow"", ""timed_overlap"": 1, ""column_overlap"": 3}]",completed,82,10,63
500,352,proximal-replay,4,.,sleep,99,99,99,,2,3,0,0,,98,"[{""word"": ""sleep"", ""timed_overlap"": 2, ""column_overlap"": 3}, {""word"": ""drank"", ""timed_overlap"": 1, ""column_overlap"": 4}, {""word"": ""goodness"", ""timed_overlap"": 1, ""column_overlap"": 4}, {""word"": ""added"", ""timed_overlap"": 1, ""column_overlap"": 4}, {""word"": ""over"", ""timed_overlap"": 1, ""column_overlap"": 3}]",completed,73,10,63
500,353,proximal-replay,1,threw,lump,100,100,100,,2,2,0,0,,90,"[{""word"": ""lump"", ""timed_overlap"": 2, ""column_overlap"": 2}, {""word"": ""soon"", ""timed_overlap"": 2, ""column_overlap"": 2}, {""word"": ""lady"", ""timed_overlap"": 1, ""column_overlap"": 3}, {""word"": ""Pekoe"", ""timed_overlap"": 1, ""column_overlap"": 3}, {""word"": ""forbidden"", ""timed_overlap"": 1, ""column_overlap"": 3}]",completed,82,10,72
500,353,proximal-replay,2,it,Mother,99,99,99,,2,2,0,0,,127,"[{""word"": ""Mother"", ""timed_overlap"": 2, ""column_overlap"": 2}, {""word"": ""helmet"", ""timed_overlap"": 2, ""column_overlap"": 2}, {""word"": ""Please"", ""timed_overlap"": 2, ""column_overlap"": 2}, {""word"": ""faithfully"", ""timed_overlap"": 1, ""column_overlap"": 4}, {""word"": ""Peerless"", ""timed_overlap"": 1, ""column_overlap"": 4}]",completed,82,10,63
500,353,proximal-replay,3,into,Head,99,99,99,,2,3,0,0,,118,"[{""word"": ""Head"", ""timed_overlap"": 2, ""column_overlap"": 3}, {""word"": ""thing"", ""timed_overlap"": 2, ""column_overlap"": 3}, {""word"": ""can"", ""timed_overlap"": 2, ""column_overlap"": 2}, {""word"": ""running"", ""timed_overlap"": 2, ""column_overlap"": 2}, {""word"": ""plenty"", ""timed_overlap"": 2, ""column_overlap"": 2}]",completed,73,10,73
500,353,proximal-replay,4,her,treat,98,98,98,,3,4,0,0,,106,"[{""word"": ""treat"", ""timed_overlap"": 3, ""column_overlap"": 4}, {""word"": ""worse"", ""timed_overlap"": 2, ""column_overlap"": 3}, {""word"": ""Kenneth"", ""timed_overlap"": 2, ""column_overlap"": 3}, {""word"": ""money"", ""timed_overlap"": 2, ""column_overlap"": 2}, {""word"": ""While"", ""timed_overlap"": 2, ""column_overlap"": 2}]",completed,82,10,63
500,354,proximal-replay,1,suddenly,thing,96,96,96,,2,2,2,2,3,99,"[{""word"": ""thing"", ""timed_overlap"": 2, ""column_overlap"": 2}, {""word"": ""turned"", ""timed_overlap"": 2, ""column_overlap"": 2}, {""word"": ""suddenly"", ""timed_overlap"": 2, ""column_overlap"": 2}, {""word"": ""Bumble"", ""timed_overlap"": 1, ""column_overlap"": 4}, {""word"": ""want"", ""timed_overlap"": 1, ""column_overlap"": 3}]",completed,82,10,54
500,354,proximal-replay,2,and,SAMMY,96,96,96,,2,4,0,0,,144,"[{""word"": ""SAMMY"", ""timed_overlap"": 2, ""column_overlap"": 4}, {""word"": ""Blair"", ""timed_overlap"": 2, ""column_overlap"": 3}, {""word"": ""Robert"", ""timed_overlap"": 2, ""column_overlap"": 3}, {""word"": ""wore"", ""timed_overlap"": 2, ""column_overlap"": 2}, {""word"": ""rose"", ""timed_overlap"": 2, ""column_overlap"": 2}]",completed,64,10,73
500,354,proximal-replay,3,violently,Douglas,100,100,100,,2,3,0,0,,93,"[{""word"": ""Douglas"", ""timed_overlap"": 2, ""column_overlap"": 3}, {""word"": ""stylish"", ""timed_overlap"": 1, ""column_overlap"": 3}, {""word"": ""never"", ""timed_overlap"": 1, ""column_overlap"": 3}, {""word"": ""fear"", ""timed_overlap"": 1, ""column_overlap"": 3}, {""word"": ""``"", ""timed_overlap"": 1, ""column_overlap"": 3}]",completed,82,10,72
500,354,proximal-replay,4,and,whose,99,99,99,,2,2,0,0,,84,"[{""word"": ""whose"", ""timed_overlap"": 2, ""column_overlap"": 2}, {""word"": ""entered"", ""timed_overlap"": 2, ""column_overlap"": 2}, {""word"": ""Take"", ""timed_overlap"": 2, ""column_overlap"": 2}, {""word"": ""But"", ""timed_overlap"": 1, ""column_overlap"": 4}, {""word"": ""ocean"", ""timed_overlap"": 1, ""column_overlap"": 3}]",completed,82,10,36
500,355,proximal-replay,1,",",Gray,100,100,100,,2,5,0,0,,134,"[{""word"": ""Gray"", ""timed_overlap"": 2, ""column_overlap"": 5}, {""word"": ""two"", ""timed_overlap"": 2, ""column_overlap"": 3}, {""word"": ""great"", ""timed_overlap"": 2, ""column_overlap"": 2}, {""word"": ""interrupted"", ""timed_overlap"": 2, ""column_overlap"": 2}, {""word"": ""dreams"", ""timed_overlap"": 1, ""column_overlap"": 4}]",completed,82,10,54
500,355,proximal-replay,2,--,feet,94,94,94,,2,4,1,3,24,133,"[{""word"": ""feet"", ""timed_overlap"": 2, ""column_overlap"": 4}, {""word"": ""wished"", ""timed_overlap"": 2, ""column_overlap"": 3}, {""word"": ""one"", ""timed_overlap"": 2, ""column_overlap"": 2}, {""word"": ""awake"", ""timed_overlap"": 2, ""column_overlap"": 2}, {""word"": ""pleased"", ""timed_overlap"": 2, ""column_overlap"": 2}]",completed,64,10,63
500,355,proximal-replay,3,they,others,98,98,98,,2,2,0,0,,122,"[{""word"": ""others"", ""timed_overlap"": 2, ""column_overlap"": 2}, {""word"": ""Pekoe"", ""timed_overlap"": 2, ""column_overlap"": 2}, {""word"": ""Gray"", ""timed_overlap"": 1, ""column_overlap"": 5}, {""word"": ""milk"", ""timed_overlap"": 1, ""column_overlap"": 4}, {""word"": ""Just"", ""timed_overlap"": 1, ""column_overlap"": 4}]",completed,73,10,64
500,355,proximal-replay,4,color,kindest,97,97,97,,2,2,0,0,,113,"[{""word"": ""kindest"", ""timed_overlap"": 2, ""column_overlap"": 2}, {""word"": ""tobacco"", ""timed_overlap"": 2, ""column_overlap"": 2}, {""word"": ""Kenneth"", ""timed_overlap"": 1, ""column_overlap"": 4}, {""word"": ""hall"", ""timed_overlap"": 1, ""column_overlap"": 3}, {""word"": ""magic"", ""timed_overlap"": 1, ""column_overlap"": 3}]",completed,73,10,72
500,356,proximal-replay,1,angels,worked,97,97,97,,3,3,0,0,,123,"[{""word"": ""worked"", ""timed_overlap"": 3, ""column_overlap"": 3}, {""word"": ""feeling"", ""timed_overlap"": 2, ""column_overlap"": 4}, {""word"": ""Sometimes"", ""timed_overlap"": 2, ""column_overlap"": 2}, {""word"": ""ones"", ""timed_overlap"": 2, ""column_overlap"": 2}, {""word"": ""sustaining"", ""timed_overlap"": 2, ""column_overlap"": 2}]",completed,64,10,64
500,356,proximal-replay,2,",",people,100,100,100,,3,4,0,0,,122,"[{""word"": ""people"", ""timed_overlap"": 3, ""column_overlap"": 4}, {""word"": ""order"", ""timed_overlap"": 2, ""column_overlap"": 2}, {""word"": ""spur"", ""timed_overlap"": 1, ""column_overlap"": 3}, {""word"": ""hall"", ""timed_overlap"": 1, ""column_overlap"": 3}, {""word"": ""pen"", ""timed_overlap"": 1, ""column_overlap"": 3}]",completed,73,10,54
500,356,proximal-replay,3,but,in,93,93,93,,3,3,0,0,,125,"[{""word"": ""in"", ""timed_overlap"": 3, ""column_overlap"": 3}, {""word"": ""Yes"", ""timed_overlap"": 2, ""column_overlap"": 4}, {""word"": ""Cyrilla"", ""timed_overlap"": 2, ""column_overlap"": 3}, {""word"": ""say"", ""timed_overlap"": 2, ""column_overlap"": 2}, {""word"": ""jollier"", ""timed_overlap"": 2, ""column_overlap"": 2}]",completed,64,10,45
500,356,proximal-replay,4,just,satisfied,99,99,99,,2,3,0,0,,122,"[{""word"": ""satisfied"", ""timed_overlap"": 2, ""column_overlap"": 3}, {""word"": ""Sometimes"", ""timed_overlap"": 2, ""column_overlap"": 2}, {""word"": ""are"", ""timed_overlap"": 2, ""column_overlap"": 2}, {""word"": ""Folk"", ""timed_overlap"": 1, ""column_overlap"": 5}, {""word"": ""Magyars"", ""timed_overlap"": 1, ""column_overlap"": 4}]",completed,55,10,54
500,357,proximal-replay,1,bait,maiden,100,100,100,,2,2,0,0,,90,"[{""word"": ""maiden"", ""timed_overlap"": 2, ""column_overlap"": 2}, {""word"": ""violently"", ""timed_overlap"": 1, ""column_overlap"": 4}, {""word"": ""Oh"", ""timed_overlap"": 1, ""column_overlap"": 3}, {""word"": ""water"", ""timed_overlap"": 1, ""column_overlap"": 2}, {""word"": ""glided"", ""timed_overlap"": 1, ""column_overlap"": 2}]",completed,100,10,54
500,357,proximal-replay,2,took,Messua,97,97,97,,2,3,0,0,,134,"[{""word"": ""Messua"", ""timed_overlap"": 2, ""column_overlap"": 3}, {""word"": ""check"", ""timed_overlap"": 2, ""column_overlap"": 3}, {""word"": ""trying"", ""timed_overlap"": 2, ""column_overlap"": 2}, {""word"": ""Dick"", ""timed_overlap"": 2, ""column_overlap"": 2}, {""word"": ""guess"", ""timed_overlap"": 2, ""column_overlap"": 2}]",completed,64,10,64
500,357,proximal-replay,3,",",Square,97,97,97,,2,4,0,0,,135,"[{""word"": ""Square"", ""timed_overlap"": 2, ""column_overlap"": 4}, {""word"": ""motives"", ""timed_overlap"": 2, ""column_overlap"": 3}, {""word"": ""impossible"", ""timed_overlap"": 2, ""column_overlap"": 2}, {""word"": ""concluded"", ""timed_overlap"": 2, ""column_overlap"": 2}, {""word"": ""terribly"", ""timed_overlap"": 1, ""column_overlap"": 4}]",completed,73,10,72
500,357,proximal-replay,4,but,Fellow,99,99,99,,2,4,0,0,,119,"[{""word"": ""Fellow"", ""timed_overlap"": 2, ""column_overlap"": 4}, {""word"": ""Matthew"", ""timed_overlap"": 2, ""column_overlap"": 2}, {""word"": ""run"", ""timed_overlap"": 2, ""column_overlap"": 2}, {""word"": ""Cyrilla"", ""timed_overlap"": 2, ""column_overlap"": 2}, {""word"": ""tyrannize"", ""timed_overlap"": 2, ""column_overlap"": 2}]",completed,82,10,63
500,358,proximal-replay,1,:,:,100,100,100,,2,2,2,2,1,90,"[{""word"": "":"", ""timed_overlap"": 2, ""column_overlap"": 2}, {""word"": ""wind"", ""timed_overlap"": 1, ""column_overlap"": 4}, {""word"": ""Marsch"", ""timed_overlap"": 1, ""column_overlap"": 3}, {""word"": ""tittered"", ""timed_overlap"": 1, ""column_overlap"": 3}, {""word"": ""pictures"", ""timed_overlap"": 1, ""column_overlap"": 3}]",completed,73,10,63
500,358,proximal-replay,2,`,wrongs,100,100,100,,2,4,1,1,97,152,"[{""word"": ""wrongs"", ""timed_overlap"": 2, ""column_overlap"": 4}, {""word"": ""ate"", ""timed_overlap"": 2, ""column_overlap"": 3}, {""word"": ""Girl"", ""timed_overlap"": 2, ""column_overlap"": 2}, {""word"": ""breakfast"", ""timed_overlap"": 2, ""column_overlap"": 2}, {""word"": ""clothes"", ""timed_overlap"": 2, ""column_overlap"": 2}]",completed,73,10,72
500,358,proximal-replay,3,Seek,train,99,99,99,,2,2,0,0,,111,"[{""word"": ""train"", ""timed_overlap"": 2, ""column_overlap"": 2}, {""word"": ""Hippocrates"", ""timed_overlap"": 2, ""column_overlap"": 2}, {""word"": ""HAS"", ""timed_overlap"": 1, ""column_overlap"": 4}, {""word"": ""spur"", ""timed_overlap"": 1, ""column_overlap"": 3}, {""word"": ""lips"", ""timed_overlap"": 1, ""column_overlap"": 3}]",completed,82,10,63
500,358,proximal-replay,4,for,talk,95,95,95,,2,4,0,0,,127,"[{""word"": ""talk"", ""timed_overlap"": 2, ""column_overlap"": 4}, {""word"": ""heard"", ""timed_overlap"": 2, ""column_overlap"": 2}, {""word"": ""Barbaik"", ""timed_overlap"": 1, ""column_overlap"": 4}, {""word"": ""COAT"", ""timed_overlap"": 1, ""column_overlap"": 3}, {""word"": ""cows"", ""timed_overlap"": 1, ""column_overlap"": 3}]",completed,73,10,72
500,359,proximal-replay,1,him,mean,100,100,100,,2,3,0,0,,92,"[{""word"": ""mean"", ""timed_overlap"": 2, ""column_overlap"": 3}, {""word"": ""dragging"", ""timed_overlap"": 2, ""column_overlap"": 3}, {""word"": ""finish"", ""timed_overlap"": 2, ""column_overlap"": 3}, {""word"": ""be"", ""timed_overlap"": 2, ""column_overlap"": 2}, {""word"": ""the"", ""timed_overlap"": 2, ""column_overlap"": 2}]",completed,82,10,72
500,359,proximal-replay,2,she,ruin,92,92,92,,2,2,0,0,,132,"[{""word"": ""ruin"", ""timed_overlap"": 2, ""column_overlap"": 2}, {""word"": ""Kenneth"", ""timed_overlap"": 2, ""column_overlap"": 2}, {""word"": ""place"", ""timed_overlap"": 2, ""column_overlap"": 2}, {""word"": ""blow"", ""timed_overlap"": 2, ""column_overlap"": 2}, {""word"": ""Truly"", ""timed_overlap"": 1, ""column_overlap"": 4}]",completed,82,10,73
500,359,proximal-replay,3,did,They,99,99,99,,2,3,0,0,,102,"[{""word"": ""They"", ""timed_overlap"": 2, ""column_overlap"": 3}, {""word"": ""'ve"", ""timed_overlap"": 2, ""column_overlap"": 2}, {""word"": ""Happy"", ""timed_overlap"": 1, ""column_overlap"": 3}, {""word"": ""remarked"", ""timed_overlap"": 1, ""column_overlap"": 3}, {""word"": ""wrote"", ""timed_overlap"": 1, ""column_overlap"": 3}]",completed,82,10,72
500,359,proximal-replay,4,n't,pet,99,99,99,,2,3,0,0,,89,"[{""word"": ""pet"", ""timed_overlap"": 2, ""column_overlap"": 3}, {""word"": ""stern"", ""timed_overlap"": 2, ""column_overlap"": 2}, {""word"": ""should"", ""timed_overlap"": 2, ""column_overlap"": 2}, {""word"": ""take"", ""timed_overlap"": 2, ""column_overlap"": 2}, {""word"": ""wand"", ""timed_overlap"": 2, ""column_overlap"": 2}]",completed,82,10,63
500,360,proximal-replay,1,ever,rank,100,100,100,,3,3,0,0,,120,"[{""word"": ""rank"", ""timed_overlap"": 3, ""column_overlap"": 3}, {""word"": ""maiden"", ""timed_overlap"": 2, ""column_overlap"": 3}, {""word"": ""Jem"", ""timed_overlap"": 2, ""column_overlap"": 3}, {""word"": ""guess"", ""timed_overlap"": 2, ""column_overlap"": 3}, {""word"": ""detest"", ""timed_overlap"": 2, ""column_overlap"": 2}]",completed,64,10,54
500,360,proximal-replay,2,so,turns,99,99,99,,2,2,0,0,,115,"[{""word"": ""turns"", ""timed_overlap"": 2, ""column_overlap"": 2}, {""word"": ""This"", ""timed_overlap"": 1, ""column_overlap"": 3}, {""word"": ""mother"", ""timed_overlap"": 1, ""column_overlap"": 3}, {""word"": ""Lawful"", ""timed_overlap"": 1, ""column_overlap"": 3}, {""word"": ""broidered"", ""timed_overlap"": 1, ""column_overlap"": 3}]",completed,64,10,72
500,360,proximal-replay,3,much,ladylike,99,99,99,,2,3,0,0,,117,"[{""word"": ""ladylike"", ""timed_overlap"": 2, ""column_overlap"": 3}, {""word"": ""good"", ""timed_overlap"": 2, ""column_overlap"": 3}, {""word"": ""Next"", ""timed_overlap"": 2, ""column_overlap"": 3}, {""word"": ""agreement"", ""timed_overlap"": 2, ""column_overlap"": 3}, {""word"": ""healthful"", ""timed_overlap"": 2, ""column_overlap"": 2}]",completed,82,10,63
500,360,proximal-replay,4,better,shimmer,98,98,98,,2,3,0,0,,134,"[{""word"": ""shimmer"", ""timed_overlap"": 2, ""column_overlap"": 3}, {""word"": ""settle"", ""timed_overlap"": 2, ""column_overlap"": 2}, {""word"": ""sable"", ""timed_overlap"": 2, ""column_overlap"": 2}, {""word"": ""disrepitable"", ""timed_overlap"": 2, ""column_overlap"": 2}, {""word"": ""challenge"", ""timed_overlap"": 1, ""column_overlap"": 5}]",completed,73,10,72
500,361,proximal-replay,1,sight,enchanted,100,100,100,,2,3,0,0,,91,"[{""word"": ""enchanted"", ""timed_overlap"": 2, ""column_overlap"": 3}, {""word"": ""squishing"", ""timed_overlap"": 1, ""column_overlap"": 4}, {""word"": ""indeed"", ""timed_overlap"": 1, ""column_overlap"": 4}, {""word"": ""night"", ""timed_overlap"": 1, ""column_overlap"": 3}, {""word"": ""touched"", ""timed_overlap"": 1, ""column_overlap"": 3}]",completed,91,10,63
500,361,proximal-replay,2,",",eaten,97,97,97,,2,3,0,0,,117,"[{""word"": ""eaten"", ""timed_overlap"": 2, ""column_overlap"": 3}, {""word"": ""hearse"", ""timed_overlap"": 2, ""column_overlap"": 3}, {""word"": ""foremost"", ""timed_overlap"": 2, ""column_overlap"": 3}, {""word"": ""morning"", ""timed_overlap"": 2, ""column_overlap"": 2}, {""word"": ""will"", ""timed_overlap"": 2, ""column_overlap"": 2}]",completed,73,10,63
500,361,proximal-replay,3,and,Not,95,95,95,,2,4,0,0,,133,"[{""word"": ""Not"", ""timed_overlap"": 2, ""column_overlap"": 4}, {""word"": ""king"", ""timed_overlap"": 2, ""column_overlap"": 3}, {""word"": ""'s"", ""timed_overlap"": 2, ""column_overlap"": 3}, {""word"": ""preferred"", ""timed_overlap"": 2, ""column_overlap"": 3}, {""word"": ""themselves"", ""timed_overlap"": 2, ""column_overlap"": 2}]",completed,73,10,63
500,361,proximal-replay,4,eagerly,Matthew,98,98,98,,2,3,1,1,111,114,"[{""word"": ""Matthew"", ""timed_overlap"": 2, ""column_overlap"": 3}, {""word"": ""hot"", ""timed_overlap"": 2, ""column_overlap"": 3}, {""word"": ""horses"", ""timed_overlap"": 2, ""column_overlap"": 2}, {""word"": ""drawing"", ""timed_overlap"": 2, ""column_overlap"": 2}, {""word"": ""mean"", ""timed_overlap"": 2, ""column_overlap"": 2}]",completed,73,10,63
500,362,proximal-replay,1,said,said,99,99,99,,3,3,3,3,1,95,"[{""word"": ""said"", ""timed_overlap"": 3, ""column_overlap"": 3}, {""word"": ""bust"", ""timed_overlap"": 2, ""column_overlap"": 3}, {""word"": ""Sometimes"", ""timed_overlap"": 2, ""column_overlap"": 3}, {""word"": ""Matthew"", ""timed_overlap"": 2, ""column_overlap"": 2}, {""word"": ""underneath"", ""timed_overlap"": 1, ""column_overlap"": 3}]",completed,64,10,63
500,362,proximal-replay,2,Peter,somehow,100,100,100,,2,3,1,2,23,95,"[{""word"": ""somehow"", ""timed_overlap"": 2, ""column_overlap"": 3}, {""word"": ""why"", ""timed_overlap"": 1, ""column_overlap"": 3}, {""word"": ""tittered"", ""timed_overlap"": 1, ""column_overlap"": 3}, {""word"": ""mature"", ""timed_overlap"": 1, ""column_overlap"": 3}, {""word"": ""reigned"", ""timed_overlap"": 1, ""column_overlap"": 3}]",completed,73,10,54
500,362,proximal-replay,3,thoughtfully,platform,96,96,96,,2,4,1,1,118,118,"[{""word"": ""platform"", ""timed_overlap"": 2, ""column_overlap"": 4}, {""word"": ""Fellow"", ""timed_overlap"": 2, ""column_overlap"": 2}, {""word"": ""Clow"", ""timed_overlap"": 2, ""column_overlap"": 2}, {""word"": ""carriage"", ""timed_overlap"": 1, ""column_overlap"": 5}, {""word"": ""lads"", ""timed_overlap"": 1, ""column_overlap"": 5}]",completed,64,10,72
500,362,proximal-replay,4,.,frog,100,100,100,,2,3,0,0,,156,"[{""word"": ""frog"", ""timed_overlap"": 2, ""column_overlap"": 3}, {""word"": ""whitest"", ""timed_overlap"": 2, ""column_overlap"": 3}, {""word"": ""boy"", ""timed_overlap"": 2, ""column_overlap"": 3}, {""word"": ""Sara"", ""timed_overlap"": 2, ""column_overlap"": 2}, {""word"": ""month"", ""timed_overlap"": 2, ""column_overlap"": 2}]",completed,82,10,45
500,363,proximal-replay,1,of,given,100,100,100,,2,3,0,0,,85,"[{""word"": ""given"", ""timed_overlap"": 2, ""column_overlap"": 3}, {""word"": ""up"", ""timed_overlap"": 2, ""column_overlap"": 2}, {""word"": ""Nan"", ""timed_overlap"": 2, ""column_overlap"": 2}, {""word"": ""happened"", ""timed_overlap"": 2, ""column_overlap"": 2}, {""word"": ""silence"", ""timed_overlap"": 2, ""column_overlap"": 2}]",completed,100,10,63
500,363,proximal-replay,2,breath,seen,96,96,96,,2,4,0,0,,142,"[{""word"": ""seen"", ""timed_overlap"": 2, ""column_overlap"": 4}, {""word"": ""running"", ""timed_overlap"": 2, ""column_overlap"": 3}, {""word"": ""BEN"", ""timed_overlap"": 2, ""column_overlap"": 3}, {""word"": ""minutes"", ""timed_overlap"": 2, ""column_overlap"": 2}, {""word"": ""nurse"", ""timed_overlap"": 2, ""column_overlap"": 2}]",completed,73,10,63
500,363,proximal-replay,3,and,around,98,98,98,,3,3,0,0,,138,"[{""word"": ""around"", ""timed_overlap"": 3, ""column_overlap"": 3}, {""word"": ""promise"", ""timed_overlap"": 3, ""column_overlap"": 3}, {""word"": ""As"", ""timed_overlap"": 2, ""column_overlap"": 4}, {""word"": ""today"", ""timed_overlap"": 2, ""column_overlap"": 3}, {""word"": ""pursuit"", ""timed_overlap"": 2, ""column_overlap"": 3}]",completed,73,10,54
500,363,proximal-replay,4,furious,thief,100,100,100,,2,3,1,2,32,102,"[{""word"": ""thief"", ""timed_overlap"": 2, ""column_overlap"": 3}, {""word"": ""spear"", ""timed_overlap"": 2, ""column_overlap"": 2}, {""word"": ""pink"", ""timed_overlap"": 1, ""column_overlap"": 4}, {""word"": ""Wendy"", ""timed_overlap"": 1, ""column_overlap"": 3}, {""word"": ""rainy"", ""timed_overlap"": 1, ""column_overlap"": 3}]",completed,64,10,63
500,364,proximal-replay,1,",",drawing,97,97,97,,2,4,0,0,,122,"[{""word"": ""drawing"", ""timed_overlap"": 2, ""column_overlap"": 4}, {""word"": ""youth"", ""timed_overlap"": 2, ""column_overlap"": 3}, {""word"": ""bronze"", ""timed_overlap"": 2, ""column_overlap"": 3}, {""word"": ""well"", ""timed_overlap"": 2, ""column_overlap"": 2}, {""word"": ""Assam"", ""timed_overlap"": 2, ""column_overlap"": 2}]",completed,82,10,72
500,364,proximal-replay,2,Jo,taste,100,100,100,,2,3,0,0,,90,"[{""word"": ""taste"", ""timed_overlap"": 2, ""column_overlap"": 3}, {""word"": ""Kindly"", ""timed_overlap"": 2, ""column_overlap"": 3}, {""word"": ""forgotten"", ""timed_overlap"": 2, ""column_overlap"": 2}, {""word"": ""at"", ""timed_overlap"": 2, ""column_overlap"": 2}, {""word"": ""Alan"", ""timed_overlap"": 1, ""column_overlap"": 4}]",completed,82,10,72
500,364,proximal-replay,3,?,received,100,100,100,,2,3,0,0,,115,"[{""word"": ""received"", ""timed_overlap"": 2, ""column_overlap"": 3}, {""word"": ""daughter"", ""timed_overlap"": 1, ""column_overlap"": 4}, {""word"": ""days"", ""timed_overlap"": 1, ""column_overlap"": 4}, {""word"": ""timid"", ""timed_overlap"": 1, ""column_overlap"": 3}, {""word"": ""Leslie"", ""timed_overlap"": 1, ""column_overlap"": 3}]",completed,82,10,72
500,364,proximal-replay,4,'',has,94,94,94,,2,4,0,0,,137,"[{""word"": ""has"", ""timed_overlap"": 2, ""column_overlap"": 4}, {""word"": ""Alfin"", ""timed_overlap"": 2, ""column_overlap"": 3}, {""word"": ""your"", ""timed_overlap"": 2, ""column_overlap"": 3}, {""word"": ""noticed"", ""timed_overlap"": 2, ""column_overlap"": 3}, {""word"": ""intended"", ""timed_overlap"": 2, ""column_overlap"": 3}]",completed,82,10,63
500,365,proximal-replay,1,had,had,94,94,94,,3,3,3,3,1,148,"[{""word"": ""had"", ""timed_overlap"": 3, ""column_overlap"": 3}, {""word"": ""Unc"", ""timed_overlap"": 2, ""column_overlap"": 4}, {""word"": ""fixed"", ""timed_overlap"": 2, ""column_overlap"": 3}, {""word"": ""east"", ""timed_overlap"": 2, ""column_overlap"": 3}, {""word"": ""opening"", ""timed_overlap"": 2, ""column_overlap"": 3}]",completed,64,10,54
500,365,proximal-replay,2,her,Marcella,96,96,96,,2,3,0,0,,98,"[{""word"": ""Marcella"", ""timed_overlap"": 2, ""column_overlap"": 3}, {""word"": ""Squirrel"", ""timed_overlap"": 2, ""column_overlap"": 2}, {""word"": ""been"", ""timed_overlap"": 2, ""column_overlap"": 2}, {""word"": ""others"", ""timed_overlap"": 1, ""column_overlap"": 4}, {""word"": ""thrifty"", ""timed_overlap"": 1, ""column_overlap"": 4}]",completed,64,10,54
500,365,proximal-replay,3,evening,tents,96,96,96,,3,3,0,0,,138,"[{""word"": ""tents"", ""timed_overlap"": 3, ""column_overlap"": 3}, {""word"": ""wore"", ""timed_overlap"": 2, ""column_overlap"": 4}, {""word"": ""into"", ""timed_overlap"": 2, ""column_overlap"": 4}, {""word"": ""Faith"", ""timed_overlap"": 2, ""column_overlap"": 4}, {""word"": ""recitations"", ""timed_overlap"": 2, ""column_overlap"": 3}]",completed,64,10,45
500,365,proximal-replay,4,off,imps,94,94,94,,3,4,2,3,5,141,"[{""word"": ""imps"", ""timed_overlap"": 3, ""column_overlap"": 4}, {""word"": ""-LSB-"", ""timed_overlap"": 2, ""column_overlap"": 5}, {""word"": ""smile"", ""timed_overlap"": 2, ""column_overlap"": 3}, {""word"": ""mud"", ""timed_overlap"": 2, ""column_overlap"": 3}, {""word"": ""off"", ""timed_overlap"": 2, ""column_overlap"": 3}]",completed,55,10,63
500,366,proximal-replay,1,her,tents,96,96,96,,2,3,0,0,,116,"[{""word"": ""tents"", ""timed_overlap"": 2, ""column_overlap"": 3}, {""word"": ""belt"", ""timed_overlap"": 2, ""column_overlap"": 2}, {""word"": ""BEN"", ""timed_overlap"": 2, ""column_overlap"": 2}, {""word"": ""heard"", ""timed_overlap"": 1, ""column_overlap"": 3}, {""word"": ""Barbaik"", ""timed_overlap"": 1, ""column_overlap"": 3}]",completed,82,10,64
500,366,proximal-replay,2,wand,Hans,99,99,99,,2,4,0,0,,151,"[{""word"": ""Hans"", ""timed_overlap"": 2, ""column_overlap"": 4}, {""word"": ""did"", ""timed_overlap"": 2, ""column_overlap"": 3}, {""word"": ""impossible"", ""timed_overlap"": 2, ""column_overlap"": 3}, {""word"": ""wandered"", ""timed_overlap"": 2, ""column_overlap"": 3}, {""word"": ""Dick"", ""timed_overlap"": 2, ""column_overlap"": 3}]",completed,73,10,72
500,366,proximal-replay,3,",",Marilla,97,97,97,,2,3,0,0,,91,"[{""word"": ""Marilla"", ""timed_overlap"": 2, ""column_overlap"": 3}, {""word"": ""already"", ""timed_overlap"": 2, ""column_overlap"": 3}, {""word"": ""order"", ""timed_overlap"": 2, ""column_overlap"": 3}, {""word"": ""pen"", ""timed_overlap"": 2, ""column_overlap"": 2}, {""word"": ""marry"", ""timed_overlap"": 1, ""column_overlap"": 3}]",completed,82,10,63
500,366,proximal-replay,4,and,master,92,92,92,,2,3,0,0,,129,"[{""word"": ""master"", ""timed_overlap"": 2, ""column_overlap"": 3}, {""word"": ""say"", ""timed_overlap"": 2, ""column_overlap"": 3}, {""word"": ""gathered"", ""timed_overlap"": 2, ""column_overlap"": 2}, {""word"": ""Tegumai"", ""timed_overlap"": 2, ""column_overlap"": 2}, {""word"": ""sultan"", ""timed_overlap"": 2, ""column_overlap"": 2}]",completed,73,10,63
500,367,proximal-replay,1,return,be,100,100,100,,2,2,0,0,,73,"[{""word"": ""be"", ""timed_overlap"": 2, ""column_overlap"": 2}, {""word"": ""Kenneth"", ""timed_overlap"": 1, ""column_overlap"": 3}, {""word"": ""rainy"", ""timed_overlap"": 1, ""column_overlap"": 3}, {""word"": ""however"", ""timed_overlap"": 1, ""column_overlap"": 3}, {""word"": ""begging"", ""timed_overlap"": 1, ""column_overlap"": 3}]",completed,82,10,63
500,367,proximal-replay,2,home,Cyrilla,100,100,100,,2,3,0,0,,128,"[{""word"": ""Cyrilla"", ""timed_overlap"": 2, ""column_overlap"": 3}, {""word"": ""leave"", ""timed_overlap"": 2, ""column_overlap"": 3}, {""word"": ""!"", ""timed_overlap"": 2, ""column_overlap"": 3}, {""word"": ""stern"", ""timed_overlap"": 2, ""column_overlap"": 3}, {""word"": ""seen"", ""timed_overlap"": 2, ""column_overlap"": 2}]",completed,73,10,63
500,367,proximal-replay,3,at,'s,95,95,95,,3,4,0,0,,145,"[{""word"": ""'s"", ""timed_overlap"": 3, ""column_overlap"": 4}, {""word"": ""course"", ""timed_overlap"": 2, ""column_overlap"": 4}, {""word"": ""fellows"", ""timed_overlap"": 2, ""column_overlap"": 3}, {""word"": ""gradual"", ""timed_overlap"": 2, ""column_overlap"": 3}, {""word"": ""snow"", ""timed_overlap"": 2, ""column_overlap"": 3}]",completed,73,10,54
500,367,proximal-replay,4,once,suit,97,97,97,,2,2,0,0,,90,"[{""word"": ""suit"", ""timed_overlap"": 2, ""column_overlap"": 2}, {""word"": ""throat"", ""timed_overlap"": 2, ""column_overlap"": 2}, {""word"": ""fry"", ""timed_overlap"": 1, ""column_overlap"": 4}, {""word"": ""disagreeable"", ""timed_overlap"": 1, ""column_overlap"": 3}, {""word"": ""hotel"", ""timed_overlap"": 1, ""column_overlap"": 3}]",completed,64,10,72
500,368,proximal-replay,1,'','',100,100,100,,2,2,2,2,1,124,"[{""word"": ""''"", ""timed_overlap"": 2, ""column_overlap"": 2}, {""word"": ""he"", ""timed_overlap"": 2, ""column_overlap"": 2}, {""word"": ""shall"", ""timed_overlap"": 2, ""column_overlap"": 2}, {""word"": ""wind"", ""timed_overlap"": 1, ""column_overlap"": 3}, {""word"": ""rat"", ""timed_overlap"": 1, ""column_overlap"": 3}]",completed,73,10,54
500,368,proximal-replay,2,I,said,99,99,99,,3,3,0,0,,95,"[{""word"": ""said"", ""timed_overlap"": 3, ""column_overlap"": 3}, {""word"": ""bust"", ""timed_overlap"": 2, ""column_overlap"": 3}, {""word"": ""Sometimes"", ""timed_overlap"": 2, ""column_overlap"": 3}, {""word"": ""Matthew"", ""timed_overlap"": 2, ""column_overlap"": 2}, {""word"": ""king"", ""timed_overlap"": 1, ""column_overlap"": 3}]",completed,64,10,63
500,368,proximal-replay,3,said,somehow,100,100,100,,2,3,0,0,,95,"[{""word"": ""somehow"", ""timed_overlap"": 2, ""column_overlap"": 3}, {""word"": ""tittered"", ""timed_overlap"": 1, ""column_overlap"": 3}, {""word"": ""mature"", ""timed_overlap"": 1, ""column_overlap"": 3}, {""word"": ""why"", ""timed_overlap"": 1, ""column_overlap"": 3}, {""word"": ""wilt"", ""timed_overlap"": 1, ""column_overlap"": 3}]",completed,73,10,54
500,368,proximal-replay,4,comfortingly,platform,96,96,96,,2,4,0,0,,118,"[{""word"": ""platform"", ""timed_overlap"": 2, ""column_overlap"": 4}, {""word"": ""Clow"", ""timed_overlap"": 2, ""column_overlap"": 2}, {""word"": ""Fellow"", ""timed_overlap"": 2, ""column_overlap"": 2}, {""word"": ""carriage"", ""timed_overlap"": 1, ""column_overlap"": 5}, {""word"": ""lads"", ""timed_overlap"": 1, ""column_overlap"": 5}]",completed,64,10,72
500,369,proximal-replay,1,you,Most,100,100,100,,2,4,0,0,,137,"[{""word"": ""Most"", ""timed_overlap"": 2, ""column_overlap"": 4}, {""word"": ""hot"", ""timed_overlap"": 2, ""column_overlap"": 3}, {""word"": ""times"", ""timed_overlap"": 2, ""column_overlap"": 3}, {""word"": ""amiss"", ""timed_overlap"": 1, ""column_overlap"": 4}, {""word"": ""early"", ""timed_overlap"": 1, ""column_overlap"": 3}]",completed,82,10,63
500,369,proximal-replay,2,lend,pity,98,98,98,,2,4,0,0,,125,"[{""word"": ""pity"", ""timed_overlap"": 2, ""column_overlap"": 4}, {""word"": ""Fellow"", ""timed_overlap"": 2, ""column_overlap"": 4}, {""word"": ""recovered"", ""timed_overlap"": 2, ""column_overlap"": 3}, {""word"": ""Beautiful"", ""timed_overlap"": 2, ""column_overlap"": 3}, {""word"": ""Next"", ""timed_overlap"": 2, ""column_overlap"": 3}]",completed,73,10,72
500,369,proximal-replay,3,us,on,96,96,96,,2,3,0,0,,157,"[{""word"": ""on"", ""timed_overlap"": 2, ""column_overlap"": 3}, {""word"": ""Taylor"", ""timed_overlap"": 2, ""column_overlap"": 3}, {""word"": ""set"", ""timed_overlap"": 2, ""column_overlap"": 2}, {""word"": ""into"", ""timed_overlap"": 1, ""column_overlap"": 3}, {""word"": ""staff"", ""timed_overlap"": 1, ""column_overlap"": 3}]",completed,82,10,63
500,369,proximal-replay,4,the,sentence,100,100,100,,2,3,0,0,,91,"[{""word"": ""sentence"", ""timed_overlap"": 2, ""column_overlap"": 3}, {""word"": ""Fellow"", ""timed_overlap"": 1, ""column_overlap"": 3}, {""word"": ""XXIII"", ""timed_overlap"": 1, ""column_overlap"": 3}, {""word"": ""angel"", ""timed_overlap"": 1, ""column_overlap"": 2}, {""word"": ""Assam"", ""timed_overlap"": 1, ""column_overlap"": 2}]",completed,73,10,72
500,370,proximal-replay,1,of,shake,100,100,100,,2,4,0,0,,143,"[{""word"": ""shake"", ""timed_overlap"": 2, ""column_overlap"": 4}, {""word"": ""married"", ""timed_overlap"": 2, ""column_overlap"": 4}, {""word"": ""impudent"", ""timed_overlap"": 2, ""column_overlap"": 3}, {""word"": ""egg"", ""timed_overlap"": 2, ""column_overlap"": 3}, {""word"": ""JAY"", ""timed_overlap"": 2, ""column_overlap"": 2}]",completed,82,10,63
500,370,proximal-replay,2,sentiment,added,98,98,98,,2,3,0,0,,141,"[{""word"": ""added"", ""timed_overlap"": 2, ""column_overlap"": 3}, {""word"": ""did"", ""timed_overlap"": 2, ""column_overlap"": 3}, {""word"": ""settle"", ""timed_overlap"": 2, ""column_overlap"": 3}, {""word"": ""most"", ""timed_overlap"": 2, ""column_overlap"": 3}, {""word"": ""mature"", ""timed_overlap"": 2, ""column_overlap"": 2}]",completed,73,10,64
500,370,proximal-replay,3,",",cup,94,94,94,,2,5,0,0,,112,"[{""word"": ""cup"", ""timed_overlap"": 2, ""column_overlap"": 5}, {""word"": ""withdrew"", ""timed_overlap"": 2, ""column_overlap"": 3}, {""word"": ""time"", ""timed_overlap"": 2, ""column_overlap"": 2}, {""word"": ""sight"", ""timed_overlap"": 2, ""column_overlap"": 2}, {""word"": ""waiting"", ""timed_overlap"": 2, ""column_overlap"": 2}]",completed,73,10,63
500,370,proximal-replay,4,but,'d,98,98,98,,3,3,0,0,,156,"[{""word"": ""'d"", ""timed_overlap"": 3, ""column_overlap"": 3}, {""word"": ""motionless"", ""timed_overlap"": 2, ""column_overlap"": 3}, {""word"": ""fixed"", ""timed_overlap"": 2, ""column_overlap"": 2}, {""word"": ""Afghans"", ""timed_overlap"": 2, ""column_overlap"": 2}, {""word"": ""neither"", ""timed_overlap"": 2, ""column_overlap"": 2}]",completed,73,10,54
500,371,proximal-replay,1,development,Bring,97,97,97,,2,4,1,3,10,129,"[{""word"": ""Bring"", ""timed_overlap"": 2, ""column_overlap"": 4}, {""word"": ""asked"", ""timed_overlap"": 2, ""column_overlap"": 2}, {""word"": ""Buster"", ""timed_overlap"": 2, ""column_overlap"": 2}, {""word"": ""good"", ""timed_overlap"": 2, ""column_overlap"": 2}, {""word"": ""from"", ""timed_overlap"": 2, ""column_overlap"": 2}]",completed,73,10,63
500,371,proximal-replay,2,of,rock,93,93,93,,2,3,0,0,,115,"[{""word"": ""rock"", ""timed_overlap"": 2, ""column_overlap"": 3}, {""word"": ""great"", ""timed_overlap"": 2, ""column_overlap"": 3}, {""word"": ""milk"", ""timed_overlap"": 1, ""column_overlap"": 3}, {""word"": ""whether"", ""timed_overlap"": 1, ""column_overlap"": 3}, {""word"": ""rented"", ""timed_overlap"": 1, ""column_overlap"": 3}]",completed,73,10,55
500,371,proximal-replay,3,some,She,100,100,100,,2,2,0,0,,113,"[{""word"": ""She"", ""timed_overlap"": 2, ""column_overlap"": 2}, {""word"": ""mud"", ""timed_overlap"": 1, ""column_overlap"": 4}, {""word"": ""caught"", ""timed_overlap"": 1, ""column_overlap"": 4}, {""word"": ""rose"", ""timed_overlap"": 1, ""column_overlap"": 3}, {""word"": ""Robert"", ""timed_overlap"": 1, ""column_overlap"": 3}]",completed,64,10,72
500,371,proximal-replay,4,rare,think,99,99,99,,2,3,0,0,,122,"[{""word"": ""think"", ""timed_overlap"": 2, ""column_overlap"": 3}, {""word"": ""Schmidt"", ""timed_overlap"": 2, ""column_overlap"": 2}, {""word"": ""rejoined"", ""timed_overlap"": 2, ""column_overlap"": 2}, {""word"": ""Up"", ""timed_overlap"": 2, ""column_overlap"": 2}, {""word"": ""everlasting"", ""timed_overlap"": 2, ""column_overlap"": 2}]",completed,82,10,63
500,372,proximal-replay,1,say,Take,100,100,100,,2,2,0,0,,119,"[{""word"": ""Take"", ""timed_overlap"": 2, ""column_overlap"": 2}, {""word"": ""locked"", ""timed_overlap"": 2, ""column_overlap"": 2}, {""word"": ""am"", ""timed_overlap"": 1, ""column_overlap"": 4}, {""word"": ""married"", ""timed_overlap"": 1, ""column_overlap"": 4}, {""word"": ""running"", ""timed_overlap"": 1, ""column_overlap"": 4}]",completed,100,10,63
500,372,proximal-replay,2,that,call,100,100,100,,2,3,0,0,,127,"[{""word"": ""call"", ""timed_overlap"": 2, ""column_overlap"": 3}, {""word"": ""pursuit"", ""timed_overlap"": 2, ""column_overlap"": 3}, {""word"": ""down"", ""timed_overlap"": 2, ""column_overlap"": 2}, {""word"": ""Charlotte"", ""timed_overlap"": 2, ""column_overlap"": 2}, {""word"": ""wasting"", ""timed_overlap"": 2, ""column_overlap"": 2}]",completed,73,10,63
500,372,proximal-replay,3,would,did,94,94,94,,2,2,0,0,,93,"[{""word"": ""did"", ""timed_overlap"": 2, ""column_overlap"": 2}, {""word"": ""marriage"", ""timed_overlap"": 2, ""column_overlap"": 2}, {""word"": ""for"", ""timed_overlap"": 1, ""column_overlap"": 4}, {""word"": ""said"", ""timed_overlap"": 1, ""column_overlap"": 3}, {""word"": ""Because"", ""timed_overlap"": 1, ""column_overlap"": 3}]",completed,73,10,63
500,372,proximal-replay,4,help,boy,100,100,100,,2,4,0,0,,149,"[{""word"": ""boy"", ""timed_overlap"": 2, ""column_overlap"": 4}, {""word"": ""any"", ""timed_overlap"": 2, ""column_overlap"": 2}, {""word"": ""breakfast"", ""timed_overlap"": 2, ""column_overlap"": 2}, {""word"": ""Jo"", ""timed_overlap"": 2, ""column_overlap"": 2}, {""word"": ""appeal"", ""timed_overlap"": 2, ""column_overlap"": 2}]",completed,73,10,54
500,373,proximal-replay,1,",",and,99,99,99,,2,3,0,0,,130,"[{""word"": ""and"", ""timed_overlap"": 2, ""column_overlap"": 3}, {""word"": ""house"", ""timed_overlap"": 2, ""column_overlap"": 2}, {""word"": ""Head"", ""timed_overlap"": 2, ""column_overlap"": 2}, {""word"": ""talked"", ""timed_overlap"": 1, ""column_overlap"": 4}, {""word"": ""chatter"", ""timed_overlap"": 1, ""column_overlap"": 4}]",completed,82,10,54
500,373,proximal-replay,2,in,particular,100,100,100,,2,2,0,0,,102,"[{""word"": ""particular"", ""timed_overlap"": 2, ""column_overlap"": 2}, {""word"": ""and"", ""timed_overlap"": 2, ""column_overlap"": 2}, {""word"": ""pleasant"", ""timed_overlap"": 2, ""column_overlap"": 2}, {""word"": ""longer"", ""timed_overlap"": 2, ""column_overlap"": 2}, {""word"": ""too"", ""timed_overlap"": 2, ""column_overlap"": 2}]",completed,64,10,72
500,373,proximal-replay,3,so,disrepitable,99,99,99,,2,2,0,0,,100,"[{""word"": ""disrepitable"", ""timed_overlap"": 2, ""column_overlap"": 2}, {""word"": ""Fellow"", ""timed_overlap"": 2, ""column_overlap"": 2}, {""word"": ""others"", ""timed_overlap"": 1, ""column_overlap"": 3}, {""word"": ""sisters"", ""timed_overlap"": 1, ""column_overlap"": 3}, {""word"": ""Alfin"", ""timed_overlap"": 1, ""column_overlap"": 3}]",completed,82,10,64
500,373,proximal-replay,4,far,ambitions,98,98,98,,2,3,0,0,,105,"[{""word"": ""ambitions"", ""timed_overlap"": 2, ""column_overlap"": 3}, {""word"": ""Lightfoot"", ""timed_overlap"": 2, ""column_overlap"": 3}, {""word"": ""month"", ""timed_overlap"": 1, ""column_overlap"": 4}, {""word"": ""feeling"", ""timed_overlap"": 1, ""column_overlap"": 4}, {""word"": ""Lung"", ""timed_overlap"": 1, ""column_overlap"": 4}]",completed,73,10,64
500,374,proximal-replay,1,",",happened,99,99,99,,2,4,0,0,,118,"[{""word"": ""happened"", ""timed_overlap"": 2, ""column_overlap"": 4}, {""word"": ""rat"", ""timed_overlap"": 2, ""column_overlap"": 3}, {""word"": ""Nan"", ""timed_overlap"": 2, ""column_overlap"": 3}, {""word"": ""spied"", ""timed_overlap"": 2, ""column_overlap"": 2}, {""word"": ""by"", ""timed_overlap"": 2, ""column_overlap"": 2}]",completed,82,10,72
500,374,proximal-replay,2,``,glad,99,99,99,,2,2,0,0,,94,"[{""word"": ""glad"", ""timed_overlap"": 2, ""column_overlap"": 2}, {""word"": ""distant"", ""timed_overlap"": 1, ""column_overlap"": 4}, {""word"": ""grasshoppers"", ""timed_overlap"": 1, ""column_overlap"": 3}, {""word"": ""happily"", ""timed_overlap"": 1, ""column_overlap"": 3}, {""word"": ""Besides"", ""timed_overlap"": 1, ""column_overlap"": 3}]",completed,82,10,72
500,374,proximal-replay,3,that,weigh,100,100,100,,2,3,0,0,,109,"[{""word"": ""weigh"", ""timed_overlap"": 2, ""column_overlap"": 3}, {""word"": ""stands"", ""timed_overlap"": 2, ""column_overlap"": 2}, {""word"": ""excuse"", ""timed_overlap"": 2, ""column_overlap"": 2}, {""word"": ""must"", ""timed_overlap"": 2, ""column_overlap"": 2}, {""word"": ""years"", ""timed_overlap"": 1, ""column_overlap"": 3}]",completed,82,10,72
500,374,proximal-replay,4,there,-LSB-,99,99,99,,3,3,0,0,,125,"[{""word"": ""-LSB-"", ""timed_overlap"": 3, ""column_overlap"": 3}, {""word"": ""three"", ""timed_overlap"": 2, ""column_overlap"": 3}, {""word"": ""impossible"", ""timed_overlap"": 2, ""column_overlap"": 2}, {""word"": ""color"", ""timed_overlap"": 2, ""column_overlap"": 2}, {""word"": ""writing"", ""timed_overlap"": 2, ""column_overlap"": 2}]",completed,82,10,63
500,375,proximal-replay,1,said,said,99,99,99,,3,3,3,3,1,95,"[{""word"": ""said"", ""timed_overlap"": 3, ""column_overlap"": 3}, {""word"": ""Sometimes"", ""timed_overlap"": 2, ""column_overlap"": 3}, {""word"": ""bust"", ""timed_overlap"": 2, ""column_overlap"": 3}, {""word"": ""Matthew"", ""timed_overlap"": 2, ""column_overlap"": 2}, {""word"": ""locked"", ""timed_overlap"": 1, ""column_overlap"": 3}]",completed,64,10,63
500,375,proximal-replay,2,the,somehow,100,100,100,,2,3,0,0,,95,"[{""word"": ""somehow"", ""timed_overlap"": 2, ""column_overlap"": 3}, {""word"": ""why"", ""timed_overlap"": 1, ""column_overlap"": 3}, {""word"": ""tittered"", ""timed_overlap"": 1, ""column_overlap"": 3}, {""word"": ""mature"", ""timed_overlap"": 1, ""column_overlap"": 3}, {""word"": ""reigned"", ""timed_overlap"": 1, ""column_overlap"": 3}]",completed,73,10,54
500,375,proximal-replay,3,red,platform,96,96,96,,2,4,0,0,,118,"[{""word"": ""platform"", ""timed_overlap"": 2, ""column_overlap"": 4}, {""word"": ""Fellow"", ""timed_overlap"": 2, ""column_overlap"": 2}, {""word"": ""Clow"", ""timed_overlap"": 2, ""column_overlap"": 2}, {""word"": ""lads"", ""timed_overlap"": 1, ""column_overlap"": 5}, {""word"": ""carriage"", ""timed_overlap"": 1, ""column_overlap"": 5}]",completed,64,10,72
500,375,proximal-replay,4,woman,frog,100,100,100,,2,3,0,0,,156,"[{""word"": ""frog"", ""timed_overlap"": 2, ""column_overlap"": 3}, {""word"": ""whitest"", ""timed_overlap"": 2, ""column_overlap"": 3}, {""word"": ""boy"", ""timed_overlap"": 2, ""column_overlap"": 3}, {""word"": ""grass"", ""timed_overlap"": 2, ""column_overlap"": 2}, {""word"": ""Sara"", ""timed_overlap"": 2, ""column_overlap"": 2}]",completed,82,10,45
500,376,proximal-replay,1,we,sit,97,97,97,,2,3,0,0,,119,"[{""word"": ""sit"", ""timed_overlap"": 2, ""column_overlap"": 3}, {""word"": ""danced"", ""timed_overlap"": 2, ""column_overlap"": 2}, {""word"": ""pleased"", ""timed_overlap"": 1, ""column_overlap"": 3}, {""word"": ""laid"", ""timed_overlap"": 1, ""column_overlap"": 3}, {""word"": ""sword"", ""timed_overlap"": 1, ""column_overlap"": 3}]",completed,82,10,63
500,376,proximal-replay,2,know,use,98,98,98,,2,4,0,0,,158,"[{""word"": ""use"", ""timed_overlap"": 2, ""column_overlap"": 4}, {""word"": ""motives"", ""timed_overlap"": 2, ""column_overlap"": 3}, {""word"": ""heated"", ""timed_overlap"": 2, ""column_overlap"": 3}, {""word"": ""Then"", ""timed_overlap"": 2, ""column_overlap"": 3}, {""word"": ""trim"", ""timed_overlap"": 2, ""column_overlap"": 2}]",completed,73,10,72
500,376,proximal-replay,3,Peoples,dreams,100,100,100,,2,4,0,0,,132,"[{""word"": ""dreams"", ""timed_overlap"": 2, ""column_overlap"": 4}, {""word"": ""talking"", ""timed_overlap"": 2, ""column_overlap"": 3}, {""word"": ""likes"", ""timed_overlap"": 2, ""column_overlap"": 3}, {""word"": ""teeth"", ""timed_overlap"": 2, ""column_overlap"": 2}, {""word"": ""noticed"", ""timed_overlap"": 2, ""column_overlap"": 2}]",completed,82,10,54
500,376,proximal-replay,4,that,Just,98,98,98,,2,5,0,0,,118,"[{""word"": ""Just"", ""timed_overlap"": 2, ""column_overlap"": 5}, {""word"": ""!"", ""timed_overlap"": 2, ""column_overlap"": 4}, {""word"": ""'m"", ""timed_overlap"": 2, ""column_overlap"": 2}, {""word"": ""shoulders"", ""timed_overlap"": 1, ""column_overlap"": 3}, {""word"": ""Lynde"", ""timed_overlap"": 1, ""column_overlap"": 3}]",completed,64,10,72
500,377,proximal-replay,1,the,should,98,98,98,,2,4,0,0,,147,"[{""word"": ""should"", ""timed_overlap"": 2, ""column_overlap"": 4}, {""word"": ""drawing"", ""timed_overlap"": 2, ""column_overlap"": 3}, {""word"": ""Shall"", ""timed_overlap"": 2, ""column_overlap"": 3}, {""word"": ""good"", ""timed_overlap"": 2, ""column_overlap"": 3}, {""word"": ""concluded"", ""timed_overlap"": 2, ""column_overlap"": 3}]",completed,55,10,63
500,377,proximal-replay,2,boys,She,100,100,100,,2,3,0,0,,98,"[{""word"": ""She"", ""timed_overlap"": 2, ""column_overlap"": 3}, {""word"": ""misty"", ""timed_overlap"": 2, ""column_overlap"": 3}, {""word"": ""impossible"", ""timed_overlap"": 2, ""column_overlap"": 2}, {""word"": ""Princess"", ""timed_overlap"": 1, ""column_overlap"": 4}, {""word"": ""If"", ""timed_overlap"": 1, ""column_overlap"": 3}]",completed,73,10,72
500,377,proximal-replay,3,immensely,teach,99,99,99,,2,3,0,0,,119,"[{""word"": ""teach"", ""timed_overlap"": 2, ""column_overlap"": 3}, {""word"": ""shy"", ""timed_overlap"": 2, ""column_overlap"": 3}, {""word"": ""fall"", ""timed_overlap"": 1, ""column_overlap"": 3}, {""word"": ""welcome"", ""timed_overlap"": 1, ""column_overlap"": 3}, {""word"": ""open"", ""timed_overlap"": 1, ""column_overlap"": 3}]",completed,82,10,63
500,377,proximal-replay,4,;,Here,99,99,99,,2,3,0,0,,112,"[{""word"": ""Here"", ""timed_overlap"": 2, ""column_overlap"": 3}, {""word"": ""Miss"", ""timed_overlap"": 2, ""column_overlap"": 3}, {""word"": ""might"", ""timed_overlap"": 2, ""column_overlap"": 2}, {""word"": ""concluded"", ""timed_overlap"": 1, ""column_overlap"": 3}, {""word"": ""whither"", ""timed_overlap"": 1, ""column_overlap"": 3}]",completed,73,10,63
500,378,proximal-replay,1,think,Felicity,100,100,100,,3,4,0,0,,123,"[{""word"": ""Felicity"", ""timed_overlap"": 3, ""column_overlap"": 4}, {""word"": ""dreams"", ""timed_overlap"": 2, ""column_overlap"": 3}, {""word"": ""beautiful"", ""timed_overlap"": 2, ""column_overlap"": 2}, {""word"": ""departs"", ""timed_overlap"": 2, ""column_overlap"": 2}, {""word"": ""cake"", ""timed_overlap"": 2, ""column_overlap"": 2}]",completed,91,10,63
500,378,proximal-replay,2,of,strange,91,91,91,,3,3,0,0,,148,"[{""word"": ""strange"", ""timed_overlap"": 3, ""column_overlap"": 3}, {""word"": ""accounts"", ""timed_overlap"": 2, ""column_overlap"": 7}, {""word"": ""Christ-child"", ""timed_overlap"": 2, ""column_overlap"": 3}, {""word"": ""drew"", ""timed_overlap"": 2, ""column_overlap"": 3}, {""word"": ""tunnels"", ""timed_overlap"": 2, ""column_overlap"": 3}]",completed,73,10,64
500,378,proximal-replay,3,any,After,97,97,97,,2,3,0,0,,148,"[{""word"": ""After"", ""timed_overlap"": 2, ""column_overlap"": 3}, {""word"": ""forth"", ""timed_overlap"": 2, ""column_overlap"": 2}, {""word"": ""I"", ""timed_overlap"": 2, ""column_overlap"": 2}, {""word"": ""order"", ""timed_overlap"": 2, ""column_overlap"": 2}, {""word"": ""fortunate"", ""timed_overlap"": 1, ""column_overlap"": 4}]",completed,73,10,72
500,378,proximal-replay,4,earthly,put,100,100,100,,2,4,0,0,,97,"[{""word"": ""put"", ""timed_overlap"": 2, ""column_overlap"": 4}, {""word"": ""never"", ""timed_overlap"": 2, ""column_overlap"": 3}, {""word"": ""Hippocrates"", ""timed_overlap"": 2, ""column_overlap"": 2}, {""word"": ""altogether"", ""timed_overlap"": 2, ""column_overlap"": 2}, {""word"": ""Pivi"", ""timed_overlap"": 1, ""column_overlap"": 4}]",completed,82,10,72
500,379,proximal-replay,1,look,'',100,100,100,,2,2,0,0,,125,"[{""word"": ""''"", ""timed_overlap"": 2, ""column_overlap"": 2}, {""word"": ""he"", ""timed_overlap"": 2, ""column_overlap"": 2}, {""word"": ""those"", ""timed_overlap"": 1, ""column_overlap"": 4}, {""word"": ""inches"", ""timed_overlap"": 1, ""column_overlap"": 4}, {""word"": ""wind"", ""timed_overlap"": 1, ""column_overlap"": 4}]",completed,82,10,63
500,379,proximal-replay,2,yonder,said,99,99,99,,3,3,0,0,,112,"[{""word"": ""said"", ""timed_overlap"": 3, ""column_overlap"": 3}, {""word"": ""for"", ""timed_overlap"": 2, ""column_overlap"": 3}, {""word"": ""Matthew"", ""timed_overlap"": 2, ""column_overlap"": 2}, {""word"": ""Sometimes"", ""timed_overlap"": 2, ""column_overlap"": 2}, {""word"": ""RABBIT"", ""timed_overlap"": 1, ""column_overlap"": 4}]",completed,73,10,63
500,379,proximal-replay,3,at,somehow,100,100,100,,2,3,0,0,,95,"[{""word"": ""somehow"", ""timed_overlap"": 2, ""column_overlap"": 3}, {""word"": ""why"", ""timed_overlap"": 1, ""column_overlap"": 3}, {""word"": ""wilt"", ""timed_overlap"": 1, ""column_overlap"": 3}, {""word"": ""mature"", ""timed_overlap"": 1, ""column_overlap"": 3}, {""word"": ""tittered"", ""timed_overlap"": 1, ""column_overlap"": 3}]",completed,73,10,54
500,379,proximal-replay,4,the,platform,96,96,96,,2,4,0,0,,118,"[{""word"": ""platform"", ""timed_overlap"": 2, ""column_overlap"": 4}, {""word"": ""Fellow"", ""timed_overlap"": 2, ""column_overlap"": 2}, {""word"": ""Clow"", ""timed_overlap"": 2, ""column_overlap"": 2}, {""word"": ""lads"", ""timed_overlap"": 1, ""column_overlap"": 5}, {""word"": ""carriage"", ""timed_overlap"": 1, ""column_overlap"": 5}]",completed,64,10,72
500,380,proximal-replay,1,made,been,97,97,97,,3,4,1,1,84,123,"[{""word"": ""been"", ""timed_overlap"": 3, ""column_overlap"": 4}, {""word"": ""needle"", ""timed_overlap"": 2, ""column_overlap"": 2}, {""word"": ""caress"", ""timed_overlap"": 2, ""column_overlap"": 2}, {""word"": ""present"", ""timed_overlap"": 2, ""column_overlap"": 2}, {""word"": ""why"", ""timed_overlap"": 2, ""column_overlap"": 2}]",completed,64,10,36
500,380,proximal-replay,2,a,an,95,95,95,,5,5,0,0,,116,"[{""word"": ""an"", ""timed_overlap"": 5, ""column_overlap"": 5}, {""word"": ""ye"", ""timed_overlap"": 2, ""column_overlap"": 2}, {""word"": ""suited"", ""timed_overlap"": 2, ""column_overlap"": 2}, {""word"": ""planned"", ""timed_overlap"": 2, ""column_overlap"": 2}, {""word"": ""sluggish"", ""timed_overlap"": 2, ""column_overlap"": 2}]",completed,46,10,45
500,380,proximal-replay,3,mistake,elder,95,95,95,,3,3,0,0,,141,"[{""word"": ""elder"", ""timed_overlap"": 3, ""column_overlap"": 3}, {""word"": ""shimmer"", ""timed_overlap"": 2, ""column_overlap"": 4}, {""word"": ""think"", ""timed_overlap"": 2, ""column_overlap"": 3}, {""word"": ""helmet"", ""timed_overlap"": 2, ""column_overlap"": 3}, {""word"": ""find"", ""timed_overlap"": 2, ""column_overlap"": 3}]",completed,55,10,54
500,380,proximal-replay,4,in,lay,93,93,93,,2,5,1,1,88,150,"[{""word"": ""lay"", ""timed_overlap"": 2, ""column_overlap"": 5}, {""word"": ""Shall"", ""timed_overlap"": 2, ""column_overlap"": 2}, {""word"": ""lump"", ""timed_overlap"": 2, ""column_overlap"": 2}, {""word"": ""Wendy"", ""timed_overlap"": 2, ""column_overlap"": 2}, {""word"": ""It"", ""timed_overlap"": 2, ""column_overlap"": 2}]",completed,64,10,63
500,381,proximal-replay,1,of,these,100,100,100,,2,2,0,0,,105,"[{""word"": ""these"", ""timed_overlap"": 2, ""column_overlap"": 2}, {""word"": ""Glen"", ""timed_overlap"": 1, ""column_overlap"": 3}, {""word"": ""kill"", ""timed_overlap"": 1, ""column_overlap"": 3}, {""word"": ""excluded"", ""timed_overlap"": 1, ""column_overlap"": 3}, {""word"": ""departs"", ""timed_overlap"": 1, ""column_overlap"": 3}]",completed,91,10,63
500,381,proximal-replay,2,mosquito,Arts,97,97,97,,2,4,0,0,,129,"[{""word"": ""Arts"", ""timed_overlap"": 2, ""column_overlap"": 4}, {""word"": ""Laurie"", ""timed_overlap"": 2, ""column_overlap"": 3}, {""word"": ""frog"", ""timed_overlap"": 2, ""column_overlap"": 3}, {""word"": ""'m"", ""timed_overlap"": 2, ""column_overlap"": 2}, {""word"": ""however"", ""timed_overlap"": 1, ""column_overlap"": 4}]",completed,73,10,72
500,381,proximal-replay,3,netting,be,100,100,100,,3,3,0,0,,133,"[{""word"": ""be"", ""timed_overlap"": 3, ""column_overlap"": 3}, {""word"": ""thinks"", ""timed_overlap"": 2, ""column_overlap"": 3}, {""word"": ""embrace"", ""timed_overlap"": 2, ""column_overlap"": 2}, {""word"": ""writing"", ""timed_overlap"": 2, ""column_overlap"": 2}, {""word"": ""succeeded"", ""timed_overlap"": 2, ""column_overlap"": 2}]",completed,82,10,54
500,381,proximal-replay,4,for,See,100,100,100,,2,3,0,0,,131,"[{""word"": ""See"", ""timed_overlap"": 2, ""column_overlap"": 3}, {""word"": ""added"", ""timed_overlap"": 2, ""column_overlap"": 2}, {""word"": ""its"", ""timed_overlap"": 2, ""column_overlap"": 2}, {""word"": ""hands"", ""timed_overlap"": 2, ""column_overlap"": 2}, {""word"": ""Hippocrates"", ""timed_overlap"": 1, ""column_overlap"": 3}]",completed,64,10,54
500,382,proximal-replay,1,for,tracks,98,98,98,,3,4,1,2,40,125,"[{""word"": ""tracks"", ""timed_overlap"": 3, ""column_overlap"": 4}, {""word"": ""Old"", ""timed_overlap"": 2, ""column_overlap"": 4}, {""word"": ""tells"", ""timed_overlap"": 2, ""column_overlap"": 3}, {""word"": ""soft"", ""timed_overlap"": 2, ""column_overlap"": 3}, {""word"": ""turns"", ""timed_overlap"": 2, ""column_overlap"": 3}]",completed,91,10,55
500,382,proximal-replay,2,trying,added,98,98,98,,2,4,0,0,,125,"[{""word"": ""added"", ""timed_overlap"": 2, ""column_overlap"": 4}, {""word"": ""shoulders"", ""timed_overlap"": 2, ""column_overlap"": 3}, {""word"": ""rose"", ""timed_overlap"": 2, ""column_overlap"": 3}, {""word"": ""dragging"", ""timed_overlap"": 2, ""column_overlap"": 3}, {""word"": ""boy"", ""timed_overlap"": 1, ""column_overlap"": 4}]",completed,64,10,72
500,382,proximal-replay,3,to,central,100,100,100,,2,2,0,0,,114,"[{""word"": ""central"", ""timed_overlap"": 2, ""column_overlap"": 2}, {""word"": ""turning"", ""timed_overlap"": 2, ""column_overlap"": 2}, {""word"": ""grasshoppers"", ""timed_overlap"": 2, ""column_overlap"": 2}, {""word"": ""There"", ""timed_overlap"": 2, ""column_overlap"": 2}, {""word"": ""XV"", ""timed_overlap"": 1, ""column_overlap"": 4}]",completed,82,10,72
500,382,proximal-replay,4,peck,round,98,98,98,,2,3,0,0,,121,"[{""word"": ""round"", ""timed_overlap"": 2, ""column_overlap"": 3}, {""word"": ""Williamson"", ""timed_overlap"": 2, ""column_overlap"": 2}, {""word"": ""Eric"", ""timed_overlap"": 1, ""column_overlap"": 4}, {""word"": ""pen"", ""timed_overlap"": 1, ""column_overlap"": 4}, {""word"": ""Good-bye"", ""timed_overlap"": 1, ""column_overlap"": 4}]",completed,82,10,72
500,383,proximal-replay,1,was,right,99,99,99,,3,3,1,1,96,136,"[{""word"": ""right"", ""timed_overlap"": 3, ""column_overlap"": 3}, {""word"": ""of"", ""timed_overlap"": 2, ""column_overlap"": 4}, {""word"": ""growled"", ""timed_overlap"": 2, ""column_overlap"": 3}, {""word"": ""particular"", ""timed_overlap"": 2, ""column_overlap"": 2}, {""word"": ""behind"", ""timed_overlap"": 1, ""column_overlap"": 4}]",completed,73,10,54
500,383,proximal-replay,2,Lung,My,92,92,92,,2,4,0,0,,154,"[{""word"": ""My"", ""timed_overlap"": 2, ""column_overlap"": 4}, {""word"": ""around"", ""timed_overlap"": 2, ""column_overlap"": 3}, {""word"": ""uneasy"", ""timed_overlap"": 2, ""column_overlap"": 3}, {""word"": ""major"", ""timed_overlap"": 2, ""column_overlap"": 2}, {""word"": ""Pekoe"", ""timed_overlap"": 2, ""column_overlap"": 2}]",completed,64,10,72
500,383,proximal-replay,3,Woman,I,100,100,100,,2,3,0,0,,138,"[{""word"": ""I"", ""timed_overlap"": 2, ""column_overlap"": 3}, {""word"": ""three"", ""timed_overlap"": 2, ""column_overlap"": 2}, {""word"": ""field"", ""timed_overlap"": 2, ""column_overlap"": 2}, {""word"": ""such"", ""timed_overlap"": 2, ""column_overlap"": 2}, {""word"": ""money"", ""timed_overlap"": 2, ""column_overlap"": 2}]",completed,82,10,63
500,383,proximal-replay,4,",",fire,100,100,100,,2,2,0,0,,98,"[{""word"": ""fire"", ""timed_overlap"": 2, ""column_overlap"": 2}, {""word"": ""tailing"", ""timed_overlap"": 2, ""column_overlap"": 2}, {""word"": ""'m"", ""timed_overlap"": 2, ""column_overlap"": 2}, {""word"": ""Davis"", ""timed_overlap"": 1, ""column_overlap"": 3}, {""word"": ""thought"", ""timed_overlap"": 1, ""column_overlap"": 3}]",completed,73,10,63
500,384,proximal-replay,1,unexpected,solemnly,97,97,97,,3,3,2,2,10,145,"[{""word"": ""solemnly"", ""timed_overlap"": 3, ""column_overlap"": 3}, {""word"": ""keen"", ""timed_overlap"": 2, ""column_overlap"": 4}, {""word"": ""excluded"", ""timed_overlap"": 2, ""column_overlap"": 3}, {""word"": ""Folk"", ""timed_overlap"": 2, ""column_overlap"": 2}, {""word"": ""wondered"", ""timed_overlap"": 2, ""column_overlap"": 2}]",completed,46,10,45
500,384,proximal-replay,2,check,motionless,98,98,98,,2,4,0,0,,125,"[{""word"": ""motionless"", ""timed_overlap"": 2, ""column_overlap"": 4}, {""word"": ""tree"", ""timed_overlap"": 2, ""column_overlap"": 3}, {""word"": ""pity"", ""timed_overlap"": 2, ""column_overlap"": 3}, {""word"": ""unexpected"", ""timed_overlap"": 2, ""column_overlap"": 2}, {""word"": ""thrifty"", ""timed_overlap"": 2, ""column_overlap"": 2}]",completed,55,10,72
500,384,proximal-replay,3,",",such,99,99,99,,2,3,0,0,,110,"[{""word"": ""such"", ""timed_overlap"": 2, ""column_overlap"": 3}, {""word"": ""weigh"", ""timed_overlap"": 2, ""column_overlap"": 2}, {""word"": ""ate"", ""timed_overlap"": 1, ""column_overlap"": 4}, {""word"": ""any"", ""timed_overlap"": 1, ""column_overlap"": 3}, {""word"": ""also"", ""timed_overlap"": 1, ""column_overlap"": 3}]",completed,82,10,63
500,384,proximal-replay,4,for,Behind,99,99,99,,2,4,0,0,,111,"[{""word"": ""Behind"", ""timed_overlap"": 2, ""column_overlap"": 4}, {""word"": ""SAMMY"", ""timed_overlap"": 2, ""column_overlap"": 3}, {""word"": ""command"", ""timed_overlap"": 2, ""column_overlap"": 3}, {""word"": ""resisted"", ""timed_overlap"": 2, ""column_overlap"": 2}, {""word"": ""recitations"", ""timed_overlap"": 1, ""column_overlap"": 5}]",completed,73,10,63
500,385,proximal-replay,1,on,fighting,100,100,100,,2,2,0,0,,111,"[{""word"": ""fighting"", ""timed_overlap"": 2, ""column_overlap"": 2}, {""word"": ""moment"", ""timed_overlap"": 1, ""column_overlap"": 4}, {""word"": ""misty"", ""timed_overlap"": 1, ""column_overlap"": 3}, {""word"": ""wonder"", ""timed_overlap"": 1, ""column_overlap"": 3}, {""word"": ""cheering"", ""timed_overlap"": 1, ""column_overlap"": 3}]",completed,91,10,63
500,385,proximal-replay,2,his,taking,98,98,98,,2,3,0,0,,122,"[{""word"": ""taking"", ""timed_overlap"": 2, ""column_overlap"": 3}, {""word"": ""Gray"", ""timed_overlap"": 2, ""column_overlap"": 3}, {""word"": ""suited"", ""timed_overlap"": 2, ""column_overlap"": 2}, {""word"": ""length"", ""timed_overlap"": 2, ""column_overlap"": 2}, {""word"": ""visitors"", ""timed_overlap"": 2, ""column_overlap"": 2}]",completed,73,10,72
500,385,proximal-replay,3,face,'m,96,96,96,,2,4,0,0,,142,"[{""word"": ""'m"", ""timed_overlap"": 2, ""column_overlap"": 4}, {""word"": ""remarked"", ""timed_overlap"": 2, ""column_overlap"": 3}, {""word"": ""will"", ""timed_overlap"": 2, ""column_overlap"": 3}, {""word"": ""mature"", ""timed_overlap"": 2, ""column_overlap"": 2}, {""word"": ""good"", ""timed_overlap"": 2, ""column_overlap"": 2}]",completed,82,10,72
500,385,proximal-replay,4,",",wish,100,100,100,,2,2,0,0,,96,"[{""word"": ""wish"", ""timed_overlap"": 2, ""column_overlap"": 2}, {""word"": ""Great"", ""timed_overlap"": 1, ""column_overlap"": 4}, {""word"": ""common"", ""timed_overlap"": 1, ""column_overlap"": 3}, {""word"": ""wandered"", ""timed_overlap"": 1, ""column_overlap"": 3}, {""word"": ""dragon"", ""timed_overlap"": 1, ""column_overlap"": 3}]",completed,82,10,63
500,386,proximal-replay,1,for,lest,98,98,98,,2,3,0,0,,107,"[{""word"": ""lest"", ""timed_overlap"": 2, ""column_overlap"": 3}, {""word"": ""succeeded"", ""timed_overlap"": 2, ""column_overlap"": 3}, {""word"": ""WATCH"", ""timed_overlap"": 2, ""column_overlap"": 2}, {""word"": ""Hugh"", ""timed_overlap"": 2, ""column_overlap"": 2}, {""word"": ""Carrots"", ""timed_overlap"": 2, ""column_overlap"": 2}]",completed,82,10,72
500,386,proximal-replay,2,some,dine,99,99,99,,2,3,0,0,,121,"[{""word"": ""dine"", ""timed_overlap"": 2, ""column_overlap"": 3}, {""word"": ""Scrooge"", ""timed_overlap"": 2, ""column_overlap"": 3}, {""word"": ""alarm"", ""timed_overlap"": 2, ""column_overlap"": 2}, {""word"": ""locked"", ""timed_overlap"": 2, ""column_overlap"": 2}, {""word"": ""aunt"", ""timed_overlap"": 1, ""column_overlap"": 4}]",completed,82,10,63
500,386,proximal-replay,3,way,arrived,98,98,98,,2,3,0,0,,134,"[{""word"": ""arrived"", ""timed_overlap"": 2, ""column_overlap"": 3}, {""word"": ""timid"", ""timed_overlap"": 2, ""column_overlap"": 2}, {""word"": ""resent"", ""timed_overlap"": 2, ""column_overlap"": 2}, {""word"": ""train"", ""timed_overlap"": 2, ""column_overlap"": 2}, {""word"": ""His"", ""timed_overlap"": 1, ""column_overlap"": 3}]",completed,73,10,63
500,386,proximal-replay,4,",",Pivi,100,100,100,,2,4,0,0,,133,"[{""word"": ""Pivi"", ""timed_overlap"": 2, ""column_overlap"": 4}, {""word"": ""wish"", ""timed_overlap"": 2, ""column_overlap"": 4}, {""word"": ""anything"", ""timed_overlap"": 2, ""column_overlap"": 4}, {""word"": ""eaten"", ""timed_overlap"": 2, ""column_overlap"": 2}, {""word"": ""forget"", ""timed_overlap"": 2, ""column_overlap"": 2}]",completed,73,10,54
500,387,proximal-replay,1,and,'',100,100,100,,2,2,1,2,39,110,"[{""word"": ""''"", ""timed_overlap"": 2, ""column_overlap"": 2}, {""word"": ""She"", ""timed_overlap"": 2, ""column_overlap"": 2}, {""word"": ""care"", ""timed_overlap"": 1, ""column_overlap"": 4}, {""word"": ""those"", ""timed_overlap"": 1, ""column_overlap"": 4}, {""word"": ""own"", ""timed_overlap"": 1, ""column_overlap"": 4}]",completed,91,10,54
500,387,proximal-replay,2,tore,said,99,99,99,,3,3,0,0,,95,"[{""word"": ""said"", ""timed_overlap"": 3, ""column_overlap"": 3}, {""word"": ""Sometimes"", ""timed_overlap"": 2, ""column_overlap"": 3}, {""word"": ""bust"", ""timed_overlap"": 2, ""column_overlap"": 3}, {""word"": ""Matthew"", ""timed_overlap"": 2, ""column_overlap"": 2}, {""word"": ""RABBIT"", ""timed_overlap"": 1, ""column_overlap"": 3}]",completed,64,10,63
500,387,proximal-replay,3,through,somehow,100,100,100,,2,3,0,0,,95,"[{""word"": ""somehow"", ""timed_overlap"": 2, ""column_overlap"": 3}, {""word"": ""wilt"", ""timed_overlap"": 1, ""column_overlap"": 3}, {""word"": ""tittered"", ""timed_overlap"": 1, ""column_overlap"": 3}, {""word"": ""why"", ""timed_overlap"": 1, ""column_overlap"": 3}, {""word"": ""mature"", ""timed_overlap"": 1, ""column_overlap"": 3}]",completed,73,10,54
500,387,proximal-replay,4,the,platform,96,96,96,,2,4,0,0,,118,"[{""word"": ""platform"", ""timed_overlap"": 2, ""column_overlap"": 4}, {""word"": ""Clow"", ""timed_overlap"": 2, ""column_overlap"": 2}, {""word"": ""Fellow"", ""timed_overlap"": 2, ""column_overlap"": 2}, {""word"": ""carriage"", ""timed_overlap"": 1, ""column_overlap"": 5}, {""word"": ""lads"", ""timed_overlap"": 1, ""column_overlap"": 5}]",completed,64,10,72
500,388,proximal-replay,1,had,palace,100,100,100,,2,3,1,2,40,94,"[{""word"": ""palace"", ""timed_overlap"": 2, ""column_overlap"": 3}, {""word"": ""breath"", ""timed_overlap"": 2, ""column_overlap"": 3}, {""word"": ""cried"", ""timed_overlap"": 2, ""column_overlap"": 3}, {""word"": ""reluctantly"", ""timed_overlap"": 2, ""column_overlap"": 2}, {""word"": ""ogress"", ""timed_overlap"": 2, ""column_overlap"": 2}]",completed,82,10,72
500,388,proximal-replay,2,frightened,impudent,98,98,98,,2,4,0,0,,130,"[{""word"": ""impudent"", ""timed_overlap"": 2, ""column_overlap"": 4}, {""word"": ""worse"", ""timed_overlap"": 2, ""column_overlap"": 3}, {""word"": ""hotel"", ""timed_overlap"": 2, ""column_overlap"": 3}, {""word"": ""quaggi"", ""timed_overlap"": 2, ""column_overlap"": 2}, {""word"": ""played"", ""timed_overlap"": 2, ""column_overlap"": 2}]",completed,82,10,63
500,388,proximal-replay,3,other,stories,99,99,99,,2,4,1,1,130,146,"[{""word"": ""stories"", ""timed_overlap"": 2, ""column_overlap"": 4}, {""word"": ""lie"", ""timed_overlap"": 2, ""column_overlap"": 3}, {""word"": ""staring"", ""timed_overlap"": 2, ""column_overlap"": 2}, {""word"": ""master"", ""timed_overlap"": 2, ""column_overlap"": 2}, {""word"": ""eye"", ""timed_overlap"": 2, ""column_overlap"": 2}]",completed,73,10,72
500,388,proximal-replay,4,people,order,99,99,99,,2,3,0,0,,96,"[{""word"": ""order"", ""timed_overlap"": 2, ""column_overlap"": 3}, {""word"": ""pen"", ""timed_overlap"": 2, ""column_overlap"": 3}, {""word"": ""wheeled"", ""timed_overlap"": 2, ""column_overlap"": 2}, {""word"": ""I"", ""timed_overlap"": 2, ""column_overlap"": 2}, {""word"": ""To"", ""timed_overlap"": 2, ""column_overlap"": 2}]",completed,82,10,63
500,389,proximal-replay,1,to,Schmidt,97,97,97,,2,4,0,0,,143,"[{""word"": ""Schmidt"", ""timed_overlap"": 2, ""column_overlap"": 4}, {""word"": ""Here"", ""timed_overlap"": 2, ""column_overlap"": 3}, {""word"": ""while"", ""timed_overlap"": 2, ""column_overlap"": 3}, {""word"": ""reserved"", ""timed_overlap"": 2, ""column_overlap"": 3}, {""word"": ""altogether"", ""timed_overlap"": 2, ""column_overlap"": 2}]",completed,82,10,73
500,389,proximal-replay,2,go,likes,99,99,99,,2,2,0,0,,124,"[{""word"": ""likes"", ""timed_overlap"": 2, ""column_overlap"": 2}, {""word"": ""angrily"", ""timed_overlap"": 1, ""column_overlap"": 5}, {""word"": ""David"", ""timed_overlap"": 1, ""column_overlap"": 4}, {""word"": ""silence"", ""timed_overlap"": 1, ""column_overlap"": 3}, {""word"": ""went"", ""timed_overlap"": 1, ""column_overlap"": 3}]",completed,82,10,72
500,389,proximal-replay,3,to,word,100,100,100,,2,3,0,0,,138,"[{""word"": ""word"", ""timed_overlap"": 2, ""column_overlap"": 3}, {""word"": ""III"", ""timed_overlap"": 2, ""column_overlap"": 2}, {""word"": ""woods"", ""timed_overlap"": 2, ""column_overlap"": 2}, {""word"": ""of"", ""timed_overlap"": 2, ""column_overlap"": 2}, {""word"": ""enchanted"", ""timed_overlap"": 2, ""column_overlap"": 2}]",completed,82,10,63
500,389,proximal-replay,4,her,certainly,100,100,100,,2,3,0,0,,105,"[{""word"": ""certainly"", ""timed_overlap"": 2, ""column_overlap"": 3}, {""word"": ""Parsee"", ""timed_overlap"": 2, ""column_overlap"": 3}, {""word"": ""cup"", ""timed_overlap"": 2, ""column_overlap"": 2}, {""word"": ""chop"", ""timed_overlap"": 2, ""column_overlap"": 2}, {""word"": ""wrote"", ""timed_overlap"": 2, ""column_overlap"": 2}]",completed,73,10,72
500,390,proximal-replay,1,very,drank,100,100,100,,2,3,0,0,,107,"[{""word"": ""drank"", ""timed_overlap"": 2, ""column_overlap"": 3}, {""word"": ""I"", ""timed_overlap"": 2, ""column_overlap"": 2}, {""word"": ""round"", ""timed_overlap"": 2, ""column_overlap"": 2}, {""word"": ""worked"", ""timed_overlap"": 2, ""column_overlap"": 2}, {""word"": ""length"", ""timed_overlap"": 2, ""column_overlap"": 2}]",completed,73,10,72
500,390,proximal-replay,2,keen,times,98,98,98,,2,5,0,0,,131,"[{""word"": ""times"", ""timed_overlap"": 2, ""column_overlap"": 5}, {""word"": ""servant"", ""timed_overlap"": 2, ""column_overlap"": 3}, {""word"": ""stop"", ""timed_overlap"": 2, ""column_overlap"": 3}, {""word"": ""AND"", ""timed_overlap"": 2, ""column_overlap"": 3}, {""word"": ""hate"", ""timed_overlap"": 2, ""column_overlap"": 2}]",completed,82,10,72
500,390,proximal-replay,3,",",while,98,98,98,,2,3,0,0,,121,"[{""word"": ""while"", ""timed_overlap"": 2, ""column_overlap"": 3}, {""word"": ""taste"", ""timed_overlap"": 2, ""column_overlap"": 3}, {""word"": ""detest"", ""timed_overlap"": 2, ""column_overlap"": 3}, {""word"": ""apart"", ""timed_overlap"": 2, ""column_overlap"": 2}, {""word"": ""mind"", ""timed_overlap"": 2, ""column_overlap"": 2}]",completed,82,10,72
500,390,proximal-replay,4,and,recovered,94,94,94,,2,3,0,0,,108,"[{""word"": ""recovered"", ""timed_overlap"": 2, ""column_overlap"": 3}, {""word"": ""lifted"", ""timed_overlap"": 2, ""column_overlap"": 3}, {""word"": ""always"", ""timed_overlap"": 2, ""column_overlap"": 3}, {""word"": ""April"", ""timed_overlap"": 2, ""column_overlap"": 2}, {""word"": ""Then"", ""timed_overlap"": 2, ""column_overlap"": 2}]",completed,82,10,74
500,391,proximal-replay,1,wo,Betty,98,98,98,,2,3,1,3,13,134,"[{""word"": ""Betty"", ""timed_overlap"": 2, ""column_overlap"": 3}, {""word"": ""seemed"", ""timed_overlap"": 2, ""column_overlap"": 2}, {""word"": ""tasted"", ""timed_overlap"": 1, ""column_overlap"": 4}, {""word"": ""Ismay"", ""timed_overlap"": 1, ""column_overlap"": 4}, {""word"": ""willow"", ""timed_overlap"": 1, ""column_overlap"": 3}]",completed,73,10,72
500,391,proximal-replay,2,n't,treat,100,100,100,,2,3,0,0,,120,"[{""word"": ""treat"", ""timed_overlap"": 2, ""column_overlap"": 3}, {""word"": ""grotto"", ""timed_overlap"": 2, ""column_overlap"": 2}, {""word"": ""water"", ""timed_overlap"": 2, ""column_overlap"": 2}, {""word"": ""touched"", ""timed_overlap"": 2, ""column_overlap"": 2}, {""word"": ""spur"", ""timed_overlap"": 1, ""column_overlap"": 4}]",completed,82,10,72
500,391,proximal-replay,3,require,breakfast,97,97,97,,2,3,0,0,,139,"[{""word"": ""breakfast"", ""timed_overlap"": 2, ""column_overlap"": 3}, {""word"": ""marriage"", ""timed_overlap"": 2, ""column_overlap"": 2}, {""word"": ""twilight"", ""timed_overlap"": 2, ""column_overlap"": 2}, {""word"": ""Ida"", ""timed_overlap"": 2, ""column_overlap"": 2}, {""word"": ""spending"", ""timed_overlap"": 2, ""column_overlap"": 2}]",completed,82,10,54
500,391,proximal-replay,4,much,Sooty,94,94,94,,2,4,0,0,,115,"[{""word"": ""Sooty"", ""timed_overlap"": 2, ""column_overlap"": 4}, {""word"": ""sleep"", ""timed_overlap"": 2, ""column_overlap"": 2}, {""word"": ""grasshoppers"", ""timed_overlap"": 2, ""column_overlap"": 2}, {""word"": ""Bill"", ""timed_overlap"": 2, ""column_overlap"": 2}, {""word"": ""old"", ""timed_overlap"": 1, ""column_overlap"": 5}]",completed,64,10,72
500,392,proximal-replay,1,",",Captain,98,98,98,,2,3,0,0,,127,"[{""word"": ""Captain"", ""timed_overlap"": 2, ""column_overlap"": 3}, {""word"": ""heated"", ""timed_overlap"": 2, ""column_overlap"": 2}, {""word"": ""shy"", ""timed_overlap"": 1, ""column_overlap"": 4}, {""word"": ""mount"", ""timed_overlap"": 1, ""column_overlap"": 3}, {""word"": ""for"", ""timed_overlap"": 1, ""column_overlap"": 3}]",completed,91,10,72
500,392,proximal-replay,2,but,soon,100,100,100,,2,4,0,0,,131,"[{""word"": ""soon"", ""timed_overlap"": 2, ""column_overlap"": 4}, {""word"": ""Sometimes"", ""timed_overlap"": 2, ""column_overlap"": 4}, {""word"": ""AND"", ""timed_overlap"": 2, ""column_overlap"": 4}, {""word"": ""must"", ""timed_overlap"": 2, ""column_overlap"": 2}, {""word"": ""Taylor"", ""timed_overlap"": 2, ""column_overlap"": 2}]",completed,82,10,72
500,392,proximal-replay,3,he,tree,99,99,99,,2,3,0,0,,107,"[{""word"": ""tree"", ""timed_overlap"": 2, ""column_overlap"": 3}, {""word"": ""recommended"", ""timed_overlap"": 2, ""column_overlap"": 3}, {""word"": ""Grant"", ""timed_overlap"": 2, ""column_overlap"": 2}, {""word"": ""sultan"", ""timed_overlap"": 2, ""column_overlap"": 2}, {""word"": ""green"", ""timed_overlap"": 2, ""column_overlap"": 2}]",completed,82,10,64
500,392,proximal-replay,4,had,Nature,88,88,88,,2,4,0,0,,139,"[{""word"": ""Nature"", ""timed_overlap"": 2, ""column_overlap"": 4}, {""word"": ""Prince"", ""timed_overlap"": 2, ""column_overlap"": 3}, {""word"": ""fall"", ""timed_overlap"": 2, ""column_overlap"": 3}, {""word"": ""besought"", ""timed_overlap"": 2, ""column_overlap"": 3}, {""word"": ""fireworks"", ""timed_overlap"": 2, ""column_overlap"": 3}]",completed,73,10,65
500,393,proximal-replay,1,broad,lonesome,100,100,100,,2,4,0,0,,113,"[{""word"": ""lonesome"", ""timed_overlap"": 2, ""column_overlap"": 4}, {""word"": ""sight"", ""timed_overlap"": 2, ""column_overlap"": 2}, {""word"": ""by"", ""timed_overlap"": 2, ""column_overlap"": 2}, {""word"": ""price"", ""timed_overlap"": 2, ""column_overlap"": 2}, {""word"": ""Joseph"", ""timed_overlap"": 2, ""column_overlap"": 2}]",completed,73,10,72
500,393,proximal-replay,2,platform,Pekoe,98,98,98,,2,2,0,0,,95,"[{""word"": ""Pekoe"", ""timed_overlap"": 2, ""column_overlap"": 2}, {""word"": ""half"", ""timed_overlap"": 1, ""column_overlap"": 3}, {""word"": ""Ben"", ""timed_overlap"": 1, ""column_overlap"": 3}, {""word"": ""broad"", ""timed_overlap"": 1, ""column_overlap"": 2}, {""word"": ""heard"", ""timed_overlap"": 1, ""column_overlap"": 2}]",completed,82,10,73
500,393,proximal-replay,3,",",SAMMY,100,100,100,,2,4,0,0,,130,"[{""word"": ""SAMMY"", ""timed_overlap"": 2, ""column_overlap"": 4}, {""word"": ""better"", ""timed_overlap"": 2, ""column_overlap"": 2}, {""word"": ""clothes"", ""timed_overlap"": 2, ""column_overlap"": 2}, {""word"": ""bared"", ""timed_overlap"": 2, ""column_overlap"": 2}, {""word"": ""now"", ""timed_overlap"": 1, ""column_overlap"": 3}]",completed,82,10,63
500,393,proximal-replay,4,',opening,100,100,100,,2,3,0,0,,120,"[{""word"": ""opening"", ""timed_overlap"": 2, ""column_overlap"": 3}, {""word"": ""others"", ""timed_overlap"": 2, ""column_overlap"": 3}, {""word"": ""marriage"", ""timed_overlap"": 2, ""column_overlap"": 3}, {""word"": ""fought"", ""timed_overlap"": 2, ""column_overlap"": 3}, {""word"": ""walls"", ""timed_overlap"": 2, ""column_overlap"": 2}]",completed,73,10,72
500,394,proximal-replay,1,sword,so,98,98,98,,3,3,1,2,18,122,"[{""word"": ""so"", ""timed_overlap"": 3, ""column_overlap"": 3}, {""word"": ""entered"", ""timed_overlap"": 2, ""column_overlap"": 3}, {""word"": ""preferred"", ""timed_overlap"": 2, ""column_overlap"": 2}, {""word"": ""Thereupon"", ""timed_overlap"": 2, ""column_overlap"": 2}, {""word"": ""moving"", ""timed_overlap"": 2, ""column_overlap"": 2}]",completed,64,10,54
500,394,proximal-replay,2,",",much,99,99,99,,2,4,1,1,125,144,"[{""word"": ""much"", ""timed_overlap"": 2, ""column_overlap"": 4}, {""word"": ""To"", ""timed_overlap"": 2, ""column_overlap"": 3}, {""word"": ""evangelist"", ""timed_overlap"": 2, ""column_overlap"": 2}, {""word"": ""every"", ""timed_overlap"": 2, ""column_overlap"": 2}, {""word"": ""--"", ""timed_overlap"": 2, ""column_overlap"": 2}]",completed,64,10,45
500,394,proximal-replay,3,'',deny,96,96,96,,2,3,0,0,,131,"[{""word"": ""deny"", ""timed_overlap"": 2, ""column_overlap"": 3}, {""word"": ""see"", ""timed_overlap"": 2, ""column_overlap"": 3}, {""word"": ""certainly"", ""timed_overlap"": 2, ""column_overlap"": 3}, {""word"": ""besought"", ""timed_overlap"": 2, ""column_overlap"": 2}, {""word"": ""are"", ""timed_overlap"": 2, ""column_overlap"": 2}]",completed,55,10,63
500,394,proximal-replay,4,said,CHAPTER,91,91,91,,2,2,0,0,,135,"[{""word"": ""CHAPTER"", ""timed_overlap"": 2, ""column_overlap"": 2}, {""word"": ""uneasy"", ""timed_overlap"": 2, ""column_overlap"": 2}, {""word"": ""Christ-child"", ""timed_overlap"": 2, ""column_overlap"": 2}, {""word"": ""misty"", ""timed_overlap"": 2, ""column_overlap"": 2}, {""word"": ""eat"", ""timed_overlap"": 2, ""column_overlap"": 2}]",completed,73,10,73
500,395,proximal-replay,1,the,finish,100,100,100,,2,3,1,1,71,84,"[{""word"": ""finish"", ""timed_overlap"": 2, ""column_overlap"": 3}, {""word"": ""mean"", ""timed_overlap"": 2, ""column_overlap"": 2}, {""word"": ""be"", ""timed_overlap"": 2, ""column_overlap"": 2}, {""word"": ""talk"", ""timed_overlap"": 1, ""column_overlap"": 4}, {""word"": ""volume"", ""timed_overlap"": 1, ""column_overlap"": 3}]",completed,82,10,72
500,395,proximal-replay,2,maidens,sensible,97,97,97,,4,4,0,0,,99,"[{""word"": ""sensible"", ""timed_overlap"": 4, ""column_overlap"": 4}, {""word"": ""forget"", ""timed_overlap"": 2, ""column_overlap"": 3}, {""word"": ""ruther"", ""timed_overlap"": 2, ""column_overlap"": 2}, {""word"": ""Amy"", ""timed_overlap"": 2, ""column_overlap"": 2}, {""word"": ""You"", ""timed_overlap"": 1, ""column_overlap"": 4}]",completed,82,10,55
500,395,proximal-replay,3,",",Grant,95,95,95,,2,3,0,0,,140,"[{""word"": ""Grant"", ""timed_overlap"": 2, ""column_overlap"": 3}, {""word"": ""happened"", ""timed_overlap"": 2, ""column_overlap"": 2}, {""word"": ""Squirrel"", ""timed_overlap"": 1, ""column_overlap"": 3}, {""word"": ""Gray"", ""timed_overlap"": 1, ""column_overlap"": 3}, {""word"": ""drank"", ""timed_overlap"": 1, ""column_overlap"": 3}]",completed,64,10,64
500,395,proximal-replay,4,and,Thorny,98,98,98,,2,4,0,0,,94,"[{""word"": ""Thorny"", ""timed_overlap"": 2, ""column_overlap"": 4}, {""word"": ""hours"", ""timed_overlap"": 2, ""column_overlap"": 3}, {""word"": ""Wildrose"", ""timed_overlap"": 2, ""column_overlap"": 2}, {""word"": ""hearty"", ""timed_overlap"": 1, ""column_overlap"": 3}, {""word"": ""newspapers"", ""timed_overlap"": 1, ""column_overlap"": 3}]",completed,73,10,73
500,396,proximal-replay,1,your,tents,98,98,98,,2,3,0,0,,118,"[{""word"": ""tents"", ""timed_overlap"": 2, ""column_overlap"": 3}, {""word"": ""belt"", ""timed_overlap"": 2, ""column_overlap"": 2}, {""word"": ""inches"", ""timed_overlap"": 2, ""column_overlap"": 2}, {""word"": ""BEN"", ""timed_overlap"": 2, ""column_overlap"": 2}, {""word"": ""Lung"", ""timed_overlap"": 1, ""column_overlap"": 4}]",completed,91,10,64
500,396,proximal-replay,2,paw,Hans,99,99,99,,2,4,0,0,,151,"[{""word"": ""Hans"", ""timed_overlap"": 2, ""column_overlap"": 4}, {""word"": ""pardon"", ""timed_overlap"": 2, ""column_overlap"": 3}, {""word"": ""Dick"", ""timed_overlap"": 2, ""column_overlap"": 3}, {""word"": ""wandered"", ""timed_overlap"": 2, ""column_overlap"": 3}, {""word"": ""did"", ""timed_overlap"": 2, ""column_overlap"": 3}]",completed,73,10,72
500,396,proximal-replay,3,you,Marilla,97,97,97,,2,3,0,0,,91,"[{""word"": ""Marilla"", ""timed_overlap"": 2, ""column_overlap"": 3}, {""word"": ""order"", ""timed_overlap"": 2, ""column_overlap"": 3}, {""word"": ""already"", ""timed_overlap"": 2, ""column_overlap"": 3}, {""word"": ""pen"", ""timed_overlap"": 2, ""column_overlap"": 2}, {""word"": ""white"", ""timed_overlap"": 1, ""column_overlap"": 3}]",completed,82,10,63
500,396,proximal-replay,4,uncoil,master,92,92,92,,2,3,0,0,,129,"[{""word"": ""master"", ""timed_overlap"": 2, ""column_overlap"": 3}, {""word"": ""say"", ""timed_overlap"": 2, ""column_overlap"": 3}, {""word"": ""sign"", ""timed_overlap"": 2, ""column_overlap"": 2}, {""word"": ""glad"", ""timed_overlap"": 2, ""column_overlap"": 2}, {""word"": ""Wind"", ""timed_overlap"": 2, ""column_overlap"": 2}]",completed,73,10,63
500,397,proximal-replay,1,he,however,100,100,100,,2,2,0,0,,99,"[{""word"": ""however"", ""timed_overlap"": 2, ""column_overlap"": 2}, {""word"": ""dares"", ""timed_overlap"": 2, ""column_overlap"": 2}, {""word"": ""Gilbert"", ""timed_overlap"": 2, ""column_overlap"": 2}, {""word"": ""donkey"", ""timed_overlap"": 2, ""column_overlap"": 2}, {""word"": ""Suddenly"", ""timed_overlap"": 2, ""column_overlap"": 2}]",completed,91,10,72
500,397,proximal-replay,2,dwelt,stern-sheets,98,98,98,,3,4,0,0,,119,"[{""word"": ""stern-sheets"", ""timed_overlap"": 3, ""column_overlap"": 4}, {""word"": ""king"", ""timed_overlap"": 2, ""column_overlap"": 3}, {""word"": ""vase"", ""timed_overlap"": 2, ""column_overlap"": 2}, {""word"": ""royal"", ""timed_overlap"": 2, ""column_overlap"": 2}, {""word"": ""fry"", ""timed_overlap"": 1, ""column_overlap"": 4}]",completed,82,10,63
500,397,proximal-replay,3,",",flashes,100,100,100,,2,2,0,0,,118,"[{""word"": ""flashes"", ""timed_overlap"": 2, ""column_overlap"": 2}, {""word"": ""danced"", ""timed_overlap"": 2, ""column_overlap"": 2}, {""word"": ""Felicity"", ""timed_overlap"": 1, ""column_overlap"": 4}, {""word"": ""about"", ""timed_overlap"": 1, ""column_overlap"": 3}, {""word"": ""all"", ""timed_overlap"": 1, ""column_overlap"": 3}]",completed,73,10,63
500,397,proximal-replay,4,which,long,91,91,91,,2,4,0,0,,150,"[{""word"": ""long"", ""timed_overlap"": 2, ""column_overlap"": 4}, {""word"": ""p52.jpg"", ""timed_overlap"": 2, ""column_overlap"": 3}, {""word"": ""now"", ""timed_overlap"": 2, ""column_overlap"": 3}, {""word"": ""take"", ""timed_overlap"": 2, ""column_overlap"": 3}, {""word"": ""Because"", ""timed_overlap"": 2, ""column_overlap"": 3}]",completed,73,10,74
500,398,proximal-replay,1,whether,nice,95,95,95,,2,3,1,2,44,135,"[{""word"": ""nice"", ""timed_overlap"": 2, ""column_overlap"": 3}, {""word"": ""given"", ""timed_overlap"": 2, ""column_overlap"": 3}, {""word"": ""Alfin"", ""timed_overlap"": 2, ""column_overlap"": 3}, {""word"": ""Hippocrates"", ""timed_overlap"": 2, ""column_overlap"": 2}, {""word"": ""of"", ""timed_overlap"": 2, ""column_overlap"": 2}]",completed,73,10,45
500,398,proximal-replay,2,I,price,84,84,84,,2,4,0,0,,126,"[{""word"": ""price"", ""timed_overlap"": 2, ""column_overlap"": 4}, {""word"": ""wiped"", ""timed_overlap"": 2, ""column_overlap"": 4}, {""word"": ""half"", ""timed_overlap"": 2, ""column_overlap"": 3}, {""word"": ""two"", ""timed_overlap"": 2, ""column_overlap"": 3}, {""word"": ""drawing"", ""timed_overlap"": 2, ""column_overlap"": 3}]",completed,55,10,72
500,398,proximal-replay,3,asked,-LCB-,98,98,98,,2,5,0,0,,93,"[{""word"": ""-LCB-"", ""timed_overlap"": 2, ""column_overlap"": 5}, {""word"": ""gather"", ""timed_overlap"": 2, ""column_overlap"": 3}, {""word"": ""bait"", ""timed_overlap"": 2, ""column_overlap"": 3}, {""word"": ""Mrs."", ""timed_overlap"": 1, ""column_overlap"": 4}, {""word"": ""studied"", ""timed_overlap"": 1, ""column_overlap"": 3}]",completed,82,10,63
500,398,proximal-replay,4,you,once,100,100,100,,2,4,0,0,,130,"[{""word"": ""once"", ""timed_overlap"": 2, ""column_overlap"": 4}, {""word"": ""around"", ""timed_overlap"": 2, ""column_overlap"": 2}, {""word"": ""breath"", ""timed_overlap"": 2, ""column_overlap"": 2}, {""word"": ""Nobody"", ""timed_overlap"": 2, ""column_overlap"": 2}, {""word"": ""appeared"", ""timed_overlap"": 1, ""column_overlap"": 4}]",completed,73,10,54
500,399,proximal-replay,1,",",Douglas,96,96,96,,2,4,0,0,,123,"[{""word"": ""Douglas"", ""timed_overlap"": 2, ""column_overlap"": 4}, {""word"": ""dear"", ""timed_overlap"": 2, ""column_overlap"": 4}, {""word"": ""tumbling"", ""timed_overlap"": 2, ""column_overlap"": 4}, {""word"": ""herring"", ""timed_overlap"": 2, ""column_overlap"": 3}, {""word"": ""snowshoeing"", ""timed_overlap"": 2, ""column_overlap"": 3}]",completed,91,10,63
500,399,proximal-replay,2,feeling,entered,98,98,98,,2,2,0,0,,120,"[{""word"": ""entered"", ""timed_overlap"": 2, ""column_overlap"": 2}, {""word"": ""SAMMY"", ""timed_overlap"": 2, ""column_overlap"": 2}, {""word"": ""Twice"", ""timed_overlap"": 2, ""column_overlap"": 2}, {""word"": ""fry"", ""timed_overlap"": 2, ""column_overlap"": 2}, {""word"": ""fortunate"", ""timed_overlap"": 1, ""column_overlap"": 4}]",completed,73,10,45
500,399,proximal-replay,3,bewildered,really,99,99,99,,2,4,0,0,,117,"[{""word"": ""really"", ""timed_overlap"": 2, ""column_overlap"": 4}, {""word"": ""dine"", ""timed_overlap"": 2, ""column_overlap"": 3}, {""word"": ""bronze"", ""timed_overlap"": 2, ""column_overlap"": 3}, {""word"": ""seen"", ""timed_overlap"": 2, ""column_overlap"": 2}, {""word"": ""will"", ""timed_overlap"": 2, ""column_overlap"": 2}]",completed,55,10,72
500,399,proximal-replay,4,and,sultan,100,100,100,,2,3,1,1,102,102,"[{""word"": ""sultan"", ""timed_overlap"": 2, ""column_overlap"": 3}, {""word"": ""on"", ""timed_overlap"": 2, ""column_overlap"": 3}, {""word"": ""Williamson"", ""timed_overlap"": 1, ""column_overlap"": 4}, {""word"": ""squealed"", ""timed_overlap"": 1, ""column_overlap"": 3}, {""word"": ""catechism"", ""timed_overlap"": 1, ""column_overlap"": 3}]",completed,82,10,54
500,400,proximal-replay,1,heard,been,99,99,99,,3,4,0,0,,115,"[{""word"": ""been"", ""timed_overlap"": 3, ""column_overlap"": 4}, {""word"": ""bad"", ""timed_overlap"": 2, ""column_overlap"": 3}, {""word"": ""Sometimes"", ""timed_overlap"": 2, ""column_overlap"": 2}, {""word"": ""answered"", ""timed_overlap"": 1, ""column_overlap"": 4}, {""word"": ""got"", ""timed_overlap"": 1, ""column_overlap"": 3}]",completed,82,10,45
500,400,proximal-replay,2,a,an,99,99,99,,2,3,0,0,,143,"[{""word"": ""an"", ""timed_overlap"": 2, ""column_overlap"": 3}, {""word"": ""be"", ""timed_overlap"": 2, ""column_overlap"": 3}, {""word"": ""taking"", ""timed_overlap"": 2, ""column_overlap"": 2}, {""word"": ""ladylike"", ""timed_overlap"": 2, ""column_overlap"": 2}, {""word"": ""Bessy"", ""timed_overlap"": 2, ""column_overlap"": 2}]",completed,55,10,63
500,400,proximal-replay,3,good,an,98,98,98,,2,4,0,0,,129,"[{""word"": ""an"", ""timed_overlap"": 2, ""column_overlap"": 4}, {""word"": ""pump"", ""timed_overlap"": 2, ""column_overlap"": 3}, {""word"": ""think"", ""timed_overlap"": 2, ""column_overlap"": 3}, {""word"": ""laid"", ""timed_overlap"": 2, ""column_overlap"": 2}, {""word"": ""queen"", ""timed_overlap"": 2, ""column_overlap"": 2}]",completed,73,10,64
500,400,proximal-replay,4,deal,exclaimed,100,100,100,,2,3,0,0,,136,"[{""word"": ""exclaimed"", ""timed_overlap"": 2, ""column_overlap"": 3}, {""word"": ""mosquito"", ""timed_overlap"": 2, ""column_overlap"": 3}, {""word"": ""She"", ""timed_overlap"": 2, ""column_overlap"": 3}, {""word"": ""Messua"", ""timed_overlap"": 2, ""column_overlap"": 2}, {""word"": ""hand"", ""timed_overlap"": 2, ""column_overlap"": 2}]",completed,73,10,54
500,401,proximal-replay,1,throat,sit,100,100,100,,2,2,0,0,,93,"[{""word"": ""sit"", ""timed_overlap"": 2, ""column_overlap"": 2}, {""word"": ""laid"", ""timed_overlap"": 2, ""column_overlap"": 2}, {""word"": ""remembered"", ""timed_overlap"": 1, ""column_overlap"": 3}, {""word"": ""Johnny"", ""timed_overlap"": 1, ""column_overlap"": 3}, {""word"": ""For"", ""timed_overlap"": 1, ""column_overlap"": 3}]",completed,91,10,63
500,401,proximal-replay,2,till,Jem,98,98,98,,2,3,1,3,12,156,"[{""word"": ""Jem"", ""timed_overlap"": 2, ""column_overlap"": 3}, {""word"": ""oranges"", ""timed_overlap"": 2, ""column_overlap"": 3}, {""word"": ""money"", ""timed_overlap"": 2, ""column_overlap"": 3}, {""word"": ""use"", ""timed_overlap"": 2, ""column_overlap"": 3}, {""word"": ""Then"", ""timed_overlap"": 2, ""column_overlap"": 2}]",completed,73,10,73
500,401,proximal-replay,3,he,new,98,98,98,,2,3,0,0,,129,"[{""word"": ""new"", ""timed_overlap"": 2, ""column_overlap"": 3}, {""word"": ""Captain"", ""timed_overlap"": 2, ""column_overlap"": 2}, {""word"": ""Parsee"", ""timed_overlap"": 1, ""column_overlap"": 4}, {""word"": ""nicer"", ""timed_overlap"": 1, ""column_overlap"": 3}, {""word"": ""was"", ""timed_overlap"": 1, ""column_overlap"": 3}]",completed,82,10,63
500,401,proximal-replay,4,came,talk,99,99,99,,2,2,0,0,,114,"[{""word"": ""talk"", ""timed_overlap"": 2, ""column_overlap"": 2}, {""word"": ""underneath"", ""timed_overlap"": 2, ""column_overlap"": 2}, {""word"": ""No"", ""timed_overlap"": 2, ""column_overlap"": 2}, {""word"": ""yours"", ""timed_overlap"": 1, ""column_overlap"": 4}, {""word"": ""humanity"", ""timed_overlap"": 1, ""column_overlap"": 3}]",completed,73,10,72
500,402,proximal-replay,1,was,below,100,100,100,,2,3,1,1,46,88,"[{""word"": ""below"", ""timed_overlap"": 2, ""column_overlap"": 3}, {""word"": ""astray"", ""timed_overlap"": 1, ""column_overlap"": 3}, {""word"": ""than"", ""timed_overlap"": 1, ""column_overlap"": 3}, {""word"": ""Jane"", ""timed_overlap"": 1, ""column_overlap"": 3}, {""word"": ""suppose"", ""timed_overlap"": 1, ""column_overlap"": 3}]",completed,91,10,54
500,402,proximal-replay,2,",",leaving,97,97,97,,2,3,0,0,,145,"[{""word"": ""leaving"", ""timed_overlap"": 2, ""column_overlap"": 3}, {""word"": ""ma'am"", ""timed_overlap"": 2, ""column_overlap"": 3}, {""word"": ""herring"", ""timed_overlap"": 2, ""column_overlap"": 3}, {""word"": ""servants"", ""timed_overlap"": 2, ""column_overlap"": 3}, {""word"": ""inches"", ""timed_overlap"": 2, ""column_overlap"": 2}]",completed,64,10,63
500,402,proximal-replay,3,and,right,98,98,98,,2,3,0,0,,133,"[{""word"": ""right"", ""timed_overlap"": 2, ""column_overlap"": 3}, {""word"": ""broadest"", ""timed_overlap"": 2, ""column_overlap"": 2}, {""word"": ""intended"", ""timed_overlap"": 2, ""column_overlap"": 2}, {""word"": ""lonesome"", ""timed_overlap"": 1, ""column_overlap"": 4}, {""word"": ""Sir"", ""timed_overlap"": 1, ""column_overlap"": 3}]",completed,73,10,54
500,402,proximal-replay,4,he,glad,97,97,97,,2,3,0,0,,103,"[{""word"": ""glad"", ""timed_overlap"": 2, ""column_overlap"": 3}, {""word"": ""recommended"", ""timed_overlap"": 2, ""column_overlap"": 3}, {""word"": ""be"", ""timed_overlap"": 2, ""column_overlap"": 2}, {""word"": ""boys"", ""timed_overlap"": 2, ""column_overlap"": 2}, {""word"": ""visitors"", ""timed_overlap"": 2, ""column_overlap"": 2}]",completed,64,10,72
500,403,proximal-replay,1,by,gallant,98,98,98,,2,5,0,0,,140,"[{""word"": ""gallant"", ""timed_overlap"": 2, ""column_overlap"": 5}, {""word"": ""ladies"", ""timed_overlap"": 2, ""column_overlap"": 3}, {""word"": ""These"", ""timed_overlap"": 2, ""column_overlap"": 3}, {""word"": ""why"", ""timed_overlap"": 2, ""column_overlap"": 2}, {""word"": ""Buster"", ""timed_overlap"": 2, ""column_overlap"": 2}]",completed,82,10,54
500,403,proximal-replay,2,turns,drank,100,100,100,,2,3,0,0,,125,"[{""word"": ""drank"", ""timed_overlap"": 2, ""column_overlap"": 3}, {""word"": ""younger"", ""timed_overlap"": 2, ""column_overlap"": 2}, {""word"": ""rare"", ""timed_overlap"": 1, ""column_overlap"": 4}, {""word"": ""hearty"", ""timed_overlap"": 1, ""column_overlap"": 4}, {""word"": ""keen"", ""timed_overlap"": 1, ""column_overlap"": 3}]",completed,64,10,72
500,403,proximal-replay,3,",",am,99,99,99,,2,3,0,0,,130,"[{""word"": ""am"", ""timed_overlap"": 2, ""column_overlap"": 3}, {""word"": ""Jo"", ""timed_overlap"": 2, ""column_overlap"": 2}, {""word"": ""blue"", ""timed_overlap"": 1, ""column_overlap"": 4}, {""word"": ""desert"", ""timed_overlap"": 1, ""column_overlap"": 4}, {""word"": ""kindest"", ""timed_overlap"": 1, ""column_overlap"": 4}]",completed,82,10,63
500,403,proximal-replay,4,and,Folks,94,94,94,,2,3,0,0,,113,"[{""word"": ""Folks"", ""timed_overlap"": 2, ""column_overlap"": 3}, {""word"": ""When"", ""timed_overlap"": 2, ""column_overlap"": 2}, {""word"": ""sentiment"", ""timed_overlap"": 2, ""column_overlap"": 2}, {""word"": ""added"", ""timed_overlap"": 2, ""column_overlap"": 2}, {""word"": ""spear"", ""timed_overlap"": 2, ""column_overlap"": 2}]",completed,73,10,72
500,404,proximal-replay,1,friend,remarked,100,100,100,,3,3,0,0,,112,"[{""word"": ""remarked"", ""timed_overlap"": 3, ""column_overlap"": 3}, {""word"": ""promise"", ""timed_overlap"": 2, ""column_overlap"": 3}, {""word"": ""Behind"", ""timed_overlap"": 2, ""column_overlap"": 3}, {""word"": ""1715"", ""timed_overlap"": 2, ""column_overlap"": 2}, {""word"": ""impudent"", ""timed_overlap"": 2, ""column_overlap"": 2}]",completed,91,10,63
500,404,proximal-replay,2,Laurie,field,96,96,96,,2,3,0,0,,145,"[{""word"": ""field"", ""timed_overlap"": 2, ""column_overlap"": 3}, {""word"": ""herring"", ""timed_overlap"": 2, ""column_overlap"": 2}, {""word"": ""Presently"", ""timed_overlap"": 2, ""column_overlap"": 2}, {""word"": ""which"", ""timed_overlap"": 2, ""column_overlap"": 2}, {""word"": ""youth"", ""timed_overlap"": 2, ""column_overlap"": 2}]",completed,73,10,63
500,404,proximal-replay,3,",",?,99,99,99,,2,3,0,0,,117,"[{""word"": ""?"", ""timed_overlap"": 2, ""column_overlap"": 3}, {""word"": ""feebly"", ""timed_overlap"": 2, ""column_overlap"": 2}, {""word"": ""washerman"", ""timed_overlap"": 1, ""column_overlap"": 4}, {""word"": ""Douglas"", ""timed_overlap"": 1, ""column_overlap"": 3}, {""word"": ""red"", ""timed_overlap"": 1, ""column_overlap"": 3}]",completed,73,10,63
500,404,proximal-replay,4,but,end,98,98,98,,2,3,0,0,,129,"[{""word"": ""end"", ""timed_overlap"": 2, ""column_overlap"": 3}, {""word"": ""certainly"", ""timed_overlap"": 2, ""column_overlap"": 3}, {""word"": ""time"", ""timed_overlap"": 2, ""column_overlap"": 2}, {""word"": ""tracks"", ""timed_overlap"": 2, ""column_overlap"": 2}, {""word"": ""hive"", ""timed_overlap"": 2, ""column_overlap"": 2}]",completed,73,10,72
500,405,proximal-replay,1,the,Remember,95,95,95,,2,2,0,0,,126,"[{""word"": ""Remember"", ""timed_overlap"": 2, ""column_overlap"": 2}, {""word"": ""drunk"", ""timed_overlap"": 2, ""column_overlap"": 2}, {""word"": ""married"", ""timed_overlap"": 2, ""column_overlap"": 2}, {""word"": ""now"", ""timed_overlap"": 1, ""column_overlap"": 3}, {""word"": ""herring"", ""timed_overlap"": 1, ""column_overlap"": 3}]",completed,55,10,64
500,405,proximal-replay,2,chime,Everybody,94,94,94,,2,3,0,0,,142,"[{""word"": ""Everybody"", ""timed_overlap"": 2, ""column_overlap"": 3}, {""word"": ""kindest"", ""timed_overlap"": 2, ""column_overlap"": 2}, {""word"": ""Up"", ""timed_overlap"": 2, ""column_overlap"": 2}, {""word"": ""let"", ""timed_overlap"": 1, ""column_overlap"": 4}, {""word"": ""Jimmy"", ""timed_overlap"": 1, ""column_overlap"": 4}]",completed,73,10,73
500,405,proximal-replay,3,had,somehow,99,99,99,,3,4,0,0,,147,"[{""word"": ""somehow"", ""timed_overlap"": 3, ""column_overlap"": 4}, {""word"": ""servants"", ""timed_overlap"": 2, ""column_overlap"": 2}, {""word"": ""sustaining"", ""timed_overlap"": 2, ""column_overlap"": 2}, {""word"": ""enough"", ""timed_overlap"": 2, ""column_overlap"": 2}, {""word"": ""alarm"", ""timed_overlap"": 2, ""column_overlap"": 2}]",completed,82,10,63
500,405,proximal-replay,4,gone,wind,98,98,98,,2,3,0,0,,120,"[{""word"": ""wind"", ""timed_overlap"": 2, ""column_overlap"": 3}, {""word"": ""Shall"", ""timed_overlap"": 2, ""column_overlap"": 2}, {""word"": ""magic"", ""timed_overlap"": 2, ""column_overlap"": 2}, {""word"": ""nor"", ""timed_overlap"": 1, ""column_overlap"": 4}, {""word"": ""broad"", ""timed_overlap"": 1, ""column_overlap"": 4}]",completed,73,10,45
500,406,proximal-replay,1,kill,lay,98,98,98,,2,2,1,1,71,136,"[{""word"": ""lay"", ""timed_overlap"": 2, ""column_overlap"": 2}, {""word"": ""chop"", ""timed_overlap"": 2, ""column_overlap"": 2}, {""word"": ""king"", ""timed_overlap"": 2, ""column_overlap"": 2}, {""word"": ""imps"", ""timed_overlap"": 1, ""column_overlap"": 4}, {""word"": ""Ripple"", ""timed_overlap"": 1, ""column_overlap"": 3}]",completed,73,10,72
500,406,proximal-replay,2,the,boys,100,100,100,,2,3,0,0,,84,"[{""word"": ""boys"", ""timed_overlap"": 2, ""column_overlap"": 3}, {""word"": ""sultan"", ""timed_overlap"": 2, ""column_overlap"": 2}, {""word"": ""hundred"", ""timed_overlap"": 2, ""column_overlap"": 2}, {""word"": ""tale"", ""timed_overlap"": 1, ""column_overlap"": 3}, {""word"": ""closing"", ""timed_overlap"": 1, ""column_overlap"": 3}]",completed,82,10,63
500,406,proximal-replay,3,dragon,lamassery,95,95,95,,2,3,0,0,,137,"[{""word"": ""lamassery"", ""timed_overlap"": 2, ""column_overlap"": 3}, {""word"": ""around"", ""timed_overlap"": 2, ""column_overlap"": 3}, {""word"": ""Fox"", ""timed_overlap"": 2, ""column_overlap"": 3}, {""word"": ""inches"", ""timed_overlap"": 2, ""column_overlap"": 3}, {""word"": ""!"", ""timed_overlap"": 2, ""column_overlap"": 3}]",completed,73,10,73
500,406,proximal-replay,4,altogether,train,98,98,98,,2,4,0,0,,146,"[{""word"": ""train"", ""timed_overlap"": 2, ""column_overlap"": 4}, {""word"": ""canvas"", ""timed_overlap"": 2, ""column_overlap"": 3}, {""word"": ""Gilbert"", ""timed_overlap"": 2, ""column_overlap"": 2}, {""word"": ""off"", ""timed_overlap"": 2, ""column_overlap"": 2}, {""word"": ""deal"", ""timed_overlap"": 2, ""column_overlap"": 2}]",completed,82,10,63
500,407,proximal-replay,1,they,soon,100,100,100,,2,3,0,0,,104,"[{""word"": ""soon"", ""timed_overlap"": 2, ""column_overlap"": 3}, {""word"": ""XXIII"", ""timed_overlap"": 1, ""column_overlap"": 4}, {""word"": ""earthly"", ""timed_overlap"": 1, ""column_overlap"": 3}, {""word"": ""close"", ""timed_overlap"": 1, ""column_overlap"": 3}, {""word"": ""HAD"", ""timed_overlap"": 1, ""column_overlap"": 3}]",completed,82,10,72
500,407,proximal-replay,2,'d,our,99,99,99,,2,3,0,0,,121,"[{""word"": ""our"", ""timed_overlap"": 2, ""column_overlap"": 3}, {""word"": ""snubbed"", ""timed_overlap"": 2, ""column_overlap"": 2}, {""word"": ""Ben"", ""timed_overlap"": 2, ""column_overlap"": 2}, {""word"": ""bag"", ""timed_overlap"": 2, ""column_overlap"": 2}, {""word"": ""puzzling"", ""timed_overlap"": 1, ""column_overlap"": 4}]",completed,82,10,72
500,407,proximal-replay,3,have,drawing,98,98,98,,2,3,1,1,52,101,"[{""word"": ""drawing"", ""timed_overlap"": 2, ""column_overlap"": 3}, {""word"": ""experienced"", ""timed_overlap"": 2, ""column_overlap"": 3}, {""word"": ""take"", ""timed_overlap"": 2, ""column_overlap"": 2}, {""word"": ""and"", ""timed_overlap"": 2, ""column_overlap"": 2}, {""word"": ""Put"", ""timed_overlap"": 2, ""column_overlap"": 2}]",completed,82,10,72
500,407,proximal-replay,4,the,Then,100,100,100,,2,3,0,0,,87,"[{""word"": ""Then"", ""timed_overlap"": 2, ""column_overlap"": 3}, {""word"": ""Beautiful"", ""timed_overlap"": 2, ""column_overlap"": 2}, {""word"": ""Kindly"", ""timed_overlap"": 1, ""column_overlap"": 4}, {""word"": ""ca"", ""timed_overlap"": 1, ""column_overlap"": 3}, {""word"": ""posted"", ""timed_overlap"": 1, ""column_overlap"": 3}]",completed,82,10,63
500,408,proximal-replay,1,I,lump,100,100,100,,2,2,0,0,,90,"[{""word"": ""lump"", ""timed_overlap"": 2, ""column_overlap"": 2}, {""word"": ""soon"", ""timed_overlap"": 2, ""column_overlap"": 2}, {""word"": ""Pekoe"", ""timed_overlap"": 1, ""column_overlap"": 3}, {""word"": ""lady"", ""timed_overlap"": 1, ""column_overlap"": 3}, {""word"": ""months"", ""timed_overlap"": 1, ""column_overlap"": 3}]",completed,82,10,72
500,408,proximal-replay,2,'ll,helmet,99,99,99,,2,2,0,0,,127,"[{""word"": ""helmet"", ""timed_overlap"": 2, ""column_overlap"": 2}, {""word"": ""Please"", ""timed_overlap"": 2, ""column_overlap"": 2}, {""word"": ""Mother"", ""timed_overlap"": 2, ""column_overlap"": 2}, {""word"": ""faithfully"", ""timed_overlap"": 1, ""column_overlap"": 4}, {""word"": ""Peerless"", ""timed_overlap"": 1, ""column_overlap"": 4}]",completed,82,10,72
500,408,proximal-replay,3,cut,Lynde,100,100,100,,2,3,0,0,,118,"[{""word"": ""Lynde"", ""timed_overlap"": 2, ""column_overlap"": 3}, {""word"": ""Magyars"", ""timed_overlap"": 2, ""column_overlap"": 3}, {""word"": ""best"", ""timed_overlap"": 2, ""column_overlap"": 2}, {""word"": ""Schmidt"", ""timed_overlap"": 1, ""column_overlap"": 4}, {""word"": ""master"", ""timed_overlap"": 1, ""column_overlap"": 3}]",completed,82,10,72
500,408,proximal-replay,4,his,Sometimes,94,94,94,,2,2,0,0,,107,"[{""word"": ""Sometimes"", ""timed_overlap"": 2, ""column_overlap"": 2}, {""word"": ""ogress"", ""timed_overlap"": 1, ""column_overlap"": 4}, {""word"": ""had"", ""timed_overlap"": 1, ""column_overlap"": 4}, {""word"": ""Saturday"", ""timed_overlap"": 1, ""column_overlap"": 4}, {""word"": ""My"", ""timed_overlap"": 1, ""column_overlap"": 3}]",completed,82,10,63
500,409,proximal-replay,1,misty,indeed,100,100,100,,2,2,0,0,,97,"[{""word"": ""indeed"", ""timed_overlap"": 2, ""column_overlap"": 2}, {""word"": ""Carrots"", ""timed_overlap"": 2, ""column_overlap"": 2}, {""word"": ""rank"", ""timed_overlap"": 2, ""column_overlap"": 2}, {""word"": ""beautiful"", ""timed_overlap"": 2, ""column_overlap"": 2}, {""word"": ""eyes"", ""timed_overlap"": 1, ""column_overlap"": 3}]",completed,91,10,63
500,409,proximal-replay,2,ocean,should,98,98,98,,2,5,0,0,,124,"[{""word"": ""should"", ""timed_overlap"": 2, ""column_overlap"": 5}, {""word"": ""Reddy"", ""timed_overlap"": 2, ""column_overlap"": 4}, {""word"": ""teach"", ""timed_overlap"": 2, ""column_overlap"": 3}, {""word"": ""Beautiful"", ""timed_overlap"": 2, ""column_overlap"": 2}, {""word"": ""Nobody"", ""timed_overlap"": 2, ""column_overlap"": 2}]",completed,73,10,72
500,409,proximal-replay,3,to,nearer,100,100,100,,2,3,0,0,,104,"[{""word"": ""nearer"", ""timed_overlap"": 2, ""column_overlap"": 3}, {""word"": ""She"", ""timed_overlap"": 2, ""column_overlap"": 3}, {""word"": ""impossible"", ""timed_overlap"": 2, ""column_overlap"": 2}, {""word"": ""his"", ""timed_overlap"": 2, ""column_overlap"": 2}, {""word"": ""dark"", ""timed_overlap"": 1, ""column_overlap"": 4}]",completed,82,10,63
500,409,proximal-replay,4,the,motionless,99,99,99,,2,3,0,0,,149,"[{""word"": ""motionless"", ""timed_overlap"": 2, ""column_overlap"": 3}, {""word"": ""Balkis"", ""timed_overlap"": 2, ""column_overlap"": 2}, {""word"": ""We"", ""timed_overlap"": 2, ""column_overlap"": 2}, {""word"": ""am"", ""timed_overlap"": 2, ""column_overlap"": 2}, {""word"": ""Sir"", ""timed_overlap"": 2, ""column_overlap"": 2}]",completed,73,10,63
500,410,proximal-replay,1,",",concluded,100,100,100,,1,4,0,0,,105,"[{""word"": ""concluded"", ""timed_overlap"": 1, ""column_overlap"": 4}, {""word"": ""shy"", ""timed_overlap"": 1, ""column_overlap"": 3}, {""word"": ""wiped"", ""timed_overlap"": 1, ""column_overlap"": 3}, {""word"": ""one"", ""timed_overlap"": 1, ""column_overlap"": 3}, {""word"": ""aunt"", ""timed_overlap"": 1, ""column_overlap"": 3}]",completed,73,10,72
500,410,proximal-replay,2,`,better,98,98,98,,2,4,0,0,,137,"[{""word"": ""better"", ""timed_overlap"": 2, ""column_overlap"": 4}, {""word"": ""Play"", ""timed_overlap"": 2, ""column_overlap"": 3}, {""word"": ""Gilbert"", ""timed_overlap"": 2, ""column_overlap"": 3}, {""word"": ""make"", ""timed_overlap"": 2, ""column_overlap"": 3}, {""word"": ""To"", ""timed_overlap"": 2, ""column_overlap"": 3}]",completed,82,10,73
500,410,proximal-replay,3,Take,Hans,98,98,98,,2,2,0,0,,134,"[{""word"": ""Hans"", ""timed_overlap"": 2, ""column_overlap"": 2}, {""word"": ""caught"", ""timed_overlap"": 2, ""column_overlap"": 2}, {""word"": ""commanded"", ""timed_overlap"": 1, ""column_overlap"": 4}, {""word"": ""fast"", ""timed_overlap"": 1, ""column_overlap"": 4}, {""word"": ""Williamson"", ""timed_overlap"": 1, ""column_overlap"": 4}]",completed,82,10,54
500,410,proximal-replay,4,care,order,99,99,99,,2,3,0,0,,125,"[{""word"": ""order"", ""timed_overlap"": 2, ""column_overlap"": 3}, {""word"": ""pen"", ""timed_overlap"": 2, ""column_overlap"": 2}, {""word"": ""Sultan"", ""timed_overlap"": 2, ""column_overlap"": 2}, {""word"": ""lie"", ""timed_overlap"": 1, ""column_overlap"": 4}, {""word"": ""howled"", ""timed_overlap"": 1, ""column_overlap"": 3}]",completed,64,10,54
500,411,proximal-replay,1,rest,Sometimes,100,100,100,,3,3,0,0,,118,"[{""word"": ""Sometimes"", ""timed_overlap"": 3, ""column_overlap"": 3}, {""word"": ""indeed"", ""timed_overlap"": 2, ""column_overlap"": 3}, {""word"": ""tell"", ""timed_overlap"": 2, ""column_overlap"": 2}, {""word"": ""Jem"", ""timed_overlap"": 2, ""column_overlap"": 2}, {""word"": ""birds"", ""timed_overlap"": 2, ""column_overlap"": 2}]",completed,73,10,63
500,411,proximal-replay,2,",",been,98,98,98,,2,2,0,0,,117,"[{""word"": ""been"", ""timed_overlap"": 2, ""column_overlap"": 2}, {""word"": ""into"", ""timed_overlap"": 2, ""column_overlap"": 2}, {""word"": ""pity"", ""timed_overlap"": 2, ""column_overlap"": 2}, {""word"": ""grasshoppers"", ""timed_overlap"": 1, ""column_overlap"": 4}, {""word"": ""fear"", ""timed_overlap"": 1, ""column_overlap"": 4}]",completed,73,10,54
500,411,proximal-replay,3,was,bust,100,100,100,,2,2,0,0,,113,"[{""word"": ""bust"", ""timed_overlap"": 2, ""column_overlap"": 2}, {""word"": ""XV"", ""timed_overlap"": 2, ""column_overlap"": 2}, {""word"": ""got"", ""timed_overlap"": 1, ""column_overlap"": 5}, {""word"": ""timidly"", ""timed_overlap"": 1, ""column_overlap"": 4}, {""word"": ""sultan"", ""timed_overlap"": 1, ""column_overlap"": 4}]",completed,64,10,63
500,411,proximal-replay,4,a,seems,100,100,100,,2,2,0,0,,111,"[{""word"": ""seems"", ""timed_overlap"": 2, ""column_overlap"": 2}, {""word"": ""garret"", ""timed_overlap"": 2, ""column_overlap"": 2}, {""word"": ""fireworks"", ""timed_overlap"": 2, ""column_overlap"": 2}, {""word"": ""tailing"", ""timed_overlap"": 1, ""column_overlap"": 4}, {""word"": ""heated"", ""timed_overlap"": 1, ""column_overlap"": 4}]",completed,73,10,72
500,412,proximal-replay,1,and,wind,98,98,98,,2,3,0,0,,129,"[{""word"": ""wind"", ""timed_overlap"": 2, ""column_overlap"": 3}, {""word"": ""border"", ""timed_overlap"": 2, ""column_overlap"": 2}, {""word"": ""Good-bye"", ""timed_overlap"": 2, ""column_overlap"": 2}, {""word"": ""right"", ""timed_overlap"": 2, ""column_overlap"": 2}, {""word"": ""After"", ""timed_overlap"": 1, ""column_overlap"": 4}]",completed,82,10,73
500,412,proximal-replay,2,Susan,growled,99,99,99,,3,3,0,0,,106,"[{""word"": ""growled"", ""timed_overlap"": 3, ""column_overlap"": 3}, {""word"": ""to-morrow"", ""timed_overlap"": 2, ""column_overlap"": 3}, {""word"": ""faithfully"", ""timed_overlap"": 2, ""column_overlap"": 2}, {""word"": ""villagers"", ""timed_overlap"": 2, ""column_overlap"": 2}, {""word"": ""three"", ""timed_overlap"": 1, ""column_overlap"": 3}]",completed,82,10,63
500,412,proximal-replay,3,approved,months,98,98,98,,3,4,0,0,,122,"[{""word"": ""months"", ""timed_overlap"": 3, ""column_overlap"": 4}, {""word"": ""post"", ""timed_overlap"": 2, ""column_overlap"": 4}, {""word"": ""bought"", ""timed_overlap"": 2, ""column_overlap"": 4}, {""word"": ""Every"", ""timed_overlap"": 2, ""column_overlap"": 3}, {""word"": ""birds"", ""timed_overlap"": 2, ""column_overlap"": 3}]",completed,73,10,63
500,412,proximal-replay,4,the,snow,98,98,98,,2,3,0,0,,106,"[{""word"": ""snow"", ""timed_overlap"": 2, ""column_overlap"": 3}, {""word"": ""morning"", ""timed_overlap"": 2, ""column_overlap"": 2}, {""word"": ""course"", ""timed_overlap"": 2, ""column_overlap"": 2}, {""word"": ""remarked"", ""timed_overlap"": 2, ""column_overlap"": 2}, {""word"": ""Next"", ""timed_overlap"": 1, ""column_overlap"": 4}]",completed,73,10,73
500,413,proximal-replay,1,--,staring,98,98,98,,2,3,0,0,,128,"[{""word"": ""staring"", ""timed_overlap"": 2, ""column_overlap"": 3}, {""word"": ""tell"", ""timed_overlap"": 2, ""column_overlap"": 3}, {""word"": ""shall"", ""timed_overlap"": 2, ""column_overlap"": 3}, {""word"": ""Folk"", ""timed_overlap"": 2, ""column_overlap"": 3}, {""word"": ""gilded"", ""timed_overlap"": 2, ""column_overlap"": 2}]",completed,64,10,72
500,413,proximal-replay,2,as,grotto,97,97,97,,2,4,0,0,,117,"[{""word"": ""grotto"", ""timed_overlap"": 2, ""column_overlap"": 4}, {""word"": ""Put"", ""timed_overlap"": 2, ""column_overlap"": 3}, {""word"": ""tells"", ""timed_overlap"": 2, ""column_overlap"": 2}, {""word"": ""astray"", ""timed_overlap"": 2, ""column_overlap"": 2}, {""word"": ""inches"", ""timed_overlap"": 2, ""column_overlap"": 2}]",completed,82,10,73
500,413,proximal-replay,3,many,simply,99,99,99,,2,3,0,0,,127,"[{""word"": ""simply"", ""timed_overlap"": 2, ""column_overlap"": 3}, {""word"": ""snowshoeing"", ""timed_overlap"": 2, ""column_overlap"": 3}, {""word"": ""monotonous"", ""timed_overlap"": 2, ""column_overlap"": 2}, {""word"": ""cows"", ""timed_overlap"": 2, ""column_overlap"": 2}, {""word"": ""creature"", ""timed_overlap"": 2, ""column_overlap"": 2}]",completed,82,10,63
500,413,proximal-replay,4,as,Square,98,98,98,,2,2,0,0,,79,"[{""word"": ""Square"", ""timed_overlap"": 2, ""column_overlap"": 2}, {""word"": ""but"", ""timed_overlap"": 1, ""column_overlap"": 4}, {""word"": ""leave"", ""timed_overlap"": 1, ""column_overlap"": 3}, {""word"": ""sustaining"", ""timed_overlap"": 1, ""column_overlap"": 3}, {""word"": ""frozen"", ""timed_overlap"": 1, ""column_overlap"": 3}]",completed,73,10,72
500,414,proximal-replay,1,his,shook,99,99,99,,2,3,0,0,,119,"[{""word"": ""shook"", ""timed_overlap"": 2, ""column_overlap"": 3}, {""word"": ""gathering"", ""timed_overlap"": 2, ""column_overlap"": 3}, {""word"": ""mercy"", ""timed_overlap"": 2, ""column_overlap"": 3}, {""word"": ""which"", ""timed_overlap"": 2, ""column_overlap"": 3}, {""word"": ""Meredith"", ""timed_overlap"": 2, ""column_overlap"": 2}]",completed,91,10,72
500,414,proximal-replay,2,palm-tree,later,99,99,99,,2,3,0,0,,112,"[{""word"": ""later"", ""timed_overlap"": 2, ""column_overlap"": 3}, {""word"": ""pity"", ""timed_overlap"": 2, ""column_overlap"": 3}, {""word"": ""without"", ""timed_overlap"": 2, ""column_overlap"": 2}, {""word"": ""Davis"", ""timed_overlap"": 2, ""column_overlap"": 2}, {""word"": ""swears"", ""timed_overlap"": 2, ""column_overlap"": 2}]",completed,82,10,72
500,414,proximal-replay,3,and,office,94,94,94,,2,2,0,0,,118,"[{""word"": ""office"", ""timed_overlap"": 2, ""column_overlap"": 2}, {""word"": ""ONCE"", ""timed_overlap"": 1, ""column_overlap"": 4}, {""word"": ""Cursed"", ""timed_overlap"": 1, ""column_overlap"": 3}, {""word"": ""both"", ""timed_overlap"": 1, ""column_overlap"": 3}, {""word"": ""Johnny"", ""timed_overlap"": 1, ""column_overlap"": 3}]",completed,82,10,72
500,414,proximal-replay,4,put,suit,100,100,100,,2,3,1,3,6,122,"[{""word"": ""suit"", ""timed_overlap"": 2, ""column_overlap"": 3}, {""word"": ""underneath"", ""timed_overlap"": 2, ""column_overlap"": 3}, {""word"": ""Lynde"", ""timed_overlap"": 1, ""column_overlap"": 3}, {""word"": ""Chuck"", ""timed_overlap"": 1, ""column_overlap"": 3}, {""word"": ""Mrs."", ""timed_overlap"": 1, ""column_overlap"": 3}]",completed,82,10,63
500,415,proximal-replay,1,who,he,100,100,100,,2,2,0,0,,121,"[{""word"": ""he"", ""timed_overlap"": 2, ""column_overlap"": 2}, {""word"": ""''"", ""timed_overlap"": 2, ""column_overlap"": 2}, {""word"": ""inches"", ""timed_overlap"": 1, ""column_overlap"": 4}, {""word"": ""those"", ""timed_overlap"": 1, ""column_overlap"": 4}, {""word"": ""flew"", ""timed_overlap"": 1, ""column_overlap"": 3}]",completed,91,10,45
500,415,proximal-replay,2,had,ogress,100,100,100,,2,3,1,3,11,100,"[{""word"": ""ogress"", ""timed_overlap"": 2, ""column_overlap"": 3}, {""word"": ""reluctantly"", ""timed_overlap"": 2, ""column_overlap"": 3}, {""word"": ""was"", ""timed_overlap"": 2, ""column_overlap"": 2}, {""word"": ""Soon"", ""timed_overlap"": 2, ""column_overlap"": 2}, {""word"": ""o"", ""timed_overlap"": 2, ""column_overlap"": 2}]",completed,55,10,63
500,415,proximal-replay,3,been,Jed,97,97,97,,3,5,0,0,,146,"[{""word"": ""Jed"", ""timed_overlap"": 3, ""column_overlap"": 5}, {""word"": ""Just"", ""timed_overlap"": 2, ""column_overlap"": 3}, {""word"": ""wore"", ""timed_overlap"": 2, ""column_overlap"": 3}, {""word"": ""bit"", ""timed_overlap"": 2, ""column_overlap"": 2}, {""word"": ""return"", ""timed_overlap"": 2, ""column_overlap"": 2}]",completed,73,10,54
500,415,proximal-replay,4,out,Cecily,95,95,95,,2,3,0,0,,112,"[{""word"": ""Cecily"", ""timed_overlap"": 2, ""column_overlap"": 3}, {""word"": ""Alice"", ""timed_overlap"": 2, ""column_overlap"": 2}, {""word"": ""must"", ""timed_overlap"": 2, ""column_overlap"": 2}, {""word"": ""return"", ""timed_overlap"": 2, ""column_overlap"": 2}, {""word"": ""lie"", ""timed_overlap"": 2, ""column_overlap"": 2}]",completed,64,10,65
500,416,proximal-replay,1,with,wo,100,100,100,,2,4,0,0,,104,"[{""word"": ""wo"", ""timed_overlap"": 2, ""column_overlap"": 4}, {""word"": ""'ve"", ""timed_overlap"": 2, ""column_overlap"": 2}, {""word"": ""thing"", ""timed_overlap"": 2, ""column_overlap"": 2}, {""word"": ""she"", ""timed_overlap"": 2, ""column_overlap"": 2}, {""word"": ""also"", ""timed_overlap"": 1, ""column_overlap"": 4}]",completed,73,10,63
500,416,proximal-replay,2,his,PETER,96,96,96,,2,4,0,0,,137,"[{""word"": ""PETER"", ""timed_overlap"": 2, ""column_overlap"": 4}, {""word"": ""garret"", ""timed_overlap"": 2, ""column_overlap"": 4}, {""word"": ""hive"", ""timed_overlap"": 2, ""column_overlap"": 3}, {""word"": ""Matthew"", ""timed_overlap"": 2, ""column_overlap"": 3}, {""word"": ""fellow"", ""timed_overlap"": 2, ""column_overlap"": 3}]",completed,73,10,72
500,416,proximal-replay,3,real,boys,100,100,100,,2,3,0,0,,73,"[{""word"": ""boys"", ""timed_overlap"": 2, ""column_overlap"": 3}, {""word"": ""curious"", ""timed_overlap"": 2, ""column_overlap"": 3}, {""word"": ""ran"", ""timed_overlap"": 2, ""column_overlap"": 3}, {""word"": ""study"", ""timed_overlap"": 2, ""column_overlap"": 2}, {""word"": ""piece"", ""timed_overlap"": 1, ""column_overlap"": 3}]",completed,82,10,54
500,416,proximal-replay,4,wife,hall,92,92,92,,2,2,0,0,,137,"[{""word"": ""hall"", ""timed_overlap"": 2, ""column_overlap"": 2}, {""word"": ""The"", ""timed_overlap"": 2, ""column_overlap"": 2}, {""word"": ""fourth"", ""timed_overlap"": 2, ""column_overlap"": 2}, {""word"": ""grotto"", ""timed_overlap"": 2, ""column_overlap"": 2}, {""word"": ""Seek"", ""timed_overlap"": 2, ""column_overlap"": 2}]",completed,64,10,64
500,417,proximal-replay,1,long,pride,99,99,99,,2,4,1,2,71,128,"[{""word"": ""pride"", ""timed_overlap"": 2, ""column_overlap"": 4}, {""word"": ""the"", ""timed_overlap"": 2, ""column_overlap"": 2}, {""word"": ""writing"", ""timed_overlap"": 2, ""column_overlap"": 2}, {""word"": ""gallant"", ""timed_overlap"": 2, ""column_overlap"": 2}, {""word"": ""Fellow"", ""timed_overlap"": 1, ""column_overlap"": 4}]",completed,64,10,63
500,417,proximal-replay,2,gulps,departs,98,98,98,,2,4,0,0,,104,"[{""word"": ""departs"", ""timed_overlap"": 2, ""column_overlap"": 4}, {""word"": ""chance"", ""timed_overlap"": 2, ""column_overlap"": 3}, {""word"": ""mount"", ""timed_overlap"": 2, ""column_overlap"": 2}, {""word"": ""whistle"", ""timed_overlap"": 2, ""column_overlap"": 2}, {""word"": ""marry"", ""timed_overlap"": 2, ""column_overlap"": 2}]",completed,73,10,64
500,417,proximal-replay,3,",",strange,98,98,98,,2,5,0,0,,137,"[{""word"": ""strange"", ""timed_overlap"": 2, ""column_overlap"": 5}, {""word"": ""approve"", ""timed_overlap"": 2, ""column_overlap"": 3}, {""word"": ""she"", ""timed_overlap"": 2, ""column_overlap"": 2}, {""word"": ""alarm"", ""timed_overlap"": 2, ""column_overlap"": 2}, {""word"": ""Scrooge"", ""timed_overlap"": 2, ""column_overlap"": 2}]",completed,73,10,72
500,417,proximal-replay,4,Messua,married,100,100,100,,2,3,0,0,,138,"[{""word"": ""married"", ""timed_overlap"": 2, ""column_overlap"": 3}, {""word"": ""spur"", ""timed_overlap"": 2, ""column_overlap"": 3}, {""word"": ""none"", ""timed_overlap"": 2, ""column_overlap"": 3}, {""word"": ""us"", ""timed_overlap"": 2, ""column_overlap"": 2}, {""word"": ""youth"", ""timed_overlap"": 2, ""column_overlap"": 2}]",completed,82,10,72
500,418,proximal-replay,1,if,is,100,100,100,,2,3,0,0,,93,"[{""word"": ""is"", ""timed_overlap"": 2, ""column_overlap"": 3}, {""word"": ""rejoined"", ""timed_overlap"": 2, ""column_overlap"": 2}, {""word"": ""preferred"", ""timed_overlap"": 1, ""column_overlap"": 4}, {""word"": ""taken"", ""timed_overlap"": 1, ""column_overlap"": 3}, {""word"": ""feebly"", ""timed_overlap"": 1, ""column_overlap"": 3}]",completed,100,10,63
500,418,proximal-replay,2,you,Gray,100,100,100,,2,3,0,0,,122,"[{""word"": ""Gray"", ""timed_overlap"": 2, ""column_overlap"": 3}, {""word"": ""UNC"", ""timed_overlap"": 2, ""column_overlap"": 3}, {""word"": ""kindest"", ""timed_overlap"": 2, ""column_overlap"": 2}, {""word"": ""recitations"", ""timed_overlap"": 2, ""column_overlap"": 2}, {""word"": ""Ben"", ""timed_overlap"": 2, ""column_overlap"": 2}]",completed,73,10,72
500,418,proximal-replay,3,are,meddling,97,97,97,,2,3,0,0,,150,"[{""word"": ""meddling"", ""timed_overlap"": 2, ""column_overlap"": 3}, {""word"": ""strokes"", ""timed_overlap"": 1, ""column_overlap"": 4}, {""word"": ""thief"", ""timed_overlap"": 1, ""column_overlap"": 4}, {""word"": ""full"", ""timed_overlap"": 1, ""column_overlap"": 4}, {""word"": ""remembering"", ""timed_overlap"": 1, ""column_overlap"": 3}]",completed,82,10,72
500,418,proximal-replay,4,",",Of,100,100,100,,3,3,0,0,,102,"[{""word"": ""Of"", ""timed_overlap"": 3, ""column_overlap"": 3}, {""word"": ""Reddy"", ""timed_overlap"": 2, ""column_overlap"": 3}, {""word"": ""Please"", ""timed_overlap"": 2, ""column_overlap"": 3}, {""word"": ""ruther"", ""timed_overlap"": 2, ""column_overlap"": 2}, {""word"": ""An"", ""timed_overlap"": 2, ""column_overlap"": 2}]",completed,82,10,63
500,419,proximal-replay,1,he,romantic,99,99,99,,2,2,1,1,143,143,"[{""word"": ""romantic"", ""timed_overlap"": 2, ""column_overlap"": 2}, {""word"": ""HAS"", ""timed_overlap"": 2, ""column_overlap"": 2}, {""word"": ""admitted"", ""timed_overlap"": 2, ""column_overlap"": 2}, {""word"": ""Susanna"", ""timed_overlap"": 1, ""column_overlap"": 4}, {""word"": ""playing"", ""timed_overlap"": 1, ""column_overlap"": 4}]",completed,73,10,63
500,419,proximal-replay,2,'d,hundred,95,95,95,,1,4,0,0,,106,"[{""word"": ""hundred"", ""timed_overlap"": 1, ""column_overlap"": 4}, {""word"": ""Schmidt"", ""timed_overlap"": 1, ""column_overlap"": 4}, {""word"": ""rubbed"", ""timed_overlap"": 1, ""column_overlap"": 3}, {""word"": ""Glen"", ""timed_overlap"": 1, ""column_overlap"": 3}, {""word"": ""gathered"", ""timed_overlap"": 1, ""column_overlap"": 3}]",completed,73,10,81
500,419,proximal-replay,3,got,Girl,100,100,100,,2,3,0,0,,136,"[{""word"": ""Girl"", ""timed_overlap"": 2, ""column_overlap"": 3}, {""word"": ""passed"", ""timed_overlap"": 2, ""column_overlap"": 3}, {""word"": ""without"", ""timed_overlap"": 2, ""column_overlap"": 2}, {""word"": ""Now"", ""timed_overlap"": 2, ""column_overlap"": 2}, {""word"": ""evangelist"", ""timed_overlap"": 2, ""column_overlap"": 2}]",completed,91,10,63
500,419,proximal-replay,4,a,Over,97,97,97,,2,3,0,0,,139,"[{""word"": ""Over"", ""timed_overlap"": 2, ""column_overlap"": 3}, {""word"": ""horses"", ""timed_overlap"": 2, ""column_overlap"": 3}, {""word"": ""mercy"", ""timed_overlap"": 2, ""column_overlap"": 3}, {""word"": ""Meredith"", ""timed_overlap"": 2, ""column_overlap"": 3}, {""word"": ""Dot"", ""timed_overlap"": 2, ""column_overlap"": 3}]",completed,73,10,64
500,420,proximal-replay,1,to,bronze-colored,97,97,97,,2,4,0,0,,117,"[{""word"": ""bronze-colored"", ""timed_overlap"": 2, ""column_overlap"": 4}, {""word"": ""thought"", ""timed_overlap"": 2, ""column_overlap"": 3}, {""word"": ""wise"", ""timed_overlap"": 2, ""column_overlap"": 3}, {""word"": ""long"", ""timed_overlap"": 1, ""column_overlap"": 4}, {""word"": ""have"", ""timed_overlap"": 1, ""column_overlap"": 4}]",completed,73,10,73
500,420,proximal-replay,2,do,Being,94,94,94,,2,4,0,0,,166,"[{""word"": ""Being"", ""timed_overlap"": 2, ""column_overlap"": 4}, {""word"": ""just"", ""timed_overlap"": 2, ""column_overlap"": 3}, {""word"": ""hopelessly"", ""timed_overlap"": 2, ""column_overlap"": 2}, {""word"": ""awful"", ""timed_overlap"": 2, ""column_overlap"": 2}, {""word"": ""Jesse"", ""timed_overlap"": 2, ""column_overlap"": 2}]",completed,82,10,74
500,420,proximal-replay,3,with,killed,99,99,99,,2,2,0,0,,126,"[{""word"": ""killed"", ""timed_overlap"": 2, ""column_overlap"": 2}, {""word"": ""worn"", ""timed_overlap"": 2, ""column_overlap"": 2}, {""word"": ""chair"", ""timed_overlap"": 2, ""column_overlap"": 2}, {""word"": ""body"", ""timed_overlap"": 1, ""column_overlap"": 4}, {""word"": ""talked"", ""timed_overlap"": 1, ""column_overlap"": 4}]",completed,82,10,63
500,420,proximal-replay,4,it,Messua,98,98,98,,2,3,0,0,,114,"[{""word"": ""Messua"", ""timed_overlap"": 2, ""column_overlap"": 3}, {""word"": ""thrifty"", ""timed_overlap"": 2, ""column_overlap"": 3}, {""word"": ""played"", ""timed_overlap"": 2, ""column_overlap"": 3}, {""word"": ""closing"", ""timed_overlap"": 2, ""column_overlap"": 2}, {""word"": ""Thorny"", ""timed_overlap"": 2, ""column_overlap"": 2}]",completed,73,10,55
500,421,proximal-replay,1,',seems,99,99,99,,2,3,0,0,,99,"[{""word"": ""seems"", ""timed_overlap"": 2, ""column_overlap"": 3}, {""word"": ""heated"", ""timed_overlap"": 2, ""column_overlap"": 3}, {""word"": ""hot"", ""timed_overlap"": 2, ""column_overlap"": 3}, {""word"": ""Fellow"", ""timed_overlap"": 2, ""column_overlap"": 3}, {""word"": ""Matthew"", ""timed_overlap"": 2, ""column_overlap"": 2}]",completed,82,10,72
500,421,proximal-replay,2,a,Bill,99,99,99,,2,3,0,0,,115,"[{""word"": ""Bill"", ""timed_overlap"": 2, ""column_overlap"": 3}, {""word"": ""said"", ""timed_overlap"": 2, ""column_overlap"": 3}, {""word"": ""Not"", ""timed_overlap"": 2, ""column_overlap"": 3}, {""word"": ""agreement"", ""timed_overlap"": 2, ""column_overlap"": 2}, {""word"": ""broad"", ""timed_overlap"": 1, ""column_overlap"": 4}]",completed,82,10,72
500,421,proximal-replay,3,feller,Obey,96,96,96,,2,2,0,0,,97,"[{""word"": ""Obey"", ""timed_overlap"": 2, ""column_overlap"": 2}, {""word"": ""tantrum"", ""timed_overlap"": 1, ""column_overlap"": 3}, {""word"": ""which"", ""timed_overlap"": 1, ""column_overlap"": 3}, {""word"": ""us"", ""timed_overlap"": 1, ""column_overlap"": 3}, {""word"": ""goat"", ""timed_overlap"": 1, ""column_overlap"": 3}]",completed,82,10,63
500,421,proximal-replay,4,;,Chief,95,95,95,,2,3,0,0,,109,"[{""word"": ""Chief"", ""timed_overlap"": 2, ""column_overlap"": 3}, {""word"": ""deal"", ""timed_overlap"": 2, ""column_overlap"": 2}, {""word"": ""bright"", ""timed_overlap"": 2, ""column_overlap"": 2}, {""word"": ""if"", ""timed_overlap"": 1, ""column_overlap"": 4}, {""word"": ""fought"", ""timed_overlap"": 1, ""column_overlap"": 3}]",completed,73,10,74
500,422,proximal-replay,1,",",indeed,100,100,100,,2,3,0,0,,119,"[{""word"": ""indeed"", ""timed_overlap"": 2, ""column_overlap"": 3}, {""word"": ""wore"", ""timed_overlap"": 2, ""column_overlap"": 2}, {""word"": ""require"", ""timed_overlap"": 2, ""column_overlap"": 2}, {""word"": ""was"", ""timed_overlap"": 2, ""column_overlap"": 2}, {""word"": ""Skunk"", ""timed_overlap"": 1, ""column_overlap"": 3}]",completed,91,10,72
500,422,proximal-replay,2,that,reserved,98,98,98,,2,3,0,0,,113,"[{""word"": ""reserved"", ""timed_overlap"": 2, ""column_overlap"": 3}, {""word"": ""Chief"", ""timed_overlap"": 2, ""column_overlap"": 3}, {""word"": ""yearned"", ""timed_overlap"": 2, ""column_overlap"": 2}, {""word"": ""Nobody"", ""timed_overlap"": 2, ""column_overlap"": 2}, {""word"": ""recovered"", ""timed_overlap"": 2, ""column_overlap"": 2}]",completed,82,10,63
500,422,proximal-replay,3,night,Johnny,96,96,96,,2,2,0,0,,114,"[{""word"": ""Johnny"", ""timed_overlap"": 2, ""column_overlap"": 2}, {""word"": ""breakfast"", ""timed_overlap"": 2, ""column_overlap"": 2}, {""word"": ""sign"", ""timed_overlap"": 1, ""column_overlap"": 4}, {""word"": ""Leslie"", ""timed_overlap"": 1, ""column_overlap"": 4}, {""word"": ""palm-tree"", ""timed_overlap"": 1, ""column_overlap"": 3}]",completed,73,10,63
500,422,proximal-replay,4,had,cake,97,97,97,,2,4,0,0,,157,"[{""word"": ""cake"", ""timed_overlap"": 2, ""column_overlap"": 4}, {""word"": ""sign"", ""timed_overlap"": 2, ""column_overlap"": 3}, {""word"": ""guess"", ""timed_overlap"": 2, ""column_overlap"": 3}, {""word"": ""departs"", ""timed_overlap"": 2, ""column_overlap"": 3}, {""word"": ""put"", ""timed_overlap"": 2, ""column_overlap"": 3}]",completed,73,10,54
500,423,proximal-replay,1,",",breath,100,100,100,,2,3,0,0,,90,"[{""word"": ""breath"", ""timed_overlap"": 2, ""column_overlap"": 3}, {""word"": ""palace"", ""timed_overlap"": 2, ""column_overlap"": 3}, {""word"": ""had"", ""timed_overlap"": 2, ""column_overlap"": 2}, {""word"": ""ogress"", ""timed_overlap"": 2, ""column_overlap"": 2}, {""word"": ""our"", ""timed_overlap"": 2, ""column_overlap"": 2}]",completed,82,10,63
500,423,proximal-replay,2,``,Danny,99,99,99,,2,3,0,0,,126,"[{""word"": ""Danny"", ""timed_overlap"": 2, ""column_overlap"": 3}, {""word"": ""All"", ""timed_overlap"": 2, ""column_overlap"": 3}, {""word"": ""head"", ""timed_overlap"": 2, ""column_overlap"": 3}, {""word"": ""tittered"", ""timed_overlap"": 2, ""column_overlap"": 2}, {""word"": ""thief"", ""timed_overlap"": 2, ""column_overlap"": 2}]",completed,73,10,63
500,423,proximal-replay,3,Old,central,98,98,98,,2,3,0,0,,103,"[{""word"": ""central"", ""timed_overlap"": 2, ""column_overlap"": 3}, {""word"": ""took"", ""timed_overlap"": 2, ""column_overlap"": 2}, {""word"": ""Every"", ""timed_overlap"": 1, ""column_overlap"": 4}, {""word"": ""chair"", ""timed_overlap"": 1, ""column_overlap"": 4}, {""word"": ""lifting"", ""timed_overlap"": 1, ""column_overlap"": 3}]",completed,73,10,54
500,423,proximal-replay,4,Mother,happily,97,97,97,,3,3,0,0,,127,"[{""word"": ""happily"", ""timed_overlap"": 3, ""column_overlap"": 3}, {""word"": ""dinner"", ""timed_overlap"": 2, ""column_overlap"": 3}, {""word"": ""cows"", ""timed_overlap"": 2, ""column_overlap"": 3}, {""word"": ""'m"", ""timed_overlap"": 2, ""column_overlap"": 2}, {""word"": ""Herr"", ""timed_overlap"": 2, ""column_overlap"": 2}]",completed,64,10,54
500,424,proximal-replay,1,seek,be,100,100,100,,2,3,0,0,,92,"[{""word"": ""be"", ""timed_overlap"": 2, ""column_overlap"": 3}, {""word"": ""CHAPTER"", ""timed_overlap"": 2, ""column_overlap"": 3}, {""word"": ""finish"", ""timed_overlap"": 2, ""column_overlap"": 2}, {""word"": ""things"", ""timed_overlap"": 2, ""column_overlap"": 2}, {""word"": ""statelier"", ""timed_overlap"": 1, ""column_overlap"": 4}]",completed,73,10,54
500,424,proximal-replay,2,a,seen,99,99,99,,2,4,0,0,,109,"[{""word"": ""seen"", ""timed_overlap"": 2, ""column_overlap"": 4}, {""word"": ""bronze-colored"", ""timed_overlap"": 2, ""column_overlap"": 3}, {""word"": ""recalled"", ""timed_overlap"": 2, ""column_overlap"": 2}, {""word"": ""skins"", ""timed_overlap"": 2, ""column_overlap"": 2}, {""word"": ""enchantress"", ""timed_overlap"": 2, ""column_overlap"": 2}]",completed,64,10,45
500,424,proximal-replay,3,fairy,what,93,93,93,,3,3,0,0,,136,"[{""word"": ""what"", ""timed_overlap"": 3, ""column_overlap"": 3}, {""word"": ""promise"", ""timed_overlap"": 2, ""column_overlap"": 3}, {""word"": ""reserved"", ""timed_overlap"": 2, ""column_overlap"": 3}, {""word"": ""washerman"", ""timed_overlap"": 2, ""column_overlap"": 3}, {""word"": ""SAMMY"", ""timed_overlap"": 2, ""column_overlap"": 3}]",completed,55,10,37
500,424,proximal-replay,4,",",distance,95,95,95,,2,3,0,0,,148,"[{""word"": ""distance"", ""timed_overlap"": 2, ""column_overlap"": 3}, {""word"": ""deep"", ""timed_overlap"": 2, ""column_overlap"": 3}, {""word"": ""after"", ""timed_overlap"": 2, ""column_overlap"": 3}, {""word"": ""pink"", ""timed_overlap"": 2, ""column_overlap"": 3}, {""word"": ""ruin"", ""timed_overlap"": 2, ""column_overlap"": 2}]",completed,46,10,72
500,425,proximal-replay,1,about,pride,98,98,98,,2,3,0,0,,117,"[{""word"": ""pride"", ""timed_overlap"": 2, ""column_overlap"": 3}, {""word"": ""Clever"", ""timed_overlap"": 2, ""column_overlap"": 2}, {""word"": ""filled"", ""timed_overlap"": 1, ""column_overlap"": 4}, {""word"": ""canvas"", ""timed_overlap"": 1, ""column_overlap"": 3}, {""word"": ""tickled"", ""timed_overlap"": 1, ""column_overlap"": 3}]",completed,82,10,72
500,425,proximal-replay,2,that,apart,99,99,99,,2,3,0,0,,105,"[{""word"": ""apart"", ""timed_overlap"": 2, ""column_overlap"": 3}, {""word"": ""furious"", ""timed_overlap"": 2, ""column_overlap"": 2}, {""word"": ""wished"", ""timed_overlap"": 2, ""column_overlap"": 2}, {""word"": ""shy"", ""timed_overlap"": 2, ""column_overlap"": 2}, {""word"": ""sleep"", ""timed_overlap"": 2, ""column_overlap"": 2}]",completed,82,10,72
500,425,proximal-replay,3,dinner,played,98,98,98,,2,3,0,0,,126,"[{""word"": ""played"", ""timed_overlap"": 2, ""column_overlap"": 3}, {""word"": ""recovered"", ""timed_overlap"": 2, ""column_overlap"": 3}, {""word"": ""Scott"", ""timed_overlap"": 2, ""column_overlap"": 3}, {""word"": ""Thorny"", ""timed_overlap"": 2, ""column_overlap"": 2}, {""word"": ""Messua"", ""timed_overlap"": 2, ""column_overlap"": 2}]",completed,82,10,63
500,425,proximal-replay,4,.,pointed,100,100,100,,2,2,0,0,,81,"[{""word"": ""pointed"", ""timed_overlap"": 2, ""column_overlap"": 2}, {""word"": ""waiting"", ""timed_overlap"": 1, ""column_overlap"": 3}, {""word"": ""Something"", ""timed_overlap"": 1, ""column_overlap"": 3}, {""word"": ""sign"", ""timed_overlap"": 1, ""column_overlap"": 3}, {""word"": ""effort"", ""timed_overlap"": 1, ""column_overlap"": 2}]",completed,73,10,63
500,426,proximal-replay,1,be,be,100,100,100,,2,3,2,3,1,119,"[{""word"": ""be"", ""timed_overlap"": 2, ""column_overlap"": 3}, {""word"": ""HAS"", ""timed_overlap"": 2, ""column_overlap"": 3}, {""word"": ""finish"", ""timed_overlap"": 2, ""column_overlap"": 2}, {""word"": ""things"", ""timed_overlap"": 2, ""column_overlap"": 2}, {""word"": ""require"", ""timed_overlap"": 2, ""column_overlap"": 2}]",completed,73,10,54
500,426,proximal-replay,2,snubbed,seen,99,99,99,,2,4,0,0,,109,"[{""word"": ""seen"", ""timed_overlap"": 2, ""column_overlap"": 4}, {""word"": ""bronze-colored"", ""timed_overlap"": 2, ""column_overlap"": 3}, {""word"": ""recalled"", ""timed_overlap"": 2, ""column_overlap"": 2}, {""word"": ""enchantress"", ""timed_overlap"": 2, ""column_overlap"": 2}, {""word"": ""skins"", ""timed_overlap"": 2, ""column_overlap"": 2}]",completed,64,10,45
500,426,proximal-replay,3,at,what,93,93,93,,3,3,0,0,,136,"[{""word"": ""what"", ""timed_overlap"": 3, ""column_overlap"": 3}, {""word"": ""washerman"", ""timed_overlap"": 2, ""column_overlap"": 3}, {""word"": ""SAMMY"", ""timed_overlap"": 2, ""column_overlap"": 3}, {""word"": ""reserved"", ""timed_overlap"": 2, ""column_overlap"": 3}, {""word"": ""David"", ""timed_overlap"": 2, ""column_overlap"": 3}]",completed,55,10,37
500,426,proximal-replay,4,all,pink,95,95,95,,2,3,0,0,,148,"[{""word"": ""pink"", ""timed_overlap"": 2, ""column_overlap"": 3}, {""word"": ""distance"", ""timed_overlap"": 2, ""column_overlap"": 3}, {""word"": ""after"", ""timed_overlap"": 2, ""column_overlap"": 3}, {""word"": ""deep"", ""timed_overlap"": 2, ""column_overlap"": 3}, {""word"": ""ruin"", ""timed_overlap"": 2, ""column_overlap"": 2}]",completed,46,10,63
500,427,proximal-replay,1,Kenneth,Kenneth,100,100,100,,2,3,2,3,1,114,"[{""word"": ""Kenneth"", ""timed_overlap"": 2, ""column_overlap"": 3}, {""word"": ""mud"", ""timed_overlap"": 2, ""column_overlap"": 2}, {""word"": ""terrified"", ""timed_overlap"": 2, ""column_overlap"": 2}, {""word"": ""Hannah"", ""timed_overlap"": 2, ""column_overlap"": 2}, {""word"": ""place"", ""timed_overlap"": 2, ""column_overlap"": 2}]",completed,73,10,63
500,427,proximal-replay,2,'s,'s,100,100,100,,3,3,3,3,1,140,"[{""word"": ""'s"", ""timed_overlap"": 3, ""column_overlap"": 3}, {""word"": ""price"", ""timed_overlap"": 2, ""column_overlap"": 4}, {""word"": ""tore"", ""timed_overlap"": 2, ""column_overlap"": 3}, {""word"": ""glided"", ""timed_overlap"": 2, ""column_overlap"": 3}, {""word"": ""mount"", ""timed_overlap"": 2, ""column_overlap"": 2}]",completed,73,10,45
500,427,proximal-replay,3,seeking,one,93,93,93,,2,4,1,2,17,102,"[{""word"": ""one"", ""timed_overlap"": 2, ""column_overlap"": 4}, {""word"": ""ground"", ""timed_overlap"": 2, ""column_overlap"": 4}, {""word"": ""mid-afternoon"", ""timed_overlap"": 2, ""column_overlap"": 4}, {""word"": ""money"", ""timed_overlap"": 2, ""column_overlap"": 2}, {""word"": ""so"", ""timed_overlap"": 2, ""column_overlap"": 2}]",completed,55,10,72
500,427,proximal-replay,4,eyes,certainly,100,100,100,,2,3,1,1,102,125,"[{""word"": ""certainly"", ""timed_overlap"": 2, ""column_overlap"": 3}, {""word"": ""waiting"", ""timed_overlap"": 2, ""column_overlap"": 2}, {""word"": ""remarked"", ""timed_overlap"": 1, ""column_overlap"": 4}, {""word"": ""ceased"", ""timed_overlap"": 1, ""column_overlap"": 4}, {""word"": ""feel"", ""timed_overlap"": 1, ""column_overlap"": 3}]",completed,82,10,72
500,428,proximal-replay,1,FINE,elder,98,98,98,,3,3,1,1,87,134,"[{""word"": ""elder"", ""timed_overlap"": 3, ""column_overlap"": 3}, {""word"": ""Cecily"", ""timed_overlap"": 2, ""column_overlap"": 4}, {""word"": ""staring"", ""timed_overlap"": 2, ""column_overlap"": 3}, {""word"": ""month"", ""timed_overlap"": 2, ""column_overlap"": 2}, {""word"": ""east"", ""timed_overlap"": 2, ""column_overlap"": 2}]",completed,73,10,63
500,428,proximal-replay,2,COAT,been,99,99,99,,2,4,0,0,,151,"[{""word"": ""been"", ""timed_overlap"": 2, ""column_overlap"": 4}, {""word"": ""Jem"", ""timed_overlap"": 2, ""column_overlap"": 3}, {""word"": ""Davis"", ""timed_overlap"": 2, ""column_overlap"": 2}, {""word"": ""sluggish"", ""timed_overlap"": 2, ""column_overlap"": 2}, {""word"": ""plans"", ""timed_overlap"": 2, ""column_overlap"": 2}]",completed,73,10,63
500,428,proximal-replay,3,Sammy,want,99,99,99,,2,2,0,0,,108,"[{""word"": ""want"", ""timed_overlap"": 2, ""column_overlap"": 2}, {""word"": ""egg"", ""timed_overlap"": 2, ""column_overlap"": 2}, {""word"": ""Quite"", ""timed_overlap"": 2, ""column_overlap"": 2}, {""word"": ""breakfast"", ""timed_overlap"": 1, ""column_overlap"": 3}, {""word"": ""ambitions"", ""timed_overlap"": 1, ""column_overlap"": 3}]",completed,73,10,72
500,428,proximal-replay,4,Jay,April,96,96,96,,2,4,0,0,,110,"[{""word"": ""April"", ""timed_overlap"": 2, ""column_overlap"": 4}, {""word"": ""Beautiful"", ""timed_overlap"": 2, ""column_overlap"": 3}, {""word"": ""believe"", ""timed_overlap"": 2, ""column_overlap"": 3}, {""word"": ""excuse"", ""timed_overlap"": 2, ""column_overlap"": 3}, {""word"": ""gone"", ""timed_overlap"": 2, ""column_overlap"": 2}]",completed,82,10,65
500,429,proximal-replay,1,",",foremost,100,100,100,,2,3,1,1,111,143,"[{""word"": ""foremost"", ""timed_overlap"": 2, ""column_overlap"": 3}, {""word"": ""carriage"", ""timed_overlap"": 2, ""column_overlap"": 3}, {""word"": ""boys"", ""timed_overlap"": 2, ""column_overlap"": 3}, {""word"": ""worse"", ""timed_overlap"": 2, ""column_overlap"": 2}, {""word"": ""golden"", ""timed_overlap"": 1, ""column_overlap"": 4}]",completed,91,10,72
500,429,proximal-replay,2,then,hate,100,100,100,,2,3,0,0,,108,"[{""word"": ""hate"", ""timed_overlap"": 2, ""column_overlap"": 3}, {""word"": ""Peerless"", ""timed_overlap"": 1, ""column_overlap"": 5}, {""word"": ""some"", ""timed_overlap"": 1, ""column_overlap"": 4}, {""word"": ""tell"", ""timed_overlap"": 1, ""column_overlap"": 4}, {""word"": ""however"", ""timed_overlap"": 1, ""column_overlap"": 3}]",completed,82,10,63
500,429,proximal-replay,3,a,round,98,98,98,,2,4,0,0,,134,"[{""word"": ""round"", ""timed_overlap"": 2, ""column_overlap"": 4}, {""word"": ""tantrum"", ""timed_overlap"": 2, ""column_overlap"": 4}, {""word"": ""craoudin"", ""timed_overlap"": 2, ""column_overlap"": 3}, {""word"": ""determined"", ""timed_overlap"": 1, ""column_overlap"": 4}, {""word"": ""confessed"", ""timed_overlap"": 1, ""column_overlap"": 4}]",completed,73,10,73
500,429,proximal-replay,4,tiny,anxious,97,97,97,,3,3,0,0,,128,"[{""word"": ""anxious"", ""timed_overlap"": 3, ""column_overlap"": 3}, {""word"": ""'s"", ""timed_overlap"": 3, ""column_overlap"": 3}, {""word"": ""tremble"", ""timed_overlap"": 2, ""column_overlap"": 3}, {""word"": ""lovely"", ""timed_overlap"": 2, ""column_overlap"": 3}, {""word"": ""tongue"", ""timed_overlap"": 2, ""column_overlap"": 2}]",completed,82,10,54
500,430,proximal-replay,1,he,said,100,100,100,,3,3,0,0,,115,"[{""word"": ""said"", ""timed_overlap"": 3, ""column_overlap"": 3}, {""word"": ""golden"", ""timed_overlap"": 2, ""column_overlap"": 3}, {""word"": ""care"", ""timed_overlap"": 2, ""column_overlap"": 3}, {""word"": ""pump"", ""timed_overlap"": 2, ""column_overlap"": 3}, {""word"": ""Bill"", ""timed_overlap"": 2, ""column_overlap"": 3}]",completed,73,10,45
500,430,proximal-replay,2,cried,See,100,100,100,,2,4,0,0,,148,"[{""word"": ""See"", ""timed_overlap"": 2, ""column_overlap"": 4}, {""word"": ""Taffy"", ""timed_overlap"": 2, ""column_overlap"": 3}, {""word"": ""her"", ""timed_overlap"": 2, ""column_overlap"": 3}, {""word"": ""And"", ""timed_overlap"": 2, ""column_overlap"": 3}, {""word"": ""soon"", ""timed_overlap"": 2, ""column_overlap"": 3}]",completed,55,10,72
500,430,proximal-replay,3,",",again,97,97,97,,3,3,0,0,,127,"[{""word"": ""again"", ""timed_overlap"": 3, ""column_overlap"": 3}, {""word"": ""Elsa"", ""timed_overlap"": 2, ""column_overlap"": 3}, {""word"": ""disagreeable"", ""timed_overlap"": 2, ""column_overlap"": 2}, {""word"": ""hair"", ""timed_overlap"": 2, ""column_overlap"": 2}, {""word"": ""chair"", ""timed_overlap"": 2, ""column_overlap"": 2}]",completed,82,10,54
500,430,proximal-replay,4,',Pekoe,96,96,96,,2,3,0,0,,137,"[{""word"": ""Pekoe"", ""timed_overlap"": 2, ""column_overlap"": 3}, {""word"": ""--"", ""timed_overlap"": 2, ""column_overlap"": 3}, {""word"": ""good"", ""timed_overlap"": 2, ""column_overlap"": 2}, {""word"": ""?"", ""timed_overlap"": 2, ""column_overlap"": 2}, {""word"": ""lovely"", ""timed_overlap"": 2, ""column_overlap"": 2}]",completed,64,10,63
500,431,proximal-replay,1,whose,he,100,100,100,,2,2,0,0,,121,"[{""word"": ""he"", ""timed_overlap"": 2, ""column_overlap"": 2}, {""word"": ""''"", ""timed_overlap"": 2, ""column_overlap"": 2}, {""word"": ""inches"", ""timed_overlap"": 1, ""column_overlap"": 4}, {""word"": ""those"", ""timed_overlap"": 1, ""column_overlap"": 4}, {""word"": ""God"", ""timed_overlap"": 1, ""column_overlap"": 3}]",completed,91,10,45
500,431,proximal-replay,2,birthday,ogress,100,100,100,,2,3,0,0,,100,"[{""word"": ""ogress"", ""timed_overlap"": 2, ""column_overlap"": 3}, {""word"": ""reluctantly"", ""timed_overlap"": 2, ""column_overlap"": 3}, {""word"": ""was"", ""timed_overlap"": 2, ""column_overlap"": 2}, {""word"": ""Soon"", ""timed_overlap"": 2, ""column_overlap"": 2}, {""word"": ""check"", ""timed_overlap"": 2, ""column_overlap"": 2}]",completed,55,10,63
500,431,proximal-replay,3,we,Jed,97,97,97,,3,5,0,0,,146,"[{""word"": ""Jed"", ""timed_overlap"": 3, ""column_overlap"": 5}, {""word"": ""wore"", ""timed_overlap"": 2, ""column_overlap"": 3}, {""word"": ""Just"", ""timed_overlap"": 2, ""column_overlap"": 3}, {""word"": ""return"", ""timed_overlap"": 2, ""column_overlap"": 2}, {""word"": ""bit"", ""timed_overlap"": 2, ""column_overlap"": 2}]",completed,73,10,54
500,431,proximal-replay,4,are,Cecily,95,95,95,,2,3,0,0,,112,"[{""word"": ""Cecily"", ""timed_overlap"": 2, ""column_overlap"": 3}, {""word"": ""hall"", ""timed_overlap"": 2, ""column_overlap"": 2}, {""word"": ""Alice"", ""timed_overlap"": 2, ""column_overlap"": 2}, {""word"": ""return"", ""timed_overlap"": 2, ""column_overlap"": 2}, {""word"": ""lie"", ""timed_overlap"": 2, ""column_overlap"": 2}]",completed,64,10,65
500,432,proximal-replay,1,so,talented,98,98,98,,3,4,0,0,,147,"[{""word"": ""talented"", ""timed_overlap"": 3, ""column_overlap"": 4}, {""word"": ""hot"", ""timed_overlap"": 2, ""column_overlap"": 3}, {""word"": ""finish"", ""timed_overlap"": 2, ""column_overlap"": 3}, {""word"": ""settle"", ""timed_overlap"": 2, ""column_overlap"": 3}, {""word"": ""Sometimes"", ""timed_overlap"": 2, ""column_overlap"": 3}]",completed,55,10,63
500,432,proximal-replay,2,much,birthday,98,98,98,,2,2,0,0,,79,"[{""word"": ""birthday"", ""timed_overlap"": 2, ""column_overlap"": 2}, {""word"": ""Betty"", ""timed_overlap"": 1, ""column_overlap"": 4}, {""word"": ""Anne"", ""timed_overlap"": 1, ""column_overlap"": 3}, {""word"": ""milk"", ""timed_overlap"": 1, ""column_overlap"": 2}, {""word"": ""pursuit"", ""timed_overlap"": 1, ""column_overlap"": 2}]",completed,73,10,63
500,432,proximal-replay,3,more,not,98,98,98,,2,4,0,0,,127,"[{""word"": ""not"", ""timed_overlap"": 2, ""column_overlap"": 4}, {""word"": ""earthly"", ""timed_overlap"": 2, ""column_overlap"": 3}, {""word"": ""seen"", ""timed_overlap"": 2, ""column_overlap"": 2}, {""word"": ""JAY"", ""timed_overlap"": 2, ""column_overlap"": 2}, {""word"": ""spied"", ""timed_overlap"": 2, ""column_overlap"": 2}]",completed,73,10,63
500,432,proximal-replay,4,than,happened,100,100,100,,2,3,0,0,,125,"[{""word"": ""happened"", ""timed_overlap"": 2, ""column_overlap"": 3}, {""word"": ""gaily"", ""timed_overlap"": 2, ""column_overlap"": 2}, {""word"": ""Queen"", ""timed_overlap"": 2, ""column_overlap"": 2}, {""word"": ""eaten"", ""timed_overlap"": 1, ""column_overlap"": 4}, {""word"": ""Before"", ""timed_overlap"": 1, ""column_overlap"": 3}]",completed,73,10,72
500,433,proximal-replay,1,with,bright,99,99,99,,2,4,1,1,110,118,"[{""word"": ""bright"", ""timed_overlap"": 2, ""column_overlap"": 4}, {""word"": ""Jumping"", ""timed_overlap"": 2, ""column_overlap"": 3}, {""word"": ""morning"", ""timed_overlap"": 2, ""column_overlap"": 3}, {""word"": ""reply"", ""timed_overlap"": 2, ""column_overlap"": 3}, {""word"": ""dragon"", ""timed_overlap"": 2, ""column_overlap"": 2}]",completed,82,10,72
500,433,proximal-replay,2,a,Thus,100,100,100,,2,2,0,0,,139,"[{""word"": ""Thus"", ""timed_overlap"": 2, ""column_overlap"": 2}, {""word"": ""able"", ""timed_overlap"": 2, ""column_overlap"": 2}, {""word"": ""Folk"", ""timed_overlap"": 2, ""column_overlap"": 2}, {""word"": ""looked"", ""timed_overlap"": 2, ""column_overlap"": 2}, {""word"": ""dragon"", ""timed_overlap"": 1, ""column_overlap"": 3}]",completed,82,10,72
500,433,proximal-replay,3,sigh,appeal,99,99,99,,2,2,0,0,,111,"[{""word"": ""appeal"", ""timed_overlap"": 2, ""column_overlap"": 2}, {""word"": ""elapsed"", ""timed_overlap"": 1, ""column_overlap"": 4}, {""word"": ""to-morrow"", ""timed_overlap"": 1, ""column_overlap"": 4}, {""word"": ""Pivi"", ""timed_overlap"": 1, ""column_overlap"": 4}, {""word"": ""father"", ""timed_overlap"": 1, ""column_overlap"": 4}]",completed,82,10,63
500,433,proximal-replay,4,and,fire,97,97,97,,2,3,0,0,,147,"[{""word"": ""fire"", ""timed_overlap"": 2, ""column_overlap"": 3}, {""word"": ""fixed"", ""timed_overlap"": 2, ""column_overlap"": 3}, {""word"": ""Behind"", ""timed_overlap"": 2, ""column_overlap"": 2}, {""word"": ""remarked"", ""timed_overlap"": 2, ""column_overlap"": 2}, {""word"": ""time"", ""timed_overlap"": 2, ""column_overlap"": 2}]",completed,73,10,72
500,434,proximal-replay,1,and,Inspiration,98,98,98,,2,3,1,3,22,144,"[{""word"": ""Inspiration"", ""timed_overlap"": 2, ""column_overlap"": 3}, {""word"": ""pet"", ""timed_overlap"": 2, ""column_overlap"": 3}, {""word"": ""too"", ""timed_overlap"": 2, ""column_overlap"": 2}, {""word"": ""knew"", ""timed_overlap"": 2, ""column_overlap"": 2}, {""word"": ""remembering"", ""timed_overlap"": 2, ""column_overlap"": 2}]",completed,64,10,72
500,434,proximal-replay,2,late,full,98,98,98,,2,4,0,0,,104,"[{""word"": ""full"", ""timed_overlap"": 2, ""column_overlap"": 4}, {""word"": ""lips"", ""timed_overlap"": 2, ""column_overlap"": 4}, {""word"": ""sentence"", ""timed_overlap"": 2, ""column_overlap"": 3}, {""word"": ""took"", ""timed_overlap"": 2, ""column_overlap"": 2}, {""word"": ""except"", ""timed_overlap"": 1, ""column_overlap"": 4}]",completed,82,10,72
500,434,proximal-replay,3,into,mean,100,100,100,,2,3,0,0,,99,"[{""word"": ""mean"", ""timed_overlap"": 2, ""column_overlap"": 3}, {""word"": ""certainly"", ""timed_overlap"": 2, ""column_overlap"": 3}, {""word"": ""hundred"", ""timed_overlap"": 2, ""column_overlap"": 3}, {""word"": ""wandered"", ""timed_overlap"": 2, ""column_overlap"": 2}, {""word"": ""boys"", ""timed_overlap"": 2, ""column_overlap"": 2}]",completed,82,10,54
500,434,proximal-replay,4,the,alarm,84,84,84,,2,4,0,0,,125,"[{""word"": ""alarm"", ""timed_overlap"": 2, ""column_overlap"": 4}, {""word"": ""Next"", ""timed_overlap"": 2, ""column_overlap"": 4}, {""word"": ""added"", ""timed_overlap"": 2, ""column_overlap"": 3}, {""word"": ""finish"", ""timed_overlap"": 2, ""column_overlap"": 3}, {""word"": ""Billy"", ""timed_overlap"": 2, ""column_overlap"": 3}]",completed,64,10,55
500,435,proximal-replay,1,this,spear,95,95,95,,2,5,1,3,8,143,"[{""word"": ""spear"", ""timed_overlap"": 2, ""column_overlap"": 5}, {""word"": ""God"", ""timed_overlap"": 2, ""column_overlap"": 2}, {""word"": ""evangelist"", ""timed_overlap"": 2, ""column_overlap"": 2}, {""word"": ""grasshoppers"", ""timed_overlap"": 1, ""column_overlap"": 4}, {""word"": ""wrongs"", ""timed_overlap"": 1, ""column_overlap"": 4}]",completed,73,10,63
500,435,proximal-replay,2,way,Aunt,100,100,100,,2,4,0,0,,122,"[{""word"": ""Aunt"", ""timed_overlap"": 2, ""column_overlap"": 4}, {""word"": ""near"", ""timed_overlap"": 2, ""column_overlap"": 2}, {""word"": ""resent"", ""timed_overlap"": 2, ""column_overlap"": 2}, {""word"": ""feller"", ""timed_overlap"": 2, ""column_overlap"": 2}, {""word"": ""might"", ""timed_overlap"": 2, ""column_overlap"": 2}]",completed,73,10,54
500,435,proximal-replay,3,about,something,97,97,97,,2,4,0,0,,121,"[{""word"": ""something"", ""timed_overlap"": 2, ""column_overlap"": 4}, {""word"": ""entered"", ""timed_overlap"": 2, ""column_overlap"": 3}, {""word"": ""Janet"", ""timed_overlap"": 2, ""column_overlap"": 2}, {""word"": ""milk"", ""timed_overlap"": 2, ""column_overlap"": 2}, {""word"": ""gallant"", ""timed_overlap"": 2, ""column_overlap"": 2}]",completed,64,10,54
500,435,proximal-replay,4,it,with,97,97,97,,3,3,0,0,,118,"[{""word"": ""with"", ""timed_overlap"": 3, ""column_overlap"": 3}, {""word"": ""Well"", ""timed_overlap"": 2, ""column_overlap"": 3}, {""word"": ""girl"", ""timed_overlap"": 2, ""column_overlap"": 3}, {""word"": ""longer"", ""timed_overlap"": 2, ""column_overlap"": 3}, {""word"": ""Mary"", ""timed_overlap"": 2, ""column_overlap"": 3}]",completed,64,10,54
500,436,proximal-replay,1,Glen,hive,100,100,100,,2,2,0,0,,109,"[{""word"": ""hive"", ""timed_overlap"": 2, ""column_overlap"": 2}, {""word"": ""Sammy"", ""timed_overlap"": 2, ""column_overlap"": 2}, {""word"": ""Jem"", ""timed_overlap"": 2, ""column_overlap"": 2}, {""word"": ""lest"", ""timed_overlap"": 1, ""column_overlap"": 4}, {""word"": ""began"", ""timed_overlap"": 1, ""column_overlap"": 3}]",completed,82,10,63
500,436,proximal-replay,2,village,Like,96,96,96,,2,4,0,0,,137,"[{""word"": ""Like"", ""timed_overlap"": 2, ""column_overlap"": 4}, {""word"": ""silence"", ""timed_overlap"": 2, ""column_overlap"": 3}, {""word"": ""teeth"", ""timed_overlap"": 2, ""column_overlap"": 3}, {""word"": ""Remember"", ""timed_overlap"": 2, ""column_overlap"": 3}, {""word"": ""ever"", ""timed_overlap"": 2, ""column_overlap"": 3}]",completed,73,10,72
500,436,proximal-replay,3,and,dress,100,100,100,,2,3,0,0,,112,"[{""word"": ""dress"", ""timed_overlap"": 2, ""column_overlap"": 3}, {""word"": ""Put"", ""timed_overlap"": 2, ""column_overlap"": 2}, {""word"": ""milk"", ""timed_overlap"": 1, ""column_overlap"": 3}, {""word"": ""Silver"", ""timed_overlap"": 1, ""column_overlap"": 3}, {""word"": ""give"", ""timed_overlap"": 1, ""column_overlap"": 3}]",completed,82,10,63
500,436,proximal-replay,4,played,Dear,94,94,94,,2,2,0,0,,110,"[{""word"": ""Dear"", ""timed_overlap"": 2, ""column_overlap"": 2}, {""word"": ""pursuit"", ""timed_overlap"": 2, ""column_overlap"": 2}, {""word"": ""Ben"", ""timed_overlap"": 2, ""column_overlap"": 2}, {""word"": ""Daisy"", ""timed_overlap"": 1, ""column_overlap"": 4}, {""word"": ""opening"", ""timed_overlap"": 1, ""column_overlap"": 3}]",completed,73,10,72
500,437,proximal-replay,1,eyes,Miss,98,98,98,,2,4,1,2,48,114,"[{""word"": ""Miss"", ""timed_overlap"": 2, ""column_overlap"": 4}, {""word"": ""turning"", ""timed_overlap"": 2, ""column_overlap"": 3}, {""word"": ""Look"", ""timed_overlap"": 2, ""column_overlap"": 3}, {""word"": ""pay"", ""timed_overlap"": 2, ""column_overlap"": 3}, {""word"": ""WATCH"", ""timed_overlap"": 2, ""column_overlap"": 2}]",completed,82,10,63
500,437,proximal-replay,2,and,breakfast,97,97,97,,3,3,0,0,,141,"[{""word"": ""breakfast"", ""timed_overlap"": 3, ""column_overlap"": 3}, {""word"": ""half"", ""timed_overlap"": 2, ""column_overlap"": 3}, {""word"": ""hearts"", ""timed_overlap"": 2, ""column_overlap"": 2}, {""word"": ""wo"", ""timed_overlap"": 1, ""column_overlap"": 3}, {""word"": ""hold"", ""timed_overlap"": 1, ""column_overlap"": 3}]",completed,73,10,45
500,437,proximal-replay,3,looked,lovely,87,87,87,,2,4,0,0,,133,"[{""word"": ""lovely"", ""timed_overlap"": 2, ""column_overlap"": 4}, {""word"": ""young"", ""timed_overlap"": 2, ""column_overlap"": 4}, {""word"": ""Only"", ""timed_overlap"": 2, ""column_overlap"": 3}, {""word"": ""hundred"", ""timed_overlap"": 2, ""column_overlap"": 3}, {""word"": ""miles"", ""timed_overlap"": 2, ""column_overlap"": 3}]",completed,55,10,73
500,437,proximal-replay,4,at,your,100,100,100,,2,2,0,0,,101,"[{""word"": ""your"", ""timed_overlap"": 2, ""column_overlap"": 2}, {""word"": ""ca"", ""timed_overlap"": 1, ""column_overlap"": 3}, {""word"": ""some"", ""timed_overlap"": 1, ""column_overlap"": 3}, {""word"": ""Pretty"", ""timed_overlap"": 1, ""column_overlap"": 3}, {""word"": ""bear"", ""timed_overlap"": 1, ""column_overlap"": 3}]",completed,82,10,63
500,438,proximal-replay,1,be,be,100,100,100,,2,3,2,3,1,78,"[{""word"": ""be"", ""timed_overlap"": 2, ""column_overlap"": 3}, {""word"": ""agreement"", ""timed_overlap"": 1, ""column_overlap"": 3}, {""word"": ""Bessy"", ""timed_overlap"": 1, ""column_overlap"": 3}, {""word"": ""wandered"", ""timed_overlap"": 1, ""column_overlap"": 3}, {""word"": ""HAS"", ""timed_overlap"": 1, ""column_overlap"": 3}]",completed,64,10,54
500,438,proximal-replay,2,David,seen,99,99,99,,2,4,1,1,94,109,"[{""word"": ""seen"", ""timed_overlap"": 2, ""column_overlap"": 4}, {""word"": ""bronze-colored"", ""timed_overlap"": 2, ""column_overlap"": 3}, {""word"": ""enchantress"", ""timed_overlap"": 2, ""column_overlap"": 2}, {""word"": ""recalled"", ""timed_overlap"": 2, ""column_overlap"": 2}, {""word"": ""skins"", ""timed_overlap"": 2, ""column_overlap"": 2}]",completed,64,10,45
500,438,proximal-replay,3,that,what,93,93,93,,3,3,0,0,,136,"[{""word"": ""what"", ""timed_overlap"": 3, ""column_overlap"": 3}, {""word"": ""promise"", ""timed_overlap"": 2, ""column_overlap"": 3}, {""word"": ""reserved"", ""timed_overlap"": 2, ""column_overlap"": 3}, {""word"": ""SAMMY"", ""timed_overlap"": 2, ""column_overlap"": 3}, {""word"": ""washerman"", ""timed_overlap"": 2, ""column_overlap"": 3}]",completed,55,10,37
500,438,proximal-replay,4,tells,pink,95,95,95,,2,3,0,0,,148,"[{""word"": ""pink"", ""timed_overlap"": 2, ""column_overlap"": 3}, {""word"": ""deep"", ""timed_overlap"": 2, ""column_overlap"": 3}, {""word"": ""distance"", ""timed_overlap"": 2, ""column_overlap"": 3}, {""word"": ""after"", ""timed_overlap"": 2, ""column_overlap"": 3}, {""word"": ""ruin"", ""timed_overlap"": 2, ""column_overlap"": 2}]",completed,46,10,63
500,439,proximal-replay,1,BILLY,now,100,100,100,,3,3,0,0,,126,"[{""word"": ""now"", ""timed_overlap"": 3, ""column_overlap"": 3}, {""word"": ""Johnny"", ""timed_overlap"": 2, ""column_overlap"": 3}, {""word"": ""Jed"", ""timed_overlap"": 2, ""column_overlap"": 3}, {""word"": ""maiden"", ""timed_overlap"": 2, ""column_overlap"": 3}, {""word"": ""ought"", ""timed_overlap"": 2, ""column_overlap"": 2}]",completed,64,10,45
500,439,proximal-replay,2,POSSUM,wiped,90,90,90,,2,3,0,0,,127,"[{""word"": ""wiped"", ""timed_overlap"": 2, ""column_overlap"": 3}, {""word"": ""worse"", ""timed_overlap"": 2, ""column_overlap"": 3}, {""word"": ""recalled"", ""timed_overlap"": 2, ""column_overlap"": 2}, {""word"": ""Arts"", ""timed_overlap"": 2, ""column_overlap"": 2}, {""word"": ""broad"", ""timed_overlap"": 2, ""column_overlap"": 2}]",completed,55,10,63
500,439,proximal-replay,3,KEEP,central,95,95,95,,2,6,0,0,,142,"[{""word"": ""central"", ""timed_overlap"": 2, ""column_overlap"": 6}, {""word"": ""mother-bird"", ""timed_overlap"": 2, ""column_overlap"": 4}, {""word"": ""grass"", ""timed_overlap"": 2, ""column_overlap"": 3}, {""word"": ""bad"", ""timed_overlap"": 2, ""column_overlap"": 3}, {""word"": ""Sometimes"", ""timed_overlap"": 2, ""column_overlap"": 2}]",completed,73,10,73
500,439,proximal-replay,4,WATCH,heart,99,99,99,,2,2,0,0,,120,"[{""word"": ""heart"", ""timed_overlap"": 2, ""column_overlap"": 2}, {""word"": ""Douglas"", ""timed_overlap"": 1, ""column_overlap"": 4}, {""word"": ""she"", ""timed_overlap"": 1, ""column_overlap"": 3}, {""word"": ""look"", ""timed_overlap"": 1, ""column_overlap"": 3}, {""word"": ""Mountain"", ""timed_overlap"": 1, ""column_overlap"": 3}]",completed,82,10,63
500,440,proximal-replay,1,master,?,96,96,96,,2,4,0,0,,143,"[{""word"": ""?"", ""timed_overlap"": 2, ""column_overlap"": 4}, {""word"": ""Hugh"", ""timed_overlap"": 2, ""column_overlap"": 4}, {""word"": ""danced"", ""timed_overlap"": 2, ""column_overlap"": 3}, {""word"": ""romantic"", ""timed_overlap"": 2, ""column_overlap"": 3}, {""word"": ""killed"", ""timed_overlap"": 2, ""column_overlap"": 3}]",completed,73,10,72
500,440,proximal-replay,2,and,time,98,98,98,,3,3,0,0,,131,"[{""word"": ""time"", ""timed_overlap"": 3, ""column_overlap"": 3}, {""word"": ""Wildrose"", ""timed_overlap"": 2, ""column_overlap"": 5}, {""word"": ""tells"", ""timed_overlap"": 2, ""column_overlap"": 2}, {""word"": ""certainly"", ""timed_overlap"": 2, ""column_overlap"": 2}, {""word"": ""Grange"", ""timed_overlap"": 1, ""column_overlap"": 5}]",completed,82,10,63
500,440,proximal-replay,3,mistress,eagerly,100,100,100,,2,2,0,0,,106,"[{""word"": ""eagerly"", ""timed_overlap"": 2, ""column_overlap"": 2}, {""word"": ""certainly"", ""timed_overlap"": 1, ""column_overlap"": 4}, {""word"": ""of"", ""timed_overlap"": 1, ""column_overlap"": 4}, {""word"": ""disrepitable"", ""timed_overlap"": 1, ""column_overlap"": 3}, {""word"": ""There"", ""timed_overlap"": 1, ""column_overlap"": 3}]",completed,73,10,54
500,440,proximal-replay,4,?,caught,95,95,95,,2,3,0,0,,125,"[{""word"": ""caught"", ""timed_overlap"": 2, ""column_overlap"": 3}, {""word"": ""Square"", ""timed_overlap"": 2, ""column_overlap"": 3}, {""word"": ""pretence"", ""timed_overlap"": 2, ""column_overlap"": 2}, {""word"": ""enchanted"", ""timed_overlap"": 2, ""column_overlap"": 2}, {""word"": ""heated"", ""timed_overlap"": 2, ""column_overlap"": 2}]",completed,64,10,73
500,441,proximal-replay,1,afford,approve,99,99,99,,2,4,1,2,13,121,"[{""word"": ""approve"", ""timed_overlap"": 2, ""column_overlap"": 4}, {""word"": ""went"", ""timed_overlap"": 2, ""column_overlap"": 3}, {""word"": ""departs"", ""timed_overlap"": 2, ""column_overlap"": 3}, {""word"": ""reply"", ""timed_overlap"": 2, ""column_overlap"": 2}, {""word"": ""turns"", ""timed_overlap"": 1, ""column_overlap"": 3}]",completed,91,10,72
500,441,proximal-replay,2,a,Why,100,100,100,,2,3,0,0,,122,"[{""word"": ""Why"", ""timed_overlap"": 2, ""column_overlap"": 3}, {""word"": ""drew"", ""timed_overlap"": 2, ""column_overlap"": 3}, {""word"": ""filled"", ""timed_overlap"": 2, ""column_overlap"": 3}, {""word"": ""Gray"", ""timed_overlap"": 2, ""column_overlap"": 3}, {""word"": ""none"", ""timed_overlap"": 2, ""column_overlap"": 2}]",completed,82,10,63
500,441,proximal-replay,3,new,deny,100,100,100,,2,3,0,0,,125,"[{""word"": ""deny"", ""timed_overlap"": 2, ""column_overlap"": 3}, {""word"": ""desert"", ""timed_overlap"": 2, ""column_overlap"": 2}, {""word"": ""sign"", ""timed_overlap"": 2, ""column_overlap"": 2}, {""word"": ""put"", ""timed_overlap"": 2, ""column_overlap"": 2}, {""word"": ""away"", ""timed_overlap"": 1, ""column_overlap"": 4}]",completed,73,10,54
500,441,proximal-replay,4,dress,gray,94,94,94,,2,4,0,0,,136,"[{""word"": ""gray"", ""timed_overlap"": 2, ""column_overlap"": 4}, {""word"": ""Kenneth"", ""timed_overlap"": 2, ""column_overlap"": 4}, {""word"": ""squealed"", ""timed_overlap"": 2, ""column_overlap"": 3}, {""word"": ""fourth"", ""timed_overlap"": 2, ""column_overlap"": 3}, {""word"": ""Old"", ""timed_overlap"": 2, ""column_overlap"": 3}]",completed,64,10,64
500,442,proximal-replay,1,hair,must,100,100,100,,2,3,0,0,,85,"[{""word"": ""must"", ""timed_overlap"": 2, ""column_overlap"": 3}, {""word"": ""Matthew"", ""timed_overlap"": 2, ""column_overlap"": 2}, {""word"": ""sentence"", ""timed_overlap"": 2, ""column_overlap"": 2}, {""word"": ""Robert"", ""timed_overlap"": 1, ""column_overlap"": 3}, {""word"": ""Mother"", ""timed_overlap"": 1, ""column_overlap"": 3}]",completed,100,10,72
500,442,proximal-replay,2,stood,shall,99,99,99,,3,3,0,0,,130,"[{""word"": ""shall"", ""timed_overlap"": 3, ""column_overlap"": 3}, {""word"": ""Arts"", ""timed_overlap"": 2, ""column_overlap"": 5}, {""word"": ""earthly"", ""timed_overlap"": 2, ""column_overlap"": 4}, {""word"": ""beauty"", ""timed_overlap"": 2, ""column_overlap"": 4}, {""word"": ""They"", ""timed_overlap"": 2, ""column_overlap"": 2}]",completed,82,10,54
500,442,proximal-replay,3,on,dress,98,98,98,,3,4,0,0,,134,"[{""word"": ""dress"", ""timed_overlap"": 3, ""column_overlap"": 4}, {""word"": ""added"", ""timed_overlap"": 2, ""column_overlap"": 3}, {""word"": ""Priscilla"", ""timed_overlap"": 2, ""column_overlap"": 2}, {""word"": ""Thereupon"", ""timed_overlap"": 2, ""column_overlap"": 2}, {""word"": ""upon"", ""timed_overlap"": 2, ""column_overlap"": 2}]",completed,64,10,45
500,442,proximal-replay,4,end,tale,89,89,89,,2,3,0,0,,148,"[{""word"": ""tale"", ""timed_overlap"": 2, ""column_overlap"": 3}, {""word"": ""She"", ""timed_overlap"": 2, ""column_overlap"": 3}, {""word"": ""playing"", ""timed_overlap"": 2, ""column_overlap"": 2}, {""word"": ""I"", ""timed_overlap"": 1, ""column_overlap"": 4}, {""word"": ""Kenneth"", ""timed_overlap"": 1, ""column_overlap"": 4}]",completed,55,10,74
500,443,proximal-replay,1,and,he,100,100,100,,2,2,1,2,13,121,"[{""word"": ""he"", ""timed_overlap"": 2, ""column_overlap"": 2}, {""word"": ""''"", ""timed_overlap"": 2, ""column_overlap"": 2}, {""word"": ""those"", ""timed_overlap"": 1, ""column_overlap"": 4}, {""word"": ""inches"", ""timed_overlap"": 1, ""column_overlap"": 4}, {""word"": ""own"", ""timed_overlap"": 1, ""column_overlap"": 3}]",completed,82,10,54
500,443,proximal-replay,2,asked,ogress,100,100,100,,3,3,0,0,,104,"[{""word"": ""ogress"", ""timed_overlap"": 3, ""column_overlap"": 3}, {""word"": ""reluctantly"", ""timed_overlap"": 2, ""column_overlap"": 3}, {""word"": ""away"", ""timed_overlap"": 1, ""column_overlap"": 5}, {""word"": ""furious"", ""timed_overlap"": 1, ""column_overlap"": 3}, {""word"": ""dark"", ""timed_overlap"": 1, ""column_overlap"": 3}]",completed,64,10,63
500,443,proximal-replay,3,where,Jed,97,97,97,,3,5,0,0,,146,"[{""word"": ""Jed"", ""timed_overlap"": 3, ""column_overlap"": 5}, {""word"": ""wore"", ""timed_overlap"": 2, ""column_overlap"": 3}, {""word"": ""Just"", ""timed_overlap"": 2, ""column_overlap"": 3}, {""word"": ""return"", ""timed_overlap"": 2, ""column_overlap"": 2}, {""word"": ""bit"", ""timed_overlap"": 2, ""column_overlap"": 2}]",completed,73,10,54
500,443,proximal-replay,4,she,Cecily,95,95,95,,2,3,0,0,,112,"[{""word"": ""Cecily"", ""timed_overlap"": 2, ""column_overlap"": 3}, {""word"": ""lie"", ""timed_overlap"": 2, ""column_overlap"": 2}, {""word"": ""hall"", ""timed_overlap"": 2, ""column_overlap"": 2}, {""word"": ""Alice"", ""timed_overlap"": 2, ""column_overlap"": 2}, {""word"": ""return"", ""timed_overlap"": 2, ""column_overlap"": 2}]",completed,64,10,65
500,444,proximal-replay,1,and,Next,100,100,100,,2,2,1,1,102,122,"[{""word"": ""Next"", ""timed_overlap"": 2, ""column_overlap"": 2}, {""word"": ""he"", ""timed_overlap"": 2, ""column_overlap"": 2}, {""word"": ""inches"", ""timed_overlap"": 1, ""column_overlap"": 4}, {""word"": ""opening"", ""timed_overlap"": 1, ""column_overlap"": 3}, {""word"": ""remembering"", ""timed_overlap"": 1, ""column_overlap"": 3}]",completed,82,10,63
500,444,proximal-replay,2,posted,killed,98,98,98,,2,4,0,0,,141,"[{""word"": ""killed"", ""timed_overlap"": 2, ""column_overlap"": 4}, {""word"": ""shall"", ""timed_overlap"": 2, ""column_overlap"": 3}, {""word"": ""night"", ""timed_overlap"": 2, ""column_overlap"": 3}, {""word"": ""forgotten"", ""timed_overlap"": 2, ""column_overlap"": 2}, {""word"": ""tickled"", ""timed_overlap"": 2, ""column_overlap"": 2}]",completed,73,10,63
500,444,proximal-replay,3,themselves,soon,92,92,92,,2,4,0,0,,131,"[{""word"": ""soon"", ""timed_overlap"": 2, ""column_overlap"": 4}, {""word"": ""half"", ""timed_overlap"": 2, ""column_overlap"": 3}, {""word"": ""closing"", ""timed_overlap"": 2, ""column_overlap"": 3}, {""word"": ""played"", ""timed_overlap"": 2, ""column_overlap"": 3}, {""word"": ""captain"", ""timed_overlap"": 2, ""column_overlap"": 2}]",completed,73,10,63
500,444,proximal-replay,4,",",Ben,99,99,99,,2,3,0,0,,112,"[{""word"": ""Ben"", ""timed_overlap"": 2, ""column_overlap"": 3}, {""word"": ""green"", ""timed_overlap"": 2, ""column_overlap"": 2}, {""word"": ""Instead"", ""timed_overlap"": 1, ""column_overlap"": 4}, {""word"": ""if"", ""timed_overlap"": 1, ""column_overlap"": 3}, {""word"": ""bared"", ""timed_overlap"": 1, ""column_overlap"": 3}]",completed,73,10,72
500,445,proximal-replay,1,did,put,100,100,100,,2,3,0,0,,88,"[{""word"": ""put"", ""timed_overlap"": 2, ""column_overlap"": 3}, {""word"": ""fire"", ""timed_overlap"": 2, ""column_overlap"": 3}, {""word"": ""'m"", ""timed_overlap"": 2, ""column_overlap"": 2}, {""word"": ""flashes"", ""timed_overlap"": 1, ""column_overlap"": 3}, {""word"": ""Darkness"", ""timed_overlap"": 1, ""column_overlap"": 3}]",completed,82,10,54
500,445,proximal-replay,2,so,off,90,90,90,,4,4,0,0,,154,"[{""word"": ""off"", ""timed_overlap"": 4, ""column_overlap"": 4}, {""word"": ""worse"", ""timed_overlap"": 2, ""column_overlap"": 3}, {""word"": ""Thus"", ""timed_overlap"": 2, ""column_overlap"": 3}, {""word"": ""Quicksilver"", ""timed_overlap"": 2, ""column_overlap"": 3}, {""word"": ""deal"", ""timed_overlap"": 2, ""column_overlap"": 2}]",completed,64,10,45
500,445,proximal-replay,3,--,disagreeable,95,95,95,,3,4,0,0,,118,"[{""word"": ""disagreeable"", ""timed_overlap"": 3, ""column_overlap"": 4}, {""word"": ""Peerless"", ""timed_overlap"": 2, ""column_overlap"": 3}, {""word"": ""Bumble"", ""timed_overlap"": 2, ""column_overlap"": 3}, {""word"": ""jollier"", ""timed_overlap"": 2, ""column_overlap"": 2}, {""word"": ""Jo"", ""timed_overlap"": 2, ""column_overlap"": 2}]",completed,55,10,46
500,445,proximal-replay,4,I,pretence,95,95,95,,2,3,0,0,,136,"[{""word"": ""pretence"", ""timed_overlap"": 2, ""column_overlap"": 3}, {""word"": ""away"", ""timed_overlap"": 2, ""column_overlap"": 3}, {""word"": ""Jo"", ""timed_overlap"": 2, ""column_overlap"": 2}, {""word"": ""thank"", ""timed_overlap"": 1, ""column_overlap"": 4}, {""word"": ""looking"", ""timed_overlap"": 1, ""column_overlap"": 4}]",completed,55,10,73
500,446,proximal-replay,1,lonesome,done,98,98,98,,3,3,0,0,,116,"[{""word"": ""done"", ""timed_overlap"": 3, ""column_overlap"": 3}, {""word"": ""Nobody"", ""timed_overlap"": 2, ""column_overlap"": 3}, {""word"": ""Magyars"", ""timed_overlap"": 2, ""column_overlap"": 3}, {""word"": ""times"", ""timed_overlap"": 2, ""column_overlap"": 3}, {""word"": ""romantic"", ""timed_overlap"": 2, ""column_overlap"": 2}]",completed,73,10,54
500,446,proximal-replay,2,",",tore,97,97,97,,2,4,0,0,,120,"[{""word"": ""tore"", ""timed_overlap"": 2, ""column_overlap"": 4}, {""word"": ""shook"", ""timed_overlap"": 2, ""column_overlap"": 4}, {""word"": ""sat"", ""timed_overlap"": 2, ""column_overlap"": 3}, {""word"": ""recalled"", ""timed_overlap"": 2, ""column_overlap"": 3}, {""word"": ""Please"", ""timed_overlap"": 2, ""column_overlap"": 2}]",completed,64,10,72
500,446,proximal-replay,3,'',should,98,98,98,,2,4,0,0,,128,"[{""word"": ""should"", ""timed_overlap"": 2, ""column_overlap"": 4}, {""word"": ""leave"", ""timed_overlap"": 2, ""column_overlap"": 3}, {""word"": ""hands"", ""timed_overlap"": 2, ""column_overlap"": 2}, {""word"": ""Ida"", ""timed_overlap"": 2, ""column_overlap"": 2}, {""word"": ""highness"", ""timed_overlap"": 2, ""column_overlap"": 2}]",completed,82,10,73
500,446,proximal-replay,4,said,been,100,100,100,,2,3,0,0,,129,"[{""word"": ""been"", ""timed_overlap"": 2, ""column_overlap"": 3}, {""word"": ""She"", ""timed_overlap"": 2, ""column_overlap"": 3}, {""word"": ""Aunt"", ""timed_overlap"": 2, ""column_overlap"": 2}, {""word"": ""sigh"", ""timed_overlap"": 2, ""column_overlap"": 2}, {""word"": ""saddle"", ""timed_overlap"": 2, ""column_overlap"": 2}]",completed,82,10,63
500,447,proximal-replay,1,see,mean,100,100,100,,2,3,0,0,,84,"[{""word"": ""mean"", ""timed_overlap"": 2, ""column_overlap"": 3}, {""word"": ""begging"", ""timed_overlap"": 1, ""column_overlap"": 3}, {""word"": ""the"", ""timed_overlap"": 1, ""column_overlap"": 2}, {""word"": ""small"", ""timed_overlap"": 1, ""column_overlap"": 2}, {""word"": ""Old"", ""timed_overlap"": 1, ""column_overlap"": 2}]",completed,91,10,72
500,447,proximal-replay,2,you,place,92,92,92,,2,2,1,2,60,132,"[{""word"": ""place"", ""timed_overlap"": 2, ""column_overlap"": 2}, {""word"": ""blow"", ""timed_overlap"": 2, ""column_overlap"": 2}, {""word"": ""Kenneth"", ""timed_overlap"": 2, ""column_overlap"": 2}, {""word"": ""ruin"", ""timed_overlap"": 2, ""column_overlap"": 2}, {""word"": ""Truly"", ""timed_overlap"": 1, ""column_overlap"": 4}]",completed,82,10,63
500,447,proximal-replay,3,",",How,98,98,98,,2,3,0,0,,103,"[{""word"": ""How"", ""timed_overlap"": 2, ""column_overlap"": 3}, {""word"": ""pet"", ""timed_overlap"": 2, ""column_overlap"": 2}, {""word"": ""Williamson"", ""timed_overlap"": 1, ""column_overlap"": 3}, {""word"": ""vase"", ""timed_overlap"": 1, ""column_overlap"": 3}, {""word"": ""monotonous"", ""timed_overlap"": 1, ""column_overlap"": 3}]",completed,73,10,72
500,447,proximal-replay,4,',lest,100,100,100,,2,3,0,0,,96,"[{""word"": ""lest"", ""timed_overlap"": 2, ""column_overlap"": 3}, {""word"": ""worse"", ""timed_overlap"": 2, ""column_overlap"": 3}, {""word"": ""these"", ""timed_overlap"": 2, ""column_overlap"": 2}, {""word"": ""felt"", ""timed_overlap"": 1, ""column_overlap"": 4}, {""word"": ""worked"", ""timed_overlap"": 1, ""column_overlap"": 4}]",completed,82,10,72
500,448,proximal-replay,1,out,value,98,98,98,,2,3,0,0,,130,"[{""word"": ""value"", ""timed_overlap"": 2, ""column_overlap"": 3}, {""word"": ""spur"", ""timed_overlap"": 2, ""column_overlap"": 2}, {""word"": ""Anzacs"", ""timed_overlap"": 2, ""column_overlap"": 2}, {""word"": ""want"", ""timed_overlap"": 2, ""column_overlap"": 2}, {""word"": ""Susan"", ""timed_overlap"": 1, ""column_overlap"": 3}]",completed,82,10,63
500,448,proximal-replay,2,no,Magyars,99,99,99,,2,4,0,0,,107,"[{""word"": ""Magyars"", ""timed_overlap"": 2, ""column_overlap"": 4}, {""word"": ""drank"", ""timed_overlap"": 2, ""column_overlap"": 3}, {""word"": ""staff"", ""timed_overlap"": 2, ""column_overlap"": 3}, {""word"": ""villagers"", ""timed_overlap"": 2, ""column_overlap"": 2}, {""word"": ""passed"", ""timed_overlap"": 2, ""column_overlap"": 2}]",completed,73,10,72
500,448,proximal-replay,3,longer,pails,98,98,98,,2,4,0,0,,115,"[{""word"": ""pails"", ""timed_overlap"": 2, ""column_overlap"": 4}, {""word"": ""Happy"", ""timed_overlap"": 2, ""column_overlap"": 3}, {""word"": ""Aunt"", ""timed_overlap"": 2, ""column_overlap"": 3}, {""word"": ""says"", ""timed_overlap"": 2, ""column_overlap"": 3}, {""word"": ""in"", ""timed_overlap"": 2, ""column_overlap"": 3}]",completed,82,10,72
500,448,proximal-replay,4,",",Bull,100,100,100,,2,4,0,0,,145,"[{""word"": ""Bull"", ""timed_overlap"": 2, ""column_overlap"": 4}, {""word"": ""talented"", ""timed_overlap"": 2, ""column_overlap"": 3}, {""word"": ""wonder"", ""timed_overlap"": 2, ""column_overlap"": 3}, {""word"": ""fish"", ""timed_overlap"": 2, ""column_overlap"": 3}, {""word"": ""Rogers"", ""timed_overlap"": 2, ""column_overlap"": 3}]",completed,82,10,72
500,449,proximal-replay,1,wiped,Over,100,100,100,,2,2,1,1,75,106,"[{""word"": ""Over"", ""timed_overlap"": 2, ""column_overlap"": 2}, {""word"": ""mischievous"", ""timed_overlap"": 2, ""column_overlap"": 2}, {""word"": ""only"", ""timed_overlap"": 2, ""column_overlap"": 2}, {""word"": ""satisfied"", ""timed_overlap"": 2, ""column_overlap"": 2}, {""word"": ""sleep"", ""timed_overlap"": 1, ""column_overlap"": 4}]",completed,82,10,63
500,449,proximal-replay,2,them,border,97,97,97,,2,4,0,0,,140,"[{""word"": ""border"", ""timed_overlap"": 2, ""column_overlap"": 4}, {""word"": ""ONCE"", ""timed_overlap"": 2, ""column_overlap"": 4}, {""word"": ""XV"", ""timed_overlap"": 2, ""column_overlap"": 3}, {""word"": ""beauty"", ""timed_overlap"": 2, ""column_overlap"": 3}, {""word"": ""Trevor"", ""timed_overlap"": 2, ""column_overlap"": 2}]",completed,73,10,64
500,449,proximal-replay,3,and,given,100,100,100,,2,3,0,0,,95,"[{""word"": ""given"", ""timed_overlap"": 2, ""column_overlap"": 3}, {""word"": ""craoudin"", ""timed_overlap"": 2, ""column_overlap"": 3}, {""word"": ""hunt"", ""timed_overlap"": 2, ""column_overlap"": 3}, {""word"": ""hours"", ""timed_overlap"": 2, ""column_overlap"": 2}, {""word"": ""Gilbert"", ""timed_overlap"": 2, ""column_overlap"": 2}]",completed,73,10,72
500,449,proximal-replay,4,set,awake,96,96,96,,2,3,0,0,,102,"[{""word"": ""awake"", ""timed_overlap"": 2, ""column_overlap"": 3}, {""word"": ""soon"", ""timed_overlap"": 2, ""column_overlap"": 2}, {""word"": ""crow"", ""timed_overlap"": 2, ""column_overlap"": 2}, {""word"": ""tents"", ""timed_overlap"": 1, ""column_overlap"": 4}, {""word"": ""mean"", ""timed_overlap"": 1, ""column_overlap"": 4}]",completed,82,10,72
500,450,proximal-replay,1,Dorinda,BEN,96,96,96,,2,3,1,1,81,115,"[{""word"": ""BEN"", ""timed_overlap"": 2, ""column_overlap"": 3}, {""word"": ""tents"", ""timed_overlap"": 2, ""column_overlap"": 3}, {""word"": ""astray"", ""timed_overlap"": 2, ""column_overlap"": 2}, {""word"": ""villagers"", ""timed_overlap"": 1, ""column_overlap"": 3}, {""word"": ""Bassett"", ""timed_overlap"": 1, ""column_overlap"": 3}]",completed,82,10,72
500,450,proximal-replay,2,;,Mrs.,99,99,99,,2,4,0,0,,108,"[{""word"": ""Mrs."", ""timed_overlap"": 2, ""column_overlap"": 4}, {""word"": ""seen"", ""timed_overlap"": 2, ""column_overlap"": 2}, {""word"": ""gay"", ""timed_overlap"": 1, ""column_overlap"": 5}, {""word"": ""hotel"", ""timed_overlap"": 1, ""column_overlap"": 3}, {""word"": ""bait"", ""timed_overlap"": 1, ""column_overlap"": 3}]",completed,82,10,73
500,450,proximal-replay,3,nobody,remarked,98,98,98,,3,3,0,0,,117,"[{""word"": ""remarked"", ""timed_overlap"": 3, ""column_overlap"": 3}, {""word"": ""flowers"", ""timed_overlap"": 2, ""column_overlap"": 4}, {""word"": ""has"", ""timed_overlap"": 2, ""column_overlap"": 3}, {""word"": ""bared"", ""timed_overlap"": 2, ""column_overlap"": 3}, {""word"": ""longer"", ""timed_overlap"": 2, ""column_overlap"": 2}]",completed,82,10,64
500,450,proximal-replay,4,could,days,94,94,94,,2,4,0,0,,117,"[{""word"": ""days"", ""timed_overlap"": 2, ""column_overlap"": 4}, {""word"": ""think"", ""timed_overlap"": 2, ""column_overlap"": 3}, {""word"": ""check"", ""timed_overlap"": 2, ""column_overlap"": 3}, {""word"": ""youth"", ""timed_overlap"": 2, ""column_overlap"": 2}, {""word"": ""This"", ""timed_overlap"": 1, ""column_overlap"": 4}]",completed,73,10,74
500,451,proximal-replay,1,the,Great,100,100,100,,2,2,0,0,,84,"[{""word"": ""Great"", ""timed_overlap"": 2, ""column_overlap"": 2}, {""word"": ""even"", ""timed_overlap"": 2, ""column_overlap"": 2}, {""word"": ""impudent"", ""timed_overlap"": 2, ""column_overlap"": 2}, {""word"": ""Play"", ""timed_overlap"": 2, ""column_overlap"": 2}, {""word"": ""twinkle"", ""timed_overlap"": 1, ""column_overlap"": 3}]",completed,91,10,63
500,451,proximal-replay,2,consent,sight,99,99,99,,2,3,0,0,,120,"[{""word"": ""sight"", ""timed_overlap"": 2, ""column_overlap"": 3}, {""word"": ""humanity"", ""timed_overlap"": 2, ""column_overlap"": 3}, {""word"": ""plans"", ""timed_overlap"": 2, ""column_overlap"": 3}, {""word"": ""certainly"", ""timed_overlap"": 2, ""column_overlap"": 3}, {""word"": ""time"", ""timed_overlap"": 2, ""column_overlap"": 2}]",completed,73,10,72
500,451,proximal-replay,3,of,sign,99,99,99,,2,4,0,0,,124,"[{""word"": ""sign"", ""timed_overlap"": 2, ""column_overlap"": 4}, {""word"": ""craoudin"", ""timed_overlap"": 2, ""column_overlap"": 3}, {""word"": ""Lida"", ""timed_overlap"": 2, ""column_overlap"": 3}, {""word"": ""axe"", ""timed_overlap"": 2, ""column_overlap"": 3}, {""word"": ""writing"", ""timed_overlap"": 2, ""column_overlap"": 2}]",completed,82,10,63
500,451,proximal-replay,4,parents,heads,98,98,98,,2,4,0,0,,121,"[{""word"": ""heads"", ""timed_overlap"": 2, ""column_overlap"": 4}, {""word"": ""whole"", ""timed_overlap"": 2, ""column_overlap"": 3}, {""word"": ""us"", ""timed_overlap"": 2, ""column_overlap"": 2}, {""word"": ""ruin"", ""timed_overlap"": 2, ""column_overlap"": 2}, {""word"": ""Lung"", ""timed_overlap"": 2, ""column_overlap"": 2}]",completed,73,10,72
500,452,proximal-replay,1,your,probably,100,100,100,,2,2,1,1,50,89,"[{""word"": ""probably"", ""timed_overlap"": 2, ""column_overlap"": 2}, {""word"": ""daughter"", ""timed_overlap"": 2, ""column_overlap"": 2}, {""word"": ""sultan"", ""timed_overlap"": 2, ""column_overlap"": 2}, {""word"": ""elapsed"", ""timed_overlap"": 2, ""column_overlap"": 2}, {""word"": ""more"", ""timed_overlap"": 2, ""column_overlap"": 2}]",completed,82,10,72
500,452,proximal-replay,2,way,deal,100,100,100,,2,3,0,0,,138,"[{""word"": ""deal"", ""timed_overlap"": 2, ""column_overlap"": 3}, {""word"": ""hopes"", ""timed_overlap"": 2, ""column_overlap"": 2}, {""word"": ""Over"", ""timed_overlap"": 1, ""column_overlap"": 5}, {""word"": ""helmet"", ""timed_overlap"": 1, ""column_overlap"": 5}, {""word"": ""led"", ""timed_overlap"": 1, ""column_overlap"": 4}]",completed,82,10,63
500,452,proximal-replay,3,",",frozen,97,97,97,,2,3,0,0,,118,"[{""word"": ""frozen"", ""timed_overlap"": 2, ""column_overlap"": 3}, {""word"": ""solemnly"", ""timed_overlap"": 2, ""column_overlap"": 2}, {""word"": ""confessed"", ""timed_overlap"": 2, ""column_overlap"": 2}, {""word"": ""somehow"", ""timed_overlap"": 2, ""column_overlap"": 2}, {""word"": ""ground"", ""timed_overlap"": 2, ""column_overlap"": 2}]",completed,73,10,72
500,452,proximal-replay,4,'',Great,100,100,100,,1,4,0,0,,91,"[{""word"": ""Great"", ""timed_overlap"": 1, ""column_overlap"": 4}, {""word"": ""boy"", ""timed_overlap"": 1, ""column_overlap"": 3}, {""word"": ""gone"", ""timed_overlap"": 1, ""column_overlap"": 3}, {""word"": ""``"", ""timed_overlap"": 1, ""column_overlap"": 3}, {""word"": ""misty"", ""timed_overlap"": 1, ""column_overlap"": 2}]",completed,82,10,81
500,453,proximal-replay,1,his,an,99,99,99,,2,3,0,0,,119,"[{""word"": ""an"", ""timed_overlap"": 2, ""column_overlap"": 3}, {""word"": ""great"", ""timed_overlap"": 2, ""column_overlap"": 3}, {""word"": ""audacity"", ""timed_overlap"": 2, ""column_overlap"": 3}, {""word"": ""sentence"", ""timed_overlap"": 2, ""column_overlap"": 3}, {""word"": ""Just"", ""timed_overlap"": 2, ""column_overlap"": 2}]",completed,73,10,54
500,453,proximal-replay,2,knees,hand,97,97,97,,2,4,0,0,,135,"[{""word"": ""hand"", ""timed_overlap"": 2, ""column_overlap"": 4}, {""word"": ""sigh"", ""timed_overlap"": 2, ""column_overlap"": 4}, {""word"": ""queen"", ""timed_overlap"": 2, ""column_overlap"": 3}, {""word"": ""Jumping"", ""timed_overlap"": 2, ""column_overlap"": 3}, {""word"": ""Sir"", ""timed_overlap"": 2, ""column_overlap"": 2}]",completed,64,10,64
500,453,proximal-replay,3,:,married,98,98,98,,2,3,0,0,,150,"[{""word"": ""married"", ""timed_overlap"": 2, ""column_overlap"": 3}, {""word"": ""Oh"", ""timed_overlap"": 2, ""column_overlap"": 2}, {""word"": ""Felicity"", ""timed_overlap"": 2, ""column_overlap"": 2}, {""word"": ""Porcupine"", ""timed_overlap"": 1, ""column_overlap"": 4}, {""word"": ""Douglas"", ""timed_overlap"": 1, ""column_overlap"": 4}]",completed,73,10,72
500,453,proximal-replay,4,p52.jpg,foremost,100,100,100,,2,3,1,3,7,146,"[{""word"": ""foremost"", ""timed_overlap"": 2, ""column_overlap"": 3}, {""word"": ""grasshoppers"", ""timed_overlap"": 2, ""column_overlap"": 3}, {""word"": ""an"", ""timed_overlap"": 2, ""column_overlap"": 2}, {""word"": ""pet"", ""timed_overlap"": 1, ""column_overlap"": 5}, {""word"": ""pink"", ""timed_overlap"": 1, ""column_overlap"": 4}]",completed,82,10,72
500,454,proximal-replay,1,intended,beautiful,100,100,100,,2,2,0,0,,85,"[{""word"": ""beautiful"", ""timed_overlap"": 2, ""column_overlap"": 2}, {""word"": ""Carrots"", ""timed_overlap"": 2, ""column_overlap"": 2}, {""word"": ""rank"", ""timed_overlap"": 2, ""column_overlap"": 2}, {""word"": ""-LCB-"", ""timed_overlap"": 1, ""column_overlap"": 3}, {""word"": ""elapsed"", ""timed_overlap"": 1, ""column_overlap"": 3}]",completed,91,10,63
500,454,proximal-replay,2,effect,very,100,100,100,,2,2,0,0,,102,"[{""word"": ""very"", ""timed_overlap"": 2, ""column_overlap"": 2}, {""word"": ""Soon"", ""timed_overlap"": 2, ""column_overlap"": 2}, {""word"": ""forbidden"", ""timed_overlap"": 1, ""column_overlap"": 4}, {""word"": ""'em"", ""timed_overlap"": 1, ""column_overlap"": 4}, {""word"": ""Sometimes"", ""timed_overlap"": 1, ""column_overlap"": 3}]",completed,73,10,72
500,454,proximal-replay,3,of,his,99,99,99,,2,4,0,0,,125,"[{""word"": ""his"", ""timed_overlap"": 2, ""column_overlap"": 4}, {""word"": ""running"", ""timed_overlap"": 2, ""column_overlap"": 3}, {""word"": ""snow"", ""timed_overlap"": 2, ""column_overlap"": 3}, {""word"": ""wife"", ""timed_overlap"": 2, ""column_overlap"": 3}, {""word"": ""moment"", ""timed_overlap"": 2, ""column_overlap"": 3}]",completed,82,10,72
500,454,proximal-replay,4,cheering,Lung,100,100,100,,2,3,0,0,,107,"[{""word"": ""Lung"", ""timed_overlap"": 2, ""column_overlap"": 3}, {""word"": ""mean"", ""timed_overlap"": 1, ""column_overlap"": 4}, {""word"": ""saddle"", ""timed_overlap"": 1, ""column_overlap"": 4}, {""word"": ""church"", ""timed_overlap"": 1, ""column_overlap"": 4}, {""word"": ""writ"", ""timed_overlap"": 1, ""column_overlap"": 3}]",completed,82,10,63
500,455,proximal-replay,1,angel,sister,98,98,98,,2,5,0,0,,136,"[{""word"": ""sister"", ""timed_overlap"": 2, ""column_overlap"": 5}, {""word"": ""sustaining"", ""timed_overlap"": 2, ""column_overlap"": 3}, {""word"": ""hand"", ""timed_overlap"": 2, ""column_overlap"": 3}, {""word"": ""Jumping"", ""timed_overlap"": 2, ""column_overlap"": 3}, {""word"": ""laid"", ""timed_overlap"": 2, ""column_overlap"": 3}]",completed,64,10,72
500,455,proximal-replay,2,--,talented,96,96,96,,2,3,0,0,,149,"[{""word"": ""talented"", ""timed_overlap"": 2, ""column_overlap"": 3}, {""word"": ""glad"", ""timed_overlap"": 2, ""column_overlap"": 3}, {""word"": ""long"", ""timed_overlap"": 2, ""column_overlap"": 3}, {""word"": ""She"", ""timed_overlap"": 2, ""column_overlap"": 3}, {""word"": ""pleased"", ""timed_overlap"": 2, ""column_overlap"": 2}]",completed,82,10,55
500,455,proximal-replay,3,if,Wendy,97,97,97,,3,3,0,0,,113,"[{""word"": ""Wendy"", ""timed_overlap"": 3, ""column_overlap"": 3}, {""word"": ""solemnly"", ""timed_overlap"": 2, ""column_overlap"": 4}, {""word"": ""alarm"", ""timed_overlap"": 2, ""column_overlap"": 2}, {""word"": ""It"", ""timed_overlap"": 2, ""column_overlap"": 2}, {""word"": ""waiting"", ""timed_overlap"": 1, ""column_overlap"": 3}]",completed,64,10,63
500,455,proximal-replay,4,I,somehow,96,96,96,,2,3,1,3,11,114,"[{""word"": ""somehow"", ""timed_overlap"": 2, ""column_overlap"": 3}, {""word"": ""Williamson"", ""timed_overlap"": 2, ""column_overlap"": 3}, {""word"": ""Presently"", ""timed_overlap"": 2, ""column_overlap"": 3}, {""word"": ""church"", ""timed_overlap"": 2, ""column_overlap"": 2}, {""word"": ""pardon"", ""timed_overlap"": 2, ""column_overlap"": 2}]",completed,73,10,64
500,456,proximal-replay,1,;,Only,92,92,92,,2,3,0,0,,132,"[{""word"": ""Only"", ""timed_overlap"": 2, ""column_overlap"": 3}, {""word"": ""out"", ""timed_overlap"": 2, ""column_overlap"": 2}, {""word"": ""Apollo"", ""timed_overlap"": 2, ""column_overlap"": 2}, {""word"": ""imploring"", ""timed_overlap"": 1, ""column_overlap"": 4}, {""word"": ""few"", ""timed_overlap"": 1, ""column_overlap"": 4}]",completed,64,10,54
500,456,proximal-replay,2,whereupon,Peerless,98,98,98,,2,4,0,0,,115,"[{""word"": ""Peerless"", ""timed_overlap"": 2, ""column_overlap"": 4}, {""word"": ""brave"", ""timed_overlap"": 2, ""column_overlap"": 3}, {""word"": ""recovered"", ""timed_overlap"": 2, ""column_overlap"": 3}, {""word"": ""yonder"", ""timed_overlap"": 2, ""column_overlap"": 2}, {""word"": ""Nobody"", ""timed_overlap"": 2, ""column_overlap"": 2}]",completed,64,10,63
500,456,proximal-replay,3,the,mud,98,98,98,,2,3,1,2,45,121,"[{""word"": ""mud"", ""timed_overlap"": 2, ""column_overlap"": 3}, {""word"": ""Thereupon"", ""timed_overlap"": 2, ""column_overlap"": 3}, {""word"": ""months"", ""timed_overlap"": 2, ""column_overlap"": 2}, {""word"": ""feel"", ""timed_overlap"": 1, ""column_overlap"": 4}, {""word"": ""resent"", ""timed_overlap"": 1, ""column_overlap"": 4}]",completed,73,10,72
500,456,proximal-replay,4,enchantress,Sometimes,99,99,99,,2,3,0,0,,137,"[{""word"": ""Sometimes"", ""timed_overlap"": 2, ""column_overlap"": 3}, {""word"": ""must"", ""timed_overlap"": 2, ""column_overlap"": 3}, {""word"": ""chance"", ""timed_overlap"": 2, ""column_overlap"": 3}, {""word"": ""Each"", ""timed_overlap"": 2, ""column_overlap"": 3}, {""word"": ""A"", ""timed_overlap"": 2, ""column_overlap"": 3}]",completed,82,10,54
500,457,proximal-replay,1,soft,two,100,100,100,,2,4,1,1,98,116,"[{""word"": ""two"", ""timed_overlap"": 2, ""column_overlap"": 4}, {""word"": ""West"", ""timed_overlap"": 2, ""column_overlap"": 4}, {""word"": ""yours"", ""timed_overlap"": 2, ""column_overlap"": 3}, {""word"": ""people"", ""timed_overlap"": 2, ""column_overlap"": 2}, {""word"": ""locked"", ""timed_overlap"": 1, ""column_overlap"": 4}]",completed,82,10,63
500,457,proximal-replay,2,mud,tremble,98,98,98,,2,3,0,0,,130,"[{""word"": ""tremble"", ""timed_overlap"": 2, ""column_overlap"": 3}, {""word"": ""bag"", ""timed_overlap"": 2, ""column_overlap"": 2}, {""word"": ""reserved"", ""timed_overlap"": 1, ""column_overlap"": 4}, {""word"": ""till"", ""timed_overlap"": 1, ""column_overlap"": 4}, {""word"": ""drawing"", ""timed_overlap"": 1, ""column_overlap"": 4}]",completed,73,10,72
500,457,proximal-replay,3,squishing,wish,99,99,99,,2,2,0,0,,122,"[{""word"": ""wish"", ""timed_overlap"": 2, ""column_overlap"": 2}, {""word"": ""sight"", ""timed_overlap"": 2, ""column_overlap"": 2}, {""word"": ""Taylor"", ""timed_overlap"": 2, ""column_overlap"": 2}, {""word"": ""captain"", ""timed_overlap"": 2, ""column_overlap"": 2}, {""word"": ""poor"", ""timed_overlap"": 2, ""column_overlap"": 2}]",completed,82,10,63
500,457,proximal-replay,4,up,Reddy,93,93,93,,2,2,0,0,,107,"[{""word"": ""Reddy"", ""timed_overlap"": 2, ""column_overlap"": 2}, {""word"": ""Nay"", ""timed_overlap"": 2, ""column_overlap"": 2}, {""word"": ""cup"", ""timed_overlap"": 1, ""column_overlap"": 4}, {""word"": ""Ginger"", ""timed_overlap"": 1, ""column_overlap"": 3}, {""word"": ""hope"", ""timed_overlap"": 1, ""column_overlap"": 3}]",completed,73,10,72
500,458,proximal-replay,1,post,Jem,100,100,100,,2,2,0,0,,109,"[{""word"": ""Jem"", ""timed_overlap"": 2, ""column_overlap"": 2}, {""word"": ""hive"", ""timed_overlap"": 2, ""column_overlap"": 2}, {""word"": ""Sammy"", ""timed_overlap"": 2, ""column_overlap"": 2}, {""word"": ""lest"", ""timed_overlap"": 1, ""column_overlap"": 4}, {""word"": ""Beautiful"", ""timed_overlap"": 1, ""column_overlap"": 3}]",completed,82,10,54
500,458,proximal-replay,2,office,task,94,94,94,,2,3,0,0,,146,"[{""word"": ""task"", ""timed_overlap"": 2, ""column_overlap"": 3}, {""word"": ""staring"", ""timed_overlap"": 2, ""column_overlap"": 3}, {""word"": ""violently"", ""timed_overlap"": 2, ""column_overlap"": 3}, {""word"": ""peeped"", ""timed_overlap"": 2, ""column_overlap"": 3}, {""word"": ""petals"", ""timed_overlap"": 2, ""column_overlap"": 2}]",completed,64,10,74
500,458,proximal-replay,3,faithfully,its,95,95,95,,2,3,0,0,,134,"[{""word"": ""its"", ""timed_overlap"": 2, ""column_overlap"": 3}, {""word"": ""Prince"", ""timed_overlap"": 2, ""column_overlap"": 2}, {""word"": ""Tegumai"", ""timed_overlap"": 2, ""column_overlap"": 2}, {""word"": ""well"", ""timed_overlap"": 2, ""column_overlap"": 2}, {""word"": ""rubbed"", ""timed_overlap"": 2, ""column_overlap"": 2}]",completed,82,10,63
500,458,proximal-replay,4,every,Hannah,98,98,98,,2,4,0,0,,132,"[{""word"": ""Hannah"", ""timed_overlap"": 2, ""column_overlap"": 4}, {""word"": ""central"", ""timed_overlap"": 2, ""column_overlap"": 3}, {""word"": ""terrified"", ""timed_overlap"": 2, ""column_overlap"": 3}, {""word"": ""creature"", ""timed_overlap"": 2, ""column_overlap"": 3}, {""word"": ""Then"", ""timed_overlap"": 2, ""column_overlap"": 2}]",completed,73,10,63
500,459,proximal-replay,1,is,below,100,100,100,,2,3,1,1,60,88,"[{""word"": ""below"", ""timed_overlap"": 2, ""column_overlap"": 3}, {""word"": ""than"", ""timed_overlap"": 1, ""column_overlap"": 3}, {""word"": ""astray"", ""timed_overlap"": 1, ""column_overlap"": 3}, {""word"": ""suppose"", ""timed_overlap"": 1, ""column_overlap"": 3}, {""word"": ""Jane"", ""timed_overlap"": 1, ""column_overlap"": 3}]",completed,91,10,54
500,459,proximal-replay,2,monotonous,ma'am,97,97,97,,2,3,0,0,,145,"[{""word"": ""ma'am"", ""timed_overlap"": 2, ""column_overlap"": 3}, {""word"": ""leaving"", ""timed_overlap"": 2, ""column_overlap"": 3}, {""word"": ""servants"", ""timed_overlap"": 2, ""column_overlap"": 3}, {""word"": ""herring"", ""timed_overlap"": 2, ""column_overlap"": 3}, {""word"": ""inches"", ""timed_overlap"": 2, ""column_overlap"": 2}]",completed,64,10,63
500,459,proximal-replay,3,but,Joseph,99,99,99,,2,4,1,1,121,124,"[{""word"": ""Joseph"", ""timed_overlap"": 2, ""column_overlap"": 4}, {""word"": ""awful"", ""timed_overlap"": 2, ""column_overlap"": 4}, {""word"": ""suited"", ""timed_overlap"": 2, ""column_overlap"": 3}, {""word"": ""mother-bird"", ""timed_overlap"": 2, ""column_overlap"": 3}, {""word"": ""palace"", ""timed_overlap"": 2, ""column_overlap"": 3}]",completed,73,10,72
500,459,proximal-replay,4,I,feel,96,96,96,,2,4,0,0,,111,"[{""word"": ""feel"", ""timed_overlap"": 2, ""column_overlap"": 4}, {""word"": ""?"", ""timed_overlap"": 2, ""column_overlap"": 3}, {""word"": ""Jimmy"", ""timed_overlap"": 2, ""column_overlap"": 3}, {""word"": ""married"", ""timed_overlap"": 2, ""column_overlap"": 3}, {""word"": ""tore"", ""timed_overlap"": 2, ""column_overlap"": 2}]",completed,82,10,63
500,460,proximal-replay,1,time,had,95,95,95,,2,3,2,3,3,136,"[{""word"": ""had"", ""timed_overlap"": 2, ""column_overlap"": 3}, {""word"": ""lump"", ""timed_overlap"": 2, ""column_overlap"": 3}, {""word"": ""time"", ""timed_overlap"": 2, ""column_overlap"": 3}, {""word"": ""kindest"", ""timed_overlap"": 2, ""column_overlap"": 2}, {""word"": ""ask"", ""timed_overlap"": 2, ""column_overlap"": 2}]",completed,73,10,72
500,460,proximal-replay,2,of,Marcella,98,98,98,,2,4,0,0,,105,"[{""word"": ""Marcella"", ""timed_overlap"": 2, ""column_overlap"": 4}, {""word"": ""satisfied"", ""timed_overlap"": 2, ""column_overlap"": 2}, {""word"": ""been"", ""timed_overlap"": 2, ""column_overlap"": 2}, {""word"": ""applause"", ""timed_overlap"": 1, ""column_overlap"": 3}, {""word"": ""pricked"", ""timed_overlap"": 1, ""column_overlap"": 3}]",completed,82,10,63
500,460,proximal-replay,3,it,tents,97,97,97,,2,2,0,0,,137,"[{""word"": ""tents"", ""timed_overlap"": 2, ""column_overlap"": 2}, {""word"": ""Presently"", ""timed_overlap"": 2, ""column_overlap"": 2}, {""word"": ""torrents"", ""timed_overlap"": 2, ""column_overlap"": 2}, {""word"": ""into"", ""timed_overlap"": 2, ""column_overlap"": 2}, {""word"": ""been"", ""timed_overlap"": 2, ""column_overlap"": 2}]",completed,73,10,45
500,460,proximal-replay,4,",",imps,94,94,94,,3,4,0,0,,141,"[{""word"": ""imps"", ""timed_overlap"": 3, ""column_overlap"": 4}, {""word"": ""-LSB-"", ""timed_overlap"": 2, ""column_overlap"": 5}, {""word"": ""mud"", ""timed_overlap"": 2, ""column_overlap"": 3}, {""word"": ""smile"", ""timed_overlap"": 2, ""column_overlap"": 3}, {""word"": ""off"", ""timed_overlap"": 2, ""column_overlap"": 3}]",completed,55,10,63
500,461,proximal-replay,1,herself,flies,98,98,98,,2,4,0,0,,133,"[{""word"": ""flies"", ""timed_overlap"": 2, ""column_overlap"": 4}, {""word"": ""Now"", ""timed_overlap"": 2, ""column_overlap"": 2}, {""word"": ""return"", ""timed_overlap"": 2, ""column_overlap"": 2}, {""word"": ""Italy"", ""timed_overlap"": 1, ""column_overlap"": 5}, {""word"": ""sweetens"", ""timed_overlap"": 1, ""column_overlap"": 4}]",completed,73,10,72
500,461,proximal-replay,2,",",taste,99,99,99,,2,3,0,0,,117,"[{""word"": ""taste"", ""timed_overlap"": 2, ""column_overlap"": 3}, {""word"": ""remembering"", ""timed_overlap"": 2, ""column_overlap"": 3}, {""word"": ""running"", ""timed_overlap"": 2, ""column_overlap"": 2}, {""word"": ""instead"", ""timed_overlap"": 2, ""column_overlap"": 2}, {""word"": ""bust"", ""timed_overlap"": 2, ""column_overlap"": 2}]",completed,82,10,72
500,461,proximal-replay,3,and,twinkle,99,99,99,,2,2,0,0,,118,"[{""word"": ""twinkle"", ""timed_overlap"": 2, ""column_overlap"": 2}, {""word"": ""got"", ""timed_overlap"": 2, ""column_overlap"": 2}, {""word"": ""o"", ""timed_overlap"": 1, ""column_overlap"": 3}, {""word"": ""Dear"", ""timed_overlap"": 1, ""column_overlap"": 3}, {""word"": ""growled"", ""timed_overlap"": 1, ""column_overlap"": 3}]",completed,82,10,72
500,461,proximal-replay,4,she,!,100,100,100,,2,4,0,0,,143,"[{""word"": ""!"", ""timed_overlap"": 2, ""column_overlap"": 4}, {""word"": ""girl"", ""timed_overlap"": 2, ""column_overlap"": 4}, {""word"": ""Williamson"", ""timed_overlap"": 2, ""column_overlap"": 3}, {""word"": ""broidered"", ""timed_overlap"": 2, ""column_overlap"": 3}, {""word"": ""noticed"", ""timed_overlap"": 2, ""column_overlap"": 3}]",completed,82,10,72
500,462,proximal-replay,1,off,entered,98,98,98,,2,3,1,3,18,118,"[{""word"": ""entered"", ""timed_overlap"": 2, ""column_overlap"": 3}, {""word"": ""gay"", ""timed_overlap"": 2, ""column_overlap"": 2}, {""word"": ""sable"", ""timed_overlap"": 2, ""column_overlap"": 2}, {""word"": ""so"", ""timed_overlap"": 2, ""column_overlap"": 2}, {""word"": ""noise"", ""timed_overlap"": 2, ""column_overlap"": 2}]",completed,64,10,63
500,462,proximal-replay,2,with,bust,100,100,100,,2,3,1,1,64,120,"[{""word"": ""bust"", ""timed_overlap"": 2, ""column_overlap"": 3}, {""word"": ""going"", ""timed_overlap"": 2, ""column_overlap"": 2}, {""word"": ""drunk"", ""timed_overlap"": 2, ""column_overlap"": 2}, {""word"": ""Messua"", ""timed_overlap"": 2, ""column_overlap"": 2}, {""word"": ""faithfully"", ""timed_overlap"": 1, ""column_overlap"": 4}]",completed,73,10,72
500,462,proximal-replay,3,another,hive,98,98,98,,2,2,0,0,,126,"[{""word"": ""hive"", ""timed_overlap"": 2, ""column_overlap"": 2}, {""word"": ""shoulders"", ""timed_overlap"": 2, ""column_overlap"": 2}, {""word"": ""filled"", ""timed_overlap"": 1, ""column_overlap"": 4}, {""word"": ""such"", ""timed_overlap"": 1, ""column_overlap"": 4}, {""word"": ""beholding"", ""timed_overlap"": 1, ""column_overlap"": 3}]",completed,82,10,63
500,462,proximal-replay,4,of,slim,97,97,97,,2,4,1,2,42,143,"[{""word"": ""slim"", ""timed_overlap"": 2, ""column_overlap"": 4}, {""word"": ""or"", ""timed_overlap"": 2, ""column_overlap"": 4}, {""word"": ""well"", ""timed_overlap"": 2, ""column_overlap"": 3}, {""word"": ""some"", ""timed_overlap"": 2, ""column_overlap"": 2}, {""word"": ""broadest"", ""timed_overlap"": 2, ""column_overlap"": 2}]",completed,73,10,63
500,463,proximal-replay,1,the,gallant,100,100,100,,2,3,2,2,7,124,"[{""word"": ""gallant"", ""timed_overlap"": 2, ""column_overlap"": 3}, {""word"": ""even"", ""timed_overlap"": 2, ""column_overlap"": 3}, {""word"": ""wind"", ""timed_overlap"": 2, ""column_overlap"": 3}, {""word"": ""look"", ""timed_overlap"": 2, ""column_overlap"": 3}, {""word"": ""writing"", ""timed_overlap"": 2, ""column_overlap"": 2}]",completed,73,10,72
500,463,proximal-replay,2,morning,Anzacs,99,99,99,,3,3,0,0,,114,"[{""word"": ""Anzacs"", ""timed_overlap"": 3, ""column_overlap"": 3}, {""word"": ""amused"", ""timed_overlap"": 2, ""column_overlap"": 4}, {""word"": ""Providence"", ""timed_overlap"": 2, ""column_overlap"": 4}, {""word"": ""glanced"", ""timed_overlap"": 2, ""column_overlap"": 2}, {""word"": ""Williamson"", ""timed_overlap"": 2, ""column_overlap"": 2}]",completed,82,10,54
500,463,proximal-replay,3,sweetens,seemed,98,98,98,,2,4,0,0,,126,"[{""word"": ""seemed"", ""timed_overlap"": 2, ""column_overlap"": 4}, {""word"": ""knows"", ""timed_overlap"": 2, ""column_overlap"": 4}, {""word"": ""wrongs"", ""timed_overlap"": 2, ""column_overlap"": 3}, {""word"": ""of"", ""timed_overlap"": 2, ""column_overlap"": 2}, {""word"": ""opening"", ""timed_overlap"": 2, ""column_overlap"": 2}]",completed,64,10,63
500,463,proximal-replay,4,and,spear,97,97,97,,2,2,0,0,,93,"[{""word"": ""spear"", ""timed_overlap"": 2, ""column_overlap"": 2}, {""word"": ""course"", ""timed_overlap"": 2, ""column_overlap"": 2}, {""word"": ""'em"", ""timed_overlap"": 2, ""column_overlap"": 2}, {""word"": ""sat"", ""timed_overlap"": 1, ""column_overlap"": 4}, {""word"": ""Betty"", ""timed_overlap"": 1, ""column_overlap"": 3}]",completed,73,10,72
500,464,proximal-replay,1,her,tiny,99,99,99,,2,3,1,2,33,133,"[{""word"": ""tiny"", ""timed_overlap"": 2, ""column_overlap"": 3}, {""word"": ""All"", ""timed_overlap"": 2, ""column_overlap"": 2}, {""word"": ""These"", ""timed_overlap"": 2, ""column_overlap"": 2}, {""word"": ""nothing"", ""timed_overlap"": 2, ""column_overlap"": 2}, {""word"": ""weight"", ""timed_overlap"": 1, ""column_overlap"": 4}]",completed,64,10,63
500,464,proximal-replay,2,heart,many,99,99,99,,2,4,1,2,41,100,"[{""word"": ""many"", ""timed_overlap"": 2, ""column_overlap"": 4}, {""word"": ""you"", ""timed_overlap"": 2, ""column_overlap"": 3}, {""word"": ""soon"", ""timed_overlap"": 2, ""column_overlap"": 2}, {""word"": ""donkey"", ""timed_overlap"": 2, ""column_overlap"": 2}, {""word"": ""splendid"", ""timed_overlap"": 1, ""column_overlap"": 4}]",completed,73,10,72
500,464,proximal-replay,3,",",Pegasus,100,100,100,,2,2,0,0,,88,"[{""word"": ""Pegasus"", ""timed_overlap"": 2, ""column_overlap"": 2}, {""word"": ""am"", ""timed_overlap"": 2, ""column_overlap"": 2}, {""word"": ""grasshoppers"", ""timed_overlap"": 2, ""column_overlap"": 2}, {""word"": ""craoudin"", ""timed_overlap"": 2, ""column_overlap"": 2}, {""word"": ""glad"", ""timed_overlap"": 1, ""column_overlap"": 5}]",completed,82,10,63
500,464,proximal-replay,4,and,splendid,98,98,98,,2,5,0,0,,142,"[{""word"": ""splendid"", ""timed_overlap"": 2, ""column_overlap"": 5}, {""word"": ""tried"", ""timed_overlap"": 2, ""column_overlap"": 4}, {""word"": ""many"", ""timed_overlap"": 2, ""column_overlap"": 2}, {""word"": ""bait"", ""timed_overlap"": 1, ""column_overlap"": 4}, {""word"": ""heard"", ""timed_overlap"": 1, ""column_overlap"": 4}]",completed,73,10,64
500,465,proximal-replay,1,I,terribly,100,100,100,,2,3,0,0,,104,"[{""word"": ""terribly"", ""timed_overlap"": 2, ""column_overlap"": 3}, {""word"": ""servants"", ""timed_overlap"": 2, ""column_overlap"": 3}, {""word"": ""Sometimes"", ""timed_overlap"": 2, ""column_overlap"": 2}, {""word"": ""dreams"", ""timed_overlap"": 2, ""column_overlap"": 2}, {""word"": ""honey"", ""timed_overlap"": 1, ""column_overlap"": 4}]",completed,91,10,72
500,465,proximal-replay,2,'ve,sultan,99,99,99,,2,3,0,0,,96,"[{""word"": ""sultan"", ""timed_overlap"": 2, ""column_overlap"": 3}, {""word"": ""Pekoe"", ""timed_overlap"": 2, ""column_overlap"": 3}, {""word"": ""Laurie"", ""timed_overlap"": 2, ""column_overlap"": 2}, {""word"": ""Johnny"", ""timed_overlap"": 1, ""column_overlap"": 3}, {""word"": ""Hippocrates"", ""timed_overlap"": 1, ""column_overlap"": 3}]",completed,82,10,54
500,465,proximal-replay,3,cut,walls,92,92,92,,2,2,0,0,,139,"[{""word"": ""walls"", ""timed_overlap"": 2, ""column_overlap"": 2}, {""word"": ""Lung"", ""timed_overlap"": 2, ""column_overlap"": 2}, {""word"": ""Oh"", ""timed_overlap"": 2, ""column_overlap"": 2}, {""word"": ""tone"", ""timed_overlap"": 2, ""column_overlap"": 2}, {""word"": ""dwelt"", ""timed_overlap"": 2, ""column_overlap"": 2}]",completed,64,10,64
500,465,proximal-replay,4,for,plenty,98,98,98,,2,4,0,0,,115,"[{""word"": ""plenty"", ""timed_overlap"": 2, ""column_overlap"": 4}, {""word"": ""spear"", ""timed_overlap"": 2, ""column_overlap"": 3}, {""word"": ""fine"", ""timed_overlap"": 2, ""column_overlap"": 3}, {""word"": ""Abraham"", ""timed_overlap"": 2, ""column_overlap"": 3}, {""word"": ""enough"", ""timed_overlap"": 2, ""column_overlap"": 2}]",completed,73,10,72
500,466,proximal-replay,1,",",palace,94,94,94,,2,4,0,0,,120,"[{""word"": ""palace"", ""timed_overlap"": 2, ""column_overlap"": 4}, {""word"": ""felt"", ""timed_overlap"": 2, ""column_overlap"": 4}, {""word"": ""Oh"", ""timed_overlap"": 2, ""column_overlap"": 3}, {""word"": ""our"", ""timed_overlap"": 2, ""column_overlap"": 3}, {""word"": ""spear"", ""timed_overlap"": 2, ""column_overlap"": 2}]",completed,64,10,73
500,466,proximal-replay,2,drawing,running,99,99,99,,2,3,0,0,,105,"[{""word"": ""running"", ""timed_overlap"": 2, ""column_overlap"": 3}, {""word"": ""'em"", ""timed_overlap"": 2, ""column_overlap"": 2}, {""word"": ""approved"", ""timed_overlap"": 1, ""column_overlap"": 4}, {""word"": ""been"", ""timed_overlap"": 1, ""column_overlap"": 4}, {""word"": ""``"", ""timed_overlap"": 1, ""column_overlap"": 3}]",completed,82,10,63
500,466,proximal-replay,3,very,snow,95,95,95,,2,4,0,0,,99,"[{""word"": ""snow"", ""timed_overlap"": 2, ""column_overlap"": 4}, {""word"": ""what"", ""timed_overlap"": 2, ""column_overlap"": 4}, {""word"": ""Meanwhile"", ""timed_overlap"": 2, ""column_overlap"": 4}, {""word"": ""course"", ""timed_overlap"": 2, ""column_overlap"": 2}, {""word"": ""'m"", ""timed_overlap"": 1, ""column_overlap"": 4}]",completed,73,10,73
500,466,proximal-replay,4,hard,Tegumai,94,94,94,,2,3,0,0,,129,"[{""word"": ""Tegumai"", ""timed_overlap"": 2, ""column_overlap"": 3}, {""word"": ""Sometimes"", ""timed_overlap"": 2, ""column_overlap"": 3}, {""word"": ""fell"", ""timed_overlap"": 2, ""column_overlap"": 3}, {""word"": ""jollier"", ""timed_overlap"": 2, ""column_overlap"": 3}, {""word"": ""Not"", ""timed_overlap"": 2, ""column_overlap"": 2}]",completed,82,10,72
500,467,proximal-replay,1,fear,belt,97,97,97,,2,2,0,0,,111,"[{""word"": ""belt"", ""timed_overlap"": 2, ""column_overlap"": 2}, {""word"": ""wandered"", ""timed_overlap"": 1, ""column_overlap"": 4}, {""word"": ""Lung"", ""timed_overlap"": 1, ""column_overlap"": 4}, {""word"": ""skins"", ""timed_overlap"": 1, ""column_overlap"": 3}, {""word"": ""curious"", ""timed_overlap"": 1, ""column_overlap"": 3}]",completed,82,10,73
500,467,proximal-replay,2,as,tree,97,97,97,,2,2,0,0,,106,"[{""word"": ""tree"", ""timed_overlap"": 2, ""column_overlap"": 2}, {""word"": ""opening"", ""timed_overlap"": 2, ""column_overlap"": 2}, {""word"": ""pump"", ""timed_overlap"": 2, ""column_overlap"": 2}, {""word"": ""present"", ""timed_overlap"": 2, ""column_overlap"": 2}, {""word"": ""air"", ""timed_overlap"": 1, ""column_overlap"": 4}]",completed,82,10,73
500,467,proximal-replay,3,they,Queen,92,92,92,,2,3,0,0,,136,"[{""word"": ""Queen"", ""timed_overlap"": 2, ""column_overlap"": 3}, {""word"": ""spoke"", ""timed_overlap"": 2, ""column_overlap"": 3}, {""word"": ""!"", ""timed_overlap"": 2, ""column_overlap"": 3}, {""word"": ""taking"", ""timed_overlap"": 2, ""column_overlap"": 3}, {""word"": ""reply"", ""timed_overlap"": 2, ""column_overlap"": 3}]",completed,82,10,73
500,467,proximal-replay,4,saw,its,100,100,100,,2,2,0,0,,100,"[{""word"": ""its"", ""timed_overlap"": 2, ""column_overlap"": 2}, {""word"": ""turning"", ""timed_overlap"": 2, ""column_overlap"": 2}, {""word"": ""came"", ""timed_overlap"": 1, ""column_overlap"": 3}, {""word"": ""why"", ""timed_overlap"": 1, ""column_overlap"": 3}, {""word"": ""Everybody"", ""timed_overlap"": 1, ""column_overlap"": 3}]",completed,82,10,72
500,468,proximal-replay,1,needle,ca,96,96,96,,3,3,1,2,71,158,"[{""word"": ""ca"", ""timed_overlap"": 3, ""column_overlap"": 3}, {""word"": ""added"", ""timed_overlap"": 2, ""column_overlap"": 3}, {""word"": ""soft"", ""timed_overlap"": 2, ""column_overlap"": 3}, {""word"": ""Meadow"", ""timed_overlap"": 2, ""column_overlap"": 3}, {""word"": ""O"", ""timed_overlap"": 2, ""column_overlap"": 2}]",completed,64,10,63
500,468,proximal-replay,2,",",COAT,99,99,99,,2,3,0,0,,113,"[{""word"": ""COAT"", ""timed_overlap"": 2, ""column_overlap"": 3}, {""word"": ""astray"", ""timed_overlap"": 2, ""column_overlap"": 3}, {""word"": ""killed"", ""timed_overlap"": 2, ""column_overlap"": 2}, {""word"": ""thoughtfully"", ""timed_overlap"": 2, ""column_overlap"": 2}, {""word"": ""require"", ""timed_overlap"": 1, ""column_overlap"": 3}]",completed,73,10,63
500,468,proximal-replay,3,pricked,Sammy,97,97,97,,4,4,0,0,,136,"[{""word"": ""Sammy"", ""timed_overlap"": 4, ""column_overlap"": 4}, {""word"": ""Trevor"", ""timed_overlap"": 2, ""column_overlap"": 2}, {""word"": ""talks"", ""timed_overlap"": 2, ""column_overlap"": 2}, {""word"": ""Afghans"", ""timed_overlap"": 2, ""column_overlap"": 2}, {""word"": ""line"", ""timed_overlap"": 2, ""column_overlap"": 2}]",completed,73,10,54
500,468,proximal-replay,4,Elsa,ate,87,87,87,,2,5,0,0,,140,"[{""word"": ""ate"", ""timed_overlap"": 2, ""column_overlap"": 5}, {""word"": ""creature"", ""timed_overlap"": 2, ""column_overlap"": 3}, {""word"": ""Jay"", ""timed_overlap"": 2, ""column_overlap"": 3}, {""word"": ""thank"", ""timed_overlap"": 2, ""column_overlap"": 2}, {""word"": ""monotonous"", ""timed_overlap"": 2, ""column_overlap"": 2}]",completed,64,10,64
500,469,proximal-replay,1,fireworks,gray,98,98,98,,2,3,0,0,,137,"[{""word"": ""gray"", ""timed_overlap"": 2, ""column_overlap"": 3}, {""word"": ""into"", ""timed_overlap"": 2, ""column_overlap"": 3}, {""word"": ""drawing"", ""timed_overlap"": 2, ""column_overlap"": 2}, {""word"": ""been"", ""timed_overlap"": 2, ""column_overlap"": 2}, {""word"": ""early"", ""timed_overlap"": 2, ""column_overlap"": 2}]",completed,82,10,72
500,469,proximal-replay,2,on,below,97,97,97,,2,2,0,0,,101,"[{""word"": ""below"", ""timed_overlap"": 2, ""column_overlap"": 2}, {""word"": ""chop"", ""timed_overlap"": 2, ""column_overlap"": 2}, {""word"": ""bared"", ""timed_overlap"": 2, ""column_overlap"": 2}, {""word"": ""sentiment"", ""timed_overlap"": 1, ""column_overlap"": 4}, {""word"": ""See"", ""timed_overlap"": 1, ""column_overlap"": 3}]",completed,82,10,63
500,469,proximal-replay,3,the,eyes,99,99,99,,3,3,0,0,,143,"[{""word"": ""eyes"", ""timed_overlap"": 3, ""column_overlap"": 3}, {""word"": ""made"", ""timed_overlap"": 2, ""column_overlap"": 3}, {""word"": ""promise"", ""timed_overlap"": 2, ""column_overlap"": 2}, {""word"": ""money"", ""timed_overlap"": 1, ""column_overlap"": 5}, {""word"": ""cake"", ""timed_overlap"": 1, ""column_overlap"": 5}]",completed,73,10,63
500,469,proximal-replay,4,fourth,in,97,97,97,,3,4,0,0,,128,"[{""word"": ""in"", ""timed_overlap"": 3, ""column_overlap"": 4}, {""word"": ""tyrannize"", ""timed_overlap"": 2, ""column_overlap"": 3}, {""word"": ""ones"", ""timed_overlap"": 2, ""column_overlap"": 2}, {""word"": ""bust"", ""timed_overlap"": 2, ""column_overlap"": 2}, {""word"": ""Murray"", ""timed_overlap"": 2, ""column_overlap"": 2}]",completed,73,10,45
500,470,proximal-replay,1,",",it,99,99,99,,2,4,0,0,,146,"[{""word"": ""it"", ""timed_overlap"": 2, ""column_overlap"": 4}, {""word"": ""Ripple"", ""timed_overlap"": 2, ""column_overlap"": 3}, {""word"": ""scoop"", ""timed_overlap"": 2, ""column_overlap"": 3}, {""word"": ""Squirrel"", ""timed_overlap"": 2, ""column_overlap"": 3}, {""word"": ""cows"", ""timed_overlap"": 2, ""column_overlap"": 3}]",completed,73,10,72
500,470,proximal-replay,2,my,cheering,100,100,100,,2,4,0,0,,98,"[{""word"": ""cheering"", ""timed_overlap"": 2, ""column_overlap"": 4}, {""word"": ""miles"", ""timed_overlap"": 2, ""column_overlap"": 2}, {""word"": ""green"", ""timed_overlap"": 2, ""column_overlap"": 2}, {""word"": ""door"", ""timed_overlap"": 1, ""column_overlap"": 3}, {""word"": ""wand"", ""timed_overlap"": 1, ""column_overlap"": 3}]",completed,82,10,63
500,470,proximal-replay,3,lads,Sooty,91,91,91,,2,4,0,0,,125,"[{""word"": ""Sooty"", ""timed_overlap"": 2, ""column_overlap"": 4}, {""word"": ""Mother"", ""timed_overlap"": 2, ""column_overlap"": 3}, {""word"": ""Sometimes"", ""timed_overlap"": 2, ""column_overlap"": 3}, {""word"": ""without"", ""timed_overlap"": 2, ""column_overlap"": 2}, {""word"": ""Abel"", ""timed_overlap"": 2, ""column_overlap"": 2}]",completed,73,10,54
500,470,proximal-replay,4,.,Messua,90,90,90,,2,4,0,0,,129,"[{""word"": ""Messua"", ""timed_overlap"": 2, ""column_overlap"": 4}, {""word"": ""hunt"", ""timed_overlap"": 2, ""column_overlap"": 2}, {""word"": ""Sir"", ""timed_overlap"": 2, ""column_overlap"": 2}, {""word"": ""nice"", ""timed_overlap"": 2, ""column_overlap"": 2}, {""word"": ""still"", ""timed_overlap"": 2, ""column_overlap"": 2}]",completed,64,10,73
500,471,proximal-replay,1,here,been,99,99,99,,3,4,0,0,,99,"[{""word"": ""been"", ""timed_overlap"": 3, ""column_overlap"": 4}, {""word"": ""thumb"", ""timed_overlap"": 2, ""column_overlap"": 2}, {""word"": ""bad"", ""timed_overlap"": 1, ""column_overlap"": 3}, {""word"": ""silence"", ""timed_overlap"": 1, ""column_overlap"": 3}, {""word"": ""Messua"", ""timed_overlap"": 1, ""column_overlap"": 3}]",completed,82,10,45
500,471,proximal-replay,2,",",an,99,99,99,,2,3,0,0,,143,"[{""word"": ""an"", ""timed_overlap"": 2, ""column_overlap"": 3}, {""word"": ""be"", ""timed_overlap"": 2, ""column_overlap"": 3}, {""word"": ""ye"", ""timed_overlap"": 2, ""column_overlap"": 2}, {""word"": ""ladylike"", ""timed_overlap"": 2, ""column_overlap"": 2}, {""word"": ""Bessy"", ""timed_overlap"": 2, ""column_overlap"": 2}]",completed,55,10,63
500,471,proximal-replay,3,honey,an,98,98,98,,2,4,0,0,,129,"[{""word"": ""an"", ""timed_overlap"": 2, ""column_overlap"": 4}, {""word"": ""think"", ""timed_overlap"": 2, ""column_overlap"": 3}, {""word"": ""pump"", ""timed_overlap"": 2, ""column_overlap"": 3}, {""word"": ""queen"", ""timed_overlap"": 2, ""column_overlap"": 2}, {""word"": ""She"", ""timed_overlap"": 2, ""column_overlap"": 2}]",completed,73,10,64
500,471,proximal-replay,4,!,exclaimed,100,100,100,,2,3,0,0,,136,"[{""word"": ""exclaimed"", ""timed_overlap"": 2, ""column_overlap"": 3}, {""word"": ""She"", ""timed_overlap"": 2, ""column_overlap"": 3}, {""word"": ""mosquito"", ""timed_overlap"": 2, ""column_overlap"": 3}, {""word"": ""effort"", ""timed_overlap"": 2, ""column_overlap"": 2}, {""word"": ""Messua"", ""timed_overlap"": 2, ""column_overlap"": 2}]",completed,73,10,54
500,472,proximal-replay,1,he,'',100,100,100,,2,2,2,2,2,121,"[{""word"": ""''"", ""timed_overlap"": 2, ""column_overlap"": 2}, {""word"": ""he"", ""timed_overlap"": 2, ""column_overlap"": 2}, {""word"": ""those"", ""timed_overlap"": 1, ""column_overlap"": 4}, {""word"": ""inches"", ""timed_overlap"": 1, ""column_overlap"": 4}, {""word"": ""wind"", ""timed_overlap"": 1, ""column_overlap"": 3}]",completed,82,10,54
500,472,proximal-replay,2,had,said,99,99,99,,3,3,0,0,,95,"[{""word"": ""said"", ""timed_overlap"": 3, ""column_overlap"": 3}, {""word"": ""Sometimes"", ""timed_overlap"": 2, ""column_overlap"": 3}, {""word"": ""bust"", ""timed_overlap"": 2, ""column_overlap"": 3}, {""word"": ""Matthew"", ""timed_overlap"": 2, ""column_overlap"": 2}, {""word"": ""down"", ""timed_overlap"": 1, ""column_overlap"": 3}]",completed,64,10,63
500,472,proximal-replay,3,the,somehow,100,100,100,,2,3,0,0,,95,"[{""word"": ""somehow"", ""timed_overlap"": 2, ""column_overlap"": 3}, {""word"": ""mature"", ""timed_overlap"": 1, ""column_overlap"": 3}, {""word"": ""reigned"", ""timed_overlap"": 1, ""column_overlap"": 3}, {""word"": ""tittered"", ""timed_overlap"": 1, ""column_overlap"": 3}, {""word"": ""wilt"", ""timed_overlap"": 1, ""column_overlap"": 3}]",completed,73,10,54
500,472,proximal-replay,4,audacity,platform,96,96,96,,2,4,0,0,,118,"[{""word"": ""platform"", ""timed_overlap"": 2, ""column_overlap"": 4}, {""word"": ""Clow"", ""timed_overlap"": 2, ""column_overlap"": 2}, {""word"": ""Fellow"", ""timed_overlap"": 2, ""column_overlap"": 2}, {""word"": ""lads"", ""timed_overlap"": 1, ""column_overlap"": 5}, {""word"": ""carriage"", ""timed_overlap"": 1, ""column_overlap"": 5}]",completed,64,10,72
500,473,proximal-replay,1,she,soon,100,100,100,,2,2,0,0,,90,"[{""word"": ""soon"", ""timed_overlap"": 2, ""column_overlap"": 2}, {""word"": ""lump"", ""timed_overlap"": 2, ""column_overlap"": 2}, {""word"": ""forbidden"", ""timed_overlap"": 1, ""column_overlap"": 3}, {""word"": ""lady"", ""timed_overlap"": 1, ""column_overlap"": 3}, {""word"": ""months"", ""timed_overlap"": 1, ""column_overlap"": 3}]",completed,82,10,72
500,473,proximal-replay,2,died,Jumping,99,99,99,,2,4,0,0,,107,"[{""word"": ""Jumping"", ""timed_overlap"": 2, ""column_overlap"": 4}, {""word"": ""our"", ""timed_overlap"": 2, ""column_overlap"": 3}, {""word"": ""river"", ""timed_overlap"": 1, ""column_overlap"": 4}, {""word"": ""taking"", ""timed_overlap"": 1, ""column_overlap"": 3}, {""word"": ""Queen"", ""timed_overlap"": 1, ""column_overlap"": 3}]",completed,82,10,63
500,473,proximal-replay,3,",",let,96,96,96,,2,3,0,0,,128,"[{""word"": ""let"", ""timed_overlap"": 2, ""column_overlap"": 3}, {""word"": ""thrifty"", ""timed_overlap"": 2, ""column_overlap"": 3}, {""word"": ""Thorny"", ""timed_overlap"": 2, ""column_overlap"": 2}, {""word"": ""disagreeable"", ""timed_overlap"": 2, ""column_overlap"": 2}, {""word"": ""Jo"", ""timed_overlap"": 2, ""column_overlap"": 2}]",completed,73,10,72
500,473,proximal-replay,4,imploring,XV,100,100,100,,3,4,0,0,,142,"[{""word"": ""XV"", ""timed_overlap"": 3, ""column_overlap"": 4}, {""word"": ""sister"", ""timed_overlap"": 3, ""column_overlap"": 4}, {""word"": ""quaggi"", ""timed_overlap"": 2, ""column_overlap"": 4}, {""word"": ""All"", ""timed_overlap"": 2, ""column_overlap"": 4}, {""word"": ""glad"", ""timed_overlap"": 2, ""column_overlap"": 3}]",completed,82,10,63
500,474,proximal-replay,1,she,says,99,99,99,,2,3,0,0,,105,"[{""word"": ""says"", ""timed_overlap"": 2, ""column_overlap"": 3}, {""word"": ""door"", ""timed_overlap"": 2, ""column_overlap"": 3}, {""word"": ""VI"", ""timed_overlap"": 2, ""column_overlap"": 2}, {""word"": ""Blair"", ""timed_overlap"": 2, ""column_overlap"": 2}, {""word"": ""sign"", ""timed_overlap"": 1, ""column_overlap"": 4}]",completed,82,10,72
500,474,proximal-replay,2,had,heard,96,96,96,,2,3,0,0,,119,"[{""word"": ""heard"", ""timed_overlap"": 2, ""column_overlap"": 3}, {""word"": ""taste"", ""timed_overlap"": 2, ""column_overlap"": 2}, {""word"": ""nodding"", ""timed_overlap"": 2, ""column_overlap"": 2}, {""word"": ""save"", ""timed_overlap"": 1, ""column_overlap"": 3}, {""word"": ""stylish"", ""timed_overlap"": 1, ""column_overlap"": 3}]",completed,82,10,73
500,474,proximal-replay,3,a,clouded,97,97,97,,2,2,0,0,,105,"[{""word"": ""clouded"", ""timed_overlap"": 2, ""column_overlap"": 2}, {""word"": ""lonesome"", ""timed_overlap"": 2, ""column_overlap"": 2}, {""word"": ""played"", ""timed_overlap"": 2, ""column_overlap"": 2}, {""word"": ""bared"", ""timed_overlap"": 2, ""column_overlap"": 2}, {""word"": ""boy"", ""timed_overlap"": 2, ""column_overlap"": 2}]",completed,82,10,45
500,474,proximal-replay,4,letter,beauty,99,99,99,,2,3,0,0,,142,"[{""word"": ""beauty"", ""timed_overlap"": 2, ""column_overlap"": 3}, {""word"": ""ogress"", ""timed_overlap"": 2, ""column_overlap"": 2}, {""word"": ""boys"", ""timed_overlap"": 2, ""column_overlap"": 2}, {""word"": ""See"", ""timed_overlap"": 2, ""column_overlap"": 2}, {""word"": ""tracks"", ""timed_overlap"": 1, ""column_overlap"": 4}]",completed,55,10,72
500,475,proximal-replay,1,Betty,Pekoe,100,100,100,,2,4,1,1,49,97,"[{""word"": ""Pekoe"", ""timed_overlap"": 2, ""column_overlap"": 4}, {""word"": ""heard"", ""timed_overlap"": 2, ""column_overlap"": 3}, {""word"": ""too"", ""timed_overlap"": 2, ""column_overlap"": 2}, {""word"": ""and"", ""timed_overlap"": 2, ""column_overlap"": 2}, {""word"": ""approved"", ""timed_overlap"": 1, ""column_overlap"": 3}]",completed,82,10,63
500,475,proximal-replay,2,had,wo,100,100,100,,2,3,0,0,,123,"[{""word"": ""wo"", ""timed_overlap"": 2, ""column_overlap"": 3}, {""word"": ""clothes"", ""timed_overlap"": 2, ""column_overlap"": 2}, {""word"": ""bared"", ""timed_overlap"": 2, ""column_overlap"": 2}, {""word"": ""eagerly"", ""timed_overlap"": 2, ""column_overlap"": 2}, {""word"": ""!"", ""timed_overlap"": 1, ""column_overlap"": 4}]",completed,73,10,63
500,475,proximal-replay,3,been,ones,96,96,96,,2,3,0,0,,110,"[{""word"": ""ones"", ""timed_overlap"": 2, ""column_overlap"": 3}, {""word"": ""mother-bird"", ""timed_overlap"": 2, ""column_overlap"": 3}, {""word"": ""Matthew"", ""timed_overlap"": 2, ""column_overlap"": 3}, {""word"": ""sign"", ""timed_overlap"": 2, ""column_overlap"": 2}, {""word"": ""As"", ""timed_overlap"": 2, ""column_overlap"": 2}]",completed,73,10,63
500,475,proximal-replay,4,playing,embrace,99,99,99,,2,4,0,0,,155,"[{""word"": ""embrace"", ""timed_overlap"": 2, ""column_overlap"": 4}, {""word"": ""humanity"", ""timed_overlap"": 2, ""column_overlap"": 3}, {""word"": ""dreams"", ""timed_overlap"": 2, ""column_overlap"": 2}, {""word"": ""bear"", ""timed_overlap"": 2, ""column_overlap"": 2}, {""word"": ""river"", ""timed_overlap"": 2, ""column_overlap"": 2}]",completed,73,10,54
500,476,proximal-replay,1,",",flies,98,98,98,,2,4,0,0,,119,"[{""word"": ""flies"", ""timed_overlap"": 2, ""column_overlap"": 4}, {""word"": ""hearse"", ""timed_overlap"": 2, ""column_overlap"": 2}, {""word"": ""frog"", ""timed_overlap"": 2, ""column_overlap"": 2}, {""word"": ""Seek"", ""timed_overlap"": 2, ""column_overlap"": 2}, {""word"": ""value"", ""timed_overlap"": 1, ""column_overlap"": 5}]",completed,73,10,73
500,476,proximal-replay,2,and,Priscilla,99,99,99,,2,4,0,0,,126,"[{""word"": ""Priscilla"", ""timed_overlap"": 2, ""column_overlap"": 4}, {""word"": ""chop"", ""timed_overlap"": 2, ""column_overlap"": 3}, {""word"": ""remembering"", ""timed_overlap"": 2, ""column_overlap"": 3}, {""word"": ""tittered"", ""timed_overlap"": 2, ""column_overlap"": 2}, {""word"": ""bust"", ""timed_overlap"": 2, ""column_overlap"": 2}]",completed,82,10,37
500,476,proximal-replay,3,has,'s,89,89,89,,6,6,0,0,,160,"[{""word"": ""'s"", ""timed_overlap"": 6, ""column_overlap"": 6}, {""word"": ""canvas"", ""timed_overlap"": 3, ""column_overlap"": 4}, {""word"": ""preferred"", ""timed_overlap"": 2, ""column_overlap"": 4}, {""word"": ""breath"", ""timed_overlap"": 2, ""column_overlap"": 3}, {""word"": ""wondered"", ""timed_overlap"": 2, ""column_overlap"": 2}]",completed,46,10,27
500,476,proximal-replay,4,brought,gay,92,92,92,,4,4,0,0,,142,"[{""word"": ""gay"", ""timed_overlap"": 4, ""column_overlap"": 4}, {""word"": ""begging"", ""timed_overlap"": 2, ""column_overlap"": 3}, {""word"": ""disagreeable"", ""timed_overlap"": 2, ""column_overlap"": 3}, {""word"": ""father"", ""timed_overlap"": 2, ""column_overlap"": 2}, {""word"": ""frozen"", ""timed_overlap"": 1, ""column_overlap"": 4}]",completed,37,10,45
500,477,proximal-replay,1,ceased,Felicity,98,98,98,,2,3,0,0,,115,"[{""word"": ""Felicity"", ""timed_overlap"": 2, ""column_overlap"": 3}, {""word"": ""Skunk"", ""timed_overlap"": 2, ""column_overlap"": 3}, {""word"": ""strange"", ""timed_overlap"": 2, ""column_overlap"": 2}, {""word"": ""Williamson"", ""timed_overlap"": 2, ""column_overlap"": 2}, {""word"": ""ruin"", ""timed_overlap"": 2, ""column_overlap"": 2}]",completed,82,10,64
500,477,proximal-replay,2,to,answered,89,89,89,,2,4,0,0,,146,"[{""word"": ""answered"", ""timed_overlap"": 2, ""column_overlap"": 4}, {""word"": ""smile"", ""timed_overlap"": 2, ""column_overlap"": 2}, {""word"": ""lonesome"", ""timed_overlap"": 2, ""column_overlap"": 2}, {""word"": ""sweep"", ""timed_overlap"": 2, ""column_overlap"": 2}, {""word"": ""petals"", ""timed_overlap"": 2, ""column_overlap"": 2}]",completed,73,10,55
500,477,proximal-replay,3,hunt,Hans,98,98,98,,2,3,0,0,,119,"[{""word"": ""Hans"", ""timed_overlap"": 2, ""column_overlap"": 3}, {""word"": ""doubt"", ""timed_overlap"": 2, ""column_overlap"": 2}, {""word"": ""curious"", ""timed_overlap"": 2, ""column_overlap"": 2}, {""word"": ""welcome"", ""timed_overlap"": 2, ""column_overlap"": 2}, {""word"": ""tantrum"", ""timed_overlap"": 2, ""column_overlap"": 2}]",completed,64,10,63
500,477,proximal-replay,4,for,already,100,100,100,,2,3,0,0,,107,"[{""word"": ""already"", ""timed_overlap"": 2, ""column_overlap"": 3}, {""word"": ""Every"", ""timed_overlap"": 2, ""column_overlap"": 3}, {""word"": ""effort"", ""timed_overlap"": 2, ""column_overlap"": 3}, {""word"": ""once"", ""timed_overlap"": 2, ""column_overlap"": 3}, {""word"": ""pen"", ""timed_overlap"": 2, ""column_overlap"": 2}]",completed,73,10,63
500,478,proximal-replay,1,eat,be,100,100,100,,3,3,0,0,,83,"[{""word"": ""be"", ""timed_overlap"": 3, ""column_overlap"": 3}, {""word"": ""mean"", ""timed_overlap"": 2, ""column_overlap"": 3}, {""word"": ""me"", ""timed_overlap"": 2, ""column_overlap"": 2}, {""word"": ""ladylike"", ""timed_overlap"": 2, ""column_overlap"": 2}, {""word"": ""forth"", ""timed_overlap"": 1, ""column_overlap"": 3}]",completed,73,10,54
500,478,proximal-replay,2,",",seen,99,99,99,,2,4,0,0,,109,"[{""word"": ""seen"", ""timed_overlap"": 2, ""column_overlap"": 4}, {""word"": ""bronze-colored"", ""timed_overlap"": 2, ""column_overlap"": 3}, {""word"": ""enchantress"", ""timed_overlap"": 2, ""column_overlap"": 2}, {""word"": ""recalled"", ""timed_overlap"": 2, ""column_overlap"": 2}, {""word"": ""skins"", ""timed_overlap"": 2, ""column_overlap"": 2}]",completed,64,10,45
500,478,proximal-replay,3,and,what,93,93,93,,3,3,1,1,113,136,"[{""word"": ""what"", ""timed_overlap"": 3, ""column_overlap"": 3}, {""word"": ""reserved"", ""timed_overlap"": 2, ""column_overlap"": 3}, {""word"": ""David"", ""timed_overlap"": 2, ""column_overlap"": 3}, {""word"": ""promise"", ""timed_overlap"": 2, ""column_overlap"": 3}, {""word"": ""SAMMY"", ""timed_overlap"": 2, ""column_overlap"": 3}]",completed,55,10,37
500,478,proximal-replay,4,only,pink,95,95,95,,2,3,0,0,,148,"[{""word"": ""pink"", ""timed_overlap"": 2, ""column_overlap"": 3}, {""word"": ""after"", ""timed_overlap"": 2, ""column_overlap"": 3}, {""word"": ""deep"", ""timed_overlap"": 2, ""column_overlap"": 3}, {""word"": ""distance"", ""timed_overlap"": 2, ""column_overlap"": 3}, {""word"": ""drop"", ""timed_overlap"": 2, ""column_overlap"": 2}]",completed,46,10,63
500,479,proximal-replay,1,to,Davy,98,98,98,,2,3,0,0,,137,"[{""word"": ""Davy"", ""timed_overlap"": 2, ""column_overlap"": 3}, {""word"": ""train"", ""timed_overlap"": 2, ""column_overlap"": 3}, {""word"": ""probably"", ""timed_overlap"": 2, ""column_overlap"": 3}, {""word"": ""Queen"", ""timed_overlap"": 2, ""column_overlap"": 2}, {""word"": ""sentence"", ""timed_overlap"": 2, ""column_overlap"": 2}]",completed,73,10,72
500,479,proximal-replay,2,put,Felicity,99,99,99,,2,4,0,0,,113,"[{""word"": ""Felicity"", ""timed_overlap"": 2, ""column_overlap"": 4}, {""word"": ""however"", ""timed_overlap"": 2, ""column_overlap"": 3}, {""word"": ""VI"", ""timed_overlap"": 2, ""column_overlap"": 2}, {""word"": ""touched"", ""timed_overlap"": 1, ""column_overlap"": 4}, {""word"": ""hate"", ""timed_overlap"": 1, ""column_overlap"": 4}]",completed,82,10,54
500,479,proximal-replay,3,off,Marilla,84,84,84,,3,4,0,0,,138,"[{""word"": ""Marilla"", ""timed_overlap"": 3, ""column_overlap"": 4}, {""word"": ""even"", ""timed_overlap"": 2, ""column_overlap"": 3}, {""word"": ""rose"", ""timed_overlap"": 2, ""column_overlap"": 3}, {""word"": ""Grandma"", ""timed_overlap"": 2, ""column_overlap"": 3}, {""word"": ""most"", ""timed_overlap"": 2, ""column_overlap"": 2}]",completed,64,10,63
500,479,proximal-replay,4,disagreeable,experienced,99,99,99,,2,3,1,1,152,152,"[{""word"": ""experienced"", ""timed_overlap"": 2, ""column_overlap"": 3}, {""word"": ""artistic"", ""timed_overlap"": 2, ""column_overlap"": 3}, {""word"": ""take"", ""timed_overlap"": 2, ""column_overlap"": 3}, {""word"": ""rat"", ""timed_overlap"": 2, ""column_overlap"": 3}, {""word"": ""foremost"", ""timed_overlap"": 2, ""column_overlap"": 3}]",completed,73,10,63
500,480,proximal-replay,1,prettier,Straight,100,100,100,,2,2,0,0,,81,"[{""word"": ""Straight"", ""timed_overlap"": 2, ""column_overlap"": 2}, {""word"": ""sustaining"", ""timed_overlap"": 2, ""column_overlap"": 2}, {""word"": ""soon"", ""timed_overlap"": 2, ""column_overlap"": 2}, {""word"": ""Scott"", ""timed_overlap"": 1, ""column_overlap"": 3}, {""word"": ""Messua"", ""timed_overlap"": 1, ""column_overlap"": 3}]",completed,82,10,72
500,480,proximal-replay,2,than,sweet,100,100,100,,2,2,0,0,,77,"[{""word"": ""sweet"", ""timed_overlap"": 2, ""column_overlap"": 2}, {""word"": ""Sir"", ""timed_overlap"": 1, ""column_overlap"": 3}, {""word"": ""new"", ""timed_overlap"": 1, ""column_overlap"": 3}, {""word"": ""an"", ""timed_overlap"": 1, ""column_overlap"": 3}, {""word"": ""Miller"", ""timed_overlap"": 1, ""column_overlap"": 2}]",completed,82,10,72
500,480,proximal-replay,3,ever,denied,100,100,100,,2,2,0,0,,114,"[{""word"": ""denied"", ""timed_overlap"": 2, ""column_overlap"": 2}, {""word"": ""why"", ""timed_overlap"": 1, ""column_overlap"": 3}, {""word"": ""visited"", ""timed_overlap"": 1, ""column_overlap"": 3}, {""word"": ""pity"", ""timed_overlap"": 1, ""column_overlap"": 3}, {""word"": ""egg"", ""timed_overlap"": 1, ""column_overlap"": 3}]",completed,82,10,63
500,480,proximal-replay,4,.,Jumping,99,99,99,,2,4,0,0,,152,"[{""word"": ""Jumping"", ""timed_overlap"": 2, ""column_overlap"": 4}, {""word"": ""She"", ""timed_overlap"": 2, ""column_overlap"": 4}, {""word"": ""right"", ""timed_overlap"": 2, ""column_overlap"": 3}, {""word"": ""I"", ""timed_overlap"": 2, ""column_overlap"": 3}, {""word"": ""Quicksilver"", ""timed_overlap"": 2, ""column_overlap"": 2}]",completed,73,10,63
500,481,proximal-replay,1,some,laid,100,100,100,,2,3,0,0,,97,"[{""word"": ""laid"", ""timed_overlap"": 2, ""column_overlap"": 3}, {""word"": ""Lung"", ""timed_overlap"": 2, ""column_overlap"": 2}, {""word"": ""can"", ""timed_overlap"": 2, ""column_overlap"": 2}, {""word"": ""bait"", ""timed_overlap"": 2, ""column_overlap"": 2}, {""word"": ""heads"", ""timed_overlap"": 1, ""column_overlap"": 4}]",completed,91,10,72
500,481,proximal-replay,2,flowers,Pekoe,97,97,97,,2,4,0,0,,103,"[{""word"": ""Pekoe"", ""timed_overlap"": 2, ""column_overlap"": 4}, {""word"": ""order"", ""timed_overlap"": 2, ""column_overlap"": 3}, {""word"": ""Folk"", ""timed_overlap"": 2, ""column_overlap"": 2}, {""word"": ""petals"", ""timed_overlap"": 2, ""column_overlap"": 2}, {""word"": ""servants"", ""timed_overlap"": 1, ""column_overlap"": 5}]",completed,82,10,63
500,481,proximal-replay,3,to,moving,98,98,98,,2,4,0,0,,118,"[{""word"": ""moving"", ""timed_overlap"": 2, ""column_overlap"": 4}, {""word"": ""Thereupon"", ""timed_overlap"": 2, ""column_overlap"": 3}, {""word"": ""remembering"", ""timed_overlap"": 2, ""column_overlap"": 3}, {""word"": ""milk"", ""timed_overlap"": 2, ""column_overlap"": 2}, {""word"": ""call"", ""timed_overlap"": 1, ""column_overlap"": 4}]",completed,73,10,63
500,481,proximal-replay,4,stick,Pekoe,99,99,99,,2,3,0,0,,102,"[{""word"": ""Pekoe"", ""timed_overlap"": 2, ""column_overlap"": 3}, {""word"": ""as"", ""timed_overlap"": 2, ""column_overlap"": 3}, {""word"": ""exclaimed"", ""timed_overlap"": 2, ""column_overlap"": 2}, {""word"": ""Messua"", ""timed_overlap"": 2, ""column_overlap"": 2}, {""word"": ""if"", ""timed_overlap"": 1, ""column_overlap"": 4}]",completed,73,10,63
500,482,proximal-replay,1,ground,Sometimes,100,100,100,,2,3,0,0,,123,"[{""word"": ""Sometimes"", ""timed_overlap"": 2, ""column_overlap"": 3}, {""word"": ""hive"", ""timed_overlap"": 2, ""column_overlap"": 3}, {""word"": ""Sammy"", ""timed_overlap"": 2, ""column_overlap"": 2}, {""word"": ""tell"", ""timed_overlap"": 2, ""column_overlap"": 2}, {""word"": ""door"", ""timed_overlap"": 2, ""column_overlap"": 2}]",completed,73,10,72
500,482,proximal-replay,2,",",doubly,99,99,99,,2,3,0,0,,124,"[{""word"": ""doubly"", ""timed_overlap"": 2, ""column_overlap"": 3}, {""word"": ""netting"", ""timed_overlap"": 2, ""column_overlap"": 2}, {""word"": ""pity"", ""timed_overlap"": 2, ""column_overlap"": 2}, {""word"": ""tobacco"", ""timed_overlap"": 2, ""column_overlap"": 2}, {""word"": ""Gray"", ""timed_overlap"": 1, ""column_overlap"": 4}]",completed,82,10,63
500,482,proximal-replay,3,and,green,99,99,99,,2,2,0,0,,127,"[{""word"": ""green"", ""timed_overlap"": 2, ""column_overlap"": 2}, {""word"": ""how"", ""timed_overlap"": 2, ""column_overlap"": 2}, {""word"": ""tracks"", ""timed_overlap"": 1, ""column_overlap"": 4}, {""word"": ""Pekoe"", ""timed_overlap"": 1, ""column_overlap"": 3}, {""word"": ""dinner"", ""timed_overlap"": 1, ""column_overlap"": 3}]",completed,73,10,63
500,482,proximal-replay,4,out,DO,93,93,93,,3,3,0,0,,113,"[{""word"": ""DO"", ""timed_overlap"": 3, ""column_overlap"": 3}, {""word"": ""Kindly"", ""timed_overlap"": 2, ""column_overlap"": 3}, {""word"": ""happily"", ""timed_overlap"": 2, ""column_overlap"": 2}, {""word"": ""terrified"", ""timed_overlap"": 2, ""column_overlap"": 2}, {""word"": ""made"", ""timed_overlap"": 1, ""column_overlap"": 3}]",completed,73,10,55
500,483,proximal-replay,1,to,Something,98,98,98,,2,2,2,2,6,111,"[{""word"": ""Something"", ""timed_overlap"": 2, ""column_overlap"": 2}, {""word"": ""foremost"", ""timed_overlap"": 2, ""column_overlap"": 2}, {""word"": ""Taffy"", ""timed_overlap"": 2, ""column_overlap"": 2}, {""word"": ""Trevor"", ""timed_overlap"": 2, ""column_overlap"": 2}, {""word"": ""should"", ""timed_overlap"": 2, ""column_overlap"": 2}]",completed,82,10,63
500,483,proximal-replay,2,Elizabeth,visored,97,97,97,,2,3,0,0,,109,"[{""word"": ""visored"", ""timed_overlap"": 2, ""column_overlap"": 3}, {""word"": ""tore"", ""timed_overlap"": 2, ""column_overlap"": 3}, {""word"": ""ones"", ""timed_overlap"": 2, ""column_overlap"": 3}, {""word"": ""Murray"", ""timed_overlap"": 2, ""column_overlap"": 2}, {""word"": ""use"", ""timed_overlap"": 2, ""column_overlap"": 2}]",completed,73,10,72
500,483,proximal-replay,3,and,concluded,99,99,99,,2,4,0,0,,128,"[{""word"": ""concluded"", ""timed_overlap"": 2, ""column_overlap"": 4}, {""word"": ""instead"", ""timed_overlap"": 2, ""column_overlap"": 3}, {""word"": ""yonder"", ""timed_overlap"": 1, ""column_overlap"": 4}, {""word"": ""better"", ""timed_overlap"": 1, ""column_overlap"": 4}, {""word"": ""marriage"", ""timed_overlap"": 1, ""column_overlap"": 3}]",completed,82,10,63
500,483,proximal-replay,4,asked,soft,96,96,96,,2,3,0,0,,120,"[{""word"": ""soft"", ""timed_overlap"": 2, ""column_overlap"": 3}, {""word"": ""mercy"", ""timed_overlap"": 2, ""column_overlap"": 3}, {""word"": ""breath"", ""timed_overlap"": 2, ""column_overlap"": 3}, {""word"": ""never"", ""timed_overlap"": 2, ""column_overlap"": 3}, {""word"": ""put"", ""timed_overlap"": 2, ""column_overlap"": 2}]",completed,73,10,72
500,484,proximal-replay,1,here,enchanted,99,99,99,,2,3,2,2,8,127,"[{""word"": ""enchanted"", ""timed_overlap"": 2, ""column_overlap"": 3}, {""word"": ""Thus"", ""timed_overlap"": 2, ""column_overlap"": 3}, {""word"": ""Our"", ""timed_overlap"": 2, ""column_overlap"": 3}, {""word"": ""ruin"", ""timed_overlap"": 2, ""column_overlap"": 2}, {""word"": ""Unc"", ""timed_overlap"": 2, ""column_overlap"": 2}]",completed,91,10,72
500,484,proximal-replay,2,",",at,96,96,96,,3,3,0,0,,144,"[{""word"": ""at"", ""timed_overlap"": 3, ""column_overlap"": 3}, {""word"": ""grotto"", ""timed_overlap"": 2, ""column_overlap"": 2}, {""word"": ""Abel"", ""timed_overlap"": 2, ""column_overlap"": 2}, {""word"": ""Jumping"", ""timed_overlap"": 2, ""column_overlap"": 2}, {""word"": ""fair"", ""timed_overlap"": 2, ""column_overlap"": 2}]",completed,82,10,54
500,484,proximal-replay,3,it,moving,100,100,100,,2,4,0,0,,114,"[{""word"": ""moving"", ""timed_overlap"": 2, ""column_overlap"": 4}, {""word"": ""Play"", ""timed_overlap"": 2, ""column_overlap"": 3}, {""word"": ""?"", ""timed_overlap"": 2, ""column_overlap"": 2}, {""word"": ""Lapsing"", ""timed_overlap"": 2, ""column_overlap"": 2}, {""word"": ""washerman"", ""timed_overlap"": 2, ""column_overlap"": 2}]",completed,64,10,63
500,484,proximal-replay,4,seems,as,99,99,99,,2,3,0,0,,102,"[{""word"": ""as"", ""timed_overlap"": 2, ""column_overlap"": 3}, {""word"": ""Pekoe"", ""timed_overlap"": 2, ""column_overlap"": 3}, {""word"": ""Messua"", ""timed_overlap"": 2, ""column_overlap"": 2}, {""word"": ""exclaimed"", ""timed_overlap"": 2, ""column_overlap"": 2}, {""word"": ""statelier"", ""timed_overlap"": 1, ""column_overlap"": 4}]",completed,73,10,72
500,485,proximal-replay,1,noticed,She,100,100,100,,2,2,0,0,,110,"[{""word"": ""She"", ""timed_overlap"": 2, ""column_overlap"": 2}, {""word"": ""''"", ""timed_overlap"": 2, ""column_overlap"": 2}, {""word"": ""own"", ""timed_overlap"": 1, ""column_overlap"": 4}, {""word"": ""care"", ""timed_overlap"": 1, ""column_overlap"": 4}, {""word"": ""those"", ""timed_overlap"": 1, ""column_overlap"": 4}]",completed,91,10,72
500,485,proximal-replay,2,the,afford,99,99,99,,2,4,0,0,,94,"[{""word"": ""afford"", ""timed_overlap"": 2, ""column_overlap"": 4}, {""word"": ""Carrots"", ""timed_overlap"": 2, ""column_overlap"": 3}, {""word"": ""WATCH"", ""timed_overlap"": 2, ""column_overlap"": 2}, {""word"": ""Hugh"", ""timed_overlap"": 2, ""column_overlap"": 2}, {""word"": ""little"", ""timed_overlap"": 1, ""column_overlap"": 4}]",completed,82,10,63
500,485,proximal-replay,3,Story,lips,97,97,97,,2,3,0,0,,122,"[{""word"": ""lips"", ""timed_overlap"": 2, ""column_overlap"": 3}, {""word"": ""afford"", ""timed_overlap"": 2, ""column_overlap"": 3}, {""word"": ""master"", ""timed_overlap"": 2, ""column_overlap"": 2}, {""word"": ""guess"", ""timed_overlap"": 2, ""column_overlap"": 2}, {""word"": ""yesterday"", ""timed_overlap"": 2, ""column_overlap"": 2}]",completed,73,10,64
500,485,proximal-replay,4,Girl,Janet,97,97,97,,2,3,0,0,,131,"[{""word"": ""Janet"", ""timed_overlap"": 2, ""column_overlap"": 3}, {""word"": ""tickled"", ""timed_overlap"": 2, ""column_overlap"": 3}, {""word"": ""mother"", ""timed_overlap"": 2, ""column_overlap"": 3}, {""word"": ""concluded"", ""timed_overlap"": 2, ""column_overlap"": 3}, {""word"": ""Peerless"", ""timed_overlap"": 2, ""column_overlap"": 2}]",completed,73,10,73
500,486,proximal-replay,1,the,pride,100,100,100,,2,3,1,2,39,130,"[{""word"": ""pride"", ""timed_overlap"": 2, ""column_overlap"": 3}, {""word"": ""that"", ""timed_overlap"": 2, ""column_overlap"": 3}, {""word"": ""need"", ""timed_overlap"": 2, ""column_overlap"": 3}, {""word"": ""gallant"", ""timed_overlap"": 2, ""column_overlap"": 2}, {""word"": ""major"", ""timed_overlap"": 2, ""column_overlap"": 2}]",completed,73,10,63
500,486,proximal-replay,2,church,departs,98,98,98,,2,4,0,0,,104,"[{""word"": ""departs"", ""timed_overlap"": 2, ""column_overlap"": 4}, {""word"": ""chance"", ""timed_overlap"": 2, ""column_overlap"": 3}, {""word"": ""mount"", ""timed_overlap"": 2, ""column_overlap"": 2}, {""word"": ""whistle"", ""timed_overlap"": 2, ""column_overlap"": 2}, {""word"": ""marry"", ""timed_overlap"": 2, ""column_overlap"": 2}]",completed,73,10,64
500,486,proximal-replay,3,",",strange,98,98,98,,2,5,0,0,,137,"[{""word"": ""strange"", ""timed_overlap"": 2, ""column_overlap"": 5}, {""word"": ""approve"", ""timed_overlap"": 2, ""column_overlap"": 3}, {""word"": ""accounts"", ""timed_overlap"": 2, ""column_overlap"": 2}, {""word"": ""Scrooge"", ""timed_overlap"": 2, ""column_overlap"": 2}, {""word"": ""people"", ""timed_overlap"": 2, ""column_overlap"": 2}]",completed,73,10,72
500,486,proximal-replay,4,but,married,100,100,100,,2,3,0,0,,138,"[{""word"": ""married"", ""timed_overlap"": 2, ""column_overlap"": 3}, {""word"": ""spur"", ""timed_overlap"": 2, ""column_overlap"": 3}, {""word"": ""none"", ""timed_overlap"": 2, ""column_overlap"": 3}, {""word"": ""youth"", ""timed_overlap"": 2, ""column_overlap"": 2}, {""word"": ""us"", ""timed_overlap"": 2, ""column_overlap"": 2}]",completed,82,10,72
500,487,proximal-replay,1,hot,heard,100,100,100,,3,3,0,0,,113,"[{""word"": ""heard"", ""timed_overlap"": 3, ""column_overlap"": 3}, {""word"": ""Pekoe"", ""timed_overlap"": 2, ""column_overlap"": 4}, {""word"": ""catechism"", ""timed_overlap"": 2, ""column_overlap"": 3}, {""word"": ""and"", ""timed_overlap"": 2, ""column_overlap"": 2}, {""word"": ""too"", ""timed_overlap"": 2, ""column_overlap"": 2}]",completed,73,10,63
500,487,proximal-replay,2,from,ma'am,97,97,97,,2,4,0,0,,97,"[{""word"": ""ma'am"", ""timed_overlap"": 2, ""column_overlap"": 4}, {""word"": ""frozen"", ""timed_overlap"": 2, ""column_overlap"": 3}, {""word"": ""forbidden"", ""timed_overlap"": 1, ""column_overlap"": 4}, {""word"": ""busybodies"", ""timed_overlap"": 1, ""column_overlap"": 3}, {""word"": ""quaggi"", ""timed_overlap"": 1, ""column_overlap"": 3}]",completed,73,10,63
500,487,proximal-replay,3,the,Sometimes,100,100,100,,2,3,0,0,,126,"[{""word"": ""Sometimes"", ""timed_overlap"": 2, ""column_overlap"": 3}, {""word"": ""Wendy"", ""timed_overlap"": 2, ""column_overlap"": 3}, {""word"": ""king"", ""timed_overlap"": 2, ""column_overlap"": 3}, {""word"": ""took"", ""timed_overlap"": 2, ""column_overlap"": 2}, {""word"": ""while"", ""timed_overlap"": 2, ""column_overlap"": 2}]",completed,73,10,72
500,487,proximal-replay,4,long,doubly,97,97,97,,2,3,0,0,,129,"[{""word"": ""doubly"", ""timed_overlap"": 2, ""column_overlap"": 3}, {""word"": ""brave"", ""timed_overlap"": 2, ""column_overlap"": 3}, {""word"": ""of"", ""timed_overlap"": 2, ""column_overlap"": 3}, {""word"": ""turning"", ""timed_overlap"": 2, ""column_overlap"": 2}, {""word"": ""laughed"", ""timed_overlap"": 1, ""column_overlap"": 4}]",completed,82,10,72
500,488,proximal-replay,1,the,soft,100,100,100,,2,2,0,0,,113,"[{""word"": ""soft"", ""timed_overlap"": 2, ""column_overlap"": 2}, {""word"": ""people"", ""timed_overlap"": 2, ""column_overlap"": 2}, {""word"": ""Schmidt"", ""timed_overlap"": 1, ""column_overlap"": 4}, {""word"": ""felt"", ""timed_overlap"": 1, ""column_overlap"": 4}, {""word"": ""butter"", ""timed_overlap"": 1, ""column_overlap"": 3}]",completed,82,10,63
500,488,proximal-replay,2,hive,mud,91,91,91,,4,4,0,0,,130,"[{""word"": ""mud"", ""timed_overlap"": 4, ""column_overlap"": 4}, {""word"": ""pen"", ""timed_overlap"": 2, ""column_overlap"": 4}, {""word"": ""feeling"", ""timed_overlap"": 2, ""column_overlap"": 4}, {""word"": ""XV"", ""timed_overlap"": 2, ""column_overlap"": 3}, {""word"": ""smoothly"", ""timed_overlap"": 2, ""column_overlap"": 2}]",completed,73,10,45
500,488,proximal-replay,3,",",minister,94,94,94,,2,3,0,0,,148,"[{""word"": ""minister"", ""timed_overlap"": 2, ""column_overlap"": 3}, {""word"": ""settle"", ""timed_overlap"": 2, ""column_overlap"": 3}, {""word"": ""On"", ""timed_overlap"": 2, ""column_overlap"": 3}, {""word"": ""teach"", ""timed_overlap"": 2, ""column_overlap"": 3}, {""word"": ""added"", ""timed_overlap"": 2, ""column_overlap"": 3}]",completed,55,10,63
500,488,proximal-replay,4,'',closing,100,100,100,,2,3,0,0,,133,"[{""word"": ""closing"", ""timed_overlap"": 2, ""column_overlap"": 3}, {""word"": ""make"", ""timed_overlap"": 2, ""column_overlap"": 3}, {""word"": ""Messua"", ""timed_overlap"": 2, ""column_overlap"": 3}, {""word"": ""Hippocrates"", ""timed_overlap"": 2, ""column_overlap"": 2}, {""word"": ""harmless"", ""timed_overlap"": 1, ""column_overlap"": 4}]",completed,73,10,72
500,489,proximal-replay,1,but,he,100,100,100,,2,2,0,0,,121,"[{""word"": ""he"", ""timed_overlap"": 2, ""column_overlap"": 2}, {""word"": ""''"", ""timed_overlap"": 2, ""column_overlap"": 2}, {""word"": ""those"", ""timed_overlap"": 1, ""column_overlap"": 4}, {""word"": ""inches"", ""timed_overlap"": 1, ""column_overlap"": 4}, {""word"": ""'re"", ""timed_overlap"": 1, ""column_overlap"": 3}]",completed,82,10,45
500,489,proximal-replay,2,",",reluctantly,100,100,100,,2,3,1,1,51,100,"[{""word"": ""reluctantly"", ""timed_overlap"": 2, ""column_overlap"": 3}, {""word"": ""ogress"", ""timed_overlap"": 2, ""column_overlap"": 3}, {""word"": ""o"", ""timed_overlap"": 2, ""column_overlap"": 2}, {""word"": ""check"", ""timed_overlap"": 2, ""column_overlap"": 2}, {""word"": ""was"", ""timed_overlap"": 2, ""column_overlap"": 2}]",completed,55,10,72
500,489,proximal-replay,3,lord,morning,99,99,99,,2,3,0,0,,121,"[{""word"": ""morning"", ""timed_overlap"": 2, ""column_overlap"": 3}, {""word"": ""give"", ""timed_overlap"": 2, ""column_overlap"": 2}, {""word"": ""impudent"", ""timed_overlap"": 2, ""column_overlap"": 2}, {""word"": ""Gallipoli"", ""timed_overlap"": 2, ""column_overlap"": 2}, {""word"": ""roar"", ""timed_overlap"": 1, ""column_overlap"": 4}]",completed,82,10,63
500,489,proximal-replay,4,",",sweetens,99,99,99,,3,3,0,0,,150,"[{""word"": ""sweetens"", ""timed_overlap"": 3, ""column_overlap"": 3}, {""word"": ""knows"", ""timed_overlap"": 2, ""column_overlap"": 4}, {""word"": ""resisted"", ""timed_overlap"": 2, ""column_overlap"": 3}, {""word"": ""cats"", ""timed_overlap"": 2, ""column_overlap"": 3}, {""word"": ""eaten"", ""timed_overlap"": 2, ""column_overlap"": 3}]",completed,73,10,36
500,490,proximal-replay,1,her,imps,98,98,98,,2,3,1,1,59,106,"[{""word"": ""imps"", ""timed_overlap"": 2, ""column_overlap"": 3}, {""word"": ""frog"", ""timed_overlap"": 2, ""column_overlap"": 3}, {""word"": ""said"", ""timed_overlap"": 1, ""column_overlap"": 3}, {""word"": ""stylish"", ""timed_overlap"": 1, ""column_overlap"": 3}, {""word"": ""Ida"", ""timed_overlap"": 1, ""column_overlap"": 3}]",completed,91,10,72
500,490,proximal-replay,2,in,tickled,96,96,96,,2,3,0,0,,117,"[{""word"": ""tickled"", ""timed_overlap"": 2, ""column_overlap"": 3}, {""word"": ""nor"", ""timed_overlap"": 2, ""column_overlap"": 2}, {""word"": ""Abel"", ""timed_overlap"": 2, ""column_overlap"": 2}, {""word"": ""willing"", ""timed_overlap"": 2, ""column_overlap"": 2}, {""word"": ""shrugged"", ""timed_overlap"": 2, ""column_overlap"": 2}]",completed,82,10,72
500,490,proximal-replay,3,",",drawing,98,98,98,,3,4,1,2,59,118,"[{""word"": ""drawing"", ""timed_overlap"": 3, ""column_overlap"": 4}, {""word"": ""intended"", ""timed_overlap"": 2, ""column_overlap"": 3}, {""word"": ""round"", ""timed_overlap"": 2, ""column_overlap"": 3}, {""word"": ""should"", ""timed_overlap"": 2, ""column_overlap"": 3}, {""word"": ""able"", ""timed_overlap"": 2, ""column_overlap"": 2}]",completed,82,10,64
500,490,proximal-replay,4,and,Beautiful,99,99,99,,2,2,0,0,,93,"[{""word"": ""Beautiful"", ""timed_overlap"": 2, ""column_overlap"": 2}, {""word"": ""remembered"", ""timed_overlap"": 2, ""column_overlap"": 2}, {""word"": ""Then"", ""timed_overlap"": 2, ""column_overlap"": 2}, {""word"": ""sat"", ""timed_overlap"": 1, ""column_overlap"": 3}, {""word"": ""Clow"", ""timed_overlap"": 1, ""column_overlap"": 3}]",completed,73,10,72
500,491,proximal-replay,1,",",return,100,100,100,,2,4,0,0,,116,"[{""word"": ""return"", ""timed_overlap"": 2, ""column_overlap"": 4}, {""word"": ""soon"", ""timed_overlap"": 2, ""column_overlap"": 2}, {""word"": ""yonder"", ""timed_overlap"": 1, ""column_overlap"": 4}, {""word"": ""remorsefully"", ""timed_overlap"": 1, ""column_overlap"": 4}, {""word"": ""flies"", ""timed_overlap"": 1, ""column_overlap"": 3}]",completed,73,10,63
500,491,proximal-replay,2,began,witch,100,100,100,,2,3,0,0,,103,"[{""word"": ""witch"", ""timed_overlap"": 2, ""column_overlap"": 3}, {""word"": ""ran"", ""timed_overlap"": 2, ""column_overlap"": 2}, {""word"": ""herring"", ""timed_overlap"": 1, ""column_overlap"": 4}, {""word"": ""Thorny"", ""timed_overlap"": 1, ""column_overlap"": 3}, {""word"": ""dress"", ""timed_overlap"": 1, ""column_overlap"": 3}]",completed,73,10,72
500,491,proximal-replay,3,to,must,100,100,100,,2,2,0,0,,134,"[{""word"": ""must"", ""timed_overlap"": 2, ""column_overlap"": 2}, {""word"": ""jewels"", ""timed_overlap"": 2, ""column_overlap"": 2}, {""word"": ""simply"", ""timed_overlap"": 2, ""column_overlap"": 2}, {""word"": ""people"", ""timed_overlap"": 2, ""column_overlap"": 2}, {""word"": ""Fellow"", ""timed_overlap"": 2, ""column_overlap"": 2}]",completed,82,10,72
500,491,proximal-replay,4,whistle,shall,99,99,99,,3,3,0,0,,129,"[{""word"": ""shall"", ""timed_overlap"": 3, ""column_overlap"": 3}, {""word"": ""beauty"", ""timed_overlap"": 2, ""column_overlap"": 4}, {""word"": ""can"", ""timed_overlap"": 2, ""column_overlap"": 4}, {""word"": ""They"", ""timed_overlap"": 2, ""column_overlap"": 3}, {""word"": ""dragging"", ""timed_overlap"": 2, ""column_overlap"": 2}]",completed,82,10,54
500,492,proximal-replay,1,the,Pekoe,100,100,100,,2,4,0,0,,115,"[{""word"": ""Pekoe"", ""timed_overlap"": 2, ""column_overlap"": 4}, {""word"": ""heard"", ""timed_overlap"": 2, ""column_overlap"": 3}, {""word"": ""too"", ""timed_overlap"": 2, ""column_overlap"": 2}, {""word"": ""and"", ""timed_overlap"": 2, ""column_overlap"": 2}, {""word"": ""beckoned"", ""timed_overlap"": 1, ""column_overlap"": 3}]",completed,73,10,63
500,492,proximal-replay,2,bright,wo,100,100,100,,2,3,0,0,,123,"[{""word"": ""wo"", ""timed_overlap"": 2, ""column_overlap"": 3}, {""word"": ""clothes"", ""timed_overlap"": 2, ""column_overlap"": 2}, {""word"": ""bared"", ""timed_overlap"": 2, ""column_overlap"": 2}, {""word"": ""eagerly"", ""timed_overlap"": 2, ""column_overlap"": 2}, {""word"": ""!"", ""timed_overlap"": 1, ""column_overlap"": 4}]",completed,73,10,63
500,492,proximal-replay,3,silver,mother-bird,96,96,96,,2,3,0,0,,110,"[{""word"": ""mother-bird"", ""timed_overlap"": 2, ""column_overlap"": 3}, {""word"": ""Matthew"", ""timed_overlap"": 2, ""column_overlap"": 3}, {""word"": ""ones"", ""timed_overlap"": 2, ""column_overlap"": 3}, {""word"": ""breath"", ""timed_overlap"": 2, ""column_overlap"": 2}, {""word"": ""Bull"", ""timed_overlap"": 2, ""column_overlap"": 2}]",completed,73,10,73
500,492,proximal-replay,4,walls,confidences,100,100,100,,2,2,0,0,,119,"[{""word"": ""confidences"", ""timed_overlap"": 2, ""column_overlap"": 2}, {""word"": ""going"", ""timed_overlap"": 2, ""column_overlap"": 2}, {""word"": ""turned"", ""timed_overlap"": 2, ""column_overlap"": 2}, {""word"": ""Please"", ""timed_overlap"": 2, ""column_overlap"": 2}, {""word"": ""Lawful"", ""timed_overlap"": 1, ""column_overlap"": 4}]",completed,82,10,72
500,493,proximal-replay,1,out,hopelessly,95,95,95,,2,4,0,0,,121,"[{""word"": ""hopelessly"", ""timed_overlap"": 2, ""column_overlap"": 4}, {""word"": ""awake"", ""timed_overlap"": 2, ""column_overlap"": 3}, {""word"": ""Blair"", ""timed_overlap"": 2, ""column_overlap"": 3}, {""word"": ""hate"", ""timed_overlap"": 2, ""column_overlap"": 2}, {""word"": ""newspapers"", ""timed_overlap"": 2, ""column_overlap"": 2}]",completed,73,10,63
500,493,proximal-replay,2,into,think,99,99,99,,3,5,0,0,,124,"[{""word"": ""think"", ""timed_overlap"": 3, ""column_overlap"": 5}, {""word"": ""sweet"", ""timed_overlap"": 2, ""column_overlap"": 4}, {""word"": ""So"", ""timed_overlap"": 2, ""column_overlap"": 3}, {""word"": ""concluded"", ""timed_overlap"": 2, ""column_overlap"": 3}, {""word"": ""Miss"", ""timed_overlap"": 2, ""column_overlap"": 3}]",completed,73,10,54
500,493,proximal-replay,3,the,of,96,96,96,,2,4,0,0,,151,"[{""word"": ""of"", ""timed_overlap"": 2, ""column_overlap"": 4}, {""word"": ""money"", ""timed_overlap"": 2, ""column_overlap"": 4}, {""word"": ""Now"", ""timed_overlap"": 2, ""column_overlap"": 3}, {""word"": ""obstinate"", ""timed_overlap"": 2, ""column_overlap"": 3}, {""word"": ""quaggi"", ""timed_overlap"": 2, ""column_overlap"": 3}]",completed,64,10,45
500,493,proximal-replay,4,water,Priscilla,99,99,99,,2,5,1,2,62,154,"[{""word"": ""Priscilla"", ""timed_overlap"": 2, ""column_overlap"": 5}, {""word"": ""mercy"", ""timed_overlap"": 2, ""column_overlap"": 4}, {""word"": ""desert"", ""timed_overlap"": 2, ""column_overlap"": 3}, {""word"": ""remarked"", ""timed_overlap"": 2, ""column_overlap"": 3}, {""word"": ""axe"", ""timed_overlap"": 2, ""column_overlap"": 3}]",completed,55,10,72
500,494,proximal-replay,1,sister,gone,98,98,98,,3,3,0,0,,115,"[{""word"": ""gone"", ""timed_overlap"": 3, ""column_overlap"": 3}, {""word"": ""pay"", ""timed_overlap"": 2, ""column_overlap"": 3}, {""word"": ""maiden"", ""timed_overlap"": 2, ""column_overlap"": 2}, {""word"": ""Look"", ""timed_overlap"": 2, ""column_overlap"": 2}, {""word"": ""WATCH"", ""timed_overlap"": 2, ""column_overlap"": 2}]",completed,82,10,63
500,494,proximal-replay,2,the,planned,98,98,98,,2,3,0,0,,67,"[{""word"": ""planned"", ""timed_overlap"": 2, ""column_overlap"": 3}, {""word"": ""parents"", ""timed_overlap"": 1, ""column_overlap"": 3}, {""word"": ""beautifully"", ""timed_overlap"": 1, ""column_overlap"": 3}, {""word"": ""Meanwhile"", ""timed_overlap"": 1, ""column_overlap"": 2}, {""word"": ""ago"", ""timed_overlap"": 1, ""column_overlap"": 2}]",completed,73,10,54
500,494,proximal-replay,3,frog,disrepitable,94,94,94,,2,3,0,0,,141,"[{""word"": ""disrepitable"", ""timed_overlap"": 2, ""column_overlap"": 3}, {""word"": ""Davy"", ""timed_overlap"": 2, ""column_overlap"": 3}, {""word"": ""delighted"", ""timed_overlap"": 2, ""column_overlap"": 3}, {""word"": ""hear"", ""timed_overlap"": 2, ""column_overlap"": 3}, {""word"": ""Fellow"", ""timed_overlap"": 2, ""column_overlap"": 2}]",completed,64,10,72
500,494,proximal-replay,4,",",Murray,98,98,98,,3,3,0,0,,98,"[{""word"": ""Murray"", ""timed_overlap"": 3, ""column_overlap"": 3}, {""word"": ""Louisa"", ""timed_overlap"": 2, ""column_overlap"": 3}, {""word"": ""Just"", ""timed_overlap"": 2, ""column_overlap"": 3}, {""word"": ""Please"", ""timed_overlap"": 2, ""column_overlap"": 3}, {""word"": ""apart"", ""timed_overlap"": 1, ""column_overlap"": 4}]",completed,82,10,54
500,495,proximal-replay,1,very,lonesome,100,100,100,,2,4,0,0,,113,"[{""word"": ""lonesome"", ""timed_overlap"": 2, ""column_overlap"": 4}, {""word"": ""sight"", ""timed_overlap"": 2, ""column_overlap"": 2}, {""word"": ""by"", ""timed_overlap"": 2, ""column_overlap"": 2}, {""word"": ""price"", ""timed_overlap"": 2, ""column_overlap"": 2}, {""word"": ""Joseph"", ""timed_overlap"": 2, ""column_overlap"": 2}]",completed,73,10,72
500,495,proximal-replay,2,poor,Pekoe,98,98,98,,2,2,0,0,,95,"[{""word"": ""Pekoe"", ""timed_overlap"": 2, ""column_overlap"": 2}, {""word"": ""half"", ""timed_overlap"": 1, ""column_overlap"": 3}, {""word"": ""Ben"", ""timed_overlap"": 1, ""column_overlap"": 3}, {""word"": ""hall"", ""timed_overlap"": 1, ""column_overlap"": 2}, {""word"": ""into"", ""timed_overlap"": 1, ""column_overlap"": 2}]",completed,82,10,73
500,495,proximal-replay,3,reason,SAMMY,100,100,100,,2,4,0,0,,130,"[{""word"": ""SAMMY"", ""timed_overlap"": 2, ""column_overlap"": 4}, {""word"": ""bared"", ""timed_overlap"": 2, ""column_overlap"": 2}, {""word"": ""better"", ""timed_overlap"": 2, ""column_overlap"": 2}, {""word"": ""clothes"", ""timed_overlap"": 2, ""column_overlap"": 2}, {""word"": ""danced"", ""timed_overlap"": 1, ""column_overlap"": 3}]",completed,82,10,63
500,495,proximal-replay,4,",",others,100,100,100,,2,3,0,0,,120,"[{""word"": ""others"", ""timed_overlap"": 2, ""column_overlap"": 3}, {""word"": ""marriage"", ""timed_overlap"": 2, ""column_overlap"": 3}, {""word"": ""fought"", ""timed_overlap"": 2, ""column_overlap"": 3}, {""word"": ""opening"", ""timed_overlap"": 2, ""column_overlap"": 3}, {""word"": ""walls"", ""timed_overlap"": 2, ""column_overlap"": 2}]",completed,73,10,72
500,496,proximal-replay,1,Italy,lord,98,98,98,,2,4,0,0,,112,"[{""word"": ""lord"", ""timed_overlap"": 2, ""column_overlap"": 4}, {""word"": ""dinner"", ""timed_overlap"": 2, ""column_overlap"": 3}, {""word"": ""happened"", ""timed_overlap"": 2, ""column_overlap"": 2}, {""word"": ""king"", ""timed_overlap"": 2, ""column_overlap"": 2}, {""word"": ""wand"", ""timed_overlap"": 1, ""column_overlap"": 3}]",completed,73,10,63
500,496,proximal-replay,2,that,danced,94,94,94,,3,3,0,0,,130,"[{""word"": ""danced"", ""timed_overlap"": 3, ""column_overlap"": 3}, {""word"": ""by"", ""timed_overlap"": 2, ""column_overlap"": 3}, {""word"": ""spur"", ""timed_overlap"": 2, ""column_overlap"": 3}, {""word"": ""Thorny"", ""timed_overlap"": 2, ""column_overlap"": 3}, {""word"": ""air"", ""timed_overlap"": 2, ""column_overlap"": 2}]",completed,73,10,54
500,496,proximal-replay,3,she,hope,100,100,100,,2,2,0,0,,127,"[{""word"": ""hope"", ""timed_overlap"": 2, ""column_overlap"": 2}, {""word"": ""April"", ""timed_overlap"": 1, ""column_overlap"": 4}, {""word"": ""wo"", ""timed_overlap"": 1, ""column_overlap"": 4}, {""word"": ""Meredith"", ""timed_overlap"": 1, ""column_overlap"": 4}, {""word"": ""sigh"", ""timed_overlap"": 1, ""column_overlap"": 3}]",completed,64,10,63
500,496,proximal-replay,4,has,bared,98,98,98,,2,3,0,0,,147,"[{""word"": ""bared"", ""timed_overlap"": 2, ""column_overlap"": 3}, {""word"": ""excluded"", ""timed_overlap"": 2, ""column_overlap"": 3}, {""word"": ""forbidden"", ""timed_overlap"": 2, ""column_overlap"": 3}, {""word"": ""craoudin"", ""timed_overlap"": 2, ""column_overlap"": 2}, {""word"": ""--"", ""timed_overlap"": 2, ""column_overlap"": 2}]",completed,73,10,54
500,497,proximal-replay,1,night,night,99,99,99,,3,3,3,3,1,123,"[{""word"": ""night"", ""timed_overlap"": 3, ""column_overlap"": 3}, {""word"": ""Nature"", ""timed_overlap"": 2, ""column_overlap"": 2}, {""word"": ""wish"", ""timed_overlap"": 2, ""column_overlap"": 2}, {""word"": ""lean"", ""timed_overlap"": 2, ""column_overlap"": 2}, {""word"": ""twilight"", ""timed_overlap"": 2, ""column_overlap"": 2}]",completed,73,10,54
500,497,proximal-replay,2,in,fixed,96,96,96,,2,3,1,1,132,138,"[{""word"": ""fixed"", ""timed_overlap"": 2, ""column_overlap"": 3}, {""word"": ""stories"", ""timed_overlap"": 2, ""column_overlap"": 3}, {""word"": ""only"", ""timed_overlap"": 2, ""column_overlap"": 2}, {""word"": ""time"", ""timed_overlap"": 2, ""column_overlap"": 2}, {""word"": ""stick"", ""timed_overlap"": 2, ""column_overlap"": 2}]",completed,64,10,54
500,497,proximal-replay,3,April,Mother,95,95,95,,3,3,0,0,,141,"[{""word"": ""Mother"", ""timed_overlap"": 3, ""column_overlap"": 3}, {""word"": ""glazed"", ""timed_overlap"": 2, ""column_overlap"": 3}, {""word"": ""Sometimes"", ""timed_overlap"": 2, ""column_overlap"": 3}, {""word"": ""thoughts"", ""timed_overlap"": 2, ""column_overlap"": 3}, {""word"": ""red"", ""timed_overlap"": 2, ""column_overlap"": 2}]",completed,64,10,63
500,497,proximal-replay,4,when,knew,98,98,98,,3,4,0,0,,149,"[{""word"": ""knew"", ""timed_overlap"": 3, ""column_overlap"": 4}, {""word"": ""tongue"", ""timed_overlap"": 2, ""column_overlap"": 3}, {""word"": ""underneath"", ""timed_overlap"": 2, ""column_overlap"": 2}, {""word"": ""Next"", ""timed_overlap"": 2, ""column_overlap"": 2}, {""word"": ""Old"", ""timed_overlap"": 2, ""column_overlap"": 2}]",completed,73,10,63
500,498,proximal-replay,1,n't,confessed,100,100,100,,2,3,1,1,76,110,"[{""word"": ""confessed"", ""timed_overlap"": 2, ""column_overlap"": 3}, {""word"": ""Half"", ""timed_overlap"": 2, ""column_overlap"": 2}, {""word"": ""not"", ""timed_overlap"": 2, ""column_overlap"": 2}, {""word"": ""Marsch"", ""timed_overlap"": 1, ""column_overlap"": 4}, {""word"": ""lie"", ""timed_overlap"": 1, ""column_overlap"": 4}]",completed,91,10,72
500,498,proximal-replay,2,take,visited,100,100,100,,2,2,0,0,,86,"[{""word"": ""visited"", ""timed_overlap"": 2, ""column_overlap"": 2}, {""word"": ""looked"", ""timed_overlap"": 1, ""column_overlap"": 3}, {""word"": ""forgotten"", ""timed_overlap"": 1, ""column_overlap"": 3}, {""word"": ""rat"", ""timed_overlap"": 1, ""column_overlap"": 3}, {""word"": ""tickled"", ""timed_overlap"": 1, ""column_overlap"": 3}]",completed,82,10,63
500,498,proximal-replay,3,'em,tale,97,97,97,,2,3,0,0,,126,"[{""word"": ""tale"", ""timed_overlap"": 2, ""column_overlap"": 3}, {""word"": ""Jo"", ""timed_overlap"": 2, ""column_overlap"": 2}, {""word"": ""POSSUM"", ""timed_overlap"": 2, ""column_overlap"": 2}, {""word"": ""wish"", ""timed_overlap"": 2, ""column_overlap"": 2}, {""word"": ""lamp"", ""timed_overlap"": 2, ""column_overlap"": 2}]",completed,73,10,73
500,498,proximal-replay,4,",",Douglas,100,100,100,,2,2,1,1,27,75,"[{""word"": ""Douglas"", ""timed_overlap"": 2, ""column_overlap"": 2}, {""word"": ""appeared"", ""timed_overlap"": 1, ""column_overlap"": 4}, {""word"": ""hive"", ""timed_overlap"": 1, ""column_overlap"": 3}, {""word"": ""filled"", ""timed_overlap"": 1, ""column_overlap"": 2}, {""word"": ""just"", ""timed_overlap"": 1, ""column_overlap"": 2}]",completed,82,10,63
500,499,proximal-replay,1,glazed,how,100,100,100,,2,3,1,2,14,120,"[{""word"": ""how"", ""timed_overlap"": 2, ""column_overlap"": 3}, {""word"": ""succeeded"", ""timed_overlap"": 2, ""column_overlap"": 3}, {""word"": ""faults"", ""timed_overlap"": 2, ""column_overlap"": 2}, {""word"": ""running"", ""timed_overlap"": 2, ""column_overlap"": 2}, {""word"": ""approved"", ""timed_overlap"": 2, ""column_overlap"": 2}]",completed,73,10,63
500,499,proximal-replay,2,eyes,smile,100,100,100,,2,4,0,0,,143,"[{""word"": ""smile"", ""timed_overlap"": 2, ""column_overlap"": 4}, {""word"": ""snow"", ""timed_overlap"": 2, ""column_overlap"": 3}, {""word"": ""threw"", ""timed_overlap"": 2, ""column_overlap"": 3}, {""word"": ""Every"", ""timed_overlap"": 2, ""column_overlap"": 3}, {""word"": ""Jo"", ""timed_overlap"": 2, ""column_overlap"": 2}]",completed,73,10,72
500,499,proximal-replay,3,in,But,98,98,98,,3,3,0,0,,135,"[{""word"": ""But"", ""timed_overlap"": 3, ""column_overlap"": 3}, {""word"": ""Ideal"", ""timed_overlap"": 2, ""column_overlap"": 3}, {""word"": ""bag"", ""timed_overlap"": 2, ""column_overlap"": 3}, {""word"": ""Bowser"", ""timed_overlap"": 2, ""column_overlap"": 2}, {""word"": ""bluntly"", ""timed_overlap"": 2, ""column_overlap"": 2}]",completed,82,10,45
500,499,proximal-replay,4,silence,name,96,96,96,,2,2,0,0,,84,"[{""word"": ""name"", ""timed_overlap"": 2, ""column_overlap"": 2}, {""word"": ""down"", ""timed_overlap"": 2, ""column_overlap"": 2}, {""word"": ""Sooty"", ""timed_overlap"": 1, ""column_overlap"": 3}, {""word"": ""herring"", ""timed_overlap"": 1, ""column_overlap"": 3}, {""word"": ""sigh"", ""timed_overlap"": 1, ""column_overlap"": 3}]",completed,55,10,63
500,500,proximal-replay,1,Susanna,Susanna,100,100,100,,3,4,3,4,1,155,"[{""word"": ""Susanna"", ""timed_overlap"": 3, ""column_overlap"": 4}, {""word"": ""lot"", ""timed_overlap"": 2, ""column_overlap"": 2}, {""word"": ""Wind"", ""timed_overlap"": 2, ""column_overlap"": 2}, {""word"": ""pleased"", ""timed_overlap"": 2, ""column_overlap"": 2}, {""word"": ""Mr."", ""timed_overlap"": 2, ""column_overlap"": 2}]",completed,64,10,45
500,500,proximal-replay,2,should,should,95,95,95,,4,5,4,5,1,144,"[{""word"": ""should"", ""timed_overlap"": 4, ""column_overlap"": 5}, {""word"": ""talking"", ""timed_overlap"": 2, ""column_overlap"": 5}, {""word"": ""those"", ""timed_overlap"": 2, ""column_overlap"": 4}, {""word"": ""brave"", ""timed_overlap"": 2, ""column_overlap"": 3}, {""word"": ""Ginger"", ""timed_overlap"": 2, ""column_overlap"": 2}]",completed,55,10,54
500,500,proximal-replay,3,approve,Jimmy,100,100,100,,2,3,1,1,108,122,"[{""word"": ""Jimmy"", ""timed_overlap"": 2, ""column_overlap"": 3}, {""word"": ""feel"", ""timed_overlap"": 2, ""column_overlap"": 3}, {""word"": ""Danny"", ""timed_overlap"": 2, ""column_overlap"": 2}, {""word"": ""One"", ""timed_overlap"": 2, ""column_overlap"": 2}, {""word"": ""resisted"", ""timed_overlap"": 2, ""column_overlap"": 2}]",completed,64,10,72
500,500,proximal-replay,4,of,days,99,99,99,,2,4,0,0,,115,"[{""word"": ""days"", ""timed_overlap"": 2, ""column_overlap"": 4}, {""word"": ""chop"", ""timed_overlap"": 2, ""column_overlap"": 3}, {""word"": ""frog"", ""timed_overlap"": 2, ""column_overlap"": 3}, {""word"": ""pity"", ""timed_overlap"": 2, ""column_overlap"": 2}, {""word"": ""yonder"", ""timed_overlap"": 2, ""column_overlap"": 2}]",completed,82,10,72
